stride: 84
first vertex: 0
vertex count: 1161
topology: trianglelist
element[0]:
  SemanticName: POSITION
  SemanticIndex: 0
  Format: R32G32B32_FLOAT
  InputSlot: 0
  AlignedByteOffset: 0
  InputSlotClass: per-vertex
  InstanceDataStepRate: 0
element[1]:
  SemanticName: NORMAL
  SemanticIndex: 0
  Format: R32G32B32_FLOAT
  InputSlot: 0
  AlignedByteOffset: 12
  InputSlotClass: per-vertex
  InstanceDataStepRate: 0
element[2]:
  SemanticName: TANGENT
  SemanticIndex: 0
  Format: R32G32B32A32_FLOAT
  InputSlot: 0
  AlignedByteOffset: 24
  InputSlotClass: per-vertex
  InstanceDataStepRate: 0
element[3]:
  SemanticName: BLENDWEIGHTS
  SemanticIndex: 0
  Format: R32G32B32A32_FLOAT
  InputSlot: 0
  AlignedByteOffset: 40
  InputSlotClass: per-vertex
  InstanceDataStepRate: 0
element[4]:
  SemanticName: BLENDINDICES
  SemanticIndex: 0
  Format: R32G32B32A32_UINT
  InputSlot: 0
  AlignedByteOffset: 56
  InputSlotClass: per-vertex
  InstanceDataStepRate: 0
element[5]:
  SemanticName: COLOR
  SemanticIndex: 0
  Format: R8G8B8A8_UNORM
  InputSlot: 0
  AlignedByteOffset: 72
  InputSlotClass: per-vertex
  InstanceDataStepRate: 0
element[6]:
  SemanticName: TEXCOORD
  SemanticIndex: 0
  Format: R32G32_FLOAT
  InputSlot: 0
  AlignedByteOffset: 76
  InputSlotClass: per-vertex
  InstanceDataStepRate: 0

vertex-data:

vb0[0]+000 POSITION: 0.0020906098652631044, 1.5200574398040771, 0.15234749019145966
vb0[0]+012 NORMAL: -0.07432816922664642, -0.25257885456085205, -0.9647171497344971
vb0[0]+024 TANGENT: -0.2721017301082611, 0.224725142121315, 0.9356597661972046, -1.0
vb0[0]+040 BLENDWEIGHTS: 0.837890625, 0.162109375, 0.0, 0.0
vb0[0]+056 BLENDINDICES: 0, 1, 0, 0
vb0[0]+072 COLOR: 1.0, 0.5019607843137255, 0.5019607843137255, 0.0
vb0[0]+076 TEXCOORD: 0.16586089134216309, 0.08655107766389847

vb0[1]+000 POSITION: 0.010110885836184025, 1.5101797580718994, 0.15369151532649994
vb0[1]+012 NORMAL: -0.08037436753511429, -0.1509561985731125, -0.9852675199508667
vb0[1]+024 TANGENT: 0.9461055397987366, -0.14953607320785522, -0.28726863861083984, -1.0
vb0[1]+040 BLENDWEIGHTS: 0.6828906536102295, 0.3171093463897705, 0.0, 0.0
vb0[1]+056 BLENDINDICES: 0, 4, 0, 0
vb0[1]+072 COLOR: 1.0, 0.5019607843137255, 0.5019607843137255, 0.2980392156862745
vb0[1]+076 TEXCOORD: 0.16464805603027344, 0.07454659044742584

vb0[2]+000 POSITION: 0.0009949147934094071, 1.5096818208694458, 0.1542888879776001
vb0[2]+012 NORMAL: -0.07933203130960464, -0.13633571565151215, -0.9874811768531799
vb0[2]+024 TANGENT: -0.9728331565856934, 0.12184323370456696, -0.19685007631778717, -1.0
vb0[2]+040 BLENDWEIGHTS: 0.6596875190734863, 0.34031248092651367, 0.0, 0.0
vb0[2]+056 BLENDINDICES: 0, 4, 0, 0
vb0[2]+072 COLOR: 1.0, 0.5019607843137255, 0.5019607843137255, 0.25098039215686274
vb0[2]+076 TEXCOORD: 0.17220187187194824, 0.07885415107011795

vb0[3]+000 POSITION: 0.011109624058008194, 1.5205345153808594, 0.15118689835071564
vb0[3]+012 NORMAL: -0.06918752938508987, -0.2798267900943756, -0.9575541615486145
vb0[3]+024 TANGENT: 0.9469855427742004, -0.1546972393989563, -0.2815799415111542, -1.0
vb0[3]+040 BLENDWEIGHTS: 0.8125, 0.1875, 0.0, 0.0
vb0[3]+056 BLENDINDICES: 0, 4, 0, 0
vb0[3]+072 COLOR: 1.0, 0.5019607843137255, 0.5019607843137255, 0.30196078431372547
vb0[3]+076 TEXCOORD: 0.15830588340759277, 0.08235584944486618

vb0[4]+000 POSITION: 0.00820827390998602, 1.4995841979980469, 0.15459729731082916
vb0[4]+012 NORMAL: -0.07535272091627121, -0.035457830876111984, -0.996526300907135
vb0[4]+024 TANGENT: 0.9219646453857422, -0.2034209966659546, -0.32954663038253784, -1.0
vb0[4]+040 BLENDWEIGHTS: 0.523984432220459, 0.476015567779541, 0.0, 0.0
vb0[4]+056 BLENDINDICES: 0, 4, 0, 0
vb0[4]+072 COLOR: 1.0, 0.5019607843137255, 0.5019607843137255, 0.34901960784313724
vb0[4]+076 TEXCOORD: 0.17170476913452148, 0.06709800660610199

vb0[5]+000 POSITION: -0.0006285890704020858, 1.4993422031402588, 0.15542683005332947
vb0[5]+012 NORMAL: -0.07526009529829025, -0.018450632691383362, -0.9969931840896606
vb0[5]+024 TANGENT: -0.9655793905258179, 0.18255364894866943, -0.18528515100479126, -1.0
vb0[5]+040 BLENDWEIGHTS: 0.5207812786102295, 0.4792187213897705, 0.0, 0.0
vb0[5]+056 BLENDINDICES: 0, 4, 0, 0
vb0[5]+072 COLOR: 1.0, 0.5019607843137255, 0.5019607843137255, 0.2980392156862745
vb0[5]+076 TEXCOORD: 0.17886972427368164, 0.07147546857595444

vb0[6]+000 POSITION: 0.005316539201885462, 1.4881669282913208, 0.15462714433670044
vb0[6]+012 NORMAL: -0.0536995604634285, 0.07232902199029922, -0.9959341287612915
vb0[6]+024 TANGENT: 0.9132288694381714, -0.2382158637046814, -0.33055439591407776, -1.0
vb0[6]+040 BLENDWEIGHTS: 0.6161718368530273, 0.38382816314697266, 0.0, 0.0
vb0[6]+056 BLENDINDICES: 4, 0, 0, 0
vb0[6]+072 COLOR: 1.0, 0.5019607843137255, 0.5019607843137255, 0.4
vb0[6]+076 TEXCOORD: 0.1799776554107666, 0.05952709913253784

vb0[7]+000 POSITION: -0.0029369231779128313, 1.4889028072357178, 0.15509693324565887
vb0[7]+012 NORMAL: -0.047961972653865814, 0.08333617448806763, -0.9953665733337402
vb0[7]+024 TANGENT: -0.9521085023880005, 0.23499907553195953, -0.1956140398979187, -1.0
vb0[7]+040 BLENDWEIGHTS: 0.6257030963897705, 0.3742969036102295, 0.0, 0.0
vb0[7]+056 BLENDINDICES: 4, 0, 0, 0
vb0[7]+072 COLOR: 1.0, 0.5019607843137255, 0.5019607843137255, 0.2980392156862745
vb0[7]+076 TEXCOORD: 0.18616008758544922, 0.06448186933994293

vb0[8]+000 POSITION: 0.0020892531611025333, 1.4781957864761353, 0.1535336822271347
vb0[8]+012 NORMAL: -0.0009323082631453872, 0.16917626559734344, -0.9855853915214539
vb0[8]+024 TANGENT: 0.909517765045166, -0.27714240550994873, -0.3097894489765167, -1.0
vb0[8]+040 BLENDWEIGHTS: 0.7267968654632568, 0.27320313453674316, 0.0, 0.0
vb0[8]+056 BLENDINDICES: 4, 0, 0, 0
vb0[8]+072 COLOR: 1.0, 0.5019607843137255, 0.5019607843137255, 0.4
vb0[8]+076 TEXCOORD: 0.18783140182495117, 0.05322885885834694

vb0[9]+000 POSITION: -0.0053823767229914665, 1.4800608158111572, 0.1537502557039261
vb0[9]+012 NORMAL: 0.0010214721551164985, 0.17251716554164886, -0.9850059151649475
vb0[9]+024 TANGENT: -0.929279088973999, 0.2996973991394043, -0.21592111885547638, -1.0
vb0[9]+040 BLENDWEIGHTS: 0.7287499904632568, 0.27125000953674316, 0.0, 0.0
vb0[9]+056 BLENDINDICES: 4, 0, 0, 0
vb0[9]+072 COLOR: 1.0, 0.5019607843137255, 0.5019607843137255, 0.2980392156862745
vb0[9]+076 TEXCOORD: 0.1927933692932129, 0.05873414874076843

vb0[10]+000 POSITION: -0.0014118336839601398, 1.4693055152893066, 0.15150611102581024
vb0[10]+012 NORMAL: 0.047527916729450226, 0.23467181622982025, -0.9709121584892273
vb0[10]+024 TANGENT: 0.8941779732704163, -0.33448556065559387, -0.2975991368293762, -1.0
vb0[10]+040 BLENDWEIGHTS: 0.826171875, 0.173828125, 0.0, 0.0
vb0[10]+056 BLENDINDICES: 4, 0, 0, 0
vb0[10]+072 COLOR: 1.0, 0.5019607843137255, 0.5019607843137255, 0.34901960784313724
vb0[10]+076 TEXCOORD: 0.19556307792663574, 0.04798924922943115

vb0[11]+000 POSITION: -0.008048382587730885, 1.4717905521392822, 0.15187984704971313
vb0[11]+012 NORMAL: 0.047447096556425095, 0.23459500074386597, -0.9709346294403076
vb0[11]+024 TANGENT: -0.9193276166915894, 0.33207789063453674, -0.2110951840877533, -1.0
vb0[11]+040 BLENDWEIGHTS: 0.8203125, 0.1796875, 0.0, 0.0
vb0[11]+056 BLENDINDICES: 4, 0, 0, 0
vb0[11]+072 COLOR: 1.0, 0.5019607843137255, 0.5019607843137255, 0.2980392156862745
vb0[11]+076 TEXCOORD: 0.19933199882507324, 0.0534471832215786

vb0[12]+000 POSITION: -0.010693551041185856, 1.4644478559494019, 0.14944025874137878
vb0[12]+012 NORMAL: 0.11486135423183441, 0.2903780937194824, -0.9499934315681458
vb0[12]+024 TANGENT: -0.9000996947288513, 0.3822194039821625, -0.20911411941051483, -1.0
vb0[12]+040 BLENDWEIGHTS: 0.892578125, 0.107421875, 0.0, 0.0
vb0[12]+056 BLENDINDICES: 4, 0, 0, 0
vb0[12]+072 COLOR: 1.0, 0.5019607843137255, 0.5019607843137255, 0.2980392156862745
vb0[12]+076 TEXCOORD: 0.20560312271118164, 0.04890938848257065

vb0[13]+000 POSITION: -0.004929997026920319, 1.4618386030197144, 0.14941461384296417
vb0[13]+012 NORMAL: 0.11386123299598694, 0.2896476686000824, -0.9503366947174072
vb0[13]+024 TANGENT: 0.8686590790748596, -0.4364686608314514, -0.23436377942562103, -1.0
vb0[13]+040 BLENDWEIGHTS: 0.90234375, 0.09765625, 0.0, 0.0
vb0[13]+056 BLENDINDICES: 4, 0, 0, 0
vb0[13]+072 COLOR: 1.0, 0.5019607843137255, 0.5019607843137255, 0.2980392156862745
vb0[13]+076 TEXCOORD: 0.20247840881347656, 0.04378773644566536

vb0[14]+000 POSITION: -0.009612487629055977, 1.4546592235565186, 0.1460428088903427
vb0[14]+012 NORMAL: 0.1916772574186325, 0.36031848192214966, -0.9129241704940796
vb0[14]+024 TANGENT: 0.8321777582168579, -0.5107393264770508, -0.2159295380115509, -1.0
vb0[14]+040 BLENDWEIGHTS: 0.95703125, 0.04296875, 0.0, 0.0
vb0[14]+056 BLENDINDICES: 4, 0, 0, 0
vb0[14]+072 COLOR: 1.0, 0.5019607843137255, 0.5019607843137255, 0.25098039215686274
vb0[14]+076 TEXCOORD: 0.21019315719604492, 0.039843808859586716

vb0[15]+000 POSITION: -0.013914607465267181, 1.4571410417556763, 0.14625312387943268
vb0[15]+012 NORMAL: 0.19234107434749603, 0.36109262704849243, -0.9124784469604492
vb0[15]+024 TANGENT: -0.8719115853309631, 0.4612693786621094, -0.16431933641433716, -1.0
vb0[15]+040 BLENDWEIGHTS: 0.94921875, 0.05078125, 0.0, 0.0
vb0[15]+056 BLENDINDICES: 4, 0, 0, 0
vb0[15]+072 COLOR: 1.0, 0.5019607843137255, 0.5019607843137255, 0.25098039215686274
vb0[15]+076 TEXCOORD: 0.21259665489196777, 0.04437771812081337

vb0[16]+000 POSITION: -0.014584388583898544, 1.4484537839889526, 0.14196336269378662
vb0[16]+012 NORMAL: 0.25040125846862793, 0.43558821082115173, -0.8646166920661926
vb0[16]+024 TANGENT: 0.7941263318061829, -0.5694028735160828, -0.21247078478336334, -1.0
vb0[16]+040 BLENDWEIGHTS: 0.98828125, 0.01171875, 0.0, 0.0
vb0[16]+056 BLENDINDICES: 4, 0, 0, 0
vb0[16]+072 COLOR: 1.0, 0.5019607843137255, 0.5019607843137255, 0.25098039215686274
vb0[16]+076 TEXCOORD: 0.21837997436523438, 0.03663710877299309

vb0[17]+000 POSITION: -0.017488699406385422, 1.4503511190414429, 0.14205849170684814
vb0[17]+012 NORMAL: 0.25101998448371887, 0.43670082092285156, -0.8638758063316345
vb0[17]+024 TANGENT: -0.8336438536643982, 0.5377025604248047, -0.12615060806274414, -1.0
vb0[17]+040 BLENDWEIGHTS: 0.984375, 0.015625, 0.0, 0.0
vb0[17]+056 BLENDINDICES: 4, 0, 0, 0
vb0[17]+072 COLOR: 1.0, 0.5019607843137255, 0.5019607843137255, 0.25098039215686274
vb0[17]+076 TEXCOORD: 0.21980571746826172, 0.03969293460249901

vb0[18]+000 POSITION: -0.019277499988675117, 1.4437811374664307, 0.13772258162498474
vb0[18]+012 NORMAL: 0.2875683307647705, 0.48705822229385376, -0.824668824672699
vb0[18]+024 TANGENT: 0.7607762217521667, -0.597000241279602, -0.25457847118377686, -1.0
vb0[18]+040 BLENDWEIGHTS: 0.998046875, 0.001953125, 0.0, 0.0
vb0[18]+056 BLENDINDICES: 4, 0, 0, 0
vb0[18]+072 COLOR: 1.0, 0.5019607843137255, 0.5019607843137255, 0.2
vb0[18]+076 TEXCOORD: 0.2255537509918213, 0.034156713634729385

vb0[19]+000 POSITION: -0.020870357751846313, 1.4450899362564087, 0.1379861682653427
vb0[19]+012 NORMAL: 0.28655558824539185, 0.4863375425338745, -0.8254463076591492
vb0[19]+024 TANGENT: -0.7965400815010071, 0.6031222343444824, -0.04204195737838745, -1.0
vb0[19]+040 BLENDWEIGHTS: 0.998046875, 0.001953125, 0.0, 0.0
vb0[19]+056 BLENDINDICES: 4, 0, 0, 0
vb0[19]+072 COLOR: 1.0, 0.5019607843137255, 0.5019607843137255, 0.2
vb0[19]+076 TEXCOORD: 0.22617340087890625, 0.036034394055604935

vb0[20]+000 POSITION: -0.02396600879728794, 1.440971851348877, 0.13401958346366882
vb0[20]+012 NORMAL: 0.3399442732334137, 0.5116360187530518, -0.7890921831130981
vb0[20]+024 TANGENT: -0.7849044799804688, 0.6177839040756226, 0.047623161226511, -1.0
vb0[20]+040 BLENDWEIGHTS: 1.0, 0.0, 0.0, 0.0
vb0[20]+056 BLENDINDICES: 4, 0, 0, 0
vb0[20]+072 COLOR: 1.0, 0.5019607843137255, 0.5019607843137255, 0.14901960784313725
vb0[20]+076 TEXCOORD: 0.23174023628234863, 0.033531785011291504

vb0[21]+000 POSITION: -0.023432573303580284, 1.4404634237289429, 0.13373136520385742
vb0[21]+012 NORMAL: 0.34016329050064087, 0.5116362571716309, -0.7889976501464844
vb0[21]+024 TANGENT: 0.7672500610351562, -0.523862898349762, -0.3699932098388672, -1.0
vb0[21]+040 BLENDWEIGHTS: 1.0, 0.0, 0.0, 0.0
vb0[21]+056 BLENDINDICES: 4, 0, 0, 0
vb0[21]+072 COLOR: 1.0, 0.5019607843137255, 0.5019607843137255, 0.14901960784313725
vb0[21]+076 TEXCOORD: 0.2315673828125, 0.03271816298365593

vb0[22]+000 POSITION: -0.026743488386273384, 1.437921404838562, 0.13035963475704193
vb0[22]+012 NORMAL: 0.425702303647995, 0.5093965530395508, -0.7478586435317993
vb0[22]+024 TANGENT: -0.5552382469177246, -0.5119684934616089, -0.6554378271102905, -1.0
vb0[22]+040 BLENDWEIGHTS: 1.0, 0.0, 0.0, 0.0
vb0[22]+056 BLENDINDICES: 4, 0, 0, 0
vb0[22]+072 COLOR: 1.0, 0.5019607843137255, 0.5019607843137255, 0.0
vb0[22]+076 TEXCOORD: 0.2368156909942627, 0.03204338625073433

vb0[23]+000 POSITION: 0.011027740314602852, 1.5318799018859863, 0.1471930593252182
vb0[23]+012 NORMAL: -0.025525210425257683, -0.3722429573535919, -0.927784264087677
vb0[23]+024 TANGENT: 0.9544679522514343, -0.10343343764543533, -0.2798078656196594, -1.0
vb0[23]+040 BLENDWEIGHTS: 0.9156249761581421, 0.08437500149011612, 0.0, 0.0
vb0[23]+056 BLENDINDICES: 0, 4, 0, 0
vb0[23]+072 COLOR: 1.0, 0.5019607843137255, 0.5019607843137255, 0.30196078431372547
vb0[23]+076 TEXCOORD: 0.15190529823303223, 0.09167423099279404

vb0[24]+000 POSITION: 0.008022049441933632, 1.5315254926681519, 0.14703664183616638
vb0[24]+012 NORMAL: -0.035817574709653854, -0.3697277009487152, -0.9284495711326599
vb0[24]+024 TANGENT: 0.9529211521148682, -0.30131280422210693, 0.03393852710723877, -1.0
vb0[24]+040 BLENDWEIGHTS: 0.8870000243186951, 0.08029286563396454, 0.03270712494850159, 0.0
vb0[24]+056 BLENDINDICES: 0, 1, 4, 0
vb0[24]+072 COLOR: 1.0, 0.5019607843137255, 0.5019607843137255, 0.0
vb0[24]+076 TEXCOORD: 0.15445685386657715, 0.0931238904595375

vb0[25]+000 POSITION: 0.010283824987709522, 1.5410311222076416, 0.14320936799049377
vb0[25]+012 NORMAL: 0.09443475306034088, -0.3984139561653137, -0.9123312830924988
vb0[25]+024 TANGENT: 0.4797397553920746, 0.4197680950164795, 0.7704832553863525, -1.0
vb0[25]+040 BLENDWEIGHTS: 1.0, 0.0, 0.0, 0.0
vb0[25]+056 BLENDINDICES: 0, 0, 0, 0
vb0[25]+072 COLOR: 1.0, 0.5019607843137255, 0.5019607843137255, 0.0
vb0[25]+076 TEXCOORD: 0.14713048934936523, 0.0998692661523819

vb0[26]+000 POSITION: -0.07043421268463135, 1.4297378063201904, 0.09044495224952698
vb0[26]+012 NORMAL: 0.933353066444397, 0.24110761284828186, -0.26593050360679626
vb0[26]+024 TANGENT: 0.4597419798374176, -0.04841876029968262, -0.8867316246032715, -1.0
vb0[26]+040 BLENDWEIGHTS: 0.5703125, 0.4296875, 0.0, 0.0
vb0[26]+056 BLENDINDICES: 3, 0, 0, 0
vb0[26]+072 COLOR: 1.0, 0.5019607843137255, 0.5019607843137255, 0.30196078431372547
vb0[26]+076 TEXCOORD: 0.26147544384002686, 0.05013854801654816

vb0[27]+000 POSITION: -0.07276713103055954, 1.438308835029602, 0.0889538824558258
vb0[27]+012 NORMAL: 0.9577766060829163, 0.21297580003738403, -0.19314607977867126
vb0[27]+024 TANGENT: 0.9756878614425659, 0.04660367965698242, -0.21415233612060547, -1.0
vb0[27]+040 BLENDWEIGHTS: 0.9287899136543274, 0.07121007889509201, 0.0, 0.0
vb0[27]+056 BLENDINDICES: 0, 3, 0, 0
vb0[27]+072 COLOR: 1.0, 0.5019607843137255, 0.5019607843137255, 0.0
vb0[27]+076 TEXCOORD: 0.25742366909980774, 0.053687430918216705

vb0[28]+000 POSITION: -0.06702640652656555, 1.440207839012146, 0.11205776780843735
vb0[28]+012 NORMAL: 0.905777096748352, 0.20290368795394897, -0.37201887369155884
vb0[28]+024 TANGENT: 0.8461567163467407, 0.2086891084909439, -0.4903751611709595, -1.0
vb0[28]+040 BLENDWEIGHTS: 0.591796875, 0.408203125, 0.0, 0.0
vb0[28]+056 BLENDINDICES: 0, 3, 0, 0
vb0[28]+072 COLOR: 1.0, 0.5019607843137255, 0.5019607843137255, 0.0
vb0[28]+076 TEXCOORD: 0.24403581023216248, 0.041451118886470795

vb0[29]+000 POSITION: -0.07527439296245575, 1.450773000717163, 0.09010640531778336
vb0[29]+012 NORMAL: 0.9630258679389954, 0.16591587662696838, -0.21225742995738983
vb0[29]+024 TANGENT: 0.9624858498573303, 0.16848325729370117, -0.21268367767333984, -1.0
vb0[29]+040 BLENDWEIGHTS: 0.8852972984313965, 0.11470270901918411, 0.0, 0.0
vb0[29]+056 BLENDINDICES: 0, 3, 0, 0
vb0[29]+072 COLOR: 1.0, 0.5019607843137255, 0.5019607843137255, 0.0
vb0[29]+076 TEXCOORD: 0.25011590123176575, 0.05923377722501755

vb0[30]+000 POSITION: -0.07874291390180588, 1.4497942924499512, 0.06218024715781212
vb0[30]+012 NORMAL: 0.9758446216583252, 0.1811223328113556, -0.12215600162744522
vb0[30]+024 TANGENT: 0.5594838857650757, 0.012475847266614437, -0.8287473320960999, -1.0
vb0[30]+040 BLENDWEIGHTS: 0.87890625, 0.12109375, 0.0, 0.0
vb0[30]+056 BLENDINDICES: 0, 5, 0, 0
vb0[30]+072 COLOR: 1.0, 0.5019607843137255, 0.5019607843137255, 0.5019607843137255
vb0[30]+076 TEXCOORD: 0.2663957476615906, 0.07401841133832932

vb0[31]+000 POSITION: -0.07606320083141327, 1.4381139278411865, 0.06423395872116089
vb0[31]+012 NORMAL: 0.9636924266815186, 0.23443129658699036, -0.12782365083694458
vb0[31]+024 TANGENT: 0.5743826031684875, -0.023892519995570183, -0.8182381987571716, -1.0
vb0[31]+040 BLENDWEIGHTS: 0.642578125, 0.357421875, 0.0, 0.0
vb0[31]+056 BLENDINDICES: 0, 5, 0, 0
vb0[31]+072 COLOR: 1.0, 0.5019607843137255, 0.5019607843137255, 0.5019607843137255
vb0[31]+076 TEXCOORD: 0.27130839228630066, 0.06695839762687683

vb0[32]+000 POSITION: -0.0728306919336319, 1.4281280040740967, 0.06683090329170227
vb0[32]+012 NORMAL: 0.9484623670578003, 0.2921846807003021, -0.12266754359006882
vb0[32]+024 TANGENT: 0.5908718109130859, -0.06562721729278564, -0.8040918111801147, -1.0
vb0[32]+040 BLENDWEIGHTS: 0.60546875, 0.39453125, 0.0, 0.0
vb0[32]+056 BLENDINDICES: 5, 0, 0, 0
vb0[32]+072 COLOR: 1.0, 0.5019607843137255, 0.5019607843137255, 0.45098039215686275
vb0[32]+076 TEXCOORD: 0.2750852704048157, 0.06013339012861252

vb0[33]+000 POSITION: -0.07058023661375046, 1.429166555404663, 0.08722356706857681
vb0[33]+012 NORMAL: 0.9471854567527771, 0.29644110798835754, -0.1223204955458641
vb0[33]+024 TANGENT: 0.699144184589386, 0.10321582853794098, 0.7074913382530212, -1.0
vb0[33]+040 BLENDWEIGHTS: 0.5677594542503357, 0.40897947549819946, 0.02326105535030365, 0.0
vb0[33]+056 BLENDINDICES: 5, 0, 3, 0
vb0[33]+072 COLOR: 1.0, 0.5019607843137255, 0.5019607843137255, 0.30196078431372547
vb0[33]+076 TEXCOORD: 0.26346248388290405, 0.049077264964580536

vb0[34]+000 POSITION: -0.06943783164024353, 1.420600414276123, 0.07036629319190979
vb0[34]+012 NORMAL: 0.9205352663993835, 0.37278369069099426, -0.11682084947824478
vb0[34]+024 TANGENT: 0.6923285722732544, -0.05166429281234741, -0.7197304368019104, -1.0
vb0[34]+040 BLENDWEIGHTS: 0.78515625, 0.21484375, 0.0, 0.0
vb0[34]+056 BLENDINDICES: 5, 0, 0, 0
vb0[34]+072 COLOR: 1.0, 0.5019607843137255, 0.5019607843137255, 0.4
vb0[34]+076 TEXCOORD: 0.2778722047805786, 0.05420994758605957

vb0[35]+000 POSITION: -0.06792506575584412, 1.4217109680175781, 0.08623356372117996
vb0[35]+012 NORMAL: 0.9178611040115356, 0.37937578558921814, -0.1166403740644455
vb0[35]+024 TANGENT: 0.6599100232124329, 0.19147203862667084, 0.7265377640724182, -1.0
vb0[35]+040 BLENDWEIGHTS: 0.796875, 0.203125, 0.0, 0.0
vb0[35]+056 BLENDINDICES: 5, 0, 0, 0
vb0[35]+072 COLOR: 1.0, 0.5019607843137255, 0.5019607843137255, 0.4
vb0[35]+076 TEXCOORD: 0.26887598633766174, 0.045623086392879486

vb0[36]+000 POSITION: -0.06606026738882065, 1.4144728183746338, 0.07421492785215378
vb0[36]+012 NORMAL: 0.8930318355560303, 0.43457987904548645, -0.11676677316427231
vb0[36]+024 TANGENT: 0.7321677803993225, -0.06717569380998611, -0.6778036952018738, -1.0
vb0[36]+040 BLENDWEIGHTS: 0.90234375, 0.09765625, 0.0, 0.0
vb0[36]+056 BLENDINDICES: 5, 0, 0, 0
vb0[36]+072 COLOR: 1.0, 0.5019607843137255, 0.5019607843137255, 0.34901960784313724
vb0[36]+076 TEXCOORD: 0.279918909072876, 0.048912934958934784

vb0[37]+000 POSITION: -0.06517605483531952, 1.4158021211624146, 0.08598731458187103
vb0[37]+012 NORMAL: 0.8897997140884399, 0.44094452261924744, -0.11757713556289673
vb0[37]+024 TANGENT: 0.600124716758728, 0.2835344076156616, 0.7479696273803711, -1.0
vb0[37]+040 BLENDWEIGHTS: 0.900390625, 0.099609375, 0.0, 0.0
vb0[37]+056 BLENDINDICES: 5, 0, 0, 0
vb0[37]+072 COLOR: 1.0, 0.5019607843137255, 0.5019607843137255, 0.30196078431372547
vb0[37]+076 TEXCOORD: 0.2730945944786072, 0.04274663329124451

vb0[38]+000 POSITION: -0.06340571492910385, 1.4104357957839966, 0.07769516110420227
vb0[38]+012 NORMAL: 0.863170325756073, 0.4896846115589142, -0.12306839972734451
vb0[38]+024 TANGENT: 0.7681377530097961, -0.08242357522249222, -0.6349572539329529, -1.0
vb0[38]+040 BLENDWEIGHTS: 0.9580078125, 0.0419921875, 0.0, 0.0
vb0[38]+056 BLENDINDICES: 5, 0, 0, 0
vb0[38]+072 COLOR: 1.0, 0.5019607843137255, 0.5019607843137255, 0.30196078431372547
vb0[38]+076 TEXCOORD: 0.28089243173599243, 0.04504045099020004

vb0[39]+000 POSITION: -0.06256173551082611, 1.4111238718032837, 0.08613932132720947
vb0[39]+012 NORMAL: 0.8531323671340942, 0.5066466331481934, -0.1243964210152626
vb0[39]+024 TANGENT: 0.5185776352882385, 0.41338345408439636, 0.7484592795372009, -1.0
vb0[39]+040 BLENDWEIGHTS: 0.9609375, 0.0390625, 0.0, 0.0
vb0[39]+056 BLENDINDICES: 5, 0, 0, 0
vb0[39]+072 COLOR: 1.0, 0.5019607843137255, 0.5019607843137255, 0.30196078431372547
vb0[39]+076 TEXCOORD: 0.2761877775192261, 0.04034297913312912

vb0[40]+000 POSITION: -0.06106764078140259, 1.4077787399291992, 0.08092781156301498
vb0[40]+012 NORMAL: 0.8081472516059875, 0.5745562314987183, -0.1295499950647354
vb0[40]+024 TANGENT: 0.8089810609817505, -0.028470931574702263, -0.5871447324752808, -1.0
vb0[40]+040 BLENDWEIGHTS: 0.984375, 0.015625, 0.0, 0.0
vb0[40]+056 BLENDINDICES: 5, 0, 0, 0
vb0[40]+072 COLOR: 1.0, 0.5019607843137255, 0.5019607843137255, 0.25098039215686274
vb0[40]+076 TEXCOORD: 0.281178742647171, 0.043066926300525665

vb0[41]+000 POSITION: -0.060612499713897705, 1.4084455966949463, 0.08665849268436432
vb0[41]+012 NORMAL: 0.797257661819458, 0.5892913937568665, -0.13082750141620636
vb0[41]+024 TANGENT: 0.43210548162460327, 0.5299686789512634, 0.7296698689460754, -1.0
vb0[41]+040 BLENDWEIGHTS: 0.984375, 0.015625, 0.0, 0.0
vb0[41]+056 BLENDINDICES: 5, 0, 0, 0
vb0[41]+072 COLOR: 1.0, 0.5019607843137255, 0.5019607843137255, 0.25098039215686274
vb0[41]+076 TEXCOORD: 0.2775048017501831, 0.03924069553613663

vb0[42]+000 POSITION: -0.07751289010047913, 1.4625271558761597, 0.09075265377759933
vb0[42]+012 NORMAL: 0.9563417434692383, 0.09902308136224747, -0.2749634087085724
vb0[42]+024 TANGENT: 0.960004985332489, 0.10563801974058151, -0.25928938388824463, -1.0
vb0[42]+040 BLENDWEIGHTS: 0.951171875, 0.048828125, 0.0, 0.0
vb0[42]+056 BLENDINDICES: 0, 3, 0, 0
vb0[42]+072 COLOR: 1.0, 0.5019607843137255, 0.5019607843137255, 0.0
vb0[42]+076 TEXCOORD: 0.24394835531711578, 0.06486989557743073

vb0[43]+000 POSITION: -0.08082686364650726, 1.4621766805648804, 0.061113141477108
vb0[43]+012 NORMAL: 0.9788246154785156, 0.1689734160900116, -0.11554358154535294
vb0[43]+024 TANGENT: 0.5574446320533752, 0.05329131707549095, -0.8285019397735596, -1.0
vb0[43]+040 BLENDWEIGHTS: 1.0, 0.0, 0.0, 0.0
vb0[43]+056 BLENDINDICES: 0, 0, 0, 0
vb0[43]+072 COLOR: 1.0, 0.5019607843137255, 0.5019607843137255, 0.4
vb0[43]+076 TEXCOORD: 0.26091450452804565, 0.08103956282138824

vb0[44]+000 POSITION: -0.0685969740152359, 1.451123833656311, 0.11230087280273438
vb0[44]+012 NORMAL: 0.9182958006858826, 0.12524983286857605, -0.3755601644515991
vb0[44]+024 TANGENT: 0.8479201197624207, 0.08692705631256104, -0.5229483842849731, -1.0
vb0[44]+040 BLENDWEIGHTS: 0.8018496036529541, 0.1981503814458847, 0.0, 0.0
vb0[44]+056 BLENDINDICES: 0, 3, 0, 0
vb0[44]+072 COLOR: 1.0, 0.5019607843137255, 0.5019607843137255, 0.0
vb0[44]+076 TEXCOORD: 0.23741009831428528, 0.046732574701309204

vb0[45]+000 POSITION: -0.06879248470067978, 1.4624662399291992, 0.11251899600028992
vb0[45]+012 NORMAL: 0.8928489685058594, 0.04327559471130371, -0.44827210903167725
vb0[45]+024 TANGENT: 0.788905143737793, 0.035540103912353516, -0.6134864687919617, -1.0
vb0[45]+040 BLENDWEIGHTS: 0.91796875, 0.08203125, 0.0, 0.0
vb0[45]+056 BLENDINDICES: 0, 3, 0, 0
vb0[45]+072 COLOR: 1.0, 0.5019607843137255, 0.5019607843137255, 0.0
vb0[45]+076 TEXCOORD: 0.23007604479789734, 0.05231735110282898

vb0[46]+000 POSITION: -0.06716758012771606, 1.4790503978729248, 0.11337076127529144
vb0[46]+012 NORMAL: 0.8451816439628601, -0.03197609633207321, -0.5335217118263245
vb0[46]+024 TANGENT: 0.7647974491119385, -0.049364034086465836, -0.6423768997192383, -1.0
vb0[46]+040 BLENDWEIGHTS: 1.0, 0.0, 0.0, 0.0
vb0[46]+056 BLENDINDICES: 0, 0, 0, 0
vb0[46]+072 COLOR: 1.0, 0.5019607843137255, 0.5019607843137255, 0.0
vb0[46]+076 TEXCOORD: 0.22106575965881348, 0.06136263906955719

vb0[47]+000 POSITION: -0.07915803790092468, 1.4798989295959473, 0.09059953689575195
vb0[47]+012 NORMAL: 0.9276025891304016, 0.002584644593298435, -0.3735593557357788
vb0[47]+024 TANGENT: 0.9393801093101501, 0.0038918256759643555, -0.3428555130958557, -1.0
vb0[47]+040 BLENDWEIGHTS: 1.0, 0.0, 0.0, 0.0
vb0[47]+056 BLENDINDICES: 0, 0, 0, 0
vb0[47]+072 COLOR: 1.0, 0.5019607843137255, 0.5019607843137255, 0.0
vb0[47]+076 TEXCOORD: 0.23634254932403564, 0.07418195903301239

vb0[48]+000 POSITION: -0.06243244558572769, 1.4637424945831299, 0.11708023399114609
vb0[48]+012 NORMAL: 0.7138295769691467, -0.01776685193181038, -0.7000941038131714
vb0[48]+024 TANGENT: 0.7735296487808228, -0.03647869825363159, -0.6327093839645386, -1.0
vb0[48]+040 BLENDWEIGHTS: 0.9072265625, 0.0927734375, 0.0, 0.0
vb0[48]+056 BLENDINDICES: 0, 3, 0, 0
vb0[48]+072 COLOR: 1.0, 0.5019607843137255, 0.5019607843137255, 0.0
vb0[48]+076 TEXCOORD: 0.2246086299419403, 0.05068407952785492

vb0[49]+000 POSITION: -0.06231573969125748, 1.447767734527588, 0.11865527182817459
vb0[49]+012 NORMAL: 0.7389306426048279, 0.03397117182612419, -0.6729245781898499
vb0[49]+024 TANGENT: 0.9302545189857483, 0.16023600101470947, -0.33007723093032837, -1.0
vb0[49]+040 BLENDWEIGHTS: 0.693359375, 0.306640625, 0.0, 0.0
vb0[49]+056 BLENDINDICES: 0, 3, 0, 0
vb0[49]+072 COLOR: 1.0, 0.5019607843137255, 0.5019607843137255, 0.0
vb0[49]+076 TEXCOORD: 0.23540067672729492, 0.04089125990867615

vb0[50]+000 POSITION: -0.06045097857713699, 1.4584319591522217, 0.12228842824697495
vb0[50]+012 NORMAL: 0.9174498319625854, -0.04532621055841446, -0.39526116847991943
vb0[50]+024 TANGENT: 0.6520223617553711, -0.35598060488700867, 0.6694360971450806, -1.0
vb0[50]+040 BLENDWEIGHTS: 0.8388671875, 0.1611328125, 0.0, 0.0
vb0[50]+056 BLENDINDICES: 0, 3, 0, 0
vb0[50]+072 COLOR: 1.0, 0.5019607843137255, 0.5019607843137255, 0.30196078431372547
vb0[50]+076 TEXCOORD: 0.22757047414779663, 0.043767914175987244

vb0[51]+000 POSITION: -0.060496099293231964, 1.4415061473846436, 0.11895852535963058
vb0[51]+012 NORMAL: 0.6739069223403931, 0.2076706737279892, -0.7090291976928711
vb0[51]+024 TANGENT: 0.8525183796882629, 0.19842848181724548, 0.483568400144577, -1.0
vb0[51]+040 BLENDWEIGHTS: 0.56640625, 0.43359375, 0.0, 0.0
vb0[51]+056 BLENDINDICES: 0, 3, 0, 0
vb0[51]+072 COLOR: 1.0, 0.5019607843137255, 0.5019607843137255, 0.30196078431372547
vb0[51]+076 TEXCOORD: 0.24036210775375366, 0.03636624664068222

vb0[52]+000 POSITION: -0.06453169137239456, 1.4322476387023926, 0.11233123391866684
vb0[52]+012 NORMAL: 0.8264797925949097, 0.2692192494869232, -0.49442100524902344
vb0[52]+024 TANGENT: 0.8157942891120911, 0.23842869699001312, -0.5269073843955994, -1.0
vb0[52]+040 BLENDWEIGHTS: 0.583984375, 0.416015625, 0.0, 0.0
vb0[52]+056 BLENDINDICES: 3, 0, 0, 0
vb0[52]+072 COLOR: 1.0, 0.5019607843137255, 0.5019607843137255, 0.0
vb0[52]+076 TEXCOORD: 0.24964438378810883, 0.03766556829214096

vb0[53]+000 POSITION: -0.0661577507853508, 1.4228085279464722, 0.09753738343715668
vb0[53]+012 NORMAL: 0.8948179483413696, 0.3443854749202728, -0.2840765714645386
vb0[53]+024 TANGENT: 0.9449202418327332, 0.22635601460933685, -0.23640792071819305, -1.0
vb0[53]+040 BLENDWEIGHTS: 0.73828125, 0.26171875, 0.0, 0.0
vb0[53]+056 BLENDINDICES: 3, 0, 0, 0
vb0[53]+072 COLOR: 1.0, 0.5019607843137255, 0.5019607843137255, 0.0
vb0[53]+076 TEXCOORD: 0.26267561316490173, 0.04335787892341614

vb0[54]+000 POSITION: -0.06727813184261322, 1.4223182201385498, 0.09252079576253891
vb0[54]+012 NORMAL: 0.8900597095489502, 0.38565176725387573, -0.24303585290908813
vb0[54]+024 TANGENT: 0.487320214509964, -0.05460018664598465, -0.8715147376060486, -1.0
vb0[54]+040 BLENDWEIGHTS: 0.736328125, 0.263671875, 0.0, 0.0
vb0[54]+056 BLENDINDICES: 3, 0, 0, 0
vb0[54]+072 COLOR: 1.0, 0.5019607843137255, 0.5019607843137255, 0.30196078431372547
vb0[54]+076 TEXCOORD: 0.26494014263153076, 0.04665359854698181

vb0[55]+000 POSITION: -0.06409531831741333, 1.4171072244644165, 0.09471235424280167
vb0[55]+012 NORMAL: 0.8502140641212463, 0.44861918687820435, -0.275457501411438
vb0[55]+024 TANGENT: 0.5010466575622559, -0.07018697261810303, -0.8625694513320923, -1.0
vb0[55]+040 BLENDWEIGHTS: 0.83984375, 0.16015625, 0.0, 0.0
vb0[55]+056 BLENDINDICES: 3, 0, 0, 0
vb0[55]+072 COLOR: 1.0, 0.5019607843137255, 0.5019607843137255, 0.30196078431372547
vb0[55]+076 TEXCOORD: 0.26735636591911316, 0.043285809457302094

vb0[56]+000 POSITION: -0.06314659863710403, 1.417603850364685, 0.09858249127864838
vb0[56]+012 NORMAL: 0.8401211500167847, 0.4566204249858856, -0.2927358150482178
vb0[56]+024 TANGENT: 0.6118789911270142, 0.5669573545455933, 0.551510214805603, -1.0
vb0[56]+040 BLENDWEIGHTS: 0.83984375, 0.16015625, 0.0, 0.0
vb0[56]+056 BLENDINDICES: 3, 0, 0, 0
vb0[56]+072 COLOR: 1.0, 0.5019607843137255, 0.5019607843137255, 0.2
vb0[56]+076 TEXCOORD: 0.26535725593566895, 0.04076479375362396

vb0[57]+000 POSITION: -0.06116601824760437, 1.4130431413650513, 0.09689875692129135
vb0[57]+012 NORMAL: 0.7957401275634766, 0.4827919900417328, -0.36566317081451416
vb0[57]+024 TANGENT: 0.46839550137519836, -0.18415117263793945, -0.86411452293396, -1.0
vb0[57]+040 BLENDWEIGHTS: 0.90625, 0.09375, 0.0, 0.0
vb0[57]+056 BLENDINDICES: 3, 0, 0, 0
vb0[57]+072 COLOR: 1.0, 0.5019607843137255, 0.5019607843137255, 0.2
vb0[57]+076 TEXCOORD: 0.26913905143737793, 0.039987869560718536

vb0[58]+000 POSITION: -0.0598180815577507, 1.413633108139038, 0.10005640983581543
vb0[58]+012 NORMAL: 0.774472177028656, 0.4894772469997406, -0.4007553160190582
vb0[58]+024 TANGENT: 0.5623892545700073, 0.6956821084022522, 0.4469280242919922, -1.0
vb0[58]+040 BLENDWEIGHTS: 0.90625, 0.09375, 0.0, 0.0
vb0[58]+056 BLENDINDICES: 3, 0, 0, 0
vb0[58]+072 COLOR: 1.0, 0.5019607843137255, 0.5019607843137255, 0.2
vb0[58]+076 TEXCOORD: 0.26721733808517456, 0.038495831191539764

vb0[59]+000 POSITION: -0.05716283246874809, 1.4096845388412476, 0.10005687177181244
vb0[59]+012 NORMAL: 0.7370645403862, 0.4948970675468445, -0.4602311849594116
vb0[59]+024 TANGENT: 0.4957481026649475, -0.20989489555358887, -0.8427205681800842, -1.0
vb0[59]+040 BLENDWEIGHTS: 0.953125, 0.046875, 0.0, 0.0
vb0[59]+056 BLENDINDICES: 3, 0, 0, 0
vb0[59]+072 COLOR: 1.0, 0.5019607843137255, 0.5019607843137255, 0.10196078431372549
vb0[59]+076 TEXCOORD: 0.27057498693466187, 0.03610146790742874

vb0[60]+000 POSITION: -0.056394193321466446, 1.4103398323059082, 0.10174180567264557
vb0[60]+012 NORMAL: 0.7314567565917969, 0.4899803102016449, -0.47422608733177185
vb0[60]+024 TANGENT: 0.5381678342819214, 0.7494761347770691, 0.38556569814682007, -1.0
vb0[60]+040 BLENDWEIGHTS: 0.951171875, 0.048828125, 0.0, 0.0
vb0[60]+056 BLENDINDICES: 3, 0, 0, 0
vb0[60]+072 COLOR: 1.0, 0.5019607843137255, 0.5019607843137255, 0.10196078431372549
vb0[60]+076 TEXCOORD: 0.2693444490432739, 0.03561071306467056

vb0[61]+000 POSITION: -0.05277087166905403, 1.4068882465362549, 0.10359705984592438
vb0[61]+012 NORMAL: 0.7153732180595398, 0.4760688841342926, -0.5114680528640747
vb0[61]+024 TANGENT: 0.7353106141090393, -0.5256010293960571, 0.42785724997520447, -1.0
vb0[61]+040 BLENDWEIGHTS: 0.9833984375, 0.0166015625, 0.0, 0.0
vb0[61]+056 BLENDINDICES: 3, 0, 0, 0
vb0[61]+072 COLOR: 1.0, 0.5019607843137255, 0.5019607843137255, 0.0
vb0[61]+076 TEXCOORD: 0.2712406516075134, 0.03235146403312683

vb0[62]+000 POSITION: -0.0580768808722496, 1.4347879886627197, 0.11868846416473389
vb0[62]+012 NORMAL: 0.6457018256187439, 0.22520841658115387, -0.7296234965324402
vb0[62]+024 TANGENT: 0.8521045446395874, 0.3146618604660034, 0.41821742057800293, -1.0
vb0[62]+040 BLENDWEIGHTS: 0.583984375, 0.416015625, 0.0, 0.0
vb0[62]+056 BLENDINDICES: 3, 0, 0, 0
vb0[62]+072 COLOR: 1.0, 0.5019607843137255, 0.5019607843137255, 0.30196078431372547
vb0[62]+076 TEXCOORD: 0.24487124383449554, 0.03290423005819321

vb0[63]+000 POSITION: -0.06148231402039528, 1.4265215396881104, 0.11333850771188736
vb0[63]+012 NORMAL: 0.6058293581008911, 0.23893170058727264, -0.7588691711425781
vb0[63]+024 TANGENT: 0.2334754467010498, -0.07228916883468628, -0.9696718454360962, -1.0
vb0[63]+040 BLENDWEIGHTS: 0.716796875, 0.283203125, 0.0, 0.0
vb0[63]+056 BLENDINDICES: 3, 0, 0, 0
vb0[63]+072 COLOR: 1.0, 0.5019607843137255, 0.5019607843137255, 0.30196078431372547
vb0[63]+076 TEXCOORD: 0.25221017003059387, 0.03372132033109665

vb0[64]+000 POSITION: -0.055741775780916214, 1.4295912981033325, 0.11880052089691162
vb0[64]+012 NORMAL: 0.6027721762657166, 0.24084754288196564, -0.7606958150863647
vb0[64]+024 TANGENT: 0.829249382019043, 0.40621697902679443, 0.3838401138782501, -1.0
vb0[64]+040 BLENDWEIGHTS: 0.701171875, 0.298828125, 0.0, 0.0
vb0[64]+056 BLENDINDICES: 3, 0, 0, 0
vb0[64]+072 COLOR: 1.0, 0.5019607843137255, 0.5019607843137255, 0.30196078431372547
vb0[64]+076 TEXCOORD: 0.24799346923828125, 0.030008656904101372

vb0[65]+000 POSITION: -0.05821232497692108, 1.4225208759307861, 0.11462164670228958
vb0[65]+012 NORMAL: 0.5698603391647339, 0.25919848680496216, -0.7797918319702148
vb0[65]+024 TANGENT: 0.11068075895309448, -0.2915748655796051, -0.9501230716705322, -1.0
vb0[65]+040 BLENDWEIGHTS: 0.8046875, 0.1953125, 0.0, 0.0
vb0[65]+056 BLENDINDICES: 3, 0, 0, 0
vb0[65]+072 COLOR: 1.0, 0.5019607843137255, 0.5019607843137255, 0.25098039215686274
vb0[65]+076 TEXCOORD: 0.25428056716918945, 0.03002893552184105

vb0[66]+000 POSITION: -0.05325840413570404, 1.4254467487335205, 0.11911091208457947
vb0[66]+012 NORMAL: 0.5664175748825073, 0.2604895532131195, -0.7818672060966492
vb0[66]+024 TANGENT: 0.7952249646186829, 0.48623502254486084, 0.3622053861618042, -1.0
vb0[66]+040 BLENDWEIGHTS: 0.7890625, 0.2109375, 0.0, 0.0
vb0[66]+056 BLENDINDICES: 3, 0, 0, 0
vb0[66]+072 COLOR: 1.0, 0.5019607843137255, 0.5019607843137255, 0.25098039215686274
vb0[66]+076 TEXCOORD: 0.250392347574234, 0.02701086550951004

vb0[67]+000 POSITION: -0.05483386293053627, 1.419572114944458, 0.11603617668151855
vb0[67]+012 NORMAL: 0.5499275326728821, 0.27225014567375183, -0.7895945310592651
vb0[67]+024 TANGENT: 0.03860294818878174, -0.4418387711048126, -0.8962635397911072, -1.0
vb0[67]+040 BLENDWEIGHTS: 0.865234375, 0.134765625, 0.0, 0.0
vb0[67]+056 BLENDINDICES: 3, 0, 0, 0
vb0[67]+072 COLOR: 1.0, 0.5019607843137255, 0.5019607843137255, 0.2235294117647059
vb0[67]+076 TEXCOORD: 0.2554836571216583, 0.02646154910326004

vb0[68]+000 POSITION: -0.05117684230208397, 1.4223519563674927, 0.11946805566549301
vb0[68]+012 NORMAL: 0.5493190884590149, 0.27523237466812134, -0.788983941078186
vb0[68]+024 TANGENT: 0.7442507147789001, 0.5644375681877136, 0.35707321763038635, -1.0
vb0[68]+040 BLENDWEIGHTS: 0.84765625, 0.15234375, 0.0, 0.0
vb0[68]+056 BLENDINDICES: 3, 0, 0, 0
vb0[68]+072 COLOR: 1.0, 0.5019607843137255, 0.5019607843137255, 0.2235294117647059
vb0[68]+076 TEXCOORD: 0.2522357404232025, 0.02451884001493454

vb0[69]+000 POSITION: -0.05118950828909874, 1.4172526597976685, 0.11759854108095169
vb0[69]+012 NORMAL: 0.546000063419342, 0.2944500744342804, -0.7843360900878906
vb0[69]+024 TANGENT: -0.07654118537902832, -0.7820377349853516, -0.6185131072998047, -1.0
vb0[69]+040 BLENDWEIGHTS: 0.91015625, 0.08984375, 0.0, 0.0
vb0[69]+056 BLENDINDICES: 3, 0, 0, 0
vb0[69]+072 COLOR: 1.0, 0.5019607843137255, 0.5019607843137255, 0.2
vb0[69]+076 TEXCOORD: 0.25586771965026855, 0.02311253920197487

vb0[70]+000 POSITION: -0.048909593373537064, 1.419296383857727, 0.12005486339330673
vb0[70]+012 NORMAL: 0.5452801585197449, 0.300445556640625, -0.782561182975769
vb0[70]+024 TANGENT: 0.6520453691482544, 0.657260537147522, 0.3779489994049072, -1.0
vb0[70]+040 BLENDWEIGHTS: 0.896484375, 0.103515625, 0.0, 0.0
vb0[70]+056 BLENDINDICES: 3, 0, 0, 0
vb0[70]+072 COLOR: 1.0, 0.5019607843137255, 0.5019607843137255, 0.2
vb0[70]+076 TEXCOORD: 0.2535792589187622, 0.021822601556777954

vb0[71]+000 POSITION: -0.047872256487607956, 1.4158254861831665, 0.11932899057865143
vb0[71]+012 NORMAL: 0.5406923890113831, 0.3256261944770813, -0.775641143321991
vb0[71]+024 TANGENT: 0.005737722385674715, -0.78379887342453, -0.6209882497787476, -1.0
vb0[71]+040 BLENDWEIGHTS: 0.9375, 0.0625, 0.0, 0.0
vb0[71]+056 BLENDINDICES: 3, 0, 0, 0
vb0[71]+072 COLOR: 1.0, 0.5019607843137255, 0.5019607843137255, 0.14901960784313725
vb0[71]+076 TEXCOORD: 0.25572678446769714, 0.02024739980697632

vb0[72]+000 POSITION: -0.04668502137064934, 1.4169373512268066, 0.12061730772256851
vb0[72]+012 NORMAL: 0.5385203957557678, 0.3277215361595154, -0.7762695550918579
vb0[72]+024 TANGENT: 0.5699141621589661, 0.7556359171867371, 0.32281947135925293, -1.0
vb0[72]+040 BLENDWEIGHTS: 0.9296875, 0.0703125, 0.0, 0.0
vb0[72]+056 BLENDINDICES: 3, 0, 0, 0
vb0[72]+072 COLOR: 1.0, 0.5019607843137255, 0.5019607843137255, 0.16862745098039217
vb0[72]+076 TEXCOORD: 0.2546423673629761, 0.019349820911884308

vb0[73]+000 POSITION: -0.04386673867702484, 1.4146652221679688, 0.12156061828136444
vb0[73]+012 NORMAL: 0.5307403802871704, 0.3351610004901886, -0.778448224067688
vb0[73]+024 TANGENT: 0.8430843353271484, -0.4252902865409851, 0.3291459083557129, -1.0
vb0[73]+040 BLENDWEIGHTS: 0.958984375, 0.041015625, 0.0, 0.0
vb0[73]+056 BLENDINDICES: 3, 0, 0, 0
vb0[73]+072 COLOR: 1.0, 0.5019607843137255, 0.5019607843137255, 0.0
vb0[73]+076 TEXCOORD: 0.25522783398628235, 0.016457483172416687

vb0[74]+000 POSITION: -0.058469220995903015, 1.4059699773788452, 0.08743531256914139
vb0[74]+012 NORMAL: 0.7542242407798767, 0.6432320475578308, -0.13190287351608276
vb0[74]+024 TANGENT: 0.3486083447933197, 0.6362146735191345, 0.6882608532905579, -1.0
vb0[74]+040 BLENDWEIGHTS: 0.9970703125, 0.0029296875, 0.0, 0.0
vb0[74]+056 BLENDINDICES: 5, 0, 0, 0
vb0[74]+072 COLOR: 1.0, 0.5019607843137255, 0.5019607843137255, 0.2
vb0[74]+076 TEXCOORD: 0.27882206439971924, 0.038138411939144135

vb0[75]+000 POSITION: -0.056026753038167953, 1.4035580158233643, 0.08871757239103317
vb0[75]+012 NORMAL: 0.7302180528640747, 0.6709335446357727, -0.12895627319812775
vb0[75]+024 TANGENT: 0.6675012707710266, -0.4761398732662201, 0.5724796652793884, -1.0
vb0[75]+040 BLENDWEIGHTS: 1.0, 0.0, 0.0, 0.0
vb0[75]+056 BLENDINDICES: 5, 0, 0, 0
vb0[75]+072 COLOR: 1.0, 0.5019607843137255, 0.5019607843137255, 0.0
vb0[75]+076 TEXCOORD: 0.2820521593093872, 0.03504762798547745

vb0[76]+000 POSITION: -0.05899874493479729, 1.4058786630630493, 0.0839606299996376
vb0[76]+012 NORMAL: 0.7662253975868225, 0.6285818815231323, -0.13335512578487396
vb0[76]+024 TANGENT: 0.8410479426383972, 0.03900003433227539, -0.5395530462265015, -1.0
vb0[76]+040 BLENDWEIGHTS: 0.99609375, 0.00390625, 0.0, 0.0
vb0[76]+056 BLENDINDICES: 5, 0, 0, 0
vb0[76]+072 COLOR: 1.0, 0.5019607843137255, 0.5019607843137255, 0.2
vb0[76]+076 TEXCOORD: 0.2814650237560272, 0.041093409061431885

vb0[77]+000 POSITION: -0.08361596614122391, 1.4790525436401367, 0.06048661470413208
vb0[77]+012 NORMAL: 0.9832475781440735, 0.14250414073467255, -0.11365237087011337
vb0[77]+024 TANGENT: 0.5444675087928772, 0.05461705103516579, -0.8370019197463989, -1.0
vb0[77]+040 BLENDWEIGHTS: 1.0, 0.0, 0.0, 0.0
vb0[77]+056 BLENDINDICES: 0, 0, 0, 0
vb0[77]+072 COLOR: 1.0, 0.5019607843137255, 0.5019607843137255, 0.30196078431372547
vb0[77]+076 TEXCOORD: 0.25299379229545593, 0.09037191420793533

vb0[78]+000 POSITION: -0.08634080737829208, 1.4969841241836548, 0.05994239076972008
vb0[78]+012 NORMAL: 0.9791633486747742, 0.14445987343788147, -0.14272479712963104
vb0[78]+024 TANGENT: 0.8927494883537292, 0.15799641609191895, -0.4219426214694977, -1.0
vb0[78]+040 BLENDWEIGHTS: 1.0, 0.0, 0.0, 0.0
vb0[78]+056 BLENDINDICES: 0, 0, 0, 0
vb0[78]+072 COLOR: 1.0, 0.5019607843137255, 0.5019607843137255, 0.0
vb0[78]+076 TEXCOORD: 0.24430803954601288, 0.10006756335496902

vb0[79]+000 POSITION: -0.08417215943336487, 1.4969537258148193, 0.07478974759578705
vb0[79]+012 NORMAL: 0.9753589630126953, 0.07229853421449661, -0.208441361784935
vb0[79]+024 TANGENT: 0.9749395251274109, 0.06918466836214066, -0.21143896877765656, -1.0
vb0[79]+040 BLENDWEIGHTS: 1.0, 0.0, 0.0, 0.0
vb0[79]+056 BLENDINDICES: 0, 0, 0, 0
vb0[79]+072 COLOR: 1.0, 0.5019607843137255, 0.5019607843137255, 0.0
vb0[79]+076 TEXCOORD: 0.23611557483673096, 0.09158241748809814

vb0[80]+000 POSITION: -0.08209698647260666, 1.4793462753295898, 0.0751858800649643
vb0[80]+012 NORMAL: 0.9817416071891785, 0.13366740942001343, -0.13533800840377808
vb0[80]+024 TANGENT: 0.9819909930229187, 0.12777197360992432, -0.13916872441768646, -1.0
vb0[80]+040 BLENDWEIGHTS: 1.0, 0.0, 0.0, 0.0
vb0[80]+056 BLENDINDICES: 0, 0, 0, 0
vb0[80]+072 COLOR: 1.0, 0.5019607843137255, 0.5019607843137255, 0.25098039215686274
vb0[80]+076 TEXCOORD: 0.24464894831180573, 0.08223698288202286

vb0[81]+000 POSITION: -0.07817624509334564, 1.496544599533081, 0.08861198276281357
vb0[81]+012 NORMAL: 0.9027596712112427, -0.10310890525579453, -0.4176045060157776
vb0[81]+024 TANGENT: 0.902543842792511, -0.10315059870481491, -0.41806042194366455, -1.0
vb0[81]+040 BLENDWEIGHTS: 1.0, 0.0, 0.0, 0.0
vb0[81]+056 BLENDINDICES: 0, 0, 0, 0
vb0[81]+072 COLOR: 1.0, 0.5019607843137255, 0.5019607843137255, 0.0
vb0[81]+076 TEXCOORD: 0.22979961335659027, 0.08356189727783203

vb0[82]+000 POSITION: -0.07182896137237549, 1.4961820840835571, 0.10155078023672104
vb0[82]+012 NORMAL: 0.8661134243011475, -0.13193148374557495, -0.4821219742298126
vb0[82]+024 TANGENT: 0.8614931106567383, -0.1468159556388855, -0.4860810935497284, -1.0
vb0[82]+040 BLENDWEIGHTS: 1.0, 0.0, 0.0, 0.0
vb0[82]+056 BLENDINDICES: 0, 0, 0, 0
vb0[82]+072 COLOR: 1.0, 0.5019607843137255, 0.5019607843137255, 0.0
vb0[82]+076 TEXCOORD: 0.22240693867206573, 0.07719684392213821

vb0[83]+000 POSITION: -0.06397630274295807, 1.4953533411026, 0.11422709375619888
vb0[83]+012 NORMAL: 0.6996110677719116, -0.1861874908208847, -0.6898396015167236
vb0[83]+024 TANGENT: 0.7127191424369812, -0.19327384233474731, -0.6742971539497375, -1.0
vb0[83]+040 BLENDWEIGHTS: 1.0, 0.0, 0.0, 0.0
vb0[83]+056 BLENDINDICES: 0, 0, 0, 0
vb0[83]+072 COLOR: 1.0, 0.5019607843137255, 0.5019607843137255, 0.0
vb0[83]+076 TEXCOORD: 0.21364237368106842, 0.07163342088460922

vb0[84]+000 POSITION: -0.05835461616516113, 1.5098271369934082, 0.11389423161745071
vb0[84]+012 NORMAL: 0.7012446522712708, -0.2873726189136505, -0.6524362564086914
vb0[84]+024 TANGENT: 0.6747547388076782, -0.27780431509017944, -0.68376225233078, -1.0
vb0[84]+040 BLENDWEIGHTS: 1.0, 0.0, 0.0, 0.0
vb0[84]+056 BLENDINDICES: 0, 0, 0, 0
vb0[84]+072 COLOR: 1.0, 0.5019607843137255, 0.5019607843137255, 0.0
vb0[84]+076 TEXCOORD: 0.20733742415905, 0.08133571594953537

vb0[85]+000 POSITION: -0.054384104907512665, 1.4818679094314575, 0.12267249822616577
vb0[85]+012 NORMAL: 0.5734157562255859, -0.09873371571302414, -0.8132933974266052
vb0[85]+024 TANGENT: 0.8574436902999878, -0.4208230674266815, -0.2961392104625702, -1.0
vb0[85]+040 BLENDWEIGHTS: 1.0, 0.0, 0.0, 0.0
vb0[85]+056 BLENDINDICES: 0, 0, 0, 0
vb0[85]+072 COLOR: 1.0, 0.5019607843137255, 0.5019607843137255, 0.5019607843137255
vb0[85]+076 TEXCOORD: 0.20874683558940887, 0.05855594575405121

vb0[86]+000 POSITION: -0.04576031118631363, 1.4944339990615845, 0.12655039131641388
vb0[86]+012 NORMAL: 0.5438280701637268, -0.16048482060432434, -0.8237084150314331
vb0[86]+024 TANGENT: 0.8378370404243469, -0.47949913144111633, -0.2609781324863434, -1.0
vb0[86]+040 BLENDWEIGHTS: 1.0, 0.0, 0.0, 0.0
vb0[86]+056 BLENDINDICES: 0, 0, 0, 0
vb0[86]+072 COLOR: 1.0, 0.5019607843137255, 0.5019607843137255, 0.5019607843137255
vb0[86]+076 TEXCOORD: 0.19779135286808014, 0.06611455231904984

vb0[87]+000 POSITION: -0.0585903599858284, 1.473347783088684, 0.12016706168651581
vb0[87]+012 NORMAL: 0.6098185181617737, -0.02677926979959011, -0.7920884490013123
vb0[87]+024 TANGENT: 0.9101359248161316, -0.3650205135345459, -0.19599150121212006, -1.0
vb0[87]+040 BLENDWEIGHTS: 0.96875, 0.03125, 0.0, 0.0
vb0[87]+056 BLENDINDICES: 0, 3, 0, 0
vb0[87]+072 COLOR: 1.0, 0.5019607843137255, 0.5019607843137255, 0.30196078431372547
vb0[87]+076 TEXCOORD: 0.2162560373544693, 0.05479148030281067

vb0[88]+000 POSITION: -0.05177496373653412, 1.5112383365631104, 0.11898164451122284
vb0[88]+012 NORMAL: 0.548618733882904, -0.18946392834186554, -0.8143223524093628
vb0[88]+024 TANGENT: 0.5562092065811157, -0.20177951455116272, -0.8061739206314087, -1.0
vb0[88]+040 BLENDWEIGHTS: 1.0, 0.0, 0.0, 0.0
vb0[88]+056 BLENDINDICES: 0, 0, 0, 0
vb0[88]+072 COLOR: 1.0, 0.5019607843137255, 0.5019607843137255, 0.0
vb0[88]+076 TEXCOORD: 0.20130117237567902, 0.08025509864091873

vb0[89]+000 POSITION: -0.04318874701857567, 1.5115219354629517, 0.12423978745937347
vb0[89]+012 NORMAL: 0.4905482530593872, -0.20954900979995728, -0.8458437323570251
vb0[89]+024 TANGENT: 0.4917333126068115, -0.21154828369617462, -0.8446571826934814, -1.0
vb0[89]+040 BLENDWEIGHTS: 1.0, 0.0, 0.0, 0.0
vb0[89]+056 BLENDINDICES: 0, 0, 0, 0
vb0[89]+072 COLOR: 1.0, 0.5019607843137255, 0.5019607843137255, 0.0
vb0[89]+076 TEXCOORD: 0.19398774206638336, 0.07877976447343826

vb0[90]+000 POSITION: -0.038983821868896484, 1.5030161142349243, 0.12895947694778442
vb0[90]+012 NORMAL: 0.5049211978912354, -0.21433794498443604, -0.8361302614212036
vb0[90]+024 TANGENT: 0.7845567464828491, -0.6181159019470215, -0.049025118350982666, -1.0
vb0[90]+040 BLENDWEIGHTS: 1.0, 0.0, 0.0, 0.0
vb0[90]+056 BLENDINDICES: 0, 0, 0, 0
vb0[90]+072 COLOR: 1.0, 0.5019607843137255, 0.5019607843137255, 0.5019607843137255
vb0[90]+076 TEXCOORD: 0.19129718840122223, 0.07126348465681076

vb0[91]+000 POSITION: -0.03256211802363396, 1.5098938941955566, 0.1303488314151764
vb0[91]+012 NORMAL: 0.43120571970939636, -0.23056161403656006, -0.8722975254058838
vb0[91]+024 TANGENT: 0.7519823312759399, -0.6579903960227966, -0.039639055728912354, -1.0
vb0[91]+040 BLENDWEIGHTS: 1.0, 0.0, 0.0, 0.0
vb0[91]+056 BLENDINDICES: 0, 0, 0, 0
vb0[91]+072 COLOR: 1.0, 0.5019607843137255, 0.5019607843137255, 0.4
vb0[91]+076 TEXCOORD: 0.1855279952287674, 0.07615263015031815

vb0[92]+000 POSITION: -0.032987743616104126, 1.5273410081863403, 0.1256442815065384
vb0[92]+012 NORMAL: 0.3833494186401367, -0.2414049208164215, -0.891497015953064
vb0[92]+024 TANGENT: 0.36907368898391724, -0.24534183740615845, -0.8964329361915588, -1.0
vb0[92]+040 BLENDWEIGHTS: 1.0, 0.0, 0.0, 0.0
vb0[92]+056 BLENDINDICES: 0, 0, 0, 0
vb0[92]+072 COLOR: 1.0, 0.5019607843137255, 0.5019607843137255, 0.0
vb0[92]+076 TEXCOORD: 0.18494287133216858, 0.08968110382556915

vb0[93]+000 POSITION: -0.025183239951729774, 1.516863226890564, 0.1313956379890442
vb0[93]+012 NORMAL: 0.3426646888256073, -0.2509956657886505, -0.9053077697753906
vb0[93]+024 TANGENT: 0.6666480898857117, -0.7452914118766785, -0.011005342938005924, -1.0
vb0[93]+040 BLENDWEIGHTS: 1.0, 0.0, 0.0, 0.0
vb0[93]+056 BLENDINDICES: 0, 0, 0, 0
vb0[93]+072 COLOR: 1.0, 0.5019607843137255, 0.5019607843137255, 0.4
vb0[93]+076 TEXCOORD: 0.17847999930381775, 0.08124557137489319

vb0[94]+000 POSITION: -0.022097136825323105, 1.5281671285629272, 0.12913012504577637
vb0[94]+012 NORMAL: 0.3124975264072418, -0.29890966415405273, -0.901664137840271
vb0[94]+024 TANGENT: 0.30746811628341675, -0.3142102360725403, -0.8981844186782837, -1.0
vb0[94]+040 BLENDWEIGHTS: 1.0, 0.0, 0.0, 0.0
vb0[94]+056 BLENDINDICES: 0, 0, 0, 0
vb0[94]+072 COLOR: 1.0, 0.5019607843137255, 0.5019607843137255, 0.0
vb0[94]+076 TEXCOORD: 0.17651325464248657, 0.0902789905667305

vb0[95]+000 POSITION: -0.0169935692101717, 1.523318886756897, 0.1327720582485199
vb0[95]+012 NORMAL: 0.3240080177783966, -0.428510844707489, -0.8434436321258545
vb0[95]+024 TANGENT: 0.23637498915195465, -0.5111413598060608, -0.8263542652130127, -1.0
vb0[95]+040 BLENDWEIGHTS: 1.0, 0.0, 0.0, 0.0
vb0[95]+056 BLENDINDICES: 0, 0, 0, 0
vb0[95]+072 COLOR: 1.0, 0.5019607843137255, 0.5019607843137255, 0.4
vb0[95]+076 TEXCOORD: 0.17193260788917542, 0.08649182319641113

vb0[96]+000 POSITION: -0.011033067479729652, 1.5287213325500488, 0.13157033920288086
vb0[96]+012 NORMAL: 0.2335362285375595, -0.5732143521308899, -0.7854210138320923
vb0[96]+024 TANGENT: 0.23523855209350586, -0.5580363273620605, -0.795775294303894, -1.0
vb0[96]+040 BLENDWEIGHTS: 1.0, 0.0, 0.0, 0.0
vb0[96]+056 BLENDINDICES: 0, 0, 0, 0
vb0[96]+072 COLOR: 1.0, 0.5019607843137255, 0.5019607843137255, 0.0
vb0[96]+076 TEXCOORD: 0.16796885430812836, 0.09121012687683105

vb0[97]+000 POSITION: -0.05865693464875221, 1.4657059907913208, 0.124749556183815
vb0[97]+012 NORMAL: 0.888274073600769, -0.009836532175540924, -0.4592083692550659
vb0[97]+024 TANGENT: 0.7012075185775757, -0.3408360183238983, 0.6262099742889404, -1.0
vb0[97]+040 BLENDWEIGHTS: 0.91015625, 0.08984375, 0.0, 0.0
vb0[97]+056 BLENDINDICES: 0, 3, 0, 0
vb0[97]+072 COLOR: 1.0, 0.5019607843137255, 0.5019607843137255, 0.30196078431372547
vb0[97]+076 TEXCOORD: 0.2218581587076187, 0.044422902166843414

vb0[98]+000 POSITION: 0.008331911638379097, 1.4497535228729248, 0.13970434665679932
vb0[98]+012 NORMAL: -0.05744914710521698, 0.2581818699836731, -0.9643867015838623
vb0[98]+024 TANGENT: 0.7410627603530884, 0.45601844787597656, -0.4928216338157654, -1.0
vb0[98]+040 BLENDWEIGHTS: 0.916015625, 0.083984375, 0.0, 0.0
vb0[98]+056 BLENDINDICES: 1, 0, 0, 0
vb0[98]+072 COLOR: 1.0, 0.5019607843137255, 0.5019607843137255, 0.30196078431372547
vb0[98]+076 TEXCOORD: 0.6725971698760986, 0.2587425410747528

vb0[99]+000 POSITION: 0.00889587216079235, 1.4427037239074707, 0.13781484961509705
vb0[99]+012 NORMAL: -0.1503528356552124, 0.24482060968875885, -0.9578397274017334
vb0[99]+024 TANGENT: -0.6888399124145508, -0.5476841330528259, -0.47491228580474854, -1.0
vb0[99]+040 BLENDWEIGHTS: 0.95703125, 0.04296875, 0.0, 0.0
vb0[99]+056 BLENDINDICES: 1, 0, 0, 0
vb0[99]+072 COLOR: 1.0, 0.5019607843137255, 0.5019607843137255, 0.2
vb0[99]+076 TEXCOORD: 0.6753854751586914, 0.2639613747596741

vb0[100]+000 POSITION: 0.0036371119786053896, 1.4485276937484741, 0.13977259397506714
vb0[100]+012 NORMAL: -0.033514492213726044, 0.2614627480506897, -0.9646316170692444
vb0[100]+024 TANGENT: -0.6194795370101929, -0.25810912251472473, -0.7413669228553772, -1.0
vb0[100]+040 BLENDWEIGHTS: 0.919921875, 0.080078125, 0.0, 0.0
vb0[100]+056 BLENDINDICES: 1, 0, 0, 0
vb0[100]+072 COLOR: 1.0, 0.5019607843137255, 0.5019607843137255, 0.30196078431372547
vb0[100]+076 TEXCOORD: 0.6759819984436035, 0.25759971141815186

vb0[101]+000 POSITION: 0.011218218132853508, 1.4440072774887085, 0.137537881731987
vb0[101]+012 NORMAL: -0.15740053355693817, 0.24406583607196808, -0.9568996429443359
vb0[101]+024 TANGENT: 0.6787899732589722, 0.5431342124938965, -0.4942159652709961, -1.0
vb0[101]+040 BLENDWEIGHTS: 0.951171875, 0.048828125, 0.0, 0.0
vb0[101]+056 BLENDINDICES: 1, 0, 0, 0
vb0[101]+072 COLOR: 1.0, 0.5019607843137255, 0.5019607843137255, 0.2
vb0[101]+076 TEXCOORD: 0.6736602783203125, 0.2639879286289215

vb0[102]+000 POSITION: 0.005843392573297024, 1.4561290740966797, 0.14188241958618164
vb0[102]+012 NORMAL: 0.07051625102758408, 0.2776833474636078, -0.9580811858177185
vb0[102]+024 TANGENT: 0.8052695989608765, 0.3841569721698761, -0.4516240358352661, -1.0
vb0[102]+040 BLENDWEIGHTS: 0.865234375, 0.134765625, 0.0, 0.0
vb0[102]+056 BLENDINDICES: 1, 0, 0, 0
vb0[102]+072 COLOR: 1.0, 0.5019607843137255, 0.5019607843137255, 0.4
vb0[102]+076 TEXCOORD: 0.6713447570800781, 0.25318899750709534

vb0[103]+000 POSITION: -0.0007221827981993556, 1.4547066688537598, 0.14103351533412933
vb0[103]+012 NORMAL: 0.08554361760616302, 0.28008976578712463, -0.9561548233032227
vb0[103]+024 TANGENT: -0.5964436531066895, -0.20487390458583832, -0.7760680317878723, -1.0
vb0[103]+040 BLENDWEIGHTS: 0.87109375, 0.12890625, 0.0, 0.0
vb0[103]+056 BLENDINDICES: 1, 0, 0, 0
vb0[103]+072 COLOR: 1.0, 0.5019607843137255, 0.5019607843137255, 0.30196078431372547
vb0[103]+076 TEXCOORD: 0.6763915419578552, 0.25159406661987305

vb0[104]+000 POSITION: 0.003733609337359667, 1.4630526304244995, 0.14412006735801697
vb0[104]+012 NORMAL: 0.20622001588344574, 0.24986393749713898, -0.9460662007331848
vb0[104]+024 TANGENT: 0.8735970258712769, 0.30686473846435547, -0.37770670652389526, -1.0
vb0[104]+040 BLENDWEIGHTS: 0.80078125, 0.19921875, 0.0, 0.0
vb0[104]+056 BLENDINDICES: 1, 0, 0, 0
vb0[104]+072 COLOR: 1.0, 0.5019607843137255, 0.5019607843137255, 0.30196078431372547
vb0[104]+076 TEXCOORD: 0.6698739528656006, 0.2473873645067215

vb0[105]+000 POSITION: -0.004553825594484806, 1.4610856771469116, 0.1420275717973709
vb0[105]+012 NORMAL: 0.21437226235866547, 0.2461913526058197, -0.9452165961265564
vb0[105]+024 TANGENT: -0.5665274262428284, -0.18888892233371735, -0.8021020889282227, -1.0
vb0[105]+040 BLENDWEIGHTS: 0.8125, 0.1875, 0.0, 0.0
vb0[105]+056 BLENDINDICES: 1, 0, 0, 0
vb0[105]+072 COLOR: 1.0, 0.5019607843137255, 0.5019607843137255, 0.4
vb0[105]+076 TEXCOORD: 0.6765566468238831, 0.24577230215072632

vb0[106]+000 POSITION: 0.0011007391149178147, 1.4726577997207642, 0.14636076986789703
vb0[106]+012 NORMAL: 0.27144378423690796, 0.12808343768119812, -0.9538936018943787
vb0[106]+024 TANGENT: -0.22163009643554688, -0.06775563955307007, -0.9727740287780762, -1.0
vb0[106]+040 BLENDWEIGHTS: 0.697265625, 0.302734375, 0.0, 0.0
vb0[106]+056 BLENDINDICES: 1, 0, 0, 0
vb0[106]+072 COLOR: 1.0, 0.5019607843137255, 0.5019607843137255, 0.0
vb0[106]+076 TEXCOORD: 0.6678822040557861, 0.23959596455097198

vb0[107]+000 POSITION: -0.008876395411789417, 1.469982624053955, 0.1424117386341095
vb0[107]+012 NORMAL: 0.28402891755104065, 0.19245396554470062, -0.9393025040626526
vb0[107]+024 TANGENT: -0.5249669551849365, -0.1937171369791031, -0.8287842869758606, -1.0
vb0[107]+040 BLENDWEIGHTS: 0.716796875, 0.283203125, 0.0, 0.0
vb0[107]+056 BLENDINDICES: 1, 0, 0, 0
vb0[107]+072 COLOR: 1.0, 0.5019607843137255, 0.5019607843137255, 0.4
vb0[107]+076 TEXCOORD: 0.6765395998954773, 0.2381449043750763

vb0[108]+000 POSITION: 0.012148023582994938, 1.4401763677597046, 0.1363600194454193
vb0[108]+012 NORMAL: -0.22621625661849976, 0.24973000586032867, -0.941520631313324
vb0[108]+024 TANGENT: -0.6210734844207764, -0.5864567756652832, -0.519938588142395, -1.0
vb0[108]+040 BLENDWEIGHTS: 0.96875, 0.03125, 0.0, 0.0
vb0[108]+056 BLENDINDICES: 1, 0, 0, 0
vb0[108]+072 COLOR: 1.0, 0.5019607843137255, 0.5019607843137255, 0.10196078431372549
vb0[108]+076 TEXCOORD: 0.6750977039337158, 0.2670852839946747

vb0[109]+000 POSITION: 0.013257477432489395, 1.4409008026123047, 0.13632847368717194
vb0[109]+012 NORMAL: -0.22710327804088593, 0.25717291235923767, -0.9393008947372437
vb0[109]+024 TANGENT: 0.6532915830612183, 0.6528165340423584, -0.38345885276794434, -1.0
vb0[109]+040 BLENDWEIGHTS: 0.966796875, 0.033203125, 0.0, 0.0
vb0[109]+056 BLENDINDICES: 1, 0, 0, 0
vb0[109]+072 COLOR: 1.0, 0.5019607843137255, 0.5019607843137255, 0.10588235294117647
vb0[109]+076 TEXCOORD: 0.6741666793823242, 0.2670342028141022

vb0[110]+000 POSITION: 0.015443059615790844, 1.4381277561187744, 0.13481147587299347
vb0[110]+012 NORMAL: -0.23391638696193695, 0.3182155191898346, -0.9187067151069641
vb0[110]+024 TANGENT: 0.6857633590698242, -0.5916385054588318, -0.4239014685153961, -1.0
vb0[110]+040 BLENDWEIGHTS: 0.978515625, 0.021484375, 0.0, 0.0
vb0[110]+056 BLENDINDICES: 1, 0, 0, 0
vb0[110]+072 COLOR: 1.0, 0.5019607843137255, 0.5019607843137255, 0.0
vb0[110]+076 TEXCOORD: 0.674734354019165, 0.26997700333595276

vb0[111]+000 POSITION: -0.0122993728145957, 1.4783531427383423, 0.14237117767333984
vb0[111]+012 NORMAL: 0.2812293469905853, 0.005240410100668669, -0.959626317024231
vb0[111]+024 TANGENT: -0.5490285158157349, -0.26222679018974304, -0.793602466583252, -1.0
vb0[111]+040 BLENDWEIGHTS: 0.6171875, 0.3828125, 0.0, 0.0
vb0[111]+056 BLENDINDICES: 1, 0, 0, 0
vb0[111]+072 COLOR: 1.0, 0.5019607843137255, 0.5019607843137255, 0.4
vb0[111]+076 TEXCOORD: 0.676224946975708, 0.23113210499286652

vb0[112]+000 POSITION: -0.0015997677110135555, 1.4877122640609741, 0.14512306451797485
vb0[112]+012 NORMAL: -0.03927089646458626, -0.04420128092169762, -0.998250424861908
vb0[112]+024 TANGENT: 0.035268958657979965, -0.04672318324446678, -0.9982849955558777, -1.0
vb0[112]+040 BLENDWEIGHTS: 0.515625, 0.484375, 0.0, 0.0
vb0[112]+056 BLENDINDICES: 1, 0, 0, 0
vb0[112]+072 COLOR: 1.0, 0.5019607843137255, 0.5019607843137255, 0.0
vb0[112]+076 TEXCOORD: 0.665241003036499, 0.2279398888349533

vb0[113]+000 POSITION: -0.015026967041194439, 1.4867662191390991, 0.14150802791118622
vb0[113]+012 NORMAL: 0.2629970610141754, -0.05121905356645584, -0.9634361863136292
vb0[113]+024 TANGENT: -0.5722089409828186, -0.2587129473686218, -0.7782317399978638, -1.0
vb0[113]+040 BLENDWEIGHTS: 0.51171875, 0.48828125, 0.0, 0.0
vb0[113]+056 BLENDINDICES: 1, 0, 0, 0
vb0[113]+072 COLOR: 1.0, 0.5019607843137255, 0.5019607843137255, 0.45098039215686275
vb0[113]+076 TEXCOORD: 0.6755657196044922, 0.22419893741607666

vb0[114]+000 POSITION: -0.017464233562350273, 1.4965940713882446, 0.1400771141052246
vb0[114]+012 NORMAL: 0.2916783094406128, -0.09197020530700684, -0.9520847201347351
vb0[114]+024 TANGENT: -0.583168625831604, -0.231293722987175, -0.778728187084198, -1.0
vb0[114]+040 BLENDWEIGHTS: 0.611328125, 0.388671875, 0.0, 0.0
vb0[114]+056 BLENDINDICES: 0, 1, 0, 0
vb0[114]+072 COLOR: 1.0, 0.5019607843137255, 0.5019607843137255, 0.4
vb0[114]+076 TEXCOORD: 0.674354076385498, 0.21628554165363312

vb0[115]+000 POSITION: -0.003396545071154833, 1.5033504962921143, 0.14381560683250427
vb0[115]+012 NORMAL: -0.04572563245892525, -0.17396678030490875, -0.9836893677711487
vb0[115]+024 TANGENT: 0.08116263896226883, -0.1480855941772461, -0.9856385588645935, -1.0
vb0[115]+040 BLENDWEIGHTS: 0.673828125, 0.326171875, 0.0, 0.0
vb0[115]+056 BLENDINDICES: 0, 1, 0, 0
vb0[115]+072 COLOR: 1.0, 0.5019607843137255, 0.5019607843137255, 0.0
vb0[115]+076 TEXCOORD: 0.6620986461639404, 0.21603979170322418

vb0[116]+000 POSITION: 0.031209485605359077, 1.4900400638580322, 0.13945581018924713
vb0[116]+012 NORMAL: -0.14910216629505157, -0.04942150413990021, -0.9875860214233398
vb0[116]+024 TANGENT: 0.6221752762794495, -0.05933291092514992, -0.7806263566017151, -1.0
vb0[116]+040 BLENDWEIGHTS: 0.6969245076179504, 0.30307549238204956, 0.0, 0.0
vb0[116]+056 BLENDINDICES: 0, 1, 0, 0
vb0[116]+072 COLOR: 1.0, 0.5019607843137255, 0.5019607843137255, 0.30196078431372547
vb0[116]+076 TEXCOORD: 0.6399688720703125, 0.23450157046318054

vb0[117]+000 POSITION: 0.0030469459015876055, 1.47446870803833, 0.14380519092082977
vb0[117]+012 NORMAL: -0.15303747355937958, 0.05364534631371498, -0.9867632985115051
vb0[117]+024 TANGENT: -0.4723680317401886, -0.07803631573915482, -0.8779401183128357, -1.0
vb0[117]+040 BLENDWEIGHTS: 0.6796875, 0.3203125, 0.0, 0.0
vb0[117]+056 BLENDINDICES: 1, 0, 0, 0
vb0[117]+072 COLOR: 1.0, 0.5019607843137255, 0.5019607843137255, 0.5019607843137255
vb0[117]+076 TEXCOORD: 0.6648988723754883, 0.23893298208713531

vb0[118]+000 POSITION: 0.03085264191031456, 1.479018211364746, 0.14002975821495056
vb0[118]+012 NORMAL: -0.13389728963375092, 0.0268867090344429, -0.9906304478645325
vb0[118]+024 TANGENT: 0.6748524308204651, -0.03807855024933815, -0.7369695901870728, -1.0
vb0[118]+040 BLENDWEIGHTS: 0.5134837627410889, 0.48651623725891113, 0.0, 0.0
vb0[118]+056 BLENDINDICES: 1, 0, 0, 0
vb0[118]+072 COLOR: 1.0, 0.5019607843137255, 0.5019607843137255, 0.45098039215686275
vb0[118]+076 TEXCOORD: 0.6430108547210693, 0.24251866340637207

vb0[119]+000 POSITION: 0.00700711365789175, 1.4647276401519775, 0.14217720925807953
vb0[119]+012 NORMAL: -0.13952922821044922, 0.10861922055482864, -0.9842425584793091
vb0[119]+024 TANGENT: -0.4774034917354584, -0.0472835898399353, -0.8774110078811646, -1.0
vb0[119]+040 BLENDWEIGHTS: 0.7890625, 0.2109375, 0.0, 0.0
vb0[119]+056 BLENDINDICES: 1, 0, 0, 0
vb0[119]+072 COLOR: 1.0, 0.5019607843137255, 0.5019607843137255, 0.5019607843137255
vb0[119]+076 TEXCOORD: 0.6642436981201172, 0.24723710119724274

vb0[120]+000 POSITION: 0.03016672283411026, 1.4687848091125488, 0.13950976729393005
vb0[120]+012 NORMAL: -0.13953666388988495, 0.10890417546033859, -0.9842100143432617
vb0[120]+024 TANGENT: 0.6765661239624023, 0.021371841430664062, -0.7360717058181763, -1.0
vb0[120]+040 BLENDWEIGHTS: 0.6702239513397217, 0.3297760486602783, 0.0, 0.0
vb0[120]+056 BLENDINDICES: 1, 0, 0, 0
vb0[120]+072 COLOR: 1.0, 0.5019607843137255, 0.5019607843137255, 0.45098039215686275
vb0[120]+076 TEXCOORD: 0.645998477935791, 0.24996395409107208

vb0[121]+000 POSITION: 0.0109998295083642, 1.4561012983322144, 0.1402316391468048
vb0[121]+012 NORMAL: -0.14225955307483673, 0.175068661570549, -0.9742243885993958
vb0[121]+024 TANGENT: -0.48643600940704346, -0.022923648357391357, -0.873415470123291, -1.0
vb0[121]+040 BLENDWEIGHTS: 0.87109375, 0.12890625, 0.0, 0.0
vb0[121]+056 BLENDINDICES: 1, 0, 0, 0
vb0[121]+072 COLOR: 1.0, 0.5019607843137255, 0.5019607843137255, 0.5019607843137255
vb0[121]+076 TEXCOORD: 0.6632561683654785, 0.2547721266746521

vb0[122]+000 POSITION: 0.029295146465301514, 1.4599047899246216, 0.13819703459739685
vb0[122]+012 NORMAL: -0.1422874927520752, 0.17538447678089142, -0.9741635322570801
vb0[122]+024 TANGENT: 0.6614309549331665, 0.0593116320669651, -0.7476571798324585, -1.0
vb0[122]+040 BLENDWEIGHTS: 0.7875770926475525, 0.2124229073524475, 0.0, 0.0
vb0[122]+056 BLENDINDICES: 1, 0, 0, 0
vb0[122]+072 COLOR: 1.0, 0.5019607843137255, 0.5019607843137255, 0.45098039215686275
vb0[122]+076 TEXCOORD: 0.6487381458282471, 0.25648990273475647

vb0[123]+000 POSITION: 0.015544547699391842, 1.4483740329742432, 0.1377478688955307
vb0[123]+012 NORMAL: -0.14650766551494598, 0.22993257641792297, -0.9621155858039856
vb0[123]+024 TANGENT: -0.4874165654182434, 0.003994941711425781, -0.8731604814529419, -1.0
vb0[123]+040 BLENDWEIGHTS: 0.927734375, 0.072265625, 0.0, 0.0
vb0[123]+056 BLENDINDICES: 1, 0, 0, 0
vb0[123]+072 COLOR: 1.0, 0.5019607843137255, 0.5019607843137255, 0.4
vb0[123]+076 TEXCOORD: 0.6616559028625488, 0.2618509829044342

vb0[124]+000 POSITION: 0.028264686465263367, 1.4504743814468384, 0.13640722632408142
vb0[124]+012 NORMAL: -0.14158819615840912, 0.22792069613933563, -0.9633302092552185
vb0[124]+024 TANGENT: 0.6655833721160889, 0.09491825848817825, -0.7402629852294922, -1.0
vb0[124]+040 BLENDWEIGHTS: 0.8874256610870361, 0.11257433891296387, 0.0, 0.0
vb0[124]+056 BLENDINDICES: 1, 0, 0, 0
vb0[124]+072 COLOR: 1.0, 0.5019607843137255, 0.5019607843137255, 0.34901960784313724
vb0[124]+076 TEXCOORD: 0.6518001556396484, 0.2634965181350708

vb0[125]+000 POSITION: 0.02078699693083763, 1.4412950277328491, 0.13449116051197052
vb0[125]+012 NORMAL: -0.10962280631065369, 0.3119102716445923, -0.9437663555145264
vb0[125]+024 TANGENT: -0.4557844400405884, 0.04118001461029053, -0.8891371488571167, -1.0
vb0[125]+040 BLENDWEIGHTS: 0.96875, 0.03125, 0.0, 0.0
vb0[125]+056 BLENDINDICES: 1, 0, 0, 0
vb0[125]+072 COLOR: 1.0, 0.5019607843137255, 0.5019607843137255, 0.30196078431372547
vb0[125]+076 TEXCOORD: 0.6598055362701416, 0.26885467767715454

vb0[126]+000 POSITION: 0.026773400604724884, 1.4393945932388306, 0.13355456292629242
vb0[126]+012 NORMAL: -0.02967333421111107, 0.3869335651397705, -0.9216300845146179
vb0[126]+024 TANGENT: 0.37127137184143066, 0.5719144344329834, -0.7314857244491577, -1.0
vb0[126]+040 BLENDWEIGHTS: 0.978515625, 0.021484375, 0.0, 0.0
vb0[126]+056 BLENDINDICES: 1, 0, 0, 0
vb0[126]+072 COLOR: 1.0, 0.5019607843137255, 0.5019607843137255, 0.0
vb0[126]+076 TEXCOORD: 0.6559700965881348, 0.27178338170051575

vb0[127]+000 POSITION: 0.025834860280156136, 1.435939908027649, 0.13122567534446716
vb0[127]+012 NORMAL: 0.00812590029090643, 0.5652567148208618, -0.8248750567436218
vb0[127]+024 TANGENT: -0.41293835639953613, 0.15820443630218506, -0.8969132304191589, -1.0
vb0[127]+040 BLENDWEIGHTS: 0.98828125, 0.01171875, 0.0, 0.0
vb0[127]+056 BLENDINDICES: 1, 0, 0, 0
vb0[127]+072 COLOR: 1.0, 0.5019607843137255, 0.5019607843137255, 0.2
vb0[127]+076 TEXCOORD: 0.6577939987182617, 0.27467039227485657

vb0[128]+000 POSITION: 0.03045942634344101, 1.4344456195831299, 0.13015875220298767
vb0[128]+012 NORMAL: -0.006492806598544121, 0.5802908539772034, -0.8143834471702576
vb0[128]+024 TANGENT: 0.3481157422065735, 0.7178347706794739, -0.6029333472251892, -1.0
vb0[128]+040 BLENDWEIGHTS: 0.9921875, 0.0078125, 0.0, 0.0
vb0[128]+056 BLENDINDICES: 1, 0, 0, 0
vb0[128]+072 COLOR: 1.0, 0.5019607843137255, 0.5019607843137255, 0.14901960784313725
vb0[128]+076 TEXCOORD: 0.6549503803253174, 0.27710866928100586

vb0[129]+000 POSITION: 0.029120704159140587, 1.4331835508346558, 0.1292247474193573
vb0[129]+012 NORMAL: -0.007037207949906588, 0.5840879678726196, -0.8116598129272461
vb0[129]+024 TANGENT: -0.39850354194641113, 0.18410873413085938, -0.8984981775283813, -1.0
vb0[129]+040 BLENDWEIGHTS: 0.99609375, 0.00390625, 0.0, 0.0
vb0[129]+056 BLENDINDICES: 1, 0, 0, 0
vb0[129]+072 COLOR: 1.0, 0.5019607843137255, 0.5019607843137255, 0.14901960784313725
vb0[129]+076 TEXCOORD: 0.6563353538513184, 0.27796250581741333

vb0[130]+000 POSITION: 0.03218284994363785, 1.4308162927627563, 0.1273510903120041
vb0[130]+012 NORMAL: -0.012230568565428257, 0.6167319416999817, -0.7870782017707825
vb0[130]+024 TANGENT: -0.3900618553161621, 0.19727744162082672, -0.8994072079658508, -1.0
vb0[130]+040 BLENDWEIGHTS: 0.998046875, 0.001953125, 0.0, 0.0
vb0[130]+056 BLENDINDICES: 1, 0, 0, 0
vb0[130]+072 COLOR: 1.0, 0.5019607843137255, 0.5019607843137255, 0.10196078431372549
vb0[130]+076 TEXCOORD: 0.6549396514892578, 0.28092193603515625

vb0[131]+000 POSITION: 0.03335285186767578, 1.431121587753296, 0.12758615612983704
vb0[131]+012 NORMAL: -0.014333879575133324, 0.6270613074302673, -0.7788380980491638
vb0[131]+024 TANGENT: 0.350888729095459, 0.780580997467041, -0.5172721147537231, -1.0
vb0[131]+040 BLENDWEIGHTS: 0.998046875, 0.001953125, 0.0, 0.0
vb0[131]+056 BLENDINDICES: 1, 0, 0, 0
vb0[131]+072 COLOR: 1.0, 0.5019607843137255, 0.5019607843137255, 0.10196078431372549
vb0[131]+076 TEXCOORD: 0.6539905071258545, 0.280918151140213

vb0[132]+000 POSITION: 0.036288730800151825, 1.4283161163330078, 0.12504352629184723
vb0[132]+012 NORMAL: -0.021022658795118332, 0.6592439413070679, -0.7516352534294128
vb0[132]+024 TANGENT: 0.6880780458450317, -0.4788258671760559, -0.5452288389205933, -1.0
vb0[132]+040 BLENDWEIGHTS: 1.0, 0.0, 0.0, 0.0
vb0[132]+056 BLENDINDICES: 1, 0, 0, 0
vb0[132]+072 COLOR: 1.0, 0.5019607843137255, 0.5019607843137255, 0.0
vb0[132]+076 TEXCOORD: 0.6528143882751465, 0.28443416953086853

vb0[133]+000 POSITION: 0.0011007391149178147, 1.4726577997207642, 0.14636076986789703
vb0[133]+012 NORMAL: -0.751064121723175, -0.20472286641597748, -0.6276873350143433
vb0[133]+024 TANGENT: -0.22163009643554688, -0.06775563955307007, -0.9727740287780762, -1.0
vb0[133]+040 BLENDWEIGHTS: 0.697265625, 0.302734375, 0.0, 0.0
vb0[133]+056 BLENDINDICES: 1, 0, 0, 0
vb0[133]+072 COLOR: 1.0, 0.5019607843137255, 0.5019607843137255, 0.0
vb0[133]+076 TEXCOORD: 0.6678822040557861, 0.23959596455097198

vb0[134]+000 POSITION: 0.00700711365789175, 1.4647276401519775, 0.14217720925807953
vb0[134]+012 NORMAL: -0.7343506813049316, -0.19604194164276123, -0.6498435139656067
vb0[134]+024 TANGENT: -0.4774034917354584, -0.0472835898399353, -0.8774110078811646, -1.0
vb0[134]+040 BLENDWEIGHTS: 0.7890625, 0.2109375, 0.0, 0.0
vb0[134]+056 BLENDINDICES: 1, 0, 0, 0
vb0[134]+072 COLOR: 1.0, 0.5019607843137255, 0.5019607843137255, 0.5019607843137255
vb0[134]+076 TEXCOORD: 0.6642436981201172, 0.24723710119724274

vb0[135]+000 POSITION: 0.004282317124307156, 1.462838053703308, 0.14591218531131744
vb0[135]+012 NORMAL: -0.7375475764274597, -0.19748221337795258, -0.645774245262146
vb0[135]+024 TANGENT: -0.8651418089866638, -0.47000429034233093, 0.1750013679265976, -1.0
vb0[135]+040 BLENDWEIGHTS: 0.8046875, 0.1953125, 0.0, 0.0
vb0[135]+056 BLENDINDICES: 1, 0, 0, 0
vb0[135]+072 COLOR: 1.0, 0.5019607843137255, 0.5019607843137255, 0.4
vb0[135]+076 TEXCOORD: 0.6681199073791504, 0.2476043552160263

vb0[136]+000 POSITION: 0.0030469459015876055, 1.47446870803833, 0.14380519092082977
vb0[136]+012 NORMAL: -0.7228924036026001, -0.1910698413848877, -0.6640172600746155
vb0[136]+024 TANGENT: -0.4723680317401886, -0.07803631573915482, -0.8779401183128357, -1.0
vb0[136]+040 BLENDWEIGHTS: 0.6796875, 0.3203125, 0.0, 0.0
vb0[136]+056 BLENDINDICES: 1, 0, 0, 0
vb0[136]+072 COLOR: 1.0, 0.5019607843137255, 0.5019607843137255, 0.5019607843137255
vb0[136]+076 TEXCOORD: 0.6648988723754883, 0.23893298208713531

vb0[137]+000 POSITION: 0.009007264859974384, 1.4542701244354248, 0.1430583894252777
vb0[137]+012 NORMAL: -0.7349136471748352, -0.2056199461221695, -0.6462370157241821
vb0[137]+024 TANGENT: -0.8346799612045288, -0.5369042158126831, 0.1226506158709526, -1.0
vb0[137]+040 BLENDWEIGHTS: 0.8828125, 0.1171875, 0.0, 0.0
vb0[137]+056 BLENDINDICES: 1, 0, 0, 0
vb0[137]+072 COLOR: 1.0, 0.5019607843137255, 0.5019607843137255, 0.5019607843137255
vb0[137]+076 TEXCOORD: 0.666252851486206, 0.2553175985813141

vb0[138]+000 POSITION: 0.0109998295083642, 1.4561012983322144, 0.1402316391468048
vb0[138]+012 NORMAL: -0.734569787979126, -0.20624734461307526, -0.6464280486106873
vb0[138]+024 TANGENT: -0.48643600940704346, -0.022923648357391357, -0.873415470123291, -1.0
vb0[138]+040 BLENDWEIGHTS: 0.87109375, 0.12890625, 0.0, 0.0
vb0[138]+056 BLENDINDICES: 1, 0, 0, 0
vb0[138]+072 COLOR: 1.0, 0.5019607843137255, 0.5019607843137255, 0.5019607843137255
vb0[138]+076 TEXCOORD: 0.6632561683654785, 0.2547721266746521

vb0[139]+000 POSITION: 0.014048261567950249, 1.4466675519943237, 0.140016108751297
vb0[139]+012 NORMAL: -0.7242532968521118, -0.2238776981830597, -0.6521778702735901
vb0[139]+024 TANGENT: -0.7809790372848511, -0.6179953217506409, 0.09029721468687057, -1.0
vb0[139]+040 BLENDWEIGHTS: 0.9375, 0.0625, 0.0, 0.0
vb0[139]+056 BLENDINDICES: 1, 0, 0, 0
vb0[139]+072 COLOR: 1.0, 0.5019607843137255, 0.5019607843137255, 0.4
vb0[139]+076 TEXCOORD: 0.6640763282775879, 0.2624346911907196

vb0[140]+000 POSITION: 0.015544547699391842, 1.4483740329742432, 0.1377478688955307
vb0[140]+012 NORMAL: -0.7239306569099426, -0.22434495389461517, -0.6523754000663757
vb0[140]+024 TANGENT: -0.4874165654182434, 0.003994941711425781, -0.8731604814529419, -1.0
vb0[140]+040 BLENDWEIGHTS: 0.927734375, 0.072265625, 0.0, 0.0
vb0[140]+056 BLENDINDICES: 1, 0, 0, 0
vb0[140]+072 COLOR: 1.0, 0.5019607843137255, 0.5019607843137255, 0.4
vb0[140]+076 TEXCOORD: 0.6616559028625488, 0.2618509829044342

vb0[141]+000 POSITION: 0.01854873262345791, 1.4411729574203491, 0.13697265088558197
vb0[141]+012 NORMAL: -0.7166631817817688, -0.232108011841774, -0.6576623320579529
vb0[141]+024 TANGENT: -0.7232091426849365, -0.688836932182312, 0.049721717834472656, -1.0
vb0[141]+040 BLENDWEIGHTS: 0.966796875, 0.033203125, 0.0, 0.0
vb0[141]+056 BLENDINDICES: 1, 0, 0, 0
vb0[141]+072 COLOR: 1.0, 0.5019607843137255, 0.5019607843137255, 0.30196078431372547
vb0[141]+076 TEXCOORD: 0.6620028018951416, 0.2679148018360138

vb0[142]+000 POSITION: 0.02078699693083763, 1.4412950277328491, 0.13449116051197052
vb0[142]+012 NORMAL: -0.7084656357765198, -0.2373248189687729, -0.6646451950073242
vb0[142]+024 TANGENT: -0.4557844400405884, 0.04118001461029053, -0.8891371488571167, -1.0
vb0[142]+040 BLENDWEIGHTS: 0.96875, 0.03125, 0.0, 0.0
vb0[142]+056 BLENDINDICES: 1, 0, 0, 0
vb0[142]+072 COLOR: 1.0, 0.5019607843137255, 0.5019607843137255, 0.30196078431372547
vb0[142]+076 TEXCOORD: 0.6598055362701416, 0.26885467767715454

vb0[143]+000 POSITION: 0.023717693984508514, 1.4360411167144775, 0.1333659142255783
vb0[143]+012 NORMAL: -0.6985893249511719, -0.2454146444797516, -0.6721194982528687
vb0[143]+024 TANGENT: -0.6586602330207825, -0.7522796392440796, 0.015555142425000668, -1.0
vb0[143]+040 BLENDWEIGHTS: 0.98828125, 0.01171875, 0.0, 0.0
vb0[143]+056 BLENDINDICES: 1, 0, 0, 0
vb0[143]+072 COLOR: 1.0, 0.5019607843137255, 0.5019607843137255, 0.2
vb0[143]+076 TEXCOORD: 0.6596339344978333, 0.27355536818504333

vb0[144]+000 POSITION: 0.025834860280156136, 1.435939908027649, 0.13122567534446716
vb0[144]+012 NORMAL: -0.6816278696060181, -0.26527076959609985, -0.681920051574707
vb0[144]+024 TANGENT: -0.41293835639953613, 0.15820443630218506, -0.8969132304191589, -1.0
vb0[144]+040 BLENDWEIGHTS: 0.98828125, 0.01171875, 0.0, 0.0
vb0[144]+056 BLENDINDICES: 1, 0, 0, 0
vb0[144]+072 COLOR: 1.0, 0.5019607843137255, 0.5019607843137255, 0.2
vb0[144]+076 TEXCOORD: 0.6577939987182617, 0.27467039227485657

vb0[145]+000 POSITION: 0.027898704633116722, 1.4327064752578735, 0.13053232431411743
vb0[145]+012 NORMAL: -0.665595531463623, -0.27758991718292236, -0.6927672624588013
vb0[145]+024 TANGENT: -0.5834859013557434, -0.8119222521781921, -0.018067119643092155, -1.0
vb0[145]+040 BLENDWEIGHTS: 0.99609375, 0.00390625, 0.0, 0.0
vb0[145]+056 BLENDINDICES: 1, 0, 0, 0
vb0[145]+072 COLOR: 1.0, 0.5019607843137255, 0.5019607843137255, 0.14901960784313725
vb0[145]+076 TEXCOORD: 0.6576566696166992, 0.2776607275009155

vb0[146]+000 POSITION: 0.029120704159140587, 1.4331835508346558, 0.1292247474193573
vb0[146]+012 NORMAL: -0.6564669013023376, -0.27287834882736206, -0.7032699584960938
vb0[146]+024 TANGENT: -0.39850354194641113, 0.18410873413085938, -0.8984981775283813, -1.0
vb0[146]+040 BLENDWEIGHTS: 0.99609375, 0.00390625, 0.0, 0.0
vb0[146]+056 BLENDINDICES: 1, 0, 0, 0
vb0[146]+072 COLOR: 1.0, 0.5019607843137255, 0.5019607843137255, 0.14901960784313725
vb0[146]+076 TEXCOORD: 0.6563353538513184, 0.27796250581741333

vb0[147]+000 POSITION: -0.0015997677110135555, 1.4877122640609741, 0.14512306451797485
vb0[147]+012 NORMAL: -0.7149340510368347, -0.1837114542722702, -0.6746253371238708
vb0[147]+024 TANGENT: 0.035268958657979965, -0.04672318324446678, -0.9982849955558777, -1.0
vb0[147]+040 BLENDWEIGHTS: 0.515625, 0.484375, 0.0, 0.0
vb0[147]+056 BLENDINDICES: 1, 0, 0, 0
vb0[147]+072 COLOR: 1.0, 0.5019607843137255, 0.5019607843137255, 0.0
vb0[147]+076 TEXCOORD: 0.665241003036499, 0.2279398888349533

vb0[148]+000 POSITION: 0.00018048574565909803, 1.4724749326705933, 0.14842264354228973
vb0[148]+012 NORMAL: -0.8719522356987, -0.26367101073265076, -0.4125249683856964
vb0[148]+024 TANGENT: -0.08496212959289551, -0.26703470945358276, 0.9599343538284302, -1.0
vb0[148]+040 BLENDWEIGHTS: 0.69921875, 0.30078125, 0.0, 0.0
vb0[148]+056 BLENDINDICES: 1, 0, 0, 0
vb0[148]+072 COLOR: 1.0, 0.5019607843137255, 0.5019607843137255, 0.0
vb0[148]+076 TEXCOORD: 0.6680257320404053, 0.24442927539348602

vb0[149]+000 POSITION: 0.03213729336857796, 1.4301247596740723, 0.12763532996177673
vb0[149]+012 NORMAL: -0.6310207843780518, -0.2698863446712494, -0.727306067943573
vb0[149]+024 TANGENT: -0.5105108022689819, -0.8535814881324768, -0.10381418466567993, -1.0
vb0[149]+040 BLENDWEIGHTS: 1.0, 0.0, 0.0, 0.0
vb0[149]+056 BLENDINDICES: 1, 0, 0, 0
vb0[149]+072 COLOR: 1.0, 0.5019607843137255, 0.5019607843137255, 0.10196078431372549
vb0[149]+076 TEXCOORD: 0.6553549766540527, 0.2813366651535034

vb0[150]+000 POSITION: 0.03218284994363785, 1.4308162927627563, 0.1273510903120041
vb0[150]+012 NORMAL: -0.6362996697425842, -0.26944953203201294, -0.7228552103042603
vb0[150]+024 TANGENT: -0.3900618553161621, 0.19727744162082672, -0.8994072079658508, -1.0
vb0[150]+040 BLENDWEIGHTS: 0.998046875, 0.001953125, 0.0, 0.0
vb0[150]+056 BLENDINDICES: 1, 0, 0, 0
vb0[150]+072 COLOR: 1.0, 0.5019607843137255, 0.5019607843137255, 0.10196078431372549
vb0[150]+076 TEXCOORD: 0.6549396514892578, 0.28092193603515625

vb0[151]+000 POSITION: 0.036288730800151825, 1.4283161163330078, 0.12504352629184723
vb0[151]+012 NORMAL: -0.5921716094017029, -0.27264654636383057, -0.758285403251648
vb0[151]+024 TANGENT: 0.6880780458450317, -0.4788258671760559, -0.5452288389205933, -1.0
vb0[151]+040 BLENDWEIGHTS: 1.0, 0.0, 0.0, 0.0
vb0[151]+056 BLENDINDICES: 1, 0, 0, 0
vb0[151]+072 COLOR: 1.0, 0.5019607843137255, 0.5019607843137255, 0.0
vb0[151]+076 TEXCOORD: 0.6528143882751465, 0.28443416953086853

vb0[152]+000 POSITION: 0.003733609337359667, 1.4630526304244995, 0.14412006735801697
vb0[152]+012 NORMAL: 0.8779764771461487, 0.12358733266592026, 0.46247538924217224
vb0[152]+024 TANGENT: 0.8735970258712769, 0.30686473846435547, -0.37770670652389526, -1.0
vb0[152]+040 BLENDWEIGHTS: 0.80078125, 0.19921875, 0.0, 0.0
vb0[152]+056 BLENDINDICES: 1, 0, 0, 0
vb0[152]+072 COLOR: 1.0, 0.5019607843137255, 0.5019607843137255, 0.30196078431372547
vb0[152]+076 TEXCOORD: 0.6698739528656006, 0.2473873645067215

vb0[153]+000 POSITION: 0.0011007391149178147, 1.4726577997207642, 0.14636076986789703
vb0[153]+012 NORMAL: 0.8979114294052124, 0.14954550564289093, 0.4139944314956665
vb0[153]+024 TANGENT: -0.22163009643554688, -0.06775563955307007, -0.9727740287780762, -1.0
vb0[153]+040 BLENDWEIGHTS: 0.697265625, 0.302734375, 0.0, 0.0
vb0[153]+056 BLENDINDICES: 1, 0, 0, 0
vb0[153]+072 COLOR: 1.0, 0.5019607843137255, 0.5019607843137255, 0.0
vb0[153]+076 TEXCOORD: 0.6678822040557861, 0.23959596455097198

vb0[154]+000 POSITION: 0.00018048574565909803, 1.4724749326705933, 0.14842264354228973
vb0[154]+012 NORMAL: 0.8953137993812561, 0.1453429013490677, 0.42105647921562195
vb0[154]+024 TANGENT: -0.08496212959289551, -0.26703470945358276, 0.9599343538284302, -1.0
vb0[154]+040 BLENDWEIGHTS: 0.69921875, 0.30078125, 0.0, 0.0
vb0[154]+056 BLENDINDICES: 1, 0, 0, 0
vb0[154]+072 COLOR: 1.0, 0.5019607843137255, 0.5019607843137255, 0.0
vb0[154]+076 TEXCOORD: 0.6680257320404053, 0.24442927539348602

vb0[155]+000 POSITION: 0.0029255880508571863, 1.4627735614776611, 0.14562664926052094
vb0[155]+012 NORMAL: 0.8744271397590637, 0.11779429018497467, 0.4706396460533142
vb0[155]+024 TANGENT: 0.6172794103622437, -0.04064493998885155, 0.7856934070587158, -1.0
vb0[155]+040 BLENDWEIGHTS: 0.802734375, 0.197265625, 0.0, 0.0
vb0[155]+056 BLENDINDICES: 1, 0, 0, 0
vb0[155]+072 COLOR: 1.0, 0.5019607843137255, 0.5019607843137255, 0.21176470588235294
vb0[155]+076 TEXCOORD: 0.6685206890106201, 0.24744334816932678

vb0[156]+000 POSITION: 0.005120573099702597, 1.4560532569885254, 0.1434297114610672
vb0[156]+012 NORMAL: 0.8816558718681335, 0.15193074941635132, 0.4467662274837494
vb0[156]+024 TANGENT: 0.6606916785240173, -0.01665741391479969, 0.7504726052284241, -1.0
vb0[156]+040 BLENDWEIGHTS: 0.865234375, 0.134765625, 0.0, 0.0
vb0[156]+056 BLENDINDICES: 1, 0, 0, 0
vb0[156]+072 COLOR: 1.0, 0.5019607843137255, 0.5019607843137255, 0.30196078431372547
vb0[156]+076 TEXCOORD: 0.67002272605896, 0.2530097961425781

vb0[157]+000 POSITION: 0.005843392573297024, 1.4561290740966797, 0.14188241958618164
vb0[157]+012 NORMAL: 0.8822897672653198, 0.1687038689851761, 0.43943583965301514
vb0[157]+024 TANGENT: 0.8052695989608765, 0.3841569721698761, -0.4516240358352661, -1.0
vb0[157]+040 BLENDWEIGHTS: 0.865234375, 0.134765625, 0.0, 0.0
vb0[157]+056 BLENDINDICES: 1, 0, 0, 0
vb0[157]+072 COLOR: 1.0, 0.5019607843137255, 0.5019607843137255, 0.4
vb0[157]+076 TEXCOORD: 0.6713447570800781, 0.25318899750709534

vb0[158]+000 POSITION: 0.007808674592524767, 1.4495669603347778, 0.14085912704467773
vb0[158]+012 NORMAL: 0.8747388124465942, 0.21283583343029022, 0.43535375595092773
vb0[158]+024 TANGENT: 0.6920763254165649, 0.025587676092982292, 0.7213705778121948, -1.0
vb0[158]+040 BLENDWEIGHTS: 0.916015625, 0.083984375, 0.0, 0.0
vb0[158]+056 BLENDINDICES: 1, 0, 0, 0
vb0[158]+072 COLOR: 1.0, 0.5019607843137255, 0.5019607843137255, 0.30196078431372547
vb0[158]+076 TEXCOORD: 0.6716039180755615, 0.2586357295513153

vb0[159]+000 POSITION: 0.008331911638379097, 1.4497535228729248, 0.13970434665679932
vb0[159]+012 NORMAL: 0.8686497807502747, 0.22385290265083313, 0.44196996092796326
vb0[159]+024 TANGENT: 0.7410627603530884, 0.45601844787597656, -0.4928216338157654, -1.0
vb0[159]+040 BLENDWEIGHTS: 0.916015625, 0.083984375, 0.0, 0.0
vb0[159]+056 BLENDINDICES: 1, 0, 0, 0
vb0[159]+072 COLOR: 1.0, 0.5019607843137255, 0.5019607843137255, 0.30196078431372547
vb0[159]+076 TEXCOORD: 0.6725971698760986, 0.2587425410747528

vb0[160]+000 POSITION: 0.01103957835584879, 1.4435418844223022, 0.13804881274700165
vb0[160]+012 NORMAL: 0.8349906206130981, 0.25670236349105835, 0.48671820759773254
vb0[160]+024 TANGENT: 0.6690387725830078, 0.06158220395445824, 0.7406718730926514, -1.0
vb0[160]+040 BLENDWEIGHTS: 0.953125, 0.046875, 0.0, 0.0
vb0[160]+056 BLENDINDICES: 1, 0, 0, 0
vb0[160]+072 COLOR: 1.0, 0.5019607843137255, 0.5019607843137255, 0.2
vb0[160]+076 TEXCOORD: 0.673147439956665, 0.2641969919204712

vb0[161]+000 POSITION: 0.011218218132853508, 1.4440072774887085, 0.137537881731987
vb0[161]+012 NORMAL: 0.8398314118385315, 0.25501614809036255, 0.4792182445526123
vb0[161]+024 TANGENT: 0.6787899732589722, 0.5431342124938965, -0.4942159652709961, -1.0
vb0[161]+040 BLENDWEIGHTS: 0.951171875, 0.048828125, 0.0, 0.0
vb0[161]+056 BLENDINDICES: 1, 0, 0, 0
vb0[161]+072 COLOR: 1.0, 0.5019607843137255, 0.5019607843137255, 0.2
vb0[161]+076 TEXCOORD: 0.6736602783203125, 0.2639879286289215

vb0[162]+000 POSITION: 0.013082701712846756, 1.4408053159713745, 0.13656316697597504
vb0[162]+012 NORMAL: 0.7671840190887451, 0.2689228653907776, 0.5823308825492859
vb0[162]+024 TANGENT: 0.6410945653915405, 0.06216764450073242, 0.7649398446083069, -1.0
vb0[162]+040 BLENDWEIGHTS: 0.966796875, 0.033203125, 0.0, 0.0
vb0[162]+056 BLENDINDICES: 1, 0, 0, 0
vb0[162]+072 COLOR: 1.0, 0.5019607843137255, 0.5019607843137255, 0.10588235294117647
vb0[162]+076 TEXCOORD: 0.6739308834075928, 0.2669941782951355

vb0[163]+000 POSITION: 0.013257477432489395, 1.4409008026123047, 0.13632847368717194
vb0[163]+012 NORMAL: 0.7609660625457764, 0.2610865831375122, 0.5939399003982544
vb0[163]+024 TANGENT: 0.6532915830612183, 0.6528165340423584, -0.38345885276794434, -1.0
vb0[163]+040 BLENDWEIGHTS: 0.966796875, 0.033203125, 0.0, 0.0
vb0[163]+056 BLENDINDICES: 1, 0, 0, 0
vb0[163]+072 COLOR: 1.0, 0.5019607843137255, 0.5019607843137255, 0.10588235294117647
vb0[163]+076 TEXCOORD: 0.6741666793823242, 0.2670342028141022

vb0[164]+000 POSITION: 0.015443059615790844, 1.4381277561187744, 0.13481147587299347
vb0[164]+012 NORMAL: 0.7337561249732971, 0.2284935861825943, 0.6398380398750305
vb0[164]+024 TANGENT: 0.6857633590698242, -0.5916385054588318, -0.4239014685153961, -1.0
vb0[164]+040 BLENDWEIGHTS: 0.978515625, 0.021484375, 0.0, 0.0
vb0[164]+056 BLENDINDICES: 1, 0, 0, 0
vb0[164]+072 COLOR: 1.0, 0.5019607843137255, 0.5019607843137255, 0.0
vb0[164]+076 TEXCOORD: 0.674734354019165, 0.26997700333595276

vb0[165]+000 POSITION: 0.03141584247350693, 1.501765251159668, 0.13870622217655182
vb0[165]+012 NORMAL: -0.33183029294013977, -0.19957560300827026, -0.9219860434532166
vb0[165]+024 TANGENT: -0.3658575713634491, -0.3310075104236603, -0.869817316532135, -1.0
vb0[165]+040 BLENDWEIGHTS: 1.0, 0.0, 0.0, 0.0
vb0[165]+056 BLENDINDICES: 0, 0, 0, 0
vb0[165]+072 COLOR: 1.0, 0.5019607843137255, 0.5019607843137255, 0.0
vb0[165]+076 TEXCOORD: 0.6367783546447754, 0.2259218692779541

vb0[166]+000 POSITION: 0.02737545222043991, 1.5213489532470703, 0.13570252060890198
vb0[166]+012 NORMAL: -0.2508448660373688, -0.3085993826389313, -0.9175201654434204
vb0[166]+024 TANGENT: -0.3736529052257538, -0.4949350357055664, -0.7844887971878052, -1.0
vb0[166]+040 BLENDWEIGHTS: 1.0, 0.0, 0.0, 0.0
vb0[166]+056 BLENDINDICES: 0, 0, 0, 0
vb0[166]+072 COLOR: 1.0, 0.5019607843137255, 0.5019607843137255, 0.0
vb0[166]+076 TEXCOORD: 0.6343982219696045, 0.2103385478258133

vb0[167]+000 POSITION: -0.004031464457511902, 1.5215829610824585, 0.13932403922080994
vb0[167]+012 NORMAL: -0.05129669979214668, -0.2818065881729126, -0.9580990076065063
vb0[167]+024 TANGENT: 0.09434164315462112, -0.4368913173675537, -0.8945533633232117, -1.0
vb0[167]+040 BLENDWEIGHTS: 0.8515625, 0.1484375, 0.0, 0.0
vb0[167]+056 BLENDINDICES: 0, 1, 0, 0
vb0[167]+072 COLOR: 1.0, 0.5019607843137255, 0.5019607843137255, 0.0
vb0[167]+076 TEXCOORD: 0.6574034690856934, 0.20216284692287445

vb0[168]+000 POSITION: -0.018768999725580215, 1.5072263479232788, 0.13798858225345612
vb0[168]+012 NORMAL: 0.30540207028388977, -0.1977766752243042, -0.9314579963684082
vb0[168]+024 TANGENT: -0.57140052318573, -0.23472066223621368, -0.7863889932632446, -1.0
vb0[168]+040 BLENDWEIGHTS: 0.73046875, 0.26953125, 0.0, 0.0
vb0[168]+056 BLENDINDICES: 0, 1, 0, 0
vb0[168]+072 COLOR: 1.0, 0.5019607843137255, 0.5019607843137255, 0.4
vb0[168]+076 TEXCOORD: 0.6722009181976318, 0.20802530646324158

vb0[169]+000 POSITION: -0.01909959688782692, 1.5165907144546509, 0.13559214770793915
vb0[169]+012 NORMAL: 0.32150694727897644, -0.2987273335456848, -0.8985517621040344
vb0[169]+024 TANGENT: -0.5731306076049805, -0.28013038635253906, -0.7700963020324707, -1.0
vb0[169]+040 BLENDWEIGHTS: 0.822265625, 0.177734375, 0.0, 0.0
vb0[169]+056 BLENDINDICES: 0, 1, 0, 0
vb0[169]+072 COLOR: 1.0, 0.5019607843137255, 0.5019607843137255, 0.30196078431372547
vb0[169]+076 TEXCOORD: 0.6698641777038574, 0.20087817311286926

vb0[170]+000 POSITION: 0.011056484654545784, 1.5287213325500488, 0.13157033920288086
vb0[170]+012 NORMAL: -0.10140213370323181, -0.6460423469543457, -0.756536066532135
vb0[170]+024 TANGENT: -0.1099698543548584, -0.656367301940918, -0.7463837265968323, -1.0
vb0[170]+040 BLENDWEIGHTS: 1.0, 0.0, 0.0, 0.0
vb0[170]+056 BLENDINDICES: 0, 0, 0, 0
vb0[170]+072 COLOR: 1.0, 0.5019607843137255, 0.5019607843137255, 0.0
vb0[170]+076 TEXCOORD: 0.64353346824646, 0.19930167496204376

vb0[171]+000 POSITION: 3.3487681321275886e-06, 1.5288944244384766, 0.13287805020809174
vb0[171]+012 NORMAL: -0.02380087971687317, -0.653702437877655, -0.7563773393630981
vb0[171]+024 TANGENT: -0.026293758302927017, -0.6528802514076233, -0.7570046782493591, -1.0
vb0[171]+040 BLENDWEIGHTS: 1.0, 0.0, 0.0, 0.0
vb0[171]+056 BLENDINDICES: 0, 0, 0, 0
vb0[171]+072 COLOR: 1.0, 0.5019607843137255, 0.5019607843137255, 0.0
vb0[171]+076 TEXCOORD: 0.6521167755126953, 0.19575409591197968

vb0[172]+000 POSITION: -0.011033067479729652, 1.5287213325500488, 0.13157033920288086
vb0[172]+012 NORMAL: 0.2364257574081421, -0.5990369915962219, -0.7650213241577148
vb0[172]+024 TANGENT: 0.23523855209350586, -0.5580363273620605, -0.795775294303894, -1.0
vb0[172]+040 BLENDWEIGHTS: 1.0, 0.0, 0.0, 0.0
vb0[172]+056 BLENDINDICES: 0, 0, 0, 0
vb0[172]+072 COLOR: 1.0, 0.5019607843137255, 0.5019607843137255, 0.0
vb0[172]+076 TEXCOORD: 0.6610012054443359, 0.19315163791179657

vb0[173]+000 POSITION: -0.0169935692101717, 1.523318886756897, 0.1327720582485199
vb0[173]+012 NORMAL: 0.34225350618362427, -0.48406171798706055, -0.8053240180015564
vb0[173]+024 TANGENT: 0.23637498915195465, -0.5111413598060608, -0.8263542652130127, -1.0
vb0[173]+040 BLENDWEIGHTS: 1.0, 0.0, 0.0, 0.0
vb0[173]+056 BLENDINDICES: 0, 0, 0, 0
vb0[173]+072 COLOR: 1.0, 0.5019607843137255, 0.5019607843137255, 0.4
vb0[173]+076 TEXCOORD: 0.6668062210083008, 0.195887491106987

vb0[174]+000 POSITION: 0.022211434319615364, 1.5281671285629272, 0.12913012504577637
vb0[174]+012 NORMAL: -0.29452335834503174, -0.7694242000579834, -0.5667825937271118
vb0[174]+024 TANGENT: -0.2676026523113251, -0.7660481333732605, -0.5844305753707886, -1.0
vb0[174]+040 BLENDWEIGHTS: 1.0, 0.0, 0.0, 0.0
vb0[174]+056 BLENDINDICES: 0, 0, 0, 0
vb0[174]+072 COLOR: 1.0, 0.5019607843137255, 0.5019607843137255, 0.0
vb0[174]+076 TEXCOORD: 0.6350231170654297, 0.20195125043392181

vb0[175]+000 POSITION: -0.05603465437889099, 1.4817835092544556, 0.12672576308250427
vb0[175]+012 NORMAL: 0.8935610055923462, -0.2442789524793625, -0.3766649067401886
vb0[175]+024 TANGENT: 0.9011386632919312, -0.4327149987220764, -0.026585577055811882, -1.0
vb0[175]+040 BLENDWEIGHTS: 1.0, 0.0, 0.0, 0.0
vb0[175]+056 BLENDINDICES: 0, 0, 0, 0
vb0[175]+072 COLOR: 1.0, 0.5019607843137255, 0.5019607843137255, 0.0
vb0[175]+076 TEXCOORD: 0.20614099502563477, 0.09275975823402405

vb0[176]+000 POSITION: -0.051310423761606216, 1.4898982048034668, 0.12999503314495087
vb0[176]+012 NORMAL: 0.8820628523826599, -0.4707406759262085, 0.019192064180970192
vb0[176]+024 TANGENT: 0.8105825185775757, -0.5463083386421204, 0.21095813810825348, -1.0
vb0[176]+040 BLENDWEIGHTS: 1.0, 0.0, 0.0, 0.0
vb0[176]+056 BLENDINDICES: 0, 0, 0, 0
vb0[176]+072 COLOR: 1.0, 0.5019607843137255, 0.5019607843137255, 0.0
vb0[176]+076 TEXCOORD: 0.19750666618347168, 0.09821318089962006

vb0[177]+000 POSITION: -0.05135812237858772, 1.4899308681488037, 0.13299024105072021
vb0[177]+012 NORMAL: 0.9116716384887695, -0.4087444841861725, -0.04222336784005165
vb0[177]+024 TANGENT: 0.3912368714809418, -0.42736512422561646, 0.8150415420532227, -1.0
vb0[177]+040 BLENDWEIGHTS: 1.0, 0.0, 0.0, 0.0
vb0[177]+056 BLENDINDICES: 0, 0, 0, 0
vb0[177]+072 COLOR: 1.0, 0.5019607843137255, 0.5019607843137255, 0.2980392156862745
vb0[177]+076 TEXCOORD: 0.19837093353271484, 0.10140141099691391

vb0[178]+000 POSITION: -0.054074421525001526, 1.4822527170181274, 0.13080742955207825
vb0[178]+012 NORMAL: 0.8836218118667603, -0.17722372710704803, -0.43336382508277893
vb0[178]+024 TANGENT: 0.5919381976127625, -0.4355284571647644, 0.6781771779060364, -1.0
vb0[178]+040 BLENDWEIGHTS: 1.0, 0.0, 0.0, 0.0
vb0[178]+056 BLENDINDICES: 0, 0, 0, 0
vb0[178]+072 COLOR: 1.0, 0.5019607843137255, 0.5019607843137255, 0.34901960784313724
vb0[178]+076 TEXCOORD: 0.20618629455566406, 0.0971166118979454

vb0[179]+000 POSITION: -0.06011185050010681, 1.4738132953643799, 0.12228664010763168
vb0[179]+012 NORMAL: 0.8673654794692993, -0.020297996699810028, -0.4972575902938843
vb0[179]+024 TANGENT: 0.9460915923118591, -0.32354071736335754, -0.015237512066960335, -1.0
vb0[179]+040 BLENDWEIGHTS: 0.97265625, 0.02734375, 0.0, 0.0
vb0[179]+056 BLENDINDICES: 0, 3, 0, 0
vb0[179]+072 COLOR: 1.0, 0.5019607843137255, 0.5019607843137255, 0.0
vb0[179]+076 TEXCOORD: 0.21401119232177734, 0.08690204471349716

vb0[180]+000 POSITION: -0.05660080909729004, 1.4739103317260742, 0.12782759964466095
vb0[180]+012 NORMAL: 0.8441668748855591, -0.045782748609781265, -0.5341218709945679
vb0[180]+024 TANGENT: 0.6844816207885742, -0.3932533264160156, 0.6138702630996704, -1.0
vb0[180]+040 BLENDWEIGHTS: 0.96484375, 0.03515625, 0.0, 0.0
vb0[180]+056 BLENDINDICES: 0, 3, 0, 0
vb0[180]+072 COLOR: 1.0, 0.5019607843137255, 0.5019607843137255, 0.40784313725490196
vb0[180]+076 TEXCOORD: 0.21505022048950195, 0.09270037710666656

vb0[181]+000 POSITION: -0.04798344150185585, 1.4979301691055298, 0.13502417504787445
vb0[181]+012 NORMAL: 0.6447249054908752, -0.5793137550354004, 0.49872374534606934
vb0[181]+024 TANGENT: -0.5498838424682617, 0.0485457181930542, 0.8338291645050049, -1.0
vb0[181]+040 BLENDWEIGHTS: 1.0, 0.0, 0.0, 0.0
vb0[181]+056 BLENDINDICES: 0, 0, 0, 0
vb0[181]+072 COLOR: 1.0, 0.5019607843137255, 0.5019607843137255, 0.0
vb0[181]+076 TEXCOORD: 0.18999004364013672, 0.10591413080692291

vb0[182]+000 POSITION: -0.04767529293894768, 1.4954804182052612, 0.13178016245365143
vb0[182]+012 NORMAL: 0.6447249054908752, -0.5793137550354004, 0.49872374534606934
vb0[182]+024 TANGENT: 0.7692010402679443, -0.5671150088310242, -0.29446640610694885, -1.0
vb0[182]+040 BLENDWEIGHTS: 1.0, 0.0, 0.0, 0.0
vb0[182]+056 BLENDINDICES: 0, 0, 0, 0
vb0[182]+072 COLOR: 1.0, 0.5019607843137255, 0.5019607843137255, 0.0
vb0[182]+076 TEXCOORD: 0.19093608856201172, 0.10115528106689453

vb0[183]+000 POSITION: -0.05865693464875221, 1.4657059907913208, 0.124749556183815
vb0[183]+012 NORMAL: 0.888274073600769, -0.009836532175540924, -0.4592083692550659
vb0[183]+024 TANGENT: 0.7012075185775757, -0.3408360183238983, 0.6262099742889404, -1.0
vb0[183]+040 BLENDWEIGHTS: 0.91015625, 0.08984375, 0.0, 0.0
vb0[183]+056 BLENDINDICES: 0, 3, 0, 0
vb0[183]+072 COLOR: 1.0, 0.5019607843137255, 0.5019607843137255, 0.30196078431372547
vb0[183]+076 TEXCOORD: 0.2231367826461792, 0.08823012560606003

vb0[184]+000 POSITION: -0.06243244558572769, 1.4637424945831299, 0.11708023399114609
vb0[184]+012 NORMAL: 0.7138295769691467, -0.01776685193181038, -0.7000941038131714
vb0[184]+024 TANGENT: 0.7735296487808228, -0.03647869825363159, -0.6327093839645386, -1.0
vb0[184]+040 BLENDWEIGHTS: 0.9072265625, 0.0927734375, 0.0, 0.0
vb0[184]+056 BLENDINDICES: 0, 3, 0, 0
vb0[184]+072 COLOR: 1.0, 0.5019607843137255, 0.5019607843137255, 0.0
vb0[184]+076 TEXCOORD: 0.22212886810302734, 0.07996712625026703

vb0[185]+000 POSITION: -0.054068464785814285, 1.4743015766143799, 0.12947650253772736
vb0[185]+012 NORMAL: -0.7850246429443359, 0.27356278896331787, -0.5557874441146851
vb0[185]+024 TANGENT: -0.9861086010932922, 0.06580781936645508, 0.15250957012176514, -1.0
vb0[185]+040 BLENDWEIGHTS: 0.962890625, 0.037109375, 0.0, 0.0
vb0[185]+056 BLENDINDICES: 0, 3, 0, 0
vb0[185]+072 COLOR: 1.0, 0.5019607843137255, 0.5019607843137255, 0.2
vb0[185]+076 TEXCOORD: 0.17061281204223633, 0.38633424043655396

vb0[186]+000 POSITION: -0.054002854973077774, 1.4690914154052734, 0.12689033150672913
vb0[186]+012 NORMAL: -0.7719842791557312, 0.2699088752269745, -0.5754907131195068
vb0[186]+024 TANGENT: -0.23295904695987701, 0.30914178490638733, -0.9220420122146606, -1.0
vb0[186]+040 BLENDWEIGHTS: 0.9248046875, 0.0751953125, 0.0, 0.0
vb0[186]+056 BLENDINDICES: 0, 3, 0, 0
vb0[186]+072 COLOR: 1.0, 0.5019607843137255, 0.5019607843137255, 0.17647058823529413
vb0[186]+076 TEXCOORD: 0.17113593220710754, 0.3801790177822113

vb0[187]+000 POSITION: -0.05452483892440796, 1.4689091444015503, 0.12750844657421112
vb0[187]+012 NORMAL: -0.7723999619483948, 0.27006518840789795, -0.5748592019081116
vb0[187]+024 TANGENT: -0.9934608936309814, 0.016989946365356445, 0.11290120333433151, -1.0
vb0[187]+040 BLENDWEIGHTS: 0.923828125, 0.076171875, 0.0, 0.0
vb0[187]+056 BLENDINDICES: 0, 3, 0, 0
vb0[187]+072 COLOR: 1.0, 0.5019607843137255, 0.5019607843137255, 0.17647058823529413
vb0[187]+076 TEXCOORD: 0.17175498604774475, 0.3802405297756195

vb0[188]+000 POSITION: -0.05311313644051552, 1.4749348163604736, 0.1284600794315338
vb0[188]+012 NORMAL: -0.7874124646186829, 0.27407965064048767, -0.5521431565284729
vb0[188]+024 TANGENT: -0.22959116101264954, 0.27309420704841614, -0.934188187122345, -1.0
vb0[188]+040 BLENDWEIGHTS: 0.96484375, 0.03515625, 0.0, 0.0
vb0[188]+056 BLENDINDICES: 0, 3, 0, 0
vb0[188]+072 COLOR: 1.0, 0.5019607843137255, 0.5019607843137255, 0.2
vb0[188]+076 TEXCOORD: 0.1693723201751709, 0.38654625415802

vb0[189]+000 POSITION: -0.0528755709528923, 1.4819226264953613, 0.1316278576850891
vb0[189]+012 NORMAL: -0.8046777844429016, 0.29214656352996826, -0.516859769821167
vb0[189]+024 TANGENT: -0.9741577506065369, 0.1436292976140976, 0.17431925237178802, -1.0
vb0[189]+040 BLENDWEIGHTS: 1.0, 0.0, 0.0, 0.0
vb0[189]+056 BLENDINDICES: 0, 0, 0, 0
vb0[189]+072 COLOR: 1.0, 0.5019607843137255, 0.5019607843137255, 0.22745098039215686
vb0[189]+076 TEXCOORD: 0.16863536834716797, 0.39473432302474976

vb0[190]+000 POSITION: -0.05155261233448982, 1.4829992055892944, 0.13020913302898407
vb0[190]+012 NORMAL: -0.814474880695343, 0.3050585091114044, -0.49352818727493286
vb0[190]+024 TANGENT: -0.26348695158958435, 0.25114381313323975, -0.931397557258606, -1.0
vb0[190]+040 BLENDWEIGHTS: 1.0, 0.0, 0.0, 0.0
vb0[190]+056 BLENDINDICES: 0, 0, 0, 0
vb0[190]+072 COLOR: 1.0, 0.5019607843137255, 0.5019607843137255, 0.2
vb0[190]+076 TEXCOORD: 0.16661196947097778, 0.3952085077762604

vb0[191]+000 POSITION: -0.054371919482946396, 1.4649039506912231, 0.12554429471492767
vb0[191]+012 NORMAL: -0.7439091801643372, 0.2623641788959503, -0.6146251559257507
vb0[191]+024 TANGENT: -0.2303999811410904, 0.33781588077545166, -0.9125767350196838, -1.0
vb0[191]+040 BLENDWEIGHTS: 0.88671875, 0.11328125, 0.0, 0.0
vb0[191]+056 BLENDINDICES: 0, 3, 0, 0
vb0[191]+072 COLOR: 1.0, 0.5019607843137255, 0.5019607843137255, 0.14901960784313725
vb0[191]+076 TEXCOORD: 0.17210525274276733, 0.3755214214324951

vb0[192]+000 POSITION: -0.054669782519340515, 1.4646621942520142, 0.1257735639810562
vb0[192]+012 NORMAL: -0.7362709045410156, 0.2618112564086914, -0.6239871978759766
vb0[192]+024 TANGENT: -0.998187243938446, -0.029336633160710335, 0.052551157772541046, -1.0
vb0[192]+040 BLENDWEIGHTS: 0.884765625, 0.115234375, 0.0, 0.0
vb0[192]+056 BLENDINDICES: 0, 3, 0, 0
vb0[192]+072 COLOR: 1.0, 0.5019607843137255, 0.5019607843137255, 0.14901960784313725
vb0[192]+076 TEXCOORD: 0.172329843044281, 0.37535426020622253

vb0[193]+000 POSITION: -0.05445867031812668, 1.4599134922027588, 0.12364865094423294
vb0[193]+012 NORMAL: -0.7126472592353821, 0.25991737842559814, -0.6515955924987793
vb0[193]+024 TANGENT: -0.09786342829465866, -0.8934122920036316, -0.43844857811927795, -1.0
vb0[193]+040 BLENDWEIGHTS: 0.830078125, 0.169921875, 0.0, 0.0
vb0[193]+056 BLENDINDICES: 0, 3, 0, 0
vb0[193]+072 COLOR: 1.0, 0.5019607843137255, 0.5019607843137255, 0.0
vb0[193]+076 TEXCOORD: 0.17272138595581055, 0.36989450454711914

vb0[194]+000 POSITION: -0.0508713535964489, 1.4895912408828735, 0.1334909349679947
vb0[194]+012 NORMAL: -0.8344602584838867, 0.3282008171081543, -0.44267401099205017
vb0[194]+024 TANGENT: -0.9472775459289551, 0.2253798246383667, 0.22774817049503326, -1.0
vb0[194]+040 BLENDWEIGHTS: 1.0, 0.0, 0.0, 0.0
vb0[194]+056 BLENDINDICES: 0, 0, 0, 0
vb0[194]+072 COLOR: 1.0, 0.5019607843137255, 0.5019607843137255, 0.2549019607843137
vb0[194]+076 TEXCOORD: 0.1662430763244629, 0.40308308601379395

vb0[195]+000 POSITION: -0.049825433641672134, 1.4891037940979004, 0.13114331662654877
vb0[195]+012 NORMAL: -0.8279674053192139, 0.32077112793922424, -0.45997366309165955
vb0[195]+024 TANGENT: -0.2801044285297394, 0.21567262709140778, -0.9354287385940552, -1.0
vb0[195]+040 BLENDWEIGHTS: 1.0, 0.0, 0.0, 0.0
vb0[195]+056 BLENDINDICES: 0, 0, 0, 0
vb0[195]+072 COLOR: 1.0, 0.5019607843137255, 0.5019607843137255, 0.10196078431372549
vb0[195]+076 TEXCOORD: 0.16388535499572754, 0.4015873968601227

vb0[196]+000 POSITION: -0.04767529293894768, 1.4954804182052612, 0.13178016245365143
vb0[196]+012 NORMAL: -0.8582561016082764, 0.3593234717845917, -0.36644667387008667
vb0[196]+024 TANGENT: 0.7692010402679443, -0.5671150088310242, -0.29446640610694885, -1.0
vb0[196]+040 BLENDWEIGHTS: 1.0, 0.0, 0.0, 0.0
vb0[196]+056 BLENDINDICES: 0, 0, 0, 0
vb0[196]+072 COLOR: 1.0, 0.5019607843137255, 0.5019607843137255, 0.0
vb0[196]+076 TEXCOORD: 0.16073107719421387, 0.4080584943294525

vb0[197]+000 POSITION: -0.04798344150185585, 1.4979301691055298, 0.13502417504787445
vb0[197]+012 NORMAL: -0.8607121109962463, 0.36359524726867676, -0.3563326597213745
vb0[197]+024 TANGENT: -0.5498838424682617, 0.0485457181930542, 0.8338291645050049, -1.0
vb0[197]+040 BLENDWEIGHTS: 1.0, 0.0, 0.0, 0.0
vb0[197]+056 BLENDINDICES: 0, 0, 0, 0
vb0[197]+072 COLOR: 1.0, 0.5019607843137255, 0.5019607843137255, 0.0
vb0[197]+076 TEXCOORD: 0.16297411918640137, 0.41210824251174927

vb0[198]+000 POSITION: -0.04476730152964592, 1.4051597118377686, 0.11972107738256454
vb0[198]+012 NORMAL: 0.6501964330673218, 0.6098055839538574, -0.45319077372550964
vb0[198]+024 TANGENT: 0.7964126467704773, -0.3449217975139618, 0.49674537777900696, -1.0
vb0[198]+040 BLENDWEIGHTS: 1.0, 0.0, 0.0, 0.0
vb0[198]+056 BLENDINDICES: 3, 0, 0, 0
vb0[198]+072 COLOR: 1.0, 0.5019607843137255, 0.5019607843137255, 0.0
vb0[198]+076 TEXCOORD: 0.275520920753479, 0.023174814879894257

vb0[199]+000 POSITION: -0.04751843214035034, 1.4059200286865234, 0.11679667979478836
vb0[199]+012 NORMAL: 0.6849237680435181, 0.5944806933403015, -0.42127442359924316
vb0[199]+024 TANGENT: 0.6024407148361206, -0.42356622219085693, -0.6765033602714539, -1.0
vb0[199]+040 BLENDWEIGHTS: 0.998046875, 0.001953125, 0.0, 0.0
vb0[199]+056 BLENDINDICES: 3, 0, 0, 0
vb0[199]+072 COLOR: 1.0, 0.5019607843137255, 0.5019607843137255, 0.14901960784313725
vb0[199]+076 TEXCOORD: 0.2738474905490875, 0.025700636208057404

vb0[200]+000 POSITION: -0.04784440994262695, 1.4075090885162354, 0.11846745014190674
vb0[200]+012 NORMAL: 0.6851223707199097, 0.5943865776062012, -0.42108428478240967
vb0[200]+024 TANGENT: 0.3320581614971161, 0.7116895318031311, 0.6190599799156189, -1.0
vb0[200]+040 BLENDWEIGHTS: 0.9921875, 0.0078125, 0.0, 0.0
vb0[200]+056 BLENDINDICES: 3, 0, 0, 0
vb0[200]+072 COLOR: 1.0, 0.5019607843137255, 0.5019607843137255, 0.16862745098039217
vb0[200]+076 TEXCOORD: 0.27271077036857605, 0.02434362843632698

vb0[201]+000 POSITION: -0.05018322169780731, 1.4095149040222168, 0.11745454370975494
vb0[201]+012 NORMAL: 0.727152943611145, 0.5732306838035583, -0.3776971399784088
vb0[201]+024 TANGENT: 0.3809843063354492, 0.6592352986335754, 0.6482743620872498, -1.0
vb0[201]+040 BLENDWEIGHTS: 0.978515625, 0.021484375, 0.0, 0.0
vb0[201]+056 BLENDINDICES: 3, 0, 0, 0
vb0[201]+072 COLOR: 1.0, 0.5019607843137255, 0.5019607843137255, 0.2
vb0[201]+076 TEXCOORD: 0.2703034579753876, 0.025296904146671295

vb0[202]+000 POSITION: -0.05020242929458618, 1.4070605039596558, 0.11385615915060043
vb0[202]+012 NORMAL: 0.7294044494628906, 0.5719936490058899, -0.37522295117378235
vb0[202]+024 TANGENT: 0.5977218151092529, -0.3890615701675415, -0.7009705901145935, -1.0
vb0[202]+040 BLENDWEIGHTS: 0.990234375, 0.009765625, 0.0, 0.0
vb0[202]+056 BLENDINDICES: 3, 0, 0, 0
vb0[202]+072 COLOR: 1.0, 0.5019607843137255, 0.5019607843137255, 0.2
vb0[202]+076 TEXCOORD: 0.2722463011741638, 0.028076309710741043

vb0[203]+000 POSITION: -0.05411676689982414, 1.4135857820510864, 0.11611194163560867
vb0[203]+012 NORMAL: 0.7723093628883362, 0.5365602970123291, -0.3400608003139496
vb0[203]+024 TANGENT: 0.42846420407295227, 0.564078688621521, 0.7058567404747009, -1.0
vb0[203]+040 BLENDWEIGHTS: 0.935546875, 0.064453125, 0.0, 0.0
vb0[203]+056 BLENDINDICES: 3, 0, 0, 0
vb0[203]+072 COLOR: 1.0, 0.5019607843137255, 0.5019607843137255, 0.25098039215686274
vb0[203]+076 TEXCOORD: 0.2656916379928589, 0.027574997395277023

vb0[204]+000 POSITION: -0.05442690849304199, 1.4095371961593628, 0.10901854187250137
vb0[204]+012 NORMAL: 0.7762663960456848, 0.5328792333602905, -0.33682364225387573
vb0[204]+024 TANGENT: 0.588687539100647, -0.3622787296772003, -0.7226349711418152, -1.0
vb0[204]+040 BLENDWEIGHTS: 0.96484375, 0.03515625, 0.0, 0.0
vb0[204]+056 BLENDINDICES: 3, 0, 0, 0
vb0[204]+072 COLOR: 1.0, 0.5019607843137255, 0.5019607843137255, 0.25098039215686274
vb0[204]+076 TEXCOORD: 0.2698262929916382, 0.03195866197347641

vb0[205]+000 POSITION: -0.05710740014910698, 1.4174271821975708, 0.1151227355003357
vb0[205]+012 NORMAL: 0.8148331046104431, 0.488857626914978, -0.3115529716014862
vb0[205]+024 TANGENT: 0.4681505262851715, 0.4963517189025879, 0.7310745716094971, -1.0
vb0[205]+040 BLENDWEIGHTS: 0.8828125, 0.1171875, 0.0, 0.0
vb0[205]+056 BLENDINDICES: 3, 0, 0, 0
vb0[205]+072 COLOR: 1.0, 0.5019607843137255, 0.5019607843137255, 0.30196078431372547
vb0[205]+076 TEXCOORD: 0.26175975799560547, 0.029687920585274696

vb0[206]+000 POSITION: -0.05933734402060509, 1.4136658906936646, 0.10358677804470062
vb0[206]+012 NORMAL: 0.8227334022521973, 0.4784994125366211, -0.3068355321884155
vb0[206]+024 TANGENT: 0.5332993268966675, -0.29622331261634827, -0.7923657894134521, -1.0
vb0[206]+040 BLENDWEIGHTS: 0.91015625, 0.08984375, 0.0, 0.0
vb0[206]+056 BLENDINDICES: 3, 0, 0, 0
vb0[206]+072 COLOR: 1.0, 0.5019607843137255, 0.5019607843137255, 0.30196078431372547
vb0[206]+076 TEXCOORD: 0.26716434955596924, 0.036525093019008636

vb0[207]+000 POSITION: -0.060004930943250656, 1.421709656715393, 0.11413270980119705
vb0[207]+012 NORMAL: 0.8543525338172913, 0.43017467856407166, -0.2916015684604645
vb0[207]+024 TANGENT: 0.5154855251312256, 0.3953430652618408, 0.7602490782737732, -1.0
vb0[207]+040 BLENDWEIGHTS: 0.80859375, 0.19140625, 0.0, 0.0
vb0[207]+056 BLENDINDICES: 3, 0, 0, 0
vb0[207]+072 COLOR: 1.0, 0.5019607843137255, 0.5019607843137255, 0.25098039215686274
vb0[207]+076 TEXCOORD: 0.25771769881248474, 0.031734541058540344

vb0[208]+000 POSITION: -0.06293441355228424, 1.418176293373108, 0.09999649971723557
vb0[208]+012 NORMAL: 0.8467278480529785, 0.4373815655708313, -0.30290162563323975
vb0[208]+024 TANGENT: 0.502747118473053, -0.20253662765026093, -0.8403714299201965, -1.0
vb0[208]+040 BLENDWEIGHTS: 0.833984375, 0.166015625, 0.0, 0.0
vb0[208]+056 BLENDINDICES: 3, 0, 0, 0
vb0[208]+072 COLOR: 1.0, 0.5019607843137255, 0.5019607843137255, 0.30196078431372547
vb0[208]+076 TEXCOORD: 0.2645685076713562, 0.040587179362773895

vb0[209]+000 POSITION: -0.0625055804848671, 1.4268549680709839, 0.11291328817605972
vb0[209]+012 NORMAL: 0.8927613496780396, 0.3439558744430542, -0.29098355770111084
vb0[209]+024 TANGENT: 0.7974730730056763, 0.4200223386287689, 0.4331488311290741, -1.0
vb0[209]+040 BLENDWEIGHTS: 0.703125, 0.296875, 0.0, 0.0
vb0[209]+056 BLENDINDICES: 3, 0, 0, 0
vb0[209]+072 COLOR: 1.0, 0.5019607843137255, 0.5019607843137255, 0.30196078431372547
vb0[209]+076 TEXCOORD: 0.2537103295326233, 0.03458423912525177

vb0[210]+000 POSITION: -0.03639572113752365, 1.5137094259262085, 0.13369283080101013
vb0[210]+012 NORMAL: 0.33065661787986755, -0.2196134477853775, -0.9178431034088135
vb0[210]+024 TANGENT: 0.7258834838867188, -0.6822593212127686, -0.0872659683227539, -1.0
vb0[210]+040 BLENDWEIGHTS: 1.0, 0.0, 0.0, 0.0
vb0[210]+056 BLENDINDICES: 0, 0, 0, 0
vb0[210]+072 COLOR: 1.0, 0.5019607843137255, 0.5019607843137255, 0.0
vb0[210]+076 TEXCOORD: 0.14734292030334473, 0.4271220564842224

vb0[211]+000 POSITION: -0.03254174441099167, 1.511592984199524, 0.13559181988239288
vb0[211]+012 NORMAL: 0.32518333196640015, -0.2218344807624817, -0.9192634224891663
vb0[211]+024 TANGENT: 0.8869053721427917, -0.46060091257095337, -0.03529525175690651, -1.0
vb0[211]+040 BLENDWEIGHTS: 1.0, 0.0, 0.0, 0.0
vb0[211]+056 BLENDINDICES: 0, 0, 0, 0
vb0[211]+072 COLOR: 1.0, 0.5019607843137255, 0.5019607843137255, 0.30196078431372547
vb0[211]+076 TEXCOORD: 0.14292383193969727, 0.4245208501815796

vb0[212]+000 POSITION: -0.03705041483044624, 1.5035418272018433, 0.13572487235069275
vb0[212]+012 NORMAL: 0.3807775378227234, -0.1590840220451355, -0.9108790755271912
vb0[212]+024 TANGENT: 0.8937625885009766, -0.4467339813709259, -0.04021381959319115, -1.0
vb0[212]+040 BLENDWEIGHTS: 1.0, 0.0, 0.0, 0.0
vb0[212]+056 BLENDINDICES: 0, 0, 0, 0
vb0[212]+072 COLOR: 1.0, 0.5019607843137255, 0.5019607843137255, 0.34901960784313724
vb0[212]+076 TEXCOORD: 0.1481475830078125, 0.41598668694496155

vb0[213]+000 POSITION: -0.027992239221930504, 1.5200800895690918, 0.13497233390808105
vb0[213]+012 NORMAL: 0.3110346794128418, -0.232853502035141, -0.9214318990707397
vb0[213]+024 TANGENT: 0.8963736295700073, -0.44283318519592285, -0.020324768498539925, -1.0
vb0[213]+040 BLENDWEIGHTS: 1.0, 0.0, 0.0, 0.0
vb0[213]+056 BLENDINDICES: 0, 0, 0, 0
vb0[213]+072 COLOR: 1.0, 0.5019607843137255, 0.5019607843137255, 0.2
vb0[213]+076 TEXCOORD: 0.13760113716125488, 0.433611661195755

vb0[214]+000 POSITION: -0.028606781736016273, 1.522430181503296, 0.13420861959457397
vb0[214]+012 NORMAL: 0.2928037643432617, -0.2352369874715805, -0.9267844557762146
vb0[214]+024 TANGENT: 0.6489090919494629, -0.760863184928894, -0.0020251870155334473, -1.0
vb0[214]+040 BLENDWEIGHTS: 1.0, 0.0, 0.0, 0.0
vb0[214]+056 BLENDINDICES: 0, 0, 0, 0
vb0[214]+072 COLOR: 1.0, 0.5019607843137255, 0.5019607843137255, 0.0
vb0[214]+076 TEXCOORD: 0.1384105682373047, 0.43627142906188965

vb0[215]+000 POSITION: -0.023348186165094376, 1.5284658670425415, 0.13403402268886566
vb0[215]+012 NORMAL: 0.24538660049438477, -0.24097487330436707, -0.9389976859092712
vb0[215]+024 TANGENT: 0.22640635073184967, -0.00970750954002142, 0.9739844799041748, -1.0
vb0[215]+040 BLENDWEIGHTS: 1.0, 0.0, 0.0, 0.0
vb0[215]+056 BLENDINDICES: 0, 0, 0, 0
vb0[215]+072 COLOR: 1.0, 0.5019607843137255, 0.5019607843137255, 0.0
vb0[215]+076 TEXCOORD: 0.132368803024292, 0.44256001710891724

vb0[216]+000 POSITION: -0.04199681058526039, 1.5063925981521606, 0.1331455260515213
vb0[216]+012 NORMAL: 0.392084002494812, -0.15479280054569244, -0.9068127274513245
vb0[216]+024 TANGENT: 0.7893770933151245, -0.5910567045211792, -0.16593897342681885, -1.0
vb0[216]+040 BLENDWEIGHTS: 1.0, 0.0, 0.0, 0.0
vb0[216]+056 BLENDINDICES: 0, 0, 0, 0
vb0[216]+072 COLOR: 1.0, 0.5019607843137255, 0.5019607843137255, 0.0
vb0[216]+076 TEXCOORD: 0.15384840965270996, 0.41949984431266785

vb0[217]+000 POSITION: -0.041141290217638016, 1.4952938556671143, 0.1349644511938095
vb0[217]+012 NORMAL: 0.42945656180381775, -0.09761454164981842, -0.8977964520454407
vb0[217]+024 TANGENT: 0.9016768336296082, -0.42905572056770325, -0.053759459406137466, -1.0
vb0[217]+040 BLENDWEIGHTS: 1.0, 0.0, 0.0, 0.0
vb0[217]+056 BLENDINDICES: 0, 0, 0, 0
vb0[217]+072 COLOR: 1.0, 0.5019607843137255, 0.5019607843137255, 0.34901960784313724
vb0[217]+076 TEXCOORD: 0.15337657928466797, 0.4075145423412323

vb0[218]+000 POSITION: -0.04767529293894768, 1.4954804182052612, 0.13178016245365143
vb0[218]+012 NORMAL: 0.43515899777412415, -0.08599285036325455, -0.8962375521659851
vb0[218]+024 TANGENT: 0.7692010402679443, -0.5671150088310242, -0.29446640610694885, -1.0
vb0[218]+040 BLENDWEIGHTS: 1.0, 0.0, 0.0, 0.0
vb0[218]+056 BLENDINDICES: 0, 0, 0, 0
vb0[218]+072 COLOR: 1.0, 0.5019607843137255, 0.5019607843137255, 0.0
vb0[218]+076 TEXCOORD: 0.16073107719421387, 0.4080584943294525

vb0[219]+000 POSITION: -0.04491259157657623, 1.487282633781433, 0.13367897272109985
vb0[219]+012 NORMAL: 0.44513311982154846, -0.011965892277657986, -0.8953844308853149
vb0[219]+024 TANGENT: 0.915771484375, -0.39774298667907715, -0.05624115839600563, -1.0
vb0[219]+040 BLENDWEIGHTS: 1.0, 0.0, 0.0, 0.0
vb0[219]+056 BLENDINDICES: 0, 0, 0, 0
vb0[219]+072 COLOR: 1.0, 0.5019607843137255, 0.5019607843137255, 0.30196078431372547
vb0[219]+076 TEXCOORD: 0.15831756591796875, 0.3992939293384552

vb0[220]+000 POSITION: -0.049825433641672134, 1.4891037940979004, 0.13114331662654877
vb0[220]+012 NORMAL: 0.44717836380004883, -0.0035559372045099735, -0.8944377899169922
vb0[220]+024 TANGENT: -0.2801044285297394, 0.21567262709140778, -0.9354287385940552, -1.0
vb0[220]+040 BLENDWEIGHTS: 1.0, 0.0, 0.0, 0.0
vb0[220]+056 BLENDINDICES: 0, 0, 0, 0
vb0[220]+072 COLOR: 1.0, 0.5019607843137255, 0.5019607843137255, 0.10196078431372549
vb0[220]+076 TEXCOORD: 0.16388535499572754, 0.4015873968601227

vb0[221]+000 POSITION: -0.05155261233448982, 1.4829992055892944, 0.13020913302898407
vb0[221]+012 NORMAL: 0.45341458916664124, 0.05891408026218414, -0.8893504738807678
vb0[221]+024 TANGENT: -0.26348695158958435, 0.25114381313323975, -0.931397557258606, -1.0
vb0[221]+040 BLENDWEIGHTS: 1.0, 0.0, 0.0, 0.0
vb0[221]+056 BLENDINDICES: 0, 0, 0, 0
vb0[221]+072 COLOR: 1.0, 0.5019607843137255, 0.5019607843137255, 0.2
vb0[221]+076 TEXCOORD: 0.16661196947097778, 0.3952085077762604

vb0[222]+000 POSITION: -0.047757819294929504, 1.4803119897842407, 0.13193678855895996
vb0[222]+012 NORMAL: 0.45446157455444336, 0.07080613076686859, -0.887947678565979
vb0[222]+024 TANGENT: 0.9370589852333069, -0.3420862853527069, -0.06998264789581299, -1.0
vb0[222]+040 BLENDWEIGHTS: 0.982421875, 0.017578125, 0.0, 0.0
vb0[222]+056 BLENDINDICES: 0, 3, 0, 0
vb0[222]+072 COLOR: 1.0, 0.5019607843137255, 0.5019607843137255, 0.22745098039215686
vb0[222]+076 TEXCOORD: 0.16242456436157227, 0.39215296506881714

vb0[223]+000 POSITION: -0.05311313644051552, 1.4749348163604736, 0.1284600794315338
vb0[223]+012 NORMAL: 0.4510449469089508, 0.13489581644535065, -0.8822481036186218
vb0[223]+024 TANGENT: -0.22959116101264954, 0.27309420704841614, -0.934188187122345, -1.0
vb0[223]+040 BLENDWEIGHTS: 0.96484375, 0.03515625, 0.0, 0.0
vb0[223]+056 BLENDINDICES: 0, 3, 0, 0
vb0[223]+072 COLOR: 1.0, 0.5019607843137255, 0.5019607843137255, 0.2
vb0[223]+076 TEXCOORD: 0.1693723201751709, 0.38654625415802

vb0[224]+000 POSITION: -0.05022759363055229, 1.4734008312225342, 0.12965340912342072
vb0[224]+012 NORMAL: 0.44956421852111816, 0.1393738090991974, -0.882307767868042
vb0[224]+024 TANGENT: 0.9481428861618042, -0.30186647176742554, -0.0995073989033699, -1.0
vb0[224]+040 BLENDWEIGHTS: 0.947265625, 0.052734375, 0.0, 0.0
vb0[224]+056 BLENDINDICES: 0, 3, 0, 0
vb0[224]+072 COLOR: 1.0, 0.5019607843137255, 0.5019607843137255, 0.2
vb0[224]+076 TEXCOORD: 0.16624188423156738, 0.3848635256290436

vb0[225]+000 POSITION: -0.054002854973077774, 1.4690914154052734, 0.12689033150672913
vb0[225]+012 NORMAL: 0.4264999330043793, 0.2043079137802124, -0.881110668182373
vb0[225]+024 TANGENT: -0.23295904695987701, 0.30914178490638733, -0.9220420122146606, -1.0
vb0[225]+040 BLENDWEIGHTS: 0.9248046875, 0.0751953125, 0.0, 0.0
vb0[225]+056 BLENDINDICES: 0, 3, 0, 0
vb0[225]+072 COLOR: 1.0, 0.5019607843137255, 0.5019607843137255, 0.17647058823529413
vb0[225]+076 TEXCOORD: 0.17113593220710754, 0.3801790177822113

vb0[226]+000 POSITION: -0.05199960991740227, 1.4682799577713013, 0.1276417374610901
vb0[226]+012 NORMAL: 0.4260110557079315, 0.20558005571365356, -0.881051242351532
vb0[226]+024 TANGENT: 0.9572382569313049, -0.2517243027687073, -0.1425827145576477, -1.0
vb0[226]+040 BLENDWEIGHTS: 0.9111328125, 0.0888671875, 0.0, 0.0
vb0[226]+056 BLENDINDICES: 0, 3, 0, 0
vb0[226]+072 COLOR: 1.0, 0.5019607843137255, 0.5019607843137255, 0.17647058823529413
vb0[226]+076 TEXCOORD: 0.16887050867080688, 0.3792461156845093

vb0[227]+000 POSITION: -0.054371919482946396, 1.4649039506912231, 0.12554429471492767
vb0[227]+012 NORMAL: 0.38820600509643555, 0.29171550273895264, -0.8741843104362488
vb0[227]+024 TANGENT: -0.2303999811410904, 0.33781588077545166, -0.9125767350196838, -1.0
vb0[227]+040 BLENDWEIGHTS: 0.88671875, 0.11328125, 0.0, 0.0
vb0[227]+056 BLENDINDICES: 0, 3, 0, 0
vb0[227]+072 COLOR: 1.0, 0.5019607843137255, 0.5019607843137255, 0.14901960784313725
vb0[227]+076 TEXCOORD: 0.17210525274276733, 0.3755214214324951

vb0[228]+000 POSITION: -0.053189706057310104, 1.4643311500549316, 0.12582795321941376
vb0[228]+012 NORMAL: 0.38529345393180847, 0.29625532031059265, -0.8739460706710815
vb0[228]+024 TANGENT: 0.9615562558174133, -0.1879335194826126, -0.20022650063037872, -1.0
vb0[228]+040 BLENDWEIGHTS: 0.876953125, 0.123046875, 0.0, 0.0
vb0[228]+056 BLENDINDICES: 0, 3, 0, 0
vb0[228]+072 COLOR: 1.0, 0.5019607843137255, 0.5019607843137255, 0.14901960784313725
vb0[228]+076 TEXCOORD: 0.1707550287246704, 0.3748600482940674

vb0[229]+000 POSITION: -0.05445867031812668, 1.4599134922027588, 0.12364865094423294
vb0[229]+012 NORMAL: 0.36658918857574463, 0.3248026967048645, -0.8718460202217102
vb0[229]+024 TANGENT: -0.09786342829465866, -0.8934122920036316, -0.43844857811927795, -1.0
vb0[229]+040 BLENDWEIGHTS: 0.830078125, 0.169921875, 0.0, 0.0
vb0[229]+056 BLENDINDICES: 0, 3, 0, 0
vb0[229]+072 COLOR: 1.0, 0.5019607843137255, 0.5019607843137255, 0.0
vb0[229]+076 TEXCOORD: 0.17272138595581055, 0.36989450454711914

vb0[230]+000 POSITION: -0.06292130053043365, 1.449746012687683, 0.11943444609642029
vb0[230]+012 NORMAL: 0.9390107989311218, 0.1696234792470932, 0.29914307594299316
vb0[230]+024 TANGENT: 0.464334636926651, 0.04438793659210205, 0.8845468759536743, -1.0
vb0[230]+040 BLENDWEIGHTS: 0.728515625, 0.271484375, 0.0, 0.0
vb0[230]+056 BLENDINDICES: 0, 3, 0, 0
vb0[230]+072 COLOR: 1.0, 0.5019607843137255, 0.5019607843137255, 0.2
vb0[230]+076 TEXCOORD: 0.23567137122154236, 0.03964260220527649

vb0[231]+000 POSITION: -0.06231573969125748, 1.447767734527588, 0.11865527182817459
vb0[231]+012 NORMAL: 0.9606980681419373, 0.2717920243740082, 0.05646546185016632
vb0[231]+024 TANGENT: 0.9302545189857483, 0.16023600101470947, -0.33007723093032837, -1.0
vb0[231]+040 BLENDWEIGHTS: 0.693359375, 0.306640625, 0.0, 0.0
vb0[231]+056 BLENDINDICES: 0, 3, 0, 0
vb0[231]+072 COLOR: 1.0, 0.5019607843137255, 0.5019607843137255, 0.0
vb0[231]+076 TEXCOORD: 0.23540067672729492, 0.04089125990867615

vb0[232]+000 POSITION: -0.0646006241440773, 1.4582422971725464, 0.12015251070261002
vb0[232]+012 NORMAL: 0.9320382475852966, 0.1566154658794403, 0.32676640152931213
vb0[232]+024 TANGENT: -0.39805760979652405, -0.15715624392032623, 0.9037987589836121, -1.0
vb0[232]+040 BLENDWEIGHTS: 0.85546875, 0.14453125, 0.0, 0.0
vb0[232]+056 BLENDINDICES: 0, 3, 0, 0
vb0[232]+072 COLOR: 1.0, 0.5019607843137255, 0.5019607843137255, 0.0
vb0[232]+076 TEXCOORD: 0.22699683904647827, 0.04339716583490372

vb0[233]+000 POSITION: -0.060496099293231964, 1.4415061473846436, 0.11895852535963058
vb0[233]+012 NORMAL: 0.9592995047569275, 0.2803933024406433, 0.033528394997119904
vb0[233]+024 TANGENT: 0.8525183796882629, 0.19842848181724548, 0.483568400144577, -1.0
vb0[233]+040 BLENDWEIGHTS: 0.56640625, 0.43359375, 0.0, 0.0
vb0[233]+056 BLENDINDICES: 0, 3, 0, 0
vb0[233]+072 COLOR: 1.0, 0.5019607843137255, 0.5019607843137255, 0.30196078431372547
vb0[233]+076 TEXCOORD: 0.24036210775375366, 0.03636624664068222

vb0[234]+000 POSITION: 0.04249211773276329, 1.465214490890503, 0.13730132579803467
vb0[234]+012 NORMAL: -0.105696901679039, 0.17023234069347382, -0.9797189235687256
vb0[234]+024 TANGENT: 0.9063335061073303, 0.11930643767118454, -0.4053707718849182, -1.0
vb0[234]+040 BLENDWEIGHTS: 0.75, 0.25, 0.0, 0.0
vb0[234]+056 BLENDINDICES: 0, 6, 0, 0
vb0[234]+072 COLOR: 1.0, 0.5019607843137255, 0.5019607843137255, 0.2235294117647059
vb0[234]+076 TEXCOORD: 0.1836347132921219, 0.11529096215963364

vb0[235]+000 POSITION: 0.0377328023314476, 1.4731407165527344, 0.13920769095420837
vb0[235]+012 NORMAL: -0.16319327056407928, 0.11405477672815323, -0.9799792766571045
vb0[235]+024 TANGENT: -0.9779149293899536, -0.1682262420654297, -0.12402523308992386, -1.0
vb0[235]+040 BLENDWEIGHTS: 0.87109375, 0.12890625, 0.0, 0.0
vb0[235]+056 BLENDINDICES: 0, 6, 0, 0
vb0[235]+072 COLOR: 1.0, 0.5019607843137255, 0.5019607843137255, 0.25098039215686274
vb0[235]+076 TEXCOORD: 0.1740410327911377, 0.11527927219867706

vb0[236]+000 POSITION: 0.041957639157772064, 1.473733901977539, 0.13851886987686157
vb0[236]+012 NORMAL: -0.16247180104255676, 0.1146843433380127, -0.9800256490707397
vb0[236]+024 TANGENT: 0.8788783550262451, 0.15228785574436188, -0.45208555459976196, -1.0
vb0[236]+040 BLENDWEIGHTS: 0.880859375, 0.119140625, 0.0, 0.0
vb0[236]+056 BLENDINDICES: 0, 6, 0, 0
vb0[236]+072 COLOR: 1.0, 0.5019607843137255, 0.5019607843137255, 0.25098039215686274
vb0[236]+076 TEXCOORD: 0.17567873001098633, 0.11921723186969757

vb0[237]+000 POSITION: 0.03917689993977547, 1.4646859169006348, 0.1375354379415512
vb0[237]+012 NORMAL: -0.10414032638072968, 0.17204470932483673, -0.9795690178871155
vb0[237]+024 TANGENT: -0.9741907119750977, -0.15469050407409668, -0.16438770294189453, -1.0
vb0[237]+040 BLENDWEIGHTS: 0.7373046875, 0.2626953125, 0.0, 0.0
vb0[237]+056 BLENDINDICES: 0, 6, 0, 0
vb0[237]+072 COLOR: 1.0, 0.5019607843137255, 0.5019607843137255, 0.2235294117647059
vb0[237]+076 TEXCOORD: 0.18256378173828125, 0.11241153627634048

vb0[238]+000 POSITION: 0.04278617352247238, 1.4569910764694214, 0.13562248647212982
vb0[238]+012 NORMAL: -0.07191451638936996, 0.21688158810138702, -0.9735454320907593
vb0[238]+024 TANGENT: 0.9322635531425476, 0.07941651344299316, -0.35295575857162476, -1.0
vb0[238]+040 BLENDWEIGHTS: 0.58984375, 0.41015625, 0.0, 0.0
vb0[238]+056 BLENDINDICES: 0, 6, 0, 0
vb0[238]+072 COLOR: 1.0, 0.5019607843137255, 0.5019607843137255, 0.2
vb0[238]+076 TEXCOORD: 0.19128823280334473, 0.11135855317115784

vb0[239]+000 POSITION: 0.04037706181406975, 1.4566776752471924, 0.13575004041194916
vb0[239]+012 NORMAL: -0.07186887413263321, 0.2174549400806427, -0.9734208583831787
vb0[239]+024 TANGENT: -0.9791962504386902, -0.13089250028133392, -0.15505431592464447, -1.0
vb0[239]+040 BLENDWEIGHTS: 0.580078125, 0.419921875, 0.0, 0.0
vb0[239]+056 BLENDINDICES: 0, 6, 0, 0
vb0[239]+072 COLOR: 1.0, 0.5019607843137255, 0.5019607843137255, 0.2
vb0[239]+076 TEXCOORD: 0.19048690795898438, 0.10938002169132233

vb0[240]+000 POSITION: 0.04275199770927429, 1.4504761695861816, 0.13407815992832184
vb0[240]+012 NORMAL: -0.06704100966453552, 0.24608713388442993, -0.9669263362884521
vb0[240]+024 TANGENT: 0.9564917683601379, 0.04396175965666771, -0.28842809796333313, -1.0
vb0[240]+040 BLENDWEIGHTS: 0.552734375, 0.447265625, 0.0, 0.0
vb0[240]+056 BLENDINDICES: 6, 0, 0, 0
vb0[240]+072 COLOR: 1.0, 0.5019607843137255, 0.5019607843137255, 0.14901960784313725
vb0[240]+076 TEXCOORD: 0.19728326797485352, 0.10804920643568039

vb0[241]+000 POSITION: 0.041234564036130905, 1.4502546787261963, 0.1341068595647812
vb0[241]+012 NORMAL: -0.06647404283285141, 0.2479938566684723, -0.9664782881736755
vb0[241]+024 TANGENT: -0.985473096370697, -0.1075250431895256, -0.13145756721496582, -1.0
vb0[241]+040 BLENDWEIGHTS: 0.560546875, 0.439453125, 0.0, 0.0
vb0[241]+056 BLENDINDICES: 6, 0, 0, 0
vb0[241]+072 COLOR: 1.0, 0.5019607843137255, 0.5019607843137255, 0.14901960784313725
vb0[241]+076 TEXCOORD: 0.19684171676635742, 0.10684198141098022

vb0[242]+000 POSITION: 0.042324718087911606, 1.4421648979187012, 0.13172078132629395
vb0[242]+012 NORMAL: -0.05832782760262489, 0.27517369389533997, -0.9596235752105713
vb0[242]+024 TANGENT: 0.03354280814528465, -0.9567532539367676, -0.28896012902259827, -1.0
vb0[242]+040 BLENDWEIGHTS: 0.74609375, 0.25390625, 0.0, 0.0
vb0[242]+056 BLENDINDICES: 6, 0, 0, 0
vb0[242]+072 COLOR: 1.0, 0.5019607843137255, 0.5019607843137255, 0.0
vb0[242]+076 TEXCOORD: 0.20479989051818848, 0.10339490324258804

vb0[243]+000 POSITION: 0.040714237838983536, 1.4833965301513672, 0.13960884511470795
vb0[243]+012 NORMAL: -0.19824810326099396, 0.07085069268941879, -0.9775878190994263
vb0[243]+024 TANGENT: -0.17251098155975342, -0.3142833709716797, 0.933523416519165, -1.0
vb0[243]+040 BLENDWEIGHTS: 0.9765625, 0.0234375, 0.0, 0.0
vb0[243]+056 BLENDINDICES: 0, 6, 0, 0
vb0[243]+072 COLOR: 1.0, 0.5019607843137255, 0.5019607843137255, 0.0
vb0[243]+076 TEXCOORD: 0.16649723052978516, 0.12315046787261963

vb0[244]+000 POSITION: 0.03590259328484535, 1.4828232526779175, 0.1405416876077652
vb0[244]+012 NORMAL: -0.19012482464313507, 0.07389824092388153, -0.9789748191833496
vb0[244]+024 TANGENT: -0.9828208684921265, -0.16649557650089264, -0.07963913679122925, -1.0
vb0[244]+040 BLENDWEIGHTS: 0.9716796875, 0.0283203125, 0.0, 0.0
vb0[244]+056 BLENDINDICES: 0, 6, 0, 0
vb0[244]+072 COLOR: 1.0, 0.5019607843137255, 0.5019607843137255, 0.28627450980392155
vb0[244]+076 TEXCOORD: 0.16441869735717773, 0.11859878897666931

vb0[245]+000 POSITION: 0.034098852425813675, 1.4917669296264648, 0.14126387238502502
vb0[245]+012 NORMAL: -0.31968727707862854, -0.06576401740312576, -0.9452380537986755
vb0[245]+024 TANGENT: -0.9690533876419067, -0.24517235159873962, 0.028740882873535156, -1.0
vb0[245]+040 BLENDWEIGHTS: 1.0, 0.0, 0.0, 0.0
vb0[245]+056 BLENDINDICES: 0, 0, 0, 0
vb0[245]+072 COLOR: 1.0, 0.5019607843137255, 0.5019607843137255, 0.27450980392156865
vb0[245]+076 TEXCOORD: 0.1554572582244873, 0.1214902400970459

vb0[246]+000 POSITION: 0.03175773844122887, 1.5020133256912231, 0.14121289551258087
vb0[246]+012 NORMAL: -0.33821386098861694, -0.08193833380937576, -0.9374953508377075
vb0[246]+024 TANGENT: 0.3008488416671753, -0.12245506793260574, 0.9457773566246033, -1.0
vb0[246]+040 BLENDWEIGHTS: 1.0, 0.0, 0.0, 0.0
vb0[246]+056 BLENDINDICES: 0, 0, 0, 0
vb0[246]+072 COLOR: 1.0, 0.5019607843137255, 0.5019607843137255, 0.0
vb0[246]+076 TEXCOORD: 0.14515018463134766, 0.1247817724943161

vb0[247]+000 POSITION: 0.060572344809770584, 1.4231678247451782, 0.10293316841125488
vb0[247]+012 NORMAL: -0.8882301449775696, 0.3854377865791321, -0.24996976554393768
vb0[247]+024 TANGENT: -0.968943178653717, 0.19968751072883606, -0.145856574177742, -1.0
vb0[247]+040 BLENDWEIGHTS: 0.94140625, 0.05859375, 0.0, 0.0
vb0[247]+056 BLENDINDICES: 2, 0, 0, 0
vb0[247]+072 COLOR: 1.0, 0.5019607843137255, 0.5019607843137255, 0.0
vb0[247]+076 TEXCOORD: 0.2965826988220215, 0.0346931517124176

vb0[248]+000 POSITION: 0.058547243475914, 1.4303131103515625, 0.11626468598842621
vb0[248]+012 NORMAL: -0.8655474185943604, 0.3680346608161926, -0.3396735191345215
vb0[248]+024 TANGENT: -0.5850159525871277, 0.24409626424312592, 0.7734165787696838, -1.0
vb0[248]+040 BLENDWEIGHTS: 0.875, 0.125, 0.0, 0.0
vb0[248]+056 BLENDINDICES: 2, 0, 0, 0
vb0[248]+072 COLOR: 1.0, 0.5019607843137255, 0.5019607843137255, 0.4
vb0[248]+076 TEXCOORD: 0.3008801341056824, 0.04550265520811081

vb0[249]+000 POSITION: 0.06556261330842972, 1.434044361114502, 0.10151755064725876
vb0[249]+012 NORMAL: -0.9152833223342896, 0.32275840640068054, -0.2410053312778473
vb0[249]+024 TANGENT: -0.9126711487770081, 0.3314460217952728, -0.23911243677139282, -1.0
vb0[249]+040 BLENDWEIGHTS: 0.7890625, 0.2109375, 0.0, 0.0
vb0[249]+056 BLENDINDICES: 2, 0, 0, 0
vb0[249]+072 COLOR: 1.0, 0.5019607843137255, 0.5019607843137255, 0.0
vb0[249]+076 TEXCOORD: 0.30567336082458496, 0.033939361572265625

vb0[250]+000 POSITION: 0.05557958036661148, 1.424277663230896, 0.11619643867015839
vb0[250]+012 NORMAL: -0.8223597407341003, 0.43576887249946594, -0.3658277094364166
vb0[250]+024 TANGENT: -0.5755795836448669, 0.33005762100219727, 0.7481778264045715, -1.0
vb0[250]+040 BLENDWEIGHTS: 0.9453125, 0.0546875, 0.0, 0.0
vb0[250]+056 BLENDINDICES: 2, 0, 0, 0
vb0[250]+072 COLOR: 1.0, 0.5019607843137255, 0.5019607843137255, 0.3254901960784314
vb0[250]+076 TEXCOORD: 0.29584288597106934, 0.04520118236541748

vb0[251]+000 POSITION: 0.05757548660039902, 1.4189597368240356, 0.10557349771261215
vb0[251]+012 NORMAL: -0.8223868012428284, 0.4357314109802246, -0.36581146717071533
vb0[251]+024 TANGENT: -0.4264352321624756, -0.33484578132629395, -0.8402566313743591, -1.0
vb0[251]+040 BLENDWEIGHTS: 0.9765625, 0.0234375, 0.0, 0.0
vb0[251]+056 BLENDINDICES: 2, 0, 0, 0
vb0[251]+072 COLOR: 1.0, 0.5019607843137255, 0.5019607843137255, 0.17647058823529413
vb0[251]+076 TEXCOORD: 0.29274290800094604, 0.03667087480425835

vb0[252]+000 POSITION: 0.0535733588039875, 1.415671944618225, 0.109684519469738
vb0[252]+012 NORMAL: -0.7550361752510071, 0.5200667381286621, -0.3993130922317505
vb0[252]+024 TANGENT: -0.5675538182258606, -0.2903302013874054, -0.7704486846923828, -1.0
vb0[252]+040 BLENDWEIGHTS: 0.99609375, 0.00390625, 0.0, 0.0
vb0[252]+056 BLENDINDICES: 2, 0, 0, 0
vb0[252]+072 COLOR: 1.0, 0.5019607843137255, 0.5019607843137255, 0.25098039215686274
vb0[252]+076 TEXCOORD: 0.28920063376426697, 0.03989812731742859

vb0[253]+000 POSITION: 0.05249724164605141, 1.4195616245269775, 0.11628404259681702
vb0[253]+012 NORMAL: -0.7520399689674377, 0.5235752463340759, -0.40038102865219116
vb0[253]+024 TANGENT: -0.541107177734375, 0.4679853916168213, 0.6987078785896301, -1.0
vb0[253]+040 BLENDWEIGHTS: 0.982421875, 0.017578125, 0.0, 0.0
vb0[253]+056 BLENDINDICES: 2, 0, 0, 0
vb0[253]+072 COLOR: 1.0, 0.5019607843137255, 0.5019607843137255, 0.30196078431372547
vb0[253]+076 TEXCOORD: 0.29152441024780273, 0.04518604278564453

vb0[254]+000 POSITION: 0.04973100870847702, 1.4135112762451172, 0.11324422806501389
vb0[254]+012 NORMAL: -0.6922749280929565, 0.5887461304664612, -0.41729313135147095
vb0[254]+024 TANGENT: -0.5710577964782715, -0.29675522446632385, -0.7653948068618774, -1.0
vb0[254]+040 BLENDWEIGHTS: 1.0, 0.0, 0.0, 0.0
vb0[254]+056 BLENDINDICES: 2, 0, 0, 0
vb0[254]+072 COLOR: 1.0, 0.5019607843137255, 0.5019607843137255, 0.2
vb0[254]+076 TEXCOORD: 0.2864207625389099, 0.04294383153319359

vb0[255]+000 POSITION: 0.04923756793141365, 1.4158533811569214, 0.11680055409669876
vb0[255]+012 NORMAL: -0.686931312084198, 0.5944478511810303, -0.41803961992263794
vb0[255]+024 TANGENT: -0.45803362131118774, 0.6181198954582214, 0.6388527750968933, -1.0
vb0[255]+040 BLENDWEIGHTS: 0.998046875, 0.001953125, 0.0, 0.0
vb0[255]+056 BLENDINDICES: 2, 0, 0, 0
vb0[255]+072 COLOR: 1.0, 0.5019607843137255, 0.5019607843137255, 0.2
vb0[255]+076 TEXCOORD: 0.2878468632698059, 0.045803748071193695

vb0[256]+000 POSITION: 0.06390147656202316, 1.4231362342834473, 0.08472113311290741
vb0[256]+012 NORMAL: -0.9096239805221558, 0.38237378001213074, -0.16240248084068298
vb0[256]+024 TANGENT: -0.7925174832344055, -0.1280161738395691, -0.5962616801261902, -1.0
vb0[256]+040 BLENDWEIGHTS: 0.9296875, 0.0703125, 0.0, 0.0
vb0[256]+056 BLENDINDICES: 2, 0, 0, 0
vb0[256]+072 COLOR: 1.0, 0.5019607843137255, 0.5019607843137255, 0.45098039215686275
vb0[256]+076 TEXCOORD: 0.2983987331390381, 0.021161675453186035

vb0[257]+000 POSITION: 0.06674542278051376, 1.4280248880386353, 0.08020206540822983
vb0[257]+012 NORMAL: -0.9285417795181274, 0.34058040380477905, -0.14769980311393738
vb0[257]+024 TANGENT: -0.769561767578125, -0.11620820313692093, -0.6279094815254211, -1.0
vb0[257]+040 BLENDWEIGHTS: 0.86328125, 0.13671875, 0.0, 0.0
vb0[257]+056 BLENDINDICES: 2, 0, 0, 0
vb0[257]+072 COLOR: 1.0, 0.5019607843137255, 0.5019607843137255, 0.45098039215686275
vb0[257]+076 TEXCOORD: 0.3025627136230469, 0.01780015230178833

vb0[258]+000 POSITION: 0.046835947781801224, 1.412524938583374, 0.11575066298246384
vb0[258]+012 NORMAL: -0.620893657207489, 0.6616469621658325, -0.42037394642829895
vb0[258]+024 TANGENT: -0.6003539562225342, -0.2683407664299011, -0.7533712983131409, -1.0
vb0[258]+040 BLENDWEIGHTS: 1.0, 0.0, 0.0, 0.0
vb0[258]+056 BLENDINDICES: 2, 0, 0, 0
vb0[258]+072 COLOR: 1.0, 0.5019607843137255, 0.5019607843137255, 0.10196078431372549
vb0[258]+076 TEXCOORD: 0.2846014201641083, 0.04528540372848511

vb0[259]+000 POSITION: 0.04688580706715584, 1.4138883352279663, 0.11741165071725845
vb0[259]+012 NORMAL: -0.6198869347572327, 0.6635720729827881, -0.41882261633872986
vb0[259]+024 TANGENT: -0.3645605444908142, 0.7272561192512512, 0.5815444588661194, -1.0
vb0[259]+040 BLENDWEIGHTS: 1.0, 0.0, 0.0, 0.0
vb0[259]+056 BLENDINDICES: 2, 0, 0, 0
vb0[259]+072 COLOR: 1.0, 0.5019607843137255, 0.5019607843137255, 0.12549019607843137
vb0[259]+076 TEXCOORD: 0.28559860587120056, 0.046582624316215515

vb0[260]+000 POSITION: 0.043734464794397354, 1.4117770195007324, 0.11856493353843689
vb0[260]+012 NORMAL: -0.6081839799880981, 0.6850290894508362, -0.4010578989982605
vb0[260]+024 TANGENT: -0.8260117769241333, -0.3207092881202698, 0.4635193347930908, -1.0
vb0[260]+040 BLENDWEIGHTS: 1.0, 0.0, 0.0, 0.0
vb0[260]+056 BLENDINDICES: 2, 0, 0, 0
vb0[260]+072 COLOR: 1.0, 0.5019607843137255, 0.5019607843137255, 0.0
vb0[260]+076 TEXCOORD: 0.2827584743499756, 0.04790624976158142

vb0[261]+000 POSITION: 0.0692245215177536, 1.4336718320846558, 0.07640160620212555
vb0[261]+012 NORMAL: -0.9475328922271729, 0.28964847326278687, -0.13522298634052277
vb0[261]+024 TANGENT: -0.7522194385528564, -0.0872764140367508, -0.6531071662902832, -1.0
vb0[261]+040 BLENDWEIGHTS: 0.767578125, 0.232421875, 0.0, 0.0
vb0[261]+056 BLENDINDICES: 2, 0, 0, 0
vb0[261]+072 COLOR: 1.0, 0.5019607843137255, 0.5019607843137255, 0.25098039215686274
vb0[261]+076 TEXCOORD: 0.30710482597351074, 0.015019441023468971

vb0[262]+000 POSITION: 0.06895332783460617, 1.4441670179367065, 0.10048243403434753
vb0[262]+012 NORMAL: -0.9426443576812744, 0.2598639130592346, -0.20950518548488617
vb0[262]+024 TANGENT: -0.9398148655891418, 0.25546279549598694, -0.2269071638584137, -1.0
vb0[262]+040 BLENDWEIGHTS: 0.58984375, 0.41015625, 0.0, 0.0
vb0[262]+056 BLENDINDICES: 2, 0, 0, 0
vb0[262]+072 COLOR: 1.0, 0.5019607843137255, 0.5019607843137255, 0.0
vb0[262]+076 TEXCOORD: 0.3137814998626709, 0.0336054265499115

vb0[263]+000 POSITION: 0.07180969417095184, 1.4408228397369385, 0.0726022943854332
vb0[263]+012 NORMAL: -0.9539036750793457, 0.26040977239608765, -0.14917926490306854
vb0[263]+024 TANGENT: -0.9732645750045776, 0.1731068193912506, -0.15096458792686462, -1.0
vb0[263]+040 BLENDWEIGHTS: 0.625, 0.375, 0.0, 0.0
vb0[263]+056 BLENDINDICES: 2, 0, 0, 0
vb0[263]+072 COLOR: 1.0, 0.5019607843137255, 0.5019607843137255, 0.0
vb0[263]+076 TEXCOORD: 0.3126528263092041, 0.012216389179229736

vb0[264]+000 POSITION: 0.06112895533442497, 1.4375338554382324, 0.11657103151082993
vb0[264]+012 NORMAL: -0.8988932967185974, 0.29196080565452576, -0.326725572347641
vb0[264]+024 TANGENT: -0.6015849709510803, 0.17054642736911774, 0.7803906798362732, -1.0
vb0[264]+040 BLENDWEIGHTS: 0.7578125, 0.2421875, 0.0, 0.0
vb0[264]+056 BLENDINDICES: 2, 0, 0, 0
vb0[264]+072 COLOR: 1.0, 0.5019607843137255, 0.5019607843137255, 0.4
vb0[264]+076 TEXCOORD: 0.3066873550415039, 0.046104758977890015

vb0[265]+000 POSITION: 0.06368903815746307, 1.4460645914077759, 0.11716336756944656
vb0[265]+012 NORMAL: -0.9103349447250366, 0.2610277235507965, -0.3211774528026581
vb0[265]+024 TANGENT: -0.6129730343818665, 0.06750058382749557, 0.7872150540351868, -1.0
vb0[265]+040 BLENDWEIGHTS: 0.587890625, 0.412109375, 0.0, 0.0
vb0[265]+056 BLENDINDICES: 2, 0, 0, 0
vb0[265]+072 COLOR: 1.0, 0.5019607843137255, 0.5019607843137255, 0.30196078431372547
vb0[265]+076 TEXCOORD: 0.3133575916290283, 0.0470653772354126

vb0[266]+000 POSITION: 0.06588110327720642, 1.4557808637619019, 0.11778292059898376
vb0[266]+012 NORMAL: -0.9416257739067078, 0.16248255968093872, -0.2948562800884247
vb0[266]+024 TANGENT: -0.8521219491958618, 0.11494457721710205, 0.5105643272399902, -1.0
vb0[266]+040 BLENDWEIGHTS: 0.607421875, 0.392578125, 0.0, 0.0
vb0[266]+056 BLENDINDICES: 0, 2, 0, 0
vb0[266]+072 COLOR: 1.0, 0.5019607843137255, 0.5019607843137255, 0.30196078431372547
vb0[266]+076 TEXCOORD: 0.3209015130996704, 0.047757092863321304

vb0[267]+000 POSITION: 0.07102850824594498, 1.4539403915405273, 0.09958817064762115
vb0[267]+012 NORMAL: -0.9570772647857666, 0.20485492050647736, -0.20503054559230804
vb0[267]+024 TANGENT: -0.9553999900817871, 0.1818889081478119, -0.23265239596366882, -1.0
vb0[267]+040 BLENDWEIGHTS: 0.607421875, 0.392578125, 0.0, 0.0
vb0[267]+056 BLENDINDICES: 0, 2, 0, 0
vb0[267]+072 COLOR: 1.0, 0.5019607843137255, 0.5019607843137255, 0.0
vb0[267]+076 TEXCOORD: 0.3213493824005127, 0.03350156545639038

vb0[268]+000 POSITION: 0.07518510520458221, 1.4513132572174072, 0.0728851929306984
vb0[268]+012 NORMAL: -0.9537616968154907, 0.265390545129776, -0.14108987152576447
vb0[268]+024 TANGENT: -0.9535962343215942, 0.2690659165382385, -0.13512049615383148, -1.0
vb0[268]+040 BLENDWEIGHTS: 0.591796875, 0.408203125, 0.0, 0.0
vb0[268]+056 BLENDINDICES: 0, 2, 0, 0
vb0[268]+072 COLOR: 1.0, 0.5019607843137255, 0.5019607843137255, 0.0
vb0[268]+076 TEXCOORD: 0.32158732414245605, 0.012832224369049072

vb0[269]+000 POSITION: 0.07847899943590164, 1.4621567726135254, 0.07292588800191879
vb0[269]+012 NORMAL: -0.9488656520843506, 0.2641497552394867, -0.17285506427288055
vb0[269]+024 TANGENT: -0.9560621380805969, 0.2581888437271118, -0.13886557519435883, -1.0
vb0[269]+040 BLENDWEIGHTS: 0.7802734375, 0.2197265625, 0.0, 0.0
vb0[269]+056 BLENDINDICES: 0, 2, 0, 0
vb0[269]+072 COLOR: 1.0, 0.5019607843137255, 0.5019607843137255, 0.0
vb0[269]+076 TEXCOORD: 0.330155611038208, 0.013208389282226562

vb0[270]+000 POSITION: 0.07872693240642548, 1.4610625505447388, 0.06177603080868721
vb0[270]+012 NORMAL: -0.9643746614456177, 0.25695887207984924, -0.06287869811058044
vb0[270]+024 TANGENT: -0.49584558606147766, 0.027335049584507942, -0.867980420589447, -1.0
vb0[270]+040 BLENDWEIGHTS: 0.76953125, 0.23046875, 0.0, 0.0
vb0[270]+056 BLENDINDICES: 0, 2, 0, 0
vb0[270]+072 COLOR: 1.0, 0.5019607843137255, 0.5019607843137255, 0.5019607843137255
vb0[270]+076 TEXCOORD: 0.3300607204437256, 0.004549890756607056

vb0[271]+000 POSITION: 0.08164771646261215, 1.472495675086975, 0.060484807938337326
vb0[271]+012 NORMAL: -0.9660823345184326, 0.25810331106185913, -0.008218055590987206
vb0[271]+024 TANGENT: -0.4764333665370941, 0.06785786151885986, -0.876587986946106, -1.0
vb0[271]+040 BLENDWEIGHTS: 0.91015625, 0.08984375, 0.0, 0.0
vb0[271]+056 BLENDINDICES: 0, 2, 0, 0
vb0[271]+072 COLOR: 1.0, 0.5019607843137255, 0.5019607843137255, 0.5019607843137255
vb0[271]+076 TEXCOORD: 0.3391737937927246, 0.0038307905197143555

vb0[272]+000 POSITION: 0.07591473311185837, 1.450262427330017, 0.0634671226143837
vb0[272]+012 NORMAL: -0.957740306854248, 0.2684597671031952, -0.10326069593429565
vb0[272]+024 TANGENT: -0.486937016248703, 0.0021936893463134766, -0.87343430519104, -1.0
vb0[272]+040 BLENDWEIGHTS: 0.58203125, 0.41796875, 0.0, 0.0
vb0[272]+056 BLENDINDICES: 0, 2, 0, 0
vb0[272]+072 COLOR: 1.0, 0.5019607843137255, 0.5019607843137255, 0.5019607843137255
vb0[272]+076 TEXCOORD: 0.3214733600616455, 0.005544215440750122

vb0[273]+000 POSITION: 0.0731549933552742, 1.4402356147766113, 0.06546904146671295
vb0[273]+012 NORMAL: -0.9512185454368591, 0.2666274607181549, -0.15521959960460663
vb0[273]+024 TANGENT: -0.4663791358470917, -0.04975104331970215, -0.8831847310066223, -1.0
vb0[273]+040 BLENDWEIGHTS: 0.625, 0.375, 0.0, 0.0
vb0[273]+056 BLENDINDICES: 2, 0, 0, 0
vb0[273]+072 COLOR: 1.0, 0.5019607843137255, 0.5019607843137255, 0.4
vb0[273]+076 TEXCOORD: 0.31350040435791016, 0.00669938325881958

vb0[274]+000 POSITION: 0.07126748561859131, 1.4340718984603882, 0.06706936657428741
vb0[274]+012 NORMAL: -0.9398548603057861, 0.25644543766975403, -0.2256290763616562
vb0[274]+024 TANGENT: -0.45443257689476013, -0.12097267806529999, -0.8825284838676453, -1.0
vb0[274]+040 BLENDWEIGHTS: 0.748046875, 0.251953125, 0.0, 0.0
vb0[274]+056 BLENDINDICES: 2, 0, 0, 0
vb0[274]+072 COLOR: 1.0, 0.5019607843137255, 0.5019607843137255, 0.4
vb0[274]+076 TEXCOORD: 0.3084757328033447, 0.007104754447937012

vb0[275]+000 POSITION: 0.07005991786718369, 1.4353985786437988, 0.07346837222576141
vb0[275]+012 NORMAL: -0.9356900453567505, 0.2631816565990448, -0.23498861491680145
vb0[275]+024 TANGENT: -0.6671891212463379, 0.331215500831604, 0.6671993732452393, -1.0
vb0[275]+040 BLENDWEIGHTS: 0.734375, 0.265625, 0.0, 0.0
vb0[275]+056 BLENDINDICES: 2, 0, 0, 0
vb0[275]+072 COLOR: 1.0, 0.5019607843137255, 0.5019607843137255, 0.11372549019607843
vb0[275]+076 TEXCOORD: 0.3083000183105469, 0.012144684791564941

vb0[276]+000 POSITION: 0.06941089034080505, 1.4290364980697632, 0.06899049878120422
vb0[276]+012 NORMAL: -0.9303330779075623, 0.2763511836528778, -0.24106085300445557
vb0[276]+024 TANGENT: -0.4683600962162018, -0.21691109240055084, -0.8564978241920471, -1.0
vb0[276]+040 BLENDWEIGHTS: 0.8359375, 0.1640625, 0.0, 0.0
vb0[276]+056 BLENDINDICES: 2, 0, 0, 0
vb0[276]+072 COLOR: 1.0, 0.5019607843137255, 0.5019607843137255, 0.4
vb0[276]+076 TEXCOORD: 0.3042266368865967, 0.00790494680404663

vb0[277]+000 POSITION: 0.06840253621339798, 1.4304152727127075, 0.0743357464671135
vb0[277]+012 NORMAL: -0.9289917945861816, 0.2799278795719147, -0.24210451543331146
vb0[277]+024 TANGENT: -0.6586732864379883, 0.3763279914855957, 0.651557207107544, -1.0
vb0[277]+040 BLENDWEIGHTS: 0.822265625, 0.177734375, 0.0, 0.0
vb0[277]+056 BLENDINDICES: 2, 0, 0, 0
vb0[277]+072 COLOR: 1.0, 0.5019607843137255, 0.5019607843137255, 0.30196078431372547
vb0[277]+076 TEXCOORD: 0.3042783737182617, 0.01214587688446045

vb0[278]+000 POSITION: 0.06765729188919067, 1.4255201816558838, 0.07105356454849243
vb0[278]+012 NORMAL: -0.912058413028717, 0.3248615860939026, -0.25022873282432556
vb0[278]+024 TANGENT: -0.5125811100006104, -0.2991957366466522, -0.8048244714736938, -1.0
vb0[278]+040 BLENDWEIGHTS: 0.888671875, 0.111328125, 0.0, 0.0
vb0[278]+056 BLENDINDICES: 2, 0, 0, 0
vb0[278]+072 COLOR: 1.0, 0.5019607843137255, 0.5019607843137255, 0.30196078431372547
vb0[278]+076 TEXCOORD: 0.30106019973754883, 0.009043276309967041

vb0[279]+000 POSITION: 0.06688342243432999, 1.426573395729065, 0.07524262368679047
vb0[279]+012 NORMAL: -0.9085372686386108, 0.33453381061553955, -0.2502940893173218
vb0[279]+024 TANGENT: -0.6251088380813599, 0.4555797278881073, 0.6337870955467224, -1.0
vb0[279]+040 BLENDWEIGHTS: 0.87890625, 0.12109375, 0.0, 0.0
vb0[279]+056 BLENDINDICES: 2, 0, 0, 0
vb0[279]+072 COLOR: 1.0, 0.5019607843137255, 0.5019607843137255, 0.30196078431372547
vb0[279]+076 TEXCOORD: 0.30109018087387085, 0.012352554127573967

vb0[280]+000 POSITION: 0.06563560664653778, 1.4225125312805176, 0.07369621843099594
vb0[280]+012 NORMAL: -0.8916120529174805, 0.37813836336135864, -0.2490772306919098
vb0[280]+024 TANGENT: -0.5793209075927734, -0.34235668182373047, -0.7397156953811646, -1.0
vb0[280]+040 BLENDWEIGHTS: 0.927734375, 0.072265625, 0.0, 0.0
vb0[280]+056 BLENDINDICES: 2, 0, 0, 0
vb0[280]+072 COLOR: 1.0, 0.5019607843137255, 0.5019607843137255, 0.25098039215686274
vb0[280]+076 TEXCOORD: 0.29810452461242676, 0.010715067386627197

vb0[281]+000 POSITION: 0.06511639803647995, 1.4229596853256226, 0.07634726911783218
vb0[281]+012 NORMAL: -0.8872586488723755, 0.38937750458717346, -0.24730005860328674
vb0[281]+024 TANGENT: -0.5822316408157349, 0.5378609895706177, 0.6096818447113037, -1.0
vb0[281]+040 BLENDWEIGHTS: 0.92578125, 0.07421875, 0.0, 0.0
vb0[281]+056 BLENDINDICES: 2, 0, 0, 0
vb0[281]+072 COLOR: 1.0, 0.5019607843137255, 0.5019607843137255, 0.25098039215686274
vb0[281]+076 TEXCOORD: 0.29796600341796875, 0.012772738933563232

vb0[282]+000 POSITION: 0.06271875649690628, 1.4188790321350098, 0.0779300257563591
vb0[282]+012 NORMAL: -0.8746156096458435, 0.41996875405311584, -0.24222654104232788
vb0[282]+024 TANGENT: -0.5773189067840576, -0.6679238080978394, 0.4696601629257202, -1.0
vb0[282]+040 BLENDWEIGHTS: 0.96484375, 0.03515625, 0.0, 0.0
vb0[282]+056 BLENDINDICES: 2, 0, 0, 0
vb0[282]+072 COLOR: 1.0, 0.5019607843137255, 0.5019607843137255, 0.0
vb0[282]+076 TEXCOORD: 0.29427671432495117, 0.013536602258682251

vb0[283]+000 POSITION: 0.08395930379629135, 1.481088399887085, 0.07395045459270477
vb0[283]+012 NORMAL: -0.9594935178756714, 0.1544988751411438, -0.2355891764163971
vb0[283]+024 TANGENT: -0.972382664680481, 0.1522747278213501, -0.1768735647201538, -1.0
vb0[283]+040 BLENDWEIGHTS: 0.970703125, 0.029296875, 0.0, 0.0
vb0[283]+056 BLENDINDICES: 0, 2, 0, 0
vb0[283]+072 COLOR: 1.0, 0.5019607843137255, 0.5019607843137255, 0.0
vb0[283]+076 TEXCOORD: 0.3449559807777405, 0.014661460183560848

vb0[284]+000 POSITION: 0.08426479995250702, 1.483801245689392, 0.05966022238135338
vb0[284]+012 NORMAL: -0.98978590965271, 0.1410738229751587, -0.02054133452475071
vb0[284]+024 TANGENT: -0.41755732893943787, 0.010185599327087402, -0.9085934162139893, -1.0
vb0[284]+040 BLENDWEIGHTS: 0.984375, 0.015625, 0.0, 0.0
vb0[284]+056 BLENDINDICES: 0, 2, 0, 0
vb0[284]+072 COLOR: 1.0, 0.5019607843137255, 0.5019607843137255, 0.30196078431372547
vb0[284]+076 TEXCOORD: 0.3481912612915039, 0.003755629062652588

vb0[285]+000 POSITION: 0.08486520498991013, 1.497001051902771, 0.07319233566522598
vb0[285]+012 NORMAL: -0.9632207751274109, 0.047341711819171906, -0.26450785994529724
vb0[285]+024 TANGENT: -0.9757545590400696, 0.06132340431213379, -0.21010130643844604, -1.0
vb0[285]+040 BLENDWEIGHTS: 1.0, 0.0, 0.0, 0.0
vb0[285]+056 BLENDINDICES: 0, 0, 0, 0
vb0[285]+072 COLOR: 1.0, 0.5019607843137255, 0.5019607843137255, 0.0
vb0[285]+076 TEXCOORD: 0.35703325271606445, 0.01530805230140686

vb0[286]+000 POSITION: 0.07348740100860596, 1.4727150201797485, 0.09943386167287827
vb0[286]+012 NORMAL: -0.9467028379440308, 0.07085683196783066, -0.3142181634902954
vb0[286]+024 TANGENT: -0.9480167627334595, 0.07511937618255615, -0.30922678112983704, -1.0
vb0[286]+040 BLENDWEIGHTS: 0.880859375, 0.119140625, 0.0, 0.0
vb0[286]+056 BLENDINDICES: 0, 2, 0, 0
vb0[286]+072 COLOR: 1.0, 0.5019607843137255, 0.5019607843137255, 0.0
vb0[286]+076 TEXCOORD: 0.3355698585510254, 0.03470134735107422

vb0[287]+000 POSITION: 0.07817624509334564, 1.496544599533081, 0.08861198276281357
vb0[287]+012 NORMAL: -0.9116665720939636, -0.007208540104329586, -0.4108674228191376
vb0[287]+024 TANGENT: -0.9110298752784729, -0.007967711426317692, -0.41226351261138916, -1.0
vb0[287]+040 BLENDWEIGHTS: 1.0, 0.0, 0.0, 0.0
vb0[287]+056 BLENDINDICES: 0, 0, 0, 0
vb0[287]+072 COLOR: 1.0, 0.5019607843137255, 0.5019607843137255, 0.0
vb0[287]+076 TEXCOORD: 0.3547520637512207, 0.02806079387664795

vb0[288]+000 POSITION: 0.0718613788485527, 1.4961820840835571, 0.10155078023672104
vb0[288]+012 NORMAL: -0.8879212141036987, -0.1265418827533722, -0.4422476589679718
vb0[288]+024 TANGENT: -0.8846321105957031, -0.13271355628967285, -0.4470047056674957, -1.0
vb0[288]+040 BLENDWEIGHTS: 1.0, 0.0, 0.0, 0.0
vb0[288]+056 BLENDINDICES: 0, 0, 0, 0
vb0[288]+072 COLOR: 1.0, 0.5019607843137255, 0.5019607843137255, 0.0
vb0[288]+076 TEXCOORD: 0.35285186767578125, 0.03893887996673584

vb0[289]+000 POSITION: 0.06766503304243088, 1.473755121231079, 0.11813389509916306
vb0[289]+012 NORMAL: -0.7540686726570129, -0.09755478799343109, -0.6495102643966675
vb0[289]+024 TANGENT: -0.8001788258552551, -0.04604727402329445, -0.5979913473129272, -1.0
vb0[289]+040 BLENDWEIGHTS: 1.0, 0.0, 0.0, 0.0
vb0[289]+056 BLENDINDICES: 0, 0, 0, 0
vb0[289]+072 COLOR: 1.0, 0.5019607843137255, 0.5019607843137255, 0.0
vb0[289]+076 TEXCOORD: 0.33295679092407227, 0.04926145821809769

vb0[290]+000 POSITION: 0.061615727841854095, 1.4979259967803955, 0.11693848669528961
vb0[290]+012 NORMAL: -0.6688981652259827, -0.24942287802696228, -0.7002595663070679
vb0[290]+024 TANGENT: -0.7033558487892151, -0.27461859583854675, -0.6556487679481506, -1.0
vb0[290]+040 BLENDWEIGHTS: 1.0, 0.0, 0.0, 0.0
vb0[290]+056 BLENDINDICES: 0, 0, 0, 0
vb0[290]+072 COLOR: 1.0, 0.5019607843137255, 0.5019607843137255, 0.0
vb0[290]+076 TEXCOORD: 0.3523597717285156, 0.052867114543914795

vb0[291]+000 POSITION: 0.039440322667360306, 1.4830790758132935, 0.13655170798301697
vb0[291]+012 NORMAL: -0.5824571847915649, -0.15108735859394073, -0.7986965775489807
vb0[291]+024 TANGENT: -0.9136101007461548, -0.3078068494796753, -0.26565301418304443, -1.0
vb0[291]+040 BLENDWEIGHTS: 0.9697265625, 0.0302734375, 0.0, 0.0
vb0[291]+056 BLENDINDICES: 0, 6, 0, 0
vb0[291]+072 COLOR: 1.0, 0.5019607843137255, 0.5019607843137255, 0.5019607843137255
vb0[291]+076 TEXCOORD: 0.3399159908294678, 0.0743630975484848

vb0[292]+000 POSITION: 0.04238242655992508, 1.4740248918533325, 0.13492774963378906
vb0[292]+012 NORMAL: -0.5532075762748718, -0.011343925260007381, -0.8329662084579468
vb0[292]+024 TANGENT: -0.9058770537376404, -0.209853395819664, -0.3678971529006958, -1.0
vb0[292]+040 BLENDWEIGHTS: 0.876953125, 0.123046875, 0.0, 0.0
vb0[292]+056 BLENDINDICES: 0, 6, 0, 0
vb0[292]+072 COLOR: 1.0, 0.5019607843137255, 0.5019607843137255, 0.5019607843137255
vb0[292]+076 TEXCOORD: 0.33318662643432617, 0.07124197483062744

vb0[293]+000 POSITION: 0.03141584247350693, 1.501765251159668, 0.13870622217655182
vb0[293]+012 NORMAL: -0.33183029294013977, -0.19957560300827026, -0.9219860434532166
vb0[293]+024 TANGENT: -0.3658575713634491, -0.3310075104236603, -0.869817316532135, -1.0
vb0[293]+040 BLENDWEIGHTS: 1.0, 0.0, 0.0, 0.0
vb0[293]+056 BLENDINDICES: 0, 0, 0, 0
vb0[293]+072 COLOR: 1.0, 0.5019607843137255, 0.5019607843137255, 0.0
vb0[293]+076 TEXCOORD: 0.3541712760925293, 0.08076272904872894

vb0[294]+000 POSITION: 0.05835461616516113, 1.5097988843917847, 0.11396566778421402
vb0[294]+012 NORMAL: -0.6260703802108765, -0.32958006858825684, -0.7066915035247803
vb0[294]+024 TANGENT: -0.6580320000648499, -0.3359428644180298, -0.6738964319229126, -1.0
vb0[294]+040 BLENDWEIGHTS: 1.0, 0.0, 0.0, 0.0
vb0[294]+056 BLENDINDICES: 0, 0, 0, 0
vb0[294]+072 COLOR: 1.0, 0.5019607843137255, 0.5019607843137255, 0.0
vb0[294]+076 TEXCOORD: 0.36184120178222656, 0.05364459753036499

vb0[295]+000 POSITION: 0.08622877299785614, 1.4975512027740479, 0.05934624373912811
vb0[295]+012 NORMAL: -0.9860819578170776, 0.1387539952993393, -0.09159529954195023
vb0[295]+024 TANGENT: -0.8502357602119446, 0.18877862393856049, -0.4913875162601471, -1.0
vb0[295]+040 BLENDWEIGHTS: 1.0, 0.0, 0.0, 0.0
vb0[295]+056 BLENDINDICES: 0, 0, 0, 0
vb0[295]+072 COLOR: 1.0, 0.5019607843137255, 0.5019607843137255, 0.0
vb0[295]+076 TEXCOORD: 0.3587477207183838, 0.004476487636566162

vb0[296]+000 POSITION: 0.07236269116401672, 1.4636751413345337, 0.09949302673339844
vb0[296]+012 NORMAL: -0.9595150351524353, 0.12110647559165955, -0.2542913556098938
vb0[296]+024 TANGENT: -0.9581851363182068, 0.1201014518737793, -0.25972458720207214, -1.0
vb0[296]+040 BLENDWEIGHTS: 0.76953125, 0.23046875, 0.0, 0.0
vb0[296]+056 BLENDINDICES: 0, 2, 0, 0
vb0[296]+072 COLOR: 1.0, 0.5019607843137255, 0.5019607843137255, 0.0
vb0[296]+076 TEXCOORD: 0.32845962047576904, 0.0341014564037323

vb0[297]+000 POSITION: 0.039461977779865265, 1.5213537216186523, 0.12451673299074173
vb0[297]+012 NORMAL: -0.6052267551422119, -0.32343584299087524, -0.7273855209350586
vb0[297]+024 TANGENT: -0.6002019643783569, -0.3808407485485077, -0.7033618092536926, -1.0
vb0[297]+040 BLENDWEIGHTS: 1.0, 0.0, 0.0, 0.0
vb0[297]+056 BLENDINDICES: 0, 0, 0, 0
vb0[297]+072 COLOR: 1.0, 0.5019607843137255, 0.5019607843137255, 0.0
vb0[297]+076 TEXCOORD: 0.3701469898223877, 0.07004798948764801

vb0[298]+000 POSITION: 0.02737545222043991, 1.5213489532470703, 0.13570252060890198
vb0[298]+012 NORMAL: -0.2508448660373688, -0.3085993826389313, -0.9175201654434204
vb0[298]+024 TANGENT: -0.3736529052257538, -0.4949350357055664, -0.7844887971878052, -1.0
vb0[298]+040 BLENDWEIGHTS: 1.0, 0.0, 0.0, 0.0
vb0[298]+056 BLENDINDICES: 0, 0, 0, 0
vb0[298]+072 COLOR: 1.0, 0.5019607843137255, 0.5019607843137255, 0.0
vb0[298]+076 TEXCOORD: 0.3693532943725586, 0.08242204785346985

vb0[299]+000 POSITION: 0.022211434319615364, 1.5281671285629272, 0.12913012504577637
vb0[299]+012 NORMAL: -0.29452335834503174, -0.7694242000579834, -0.5667825937271118
vb0[299]+024 TANGENT: -0.2676026523113251, -0.7660481333732605, -0.5844305753707886, -1.0
vb0[299]+040 BLENDWEIGHTS: 1.0, 0.0, 0.0, 0.0
vb0[299]+056 BLENDINDICES: 0, 0, 0, 0
vb0[299]+072 COLOR: 1.0, 0.5019607843137255, 0.5019607843137255, 0.0
vb0[299]+076 TEXCOORD: 0.37747740745544434, 0.08241140842437744

vb0[300]+000 POSITION: 0.06692619621753693, 1.46481192111969, 0.11801768839359283
vb0[300]+012 NORMAL: -0.9530909657478333, 0.09961973875761032, -0.28582102060317993
vb0[300]+024 TANGENT: -0.8870766758918762, 0.07524216920137405, 0.45544880628585815, -1.0
vb0[300]+040 BLENDWEIGHTS: 0.7578125, 0.2421875, 0.0, 0.0
vb0[300]+056 BLENDINDICES: 0, 2, 0, 0
vb0[300]+072 COLOR: 1.0, 0.5019607843137255, 0.5019607843137255, 0.2
vb0[300]+076 TEXCOORD: 0.3269307613372803, 0.0486408956348896

vb0[301]+000 POSITION: 0.06722768396139145, 1.4648219347000122, 0.11818249523639679
vb0[301]+012 NORMAL: -0.5522645115852356, 0.05408311262726784, -0.8319128155708313
vb0[301]+024 TANGENT: -0.0822739526629448, 0.010812519118189812, -0.9965510368347168, -1.0
vb0[301]+040 BLENDWEIGHTS: 0.7563366889953613, 0.24366331100463867, 0.0, 0.0
vb0[301]+056 BLENDINDICES: 0, 6, 0, 0
vb0[301]+072 COLOR: 1.0, 0.5019607843137255, 0.5019607843137255, 0.2
vb0[301]+076 TEXCOORD: 0.3272468149662018, 0.0487196259200573

vb0[302]+000 POSITION: 0.04509187489748001, 1.4653429985046387, 0.13287153840065002
vb0[302]+012 NORMAL: -0.5514305233955383, 0.04944233223795891, -0.832754373550415
vb0[302]+024 TANGENT: -0.9007068276405334, -0.16443783044815063, -0.4021035432815552, -1.0
vb0[302]+040 BLENDWEIGHTS: 0.740234375, 0.259765625, 0.0, 0.0
vb0[302]+056 BLENDINDICES: 0, 6, 0, 0
vb0[302]+072 COLOR: 1.0, 0.5019607843137255, 0.5019607843137255, 0.4
vb0[302]+076 TEXCOORD: 0.3266773223876953, 0.06803178787231445

vb0[303]+000 POSITION: 0.0476781390607357, 1.4569096565246582, 0.13022467494010925
vb0[303]+012 NORMAL: -0.548678994178772, 0.1047685518860817, -0.82944256067276
vb0[303]+024 TANGENT: -0.8909748196601868, -0.11472927033901215, -0.43931880593299866, -1.0
vb0[303]+040 BLENDWEIGHTS: 0.57421875, 0.42578125, 0.0, 0.0
vb0[303]+056 BLENDINDICES: 0, 6, 0, 0
vb0[303]+072 COLOR: 1.0, 0.5019607843137255, 0.5019607843137255, 0.4
vb0[303]+076 TEXCOORD: 0.32048726081848145, 0.06475090980529785

vb0[304]+000 POSITION: 0.06568482518196106, 1.4557936191558838, 0.11811566352844238
vb0[304]+012 NORMAL: -0.5495161414146423, 0.11403454095125198, -0.8276642560958862
vb0[304]+024 TANGENT: -0.134451761841774, 0.028349997475743294, -0.9905145168304443, -1.0
vb0[304]+040 BLENDWEIGHTS: 0.53125, 0.46875, 0.0, 0.0
vb0[304]+056 BLENDINDICES: 0, 6, 0, 0
vb0[304]+072 COLOR: 1.0, 0.5019607843137255, 0.5019607843137255, 0.30196078431372547
vb0[304]+076 TEXCOORD: 0.32089734077453613, 0.048316072672605515

vb0[305]+000 POSITION: 0.0636691153049469, 1.4477405548095703, 0.11816579848527908
vb0[305]+012 NORMAL: -0.5459564924240112, 0.14149951934814453, -0.825778067111969
vb0[305]+024 TANGENT: -0.12086807936429977, -0.005020499229431152, -0.992655873298645, -1.0
vb0[305]+040 BLENDWEIGHTS: 0.646484375, 0.353515625, 0.0, 0.0
vb0[305]+056 BLENDINDICES: 6, 0, 0, 0
vb0[305]+072 COLOR: 1.0, 0.5019607843137255, 0.5019607843137255, 0.30196078431372547
vb0[305]+076 TEXCOORD: 0.31467294692993164, 0.04911729693412781

vb0[306]+000 POSITION: 0.05002571642398834, 1.4486383199691772, 0.12731795012950897
vb0[306]+012 NORMAL: -0.5451812148094177, 0.14292120933532715, -0.8260453939437866
vb0[306]+024 TANGENT: -0.8851782083511353, -0.08268506079912186, -0.4578457176685333, -1.0
vb0[306]+040 BLENDWEIGHTS: 0.609375, 0.390625, 0.0, 0.0
vb0[306]+056 BLENDINDICES: 6, 0, 0, 0
vb0[306]+072 COLOR: 1.0, 0.5019607843137255, 0.5019607843137255, 0.30196078431372547
vb0[306]+076 TEXCOORD: 0.31448817253112793, 0.061430901288986206

vb0[307]+000 POSITION: 0.05189753323793411, 1.44179368019104, 0.12483663111925125
vb0[307]+012 NORMAL: -0.5468569993972778, 0.15620803833007812, -0.8225244879722595
vb0[307]+024 TANGENT: -0.8861130475997925, -0.06755083799362183, -0.45851990580558777, -1.0
vb0[307]+040 BLENDWEIGHTS: 0.765625, 0.234375, 0.0, 0.0
vb0[307]+056 BLENDINDICES: 6, 0, 0, 0
vb0[307]+072 COLOR: 1.0, 0.5019607843137255, 0.5019607843137255, 0.2
vb0[307]+076 TEXCOORD: 0.3094465732574463, 0.058733999729156494

vb0[308]+000 POSITION: 0.06103389710187912, 1.4410254955291748, 0.11864766478538513
vb0[308]+012 NORMAL: -0.5427992343902588, 0.16414126753807068, -0.823666512966156
vb0[308]+024 TANGENT: 0.4480937719345093, -0.38309207558631897, -0.8077453374862671, -1.0
vb0[308]+040 BLENDWEIGHTS: 0.79296875, 0.20703125, 0.0, 0.0
vb0[308]+056 BLENDINDICES: 6, 0, 0, 0
vb0[308]+072 COLOR: 1.0, 0.5019607843137255, 0.5019607843137255, 0.30196078431372547
vb0[308]+076 TEXCOORD: 0.30945611000061035, 0.05089426040649414

vb0[309]+000 POSITION: 0.058239586651325226, 1.4364060163497925, 0.1195186972618103
vb0[309]+012 NORMAL: -0.5572018027305603, 0.21312540769577026, -0.8025607466697693
vb0[309]+024 TANGENT: 0.3843986988067627, -0.4737590253353119, -0.7923319935798645, -1.0
vb0[309]+040 BLENDWEIGHTS: 0.88671875, 0.11328125, 0.0, 0.0
vb0[309]+056 BLENDINDICES: 6, 0, 0, 0
vb0[309]+072 COLOR: 1.0, 0.5019607843137255, 0.5019607843137255, 0.30196078431372547
vb0[309]+076 TEXCOORD: 0.30579638481140137, 0.05262484773993492

vb0[310]+000 POSITION: 0.053620390594005585, 1.4351263046264648, 0.12244535237550735
vb0[310]+012 NORMAL: -0.6999318599700928, 0.24557778239250183, -0.6706615686416626
vb0[310]+024 TANGENT: -0.7211244106292725, 0.23269738256931305, -0.6525576710700989, -1.0
vb0[310]+040 BLENDWEIGHTS: 0.90625, 0.09375, 0.0, 0.0
vb0[310]+056 BLENDINDICES: 6, 0, 0, 0
vb0[310]+072 COLOR: 1.0, 0.5019607843137255, 0.5019607843137255, 0.0
vb0[310]+076 TEXCOORD: 0.30449628829956055, 0.05641049146652222

vb0[311]+000 POSITION: 0.05567839369177818, 1.4332904815673828, 0.12054576724767685
vb0[311]+012 NORMAL: -0.6303300261497498, 0.3144526779651642, -0.7097912430763245
vb0[311]+024 TANGENT: 0.27609944343566895, -0.5596842765808105, -0.7813594341278076, -1.0
vb0[311]+040 BLENDWEIGHTS: 0.939453125, 0.060546875, 0.0, 0.0
vb0[311]+056 BLENDINDICES: 6, 0, 0, 0
vb0[311]+072 COLOR: 1.0, 0.5019607843137255, 0.5019607843137255, 0.25098039215686274
vb0[311]+076 TEXCOORD: 0.3033427596092224, 0.05436965078115463

vb0[312]+000 POSITION: 0.05229335278272629, 1.408814787864685, 0.10588020831346512
vb0[312]+012 NORMAL: -0.8146899342536926, 0.4681316018104553, -0.3422473073005676
vb0[312]+024 TANGENT: -0.6352765560150146, -0.5389530658721924, 0.5531305074691772, -1.0
vb0[312]+040 BLENDWEIGHTS: 1.0, 0.0, 0.0, 0.0
vb0[312]+056 BLENDINDICES: 2, 0, 0, 0
vb0[312]+072 COLOR: 1.0, 0.5019607843137255, 0.5019607843137255, 0.0
vb0[312]+076 TEXCOORD: 0.28412914276123047, 0.03677073121070862

vb0[313]+000 POSITION: 0.0542038232088089, 1.4112377166748047, 0.10464656352996826
vb0[313]+012 NORMAL: -0.8203095197677612, 0.46975836157798767, -0.32621991634368896
vb0[313]+024 TANGENT: -0.6235418319702148, 0.6292581558227539, 0.46392855048179626, -1.0
vb0[313]+040 BLENDWEIGHTS: 1.0, 0.0, 0.0, 0.0
vb0[313]+056 BLENDINDICES: 2, 0, 0, 0
vb0[313]+072 COLOR: 1.0, 0.5019607843137255, 0.5019607843137255, 0.2
vb0[313]+076 TEXCOORD: 0.2864258289337158, 0.03579753637313843

vb0[314]+000 POSITION: 0.05422882363200188, 1.4099830389022827, 0.10287073999643326
vb0[314]+012 NORMAL: -0.8207172155380249, 0.46987366676330566, -0.32502633333206177
vb0[314]+024 TANGENT: -0.48776671290397644, -0.6370961666107178, -0.5968183279037476, -1.0
vb0[314]+040 BLENDWEIGHTS: 1.0, 0.0, 0.0, 0.0
vb0[314]+056 BLENDINDICES: 2, 0, 0, 0
vb0[314]+072 COLOR: 1.0, 0.5019607843137255, 0.5019607843137255, 0.2
vb0[314]+076 TEXCOORD: 0.28563642501831055, 0.03436911106109619

vb0[315]+000 POSITION: 0.05587007850408554, 1.4137074947357178, 0.10412206500768661
vb0[315]+012 NORMAL: -0.8731191754341125, 0.43071070313453674, -0.22836630046367645
vb0[315]+024 TANGENT: -0.6605191826820374, 0.4765039384365082, 0.5802227258682251, -1.0
vb0[315]+040 BLENDWEIGHTS: 0.998046875, 0.001953125, 0.0, 0.0
vb0[315]+056 BLENDINDICES: 2, 0, 0, 0
vb0[315]+072 COLOR: 1.0, 0.5019607843137255, 0.5019607843137255, 0.25098039215686274
vb0[315]+076 TEXCOORD: 0.28865551948547363, 0.035385191440582275

vb0[316]+000 POSITION: 0.05581047013401985, 1.411157250404358, 0.1004219576716423
vb0[316]+012 NORMAL: -0.8735343217849731, 0.4303252398967743, -0.22750358283519745
vb0[316]+024 TANGENT: -0.507752537727356, -0.6724588871002197, -0.5385039448738098, -1.0
vb0[316]+040 BLENDWEIGHTS: 1.0, 0.0, 0.0, 0.0
vb0[316]+056 BLENDINDICES: 2, 0, 0, 0
vb0[316]+072 COLOR: 1.0, 0.5019607843137255, 0.5019607843137255, 0.30196078431372547
vb0[316]+076 TEXCOORD: 0.2871875762939453, 0.0319482684135437

vb0[317]+000 POSITION: 0.05849924311041832, 1.4182735681533813, 0.10347027331590652
vb0[317]+012 NORMAL: -0.9016772508621216, 0.39177843928337097, -0.18299701809883118
vb0[317]+024 TANGENT: -0.680131733417511, 0.38960498571395874, 0.6209902167320251, -1.0
vb0[317]+040 BLENDWEIGHTS: 0.978515625, 0.021484375, 0.0, 0.0
vb0[317]+056 BLENDINDICES: 2, 0, 0, 0
vb0[317]+072 COLOR: 1.0, 0.5019607843137255, 0.5019607843137255, 0.25098039215686274
vb0[317]+076 TEXCOORD: 0.2926030158996582, 0.034941017627716064

vb0[318]+000 POSITION: 0.05841589719057083, 1.4144701957702637, 0.09513511508703232
vb0[318]+012 NORMAL: -0.9034256339073181, 0.38896265625953674, -0.1803613305091858
vb0[318]+024 TANGENT: -0.8233771920204163, -0.18391995131969452, -0.5368643403053284, -1.0
vb0[318]+040 BLENDWEIGHTS: 0.994140625, 0.005859375, 0.0, 0.0
vb0[318]+056 BLENDINDICES: 2, 0, 0, 0
vb0[318]+072 COLOR: 1.0, 0.5019607843137255, 0.5019607843137255, 0.5019607843137255
vb0[318]+076 TEXCOORD: 0.2904233932495117, 0.02832384780049324

vb0[319]+000 POSITION: 0.06110789254307747, 1.4183754920959473, 0.08978704363107681
vb0[319]+012 NORMAL: -0.914566695690155, 0.36728084087371826, -0.16932974755764008
vb0[319]+024 TANGENT: -0.8028539419174194, -0.18430306017398834, -0.5669726133346558, -1.0
vb0[319]+040 BLENDWEIGHTS: 0.97265625, 0.02734375, 0.0, 0.0
vb0[319]+056 BLENDINDICES: 2, 0, 0, 0
vb0[319]+072 COLOR: 1.0, 0.5019607843137255, 0.5019607843137255, 0.45098039215686275
vb0[319]+076 TEXCOORD: 0.29411351680755615, 0.024603765457868576

vb0[320]+000 POSITION: 0.06688342243432999, 1.426573395729065, 0.07524262368679047
vb0[320]+012 NORMAL: 0.19616885483264923, 0.1712874174118042, 0.9654937982559204
vb0[320]+024 TANGENT: -0.6251088380813599, 0.4555797278881073, 0.6337870955467224, -1.0
vb0[320]+040 BLENDWEIGHTS: 0.87890625, 0.12109375, 0.0, 0.0
vb0[320]+056 BLENDINDICES: 2, 0, 0, 0
vb0[320]+072 COLOR: 1.0, 0.5019607843137255, 0.5019607843137255, 0.30196078431372547
vb0[320]+076 TEXCOORD: 0.3618168830871582, 0.02332226186990738

vb0[321]+000 POSITION: 0.06717308610677719, 1.4228371381759644, 0.0759240910410881
vb0[321]+012 NORMAL: 0.2033289670944214, 0.1984967142343521, 0.9587786197662354
vb0[321]+024 TANGENT: 0.649949312210083, -0.3500344753265381, 0.6745678186416626, -1.0
vb0[321]+040 BLENDWEIGHTS: 0.921875, 0.078125, 0.0, 0.0
vb0[321]+056 BLENDINDICES: 2, 0, 0, 0
vb0[321]+072 COLOR: 1.0, 0.5019607843137255, 0.5019607843137255, 0.25098039215686274
vb0[321]+076 TEXCOORD: 0.36391353607177734, 0.027596235275268555

vb0[322]+000 POSITION: 0.06980596482753754, 1.4261000156402588, 0.07473569363355637
vb0[322]+012 NORMAL: 0.1932811290025711, 0.16210530698299408, 0.9676591157913208
vb0[322]+024 TANGENT: 0.6823183298110962, -0.2869102954864502, 0.6724017858505249, -1.0
vb0[322]+040 BLENDWEIGHTS: 0.875, 0.125, 0.0, 0.0
vb0[322]+056 BLENDINDICES: 2, 0, 0, 0
vb0[322]+072 COLOR: 1.0, 0.5019607843137255, 0.5019607843137255, 0.30196078431372547
vb0[322]+076 TEXCOORD: 0.3653147220611572, 0.02256019227206707

vb0[323]+000 POSITION: 0.06511639803647995, 1.4229596853256226, 0.07634726911783218
vb0[323]+012 NORMAL: 0.20565594732761383, 0.21579909324645996, 0.954534649848938
vb0[323]+024 TANGENT: -0.5822316408157349, 0.5378609895706177, 0.6096818447113037, -1.0
vb0[323]+040 BLENDWEIGHTS: 0.92578125, 0.07421875, 0.0, 0.0
vb0[323]+056 BLENDINDICES: 2, 0, 0, 0
vb0[323]+072 COLOR: 1.0, 0.5019607843137255, 0.5019607843137255, 0.25098039215686274
vb0[323]+076 TEXCOORD: 0.361630916595459, 0.028681384399533272

vb0[324]+000 POSITION: 0.06271875649690628, 1.4188790321350098, 0.0779300257563591
vb0[324]+012 NORMAL: 0.2093515694141388, 0.24420541524887085, 0.9468556642532349
vb0[324]+024 TANGENT: -0.5773189067840576, -0.6679238080978394, 0.4696601629257202, -1.0
vb0[324]+040 BLENDWEIGHTS: 0.96484375, 0.03515625, 0.0, 0.0
vb0[324]+056 BLENDINDICES: 2, 0, 0, 0
vb0[324]+072 COLOR: 1.0, 0.5019607843137255, 0.5019607843137255, 0.0
vb0[324]+076 TEXCOORD: 0.3614208698272705, 0.034797802567481995

vb0[325]+000 POSITION: 0.06840253621339798, 1.4304152727127075, 0.0743357464671135
vb0[325]+012 NORMAL: 0.1922842562198639, 0.13093309104442596, 0.9725654125213623
vb0[325]+024 TANGENT: -0.6586732864379883, 0.3763279914855957, 0.651557207107544, -1.0
vb0[325]+040 BLENDWEIGHTS: 0.822265625, 0.177734375, 0.0, 0.0
vb0[325]+056 BLENDINDICES: 2, 0, 0, 0
vb0[325]+072 COLOR: 1.0, 0.5019607843137255, 0.5019607843137255, 0.30196078431372547
vb0[325]+076 TEXCOORD: 0.36205220222473145, 0.018045859411358833

vb0[326]+000 POSITION: 0.07204680889844894, 1.4297477006912231, 0.07373493164777756
vb0[326]+012 NORMAL: 0.19295331835746765, 0.12472454458475113, 0.9732485413551331
vb0[326]+024 TANGENT: 0.7038027048110962, -0.23708637058734894, 0.6696655750274658, -1.0
vb0[326]+040 BLENDWEIGHTS: 0.81640625, 0.18359375, 0.0, 0.0
vb0[326]+056 BLENDINDICES: 2, 0, 0, 0
vb0[326]+072 COLOR: 1.0, 0.5019607843137255, 0.5019607843137255, 0.30196078431372547
vb0[326]+076 TEXCOORD: 0.3665504455566406, 0.017418833449482918

vb0[327]+000 POSITION: 0.07005991786718369, 1.4353985786437988, 0.07346837222576141
vb0[327]+012 NORMAL: 0.19588464498519897, 0.10635236650705338, 0.9748427867889404
vb0[327]+024 TANGENT: -0.6671891212463379, 0.331215500831604, 0.6671993732452393, -1.0
vb0[327]+040 BLENDWEIGHTS: 0.734375, 0.265625, 0.0, 0.0
vb0[327]+056 BLENDINDICES: 2, 0, 0, 0
vb0[327]+072 COLOR: 1.0, 0.5019607843137255, 0.5019607843137255, 0.11372549019607843
vb0[327]+076 TEXCOORD: 0.3625648021697998, 0.011395813897252083

vb0[328]+000 POSITION: 0.07454052567481995, 1.434370517730713, 0.07264956831932068
vb0[328]+012 NORMAL: 0.19046138226985931, 0.10023963451385498, 0.976563572883606
vb0[328]+024 TANGENT: 0.7224677205085754, -0.23046736419200897, 0.6518628001213074, -1.0
vb0[328]+040 BLENDWEIGHTS: 0.73046875, 0.26953125, 0.0, 0.0
vb0[328]+056 BLENDINDICES: 2, 0, 0, 0
vb0[328]+072 COLOR: 1.0, 0.5019607843137255, 0.5019607843137255, 0.4
vb0[328]+076 TEXCOORD: 0.3683619797229767, 0.011107477359473705

vb0[329]+000 POSITION: 0.07180969417095184, 1.4408228397369385, 0.0726022943854332
vb0[329]+012 NORMAL: 0.18408089876174927, 0.08508314937353134, 0.9792216420173645
vb0[329]+024 TANGENT: -0.9732645750045776, 0.1731068193912506, -0.15096458792686462, -1.0
vb0[329]+040 BLENDWEIGHTS: 0.625, 0.375, 0.0, 0.0
vb0[329]+056 BLENDINDICES: 2, 0, 0, 0
vb0[329]+072 COLOR: 1.0, 0.5019607843137255, 0.5019607843137255, 0.0
vb0[329]+076 TEXCOORD: 0.363070011138916, 0.004356902092695236

vb0[330]+000 POSITION: 0.07736405730247498, 1.4401800632476807, 0.07165883481502533
vb0[330]+012 NORMAL: 0.17609722912311554, 0.08171642571687698, 0.9809751510620117
vb0[330]+024 TANGENT: 0.8756551146507263, -0.4607267677783966, -0.14477252960205078, -1.0
vb0[330]+040 BLENDWEIGHTS: 0.609375, 0.390625, 0.0, 0.0
vb0[330]+056 BLENDINDICES: 2, 0, 0, 0
vb0[330]+072 COLOR: 1.0, 0.5019607843137255, 0.5019607843137255, 0.0
vb0[330]+076 TEXCOORD: 0.36992716789245605, 0.003248307853937149

vb0[331]+000 POSITION: 0.03141584247350693, 1.501765251159668, 0.13870622217655182
vb0[331]+012 NORMAL: -0.8794909119606018, -0.43581369519233704, 0.19121228158473969
vb0[331]+024 TANGENT: -0.3658575713634491, -0.3310075104236603, -0.869817316532135, -1.0
vb0[331]+040 BLENDWEIGHTS: 1.0, 0.0, 0.0, 0.0
vb0[331]+056 BLENDINDICES: 0, 0, 0, 0
vb0[331]+072 COLOR: 1.0, 0.5019607843137255, 0.5019607843137255, 0.0
vb0[331]+076 TEXCOORD: 0.3541712760925293, 0.08076272904872894

vb0[332]+000 POSITION: 0.039440322667360306, 1.4830790758132935, 0.13655170798301697
vb0[332]+012 NORMAL: -0.8467126488685608, -0.37053778767585754, 0.38181084394454956
vb0[332]+024 TANGENT: -0.9136101007461548, -0.3078068494796753, -0.26565301418304443, -1.0
vb0[332]+040 BLENDWEIGHTS: 0.9697265625, 0.0302734375, 0.0, 0.0
vb0[332]+056 BLENDINDICES: 0, 6, 0, 0
vb0[332]+072 COLOR: 1.0, 0.5019607843137255, 0.5019607843137255, 0.5019607843137255
vb0[332]+076 TEXCOORD: 0.3399159908294678, 0.0743630975484848

vb0[333]+000 POSITION: 0.040714237838983536, 1.4833965301513672, 0.13960884511470795
vb0[333]+012 NORMAL: -0.8457964062690735, -0.3739967942237854, 0.38046637177467346
vb0[333]+024 TANGENT: -0.17251098155975342, -0.3142833709716797, 0.933523416519165, -1.0
vb0[333]+040 BLENDWEIGHTS: 0.9765625, 0.0234375, 0.0, 0.0
vb0[333]+056 BLENDINDICES: 0, 6, 0, 0
vb0[333]+072 COLOR: 1.0, 0.5019607843137255, 0.5019607843137255, 0.0
vb0[333]+076 TEXCOORD: 0.3389616012573242, 0.07676330208778381

vb0[334]+000 POSITION: 0.03175773844122887, 1.5020133256912231, 0.14121289551258087
vb0[334]+012 NORMAL: -0.8833411931991577, -0.4390994906425476, 0.16401194036006927
vb0[334]+024 TANGENT: 0.3008488416671753, -0.12245506793260574, 0.9457773566246033, -1.0
vb0[334]+040 BLENDWEIGHTS: 1.0, 0.0, 0.0, 0.0
vb0[334]+056 BLENDINDICES: 0, 0, 0, 0
vb0[334]+072 COLOR: 1.0, 0.5019607843137255, 0.5019607843137255, 0.0
vb0[334]+076 TEXCOORD: 0.35367369651794434, 0.08261065185070038

vb0[335]+000 POSITION: 0.043104153126478195, 1.4742218255996704, 0.13784468173980713
vb0[335]+012 NORMAL: -0.9161328673362732, -0.3252437710762024, 0.23434387147426605
vb0[335]+024 TANGENT: -0.5485801100730896, -0.3303065299987793, 0.7680869102478027, -1.0
vb0[335]+040 BLENDWEIGHTS: 0.88671875, 0.11328125, 0.0, 0.0
vb0[335]+056 BLENDINDICES: 0, 6, 0, 0
vb0[335]+072 COLOR: 1.0, 0.5019607843137255, 0.5019607843137255, 0.30196078431372547
vb0[335]+076 TEXCOORD: 0.3325176239013672, 0.07344074547290802

vb0[336]+000 POSITION: 0.04238242655992508, 1.4740248918533325, 0.13492774963378906
vb0[336]+012 NORMAL: -0.9206153154373169, -0.3258456885814667, 0.21515563130378723
vb0[336]+024 TANGENT: -0.9058770537376404, -0.209853395819664, -0.3678971529006958, -1.0
vb0[336]+040 BLENDWEIGHTS: 0.876953125, 0.123046875, 0.0, 0.0
vb0[336]+056 BLENDINDICES: 0, 6, 0, 0
vb0[336]+072 COLOR: 1.0, 0.5019607843137255, 0.5019607843137255, 0.5019607843137255
vb0[336]+076 TEXCOORD: 0.33318662643432617, 0.07124197483062744

vb0[337]+000 POSITION: 0.045446984469890594, 1.4655728340148926, 0.13560111820697784
vb0[337]+012 NORMAL: -0.9326252937316895, -0.31809329986572266, 0.17037226259708405
vb0[337]+024 TANGENT: -0.5716366767883301, -0.38397955894470215, 0.7251145839691162, -1.0
vb0[337]+040 BLENDWEIGHTS: 0.75390625, 0.24609375, 0.0, 0.0
vb0[337]+056 BLENDINDICES: 0, 6, 0, 0
vb0[337]+072 COLOR: 1.0, 0.5019607843137255, 0.5019607843137255, 0.4
vb0[337]+076 TEXCOORD: 0.3263859748840332, 0.07009002566337585

vb0[338]+000 POSITION: 0.04509187489748001, 1.4653429985046387, 0.13287153840065002
vb0[338]+012 NORMAL: -0.9359325170516968, -0.31703558564186096, 0.1533580869436264
vb0[338]+024 TANGENT: -0.9007068276405334, -0.16443783044815063, -0.4021035432815552, -1.0
vb0[338]+040 BLENDWEIGHTS: 0.740234375, 0.259765625, 0.0, 0.0
vb0[338]+056 BLENDINDICES: 0, 6, 0, 0
vb0[338]+072 COLOR: 1.0, 0.5019607843137255, 0.5019607843137255, 0.4
vb0[338]+076 TEXCOORD: 0.3266773223876953, 0.06803178787231445

vb0[339]+000 POSITION: 0.0479213148355484, 1.4566881656646729, 0.13239873945713043
vb0[339]+012 NORMAL: -0.947645902633667, -0.3047630488872528, 0.09532480686903
vb0[339]+024 TANGENT: -0.5948508977890015, -0.4310515224933624, 0.6784887313842773, -1.0
vb0[339]+040 BLENDWEIGHTS: 0.578125, 0.421875, 0.0, 0.0
vb0[339]+056 BLENDINDICES: 0, 6, 0, 0
vb0[339]+072 COLOR: 1.0, 0.5019607843137255, 0.5019607843137255, 0.4
vb0[339]+076 TEXCOORD: 0.32007527351379395, 0.06632682681083679

vb0[340]+000 POSITION: 0.0476781390607357, 1.4569096565246582, 0.13022467494010925
vb0[340]+012 NORMAL: -0.9494616985321045, -0.3012772798538208, 0.08806001394987106
vb0[340]+024 TANGENT: -0.8909748196601868, -0.11472927033901215, -0.43931880593299866, -1.0
vb0[340]+040 BLENDWEIGHTS: 0.57421875, 0.42578125, 0.0, 0.0
vb0[340]+056 BLENDINDICES: 0, 6, 0, 0
vb0[340]+072 COLOR: 1.0, 0.5019607843137255, 0.5019607843137255, 0.4
vb0[340]+076 TEXCOORD: 0.32048726081848145, 0.06475090980529785

vb0[341]+000 POSITION: 0.050081346184015274, 1.4486613273620605, 0.12903250753879547
vb0[341]+012 NORMAL: -0.9570363163948059, -0.2848706841468811, 0.05413195863366127
vb0[341]+024 TANGENT: -0.5892349481582642, -0.45974260568618774, 0.6644087433815002, -1.0
vb0[341]+040 BLENDWEIGHTS: 0.6015625, 0.3984375, 0.0, 0.0
vb0[341]+056 BLENDINDICES: 6, 0, 0, 0
vb0[341]+072 COLOR: 1.0, 0.5019607843137255, 0.5019607843137255, 0.30196078431372547
vb0[341]+076 TEXCOORD: 0.31435108184814453, 0.06272026896476746

vb0[342]+000 POSITION: 0.05002571642398834, 1.4486383199691772, 0.12731795012950897
vb0[342]+012 NORMAL: -0.9578507542610168, -0.28289371728897095, 0.049929678440093994
vb0[342]+024 TANGENT: -0.8851782083511353, -0.08268506079912186, -0.4578457176685333, -1.0
vb0[342]+040 BLENDWEIGHTS: 0.609375, 0.390625, 0.0, 0.0
vb0[342]+056 BLENDINDICES: 6, 0, 0, 0
vb0[342]+072 COLOR: 1.0, 0.5019607843137255, 0.5019607843137255, 0.30196078431372547
vb0[342]+076 TEXCOORD: 0.31448817253112793, 0.061430901288986206

vb0[343]+000 POSITION: 0.05194398760795593, 1.4417921304702759, 0.1257523000240326
vb0[343]+012 NORMAL: -0.9602718949317932, -0.2760468125343323, 0.04093964397907257
vb0[343]+024 TANGENT: -0.6159459948539734, -0.4591835141181946, 0.6401256918907166, -1.0
vb0[343]+040 BLENDWEIGHTS: 0.76171875, 0.23828125, 0.0, 0.0
vb0[343]+056 BLENDINDICES: 6, 0, 0, 0
vb0[343]+072 COLOR: 1.0, 0.5019607843137255, 0.5019607843137255, 0.2
vb0[343]+076 TEXCOORD: 0.30939507484436035, 0.05945950746536255

vb0[344]+000 POSITION: 0.05189753323793411, 1.44179368019104, 0.12483663111925125
vb0[344]+012 NORMAL: -0.9608016014099121, -0.27396032214164734, 0.04249820113182068
vb0[344]+024 TANGENT: -0.8861130475997925, -0.06755083799362183, -0.45851990580558777, -1.0
vb0[344]+040 BLENDWEIGHTS: 0.765625, 0.234375, 0.0, 0.0
vb0[344]+056 BLENDINDICES: 6, 0, 0, 0
vb0[344]+072 COLOR: 1.0, 0.5019607843137255, 0.5019607843137255, 0.2
vb0[344]+076 TEXCOORD: 0.3094465732574463, 0.058733999729156494

vb0[345]+000 POSITION: 0.053620390594005585, 1.4351263046264648, 0.12244535237550735
vb0[345]+012 NORMAL: -0.9627255797386169, -0.26612624526023865, 0.048334669321775436
vb0[345]+024 TANGENT: -0.7211244106292725, 0.23269738256931305, -0.6525576710700989, -1.0
vb0[345]+040 BLENDWEIGHTS: 0.90625, 0.09375, 0.0, 0.0
vb0[345]+056 BLENDINDICES: 6, 0, 0, 0
vb0[345]+072 COLOR: 1.0, 0.5019607843137255, 0.5019607843137255, 0.0
vb0[345]+076 TEXCOORD: 0.30449628829956055, 0.05641049146652222

vb0[346]+000 POSITION: 0.0636691153049469, 1.4477405548095703, 0.11816579848527908
vb0[346]+012 NORMAL: 0.2979367673397064, -0.13575942814350128, -0.9448825716972351
vb0[346]+024 TANGENT: -0.12086807936429977, -0.005020499229431152, -0.992655873298645, -1.0
vb0[346]+040 BLENDWEIGHTS: 0.646484375, 0.353515625, 0.0, 0.0
vb0[346]+056 BLENDINDICES: 6, 0, 0, 0
vb0[346]+072 COLOR: 1.0, 0.5019607843137255, 0.5019607843137255, 0.30196078431372547
vb0[346]+076 TEXCOORD: 0.04113396257162094, 0.031491778790950775

vb0[347]+000 POSITION: 0.06639538705348969, 1.4556334018707275, 0.11834018677473068
vb0[347]+012 NORMAL: 0.31030941009521484, -0.05192117765545845, -0.9492166042327881
vb0[347]+024 TANGENT: 0.3008776307106018, -0.057451602071523666, -0.9519306421279907, -1.0
vb0[347]+040 BLENDWEIGHTS: 0.529296875, 0.470703125, 0.0, 0.0
vb0[347]+056 BLENDINDICES: 0, 6, 0, 0
vb0[347]+072 COLOR: 1.0, 0.5019607843137255, 0.5019607843137255, 0.0
vb0[347]+076 TEXCOORD: 0.03983855992555618, 0.040273517370224

vb0[348]+000 POSITION: 0.06747926026582718, 1.4553889036178589, 0.11868267506361008
vb0[348]+012 NORMAL: 0.31730207800865173, -0.046324338763952255, -0.9471924304962158
vb0[348]+024 TANGENT: 0.871360719203949, -0.23327621817588806, -0.4316396117210388, -1.0
vb0[348]+040 BLENDWEIGHTS: 0.5436993837356567, 0.4563005864620209, 0.0, 0.0
vb0[348]+056 BLENDINDICES: 0, 6, 0, 0
vb0[348]+072 COLOR: 1.0, 0.5019607843137255, 0.5019607843137255, 0.30196078431372547
vb0[348]+076 TEXCOORD: 0.04076184332370758, 0.04047886282205582

vb0[349]+000 POSITION: 0.06455567479133606, 1.4476237297058105, 0.11846417933702469
vb0[349]+012 NORMAL: 0.3017912805080414, -0.12410354614257812, -0.94526207447052
vb0[349]+024 TANGENT: 0.8212293982505798, -0.35586169362068176, -0.4460320472717285, -1.0
vb0[349]+040 BLENDWEIGHTS: 0.646484375, 0.353515625, 0.0, 0.0
vb0[349]+056 BLENDINDICES: 6, 0, 0, 0
vb0[349]+072 COLOR: 1.0, 0.5019607843137255, 0.5019607843137255, 0.30196078431372547
vb0[349]+076 TEXCOORD: 0.04199270159006119, 0.03186272457242012

vb0[350]+000 POSITION: 0.06103389710187912, 1.4410254955291748, 0.11864766478538513
vb0[350]+012 NORMAL: 0.2920242249965668, -0.181974396109581, -0.9389394521713257
vb0[350]+024 TANGENT: 0.4480937719345093, -0.38309207558631897, -0.8077453374862671, -1.0
vb0[350]+040 BLENDWEIGHTS: 0.79296875, 0.20703125, 0.0, 0.0
vb0[350]+056 BLENDINDICES: 6, 0, 0, 0
vb0[350]+072 COLOR: 1.0, 0.5019607843137255, 0.5019607843137255, 0.30196078431372547
vb0[350]+076 TEXCOORD: 0.042685117572546005, 0.024396194145083427

vb0[351]+000 POSITION: 0.06903126835823059, 1.464632511138916, 0.11892649531364441
vb0[351]+012 NORMAL: 0.37489381432533264, -0.028399797156453133, -0.9266326427459717
vb0[351]+024 TANGENT: 0.37307441234588623, -0.025799036026000977, -0.927442729473114, -1.0
vb0[351]+040 BLENDWEIGHTS: 0.7694255709648132, 0.23057444393634796, 0.0, 0.0
vb0[351]+056 BLENDINDICES: 0, 6, 0, 0
vb0[351]+072 COLOR: 1.0, 0.5019607843137255, 0.5019607843137255, 0.0
vb0[351]+076 TEXCOORD: 0.039189744740724564, 0.050792232155799866

vb0[352]+000 POSITION: 0.06967484205961227, 1.4645588397979736, 0.11920347064733505
vb0[352]+012 NORMAL: 0.3524949252605438, -0.02175246551632881, -0.9355608224868774
vb0[352]+024 TANGENT: 0.912142813205719, -0.13830798864364624, -0.3858321011066437, -1.0
vb0[352]+040 BLENDWEIGHTS: 0.7709834575653076, 0.22901654243469238, 0.0, 0.0
vb0[352]+056 BLENDINDICES: 0, 6, 0, 0
vb0[352]+072 COLOR: 1.0, 0.5019607843137255, 0.5019607843137255, 0.2
vb0[352]+076 TEXCOORD: 0.040008701384067535, 0.0509224534034729

vb0[353]+000 POSITION: 0.07122041285037994, 1.4746133089065552, 0.11984650045633316
vb0[353]+012 NORMAL: 0.4359665513038635, -0.012674568220973015, -0.8998735547065735
vb0[353]+024 TANGENT: 0.8239110708236694, -0.11887627094984055, 0.5541110038757324, -1.0
vb0[353]+040 BLENDWEIGHTS: 1.0, 0.0, 0.0, 0.0
vb0[353]+056 BLENDINDICES: 0, 0, 0, 0
vb0[353]+072 COLOR: 1.0, 0.5019607843137255, 0.5019607843137255, 0.0
vb0[353]+076 TEXCOORD: 0.039207275956869125, 0.060893744230270386

vb0[354]+000 POSITION: 0.06766503304243088, 1.473755121231079, 0.11813389509916306
vb0[354]+012 NORMAL: 0.43314746022224426, -0.013429817743599415, -0.9012230038642883
vb0[354]+024 TANGENT: -0.8001788258552551, -0.04604727402329445, -0.5979913473129272, -1.0
vb0[354]+040 BLENDWEIGHTS: 1.0, 0.0, 0.0, 0.0
vb0[354]+056 BLENDINDICES: 0, 0, 0, 0
vb0[354]+072 COLOR: 1.0, 0.5019607843137255, 0.5019607843137255, 0.0
vb0[354]+076 TEXCOORD: 0.03485945239663124, 0.06019388139247894

vb0[355]+000 POSITION: 0.06722768396139145, 1.4648219347000122, 0.11818249523639679
vb0[355]+012 NORMAL: 0.376947283744812, -0.0367581881582737, -0.9255051016807556
vb0[355]+024 TANGENT: -0.0822739526629448, 0.010812519118189812, -0.9965510368347168, -1.0
vb0[355]+040 BLENDWEIGHTS: 0.7563366889953613, 0.24366331100463867, 0.0, 0.0
vb0[355]+056 BLENDINDICES: 0, 6, 0, 0
vb0[355]+072 COLOR: 1.0, 0.5019607843137255, 0.5019607843137255, 0.2
vb0[355]+076 TEXCOORD: 0.037006448954343796, 0.050372663885354996

vb0[356]+000 POSITION: 0.06568482518196106, 1.4557936191558838, 0.11811566352844238
vb0[356]+012 NORMAL: 0.28863269090652466, -0.05904821678996086, -0.955617368221283
vb0[356]+024 TANGENT: -0.134451761841774, 0.028349997475743294, -0.9905145168304443, -1.0
vb0[356]+040 BLENDWEIGHTS: 0.53125, 0.46875, 0.0, 0.0
vb0[356]+056 BLENDINDICES: 0, 6, 0, 0
vb0[356]+072 COLOR: 1.0, 0.5019607843137255, 0.5019607843137255, 0.30196078431372547
vb0[356]+076 TEXCOORD: 0.03924507647752762, 0.040132276713848114

vb0[357]+000 POSITION: 0.06666351854801178, 1.4555121660232544, 0.1179751381278038
vb0[357]+012 NORMAL: -0.2593681216239929, -0.0017440380761399865, 0.9657769203186035
vb0[357]+024 TANGENT: 0.17660826444625854, -0.12053656578063965, 0.9768728017807007, -1.0
vb0[357]+040 BLENDWEIGHTS: 0.60546875, 0.39453125, 0.0, 0.0
vb0[357]+056 BLENDINDICES: 0, 2, 0, 0
vb0[357]+072 COLOR: 1.0, 0.5019607843137255, 0.5019607843137255, 0.30196078431372547
vb0[357]+076 TEXCOORD: 0.03128736838698387, 0.08042608201503754

vb0[358]+000 POSITION: 0.06911737471818924, 1.4647595882415771, 0.11881838738918304
vb0[358]+012 NORMAL: -0.34297049045562744, 0.010759956203401089, 0.93928462266922
vb0[358]+024 TANGENT: 0.174738809466362, -0.11107081174850464, 0.9783299565315247, -1.0
vb0[358]+040 BLENDWEIGHTS: 0.765625, 0.234375, 0.0, 0.0
vb0[358]+056 BLENDINDICES: 0, 2, 0, 0
vb0[358]+072 COLOR: 1.0, 0.5019607843137255, 0.5019607843137255, 0.10196078431372549
vb0[358]+076 TEXCOORD: 0.0350189134478569, 0.07038048654794693

vb0[359]+000 POSITION: 0.06692619621753693, 1.46481192111969, 0.11801768839359283
vb0[359]+012 NORMAL: -0.3419264554977417, 0.010458387434482574, 0.9396685361862183
vb0[359]+024 TANGENT: -0.8870766758918762, 0.07524216920137405, 0.45544880628585815, -1.0
vb0[359]+040 BLENDWEIGHTS: 0.7578125, 0.2421875, 0.0, 0.0
vb0[359]+056 BLENDINDICES: 0, 2, 0, 0
vb0[359]+072 COLOR: 1.0, 0.5019607843137255, 0.5019607843137255, 0.2
vb0[359]+076 TEXCOORD: 0.03269771486520767, 0.07008253782987595

vb0[360]+000 POSITION: 0.06766503304243088, 1.473755121231079, 0.11813389509916306
vb0[360]+012 NORMAL: -0.3428214490413666, 0.016118085011839867, 0.939262330532074
vb0[360]+024 TANGENT: -0.8001788258552551, -0.04604727402329445, -0.5979913473129272, -1.0
vb0[360]+040 BLENDWEIGHTS: 1.0, 0.0, 0.0, 0.0
vb0[360]+056 BLENDINDICES: 0, 0, 0, 0
vb0[360]+072 COLOR: 1.0, 0.5019607843137255, 0.5019607843137255, 0.0
vb0[360]+076 TEXCOORD: 0.03485945239663124, 0.06019388139247894

vb0[361]+000 POSITION: 0.06588110327720642, 1.4557808637619019, 0.11778292059898376
vb0[361]+012 NORMAL: -0.23935243487358093, -0.002442123368382454, 0.9709296822547913
vb0[361]+024 TANGENT: -0.8521219491958618, 0.11494457721710205, 0.5105643272399902, -1.0
vb0[361]+040 BLENDWEIGHTS: 0.607421875, 0.392578125, 0.0, 0.0
vb0[361]+056 BLENDINDICES: 0, 2, 0, 0
vb0[361]+072 COLOR: 1.0, 0.5019607843137255, 0.5019607843137255, 0.30196078431372547
vb0[361]+076 TEXCOORD: 0.030507097020745277, 0.0801033079624176

vb0[362]+000 POSITION: 0.06368903815746307, 1.4460645914077759, 0.11716336756944656
vb0[362]+012 NORMAL: -0.24099716544151306, -0.007512095849961042, 0.9704967737197876
vb0[362]+024 TANGENT: -0.6129730343818665, 0.06750058382749557, 0.7872150540351868, -1.0
vb0[362]+040 BLENDWEIGHTS: 0.587890625, 0.412109375, 0.0, 0.0
vb0[362]+056 BLENDINDICES: 2, 0, 0, 0
vb0[362]+072 COLOR: 1.0, 0.5019607843137255, 0.5019607843137255, 0.30196078431372547
vb0[362]+076 TEXCOORD: 0.028103191405534744, 0.09109974652528763

vb0[363]+000 POSITION: -0.06453169137239456, 1.4322476387023926, 0.11233123391866684
vb0[363]+012 NORMAL: -0.2875080108642578, -0.293774276971817, -0.9116116166114807
vb0[363]+024 TANGENT: 0.8157942891120911, 0.23842869699001312, -0.5269073843955994, -1.0
vb0[363]+040 BLENDWEIGHTS: 0.583984375, 0.416015625, 0.0, 0.0
vb0[363]+056 BLENDINDICES: 3, 0, 0, 0
vb0[363]+072 COLOR: 1.0, 0.5019607843137255, 0.5019607843137255, 0.0
vb0[363]+076 TEXCOORD: 0.24964438378810883, 0.03766556829214096

vb0[364]+000 POSITION: -0.062372077256441116, 1.4261804819107056, 0.11360520124435425
vb0[364]+012 NORMAL: -0.18464519083499908, -0.3159559667110443, -0.9306331276893616
vb0[364]+024 TANGENT: -0.7230298519134521, -0.6265691518783569, -0.2909277379512787, -1.0
vb0[364]+040 BLENDWEIGHTS: 0.716796875, 0.283203125, 0.0, 0.0
vb0[364]+056 BLENDINDICES: 3, 0, 0, 0
vb0[364]+072 COLOR: 1.0, 0.5019607843137255, 0.5019607843137255, 0.30196078431372547
vb0[364]+076 TEXCOORD: 0.2526763081550598, 0.03444814682006836

vb0[365]+000 POSITION: -0.06633011996746063, 1.432292103767395, 0.11289413273334503
vb0[365]+012 NORMAL: -0.292072057723999, -0.29501041769981384, -0.9097597599029541
vb0[365]+024 TANGENT: -0.5994867086410522, -0.2635488510131836, 0.7557497024536133, -1.0
vb0[365]+040 BLENDWEIGHTS: 0.5703125, 0.4296875, 0.0, 0.0
vb0[365]+056 BLENDINDICES: 3, 0, 0, 0
vb0[365]+072 COLOR: 1.0, 0.5019607843137255, 0.5019607843137255, 0.0
vb0[365]+076 TEXCOORD: 0.24935270845890045, 0.03784741461277008

vb0[366]+000 POSITION: -0.06148231402039528, 1.4265215396881104, 0.11333850771188736
vb0[366]+012 NORMAL: -0.15384851396083832, -0.3276669681072235, -0.9321829676628113
vb0[366]+024 TANGENT: 0.2334754467010498, -0.07228916883468628, -0.9696718454360962, -1.0
vb0[366]+040 BLENDWEIGHTS: 0.716796875, 0.283203125, 0.0, 0.0
vb0[366]+056 BLENDINDICES: 3, 0, 0, 0
vb0[366]+072 COLOR: 1.0, 0.5019607843137255, 0.5019607843137255, 0.30196078431372547
vb0[366]+076 TEXCOORD: 0.25221017003059387, 0.03372132033109665

vb0[367]+000 POSITION: -0.05821232497692108, 1.4225208759307861, 0.11462164670228958
vb0[367]+012 NORMAL: -0.35788771510124207, -0.6495988965034485, -0.670773983001709
vb0[367]+024 TANGENT: 0.11068075895309448, -0.2915748655796051, -0.9501230716705322, -1.0
vb0[367]+040 BLENDWEIGHTS: 0.8046875, 0.1953125, 0.0, 0.0
vb0[367]+056 BLENDINDICES: 3, 0, 0, 0
vb0[367]+072 COLOR: 1.0, 0.5019607843137255, 0.5019607843137255, 0.25098039215686274
vb0[367]+076 TEXCOORD: 0.25428056716918945, 0.03002893552184105

vb0[368]+000 POSITION: -0.058421533554792404, 1.422281265258789, 0.11499767005443573
vb0[368]+012 NORMAL: -0.3672164976596832, -0.678337037563324, -0.6364046931266785
vb0[368]+024 TANGENT: -0.6587392091751099, -0.7516907453536987, -0.031993329524993896, -1.0
vb0[368]+040 BLENDWEIGHTS: 0.80859375, 0.19140625, 0.0, 0.0
vb0[368]+056 BLENDINDICES: 3, 0, 0, 0
vb0[368]+072 COLOR: 1.0, 0.5019607843137255, 0.5019607843137255, 0.25098039215686274
vb0[368]+076 TEXCOORD: 0.2547087073326111, 0.030135616660118103

vb0[369]+000 POSITION: -0.05488227307796478, 1.4194800853729248, 0.11631160229444504
vb0[369]+012 NORMAL: -0.4389835596084595, -0.8188628554344177, -0.3698066174983978
vb0[369]+024 TANGENT: -0.6087857484817505, -0.7845233678817749, 0.11791098117828369, -1.0
vb0[369]+040 BLENDWEIGHTS: 0.8671875, 0.1328125, 0.0, 0.0
vb0[369]+056 BLENDINDICES: 3, 0, 0, 0
vb0[369]+072 COLOR: 1.0, 0.5019607843137255, 0.5019607843137255, 0.2235294117647059
vb0[369]+076 TEXCOORD: 0.2556953728199005, 0.02649618685245514

vb0[370]+000 POSITION: -0.05483386293053627, 1.419572114944458, 0.11603617668151855
vb0[370]+012 NORMAL: -0.47676530480384827, -0.8051713705062866, -0.3526949882507324
vb0[370]+024 TANGENT: 0.03860294818878174, -0.4418387711048126, -0.8962635397911072, -1.0
vb0[370]+040 BLENDWEIGHTS: 0.865234375, 0.134765625, 0.0, 0.0
vb0[370]+056 BLENDINDICES: 3, 0, 0, 0
vb0[370]+072 COLOR: 1.0, 0.5019607843137255, 0.5019607843137255, 0.2235294117647059
vb0[370]+076 TEXCOORD: 0.2554836571216583, 0.02646154910326004

vb0[371]+000 POSITION: -0.05118950828909874, 1.4172526597976685, 0.11759854108095169
vb0[371]+012 NORMAL: -0.39009618759155273, -0.8504776358604431, -0.3528636693954468
vb0[371]+024 TANGENT: -0.07654118537902832, -0.7820377349853516, -0.6185131072998047, -1.0
vb0[371]+040 BLENDWEIGHTS: 0.91015625, 0.08984375, 0.0, 0.0
vb0[371]+056 BLENDINDICES: 3, 0, 0, 0
vb0[371]+072 COLOR: 1.0, 0.5019607843137255, 0.5019607843137255, 0.2
vb0[371]+076 TEXCOORD: 0.25586771965026855, 0.02311253920197487

vb0[372]+000 POSITION: -0.06633011996746063, 1.432292103767395, 0.11289413273334503
vb0[372]+012 NORMAL: 0.2953128516674042, 0.2110096663236618, 0.9318074584007263
vb0[372]+024 TANGENT: -0.5994867086410522, -0.2635488510131836, 0.7557497024536133, -1.0
vb0[372]+040 BLENDWEIGHTS: 0.5703125, 0.4296875, 0.0, 0.0
vb0[372]+056 BLENDINDICES: 3, 0, 0, 0
vb0[372]+072 COLOR: 1.0, 0.5019607843137255, 0.5019607843137255, 0.0
vb0[372]+076 TEXCOORD: 0.24935270845890045, 0.03784741461277008

vb0[373]+000 POSITION: -0.0625055804848671, 1.4268549680709839, 0.11291328817605972
vb0[373]+012 NORMAL: 0.25479090213775635, 0.2545698285102844, 0.9328858256340027
vb0[373]+024 TANGENT: 0.7974730730056763, 0.4200223386287689, 0.4331488311290741, -1.0
vb0[373]+040 BLENDWEIGHTS: 0.703125, 0.296875, 0.0, 0.0
vb0[373]+056 BLENDINDICES: 3, 0, 0, 0
vb0[373]+072 COLOR: 1.0, 0.5019607843137255, 0.5019607843137255, 0.30196078431372547
vb0[373]+076 TEXCOORD: 0.2537103295326233, 0.03458423912525177

vb0[374]+000 POSITION: -0.06453169137239456, 1.4322476387023926, 0.11233123391866684
vb0[374]+012 NORMAL: 0.29672005772590637, 0.21199826896190643, 0.9311357736587524
vb0[374]+024 TANGENT: 0.8157942891120911, 0.23842869699001312, -0.5269073843955994, -1.0
vb0[374]+040 BLENDWEIGHTS: 0.583984375, 0.416015625, 0.0, 0.0
vb0[374]+056 BLENDINDICES: 3, 0, 0, 0
vb0[374]+072 COLOR: 1.0, 0.5019607843137255, 0.5019607843137255, 0.0
vb0[374]+076 TEXCOORD: 0.24964438378810883, 0.03766556829214096

vb0[375]+000 POSITION: -0.06327960640192032, 1.426525354385376, 0.11321108788251877
vb0[375]+012 NORMAL: 0.25104808807373047, 0.2542994022369385, 0.9339736104011536
vb0[375]+024 TANGENT: -0.12026309967041016, 0.06125665083527565, 0.9908503890037537, -1.0
vb0[375]+040 BLENDWEIGHTS: 0.705078125, 0.294921875, 0.0, 0.0
vb0[375]+056 BLENDINDICES: 3, 0, 0, 0
vb0[375]+072 COLOR: 1.0, 0.5019607843137255, 0.5019607843137255, 0.30196078431372547
vb0[375]+076 TEXCOORD: 0.25332438945770264, 0.03410279005765915

vb0[376]+000 POSITION: -0.060004930943250656, 1.421709656715393, 0.11413270980119705
vb0[376]+012 NORMAL: 0.21658247709274292, 0.32355624437332153, 0.9210881590843201
vb0[376]+024 TANGENT: 0.5154855251312256, 0.3953430652618408, 0.7602490782737732, -1.0
vb0[376]+040 BLENDWEIGHTS: 0.80859375, 0.19140625, 0.0, 0.0
vb0[376]+056 BLENDINDICES: 3, 0, 0, 0
vb0[376]+072 COLOR: 1.0, 0.5019607843137255, 0.5019607843137255, 0.25098039215686274
vb0[376]+076 TEXCOORD: 0.25771769881248474, 0.031734541058540344

vb0[377]+000 POSITION: 0.05235772579908371, 1.4359028339385986, 0.12568937242031097
vb0[377]+012 NORMAL: -0.8504201173782349, 0.3372333347797394, -0.4038059413433075
vb0[377]+024 TANGENT: -0.6935631036758423, 0.04067385196685791, 0.7192467451095581, -1.0
vb0[377]+040 BLENDWEIGHTS: 0.8828125, 0.1171875, 0.0, 0.0
vb0[377]+056 BLENDINDICES: 6, 0, 0, 0
vb0[377]+072 COLOR: 1.0, 0.5019607843137255, 0.5019607843137255, 0.30196078431372547
vb0[377]+076 TEXCOORD: 0.01942729949951172, 0.01869686134159565

vb0[378]+000 POSITION: 0.053620390594005585, 1.4351263046264648, 0.12244535237550735
vb0[378]+012 NORMAL: -0.6999318599700928, 0.24557778239250183, -0.6706615686416626
vb0[378]+024 TANGENT: -0.7211244106292725, 0.23269738256931305, -0.6525576710700989, -1.0
vb0[378]+040 BLENDWEIGHTS: 0.90625, 0.09375, 0.0, 0.0
vb0[378]+056 BLENDINDICES: 6, 0, 0, 0
vb0[378]+072 COLOR: 1.0, 0.5019607843137255, 0.5019607843137255, 0.0
vb0[378]+076 TEXCOORD: 0.023151874542236328, 0.018343226984143257

vb0[379]+000 POSITION: 0.05020281299948692, 1.4306880235671997, 0.12475013732910156
vb0[379]+012 NORMAL: -0.8065611124038696, 0.44152048230171204, -0.39308878779411316
vb0[379]+024 TANGENT: -0.6791329383850098, 0.19670291244983673, 0.7071677446365356, -1.0
vb0[379]+040 BLENDWEIGHTS: 0.96875, 0.03125, 0.0, 0.0
vb0[379]+056 BLENDINDICES: 6, 0, 0, 0
vb0[379]+072 COLOR: 1.0, 0.5019607843137255, 0.5019607843137255, 0.2
vb0[379]+076 TEXCOORD: 0.01997995376586914, 0.012771502137184143

vb0[380]+000 POSITION: 0.05417303740978241, 1.4415524005889893, 0.12570305168628693
vb0[380]+012 NORMAL: -0.9340046644210815, 0.288745254278183, -0.21038419008255005
vb0[380]+024 TANGENT: -0.7729246616363525, -0.1067168116569519, 0.6254589557647705, -1.0
vb0[380]+040 BLENDWEIGHTS: 0.765625, 0.234375, 0.0, 0.0
vb0[380]+056 BLENDINDICES: 6, 0, 0, 0
vb0[380]+072 COLOR: 1.0, 0.5019607843137255, 0.5019607843137255, 0.0
vb0[380]+076 TEXCOORD: 0.019447803497314453, 0.024695860221982002

vb0[381]+000 POSITION: 0.054221007972955704, 1.4422188997268677, 0.12702317535877228
vb0[381]+012 NORMAL: -0.9597222805023193, 0.26328665018081665, -0.09804794937372208
vb0[381]+024 TANGENT: -0.5921135544776917, -0.04130316525697708, 0.8047954440116882, -1.0
vb0[381]+040 BLENDWEIGHTS: 0.744140625, 0.255859375, 0.0, 0.0
vb0[381]+056 BLENDINDICES: 6, 0, 0, 0
vb0[381]+072 COLOR: 1.0, 0.5019607843137255, 0.5019607843137255, 0.30196078431372547
vb0[381]+076 TEXCOORD: 0.017866134643554688, 0.025439517572522163

vb0[382]+000 POSITION: 0.05572065711021423, 1.448743462562561, 0.12882302701473236
vb0[382]+012 NORMAL: -0.9791019558906555, 0.10119696706533432, 0.17640459537506104
vb0[382]+024 TANGENT: -0.4417116940021515, -0.15740513801574707, 0.8832409381866455, -1.0
vb0[382]+040 BLENDWEIGHTS: 0.591796875, 0.408203125, 0.0, 0.0
vb0[382]+056 BLENDINDICES: 6, 0, 0, 0
vb0[382]+072 COLOR: 1.0, 0.5019607843137255, 0.5019607843137255, 0.2
vb0[382]+076 TEXCOORD: 0.016128063201904297, 0.032212868332862854

vb0[383]+000 POSITION: 0.05561668798327446, 1.448682427406311, 0.12834681570529938
vb0[383]+012 NORMAL: -0.9744757413864136, 0.102837473154068, 0.1995530128479004
vb0[383]+024 TANGENT: -0.6076607704162598, -0.18694986402988434, 0.7718797326087952, -1.0
vb0[383]+040 BLENDWEIGHTS: 0.595703125, 0.404296875, 0.0, 0.0
vb0[383]+056 BLENDINDICES: 6, 0, 0, 0
vb0[383]+072 COLOR: 1.0, 0.5019607843137255, 0.5019607843137255, 0.050980392156862744
vb0[383]+076 TEXCOORD: 0.016767501831054688, 0.032131627202034

vb0[384]+000 POSITION: 0.056684572249650955, 1.4567930698394775, 0.1307096928358078
vb0[384]+012 NORMAL: -0.9764648079872131, 0.06903455406427383, 0.20432978868484497
vb0[384]+024 TANGENT: 0.4014629125595093, -0.25183048844337463, 0.8805730938911438, -1.0
vb0[384]+040 BLENDWEIGHTS: 0.587890625, 0.412109375, 0.0, 0.0
vb0[384]+056 BLENDINDICES: 0, 6, 0, 0
vb0[384]+072 COLOR: 1.0, 0.5019607843137255, 0.5019607843137255, 0.0
vb0[384]+076 TEXCOORD: 0.014441490173339844, 0.04052160680294037

vb0[385]+000 POSITION: 0.05092646926641464, 1.4302525520324707, 0.12318684160709381
vb0[385]+012 NORMAL: -0.7420120239257812, 0.37300893664360046, -0.5570299625396729
vb0[385]+024 TANGENT: -0.6947312355041504, 0.32623159885406494, -0.6410315036773682, -1.0
vb0[385]+040 BLENDWEIGHTS: 0.9765625, 0.0234375, 0.0, 0.0
vb0[385]+056 BLENDINDICES: 6, 0, 0, 0
vb0[385]+072 COLOR: 1.0, 0.5019607843137255, 0.5019607843137255, 0.10196078431372549
vb0[385]+076 TEXCOORD: 0.021742327138781548, 0.012597912922501564

vb0[386]+000 POSITION: 0.052099499851465225, 1.4297629594802856, 0.12212689220905304
vb0[386]+012 NORMAL: -0.64939284324646, 0.2855580747127533, -0.7048017382621765
vb0[386]+024 TANGENT: 0.17986415326595306, -0.605026364326477, -0.7756235599517822, -1.0
vb0[386]+040 BLENDWEIGHTS: 0.98046875, 0.01953125, 0.0, 0.0
vb0[386]+056 BLENDINDICES: 6, 0, 0, 0
vb0[386]+072 COLOR: 1.0, 0.5019607843137255, 0.5019607843137255, 0.2
vb0[386]+076 TEXCOORD: 0.023368673399090767, 0.012575487606227398

vb0[387]+000 POSITION: 0.05567839369177818, 1.4332904815673828, 0.12054576724767685
vb0[387]+012 NORMAL: -0.6303300261497498, 0.3144526779651642, -0.7097912430763245
vb0[387]+024 TANGENT: 0.27609944343566895, -0.5596842765808105, -0.7813594341278076, -1.0
vb0[387]+040 BLENDWEIGHTS: 0.939453125, 0.060546875, 0.0, 0.0
vb0[387]+056 BLENDINDICES: 6, 0, 0, 0
vb0[387]+072 COLOR: 1.0, 0.5019607843137255, 0.5019607843137255, 0.25098039215686274
vb0[387]+076 TEXCOORD: 0.026158442720770836, 0.017323272302746773

vb0[388]+000 POSITION: 0.047626394778490067, 1.426076889038086, 0.12433353811502457
vb0[388]+012 NORMAL: -0.747079074382782, 0.3998907804489136, -0.5309992432594299
vb0[388]+024 TANGENT: -0.6520618200302124, -0.7452653050422668, 0.13926613330841064, -1.0
vb0[388]+040 BLENDWEIGHTS: 0.998046875, 0.001953125, 0.0, 0.0
vb0[388]+056 BLENDINDICES: 6, 0, 0, 0
vb0[388]+072 COLOR: 1.0, 0.5019607843137255, 0.5019607843137255, 0.0
vb0[388]+076 TEXCOORD: 0.019639015197753906, 0.007371530402451754

vb0[389]+000 POSITION: 0.01820317655801773, 1.4686315059661865, 0.14820732176303864
vb0[389]+012 NORMAL: 0.9607297778129578, 0.23144441843032837, -0.1530744433403015
vb0[389]+024 TANGENT: 0.8492354154586792, 0.009482741355895996, 0.5279291868209839, -1.0
vb0[389]+040 BLENDWEIGHTS: 0.759765625, 0.240234375, 0.0, 0.0
vb0[389]+056 BLENDINDICES: 1, 0, 0, 0
vb0[389]+072 COLOR: 1.0, 0.5019607843137255, 0.5019607843137255, 0.0
vb0[389]+076 TEXCOORD: 0.1271367073059082, 0.15570928156375885

vb0[390]+000 POSITION: 0.016611486673355103, 1.4779363870620728, 0.1511327177286148
vb0[390]+012 NORMAL: 0.9748006463050842, 0.16693387925624847, -0.14797565340995789
vb0[390]+024 TANGENT: 0.7992366552352905, 0.009905338287353516, 0.6009348630905151, -1.0
vb0[390]+040 BLENDWEIGHTS: 0.6458203196525574, 0.3541796803474426, 0.0, 0.0
vb0[390]+056 BLENDINDICES: 1, 0, 0, 0
vb0[390]+072 COLOR: 1.0, 0.5019607843137255, 0.5019607843137255, 0.30196078431372547
vb0[390]+076 TEXCOORD: 0.12514686584472656, 0.1658218502998352

vb0[391]+000 POSITION: 0.018390607088804245, 1.467908263206482, 0.14869318902492523
vb0[391]+012 NORMAL: 0.9603851437568665, 0.24509157240390778, -0.13262945413589478
vb0[391]+024 TANGENT: 0.8122528791427612, 0.016909243538975716, 0.5830603837966919, -1.0
vb0[391]+040 BLENDWEIGHTS: 0.767578125, 0.232421875, 0.0, 0.0
vb0[391]+056 BLENDINDICES: 1, 0, 0, 0
vb0[391]+072 COLOR: 1.0, 0.5019607843137255, 0.5019607843137255, 0.4
vb0[391]+076 TEXCOORD: 0.12595240771770477, 0.15494173765182495

vb0[392]+000 POSITION: 0.01655948907136917, 1.477734088897705, 0.15052448213100433
vb0[392]+012 NORMAL: 0.9669189453125, 0.19692716002464294, -0.16213354468345642
vb0[392]+024 TANGENT: 0.8602900505065918, 0.02959573268890381, 0.508945107460022, -1.0
vb0[392]+040 BLENDWEIGHTS: 0.6496875286102295, 0.3503124713897705, 0.0, 0.0
vb0[392]+056 BLENDINDICES: 1, 0, 0, 0
vb0[392]+072 COLOR: 1.0, 0.5019607843137255, 0.5019607843137255, 0.0
vb0[392]+076 TEXCOORD: 0.12609267234802246, 0.16555336117744446

vb0[393]+000 POSITION: 0.020172083750367165, 1.4597355127334595, 0.144948348402977
vb0[393]+012 NORMAL: 0.9472945928573608, 0.28793275356292725, -0.1404556781053543
vb0[393]+024 TANGENT: 0.8319810032844543, -0.0018126367358490825, 0.5548012256622314, -1.0
vb0[393]+040 BLENDWEIGHTS: 0.845703125, 0.154296875, 0.0, 0.0
vb0[393]+056 BLENDINDICES: 1, 0, 0, 0
vb0[393]+072 COLOR: 1.0, 0.5019607843137255, 0.5019607843137255, 0.0
vb0[393]+076 TEXCOORD: 0.12882471084594727, 0.1457754224538803

vb0[394]+000 POSITION: 0.020442238077521324, 1.458931803703308, 0.14555273950099945
vb0[394]+012 NORMAL: 0.9317274689674377, 0.32420244812965393, -0.16363562643527985
vb0[394]+024 TANGENT: 0.8506110310554504, 0.041253089904785156, 0.5241745710372925, -1.0
vb0[394]+040 BLENDWEIGHTS: 0.853515625, 0.146484375, 0.0, 0.0
vb0[394]+056 BLENDINDICES: 1, 0, 0, 0
vb0[394]+072 COLOR: 1.0, 0.5019607843137255, 0.5019607843137255, 0.4
vb0[394]+076 TEXCOORD: 0.12749862670898438, 0.1448988914489746

vb0[395]+000 POSITION: 0.022610733285546303, 1.4509516954421997, 0.1409926861524582
vb0[395]+012 NORMAL: 0.8643261790275574, 0.43124037981033325, -0.2587895393371582
vb0[395]+024 TANGENT: 0.8565996885299683, 0.06400072574615479, 0.511996865272522, -1.0
vb0[395]+040 BLENDWEIGHTS: 0.916015625, 0.083984375, 0.0, 0.0
vb0[395]+056 BLENDINDICES: 1, 0, 0, 0
vb0[395]+072 COLOR: 1.0, 0.5019607843137255, 0.5019607843137255, 0.0
vb0[395]+076 TEXCOORD: 0.13087201118469238, 0.13550369441509247

vb0[396]+000 POSITION: 0.02299570105969906, 1.4508143663406372, 0.14185816049575806
vb0[396]+012 NORMAL: 0.8751115202903748, 0.4173462390899658, -0.24495306611061096
vb0[396]+024 TANGENT: 0.889236330986023, 0.09485852718353271, 0.44750499725341797, -1.0
vb0[396]+040 BLENDWEIGHTS: 0.91796875, 0.08203125, 0.0, 0.0
vb0[396]+056 BLENDINDICES: 1, 0, 0, 0
vb0[396]+072 COLOR: 1.0, 0.5019607843137255, 0.5019607843137255, 0.4
vb0[396]+076 TEXCOORD: 0.1297287940979004, 0.13538071513175964

vb0[397]+000 POSITION: 0.0254955030977726, 1.444690227508545, 0.1384601593017578
vb0[397]+012 NORMAL: 0.7425158023834229, 0.5434821248054504, -0.3915320932865143
vb0[397]+024 TANGENT: 0.9161072373390198, 0.17324769496917725, 0.36156991124153137, -1.0
vb0[397]+040 BLENDWEIGHTS: 0.955078125, 0.044921875, 0.0, 0.0
vb0[397]+056 BLENDINDICES: 1, 0, 0, 0
vb0[397]+072 COLOR: 1.0, 0.5019607843137255, 0.5019607843137255, 0.30196078431372547
vb0[397]+076 TEXCOORD: 0.13208627700805664, 0.12780781090259552

vb0[398]+000 POSITION: 0.02511473186314106, 1.4445436000823975, 0.13746008276939392
vb0[398]+012 NORMAL: 0.6996837854385376, 0.5693978071212769, -0.4315422773361206
vb0[398]+024 TANGENT: 0.9517377614974976, 0.1318744421005249, 0.27713632583618164, -1.0
vb0[398]+040 BLENDWEIGHTS: 0.955078125, 0.044921875, 0.0, 0.0
vb0[398]+056 BLENDINDICES: 1, 0, 0, 0
vb0[398]+072 COLOR: 1.0, 0.5019607843137255, 0.5019607843137255, 0.0
vb0[398]+076 TEXCOORD: 0.13321995735168457, 0.1276051104068756

vb0[399]+000 POSITION: 0.028256241232156754, 1.4387675523757935, 0.1345623880624771
vb0[399]+012 NORMAL: 0.625609815120697, 0.6378079056739807, -0.44923651218414307
vb0[399]+024 TANGENT: 0.9065142273902893, 0.277788370847702, 0.31790801882743835, -1.0
vb0[399]+040 BLENDWEIGHTS: 0.98046875, 0.01953125, 0.0, 0.0
vb0[399]+056 BLENDINDICES: 1, 0, 0, 0
vb0[399]+072 COLOR: 1.0, 0.5019607843137255, 0.5019607843137255, 0.2
vb0[399]+076 TEXCOORD: 0.13443493843078613, 0.12001465260982513

vb0[400]+000 POSITION: 0.026773400604724884, 1.4393945932388306, 0.13355456292629242
vb0[400]+012 NORMAL: 0.6400141716003418, 0.6200162768363953, -0.4538300037384033
vb0[400]+024 TANGENT: 0.37127137184143066, 0.5719144344329834, -0.7314857244491577, -1.0
vb0[400]+040 BLENDWEIGHTS: 0.978515625, 0.021484375, 0.0, 0.0
vb0[400]+056 BLENDINDICES: 1, 0, 0, 0
vb0[400]+072 COLOR: 1.0, 0.5019607843137255, 0.5019607843137255, 0.0
vb0[400]+076 TEXCOORD: 0.13574647903442383, 0.12099696695804596

vb0[401]+000 POSITION: 0.030800463631749153, 1.434727430343628, 0.1314118653535843
vb0[401]+012 NORMAL: 0.6115438938140869, 0.7161051034927368, -0.33646324276924133
vb0[401]+024 TANGENT: 0.8766477108001709, 0.30133354663848877, 0.37508249282836914, -1.0
vb0[401]+040 BLENDWEIGHTS: 0.9921875, 0.0078125, 0.0, 0.0
vb0[401]+056 BLENDINDICES: 1, 0, 0, 0
vb0[401]+072 COLOR: 1.0, 0.5019607843137255, 0.5019607843137255, 0.14901960784313725
vb0[401]+076 TEXCOORD: 0.1363663673400879, 0.11425282061100006

vb0[402]+000 POSITION: 0.03045942634344101, 1.4344456195831299, 0.13015875220298767
vb0[402]+012 NORMAL: 0.5980802774429321, 0.7336406111717224, -0.3226011395454407
vb0[402]+024 TANGENT: 0.3481157422065735, 0.7178347706794739, -0.6029333472251892, -1.0
vb0[402]+040 BLENDWEIGHTS: 0.9921875, 0.0078125, 0.0, 0.0
vb0[402]+056 BLENDINDICES: 1, 0, 0, 0
vb0[402]+072 COLOR: 1.0, 0.5019607843137255, 0.5019607843137255, 0.14901960784313725
vb0[402]+076 TEXCOORD: 0.137786865234375, 0.11387506127357483

vb0[403]+000 POSITION: 0.015442841686308384, 1.4887831211090088, 0.15234287083148956
vb0[403]+012 NORMAL: 0.9865634441375732, 0.10994043201208115, -0.1208544597029686
vb0[403]+024 TANGENT: 0.2686137855052948, -0.03556900843977928, 0.9625909924507141, -1.0
vb0[403]+040 BLENDWEIGHTS: 0.5042371153831482, 0.4957628846168518, 0.0, 0.0
vb0[403]+056 BLENDINDICES: 1, 0, 0, 0
vb0[403]+072 COLOR: 1.0, 0.5019607843137255, 0.5019607843137255, 0.0
vb0[403]+076 TEXCOORD: 0.12552765011787415, 0.17728367447853088

vb0[404]+000 POSITION: 0.033398356288671494, 1.431178092956543, 0.1283239871263504
vb0[404]+012 NORMAL: 0.5719723701477051, 0.7560508251190186, -0.3181738257408142
vb0[404]+024 TANGENT: 0.8548073768615723, 0.2736891508102417, 0.4409065246582031, -1.0
vb0[404]+040 BLENDWEIGHTS: 0.998046875, 0.001953125, 0.0, 0.0
vb0[404]+056 BLENDINDICES: 1, 0, 0, 0
vb0[404]+072 COLOR: 1.0, 0.5019607843137255, 0.5019607843137255, 0.10196078431372549
vb0[404]+076 TEXCOORD: 0.13825249671936035, 0.10889842361211777

vb0[405]+000 POSITION: 0.03335285186767578, 1.431121587753296, 0.12758615612983704
vb0[405]+012 NORMAL: 0.545910120010376, 0.7759971618652344, -0.31592807173728943
vb0[405]+024 TANGENT: 0.350888729095459, 0.780580997467041, -0.5172721147537231, -1.0
vb0[405]+040 BLENDWEIGHTS: 0.998046875, 0.001953125, 0.0, 0.0
vb0[405]+056 BLENDINDICES: 1, 0, 0, 0
vb0[405]+072 COLOR: 1.0, 0.5019607843137255, 0.5019607843137255, 0.10196078431372549
vb0[405]+076 TEXCOORD: 0.13945245742797852, 0.10884091258049011

vb0[406]+000 POSITION: 0.036288730800151825, 1.4283161163330078, 0.12504352629184723
vb0[406]+012 NORMAL: 0.5014070868492126, 0.8072103261947632, -0.31145212054252625
vb0[406]+024 TANGENT: 0.6880780458450317, -0.4788258671760559, -0.5452288389205933, -1.0
vb0[406]+040 BLENDWEIGHTS: 1.0, 0.0, 0.0, 0.0
vb0[406]+056 BLENDINDICES: 1, 0, 0, 0
vb0[406]+072 COLOR: 1.0, 0.5019607843137255, 0.5019607843137255, 0.0
vb0[406]+076 TEXCOORD: 0.1408390998840332, 0.10403148829936981

vb0[407]+000 POSITION: -0.06727813184261322, 1.4223182201385498, 0.09252079576253891
vb0[407]+012 NORMAL: -0.22684121131896973, -0.40113556385040283, -0.8874871134757996
vb0[407]+024 TANGENT: 0.487320214509964, -0.05460018664598465, -0.8715147376060486, -1.0
vb0[407]+040 BLENDWEIGHTS: 0.736328125, 0.263671875, 0.0, 0.0
vb0[407]+056 BLENDINDICES: 3, 0, 0, 0
vb0[407]+072 COLOR: 1.0, 0.5019607843137255, 0.5019607843137255, 0.30196078431372547
vb0[407]+076 TEXCOORD: 0.19559025764465332, 0.2884976267814636

vb0[408]+000 POSITION: -0.06580337136983871, 1.4164379835128784, 0.09537847340106964
vb0[408]+012 NORMAL: -0.17524568736553192, -0.5016418695449829, -0.8471389412879944
vb0[408]+024 TANGENT: -0.6040103435516357, -0.689363956451416, -0.39993610978126526, -1.0
vb0[408]+040 BLENDWEIGHTS: 0.841796875, 0.158203125, 0.0, 0.0
vb0[408]+056 BLENDINDICES: 3, 0, 0, 0
vb0[408]+072 COLOR: 1.0, 0.5019607843137255, 0.5019607843137255, 0.30196078431372547
vb0[408]+076 TEXCOORD: 0.19291925430297852, 0.28241318464279175

vb0[409]+000 POSITION: -0.06946504861116409, 1.4215878248214722, 0.09342504292726517
vb0[409]+012 NORMAL: -0.23033413290977478, -0.3959077000617981, -0.8889338374137878
vb0[409]+024 TANGENT: -0.6581246852874756, -0.5799163579940796, -0.4801759123802185, -1.0
vb0[409]+040 BLENDWEIGHTS: 0.736328125, 0.263671875, 0.0, 0.0
vb0[409]+056 BLENDINDICES: 3, 0, 0, 0
vb0[409]+072 COLOR: 1.0, 0.5019607843137255, 0.5019607843137255, 0.30196078431372547
vb0[409]+076 TEXCOORD: 0.193334698677063, 0.2888842523097992

vb0[410]+000 POSITION: -0.06409531831741333, 1.4171072244644165, 0.09471235424280167
vb0[410]+012 NORMAL: -0.17378796637058258, -0.5095351338386536, -0.8427169322967529
vb0[410]+024 TANGENT: 0.5010466575622559, -0.07018697261810303, -0.8625694513320923, -1.0
vb0[410]+040 BLENDWEIGHTS: 0.83984375, 0.16015625, 0.0, 0.0
vb0[410]+056 BLENDINDICES: 3, 0, 0, 0
vb0[410]+072 COLOR: 1.0, 0.5019607843137255, 0.5019607843137255, 0.30196078431372547
vb0[410]+076 TEXCOORD: 0.19465291500091553, 0.28190046548843384

vb0[411]+000 POSITION: -0.062009017914533615, 1.4127453565597534, 0.09744087606668472
vb0[411]+012 NORMAL: -0.14741095900535583, -0.6300634145736694, -0.7624238729476929
vb0[411]+024 TANGENT: -0.5125619173049927, -0.7990301251411438, -0.31437429785728455, -1.0
vb0[411]+040 BLENDWEIGHTS: 0.90625, 0.09375, 0.0, 0.0
vb0[411]+056 BLENDINDICES: 3, 0, 0, 0
vb0[411]+072 COLOR: 1.0, 0.5019607843137255, 0.5019607843137255, 0.2
vb0[411]+076 TEXCOORD: 0.19200313091278076, 0.2771247923374176

vb0[412]+000 POSITION: -0.06116601824760437, 1.4130431413650513, 0.09689875692129135
vb0[412]+012 NORMAL: -0.14427979290485382, -0.6420896649360657, -0.7529303431510925
vb0[412]+024 TANGENT: 0.46839550137519836, -0.18415117263793945, -0.86411452293396, -1.0
vb0[412]+040 BLENDWEIGHTS: 0.90625, 0.09375, 0.0, 0.0
vb0[412]+056 BLENDINDICES: 3, 0, 0, 0
vb0[412]+072 COLOR: 1.0, 0.5019607843137255, 0.5019607843137255, 0.2
vb0[412]+076 TEXCOORD: 0.19286561012268066, 0.276686429977417

vb0[413]+000 POSITION: -0.07043421268463135, 1.4297378063201904, 0.09044495224952698
vb0[413]+012 NORMAL: -0.26853808760643005, -0.31092607975006104, -0.911708414554596
vb0[413]+024 TANGENT: 0.4597419798374176, -0.04841876029968262, -0.8867316246032715, -1.0
vb0[413]+040 BLENDWEIGHTS: 0.5703125, 0.4296875, 0.0, 0.0
vb0[413]+056 BLENDINDICES: 3, 0, 0, 0
vb0[413]+072 COLOR: 1.0, 0.5019607843137255, 0.5019607843137255, 0.30196078431372547
vb0[413]+076 TEXCOORD: 0.1965612769126892, 0.29703179001808167

vb0[414]+000 POSITION: -0.07359956204891205, 1.4287612438201904, 0.09172471612691879
vb0[414]+012 NORMAL: -0.2726801931858063, -0.3166181743144989, -0.9085144400596619
vb0[414]+024 TANGENT: -0.7074103951454163, -0.47025758028030396, -0.5276631712913513, -1.0
vb0[414]+040 BLENDWEIGHTS: 0.5703125, 0.4296875, 0.0, 0.0
vb0[414]+056 BLENDINDICES: 3, 0, 0, 0
vb0[414]+072 COLOR: 1.0, 0.5019607843137255, 0.5019607843137255, 0.30196078431372547
vb0[414]+076 TEXCOORD: 0.1936383843421936, 0.2976551651954651

vb0[415]+000 POSITION: -0.057345204055309296, 1.4094314575195312, 0.10031509399414062
vb0[415]+012 NORMAL: -0.06210174784064293, -0.7446507811546326, -0.6645588874816895
vb0[415]+024 TANGENT: -0.3802204132080078, -0.8867897391319275, -0.26274776458740234, -1.0
vb0[415]+040 BLENDWEIGHTS: 0.955078125, 0.044921875, 0.0, 0.0
vb0[415]+056 BLENDINDICES: 3, 0, 0, 0
vb0[415]+072 COLOR: 1.0, 0.5019607843137255, 0.5019607843137255, 0.10196078431372549
vb0[415]+076 TEXCOORD: 0.18966209888458252, 0.27134498953819275

vb0[416]+000 POSITION: -0.05716283246874809, 1.4096845388412476, 0.10005687177181244
vb0[416]+012 NORMAL: -0.08690298348665237, -0.7445250749588013, -0.661914050579071
vb0[416]+024 TANGENT: 0.4957481026649475, -0.20989489555358887, -0.8427205681800842, -1.0
vb0[416]+040 BLENDWEIGHTS: 0.953125, 0.046875, 0.0, 0.0
vb0[416]+056 BLENDINDICES: 3, 0, 0, 0
vb0[416]+072 COLOR: 1.0, 0.5019607843137255, 0.5019607843137255, 0.10196078431372549
vb0[416]+076 TEXCOORD: 0.19003188610076904, 0.2712676227092743

vb0[417]+000 POSITION: -0.05277087166905403, 1.4068882465362549, 0.10359705984592438
vb0[417]+012 NORMAL: 0.07212528586387634, -0.7373331785202026, -0.6716678142547607
vb0[417]+024 TANGENT: 0.7353106141090393, -0.5256010293960571, 0.42785724997520447, -1.0
vb0[417]+040 BLENDWEIGHTS: 0.9833984375, 0.0166015625, 0.0, 0.0
vb0[417]+056 BLENDINDICES: 3, 0, 0, 0
vb0[417]+072 COLOR: 1.0, 0.5019607843137255, 0.5019607843137255, 0.0
vb0[417]+076 TEXCOORD: 0.18602347373962402, 0.2662394642829895

vb0[418]+000 POSITION: -0.07780849188566208, 1.4374979734420776, 0.09061340987682343
vb0[418]+012 NORMAL: -0.2849370539188385, -0.17210738360881805, -0.9429686665534973
vb0[418]+024 TANGENT: -0.790004551410675, -0.3349998891353607, -0.5134859085083008, -1.0
vb0[418]+040 BLENDWEIGHTS: 0.6328125, 0.3671875, 0.0, 0.0
vb0[418]+056 BLENDINDICES: 0, 3, 0, 0
vb0[418]+072 COLOR: 1.0, 0.5019607843137255, 0.5019607843137255, 0.30196078431372547
vb0[418]+076 TEXCOORD: 0.19507808983325958, 0.3073406517505646

vb0[419]+000 POSITION: -0.07276713103055954, 1.438308835029602, 0.0889538824558258
vb0[419]+012 NORMAL: -0.2796242833137512, -0.18827225267887115, -0.9414689540863037
vb0[419]+024 TANGENT: 0.9756878614425659, 0.04660367965698242, -0.21415233612060547, -1.0
vb0[419]+040 BLENDWEIGHTS: 0.9287899136543274, 0.07121007889509201, 0.0, 0.0
vb0[419]+056 BLENDINDICES: 0, 3, 0, 0
vb0[419]+072 COLOR: 1.0, 0.5019607843137255, 0.5019607843137255, 0.0
vb0[419]+076 TEXCOORD: 0.1973109245300293, 0.3053078353404999

vb0[420]+000 POSITION: -0.08155804127454758, 1.4492868185043335, 0.0900678038597107
vb0[420]+012 NORMAL: -0.2899509072303772, -0.13606253266334534, -0.9473201632499695
vb0[420]+024 TANGENT: -0.9506198763847351, -0.24721144139766693, 0.18763886392116547, -1.0
vb0[420]+040 BLENDWEIGHTS: 0.8905110359191895, 0.10948895663022995, 0.0, 0.0
vb0[420]+056 BLENDINDICES: 0, 3, 0, 0
vb0[420]+072 COLOR: 1.0, 0.5019607843137255, 0.5019607843137255, 0.0
vb0[420]+076 TEXCOORD: 0.19822323322296143, 0.3199755549430847

vb0[421]+000 POSITION: -0.0728306919336319, 1.4281280040740967, 0.06683090329170227
vb0[421]+012 NORMAL: -0.12785737216472626, -0.33650293946266174, -0.9329620599746704
vb0[421]+024 TANGENT: 0.5908718109130859, -0.06562721729278564, -0.8040918111801147, -1.0
vb0[421]+040 BLENDWEIGHTS: 0.60546875, 0.39453125, 0.0, 0.0
vb0[421]+056 BLENDINDICES: 5, 0, 0, 0
vb0[421]+072 COLOR: 1.0, 0.5019607843137255, 0.5019607843137255, 0.45098039215686275
vb0[421]+076 TEXCOORD: 0.22414708137512207, 0.2936140298843384

vb0[422]+000 POSITION: -0.07169346511363983, 1.4197245836257935, 0.07060515880584717
vb0[422]+012 NORMAL: 0.08239881694316864, -0.4382692575454712, -0.8950588703155518
vb0[422]+024 TANGENT: -0.5019694566726685, -0.6010919809341431, -0.6218641996383667, -1.0
vb0[422]+040 BLENDWEIGHTS: 0.783203125, 0.216796875, 0.0, 0.0
vb0[422]+056 BLENDINDICES: 5, 0, 0, 0
vb0[422]+072 COLOR: 1.0, 0.5019607843137255, 0.5019607843137255, 0.4
vb0[422]+076 TEXCOORD: 0.21753549575805664, 0.2860707938671112

vb0[423]+000 POSITION: -0.07591540366411209, 1.427843451499939, 0.06737843155860901
vb0[423]+012 NORMAL: -0.13721270859241486, -0.3225898742675781, -0.9365406632423401
vb0[423]+024 TANGENT: -0.6375882625579834, -0.4827757179737091, -0.6003406047821045, -1.0
vb0[423]+040 BLENDWEIGHTS: 0.583984375, 0.416015625, 0.0, 0.0
vb0[423]+056 BLENDINDICES: 5, 0, 0, 0
vb0[423]+072 COLOR: 1.0, 0.5019607843137255, 0.5019607843137255, 0.4
vb0[423]+076 TEXCOORD: 0.22155237197875977, 0.2954920530319214

vb0[424]+000 POSITION: -0.07606320083141327, 1.4381139278411865, 0.06423395872116089
vb0[424]+012 NORMAL: -0.1674005687236786, -0.24209018051624298, -0.9557036757469177
vb0[424]+024 TANGENT: 0.5743826031684875, -0.023892519995570183, -0.8182381987571716, -1.0
vb0[424]+040 BLENDWEIGHTS: 0.642578125, 0.357421875, 0.0, 0.0
vb0[424]+056 BLENDINDICES: 0, 5, 0, 0
vb0[424]+072 COLOR: 1.0, 0.5019607843137255, 0.5019607843137255, 0.5019607843137255
vb0[424]+076 TEXCOORD: 0.22829437255859375, 0.3048418462276459

vb0[425]+000 POSITION: -0.07922960817813873, 1.437232494354248, 0.06498409807682037
vb0[425]+012 NORMAL: -0.16672572493553162, -0.24342872202396393, -0.9554815292358398
vb0[425]+024 TANGENT: -0.5345166325569153, -0.33151689171791077, -0.7774243950843811, -1.0
vb0[425]+040 BLENDWEIGHTS: 0.65234375, 0.34765625, 0.0, 0.0
vb0[425]+056 BLENDINDICES: 0, 5, 0, 0
vb0[425]+072 COLOR: 1.0, 0.5019607843137255, 0.5019607843137255, 0.4549019607843137
vb0[425]+076 TEXCOORD: 0.22494721412658691, 0.30576005578041077

vb0[426]+000 POSITION: -0.07874291390180588, 1.4497942924499512, 0.06218024715781212
vb0[426]+012 NORMAL: -0.20592695474624634, -0.15790843963623047, -0.9657427072525024
vb0[426]+024 TANGENT: 0.5594838857650757, 0.012475847266614437, -0.8287473320960999, -1.0
vb0[426]+040 BLENDWEIGHTS: 0.87890625, 0.12109375, 0.0, 0.0
vb0[426]+056 BLENDINDICES: 0, 5, 0, 0
vb0[426]+072 COLOR: 1.0, 0.5019607843137255, 0.5019607843137255, 0.5019607843137255
vb0[426]+076 TEXCOORD: 0.23247456550598145, 0.317376971244812

vb0[427]+000 POSITION: -0.08270734548568726, 1.4491233825683594, 0.06313619017601013
vb0[427]+012 NORMAL: -0.20654752850532532, -0.1564355343580246, -0.9658499956130981
vb0[427]+024 TANGENT: -0.5591328144073486, -0.23335623741149902, -0.795559823513031, -1.0
vb0[427]+040 BLENDWEIGHTS: 0.892578125, 0.107421875, 0.0, 0.0
vb0[427]+056 BLENDINDICES: 0, 5, 0, 0
vb0[427]+072 COLOR: 1.0, 0.5019607843137255, 0.5019607843137255, 0.5019607843137255
vb0[427]+076 TEXCOORD: 0.22820472717285156, 0.31847673654556274

vb0[428]+000 POSITION: -0.08082686364650726, 1.4621766805648804, 0.061113141477108
vb0[428]+012 NORMAL: -0.24549567699432373, -0.09230212867259979, -0.9649933576583862
vb0[428]+024 TANGENT: 0.5574446320533752, 0.05329131707549095, -0.8285019397735596, -1.0
vb0[428]+040 BLENDWEIGHTS: 1.0, 0.0, 0.0, 0.0
vb0[428]+056 BLENDINDICES: 0, 0, 0, 0
vb0[428]+072 COLOR: 1.0, 0.5019607843137255, 0.5019607843137255, 0.4
vb0[428]+076 TEXCOORD: 0.23565340042114258, 0.3305756449699402

vb0[429]+000 POSITION: -0.08549990504980087, 1.4619895219802856, 0.062247760593891144
vb0[429]+012 NORMAL: -0.24841779470443726, -0.08901068568229675, -0.9645547270774841
vb0[429]+024 TANGENT: -0.5998510122299194, -0.13689029216766357, -0.7883145213127136, -1.0
vb0[429]+040 BLENDWEIGHTS: 1.0, 0.0, 0.0, 0.0
vb0[429]+056 BLENDINDICES: 0, 0, 0, 0
vb0[429]+072 COLOR: 1.0, 0.5019607843137255, 0.5019607843137255, 0.5019607843137255
vb0[429]+076 TEXCOORD: 0.23067140579223633, 0.3320419490337372

vb0[430]+000 POSITION: -0.08361596614122391, 1.4790525436401367, 0.06048661470413208
vb0[430]+012 NORMAL: -0.2757551074028015, -0.0713515505194664, -0.9585761427879333
vb0[430]+024 TANGENT: 0.5444675087928772, 0.05461705103516579, -0.8370019197463989, -1.0
vb0[430]+040 BLENDWEIGHTS: 1.0, 0.0, 0.0, 0.0
vb0[430]+056 BLENDINDICES: 0, 0, 0, 0
vb0[430]+072 COLOR: 1.0, 0.5019607843137255, 0.5019607843137255, 0.30196078431372547
vb0[430]+076 TEXCOORD: 0.2377157211303711, 0.3489382565021515

vb0[431]+000 POSITION: -0.08750025182962418, 1.4792104959487915, 0.06171395629644394
vb0[431]+012 NORMAL: -0.27806809544563293, -0.07165221869945526, -0.957885205745697
vb0[431]+024 TANGENT: -0.6558557748794556, -0.059588316828012466, -0.7525306344032288, -1.0
vb0[431]+040 BLENDWEIGHTS: 1.0, 0.0, 0.0, 0.0
vb0[431]+056 BLENDINDICES: 0, 0, 0, 0
vb0[431]+072 COLOR: 1.0, 0.5019607843137255, 0.5019607843137255, 0.5019607843137255
vb0[431]+076 TEXCOORD: 0.23353052139282227, 0.3501752018928528

vb0[432]+000 POSITION: -0.06943783164024353, 1.420600414276123, 0.07036629319190979
vb0[432]+012 NORMAL: 0.10618606209754944, -0.43858182430267334, -0.8923959136009216
vb0[432]+024 TANGENT: 0.6923285722732544, -0.05166429281234741, -0.7197304368019104, -1.0
vb0[432]+040 BLENDWEIGHTS: 0.78515625, 0.21484375, 0.0, 0.0
vb0[432]+056 BLENDINDICES: 5, 0, 0, 0
vb0[432]+072 COLOR: 1.0, 0.5019607843137255, 0.5019607843137255, 0.4
vb0[432]+076 TEXCOORD: 0.2196357250213623, 0.2845945358276367

vb0[433]+000 POSITION: -0.0681183859705925, 1.4139859676361084, 0.07403045147657394
vb0[433]+012 NORMAL: 0.1587994396686554, -0.48394399881362915, -0.8605701327323914
vb0[433]+024 TANGENT: -0.4082510471343994, -0.6965963244438171, -0.5899870991706848, -1.0
vb0[433]+040 BLENDWEIGHTS: 0.896484375, 0.103515625, 0.0, 0.0
vb0[433]+056 BLENDINDICES: 5, 0, 0, 0
vb0[433]+072 COLOR: 1.0, 0.5019607843137255, 0.5019607843137255, 0.34901960784313724
vb0[433]+076 TEXCOORD: 0.21366667747497559, 0.27923861145973206

vb0[434]+000 POSITION: -0.06606026738882065, 1.4144728183746338, 0.07421492785215378
vb0[434]+012 NORMAL: 0.1763978898525238, -0.5009890198707581, -0.8472860455513
vb0[434]+024 TANGENT: 0.7321677803993225, -0.06717569380998611, -0.6778036952018738, -1.0
vb0[434]+040 BLENDWEIGHTS: 0.90234375, 0.09765625, 0.0, 0.0
vb0[434]+056 BLENDINDICES: 5, 0, 0, 0
vb0[434]+072 COLOR: 1.0, 0.5019607843137255, 0.5019607843137255, 0.34901960784313724
vb0[434]+076 TEXCOORD: 0.2149345874786377, 0.2773655354976654

vb0[435]+000 POSITION: -0.06501474976539612, 1.4099375009536743, 0.07753957062959671
vb0[435]+012 NORMAL: 0.242147296667099, -0.5600053668022156, -0.7923122048377991
vb0[435]+024 TANGENT: -0.316988468170166, -0.79653000831604, -0.5148380994796753, -1.0
vb0[435]+040 BLENDWEIGHTS: 0.95703125, 0.04296875, 0.0, 0.0
vb0[435]+056 BLENDINDICES: 5, 0, 0, 0
vb0[435]+072 COLOR: 1.0, 0.5019607843137255, 0.5019607843137255, 0.30196078431372547
vb0[435]+076 TEXCOORD: 0.2098730504512787, 0.2741599977016449

vb0[436]+000 POSITION: -0.06340571492910385, 1.4104357957839966, 0.07769516110420227
vb0[436]+012 NORMAL: 0.25963976979255676, -0.5737698078155518, -0.7767724394798279
vb0[436]+024 TANGENT: 0.7681377530097961, -0.08242357522249222, -0.6349572539329529, -1.0
vb0[436]+040 BLENDWEIGHTS: 0.9580078125, 0.0419921875, 0.0, 0.0
vb0[436]+056 BLENDINDICES: 5, 0, 0, 0
vb0[436]+072 COLOR: 1.0, 0.5019607843137255, 0.5019607843137255, 0.30196078431372547
vb0[436]+076 TEXCOORD: 0.21070940792560577, 0.27257388830184937

vb0[437]+000 POSITION: -0.06220061704516411, 1.407330870628357, 0.08073949813842773
vb0[437]+012 NORMAL: 0.33199653029441833, -0.6013091802597046, -0.7267775535583496
vb0[437]+024 TANGENT: -0.20065246522426605, -0.8659217357635498, -0.4581682085990906, -1.0
vb0[437]+040 BLENDWEIGHTS: 0.984375, 0.015625, 0.0, 0.0
vb0[437]+056 BLENDINDICES: 5, 0, 0, 0
vb0[437]+072 COLOR: 1.0, 0.5019607843137255, 0.5019607843137255, 0.25098039215686274
vb0[437]+076 TEXCOORD: 0.20647311210632324, 0.27029839158058167

vb0[438]+000 POSITION: -0.06106764078140259, 1.4077787399291992, 0.08092781156301498
vb0[438]+012 NORMAL: 0.3650347888469696, -0.5961447954177856, -0.7150951027870178
vb0[438]+024 TANGENT: 0.8089810609817505, -0.028470931574702263, -0.5871447324752808, -1.0
vb0[438]+040 BLENDWEIGHTS: 0.984375, 0.015625, 0.0, 0.0
vb0[438]+056 BLENDINDICES: 5, 0, 0, 0
vb0[438]+072 COLOR: 1.0, 0.5019607843137255, 0.5019607843137255, 0.25098039215686274
vb0[438]+076 TEXCOORD: 0.20690461993217468, 0.2690722644329071

vb0[439]+000 POSITION: -0.08634080737829208, 1.4969841241836548, 0.05994239076972008
vb0[439]+012 NORMAL: -0.3032133877277374, -0.074907086789608, -0.9499739408493042
vb0[439]+024 TANGENT: 0.8927494883537292, 0.15799641609191895, -0.4219426214694977, -1.0
vb0[439]+040 BLENDWEIGHTS: 1.0, 0.0, 0.0, 0.0
vb0[439]+056 BLENDINDICES: 0, 0, 0, 0
vb0[439]+072 COLOR: 1.0, 0.5019607843137255, 0.5019607843137255, 0.0
vb0[439]+076 TEXCOORD: 0.24015069007873535, 0.36790895462036133

vb0[440]+000 POSITION: -0.05931263789534569, 1.4053064584732056, 0.08411277830600739
vb0[440]+012 NORMAL: 0.5014415383338928, -0.5524888038635254, -0.6658172011375427
vb0[440]+024 TANGENT: -0.007053017150610685, -0.8990557193756104, -0.43777740001678467, -1.0
vb0[440]+040 BLENDWEIGHTS: 0.998046875, 0.001953125, 0.0, 0.0
vb0[440]+056 BLENDINDICES: 5, 0, 0, 0
vb0[440]+072 COLOR: 1.0, 0.5019607843137255, 0.5019607843137255, 0.2
vb0[440]+076 TEXCOORD: 0.20301145315170288, 0.2667723000049591

vb0[441]+000 POSITION: -0.05899874493479729, 1.4058786630630493, 0.0839606299996376
vb0[441]+012 NORMAL: 0.4757956564426422, -0.5641374588012695, -0.6748092174530029
vb0[441]+024 TANGENT: 0.8410479426383972, 0.03900003433227539, -0.5395530462265015, -1.0
vb0[441]+040 BLENDWEIGHTS: 0.99609375, 0.00390625, 0.0, 0.0
vb0[441]+056 BLENDINDICES: 5, 0, 0, 0
vb0[441]+072 COLOR: 1.0, 0.5019607843137255, 0.5019607843137255, 0.2
vb0[441]+076 TEXCOORD: 0.20360296964645386, 0.2664163410663605

vb0[442]+000 POSITION: -0.056026753038167953, 1.4035580158233643, 0.08871757239103317
vb0[442]+012 NORMAL: 0.6057447791099548, -0.497450053691864, -0.6209803223609924
vb0[442]+024 TANGENT: 0.6675012707710266, -0.4761398732662201, 0.5724796652793884, -1.0
vb0[442]+040 BLENDWEIGHTS: 1.0, 0.0, 0.0, 0.0
vb0[442]+056 BLENDINDICES: 5, 0, 0, 0
vb0[442]+072 COLOR: 1.0, 0.5019607843137255, 0.5019607843137255, 0.0
vb0[442]+076 TEXCOORD: 0.19841313362121582, 0.26247096061706543

vb0[443]+000 POSITION: -0.01909959688782692, 1.5165907144546509, 0.13559214770793915
vb0[443]+012 NORMAL: -0.3927499055862427, -0.2482270747423172, -0.885511577129364
vb0[443]+024 TANGENT: -0.5731306076049805, -0.28013038635253906, -0.7700963020324707, -1.0
vb0[443]+040 BLENDWEIGHTS: 0.822265625, 0.177734375, 0.0, 0.0
vb0[443]+056 BLENDINDICES: 0, 1, 0, 0
vb0[443]+072 COLOR: 1.0, 0.5019607843137255, 0.5019607843137255, 0.30196078431372547
vb0[443]+076 TEXCOORD: 0.08324813842773438, 0.2144077718257904

vb0[444]+000 POSITION: -0.019126389175653458, 1.5237094163894653, 0.1336086094379425
vb0[444]+012 NORMAL: -0.3927499055862427, -0.2482270747423172, -0.885511577129364
vb0[444]+024 TANGENT: -0.6678087711334229, -0.4072386622428894, 0.6230474710464478, -1.0
vb0[444]+040 BLENDWEIGHTS: 1.0, 0.0, 0.0, 0.0
vb0[444]+056 BLENDINDICES: 0, 0, 0, 0
vb0[444]+072 COLOR: 1.0, 0.5019607843137255, 0.5019607843137255, 0.30196078431372547
vb0[444]+076 TEXCOORD: 0.0840919017791748, 0.2226874679327011

vb0[445]+000 POSITION: -0.0169935692101717, 1.523318886756897, 0.1327720582485199
vb0[445]+012 NORMAL: -0.3927498757839203, -0.2482270896434784, -0.885511577129364
vb0[445]+024 TANGENT: 0.23637498915195465, -0.5111413598060608, -0.8263542652130127, -1.0
vb0[445]+040 BLENDWEIGHTS: 1.0, 0.0, 0.0, 0.0
vb0[445]+056 BLENDINDICES: 0, 0, 0, 0
vb0[445]+072 COLOR: 1.0, 0.5019607843137255, 0.5019607843137255, 0.4
vb0[445]+076 TEXCOORD: 0.08209657669067383, 0.22276492416858673

vb0[446]+000 POSITION: 0.059407033026218414, 1.4139689207077026, 0.09502516686916351
vb0[446]+012 NORMAL: -0.36706289649009705, -0.6565003395080566, -0.6589933037757874
vb0[446]+024 TANGENT: 0.11949890851974487, -0.8872947692871094, -0.44545257091522217, -1.0
vb0[446]+040 BLENDWEIGHTS: 0.994140625, 0.005859375, 0.0, 0.0
vb0[446]+056 BLENDINDICES: 2, 0, 0, 0
vb0[446]+072 COLOR: 1.0, 0.5019607843137255, 0.5019607843137255, 0.4
vb0[446]+076 TEXCOORD: 0.23961585760116577, 0.10732153058052063

vb0[447]+000 POSITION: 0.05581047013401985, 1.411157250404358, 0.1004219576716423
vb0[447]+012 NORMAL: -0.40762707591056824, -0.6698651313781738, -0.6205810904502869
vb0[447]+024 TANGENT: -0.507752537727356, -0.6724588871002197, -0.5385039448738098, -1.0
vb0[447]+040 BLENDWEIGHTS: 1.0, 0.0, 0.0, 0.0
vb0[447]+056 BLENDINDICES: 2, 0, 0, 0
vb0[447]+072 COLOR: 1.0, 0.5019607843137255, 0.5019607843137255, 0.30196078431372547
vb0[447]+076 TEXCOORD: 0.23383736610412598, 0.10264190286397934

vb0[448]+000 POSITION: 0.05841589719057083, 1.4144701957702637, 0.09513511508703232
vb0[448]+012 NORMAL: -0.3726798892021179, -0.6584552526473999, -0.6538702845573425
vb0[448]+024 TANGENT: -0.8233771920204163, -0.18391995131969452, -0.5368643403053284, -1.0
vb0[448]+040 BLENDWEIGHTS: 0.994140625, 0.005859375, 0.0, 0.0
vb0[448]+056 BLENDINDICES: 2, 0, 0, 0
vb0[448]+072 COLOR: 1.0, 0.5019607843137255, 0.5019607843137255, 0.5019607843137255
vb0[448]+076 TEXCOORD: 0.24034512042999268, 0.10669995844364166

vb0[449]+000 POSITION: 0.06110789254307747, 1.4183754920959473, 0.08978704363107681
vb0[449]+012 NORMAL: -0.3414634168148041, -0.6201819181442261, -0.7062414884567261
vb0[449]+024 TANGENT: -0.8028539419174194, -0.18430306017398834, -0.5669726133346558, -1.0
vb0[449]+040 BLENDWEIGHTS: 0.97265625, 0.02734375, 0.0, 0.0
vb0[449]+056 BLENDINDICES: 2, 0, 0, 0
vb0[449]+072 COLOR: 1.0, 0.5019607843137255, 0.5019607843137255, 0.45098039215686275
vb0[449]+076 TEXCOORD: 0.24699610471725464, 0.11133924871683121

vb0[450]+000 POSITION: 0.06319498270750046, 1.4174450635910034, 0.0896434485912323
vb0[450]+012 NORMAL: -0.3374767005443573, -0.6125504970550537, -0.7147667407989502
vb0[450]+024 TANGENT: 0.17624008655548096, -0.8458407521247864, -0.5034806728363037, -1.0
vb0[450]+040 BLENDWEIGHTS: 0.974609375, 0.025390625, 0.0, 0.0
vb0[450]+056 BLENDINDICES: 2, 0, 0, 0
vb0[450]+072 COLOR: 1.0, 0.5019607843137255, 0.5019607843137255, 0.4
vb0[450]+076 TEXCOORD: 0.24548792839050293, 0.11267708241939545

vb0[451]+000 POSITION: 0.06390147656202316, 1.4231362342834473, 0.08472113311290741
vb0[451]+012 NORMAL: -0.32507607340812683, -0.5647789835929871, -0.7585184574127197
vb0[451]+024 TANGENT: -0.7925174832344055, -0.1280161738395691, -0.5962616801261902, -1.0
vb0[451]+040 BLENDWEIGHTS: 0.9296875, 0.0703125, 0.0, 0.0
vb0[451]+056 BLENDINDICES: 2, 0, 0, 0
vb0[451]+072 COLOR: 1.0, 0.5019607843137255, 0.5019607843137255, 0.45098039215686275
vb0[451]+076 TEXCOORD: 0.2529873847961426, 0.11692570149898529

vb0[452]+000 POSITION: 0.06656733900308609, 1.4216216802597046, 0.08472099155187607
vb0[452]+012 NORMAL: -0.3248845934867859, -0.5629495978355408, -0.7599590420722961
vb0[452]+024 TANGENT: 0.19541819393634796, -0.7766967415809631, -0.5987937450408936, -1.0
vb0[452]+040 BLENDWEIGHTS: 0.935546875, 0.064453125, 0.0, 0.0
vb0[452]+056 BLENDINDICES: 2, 0, 0, 0
vb0[452]+072 COLOR: 1.0, 0.5019607843137255, 0.5019607843137255, 0.4
vb0[452]+076 TEXCOORD: 0.25084757804870605, 0.11839228868484497

vb0[453]+000 POSITION: 0.06674542278051376, 1.4280248880386353, 0.08020206540822983
vb0[453]+012 NORMAL: -0.3095554709434509, -0.5052940845489502, -0.8055142760276794
vb0[453]+024 TANGENT: -0.769561767578125, -0.11620820313692093, -0.6279094815254211, -1.0
vb0[453]+040 BLENDWEIGHTS: 0.86328125, 0.13671875, 0.0, 0.0
vb0[453]+056 BLENDINDICES: 2, 0, 0, 0
vb0[453]+072 COLOR: 1.0, 0.5019607843137255, 0.5019607843137255, 0.45098039215686275
vb0[453]+076 TEXCOORD: 0.25821924209594727, 0.12287508696317673

vb0[454]+000 POSITION: 0.06984436511993408, 1.4263074398040771, 0.08005620539188385
vb0[454]+012 NORMAL: -0.3091551661491394, -0.5042980313301086, -0.806291937828064
vb0[454]+024 TANGENT: 0.2491196244955063, -0.705044150352478, -0.6639670133590698, -1.0
vb0[454]+040 BLENDWEIGHTS: 0.875, 0.125, 0.0, 0.0
vb0[454]+056 BLENDINDICES: 2, 0, 0, 0
vb0[454]+072 COLOR: 1.0, 0.5019607843137255, 0.5019607843137255, 0.4
vb0[454]+076 TEXCOORD: 0.25578951835632324, 0.12465830147266388

vb0[455]+000 POSITION: 0.0731322318315506, 1.4320160150527954, 0.07594919949769974
vb0[455]+012 NORMAL: -0.23787982761859894, -0.3910508453845978, -0.8890963196754456
vb0[455]+024 TANGENT: 0.32485952973365784, -0.6127960085868835, -0.7203801274299622, -1.0
vb0[455]+040 BLENDWEIGHTS: 0.77734375, 0.22265625, 0.0, 0.0
vb0[455]+056 BLENDINDICES: 2, 0, 0, 0
vb0[455]+072 COLOR: 1.0, 0.5019607843137255, 0.5019607843137255, 0.3254901960784314
vb0[455]+076 TEXCOORD: 0.2600259780883789, 0.1319299042224884

vb0[456]+000 POSITION: 0.0692245215177536, 1.4336718320846558, 0.07640160620212555
vb0[456]+012 NORMAL: -0.2408166080713272, -0.39429810643196106, -0.8868687748908997
vb0[456]+024 TANGENT: -0.7522194385528564, -0.0872764140367508, -0.6531071662902832, -1.0
vb0[456]+040 BLENDWEIGHTS: 0.767578125, 0.232421875, 0.0, 0.0
vb0[456]+056 BLENDINDICES: 2, 0, 0, 0
vb0[456]+072 COLOR: 1.0, 0.5019607843137255, 0.5019607843137255, 0.25098039215686274
vb0[456]+076 TEXCOORD: 0.2625649571418762, 0.1296311616897583

vb0[457]+000 POSITION: 0.07180969417095184, 1.4408228397369385, 0.0726022943854332
vb0[457]+012 NORMAL: -0.22389520704746246, -0.37543147802352905, -0.8994010090827942
vb0[457]+024 TANGENT: -0.9732645750045776, 0.1731068193912506, -0.15096458792686462, -1.0
vb0[457]+040 BLENDWEIGHTS: 0.625, 0.375, 0.0, 0.0
vb0[457]+056 BLENDINDICES: 2, 0, 0, 0
vb0[457]+072 COLOR: 1.0, 0.5019607843137255, 0.5019607843137255, 0.0
vb0[457]+076 TEXCOORD: 0.26657819747924805, 0.13798221945762634

vb0[458]+000 POSITION: 0.07736405730247498, 1.4401800632476807, 0.07165883481502533
vb0[458]+012 NORMAL: -0.22389519214630127, -0.37543147802352905, -0.8994010090827942
vb0[458]+024 TANGENT: 0.8756551146507263, -0.4607267677783966, -0.14477252960205078, -1.0
vb0[458]+040 BLENDWEIGHTS: 0.609375, 0.390625, 0.0, 0.0
vb0[458]+056 BLENDINDICES: 2, 0, 0, 0
vb0[458]+072 COLOR: 1.0, 0.5019607843137255, 0.5019607843137255, 0.0
vb0[458]+076 TEXCOORD: 0.264132022857666, 0.1421276181936264

vb0[459]+000 POSITION: -0.04199681058526039, 1.5063925981521606, 0.1331455260515213
vb0[459]+012 NORMAL: -0.14844465255737305, -0.15739372372627258, 0.9763152599334717
vb0[459]+024 TANGENT: 0.7893770933151245, -0.5910567045211792, -0.16593897342681885, -1.0
vb0[459]+040 BLENDWEIGHTS: 1.0, 0.0, 0.0, 0.0
vb0[459]+056 BLENDINDICES: 0, 0, 0, 0
vb0[459]+072 COLOR: 1.0, 0.5019607843137255, 0.5019607843137255, 0.0
vb0[459]+076 TEXCOORD: 0.17959308624267578, 0.10689625144004822

vb0[460]+000 POSITION: -0.04767529293894768, 1.4954804182052612, 0.13178016245365143
vb0[460]+012 NORMAL: -0.08735878020524979, -0.27954789996147156, 0.9561492204666138
vb0[460]+024 TANGENT: 0.7692010402679443, -0.5671150088310242, -0.29446640610694885, -1.0
vb0[460]+040 BLENDWEIGHTS: 1.0, 0.0, 0.0, 0.0
vb0[460]+056 BLENDINDICES: 0, 0, 0, 0
vb0[460]+072 COLOR: 1.0, 0.5019607843137255, 0.5019607843137255, 0.0
vb0[460]+076 TEXCOORD: 0.19093608856201172, 0.10115528106689453

vb0[461]+000 POSITION: -0.04576031118631363, 1.4944339990615845, 0.12655039131641388
vb0[461]+012 NORMAL: -0.11076464504003525, -0.30288752913475037, 0.9465675950050354
vb0[461]+024 TANGENT: 0.8378370404243469, -0.47949913144111633, -0.2609781324863434, -1.0
vb0[461]+040 BLENDWEIGHTS: 1.0, 0.0, 0.0, 0.0
vb0[461]+056 BLENDINDICES: 0, 0, 0, 0
vb0[461]+072 COLOR: 1.0, 0.5019607843137255, 0.5019607843137255, 0.5019607843137255
vb0[461]+076 TEXCOORD: 0.18941879272460938, 0.09649988263845444

vb0[462]+000 POSITION: -0.051310423761606216, 1.4898982048034668, 0.12999503314495087
vb0[462]+012 NORMAL: -0.13523449003696442, -0.3589387536048889, 0.9235121607780457
vb0[462]+024 TANGENT: 0.8105825185775757, -0.5463083386421204, 0.21095813810825348, -1.0
vb0[462]+040 BLENDWEIGHTS: 1.0, 0.0, 0.0, 0.0
vb0[462]+056 BLENDINDICES: 0, 0, 0, 0
vb0[462]+072 COLOR: 1.0, 0.5019607843137255, 0.5019607843137255, 0.0
vb0[462]+076 TEXCOORD: 0.19750666618347168, 0.09821318089962006

vb0[463]+000 POSITION: -0.038983821868896484, 1.5030161142349243, 0.12895947694778442
vb0[463]+012 NORMAL: -0.15205934643745422, -0.1840425282716751, 0.9710851311683655
vb0[463]+024 TANGENT: 0.7845567464828491, -0.6181159019470215, -0.049025118350982666, -1.0
vb0[463]+040 BLENDWEIGHTS: 1.0, 0.0, 0.0, 0.0
vb0[463]+056 BLENDINDICES: 0, 0, 0, 0
vb0[463]+072 COLOR: 1.0, 0.5019607843137255, 0.5019607843137255, 0.5019607843137255
vb0[463]+076 TEXCOORD: 0.17855024337768555, 0.1004658117890358

vb0[464]+000 POSITION: -0.03256211802363396, 1.5098938941955566, 0.1303488314151764
vb0[464]+012 NORMAL: -0.11877785623073578, -0.11795209348201752, 0.9858900308609009
vb0[464]+024 TANGENT: 0.7519823312759399, -0.6579903960227966, -0.039639055728912354, -1.0
vb0[464]+040 BLENDWEIGHTS: 1.0, 0.0, 0.0, 0.0
vb0[464]+056 BLENDINDICES: 0, 0, 0, 0
vb0[464]+072 COLOR: 1.0, 0.5019607843137255, 0.5019607843137255, 0.4
vb0[464]+076 TEXCOORD: 0.16872763633728027, 0.10330215096473694

vb0[465]+000 POSITION: -0.03639572113752365, 1.5137094259262085, 0.13369283080101013
vb0[465]+012 NORMAL: -0.1394679695367813, -0.08444804698228836, 0.9866190552711487
vb0[465]+024 TANGENT: 0.7258834838867188, -0.6822593212127686, -0.0872659683227539, -1.0
vb0[465]+040 BLENDWEIGHTS: 1.0, 0.0, 0.0, 0.0
vb0[465]+056 BLENDINDICES: 0, 0, 0, 0
vb0[465]+072 COLOR: 1.0, 0.5019607843137255, 0.5019607843137255, 0.0
vb0[465]+076 TEXCOORD: 0.17041540145874023, 0.10984311252832413

vb0[466]+000 POSITION: -0.025183239951729774, 1.516863226890564, 0.1313956379890442
vb0[466]+012 NORMAL: -0.11010239273309708, -0.03668137267231941, 0.9932431578636169
vb0[466]+024 TANGENT: 0.6666480898857117, -0.7452914118766785, -0.011005342938005924, -1.0
vb0[466]+040 BLENDWEIGHTS: 1.0, 0.0, 0.0, 0.0
vb0[466]+056 BLENDINDICES: 0, 0, 0, 0
vb0[466]+072 COLOR: 1.0, 0.5019607843137255, 0.5019607843137255, 0.4
vb0[466]+076 TEXCOORD: 0.15846776962280273, 0.10505682229995728

vb0[467]+000 POSITION: -0.028606781736016273, 1.522430181503296, 0.13420861959457397
vb0[467]+012 NORMAL: -0.13728152215480804, 0.021342050284147263, 0.9903021454811096
vb0[467]+024 TANGENT: 0.6489090919494629, -0.760863184928894, -0.0020251870155334473, -1.0
vb0[467]+040 BLENDWEIGHTS: 1.0, 0.0, 0.0, 0.0
vb0[467]+056 BLENDINDICES: 0, 0, 0, 0
vb0[467]+072 COLOR: 1.0, 0.5019607843137255, 0.5019607843137255, 0.0
vb0[467]+076 TEXCOORD: 0.15816330909729004, 0.11307855695486069

vb0[468]+000 POSITION: -0.019126389175653458, 1.5237094163894653, 0.1336086094379425
vb0[468]+012 NORMAL: -0.09160661697387695, 0.03702760115265846, 0.99510657787323
vb0[468]+024 TANGENT: -0.6678087711334229, -0.4072386622428894, 0.6230474710464478, -1.0
vb0[468]+040 BLENDWEIGHTS: 1.0, 0.0, 0.0, 0.0
vb0[468]+056 BLENDINDICES: 0, 0, 0, 0
vb0[468]+072 COLOR: 1.0, 0.5019607843137255, 0.5019607843137255, 0.30196078431372547
vb0[468]+076 TEXCOORD: 0.14883041381835938, 0.10763954371213913

vb0[469]+000 POSITION: -0.023348186165094376, 1.5284658670425415, 0.13403402268886566
vb0[469]+012 NORMAL: -0.13578921556472778, 0.15366914868354797, 0.9787477254867554
vb0[469]+024 TANGENT: 0.22640635073184967, -0.00970750954002142, 0.9739844799041748, -1.0
vb0[469]+040 BLENDWEIGHTS: 1.0, 0.0, 0.0, 0.0
vb0[469]+056 BLENDINDICES: 0, 0, 0, 0
vb0[469]+072 COLOR: 1.0, 0.5019607843137255, 0.5019607843137255, 0.0
vb0[469]+076 TEXCOORD: 0.14939236640930176, 0.11456739902496338

vb0[470]+000 POSITION: -0.0169935692101717, 1.523318886756897, 0.1327720582485199
vb0[470]+012 NORMAL: -0.04542842134833336, -0.031113484874367714, 0.9984830021858215
vb0[470]+024 TANGENT: 0.23637498915195465, -0.5111413598060608, -0.8263542652130127, -1.0
vb0[470]+040 BLENDWEIGHTS: 1.0, 0.0, 0.0, 0.0
vb0[470]+056 BLENDINDICES: 0, 0, 0, 0
vb0[470]+072 COLOR: 1.0, 0.5019607843137255, 0.5019607843137255, 0.4
vb0[470]+076 TEXCOORD: 0.14770126342773438, 0.1069086566567421

vb0[471]+000 POSITION: -0.019350558519363403, 1.528704047203064, 0.13379724323749542
vb0[471]+012 NORMAL: -0.11242355406284332, 0.17692649364471436, 0.977782130241394
vb0[471]+024 TANGENT: -0.6701396107673645, 0.07935238629579544, 0.7379811406135559, -1.0
vb0[471]+040 BLENDWEIGHTS: 1.0, 0.0, 0.0, 0.0
vb0[471]+056 BLENDINDICES: 0, 0, 0, 0
vb0[471]+072 COLOR: 1.0, 0.5019607843137255, 0.5019607843137255, 0.0
vb0[471]+076 TEXCOORD: 0.14548397064208984, 0.1122983917593956

vb0[472]+000 POSITION: -0.018503695726394653, 1.5369144678115845, 0.13247667253017426
vb0[472]+012 NORMAL: -0.10733453929424286, 0.2501506507396698, 0.9622389674186707
vb0[472]+024 TANGENT: -0.4147680997848511, 0.2522240877151489, 0.8742713332176208, -1.0
vb0[472]+040 BLENDWEIGHTS: 1.0, 0.0, 0.0, 0.0
vb0[472]+056 BLENDINDICES: 0, 0, 0, 0
vb0[472]+072 COLOR: 1.0, 0.5019607843137255, 0.5019607843137255, 0.0
vb0[472]+076 TEXCOORD: 0.13901901245117188, 0.1193588525056839

vb0[473]+000 POSITION: -0.054384104907512665, 1.4818679094314575, 0.12267249822616577
vb0[473]+012 NORMAL: -0.16586458683013916, -0.4159257411956787, 0.894144594669342
vb0[473]+024 TANGENT: 0.8574436902999878, -0.4208230674266815, -0.2961392104625702, -1.0
vb0[473]+040 BLENDWEIGHTS: 1.0, 0.0, 0.0, 0.0
vb0[473]+056 BLENDINDICES: 0, 0, 0, 0
vb0[473]+072 COLOR: 1.0, 0.5019607843137255, 0.5019607843137255, 0.5019607843137255
vb0[473]+076 TEXCOORD: 0.2041473388671875, 0.08897145092487335

vb0[474]+000 POSITION: -0.05603465437889099, 1.4817835092544556, 0.12672576308250427
vb0[474]+012 NORMAL: -0.15859806537628174, -0.4088333547115326, 0.8987224698066711
vb0[474]+024 TANGENT: 0.9011386632919312, -0.4327149987220764, -0.026585577055811882, -1.0
vb0[474]+040 BLENDWEIGHTS: 1.0, 0.0, 0.0, 0.0
vb0[474]+056 BLENDINDICES: 0, 0, 0, 0
vb0[474]+072 COLOR: 1.0, 0.5019607843137255, 0.5019607843137255, 0.0
vb0[474]+076 TEXCOORD: 0.20614099502563477, 0.09275975823402405

vb0[475]+000 POSITION: -0.06011185050010681, 1.4738132953643799, 0.12228664010763168
vb0[475]+012 NORMAL: -0.1946813315153122, -0.449355810880661, 0.8718822002410889
vb0[475]+024 TANGENT: 0.9460915923118591, -0.32354071736335754, -0.015237512066960335, -1.0
vb0[475]+040 BLENDWEIGHTS: 0.97265625, 0.02734375, 0.0, 0.0
vb0[475]+056 BLENDINDICES: 0, 3, 0, 0
vb0[475]+072 COLOR: 1.0, 0.5019607843137255, 0.5019607843137255, 0.0
vb0[475]+076 TEXCOORD: 0.21401119232177734, 0.08690204471349716

vb0[476]+000 POSITION: -0.0585903599858284, 1.473347783088684, 0.12016706168651581
vb0[476]+012 NORMAL: -0.19356411695480347, -0.4509635269641876, 0.8713006973266602
vb0[476]+024 TANGENT: 0.9101359248161316, -0.3650205135345459, -0.19599150121212006, -1.0
vb0[476]+040 BLENDWEIGHTS: 0.96875, 0.03125, 0.0, 0.0
vb0[476]+056 BLENDINDICES: 0, 3, 0, 0
vb0[476]+072 COLOR: 1.0, 0.5019607843137255, 0.5019607843137255, 0.30196078431372547
vb0[476]+076 TEXCOORD: 0.21282243728637695, 0.0847434401512146

vb0[477]+000 POSITION: -0.06243244558572769, 1.4637424945831299, 0.11708023399114609
vb0[477]+012 NORMAL: -0.22145067155361176, -0.4821346700191498, 0.8476471900939941
vb0[477]+024 TANGENT: 0.7735296487808228, -0.03647869825363159, -0.6327093839645386, -1.0
vb0[477]+040 BLENDWEIGHTS: 0.9072265625, 0.0927734375, 0.0, 0.0
vb0[477]+056 BLENDINDICES: 0, 3, 0, 0
vb0[477]+072 COLOR: 1.0, 0.5019607843137255, 0.5019607843137255, 0.0
vb0[477]+076 TEXCOORD: 0.22212886810302734, 0.07996712625026703

vb0[478]+000 POSITION: -0.06921561062335968, 1.4221584796905518, 0.09735001623630524
vb0[478]+012 NORMAL: -0.570908784866333, -0.6400688290596008, 0.5141740441322327
vb0[478]+024 TANGENT: -0.6218830943107605, -0.2916327118873596, 0.7267819046974182, -1.0
vb0[478]+040 BLENDWEIGHTS: 0.732421875, 0.267578125, 0.0, 0.0
vb0[478]+056 BLENDINDICES: 3, 0, 0, 0
vb0[478]+072 COLOR: 1.0, 0.5019607843137255, 0.5019607843137255, 0.30196078431372547
vb0[478]+076 TEXCOORD: 0.18962299823760986, 0.28836989402770996

vb0[479]+000 POSITION: -0.06580337136983871, 1.4164379835128784, 0.09537847340106964
vb0[479]+012 NORMAL: -0.546788215637207, -0.6934319734573364, 0.46922793984413147
vb0[479]+024 TANGENT: -0.6040103435516357, -0.689363956451416, -0.39993610978126526, -1.0
vb0[479]+040 BLENDWEIGHTS: 0.841796875, 0.158203125, 0.0, 0.0
vb0[479]+056 BLENDINDICES: 3, 0, 0, 0
vb0[479]+072 COLOR: 1.0, 0.5019607843137255, 0.5019607843137255, 0.30196078431372547
vb0[479]+076 TEXCOORD: 0.19291925430297852, 0.28241318464279175

vb0[480]+000 POSITION: -0.06520289182662964, 1.4169065952301025, 0.09856874495744705
vb0[480]+012 NORMAL: -0.5239225625991821, -0.6626636981964111, 0.5351466536521912
vb0[480]+024 TANGENT: -0.5836378335952759, -0.2778540253639221, 0.7629967927932739, -1.0
vb0[480]+040 BLENDWEIGHTS: 0.83984375, 0.16015625, 0.0, 0.0
vb0[480]+056 BLENDINDICES: 3, 0, 0, 0
vb0[480]+072 COLOR: 1.0, 0.5019607843137255, 0.5019607843137255, 0.30196078431372547
vb0[480]+076 TEXCOORD: 0.18994438648223877, 0.2817735970020294

vb0[481]+000 POSITION: -0.06946504861116409, 1.4215878248214722, 0.09342504292726517
vb0[481]+012 NORMAL: -0.5896872282028198, -0.6654770374298096, 0.45761263370513916
vb0[481]+024 TANGENT: -0.6581246852874756, -0.5799163579940796, -0.4801759123802185, -1.0
vb0[481]+040 BLENDWEIGHTS: 0.736328125, 0.263671875, 0.0, 0.0
vb0[481]+056 BLENDINDICES: 3, 0, 0, 0
vb0[481]+072 COLOR: 1.0, 0.5019607843137255, 0.5019607843137255, 0.30196078431372547
vb0[481]+076 TEXCOORD: 0.193334698677063, 0.2888842523097992

vb0[482]+000 POSITION: -0.062009017914533615, 1.4127453565597534, 0.09744087606668472
vb0[482]+012 NORMAL: -0.504612386226654, -0.7172918915748596, 0.4804776608943939
vb0[482]+024 TANGENT: -0.5125619173049927, -0.7990301251411438, -0.31437429785728455, -1.0
vb0[482]+040 BLENDWEIGHTS: 0.90625, 0.09375, 0.0, 0.0
vb0[482]+056 BLENDINDICES: 3, 0, 0, 0
vb0[482]+072 COLOR: 1.0, 0.5019607843137255, 0.5019607843137255, 0.2
vb0[482]+076 TEXCOORD: 0.19200313091278076, 0.2771247923374176

vb0[483]+000 POSITION: -0.06153583899140358, 1.4131540060043335, 0.10003875195980072
vb0[483]+012 NORMAL: -0.48905542492866516, -0.6853029131889343, 0.539615273475647
vb0[483]+024 TANGENT: -0.5484485626220703, -0.2798665165901184, 0.7879586815834045, -1.0
vb0[483]+040 BLENDWEIGHTS: 0.90625, 0.09375, 0.0, 0.0
vb0[483]+056 BLENDINDICES: 3, 0, 0, 0
vb0[483]+072 COLOR: 1.0, 0.5019607843137255, 0.5019607843137255, 0.2
vb0[483]+076 TEXCOORD: 0.18952465057373047, 0.27669331431388855

vb0[484]+000 POSITION: -0.06314659863710403, 1.417603850364685, 0.09858249127864838
vb0[484]+012 NORMAL: -0.4811115562915802, -0.6384151577949524, 0.6007975935935974
vb0[484]+024 TANGENT: 0.6118789911270142, 0.5669573545455933, 0.551510214805603, -1.0
vb0[484]+040 BLENDWEIGHTS: 0.83984375, 0.16015625, 0.0, 0.0
vb0[484]+056 BLENDINDICES: 3, 0, 0, 0
vb0[484]+072 COLOR: 1.0, 0.5019607843137255, 0.5019607843137255, 0.2
vb0[484]+076 TEXCOORD: 0.1880490779876709, 0.2810273766517639

vb0[485]+000 POSITION: -0.0598180815577507, 1.413633108139038, 0.10005640983581543
vb0[485]+012 NORMAL: -0.4553322196006775, -0.6521226167678833, 0.6061424612998962
vb0[485]+024 TANGENT: 0.5623892545700073, 0.6956821084022522, 0.4469280242919922, -1.0
vb0[485]+040 BLENDWEIGHTS: 0.90625, 0.09375, 0.0, 0.0
vb0[485]+056 BLENDINDICES: 3, 0, 0, 0
vb0[485]+072 COLOR: 1.0, 0.5019607843137255, 0.5019607843137255, 0.2
vb0[485]+076 TEXCOORD: 0.187971830368042, 0.2760777473449707

vb0[486]+000 POSITION: -0.0734737366437912, 1.428974986076355, 0.09652519971132278
vb0[486]+012 NORMAL: -0.6281055808067322, -0.607235848903656, 0.4865676164627075
vb0[486]+024 TANGENT: -0.8894878625869751, -0.44273680448532104, 0.11311686038970947, -1.0
vb0[486]+040 BLENDWEIGHTS: 0.5703125, 0.4296875, 0.0, 0.0
vb0[486]+056 BLENDINDICES: 3, 0, 0, 0
vb0[486]+072 COLOR: 1.0, 0.5019607843137255, 0.5019607843137255, 0.0
vb0[486]+076 TEXCOORD: 0.1889955997467041, 0.297404021024704

vb0[487]+000 POSITION: -0.0661577507853508, 1.4228085279464722, 0.09753738343715668
vb0[487]+012 NORMAL: -0.50944584608078, -0.6163384318351746, 0.6004930734634399
vb0[487]+024 TANGENT: 0.9449202418327332, 0.22635601460933685, -0.23640792071819305, -1.0
vb0[487]+040 BLENDWEIGHTS: 0.73828125, 0.26171875, 0.0, 0.0
vb0[487]+056 BLENDINDICES: 3, 0, 0, 0
vb0[487]+072 COLOR: 1.0, 0.5019607843137255, 0.5019607843137255, 0.0
vb0[487]+076 TEXCOORD: 0.1869673728942871, 0.2865627706050873

vb0[488]+000 POSITION: -0.07359956204891205, 1.4287612438201904, 0.09172471612691879
vb0[488]+012 NORMAL: -0.6376178860664368, -0.6238463521003723, 0.45195040106773376
vb0[488]+024 TANGENT: -0.7074103951454163, -0.47025758028030396, -0.5276631712913513, -1.0
vb0[488]+040 BLENDWEIGHTS: 0.5703125, 0.4296875, 0.0, 0.0
vb0[488]+056 BLENDINDICES: 3, 0, 0, 0
vb0[488]+072 COLOR: 1.0, 0.5019607843137255, 0.5019607843137255, 0.30196078431372547
vb0[488]+076 TEXCOORD: 0.1936383843421936, 0.2976551651954651

vb0[489]+000 POSITION: -0.057345204055309296, 1.4094314575195312, 0.10031509399414062
vb0[489]+012 NORMAL: -0.4594779312610626, -0.7377256751060486, 0.49461179971694946
vb0[489]+024 TANGENT: -0.3802204132080078, -0.8867897391319275, -0.26274776458740234, -1.0
vb0[489]+040 BLENDWEIGHTS: 0.955078125, 0.044921875, 0.0, 0.0
vb0[489]+056 BLENDINDICES: 3, 0, 0, 0
vb0[489]+072 COLOR: 1.0, 0.5019607843137255, 0.5019607843137255, 0.10196078431372549
vb0[489]+076 TEXCOORD: 0.18966209888458252, 0.27134498953819275

vb0[490]+000 POSITION: -0.05715688690543175, 1.4097994565963745, 0.10184916853904724
vb0[490]+012 NORMAL: -0.45160526037216187, -0.7026776671409607, 0.5498152375221252
vb0[490]+024 TANGENT: -0.5199301242828369, -0.27468472719192505, 0.8088392615318298, -1.0
vb0[490]+040 BLENDWEIGHTS: 0.953125, 0.046875, 0.0, 0.0
vb0[490]+056 BLENDINDICES: 3, 0, 0, 0
vb0[490]+072 COLOR: 1.0, 0.5019607843137255, 0.5019607843137255, 0.10196078431372549
vb0[490]+076 TEXCOORD: 0.18815529346466064, 0.27139759063720703

vb0[491]+000 POSITION: -0.05277087166905403, 1.4068882465362549, 0.10359705984592438
vb0[491]+012 NORMAL: -0.41785135865211487, -0.7285789847373962, 0.5427455902099609
vb0[491]+024 TANGENT: 0.7353106141090393, -0.5256010293960571, 0.42785724997520447, -1.0
vb0[491]+040 BLENDWEIGHTS: 0.9833984375, 0.0166015625, 0.0, 0.0
vb0[491]+056 BLENDINDICES: 3, 0, 0, 0
vb0[491]+072 COLOR: 1.0, 0.5019607843137255, 0.5019607843137255, 0.0
vb0[491]+076 TEXCOORD: 0.18602347373962402, 0.2662394642829895

vb0[492]+000 POSITION: -0.056394193321466446, 1.4103398323059082, 0.10174180567264557
vb0[492]+012 NORMAL: -0.4271071255207062, -0.6654043197631836, 0.6122225522994995
vb0[492]+024 TANGENT: 0.5381678342819214, 0.7494761347770691, 0.38556569814682007, -1.0
vb0[492]+040 BLENDWEIGHTS: 0.951171875, 0.048828125, 0.0, 0.0
vb0[492]+056 BLENDINDICES: 3, 0, 0, 0
vb0[492]+072 COLOR: 1.0, 0.5019607843137255, 0.5019607843137255, 0.10196078431372549
vb0[492]+076 TEXCOORD: 0.1872720718383789, 0.2714441120624542

vb0[493]+000 POSITION: -0.07780849188566208, 1.4374979734420776, 0.09061340987682343
vb0[493]+012 NORMAL: -0.6892194747924805, -0.556289553642273, 0.46423959732055664
vb0[493]+024 TANGENT: -0.790004551410675, -0.3349998891353607, -0.5134859085083008, -1.0
vb0[493]+040 BLENDWEIGHTS: 0.6328125, 0.3671875, 0.0, 0.0
vb0[493]+056 BLENDINDICES: 0, 3, 0, 0
vb0[493]+072 COLOR: 1.0, 0.5019607843137255, 0.5019607843137255, 0.30196078431372547
vb0[493]+076 TEXCOORD: 0.19507808983325958, 0.3073406517505646

vb0[494]+000 POSITION: -0.0756361335515976, 1.4381895065307617, 0.10432949662208557
vb0[494]+012 NORMAL: -0.6454905271530151, -0.5240561366081238, 0.5556144118309021
vb0[494]+024 TANGENT: -0.9170541763305664, -0.28705281019210815, 0.27678918838500977, -1.0
vb0[494]+040 BLENDWEIGHTS: 0.6171875, 0.3828125, 0.0, 0.0
vb0[494]+056 BLENDINDICES: 0, 3, 0, 0
vb0[494]+072 COLOR: 1.0, 0.5019607843137255, 0.5019607843137255, 0.49411764705882355
vb0[494]+076 TEXCOORD: 0.1812812089920044, 0.3087528347969055

vb0[495]+000 POSITION: -0.08155804127454758, 1.4492868185043335, 0.0900678038597107
vb0[495]+012 NORMAL: -0.7401793599128723, -0.4714337885379791, 0.47946301102638245
vb0[495]+024 TANGENT: -0.9506198763847351, -0.24721144139766693, 0.18763886392116547, -1.0
vb0[495]+040 BLENDWEIGHTS: 0.8905110359191895, 0.10948895663022995, 0.0, 0.0
vb0[495]+056 BLENDINDICES: 0, 3, 0, 0
vb0[495]+072 COLOR: 1.0, 0.5019607843137255, 0.5019607843137255, 0.0
vb0[495]+076 TEXCOORD: 0.19822323322296143, 0.3199755549430847

vb0[496]+000 POSITION: -0.0784490779042244, 1.4496958255767822, 0.10454750806093216
vb0[496]+012 NORMAL: -0.6863182783126831, -0.4440886378288269, 0.5759796500205994
vb0[496]+024 TANGENT: -0.9291374683380127, -0.1928284913301468, 0.3154689371585846, -1.0
vb0[496]+040 BLENDWEIGHTS: 0.8324728608131409, 0.16752713918685913, 0.0, 0.0
vb0[496]+056 BLENDINDICES: 0, 3, 0, 0
vb0[496]+072 COLOR: 1.0, 0.5019607843137255, 0.5019607843137255, 0.5019607843137255
vb0[496]+076 TEXCOORD: 0.18273627758026123, 0.32132747769355774

vb0[497]+000 POSITION: -0.0840400755405426, 1.4618749618530273, 0.09085547178983688
vb0[497]+012 NORMAL: -0.7797644734382629, -0.37643709778785706, 0.5002623796463013
vb0[497]+024 TANGENT: -0.9618088006973267, -0.15685957670211792, 0.22431862354278564, -1.0
vb0[497]+040 BLENDWEIGHTS: 0.9609375, 0.0390625, 0.0, 0.0
vb0[497]+056 BLENDINDICES: 0, 3, 0, 0
vb0[497]+072 COLOR: 1.0, 0.5019607843137255, 0.5019607843137255, 0.5019607843137255
vb0[497]+076 TEXCOORD: 0.1985938549041748, 0.3340678811073303

vb0[498]+000 POSITION: -0.0864136666059494, 1.4617797136306763, 0.07855308055877686
vb0[498]+012 NORMAL: -0.8269850611686707, -0.3920463025569916, 0.40298330783843994
vb0[498]+024 TANGENT: -0.9777829051017761, -0.1829090714454651, 0.10239517688751221, -1.0
vb0[498]+040 BLENDWEIGHTS: 1.0, 0.0, 0.0, 0.0
vb0[498]+056 BLENDINDICES: 0, 0, 0, 0
vb0[498]+072 COLOR: 1.0, 0.5019607843137255, 0.5019607843137255, 0.5019607843137255
vb0[498]+076 TEXCOORD: 0.21214234828948975, 0.33353930711746216

vb0[499]+000 POSITION: -0.08351575583219528, 1.4489216804504395, 0.07768019288778305
vb0[499]+012 NORMAL: -0.7803168296813965, -0.49313515424728394, 0.3846081793308258
vb0[499]+024 TANGENT: -0.9622228741645813, -0.25592702627182007, 0.09288978576660156, -1.0
vb0[499]+040 BLENDWEIGHTS: 0.880859375, 0.119140625, 0.0, 0.0
vb0[499]+056 BLENDINDICES: 0, 5, 0, 0
vb0[499]+072 COLOR: 1.0, 0.5019607843137255, 0.5019607843137255, 0.5019607843137255
vb0[499]+076 TEXCOORD: 0.21199297904968262, 0.31959667801856995

vb0[500]+000 POSITION: -0.0784282386302948, 1.4373377561569214, 0.08818259090185165
vb0[500]+012 NORMAL: -0.6865273118019104, -0.5560446381568909, 0.4685024619102478
vb0[500]+024 TANGENT: -0.6527842879295349, -0.30210140347480774, 0.6946995854377747, -1.0
vb0[500]+040 BLENDWEIGHTS: 0.632121205329895, 0.305500328540802, 0.06237848103046417, 0.0
vb0[500]+056 BLENDINDICES: 0, 5, 3, 0
vb0[500]+072 COLOR: 1.0, 0.5019607843137255, 0.5019607843137255, 0.30196078431372547
vb0[500]+076 TEXCOORD: 0.20072805881500244, 0.3070014417171478

vb0[501]+000 POSITION: -0.07988931983709335, 1.437029242515564, 0.0771353542804718
vb0[501]+012 NORMAL: -0.7288230657577515, -0.5790747404098511, 0.3653617799282074
vb0[501]+024 TANGENT: -0.9436869621276855, -0.32463493943214417, 0.06377339363098145, -1.0
vb0[501]+040 BLENDWEIGHTS: 0.63671875, 0.36328125, 0.0, 0.0
vb0[501]+056 BLENDINDICES: 0, 5, 0, 0
vb0[501]+072 COLOR: 1.0, 0.5019607843137255, 0.5019607843137255, 0.5019607843137255
vb0[501]+076 TEXCOORD: 0.2121748924255371, 0.30657151341438293

vb0[502]+000 POSITION: -0.0838003009557724, 1.4489121437072754, 0.06915660947561264
vb0[502]+012 NORMAL: -0.8005865216255188, -0.5066531896591187, 0.31994330883026123
vb0[502]+024 TANGENT: -0.9559611678123474, -0.27150866389274597, 0.11145053803920746, -1.0
vb0[502]+040 BLENDWEIGHTS: 0.890625, 0.109375, 0.0, 0.0
vb0[502]+056 BLENDINDICES: 0, 5, 0, 0
vb0[502]+072 COLOR: 1.0, 0.5019607843137255, 0.5019607843137255, 0.0
vb0[502]+076 TEXCOORD: 0.22112631797790527, 0.31910890340805054

vb0[503]+000 POSITION: -0.07993040978908539, 1.4369553327560425, 0.06909659504890442
vb0[503]+012 NORMAL: -0.7437482476234436, -0.5953226685523987, 0.304021954536438
vb0[503]+024 TANGENT: -0.9350717067718506, -0.3523120880126953, 0.03895079717040062, -1.0
vb0[503]+040 BLENDWEIGHTS: 0.6484375, 0.3515625, 0.0, 0.0
vb0[503]+056 BLENDINDICES: 0, 5, 0, 0
vb0[503]+072 COLOR: 1.0, 0.5019607843137255, 0.5019607843137255, 0.0
vb0[503]+076 TEXCOORD: 0.22049307823181152, 0.3060348927974701

vb0[504]+000 POSITION: -0.07555307447910309, 1.4277678728103638, 0.08659428358078003
vb0[504]+012 NORMAL: -0.6444721817970276, -0.6216895580291748, 0.4451490640640259
vb0[504]+024 TANGENT: -0.653838038444519, -0.36104053258895874, 0.664940357208252, -1.0
vb0[504]+040 BLENDWEIGHTS: 0.5756169557571411, 0.40177708864212036, 0.022605955600738525, 0.0
vb0[504]+056 BLENDINDICES: 5, 0, 3, 0
vb0[504]+072 COLOR: 1.0, 0.5019607843137255, 0.5019607843137255, 0.30196078431372547
vb0[504]+076 TEXCOORD: 0.2023630142211914, 0.2963904142379761

vb0[505]+000 POSITION: -0.0760413184762001, 1.4278626441955566, 0.06951622664928436
vb0[505]+012 NORMAL: -0.6919450163841248, -0.6594931483268738, 0.2937360107898712
vb0[505]+024 TANGENT: -0.9022822976112366, -0.4303489923477173, -0.02620077133178711, -1.0
vb0[505]+040 BLENDWEIGHTS: 0.5859375, 0.4140625, 0.0, 0.0
vb0[505]+056 BLENDINDICES: 5, 0, 0, 0
vb0[505]+072 COLOR: 1.0, 0.5019607843137255, 0.5019607843137255, 0.2
vb0[505]+076 TEXCOORD: 0.2193748950958252, 0.29568588733673096

vb0[506]+000 POSITION: -0.07622148096561432, 1.427632212638855, 0.07733087986707687
vb0[506]+012 NORMAL: -0.6785202622413635, -0.6455981135368347, 0.3504471480846405
vb0[506]+024 TANGENT: -0.9107867479324341, -0.4124318063259125, 0.0191725492477417, -1.0
vb0[506]+040 BLENDWEIGHTS: 0.599609375, 0.400390625, 0.0, 0.0
vb0[506]+056 BLENDINDICES: 5, 0, 0, 0
vb0[506]+072 COLOR: 1.0, 0.5019607843137255, 0.5019607843137255, 0.5019607843137255
vb0[506]+076 TEXCOORD: 0.21143555641174316, 0.295969694852829

vb0[507]+000 POSITION: -0.07196080684661865, 1.420372724533081, 0.08553464710712433
vb0[507]+012 NORMAL: -0.6057581901550293, -0.6712958216667175, 0.42710524797439575
vb0[507]+024 TANGENT: -0.6420795917510986, -0.4145001173019409, 0.6449213027954102, -1.0
vb0[507]+040 BLENDWEIGHTS: 0.787109375, 0.212890625, 0.0, 0.0
vb0[507]+056 BLENDINDICES: 5, 0, 0, 0
vb0[507]+072 COLOR: 1.0, 0.5019607843137255, 0.5019607843137255, 0.4
vb0[507]+076 TEXCOORD: 0.20241189002990723, 0.2877640128135681

vb0[508]+000 POSITION: -0.06792506575584412, 1.4217109680175781, 0.08623356372117996
vb0[508]+012 NORMAL: -0.536497950553894, -0.6653432846069336, 0.5191226601600647
vb0[508]+024 TANGENT: 0.6599100232124329, 0.19147203862667084, 0.7265377640724182, -1.0
vb0[508]+040 BLENDWEIGHTS: 0.796875, 0.203125, 0.0, 0.0
vb0[508]+056 BLENDINDICES: 5, 0, 0, 0
vb0[508]+072 COLOR: 1.0, 0.5019607843137255, 0.5019607843137255, 0.4
vb0[508]+076 TEXCOORD: 0.19826745986938477, 0.2868189811706543

vb0[509]+000 POSITION: -0.06831813603639603, 1.414742350578308, 0.08518768101930618
vb0[509]+012 NORMAL: -0.5618552565574646, -0.7045009732246399, 0.4335862696170807
vb0[509]+024 TANGENT: -0.6291669607162476, -0.4361671209335327, 0.643356204032898, -1.0
vb0[509]+040 BLENDWEIGHTS: 0.8955078125, 0.1044921875, 0.0, 0.0
vb0[509]+056 BLENDINDICES: 5, 0, 0, 0
vb0[509]+072 COLOR: 1.0, 0.5019607843137255, 0.5019607843137255, 0.34901960784313724
vb0[509]+076 TEXCOORD: 0.2021327018737793, 0.28061673045158386

vb0[510]+000 POSITION: -0.06517605483531952, 1.4158021211624146, 0.08598731458187103
vb0[510]+012 NORMAL: -0.5108098387718201, -0.6934548020362854, 0.5081278085708618
vb0[510]+024 TANGENT: 0.600124716758728, 0.2835344076156616, 0.7479696273803711, -1.0
vb0[510]+040 BLENDWEIGHTS: 0.900390625, 0.099609375, 0.0, 0.0
vb0[510]+056 BLENDINDICES: 5, 0, 0, 0
vb0[510]+072 COLOR: 1.0, 0.5019607843137255, 0.5019607843137255, 0.30196078431372547
vb0[510]+076 TEXCOORD: 0.19876575469970703, 0.27976080775260925

vb0[511]+000 POSITION: -0.0650600716471672, 1.4103695154190063, 0.08539749681949615
vb0[511]+012 NORMAL: -0.5289077758789062, -0.7303816080093384, 0.4322027266025543
vb0[511]+024 TANGENT: -0.628608763217926, -0.47565385699272156, 0.6153083443641663, -1.0
vb0[511]+040 BLENDWEIGHTS: 0.95703125, 0.04296875, 0.0, 0.0
vb0[511]+056 BLENDINDICES: 5, 0, 0, 0
vb0[511]+072 COLOR: 1.0, 0.5019607843137255, 0.5019607843137255, 0.30196078431372547
vb0[511]+076 TEXCOORD: 0.20164775848388672, 0.27479198575019836

vb0[512]+000 POSITION: -0.06256173551082611, 1.4111238718032837, 0.08613932132720947
vb0[512]+012 NORMAL: -0.49025285243988037, -0.7123359441757202, 0.5022245645523071
vb0[512]+024 TANGENT: 0.5185776352882385, 0.41338345408439636, 0.7484592795372009, -1.0
vb0[512]+040 BLENDWEIGHTS: 0.9609375, 0.0390625, 0.0, 0.0
vb0[512]+056 BLENDINDICES: 5, 0, 0, 0
vb0[512]+072 COLOR: 1.0, 0.5019607843137255, 0.5019607843137255, 0.30196078431372547
vb0[512]+076 TEXCOORD: 0.198899507522583, 0.2738664150238037

vb0[513]+000 POSITION: -0.06237352266907692, 1.4077723026275635, 0.08611409366130829
vb0[513]+012 NORMAL: -0.503073513507843, -0.7461639642715454, 0.4360692799091339
vb0[513]+024 TANGENT: -0.6044342517852783, -0.4831555485725403, 0.6334192752838135, -1.0
vb0[513]+040 BLENDWEIGHTS: 0.9833984375, 0.0166015625, 0.0, 0.0
vb0[513]+056 BLENDINDICES: 5, 0, 0, 0
vb0[513]+072 COLOR: 1.0, 0.5019607843137255, 0.5019607843137255, 0.25098039215686274
vb0[513]+076 TEXCOORD: 0.20080137252807617, 0.2708148658275604

vb0[514]+000 POSITION: -0.060612499713897705, 1.4084455966949463, 0.08665849268436432
vb0[514]+012 NORMAL: -0.4779592454433441, -0.7201919555664062, 0.5028702616691589
vb0[514]+024 TANGENT: 0.43210548162460327, 0.5299686789512634, 0.7296698689460754, -1.0
vb0[514]+040 BLENDWEIGHTS: 0.984375, 0.015625, 0.0, 0.0
vb0[514]+056 BLENDINDICES: 5, 0, 0, 0
vb0[514]+072 COLOR: 1.0, 0.5019607843137255, 0.5019607843137255, 0.25098039215686274
vb0[514]+076 TEXCOORD: 0.19882535934448242, 0.2701220214366913

vb0[515]+000 POSITION: -0.06876113265752792, 1.414267897605896, 0.07982451468706131
vb0[515]+012 NORMAL: -0.5857707262039185, -0.729915201663971, 0.352273166179657
vb0[515]+024 TANGENT: -0.8097764849662781, -0.5862748622894287, 0.023318886756896973, -1.0
vb0[515]+040 BLENDWEIGHTS: 0.89453125, 0.10546875, 0.0, 0.0
vb0[515]+056 BLENDINDICES: 5, 0, 0, 0
vb0[515]+072 COLOR: 1.0, 0.5019607843137255, 0.5019607843137255, 0.34901960784313724
vb0[515]+076 TEXCOORD: 0.2077181339263916, 0.2802192270755768

vb0[516]+000 POSITION: -0.07244151085615158, 1.4200329780578613, 0.07816612720489502
vb0[516]+012 NORMAL: -0.6308777928352356, -0.6939193606376648, 0.34708672761917114
vb0[516]+024 TANGENT: -0.867121160030365, -0.4979917109012604, 0.010253309272229671, -1.0
vb0[516]+040 BLENDWEIGHTS: 0.78125, 0.21875, 0.0, 0.0
vb0[516]+056 BLENDINDICES: 5, 0, 0, 0
vb0[516]+072 COLOR: 1.0, 0.5019607843137255, 0.5019607843137255, 0.4
vb0[516]+076 TEXCOORD: 0.20983171463012695, 0.28728175163269043

vb0[517]+000 POSITION: -0.0681183859705925, 1.4139859676361084, 0.07403045147657394
vb0[517]+012 NORMAL: -0.590901255607605, -0.7454622983932495, 0.3084179759025574
vb0[517]+024 TANGENT: -0.4082510471343994, -0.6965963244438171, -0.5899870991706848, -1.0
vb0[517]+040 BLENDWEIGHTS: 0.896484375, 0.103515625, 0.0, 0.0
vb0[517]+056 BLENDINDICES: 5, 0, 0, 0
vb0[517]+072 COLOR: 1.0, 0.5019607843137255, 0.5019607843137255, 0.34901960784313724
vb0[517]+076 TEXCOORD: 0.21366667747497559, 0.27923861145973206

vb0[518]+000 POSITION: -0.07169346511363983, 1.4197245836257935, 0.07060515880584717
vb0[518]+012 NORMAL: -0.6381642818450928, -0.7127645611763, 0.29105526208877563
vb0[518]+024 TANGENT: -0.5019694566726685, -0.6010919809341431, -0.6218641996383667, -1.0
vb0[518]+040 BLENDWEIGHTS: 0.783203125, 0.216796875, 0.0, 0.0
vb0[518]+056 BLENDINDICES: 5, 0, 0, 0
vb0[518]+072 COLOR: 1.0, 0.5019607843137255, 0.5019607843137255, 0.4
vb0[518]+076 TEXCOORD: 0.21753549575805664, 0.2860707938671112

vb0[519]+000 POSITION: -0.06501474976539612, 1.4099375009536743, 0.07753957062959671
vb0[519]+012 NORMAL: -0.5495856404304504, -0.767565131187439, 0.3298476040363312
vb0[519]+024 TANGENT: -0.316988468170166, -0.79653000831604, -0.5148380994796753, -1.0
vb0[519]+040 BLENDWEIGHTS: 0.95703125, 0.04296875, 0.0, 0.0
vb0[519]+056 BLENDINDICES: 5, 0, 0, 0
vb0[519]+072 COLOR: 1.0, 0.5019607843137255, 0.5019607843137255, 0.30196078431372547
vb0[519]+076 TEXCOORD: 0.2098730504512787, 0.2741599977016449

vb0[520]+000 POSITION: -0.06520111113786697, 1.4101618528366089, 0.08178778737783432
vb0[520]+012 NORMAL: -0.5447494983673096, -0.756389319896698, 0.3621092736721039
vb0[520]+024 TANGENT: -0.7385416030883789, -0.6731226444244385, 0.0382387638092041, -1.0
vb0[520]+040 BLENDWEIGHTS: 0.9560546875, 0.0439453125, 0.0, 0.0
vb0[520]+056 BLENDINDICES: 5, 0, 0, 0
vb0[520]+072 COLOR: 1.0, 0.5019607843137255, 0.5019607843137255, 0.30196078431372547
vb0[520]+076 TEXCOORD: 0.2054433822631836, 0.2746209502220154

vb0[521]+000 POSITION: -0.06220061704516411, 1.407330870628357, 0.08073949813842773
vb0[521]+012 NORMAL: -0.5132536292076111, -0.7834634184837341, 0.35036516189575195
vb0[521]+024 TANGENT: -0.20065246522426605, -0.8659217357635498, -0.4581682085990906, -1.0
vb0[521]+040 BLENDWEIGHTS: 0.984375, 0.015625, 0.0, 0.0
vb0[521]+056 BLENDINDICES: 5, 0, 0, 0
vb0[521]+072 COLOR: 1.0, 0.5019607843137255, 0.5019607843137255, 0.25098039215686274
vb0[521]+076 TEXCOORD: 0.20647311210632324, 0.27029839158058167

vb0[522]+000 POSITION: -0.06238270550966263, 1.407522201538086, 0.08376162499189377
vb0[522]+012 NORMAL: -0.509768009185791, -0.7757786512374878, 0.3718926012516022
vb0[522]+024 TANGENT: -0.6521182060241699, -0.7569611668586731, 0.04185223579406738, -1.0
vb0[522]+040 BLENDWEIGHTS: 0.984375, 0.015625, 0.0, 0.0
vb0[522]+056 BLENDINDICES: 5, 0, 0, 0
vb0[522]+072 COLOR: 1.0, 0.5019607843137255, 0.5019607843137255, 0.25098039215686274
vb0[522]+076 TEXCOORD: 0.20329689979553223, 0.2706364393234253

vb0[523]+000 POSITION: -0.05931263789534569, 1.4053064584732056, 0.08411277830600739
vb0[523]+012 NORMAL: -0.4778677225112915, -0.7970932722091675, 0.36916762590408325
vb0[523]+024 TANGENT: -0.007053017150610685, -0.8990557193756104, -0.43777740001678467, -1.0
vb0[523]+040 BLENDWEIGHTS: 0.998046875, 0.001953125, 0.0, 0.0
vb0[523]+056 BLENDINDICES: 5, 0, 0, 0
vb0[523]+072 COLOR: 1.0, 0.5019607843137255, 0.5019607843137255, 0.2
vb0[523]+076 TEXCOORD: 0.20301145315170288, 0.2667723000049591

vb0[524]+000 POSITION: -0.05944099277257919, 1.4053258895874023, 0.08581256866455078
vb0[524]+012 NORMAL: -0.4759976863861084, -0.7913039922714233, 0.38375020027160645
vb0[524]+024 TANGENT: -0.5493550896644592, -0.8341922163963318, 0.0482938252389431, -1.0
vb0[524]+040 BLENDWEIGHTS: 0.998046875, 0.001953125, 0.0, 0.0
vb0[524]+056 BLENDINDICES: 5, 0, 0, 0
vb0[524]+072 COLOR: 1.0, 0.5019607843137255, 0.5019607843137255, 0.2
vb0[524]+076 TEXCOORD: 0.20119744539260864, 0.26679614186286926

vb0[525]+000 POSITION: -0.056026753038167953, 1.4035580158233643, 0.08871757239103317
vb0[525]+012 NORMAL: -0.44470682740211487, -0.7895382046699524, 0.4229247570037842
vb0[525]+024 TANGENT: 0.6675012707710266, -0.4761398732662201, 0.5724796652793884, -1.0
vb0[525]+040 BLENDWEIGHTS: 1.0, 0.0, 0.0, 0.0
vb0[525]+056 BLENDINDICES: 5, 0, 0, 0
vb0[525]+072 COLOR: 1.0, 0.5019607843137255, 0.5019607843137255, 0.0
vb0[525]+076 TEXCOORD: 0.19841313362121582, 0.26247096061706543

vb0[526]+000 POSITION: -0.05943520739674568, 1.4055531024932861, 0.08710167557001114
vb0[526]+012 NORMAL: -0.4761985242366791, -0.7570841312408447, 0.4472791254520416
vb0[526]+024 TANGENT: -0.5796248912811279, -0.4937099516391754, 0.6482943296432495, -1.0
vb0[526]+040 BLENDWEIGHTS: 0.9970703125, 0.0029296875, 0.0, 0.0
vb0[526]+056 BLENDINDICES: 5, 0, 0, 0
vb0[526]+072 COLOR: 1.0, 0.5019607843137255, 0.5019607843137255, 0.2
vb0[526]+076 TEXCOORD: 0.1998005360364914, 0.2668570578098297

vb0[527]+000 POSITION: -0.058469220995903015, 1.4059699773788452, 0.08743531256914139
vb0[527]+012 NORMAL: -0.46368008852005005, -0.7279351353645325, 0.5050854086875916
vb0[527]+024 TANGENT: 0.3486083447933197, 0.6362146735191345, 0.6882608532905579, -1.0
vb0[527]+040 BLENDWEIGHTS: 0.9970703125, 0.0029296875, 0.0, 0.0
vb0[527]+056 BLENDINDICES: 5, 0, 0, 0
vb0[527]+072 COLOR: 1.0, 0.5019607843137255, 0.5019607843137255, 0.2
vb0[527]+076 TEXCOORD: 0.19868578016757965, 0.2664409279823303

vb0[528]+000 POSITION: -0.07591540366411209, 1.427843451499939, 0.06737843155860901
vb0[528]+012 NORMAL: -0.6941313743591309, -0.6638169884681702, 0.2784397602081299
vb0[528]+024 TANGENT: -0.6375882625579834, -0.4827757179737091, -0.6003406047821045, -1.0
vb0[528]+040 BLENDWEIGHTS: 0.583984375, 0.416015625, 0.0, 0.0
vb0[528]+056 BLENDINDICES: 5, 0, 0, 0
vb0[528]+072 COLOR: 1.0, 0.5019607843137255, 0.5019607843137255, 0.4
vb0[528]+076 TEXCOORD: 0.22155237197875977, 0.2954920530319214

vb0[529]+000 POSITION: -0.08006283640861511, 1.4369409084320068, 0.06679800152778625
vb0[529]+012 NORMAL: -0.7500784993171692, -0.6038983464241028, 0.2696089744567871
vb0[529]+024 TANGENT: -0.9057653546333313, -0.3750761151313782, -0.19724874198436737, -1.0
vb0[529]+040 BLENDWEIGHTS: 0.65234375, 0.34765625, 0.0, 0.0
vb0[529]+056 BLENDINDICES: 0, 5, 0, 0
vb0[529]+072 COLOR: 1.0, 0.5019607843137255, 0.5019607843137255, 0.45098039215686275
vb0[529]+076 TEXCOORD: 0.22286677360534668, 0.3059370219707489

vb0[530]+000 POSITION: -0.07922960817813873, 1.437232494354248, 0.06498409807682037
vb0[530]+012 NORMAL: -0.7532932162284851, -0.6161227822303772, 0.23009110987186432
vb0[530]+024 TANGENT: -0.5345166325569153, -0.33151689171791077, -0.7774243950843811, -1.0
vb0[530]+040 BLENDWEIGHTS: 0.65234375, 0.34765625, 0.0, 0.0
vb0[530]+056 BLENDINDICES: 0, 5, 0, 0
vb0[530]+072 COLOR: 1.0, 0.5019607843137255, 0.5019607843137255, 0.4549019607843137
vb0[530]+076 TEXCOORD: 0.22494721412658691, 0.30576005578041077

vb0[531]+000 POSITION: -0.08446618169546127, 1.4488636255264282, 0.06608682125806808
vb0[531]+012 NORMAL: -0.8132138848304749, -0.5145483613014221, 0.2718881070613861
vb0[531]+024 TANGENT: -0.9422052502632141, -0.2904718518257141, -0.16695885360240936, -1.0
vb0[531]+040 BLENDWEIGHTS: 0.896484375, 0.103515625, 0.0, 0.0
vb0[531]+056 BLENDINDICES: 0, 5, 0, 0
vb0[531]+072 COLOR: 1.0, 0.5019607843137255, 0.5019607843137255, 0.5019607843137255
vb0[531]+076 TEXCOORD: 0.22451090812683105, 0.31902891397476196

vb0[532]+000 POSITION: -0.08270734548568726, 1.4491233825683594, 0.06313619017601013
vb0[532]+012 NORMAL: -0.8174216151237488, -0.5307700634002686, 0.22384124994277954
vb0[532]+024 TANGENT: -0.5591328144073486, -0.23335623741149902, -0.795559823513031, -1.0
vb0[532]+040 BLENDWEIGHTS: 0.892578125, 0.107421875, 0.0, 0.0
vb0[532]+056 BLENDINDICES: 0, 5, 0, 0
vb0[532]+072 COLOR: 1.0, 0.5019607843137255, 0.5019607843137255, 0.5019607843137255
vb0[532]+076 TEXCOORD: 0.22820472717285156, 0.31847673654556274

vb0[533]+000 POSITION: -0.0867205411195755, 1.4617502689361572, 0.069828100502491
vb0[533]+012 NORMAL: -0.8507687449455261, -0.4022689163684845, 0.33818987011909485
vb0[533]+024 TANGENT: -0.9732681512832642, -0.1832813024520874, 0.13840939104557037, -1.0
vb0[533]+040 BLENDWEIGHTS: 1.0, 0.0, 0.0, 0.0
vb0[533]+056 BLENDINDICES: 0, 0, 0, 0
vb0[533]+072 COLOR: 1.0, 0.5019607843137255, 0.5019607843137255, 0.0
vb0[533]+076 TEXCOORD: 0.22156310081481934, 0.33288535475730896

vb0[534]+000 POSITION: -0.08780497312545776, 1.4617420434951782, 0.06601931899785995
vb0[534]+012 NORMAL: -0.8692371845245361, -0.40628594160079956, 0.2817065119743347
vb0[534]+024 TANGENT: -0.97339928150177, -0.18340212106704712, -0.13732284307479858, -1.0
vb0[534]+040 BLENDWEIGHTS: 1.0, 0.0, 0.0, 0.0
vb0[534]+056 BLENDINDICES: 0, 0, 0, 0
vb0[534]+072 COLOR: 1.0, 0.5019607843137255, 0.5019607843137255, 0.5019607843137255
vb0[534]+076 TEXCOORD: 0.22588419914245605, 0.3327074348926544

vb0[535]+000 POSITION: -0.08549990504980087, 1.4619895219802856, 0.062247760593891144
vb0[535]+012 NORMAL: -0.8774634003639221, -0.42177721858024597, 0.228389710187912
vb0[535]+024 TANGENT: -0.5998510122299194, -0.13689029216766357, -0.7883145213127136, -1.0
vb0[535]+040 BLENDWEIGHTS: 1.0, 0.0, 0.0, 0.0
vb0[535]+056 BLENDINDICES: 0, 0, 0, 0
vb0[535]+072 COLOR: 1.0, 0.5019607843137255, 0.5019607843137255, 0.5019607843137255
vb0[535]+076 TEXCOORD: 0.23067140579223633, 0.3320419490337372

vb0[536]+000 POSITION: -0.08989027142524719, 1.4787511825561523, 0.06666814535856247
vb0[536]+012 NORMAL: -0.9202396273612976, -0.25959745049476624, 0.29286202788352966
vb0[536]+024 TANGENT: -0.9688119292259216, -0.0853949785232544, -0.23261797428131104, -1.0
vb0[536]+040 BLENDWEIGHTS: 1.0, 0.0, 0.0, 0.0
vb0[536]+056 BLENDINDICES: 0, 0, 0, 0
vb0[536]+072 COLOR: 1.0, 0.5019607843137255, 0.5019607843137255, 0.0
vb0[536]+076 TEXCOORD: 0.22745013236999512, 0.35080140829086304

vb0[537]+000 POSITION: -0.08750025182962418, 1.4792104959487915, 0.06171395629644394
vb0[537]+012 NORMAL: -0.9342520236968994, -0.26455071568489075, 0.23913584649562836
vb0[537]+024 TANGENT: -0.6558557748794556, -0.059588316828012466, -0.7525306344032288, -1.0
vb0[537]+040 BLENDWEIGHTS: 1.0, 0.0, 0.0, 0.0
vb0[537]+056 BLENDINDICES: 0, 0, 0, 0
vb0[537]+072 COLOR: 1.0, 0.5019607843137255, 0.5019607843137255, 0.5019607843137255
vb0[537]+076 TEXCOORD: 0.23353052139282227, 0.3501752018928528

vb0[538]+000 POSITION: -0.08855373412370682, 1.4762067794799805, 0.07961069792509079
vb0[538]+012 NORMAL: -0.8652722835540771, -0.27120864391326904, 0.42160382866859436
vb0[538]+024 TANGENT: -0.9841309189796448, -0.11643348634243011, 0.13390123844146729, -1.0
vb0[538]+040 BLENDWEIGHTS: 1.0, 0.0, 0.0, 0.0
vb0[538]+056 BLENDINDICES: 0, 0, 0, 0
vb0[538]+072 COLOR: 1.0, 0.5019607843137255, 0.5019607843137255, 0.0
vb0[538]+076 TEXCOORD: 0.21255826950073242, 0.3490543067455292

vb0[539]+000 POSITION: -0.08518823236227036, 1.472899317741394, 0.0913299098610878
vb0[539]+012 NORMAL: -0.8053920269012451, -0.2833220660686493, 0.5206460356712341
vb0[539]+024 TANGENT: -0.9600379467010498, -0.066464364528656, 0.27186319231987, -1.0
vb0[539]+040 BLENDWEIGHTS: 1.0, 0.0, 0.0, 0.0
vb0[539]+056 BLENDINDICES: 0, 0, 0, 0
vb0[539]+072 COLOR: 1.0, 0.5019607843137255, 0.5019607843137255, 0.0
vb0[539]+076 TEXCOORD: 0.19907426834106445, 0.34582918882369995

vb0[540]+000 POSITION: -0.0853443518280983, 1.4808326959609985, 0.09125346690416336
vb0[540]+012 NORMAL: -0.819613516330719, -0.21549707651138306, 0.5308434963226318
vb0[540]+024 TANGENT: -0.95792156457901, -0.016087593510746956, 0.286578893661499, -1.0
vb0[540]+040 BLENDWEIGHTS: 1.0, 0.0, 0.0, 0.0
vb0[540]+056 BLENDINDICES: 0, 0, 0, 0
vb0[540]+072 COLOR: 1.0, 0.5019607843137255, 0.5019607843137255, 0.0
vb0[540]+076 TEXCOORD: 0.19963526725769043, 0.35423415899276733

vb0[541]+000 POSITION: -0.08874218910932541, 1.4777989387512207, 0.07078326493501663
vb0[541]+012 NORMAL: -0.8944111466407776, -0.267059862613678, 0.3587585687637329
vb0[541]+024 TANGENT: -0.9798193573951721, -0.1345711201429367, 0.14779911935329437, -1.0
vb0[541]+040 BLENDWEIGHTS: 1.0, 0.0, 0.0, 0.0
vb0[541]+056 BLENDINDICES: 0, 0, 0, 0
vb0[541]+072 COLOR: 1.0, 0.5019607843137255, 0.5019607843137255, 0.0
vb0[541]+076 TEXCOORD: 0.22255229949951172, 0.35007527470588684

vb0[542]+000 POSITION: -0.08634080737829208, 1.4969841241836548, 0.05994239076972008
vb0[542]+012 NORMAL: -0.9668290615081787, -0.09046868979930878, 0.23886604607105255
vb0[542]+024 TANGENT: 0.8927494883537292, 0.15799641609191895, -0.4219426214694977, -1.0
vb0[542]+040 BLENDWEIGHTS: 1.0, 0.0, 0.0, 0.0
vb0[542]+056 BLENDINDICES: 0, 0, 0, 0
vb0[542]+072 COLOR: 1.0, 0.5019607843137255, 0.5019607843137255, 0.0
vb0[542]+076 TEXCOORD: 0.24015069007873535, 0.36790895462036133

vb0[543]+000 POSITION: -0.08340084552764893, 1.4841912984848022, 0.09771648049354553
vb0[543]+012 NORMAL: -0.794012188911438, -0.18435481190681458, 0.5792734622955322
vb0[543]+024 TANGENT: -0.9565155506134033, -0.013392388820648193, 0.2913738489151001, -1.0
vb0[543]+040 BLENDWEIGHTS: 1.0, 0.0, 0.0, 0.0
vb0[543]+056 BLENDINDICES: 0, 0, 0, 0
vb0[543]+072 COLOR: 1.0, 0.5019607843137255, 0.5019607843137255, 0.0
vb0[543]+076 TEXCOORD: 0.19250035285949707, 0.35804176330566406

vb0[544]+000 POSITION: -0.08328251540660858, 1.4727604389190674, 0.0976887047290802
vb0[544]+012 NORMAL: -0.7767032384872437, -0.2789309024810791, 0.5647384524345398
vb0[544]+024 TANGENT: -0.9578073620796204, -0.061929646879434586, 0.28065958619117737, -1.0
vb0[544]+040 BLENDWEIGHTS: 1.0, 0.0, 0.0, 0.0
vb0[544]+056 BLENDINDICES: 0, 0, 0, 0
vb0[544]+072 COLOR: 1.0, 0.5019607843137255, 0.5019607843137255, 0.0
vb0[544]+076 TEXCOORD: 0.19189023971557617, 0.34586113691329956

vb0[545]+000 POSITION: -0.08007388561964035, 1.461477518081665, 0.10498622804880142
vb0[545]+012 NORMAL: -0.7163766622543335, -0.36014237999916077, 0.5975800156593323
vb0[545]+024 TANGENT: -0.9328746199607849, -0.12467516958713531, 0.33793655037879944, -1.0
vb0[545]+040 BLENDWEIGHTS: 0.9443359375, 0.0556640625, 0.0, 0.0
vb0[545]+056 BLENDINDICES: 0, 3, 0, 0
vb0[545]+072 COLOR: 1.0, 0.5019607843137255, 0.5019607843137255, 0.5019607843137255
vb0[545]+076 TEXCOORD: 0.1829671859741211, 0.3339541554450989

vb0[546]+000 POSITION: -0.07623110711574554, 1.44996178150177, 0.10942470282316208
vb0[546]+012 NORMAL: -0.6497089862823486, -0.43311169743537903, 0.6247339248657227
vb0[546]+024 TANGENT: -0.8056526184082031, -0.16970813274383545, 0.567558765411377, -1.0
vb0[546]+040 BLENDWEIGHTS: 0.806640625, 0.193359375, 0.0, 0.0
vb0[546]+056 BLENDINDICES: 0, 3, 0, 0
vb0[546]+072 COLOR: 1.0, 0.5019607843137255, 0.5019607843137255, 0.5019607843137255
vb0[546]+076 TEXCOORD: 0.17723441123962402, 0.32169899344444275

vb0[547]+000 POSITION: -0.07360965013504028, 1.4388363361358643, 0.10941651463508606
vb0[547]+012 NORMAL: -0.6089900135993958, -0.5064218044281006, 0.6104654669761658
vb0[547]+024 TANGENT: -0.7761502861976624, -0.23219557106494904, 0.5862388610839844, -1.0
vb0[547]+040 BLENDWEIGHTS: 0.611328125, 0.388671875, 0.0, 0.0
vb0[547]+056 BLENDINDICES: 0, 3, 0, 0
vb0[547]+072 COLOR: 1.0, 0.5019607843137255, 0.5019607843137255, 0.5019607843137255
vb0[547]+076 TEXCOORD: 0.17579305171966553, 0.3095942735671997

vb0[548]+000 POSITION: -0.07190439850091934, 1.4483604431152344, 0.11310868710279465
vb0[548]+012 NORMAL: -0.6004815101623535, -0.4421027898788452, 0.6663084626197815
vb0[548]+024 TANGENT: -0.6966531276702881, -0.16810011863708496, 0.6974358558654785, -1.0
vb0[548]+040 BLENDWEIGHTS: 0.759765625, 0.240234375, 0.0, 0.0
vb0[548]+056 BLENDINDICES: 0, 3, 0, 0
vb0[548]+072 COLOR: 1.0, 0.5019607843137255, 0.5019607843137255, 0.0
vb0[548]+076 TEXCOORD: 0.17154347896575928, 0.3197278380393982

vb0[549]+000 POSITION: -0.07764710485935211, 1.4614367485046387, 0.11026402562856674
vb0[549]+012 NORMAL: -0.6765285730361938, -0.3514198362827301, 0.6471578478813171
vb0[549]+024 TANGENT: -0.8143500089645386, -0.1198769211769104, 0.567858874797821, -1.0
vb0[549]+040 BLENDWEIGHTS: 0.935546875, 0.064453125, 0.0, 0.0
vb0[549]+056 BLENDINDICES: 0, 3, 0, 0
vb0[549]+072 COLOR: 1.0, 0.5019607843137255, 0.5019607843137255, 0.5019607843137255
vb0[549]+076 TEXCOORD: 0.17724549770355225, 0.33397963643074036

vb0[550]+000 POSITION: -0.07313989847898483, 1.457288384437561, 0.11388792097568512
vb0[550]+012 NORMAL: -0.6209909915924072, -0.380325585603714, 0.6853631734848022
vb0[550]+024 TANGENT: -0.7038177251815796, -0.13613027334213257, 0.6972153186798096, -1.0
vb0[550]+040 BLENDWEIGHTS: 0.880859375, 0.119140625, 0.0, 0.0
vb0[550]+056 BLENDINDICES: 0, 3, 0, 0
vb0[550]+072 COLOR: 1.0, 0.5019607843137255, 0.5019607843137255, 0.0
vb0[550]+076 TEXCOORD: 0.171636700630188, 0.3293953239917755

vb0[551]+000 POSITION: -0.06761404126882553, 1.4491846561431885, 0.11821404099464417
vb0[551]+012 NORMAL: -0.5515725612640381, -0.4319300949573517, 0.7135853171348572
vb0[551]+024 TANGENT: -0.5212414264678955, -0.14505106210708618, 0.8409919738769531, -1.0
vb0[551]+040 BLENDWEIGHTS: 0.74609375, 0.25390625, 0.0, 0.0
vb0[551]+056 BLENDINDICES: 0, 3, 0, 0
vb0[551]+072 COLOR: 1.0, 0.5019607843137255, 0.5019607843137255, 0.4
vb0[551]+076 TEXCOORD: 0.16497623920440674, 0.3205765187740326

vb0[552]+000 POSITION: -0.06974103301763535, 1.4398430585861206, 0.1129438579082489
vb0[552]+012 NORMAL: -0.5686426162719727, -0.4992170035839081, 0.6537796854972839
vb0[552]+024 TANGENT: -0.657100260257721, -0.21898749470710754, 0.7212931513786316, -1.0
vb0[552]+040 BLENDWEIGHTS: 0.6015625, 0.3984375, 0.0, 0.0
vb0[552]+056 BLENDINDICES: 0, 3, 0, 0
vb0[552]+072 COLOR: 1.0, 0.5019607843137255, 0.5019607843137255, 0.0
vb0[552]+076 TEXCOORD: 0.17037606239318848, 0.3103163540363312

vb0[553]+000 POSITION: -0.06527602672576904, 1.440858006477356, 0.11800621449947357
vb0[553]+012 NORMAL: -0.5221124887466431, -0.48774808645248413, 0.699643075466156
vb0[553]+024 TANGENT: -0.48393702507019043, -0.18280541896820068, 0.855796217918396, -1.0
vb0[553]+040 BLENDWEIGHTS: 0.5859375, 0.4140625, 0.0, 0.0
vb0[553]+056 BLENDINDICES: 0, 3, 0, 0
vb0[553]+072 COLOR: 1.0, 0.5019607843137255, 0.5019607843137255, 0.4
vb0[553]+076 TEXCOORD: 0.16357159614562988, 0.31145182251930237

vb0[554]+000 POSITION: -0.06292130053043365, 1.449746012687683, 0.11943444609642029
vb0[554]+012 NORMAL: -0.4969143867492676, -0.4321885406970978, 0.7525219321250916
vb0[554]+024 TANGENT: 0.464334636926651, 0.04438793659210205, 0.8845468759536743, -1.0
vb0[554]+040 BLENDWEIGHTS: 0.728515625, 0.271484375, 0.0, 0.0
vb0[554]+056 BLENDINDICES: 0, 3, 0, 0
vb0[554]+072 COLOR: 1.0, 0.5019607843137255, 0.5019607843137255, 0.2
vb0[554]+076 TEXCOORD: 0.16027188301086426, 0.32075268030166626

vb0[555]+000 POSITION: -0.060496099293231964, 1.4415061473846436, 0.11895852535963058
vb0[555]+012 NORMAL: -0.46436041593551636, -0.4845959544181824, 0.7413070797920227
vb0[555]+024 TANGENT: 0.8525183796882629, 0.19842848181724548, 0.483568400144577, -1.0
vb0[555]+040 BLENDWEIGHTS: 0.56640625, 0.43359375, 0.0, 0.0
vb0[555]+056 BLENDINDICES: 0, 3, 0, 0
vb0[555]+072 COLOR: 1.0, 0.5019607843137255, 0.5019607843137255, 0.30196078431372547
vb0[555]+076 TEXCOORD: 0.1587810516357422, 0.3117351830005646

vb0[556]+000 POSITION: -0.0646006241440773, 1.4582422971725464, 0.12015251070261002
vb0[556]+012 NORMAL: -0.5333453416824341, -0.3830414414405823, 0.7542029023170471
vb0[556]+024 TANGENT: -0.39805760979652405, -0.15715624392032623, 0.9037987589836121, -1.0
vb0[556]+040 BLENDWEIGHTS: 0.85546875, 0.14453125, 0.0, 0.0
vb0[556]+056 BLENDINDICES: 0, 3, 0, 0
vb0[556]+072 COLOR: 1.0, 0.5019607843137255, 0.5019607843137255, 0.0
vb0[556]+076 TEXCOORD: 0.16065096855163574, 0.33023741841316223

vb0[557]+000 POSITION: -0.06888210028409958, 1.457711935043335, 0.1183941513299942
vb0[557]+012 NORMAL: -0.5742210745811462, -0.37470734119415283, 0.7279180288314819
vb0[557]+024 TANGENT: -0.5523581504821777, -0.12268101423978806, 0.8245301246643066, -1.0
vb0[557]+040 BLENDWEIGHTS: 0.8671875, 0.1328125, 0.0, 0.0
vb0[557]+056 BLENDINDICES: 0, 3, 0, 0
vb0[557]+072 COLOR: 1.0, 0.5019607843137255, 0.5019607843137255, 0.4
vb0[557]+076 TEXCOORD: 0.16545891761779785, 0.32974115014076233

vb0[558]+000 POSITION: -0.08097965270280838, 1.472558856010437, 0.10545871406793594
vb0[558]+012 NORMAL: -0.7361769676208496, -0.2716555595397949, 0.6198763847351074
vb0[558]+024 TANGENT: -0.9325452446937561, -0.05382639542222023, 0.357018381357193, -1.0
vb0[558]+040 BLENDWEIGHTS: 0.9970703125, 0.0029296875, 0.0, 0.0
vb0[558]+056 BLENDINDICES: 0, 3, 0, 0
vb0[558]+072 COLOR: 1.0, 0.5019607843137255, 0.5019607843137255, 0.30196078431372547
vb0[558]+076 TEXCOORD: 0.18313980102539062, 0.3457126319408417

vb0[559]+000 POSITION: -0.0781693235039711, 1.4725306034088135, 0.11125776171684265
vb0[559]+012 NORMAL: -0.6932269930839539, -0.2671220302581787, 0.6693893074989319
vb0[559]+024 TANGENT: -0.8254966735839844, -0.06671910732984543, 0.5604496002197266, -1.0
vb0[559]+040 BLENDWEIGHTS: 0.994140625, 0.005859375, 0.0, 0.0
vb0[559]+056 BLENDINDICES: 0, 3, 0, 0
vb0[559]+072 COLOR: 1.0, 0.5019607843137255, 0.5019607843137255, 0.5019607843137255
vb0[559]+076 TEXCOORD: 0.17664384841918945, 0.34568166732788086

vb0[560]+000 POSITION: -0.07387366145849228, 1.4658409357070923, 0.11477801203727722
vb0[560]+012 NORMAL: -0.6355116367340088, -0.3190259635448456, 0.703098475933075
vb0[560]+024 TANGENT: -0.7059298753738403, -0.11361604928970337, 0.6991097331047058, -1.0
vb0[560]+040 BLENDWEIGHTS: 0.9560546875, 0.0439453125, 0.0, 0.0
vb0[560]+056 BLENDINDICES: 0, 3, 0, 0
vb0[560]+072 COLOR: 1.0, 0.5019607843137255, 0.5019607843137255, 0.0
vb0[560]+076 TEXCOORD: 0.17131388187408447, 0.33849844336509705

vb0[561]+000 POSITION: -0.06599657982587814, 1.466088056564331, 0.12072034925222397
vb0[561]+012 NORMAL: -0.570743978023529, -0.32071319222450256, 0.755906343460083
vb0[561]+024 TANGENT: -0.5387985706329346, -0.12477058172225952, 0.8331437110900879, -1.0
vb0[561]+040 BLENDWEIGHTS: 0.9365234375, 0.0634765625, 0.0, 0.0
vb0[561]+056 BLENDINDICES: 0, 3, 0, 0
vb0[561]+072 COLOR: 1.0, 0.5019607843137255, 0.5019607843137255, 0.2980392156862745
vb0[561]+076 TEXCOORD: 0.16118717193603516, 0.33854538202285767

vb0[562]+000 POSITION: -0.0644514188170433, 1.4660366773605347, 0.1220378503203392
vb0[562]+012 NORMAL: -0.5434141755104065, -0.3250959515571594, 0.7739596962928772
vb0[562]+024 TANGENT: -0.5491998195648193, -0.17364943027496338, 0.8174505233764648, -1.0
vb0[562]+040 BLENDWEIGHTS: 0.931640625, 0.068359375, 0.0, 0.0
vb0[562]+056 BLENDINDICES: 0, 3, 0, 0
vb0[562]+072 COLOR: 1.0, 0.5019607843137255, 0.5019607843137255, 0.2980392156862745
vb0[562]+076 TEXCOORD: 0.15892350673675537, 0.33853453397750854

vb0[563]+000 POSITION: -0.06699642539024353, 1.4743951559066772, 0.12114989012479782
vb0[563]+012 NORMAL: -0.5906028151512146, -0.25392451882362366, 0.7659703493118286
vb0[563]+024 TANGENT: -0.5861276984214783, -0.08859069645404816, 0.8053608536720276, -1.0
vb0[563]+040 BLENDWEIGHTS: 0.986328125, 0.013671875, 0.0, 0.0
vb0[563]+056 BLENDINDICES: 0, 3, 0, 0
vb0[563]+072 COLOR: 1.0, 0.5019607843137255, 0.5019607843137255, 0.4
vb0[563]+076 TEXCOORD: 0.16152048110961914, 0.3473413288593292

vb0[564]+000 POSITION: -0.06374149024486542, 1.4742552042007446, 0.1242363452911377
vb0[564]+012 NORMAL: -0.5491952300071716, -0.25868454575538635, 0.7946490049362183
vb0[564]+024 TANGENT: -0.5788754820823669, -0.13718639314174652, 0.8037928938865662, -1.0
vb0[564]+040 BLENDWEIGHTS: 0.98046875, 0.01953125, 0.0, 0.0
vb0[564]+056 BLENDINDICES: 0, 3, 0, 0
vb0[564]+072 COLOR: 1.0, 0.5019607843137255, 0.5019607843137255, 0.4
vb0[564]+076 TEXCOORD: 0.15655994415283203, 0.3472714424133301

vb0[565]+000 POSITION: -0.05660080909729004, 1.4739103317260742, 0.12782759964466095
vb0[565]+012 NORMAL: -0.4861546456813812, -0.26617100834846497, 0.8323500752449036
vb0[565]+024 TANGENT: 0.6844816207885742, -0.3932533264160156, 0.6138702630996704, -1.0
vb0[565]+040 BLENDWEIGHTS: 0.96484375, 0.03515625, 0.0, 0.0
vb0[565]+056 BLENDINDICES: 0, 3, 0, 0
vb0[565]+072 COLOR: 1.0, 0.5019607843137255, 0.5019607843137255, 0.40784313725490196
vb0[565]+076 TEXCOORD: 0.14810824394226074, 0.3466475307941437

vb0[566]+000 POSITION: -0.05865693464875221, 1.4657059907913208, 0.124749556183815
vb0[566]+012 NORMAL: -0.49446627497673035, -0.3323548436164856, 0.8031458854675293
vb0[566]+024 TANGENT: 0.7012075185775757, -0.3408360183238983, 0.6262099742889404, -1.0
vb0[566]+040 BLENDWEIGHTS: 0.91015625, 0.08984375, 0.0, 0.0
vb0[566]+056 BLENDINDICES: 0, 3, 0, 0
vb0[566]+072 COLOR: 1.0, 0.5019607843137255, 0.5019607843137255, 0.30196078431372547
vb0[566]+076 TEXCOORD: 0.15196257829666138, 0.33813202381134033

vb0[567]+000 POSITION: -0.06979872286319733, 1.4662649631500244, 0.11881944537162781
vb0[567]+012 NORMAL: -0.5916934013366699, -0.314911812543869, 0.7421115040779114
vb0[567]+024 TANGENT: -0.5730400681495667, -0.10896746814250946, 0.8122506737709045, -1.0
vb0[567]+040 BLENDWEIGHTS: 0.9482421875, 0.0517578125, 0.0, 0.0
vb0[567]+056 BLENDINDICES: 0, 3, 0, 0
vb0[567]+072 COLOR: 1.0, 0.5019607843137255, 0.5019607843137255, 0.4
vb0[567]+076 TEXCOORD: 0.1656506061553955, 0.33881235122680664

vb0[568]+000 POSITION: -0.07413880527019501, 1.474259614944458, 0.11585581302642822
vb0[568]+012 NORMAL: -0.646244466304779, -0.25224900245666504, 0.7202349901199341
vb0[568]+024 TANGENT: -0.7081912755966187, -0.06937265396118164, 0.7026041150093079, -1.0
vb0[568]+040 BLENDWEIGHTS: 0.994140625, 0.005859375, 0.0, 0.0
vb0[568]+056 BLENDINDICES: 0, 3, 0, 0
vb0[568]+072 COLOR: 1.0, 0.5019607843137255, 0.5019607843137255, 0.0
vb0[568]+076 TEXCOORD: 0.17068517208099365, 0.3473806381225586

vb0[569]+000 POSITION: -0.07038772106170654, 1.4746445417404175, 0.1192527562379837
vb0[569]+012 NORMAL: -0.6032384634017944, -0.2494434416294098, 0.757549524307251
vb0[569]+024 TANGENT: -0.5831766128540039, -0.07345229387283325, 0.8090177774429321, -1.0
vb0[569]+040 BLENDWEIGHTS: 0.9921875, 0.0078125, 0.0, 0.0
vb0[569]+056 BLENDINDICES: 0, 3, 0, 0
vb0[569]+072 COLOR: 1.0, 0.5019607843137255, 0.5019607843137255, 0.30196078431372547
vb0[569]+076 TEXCOORD: 0.16571366786956787, 0.3476577401161194

vb0[570]+000 POSITION: -0.06233927607536316, 1.4831949472427368, 0.1264103502035141
vb0[570]+012 NORMAL: -0.5466229915618896, -0.18369385600090027, 0.8169822096824646
vb0[570]+024 TANGENT: -0.5808568596839905, -0.06872481852769852, 0.8110994100570679, -1.0
vb0[570]+040 BLENDWEIGHTS: 1.0, 0.0, 0.0, 0.0
vb0[570]+056 BLENDINDICES: 0, 0, 0, 0
vb0[570]+072 COLOR: 1.0, 0.5019607843137255, 0.5019607843137255, 0.4
vb0[570]+076 TEXCOORD: 0.1538240909576416, 0.3565632104873657

vb0[571]+000 POSITION: -0.054074421525001526, 1.4822527170181274, 0.13080742955207825
vb0[571]+012 NORMAL: -0.47009798884391785, -0.1982688307762146, 0.8600565791130066
vb0[571]+024 TANGENT: 0.5919381976127625, -0.4355284571647644, 0.6781771779060364, -1.0
vb0[571]+040 BLENDWEIGHTS: 1.0, 0.0, 0.0, 0.0
vb0[571]+056 BLENDINDICES: 0, 0, 0, 0
vb0[571]+072 COLOR: 1.0, 0.5019607843137255, 0.5019607843137255, 0.34901960784313724
vb0[571]+076 TEXCOORD: 0.1441035270690918, 0.35542619228363037

vb0[572]+000 POSITION: -0.06737872213125229, 1.483917474746704, 0.1216869130730629
vb0[572]+012 NORMAL: -0.6004316806793213, -0.1752329170703888, 0.7802404761314392
vb0[572]+024 TANGENT: -0.5969982147216797, -0.031689465045928955, 0.8016164302825928, -1.0
vb0[572]+040 BLENDWEIGHTS: 1.0, 0.0, 0.0, 0.0
vb0[572]+056 BLENDINDICES: 0, 0, 0, 0
vb0[572]+072 COLOR: 1.0, 0.5019607843137255, 0.5019607843137255, 0.40784313725490196
vb0[572]+076 TEXCOORD: 0.1613907814025879, 0.35739946365356445

vb0[573]+000 POSITION: -0.07035275548696518, 1.4843217134475708, 0.12006276845932007
vb0[573]+012 NORMAL: -0.6132737398147583, -0.17125636339187622, 0.7710815072059631
vb0[573]+024 TANGENT: -0.6031929850578308, -0.01721566915512085, 0.7974094748497009, -1.0
vb0[573]+040 BLENDWEIGHTS: 1.0, 0.0, 0.0, 0.0
vb0[573]+056 BLENDINDICES: 0, 0, 0, 0
vb0[573]+072 COLOR: 1.0, 0.5019607843137255, 0.5019607843137255, 0.30196078431372547
vb0[573]+076 TEXCOORD: 0.16511094570159912, 0.3578709363937378

vb0[574]+000 POSITION: -0.07344884425401688, 1.484730839729309, 0.1171259880065918
vb0[574]+012 NORMAL: -0.6497282385826111, -0.16778139770030975, 0.7414193153381348
vb0[574]+024 TANGENT: -0.7011849880218506, -0.003162324195727706, 0.7129723429679871, -1.0
vb0[574]+040 BLENDWEIGHTS: 1.0, 0.0, 0.0, 0.0
vb0[574]+056 BLENDINDICES: 0, 0, 0, 0
vb0[574]+072 COLOR: 1.0, 0.5019607843137255, 0.5019607843137255, 0.0
vb0[574]+076 TEXCOORD: 0.16922986507415771, 0.35840359330177307

vb0[575]+000 POSITION: -0.07786250114440918, 1.4859434366226196, 0.11260145902633667
vb0[575]+012 NORMAL: -0.6955044865608215, -0.1608763337135315, 0.7002801895141602
vb0[575]+024 TANGENT: -0.7832600474357605, -0.014742611907422543, 0.6215193271636963, -1.0
vb0[575]+040 BLENDWEIGHTS: 1.0, 0.0, 0.0, 0.0
vb0[575]+056 BLENDINDICES: 0, 0, 0, 0
vb0[575]+072 COLOR: 1.0, 0.5019607843137255, 0.5019607843137255, 0.0
vb0[575]+076 TEXCOORD: 0.17525196075439453, 0.35981062054634094

vb0[576]+000 POSITION: -0.06691249459981918, 1.4963717460632324, 0.1222240999341011
vb0[576]+012 NORMAL: -0.6020157933235168, -0.07232547551393509, 0.79520183801651
vb0[576]+024 TANGENT: -0.6189127564430237, 0.05156136304140091, 0.7837656140327454, -1.0
vb0[576]+040 BLENDWEIGHTS: 1.0, 0.0, 0.0, 0.0
vb0[576]+056 BLENDINDICES: 0, 0, 0, 0
vb0[576]+072 COLOR: 1.0, 0.5019607843137255, 0.5019607843137255, 0.4
vb0[576]+076 TEXCOORD: 0.16044187545776367, 0.37056946754455566

vb0[577]+000 POSITION: -0.05924921855330467, 1.495417594909668, 0.12875591218471527
vb0[577]+012 NORMAL: -0.5296444296836853, -0.0804889053106308, 0.8443922400474548
vb0[577]+024 TANGENT: -0.5741353631019592, 0.023630496114492416, 0.8184192776679993, -1.0
vb0[577]+040 BLENDWEIGHTS: 1.0, 0.0, 0.0, 0.0
vb0[577]+056 BLENDINDICES: 0, 0, 0, 0
vb0[577]+072 COLOR: 1.0, 0.5019607843137255, 0.5019607843137255, 0.5019607843137255
vb0[577]+076 TEXCOORD: 0.14943301677703857, 0.36926862597465515

vb0[578]+000 POSITION: -0.05135812237858772, 1.4899308681488037, 0.13299024105072021
vb0[578]+012 NORMAL: -0.453508198261261, -0.13022401928901672, 0.8816870450973511
vb0[578]+024 TANGENT: 0.3912368714809418, -0.42736512422561646, 0.8150415420532227, -1.0
vb0[578]+040 BLENDWEIGHTS: 1.0, 0.0, 0.0, 0.0
vb0[578]+056 BLENDINDICES: 0, 0, 0, 0
vb0[578]+072 COLOR: 1.0, 0.5019607843137255, 0.5019607843137255, 0.2980392156862745
vb0[578]+076 TEXCOORD: 0.14008188247680664, 0.3633563816547394

vb0[579]+000 POSITION: -0.04798344150185585, 1.4979301691055298, 0.13502417504787445
vb0[579]+012 NORMAL: -0.4328323006629944, -0.05744776502251625, 0.8996421694755554
vb0[579]+024 TANGENT: -0.5498838424682617, 0.0485457181930542, 0.8338291645050049, -1.0
vb0[579]+040 BLENDWEIGHTS: 1.0, 0.0, 0.0, 0.0
vb0[579]+056 BLENDINDICES: 0, 0, 0, 0
vb0[579]+072 COLOR: 1.0, 0.5019607843137255, 0.5019607843137255, 0.0
vb0[579]+076 TEXCOORD: 0.1355116367340088, 0.37157386541366577

vb0[580]+000 POSITION: -0.06886462867259979, 1.496485710144043, 0.12064225971698761
vb0[580]+012 NORMAL: -0.6139078736305237, -0.07260515540838242, 0.7860315442085266
vb0[580]+024 TANGENT: -0.6235406398773193, 0.059859514236450195, 0.7794959545135498, -1.0
vb0[580]+040 BLENDWEIGHTS: 1.0, 0.0, 0.0, 0.0
vb0[580]+056 BLENDINDICES: 0, 0, 0, 0
vb0[580]+072 COLOR: 1.0, 0.5019607843137255, 0.5019607843137255, 0.25098039215686274
vb0[580]+076 TEXCOORD: 0.16329121589660645, 0.3707611560821533

vb0[581]+000 POSITION: -0.05562857538461685, 1.506321668624878, 0.1304069608449936
vb0[581]+012 NORMAL: -0.5009102821350098, 0.013977735303342342, 0.8653863668441772
vb0[581]+024 TANGENT: -0.5437135100364685, 0.12890805304050446, 0.8293120265007019, -1.0
vb0[581]+040 BLENDWEIGHTS: 1.0, 0.0, 0.0, 0.0
vb0[581]+056 BLENDINDICES: 0, 0, 0, 0
vb0[581]+072 COLOR: 1.0, 0.5019607843137255, 0.5019607843137255, 0.5019607843137255
vb0[581]+076 TEXCOORD: 0.1447896957397461, 0.3806177079677582

vb0[582]+000 POSITION: -0.04456422105431557, 1.5065455436706543, 0.1360366940498352
vb0[582]+012 NORMAL: -0.4040305018424988, 0.019641747698187828, 0.9145346283912659
vb0[582]+024 TANGENT: -0.49120041728019714, 0.16142940521240234, 0.8559571504592896, -1.0
vb0[582]+040 BLENDWEIGHTS: 1.0, 0.0, 0.0, 0.0
vb0[582]+056 BLENDINDICES: 0, 0, 0, 0
vb0[582]+072 COLOR: 1.0, 0.5019607843137255, 0.5019607843137255, 0.0
vb0[582]+076 TEXCOORD: 0.1318187713623047, 0.38068750500679016

vb0[583]+000 POSITION: -0.04487021267414093, 1.4967548847198486, 0.13759145140647888
vb0[583]+012 NORMAL: -0.3583014905452728, -0.08711528778076172, 0.9295325875282288
vb0[583]+024 TANGENT: -0.09194767475128174, -0.12565594911575317, 0.9878036975860596, -1.0
vb0[583]+040 BLENDWEIGHTS: 1.0, 0.0, 0.0, 0.0
vb0[583]+056 BLENDINDICES: 0, 0, 0, 0
vb0[583]+072 COLOR: 1.0, 0.5019607843137255, 0.5019607843137255, 0.29411764705882354
vb0[583]+076 TEXCOORD: 0.13131475448608398, 0.37039637565612793

vb0[584]+000 POSITION: -0.041126422584056854, 1.505137324333191, 0.13855238258838654
vb0[584]+012 NORMAL: -0.32440298795700073, -0.01456266175955534, 0.9458068609237671
vb0[584]+024 TANGENT: -0.039863470941782, -0.04599201679229736, 0.9981460571289062, -1.0
vb0[584]+040 BLENDWEIGHTS: 1.0, 0.0, 0.0, 0.0
vb0[584]+056 BLENDINDICES: 0, 0, 0, 0
vb0[584]+072 COLOR: 1.0, 0.5019607843137255, 0.5019607843137255, 0.3333333333333333
vb0[584]+076 TEXCOORD: 0.12748456001281738, 0.3791334927082062

vb0[585]+000 POSITION: -0.041141290217638016, 1.4952938556671143, 0.1349644511938095
vb0[585]+012 NORMAL: -0.2967267334461212, -0.12348345667123795, 0.9469451308250427
vb0[585]+024 TANGENT: 0.9016768336296082, -0.42905572056770325, -0.053759459406137466, -1.0
vb0[585]+040 BLENDWEIGHTS: 1.0, 0.0, 0.0, 0.0
vb0[585]+056 BLENDINDICES: 0, 0, 0, 0
vb0[585]+072 COLOR: 1.0, 0.5019607843137255, 0.5019607843137255, 0.34901960784313724
vb0[585]+076 TEXCOORD: 0.12689423561096191, 0.36832597851753235

vb0[586]+000 POSITION: -0.03705041483044624, 1.5035418272018433, 0.13572487235069275
vb0[586]+012 NORMAL: -0.26487812399864197, -0.047886330634355545, 0.9630922079086304
vb0[586]+024 TANGENT: 0.8937625885009766, -0.4467339813709259, -0.04021381959319115, -1.0
vb0[586]+040 BLENDWEIGHTS: 1.0, 0.0, 0.0, 0.0
vb0[586]+056 BLENDINDICES: 0, 0, 0, 0
vb0[586]+072 COLOR: 1.0, 0.5019607843137255, 0.5019607843137255, 0.34901960784313724
vb0[586]+076 TEXCOORD: 0.12239360809326172, 0.37716245651245117

vb0[587]+000 POSITION: -0.04806823655962944, 1.4882084131240845, 0.1357795000076294
vb0[587]+012 NORMAL: -0.386321485042572, -0.15959268808364868, 0.9084525108337402
vb0[587]+024 TANGENT: -0.11873626708984375, -0.2021099328994751, 0.9721385836601257, -1.0
vb0[587]+040 BLENDWEIGHTS: 1.0, 0.0, 0.0, 0.0
vb0[587]+056 BLENDINDICES: 0, 0, 0, 0
vb0[587]+072 COLOR: 1.0, 0.5019607843137255, 0.5019607843137255, 0.2549019607843137
vb0[587]+076 TEXCOORD: 0.1345076560974121, 0.3613293170928955

vb0[588]+000 POSITION: -0.04491259157657623, 1.487282633781433, 0.13367897272109985
vb0[588]+012 NORMAL: -0.3251524567604065, -0.19239133596420288, 0.9258840680122375
vb0[588]+024 TANGENT: 0.915771484375, -0.39774298667907715, -0.05624115839600563, -1.0
vb0[588]+040 BLENDWEIGHTS: 1.0, 0.0, 0.0, 0.0
vb0[588]+056 BLENDINDICES: 0, 0, 0, 0
vb0[588]+072 COLOR: 1.0, 0.5019607843137255, 0.5019607843137255, 0.30196078431372547
vb0[588]+076 TEXCOORD: 0.1309680938720703, 0.35982251167297363

vb0[589]+000 POSITION: -0.05029181018471718, 1.4810677766799927, 0.13370434939861298
vb0[589]+012 NORMAL: -0.40607160329818726, -0.22116874158382416, 0.8866736888885498
vb0[589]+024 TANGENT: -0.12415599822998047, -0.27815890312194824, 0.952477216720581, -1.0
vb0[589]+040 BLENDWEIGHTS: 0.98828125, 0.01171875, 0.0, 0.0
vb0[589]+056 BLENDINDICES: 0, 3, 0, 0
vb0[589]+072 COLOR: 1.0, 0.5019607843137255, 0.5019607843137255, 0.22745098039215686
vb0[589]+076 TEXCOORD: 0.13686013221740723, 0.3536500334739685

vb0[590]+000 POSITION: -0.0508713535964489, 1.4895912408828735, 0.1334909349679947
vb0[590]+012 NORMAL: -0.46301281452178955, -0.12701241672039032, 0.8772041201591492
vb0[590]+024 TANGENT: -0.9472775459289551, 0.2253798246383667, 0.22774817049503326, -1.0
vb0[590]+040 BLENDWEIGHTS: 1.0, 0.0, 0.0, 0.0
vb0[590]+056 BLENDINDICES: 0, 0, 0, 0
vb0[590]+072 COLOR: 1.0, 0.5019607843137255, 0.5019607843137255, 0.2549019607843137
vb0[590]+076 TEXCOORD: 0.13835620880126953, 0.3624427318572998

vb0[591]+000 POSITION: -0.0528755709528923, 1.4819226264953613, 0.1316278576850891
vb0[591]+012 NORMAL: -0.47715744376182556, -0.1961210072040558, 0.8566548228263855
vb0[591]+024 TANGENT: -0.9741577506065369, 0.1436292976140976, 0.17431925237178802, -1.0
vb0[591]+040 BLENDWEIGHTS: 1.0, 0.0, 0.0, 0.0
vb0[591]+056 BLENDINDICES: 0, 0, 0, 0
vb0[591]+072 COLOR: 1.0, 0.5019607843137255, 0.5019607843137255, 0.22745098039215686
vb0[591]+076 TEXCOORD: 0.14011049270629883, 0.35406559705734253

vb0[592]+000 POSITION: -0.047757819294929504, 1.4803119897842407, 0.13193678855895996
vb0[592]+012 NORMAL: -0.34569573402404785, -0.2524184584617615, 0.9037585258483887
vb0[592]+024 TANGENT: 0.9370589852333069, -0.3420862853527069, -0.06998264789581299, -1.0
vb0[592]+040 BLENDWEIGHTS: 0.982421875, 0.017578125, 0.0, 0.0
vb0[592]+056 BLENDINDICES: 0, 3, 0, 0
vb0[592]+072 COLOR: 1.0, 0.5019607843137255, 0.5019607843137255, 0.22745098039215686
vb0[592]+076 TEXCOORD: 0.13408756256103516, 0.3522944748401642

vb0[593]+000 POSITION: -0.05208268389105797, 1.473684549331665, 0.13093160092830658
vb0[593]+012 NORMAL: -0.41939398646354675, -0.28558245301246643, 0.861714243888855
vb0[593]+024 TANGENT: -0.1067495346069336, -0.360226571559906, 0.9267369508743286, -1.0
vb0[593]+040 BLENDWEIGHTS: 0.953125, 0.046875, 0.0, 0.0
vb0[593]+056 BLENDINDICES: 0, 3, 0, 0
vb0[593]+072 COLOR: 1.0, 0.5019607843137255, 0.5019607843137255, 0.2
vb0[593]+076 TEXCOORD: 0.1389296054840088, 0.3454837203025818

vb0[594]+000 POSITION: -0.054068464785814285, 1.4743015766143799, 0.12947650253772736
vb0[594]+012 NORMAL: -0.4837745428085327, -0.2631986737251282, 0.8346788287162781
vb0[594]+024 TANGENT: -0.9861086010932922, 0.06580781936645508, 0.15250957012176514, -1.0
vb0[594]+040 BLENDWEIGHTS: 0.962890625, 0.037109375, 0.0, 0.0
vb0[594]+056 BLENDINDICES: 0, 3, 0, 0
vb0[594]+072 COLOR: 1.0, 0.5019607843137255, 0.5019607843137255, 0.2
vb0[594]+076 TEXCOORD: 0.14126348495483398, 0.34567511081695557

vb0[595]+000 POSITION: -0.05317927896976471, 1.4683880805969238, 0.12850630283355713
vb0[595]+012 NORMAL: -0.4281746447086334, -0.3389144241809845, 0.8377371430397034
vb0[595]+024 TANGENT: -0.08952414989471436, -0.427018404006958, 0.8998004198074341, -1.0
vb0[595]+040 BLENDWEIGHTS: 0.916015625, 0.083984375, 0.0, 0.0
vb0[595]+056 BLENDINDICES: 0, 3, 0, 0
vb0[595]+072 COLOR: 1.0, 0.5019607843137255, 0.5019607843137255, 0.17647058823529413
vb0[595]+076 TEXCOORD: 0.14026705920696259, 0.3393516540527344

vb0[596]+000 POSITION: -0.05452483892440796, 1.4689091444015503, 0.12750844657421112
vb0[596]+012 NORMAL: -0.4871639907360077, -0.3172038495540619, 0.8136663436889648
vb0[596]+024 TANGENT: -0.9934608936309814, 0.016989946365356445, 0.11290120333433151, -1.0
vb0[596]+040 BLENDWEIGHTS: 0.923828125, 0.076171875, 0.0, 0.0
vb0[596]+056 BLENDINDICES: 0, 3, 0, 0
vb0[596]+072 COLOR: 1.0, 0.5019607843137255, 0.5019607843137255, 0.17647058823529413
vb0[596]+076 TEXCOORD: 0.14179611206054688, 0.3395620286464691

vb0[597]+000 POSITION: -0.05022759363055229, 1.4734008312225342, 0.12965340912342072
vb0[597]+012 NORMAL: -0.36223727464675903, -0.31136375665664673, 0.8785424828529358
vb0[597]+024 TANGENT: 0.9481428861618042, -0.30186647176742554, -0.0995073989033699, -1.0
vb0[597]+040 BLENDWEIGHTS: 0.947265625, 0.052734375, 0.0, 0.0
vb0[597]+056 BLENDINDICES: 0, 3, 0, 0
vb0[597]+072 COLOR: 1.0, 0.5019607843137255, 0.5019607843137255, 0.2
vb0[597]+076 TEXCOORD: 0.13691377639770508, 0.34470218420028687

vb0[598]+000 POSITION: -0.05199960991740227, 1.4682799577713013, 0.1276417374610901
vb0[598]+012 NORMAL: -0.3737281560897827, -0.3610105514526367, 0.8543995022773743
vb0[598]+024 TANGENT: 0.9572382569313049, -0.2517243027687073, -0.1425827145576477, -1.0
vb0[598]+040 BLENDWEIGHTS: 0.9111328125, 0.0888671875, 0.0, 0.0
vb0[598]+056 BLENDINDICES: 0, 3, 0, 0
vb0[598]+072 COLOR: 1.0, 0.5019607843137255, 0.5019607843137255, 0.17647058823529413
vb0[598]+076 TEXCOORD: 0.13889651000499725, 0.3388659656047821

vb0[599]+000 POSITION: -0.053829777985811234, 1.4644074440002441, 0.1264694631099701
vb0[599]+012 NORMAL: -0.43277058005332947, -0.3708355128765106, 0.821699857711792
vb0[599]+024 TANGENT: -0.06542230397462845, -0.48524409532546997, 0.871927797794342, -1.0
vb0[599]+040 BLENDWEIGHTS: 0.87890625, 0.12109375, 0.0, 0.0
vb0[599]+056 BLENDINDICES: 0, 3, 0, 0
vb0[599]+072 COLOR: 1.0, 0.5019607843137255, 0.5019607843137255, 0.14901960784313725
vb0[599]+076 TEXCOORD: 0.14109283685684204, 0.334641695022583

vb0[600]+000 POSITION: -0.054669782519340515, 1.4646621942520142, 0.1257735639810562
vb0[600]+012 NORMAL: -0.4899013638496399, -0.35110175609588623, 0.7979500889778137
vb0[600]+024 TANGENT: -0.998187243938446, -0.029336633160710335, 0.052551157772541046, -1.0
vb0[600]+040 BLENDWEIGHTS: 0.884765625, 0.115234375, 0.0, 0.0
vb0[600]+056 BLENDINDICES: 0, 3, 0, 0
vb0[600]+072 COLOR: 1.0, 0.5019607843137255, 0.5019607843137255, 0.14901960784313725
vb0[600]+076 TEXCOORD: 0.14198189973831177, 0.3346076011657715

vb0[601]+000 POSITION: -0.05445867031812668, 1.4599134922027588, 0.12364865094423294
vb0[601]+012 NORMAL: -0.4463220536708832, -0.40815269947052, 0.7963718175888062
vb0[601]+024 TANGENT: -0.09786342829465866, -0.8934122920036316, -0.43844857811927795, -1.0
vb0[601]+040 BLENDWEIGHTS: 0.830078125, 0.169921875, 0.0, 0.0
vb0[601]+056 BLENDINDICES: 0, 3, 0, 0
vb0[601]+072 COLOR: 1.0, 0.5019607843137255, 0.5019607843137255, 0.0
vb0[601]+076 TEXCOORD: 0.1418619155883789, 0.32898375391960144

vb0[602]+000 POSITION: -0.053189706057310104, 1.4643311500549316, 0.12582795321941376
vb0[602]+012 NORMAL: -0.37634167075157166, -0.391837477684021, 0.8395416736602783
vb0[602]+024 TANGENT: 0.9615562558174133, -0.1879335194826126, -0.20022650063037872, -1.0
vb0[602]+040 BLENDWEIGHTS: 0.876953125, 0.123046875, 0.0, 0.0
vb0[602]+056 BLENDINDICES: 0, 3, 0, 0
vb0[602]+072 COLOR: 1.0, 0.5019607843137255, 0.5019607843137255, 0.14901960784313725
vb0[602]+076 TEXCOORD: 0.14029014110565186, 0.33421391248703003

vb0[603]+000 POSITION: -0.07058023661375046, 1.429166555404663, 0.08722356706857681
vb0[603]+012 NORMAL: -0.5653819441795349, -0.6254404187202454, 0.537743091583252
vb0[603]+024 TANGENT: 0.699144184589386, 0.10321582853794098, 0.7074913382530212, -1.0
vb0[603]+040 BLENDWEIGHTS: 0.5677594542503357, 0.40897947549819946, 0.02326105535030365, 0.0
vb0[603]+056 BLENDINDICES: 5, 0, 3, 0
vb0[603]+072 COLOR: 1.0, 0.5019607843137255, 0.5019607843137255, 0.30196078431372547
vb0[603]+076 TEXCOORD: 0.1977066993713379, 0.29573866724967957

vb0[604]+000 POSITION: -0.07276713103055954, 1.438308835029602, 0.0889538824558258
vb0[604]+012 NORMAL: -0.5998046398162842, -0.5691657662391663, 0.5623919367790222
vb0[604]+024 TANGENT: 0.9756878614425659, 0.04660367965698242, -0.21415233612060547, -1.0
vb0[604]+040 BLENDWEIGHTS: 0.9287899136543274, 0.07121007889509201, 0.0, 0.0
vb0[604]+056 BLENDINDICES: 0, 3, 0, 0
vb0[604]+072 COLOR: 1.0, 0.5019607843137255, 0.5019607843137255, 0.0
vb0[604]+076 TEXCOORD: 0.1973109245300293, 0.3053078353404999

vb0[605]+000 POSITION: 0.0038041232619434595, 1.5613001585006714, 0.13214372098445892
vb0[605]+012 NORMAL: 0.03616791218519211, 0.5093434453010559, 0.8598030209541321
vb0[605]+024 TANGENT: 0.08910108357667923, 0.7242943644523621, 0.6837095618247986, -1.0
vb0[605]+040 BLENDWEIGHTS: 1.0, 0.0, 0.0, 0.0
vb0[605]+056 BLENDINDICES: 0, 0, 0, 0
vb0[605]+072 COLOR: 1.0, 0.5019607843137255, 0.5019607843137255, 0.4
vb0[605]+076 TEXCOORD: 0.1281595230102539, 0.10713901370763779

vb0[606]+000 POSITION: 0.001737032551318407, 1.555322289466858, 0.13582298159599304
vb0[606]+012 NORMAL: -0.036140572279691696, 0.44173330068588257, 0.8964182138442993
vb0[606]+024 TANGENT: -0.3391721546649933, 0.5649131536483765, 0.7522202730178833, -1.0
vb0[606]+040 BLENDWEIGHTS: 1.0, 0.0, 0.0, 0.0
vb0[606]+056 BLENDINDICES: 0, 0, 0, 0
vb0[606]+072 COLOR: 1.0, 0.5019607843137255, 0.5019607843137255, 0.0
vb0[606]+076 TEXCOORD: 0.13472843170166016, 0.10372491925954819

vb0[607]+000 POSITION: 0.004908133298158646, 1.555883765220642, 0.1370866894721985
vb0[607]+012 NORMAL: 0.051234934478998184, 0.45031866431236267, 0.891396701335907
vb0[607]+024 TANGENT: 0.1269637942314148, 0.6364865899085999, 0.7607660293579102, -1.0
vb0[607]+040 BLENDWEIGHTS: 1.0, 0.0, 0.0, 0.0
vb0[607]+056 BLENDINDICES: 0, 0, 0, 0
vb0[607]+072 COLOR: 1.0, 0.5019607843137255, 0.5019607843137255, 0.45098039215686275
vb0[607]+076 TEXCOORD: 0.13193202018737793, 0.1011432334780693

vb0[608]+000 POSITION: 0.0011067779269069433, 1.5602340698242188, 0.13115006685256958
vb0[608]+012 NORMAL: -0.04462094604969025, 0.49465635418891907, 0.8679424524307251
vb0[608]+024 TANGENT: -0.3714905083179474, 0.6316112875938416, 0.6804866194725037, -1.0
vb0[608]+040 BLENDWEIGHTS: 1.0, 0.0, 0.0, 0.0
vb0[608]+056 BLENDINDICES: 0, 0, 0, 0
vb0[608]+072 COLOR: 1.0, 0.5019607843137255, 0.5019607843137255, 0.0
vb0[608]+076 TEXCOORD: 0.13081859052181244, 0.10917803645133972

vb0[609]+000 POSITION: 0.00739109143614769, 1.555548071861267, 0.13463924825191498
vb0[609]+012 NORMAL: 0.13017405569553375, 0.45465177297592163, 0.8811053037643433
vb0[609]+024 TANGENT: 0.4353802502155304, 0.6011338829994202, 0.6701359152793884, -1.0
vb0[609]+040 BLENDWEIGHTS: 1.0, 0.0, 0.0, 0.0
vb0[609]+056 BLENDINDICES: 0, 0, 0, 0
vb0[609]+072 COLOR: 1.0, 0.5019607843137255, 0.5019607843137255, 0.0
vb0[609]+076 TEXCOORD: 0.12864422798156738, 0.09965348243713379

vb0[610]+000 POSITION: 0.005642293021082878, 1.5608431100845337, 0.1303987205028534
vb0[610]+012 NORMAL: 0.11425414681434631, 0.5121417045593262, 0.8512678742408752
vb0[610]+024 TANGENT: 0.4193120002746582, 0.6877678036689758, 0.5925816297531128, -1.0
vb0[610]+040 BLENDWEIGHTS: 1.0, 0.0, 0.0, 0.0
vb0[610]+056 BLENDINDICES: 0, 0, 0, 0
vb0[610]+072 COLOR: 1.0, 0.5019607843137255, 0.5019607843137255, 0.0
vb0[610]+076 TEXCOORD: 0.12570858001708984, 0.10613120347261429

vb0[611]+000 POSITION: 0.0023710315581411123, 1.548403024673462, 0.14053791761398315
vb0[611]+012 NORMAL: -0.02832810953259468, 0.3756733238697052, 0.9263191223144531
vb0[611]+024 TANGENT: -0.3220387399196625, 0.4879547953605652, 0.8112897872924805, -1.0
vb0[611]+040 BLENDWEIGHTS: 1.0, 0.0, 0.0, 0.0
vb0[611]+056 BLENDINDICES: 0, 0, 0, 0
vb0[611]+072 COLOR: 1.0, 0.5019607843137255, 0.5019607843137255, 0.0
vb0[611]+076 TEXCOORD: 0.13924860954284668, 0.09647320210933685

vb0[612]+000 POSITION: 0.0060245017521083355, 1.5489143133163452, 0.14209981262683868
vb0[612]+012 NORMAL: 0.06291437894105911, 0.3817163407802582, 0.9221358299255371
vb0[612]+024 TANGENT: 0.1561087965965271, 0.5482802391052246, 0.821595311164856, -1.0
vb0[612]+040 BLENDWEIGHTS: 1.0, 0.0, 0.0, 0.0
vb0[612]+056 BLENDINDICES: 0, 0, 0, 0
vb0[612]+072 COLOR: 1.0, 0.5019607843137255, 0.5019607843137255, 0.45098039215686275
vb0[612]+076 TEXCOORD: 0.13627266883850098, 0.09400494396686554

vb0[613]+000 POSITION: 0.009009946137666702, 1.548765778541565, 0.13893896341323853
vb0[613]+012 NORMAL: 0.14355342090129852, 0.3883571922779083, 0.9102587699890137
vb0[613]+024 TANGENT: 0.4686278998851776, 0.5178155899047852, 0.7157198786735535, -1.0
vb0[613]+040 BLENDWEIGHTS: 1.0, 0.0, 0.0, 0.0
vb0[613]+056 BLENDINDICES: 0, 0, 0, 0
vb0[613]+072 COLOR: 1.0, 0.5019607843137255, 0.5019607843137255, 0.0
vb0[613]+076 TEXCOORD: 0.13210169970989227, 0.09217942506074905

vb0[614]+000 POSITION: 0.010283824987709522, 1.5410311222076416, 0.14320936799049377
vb0[614]+012 NORMAL: 0.1529616266489029, 0.312920480966568, 0.9373812675476074
vb0[614]+024 TANGENT: 0.4797397553920746, 0.4197680950164795, 0.7704832553863525, -1.0
vb0[614]+040 BLENDWEIGHTS: 1.0, 0.0, 0.0, 0.0
vb0[614]+056 BLENDINDICES: 0, 0, 0, 0
vb0[614]+072 COLOR: 1.0, 0.5019607843137255, 0.5019607843137255, 0.0
vb0[614]+076 TEXCOORD: 0.13637028634548187, 0.08443504571914673

vb0[615]+000 POSITION: 0.006931683048605919, 1.5413297414779663, 0.14641638100147247
vb0[615]+012 NORMAL: 0.071935273706913, 0.31060096621513367, 0.9478145241737366
vb0[615]+024 TANGENT: 0.18627296388149261, 0.4574396312236786, 0.869512140750885, -1.0
vb0[615]+040 BLENDWEIGHTS: 0.9846400022506714, 0.015360002405941486, 0.0, 0.0
vb0[615]+056 BLENDINDICES: 0, 4, 0, 0
vb0[615]+072 COLOR: 1.0, 0.5019607843137255, 0.5019607843137255, 0.45098039215686275
vb0[615]+076 TEXCOORD: 0.14093899726867676, 0.08673465251922607

vb0[616]+000 POSITION: 0.011027740314602852, 1.5318799018859863, 0.1471930593252182
vb0[616]+012 NORMAL: 0.15590745210647583, 0.22818751633167267, 0.9610532522201538
vb0[616]+024 TANGENT: 0.9544679522514343, -0.10343343764543533, -0.2798078656196594, -1.0
vb0[616]+040 BLENDWEIGHTS: 0.9156249761581421, 0.08437500149011612, 0.0, 0.0
vb0[616]+056 BLENDINDICES: 0, 4, 0, 0
vb0[616]+072 COLOR: 1.0, 0.5019607843137255, 0.5019607843137255, 0.30196078431372547
vb0[616]+076 TEXCOORD: 0.14232587814331055, 0.0759536474943161

vb0[617]+000 POSITION: 0.007393223699182272, 1.5317407846450806, 0.15056201815605164
vb0[617]+012 NORMAL: 0.07384416460990906, 0.2255372703075409, 0.9714319109916687
vb0[617]+024 TANGENT: 0.18388749659061432, 0.3525281250476837, 0.9175562262535095, -1.0
vb0[617]+040 BLENDWEIGHTS: 0.9300000071525574, 0.07000000029802322, 0.0, 0.0
vb0[617]+056 BLENDINDICES: 0, 4, 0, 0
vb0[617]+072 COLOR: 1.0, 0.5019607843137255, 0.5019607843137255, 0.45098039215686275
vb0[617]+076 TEXCOORD: 0.14713096618652344, 0.0782623291015625

vb0[618]+000 POSITION: 0.0028042581398040056, 1.5314674377441406, 0.1491716206073761
vb0[618]+012 NORMAL: -0.019336821511387825, 0.2246384620666504, 0.974250316619873
vb0[618]+024 TANGENT: -0.2968299388885498, 0.33298659324645996, 0.8949927091598511, -1.0
vb0[618]+040 BLENDWEIGHTS: 0.9753590822219849, 0.024640940129756927, 0.0, 0.0
vb0[618]+056 BLENDINDICES: 0, 4, 0, 0
vb0[618]+072 COLOR: 1.0, 0.5019607843137255, 0.5019607843137255, 0.0
vb0[618]+076 TEXCOORD: 0.15075969696044922, 0.08213955163955688

vb0[619]+000 POSITION: 0.0027624007780104876, 1.5406006574630737, 0.14510634541511536
vb0[619]+012 NORMAL: -0.020883604884147644, 0.30437490344047546, 0.9523233771324158
vb0[619]+024 TANGENT: -0.3008776903152466, 0.4195639193058014, 0.8564103841781616, -1.0
vb0[619]+040 BLENDWEIGHTS: 1.0, 0.0, 0.0, 0.0
vb0[619]+056 BLENDINDICES: 0, 0, 0, 0
vb0[619]+072 COLOR: 1.0, 0.5019607843137255, 0.5019607843137255, 0.0
vb0[619]+076 TEXCOORD: 0.14380574226379395, 0.08999650180339813

vb0[620]+000 POSITION: 0.011109624058008194, 1.5205345153808594, 0.15118689835071564
vb0[620]+012 NORMAL: 0.15141136944293976, 0.1281449943780899, 0.9801293015480042
vb0[620]+024 TANGENT: 0.9469855427742004, -0.1546972393989563, -0.2815799415111542, -1.0
vb0[620]+040 BLENDWEIGHTS: 0.8125, 0.1875, 0.0, 0.0
vb0[620]+056 BLENDINDICES: 0, 4, 0, 0
vb0[620]+072 COLOR: 1.0, 0.5019607843137255, 0.5019607843137255, 0.30196078431372547
vb0[620]+076 TEXCOORD: 0.15030360221862793, 0.06625814735889435

vb0[621]+000 POSITION: 0.006932640448212624, 1.5206677913665771, 0.15427714586257935
vb0[621]+012 NORMAL: 0.06383539736270905, 0.13275621831417084, 0.9890909790992737
vb0[621]+024 TANGENT: 0.13387495279312134, 0.2562199831008911, 0.9573029279708862, -1.0
vb0[621]+040 BLENDWEIGHTS: 0.806640625, 0.193359375, 0.0, 0.0
vb0[621]+056 BLENDINDICES: 0, 4, 0, 0
vb0[621]+072 COLOR: 1.0, 0.5019607843137255, 0.5019607843137255, 0.45098039215686275
vb0[621]+076 TEXCOORD: 0.15489768981933594, 0.06937053054571152

vb0[622]+000 POSITION: 0.010110885836184025, 1.5101797580718994, 0.15369151532649994
vb0[622]+012 NORMAL: 0.13983352482318878, 0.035345714539289474, 0.9895440340042114
vb0[622]+024 TANGENT: 0.9461055397987366, -0.14953607320785522, -0.28726863861083984, -1.0
vb0[622]+040 BLENDWEIGHTS: 0.6828906536102295, 0.3171093463897705, 0.0, 0.0
vb0[622]+056 BLENDINDICES: 0, 4, 0, 0
vb0[622]+072 COLOR: 1.0, 0.5019607843137255, 0.5019607843137255, 0.2980392156862745
vb0[622]+076 TEXCOORD: 0.1581416130065918, 0.05821716785430908

vb0[623]+000 POSITION: 0.005823846440762281, 1.5102053880691528, 0.15676933526992798
vb0[623]+012 NORMAL: 0.05119362100958824, 0.04339928552508354, 0.9977452158927917
vb0[623]+024 TANGENT: 0.09852802008390427, 0.14585328102111816, 0.9843876361846924, -1.0
vb0[623]+040 BLENDWEIGHTS: 0.6731250286102295, 0.3268749713897705, 0.0, 0.0
vb0[623]+056 BLENDINDICES: 0, 4, 0, 0
vb0[623]+072 COLOR: 1.0, 0.5019607843137255, 0.5019607843137255, 0.45098039215686275
vb0[623]+076 TEXCOORD: 0.16275525093078613, 0.06145908683538437

vb0[624]+000 POSITION: 0.0020906098652631044, 1.5200574398040771, 0.15234749019145966
vb0[624]+012 NORMAL: -0.029323697090148926, 0.13076326251029968, 0.9909798502922058
vb0[624]+024 TANGENT: -0.2721017301082611, 0.224725142121315, 0.9356597661972046, -1.0
vb0[624]+040 BLENDWEIGHTS: 0.837890625, 0.162109375, 0.0, 0.0
vb0[624]+056 BLENDINDICES: 0, 1, 0, 0
vb0[624]+072 COLOR: 1.0, 0.5019607843137255, 0.5019607843137255, 0.0
vb0[624]+076 TEXCOORD: 0.15915584564208984, 0.07310165464878082

vb0[625]+000 POSITION: 0.0009949147934094071, 1.5096818208694458, 0.1542888879776001
vb0[625]+012 NORMAL: -0.04170859605073929, 0.046484366059303284, 0.998047947883606
vb0[625]+024 TANGENT: -0.9728331565856934, 0.12184323370456696, -0.19685007631778717, -1.0
vb0[625]+040 BLENDWEIGHTS: 0.6596875190734863, 0.34031248092651367, 0.0, 0.0
vb0[625]+056 BLENDINDICES: 0, 4, 0, 0
vb0[625]+072 COLOR: 1.0, 0.5019607843137255, 0.5019607843137255, 0.25098039215686274
vb0[625]+076 TEXCOORD: 0.1673269271850586, 0.06517104804515839

vb0[626]+000 POSITION: 0.004024427849799395, 1.4994271993637085, 0.15803225338459015
vb0[626]+012 NORMAL: 0.037946730852127075, -0.04648610204458237, 0.9981979727745056
vb0[626]+024 TANGENT: 0.08925354480743408, 0.016443612053990364, 0.9958732724189758, -1.0
vb0[626]+040 BLENDWEIGHTS: 0.5203125476837158, 0.4796874523162842, 0.0, 0.0
vb0[626]+056 BLENDINDICES: 0, 4, 0, 0
vb0[626]+072 COLOR: 1.0, 0.5019607843137255, 0.5019607843137255, 0.45098039215686275
vb0[626]+076 TEXCOORD: 0.17118597030639648, 0.05384393781423569

vb0[627]+000 POSITION: -0.0006285890704020858, 1.4993422031402588, 0.15542683005332947
vb0[627]+012 NORMAL: -0.054346080869436264, -0.03751606121659279, 0.9978171586990356
vb0[627]+024 TANGENT: -0.9655793905258179, 0.18255364894866943, -0.18528515100479126, -1.0
vb0[627]+040 BLENDWEIGHTS: 0.5207812786102295, 0.4792187213897705, 0.0, 0.0
vb0[627]+056 BLENDINDICES: 0, 4, 0, 0
vb0[627]+072 COLOR: 1.0, 0.5019607843137255, 0.5019607843137255, 0.2980392156862745
vb0[627]+076 TEXCOORD: 0.17557311058044434, 0.05744224414229393

vb0[628]+000 POSITION: 0.00820827390998602, 1.4995841979980469, 0.15459729731082916
vb0[628]+012 NORMAL: 0.12437932193279266, -0.057727064937353134, 0.9905540347099304
vb0[628]+024 TANGENT: 0.9219646453857422, -0.2034209966659546, -0.32954663038253784, -1.0
vb0[628]+040 BLENDWEIGHTS: 0.523984432220459, 0.476015567779541, 0.0, 0.0
vb0[628]+056 BLENDINDICES: 0, 4, 0, 0
vb0[628]+072 COLOR: 1.0, 0.5019607843137255, 0.5019607843137255, 0.34901960784313724
vb0[628]+076 TEXCOORD: 0.16689252853393555, 0.050693072378635406

vb0[629]+000 POSITION: 0.001476229284889996, 1.488364338874817, 0.1576252430677414
vb0[629]+012 NORMAL: 0.017678778618574142, -0.13593748211860657, 0.9905596375465393
vb0[629]+024 TANGENT: 0.06495267152786255, -0.10700356215238571, 0.9921348094940186, -1.0
vb0[629]+040 BLENDWEIGHTS: 0.6239843368530273, 0.37601566314697266, 0.0, 0.0
vb0[629]+056 BLENDINDICES: 4, 0, 0, 0
vb0[629]+072 COLOR: 1.0, 0.5019607843137255, 0.5019607843137255, 0.4
vb0[629]+076 TEXCOORD: 0.18034672737121582, 0.04650137200951576

vb0[630]+000 POSITION: -0.0029369231779128313, 1.4889028072357178, 0.15509693324565887
vb0[630]+012 NORMAL: -0.07215558737516403, -0.12069892883300781, 0.9900632500648499
vb0[630]+024 TANGENT: -0.9521085023880005, 0.23499907553195953, -0.1956140398979187, -1.0
vb0[630]+040 BLENDWEIGHTS: 0.6257030963897705, 0.3742969036102295, 0.0, 0.0
vb0[630]+056 BLENDINDICES: 4, 0, 0, 0
vb0[630]+072 COLOR: 1.0, 0.5019607843137255, 0.5019607843137255, 0.2980392156862745
vb0[630]+076 TEXCOORD: 0.18438172340393066, 0.05031010881066322

vb0[631]+000 POSITION: 0.005316539201885462, 1.4881669282913208, 0.15462714433670044
vb0[631]+012 NORMAL: 0.09955813735723495, -0.1534326821565628, 0.9831310510635376
vb0[631]+024 TANGENT: 0.9132288694381714, -0.2382158637046814, -0.33055439591407776, -1.0
vb0[631]+040 BLENDWEIGHTS: 0.6161718368530273, 0.38382816314697266, 0.0, 0.0
vb0[631]+056 BLENDINDICES: 4, 0, 0, 0
vb0[631]+072 COLOR: 1.0, 0.5019607843137255, 0.5019607843137255, 0.4
vb0[631]+076 TEXCOORD: 0.17697548866271973, 0.04325905069708824

vb0[632]+000 POSITION: -0.001541957724839449, 1.4788590669631958, 0.15617722272872925
vb0[632]+012 NORMAL: -0.00948965921998024, -0.21245485544204712, 0.9771248698234558
vb0[632]+024 TANGENT: 0.007770895957946777, -0.20010696351528168, 0.9797431826591492, -1.0
vb0[632]+040 BLENDWEIGHTS: 0.7297968864440918, 0.2702031135559082, 0.0, 0.0
vb0[632]+056 BLENDINDICES: 4, 0, 0, 0
vb0[632]+072 COLOR: 1.0, 0.5019607843137255, 0.5019607843137255, 0.4
vb0[632]+076 TEXCOORD: 0.18900442123413086, 0.040820423513650894

vb0[633]+000 POSITION: -0.0053823767229914665, 1.4800608158111572, 0.1537502557039261
vb0[633]+012 NORMAL: -0.0919424369931221, -0.1907515972852707, 0.9773231744766235
vb0[633]+024 TANGENT: -0.929279088973999, 0.2996973991394043, -0.21592111885547638, -1.0
vb0[633]+040 BLENDWEIGHTS: 0.7287499904632568, 0.27125000953674316, 0.0, 0.0
vb0[633]+056 BLENDINDICES: 4, 0, 0, 0
vb0[633]+072 COLOR: 1.0, 0.5019607843137255, 0.5019607843137255, 0.2980392156862745
vb0[633]+076 TEXCOORD: 0.19234609603881836, 0.04470253363251686

vb0[634]+000 POSITION: 0.0020892531611025333, 1.4781957864761353, 0.1535336822271347
vb0[634]+012 NORMAL: 0.06888438016176224, -0.23691688477993011, 0.9690847396850586
vb0[634]+024 TANGENT: 0.909517765045166, -0.27714240550994873, -0.3097894489765167, -1.0
vb0[634]+040 BLENDWEIGHTS: 0.7267968654632568, 0.27320313453674316, 0.0, 0.0
vb0[634]+056 BLENDINDICES: 4, 0, 0, 0
vb0[634]+072 COLOR: 1.0, 0.5019607843137255, 0.5019607843137255, 0.4
vb0[634]+076 TEXCOORD: 0.18648576736450195, 0.037327248603105545

vb0[635]+000 POSITION: -0.004582555964589119, 1.4702389240264893, 0.15387898683547974
vb0[635]+012 NORMAL: -0.035982947796583176, -0.281178742647171, 0.9589805006980896
vb0[635]+024 TANGENT: -0.041628122329711914, -0.27841296792030334, 0.95955890417099, -1.0
vb0[635]+040 BLENDWEIGHTS: 0.82421875, 0.17578125, 0.0, 0.0
vb0[635]+056 BLENDINDICES: 4, 0, 0, 0
vb0[635]+072 COLOR: 1.0, 0.5019607843137255, 0.5019607843137255, 0.34901960784313724
vb0[635]+076 TEXCOORD: 0.19732356071472168, 0.035915497690439224

vb0[636]+000 POSITION: -0.008048382587730885, 1.4717905521392822, 0.15187984704971313
vb0[636]+012 NORMAL: -0.11213061958551407, -0.25583207607269287, 0.9601961970329285
vb0[636]+024 TANGENT: -0.9193276166915894, 0.33207789063453674, -0.2110951840877533, -1.0
vb0[636]+040 BLENDWEIGHTS: 0.8203125, 0.1796875, 0.0, 0.0
vb0[636]+056 BLENDINDICES: 4, 0, 0, 0
vb0[636]+072 COLOR: 1.0, 0.5019607843137255, 0.5019607843137255, 0.2980392156862745
vb0[636]+076 TEXCOORD: 0.2000577449798584, 0.03957710042595863

vb0[637]+000 POSITION: -0.0014118336839601398, 1.4693055152893066, 0.15150611102581024
vb0[637]+012 NORMAL: 0.03390149027109146, -0.30894720554351807, 0.950474739074707
vb0[637]+024 TANGENT: 0.8941779732704163, -0.33448556065559387, -0.2975991368293762, -1.0
vb0[637]+040 BLENDWEIGHTS: 0.826171875, 0.173828125, 0.0, 0.0
vb0[637]+056 BLENDINDICES: 4, 0, 0, 0
vb0[637]+072 COLOR: 1.0, 0.5019607843137255, 0.5019607843137255, 0.34901960784313724
vb0[637]+076 TEXCOORD: 0.19559812545776367, 0.0324275828897953

vb0[638]+000 POSITION: -0.00796765461564064, 1.462984323501587, 0.1510024070739746
vb0[638]+012 NORMAL: -0.06878119707107544, -0.33950960636138916, 0.9380844235420227
vb0[638]+024 TANGENT: -0.1261952966451645, -0.3417905271053314, 0.9312646985054016, -1.0
vb0[638]+040 BLENDWEIGHTS: 0.8984375, 0.1015625, 0.0, 0.0
vb0[638]+056 BLENDINDICES: 4, 0, 0, 0
vb0[638]+072 COLOR: 1.0, 0.5019607843137255, 0.5019607843137255, 0.2980392156862745
vb0[638]+076 TEXCOORD: 0.20525288581848145, 0.032214704900979996

vb0[639]+000 POSITION: -0.010693551041185856, 1.4644478559494019, 0.14944025874137878
vb0[639]+012 NORMAL: -0.13097424805164337, -0.31493130326271057, 0.940034031867981
vb0[639]+024 TANGENT: -0.9000996947288513, 0.3822194039821625, -0.20911411941051483, -1.0
vb0[639]+040 BLENDWEIGHTS: 0.892578125, 0.107421875, 0.0, 0.0
vb0[639]+056 BLENDINDICES: 4, 0, 0, 0
vb0[639]+072 COLOR: 1.0, 0.5019607843137255, 0.5019607843137255, 0.2980392156862745
vb0[639]+076 TEXCOORD: 0.2073802947998047, 0.035243723541498184

vb0[640]+000 POSITION: -0.004929997026920319, 1.4618386030197144, 0.14941461384296417
vb0[640]+012 NORMAL: -0.007139002904295921, -0.36735832691192627, 0.9300521612167358
vb0[640]+024 TANGENT: 0.8686590790748596, -0.4364686608314514, -0.23436377942562103, -1.0
vb0[640]+040 BLENDWEIGHTS: 0.90234375, 0.09765625, 0.0, 0.0
vb0[640]+056 BLENDINDICES: 4, 0, 0, 0
vb0[640]+072 COLOR: 1.0, 0.5019607843137255, 0.5019607843137255, 0.2980392156862745
vb0[640]+076 TEXCOORD: 0.2038249969482422, 0.028820179402828217

vb0[641]+000 POSITION: -0.011957602575421333, 1.4555028676986694, 0.14704005420207977
vb0[641]+012 NORMAL: -0.1052304208278656, -0.40125226974487305, 0.909902811050415
vb0[641]+024 TANGENT: -0.20181286334991455, -0.4147394299507141, 0.8872783184051514, -1.0
vb0[641]+040 BLENDWEIGHTS: 0.955078125, 0.044921875, 0.0, 0.0
vb0[641]+056 BLENDINDICES: 4, 0, 0, 0
vb0[641]+072 COLOR: 1.0, 0.5019607843137255, 0.5019607843137255, 0.25098039215686274
vb0[641]+076 TEXCOORD: 0.2142314910888672, 0.028586363419890404

vb0[642]+000 POSITION: -0.013914607465267181, 1.4571410417556763, 0.14625312387943268
vb0[642]+012 NORMAL: -0.15377219021320343, -0.3741399645805359, 0.9145345091819763
vb0[642]+024 TANGENT: -0.8719115853309631, 0.4612693786621094, -0.16431933641433716, -1.0
vb0[642]+040 BLENDWEIGHTS: 0.94921875, 0.05078125, 0.0, 0.0
vb0[642]+056 BLENDINDICES: 4, 0, 0, 0
vb0[642]+072 COLOR: 1.0, 0.5019607843137255, 0.5019607843137255, 0.25098039215686274
vb0[642]+076 TEXCOORD: 0.21552538871765137, 0.03123111091554165

vb0[643]+000 POSITION: -0.009612487629055977, 1.4546592235565186, 0.1460428088903427
vb0[643]+012 NORMAL: -0.056883394718170166, -0.42399364709854126, 0.9038770198822021
vb0[643]+024 TANGENT: 0.8321777582168579, -0.5107393264770508, -0.2159295380115509, -1.0
vb0[643]+040 BLENDWEIGHTS: 0.95703125, 0.04296875, 0.0, 0.0
vb0[643]+056 BLENDINDICES: 4, 0, 0, 0
vb0[643]+072 COLOR: 1.0, 0.5019607843137255, 0.5019607843137255, 0.25098039215686274
vb0[643]+076 TEXCOORD: 0.21285676956176758, 0.025607412680983543

vb0[644]+000 POSITION: -0.017488699406385422, 1.4503511190414429, 0.14205849170684814
vb0[644]+012 NORMAL: -0.1796693354845047, -0.4316547214984894, 0.8839643597602844
vb0[644]+024 TANGENT: -0.8336438536643982, 0.5377025604248047, -0.12615060806274414, -1.0
vb0[644]+040 BLENDWEIGHTS: 0.984375, 0.015625, 0.0, 0.0
vb0[644]+056 BLENDINDICES: 4, 0, 0, 0
vb0[644]+072 COLOR: 1.0, 0.5019607843137255, 0.5019607843137255, 0.25098039215686274
vb0[644]+076 TEXCOORD: 0.22394561767578125, 0.02766207419335842

vb0[645]+000 POSITION: -0.016361568123102188, 1.4491697549819946, 0.14241835474967957
vb0[645]+012 NORMAL: -0.14401112496852875, -0.45565688610076904, 0.8784289956092834
vb0[645]+024 TANGENT: -0.2737884521484375, -0.46881356835365295, 0.8397939205169678, -1.0
vb0[645]+040 BLENDWEIGHTS: 0.986328125, 0.013671875, 0.0, 0.0
vb0[645]+056 BLENDINDICES: 4, 0, 0, 0
vb0[645]+072 COLOR: 1.0, 0.5019607843137255, 0.5019607843137255, 0.25098039215686274
vb0[645]+076 TEXCOORD: 0.22323226928710938, 0.025915956124663353

vb0[646]+000 POSITION: -0.014584388583898544, 1.4484537839889526, 0.14196336269378662
vb0[646]+012 NORMAL: -0.10582529008388519, -0.4760555624961853, 0.873024582862854
vb0[646]+024 TANGENT: 0.7941263318061829, -0.5694028735160828, -0.21247078478336334, -1.0
vb0[646]+040 BLENDWEIGHTS: 0.98828125, 0.01171875, 0.0, 0.0
vb0[646]+056 BLENDINDICES: 4, 0, 0, 0
vb0[646]+072 COLOR: 1.0, 0.5019607843137255, 0.5019607843137255, 0.25098039215686274
vb0[646]+076 TEXCOORD: 0.2223663330078125, 0.02384493313729763

vb0[647]+000 POSITION: -0.020870357751846313, 1.4450899362564087, 0.1379861682653427
vb0[647]+012 NORMAL: -0.20504269003868103, -0.47665485739707947, 0.8548436164855957
vb0[647]+024 TANGENT: -0.7965400815010071, 0.6031222343444824, -0.04204195737838745, -1.0
vb0[647]+040 BLENDWEIGHTS: 0.998046875, 0.001953125, 0.0, 0.0
vb0[647]+056 BLENDINDICES: 4, 0, 0, 0
vb0[647]+072 COLOR: 1.0, 0.5019607843137255, 0.5019607843137255, 0.2
vb0[647]+076 TEXCOORD: 0.2313380241394043, 0.025046145543456078

vb0[648]+000 POSITION: -0.020201055333018303, 1.4442942142486572, 0.13803225755691528
vb0[648]+012 NORMAL: -0.1756119728088379, -0.49887293577194214, 0.848696768283844
vb0[648]+024 TANGENT: -0.29573047161102295, -0.5337725877761841, 0.7922312617301941, -1.0
vb0[648]+040 BLENDWEIGHTS: 0.998046875, 0.001953125, 0.0, 0.0
vb0[648]+056 BLENDINDICES: 4, 0, 0, 0
vb0[648]+072 COLOR: 1.0, 0.5019607843137255, 0.5019607843137255, 0.2
vb0[648]+076 TEXCOORD: 0.2309567928314209, 0.023922091349959373

vb0[649]+000 POSITION: -0.019277499988675117, 1.4437811374664307, 0.13772258162498474
vb0[649]+012 NORMAL: -0.14845030009746552, -0.516321063041687, 0.8434305191040039
vb0[649]+024 TANGENT: 0.7607762217521667, -0.597000241279602, -0.25457847118377686, -1.0
vb0[649]+040 BLENDWEIGHTS: 0.998046875, 0.001953125, 0.0, 0.0
vb0[649]+056 BLENDINDICES: 4, 0, 0, 0
vb0[649]+072 COLOR: 1.0, 0.5019607843137255, 0.5019607843137255, 0.2
vb0[649]+076 TEXCOORD: 0.23066425323486328, 0.02276465855538845

vb0[650]+000 POSITION: -0.02396600879728794, 1.440971851348877, 0.13401958346366882
vb0[650]+012 NORMAL: -0.23372115194797516, -0.5096482038497925, 0.8280295729637146
vb0[650]+024 TANGENT: -0.7849044799804688, 0.6177839040756226, 0.047623161226511, -1.0
vb0[650]+040 BLENDWEIGHTS: 1.0, 0.0, 0.0, 0.0
vb0[650]+056 BLENDINDICES: 4, 0, 0, 0
vb0[650]+072 COLOR: 1.0, 0.5019607843137255, 0.5019607843137255, 0.14901960784313725
vb0[650]+076 TEXCOORD: 0.23770999908447266, 0.02314353547990322

vb0[651]+000 POSITION: -0.023711036890745163, 1.4406626224517822, 0.1340259611606598
vb0[651]+012 NORMAL: -0.20873771607875824, -0.5294536352157593, 0.8222576379776001
vb0[651]+024 TANGENT: -0.2832564115524292, -0.6081194281578064, 0.7415904998779297, -1.0
vb0[651]+040 BLENDWEIGHTS: 1.0, 0.0, 0.0, 0.0
vb0[651]+056 BLENDINDICES: 4, 0, 0, 0
vb0[651]+072 COLOR: 1.0, 0.5019607843137255, 0.5019607843137255, 0.14901960784313725
vb0[651]+076 TEXCOORD: 0.23761725425720215, 0.02271500788629055

vb0[652]+000 POSITION: -0.026743488386273384, 1.437921404838562, 0.13035963475704193
vb0[652]+012 NORMAL: -0.23736675083637238, -0.5564287304878235, 0.796268880367279
vb0[652]+024 TANGENT: -0.5552382469177246, -0.5119684934616089, -0.6554378271102905, -1.0
vb0[652]+040 BLENDWEIGHTS: 1.0, 0.0, 0.0, 0.0
vb0[652]+056 BLENDINDICES: 4, 0, 0, 0
vb0[652]+072 COLOR: 1.0, 0.5019607843137255, 0.5019607843137255, 0.0
vb0[652]+076 TEXCOORD: 0.24343562126159668, 0.021823829039931297

vb0[653]+000 POSITION: -0.023432573303580284, 1.4404634237289429, 0.13373136520385742
vb0[653]+012 NORMAL: -0.18498735129833221, -0.5465317964553833, 0.8167513608932495
vb0[653]+024 TANGENT: 0.7672500610351562, -0.523862898349762, -0.3699932098388672, -1.0
vb0[653]+040 BLENDWEIGHTS: 1.0, 0.0, 0.0, 0.0
vb0[653]+056 BLENDINDICES: 4, 0, 0, 0
vb0[653]+072 COLOR: 1.0, 0.5019607843137255, 0.5019607843137255, 0.14901960784313725
vb0[653]+076 TEXCOORD: 0.23752808570861816, 0.022163575515151024

vb0[654]+000 POSITION: 0.000780412636231631, 1.5680909156799316, 0.12102282047271729
vb0[654]+012 NORMAL: -0.003938691690564156, 0.6251282691955566, 0.7805120348930359
vb0[654]+024 TANGENT: -0.04818916320800781, 0.9712361097335815, 0.23319125175476074, -1.0
vb0[654]+040 BLENDWEIGHTS: 1.0, 0.0, 0.0, 0.0
vb0[654]+056 BLENDINDICES: 0, 0, 0, 0
vb0[654]+072 COLOR: 1.0, 0.5019607843137255, 0.5019607843137255, 0.2980392156862745
vb0[654]+076 TEXCOORD: 0.12124252319335938, 0.11901610344648361

vb0[655]+000 POSITION: -0.0007869397522881627, 1.5687940120697021, 0.11716540902853012
vb0[655]+012 NORMAL: -0.0837540552020073, 0.6068379282951355, 0.7904005646705627
vb0[655]+024 TANGENT: -0.09820938110351562, 0.8906353712081909, 0.4439859390258789, -1.0
vb0[655]+040 BLENDWEIGHTS: 1.0, 0.0, 0.0, 0.0
vb0[655]+056 BLENDINDICES: 0, 0, 0, 0
vb0[655]+072 COLOR: 1.0, 0.5019607843137255, 0.5019607843137255, 0.0
vb0[655]+076 TEXCOORD: 0.11962103843688965, 0.12266335636377335

vb0[656]+000 POSITION: -0.0007759188883937895, 1.5675722360610962, 0.11882462352514267
vb0[656]+012 NORMAL: -0.08073568344116211, 0.5987796187400818, 0.7968341708183289
vb0[656]+024 TANGENT: -0.3713296353816986, 0.7971946001052856, 0.4760199785232544, -1.0
vb0[656]+040 BLENDWEIGHTS: 1.0, 0.0, 0.0, 0.0
vb0[656]+056 BLENDINDICES: 0, 0, 0, 0
vb0[656]+072 COLOR: 1.0, 0.5019607843137255, 0.5019607843137255, 0.0
vb0[656]+076 TEXCOORD: 0.1212611198425293, 0.12140686810016632

vb0[657]+000 POSITION: -0.00029434688622131944, 1.5663113594055176, 0.12287146598100662
vb0[657]+012 NORMAL: -0.06168733909726143, 0.578236997127533, 0.8135334849357605
vb0[657]+024 TANGENT: -0.45791423320770264, 0.7808447480201721, 0.4249660074710846, -1.0
vb0[657]+040 BLENDWEIGHTS: 1.0, 0.0, 0.0, 0.0
vb0[657]+056 BLENDINDICES: 0, 0, 0, 0
vb0[657]+072 COLOR: 1.0, 0.5019607843137255, 0.5019607843137255, 0.12549019607843137
vb0[657]+076 TEXCOORD: 0.12446069717407227, 0.11818653345108032

vb0[658]+000 POSITION: 0.0015208342811092734, 1.5673024654388428, 0.1236390545964241
vb0[658]+012 NORMAL: 0.0005629412480629981, 0.5958837270736694, 0.803070604801178
vb0[658]+024 TANGENT: -0.008991360664367676, 0.9229282140731812, 0.3848670721054077, -1.0
vb0[658]+040 BLENDWEIGHTS: 1.0, 0.0, 0.0, 0.0
vb0[658]+056 BLENDINDICES: 0, 0, 0, 0
vb0[658]+072 COLOR: 1.0, 0.5019607843137255, 0.5019607843137255, 0.32941176470588235
vb0[658]+076 TEXCOORD: 0.12270020693540573, 0.11642766743898392

vb0[659]+000 POSITION: 0.0003756661026272923, 1.563959002494812, 0.12685883045196533
vb0[659]+012 NORMAL: -0.05477162450551987, 0.5404351949691772, 0.8396010994911194
vb0[659]+024 TANGENT: -0.42043957114219666, 0.7015966773033142, 0.5753195285797119, -1.0
vb0[659]+040 BLENDWEIGHTS: 1.0, 0.0, 0.0, 0.0
vb0[659]+056 BLENDINDICES: 0, 0, 0, 0
vb0[659]+072 COLOR: 1.0, 0.5019607843137255, 0.5019607843137255, 0.0
vb0[659]+076 TEXCOORD: 0.1273481845855713, 0.11386671662330627

vb0[660]+000 POSITION: 0.002644896972924471, 1.5651346445083618, 0.12790623307228088
vb0[660]+012 NORMAL: 0.015258857980370522, 0.5567792057991028, 0.8305202722549438
vb0[660]+024 TANGENT: 0.03062492609024048, 0.8244876861572266, 0.5650506019592285, -1.0
vb0[660]+040 BLENDWEIGHTS: 1.0, 0.0, 0.0, 0.0
vb0[660]+056 BLENDINDICES: 0, 0, 0, 0
vb0[660]+072 COLOR: 1.0, 0.5019607843137255, 0.5019607843137255, 0.36470588235294116
vb0[660]+076 TEXCOORD: 0.12524032592773438, 0.11208029836416245

vb0[661]+000 POSITION: 0.004125603009015322, 1.5645792484283447, 0.1266137808561325
vb0[661]+012 NORMAL: 0.09668369591236115, 0.5617812275886536, 0.8216167688369751
vb0[661]+024 TANGENT: 0.40738627314567566, 0.8024964928627014, 0.43593111634254456, -1.0
vb0[661]+040 BLENDWEIGHTS: 1.0, 0.0, 0.0, 0.0
vb0[661]+056 BLENDINDICES: 0, 0, 0, 0
vb0[661]+072 COLOR: 1.0, 0.5019607843137255, 0.5019607843137255, 0.03137254901960784
vb0[661]+076 TEXCOORD: 0.12334346771240234, 0.11126743257045746

vb0[662]+000 POSITION: 0.0026609867345541716, 1.5667177438735962, 0.12269021570682526
vb0[662]+012 NORMAL: 0.07981905341148376, 0.6011416912078857, 0.7951462864875793
vb0[662]+024 TANGENT: 0.3518415093421936, 0.8990838527679443, 0.26049140095710754, -1.0
vb0[662]+040 BLENDWEIGHTS: 1.0, 0.0, 0.0, 0.0
vb0[662]+056 BLENDINDICES: 0, 0, 0, 0
vb0[662]+072 COLOR: 1.0, 0.5019607843137255, 0.5019607843137255, 0.09019607843137255
vb0[662]+076 TEXCOORD: 0.12104321271181107, 0.11576935648918152

vb0[663]+000 POSITION: 0.0011372899170964956, 1.5679519176483154, 0.1186768114566803
vb0[663]+012 NORMAL: 0.05609900876879692, 0.6396924257278442, 0.766581118106842
vb0[663]+024 TANGENT: 0.17800502479076385, 0.9372144341468811, 0.2999055087566376, -1.0
vb0[663]+040 BLENDWEIGHTS: 1.0, 0.0, 0.0, 0.0
vb0[663]+056 BLENDINDICES: 0, 0, 0, 0
vb0[663]+072 COLOR: 1.0, 0.5019607843137255, 0.5019607843137255, 0.0
vb0[663]+076 TEXCOORD: 0.11925817281007767, 0.12050704658031464

vb0[664]+000 POSITION: -0.0007869397522881627, 1.5687940120697021, 0.11716540902853012
vb0[664]+012 NORMAL: 0.0344390906393528, 0.6525300741195679, 0.7569798827171326
vb0[664]+024 TANGENT: -0.09820938110351562, 0.8906353712081909, 0.4439859390258789, -1.0
vb0[664]+040 BLENDWEIGHTS: 1.0, 0.0, 0.0, 0.0
vb0[664]+056 BLENDINDICES: 0, 0, 0, 0
vb0[664]+072 COLOR: 1.0, 0.5019607843137255, 0.5019607843137255, 0.0
vb0[664]+076 TEXCOORD: 0.11962103843688965, 0.12266335636377335

vb0[665]+000 POSITION: -0.009812740609049797, 1.5537285804748535, 0.1314457803964615
vb0[665]+012 NORMAL: -0.13293105363845825, 0.450419545173645, 0.8828655481338501
vb0[665]+024 TANGENT: -0.5243430137634277, 0.5719379186630249, 0.6308339834213257, -1.0
vb0[665]+040 BLENDWEIGHTS: 1.0, 0.0, 0.0, 0.0
vb0[665]+056 BLENDINDICES: 0, 0, 0, 0
vb0[665]+072 COLOR: 1.0, 0.5019607843137255, 0.5019607843137255, 0.25098039215686274
vb0[665]+076 TEXCOORD: 0.10496377944946289, 0.253248929977417

vb0[666]+000 POSITION: -0.011075641959905624, 1.5584248304367065, 0.126053586602211
vb0[666]+012 NORMAL: -0.1488085687160492, 0.4987282454967499, 0.8538889288902283
vb0[666]+024 TANGENT: -0.3038471043109894, 0.5587589144706726, 0.7716640830039978, -1.0
vb0[666]+040 BLENDWEIGHTS: 1.0, 0.0, 0.0, 0.0
vb0[666]+056 BLENDINDICES: 0, 0, 0, 0
vb0[666]+072 COLOR: 1.0, 0.5019607843137255, 0.5019607843137255, 0.0
vb0[666]+076 TEXCOORD: 0.10377693176269531, 0.26118236780166626

vb0[667]+000 POSITION: -0.01341142226010561, 1.5532532930374146, 0.12807513773441315
vb0[667]+012 NORMAL: -0.1782129406929016, 0.45282766222953796, 0.8736059665679932
vb0[667]+024 TANGENT: -0.32677435874938965, 0.4809988737106323, 0.8135469555854797, -1.0
vb0[667]+040 BLENDWEIGHTS: 1.0, 0.0, 0.0, 0.0
vb0[667]+056 BLENDINDICES: 0, 0, 0, 0
vb0[667]+072 COLOR: 1.0, 0.5019607843137255, 0.5019607843137255, 0.0
vb0[667]+076 TEXCOORD: 0.10002470016479492, 0.25551557540893555

vb0[668]+000 POSITION: -0.0081099271774292, 1.5588488578796387, 0.12795671820640564
vb0[668]+012 NORMAL: -0.11513637006282806, 0.4992424249649048, 0.8587785363197327
vb0[668]+024 TANGENT: -0.467430979013443, 0.630068302154541, 0.6200985312461853, -1.0
vb0[668]+040 BLENDWEIGHTS: 1.0, 0.0, 0.0, 0.0
vb0[668]+056 BLENDINDICES: 0, 0, 0, 0
vb0[668]+072 COLOR: 1.0, 0.5019607843137255, 0.5019607843137255, 0.25098039215686274
vb0[668]+076 TEXCOORD: 0.10734295845031738, 0.2597663998603821

vb0[669]+000 POSITION: -0.01187747810035944, 1.546709418296814, 0.13597078621387482
vb0[669]+012 NORMAL: -0.15769611299037933, 0.37620633840560913, 0.9130173325538635
vb0[669]+024 TANGENT: -0.592357337474823, 0.46947190165519714, 0.654758632183075, -1.0
vb0[669]+040 BLENDWEIGHTS: 1.0, 0.0, 0.0, 0.0
vb0[669]+056 BLENDINDICES: 0, 0, 0, 0
vb0[669]+072 COLOR: 1.0, 0.5019607843137255, 0.5019607843137255, 0.27058823529411763
vb0[669]+076 TEXCOORD: 0.10186147689819336, 0.2443937063217163

vb0[670]+000 POSITION: -0.01598404534161091, 1.545938491821289, 0.13030514121055603
vb0[670]+012 NORMAL: -0.21606475114822388, 0.3835204541683197, 0.8979020714759827
vb0[670]+024 TANGENT: -0.29988062381744385, 0.35791826248168945, 0.884288489818573, -1.0
vb0[670]+040 BLENDWEIGHTS: 1.0, 0.0, 0.0, 0.0
vb0[670]+056 BLENDINDICES: 0, 0, 0, 0
vb0[670]+072 COLOR: 1.0, 0.5019607843137255, 0.5019607843137255, 0.0
vb0[670]+076 TEXCOORD: 0.09502267837524414, 0.24735328555107117

vb0[671]+000 POSITION: -0.01774287223815918, 1.5372523069381714, 0.13437317311763763
vb0[671]+012 NORMAL: -0.23136910796165466, 0.3012869954109192, 0.9250375628471375
vb0[671]+024 TANGENT: -0.8403486609458923, 0.3276405334472656, 0.4318169951438904, -1.0
vb0[671]+040 BLENDWEIGHTS: 0.9599609375, 0.0400390625, 0.0, 0.0
vb0[671]+056 BLENDINDICES: 0, 1, 0, 0
vb0[671]+072 COLOR: 1.0, 0.5019607843137255, 0.5019607843137255, 0.0
vb0[671]+076 TEXCOORD: 0.09249210357666016, 0.23640254139900208

vb0[672]+000 POSITION: -0.018503695726394653, 1.5369144678115845, 0.13247667253017426
vb0[672]+012 NORMAL: -0.26129186153411865, 0.3003900349140167, 0.917328953742981
vb0[672]+024 TANGENT: -0.4147680997848511, 0.2522240877151489, 0.8742713332176208, -1.0
vb0[672]+040 BLENDWEIGHTS: 1.0, 0.0, 0.0, 0.0
vb0[672]+056 BLENDINDICES: 0, 0, 0, 0
vb0[672]+072 COLOR: 1.0, 0.5019607843137255, 0.5019607843137255, 0.0
vb0[672]+076 TEXCOORD: 0.08997821807861328, 0.23712822794914246

vb0[673]+000 POSITION: -0.0191633403301239, 1.5276542901992798, 0.13828347623348236
vb0[673]+012 NORMAL: -0.2506149411201477, 0.20811966061592102, 0.9454514980316162
vb0[673]+024 TANGENT: -0.9261707067489624, 0.18196091055870056, 0.3302997052669525, -1.0
vb0[673]+040 BLENDWEIGHTS: 0.908203125, 0.091796875, 0.0, 0.0
vb0[673]+056 BLENDINDICES: 0, 1, 0, 0
vb0[673]+072 COLOR: 1.0, 0.5019607843137255, 0.5019607843137255, 0.30196078431372547
vb0[673]+076 TEXCOORD: 0.09074234962463379, 0.22489112615585327

vb0[674]+000 POSITION: -0.013420159928500652, 1.538506031036377, 0.13968156278133392
vb0[674]+012 NORMAL: -0.1695447415113449, 0.3006420135498047, 0.9385462403297424
vb0[674]+024 TANGENT: -0.6089355945587158, 0.3899907171726227, 0.690727710723877, -1.0
vb0[674]+040 BLENDWEIGHTS: 0.96484375, 0.03515625, 0.0, 0.0
vb0[674]+056 BLENDINDICES: 0, 1, 0, 0
vb0[674]+072 COLOR: 1.0, 0.5019607843137255, 0.5019607843137255, 0.4235294117647059
vb0[674]+076 TEXCOORD: 0.09962797164916992, 0.23463128507137299

vb0[675]+000 POSITION: -0.01444205828011036, 1.5289514064788818, 0.14348898828029633
vb0[675]+012 NORMAL: -0.1709902137517929, 0.21375161409378052, 0.9618069529533386
vb0[675]+024 TANGENT: -0.5951529145240784, 0.31349238753318787, 0.7399428486824036, -1.0
vb0[675]+040 BLENDWEIGHTS: 0.9140625, 0.0859375, 0.0, 0.0
vb0[675]+056 BLENDINDICES: 0, 1, 0, 0
vb0[675]+072 COLOR: 1.0, 0.5019607843137255, 0.5019607843137255, 0.4235294117647059
vb0[675]+076 TEXCOORD: 0.09790968894958496, 0.2236194759607315

vb0[676]+000 POSITION: -0.019350558519363403, 1.528704047203064, 0.13379724323749542
vb0[676]+012 NORMAL: -0.2836247980594635, 0.21329674124717712, 0.9349125027656555
vb0[676]+024 TANGENT: -0.6701396107673645, 0.07935238629579544, 0.7379811406135559, -1.0
vb0[676]+040 BLENDWEIGHTS: 1.0, 0.0, 0.0, 0.0
vb0[676]+056 BLENDINDICES: 0, 0, 0, 0
vb0[676]+072 COLOR: 1.0, 0.5019607843137255, 0.5019607843137255, 0.0
vb0[676]+076 TEXCOORD: 0.0867319107055664, 0.22781088948249817

vb0[677]+000 POSITION: -0.019126389175653458, 1.5237094163894653, 0.1336086094379425
vb0[677]+012 NORMAL: -0.2872009873390198, 0.16618339717388153, 0.9433444142341614
vb0[677]+024 TANGENT: -0.6678087711334229, -0.4072386622428894, 0.6230474710464478, -1.0
vb0[677]+040 BLENDWEIGHTS: 1.0, 0.0, 0.0, 0.0
vb0[677]+056 BLENDINDICES: 0, 0, 0, 0
vb0[677]+072 COLOR: 1.0, 0.5019607843137255, 0.5019607843137255, 0.30196078431372547
vb0[677]+076 TEXCOORD: 0.0840919017791748, 0.2226874679327011

vb0[678]+000 POSITION: -0.019793765619397163, 1.5176645517349243, 0.14171123504638672
vb0[678]+012 NORMAL: -0.26852497458457947, 0.10518515110015869, 0.957512617111206
vb0[678]+024 TANGENT: -0.9461336135864258, 0.08498382568359375, 0.31242430210113525, -1.0
vb0[678]+040 BLENDWEIGHTS: 0.8330078125, 0.1669921875, 0.0, 0.0
vb0[678]+056 BLENDINDICES: 0, 1, 0, 0
vb0[678]+072 COLOR: 1.0, 0.5019607843137255, 0.5019607843137255, 0.30196078431372547
vb0[678]+076 TEXCOORD: 0.08958101272583008, 0.21340608596801758

vb0[679]+000 POSITION: -0.015065236017107964, 1.5184305906295776, 0.1468740999698639
vb0[679]+012 NORMAL: -0.16768106818199158, 0.11866313964128494, 0.9786736369132996
vb0[679]+024 TANGENT: -0.5759521126747131, 0.21087680757045746, 0.7898164987564087, -1.0
vb0[679]+040 BLENDWEIGHTS: 0.8359375, 0.1640625, 0.0, 0.0
vb0[679]+056 BLENDINDICES: 0, 1, 0, 0
vb0[679]+072 COLOR: 1.0, 0.5019607843137255, 0.5019607843137255, 0.41568627450980394
vb0[679]+076 TEXCOORD: 0.09661149978637695, 0.21215718984603882

vb0[680]+000 POSITION: -0.019218087196350098, 1.5077359676361084, 0.14409808814525604
vb0[680]+012 NORMAL: -0.2616603970527649, 0.009782839566469193, 0.9651103615760803
vb0[680]+024 TANGENT: -0.9463098049163818, -0.017767667770385742, 0.32277238368988037, -1.0
vb0[680]+040 BLENDWEIGHTS: 0.73828125, 0.26171875, 0.0, 0.0
vb0[680]+056 BLENDINDICES: 0, 1, 0, 0
vb0[680]+072 COLOR: 1.0, 0.5019607843137255, 0.5019607843137255, 0.4
vb0[680]+076 TEXCOORD: 0.08896112442016602, 0.20248936116695404

vb0[681]+000 POSITION: -0.018768999725580215, 1.5072263479232788, 0.13798858225345612
vb0[681]+012 NORMAL: -0.279540091753006, -0.0007099423091858625, 0.9601337313652039
vb0[681]+024 TANGENT: -0.57140052318573, -0.23472066223621368, -0.7863889932632446, -1.0
vb0[681]+040 BLENDWEIGHTS: 0.73046875, 0.26953125, 0.0, 0.0
vb0[681]+056 BLENDINDICES: 0, 1, 0, 0
vb0[681]+072 COLOR: 1.0, 0.5019607843137255, 0.5019607843137255, 0.4
vb0[681]+076 TEXCOORD: 0.08259963989257812, 0.2032884806394577

vb0[682]+000 POSITION: -0.01909959688782692, 1.5165907144546509, 0.13559214770793915
vb0[682]+012 NORMAL: -0.28639766573905945, 0.09148404002189636, 0.9537332057952881
vb0[682]+024 TANGENT: -0.5731306076049805, -0.28013038635253906, -0.7700963020324707, -1.0
vb0[682]+040 BLENDWEIGHTS: 0.822265625, 0.177734375, 0.0, 0.0
vb0[682]+056 BLENDINDICES: 0, 1, 0, 0
vb0[682]+072 COLOR: 1.0, 0.5019607843137255, 0.5019607843137255, 0.30196078431372547
vb0[682]+076 TEXCOORD: 0.08324813842773438, 0.2144077718257904

vb0[683]+000 POSITION: -0.017464233562350273, 1.4965940713882446, 0.1400771141052246
vb0[683]+012 NORMAL: -0.2624717652797699, -0.10435787588357925, 0.9592799544334412
vb0[683]+024 TANGENT: -0.583168625831604, -0.231293722987175, -0.778728187084198, -1.0
vb0[683]+040 BLENDWEIGHTS: 0.611328125, 0.388671875, 0.0, 0.0
vb0[683]+056 BLENDINDICES: 0, 1, 0, 0
vb0[683]+072 COLOR: 1.0, 0.5019607843137255, 0.5019607843137255, 0.4
vb0[683]+076 TEXCOORD: 0.08310723304748535, 0.19087150692939758

vb0[684]+000 POSITION: -0.017610667273402214, 1.4966323375701904, 0.14604073762893677
vb0[684]+012 NORMAL: -0.24123357236385345, -0.09047337621450424, 0.9662405848503113
vb0[684]+024 TANGENT: -0.9324284195899963, -0.1365746706724167, 0.33455130457878113, -1.0
vb0[684]+040 BLENDWEIGHTS: 0.61328125, 0.38671875, 0.0, 0.0
vb0[684]+056 BLENDINDICES: 0, 1, 0, 0
vb0[684]+072 COLOR: 1.0, 0.5019607843137255, 0.5019607843137255, 0.4
vb0[684]+076 TEXCOORD: 0.08947253227233887, 0.19036944210529327

vb0[685]+000 POSITION: -0.014838957227766514, 1.5082834959030151, 0.14905858039855957
vb0[685]+012 NORMAL: -0.17094013094902039, 0.027929481118917465, 0.9848854541778564
vb0[685]+024 TANGENT: -0.5765225887298584, 0.10656560212373734, 0.810102105140686, -1.0
vb0[685]+040 BLENDWEIGHTS: 0.740234375, 0.259765625, 0.0, 0.0
vb0[685]+056 BLENDINDICES: 0, 1, 0, 0
vb0[685]+072 COLOR: 1.0, 0.5019607843137255, 0.5019607843137255, 0.4745098039215686
vb0[685]+076 TEXCOORD: 0.09592628479003906, 0.20151959359645844

vb0[686]+000 POSITION: -0.013941801153123379, 1.4971920251846313, 0.150591641664505
vb0[686]+012 NORMAL: -0.15768828988075256, -0.0717201754450798, 0.9848810434341431
vb0[686]+024 TANGENT: -0.5183907747268677, -0.03917616605758667, 0.8542460203170776, -1.0
vb0[686]+040 BLENDWEIGHTS: 0.6171875, 0.3828125, 0.0, 0.0
vb0[686]+056 BLENDINDICES: 0, 1, 0, 0
vb0[686]+072 COLOR: 1.0, 0.5019607843137255, 0.5019607843137255, 0.30196078431372547
vb0[686]+076 TEXCOORD: 0.09558987617492676, 0.18997447192668915

vb0[687]+000 POSITION: -0.015120639465749264, 1.4865809679031372, 0.14666825532913208
vb0[687]+012 NORMAL: -0.21720851957798004, -0.1824270486831665, 0.9589268565177917
vb0[687]+024 TANGENT: -0.910968542098999, -0.24972276389598846, 0.32829082012176514, -1.0
vb0[687]+040 BLENDWEIGHTS: 0.51171875, 0.48828125, 0.0, 0.0
vb0[687]+056 BLENDINDICES: 1, 0, 0, 0
vb0[687]+072 COLOR: 1.0, 0.5019607843137255, 0.5019607843137255, 0.4
vb0[687]+076 TEXCOORD: 0.09058594703674316, 0.1793319582939148

vb0[688]+000 POSITION: -0.011760665103793144, 1.4867912530899048, 0.15068276226520538
vb0[688]+012 NORMAL: -0.1284060776233673, -0.15817880630493164, 0.9790257811546326
vb0[688]+024 TANGENT: -0.45834434032440186, -0.1552925705909729, 0.8751026391983032, -1.0
vb0[688]+040 BLENDWEIGHTS: 0.51171875, 0.48828125, 0.0, 0.0
vb0[688]+056 BLENDINDICES: 1, 0, 0, 0
vb0[688]+072 COLOR: 1.0, 0.5019607843137255, 0.5019607843137255, 0.4
vb0[688]+076 TEXCOORD: 0.0961313247680664, 0.17903505265712738

vb0[689]+000 POSITION: -0.0062498534098267555, 1.4979627132415771, 0.15218597650527954
vb0[689]+012 NORMAL: -0.06615294516086578, -0.06401684135198593, 0.9957537651062012
vb0[689]+024 TANGENT: -0.19333145022392273, -0.02795034646987915, 0.9807352423667908, -1.0
vb0[689]+040 BLENDWEIGHTS: 0.6171875, 0.3828125, 0.0, 0.0
vb0[689]+056 BLENDINDICES: 0, 1, 0, 0
vb0[689]+072 COLOR: 1.0, 0.5019607843137255, 0.5019607843137255, 0.0
vb0[689]+076 TEXCOORD: 0.10378456115722656, 0.18947474658489227

vb0[690]+000 POSITION: -0.007529720664024353, 1.5089212656021118, 0.15174591541290283
vb0[690]+012 NORMAL: -0.0836259201169014, 0.031915925443172455, 0.9959859251976013
vb0[690]+024 TANGENT: -0.27904459834098816, 0.10416041314601898, 0.9546123147010803, -1.0
vb0[690]+040 BLENDWEIGHTS: 0.740234375, 0.259765625, 0.0, 0.0
vb0[690]+056 BLENDINDICES: 0, 1, 0, 0
vb0[690]+072 COLOR: 1.0, 0.5019607843137255, 0.5019607843137255, 0.2
vb0[690]+076 TEXCOORD: 0.10393714904785156, 0.2008565366268158

vb0[691]+000 POSITION: -0.004475179128348827, 1.4873212575912476, 0.15147991478443146
vb0[691]+012 NORMAL: -0.050422001630067825, -0.15020029246807098, 0.9873690009117126
vb0[691]+024 TANGENT: -0.1594175100326538, -0.11275135725736618, 0.9807513952255249, -1.0
vb0[691]+040 BLENDWEIGHTS: 0.513671875, 0.486328125, 0.0, 0.0
vb0[691]+056 BLENDINDICES: 1, 0, 0, 0
vb0[691]+072 COLOR: 1.0, 0.5019607843137255, 0.5019607843137255, 0.0
vb0[691]+076 TEXCOORD: 0.10386251658201218, 0.17821134626865387

vb0[692]+000 POSITION: -0.015026967041194439, 1.4867662191390991, 0.14150802791118622
vb0[692]+012 NORMAL: -0.23563848435878754, -0.19736874103546143, 0.9515882134437561
vb0[692]+024 TANGENT: -0.5722089409828186, -0.2587129473686218, -0.7782317399978638, -1.0
vb0[692]+040 BLENDWEIGHTS: 0.51171875, 0.48828125, 0.0, 0.0
vb0[692]+056 BLENDINDICES: 1, 0, 0, 0
vb0[692]+072 COLOR: 1.0, 0.5019607843137255, 0.5019607843137255, 0.45098039215686275
vb0[692]+076 TEXCOORD: 0.08513164520263672, 0.17939870059490204

vb0[693]+000 POSITION: -0.012371929362416267, 1.4779688119888306, 0.14663536846637726
vb0[693]+012 NORMAL: -0.19042536616325378, -0.2582305669784546, 0.9471299648284912
vb0[693]+024 TANGENT: -0.8842159509658813, -0.3365660309791565, 0.3238603174686432, -1.0
vb0[693]+040 BLENDWEIGHTS: 0.62109375, 0.37890625, 0.0, 0.0
vb0[693]+056 BLENDINDICES: 1, 0, 0, 0
vb0[693]+072 COLOR: 1.0, 0.5019607843137255, 0.5019607843137255, 0.4
vb0[693]+076 TEXCOORD: 0.09212756156921387, 0.16981256008148193

vb0[694]+000 POSITION: -0.009339587762951851, 1.478298306465149, 0.15017159283161163
vb0[694]+012 NORMAL: -0.1002272218465805, -0.22790835797786713, 0.9685103297233582
vb0[694]+024 TANGENT: -0.3798353672027588, -0.23677444458007812, 0.8942387700080872, -1.0
vb0[694]+040 BLENDWEIGHTS: 0.619140625, 0.380859375, 0.0, 0.0
vb0[694]+056 BLENDINDICES: 1, 0, 0, 0
vb0[694]+072 COLOR: 1.0, 0.5019607843137255, 0.5019607843137255, 0.4
vb0[694]+076 TEXCOORD: 0.09707212448120117, 0.16993410885334015

vb0[695]+000 POSITION: -0.002286342903971672, 1.4797428846359253, 0.15011200308799744
vb0[695]+012 NORMAL: -0.031330548226833344, -0.21517089009284973, 0.9760737419128418
vb0[695]+024 TANGENT: -0.1263827085494995, -0.18728089332580566, 0.9741422533988953, -1.0
vb0[695]+040 BLENDWEIGHTS: 0.609375, 0.390625, 0.0, 0.0
vb0[695]+056 BLENDINDICES: 1, 0, 0, 0
vb0[695]+072 COLOR: 1.0, 0.5019607843137255, 0.5019607843137255, 0.0
vb0[695]+076 TEXCOORD: 0.1047203466296196, 0.16976968944072723

vb0[696]+000 POSITION: -0.0122993728145957, 1.4783531427383423, 0.14237117767333984
vb0[696]+012 NORMAL: -0.20764991641044617, -0.27350613474845886, 0.9391890168190002
vb0[696]+024 TANGENT: -0.5490285158157349, -0.26222679018974304, -0.793602466583252, -1.0
vb0[696]+040 BLENDWEIGHTS: 0.6171875, 0.3828125, 0.0, 0.0
vb0[696]+056 BLENDINDICES: 1, 0, 0, 0
vb0[696]+072 COLOR: 1.0, 0.5019607843137255, 0.5019607843137255, 0.4
vb0[696]+076 TEXCOORD: 0.08762121200561523, 0.1694944053888321

vb0[697]+000 POSITION: -0.009002125822007656, 1.4694684743881226, 0.1459210216999054
vb0[697]+012 NORMAL: -0.15693490207195282, -0.3310849368572235, 0.9304590821266174
vb0[697]+024 TANGENT: -0.8430553078651428, -0.4299336373806, 0.32313272356987, -1.0
vb0[697]+040 BLENDWEIGHTS: 0.72265625, 0.27734375, 0.0, 0.0
vb0[697]+056 BLENDINDICES: 1, 0, 0, 0
vb0[697]+072 COLOR: 1.0, 0.5019607843137255, 0.5019607843137255, 0.4
vb0[697]+076 TEXCOORD: 0.09403657913208008, 0.16030164062976837

vb0[698]+000 POSITION: -0.006001847796142101, 1.4695055484771729, 0.14888949692249298
vb0[698]+012 NORMAL: -0.06255295127630234, -0.2975148558616638, 0.9526658058166504
vb0[698]+024 TANGENT: -0.2753864824771881, -0.3182472288608551, 0.9071279168128967, -1.0
vb0[698]+040 BLENDWEIGHTS: 0.724609375, 0.275390625, 0.0, 0.0
vb0[698]+056 BLENDINDICES: 1, 0, 0, 0
vb0[698]+072 COLOR: 1.0, 0.5019607843137255, 0.5019607843137255, 0.4
vb0[698]+076 TEXCOORD: 0.09854555130004883, 0.1601981222629547

vb0[699]+000 POSITION: 0.00018048574565909803, 1.4724749326705933, 0.14842264354228973
vb0[699]+012 NORMAL: -0.012554900720715523, -0.27576372027397156, 0.961143434047699
vb0[699]+024 TANGENT: -0.08496212959289551, -0.26703470945358276, 0.9599343538284302, -1.0
vb0[699]+040 BLENDWEIGHTS: 0.69921875, 0.30078125, 0.0, 0.0
vb0[699]+056 BLENDINDICES: 1, 0, 0, 0
vb0[699]+072 COLOR: 1.0, 0.5019607843137255, 0.5019607843137255, 0.0
vb0[699]+076 TEXCOORD: 0.10585498809814453, 0.16140051186084747

vb0[700]+000 POSITION: -0.008876395411789417, 1.469982624053955, 0.1424117386341095
vb0[700]+012 NORMAL: -0.17436455190181732, -0.34713348746299744, 0.9214637875556946
vb0[700]+024 TANGENT: -0.5249669551849365, -0.1937171369791031, -0.8287842869758606, -1.0
vb0[700]+040 BLENDWEIGHTS: 0.716796875, 0.283203125, 0.0, 0.0
vb0[700]+056 BLENDINDICES: 1, 0, 0, 0
vb0[700]+072 COLOR: 1.0, 0.5019607843137255, 0.5019607843137255, 0.4
vb0[700]+076 TEXCOORD: 0.09032969921827316, 0.15978552401065826

vb0[701]+000 POSITION: 0.0029255880508571863, 1.4627735614776611, 0.14562664926052094
vb0[701]+012 NORMAL: 0.046204037964344025, -0.34005412459373474, 0.9392700791358948
vb0[701]+024 TANGENT: 0.6172794103622437, -0.04064493998885155, 0.7856934070587158, -1.0
vb0[701]+040 BLENDWEIGHTS: 0.802734375, 0.197265625, 0.0, 0.0
vb0[701]+056 BLENDINDICES: 1, 0, 0, 0
vb0[701]+072 COLOR: 1.0, 0.5019607843137255, 0.5019607843137255, 0.21176470588235294
vb0[701]+076 TEXCOORD: 0.10544896125793457, 0.15005207061767578

vb0[702]+000 POSITION: -0.0017944746650755405, 1.4610460996627808, 0.14665400981903076
vb0[702]+012 NORMAL: -0.021789180114865303, -0.3623790144920349, 0.9317759871482849
vb0[702]+024 TANGENT: -0.17154574394226074, -0.3744771480560303, 0.9112293720245361, -1.0
vb0[702]+040 BLENDWEIGHTS: 0.814453125, 0.185546875, 0.0, 0.0
vb0[702]+056 BLENDINDICES: 1, 0, 0, 0
vb0[702]+072 COLOR: 1.0, 0.5019607843137255, 0.5019607843137255, 0.4
vb0[702]+076 TEXCOORD: 0.09995841979980469, 0.15023158490657806

vb0[703]+000 POSITION: 0.0015852436190471053, 1.4547083377838135, 0.14445753395557404
vb0[703]+012 NORMAL: 0.007873909547924995, -0.4118928015232086, 0.9111982583999634
vb0[703]+024 TANGENT: -0.10521233081817627, -0.41407397389411926, 0.9041422009468079, -1.0
vb0[703]+040 BLENDWEIGHTS: 0.873046875, 0.126953125, 0.0, 0.0
vb0[703]+056 BLENDINDICES: 1, 0, 0, 0
vb0[703]+072 COLOR: 1.0, 0.5019607843137255, 0.5019607843137255, 0.4
vb0[703]+076 TEXCOORD: 0.10089492797851562, 0.1424679011106491

vb0[704]+000 POSITION: -0.0005337030161172152, 1.454233169555664, 0.14252763986587524
vb0[704]+012 NORMAL: -0.07385490834712982, -0.45409709215164185, 0.8878858685493469
vb0[704]+024 TANGENT: -0.7387796640396118, -0.5899073481559753, 0.3259047269821167, -1.0
vb0[704]+040 BLENDWEIGHTS: 0.875, 0.125, 0.0, 0.0
vb0[704]+056 BLENDINDICES: 1, 0, 0, 0
vb0[704]+072 COLOR: 1.0, 0.5019607843137255, 0.5019607843137255, 0.4
vb0[704]+076 TEXCOORD: 0.09783744812011719, 0.14210526645183563

vb0[705]+000 POSITION: -0.004531671293079853, 1.4606804847717285, 0.14425063133239746
vb0[705]+012 NORMAL: -0.11375902593135834, -0.4030173718929291, 0.9080946445465088
vb0[705]+024 TANGENT: -0.787769079208374, -0.5203254222869873, 0.3296685218811035, -1.0
vb0[705]+040 BLENDWEIGHTS: 0.81640625, 0.18359375, 0.0, 0.0
vb0[705]+056 BLENDINDICES: 1, 0, 0, 0
vb0[705]+072 COLOR: 1.0, 0.5019607843137255, 0.5019607843137255, 0.4
vb0[705]+076 TEXCOORD: 0.0960850715637207, 0.150035560131073

vb0[706]+000 POSITION: 0.005120573099702597, 1.4560532569885254, 0.1434297114610672
vb0[706]+012 NORMAL: 0.07220406830310822, -0.38847628235816956, 0.9186254143714905
vb0[706]+024 TANGENT: 0.6606916785240173, -0.01665741391479969, 0.7504726052284241, -1.0
vb0[706]+040 BLENDWEIGHTS: 0.865234375, 0.134765625, 0.0, 0.0
vb0[706]+056 BLENDINDICES: 1, 0, 0, 0
vb0[706]+072 COLOR: 1.0, 0.5019607843137255, 0.5019607843137255, 0.30196078431372547
vb0[706]+076 TEXCOORD: 0.10502195358276367, 0.14204926788806915

vb0[707]+000 POSITION: -0.0007221827981993556, 1.4547066688537598, 0.14103351533412933
vb0[707]+012 NORMAL: -0.09776140749454498, -0.47322458028793335, 0.8755005598068237
vb0[707]+024 TANGENT: -0.5964436531066895, -0.20487390458583832, -0.7760680317878723, -1.0
vb0[707]+040 BLENDWEIGHTS: 0.87109375, 0.12890625, 0.0, 0.0
vb0[707]+056 BLENDINDICES: 1, 0, 0, 0
vb0[707]+072 COLOR: 1.0, 0.5019607843137255, 0.5019607843137255, 0.30196078431372547
vb0[707]+076 TEXCOORD: 0.09621717780828476, 0.14193183183670044

vb0[708]+000 POSITION: -0.004553825594484806, 1.4610856771469116, 0.1420275717973709
vb0[708]+012 NORMAL: -0.13381463289260864, -0.4204150438308716, 0.8974100947380066
vb0[708]+024 TANGENT: -0.5665274262428284, -0.18888892233371735, -0.8021020889282227, -1.0
vb0[708]+040 BLENDWEIGHTS: 0.8125, 0.1875, 0.0, 0.0
vb0[708]+056 BLENDINDICES: 1, 0, 0, 0
vb0[708]+072 COLOR: 1.0, 0.5019607843137255, 0.5019607843137255, 0.4
vb0[708]+076 TEXCOORD: 0.09374203532934189, 0.1495530754327774

vb0[709]+000 POSITION: 0.003790224902331829, 1.4482135772705078, 0.1403624266386032
vb0[709]+012 NORMAL: -0.034136366099119186, -0.5020846724510193, 0.8641445636749268
vb0[709]+024 TANGENT: -0.6986083984375, -0.667350172996521, 0.25805044174194336, -1.0
vb0[709]+040 BLENDWEIGHTS: 0.921875, 0.078125, 0.0, 0.0
vb0[709]+056 BLENDINDICES: 1, 0, 0, 0
vb0[709]+072 COLOR: 1.0, 0.5019607843137255, 0.5019607843137255, 0.30196078431372547
vb0[709]+076 TEXCOORD: 0.09954166412353516, 0.13422496616840363

vb0[710]+000 POSITION: 0.0053952462039887905, 1.4482805728912354, 0.1418672353029251
vb0[710]+012 NORMAL: 0.04091428965330124, -0.46146366000175476, 0.8862151503562927
vb0[710]+024 TANGENT: -0.062278151512145996, -0.4831347167491913, 0.8733282685279846, -1.0
vb0[710]+040 BLENDWEIGHTS: 0.921875, 0.078125, 0.0, 0.0
vb0[710]+056 BLENDINDICES: 1, 0, 0, 0
vb0[710]+072 COLOR: 1.0, 0.5019607843137255, 0.5019607843137255, 0.30196078431372547
vb0[710]+076 TEXCOORD: 0.10185670852661133, 0.13428229093551636

vb0[711]+000 POSITION: 0.007808674592524767, 1.4495669603347778, 0.14085912704467773
vb0[711]+012 NORMAL: 0.10002733021974564, -0.4340697228908539, 0.8953089714050293
vb0[711]+024 TANGENT: 0.6920763254165649, 0.025587676092982292, 0.7213705778121948, -1.0
vb0[711]+040 BLENDWEIGHTS: 0.916015625, 0.083984375, 0.0, 0.0
vb0[711]+056 BLENDINDICES: 1, 0, 0, 0
vb0[711]+072 COLOR: 1.0, 0.5019607843137255, 0.5019607843137255, 0.30196078431372547
vb0[711]+076 TEXCOORD: 0.10490202903747559, 0.13397809863090515

vb0[712]+000 POSITION: 0.0036371119786053896, 1.4485276937484741, 0.13977259397506714
vb0[712]+012 NORMAL: -0.059024229645729065, -0.5219441652297974, 0.8509350419044495
vb0[712]+024 TANGENT: -0.6194795370101929, -0.25810912251472473, -0.7413669228553772, -1.0
vb0[712]+040 BLENDWEIGHTS: 0.919921875, 0.080078125, 0.0, 0.0
vb0[712]+056 BLENDINDICES: 1, 0, 0, 0
vb0[712]+072 COLOR: 1.0, 0.5019607843137255, 0.5019607843137255, 0.30196078431372547
vb0[712]+076 TEXCOORD: 0.09885382652282715, 0.13424573838710785

vb0[713]+000 POSITION: 0.00889587216079235, 1.4427037239074707, 0.13781484961509705
vb0[713]+012 NORMAL: 0.015699323266744614, -0.5446367263793945, 0.838525116443634
vb0[713]+024 TANGENT: -0.6888399124145508, -0.5476841330528259, -0.47491228580474854, -1.0
vb0[713]+040 BLENDWEIGHTS: 0.95703125, 0.04296875, 0.0, 0.0
vb0[713]+056 BLENDINDICES: 1, 0, 0, 0
vb0[713]+072 COLOR: 1.0, 0.5019607843137255, 0.5019607843137255, 0.2
vb0[713]+076 TEXCOORD: 0.1017296314239502, 0.12619933485984802

vb0[714]+000 POSITION: 0.00965226348489523, 1.442720890045166, 0.13869567215442657
vb0[714]+012 NORMAL: 0.07870674133300781, -0.504932701587677, 0.859562873840332
vb0[714]+024 TANGENT: -0.02220642939209938, -0.5686368346214294, 0.822288990020752, -1.0
vb0[714]+040 BLENDWEIGHTS: 0.95703125, 0.04296875, 0.0, 0.0
vb0[714]+056 BLENDINDICES: 1, 0, 0, 0
vb0[714]+072 COLOR: 1.0, 0.5019607843137255, 0.5019607843137255, 0.2
vb0[714]+076 TEXCOORD: 0.10294842720031738, 0.1263420581817627

vb0[715]+000 POSITION: 0.012148023582994938, 1.4401763677597046, 0.1363600194454193
vb0[715]+012 NORMAL: 0.04856707155704498, -0.5736982226371765, 0.8176255822181702
vb0[715]+024 TANGENT: -0.6210734844207764, -0.5864567756652832, -0.519938588142395, -1.0
vb0[715]+040 BLENDWEIGHTS: 0.96875, 0.03125, 0.0, 0.0
vb0[715]+056 BLENDINDICES: 1, 0, 0, 0
vb0[715]+072 COLOR: 1.0, 0.5019607843137255, 0.5019607843137255, 0.10196078431372549
vb0[715]+076 TEXCOORD: 0.10326766967773438, 0.12191162258386612

vb0[716]+000 POSITION: 0.012347464449703693, 1.4403574466705322, 0.136905699968338
vb0[716]+012 NORMAL: 0.10139133036136627, -0.5273168683052063, 0.8435975313186646
vb0[716]+024 TANGENT: 0.04168790578842163, -0.6015163064002991, 0.7977720499038696, -1.0
vb0[716]+040 BLENDWEIGHTS: 0.96875, 0.03125, 0.0, 0.0
vb0[716]+056 BLENDINDICES: 1, 0, 0, 0
vb0[716]+072 COLOR: 1.0, 0.5019607843137255, 0.5019607843137255, 0.10588235294117647
vb0[716]+076 TEXCOORD: 0.10380983352661133, 0.12225597351789474

vb0[717]+000 POSITION: 0.01103957835584879, 1.4435418844223022, 0.13804881274700165
vb0[717]+012 NORMAL: 0.12867388129234314, -0.4753495156764984, 0.8703367114067078
vb0[717]+024 TANGENT: 0.6690387725830078, 0.06158220395445824, 0.7406718730926514, -1.0
vb0[717]+040 BLENDWEIGHTS: 0.953125, 0.046875, 0.0, 0.0
vb0[717]+056 BLENDINDICES: 1, 0, 0, 0
vb0[717]+072 COLOR: 1.0, 0.5019607843137255, 0.5019607843137255, 0.2
vb0[717]+076 TEXCOORD: 0.10474252700805664, 0.12601995468139648

vb0[718]+000 POSITION: 0.015443059615790844, 1.4381277561187744, 0.13481147587299347
vb0[718]+012 NORMAL: 0.13851915299892426, -0.5369588732719421, 0.8321583271026611
vb0[718]+024 TANGENT: 0.6857633590698242, -0.5916385054588318, -0.4239014685153961, -1.0
vb0[718]+040 BLENDWEIGHTS: 0.978515625, 0.021484375, 0.0, 0.0
vb0[718]+056 BLENDINDICES: 1, 0, 0, 0
vb0[718]+072 COLOR: 1.0, 0.5019607843137255, 0.5019607843137255, 0.0
vb0[718]+076 TEXCOORD: 0.10480284690856934, 0.11779352277517319

vb0[719]+000 POSITION: 0.013082701712846756, 1.4408053159713745, 0.13656316697597504
vb0[719]+012 NORMAL: 0.14489445090293884, -0.49293017387390137, 0.8579193353652954
vb0[719]+024 TANGENT: 0.6410945653915405, 0.06216764450073242, 0.7649398446083069, -1.0
vb0[719]+040 BLENDWEIGHTS: 0.966796875, 0.033203125, 0.0, 0.0
vb0[719]+056 BLENDINDICES: 1, 0, 0, 0
vb0[719]+072 COLOR: 1.0, 0.5019607843137255, 0.5019607843137255, 0.10588235294117647
vb0[719]+076 TEXCOORD: 0.10474777221679688, 0.12199807167053223

vb0[720]+000 POSITION: 0.01180775836110115, 1.4649527072906494, 0.1500634104013443
vb0[720]+012 NORMAL: 0.07709662616252899, -0.3271493911743164, 0.941822350025177
vb0[720]+024 TANGENT: -0.03904116526246071, -0.31466028094291687, 0.948401153087616, -1.0
vb0[720]+040 BLENDWEIGHTS: 0.7890625, 0.2109375, 0.0, 0.0
vb0[720]+056 BLENDINDICES: 1, 0, 0, 0
vb0[720]+072 COLOR: 1.0, 0.5019607843137255, 0.5019607843137255, 0.5019607843137255
vb0[720]+076 TEXCOORD: 0.11842464655637741, 0.1529320329427719

vb0[721]+000 POSITION: 0.008801048621535301, 1.4745457172393799, 0.15233169496059418
vb0[721]+012 NORMAL: 0.05235101282596588, -0.25354835391044617, 0.9659051299095154
vb0[721]+024 TANGENT: -0.05838143825531006, -0.23224332928657532, 0.9709040522575378, -1.0
vb0[721]+040 BLENDWEIGHTS: 0.68359375, 0.31640625, 0.0, 0.0
vb0[721]+056 BLENDINDICES: 1, 0, 0, 0
vb0[721]+072 COLOR: 1.0, 0.5019607843137255, 0.5019607843137255, 0.5019607843137255
vb0[721]+076 TEXCOORD: 0.11643719673156738, 0.1634601652622223

vb0[722]+000 POSITION: 0.004282317124307156, 1.462838053703308, 0.14591218531131744
vb0[722]+012 NORMAL: -0.003736922051757574, -0.3606460988521576, 0.9326952695846558
vb0[722]+024 TANGENT: -0.8651418089866638, -0.47000429034233093, 0.1750013679265976, -1.0
vb0[722]+040 BLENDWEIGHTS: 0.8046875, 0.1953125, 0.0, 0.0
vb0[722]+056 BLENDINDICES: 1, 0, 0, 0
vb0[722]+072 COLOR: 1.0, 0.5019607843137255, 0.5019607843137255, 0.4
vb0[722]+076 TEXCOORD: 0.10949397087097168, 0.15009191632270813

vb0[723]+000 POSITION: 0.018390607088804245, 1.467908263206482, 0.14869318902492523
vb0[723]+012 NORMAL: 0.1608097404241562, -0.296130895614624, 0.9415130019187927
vb0[723]+024 TANGENT: 0.8122528791427612, 0.016909243538975716, 0.5830603837966919, -1.0
vb0[723]+040 BLENDWEIGHTS: 0.767578125, 0.232421875, 0.0, 0.0
vb0[723]+056 BLENDINDICES: 1, 0, 0, 0
vb0[723]+072 COLOR: 1.0, 0.5019607843137255, 0.5019607843137255, 0.4
vb0[723]+076 TEXCOORD: 0.12595240771770477, 0.15494173765182495

vb0[724]+000 POSITION: 0.016611486673355103, 1.4779363870620728, 0.1511327177286148
vb0[724]+012 NORMAL: 0.14288802444934845, -0.21861198544502258, 0.9652935862541199
vb0[724]+024 TANGENT: 0.7992366552352905, 0.009905338287353516, 0.6009348630905151, -1.0
vb0[724]+040 BLENDWEIGHTS: 0.6458203196525574, 0.3541796803474426, 0.0, 0.0
vb0[724]+056 BLENDINDICES: 1, 0, 0, 0
vb0[724]+072 COLOR: 1.0, 0.5019607843137255, 0.5019607843137255, 0.30196078431372547
vb0[724]+076 TEXCOORD: 0.12514686584472656, 0.1658218502998352

vb0[725]+000 POSITION: 0.015093930996954441, 1.4558393955230713, 0.14687834680080414
vb0[725]+012 NORMAL: 0.10322339087724686, -0.39920300245285034, 0.9110333919525146
vb0[725]+024 TANGENT: -0.004513621795922518, -0.39925146102905273, 0.9168303608894348, -1.0
vb0[725]+040 BLENDWEIGHTS: 0.875, 0.125, 0.0, 0.0
vb0[725]+056 BLENDINDICES: 1, 0, 0, 0
vb0[725]+072 COLOR: 1.0, 0.5019607843137255, 0.5019607843137255, 0.5019607843137255
vb0[725]+076 TEXCOORD: 0.12121295928955078, 0.14268065989017487

vb0[726]+000 POSITION: 0.009007264859974384, 1.4542701244354248, 0.1430583894252777
vb0[726]+012 NORMAL: 0.030849838629364967, -0.43142178654670715, 0.9016226530075073
vb0[726]+024 TANGENT: -0.8346799612045288, -0.5369042158126831, 0.1226506158709526, -1.0
vb0[726]+040 BLENDWEIGHTS: 0.8828125, 0.1171875, 0.0, 0.0
vb0[726]+056 BLENDINDICES: 1, 0, 0, 0
vb0[726]+072 COLOR: 1.0, 0.5019607843137255, 0.5019607843137255, 0.5019607843137255
vb0[726]+076 TEXCOORD: 0.11405587196350098, 0.13988757133483887

vb0[727]+000 POSITION: 0.020442238077521324, 1.458931803703308, 0.14555273950099945
vb0[727]+012 NORMAL: 0.1826663613319397, -0.3657783567905426, 0.9126002788543701
vb0[727]+024 TANGENT: 0.8506110310554504, 0.041253089904785156, 0.5241745710372925, -1.0
vb0[727]+040 BLENDWEIGHTS: 0.853515625, 0.146484375, 0.0, 0.0
vb0[727]+056 BLENDINDICES: 1, 0, 0, 0
vb0[727]+072 COLOR: 1.0, 0.5019607843137255, 0.5019607843137255, 0.4
vb0[727]+076 TEXCOORD: 0.12749862670898438, 0.1448988914489746

vb0[728]+000 POSITION: 0.014048261567950249, 1.4466675519943237, 0.140016108751297
vb0[728]+012 NORMAL: 0.07069988548755646, -0.49278512597084045, 0.8672741055488586
vb0[728]+024 TANGENT: -0.7809790372848511, -0.6179953217506409, 0.09029721468687057, -1.0
vb0[728]+040 BLENDWEIGHTS: 0.9375, 0.0625, 0.0, 0.0
vb0[728]+056 BLENDINDICES: 1, 0, 0, 0
vb0[728]+072 COLOR: 1.0, 0.5019607843137255, 0.5019607843137255, 0.4
vb0[728]+076 TEXCOORD: 0.11922287940979004, 0.13082459568977356

vb0[729]+000 POSITION: 0.018827293068170547, 1.4479544162750244, 0.1430230736732483
vb0[729]+012 NORMAL: 0.1349124014377594, -0.460829496383667, 0.8771743774414062
vb0[729]+024 TANGENT: 0.0490865632891655, -0.4725070297718048, 0.8799588084220886, -1.0
vb0[729]+040 BLENDWEIGHTS: 0.931640625, 0.068359375, 0.0, 0.0
vb0[729]+056 BLENDINDICES: 1, 0, 0, 0
vb0[729]+072 COLOR: 1.0, 0.5019607843137255, 0.5019607843137255, 0.4
vb0[729]+076 TEXCOORD: 0.12477540969848633, 0.13338565826416016

vb0[730]+000 POSITION: 0.02299570105969906, 1.4508143663406372, 0.14185816049575806
vb0[730]+012 NORMAL: 0.20730765163898468, -0.4259275197982788, 0.8806868195533752
vb0[730]+024 TANGENT: 0.889236330986023, 0.09485852718353271, 0.44750499725341797, -1.0
vb0[730]+040 BLENDWEIGHTS: 0.91796875, 0.08203125, 0.0, 0.0
vb0[730]+056 BLENDINDICES: 1, 0, 0, 0
vb0[730]+072 COLOR: 1.0, 0.5019607843137255, 0.5019607843137255, 0.4
vb0[730]+076 TEXCOORD: 0.1297287940979004, 0.13538071513175964

vb0[731]+000 POSITION: 0.01854873262345791, 1.4411729574203491, 0.13697265088558197
vb0[731]+012 NORMAL: 0.11059453338384628, -0.5384945869445801, 0.8353397846221924
vb0[731]+024 TANGENT: -0.7232091426849365, -0.688836932182312, 0.049721717834472656, -1.0
vb0[731]+040 BLENDWEIGHTS: 0.966796875, 0.033203125, 0.0, 0.0
vb0[731]+056 BLENDINDICES: 1, 0, 0, 0
vb0[731]+072 COLOR: 1.0, 0.5019607843137255, 0.5019607843137255, 0.30196078431372547
vb0[731]+076 TEXCOORD: 0.12389112263917923, 0.12405283749103546

vb0[732]+000 POSITION: 0.022420937195420265, 1.4422489404678345, 0.13930200040340424
vb0[732]+012 NORMAL: 0.16695956885814667, -0.5072928667068481, 0.8454457521438599
vb0[732]+024 TANGENT: 0.11712676286697388, -0.5284814834594727, 0.840826153755188, -1.0
vb0[732]+040 BLENDWEIGHTS: 0.96484375, 0.03515625, 0.0, 0.0
vb0[732]+056 BLENDINDICES: 1, 0, 0, 0
vb0[732]+072 COLOR: 1.0, 0.5019607843137255, 0.5019607843137255, 0.30196078431372547
vb0[732]+076 TEXCOORD: 0.12822914123535156, 0.12613235414028168

vb0[733]+000 POSITION: 0.0254955030977726, 1.444690227508545, 0.1384601593017578
vb0[733]+012 NORMAL: 0.22982604801654816, -0.47143039107322693, 0.8514301180839539
vb0[733]+024 TANGENT: 0.9161072373390198, 0.17324769496917725, 0.36156991124153137, -1.0
vb0[733]+040 BLENDWEIGHTS: 0.955078125, 0.044921875, 0.0, 0.0
vb0[733]+056 BLENDINDICES: 1, 0, 0, 0
vb0[733]+072 COLOR: 1.0, 0.5019607843137255, 0.5019607843137255, 0.30196078431372547
vb0[733]+076 TEXCOORD: 0.13208627700805664, 0.12780781090259552

vb0[734]+000 POSITION: 0.023717693984508514, 1.4360411167144775, 0.1333659142255783
vb0[734]+012 NORMAL: 0.15434852242469788, -0.5774673223495483, 0.8016906380653381
vb0[734]+024 TANGENT: -0.6586602330207825, -0.7522796392440796, 0.015555142425000668, -1.0
vb0[734]+040 BLENDWEIGHTS: 0.98828125, 0.01171875, 0.0, 0.0
vb0[734]+056 BLENDINDICES: 1, 0, 0, 0
vb0[734]+072 COLOR: 1.0, 0.5019607843137255, 0.5019607843137255, 0.2
vb0[734]+076 TEXCOORD: 0.1287764459848404, 0.11715952306985855

vb0[735]+000 POSITION: 0.026578035205602646, 1.4369579553604126, 0.13496245443820953
vb0[735]+012 NORMAL: 0.20097221434116364, -0.5490049719810486, 0.8112975358963013
vb0[735]+024 TANGENT: 0.18428044021129608, -0.5565667152404785, 0.8101075887680054, -1.0
vb0[735]+040 BLENDWEIGHTS: 0.986328125, 0.013671875, 0.0, 0.0
vb0[735]+056 BLENDINDICES: 1, 0, 0, 0
vb0[735]+072 COLOR: 1.0, 0.5019607843137255, 0.5019607843137255, 0.2
vb0[735]+076 TEXCOORD: 0.13197088241577148, 0.1186920702457428

vb0[736]+000 POSITION: 0.028256241232156754, 1.4387675523757935, 0.1345623880624771
vb0[736]+012 NORMAL: 0.2529091536998749, -0.5140756964683533, 0.819611668586731
vb0[736]+024 TANGENT: 0.9065142273902893, 0.277788370847702, 0.31790801882743835, -1.0
vb0[736]+040 BLENDWEIGHTS: 0.98046875, 0.01953125, 0.0, 0.0
vb0[736]+056 BLENDINDICES: 1, 0, 0, 0
vb0[736]+072 COLOR: 1.0, 0.5019607843137255, 0.5019607843137255, 0.2
vb0[736]+076 TEXCOORD: 0.13443493843078613, 0.12001465260982513

vb0[737]+000 POSITION: 0.027898704633116722, 1.4327064752578735, 0.13053232431411743
vb0[737]+012 NORMAL: 0.1918962597846985, -0.6022144556045532, 0.7749281525611877
vb0[737]+024 TANGENT: -0.5834859013557434, -0.8119222521781921, -0.018067119643092155, -1.0
vb0[737]+040 BLENDWEIGHTS: 0.99609375, 0.00390625, 0.0, 0.0
vb0[737]+056 BLENDINDICES: 1, 0, 0, 0
vb0[737]+072 COLOR: 1.0, 0.5019607843137255, 0.5019607843137255, 0.14901960784313725
vb0[737]+076 TEXCOORD: 0.132704496383667, 0.11219414323568344

vb0[738]+000 POSITION: 0.029917018488049507, 1.4334619045257568, 0.13155297935009003
vb0[738]+012 NORMAL: 0.22907137870788574, -0.577187716960907, 0.7838243246078491
vb0[738]+024 TANGENT: 0.24077942967414856, -0.5731251835823059, 0.7832960486412048, -1.0
vb0[738]+040 BLENDWEIGHTS: 0.994140625, 0.005859375, 0.0, 0.0
vb0[738]+056 BLENDINDICES: 1, 0, 0, 0
vb0[738]+072 COLOR: 1.0, 0.5019607843137255, 0.5019607843137255, 0.14901960784313725
vb0[738]+076 TEXCOORD: 0.13495278358459473, 0.11328788846731186

vb0[739]+000 POSITION: 0.030800463631749153, 1.434727430343628, 0.1314118653535843
vb0[739]+012 NORMAL: 0.2735580503940582, -0.5422120094299316, 0.7944633960723877
vb0[739]+024 TANGENT: 0.8766477108001709, 0.30133354663848877, 0.37508249282836914, -1.0
vb0[739]+040 BLENDWEIGHTS: 0.9921875, 0.0078125, 0.0, 0.0
vb0[739]+056 BLENDINDICES: 1, 0, 0, 0
vb0[739]+072 COLOR: 1.0, 0.5019607843137255, 0.5019607843137255, 0.14901960784313725
vb0[739]+076 TEXCOORD: 0.1363663673400879, 0.11425282061100006

vb0[740]+000 POSITION: 0.03213729336857796, 1.4301247596740723, 0.12763532996177673
vb0[740]+012 NORMAL: 0.22712711989879608, -0.6232981085777283, 0.7482731342315674
vb0[740]+024 TANGENT: -0.5105108022689819, -0.8535814881324768, -0.10381418466567993, -1.0
vb0[740]+040 BLENDWEIGHTS: 1.0, 0.0, 0.0, 0.0
vb0[740]+056 BLENDINDICES: 1, 0, 0, 0
vb0[740]+072 COLOR: 1.0, 0.5019607843137255, 0.5019607843137255, 0.10196078431372549
vb0[740]+076 TEXCOORD: 0.136763334274292, 0.10771025717258453

vb0[741]+000 POSITION: 0.032976023852825165, 1.430651307106018, 0.1283748894929886
vb0[741]+012 NORMAL: 0.2524063289165497, -0.6016183495521545, 0.7578564286231995
vb0[741]+024 TANGENT: 0.2669871151447296, -0.6094144582748413, 0.7465465664863586, -1.0
vb0[741]+040 BLENDWEIGHTS: 1.0, 0.0, 0.0, 0.0
vb0[741]+056 BLENDINDICES: 1, 0, 0, 0
vb0[741]+072 COLOR: 1.0, 0.5019607843137255, 0.5019607843137255, 0.10196078431372549
vb0[741]+076 TEXCOORD: 0.13773441314697266, 0.10857850313186646

vb0[742]+000 POSITION: 0.036288730800151825, 1.4283161163330078, 0.12504352629184723
vb0[742]+012 NORMAL: 0.27634355425834656, -0.6246602535247803, 0.730365514755249
vb0[742]+024 TANGENT: 0.6880780458450317, -0.4788258671760559, -0.5452288389205933, -1.0
vb0[742]+040 BLENDWEIGHTS: 1.0, 0.0, 0.0, 0.0
vb0[742]+056 BLENDINDICES: 1, 0, 0, 0
vb0[742]+072 COLOR: 1.0, 0.5019607843137255, 0.5019607843137255, 0.0
vb0[742]+076 TEXCOORD: 0.1408390998840332, 0.10403148829936981

vb0[743]+000 POSITION: 0.033398356288671494, 1.431178092956543, 0.1283239871263504
vb0[743]+012 NORMAL: 0.29203736782073975, -0.5676996111869812, 0.7696955800056458
vb0[743]+024 TANGENT: 0.8548073768615723, 0.2736891508102417, 0.4409065246582031, -1.0
vb0[743]+040 BLENDWEIGHTS: 0.998046875, 0.001953125, 0.0, 0.0
vb0[743]+056 BLENDINDICES: 1, 0, 0, 0
vb0[743]+072 COLOR: 1.0, 0.5019607843137255, 0.5019607843137255, 0.10196078431372549
vb0[743]+076 TEXCOORD: 0.13825249671936035, 0.10889842361211777

vb0[744]+000 POSITION: 0.0068033370189368725, 1.4818731546401978, 0.15345895290374756
vb0[744]+012 NORMAL: 0.03642632067203522, -0.19438086450099945, 0.9802495241165161
vb0[744]+024 TANGENT: -0.056324608623981476, -0.15934999287128448, 0.9856141209602356, -1.0
vb0[744]+040 BLENDWEIGHTS: 0.59375, 0.40625, 0.0, 0.0
vb0[744]+056 BLENDINDICES: 1, 0, 0, 0
vb0[744]+072 COLOR: 1.0, 0.5019607843137255, 0.5019607843137255, 0.5019607843137255
vb0[744]+076 TEXCOORD: 0.11533688753843307, 0.17129632830619812

vb0[745]+000 POSITION: 0.015442841686308384, 1.4887831211090088, 0.15234287083148956
vb0[745]+012 NORMAL: 0.14273273944854736, -0.12924382090568542, 0.9812865853309631
vb0[745]+024 TANGENT: 0.2686137855052948, -0.03556900843977928, 0.9625909924507141, -1.0
vb0[745]+040 BLENDWEIGHTS: 0.5042371153831482, 0.4957628846168518, 0.0, 0.0
vb0[745]+056 BLENDINDICES: 1, 0, 0, 0
vb0[745]+072 COLOR: 1.0, 0.5019607843137255, 0.5019607843137255, 0.0
vb0[745]+076 TEXCOORD: 0.12552765011787415, 0.17728367447853088

vb0[746]+000 POSITION: 0.005546719301491976, 1.488114595413208, 0.1539515107870102
vb0[746]+012 NORMAL: 0.03003794513642788, -0.1400507390499115, 0.989688515663147
vb0[746]+024 TANGENT: -0.039586786180734634, -0.07943934202194214, 0.9960533380508423, -1.0
vb0[746]+040 BLENDWEIGHTS: 0.515625, 0.484375, 0.0, 0.0
vb0[746]+056 BLENDINDICES: 1, 0, 0, 0
vb0[746]+072 COLOR: 1.0, 0.5019607843137255, 0.5019607843137255, 0.5019607843137255
vb0[746]+076 TEXCOORD: 0.11488842964172363, 0.17783235013484955

vb0[747]+000 POSITION: 0.0035579781979322433, 1.4992105960845947, 0.15417633950710297
vb0[747]+012 NORMAL: 0.022627856582403183, -0.04964245483279228, 0.9985106587409973
vb0[747]+024 TANGENT: -0.0182495154440403, 0.007895351387560368, 0.99980229139328, -1.0
vb0[747]+040 BLENDWEIGHTS: 0.62109375, 0.37890625, 0.0, 0.0
vb0[747]+056 BLENDINDICES: 0, 1, 0, 0
vb0[747]+072 COLOR: 1.0, 0.5019607843137255, 0.5019607843137255, 0.5019607843137255
vb0[747]+076 TEXCOORD: 0.11434900760650635, 0.18938866257667542

vb0[748]+000 POSITION: 0.014284764416515827, 1.5002022981643677, 0.15229150652885437
vb0[748]+012 NORMAL: 0.13151264190673828, -0.037857651710510254, 0.9905913472175598
vb0[748]+024 TANGENT: 0.25021272897720337, 0.05960571765899658, 0.9663543701171875, -1.0
vb0[748]+040 BLENDWEIGHTS: 0.6267197132110596, 0.37328028678894043, 0.0, 0.0
vb0[748]+056 BLENDINDICES: 0, 1, 0, 0
vb0[748]+072 COLOR: 1.0, 0.5019607843137255, 0.5019607843137255, 0.5019607843137255
vb0[748]+076 TEXCOORD: 0.12593770027160645, 0.189263716340065

vb0[749]+000 POSITION: 0.013539780862629414, 1.510640263557434, 0.15128938853740692
vb0[749]+012 NORMAL: 0.12594354152679443, 0.048064082860946655, 0.990872323513031
vb0[749]+024 TANGENT: 0.25130507349967957, 0.14067544043064117, 0.9576305747032166, -1.0
vb0[749]+040 BLENDWEIGHTS: 0.736328125, 0.263671875, 0.0, 0.0
vb0[749]+056 BLENDINDICES: 0, 1, 0, 0
vb0[749]+072 COLOR: 1.0, 0.5019607843137255, 0.5019607843137255, 0.5019607843137255
vb0[749]+076 TEXCOORD: 0.12645387649536133, 0.2001912146806717

vb0[750]+000 POSITION: 0.002033630385994911, 1.509529948234558, 0.153817817568779
vb0[750]+012 NORMAL: 0.0109864491969347, 0.03465718403458595, 0.9993388056755066
vb0[750]+024 TANGENT: -0.02531898021697998, 0.09674561023712158, 0.9949870109558105, -1.0
vb0[750]+040 BLENDWEIGHTS: 0.73828125, 0.26171875, 0.0, 0.0
vb0[750]+056 BLENDINDICES: 0, 1, 0, 0
vb0[750]+072 COLOR: 1.0, 0.5019607843137255, 0.5019607843137255, 0.5019607843137255
vb0[750]+076 TEXCOORD: 0.11408091336488724, 0.20005065202713013

vb0[751]+000 POSITION: 0.025020645931363106, 1.4893826246261597, 0.14873969554901123
vb0[751]+012 NORMAL: 0.24497859179973602, -0.1268450766801834, 0.9611949920654297
vb0[751]+024 TANGENT: 0.5455085635185242, -0.026409925892949104, 0.8376890420913696, -1.0
vb0[751]+040 BLENDWEIGHTS: 0.5187760591506958, 0.4812239110469818, 0.0, 0.0
vb0[751]+056 BLENDINDICES: 0, 1, 0, 0
vb0[751]+072 COLOR: 1.0, 0.5019607843137255, 0.5019607843137255, 0.5019607843137255
vb0[751]+076 TEXCOORD: 0.13634610176086426, 0.17682963609695435

vb0[752]+000 POSITION: 0.02451322413980961, 1.5012404918670654, 0.14879028499126434
vb0[752]+012 NORMAL: 0.23976950347423553, -0.0317724235355854, 0.970309853553772
vb0[752]+024 TANGENT: 0.5323629379272461, 0.06315457820892334, 0.8441570401191711, -1.0
vb0[752]+040 BLENDWEIGHTS: 0.6520783305168152, 0.3479216694831848, 0.0, 0.0
vb0[752]+056 BLENDINDICES: 0, 1, 0, 0
vb0[752]+072 COLOR: 1.0, 0.5019607843137255, 0.5019607843137255, 0.5019607843137255
vb0[752]+076 TEXCOORD: 0.13733530044555664, 0.18945328891277313

vb0[753]+000 POSITION: 0.01655948907136917, 1.477734088897705, 0.15052448213100433
vb0[753]+012 NORMAL: 0.15560919046401978, -0.22144703567028046, 0.9626770615577698
vb0[753]+024 TANGENT: 0.8602900505065918, 0.02959573268890381, 0.508945107460022, -1.0
vb0[753]+040 BLENDWEIGHTS: 0.6496875286102295, 0.3503124713897705, 0.0, 0.0
vb0[753]+056 BLENDINDICES: 1, 0, 0, 0
vb0[753]+072 COLOR: 1.0, 0.5019607843137255, 0.5019607843137255, 0.0
vb0[753]+076 TEXCOORD: 0.12609267234802246, 0.16555336117744446

vb0[754]+000 POSITION: 0.025346262380480766, 1.47842538356781, 0.14757679402828217
vb0[754]+012 NORMAL: 0.24721544981002808, -0.21655727922916412, 0.944450855255127
vb0[754]+024 TANGENT: 0.5349903106689453, -0.10322368144989014, 0.838528573513031, -1.0
vb0[754]+040 BLENDWEIGHTS: 0.6112799048423767, 0.3887200951576233, 0.0, 0.0
vb0[754]+056 BLENDINDICES: 1, 0, 0, 0
vb0[754]+072 COLOR: 1.0, 0.5019607843137255, 0.5019607843137255, 0.5019607843137255
vb0[754]+076 TEXCOORD: 0.13556866347789764, 0.16505639255046844

vb0[755]+000 POSITION: 0.01820317655801773, 1.4686315059661865, 0.14820732176303864
vb0[755]+012 NORMAL: 0.1651940792798996, -0.2940911054611206, 0.9413933157920837
vb0[755]+024 TANGENT: 0.8492354154586792, 0.009482741355895996, 0.5279291868209839, -1.0
vb0[755]+040 BLENDWEIGHTS: 0.759765625, 0.240234375, 0.0, 0.0
vb0[755]+056 BLENDINDICES: 1, 0, 0, 0
vb0[755]+072 COLOR: 1.0, 0.5019607843137255, 0.5019607843137255, 0.0
vb0[755]+076 TEXCOORD: 0.1271367073059082, 0.15570928156375885

vb0[756]+000 POSITION: 0.025610148906707764, 1.468713402748108, 0.14590202271938324
vb0[756]+012 NORMAL: 0.24280409514904022, -0.2932843565940857, 0.9246785640716553
vb0[756]+024 TANGENT: 0.5185959935188293, -0.17767703533172607, 0.8363545536994934, -1.0
vb0[756]+040 BLENDWEIGHTS: 0.7428852319717407, 0.2571147680282593, 0.0, 0.0
vb0[756]+056 BLENDINDICES: 1, 0, 0, 0
vb0[756]+072 COLOR: 1.0, 0.5019607843137255, 0.5019607843137255, 0.5019607843137255
vb0[756]+076 TEXCOORD: 0.135065495967865, 0.15475019812583923

vb0[757]+000 POSITION: 0.020172083750367165, 1.4597355127334595, 0.144948348402977
vb0[757]+012 NORMAL: 0.1724429577589035, -0.3655605912208557, 0.9146742224693298
vb0[757]+024 TANGENT: 0.8319810032844543, -0.0018126367358490825, 0.5548012256622314, -1.0
vb0[757]+040 BLENDWEIGHTS: 0.845703125, 0.154296875, 0.0, 0.0
vb0[757]+056 BLENDINDICES: 1, 0, 0, 0
vb0[757]+072 COLOR: 1.0, 0.5019607843137255, 0.5019607843137255, 0.0
vb0[757]+076 TEXCOORD: 0.12882471084594727, 0.1457754224538803

vb0[758]+000 POSITION: 0.025708643719553947, 1.4597480297088623, 0.14364542067050934
vb0[758]+012 NORMAL: 0.24392470717430115, -0.3629051744937897, 0.8993334174156189
vb0[758]+024 TANGENT: 0.4936071038246155, -0.2579527497291565, 0.8305494785308838, -1.0
vb0[758]+040 BLENDWEIGHTS: 0.8428816199302673, 0.15711838006973267, 0.0, 0.0
vb0[758]+056 BLENDINDICES: 1, 0, 0, 0
vb0[758]+072 COLOR: 1.0, 0.5019607843137255, 0.5019607843137255, 0.5019607843137255
vb0[758]+076 TEXCOORD: 0.13465380668640137, 0.14510557055473328

vb0[759]+000 POSITION: 0.022610733285546303, 1.4509516954421997, 0.1409926861524582
vb0[759]+012 NORMAL: 0.18240447342395782, -0.43562397360801697, 0.8814535140991211
vb0[759]+024 TANGENT: 0.8565996885299683, 0.06400072574615479, 0.511996865272522, -1.0
vb0[759]+040 BLENDWEIGHTS: 0.916015625, 0.083984375, 0.0, 0.0
vb0[759]+056 BLENDINDICES: 1, 0, 0, 0
vb0[759]+072 COLOR: 1.0, 0.5019607843137255, 0.5019607843137255, 0.0
vb0[759]+076 TEXCOORD: 0.13087201118469238, 0.13550369441509247

vb0[760]+000 POSITION: 0.026001645252108574, 1.4506295919418335, 0.1402367353439331
vb0[760]+012 NORMAL: 0.2512073814868927, -0.4337833523750305, 0.8652900457382202
vb0[760]+024 TANGENT: 0.4866549074649811, -0.34155523777008057, 0.8040566444396973, -1.0
vb0[760]+040 BLENDWEIGHTS: 0.910258412361145, 0.08974158763885498, 0.0, 0.0
vb0[760]+056 BLENDINDICES: 1, 0, 0, 0
vb0[760]+072 COLOR: 1.0, 0.5019607843137255, 0.5019607843137255, 0.30196078431372547
vb0[760]+076 TEXCOORD: 0.13454818725585938, 0.13481278717517853

vb0[761]+000 POSITION: 0.0293087400496006, 1.4597854614257812, 0.13951565325260162
vb0[761]+012 NORMAL: 0.29377642273902893, -0.369241863489151, 0.8816779255867004
vb0[761]+024 TANGENT: 0.9246975183486938, -0.16009916365146637, 0.3454025089740753, -1.0
vb0[761]+040 BLENDWEIGHTS: 0.7893792986869812, 0.2106207013130188, 0.0, 0.0
vb0[761]+056 BLENDINDICES: 1, 0, 0, 0
vb0[761]+072 COLOR: 1.0, 0.5019607843137255, 0.5019607843137255, 0.40784313725490196
vb0[761]+076 TEXCOORD: 0.14013242721557617, 0.1437019556760788

vb0[762]+000 POSITION: 0.028276098892092705, 1.4504046440124512, 0.1372145116329193
vb0[762]+012 NORMAL: 0.2869328558444977, -0.4413999319076538, 0.850197434425354
vb0[762]+024 TANGENT: 0.9266865849494934, -0.20371125638484955, 0.3158379793167114, -1.0
vb0[762]+040 BLENDWEIGHTS: 0.8874256610870361, 0.11257433891296387, 0.0, 0.0
vb0[762]+056 BLENDINDICES: 1, 0, 0, 0
vb0[762]+072 COLOR: 1.0, 0.5019607843137255, 0.5019607843137255, 0.1843137254901961
vb0[762]+076 TEXCOORD: 0.1382448673248291, 0.13335636258125305

vb0[763]+000 POSITION: 0.02511473186314106, 1.4445436000823975, 0.13746008276939392
vb0[763]+012 NORMAL: 0.22573834657669067, -0.488066166639328, 0.8431094884872437
vb0[763]+024 TANGENT: 0.9517377614974976, 0.1318744421005249, 0.27713632583618164, -1.0
vb0[763]+040 BLENDWEIGHTS: 0.955078125, 0.044921875, 0.0, 0.0
vb0[763]+056 BLENDINDICES: 1, 0, 0, 0
vb0[763]+072 COLOR: 1.0, 0.5019607843137255, 0.5019607843137255, 0.0
vb0[763]+076 TEXCOORD: 0.13321995735168457, 0.1276051104068756

vb0[764]+000 POSITION: 0.026773400604724884, 1.4393945932388306, 0.13355456292629242
vb0[764]+012 NORMAL: 0.2665393054485321, -0.5226942896842957, 0.8097823858261108
vb0[764]+024 TANGENT: 0.37127137184143066, 0.5719144344329834, -0.7314857244491577, -1.0
vb0[764]+040 BLENDWEIGHTS: 0.978515625, 0.021484375, 0.0, 0.0
vb0[764]+056 BLENDINDICES: 1, 0, 0, 0
vb0[764]+072 COLOR: 1.0, 0.5019607843137255, 0.5019607843137255, 0.0
vb0[764]+076 TEXCOORD: 0.13574647903442383, 0.12099696695804596

vb0[765]+000 POSITION: 0.03137633576989174, 1.4898775815963745, 0.14190922677516937
vb0[765]+012 NORMAL: 0.32119816541671753, -0.12880530953407288, 0.9382116198539734
vb0[765]+024 TANGENT: 0.9409968852996826, -0.023252127692103386, 0.33761531114578247, -1.0
vb0[765]+040 BLENDWEIGHTS: 0.6958019733428955, 0.3041980564594269, 0.0, 0.0
vb0[765]+056 BLENDINDICES: 0, 1, 0, 0
vb0[765]+072 COLOR: 1.0, 0.5019607843137255, 0.5019607843137255, 0.2
vb0[765]+076 TEXCOORD: 0.14645099639892578, 0.17757968604564667

vb0[766]+000 POSITION: 0.03175773844122887, 1.5020133256912231, 0.14121289551258087
vb0[766]+012 NORMAL: 0.3274925947189331, -0.028626635670661926, 0.9444199204444885
vb0[766]+024 TANGENT: 0.3008488416671753, -0.12245506793260574, 0.9457773566246033, -1.0
vb0[766]+040 BLENDWEIGHTS: 1.0, 0.0, 0.0, 0.0
vb0[766]+056 BLENDINDICES: 0, 0, 0, 0
vb0[766]+072 COLOR: 1.0, 0.5019607843137255, 0.5019607843137255, 0.0
vb0[766]+076 TEXCOORD: 0.14971113204956055, 0.19087743759155273

vb0[767]+000 POSITION: 0.030987044796347618, 1.5117727518081665, 0.14099979400634766
vb0[767]+012 NORMAL: 0.31778061389923096, 0.0595267117023468, 0.946293830871582
vb0[767]+024 TANGENT: 0.23774465918540955, 0.08919369429349899, 0.9672237634658813, -1.0
vb0[767]+040 BLENDWEIGHTS: 1.0, 0.0, 0.0, 0.0
vb0[767]+056 BLENDINDICES: 0, 0, 0, 0
vb0[767]+072 COLOR: 1.0, 0.5019607843137255, 0.5019607843137255, 0.0
vb0[767]+076 TEXCOORD: 0.1487138271331787, 0.20174163579940796

vb0[768]+000 POSITION: 0.02367575280368328, 1.511285662651062, 0.1479548066854477
vb0[768]+012 NORMAL: 0.22556203603744507, 0.055966440588235855, 0.9726198315620422
vb0[768]+024 TANGENT: 0.4967208504676819, 0.1535511016845703, 0.8542192578315735, -1.0
vb0[768]+040 BLENDWEIGHTS: 0.732421875, 0.267578125, 0.0, 0.0
vb0[768]+056 BLENDINDICES: 0, 1, 0, 0
vb0[768]+072 COLOR: 1.0, 0.5019607843137255, 0.5019607843137255, 0.5019607843137255
vb0[768]+076 TEXCOORD: 0.13744235038757324, 0.20025034248828888

vb0[769]+000 POSITION: 0.012658810243010521, 1.5206763744354248, 0.1493411660194397
vb0[769]+012 NORMAL: 0.12151160091161728, 0.13491587340831757, 0.9833781719207764
vb0[769]+024 TANGENT: 0.2539661228656769, 0.24047526717185974, 0.9368419051170349, -1.0
vb0[769]+040 BLENDWEIGHTS: 0.83203125, 0.16796875, 0.0, 0.0
vb0[769]+056 BLENDINDICES: 0, 1, 0, 0
vb0[769]+072 COLOR: 1.0, 0.5019607843137255, 0.5019607843137255, 0.5019607843137255
vb0[769]+076 TEXCOORD: 0.12671422958374023, 0.21099776029586792

vb0[770]+000 POSITION: 0.0020906098652631044, 1.5200574398040771, 0.15234749019145966
vb0[770]+012 NORMAL: 0.00634155236184597, 0.1268189400434494, 0.9919055700302124
vb0[770]+024 TANGENT: -0.2721017301082611, 0.224725142121315, 0.9356597661972046, -1.0
vb0[770]+040 BLENDWEIGHTS: 0.837890625, 0.162109375, 0.0, 0.0
vb0[770]+056 BLENDINDICES: 0, 1, 0, 0
vb0[770]+072 COLOR: 1.0, 0.5019607843137255, 0.5019607843137255, 0.0
vb0[770]+076 TEXCOORD: 0.1153111532330513, 0.21075819432735443

vb0[771]+000 POSITION: -0.007452354766428471, 1.5190073251724243, 0.1499023586511612
vb0[771]+012 NORMAL: -0.08789537101984024, 0.12076766788959503, 0.9887818694114685
vb0[771]+024 TANGENT: -0.3182368576526642, 0.2220609486103058, 0.9216367602348328, -1.0
vb0[771]+040 BLENDWEIGHTS: 0.8359375, 0.1640625, 0.0, 0.0
vb0[771]+056 BLENDINDICES: 0, 1, 0, 0
vb0[771]+072 COLOR: 1.0, 0.5019607843137255, 0.5019607843137255, 0.4
vb0[771]+076 TEXCOORD: 0.1050264835357666, 0.21123677492141724

vb0[772]+000 POSITION: 0.008022049441933632, 1.5315254926681519, 0.14703664183616638
vb0[772]+012 NORMAL: 0.08319704234600067, 0.22397959232330322, 0.9710363149642944
vb0[772]+024 TANGENT: 0.9529211521148682, -0.30131280422210693, 0.03393852710723877, -1.0
vb0[772]+040 BLENDWEIGHTS: 0.8870000243186951, 0.08029286563396454, 0.03270712494850159, 0.0
vb0[772]+056 BLENDINDICES: 0, 1, 4, 0
vb0[772]+072 COLOR: 1.0, 0.5019607843137255, 0.5019607843137255, 0.0
vb0[772]+076 TEXCOORD: 0.12323474884033203, 0.22321859002113342

vb0[773]+000 POSITION: 0.011633849702775478, 1.5317800045013428, 0.146311417222023
vb0[773]+012 NORMAL: 0.11237500607967377, 0.2258942574262619, 0.9676485061645508
vb0[773]+024 TANGENT: 0.21810659766197205, 0.3096301853656769, 0.9255046248435974, -1.0
vb0[773]+040 BLENDWEIGHTS: 0.916015625, 0.083984375, 0.0, 0.0
vb0[773]+056 BLENDINDICES: 0, 1, 0, 0
vb0[773]+072 COLOR: 1.0, 0.5019607843137255, 0.5019607843137255, 0.5019607843137255
vb0[773]+076 TEXCOORD: 0.1271677017211914, 0.2234017550945282

vb0[774]+000 POSITION: 0.010283824987709522, 1.5410311222076416, 0.14320936799049377
vb0[774]+012 NORMAL: 0.10600118339061737, 0.31193700432777405, 0.9441710710525513
vb0[774]+024 TANGENT: 0.4797397553920746, 0.4197680950164795, 0.7704832553863525, -1.0
vb0[774]+040 BLENDWEIGHTS: 1.0, 0.0, 0.0, 0.0
vb0[774]+056 BLENDINDICES: 0, 0, 0, 0
vb0[774]+072 COLOR: 1.0, 0.5019607843137255, 0.5019607843137255, 0.0
vb0[774]+076 TEXCOORD: 0.12613651156425476, 0.23277688026428223

vb0[775]+000 POSITION: -0.0071468111127614975, 1.5299988985061646, 0.14676454663276672
vb0[775]+012 NORMAL: -0.08830995857715607, 0.21646776795387268, 0.9722875356674194
vb0[775]+024 TANGENT: -0.34146106243133545, 0.32652589678764343, 0.8813542127609253, -1.0
vb0[775]+040 BLENDWEIGHTS: 0.916015625, 0.083984375, 0.0, 0.0
vb0[775]+056 BLENDINDICES: 0, 1, 0, 0
vb0[775]+072 COLOR: 1.0, 0.5019607843137255, 0.5019607843137255, 0.5019607843137255
vb0[775]+076 TEXCOORD: 0.1062469482421875, 0.22278468310832977

vb0[776]+000 POSITION: 0.0028042581398040056, 1.5314674377441406, 0.1491716206073761
vb0[776]+012 NORMAL: -0.005411003716289997, 0.2242361158132553, 0.9745197892189026
vb0[776]+024 TANGENT: -0.2968299388885498, 0.33298659324645996, 0.8949927091598511, -1.0
vb0[776]+040 BLENDWEIGHTS: 0.9753590822219849, 0.024640940129756927, 0.0, 0.0
vb0[776]+056 BLENDINDICES: 0, 4, 0, 0
vb0[776]+072 COLOR: 1.0, 0.5019607843137255, 0.5019607843137255, 0.0
vb0[776]+076 TEXCOORD: 0.1173703670501709, 0.22236163914203644

vb0[777]+000 POSITION: -0.006566229742020369, 1.5392793416976929, 0.14301568269729614
vb0[777]+012 NORMAL: -0.0847548171877861, 0.3003941476345062, 0.9500420093536377
vb0[777]+024 TANGENT: -0.34351226687431335, 0.4188833236694336, 0.8405569791793823, -1.0
vb0[777]+040 BLENDWEIGHTS: 0.96484375, 0.03515625, 0.0, 0.0
vb0[777]+056 BLENDINDICES: 0, 1, 0, 0
vb0[777]+072 COLOR: 1.0, 0.5019607843137255, 0.5019607843137255, 0.5019607843137255
vb0[777]+076 TEXCOORD: 0.10677195340394974, 0.23342746496200562

vb0[778]+000 POSITION: 0.0027624007780104876, 1.5406006574630737, 0.14510634541511536
vb0[778]+012 NORMAL: -0.00481441942974925, 0.30660465359687805, 0.9518247842788696
vb0[778]+024 TANGENT: -0.3008776903152466, 0.4195639193058014, 0.8564103841781616, -1.0
vb0[778]+040 BLENDWEIGHTS: 1.0, 0.0, 0.0, 0.0
vb0[778]+056 BLENDINDICES: 0, 0, 0, 0
vb0[778]+072 COLOR: 1.0, 0.5019607843137255, 0.5019607843137255, 0.0
vb0[778]+076 TEXCOORD: 0.11622095108032227, 0.2326539158821106

vb0[779]+000 POSITION: -0.005801033694297075, 1.5471806526184082, 0.1388249695301056
vb0[779]+012 NORMAL: -0.07766976952552795, 0.3734886348247528, 0.92437744140625
vb0[779]+024 TANGENT: -0.33237898349761963, 0.49641919136047363, 0.80193030834198, -1.0
vb0[779]+040 BLENDWEIGHTS: 1.0, 0.0, 0.0, 0.0
vb0[779]+056 BLENDINDICES: 0, 0, 0, 0
vb0[779]+072 COLOR: 1.0, 0.5019607843137255, 0.5019607843137255, 0.5019607843137255
vb0[779]+076 TEXCOORD: 0.10815739631652832, 0.24296049773693085

vb0[780]+000 POSITION: 0.0023710315581411123, 1.548403024673462, 0.14053791761398315
vb0[780]+012 NORMAL: -0.0071716513484716415, 0.37879711389541626, 0.9254519939422607
vb0[780]+024 TANGENT: -0.3220387399196625, 0.4879547953605652, 0.8112897872924805, -1.0
vb0[780]+040 BLENDWEIGHTS: 1.0, 0.0, 0.0, 0.0
vb0[780]+056 BLENDINDICES: 0, 0, 0, 0
vb0[780]+072 COLOR: 1.0, 0.5019607843137255, 0.5019607843137255, 0.0
vb0[780]+076 TEXCOORD: 0.11648272722959518, 0.24172139167785645

vb0[781]+000 POSITION: -0.004948265850543976, 1.5544607639312744, 0.13417792320251465
vb0[781]+012 NORMAL: -0.07215163856744766, 0.44543641805648804, 0.8924015760421753
vb0[781]+024 TANGENT: -0.35074591636657715, 0.5880346298217773, 0.7288296222686768, -1.0
vb0[781]+040 BLENDWEIGHTS: 1.0, 0.0, 0.0, 0.0
vb0[781]+056 BLENDINDICES: 0, 0, 0, 0
vb0[781]+072 COLOR: 1.0, 0.5019607843137255, 0.5019607843137255, 0.5019607843137255
vb0[781]+076 TEXCOORD: 0.10996770858764648, 0.2512214779853821

vb0[782]+000 POSITION: 0.001737032551318407, 1.555322289466858, 0.13582298159599304
vb0[782]+012 NORMAL: -0.01218346506357193, 0.44526705145835876, 0.8953148722648621
vb0[782]+024 TANGENT: -0.3391721546649933, 0.5649131536483765, 0.7522202730178833, -1.0
vb0[782]+040 BLENDWEIGHTS: 1.0, 0.0, 0.0, 0.0
vb0[782]+056 BLENDINDICES: 0, 0, 0, 0
vb0[782]+072 COLOR: 1.0, 0.5019607843137255, 0.5019607843137255, 0.0
vb0[782]+076 TEXCOORD: 0.11690186709165573, 0.249833881855011

vb0[783]+000 POSITION: 0.0011067779269069433, 1.5602340698242188, 0.13115006685256958
vb0[783]+012 NORMAL: -0.016124315559864044, 0.5012767910957336, 0.8651366233825684
vb0[783]+024 TANGENT: -0.3714905083179474, 0.6316112875938416, 0.6804866194725037, -1.0
vb0[783]+040 BLENDWEIGHTS: 1.0, 0.0, 0.0, 0.0
vb0[783]+056 BLENDINDICES: 0, 0, 0, 0
vb0[783]+072 COLOR: 1.0, 0.5019607843137255, 0.5019607843137255, 0.0
vb0[783]+076 TEXCOORD: 0.11714812368154526, 0.25699591636657715

vb0[784]+000 POSITION: -0.003925739321857691, 1.55963134765625, 0.12993744015693665
vb0[784]+012 NORMAL: -0.06519602239131927, 0.5010164380073547, 0.8629785180091858
vb0[784]+024 TANGENT: -0.3422352373600006, 0.6712729930877686, 0.6574705839157104, -1.0
vb0[784]+040 BLENDWEIGHTS: 1.0, 0.0, 0.0, 0.0
vb0[784]+056 BLENDINDICES: 0, 0, 0, 0
vb0[784]+072 COLOR: 1.0, 0.5019607843137255, 0.5019607843137255, 0.5019607843137255
vb0[784]+076 TEXCOORD: 0.11191797256469727, 0.25820040702819824

vb0[785]+000 POSITION: 0.0003756661026272923, 1.563959002494812, 0.12685883045196533
vb0[785]+012 NORMAL: -0.023875096812844276, 0.5477439761161804, 0.8363052010536194
vb0[785]+024 TANGENT: -0.42043957114219666, 0.7015966773033142, 0.5753195285797119, -1.0
vb0[785]+040 BLENDWEIGHTS: 1.0, 0.0, 0.0, 0.0
vb0[785]+056 BLENDINDICES: 0, 0, 0, 0
vb0[785]+072 COLOR: 1.0, 0.5019607843137255, 0.5019607843137255, 0.0
vb0[785]+076 TEXCOORD: 0.11732959747314453, 0.262904554605484

vb0[786]+000 POSITION: -0.0029574274085462093, 1.5634653568267822, 0.1260027438402176
vb0[786]+012 NORMAL: -0.05564416944980621, 0.5496481657028198, 0.8335409760475159
vb0[786]+024 TANGENT: -0.3188072144985199, 0.7675983309745789, 0.5560168027877808, -1.0
vb0[786]+040 BLENDWEIGHTS: 1.0, 0.0, 0.0, 0.0
vb0[786]+056 BLENDINDICES: 0, 0, 0, 0
vb0[786]+072 COLOR: 1.0, 0.5019607843137255, 0.5019607843137255, 0.30196078431372547
vb0[786]+076 TEXCOORD: 0.1138617992401123, 0.2636752128601074

vb0[787]+000 POSITION: -0.00029434688622131944, 1.5663113594055176, 0.12287146598100662
vb0[787]+012 NORMAL: -0.03329136595129967, 0.5881420969963074, 0.8080721497535706
vb0[787]+024 TANGENT: -0.45791423320770264, 0.7808447480201721, 0.4249660074710846, -1.0
vb0[787]+040 BLENDWEIGHTS: 1.0, 0.0, 0.0, 0.0
vb0[787]+056 BLENDINDICES: 0, 0, 0, 0
vb0[787]+072 COLOR: 1.0, 0.5019607843137255, 0.5019607843137255, 0.12549019607843137
vb0[787]+076 TEXCOORD: 0.1172940731048584, 0.26807889342308044

vb0[788]+000 POSITION: -0.0019160052761435509, 1.5659953355789185, 0.1220567598938942
vb0[788]+012 NORMAL: -0.045721180737018585, 0.5903359055519104, 0.8058617115020752
vb0[788]+024 TANGENT: -0.2808213233947754, 0.8550801277160645, 0.4358639419078827, -1.0
vb0[788]+040 BLENDWEIGHTS: 1.0, 0.0, 0.0, 0.0
vb0[788]+056 BLENDINDICES: 0, 0, 0, 0
vb0[788]+072 COLOR: 1.0, 0.5019607843137255, 0.5019607843137255, 0.2
vb0[788]+076 TEXCOORD: 0.11582016944885254, 0.26882606744766235

vb0[789]+000 POSITION: -0.008232753723859787, 1.5627171993255615, 0.12360715866088867
vb0[789]+012 NORMAL: -0.10694480687379837, 0.5496771931648254, 0.8285033702850342
vb0[789]+024 TANGENT: -0.21608056128025055, 0.6876753568649292, 0.6931174993515015, -1.0
vb0[789]+040 BLENDWEIGHTS: 1.0, 0.0, 0.0, 0.0
vb0[789]+056 BLENDINDICES: 0, 0, 0, 0
vb0[789]+072 COLOR: 1.0, 0.5019607843137255, 0.5019607843137255, 0.0
vb0[789]+076 TEXCOORD: 0.10799788683652878, 0.26610907912254333

vb0[790]+000 POSITION: -0.0007759188883937895, 1.5675722360610962, 0.11882462352514267
vb0[790]+012 NORMAL: -0.011120540089905262, 0.6151682138442993, 0.7883174419403076
vb0[790]+024 TANGENT: -0.3713296353816986, 0.7971946001052856, 0.4760199785232544, -1.0
vb0[790]+040 BLENDWEIGHTS: 1.0, 0.0, 0.0, 0.0
vb0[790]+056 BLENDINDICES: 0, 0, 0, 0
vb0[790]+072 COLOR: 1.0, 0.5019607843137255, 0.5019607843137255, 0.0
vb0[790]+076 TEXCOORD: 0.1181325912475586, 0.27233248949050903

vb0[791]+000 POSITION: -0.0017773514846339822, 1.567831039428711, 0.11847884207963943
vb0[791]+012 NORMAL: -0.027608484029769897, 0.6160562038421631, 0.7872182130813599
vb0[791]+024 TANGENT: -0.013585924170911312, 0.8341261148452759, 0.5514063835144043, -1.0
vb0[791]+040 BLENDWEIGHTS: 1.0, 0.0, 0.0, 0.0
vb0[791]+056 BLENDINDICES: 0, 0, 0, 0
vb0[791]+072 COLOR: 1.0, 0.5019607843137255, 0.5019607843137255, 0.0
vb0[791]+076 TEXCOORD: 0.1172032430768013, 0.2731083333492279

vb0[792]+000 POSITION: -0.005296394694596529, 1.5654640197753906, 0.1212233155965805
vb0[792]+012 NORMAL: -0.07082954794168472, 0.5838398337364197, 0.808773398399353
vb0[792]+024 TANGENT: -0.11921465396881104, 0.7625346779823303, 0.635868489742279, -1.0
vb0[792]+040 BLENDWEIGHTS: 1.0, 0.0, 0.0, 0.0
vb0[792]+056 BLENDINDICES: 0, 0, 0, 0
vb0[792]+072 COLOR: 1.0, 0.5019607843137255, 0.5019607843137255, 0.0
vb0[792]+076 TEXCOORD: 0.11211299896240234, 0.2697601914405823

vb0[793]+000 POSITION: -0.0007869397522881627, 1.5687940120697021, 0.11716540902853012
vb0[793]+012 NORMAL: -0.012110019102692604, 0.6281746625900269, 0.7779780030250549
vb0[793]+024 TANGENT: -0.09820938110351562, 0.8906353712081909, 0.4439859390258789, -1.0
vb0[793]+040 BLENDWEIGHTS: 1.0, 0.0, 0.0, 0.0
vb0[793]+056 BLENDINDICES: 0, 0, 0, 0
vb0[793]+072 COLOR: 1.0, 0.5019607843137255, 0.5019607843137255, 0.0
vb0[793]+076 TEXCOORD: 0.11888837814331055, 0.27427366375923157

vb0[794]+000 POSITION: 0.0016862691845744848, 1.5703470706939697, 0.11427529156208038
vb0[794]+012 NORMAL: 0.00801847130060196, 0.6532379388809204, 0.7571101784706116
vb0[794]+024 TANGENT: -0.0715932846069336, 0.9209821224212646, 0.3829704523086548, -1.0
vb0[794]+040 BLENDWEIGHTS: 1.0, 0.0, 0.0, 0.0
vb0[794]+056 BLENDINDICES: 0, 0, 0, 0
vb0[794]+072 COLOR: 1.0, 0.5019607843137255, 0.5019607843137255, 0.0
vb0[794]+076 TEXCOORD: 0.12150335311889648, 0.27776437997817993

vb0[795]+000 POSITION: 0.000165327379363589, 1.5703661441802979, 0.11387910693883896
vb0[795]+012 NORMAL: -0.006700432393699884, 0.6575826406478882, 0.7533526420593262
vb0[795]+024 TANGENT: -0.08191799372434616, 0.9296289086341858, 0.35927626490592957, -1.0
vb0[795]+040 BLENDWEIGHTS: 1.0, 0.0, 0.0, 0.0
vb0[795]+056 BLENDINDICES: 0, 0, 0, 0
vb0[795]+072 COLOR: 1.0, 0.5019607843137255, 0.5019607843137255, 0.0
vb0[795]+076 TEXCOORD: 0.11991643905639648, 0.2781898081302643

vb0[796]+000 POSITION: 0.0010478588519617915, 1.5718951225280762, 0.10942425578832626
vb0[796]+012 NORMAL: 0.002383478218689561, 0.6868249773979187, 0.7268189787864685
vb0[796]+024 TANGENT: -0.06926155835390091, 0.947715163230896, 0.31151068210601807, -1.0
vb0[796]+040 BLENDWEIGHTS: 1.0, 0.0, 0.0, 0.0
vb0[796]+056 BLENDINDICES: 0, 0, 0, 0
vb0[796]+072 COLOR: 1.0, 0.5019607843137255, 0.5019607843137255, 0.0
vb0[796]+076 TEXCOORD: 0.12110661715269089, 0.28261449933052063

vb0[797]+000 POSITION: 0.002684527775272727, 1.5688477754592896, 0.11741181463003159
vb0[797]+012 NORMAL: 0.017492106184363365, 0.6259723901748657, 0.7796489596366882
vb0[797]+024 TANGENT: -0.06049322336912155, 0.8680140972137451, 0.4928407371044159, -1.0
vb0[797]+040 BLENDWEIGHTS: 1.0, 0.0, 0.0, 0.0
vb0[797]+056 BLENDINDICES: 0, 0, 0, 0
vb0[797]+072 COLOR: 1.0, 0.5019607843137255, 0.5019607843137255, 0.0
vb0[797]+076 TEXCOORD: 0.12244319915771484, 0.2741016447544098

vb0[798]+000 POSITION: 0.0011372899170964956, 1.5679519176483154, 0.1186768114566803
vb0[798]+012 NORMAL: 0.006486694794148207, 0.6151924729347229, 0.7883502244949341
vb0[798]+024 TANGENT: 0.17800502479076385, 0.9372144341468811, 0.2999055087566376, -1.0
vb0[798]+040 BLENDWEIGHTS: 1.0, 0.0, 0.0, 0.0
vb0[798]+056 BLENDINDICES: 0, 0, 0, 0
vb0[798]+072 COLOR: 1.0, 0.5019607843137255, 0.5019607843137255, 0.0
vb0[798]+076 TEXCOORD: 0.12052559852600098, 0.27274656295776367

vb0[799]+000 POSITION: 0.00386859942227602, 1.568139910697937, 0.11878331750631332
vb0[799]+012 NORMAL: 0.02887086383998394, 0.6086366772651672, 0.7929235696792603
vb0[799]+024 TANGENT: -0.05728507786989212, 0.8144027590751648, 0.5774657130241394, -1.0
vb0[799]+040 BLENDWEIGHTS: 1.0, 0.0, 0.0, 0.0
vb0[799]+056 BLENDINDICES: 0, 0, 0, 0
vb0[799]+072 COLOR: 1.0, 0.5019607843137255, 0.5019607843137255, 0.0
vb0[799]+076 TEXCOORD: 0.1235085278749466, 0.27242541313171387

vb0[800]+000 POSITION: 0.006760687567293644, 1.5669358968734741, 0.12065108865499496
vb0[800]+012 NORMAL: 0.06525377184152603, 0.602506160736084, 0.7954422235488892
vb0[800]+024 TANGENT: 0.08103287220001221, 0.8846127986907959, 0.4592318832874298, -1.0
vb0[800]+040 BLENDWEIGHTS: 1.0, 0.0, 0.0, 0.0
vb0[800]+056 BLENDINDICES: 0, 0, 0, 0
vb0[800]+072 COLOR: 1.0, 0.5019607843137255, 0.5019607843137255, 0.2901960784313726
vb0[800]+076 TEXCOORD: 0.12632298469543457, 0.2695145606994629

vb0[801]+000 POSITION: 0.009059714153409004, 1.5682352781295776, 0.1182294562458992
vb0[801]+012 NORMAL: 0.0848730131983757, 0.6128361821174622, 0.7856388688087463
vb0[801]+024 TANGENT: 0.07475990802049637, 0.8473661541938782, 0.5257200598716736, -1.0
vb0[801]+040 BLENDWEIGHTS: 1.0, 0.0, 0.0, 0.0
vb0[801]+056 BLENDINDICES: 0, 0, 0, 0
vb0[801]+072 COLOR: 1.0, 0.5019607843137255, 0.5019607843137255, 0.0
vb0[801]+076 TEXCOORD: 0.12919282913208008, 0.27175045013427734

vb0[802]+000 POSITION: 0.016134971752762794, 1.5672719478607178, 0.11857809871435165
vb0[802]+012 NORMAL: 0.15555864572525024, 0.5985601544380188, 0.7858290672302246
vb0[802]+024 TANGENT: 0.1821829080581665, 0.8244022727012634, 0.5358827114105225, -1.0
vb0[802]+040 BLENDWEIGHTS: 1.0, 0.0, 0.0, 0.0
vb0[802]+056 BLENDINDICES: 0, 0, 0, 0
vb0[802]+072 COLOR: 1.0, 0.5019607843137255, 0.5019607843137255, 0.0
vb0[802]+076 TEXCOORD: 0.13669252395629883, 0.2692757546901703

vb0[803]+000 POSITION: 0.011813356541097164, 1.5652379989624023, 0.12301608920097351
vb0[803]+012 NORMAL: 0.11422116309404373, 0.5701965093612671, 0.8135290741920471
vb0[803]+024 TANGENT: 0.14668762683868408, 0.8116224408149719, 0.5654661059379578, -1.0
vb0[803]+040 BLENDWEIGHTS: 1.0, 0.0, 0.0, 0.0
vb0[803]+056 BLENDINDICES: 0, 0, 0, 0
vb0[803]+072 COLOR: 1.0, 0.5019607843137255, 0.5019607843137255, 0.4980392156862745
vb0[803]+076 TEXCOORD: 0.13110995292663574, 0.2652721703052521

vb0[804]+000 POSITION: 0.02263190783560276, 1.5625250339508057, 0.12274086475372314
vb0[804]+012 NORMAL: 0.21575431525707245, 0.541360080242157, 0.8126373291015625
vb0[804]+024 TANGENT: 0.2885246276855469, 0.7370705604553223, 0.6111305952072144, -1.0
vb0[804]+040 BLENDWEIGHTS: 1.0, 0.0, 0.0, 0.0
vb0[804]+056 BLENDINDICES: 0, 0, 0, 0
vb0[804]+072 COLOR: 1.0, 0.5019607843137255, 0.5019607843137255, 0.30196078431372547
vb0[804]+076 TEXCOORD: 0.1424698829650879, 0.26208001375198364

vb0[805]+000 POSITION: 0.02459193579852581, 1.5637279748916626, 0.11951825022697449
vb0[805]+012 NORMAL: 0.24193739891052246, 0.5654273629188538, 0.7885164618492126
vb0[805]+024 TANGENT: 0.34484562277793884, 0.7911710739135742, 0.5051036477088928, -1.0
vb0[805]+040 BLENDWEIGHTS: 1.0, 0.0, 0.0, 0.0
vb0[805]+056 BLENDINDICES: 0, 0, 0, 0
vb0[805]+072 COLOR: 1.0, 0.5019607843137255, 0.5019607843137255, 0.0
vb0[805]+076 TEXCOORD: 0.14536237716674805, 0.26473313570022583

vb0[806]+000 POSITION: 0.03232366591691971, 1.5591087341308594, 0.12059608101844788
vb0[806]+012 NORMAL: 0.3158967196941376, 0.5162942409515381, 0.796021044254303
vb0[806]+024 TANGENT: 0.4367137849330902, 0.7212817072868347, 0.5376185774803162, -1.0
vb0[806]+040 BLENDWEIGHTS: 1.0, 0.0, 0.0, 0.0
vb0[806]+056 BLENDINDICES: 0, 0, 0, 0
vb0[806]+072 COLOR: 1.0, 0.5019607843137255, 0.5019607843137255, 0.0
vb0[806]+076 TEXCOORD: 0.15324079990386963, 0.2593882083892822

vb0[807]+000 POSITION: 0.028466178104281425, 1.558431625366211, 0.124222531914711
vb0[807]+012 NORMAL: 0.2657298445701599, 0.49824127554893494, 0.8253141045570374
vb0[807]+024 TANGENT: 0.3258066475391388, 0.684243381023407, 0.652427077293396, -1.0
vb0[807]+040 BLENDWEIGHTS: 1.0, 0.0, 0.0, 0.0
vb0[807]+056 BLENDINDICES: 0, 0, 0, 0
vb0[807]+072 COLOR: 1.0, 0.5019607843137255, 0.5019607843137255, 0.5019607843137255
vb0[807]+076 TEXCOORD: 0.14807307720184326, 0.2570130228996277

vb0[808]+000 POSITION: 0.016969872638583183, 1.5617798566818237, 0.1253497451543808
vb0[808]+012 NORMAL: 0.16217774152755737, 0.5252155065536499, 0.8353724479675293
vb0[808]+024 TANGENT: 0.22892753779888153, 0.683813750743866, 0.6928137540817261, -1.0
vb0[808]+040 BLENDWEIGHTS: 1.0, 0.0, 0.0, 0.0
vb0[808]+056 BLENDINDICES: 0, 0, 0, 0
vb0[808]+072 COLOR: 1.0, 0.5019607843137255, 0.5019607843137255, 0.5019607843137255
vb0[808]+076 TEXCOORD: 0.1360921859741211, 0.26037856936454773

vb0[809]+000 POSITION: 0.02222265675663948, 1.5569899082183838, 0.12744136154651642
vb0[809]+012 NORMAL: 0.2084818035364151, 0.47487691044807434, 0.8550013303756714
vb0[809]+024 TANGENT: 0.26989656686782837, 0.5950100421905518, 0.7570462226867676, -1.0
vb0[809]+040 BLENDWEIGHTS: 1.0, 0.0, 0.0, 0.0
vb0[809]+056 BLENDINDICES: 0, 0, 0, 0
vb0[809]+072 COLOR: 1.0, 0.5019607843137255, 0.5019607843137255, 0.5019607843137255
vb0[809]+076 TEXCOORD: 0.1410083770751953, 0.2545042634010315

vb0[810]+000 POSITION: 0.034036729484796524, 1.5534420013427734, 0.12654313445091248
vb0[810]+012 NORMAL: 0.3134034276008606, 0.44087693095207214, 0.8410742282867432
vb0[810]+024 TANGENT: 0.3982117772102356, 0.6049564480781555, 0.689532458782196, -1.0
vb0[810]+040 BLENDWEIGHTS: 1.0, 0.0, 0.0, 0.0
vb0[810]+056 BLENDINDICES: 0, 0, 0, 0
vb0[810]+072 COLOR: 1.0, 0.5019607843137255, 0.5019607843137255, 0.5019607843137255
vb0[810]+076 TEXCOORD: 0.15324115753173828, 0.2506921887397766

vb0[811]+000 POSITION: 0.028142675757408142, 1.5511294603347778, 0.12966471910476685
vb0[811]+012 NORMAL: 0.2562785744667053, 0.4148184657096863, 0.8730674982070923
vb0[811]+024 TANGENT: 0.2753133773803711, 0.5155105590820312, 0.811450183391571, -1.0
vb0[811]+040 BLENDWEIGHTS: 1.0, 0.0, 0.0, 0.0
vb0[811]+056 BLENDINDICES: 0, 0, 0, 0
vb0[811]+072 COLOR: 1.0, 0.5019607843137255, 0.5019607843137255, 0.5019607843137255
vb0[811]+076 TEXCOORD: 0.14664673805236816, 0.24740757048130035

vb0[812]+000 POSITION: 0.03400043770670891, 1.544204831123352, 0.13167649507522583
vb0[812]+012 NORMAL: 0.3043104112148285, 0.35102298855781555, 0.8855382204055786
vb0[812]+024 TANGENT: 0.30909326672554016, 0.4489798843860626, 0.838378369808197, -1.0
vb0[812]+040 BLENDWEIGHTS: 1.0, 0.0, 0.0, 0.0
vb0[812]+056 BLENDINDICES: 0, 0, 0, 0
vb0[812]+072 COLOR: 1.0, 0.5019607843137255, 0.5019607843137255, 0.5019607843137255
vb0[812]+076 TEXCOORD: 0.1523144245147705, 0.23948177695274353

vb0[813]+000 POSITION: 0.04027289152145386, 1.5465378761291504, 0.12805046141147614
vb0[813]+012 NORMAL: 0.36670365929603577, 0.37766382098197937, 0.8502343893051147
vb0[813]+024 TANGENT: 0.4544290006160736, 0.5365821123123169, 0.7110371589660645, -1.0
vb0[813]+040 BLENDWEIGHTS: 1.0, 0.0, 0.0, 0.0
vb0[813]+056 BLENDINDICES: 0, 0, 0, 0
vb0[813]+072 COLOR: 1.0, 0.5019607843137255, 0.5019607843137255, 0.5019607843137255
vb0[813]+076 TEXCOORD: 0.15949463844299316, 0.24308383464813232

vb0[814]+000 POSITION: 0.045312218368053436, 1.5476735830307007, 0.12174057960510254
vb0[814]+012 NORMAL: 0.43571236729621887, 0.4048512876033783, 0.8038969039916992
vb0[814]+024 TANGENT: 0.5798904895782471, 0.5904872417449951, 0.561294674873352, -1.0
vb0[814]+040 BLENDWEIGHTS: 1.0, 0.0, 0.0, 0.0
vb0[814]+056 BLENDINDICES: 0, 0, 0, 0
vb0[814]+072 COLOR: 1.0, 0.5019607843137255, 0.5019607843137255, 0.0
vb0[814]+076 TEXCOORD: 0.16697144508361816, 0.24748608469963074

vb0[815]+000 POSITION: 0.04008442163467407, 1.535704255104065, 0.13380061089992523
vb0[815]+012 NORMAL: 0.3528769016265869, 0.2721335291862488, 0.8952213525772095
vb0[815]+024 TANGENT: 0.3419502377510071, 0.372931569814682, 0.8625497817993164, -1.0
vb0[815]+040 BLENDWEIGHTS: 1.0, 0.0, 0.0, 0.0
vb0[815]+056 BLENDINDICES: 0, 0, 0, 0
vb0[815]+072 COLOR: 1.0, 0.5019607843137255, 0.5019607843137255, 0.5019607843137255
vb0[815]+076 TEXCOORD: 0.15818071365356445, 0.23001404106616974

vb0[816]+000 POSITION: 0.046725716441869736, 1.5383208990097046, 0.12975449860095978
vb0[816]+012 NORMAL: 0.41966649889945984, 0.3010682761669159, 0.8562931418418884
vb0[816]+024 TANGENT: 0.5117123126983643, 0.468166321516037, 0.7203962206840515, -1.0
vb0[816]+040 BLENDWEIGHTS: 1.0, 0.0, 0.0, 0.0
vb0[816]+056 BLENDINDICES: 0, 0, 0, 0
vb0[816]+072 COLOR: 1.0, 0.5019607843137255, 0.5019607843137255, 0.5019607843137255
vb0[816]+076 TEXCOORD: 0.16590380668640137, 0.2341272383928299

vb0[817]+000 POSITION: 0.05309193581342697, 1.5384565591812134, 0.12260198593139648
vb0[817]+012 NORMAL: 0.5017094612121582, 0.3160060942173004, 0.8052500486373901
vb0[817]+024 TANGENT: 0.6424269676208496, 0.49232056736946106, 0.5872886776924133, -1.0
vb0[817]+040 BLENDWEIGHTS: 1.0, 0.0, 0.0, 0.0
vb0[817]+056 BLENDINDICES: 0, 0, 0, 0
vb0[817]+072 COLOR: 1.0, 0.5019607843137255, 0.5019607843137255, 0.0
vb0[817]+076 TEXCOORD: 0.17531459033489227, 0.23776286840438843

vb0[818]+000 POSITION: 0.045656826347112656, 1.5255252122879028, 0.1352529525756836
vb0[818]+012 NORMAL: 0.39841845631599426, 0.18045520782470703, 0.8992767333984375
vb0[818]+024 TANGENT: 0.3934749364852905, 0.27721118927001953, 0.8765451312065125, -1.0
vb0[818]+040 BLENDWEIGHTS: 1.0, 0.0, 0.0, 0.0
vb0[818]+056 BLENDINDICES: 0, 0, 0, 0
vb0[818]+072 COLOR: 1.0, 0.5019607843137255, 0.5019607843137255, 0.5019607843137255
vb0[818]+076 TEXCOORD: 0.16437363624572754, 0.21950048208236694

vb0[819]+000 POSITION: 0.05324699729681015, 1.5278477668762207, 0.1307736188173294
vb0[819]+012 NORMAL: 0.47275465726852417, 0.20444722473621368, 0.8571489453315735
vb0[819]+024 TANGENT: 0.5818260908126831, 0.35907503962516785, 0.7297558784484863, -1.0
vb0[819]+040 BLENDWEIGHTS: 1.0, 0.0, 0.0, 0.0
vb0[819]+056 BLENDINDICES: 0, 0, 0, 0
vb0[819]+072 COLOR: 1.0, 0.5019607843137255, 0.5019607843137255, 0.5019607843137255
vb0[819]+076 TEXCOORD: 0.17319321632385254, 0.22350430488586426

vb0[820]+000 POSITION: 0.05783030390739441, 1.529184341430664, 0.12402915954589844
vb0[820]+012 NORMAL: 0.5448472499847412, 0.22870618104934692, 0.8067434430122375
vb0[820]+024 TANGENT: 0.7229241132736206, 0.4041456878185272, 0.5603989362716675, -1.0
vb0[820]+040 BLENDWEIGHTS: 1.0, 0.0, 0.0, 0.0
vb0[820]+056 BLENDINDICES: 0, 0, 0, 0
vb0[820]+072 COLOR: 1.0, 0.5019607843137255, 0.5019607843137255, 0.0
vb0[820]+076 TEXCOORD: 0.180976003408432, 0.22780558466911316

vb0[821]+000 POSITION: 0.023816782981157303, 1.5498899221420288, 0.13217099010944366
vb0[821]+012 NORMAL: 0.2199043482542038, 0.40250399708747864, 0.8886128067970276
vb0[821]+024 TANGENT: 0.276138573884964, 0.5080994367599487, 0.8158323764801025, -1.0
vb0[821]+040 BLENDWEIGHTS: 1.0, 0.0, 0.0, 0.0
vb0[821]+056 BLENDINDICES: 0, 0, 0, 0
vb0[821]+072 COLOR: 1.0, 0.5019607843137255, 0.5019607843137255, 0.5019607843137255
vb0[821]+076 TEXCOORD: 0.14169329404830933, 0.24529370665550232

vb0[822]+000 POSITION: 0.038861457258462906, 1.5536243915557861, 0.12108748406171799
vb0[822]+012 NORMAL: 0.38114508986473083, 0.4659174978733063, 0.7985295653343201
vb0[822]+024 TANGENT: 0.5474884510040283, 0.6661521196365356, 0.5064560174942017, -1.0
vb0[822]+040 BLENDWEIGHTS: 1.0, 0.0, 0.0, 0.0
vb0[822]+056 BLENDINDICES: 0, 0, 0, 0
vb0[822]+072 COLOR: 1.0, 0.5019607843137255, 0.5019607843137255, 0.0
vb0[822]+076 TEXCOORD: 0.16015410423278809, 0.2538597583770752

vb0[823]+000 POSITION: 0.015774410218000412, 1.5560438632965088, 0.1308109313249588
vb0[823]+012 NORMAL: 0.16731634736061096, 0.462443470954895, 0.8707188367843628
vb0[823]+024 TANGENT: 0.3318915069103241, 0.6058797836303711, 0.7230197787284851, -1.0
vb0[823]+040 BLENDWEIGHTS: 1.0, 0.0, 0.0, 0.0
vb0[823]+056 BLENDINDICES: 0, 0, 0, 0
vb0[823]+072 COLOR: 1.0, 0.5019607843137255, 0.5019607843137255, 0.0
vb0[823]+076 TEXCOORD: 0.13364636898040771, 0.25219494104385376

vb0[824]+000 POSITION: 0.020193886011838913, 1.5490113496780396, 0.1337457150220871
vb0[824]+012 NORMAL: 0.18616613745689392, 0.390649676322937, 0.9015181064605713
vb0[824]+024 TANGENT: 0.3336275517940521, 0.5067884922027588, 0.7948949933052063, -1.0
vb0[824]+040 BLENDWEIGHTS: 1.0, 0.0, 0.0, 0.0
vb0[824]+056 BLENDINDICES: 0, 0, 0, 0
vb0[824]+072 COLOR: 1.0, 0.5019607843137255, 0.5019607843137255, 0.0
vb0[824]+076 TEXCOORD: 0.13771569728851318, 0.2438662052154541

vb0[825]+000 POSITION: 0.023742813616991043, 1.5415704250335693, 0.13648273050785065
vb0[825]+012 NORMAL: 0.24332915246486664, 0.3286401927471161, 0.9125714898109436
vb0[825]+024 TANGENT: 0.37601524591445923, 0.41855528950691223, 0.826694667339325, -1.0
vb0[825]+040 BLENDWEIGHTS: 1.0, 0.0, 0.0, 0.0
vb0[825]+056 BLENDINDICES: 0, 0, 0, 0
vb0[825]+072 COLOR: 1.0, 0.5019607843137255, 0.5019607843137255, 0.0
vb0[825]+076 TEXCOORD: 0.1411423683166504, 0.23525270819664001

vb0[826]+000 POSITION: 0.028280505910515785, 1.5424643754959106, 0.13484695553779602
vb0[826]+012 NORMAL: 0.253177672624588, 0.33151140809059143, 0.9088460206985474
vb0[826]+024 TANGENT: 0.26870501041412354, 0.41278567910194397, 0.8702905774116516, -1.0
vb0[826]+040 BLENDWEIGHTS: 1.0, 0.0, 0.0, 0.0
vb0[826]+056 BLENDINDICES: 0, 0, 0, 0
vb0[826]+072 COLOR: 1.0, 0.5019607843137255, 0.5019607843137255, 0.5019607843137255
vb0[826]+076 TEXCOORD: 0.1457533836364746, 0.23672646284103394

vb0[827]+000 POSITION: 0.02700447477400303, 1.5319734811782837, 0.13866782188415527
vb0[827]+012 NORMAL: 0.2331797033548355, 0.23320208489894867, 0.9440571665763855
vb0[827]+024 TANGENT: 0.399947851896286, 0.2996317148208618, 0.866176962852478, -1.0
vb0[827]+040 BLENDWEIGHTS: 1.0, 0.0, 0.0, 0.0
vb0[827]+056 BLENDINDICES: 0, 0, 0, 0
vb0[827]+072 COLOR: 1.0, 0.5019607843137255, 0.5019607843137255, 0.0
vb0[827]+076 TEXCOORD: 0.14439105987548828, 0.22444342076778412

vb0[828]+000 POSITION: 0.033041466027498245, 1.5335798263549805, 0.13709302246570587
vb0[828]+012 NORMAL: 0.2880854606628418, 0.2499956339597702, 0.9243966341018677
vb0[828]+024 TANGENT: 0.2532147169113159, 0.31854569911956787, 0.9134609699249268, -1.0
vb0[828]+040 BLENDWEIGHTS: 1.0, 0.0, 0.0, 0.0
vb0[828]+056 BLENDINDICES: 0, 0, 0, 0
vb0[828]+072 COLOR: 1.0, 0.5019607843137255, 0.5019607843137255, 0.5019607843137255
vb0[828]+076 TEXCOORD: 0.1503584384918213, 0.2267867922782898

vb0[829]+000 POSITION: 0.030942635610699654, 1.5221434831619263, 0.14026017487049103
vb0[829]+012 NORMAL: 0.25842443108558655, 0.1467294842004776, 0.9548231959342957
vb0[829]+024 TANGENT: 0.04949170723557472, 0.15464556217193604, 0.986729621887207, -1.0
vb0[829]+040 BLENDWEIGHTS: 1.0, 0.0, 0.0, 0.0
vb0[829]+056 BLENDINDICES: 0, 0, 0, 0
vb0[829]+072 COLOR: 1.0, 0.5019607843137255, 0.5019607843137255, 0.4
vb0[829]+076 TEXCOORD: 0.14839696884155273, 0.21386609971523285

vb0[830]+000 POSITION: 0.029185637831687927, 1.522148609161377, 0.14010347425937653
vb0[830]+012 NORMAL: 0.22338584065437317, 0.13981769979000092, 0.9646500945091248
vb0[830]+024 TANGENT: 0.3026754856109619, 0.1799311637878418, 0.935955286026001, -1.0
vb0[830]+040 BLENDWEIGHTS: 1.0, 0.0, 0.0, 0.0
vb0[830]+056 BLENDINDICES: 0, 0, 0, 0
vb0[830]+072 COLOR: 1.0, 0.5019607843137255, 0.5019607843137255, 0.0
vb0[830]+076 TEXCOORD: 0.14687728881835938, 0.2134488970041275

vb0[831]+000 POSITION: 0.03761362284421921, 1.5237334966659546, 0.13888756930828094
vb0[831]+012 NORMAL: 0.32388097047805786, 0.16371996700763702, 0.9318245649337769
vb0[831]+024 TANGENT: 0.2547995448112488, 0.2320391833782196, 0.938741147518158, -1.0
vb0[831]+040 BLENDWEIGHTS: 1.0, 0.0, 0.0, 0.0
vb0[831]+056 BLENDINDICES: 0, 0, 0, 0
vb0[831]+072 COLOR: 1.0, 0.5019607843137255, 0.5019607843137255, 0.5019607843137255
vb0[831]+076 TEXCOORD: 0.15535879135131836, 0.21626165509223938

vb0[832]+000 POSITION: 0.015061303973197937, 1.5489792823791504, 0.13661521673202515
vb0[832]+012 NORMAL: 0.1549551635980606, 0.39430683851242065, 0.9058206081390381
vb0[832]+024 TANGENT: 0.3483712375164032, 0.5389682650566101, 0.7669097781181335, -1.0
vb0[832]+040 BLENDWEIGHTS: 1.0, 0.0, 0.0, 0.0
vb0[832]+056 BLENDINDICES: 0, 0, 0, 0
vb0[832]+072 COLOR: 1.0, 0.5019607843137255, 0.5019607843137255, 0.4
vb0[832]+076 TEXCOORD: 0.13161301612854004, 0.24264664947986603

vb0[833]+000 POSITION: 0.0121697336435318, 1.5559518337249756, 0.13290371000766754
vb0[833]+012 NORMAL: 0.13040494918823242, 0.4574999511241913, 0.8795955777168274
vb0[833]+024 TANGENT: 0.3105841279029846, 0.6136167645454407, 0.7259559035301208, -1.0
vb0[833]+040 BLENDWEIGHTS: 1.0, 0.0, 0.0, 0.0
vb0[833]+056 BLENDINDICES: 0, 0, 0, 0
vb0[833]+072 COLOR: 1.0, 0.5019607843137255, 0.5019607843137255, 0.4
vb0[833]+076 TEXCOORD: 0.12946319580078125, 0.2511470913887024

vb0[834]+000 POSITION: 0.01185526605695486, 1.5610265731811523, 0.1277078241109848
vb0[834]+012 NORMAL: 0.13047929108142853, 0.5204826593399048, 0.8438442349433899
vb0[834]+024 TANGENT: 0.2718307375907898, 0.7087241411209106, 0.6510130763053894, -1.0
vb0[834]+040 BLENDWEIGHTS: 1.0, 0.0, 0.0, 0.0
vb0[834]+056 BLENDINDICES: 0, 0, 0, 0
vb0[834]+072 COLOR: 1.0, 0.5019607843137255, 0.5019607843137255, 0.0
vb0[834]+076 TEXCOORD: 0.13022422790527344, 0.2586863040924072

vb0[835]+000 POSITION: 0.009009946137666702, 1.548765778541565, 0.13893896341323853
vb0[835]+012 NORMAL: 0.09835933893918991, 0.3866226375102997, 0.9169778823852539
vb0[835]+024 TANGENT: 0.4686278998851776, 0.5178155899047852, 0.7157198786735535, -1.0
vb0[835]+040 BLENDWEIGHTS: 1.0, 0.0, 0.0, 0.0
vb0[835]+056 BLENDINDICES: 0, 0, 0, 0
vb0[835]+072 COLOR: 1.0, 0.5019607843137255, 0.5019607843137255, 0.0
vb0[835]+076 TEXCOORD: 0.12572930753231049, 0.24220705032348633

vb0[836]+000 POSITION: 0.00739109143614769, 1.555548071861267, 0.13463924825191498
vb0[836]+012 NORMAL: 0.08121223002672195, 0.45156168937683105, 0.888536274433136
vb0[836]+024 TANGENT: 0.4353802502155304, 0.6011338829994202, 0.6701359152793884, -1.0
vb0[836]+040 BLENDWEIGHTS: 1.0, 0.0, 0.0, 0.0
vb0[836]+056 BLENDINDICES: 0, 0, 0, 0
vb0[836]+072 COLOR: 1.0, 0.5019607843137255, 0.5019607843137255, 0.0
vb0[836]+076 TEXCOORD: 0.12427282333374023, 0.25030845403671265

vb0[837]+000 POSITION: 0.005642293021082878, 1.5608431100845337, 0.1303987205028534
vb0[837]+012 NORMAL: 0.06617237627506256, 0.5085388422012329, 0.8584925532341003
vb0[837]+024 TANGENT: 0.4193120002746582, 0.6877678036689758, 0.5925816297531128, -1.0
vb0[837]+040 BLENDWEIGHTS: 1.0, 0.0, 0.0, 0.0
vb0[837]+056 BLENDINDICES: 0, 0, 0, 0
vb0[837]+072 COLOR: 1.0, 0.5019607843137255, 0.5019607843137255, 0.0
vb0[837]+076 TEXCOORD: 0.12340568751096725, 0.2574003338813782

vb0[838]+000 POSITION: 0.01798723265528679, 1.5415050983428955, 0.1404036581516266
vb0[838]+012 NORMAL: 0.17940488457679749, 0.32317885756492615, 0.9291766881942749
vb0[838]+024 TANGENT: 0.3876399099826813, 0.4629043638706207, 0.7971542477607727, -1.0
vb0[838]+040 BLENDWEIGHTS: 1.0, 0.0, 0.0, 0.0
vb0[838]+056 BLENDINDICES: 0, 0, 0, 0
vb0[838]+072 COLOR: 1.0, 0.5019607843137255, 0.5019607843137255, 0.5019607843137255
vb0[838]+076 TEXCOORD: 0.13406634330749512, 0.2337169349193573

vb0[839]+000 POSITION: 0.020537210628390312, 1.532084345817566, 0.14393088221549988
vb0[839]+012 NORMAL: 0.19669045507907867, 0.2322099506855011, 0.952570915222168
vb0[839]+024 TANGENT: 0.4280881881713867, 0.3309124708175659, 0.8409740924835205, -1.0
vb0[839]+040 BLENDWEIGHTS: 0.912109375, 0.087890625, 0.0, 0.0
vb0[839]+056 BLENDINDICES: 0, 1, 0, 0
vb0[839]+072 COLOR: 1.0, 0.5019607843137255, 0.5019607843137255, 0.5019607843137255
vb0[839]+076 TEXCOORD: 0.13633131980895996, 0.22292521595954895

vb0[840]+000 POSITION: 0.022492915391921997, 1.5212838649749756, 0.1464257538318634
vb0[840]+012 NORMAL: 0.21157877147197723, 0.14003445208072662, 0.9672769904136658
vb0[840]+024 TANGENT: 0.46922987699508667, 0.23240339756011963, 0.8519459962844849, -1.0
vb0[840]+040 BLENDWEIGHTS: 0.830078125, 0.169921875, 0.0, 0.0
vb0[840]+056 BLENDINDICES: 0, 1, 0, 0
vb0[840]+072 COLOR: 1.0, 0.5019607843137255, 0.5019607843137255, 0.5019607843137255
vb0[840]+076 TEXCOORD: 0.13721680641174316, 0.2111101895570755

vb0[841]+000 POSITION: 0.029185637831687927, 1.522148609161377, 0.14010347425937653
vb0[841]+012 NORMAL: 0.300918847322464, 0.15094135701656342, 0.9416287541389465
vb0[841]+024 TANGENT: 0.3026754856109619, 0.1799311637878418, 0.935955286026001, -1.0
vb0[841]+040 BLENDWEIGHTS: 1.0, 0.0, 0.0, 0.0
vb0[841]+056 BLENDINDICES: 0, 0, 0, 0
vb0[841]+072 COLOR: 1.0, 0.5019607843137255, 0.5019607843137255, 0.0
vb0[841]+076 TEXCOORD: 0.14687728881835938, 0.2134488970041275

vb0[842]+000 POSITION: 0.009354714304208755, 1.560951828956604, 0.12914298474788666
vb0[842]+012 NORMAL: 0.10224910825490952, 0.5153492093086243, 0.8508585691452026
vb0[842]+024 TANGENT: 0.27100473642349243, 0.7166094779968262, 0.642672061920166, -1.0
vb0[842]+040 BLENDWEIGHTS: 1.0, 0.0, 0.0, 0.0
vb0[842]+056 BLENDINDICES: 0, 0, 0, 0
vb0[842]+072 COLOR: 1.0, 0.5019607843137255, 0.5019607843137255, 0.30196078431372547
vb0[842]+076 TEXCOORD: 0.12732267379760742, 0.25781962275505066

vb0[843]+000 POSITION: 0.004125603009015322, 1.5645792484283447, 0.1266137808561325
vb0[843]+012 NORMAL: 0.05440719053149223, 0.5624815225601196, 0.8250179290771484
vb0[843]+024 TANGENT: 0.40738627314567566, 0.8024964928627014, 0.43593111634254456, -1.0
vb0[843]+040 BLENDWEIGHTS: 1.0, 0.0, 0.0, 0.0
vb0[843]+056 BLENDINDICES: 0, 0, 0, 0
vb0[843]+072 COLOR: 1.0, 0.5019607843137255, 0.5019607843137255, 0.03137254901960784
vb0[843]+076 TEXCOORD: 0.1222689226269722, 0.2628334164619446

vb0[844]+000 POSITION: 0.00814700499176979, 1.5647544860839844, 0.1245996356010437
vb0[844]+012 NORMAL: 0.08340933918952942, 0.5621548891067505, 0.8228151798248291
vb0[844]+024 TANGENT: 0.18409156799316406, 0.8284768462181091, 0.5289011001586914, -1.0
vb0[844]+040 BLENDWEIGHTS: 1.0, 0.0, 0.0, 0.0
vb0[844]+056 BLENDINDICES: 0, 0, 0, 0
vb0[844]+072 COLOR: 1.0, 0.5019607843137255, 0.5019607843137255, 0.09019607843137255
vb0[844]+076 TEXCOORD: 0.12695097923278809, 0.2641606628894806

vb0[845]+000 POSITION: 0.0045697614550590515, 1.5668216943740845, 0.1216917559504509
vb0[845]+012 NORMAL: 0.0545380525290966, 0.6032171249389648, 0.7957102060317993
vb0[845]+024 TANGENT: 0.12434183806180954, 0.9293948411941528, 0.34751173853874207, -1.0
vb0[845]+040 BLENDWEIGHTS: 1.0, 0.0, 0.0, 0.0
vb0[845]+056 BLENDINDICES: 0, 0, 0, 0
vb0[845]+072 COLOR: 1.0, 0.5019607843137255, 0.5019607843137255, 0.1843137254901961
vb0[845]+076 TEXCOORD: 0.12381594628095627, 0.2686806619167328

vb0[846]+000 POSITION: 0.0026609867345541716, 1.5667177438735962, 0.12269021570682526
vb0[846]+012 NORMAL: 0.037989433854818344, 0.599886953830719, 0.7991823554039001
vb0[846]+024 TANGENT: 0.3518415093421936, 0.8990838527679443, 0.26049140095710754, -1.0
vb0[846]+040 BLENDWEIGHTS: 1.0, 0.0, 0.0, 0.0
vb0[846]+056 BLENDINDICES: 0, 0, 0, 0
vb0[846]+072 COLOR: 1.0, 0.5019607843137255, 0.5019607843137255, 0.09019607843137255
vb0[846]+076 TEXCOORD: 0.12171816825866699, 0.26797670125961304

vb0[847]+000 POSITION: 0.03085264191031456, 1.479018211364746, 0.14002975821495056
vb0[847]+012 NORMAL: 0.36434441804885864, -0.23227143287658691, 0.901833176612854
vb0[847]+024 TANGENT: 0.6748524308204651, -0.03807855024933815, -0.7369695901870728, -1.0
vb0[847]+040 BLENDWEIGHTS: 0.5134837627410889, 0.48651623725891113, 0.0, 0.0
vb0[847]+056 BLENDINDICES: 1, 0, 0, 0
vb0[847]+072 COLOR: 1.0, 0.5019607843137255, 0.5019607843137255, 0.45098039215686275
vb0[847]+076 TEXCOORD: 0.14525890350341797, 0.16590145230293274

vb0[848]+000 POSITION: 0.031209485605359077, 1.4900400638580322, 0.13945581018924713
vb0[848]+012 NORMAL: 0.376405268907547, -0.14155781269073486, 0.9155765771865845
vb0[848]+024 TANGENT: 0.6221752762794495, -0.05933291092514992, -0.7806263566017151, -1.0
vb0[848]+040 BLENDWEIGHTS: 0.6969245076179504, 0.30307549238204956, 0.0, 0.0
vb0[848]+056 BLENDINDICES: 0, 1, 0, 0
vb0[848]+072 COLOR: 1.0, 0.5019607843137255, 0.5019607843137255, 0.30196078431372547
vb0[848]+076 TEXCOORD: 0.14841723442077637, 0.17630676925182343

vb0[849]+000 POSITION: 0.03137633576989174, 1.4898775815963745, 0.14190922677516937
vb0[849]+012 NORMAL: 0.37229421734809875, -0.14013436436653137, 0.9174745082855225
vb0[849]+024 TANGENT: 0.9409968852996826, -0.023252127692103386, 0.33761531114578247, -1.0
vb0[849]+040 BLENDWEIGHTS: 0.6958019733428955, 0.3041980564594269, 0.0, 0.0
vb0[849]+056 BLENDINDICES: 0, 1, 0, 0
vb0[849]+072 COLOR: 1.0, 0.5019607843137255, 0.5019607843137255, 0.2
vb0[849]+076 TEXCOORD: 0.14645099639892578, 0.17757968604564667

vb0[850]+000 POSITION: 0.03175773844122887, 1.5020133256912231, 0.14121289551258087
vb0[850]+012 NORMAL: 0.37958869338035583, -0.03810036927461624, 0.9243704080581665
vb0[850]+024 TANGENT: 0.3008488416671753, -0.12245506793260574, 0.9457773566246033, -1.0
vb0[850]+040 BLENDWEIGHTS: 1.0, 0.0, 0.0, 0.0
vb0[850]+056 BLENDINDICES: 0, 0, 0, 0
vb0[850]+072 COLOR: 1.0, 0.5019607843137255, 0.5019607843137255, 0.0
vb0[850]+076 TEXCOORD: 0.14971113204956055, 0.19087743759155273

vb0[851]+000 POSITION: 0.03141584247350693, 1.501765251159668, 0.13870622217655182
vb0[851]+012 NORMAL: 0.38254299759864807, -0.041035640984773636, 0.9230260252952576
vb0[851]+024 TANGENT: -0.3658575713634491, -0.3310075104236603, -0.869817316532135, -1.0
vb0[851]+040 BLENDWEIGHTS: 1.0, 0.0, 0.0, 0.0
vb0[851]+056 BLENDINDICES: 0, 0, 0, 0
vb0[851]+072 COLOR: 1.0, 0.5019607843137255, 0.5019607843137255, 0.0
vb0[851]+076 TEXCOORD: 0.15187811851501465, 0.18475262820720673

vb0[852]+000 POSITION: 0.030853010714054108, 1.4788976907730103, 0.14187254011631012
vb0[852]+012 NORMAL: 0.3604542016983032, -0.23004378378391266, 0.9039648771286011
vb0[852]+024 TANGENT: 0.9236096739768982, -0.06994981318712234, 0.37689822912216187, -1.0
vb0[852]+040 BLENDWEIGHTS: 0.5134837627410889, 0.48651623725891113, 0.0, 0.0
vb0[852]+056 BLENDINDICES: 1, 0, 0, 0
vb0[852]+072 COLOR: 1.0, 0.5019607843137255, 0.5019607843137255, 0.3607843137254902
vb0[852]+076 TEXCOORD: 0.14398908615112305, 0.16461631655693054

vb0[853]+000 POSITION: 0.03010568581521511, 1.4687199592590332, 0.1411658674478531
vb0[853]+012 NORMAL: 0.35003209114074707, -0.31050094962120056, 0.883779764175415
vb0[853]+024 TANGENT: 0.9180421233177185, -0.11848807334899902, 0.37836384773254395, -1.0
vb0[853]+040 BLENDWEIGHTS: 0.6702239513397217, 0.3297760486602783, 0.0, 0.0
vb0[853]+056 BLENDINDICES: 1, 0, 0, 0
vb0[853]+072 COLOR: 1.0, 0.5019607843137255, 0.5019607843137255, 0.45098039215686275
vb0[853]+076 TEXCOORD: 0.14177370071411133, 0.1532461792230606

vb0[854]+000 POSITION: 0.03016672283411026, 1.4687848091125488, 0.13950976729393005
vb0[854]+012 NORMAL: 0.3535088002681732, -0.3138423562049866, 0.8812119364738464
vb0[854]+024 TANGENT: 0.6765661239624023, 0.021371841430664062, -0.7360717058181763, -1.0
vb0[854]+040 BLENDWEIGHTS: 0.6702239513397217, 0.3297760486602783, 0.0, 0.0
vb0[854]+056 BLENDINDICES: 1, 0, 0, 0
vb0[854]+072 COLOR: 1.0, 0.5019607843137255, 0.5019607843137255, 0.45098039215686275
vb0[854]+076 TEXCOORD: 0.1426997184753418, 0.15368255972862244

vb0[855]+000 POSITION: 0.0293087400496006, 1.4597854614257812, 0.13951565325260162
vb0[855]+012 NORMAL: 0.3409907817840576, -0.38063621520996094, 0.8595588207244873
vb0[855]+024 TANGENT: 0.9246975183486938, -0.16009916365146637, 0.3454025089740753, -1.0
vb0[855]+040 BLENDWEIGHTS: 0.7893792986869812, 0.2106207013130188, 0.0, 0.0
vb0[855]+056 BLENDINDICES: 1, 0, 0, 0
vb0[855]+072 COLOR: 1.0, 0.5019607843137255, 0.5019607843137255, 0.40784313725490196
vb0[855]+076 TEXCOORD: 0.14013242721557617, 0.1437019556760788

vb0[856]+000 POSITION: 0.029295146465301514, 1.4599047899246216, 0.13819703459739685
vb0[856]+012 NORMAL: 0.34323132038116455, -0.38347893953323364, 0.8574008345603943
vb0[856]+024 TANGENT: 0.6614309549331665, 0.0593116320669651, -0.7476571798324585, -1.0
vb0[856]+040 BLENDWEIGHTS: 0.7875770926475525, 0.2124229073524475, 0.0, 0.0
vb0[856]+056 BLENDINDICES: 1, 0, 0, 0
vb0[856]+072 COLOR: 1.0, 0.5019607843137255, 0.5019607843137255, 0.45098039215686275
vb0[856]+076 TEXCOORD: 0.1406235694885254, 0.14357224106788635

vb0[857]+000 POSITION: 0.028276098892092705, 1.4504046440124512, 0.1372145116329193
vb0[857]+012 NORMAL: 0.33005356788635254, -0.4515606462955475, 0.8289496898651123
vb0[857]+024 TANGENT: 0.9266865849494934, -0.20371125638484955, 0.3158379793167114, -1.0
vb0[857]+040 BLENDWEIGHTS: 0.8874256610870361, 0.11257433891296387, 0.0, 0.0
vb0[857]+056 BLENDINDICES: 1, 0, 0, 0
vb0[857]+072 COLOR: 1.0, 0.5019607843137255, 0.5019607843137255, 0.1843137254901961
vb0[857]+076 TEXCOORD: 0.1382448673248291, 0.13335636258125305

vb0[858]+000 POSITION: 0.028264686465263367, 1.4504743814468384, 0.13640722632408142
vb0[858]+012 NORMAL: 0.33120229840278625, -0.4537549614906311, 0.82729172706604
vb0[858]+024 TANGENT: 0.6655833721160889, 0.09491825848817825, -0.7402629852294922, -1.0
vb0[858]+040 BLENDWEIGHTS: 0.8874256610870361, 0.11257433891296387, 0.0, 0.0
vb0[858]+056 BLENDINDICES: 1, 0, 0, 0
vb0[858]+072 COLOR: 1.0, 0.5019607843137255, 0.5019607843137255, 0.34901960784313724
vb0[858]+076 TEXCOORD: 0.13838624954223633, 0.13327564299106598

vb0[859]+000 POSITION: 0.026773400604724884, 1.4393945932388306, 0.13355456292629242
vb0[859]+012 NORMAL: 0.31446385383605957, -0.5316078662872314, 0.7864512205123901
vb0[859]+024 TANGENT: 0.37127137184143066, 0.5719144344329834, -0.7314857244491577, -1.0
vb0[859]+040 BLENDWEIGHTS: 0.978515625, 0.021484375, 0.0, 0.0
vb0[859]+056 BLENDINDICES: 1, 0, 0, 0
vb0[859]+072 COLOR: 1.0, 0.5019607843137255, 0.5019607843137255, 0.0
vb0[859]+076 TEXCOORD: 0.13574647903442383, 0.12099696695804596

vb0[860]+000 POSITION: -0.02377951890230179, 1.5387567281723022, 0.13402055203914642
vb0[860]+012 NORMAL: -0.1848585605621338, 0.2900168299674988, 0.9389982223510742
vb0[860]+024 TANGENT: 0.08194924145936966, 0.23987150192260742, 0.9673396348953247, -1.0
vb0[860]+040 BLENDWEIGHTS: 1.0, 0.0, 0.0, 0.0
vb0[860]+056 BLENDINDICES: 0, 0, 0, 0
vb0[860]+072 COLOR: 1.0, 0.5019607843137255, 0.5019607843137255, 0.4
vb0[860]+076 TEXCOORD: 0.11163902282714844, 0.41609248518943787

vb0[861]+000 POSITION: -0.018503695726394653, 1.5369144678115845, 0.13247667253017426
vb0[861]+012 NORMAL: -0.12449287623167038, 0.26958417892456055, 0.9548957347869873
vb0[861]+024 TANGENT: -0.4147680997848511, 0.2522240877151489, 0.8742713332176208, -1.0
vb0[861]+040 BLENDWEIGHTS: 1.0, 0.0, 0.0, 0.0
vb0[861]+056 BLENDINDICES: 0, 0, 0, 0
vb0[861]+072 COLOR: 1.0, 0.5019607843137255, 0.5019607843137255, 0.0
vb0[861]+076 TEXCOORD: 0.10554361343383789, 0.4152059853076935

vb0[862]+000 POSITION: -0.01598404534161091, 1.545938491821289, 0.13030514121055603
vb0[862]+012 NORMAL: -0.10691869258880615, 0.35580894351005554, 0.9284224510192871
vb0[862]+024 TANGENT: -0.29988062381744385, 0.35791826248168945, 0.884288489818573, -1.0
vb0[862]+040 BLENDWEIGHTS: 1.0, 0.0, 0.0, 0.0
vb0[862]+056 BLENDINDICES: 0, 0, 0, 0
vb0[862]+072 COLOR: 1.0, 0.5019607843137255, 0.5019607843137255, 0.0
vb0[862]+076 TEXCOORD: 0.10443686693906784, 0.42540669441223145

vb0[863]+000 POSITION: -0.01880854181945324, 1.547041893005371, 0.1308698207139969
vb0[863]+012 NORMAL: -0.15289399027824402, 0.374248206615448, 0.9146373867988586
vb0[863]+024 TANGENT: 0.06986832618713379, 0.32886040210723877, 0.9417905211448669, -1.0
vb0[863]+040 BLENDWEIGHTS: 1.0, 0.0, 0.0, 0.0
vb0[863]+056 BLENDINDICES: 0, 0, 0, 0
vb0[863]+072 COLOR: 1.0, 0.5019607843137255, 0.5019607843137255, 0.30196078431372547
vb0[863]+076 TEXCOORD: 0.10763382911682129, 0.4259987473487854

vb0[864]+000 POSITION: -0.01341142226010561, 1.5532532930374146, 0.12807513773441315
vb0[864]+012 NORMAL: -0.10906404256820679, 0.43075183033943176, 0.8958558440208435
vb0[864]+024 TANGENT: -0.32677435874938965, 0.4809988737106323, 0.8135469555854797, -1.0
vb0[864]+040 BLENDWEIGHTS: 1.0, 0.0, 0.0, 0.0
vb0[864]+056 BLENDINDICES: 0, 0, 0, 0
vb0[864]+072 COLOR: 1.0, 0.5019607843137255, 0.5019607843137255, 0.0
vb0[864]+076 TEXCOORD: 0.10297250747680664, 0.43370965123176575

vb0[865]+000 POSITION: -0.01563720405101776, 1.5540517568588257, 0.12769585847854614
vb0[865]+012 NORMAL: -0.1383952647447586, 0.4423280656337738, 0.8861109018325806
vb0[865]+024 TANGENT: -0.05634355917572975, 0.42123308777809143, 0.9052006006240845, -1.0
vb0[865]+040 BLENDWEIGHTS: 1.0, 0.0, 0.0, 0.0
vb0[865]+056 BLENDINDICES: 0, 0, 0, 0
vb0[865]+072 COLOR: 1.0, 0.5019607843137255, 0.5019607843137255, 0.30196078431372547
vb0[865]+076 TEXCOORD: 0.10542870312929153, 0.4343584179878235

vb0[866]+000 POSITION: -0.011075641959905624, 1.5584248304367065, 0.126053586602211
vb0[866]+012 NORMAL: -0.09934055060148239, 0.4833332896232605, 0.8697817921638489
vb0[866]+024 TANGENT: -0.3038471043109894, 0.5587589144706726, 0.7716640830039978, -1.0
vb0[866]+040 BLENDWEIGHTS: 1.0, 0.0, 0.0, 0.0
vb0[866]+056 BLENDINDICES: 0, 0, 0, 0
vb0[866]+072 COLOR: 1.0, 0.5019607843137255, 0.5019607843137255, 0.0
vb0[866]+076 TEXCOORD: 0.10136795043945312, 0.43968504667282104

vb0[867]+000 POSITION: -0.020958194509148598, 1.5478070974349976, 0.13024412095546722
vb0[867]+012 NORMAL: -0.1873820275068283, 0.3858517110347748, 0.9033306837081909
vb0[867]+024 TANGENT: -0.1299714893102646, 0.4173148572444916, 0.8994196057319641, -1.0
vb0[867]+040 BLENDWEIGHTS: 1.0, 0.0, 0.0, 0.0
vb0[867]+056 BLENDINDICES: 0, 0, 0, 0
vb0[867]+072 COLOR: 1.0, 0.5019607843137255, 0.5019607843137255, 0.25098039215686274
vb0[867]+076 TEXCOORD: 0.11003375053405762, 0.42670202255249023

vb0[868]+000 POSITION: -0.02722468040883541, 1.5396876335144043, 0.13297192752361298
vb0[868]+012 NORMAL: -0.24474595487117767, 0.3120229244232178, 0.918009340763092
vb0[868]+024 TANGENT: -0.2010183185338974, 0.37112411856651306, 0.9065641164779663, -1.0
vb0[868]+040 BLENDWEIGHTS: 1.0, 0.0, 0.0, 0.0
vb0[868]+056 BLENDINDICES: 0, 0, 0, 0
vb0[868]+072 COLOR: 1.0, 0.5019607843137255, 0.5019607843137255, 0.10196078431372549
vb0[868]+076 TEXCOORD: 0.11548448354005814, 0.4169538915157318

vb0[869]+000 POSITION: -0.031133567914366722, 1.5506035089492798, 0.12747690081596375
vb0[869]+012 NORMAL: -0.2829934358596802, 0.4117172062397003, 0.8662583827972412
vb0[869]+024 TANGENT: -0.2888530492782593, 0.47509586811065674, 0.831172525882721, -1.0
vb0[869]+040 BLENDWEIGHTS: 1.0, 0.0, 0.0, 0.0
vb0[869]+056 BLENDINDICES: 0, 0, 0, 0
vb0[869]+072 COLOR: 1.0, 0.5019607843137255, 0.5019607843137255, 0.5019607843137255
vb0[869]+076 TEXCOORD: 0.12131822109222412, 0.4290987551212311

vb0[870]+000 POSITION: -0.03765111044049263, 1.5426913499832153, 0.12908251583576202
vb0[870]+012 NORMAL: -0.3422016203403473, 0.3395138680934906, 0.8761440515518188
vb0[870]+024 TANGENT: -0.36725106835365295, 0.4150724709033966, 0.8323709964752197, -1.0
vb0[870]+040 BLENDWEIGHTS: 1.0, 0.0, 0.0, 0.0
vb0[870]+056 BLENDINDICES: 0, 0, 0, 0
vb0[870]+072 COLOR: 1.0, 0.5019607843137255, 0.5019607843137255, 0.5019607843137255
vb0[870]+076 TEXCOORD: 0.12726593017578125, 0.41991758346557617

vb0[871]+000 POSITION: -0.023348186165094376, 1.5284658670425415, 0.13403402268886566
vb0[871]+012 NORMAL: -0.16289862990379333, 0.18907538056373596, 0.9683566093444824
vb0[871]+024 TANGENT: 0.22640635073184967, -0.00970750954002142, 0.9739844799041748, -1.0
vb0[871]+040 BLENDWEIGHTS: 1.0, 0.0, 0.0, 0.0
vb0[871]+056 BLENDINDICES: 0, 0, 0, 0
vb0[871]+072 COLOR: 1.0, 0.5019607843137255, 0.5019607843137255, 0.0
vb0[871]+076 TEXCOORD: 0.10938311368227005, 0.4051882326602936

vb0[872]+000 POSITION: -0.02896261401474476, 1.5296599864959717, 0.13634689152240753
vb0[872]+012 NORMAL: -0.22458867728710175, 0.20446638762950897, 0.9527609944343567
vb0[872]+024 TANGENT: 0.07069504261016846, 0.1442725658416748, 0.9870094060897827, -1.0
vb0[872]+040 BLENDWEIGHTS: 1.0, 0.0, 0.0, 0.0
vb0[872]+056 BLENDINDICES: 0, 0, 0, 0
vb0[872]+072 COLOR: 1.0, 0.5019607843137255, 0.5019607843137255, 0.4
vb0[872]+076 TEXCOORD: 0.11611629277467728, 0.4057133197784424

vb0[873]+000 POSITION: -0.027992239221930504, 1.5200800895690918, 0.13497233390808105
vb0[873]+012 NORMAL: -0.1970951110124588, 0.10766427218914032, 0.9744545817375183
vb0[873]+024 TANGENT: 0.8963736295700073, -0.44283318519592285, -0.020324768498539925, -1.0
vb0[873]+040 BLENDWEIGHTS: 1.0, 0.0, 0.0, 0.0
vb0[873]+056 BLENDINDICES: 0, 0, 0, 0
vb0[873]+072 COLOR: 1.0, 0.5019607843137255, 0.5019607843137255, 0.2
vb0[873]+076 TEXCOORD: 0.113479383289814, 0.395662397146225

vb0[874]+000 POSITION: -0.03316447511315346, 1.5218034982681274, 0.1376960426568985
vb0[874]+012 NORMAL: -0.2578626573085785, 0.13182321190834045, 0.9571465849876404
vb0[874]+024 TANGENT: 0.04218190908432007, 0.0783153772354126, 0.9960358738899231, -1.0
vb0[874]+040 BLENDWEIGHTS: 1.0, 0.0, 0.0, 0.0
vb0[874]+056 BLENDINDICES: 0, 0, 0, 0
vb0[874]+072 COLOR: 1.0, 0.5019607843137255, 0.5019607843137255, 0.396078431372549
vb0[874]+076 TEXCOORD: 0.11994290351867676, 0.39700251817703247

vb0[875]+000 POSITION: -0.03299178183078766, 1.5307706594467163, 0.13500726222991943
vb0[875]+012 NORMAL: -0.29779884219169617, 0.23081734776496887, 0.9263041019439697
vb0[875]+024 TANGENT: -0.286914587020874, 0.3043755292892456, 0.9083147048950195, -1.0
vb0[875]+040 BLENDWEIGHTS: 1.0, 0.0, 0.0, 0.0
vb0[875]+056 BLENDINDICES: 0, 0, 0, 0
vb0[875]+072 COLOR: 1.0, 0.5019607843137255, 0.5019607843137255, 0.14901960784313725
vb0[875]+076 TEXCOORD: 0.12064933776855469, 0.4067639112472534

vb0[876]+000 POSITION: -0.037263691425323486, 1.5226801633834839, 0.1358567178249359
vb0[876]+012 NORMAL: -0.33910858631134033, 0.15792937576770782, 0.9273961782455444
vb0[876]+024 TANGENT: -0.3739984929561615, 0.24738584458827972, 0.8938261866569519, -1.0
vb0[876]+040 BLENDWEIGHTS: 1.0, 0.0, 0.0, 0.0
vb0[876]+056 BLENDINDICES: 0, 0, 0, 0
vb0[876]+072 COLOR: 1.0, 0.5019607843137255, 0.5019607843137255, 0.10196078431372549
vb0[876]+076 TEXCOORD: 0.12465810775756836, 0.3979054391384125

vb0[877]+000 POSITION: -0.03254174441099167, 1.511592984199524, 0.13559181988239288
vb0[877]+012 NORMAL: -0.231251060962677, 0.028213519603013992, 0.9724848866462708
vb0[877]+024 TANGENT: 0.8869053721427917, -0.46060091257095337, -0.03529525175690651, -1.0
vb0[877]+040 BLENDWEIGHTS: 1.0, 0.0, 0.0, 0.0
vb0[877]+056 BLENDINDICES: 0, 0, 0, 0
vb0[877]+072 COLOR: 1.0, 0.5019607843137255, 0.5019607843137255, 0.30196078431372547
vb0[877]+076 TEXCOORD: 0.11802815645933151, 0.3861837387084961

vb0[878]+000 POSITION: -0.03739739954471588, 1.513440489768982, 0.13839982450008392
vb0[878]+012 NORMAL: -0.2930874526500702, 0.058778900653123856, 0.9542770981788635
vb0[878]+024 TANGENT: -0.0027915239334106445, 0.029802322387695312, 0.9995518326759338, -1.0
vb0[878]+040 BLENDWEIGHTS: 1.0, 0.0, 0.0, 0.0
vb0[878]+056 BLENDINDICES: 0, 0, 0, 0
vb0[878]+072 COLOR: 1.0, 0.5019607843137255, 0.5019607843137255, 0.3686274509803922
vb0[878]+076 TEXCOORD: 0.1239314079284668, 0.38792911171913147

vb0[879]+000 POSITION: -0.041118744760751724, 1.5144178867340088, 0.13615451753139496
vb0[879]+012 NORMAL: -0.37362611293792725, 0.08785402774810791, 0.9234095811843872
vb0[879]+024 TANGENT: -0.44079291820526123, 0.21368634700775146, 0.871802568435669, -1.0
vb0[879]+040 BLENDWEIGHTS: 1.0, 0.0, 0.0, 0.0
vb0[879]+056 BLENDINDICES: 0, 0, 0, 0
vb0[879]+072 COLOR: 1.0, 0.5019607843137255, 0.5019607843137255, 0.10196078431372549
vb0[879]+076 TEXCOORD: 0.12841153144836426, 0.3890279233455658

vb0[880]+000 POSITION: -0.04791834205389023, 1.525048851966858, 0.1304241120815277
vb0[880]+012 NORMAL: -0.4347859025001526, 0.1786573976278305, 0.8826339840888977
vb0[880]+024 TANGENT: -0.4842788577079773, 0.2582055628299713, 0.8359449505805969, -1.0
vb0[880]+040 BLENDWEIGHTS: 1.0, 0.0, 0.0, 0.0
vb0[880]+056 BLENDINDICES: 0, 0, 0, 0
vb0[880]+072 COLOR: 1.0, 0.5019607843137255, 0.5019607843137255, 0.5019607843137255
vb0[880]+076 TEXCOORD: 0.13711237907409668, 0.40050575137138367

vb0[881]+000 POSITION: -0.04376174509525299, 1.5333853960037231, 0.1301276534795761
vb0[881]+012 NORMAL: -0.39736559987068176, 0.2544683516025543, 0.8816725015640259
vb0[881]+024 TANGENT: -0.44003918766975403, 0.33337536454200745, 0.833802342414856, -1.0
vb0[881]+040 BLENDWEIGHTS: 1.0, 0.0, 0.0, 0.0
vb0[881]+056 BLENDINDICES: 0, 0, 0, 0
vb0[881]+072 COLOR: 1.0, 0.5019607843137255, 0.5019607843137255, 0.5019607843137255
vb0[881]+076 TEXCOORD: 0.13301396369934082, 0.40953218936920166

vb0[882]+000 POSITION: -0.03299178183078766, 1.5307706594467163, 0.13500726222991943
vb0[882]+012 NORMAL: -0.29779884219169617, 0.23081734776496887, 0.9263041019439697
vb0[882]+024 TANGENT: -0.286914587020874, 0.3043755292892456, 0.9083147048950195, -1.0
vb0[882]+040 BLENDWEIGHTS: 1.0, 0.0, 0.0, 0.0
vb0[882]+056 BLENDINDICES: 0, 0, 0, 0
vb0[882]+072 COLOR: 1.0, 0.5019607843137255, 0.5019607843137255, 0.15294117647058825
vb0[882]+076 TEXCOORD: 0.12064933776855469, 0.4067639112472534

vb0[883]+000 POSITION: -0.05158011242747307, 1.516571283340454, 0.13042667508125305
vb0[883]+012 NORMAL: -0.4673725366592407, 0.10436390340328217, 0.877878725528717
vb0[883]+024 TANGENT: -0.5122601389884949, 0.21061386168003082, 0.8326051831245422, -1.0
vb0[883]+040 BLENDWEIGHTS: 1.0, 0.0, 0.0, 0.0
vb0[883]+056 BLENDINDICES: 0, 0, 0, 0
vb0[883]+072 COLOR: 1.0, 0.5019607843137255, 0.5019607843137255, 0.5019607843137255
vb0[883]+076 TEXCOORD: 0.14083242416381836, 0.3914293944835663

vb0[884]+000 POSITION: -0.052024777978658676, 1.5356998443603516, 0.12300631403923035
vb0[884]+012 NORMAL: -0.478762149810791, 0.2786947786808014, 0.8325359225273132
vb0[884]+024 TANGENT: -0.5379531979560852, 0.3621239960193634, 0.761231005191803, -1.0
vb0[884]+040 BLENDWEIGHTS: 1.0, 0.0, 0.0, 0.0
vb0[884]+056 BLENDINDICES: 0, 0, 0, 0
vb0[884]+072 COLOR: 1.0, 0.5019607843137255, 0.5019607843137255, 0.0
vb0[884]+076 TEXCOORD: 0.143829345703125, 0.41273581981658936

vb0[885]+000 POSITION: -0.046017613261938095, 1.5452489852905273, 0.12207848578691483
vb0[885]+012 NORMAL: -0.42696139216423035, 0.3678922951221466, 0.8260504007339478
vb0[885]+024 TANGENT: -0.4886782467365265, 0.4490346610546112, 0.7480384111404419, -1.0
vb0[885]+040 BLENDWEIGHTS: 1.0, 0.0, 0.0, 0.0
vb0[885]+056 BLENDINDICES: 0, 0, 0, 0
vb0[885]+072 COLOR: 1.0, 0.5019607843137255, 0.5019607843137255, 0.0
vb0[885]+076 TEXCOORD: 0.13801251351833344, 0.4235040843486786

vb0[886]+000 POSITION: -0.03928418457508087, 1.5526864528656006, 0.12137509137392044
vb0[886]+012 NORMAL: -0.36840373277664185, 0.440594345331192, 0.8186301589012146
vb0[886]+024 TANGENT: -0.42655259370803833, 0.5234470963478088, 0.7376014590263367, -1.0
vb0[886]+040 BLENDWEIGHTS: 1.0, 0.0, 0.0, 0.0
vb0[886]+056 BLENDINDICES: 0, 0, 0, 0
vb0[886]+072 COLOR: 1.0, 0.5019607843137255, 0.5019607843137255, 0.0
vb0[886]+076 TEXCOORD: 0.1316077709197998, 0.4322892725467682

vb0[887]+000 POSITION: -0.03274395689368248, 1.5584019422531128, 0.12059175968170166
vb0[887]+012 NORMAL: -0.3101605474948883, 0.4948294162750244, 0.8117539286613464
vb0[887]+024 TANGENT: -0.3632746934890747, 0.5891848802566528, 0.7217289209365845, -1.0
vb0[887]+040 BLENDWEIGHTS: 1.0, 0.0, 0.0, 0.0
vb0[887]+056 BLENDINDICES: 0, 0, 0, 0
vb0[887]+072 COLOR: 1.0, 0.5019607843137255, 0.5019607843137255, 0.0
vb0[887]+076 TEXCOORD: 0.1251392364501953, 0.43887990713119507

vb0[888]+000 POSITION: -0.025522716343402863, 1.556604027748108, 0.12569737434387207
vb0[888]+012 NORMAL: -0.23157042264938354, 0.4667700231075287, 0.8535227179527283
vb0[888]+024 TANGENT: -0.22555622458457947, 0.5281692147254944, 0.8186339735984802, -1.0
vb0[888]+040 BLENDWEIGHTS: 1.0, 0.0, 0.0, 0.0
vb0[888]+056 BLENDINDICES: 0, 0, 0, 0
vb0[888]+072 COLOR: 1.0, 0.5019607843137255, 0.5019607843137255, 0.5019607843137255
vb0[888]+076 TEXCOORD: 0.11627435684204102, 0.43632498383522034

vb0[889]+000 POSITION: -0.020144907757639885, 1.561105728149414, 0.12369303405284882
vb0[889]+012 NORMAL: -0.18189121782779694, 0.5119227170944214, 0.839553952217102
vb0[889]+024 TANGENT: -0.1636049896478653, 0.5899347066879272, 0.7907025218009949, -1.0
vb0[889]+040 BLENDWEIGHTS: 1.0, 0.0, 0.0, 0.0
vb0[889]+056 BLENDINDICES: 0, 0, 0, 0
vb0[889]+072 COLOR: 1.0, 0.5019607843137255, 0.5019607843137255, 0.5019607843137255
vb0[889]+076 TEXCOORD: 0.11139584332704544, 0.44210705161094666

vb0[890]+000 POSITION: -0.026833491399884224, 1.5621373653411865, 0.12010738998651505
vb0[890]+012 NORMAL: -0.25461524724960327, 0.5329596996307373, 0.8069232702255249
vb0[890]+024 TANGENT: -0.29849645495414734, 0.6477697491645813, 0.7009237408638, -1.0
vb0[890]+040 BLENDWEIGHTS: 1.0, 0.0, 0.0, 0.0
vb0[890]+056 BLENDINDICES: 0, 0, 0, 0
vb0[890]+072 COLOR: 1.0, 0.5019607843137255, 0.5019607843137255, 0.0
vb0[890]+076 TEXCOORD: 0.11918985843658447, 0.44357141852378845

vb0[891]+000 POSITION: -0.018594421446323395, 1.566367268562317, 0.119165800511837
vb0[891]+012 NORMAL: -0.16894032061100006, 0.5708984732627869, 0.803451418876648
vb0[891]+024 TANGENT: -0.14620445668697357, 0.6637977361679077, 0.7334826588630676, -1.0
vb0[891]+040 BLENDWEIGHTS: 1.0, 0.0, 0.0, 0.0
vb0[891]+056 BLENDINDICES: 0, 0, 0, 0
vb0[891]+072 COLOR: 1.0, 0.5019607843137255, 0.5019607843137255, 0.0
vb0[891]+076 TEXCOORD: 0.11090946197509766, 0.4487493336200714

vb0[892]+000 POSITION: -0.008232753723859787, 1.5627171993255615, 0.12360715866088867
vb0[892]+012 NORMAL: -0.07580005377531052, 0.5342605710029602, 0.8419145345687866
vb0[892]+024 TANGENT: -0.21608056128025055, 0.6876753568649292, 0.6931174993515015, -1.0
vb0[892]+040 BLENDWEIGHTS: 1.0, 0.0, 0.0, 0.0
vb0[892]+056 BLENDINDICES: 0, 0, 0, 0
vb0[892]+072 COLOR: 1.0, 0.5019607843137255, 0.5019607843137255, 0.0
vb0[892]+076 TEXCOORD: 0.09906959533691406, 0.4449581205844879

vb0[893]+000 POSITION: -0.01068736519664526, 1.5683823823928833, 0.1185017004609108
vb0[893]+012 NORMAL: -0.09668806940317154, 0.5893048644065857, 0.8021042943000793
vb0[893]+024 TANGENT: -0.05128275975584984, 0.6663932800292969, 0.7438347339630127, -1.0
vb0[893]+040 BLENDWEIGHTS: 1.0, 0.0, 0.0, 0.0
vb0[893]+056 BLENDINDICES: 0, 0, 0, 0
vb0[893]+072 COLOR: 1.0, 0.5019607843137255, 0.5019607843137255, 0.0
vb0[893]+076 TEXCOORD: 0.1028907299041748, 0.4519728720188141

vb0[894]+000 POSITION: -0.005296394694596529, 1.5654640197753906, 0.1212233155965805
vb0[894]+012 NORMAL: -0.04269099235534668, 0.5688914656639099, 0.8213038444519043
vb0[894]+024 TANGENT: -0.11921465396881104, 0.7625346779823303, 0.635868489742279, -1.0
vb0[894]+040 BLENDWEIGHTS: 1.0, 0.0, 0.0, 0.0
vb0[894]+056 BLENDINDICES: 0, 0, 0, 0
vb0[894]+072 COLOR: 1.0, 0.5019607843137255, 0.5019607843137255, 0.0
vb0[894]+076 TEXCOORD: 0.09663915634155273, 0.4493871033191681

vb0[895]+000 POSITION: -0.0017773514846339822, 1.567831039428711, 0.11847884207963943
vb0[895]+012 NORMAL: -0.010397381149232388, 0.5965294241905212, 0.8025239109992981
vb0[895]+024 TANGENT: -0.013585924170911312, 0.8341261148452759, 0.5514063835144043, -1.0
vb0[895]+040 BLENDWEIGHTS: 1.0, 0.0, 0.0, 0.0
vb0[895]+056 BLENDINDICES: 0, 0, 0, 0
vb0[895]+072 COLOR: 1.0, 0.5019607843137255, 0.5019607843137255, 0.0
vb0[895]+076 TEXCOORD: 0.09368252754211426, 0.45397865772247314

vb0[896]+000 POSITION: -0.06231573969125748, 1.447767734527588, 0.11865527182817459
vb0[896]+012 NORMAL: -0.5071122646331787, -0.45540934801101685, 0.7317373156547546
vb0[896]+024 TANGENT: 0.9302545189857483, 0.16023600101470947, -0.33007723093032837, -1.0
vb0[896]+040 BLENDWEIGHTS: 0.693359375, 0.306640625, 0.0, 0.0
vb0[896]+056 BLENDINDICES: 0, 3, 0, 0
vb0[896]+072 COLOR: 1.0, 0.5019607843137255, 0.5019607843137255, 0.0
vb0[896]+076 TEXCOORD: 0.15902161598205566, 0.3201529085636139

vb0[897]+000 POSITION: -0.06045097857713699, 1.4584319591522217, 0.12228842824697495
vb0[897]+012 NORMAL: -0.5032833218574524, -0.383113294839859, 0.774551510810852
vb0[897]+024 TANGENT: 0.6520223617553711, -0.35598060488700867, 0.6694360971450806, -1.0
vb0[897]+040 BLENDWEIGHTS: 0.8388671875, 0.1611328125, 0.0, 0.0
vb0[897]+056 BLENDINDICES: 0, 3, 0, 0
vb0[897]+072 COLOR: 1.0, 0.5019607843137255, 0.5019607843137255, 0.30196078431372547
vb0[897]+076 TEXCOORD: 0.15544605255126953, 0.330613911151886

vb0[898]+000 POSITION: -0.0688788890838623, 1.4231919050216675, 0.10587913542985916
vb0[898]+012 NORMAL: -0.565552830696106, -0.6261019110679626, 0.5367927551269531
vb0[898]+024 TANGENT: -0.8434231877326965, -0.4843328297138214, 0.23250578343868256, -1.0
vb0[898]+040 BLENDWEIGHTS: 0.72265625, 0.27734375, 0.0, 0.0
vb0[898]+056 BLENDINDICES: 3, 0, 0, 0
vb0[898]+072 COLOR: 1.0, 0.5019607843137255, 0.5019607843137255, 0.30196078431372547
vb0[898]+076 TEXCOORD: 0.17694437503814697, 0.29170724749565125

vb0[899]+000 POSITION: -0.06565318256616592, 1.4175419807434082, 0.10142684727907181
vb0[899]+012 NORMAL: -0.5394858121871948, -0.6775791645050049, 0.49984151124954224
vb0[899]+024 TANGENT: -0.591010570526123, -0.7269809246063232, -0.3495786190032959, -1.0
vb0[899]+040 BLENDWEIGHTS: 0.83203125, 0.16796875, 0.0, 0.0
vb0[899]+056 BLENDINDICES: 3, 0, 0, 0
vb0[899]+072 COLOR: 1.0, 0.5019607843137255, 0.5019607843137255, 0.30196078431372547
vb0[899]+076 TEXCOORD: 0.1802206039428711, 0.2838500142097473

vb0[900]+000 POSITION: -0.06523574888706207, 1.4184589385986328, 0.10741545259952545
vb0[900]+012 NORMAL: -0.5270668864250183, -0.6571190357208252, 0.5388830900192261
vb0[900]+024 TANGENT: -0.7940725088119507, -0.5619903802871704, 0.23155046999454498, -1.0
vb0[900]+040 BLENDWEIGHTS: 0.82421875, 0.17578125, 0.0, 0.0
vb0[900]+056 BLENDINDICES: 3, 0, 0, 0
vb0[900]+072 COLOR: 1.0, 0.5019607843137255, 0.5019607843137255, 0.30196078431372547
vb0[900]+076 TEXCOORD: 0.17393136024475098, 0.2858513295650482

vb0[901]+000 POSITION: -0.0692451149225235, 1.4222337007522583, 0.09864678233861923
vb0[901]+012 NORMAL: -0.5811519026756287, -0.6497939825057983, 0.4899289011955261
vb0[901]+024 TANGENT: -0.6474663019180298, -0.6163586378097534, -0.4482068121433258, -1.0
vb0[901]+040 BLENDWEIGHTS: 0.73046875, 0.26953125, 0.0, 0.0
vb0[901]+056 BLENDINDICES: 3, 0, 0, 0
vb0[901]+072 COLOR: 1.0, 0.5019607843137255, 0.5019607843137255, 0.2
vb0[901]+076 TEXCOORD: 0.1845390796661377, 0.28938817977905273

vb0[902]+000 POSITION: -0.06128666177392006, 1.4128987789154053, 0.10511766374111176
vb0[902]+012 NORMAL: -0.4930531680583954, -0.699872612953186, 0.5167948603630066
vb0[902]+024 TANGENT: -0.5132986903190613, -0.8226879835128784, -0.24435406923294067, -1.0
vb0[902]+040 BLENDWEIGHTS: 0.912109375, 0.087890625, 0.0, 0.0
vb0[902]+056 BLENDINDICES: 3, 0, 0, 0
vb0[902]+072 COLOR: 1.0, 0.5019607843137255, 0.5019607843137255, 0.30196078431372547
vb0[902]+076 TEXCOORD: 0.17478585243225098, 0.27805888652801514

vb0[903]+000 POSITION: -0.06083955988287926, 1.4139498472213745, 0.10998877882957458
vb0[903]+012 NORMAL: -0.483162522315979, -0.6834497451782227, 0.5472206473350525
vb0[903]+024 TANGENT: -0.7328481674194336, -0.638323962688446, 0.2355337291955948, -1.0
vb0[903]+040 BLENDWEIGHTS: 0.904296875, 0.095703125, 0.0, 0.0
vb0[903]+056 BLENDINDICES: 3, 0, 0, 0
vb0[903]+072 COLOR: 1.0, 0.5019607843137255, 0.5019607843137255, 0.30196078431372547
vb0[903]+076 TEXCOORD: 0.16962766647338867, 0.27998000383377075

vb0[904]+000 POSITION: -0.05618203431367874, 1.4094204902648926, 0.10984580963850021
vb0[904]+012 NORMAL: -0.4397614300251007, -0.7188087701797485, 0.538445770740509
vb0[904]+024 TANGENT: -0.41982388496398926, -0.8956104516983032, -0.14707094430923462, -1.0
vb0[904]+040 BLENDWEIGHTS: 0.962890625, 0.037109375, 0.0, 0.0
vb0[904]+056 BLENDINDICES: 3, 0, 0, 0
vb0[904]+072 COLOR: 1.0, 0.5019607843137255, 0.5019607843137255, 0.25098039215686274
vb0[904]+076 TEXCOORD: 0.16806566715240479, 0.2733003497123718

vb0[905]+000 POSITION: -0.056642912328243256, 1.410656213760376, 0.11305725574493408
vb0[905]+012 NORMAL: -0.44014057517051697, -0.7038805484771729, 0.5575199127197266
vb0[905]+024 TANGENT: -0.65330570936203, -0.721799373626709, 0.22846736013889313, -1.0
vb0[905]+040 BLENDWEIGHTS: 0.953125, 0.046875, 0.0, 0.0
vb0[905]+056 BLENDINDICES: 3, 0, 0, 0
vb0[905]+072 COLOR: 1.0, 0.5019607843137255, 0.5019607843137255, 0.25098039215686274
vb0[905]+076 TEXCOORD: 0.1650007963180542, 0.27528268098831177

vb0[906]+000 POSITION: -0.05096490681171417, 1.4069269895553589, 0.11451578885316849
vb0[906]+012 NORMAL: -0.3893086016178131, -0.7323808670043945, 0.5586205720901489
vb0[906]+024 TANGENT: -0.3353522717952728, -0.9390222430229187, -0.07599961012601852, -1.0
vb0[906]+040 BLENDWEIGHTS: 0.98828125, 0.01171875, 0.0, 0.0
vb0[906]+056 BLENDINDICES: 3, 0, 0, 0
vb0[906]+072 COLOR: 1.0, 0.5019607843137255, 0.5019607843137255, 0.2
vb0[906]+076 TEXCOORD: 0.1613786220550537, 0.2690137028694153

vb0[907]+000 POSITION: -0.05188051238656044, 1.407828688621521, 0.11662659049034119
vb0[907]+012 NORMAL: -0.3918946087360382, -0.6881639957427979, 0.6106137037277222
vb0[907]+024 TANGENT: -0.5576772689819336, -0.5468544960021973, 0.6244567632675171, -1.0
vb0[907]+040 BLENDWEIGHTS: 0.984375, 0.015625, 0.0, 0.0
vb0[907]+056 BLENDINDICES: 3, 0, 0, 0
vb0[907]+072 COLOR: 1.0, 0.5019607843137255, 0.5019607843137255, 0.2
vb0[907]+076 TEXCOORD: 0.15968632698059082, 0.27063989639282227

vb0[908]+000 POSITION: -0.06732015311717987, 1.4243202209472656, 0.11093733459711075
vb0[908]+012 NORMAL: -0.5317298769950867, -0.5920766592025757, 0.6055646538734436
vb0[908]+024 TANGENT: -0.6926993727684021, -0.31534144282341003, 0.6486350893974304, -1.0
vb0[908]+040 BLENDWEIGHTS: 0.71875, 0.28125, 0.0, 0.0
vb0[908]+056 BLENDINDICES: 3, 0, 0, 0
vb0[908]+072 COLOR: 1.0, 0.5019607843137255, 0.5019607843137255, 0.30196078431372547
vb0[908]+076 TEXCOORD: 0.1712549924850464, 0.2930413782596588

vb0[909]+000 POSITION: -0.0641135424375534, 1.4193406105041504, 0.11193139851093292
vb0[909]+012 NORMAL: -0.4997521936893463, -0.6198068857192993, 0.6050513386726379
vb0[909]+024 TANGENT: -0.6747446656227112, -0.3554626405239105, 0.6468121409416199, -1.0
vb0[909]+040 BLENDWEIGHTS: 0.8203125, 0.1796875, 0.0, 0.0
vb0[909]+056 BLENDINDICES: 3, 0, 0, 0
vb0[909]+072 COLOR: 1.0, 0.5019607843137255, 0.5019607843137255, 0.30196078431372547
vb0[909]+076 TEXCOORD: 0.168931245803833, 0.2870350480079651

vb0[910]+000 POSITION: -0.06327960640192032, 1.426525354385376, 0.11321108788251877
vb0[910]+012 NORMAL: -0.48897942900657654, -0.5712676644325256, 0.659205973148346
vb0[910]+024 TANGENT: -0.12026309967041016, 0.06125665083527565, 0.9908503890037537, -1.0
vb0[910]+040 BLENDWEIGHTS: 0.705078125, 0.294921875, 0.0, 0.0
vb0[910]+056 BLENDINDICES: 3, 0, 0, 0
vb0[910]+072 COLOR: 1.0, 0.5019607843137255, 0.5019607843137255, 0.30196078431372547
vb0[910]+076 TEXCOORD: 0.16589045524597168, 0.29445213079452515

vb0[911]+000 POSITION: -0.060004930943250656, 1.421709656715393, 0.11413270980119705
vb0[911]+012 NORMAL: -0.45943528413772583, -0.5939649343490601, 0.660397469997406
vb0[911]+024 TANGENT: 0.5154855251312256, 0.3953430652618408, 0.7602490782737732, -1.0
vb0[911]+040 BLENDWEIGHTS: 0.80859375, 0.19140625, 0.0, 0.0
vb0[911]+056 BLENDINDICES: 3, 0, 0, 0
vb0[911]+072 COLOR: 1.0, 0.5019607843137255, 0.5019607843137255, 0.25098039215686274
vb0[911]+076 TEXCOORD: 0.16340839862823486, 0.28831103444099426

vb0[912]+000 POSITION: -0.0603363960981369, 1.4149399995803833, 0.11336776614189148
vb0[912]+012 NORMAL: -0.4650028944015503, -0.641411542892456, 0.610215961933136
vb0[912]+024 TANGENT: -0.6508960127830505, -0.3897096514701843, 0.6515064835548401, -1.0
vb0[912]+040 BLENDWEIGHTS: 0.8984375, 0.1015625, 0.0, 0.0
vb0[912]+056 BLENDINDICES: 3, 0, 0, 0
vb0[912]+072 COLOR: 1.0, 0.5019607843137255, 0.5019607843137255, 0.30196078431372547
vb0[912]+076 TEXCOORD: 0.16601574420928955, 0.2813079357147217

vb0[913]+000 POSITION: -0.05710740014910698, 1.4174271821975708, 0.1151227355003357
vb0[913]+012 NORMAL: -0.4333431124687195, -0.6139748096466064, 0.6597336530685425
vb0[913]+024 TANGENT: 0.4681505262851715, 0.4963517189025879, 0.7310745716094971, -1.0
vb0[913]+040 BLENDWEIGHTS: 0.8828125, 0.1171875, 0.0, 0.0
vb0[913]+056 BLENDINDICES: 3, 0, 0, 0
vb0[913]+072 COLOR: 1.0, 0.5019607843137255, 0.5019607843137255, 0.30196078431372547
vb0[913]+076 TEXCOORD: 0.16142189502716064, 0.28271394968032837

vb0[914]+000 POSITION: -0.056698691099882126, 1.4113203287124634, 0.11471234261989594
vb0[914]+012 NORMAL: -0.4303623139858246, -0.6556772589683533, 0.6203833818435669
vb0[914]+024 TANGENT: -0.6179368495941162, -0.44439220428466797, 0.6485903859138489, -1.0
vb0[914]+040 BLENDWEIGHTS: 0.947265625, 0.052734375, 0.0, 0.0
vb0[914]+056 BLENDINDICES: 3, 0, 0, 0
vb0[914]+072 COLOR: 1.0, 0.5019607843137255, 0.5019607843137255, 0.25098039215686274
vb0[914]+076 TEXCOORD: 0.163338303565979, 0.2762666642665863

vb0[915]+000 POSITION: -0.05411676689982414, 1.4135857820510864, 0.11611194163560867
vb0[915]+012 NORMAL: -0.40675657987594604, -0.6318155527114868, 0.6598168015480042
vb0[915]+024 TANGENT: 0.42846420407295227, 0.564078688621521, 0.7058567404747009, -1.0
vb0[915]+040 BLENDWEIGHTS: 0.935546875, 0.064453125, 0.0, 0.0
vb0[915]+056 BLENDINDICES: 3, 0, 0, 0
vb0[915]+072 COLOR: 1.0, 0.5019607843137255, 0.5019607843137255, 0.25098039215686274
vb0[915]+076 TEXCOORD: 0.15950989723205566, 0.27743789553642273

vb0[916]+000 POSITION: -0.05018322169780731, 1.4095149040222168, 0.11745454370975494
vb0[916]+012 NORMAL: -0.3756134808063507, -0.6486561894416809, 0.6619362831115723
vb0[916]+024 TANGENT: 0.3809843063354492, 0.6592352986335754, 0.6482743620872498, -1.0
vb0[916]+040 BLENDWEIGHTS: 0.978515625, 0.021484375, 0.0, 0.0
vb0[916]+056 BLENDINDICES: 3, 0, 0, 0
vb0[916]+072 COLOR: 1.0, 0.5019607843137255, 0.5019607843137255, 0.2
vb0[916]+076 TEXCOORD: 0.15707218647003174, 0.27141571044921875

vb0[917]+000 POSITION: -0.04875419661402702, 1.4064666032791138, 0.11802339553833008
vb0[917]+012 NORMAL: -0.3652792274951935, -0.6959657669067383, 0.6182255744934082
vb0[917]+024 TANGENT: -0.5075175762176514, -0.553646981716156, 0.6602280139923096, -1.0
vb0[917]+040 BLENDWEIGHTS: 0.994140625, 0.005859375, 0.0, 0.0
vb0[917]+056 BLENDINDICES: 3, 0, 0, 0
vb0[917]+072 COLOR: 1.0, 0.5019607843137255, 0.5019607843137255, 0.14901960784313725
vb0[917]+076 TEXCOORD: 0.15710365772247314, 0.267660915851593

vb0[918]+000 POSITION: -0.04784440994262695, 1.4075090885162354, 0.11846745014190674
vb0[918]+012 NORMAL: -0.35854339599609375, -0.6547889113426208, 0.6653556227684021
vb0[918]+024 TANGENT: 0.3320581614971161, 0.7116895318031311, 0.6190599799156189, -1.0
vb0[918]+040 BLENDWEIGHTS: 0.9921875, 0.0078125, 0.0, 0.0
vb0[918]+056 BLENDINDICES: 3, 0, 0, 0
vb0[918]+072 COLOR: 1.0, 0.5019607843137255, 0.5019607843137255, 0.16862745098039217
vb0[918]+076 TEXCOORD: 0.15560376644134521, 0.2681102752685547

vb0[919]+000 POSITION: -0.04476730152964592, 1.4051597118377686, 0.11972107738256454
vb0[919]+012 NORMAL: -0.33426329493522644, -0.695594072341919, 0.6359377503395081
vb0[919]+024 TANGENT: 0.7964126467704773, -0.3449217975139618, 0.49674537777900696, -1.0
vb0[919]+040 BLENDWEIGHTS: 1.0, 0.0, 0.0, 0.0
vb0[919]+056 BLENDINDICES: 3, 0, 0, 0
vb0[919]+072 COLOR: 1.0, 0.5019607843137255, 0.5019607843137255, 0.0
vb0[919]+076 TEXCOORD: 0.1537933349609375, 0.2640620768070221

vb0[920]+000 POSITION: -0.04807285591959953, 1.4059251546859741, 0.11713217198848724
vb0[920]+012 NORMAL: -0.35644784569740295, -0.7385213971138, 0.572303295135498
vb0[920]+024 TANGENT: -0.27840495109558105, -0.960458517074585, -0.0031912329141050577, -1.0
vb0[920]+040 BLENDWEIGHTS: 0.9970703125, 0.0029296875, 0.0, 0.0
vb0[920]+056 BLENDINDICES: 3, 0, 0, 0
vb0[920]+072 COLOR: 1.0, 0.5019607843137255, 0.5019607843137255, 0.15294117647058825
vb0[920]+076 TEXCOORD: 0.15766572952270508, 0.26665571331977844

vb0[921]+000 POSITION: -0.06633011996746063, 1.432292103767395, 0.11289413273334503
vb0[921]+012 NORMAL: -0.5305774211883545, -0.546593964099884, 0.6478599905967712
vb0[921]+024 TANGENT: -0.5994867086410522, -0.2635488510131836, 0.7557497024536133, -1.0
vb0[921]+040 BLENDWEIGHTS: 0.5703125, 0.4296875, 0.0, 0.0
vb0[921]+056 BLENDINDICES: 3, 0, 0, 0
vb0[921]+072 COLOR: 1.0, 0.5019607843137255, 0.5019607843137255, 0.0
vb0[921]+076 TEXCOORD: 0.168046236038208, 0.30137377977371216

vb0[922]+000 POSITION: -0.07069356739521027, 1.4307183027267456, 0.11002915352582932
vb0[922]+012 NORMAL: -0.5691226124763489, -0.5555592179298401, 0.6061793565750122
vb0[922]+024 TANGENT: -0.7349395751953125, -0.28392642736434937, 0.6158324480056763, -1.0
vb0[922]+040 BLENDWEIGHTS: 0.5703125, 0.4296875, 0.0, 0.0
vb0[922]+056 BLENDINDICES: 3, 0, 0, 0
vb0[922]+072 COLOR: 1.0, 0.5019607843137255, 0.5019607843137255, 0.32941176470588235
vb0[922]+076 TEXCOORD: 0.1736370325088501, 0.3004472255706787

vb0[923]+000 POSITION: -0.06229687109589577, 1.4335473775863647, 0.1181689202785492
vb0[923]+012 NORMAL: -0.4877612292766571, -0.5322244763374329, 0.6919726133346558
vb0[923]+024 TANGENT: -0.4579218626022339, -0.2082149237394333, 0.8642650246620178, -1.0
vb0[923]+040 BLENDWEIGHTS: 0.580078125, 0.419921875, 0.0, 0.0
vb0[923]+056 BLENDINDICES: 3, 0, 0, 0
vb0[923]+072 COLOR: 1.0, 0.5019607843137255, 0.5019607843137255, 0.4
vb0[923]+076 TEXCOORD: 0.16130399703979492, 0.3029676675796509

vb0[924]+000 POSITION: -0.05917857214808464, 1.428262710571289, 0.1185375452041626
vb0[924]+012 NORMAL: -0.4534546136856079, -0.5625887513160706, 0.6912834644317627
vb0[924]+024 TANGENT: -0.43014487624168396, -0.22571609914302826, 0.8740867376327515, -1.0
vb0[924]+040 BLENDWEIGHTS: 0.703125, 0.296875, 0.0, 0.0
vb0[924]+056 BLENDINDICES: 3, 0, 0, 0
vb0[924]+072 COLOR: 1.0, 0.5019607843137255, 0.5019607843137255, 0.30196078431372547
vb0[924]+076 TEXCOORD: 0.15874803066253662, 0.2968353033065796

vb0[925]+000 POSITION: -0.0580768808722496, 1.4347879886627197, 0.11868846416473389
vb0[925]+012 NORMAL: -0.435724139213562, -0.5229088664054871, 0.732605516910553
vb0[925]+024 TANGENT: 0.8521045446395874, 0.3146618604660034, 0.41821742057800293, -1.0
vb0[925]+040 BLENDWEIGHTS: 0.583984375, 0.416015625, 0.0, 0.0
vb0[925]+056 BLENDINDICES: 3, 0, 0, 0
vb0[925]+072 COLOR: 1.0, 0.5019607843137255, 0.5019607843137255, 0.30196078431372547
vb0[925]+076 TEXCOORD: 0.15692555904388428, 0.30372652411460876

vb0[926]+000 POSITION: -0.055741775780916214, 1.4295912981033325, 0.11880052089691162
vb0[926]+012 NORMAL: -0.41087689995765686, -0.5500773191452026, 0.727045476436615
vb0[926]+024 TANGENT: 0.829249382019043, 0.40621697902679443, 0.3838401138782501, -1.0
vb0[926]+040 BLENDWEIGHTS: 0.701171875, 0.298828125, 0.0, 0.0
vb0[926]+056 BLENDINDICES: 3, 0, 0, 0
vb0[926]+072 COLOR: 1.0, 0.5019607843137255, 0.5019607843137255, 0.30196078431372547
vb0[926]+076 TEXCOORD: 0.15523076057434082, 0.29752641916275024

vb0[927]+000 POSITION: -0.05615057051181793, 1.4240843057632446, 0.11883559077978134
vb0[927]+012 NORMAL: -0.42947661876678467, -0.5906960964202881, 0.6831017136573792
vb0[927]+024 TANGENT: -0.4195519685745239, -0.255972683429718, 0.8708927631378174, -1.0
vb0[927]+040 BLENDWEIGHTS: 0.794921875, 0.205078125, 0.0, 0.0
vb0[927]+056 BLENDINDICES: 3, 0, 0, 0
vb0[927]+072 COLOR: 1.0, 0.5019607843137255, 0.5019607843137255, 0.25098039215686274
vb0[927]+076 TEXCOORD: 0.1563403606414795, 0.29173046350479126

vb0[928]+000 POSITION: -0.062372077256441116, 1.4261804819107056, 0.11360520124435425
vb0[928]+012 NORMAL: -0.5017032027244568, -0.594875156879425, 0.6280266642570496
vb0[928]+024 TANGENT: -0.7230298519134521, -0.6265691518783569, -0.2909277379512787, -1.0
vb0[928]+040 BLENDWEIGHTS: 0.716796875, 0.283203125, 0.0, 0.0
vb0[928]+056 BLENDINDICES: 3, 0, 0, 0
vb0[928]+072 COLOR: 1.0, 0.5019607843137255, 0.5019607843137255, 0.30196078431372547
vb0[928]+076 TEXCOORD: 0.16459012031555176, 0.2945224344730377

vb0[929]+000 POSITION: -0.058421533554792404, 1.422281265258789, 0.11499767005443573
vb0[929]+012 NORMAL: -0.4656955301761627, -0.6222350001335144, 0.6292465925216675
vb0[929]+024 TANGENT: -0.6587392091751099, -0.7516907453536987, -0.031993329524993896, -1.0
vb0[929]+040 BLENDWEIGHTS: 0.80859375, 0.19140625, 0.0, 0.0
vb0[929]+056 BLENDINDICES: 3, 0, 0, 0
vb0[929]+072 COLOR: 1.0, 0.5019607843137255, 0.5019607843137255, 0.25098039215686274
vb0[929]+076 TEXCOORD: 0.16102492809295654, 0.28972065448760986

vb0[930]+000 POSITION: -0.05325840413570404, 1.4254467487335205, 0.11911091208457947
vb0[930]+012 NORMAL: -0.3893967270851135, -0.5716754198074341, 0.7221893668174744
vb0[930]+024 TANGENT: 0.7952249646186829, 0.48623502254486084, 0.3622053861618042, -1.0
vb0[930]+040 BLENDWEIGHTS: 0.7890625, 0.2109375, 0.0, 0.0
vb0[930]+056 BLENDINDICES: 3, 0, 0, 0
vb0[930]+072 COLOR: 1.0, 0.5019607843137255, 0.5019607843137255, 0.25098039215686274
vb0[930]+076 TEXCOORD: 0.15321922302246094, 0.2925679683685303

vb0[931]+000 POSITION: -0.053363680839538574, 1.420799732208252, 0.11921204626560211
vb0[931]+012 NORMAL: -0.4099664092063904, -0.6150585412979126, 0.673521101474762
vb0[931]+024 TANGENT: -0.4279317557811737, -0.30742403864860535, 0.8499204516410828, -1.0
vb0[931]+040 BLENDWEIGHTS: 0.857421875, 0.142578125, 0.0, 0.0
vb0[931]+056 BLENDINDICES: 3, 0, 0, 0
vb0[931]+072 COLOR: 1.0, 0.5019607843137255, 0.5019607843137255, 0.2235294117647059
vb0[931]+076 TEXCOORD: 0.15390050411224365, 0.28769320249557495

vb0[932]+000 POSITION: -0.05117684230208397, 1.4223519563674927, 0.11946805566549301
vb0[932]+012 NORMAL: -0.3749921917915344, -0.586543619632721, 0.7178770303726196
vb0[932]+024 TANGENT: 0.7442507147789001, 0.5644375681877136, 0.35707321763038635, -1.0
vb0[932]+040 BLENDWEIGHTS: 0.84765625, 0.15234375, 0.0, 0.0
vb0[932]+056 BLENDINDICES: 3, 0, 0, 0
vb0[932]+072 COLOR: 1.0, 0.5019607843137255, 0.5019607843137255, 0.2235294117647059
vb0[932]+076 TEXCOORD: 0.15136075019836426, 0.2888881266117096

vb0[933]+000 POSITION: -0.05488227307796478, 1.4194800853729248, 0.11631160229444504
vb0[933]+012 NORMAL: -0.43540823459625244, -0.6418597102165222, 0.6312176585197449
vb0[933]+024 TANGENT: -0.6087857484817505, -0.7845233678817749, 0.11791098117828369, -1.0
vb0[933]+040 BLENDWEIGHTS: 0.8671875, 0.1328125, 0.0, 0.0
vb0[933]+056 BLENDINDICES: 3, 0, 0, 0
vb0[933]+072 COLOR: 1.0, 0.5019607843137255, 0.5019607843137255, 0.2235294117647059
vb0[933]+076 TEXCOORD: 0.15743589401245117, 0.2861691415309906

vb0[934]+000 POSITION: -0.05118950828909874, 1.4172526597976685, 0.11759854108095169
vb0[934]+012 NORMAL: -0.40364065766334534, -0.6617555022239685, 0.6317862272262573
vb0[934]+024 TANGENT: -0.07654118537902832, -0.7820377349853516, -0.6185131072998047, -1.0
vb0[934]+040 BLENDWEIGHTS: 0.91015625, 0.08984375, 0.0, 0.0
vb0[934]+056 BLENDINDICES: 3, 0, 0, 0
vb0[934]+072 COLOR: 1.0, 0.5019607843137255, 0.5019607843137255, 0.2
vb0[934]+076 TEXCOORD: 0.1536921262741089, 0.28299373388290405

vb0[935]+000 POSITION: -0.05016185715794563, 1.4180734157562256, 0.11979754269123077
vb0[935]+012 NORMAL: -0.3843372166156769, -0.63272625207901, 0.6722665429115295
vb0[935]+024 TANGENT: -0.4364227056503296, -0.35264813899993896, 0.8277527093887329, -1.0
vb0[935]+040 BLENDWEIGHTS: 0.90625, 0.09375, 0.0, 0.0
vb0[935]+056 BLENDINDICES: 3, 0, 0, 0
vb0[935]+072 COLOR: 1.0, 0.5019607843137255, 0.5019607843137255, 0.2
vb0[935]+076 TEXCOORD: 0.1510034203529358, 0.28391554951667786

vb0[936]+000 POSITION: -0.047872256487607956, 1.4158254861831665, 0.11932899057865143
vb0[936]+012 NORMAL: -0.3762645125389099, -0.6748716235160828, 0.6348018050193787
vb0[936]+024 TANGENT: 0.005737722385674715, -0.78379887342453, -0.6209882497787476, -1.0
vb0[936]+040 BLENDWEIGHTS: 0.9375, 0.0625, 0.0, 0.0
vb0[936]+056 BLENDINDICES: 3, 0, 0, 0
vb0[936]+072 COLOR: 1.0, 0.5019607843137255, 0.5019607843137255, 0.14901960784313725
vb0[936]+076 TEXCOORD: 0.14965760707855225, 0.28066733479499817

vb0[937]+000 POSITION: -0.04744674637913704, 1.4162789583206177, 0.12056335061788559
vb0[937]+012 NORMAL: -0.36258330941200256, -0.6436169147491455, 0.6740108132362366
vb0[937]+024 TANGENT: -0.4201756417751312, -0.3854542672634125, 0.8215091824531555, -1.0
vb0[937]+040 BLENDWEIGHTS: 0.93359375, 0.06640625, 0.0, 0.0
vb0[937]+056 BLENDINDICES: 3, 0, 0, 0
vb0[937]+072 COLOR: 1.0, 0.5019607843137255, 0.5019607843137255, 0.16862745098039217
vb0[937]+076 TEXCOORD: 0.14827239513397217, 0.2812376916408539

vb0[938]+000 POSITION: -0.048909593373537064, 1.419296383857727, 0.12005486339330673
vb0[938]+012 NORMAL: -0.3597915768623352, -0.5999390482902527, 0.7145789861679077
vb0[938]+024 TANGENT: 0.6520453691482544, 0.657260537147522, 0.3779489994049072, -1.0
vb0[938]+040 BLENDWEIGHTS: 0.896484375, 0.103515625, 0.0, 0.0
vb0[938]+056 BLENDINDICES: 3, 0, 0, 0
vb0[938]+072 COLOR: 1.0, 0.5019607843137255, 0.5019607843137255, 0.2
vb0[938]+076 TEXCOORD: 0.14934980869293213, 0.28506919741630554

vb0[939]+000 POSITION: -0.04668502137064934, 1.4169373512268066, 0.12061730772256851
vb0[939]+012 NORMAL: -0.34487494826316833, -0.6082223057746887, 0.7149314284324646
vb0[939]+024 TANGENT: 0.5699141621589661, 0.7556359171867371, 0.32281947135925293, -1.0
vb0[939]+040 BLENDWEIGHTS: 0.9296875, 0.0703125, 0.0, 0.0
vb0[939]+056 BLENDINDICES: 3, 0, 0, 0
vb0[939]+072 COLOR: 1.0, 0.5019607843137255, 0.5019607843137255, 0.16862745098039217
vb0[939]+076 TEXCOORD: 0.14729249477386475, 0.2816599905490875

vb0[940]+000 POSITION: -0.04386673867702484, 1.4146652221679688, 0.12156061828136444
vb0[940]+012 NORMAL: -0.33566999435424805, -0.6579887866973877, 0.6740745306015015
vb0[940]+024 TANGENT: 0.8430843353271484, -0.4252902865409851, 0.3291459083557129, -1.0
vb0[940]+040 BLENDWEIGHTS: 0.958984375, 0.041015625, 0.0, 0.0
vb0[940]+056 BLENDINDICES: 3, 0, 0, 0
vb0[940]+072 COLOR: 1.0, 0.5019607843137255, 0.5019607843137255, 0.0
vb0[940]+076 TEXCOORD: 0.14420461654663086, 0.27761051058769226

vb0[941]+000 POSITION: -0.04807285591959953, 1.4059251546859741, 0.11713217198848724
vb0[941]+012 NORMAL: -0.3324776887893677, -0.7701231241226196, 0.54439777135849
vb0[941]+024 TANGENT: -0.27840495109558105, -0.960458517074585, -0.0031912329141050577, -1.0
vb0[941]+040 BLENDWEIGHTS: 0.9970703125, 0.0029296875, 0.0, 0.0
vb0[941]+056 BLENDINDICES: 3, 0, 0, 0
vb0[941]+072 COLOR: 1.0, 0.5019607843137255, 0.5019607843137255, 0.15294117647058825
vb0[941]+076 TEXCOORD: 0.15766572952270508, 0.26665571331977844

vb0[942]+000 POSITION: -0.05020242929458618, 1.4070605039596558, 0.11385615915060043
vb0[942]+012 NORMAL: -0.3553045988082886, -0.7741091847419739, 0.5239405035972595
vb0[942]+024 TANGENT: 0.5977218151092529, -0.3890615701675415, -0.7009705901145935, -1.0
vb0[942]+040 BLENDWEIGHTS: 0.990234375, 0.009765625, 0.0, 0.0
vb0[942]+056 BLENDINDICES: 3, 0, 0, 0
vb0[942]+072 COLOR: 1.0, 0.5019607843137255, 0.5019607843137255, 0.2
vb0[942]+076 TEXCOORD: 0.16202163696289062, 0.26781904697418213

vb0[943]+000 POSITION: -0.04751843214035034, 1.4059200286865234, 0.11679667979478836
vb0[943]+012 NORMAL: -0.3292366564273834, -0.7714338302612305, 0.5445116758346558
vb0[943]+024 TANGENT: 0.6024407148361206, -0.42356622219085693, -0.6765033602714539, -1.0
vb0[943]+040 BLENDWEIGHTS: 0.998046875, 0.001953125, 0.0, 0.0
vb0[943]+056 BLENDINDICES: 3, 0, 0, 0
vb0[943]+072 COLOR: 1.0, 0.5019607843137255, 0.5019607843137255, 0.14901960784313725
vb0[943]+076 TEXCOORD: 0.1578129529953003, 0.26597216725349426

vb0[944]+000 POSITION: -0.05096490681171417, 1.4069269895553589, 0.11451578885316849
vb0[944]+012 NORMAL: -0.3587460517883301, -0.7715243101119995, 0.5254059433937073
vb0[944]+024 TANGENT: -0.3353522717952728, -0.9390222430229187, -0.07599961012601852, -1.0
vb0[944]+040 BLENDWEIGHTS: 0.98828125, 0.01171875, 0.0, 0.0
vb0[944]+056 BLENDINDICES: 3, 0, 0, 0
vb0[944]+072 COLOR: 1.0, 0.5019607843137255, 0.5019607843137255, 0.2
vb0[944]+076 TEXCOORD: 0.1613786220550537, 0.2690137028694153

vb0[945]+000 POSITION: -0.05442690849304199, 1.4095371961593628, 0.10901854187250137
vb0[945]+012 NORMAL: -0.39629295468330383, -0.7731863260269165, 0.4951108694076538
vb0[945]+024 TANGENT: 0.588687539100647, -0.3622787296772003, -0.7226349711418152, -1.0
vb0[945]+040 BLENDWEIGHTS: 0.96484375, 0.03515625, 0.0, 0.0
vb0[945]+056 BLENDINDICES: 3, 0, 0, 0
vb0[945]+072 COLOR: 1.0, 0.5019607843137255, 0.5019607843137255, 0.25098039215686274
vb0[945]+076 TEXCOORD: 0.16867399215698242, 0.2714107036590576

vb0[946]+000 POSITION: -0.05618203431367874, 1.4094204902648926, 0.10984580963850021
vb0[946]+012 NORMAL: -0.4061119854450226, -0.7684110403060913, 0.4945882558822632
vb0[946]+024 TANGENT: -0.41982388496398926, -0.8956104516983032, -0.14707094430923462, -1.0
vb0[946]+040 BLENDWEIGHTS: 0.962890625, 0.037109375, 0.0, 0.0
vb0[946]+056 BLENDINDICES: 3, 0, 0, 0
vb0[946]+072 COLOR: 1.0, 0.5019607843137255, 0.5019607843137255, 0.25098039215686274
vb0[946]+076 TEXCOORD: 0.16806566715240479, 0.2733003497123718

vb0[947]+000 POSITION: -0.05933734402060509, 1.4136658906936646, 0.10358677804470062
vb0[947]+012 NORMAL: -0.45432281494140625, -0.7619966268539429, 0.46146711707115173
vb0[947]+024 TANGENT: 0.5332993268966675, -0.29622331261634827, -0.7923657894134521, -1.0
vb0[947]+040 BLENDWEIGHTS: 0.91015625, 0.08984375, 0.0, 0.0
vb0[947]+056 BLENDINDICES: 3, 0, 0, 0
vb0[947]+072 COLOR: 1.0, 0.5019607843137255, 0.5019607843137255, 0.30196078431372547
vb0[947]+076 TEXCOORD: 0.17649376392364502, 0.2763531804084778

vb0[948]+000 POSITION: -0.06128666177392006, 1.4128987789154053, 0.10511766374111176
vb0[948]+012 NORMAL: -0.4606490731239319, -0.7565304040908813, 0.4641812741756439
vb0[948]+024 TANGENT: -0.5132986903190613, -0.8226879835128784, -0.24435406923294067, -1.0
vb0[948]+040 BLENDWEIGHTS: 0.912109375, 0.087890625, 0.0, 0.0
vb0[948]+056 BLENDINDICES: 3, 0, 0, 0
vb0[948]+072 COLOR: 1.0, 0.5019607843137255, 0.5019607843137255, 0.30196078431372547
vb0[948]+076 TEXCOORD: 0.17478585243225098, 0.27805888652801514

vb0[949]+000 POSITION: -0.04476730152964592, 1.4051597118377686, 0.11972107738256454
vb0[949]+012 NORMAL: -0.3062432110309601, -0.7676365375518799, 0.5629823207855225
vb0[949]+024 TANGENT: 0.7964126467704773, -0.3449217975139618, 0.49674537777900696, -1.0
vb0[949]+040 BLENDWEIGHTS: 1.0, 0.0, 0.0, 0.0
vb0[949]+056 BLENDINDICES: 3, 0, 0, 0
vb0[949]+072 COLOR: 1.0, 0.5019607843137255, 0.5019607843137255, 0.0
vb0[949]+076 TEXCOORD: 0.1537933349609375, 0.2640620768070221

vb0[950]+000 POSITION: -0.06293441355228424, 1.418176293373108, 0.09999649971723557
vb0[950]+012 NORMAL: -0.5036299228668213, -0.7426580190658569, 0.44137975573539734
vb0[950]+024 TANGENT: 0.502747118473053, -0.20253662765026093, -0.8403714299201965, -1.0
vb0[950]+040 BLENDWEIGHTS: 0.833984375, 0.166015625, 0.0, 0.0
vb0[950]+056 BLENDINDICES: 3, 0, 0, 0
vb0[950]+072 COLOR: 1.0, 0.5019607843137255, 0.5019607843137255, 0.30196078431372547
vb0[950]+076 TEXCOORD: 0.18235564231872559, 0.2812149226665497

vb0[951]+000 POSITION: -0.06565318256616592, 1.4175419807434082, 0.10142684727907181
vb0[951]+012 NORMAL: -0.5154242515563965, -0.7343499660491943, 0.44166499376296997
vb0[951]+024 TANGENT: -0.591010570526123, -0.7269809246063232, -0.3495786190032959, -1.0
vb0[951]+040 BLENDWEIGHTS: 0.83203125, 0.16796875, 0.0, 0.0
vb0[951]+056 BLENDINDICES: 3, 0, 0, 0
vb0[951]+072 COLOR: 1.0, 0.5019607843137255, 0.5019607843137255, 0.30196078431372547
vb0[951]+076 TEXCOORD: 0.1802206039428711, 0.2838500142097473

vb0[952]+000 POSITION: -0.0661577507853508, 1.4228085279464722, 0.09753738343715668
vb0[952]+012 NORMAL: -0.5470626354217529, -0.718303918838501, 0.42983952164649963
vb0[952]+024 TANGENT: 0.9449202418327332, 0.22635601460933685, -0.23640792071819305, -1.0
vb0[952]+040 BLENDWEIGHTS: 0.73828125, 0.26171875, 0.0, 0.0
vb0[952]+056 BLENDINDICES: 3, 0, 0, 0
vb0[952]+072 COLOR: 1.0, 0.5019607843137255, 0.5019607843137255, 0.0
vb0[952]+076 TEXCOORD: 0.1869673728942871, 0.2865627706050873

vb0[953]+000 POSITION: -0.0692451149225235, 1.4222337007522583, 0.09864678233861923
vb0[953]+012 NORMAL: -0.5627322196960449, -0.707874059677124, 0.4269036650657654
vb0[953]+024 TANGENT: -0.6474663019180298, -0.6163586378097534, -0.4482068121433258, -1.0
vb0[953]+040 BLENDWEIGHTS: 0.73046875, 0.26953125, 0.0, 0.0
vb0[953]+056 BLENDINDICES: 3, 0, 0, 0
vb0[953]+072 COLOR: 1.0, 0.5019607843137255, 0.5019607843137255, 0.2
vb0[953]+076 TEXCOORD: 0.1845390796661377, 0.28938817977905273

vb0[954]+000 POSITION: -0.0734737366437912, 1.428974986076355, 0.09652519971132278
vb0[954]+012 NORMAL: -0.6159185767173767, -0.6658612489700317, 0.42103812098503113
vb0[954]+024 TANGENT: -0.8894878625869751, -0.44273680448532104, 0.11311686038970947, -1.0
vb0[954]+040 BLENDWEIGHTS: 0.5703125, 0.4296875, 0.0, 0.0
vb0[954]+056 BLENDINDICES: 3, 0, 0, 0
vb0[954]+072 COLOR: 1.0, 0.5019607843137255, 0.5019607843137255, 0.0
vb0[954]+076 TEXCOORD: 0.1889955997467041, 0.297404021024704

vb0[955]+000 POSITION: 0.03294005244970322, 1.5122697353363037, 0.14149418473243713
vb0[955]+012 NORMAL: 0.2709737718105316, 0.05881301686167717, 0.9607884287834167
vb0[955]+024 TANGENT: 0.02997356653213501, 0.08947157114744186, 0.9955381751060486, -1.0
vb0[955]+040 BLENDWEIGHTS: 1.0, 0.0, 0.0, 0.0
vb0[955]+056 BLENDINDICES: 0, 0, 0, 0
vb0[955]+072 COLOR: 1.0, 0.5019607843137255, 0.5019607843137255, 0.396078431372549
vb0[955]+076 TEXCOORD: 0.1512465476989746, 0.2033434361219406

vb0[956]+000 POSITION: 0.03519124165177345, 1.5127050876617432, 0.14083154499530792
vb0[956]+012 NORMAL: 0.2923768162727356, 0.06203967705368996, 0.9542887210845947
vb0[956]+024 TANGENT: 0.20458614826202393, 0.1234978437423706, 0.9710266590118408, -1.0
vb0[956]+040 BLENDWEIGHTS: 1.0, 0.0, 0.0, 0.0
vb0[956]+056 BLENDINDICES: 0, 0, 0, 0
vb0[956]+072 COLOR: 1.0, 0.5019607843137255, 0.5019607843137255, 0.4
vb0[956]+076 TEXCOORD: 0.1537703275680542, 0.2041441798210144

vb0[957]+000 POSITION: 0.035222236067056656, 1.5025917291641235, 0.142154723405838
vb0[957]+012 NORMAL: 0.29197239875793457, -0.02072995714843273, 0.9562020897865295
vb0[957]+024 TANGENT: 0.10594582557678223, 0.05185388773679733, 0.9930189251899719, -1.0
vb0[957]+040 BLENDWEIGHTS: 1.0, 0.0, 0.0, 0.0
vb0[957]+056 BLENDINDICES: 0, 0, 0, 0
vb0[957]+072 COLOR: 1.0, 0.5019607843137255, 0.5019607843137255, 0.36470588235294116
vb0[957]+076 TEXCOORD: 0.15473127365112305, 0.1931484192609787

vb0[958]+000 POSITION: 0.03736891970038414, 1.502880334854126, 0.1409931778907776
vb0[958]+012 NORMAL: 0.30954575538635254, -0.020694196224212646, 0.9506592750549316
vb0[958]+024 TANGENT: 0.27654778957366943, 0.07030248641967773, 0.9584252238273621, -1.0
vb0[958]+040 BLENDWEIGHTS: 1.0, 0.0, 0.0, 0.0
vb0[958]+056 BLENDINDICES: 0, 0, 0, 0
vb0[958]+072 COLOR: 1.0, 0.5019607843137255, 0.5019607843137255, 0.4
vb0[958]+076 TEXCOORD: 0.15740829706192017, 0.19395455718040466

vb0[959]+000 POSITION: 0.041663069278001785, 1.5137903690338135, 0.14001508057117462
vb0[959]+012 NORMAL: 0.3532203137874603, 0.07586198300123215, 0.93245929479599
vb0[959]+024 TANGENT: 0.25605762004852295, 0.1519533395767212, 0.954643726348877, -1.0
vb0[959]+040 BLENDWEIGHTS: 1.0, 0.0, 0.0, 0.0
vb0[959]+056 BLENDINDICES: 0, 0, 0, 0
vb0[959]+072 COLOR: 1.0, 0.5019607843137255, 0.5019607843137255, 0.5019607843137255
vb0[959]+076 TEXCOORD: 0.16044354438781738, 0.2060360610485077

vb0[960]+000 POSITION: 0.04519609361886978, 1.5035516023635864, 0.1404133439064026
vb0[960]+012 NORMAL: 0.37646856904029846, -0.011212167330086231, 0.9263615608215332
vb0[960]+024 TANGENT: 0.27891474962234497, 0.07583487033843994, 0.9573168754577637, -1.0
vb0[960]+040 BLENDWEIGHTS: 1.0, 0.0, 0.0, 0.0
vb0[960]+056 BLENDINDICES: 0, 0, 0, 0
vb0[960]+072 COLOR: 1.0, 0.5019607843137255, 0.5019607843137255, 0.5019607843137255
vb0[960]+076 TEXCOORD: 0.1654200553894043, 0.19577953219413757

vb0[961]+000 POSITION: 0.049936991184949875, 1.5153847932815552, 0.1358809769153595
vb0[961]+012 NORMAL: 0.4338090717792511, 0.0919313058257103, 0.8963025808334351
vb0[961]+024 TANGENT: 0.4463101625442505, 0.1958184391260147, 0.8731909394264221, -1.0
vb0[961]+040 BLENDWEIGHTS: 1.0, 0.0, 0.0, 0.0
vb0[961]+056 BLENDINDICES: 0, 0, 0, 0
vb0[961]+072 COLOR: 1.0, 0.5019607843137255, 0.5019607843137255, 0.5019607843137255
vb0[961]+076 TEXCOORD: 0.1698460578918457, 0.20930345356464386

vb0[962]+000 POSITION: 0.053317006677389145, 1.5046485662460327, 0.13587865233421326
vb0[962]+012 NORMAL: 0.4597513973712921, 0.0017110410844907165, 0.8880459070205688
vb0[962]+024 TANGENT: 0.4837068021297455, 0.12729215621948242, 0.865924060344696, -1.0
vb0[962]+040 BLENDWEIGHTS: 1.0, 0.0, 0.0, 0.0
vb0[962]+056 BLENDINDICES: 0, 0, 0, 0
vb0[962]+072 COLOR: 1.0, 0.5019607843137255, 0.5019607843137255, 0.5019607843137255
vb0[962]+076 TEXCOORD: 0.17489099502563477, 0.19863280653953552

vb0[963]+000 POSITION: 0.058958325535058975, 1.5172975063323975, 0.13025051355361938
vb0[963]+012 NORMAL: 0.526466429233551, 0.11271673440933228, 0.8426910042762756
vb0[963]+024 TANGENT: 0.6587956547737122, 0.2638634145259857, 0.7045312523841858, -1.0
vb0[963]+040 BLENDWEIGHTS: 1.0, 0.0, 0.0, 0.0
vb0[963]+056 BLENDINDICES: 0, 0, 0, 0
vb0[963]+072 COLOR: 1.0, 0.5019607843137255, 0.5019607843137255, 0.5019607843137255
vb0[963]+076 TEXCOORD: 0.1805717945098877, 0.21331453323364258

vb0[964]+000 POSITION: 0.06286072731018066, 1.5058599710464478, 0.13015173375606537
vb0[964]+012 NORMAL: 0.5524676442146301, 0.016621116548776627, 0.8333686590194702
vb0[964]+024 TANGENT: 0.6794523596763611, 0.1813868135213852, 0.7109453082084656, -1.0
vb0[964]+040 BLENDWEIGHTS: 1.0, 0.0, 0.0, 0.0
vb0[964]+056 BLENDINDICES: 0, 0, 0, 0
vb0[964]+072 COLOR: 1.0, 0.5019607843137255, 0.5019607843137255, 0.5019607843137255
vb0[964]+076 TEXCOORD: 0.186204195022583, 0.20193883776664734

vb0[965]+000 POSITION: 0.06458403915166855, 1.518584966659546, 0.12072564661502838
vb0[965]+012 NORMAL: 0.6106665134429932, 0.13245046138763428, 0.7807324528694153
vb0[965]+024 TANGENT: 0.800445020198822, 0.3038730323314667, 0.5166709423065186, -1.0
vb0[965]+040 BLENDWEIGHTS: 1.0, 0.0, 0.0, 0.0
vb0[965]+056 BLENDINDICES: 0, 0, 0, 0
vb0[965]+072 COLOR: 1.0, 0.5019607843137255, 0.5019607843137255, 0.0
vb0[965]+076 TEXCOORD: 0.19189241528511047, 0.21798406541347504

vb0[966]+000 POSITION: 0.06840896606445312, 1.506669282913208, 0.12133843451738358
vb0[966]+012 NORMAL: 0.6332631707191467, 0.0291355699300766, 0.7733878493309021
vb0[966]+024 TANGENT: 0.8119463920593262, 0.24239979684352875, 0.5310229063034058, -1.0
vb0[966]+040 BLENDWEIGHTS: 1.0, 0.0, 0.0, 0.0
vb0[966]+056 BLENDINDICES: 0, 0, 0, 0
vb0[966]+072 COLOR: 1.0, 0.5019607843137255, 0.5019607843137255, 0.30196078431372547
vb0[966]+076 TEXCOORD: 0.19669848680496216, 0.20519337058067322

vb0[967]+000 POSITION: 0.07122480124235153, 1.4947869777679443, 0.12078295648097992
vb0[967]+012 NORMAL: 0.6386604309082031, -0.08219929784536362, 0.7650856971740723
vb0[967]+024 TANGENT: 0.8010099530220032, 0.09719084948301315, 0.59070885181427, -1.0
vb0[967]+040 BLENDWEIGHTS: 1.0, 0.0, 0.0, 0.0
vb0[967]+056 BLENDINDICES: 0, 0, 0, 0
vb0[967]+072 COLOR: 1.0, 0.5019607843137255, 0.5019607843137255, 0.30196078431372547
vb0[967]+076 TEXCOORD: 0.20168626308441162, 0.19314679503440857

vb0[968]+000 POSITION: 0.07671449333429337, 1.495415449142456, 0.11430888622999191
vb0[968]+012 NORMAL: 0.7008823156356812, -0.08043985068798065, 0.7087266445159912
vb0[968]+024 TANGENT: 0.8473777174949646, 0.06595457345247269, 0.5268785953521729, -1.0
vb0[968]+040 BLENDWEIGHTS: 1.0, 0.0, 0.0, 0.0
vb0[968]+056 BLENDINDICES: 0, 0, 0, 0
vb0[968]+072 COLOR: 1.0, 0.5019607843137255, 0.5019607843137255, 0.0
vb0[968]+076 TEXCOORD: 0.21039701998233795, 0.19532549381256104

vb0[969]+000 POSITION: 0.07200189679861069, 1.4843741655349731, 0.12042301148176193
vb0[969]+012 NORMAL: 0.6373288035392761, -0.16976428031921387, 0.7516595721244812
vb0[969]+024 TANGENT: 0.8212915658950806, -0.014744042418897152, 0.5703181028366089, -1.0
vb0[969]+040 BLENDWEIGHTS: 1.0, 0.0, 0.0, 0.0
vb0[969]+056 BLENDINDICES: 0, 0, 0, 0
vb0[969]+072 COLOR: 1.0, 0.5019607843137255, 0.5019607843137255, 0.30196078431372547
vb0[969]+076 TEXCOORD: 0.20459198951721191, 0.18233557045459747

vb0[970]+000 POSITION: 0.07755258679389954, 1.4844847917556763, 0.11343657970428467
vb0[970]+012 NORMAL: 0.7044024467468262, -0.17147502303123474, 0.6887768507003784
vb0[970]+024 TANGENT: 0.8813217282295227, -0.014539183117449284, 0.47229304909706116, -1.0
vb0[970]+040 BLENDWEIGHTS: 0.974609375, 0.025390625, 0.0, 0.0
vb0[970]+056 BLENDINDICES: 0, 2, 0, 0
vb0[970]+072 COLOR: 1.0, 0.5019607843137255, 0.5019607843137255, 0.30196078431372547
vb0[970]+076 TEXCOORD: 0.21366000175476074, 0.184175506234169

vb0[971]+000 POSITION: 0.06550011038780212, 1.4941741228103638, 0.12998059391975403
vb0[971]+012 NORMAL: 0.5614104866981506, -0.08242575079202652, 0.823422372341156
vb0[971]+024 TANGENT: 0.6907297968864441, 0.08678460121154785, 0.7178863286972046, -1.0
vb0[971]+040 BLENDWEIGHTS: 1.0, 0.0, 0.0, 0.0
vb0[971]+056 BLENDINDICES: 0, 0, 0, 0
vb0[971]+072 COLOR: 1.0, 0.5019607843137255, 0.5019607843137255, 0.5019607843137255
vb0[971]+076 TEXCOORD: 0.19083404541015625, 0.19021955132484436

vb0[972]+000 POSITION: 0.06665105372667313, 1.4843047857284546, 0.12951402366161346
vb0[972]+012 NORMAL: 0.5677102208137512, -0.1658683717250824, 0.8063453435897827
vb0[972]+024 TANGENT: 0.7020821571350098, -0.013093829154968262, 0.7119755744934082, -1.0
vb0[972]+040 BLENDWEIGHTS: 0.9814453125, 0.0185546875, 0.0, 0.0
vb0[972]+056 BLENDINDICES: 0, 6, 0, 0
vb0[972]+072 COLOR: 1.0, 0.5019607843137255, 0.5019607843137255, 0.5019607843137255
vb0[972]+076 TEXCOORD: 0.19379639625549316, 0.180182084441185

vb0[973]+000 POSITION: 0.05731561407446861, 1.483989953994751, 0.1345636397600174
vb0[973]+012 NORMAL: 0.4816395938396454, -0.16978313028812408, 0.8597657680511475
vb0[973]+024 TANGENT: 0.5048055648803711, -0.034685250371694565, 0.862535834312439, -1.0
vb0[973]+040 BLENDWEIGHTS: 0.9814453125, 0.0185546875, 0.0, 0.0
vb0[973]+056 BLENDINDICES: 0, 6, 0, 0
vb0[973]+072 COLOR: 1.0, 0.5019607843137255, 0.5019607843137255, 0.5019607843137255
vb0[973]+076 TEXCOORD: 0.18288707733154297, 0.17802868783473969

vb0[974]+000 POSITION: 0.055902399122714996, 1.4935009479522705, 0.13539282977581024
vb0[974]+012 NORMAL: 0.47596949338912964, -0.09028048068284988, 0.8748156428337097
vb0[974]+024 TANGENT: 0.5022447109222412, 0.04951823130249977, 0.8633065223693848, -1.0
vb0[974]+040 BLENDWEIGHTS: 1.0, 0.0, 0.0, 0.0
vb0[974]+056 BLENDINDICES: 0, 0, 0, 0
vb0[974]+072 COLOR: 1.0, 0.5019607843137255, 0.5019607843137255, 0.5019607843137255
vb0[974]+076 TEXCOORD: 0.17953896522521973, 0.1875561773777008

vb0[975]+000 POSITION: 0.07730857282876968, 1.4746612310409546, 0.11281715333461761
vb0[975]+012 NORMAL: 0.6934718489646912, -0.25311726331710815, 0.6745579838752747
vb0[975]+024 TANGENT: 0.8740589618682861, -0.08912348747253418, 0.4775750935077667, -1.0
vb0[975]+040 BLENDWEIGHTS: 0.90625, 0.09375, 0.0, 0.0
vb0[975]+056 BLENDINDICES: 0, 2, 0, 0
vb0[975]+072 COLOR: 1.0, 0.5019607843137255, 0.5019607843137255, 0.4
vb0[975]+076 TEXCOORD: 0.21611928939819336, 0.1741873025894165

vb0[976]+000 POSITION: 0.049796562641859055, 1.483771800994873, 0.13926298916339874
vb0[976]+012 NORMAL: 0.40274524688720703, -0.17538969218730927, 0.8983511328697205
vb0[976]+024 TANGENT: 0.2984502613544464, -0.08477264642715454, 0.9506530165672302, -1.0
vb0[976]+040 BLENDWEIGHTS: 0.982421875, 0.017578125, 0.0, 0.0
vb0[976]+056 BLENDINDICES: 0, 6, 0, 0
vb0[976]+072 COLOR: 1.0, 0.5019607843137255, 0.5019607843137255, 0.5019607843137255
vb0[976]+076 TEXCOORD: 0.17428278923034668, 0.1763845533132553

vb0[977]+000 POSITION: 0.04824976995587349, 1.4929218292236328, 0.14014959335327148
vb0[977]+012 NORMAL: 0.395788311958313, -0.09878593683242798, 0.9130131602287292
vb0[977]+024 TANGENT: 0.29976314306259155, 0.002008914714679122, 0.9540114998817444, -1.0
vb0[977]+040 BLENDWEIGHTS: 1.0, 0.0, 0.0, 0.0
vb0[977]+056 BLENDINDICES: 0, 0, 0, 0
vb0[977]+072 COLOR: 1.0, 0.5019607843137255, 0.5019607843137255, 0.5019607843137255
vb0[977]+076 TEXCOORD: 0.17035460472106934, 0.18532916903495789

vb0[978]+000 POSITION: 0.039618633687496185, 1.4925042390823364, 0.1405758112668991
vb0[978]+012 NORMAL: 0.32235875725746155, -0.1081627607345581, 0.9404177069664001
vb0[978]+024 TANGENT: 0.33391281962394714, -0.003679573303088546, 0.9425967931747437, -1.0
vb0[978]+040 BLENDWEIGHTS: 1.0, 0.0, 0.0, 0.0
vb0[978]+056 BLENDINDICES: 0, 0, 0, 0
vb0[978]+072 COLOR: 1.0, 0.5019607843137255, 0.5019607843137255, 0.4
vb0[978]+076 TEXCOORD: 0.1617479920387268, 0.1834183633327484

vb0[979]+000 POSITION: 0.040714237838983536, 1.4833965301513672, 0.13960884511470795
vb0[979]+012 NORMAL: 0.3322228789329529, -0.18442903459072113, 0.9249940514564514
vb0[979]+024 TANGENT: -0.17251098155975342, -0.3142833709716797, 0.933523416519165, -1.0
vb0[979]+040 BLENDWEIGHTS: 0.9765625, 0.0234375, 0.0, 0.0
vb0[979]+056 BLENDINDICES: 0, 6, 0, 0
vb0[979]+072 COLOR: 1.0, 0.5019607843137255, 0.5019607843137255, 0.0
vb0[979]+076 TEXCOORD: 0.16510343551635742, 0.17421205341815948

vb0[980]+000 POSITION: 0.03746416047215462, 1.4923347234725952, 0.14232459664344788
vb0[980]+012 NORMAL: 0.29903680086135864, -0.10769573599100113, 0.9481448531150818
vb0[980]+024 TANGENT: 0.1761302500963211, -0.014880716800689697, 0.9842543601989746, -1.0
vb0[980]+040 BLENDWEIGHTS: 1.0, 0.0, 0.0, 0.0
vb0[980]+056 BLENDINDICES: 0, 0, 0, 0
vb0[980]+072 COLOR: 1.0, 0.5019607843137255, 0.5019607843137255, 0.3254901960784314
vb0[980]+076 TEXCOORD: 0.1589655876159668, 0.18269647657871246

vb0[981]+000 POSITION: 0.03897731378674507, 1.4829652309417725, 0.14172281324863434
vb0[981]+012 NORMAL: 0.30655616521835327, -0.18546156585216522, 0.9336099028587341
vb0[981]+024 TANGENT: 0.2555910348892212, -0.06607496738433838, 0.9645244479179382, -1.0
vb0[981]+040 BLENDWEIGHTS: 0.974609375, 0.025390625, 0.0, 0.0
vb0[981]+056 BLENDINDICES: 0, 6, 0, 0
vb0[981]+072 COLOR: 1.0, 0.5019607843137255, 0.5019607843137255, 0.28627450980392155
vb0[981]+076 TEXCOORD: 0.1624186635017395, 0.1733030080795288

vb0[982]+000 POSITION: 0.03590259328484535, 1.4828232526779175, 0.1405416876077652
vb0[982]+012 NORMAL: 0.2477012276649475, -0.19841590523719788, 0.9483013153076172
vb0[982]+024 TANGENT: -0.9828208684921265, -0.16649557650089264, -0.07963913679122925, -1.0
vb0[982]+040 BLENDWEIGHTS: 0.9716796875, 0.0283203125, 0.0, 0.0
vb0[982]+056 BLENDINDICES: 0, 6, 0, 0
vb0[982]+072 COLOR: 1.0, 0.5019607843137255, 0.5019607843137255, 0.28627450980392155
vb0[982]+076 TEXCOORD: 0.15920424461364746, 0.1722985953092575

vb0[983]+000 POSITION: 0.034098852425813675, 1.4917669296264648, 0.14126387238502502
vb0[983]+012 NORMAL: 0.23936979472637177, -0.12373348325490952, 0.9630120396614075
vb0[983]+024 TANGENT: -0.9690533876419067, -0.24517235159873962, 0.028740882873535156, -1.0
vb0[983]+040 BLENDWEIGHTS: 1.0, 0.0, 0.0, 0.0
vb0[983]+056 BLENDINDICES: 0, 0, 0, 0
vb0[983]+072 COLOR: 1.0, 0.5019607843137255, 0.5019607843137255, 0.27450980392156865
vb0[983]+076 TEXCOORD: 0.15544986724853516, 0.18112675845623016

vb0[984]+000 POSITION: 0.03175773844122887, 1.5020133256912231, 0.14121289551258087
vb0[984]+012 NORMAL: 0.2278042882680893, -0.03487923741340637, 0.9730821251869202
vb0[984]+024 TANGENT: 0.3008488416671753, -0.12245506793260574, 0.9457773566246033, -1.0
vb0[984]+040 BLENDWEIGHTS: 1.0, 0.0, 0.0, 0.0
vb0[984]+056 BLENDINDICES: 0, 0, 0, 0
vb0[984]+072 COLOR: 1.0, 0.5019607843137255, 0.5019607843137255, 0.0
vb0[984]+076 TEXCOORD: 0.14971113204956055, 0.19087743759155273

vb0[985]+000 POSITION: 0.035222236067056656, 1.5025917291641235, 0.142154723405838
vb0[985]+012 NORMAL: 0.29197239875793457, -0.02072995714843273, 0.9562020897865295
vb0[985]+024 TANGENT: 0.10594582557678223, 0.05185388773679733, 0.9930189251899719, -1.0
vb0[985]+040 BLENDWEIGHTS: 1.0, 0.0, 0.0, 0.0
vb0[985]+056 BLENDINDICES: 0, 0, 0, 0
vb0[985]+072 COLOR: 1.0, 0.5019607843137255, 0.5019607843137255, 0.3607843137254902
vb0[985]+076 TEXCOORD: 0.15473127365112305, 0.1931484192609787

vb0[986]+000 POSITION: 0.04026663675904274, 1.4732205867767334, 0.14034295082092285
vb0[986]+012 NORMAL: 0.31858402490615845, -0.26129862666130066, 0.911168098449707
vb0[986]+024 TANGENT: 0.22118164598941803, -0.14411962032318115, 0.9645248651504517, -1.0
vb0[986]+040 BLENDWEIGHTS: 0.876953125, 0.123046875, 0.0, 0.0
vb0[986]+056 BLENDINDICES: 0, 6, 0, 0
vb0[986]+072 COLOR: 1.0, 0.5019607843137255, 0.5019607843137255, 0.25098039215686274
vb0[986]+076 TEXCOORD: 0.16585779190063477, 0.1635606288909912

vb0[987]+000 POSITION: 0.041957639157772064, 1.473733901977539, 0.13851886987686157
vb0[987]+012 NORMAL: 0.3960714638233185, -0.24886605143547058, 0.8838512897491455
vb0[987]+024 TANGENT: 0.8788783550262451, 0.15228785574436188, -0.45208555459976196, -1.0
vb0[987]+040 BLENDWEIGHTS: 0.880859375, 0.119140625, 0.0, 0.0
vb0[987]+056 BLENDINDICES: 0, 6, 0, 0
vb0[987]+072 COLOR: 1.0, 0.5019607843137255, 0.5019607843137255, 0.25098039215686274
vb0[987]+076 TEXCOORD: 0.16808676719665527, 0.16440142691135406

vb0[988]+000 POSITION: 0.04249211773276329, 1.465214490890503, 0.13730132579803467
vb0[988]+012 NORMAL: 0.39004215598106384, -0.3161202073097229, 0.8648325204849243
vb0[988]+024 TANGENT: 0.9063335061073303, 0.11930643767118454, -0.4053707718849182, -1.0
vb0[988]+040 BLENDWEIGHTS: 0.75, 0.25, 0.0, 0.0
vb0[988]+056 BLENDINDICES: 0, 6, 0, 0
vb0[988]+072 COLOR: 1.0, 0.5019607843137255, 0.5019607843137255, 0.2235294117647059
vb0[988]+076 TEXCOORD: 0.17053335905075073, 0.1556462198495865

vb0[989]+000 POSITION: 0.04129897058010101, 1.4647221565246582, 0.13850189745426178
vb0[989]+012 NORMAL: 0.31804338097572327, -0.32908570766448975, 0.8891293406486511
vb0[989]+024 TANGENT: 0.20278066396713257, -0.20988976955413818, 0.956465482711792, -1.0
vb0[989]+040 BLENDWEIGHTS: 0.744140625, 0.255859375, 0.0, 0.0
vb0[989]+056 BLENDINDICES: 0, 6, 0, 0
vb0[989]+072 COLOR: 1.0, 0.5019607843137255, 0.5019607843137255, 0.2235294117647059
vb0[989]+076 TEXCOORD: 0.16890645027160645, 0.15498137474060059

vb0[990]+000 POSITION: 0.03917689993977547, 1.4646859169006348, 0.1375354379415512
vb0[990]+012 NORMAL: 0.2618880569934845, -0.34354692697525024, 0.9018814563751221
vb0[990]+024 TANGENT: -0.9741907119750977, -0.15469050407409668, -0.16438770294189453, -1.0
vb0[990]+040 BLENDWEIGHTS: 0.7373046875, 0.2626953125, 0.0, 0.0
vb0[990]+056 BLENDINDICES: 0, 6, 0, 0
vb0[990]+072 COLOR: 1.0, 0.5019607843137255, 0.5019607843137255, 0.2235294117647059
vb0[990]+076 TEXCOORD: 0.16704297065734863, 0.15426376461982727

vb0[991]+000 POSITION: 0.0377328023314476, 1.4731407165527344, 0.13920769095420837
vb0[991]+012 NORMAL: 0.2546839714050293, -0.27752941846847534, 0.9263442158699036
vb0[991]+024 TANGENT: -0.9779149293899536, -0.1682262420654297, -0.12402523308992386, -1.0
vb0[991]+040 BLENDWEIGHTS: 0.87109375, 0.12890625, 0.0, 0.0
vb0[991]+056 BLENDINDICES: 0, 6, 0, 0
vb0[991]+072 COLOR: 1.0, 0.5019607843137255, 0.5019607843137255, 0.25098039215686274
vb0[991]+076 TEXCOORD: 0.16327190399169922, 0.16269150376319885

vb0[992]+000 POSITION: 0.04186812788248062, 1.4566816091537476, 0.13625410199165344
vb0[992]+012 NORMAL: 0.31592869758605957, -0.38984760642051697, 0.8649901747703552
vb0[992]+024 TANGENT: 0.16764599084854126, -0.2524949014186859, 0.9529643654823303, -1.0
vb0[992]+040 BLENDWEIGHTS: 0.583984375, 0.416015625, 0.0, 0.0
vb0[992]+056 BLENDINDICES: 0, 6, 0, 0
vb0[992]+072 COLOR: 1.0, 0.5019607843137255, 0.5019607843137255, 0.2
vb0[992]+076 TEXCOORD: 0.1716139316558838, 0.1466800421476364

vb0[993]+000 POSITION: 0.04037706181406975, 1.4566776752471924, 0.13575004041194916
vb0[993]+012 NORMAL: 0.27020207047462463, -0.4003666043281555, 0.8756126165390015
vb0[993]+024 TANGENT: -0.9791962504386902, -0.13089250028133392, -0.15505431592464447, -1.0
vb0[993]+040 BLENDWEIGHTS: 0.580078125, 0.419921875, 0.0, 0.0
vb0[993]+056 BLENDINDICES: 0, 6, 0, 0
vb0[993]+072 COLOR: 1.0, 0.5019607843137255, 0.5019607843137255, 0.2
vb0[993]+076 TEXCOORD: 0.17042827606201172, 0.14623282849788666

vb0[994]+000 POSITION: 0.042135290801525116, 1.450289249420166, 0.13437597453594208
vb0[994]+012 NORMAL: 0.3137221932411194, -0.4357527196407318, 0.8436218500137329
vb0[994]+024 TANGENT: 0.1323174685239792, -0.286685049533844, 0.9488433003425598, -1.0
vb0[994]+040 BLENDWEIGHTS: 0.556640625, 0.443359375, 0.0, 0.0
vb0[994]+056 BLENDINDICES: 6, 0, 0, 0
vb0[994]+072 COLOR: 1.0, 0.5019607843137255, 0.5019607843137255, 0.14901960784313725
vb0[994]+076 TEXCOORD: 0.1736583709716797, 0.14002037048339844

vb0[995]+000 POSITION: 0.04275199770927429, 1.4504761695861816, 0.13407815992832184
vb0[995]+012 NORMAL: 0.36553797125816345, -0.42767608165740967, 0.8267255425453186
vb0[995]+024 TANGENT: 0.9564917683601379, 0.04396175965666771, -0.28842809796333313, -1.0
vb0[995]+040 BLENDWEIGHTS: 0.552734375, 0.447265625, 0.0, 0.0
vb0[995]+056 BLENDINDICES: 6, 0, 0, 0
vb0[995]+072 COLOR: 1.0, 0.5019607843137255, 0.5019607843137255, 0.14901960784313725
vb0[995]+076 TEXCOORD: 0.1743466854095459, 0.14029145240783691

vb0[996]+000 POSITION: 0.04278617352247238, 1.4569910764694214, 0.13562248647212982
vb0[996]+012 NORMAL: 0.3796577751636505, -0.37986648082733154, 0.8435410261154175
vb0[996]+024 TANGENT: 0.9322635531425476, 0.07941651344299316, -0.35295575857162476, -1.0
vb0[996]+040 BLENDWEIGHTS: 0.58984375, 0.41015625, 0.0, 0.0
vb0[996]+056 BLENDINDICES: 0, 6, 0, 0
vb0[996]+072 COLOR: 1.0, 0.5019607843137255, 0.5019607843137255, 0.2
vb0[996]+076 TEXCOORD: 0.1727449893951416, 0.14710508286952972

vb0[997]+000 POSITION: 0.041234564036130905, 1.4502546787261963, 0.1341068595647812
vb0[997]+012 NORMAL: 0.27754417061805725, -0.44381198287010193, 0.8520564436912537
vb0[997]+024 TANGENT: -0.985473096370697, -0.1075250431895256, -0.13145756721496582, -1.0
vb0[997]+040 BLENDWEIGHTS: 0.560546875, 0.439453125, 0.0, 0.0
vb0[997]+056 BLENDINDICES: 6, 0, 0, 0
vb0[997]+072 COLOR: 1.0, 0.5019607843137255, 0.5019607843137255, 0.14901960784313725
vb0[997]+076 TEXCOORD: 0.17300868034362793, 0.13973592221736908

vb0[998]+000 POSITION: 0.042324718087911606, 1.4421648979187012, 0.13172078132629395
vb0[998]+012 NORMAL: 0.3057522773742676, -0.49210673570632935, 0.8150745630264282
vb0[998]+024 TANGENT: 0.03354280814528465, -0.9567532539367676, -0.28896012902259827, -1.0
vb0[998]+040 BLENDWEIGHTS: 0.74609375, 0.25390625, 0.0, 0.0
vb0[998]+056 BLENDINDICES: 6, 0, 0, 0
vb0[998]+072 COLOR: 1.0, 0.5019607843137255, 0.5019607843137255, 0.0
vb0[998]+076 TEXCOORD: 0.1760883331298828, 0.1314246654510498

vb0[999]+000 POSITION: 0.030987044796347618, 1.5117727518081665, 0.14099979400634766
vb0[999]+012 NORMAL: 0.2232058197259903, 0.047832343727350235, 0.9735971093177795
vb0[999]+024 TANGENT: 0.23774465918540955, 0.08919369429349899, 0.9672237634658813, -1.0
vb0[999]+040 BLENDWEIGHTS: 1.0, 0.0, 0.0, 0.0
vb0[999]+056 BLENDINDICES: 0, 0, 0, 0
vb0[999]+072 COLOR: 1.0, 0.5019607843137255, 0.5019607843137255, 0.0
vb0[999]+076 TEXCOORD: 0.1487138271331787, 0.20174163579940796

vb0[1000]+000 POSITION: 0.07903604954481125, 1.4635796546936035, 0.10347730666399002
vb0[1000]+012 NORMAL: 0.7191550731658936, -0.34930089116096497, 0.600670337677002
vb0[1000]+024 TANGENT: 0.9302676916122437, -0.13999348878860474, 0.3391221761703491, -1.0
vb0[1000]+040 BLENDWEIGHTS: 0.791015625, 0.208984375, 0.0, 0.0
vb0[1000]+056 BLENDINDICES: 0, 2, 0, 0
vb0[1000]+072 COLOR: 1.0, 0.5019607843137255, 0.5019607843137255, 0.5019607843137255
vb0[1000]+076 TEXCOORD: 0.22762107849121094, 0.16421633958816528

vb0[1001]+000 POSITION: 0.08011199533939362, 1.474561095237732, 0.10362320393323898
vb0[1001]+012 NORMAL: 0.7438891530036926, -0.2624967396259308, 0.6145928502082825
vb0[1001]+024 TANGENT: 0.9433346390724182, -0.07149337977170944, 0.3240499198436737, -1.0
vb0[1001]+040 BLENDWEIGHTS: 0.9140625, 0.0859375, 0.0, 0.0
vb0[1001]+056 BLENDINDICES: 0, 2, 0, 0
vb0[1001]+072 COLOR: 1.0, 0.5019607843137255, 0.5019607843137255, 0.5019607843137255
vb0[1001]+076 TEXCOORD: 0.2261357307434082, 0.17574676871299744

vb0[1002]+000 POSITION: 0.07609286904335022, 1.4643306732177734, 0.11233160644769669
vb0[1002]+012 NORMAL: 0.6688286662101746, -0.3357400596141815, 0.6632848381996155
vb0[1002]+024 TANGENT: 0.8355759978294373, -0.15848463773727417, 0.526018500328064, -1.0
vb0[1002]+040 BLENDWEIGHTS: 0.787109375, 0.212890625, 0.0, 0.0
vb0[1002]+056 BLENDINDICES: 0, 2, 0, 0
vb0[1002]+072 COLOR: 1.0, 0.5019607843137255, 0.5019607843137255, 0.5019607843137255
vb0[1002]+076 TEXCOORD: 0.21787476539611816, 0.1634201854467392

vb0[1003]+000 POSITION: 0.07409807294607162, 1.4542505741119385, 0.11226476728916168
vb0[1003]+012 NORMAL: 0.6402578353881836, -0.4093911349773407, 0.6499760150909424
vb0[1003]+024 TANGENT: 0.7923611402511597, -0.2065977305173874, 0.5740044116973877, -1.0
vb0[1003]+040 BLENDWEIGHTS: 0.62109375, 0.37890625, 0.0, 0.0
vb0[1003]+056 BLENDINDICES: 0, 2, 0, 0
vb0[1003]+072 COLOR: 1.0, 0.5019607843137255, 0.5019607843137255, 0.5019607843137255
vb0[1003]+076 TEXCOORD: 0.21894502639770508, 0.15264320373535156

vb0[1004]+000 POSITION: 0.07706611603498459, 1.453323483467102, 0.10331886261701584
vb0[1004]+012 NORMAL: 0.6867721080780029, -0.42968615889549255, 0.5862711668014526
vb0[1004]+024 TANGENT: 0.9118487238883972, -0.21660804748535156, 0.34873029589653015, -1.0
vb0[1004]+040 BLENDWEIGHTS: 0.623046875, 0.376953125, 0.0, 0.0
vb0[1004]+056 BLENDINDICES: 0, 2, 0, 0
vb0[1004]+072 COLOR: 1.0, 0.5019607843137255, 0.5019607843137255, 0.5019607843137255
vb0[1004]+076 TEXCOORD: 0.22876930236816406, 0.15327034890651703

vb0[1005]+000 POSITION: 0.08249606192111969, 1.4515389204025269, 0.08903250843286514
vb0[1005]+012 NORMAL: 0.7513541579246521, -0.4593903124332428, 0.47373777627944946
vb0[1005]+024 TANGENT: 0.9446852803230286, -0.24893377721309662, 0.21354518830776215, -1.0
vb0[1005]+040 BLENDWEIGHTS: 0.625, 0.375, 0.0, 0.0
vb0[1005]+056 BLENDINDICES: 0, 2, 0, 0
vb0[1005]+072 COLOR: 1.0, 0.5019607843137255, 0.5019607843137255, 0.5019607843137255
vb0[1005]+076 TEXCOORD: 0.24485301971435547, 0.15412694215774536

vb0[1006]+000 POSITION: 0.08506204187870026, 1.462397575378418, 0.08766869455575943
vb0[1006]+012 NORMAL: 0.7946760058403015, -0.37342408299446106, 0.4785858988761902
vb0[1006]+024 TANGENT: 0.9630712866783142, -0.15822041034698486, 0.21785318851470947, -1.0
vb0[1006]+040 BLENDWEIGHTS: 0.802734375, 0.197265625, 0.0, 0.0
vb0[1006]+056 BLENDINDICES: 0, 2, 0, 0
vb0[1006]+072 COLOR: 1.0, 0.5019607843137255, 0.5019607843137255, 0.5019607843137255
vb0[1006]+076 TEXCOORD: 0.24549078941345215, 0.16589246690273285

vb0[1007]+000 POSITION: 0.07122041285037994, 1.4746133089065552, 0.11984650045633316
vb0[1007]+012 NORMAL: 0.6408646106719971, -0.2529868185520172, 0.7247690558433533
vb0[1007]+024 TANGENT: 0.8239110708236694, -0.11887627094984055, 0.5541110038757324, -1.0
vb0[1007]+040 BLENDWEIGHTS: 1.0, 0.0, 0.0, 0.0
vb0[1007]+056 BLENDINDICES: 0, 0, 0, 0
vb0[1007]+072 COLOR: 1.0, 0.5019607843137255, 0.5019607843137255, 0.0
vb0[1007]+076 TEXCOORD: 0.2064608335494995, 0.1719144731760025

vb0[1008]+000 POSITION: 0.06676729023456573, 1.474405288696289, 0.1288364827632904
vb0[1008]+012 NORMAL: 0.5656401515007019, -0.24487538635730743, 0.7874561548233032
vb0[1008]+024 TANGENT: 0.7071947455406189, -0.10221213847398758, 0.6995915770530701, -1.0
vb0[1008]+040 BLENDWEIGHTS: 0.888671875, 0.111328125, 0.0, 0.0
vb0[1008]+056 BLENDINDICES: 0, 6, 0, 0
vb0[1008]+072 COLOR: 1.0, 0.5019607843137255, 0.5019607843137255, 0.5019607843137255
vb0[1008]+076 TEXCOORD: 0.19596433639526367, 0.1700093001127243

vb0[1009]+000 POSITION: 0.0661592110991478, 1.465200662612915, 0.12792092561721802
vb0[1009]+012 NORMAL: 0.5552265644073486, -0.3160335421562195, 0.7693153619766235
vb0[1009]+024 TANGENT: 0.7153645157814026, -0.17513956129550934, 0.6764464974403381, -1.0
vb0[1009]+040 BLENDWEIGHTS: 0.7530607581138611, 0.2469392567873001, 0.0, 0.0
vb0[1009]+056 BLENDINDICES: 0, 6, 0, 0
vb0[1009]+072 COLOR: 1.0, 0.5019607843137255, 0.5019607843137255, 0.5019607843137255
vb0[1009]+076 TEXCOORD: 0.19746828079223633, 0.16041512787342072

vb0[1010]+000 POSITION: 0.057638105005025864, 1.4655532836914062, 0.13212954998016357
vb0[1010]+012 NORMAL: 0.4709461033344269, -0.313806414604187, 0.8244606852531433
vb0[1010]+024 TANGENT: 0.47792014479637146, -0.1605338454246521, 0.8636094331741333, -1.0
vb0[1010]+040 BLENDWEIGHTS: 0.7578125, 0.2421875, 0.0, 0.0
vb0[1010]+056 BLENDINDICES: 0, 6, 0, 0
vb0[1010]+072 COLOR: 1.0, 0.5019607843137255, 0.5019607843137255, 0.25098039215686274
vb0[1010]+076 TEXCOORD: 0.18765711784362793, 0.15880116820335388

vb0[1011]+000 POSITION: 0.057762470096349716, 1.4742960929870605, 0.13324061036109924
vb0[1011]+012 NORMAL: 0.47942814230918884, -0.2470790147781372, 0.8420811891555786
vb0[1011]+024 TANGENT: 0.4946364164352417, -0.10168115794658661, 0.8631313443183899, -1.0
vb0[1011]+040 BLENDWEIGHTS: 0.890625, 0.109375, 0.0, 0.0
vb0[1011]+056 BLENDINDICES: 0, 6, 0, 0
vb0[1011]+072 COLOR: 1.0, 0.5019607843137255, 0.5019607843137255, 0.4627450980392157
vb0[1011]+076 TEXCOORD: 0.18562698364257812, 0.16800682246685028

vb0[1012]+000 POSITION: 0.06967484205961227, 1.4645588397979736, 0.11920347064733505
vb0[1012]+012 NORMAL: 0.6238536834716797, -0.3343486189842224, 0.7064117789268494
vb0[1012]+024 TANGENT: 0.912142813205719, -0.13830798864364624, -0.3858321011066437, -1.0
vb0[1012]+040 BLENDWEIGHTS: 0.7709834575653076, 0.22901654243469238, 0.0, 0.0
vb0[1012]+056 BLENDINDICES: 0, 6, 0, 0
vb0[1012]+072 COLOR: 1.0, 0.5019607843137255, 0.5019607843137255, 0.2
vb0[1012]+076 TEXCOORD: 0.20726431906223297, 0.16094255447387695

vb0[1013]+000 POSITION: 0.052147768437862396, 1.4656232595443726, 0.13544316589832306
vb0[1013]+012 NORMAL: 0.40862417221069336, -0.32114481925964355, 0.8543372750282288
vb0[1013]+024 TANGENT: 0.27556368708610535, -0.24113409221172333, 0.9305476546287537, -1.0
vb0[1013]+040 BLENDWEIGHTS: 0.76171875, 0.23828125, 0.0, 0.0
vb0[1013]+056 BLENDINDICES: 0, 6, 0, 0
vb0[1013]+072 COLOR: 1.0, 0.5019607843137255, 0.5019607843137255, 0.5019607843137255
vb0[1013]+076 TEXCOORD: 0.18139052391052246, 0.15808288753032684

vb0[1014]+000 POSITION: 0.051239751279354095, 1.4741860628128052, 0.13768182694911957
vb0[1014]+012 NORMAL: 0.40909314155578613, -0.2519177496433258, 0.877029299736023
vb0[1014]+024 TANGENT: 0.2968480587005615, -0.16216713190078735, 0.9410542249679565, -1.0
vb0[1014]+040 BLENDWEIGHTS: 0.892578125, 0.107421875, 0.0, 0.0
vb0[1014]+056 BLENDINDICES: 0, 6, 0, 0
vb0[1014]+072 COLOR: 1.0, 0.5019607843137255, 0.5019607843137255, 0.5019607843137255
vb0[1014]+076 TEXCOORD: 0.177978515625, 0.16680002212524414

vb0[1015]+000 POSITION: 0.045446984469890594, 1.4655728340148926, 0.13560111820697784
vb0[1015]+012 NORMAL: 0.3448236584663391, -0.3333950638771057, 0.877464771270752
vb0[1015]+024 TANGENT: -0.5716366767883301, -0.38397955894470215, 0.7251145839691162, -1.0
vb0[1015]+040 BLENDWEIGHTS: 0.75390625, 0.24609375, 0.0, 0.0
vb0[1015]+056 BLENDINDICES: 0, 6, 0, 0
vb0[1015]+072 COLOR: 1.0, 0.5019607843137255, 0.5019607843137255, 0.4
vb0[1015]+076 TEXCOORD: 0.17465782165527344, 0.15629136562347412

vb0[1016]+000 POSITION: 0.043104153126478195, 1.4742218255996704, 0.13784468173980713
vb0[1016]+012 NORMAL: 0.33159682154655457, -0.2628524899482727, 0.9060640931129456
vb0[1016]+024 TANGENT: -0.5485801100730896, -0.3303065299987793, 0.7680869102478027, -1.0
vb0[1016]+040 BLENDWEIGHTS: 0.88671875, 0.11328125, 0.0, 0.0
vb0[1016]+056 BLENDINDICES: 0, 6, 0, 0
vb0[1016]+072 COLOR: 1.0, 0.5019607843137255, 0.5019607843137255, 0.30196078431372547
vb0[1016]+076 TEXCOORD: 0.16968464851379395, 0.16496875882148743

vb0[1017]+000 POSITION: 0.06474911421537399, 1.45609712600708, 0.12653052806854248
vb0[1017]+012 NORMAL: 0.5422729253768921, -0.3874248266220093, 0.7455481886863708
vb0[1017]+024 TANGENT: 0.7188681960105896, -0.2624801695346832, 0.6436867713928223, -1.0
vb0[1017]+040 BLENDWEIGHTS: 0.5483593940734863, 0.45164060592651367, 0.0, 0.0
vb0[1017]+056 BLENDINDICES: 0, 6, 0, 0
vb0[1017]+072 COLOR: 1.0, 0.5019607843137255, 0.5019607843137255, 0.5019607843137255
vb0[1017]+076 TEXCOORD: 0.19884538650512695, 0.1508799046278

vb0[1018]+000 POSITION: 0.06747926026582718, 1.4553889036178589, 0.11868267506361008
vb0[1018]+012 NORMAL: 0.5983290672302246, -0.40945425629615784, 0.6887303590774536
vb0[1018]+024 TANGENT: 0.871360719203949, -0.23327621817588806, -0.4316396117210388, -1.0
vb0[1018]+040 BLENDWEIGHTS: 0.5436993837356567, 0.4563005864620209, 0.0, 0.0
vb0[1018]+056 BLENDINDICES: 0, 6, 0, 0
vb0[1018]+072 COLOR: 1.0, 0.5019607843137255, 0.5019607843137255, 0.30196078431372547
vb0[1018]+076 TEXCOORD: 0.2074938714504242, 0.15110233426094055

vb0[1019]+000 POSITION: 0.062472667545080185, 1.4480241537094116, 0.12527060508728027
vb0[1019]+012 NORMAL: 0.5191717147827148, -0.4500126540660858, 0.7266011834144592
vb0[1019]+024 TANGENT: 0.7058578133583069, -0.3502941429615021, 0.6156774163246155, -1.0
vb0[1019]+040 BLENDWEIGHTS: 0.6313281059265137, 0.36867189407348633, 0.0, 0.0
vb0[1019]+056 BLENDINDICES: 6, 0, 0, 0
vb0[1019]+072 COLOR: 1.0, 0.5019607843137255, 0.5019607843137255, 0.5019607843137255
vb0[1019]+076 TEXCOORD: 0.19996580481529236, 0.14211316406726837

vb0[1020]+000 POSITION: 0.06455567479133606, 1.4476237297058105, 0.11846417933702469
vb0[1020]+012 NORMAL: 0.5683571696281433, -0.47161993384361267, 0.6741993427276611
vb0[1020]+024 TANGENT: 0.8212293982505798, -0.35586169362068176, -0.4460320472717285, -1.0
vb0[1020]+040 BLENDWEIGHTS: 0.646484375, 0.353515625, 0.0, 0.0
vb0[1020]+056 BLENDINDICES: 6, 0, 0, 0
vb0[1020]+072 COLOR: 1.0, 0.5019607843137255, 0.5019607843137255, 0.30196078431372547
vb0[1020]+076 TEXCOORD: 0.20743370056152344, 0.1419333964586258

vb0[1021]+000 POSITION: 0.05572065711021423, 1.448743462562561, 0.12882302701473236
vb0[1021]+012 NORMAL: 0.4427069127559662, -0.43933895230293274, 0.781659722328186
vb0[1021]+024 TANGENT: -0.4417116940021515, -0.15740513801574707, 0.8832409381866455, -1.0
vb0[1021]+040 BLENDWEIGHTS: 0.591796875, 0.408203125, 0.0, 0.0
vb0[1021]+056 BLENDINDICES: 6, 0, 0, 0
vb0[1021]+072 COLOR: 1.0, 0.5019607843137255, 0.5019607843137255, 0.2
vb0[1021]+076 TEXCOORD: 0.19191765785217285, 0.14041109383106232

vb0[1022]+000 POSITION: 0.05970456823706627, 1.4411171674728394, 0.12433464825153351
vb0[1022]+012 NORMAL: 0.481431245803833, -0.49653106927871704, 0.722274899482727
vb0[1022]+024 TANGENT: 0.6990692615509033, -0.4094932973384857, 0.5861889123916626, -1.0
vb0[1022]+040 BLENDWEIGHTS: 0.7795312404632568, 0.22046875953674316, 0.0, 0.0
vb0[1022]+056 BLENDINDICES: 6, 0, 0, 0
vb0[1022]+072 COLOR: 1.0, 0.5019607843137255, 0.5019607843137255, 0.4
vb0[1022]+076 TEXCOORD: 0.20023298263549805, 0.1342986673116684

vb0[1023]+000 POSITION: 0.054221007972955704, 1.4422188997268677, 0.12702317535877228
vb0[1023]+012 NORMAL: 0.4260796308517456, -0.48534882068634033, 0.7634739875793457
vb0[1023]+024 TANGENT: -0.5921135544776917, -0.04130316525697708, 0.8047954440116882, -1.0
vb0[1023]+040 BLENDWEIGHTS: 0.744140625, 0.255859375, 0.0, 0.0
vb0[1023]+056 BLENDINDICES: 6, 0, 0, 0
vb0[1023]+072 COLOR: 1.0, 0.5019607843137255, 0.5019607843137255, 0.30196078431372547
vb0[1023]+076 TEXCOORD: 0.19371628761291504, 0.13318611681461334

vb0[1024]+000 POSITION: 0.06103389710187912, 1.4410254955291748, 0.11864766478538513
vb0[1024]+012 NORMAL: 0.5369824767112732, -0.5234625935554504, 0.6615411639213562
vb0[1024]+024 TANGENT: 0.4480937719345093, -0.38309207558631897, -0.8077453374862671, -1.0
vb0[1024]+040 BLENDWEIGHTS: 0.79296875, 0.20703125, 0.0, 0.0
vb0[1024]+056 BLENDINDICES: 6, 0, 0, 0
vb0[1024]+072 COLOR: 1.0, 0.5019607843137255, 0.5019607843137255, 0.30196078431372547
vb0[1024]+076 TEXCOORD: 0.2063920497894287, 0.13412217795848846

vb0[1025]+000 POSITION: 0.05598482862114906, 1.43477463722229, 0.12371750921010971
vb0[1025]+012 NORMAL: 0.4461585283279419, -0.5421698689460754, 0.7120354175567627
vb0[1025]+024 TANGENT: 0.6466211080551147, -0.4926099181175232, 0.5824230909347534, -1.0
vb0[1025]+040 BLENDWEIGHTS: 0.90234375, 0.09765625, 0.0, 0.0
vb0[1025]+056 BLENDINDICES: 6, 0, 0, 0
vb0[1025]+072 COLOR: 1.0, 0.5019607843137255, 0.5019607843137255, 0.30196078431372547
vb0[1025]+076 TEXCOORD: 0.1999460905790329, 0.12650352716445923

vb0[1026]+000 POSITION: 0.05235772579908371, 1.4359028339385986, 0.12568937242031097
vb0[1026]+012 NORMAL: 0.40857475996017456, -0.5271811485290527, 0.7450816035270691
vb0[1026]+024 TANGENT: -0.6935631036758423, 0.04067385196685791, 0.7192467451095581, -1.0
vb0[1026]+040 BLENDWEIGHTS: 0.8828125, 0.1171875, 0.0, 0.0
vb0[1026]+056 BLENDINDICES: 6, 0, 0, 0
vb0[1026]+072 COLOR: 1.0, 0.5019607843137255, 0.5019607843137255, 0.30196078431372547
vb0[1026]+076 TEXCOORD: 0.19561505317687988, 0.12612979114055634

vb0[1027]+000 POSITION: 0.051987141370773315, 1.4301179647445679, 0.12377303093671799
vb0[1027]+012 NORMAL: 0.41650670766830444, -0.573550283908844, 0.7053809762001038
vb0[1027]+024 TANGENT: 0.6103834509849548, -0.5467407703399658, 0.5731549263000488, -1.0
vb0[1027]+040 BLENDWEIGHTS: 0.97265625, 0.02734375, 0.0, 0.0
vb0[1027]+056 BLENDINDICES: 6, 0, 0, 0
vb0[1027]+072 COLOR: 1.0, 0.5019607843137255, 0.5019607843137255, 0.2
vb0[1027]+076 TEXCOORD: 0.19853641092777252, 0.12017691135406494

vb0[1028]+000 POSITION: 0.05020281299948692, 1.4306880235671997, 0.12475013732910156
vb0[1028]+012 NORMAL: 0.39021965861320496, -0.556688129901886, 0.733366847038269
vb0[1028]+024 TANGENT: -0.6791329383850098, 0.19670291244983673, 0.7071677446365356, -1.0
vb0[1028]+040 BLENDWEIGHTS: 0.96875, 0.03125, 0.0, 0.0
vb0[1028]+056 BLENDINDICES: 6, 0, 0, 0
vb0[1028]+072 COLOR: 1.0, 0.5019607843137255, 0.5019607843137255, 0.2
vb0[1028]+076 TEXCOORD: 0.19633030891418457, 0.11991898715496063

vb0[1029]+000 POSITION: 0.047626394778490067, 1.426076889038086, 0.12433353811502457
vb0[1029]+012 NORMAL: 0.38836511969566345, -0.6063156723976135, 0.6939407587051392
vb0[1029]+024 TANGENT: -0.6520618200302124, -0.7452653050422668, 0.13926613330841064, -1.0
vb0[1029]+040 BLENDWEIGHTS: 0.998046875, 0.001953125, 0.0, 0.0
vb0[1029]+056 BLENDINDICES: 6, 0, 0, 0
vb0[1029]+072 COLOR: 1.0, 0.5019607843137255, 0.5019607843137255, 0.0
vb0[1029]+076 TEXCOORD: 0.19643568992614746, 0.11428237706422806

vb0[1030]+000 POSITION: 0.052099499851465225, 1.4297629594802856, 0.12212689220905304
vb0[1030]+012 NORMAL: 0.4450240433216095, -0.6116228699684143, 0.6541184782981873
vb0[1030]+024 TANGENT: 0.17986415326595306, -0.605026364326477, -0.7756235599517822, -1.0
vb0[1030]+040 BLENDWEIGHTS: 0.98046875, 0.01953125, 0.0, 0.0
vb0[1030]+056 BLENDINDICES: 6, 0, 0, 0
vb0[1030]+072 COLOR: 1.0, 0.5019607843137255, 0.5019607843137255, 0.2
vb0[1030]+076 TEXCOORD: 0.2000540792942047, 0.11988327652215958

vb0[1031]+000 POSITION: 0.05567839369177818, 1.4332904815673828, 0.12054576724767685
vb0[1031]+012 NORMAL: 0.4750102758407593, -0.5874912142753601, 0.6551483273506165
vb0[1031]+024 TANGENT: 0.27609944343566895, -0.5596842765808105, -0.7813594341278076, -1.0
vb0[1031]+040 BLENDWEIGHTS: 0.939453125, 0.060546875, 0.0, 0.0
vb0[1031]+056 BLENDINDICES: 6, 0, 0, 0
vb0[1031]+072 COLOR: 1.0, 0.5019607843137255, 0.5019607843137255, 0.25098039215686274
vb0[1031]+076 TEXCOORD: 0.20273302495479584, 0.12489893287420273

vb0[1032]+000 POSITION: 0.058239586651325226, 1.4364060163497925, 0.1195186972618103
vb0[1032]+012 NORMAL: 0.5040606260299683, -0.5615447759628296, 0.6561938524246216
vb0[1032]+024 TANGENT: 0.3843986988067627, -0.4737590253353119, -0.7923319935798645, -1.0
vb0[1032]+040 BLENDWEIGHTS: 0.88671875, 0.11328125, 0.0, 0.0
vb0[1032]+056 BLENDINDICES: 6, 0, 0, 0
vb0[1032]+072 COLOR: 1.0, 0.5019607843137255, 0.5019607843137255, 0.30196078431372547
vb0[1032]+076 TEXCOORD: 0.20470958948135376, 0.12862208485603333

vb0[1033]+000 POSITION: 0.056684572249650955, 1.4567930698394775, 0.1307096928358078
vb0[1033]+012 NORMAL: 0.45439788699150085, -0.38054972887039185, 0.8054219484329224
vb0[1033]+024 TANGENT: 0.4014629125595093, -0.25183048844337463, 0.8805730938911438, -1.0
vb0[1033]+040 BLENDWEIGHTS: 0.587890625, 0.412109375, 0.0, 0.0
vb0[1033]+056 BLENDINDICES: 0, 6, 0, 0
vb0[1033]+072 COLOR: 1.0, 0.5019607843137255, 0.5019607843137255, 0.0
vb0[1033]+076 TEXCOORD: 0.18923497200012207, 0.1491003930568695

vb0[1034]+000 POSITION: 0.05561668798327446, 1.448682427406311, 0.12834681570529938
vb0[1034]+012 NORMAL: 0.41414064168930054, -0.4536846876144409, 0.789086639881134
vb0[1034]+024 TANGENT: -0.6076607704162598, -0.18694986402988434, 0.7718797326087952, -1.0
vb0[1034]+040 BLENDWEIGHTS: 0.595703125, 0.404296875, 0.0, 0.0
vb0[1034]+056 BLENDINDICES: 6, 0, 0, 0
vb0[1034]+072 COLOR: 1.0, 0.5019607843137255, 0.5019607843137255, 0.050980392156862744
vb0[1034]+076 TEXCOORD: 0.1894834041595459, 0.1399325728416443

vb0[1035]+000 POSITION: 0.05281343311071396, 1.4571152925491333, 0.1323825567960739
vb0[1035]+012 NORMAL: 0.40006086230278015, -0.39224931597709656, 0.8283066153526306
vb0[1035]+024 TANGENT: 0.19308078289031982, -0.33530309796333313, 0.9221125245094299, -1.0
vb0[1035]+040 BLENDWEIGHTS: 0.59375, 0.40625, 0.0, 0.0
vb0[1035]+056 BLENDINDICES: 0, 6, 0, 0
vb0[1035]+072 COLOR: 1.0, 0.5019607843137255, 0.5019607843137255, 0.30196078431372547
vb0[1035]+076 TEXCOORD: 0.18485546112060547, 0.14907218515872955

vb0[1036]+000 POSITION: 0.050081346184015274, 1.4486613273620605, 0.12903250753879547
vb0[1036]+012 NORMAL: 0.37599465250968933, -0.46035704016685486, 0.8041762113571167
vb0[1036]+024 TANGENT: -0.5892349481582642, -0.45974260568618774, 0.6644087433815002, -1.0
vb0[1036]+040 BLENDWEIGHTS: 0.6015625, 0.3984375, 0.0, 0.0
vb0[1036]+056 BLENDINDICES: 6, 0, 0, 0
vb0[1036]+072 COLOR: 1.0, 0.5019607843137255, 0.5019607843137255, 0.30196078431372547
vb0[1036]+076 TEXCOORD: 0.18397140502929688, 0.13904665410518646

vb0[1037]+000 POSITION: 0.0479213148355484, 1.4566881656646729, 0.13239873945713043
vb0[1037]+012 NORMAL: 0.35965394973754883, -0.4022931456565857, 0.8419081568717957
vb0[1037]+024 TANGENT: -0.5948508977890015, -0.4310515224933624, 0.6784887313842773, -1.0
vb0[1037]+040 BLENDWEIGHTS: 0.578125, 0.421875, 0.0, 0.0
vb0[1037]+056 BLENDINDICES: 0, 6, 0, 0
vb0[1037]+072 COLOR: 1.0, 0.5019607843137255, 0.5019607843137255, 0.4
vb0[1037]+076 TEXCOORD: 0.17995619773864746, 0.1473924219608307

vb0[1038]+000 POSITION: 0.05194398760795593, 1.4417921304702759, 0.1257523000240326
vb0[1038]+012 NORMAL: 0.38290396332740784, -0.506304919719696, 0.7726835608482361
vb0[1038]+024 TANGENT: -0.6159459948539734, -0.4591835141181946, 0.6401256918907166, -1.0
vb0[1038]+040 BLENDWEIGHTS: 0.76171875, 0.23828125, 0.0, 0.0
vb0[1038]+056 BLENDINDICES: 6, 0, 0, 0
vb0[1038]+072 COLOR: 1.0, 0.5019607843137255, 0.5019607843137255, 0.2
vb0[1038]+076 TEXCOORD: 0.18756556510925293, 0.13160455226898193

vb0[1039]+000 POSITION: 0.05417303740978241, 1.4415524005889893, 0.12570305168628693
vb0[1039]+012 NORMAL: 0.3955228924751282, -0.5049662590026855, 0.7671836018562317
vb0[1039]+024 TANGENT: -0.7729246616363525, -0.1067168116569519, 0.6254589557647705, -1.0
vb0[1039]+040 BLENDWEIGHTS: 0.765625, 0.234375, 0.0, 0.0
vb0[1039]+056 BLENDINDICES: 6, 0, 0, 0
vb0[1039]+072 COLOR: 1.0, 0.5019607843137255, 0.5019607843137255, 0.0
vb0[1039]+076 TEXCOORD: 0.1894669532775879, 0.13166025280952454

vb0[1040]+000 POSITION: 0.053620390594005585, 1.4351263046264648, 0.12244535237550735
vb0[1040]+012 NORMAL: 0.38179007172584534, -0.5545254349708557, 0.7394172549247742
vb0[1040]+024 TANGENT: -0.7211244106292725, 0.23269738256931305, -0.6525576710700989, -1.0
vb0[1040]+040 BLENDWEIGHTS: 0.90625, 0.09375, 0.0, 0.0
vb0[1040]+056 BLENDINDICES: 6, 0, 0, 0
vb0[1040]+072 COLOR: 1.0, 0.5019607843137255, 0.5019607843137255, 0.0
vb0[1040]+076 TEXCOORD: 0.19047141075134277, 0.12410394847393036

vb0[1041]+000 POSITION: 0.06788451969623566, 1.4349435567855835, 0.11224925518035889
vb0[1041]+012 NORMAL: 0.5515261888504028, -0.53336501121521, 0.6413583755493164
vb0[1041]+024 TANGENT: 0.737337052822113, -0.3055153489112854, 0.6024901866912842, -1.0
vb0[1041]+040 BLENDWEIGHTS: 0.76953125, 0.23046875, 0.0, 0.0
vb0[1041]+056 BLENDINDICES: 2, 0, 0, 0
vb0[1041]+072 COLOR: 1.0, 0.5019607843137255, 0.5019607843137255, 0.5019607843137255
vb0[1041]+076 TEXCOORD: 0.22015142440795898, 0.13122595846652985

vb0[1042]+000 POSITION: 0.0708295926451683, 1.4348231554031372, 0.1031055748462677
vb0[1042]+012 NORMAL: 0.6085691452026367, -0.5639399886131287, 0.558225154876709
vb0[1042]+024 TANGENT: 0.8580510020256042, -0.39001038670539856, 0.33412638306617737, -1.0
vb0[1042]+040 BLENDWEIGHTS: 0.75390625, 0.24609375, 0.0, 0.0
vb0[1042]+056 BLENDINDICES: 2, 0, 0, 0
vb0[1042]+072 COLOR: 1.0, 0.5019607843137255, 0.5019607843137255, 0.5019607843137255
vb0[1042]+076 TEXCOORD: 0.23026061058044434, 0.13263234496116638

vb0[1043]+000 POSITION: 0.07146578282117844, 1.444359302520752, 0.11196978390216827
vb0[1043]+012 NORMAL: 0.5980303287506104, -0.47641125321388245, 0.6445092558860779
vb0[1043]+024 TANGENT: 0.7563557624816895, -0.2636508643627167, 0.5986770391464233, -1.0
vb0[1043]+040 BLENDWEIGHTS: 0.578125, 0.421875, 0.0, 0.0
vb0[1043]+056 BLENDINDICES: 2, 0, 0, 0
vb0[1043]+072 COLOR: 1.0, 0.5019607843137255, 0.5019607843137255, 0.5019607843137255
vb0[1043]+076 TEXCOORD: 0.21995162963867188, 0.14188091456890106

vb0[1044]+000 POSITION: 0.06368903815746307, 1.4460645914077759, 0.11716336756944656
vb0[1044]+012 NORMAL: 0.5178071856498718, -0.46559616923332214, 0.7177017331123352
vb0[1044]+024 TANGENT: -0.6129730343818665, 0.06750058382749557, 0.7872150540351868, -1.0
vb0[1044]+040 BLENDWEIGHTS: 0.587890625, 0.412109375, 0.0, 0.0
vb0[1044]+056 BLENDINDICES: 2, 0, 0, 0
vb0[1044]+072 COLOR: 1.0, 0.5019607843137255, 0.5019607843137255, 0.30196078431372547
vb0[1044]+076 TEXCOORD: 0.2100677490234375, 0.14065039157867432

vb0[1045]+000 POSITION: 0.06112895533442497, 1.4375338554382324, 0.11657103151082993
vb0[1045]+012 NORMAL: 0.4918297231197357, -0.5152811408042908, 0.7018467783927917
vb0[1045]+024 TANGENT: -0.6015849709510803, 0.17054642736911774, 0.7803906798362732, -1.0
vb0[1045]+040 BLENDWEIGHTS: 0.7578125, 0.2421875, 0.0, 0.0
vb0[1045]+056 BLENDINDICES: 2, 0, 0, 0
vb0[1045]+072 COLOR: 1.0, 0.5019607843137255, 0.5019607843137255, 0.4
vb0[1045]+076 TEXCOORD: 0.21185684204101562, 0.1312427520751953

vb0[1046]+000 POSITION: 0.06446423381567001, 1.4277982711791992, 0.11269506812095642
vb0[1046]+012 NORMAL: 0.5153555870056152, -0.5782490968704224, 0.6324844360351562
vb0[1046]+024 TANGENT: 0.7122224569320679, -0.37102025747299194, 0.5958885550498962, -1.0
vb0[1046]+040 BLENDWEIGHTS: 0.884765625, 0.115234375, 0.0, 0.0
vb0[1046]+056 BLENDINDICES: 2, 0, 0, 0
vb0[1046]+072 COLOR: 1.0, 0.5019607843137255, 0.5019607843137255, 0.4
vb0[1046]+076 TEXCOORD: 0.22000476717948914, 0.12293119728565216

vb0[1047]+000 POSITION: 0.058547243475914, 1.4303131103515625, 0.11626468598842621
vb0[1047]+012 NORMAL: 0.4610491991043091, -0.5571402907371521, 0.6906723380088806
vb0[1047]+024 TANGENT: -0.5850159525871277, 0.24409626424312592, 0.7734165787696838, -1.0
vb0[1047]+040 BLENDWEIGHTS: 0.875, 0.125, 0.0, 0.0
vb0[1047]+056 BLENDINDICES: 2, 0, 0, 0
vb0[1047]+072 COLOR: 1.0, 0.5019607843137255, 0.5019607843137255, 0.4
vb0[1047]+076 TEXCOORD: 0.2130025178194046, 0.12306462973356247

vb0[1048]+000 POSITION: 0.06739067286252975, 1.4281327724456787, 0.10318487137556076
vb0[1048]+012 NORMAL: 0.5712584853172302, -0.6102973818778992, 0.5488176941871643
vb0[1048]+024 TANGENT: 0.8223015666007996, -0.47085660696029663, 0.31955328583717346, -1.0
vb0[1048]+040 BLENDWEIGHTS: 0.8671875, 0.1328125, 0.0, 0.0
vb0[1048]+056 BLENDINDICES: 2, 0, 0, 0
vb0[1048]+072 COLOR: 1.0, 0.5019607843137255, 0.5019607843137255, 0.0
vb0[1048]+076 TEXCOORD: 0.23038530349731445, 0.12460984289646149

vb0[1049]+000 POSITION: 0.06329286098480225, 1.422446370124817, 0.10487071424722672
vb0[1049]+012 NORMAL: 0.5314861536026001, -0.6501251459121704, 0.5430099368095398
vb0[1049]+024 TANGENT: 0.6770245432853699, -0.6746193170547485, -0.29415392875671387, -1.0
vb0[1049]+040 BLENDWEIGHTS: 0.94140625, 0.05859375, 0.0, 0.0
vb0[1049]+056 BLENDINDICES: 2, 0, 0, 0
vb0[1049]+072 COLOR: 1.0, 0.5019607843137255, 0.5019607843137255, 0.2
vb0[1049]+076 TEXCOORD: 0.22832149267196655, 0.11741877347230911

vb0[1050]+000 POSITION: 0.0600934699177742, 1.421679973602295, 0.1136661097407341
vb0[1050]+012 NORMAL: 0.47164422273635864, -0.622821569442749, 0.6242154836654663
vb0[1050]+024 TANGENT: 0.6384384632110596, -0.4705561101436615, 0.6090757846832275, -1.0
vb0[1050]+040 BLENDWEIGHTS: 0.95703125, 0.04296875, 0.0, 0.0
vb0[1050]+056 BLENDINDICES: 2, 0, 0, 0
vb0[1050]+072 COLOR: 1.0, 0.5019607843137255, 0.5019607843137255, 0.3254901960784314
vb0[1050]+076 TEXCOORD: 0.21871410310268402, 0.11520574241876602

vb0[1051]+000 POSITION: 0.05557958036661148, 1.424277663230896, 0.11619643867015839
vb0[1051]+012 NORMAL: 0.4283962547779083, -0.5925579071044922, 0.6821669936180115
vb0[1051]+024 TANGENT: -0.5755795836448669, 0.33005762100219727, 0.7481778264045715, -1.0
vb0[1051]+040 BLENDWEIGHTS: 0.9453125, 0.0546875, 0.0, 0.0
vb0[1051]+056 BLENDINDICES: 2, 0, 0, 0
vb0[1051]+072 COLOR: 1.0, 0.5019607843137255, 0.5019607843137255, 0.3254901960784314
vb0[1051]+076 TEXCOORD: 0.2134411334991455, 0.11591959744691849

vb0[1052]+000 POSITION: 0.05521277338266373, 1.4174003601074219, 0.11485156416893005
vb0[1052]+012 NORMAL: 0.4314184784889221, -0.6582998037338257, 0.6168626546859741
vb0[1052]+024 TANGENT: 0.5540158152580261, -0.5293493866920471, 0.6425386071205139, -1.0
vb0[1052]+040 BLENDWEIGHTS: 0.98828125, 0.01171875, 0.0, 0.0
vb0[1052]+056 BLENDINDICES: 2, 0, 0, 0
vb0[1052]+072 COLOR: 1.0, 0.5019607843137255, 0.5019607843137255, 0.30196078431372547
vb0[1052]+076 TEXCOORD: 0.21661782264709473, 0.10891514271497726

vb0[1053]+000 POSITION: 0.05249724164605141, 1.4195616245269775, 0.11628404259681702
vb0[1053]+012 NORMAL: 0.3985186815261841, -0.6178056001663208, 0.6778637170791626
vb0[1053]+024 TANGENT: -0.541107177734375, 0.4679853916168213, 0.6987078785896301, -1.0
vb0[1053]+040 BLENDWEIGHTS: 0.982421875, 0.017578125, 0.0, 0.0
vb0[1053]+056 BLENDINDICES: 2, 0, 0, 0
vb0[1053]+072 COLOR: 1.0, 0.5019607843137255, 0.5019607843137255, 0.30196078431372547
vb0[1053]+076 TEXCOORD: 0.2134392261505127, 0.1097991019487381

vb0[1054]+000 POSITION: 0.05944765731692314, 1.4186985492706299, 0.107059545814991
vb0[1054]+012 NORMAL: 0.4852132201194763, -0.6805259585380554, 0.5490469336509705
vb0[1054]+024 TANGENT: 0.5648082494735718, -0.7990939617156982, -0.20601093769073486, -1.0
vb0[1054]+040 BLENDWEIGHTS: 0.9765625, 0.0234375, 0.0, 0.0
vb0[1054]+056 BLENDINDICES: 2, 0, 0, 0
vb0[1054]+072 COLOR: 1.0, 0.5019607843137255, 0.5019607843137255, 0.27450980392156865
vb0[1054]+076 TEXCOORD: 0.22552315890789032, 0.1120980978012085

vb0[1055]+000 POSITION: 0.054625820368528366, 1.415356993675232, 0.11016976833343506
vb0[1055]+012 NORMAL: 0.4400995075702667, -0.6990830302238464, 0.5635558366775513
vb0[1055]+024 TANGENT: 0.38034892082214355, -0.9066200256347656, -0.18268799781799316, -1.0
vb0[1055]+040 BLENDWEIGHTS: 0.99609375, 0.00390625, 0.0, 0.0
vb0[1055]+056 BLENDINDICES: 2, 0, 0, 0
vb0[1055]+072 COLOR: 1.0, 0.5019607843137255, 0.5019607843137255, 0.25098039215686274
vb0[1055]+076 TEXCOORD: 0.2212405502796173, 0.10657534748315811

vb0[1056]+000 POSITION: 0.05043927952647209, 1.4144855737686157, 0.1162797063589096
vb0[1056]+012 NORMAL: 0.3903716504573822, -0.6756337285041809, 0.6254031658172607
vb0[1056]+024 TANGENT: 0.4895675480365753, -0.5303390622138977, 0.6921446919441223, -1.0
vb0[1056]+040 BLENDWEIGHTS: 1.0, 0.0, 0.0, 0.0
vb0[1056]+056 BLENDINDICES: 2, 0, 0, 0
vb0[1056]+072 COLOR: 1.0, 0.5019607843137255, 0.5019607843137255, 0.2
vb0[1056]+076 TEXCOORD: 0.21396969258785248, 0.10390493273735046

vb0[1057]+000 POSITION: 0.04923756793141365, 1.4158533811569214, 0.11680055409669876
vb0[1057]+012 NORMAL: 0.37244004011154175, -0.633603572845459, 0.6781113147735596
vb0[1057]+024 TANGENT: -0.45803362131118774, 0.6181198954582214, 0.6388527750968933, -1.0
vb0[1057]+040 BLENDWEIGHTS: 0.998046875, 0.001953125, 0.0, 0.0
vb0[1057]+056 BLENDINDICES: 2, 0, 0, 0
vb0[1057]+072 COLOR: 1.0, 0.5019607843137255, 0.5019607843137255, 0.2
vb0[1057]+076 TEXCOORD: 0.21249333024024963, 0.10462258011102676

vb0[1058]+000 POSITION: 0.047402504831552505, 1.4130196571350098, 0.11717192083597183
vb0[1058]+012 NORMAL: 0.36444535851478577, -0.6858032941818237, 0.6299629211425781
vb0[1058]+024 TANGENT: 0.4569157660007477, -0.5347890853881836, 0.7107943296432495, -1.0
vb0[1058]+040 BLENDWEIGHTS: 1.0, 0.0, 0.0, 0.0
vb0[1058]+056 BLENDINDICES: 2, 0, 0, 0
vb0[1058]+072 COLOR: 1.0, 0.5019607843137255, 0.5019607843137255, 0.10196078431372549
vb0[1058]+076 TEXCOORD: 0.21218006312847137, 0.1009458526968956

vb0[1059]+000 POSITION: 0.04688580706715584, 1.4138883352279663, 0.11741165071725845
vb0[1059]+012 NORMAL: 0.35588499903678894, -0.6392947435379028, 0.6816510558128357
vb0[1059]+024 TANGENT: -0.3645605444908142, 0.7272561192512512, 0.5815444588661194, -1.0
vb0[1059]+040 BLENDWEIGHTS: 1.0, 0.0, 0.0, 0.0
vb0[1059]+056 BLENDINDICES: 2, 0, 0, 0
vb0[1059]+072 COLOR: 1.0, 0.5019607843137255, 0.5019607843137255, 0.12549019607843137
vb0[1059]+076 TEXCOORD: 0.2113620489835739, 0.10152170807123184

vb0[1060]+000 POSITION: 0.05022193491458893, 1.4133540391921997, 0.11357897520065308
vb0[1060]+012 NORMAL: 0.3964930474758148, -0.7106648087501526, 0.581161618232727
vb0[1060]+024 TANGENT: 0.2924540340900421, -0.9505008459091187, -0.10497123748064041, -1.0
vb0[1060]+040 BLENDWEIGHTS: 1.0, 0.0, 0.0, 0.0
vb0[1060]+056 BLENDINDICES: 2, 0, 0, 0
vb0[1060]+072 COLOR: 1.0, 0.5019607843137255, 0.5019607843137255, 0.2
vb0[1060]+076 TEXCOORD: 0.21658547222614288, 0.10254176706075668

vb0[1061]+000 POSITION: 0.043734464794397354, 1.4117770195007324, 0.11856493353843689
vb0[1061]+012 NORMAL: 0.336575448513031, -0.6959975957870483, 0.6342745423316956
vb0[1061]+024 TANGENT: -0.8260117769241333, -0.3207092881202698, 0.4635193347930908, -1.0
vb0[1061]+040 BLENDWEIGHTS: 1.0, 0.0, 0.0, 0.0
vb0[1061]+056 BLENDINDICES: 2, 0, 0, 0
vb0[1061]+072 COLOR: 1.0, 0.5019607843137255, 0.5019607843137255, 0.0
vb0[1061]+076 TEXCOORD: 0.2094554901123047, 0.09753638505935669

vb0[1062]+000 POSITION: 0.04715466499328613, 1.4124085903167725, 0.1159190833568573
vb0[1062]+012 NORMAL: 0.3653745651245117, -0.7161111235618591, 0.5947152972221375
vb0[1062]+024 TANGENT: 0.2104634791612625, -0.9762036800384521, -0.05226337909698486, -1.0
vb0[1062]+040 BLENDWEIGHTS: 1.0, 0.0, 0.0, 0.0
vb0[1062]+056 BLENDINDICES: 2, 0, 0, 0
vb0[1062]+072 COLOR: 1.0, 0.5019607843137255, 0.5019607843137255, 0.10196078431372549
vb0[1062]+076 TEXCOORD: 0.21330516040325165, 0.10005932301282883

vb0[1063]+000 POSITION: 0.0693725124001503, 1.4253687858581543, 0.095542311668396
vb0[1063]+012 NORMAL: 0.5893124341964722, -0.6414251923561096, 0.4912072718143463
vb0[1063]+024 TANGENT: 0.8204099535942078, -0.5089586973190308, 0.2605542838573456, -1.0
vb0[1063]+040 BLENDWEIGHTS: 0.892578125, 0.107421875, 0.0, 0.0
vb0[1063]+056 BLENDINDICES: 2, 0, 0, 0
vb0[1063]+072 COLOR: 1.0, 0.5019607843137255, 0.5019607843137255, 0.5019607843137255
vb0[1063]+076 TEXCOORD: 0.23909878730773926, 0.12327790260314941

vb0[1064]+000 POSITION: 0.07438219338655472, 1.432738184928894, 0.09282253682613373
vb0[1064]+012 NORMAL: 0.6452294588088989, -0.5936274528503418, 0.48092135787010193
vb0[1064]+024 TANGENT: 0.8667285442352295, -0.4398399293422699, 0.23520728945732117, -1.0
vb0[1064]+040 BLENDWEIGHTS: 0.767578125, 0.232421875, 0.0, 0.0
vb0[1064]+056 BLENDINDICES: 2, 0, 0, 0
vb0[1064]+072 COLOR: 1.0, 0.5019607843137255, 0.5019607843137255, 0.5019607843137255
vb0[1064]+076 TEXCOORD: 0.24184775352478027, 0.13263007998466492

vb0[1065]+000 POSITION: 0.07438090443611145, 1.443385124206543, 0.10317922383546829
vb0[1065]+012 NORMAL: 0.6499121189117432, -0.5005600452423096, 0.5718863010406494
vb0[1065]+024 TANGENT: 0.8852407932281494, -0.3063732087612152, 0.34997764229774475, -1.0
vb0[1065]+040 BLENDWEIGHTS: 0.578125, 0.421875, 0.0, 0.0
vb0[1065]+056 BLENDINDICES: 2, 0, 0, 0
vb0[1065]+072 COLOR: 1.0, 0.5019607843137255, 0.5019607843137255, 0.5019607843137255
vb0[1065]+076 TEXCOORD: 0.22974777221679688, 0.14244548976421356

vb0[1066]+000 POSITION: 0.07911140471696854, 1.441809058189392, 0.09058833867311478
vb0[1066]+012 NORMAL: 0.7033771872520447, -0.5282508730888367, 0.47561702132225037
vb0[1066]+024 TANGENT: 0.9133448004722595, -0.3446862995624542, 0.21677753329277039, -1.0
vb0[1066]+040 BLENDWEIGHTS: 0.578125, 0.421875, 0.0, 0.0
vb0[1066]+056 BLENDINDICES: 2, 0, 0, 0
vb0[1066]+072 COLOR: 1.0, 0.5019607843137255, 0.5019607843137255, 0.5019607843137255
vb0[1066]+076 TEXCOORD: 0.24384522438049316, 0.14333666861057281

vb0[1067]+000 POSITION: 0.0757000520825386, 1.433042287826538, 0.08107499778270721
vb0[1067]+012 NORMAL: 0.6828510761260986, -0.6230924725532532, 0.381405770778656
vb0[1067]+024 TANGENT: 0.8496504426002502, -0.5158315300941467, -0.10959990322589874, -1.0
vb0[1067]+040 BLENDWEIGHTS: 0.751953125, 0.248046875, 0.0, 0.0
vb0[1067]+056 BLENDINDICES: 2, 0, 0, 0
vb0[1067]+072 COLOR: 1.0, 0.5019607843137255, 0.5019607843137255, 0.5019607843137255
vb0[1067]+076 TEXCOORD: 0.2542445659637451, 0.13400259613990784

vb0[1068]+000 POSITION: 0.07945213466882706, 1.4406014680862427, 0.07797232270240784
vb0[1068]+012 NORMAL: 0.7360414266586304, -0.5673916339874268, 0.3692016005516052
vb0[1068]+024 TANGENT: 0.9012686014175415, -0.4190860390663147, -0.10991698503494263, -1.0
vb0[1068]+040 BLENDWEIGHTS: 0.591796875, 0.408203125, 0.0, 0.0
vb0[1068]+056 BLENDINDICES: 2, 0, 0, 0
vb0[1068]+072 COLOR: 1.0, 0.5019607843137255, 0.5019607843137255, 0.5019607843137255
vb0[1068]+076 TEXCOORD: 0.25713562965393066, 0.14300277829170227

vb0[1069]+000 POSITION: 0.0731322318315506, 1.4320160150527954, 0.07594919949769974
vb0[1069]+012 NORMAL: 0.6746385097503662, -0.6597971320152283, 0.3309538960456848
vb0[1069]+024 TANGENT: 0.32485952973365784, -0.6127960085868835, -0.7203801274299622, -1.0
vb0[1069]+040 BLENDWEIGHTS: 0.77734375, 0.22265625, 0.0, 0.0
vb0[1069]+056 BLENDINDICES: 2, 0, 0, 0
vb0[1069]+072 COLOR: 1.0, 0.5019607843137255, 0.5019607843137255, 0.3254901960784314
vb0[1069]+076 TEXCOORD: 0.2600259780883789, 0.1319299042224884

vb0[1070]+000 POSITION: 0.06984436511993408, 1.4263074398040771, 0.08005620539188385
vb0[1070]+012 NORMAL: 0.6244720220565796, -0.6964443922042847, 0.35355323553085327
vb0[1070]+024 TANGENT: 0.2491196244955063, -0.705044150352478, -0.6639670133590698, -1.0
vb0[1070]+040 BLENDWEIGHTS: 0.875, 0.125, 0.0, 0.0
vb0[1070]+056 BLENDINDICES: 2, 0, 0, 0
vb0[1070]+072 COLOR: 1.0, 0.5019607843137255, 0.5019607843137255, 0.4
vb0[1070]+076 TEXCOORD: 0.25578951835632324, 0.12465830147266388

vb0[1071]+000 POSITION: 0.07736405730247498, 1.4401800632476807, 0.07165883481502533
vb0[1071]+012 NORMAL: 0.7397850155830383, -0.5955203175544739, 0.3131672143936157
vb0[1071]+024 TANGENT: 0.8756551146507263, -0.4607267677783966, -0.14477252960205078, -1.0
vb0[1071]+040 BLENDWEIGHTS: 0.609375, 0.390625, 0.0, 0.0
vb0[1071]+056 BLENDINDICES: 2, 0, 0, 0
vb0[1071]+072 COLOR: 1.0, 0.5019607843137255, 0.5019607843137255, 0.0
vb0[1071]+076 TEXCOORD: 0.264132022857666, 0.1421276181936264

vb0[1072]+000 POSITION: 0.08293820172548294, 1.4506020545959473, 0.07583612948656082
vb0[1072]+012 NORMAL: 0.789861261844635, -0.49253690242767334, 0.36541274189949036
vb0[1072]+024 TANGENT: 0.9446362853050232, -0.30506202578544617, -0.12082886695861816, -1.0
vb0[1072]+040 BLENDWEIGHTS: 0.615234375, 0.384765625, 0.0, 0.0
vb0[1072]+056 BLENDINDICES: 0, 2, 0, 0
vb0[1072]+072 COLOR: 1.0, 0.5019607843137255, 0.5019607843137255, 0.5019607843137255
vb0[1072]+076 TEXCOORD: 0.25870442390441895, 0.15420635044574738

vb0[1073]+000 POSITION: 0.08098901808261871, 1.4504127502441406, 0.0700211450457573
vb0[1073]+012 NORMAL: 0.798942506313324, -0.5169858932495117, 0.30727261304855347
vb0[1073]+024 TANGENT: 0.9201436042785645, -0.31854256987571716, -0.22774165868759155, -1.0
vb0[1073]+040 BLENDWEIGHTS: 0.60546875, 0.39453125, 0.0, 0.0
vb0[1073]+056 BLENDINDICES: 0, 2, 0, 0
vb0[1073]+072 COLOR: 1.0, 0.5019607843137255, 0.5019607843137255, 0.0
vb0[1073]+076 TEXCOORD: 0.2651546001434326, 0.1538223773241043

vb0[1074]+000 POSITION: 0.08595637232065201, 1.4617538452148438, 0.07456313818693161
vb0[1074]+012 NORMAL: 0.8406758904457092, -0.40256190299987793, 0.3622264564037323
vb0[1074]+024 TANGENT: 0.9724864959716797, -0.2142866849899292, -0.09138494729995728, -1.0
vb0[1074]+040 BLENDWEIGHTS: 0.80078125, 0.19921875, 0.0, 0.0
vb0[1074]+056 BLENDINDICES: 0, 2, 0, 0
vb0[1074]+072 COLOR: 1.0, 0.5019607843137255, 0.5019607843137255, 0.5019607843137255
vb0[1074]+076 TEXCOORD: 0.25937366485595703, 0.1663922667503357

vb0[1075]+000 POSITION: 0.08631651103496552, 1.4734779596328735, 0.08674471825361252
vb0[1075]+012 NORMAL: 0.8252374529838562, -0.2845110595226288, 0.48788997530937195
vb0[1075]+024 TANGENT: 0.9681625962257385, -0.09262163192033768, 0.23255635797977448, -1.0
vb0[1075]+040 BLENDWEIGHTS: 0.9228515625, 0.0771484375, 0.0, 0.0
vb0[1075]+056 BLENDINDICES: 0, 2, 0, 0
vb0[1075]+072 COLOR: 1.0, 0.5019607843137255, 0.5019607843137255, 0.0
vb0[1075]+076 TEXCOORD: 0.24549126625061035, 0.1777258962392807

vb0[1076]+000 POSITION: 0.08460389077663422, 1.484466791152954, 0.09352453798055649
vb0[1076]+012 NORMAL: 0.8092014789581299, -0.1880589723587036, 0.5566208362579346
vb0[1076]+024 TANGENT: 0.9319895505905151, -0.045029278844594955, 0.3596773147583008, -1.0
vb0[1076]+040 BLENDWEIGHTS: 0.984375, 0.015625, 0.0, 0.0
vb0[1076]+056 BLENDINDICES: 0, 2, 0, 0
vb0[1076]+072 COLOR: 1.0, 0.5019607843137255, 0.5019607843137255, 0.0
vb0[1076]+076 TEXCOORD: 0.2362065315246582, 0.18799684941768646

vb0[1077]+000 POSITION: 0.08056776970624924, 1.4845932722091675, 0.1036759465932846
vb0[1077]+012 NORMAL: 0.7594799399375916, -0.17976774275302887, 0.6251989603042603
vb0[1077]+024 TANGENT: 0.9417637586593628, -0.021037042140960693, 0.33561646938323975, -1.0
vb0[1077]+040 BLENDWEIGHTS: 0.9794921875, 0.0205078125, 0.0, 0.0
vb0[1077]+056 BLENDINDICES: 0, 2, 0, 0
vb0[1077]+072 COLOR: 1.0, 0.5019607843137255, 0.5019607843137255, 0.5019607843137255
vb0[1077]+076 TEXCOORD: 0.2244269847869873, 0.18621525168418884

vb0[1078]+000 POSITION: 0.08033234626054764, 1.4959723949432373, 0.10436908155679703
vb0[1078]+012 NORMAL: 0.7658177018165588, -0.08254718780517578, 0.6377375721931458
vb0[1078]+024 TANGENT: 0.9419167637825012, 0.014826895669102669, 0.33551910519599915, -1.0
vb0[1078]+040 BLENDWEIGHTS: 1.0, 0.0, 0.0, 0.0
vb0[1078]+056 BLENDINDICES: 0, 0, 0, 0
vb0[1078]+072 COLOR: 1.0, 0.5019607843137255, 0.5019607843137255, 0.0
vb0[1078]+076 TEXCOORD: 0.22152628004550934, 0.19796761870384216

vb0[1079]+000 POSITION: 0.08771658688783646, 1.4727283716201782, 0.07387267053127289
vb0[1079]+012 NORMAL: 0.8790895342826843, -0.3087669312953949, 0.36313173174858093
vb0[1079]+024 TANGENT: 0.9904876351356506, -0.1192663311958313, -0.06862807273864746, -1.0
vb0[1079]+040 BLENDWEIGHTS: 0.921875, 0.078125, 0.0, 0.0
vb0[1079]+056 BLENDINDICES: 0, 2, 0, 0
vb0[1079]+072 COLOR: 1.0, 0.5019607843137255, 0.5019607843137255, 0.5019607843137255
vb0[1079]+076 TEXCOORD: 0.2596132755279541, 0.17807459831237793

vb0[1080]+000 POSITION: 0.08851350843906403, 1.4841946363449097, 0.07354095578193665
vb0[1080]+012 NORMAL: 0.9081986546516418, -0.208005890250206, 0.3631925880908966
vb0[1080]+024 TANGENT: 0.9883952140808105, -0.07659590244293213, -0.13117927312850952, -1.0
vb0[1080]+040 BLENDWEIGHTS: 0.9892578125, 0.0107421875, 0.0, 0.0
vb0[1080]+056 BLENDINDICES: 0, 2, 0, 0
vb0[1080]+072 COLOR: 1.0, 0.5019607843137255, 0.5019607843137255, 0.0
vb0[1080]+076 TEXCOORD: 0.2597050666809082, 0.1902626007795334

vb0[1081]+000 POSITION: 0.08479544520378113, 1.4722093343734741, 0.062277477234601974
vb0[1081]+012 NORMAL: 0.9062060713768005, -0.3407001495361328, 0.250427782535553
vb0[1081]+024 TANGENT: 0.7918166518211365, -0.1731746643781662, -0.5856934189796448, -1.0
vb0[1081]+040 BLENDWEIGHTS: 0.9140625, 0.0859375, 0.0, 0.0
vb0[1081]+056 BLENDINDICES: 0, 2, 0, 0
vb0[1081]+072 COLOR: 1.0, 0.5019607843137255, 0.5019607843137255, 0.5019607843137255
vb0[1081]+076 TEXCOORD: 0.27253222465515137, 0.17778277397155762

vb0[1082]+000 POSITION: 0.08579864352941513, 1.4838382005691528, 0.06096809357404709
vb0[1082]+012 NORMAL: 0.9403866529464722, -0.22828294336795807, 0.25211071968078613
vb0[1082]+024 TANGENT: 0.8378698229789734, -0.11100881546735764, -0.5344633460044861, -1.0
vb0[1082]+040 BLENDWEIGHTS: 0.986328125, 0.013671875, 0.0, 0.0
vb0[1082]+056 BLENDINDICES: 0, 2, 0, 0
vb0[1082]+072 COLOR: 1.0, 0.5019607843137255, 0.5019607843137255, 0.30196078431372547
vb0[1082]+076 TEXCOORD: 0.27379751205444336, 0.19012609124183655

vb0[1083]+000 POSITION: 0.08426479995250702, 1.483801245689392, 0.05966022238135338
vb0[1083]+012 NORMAL: 0.9463700652122498, -0.2499750703573227, 0.20468586683273315
vb0[1083]+024 TANGENT: -0.41755732893943787, 0.010185599327087402, -0.9085934162139893, -1.0
vb0[1083]+040 BLENDWEIGHTS: 0.984375, 0.015625, 0.0, 0.0
vb0[1083]+056 BLENDINDICES: 0, 2, 0, 0
vb0[1083]+072 COLOR: 1.0, 0.5019607843137255, 0.5019607843137255, 0.30196078431372547
vb0[1083]+076 TEXCOORD: 0.27594804763793945, 0.18994350731372833

vb0[1084]+000 POSITION: 0.08622877299785614, 1.4975512027740479, 0.05934624373912811
vb0[1084]+012 NORMAL: 0.9635013341903687, -0.09141761809587479, 0.25161057710647583
vb0[1084]+024 TANGENT: -0.8502357602119446, 0.18877862393856049, -0.4913875162601471, -1.0
vb0[1084]+040 BLENDWEIGHTS: 1.0, 0.0, 0.0, 0.0
vb0[1084]+056 BLENDINDICES: 0, 0, 0, 0
vb0[1084]+072 COLOR: 1.0, 0.5019607843137255, 0.5019607843137255, 0.0
vb0[1084]+076 TEXCOORD: 0.27562642097473145, 0.2046630084514618

vb0[1085]+000 POSITION: 0.08164771646261215, 1.472495675086975, 0.060484807938337326
vb0[1085]+012 NORMAL: 0.9054434895515442, -0.37122055888175964, 0.20583344995975494
vb0[1085]+024 TANGENT: -0.4764333665370941, 0.06785786151885986, -0.876587986946106, -1.0
vb0[1085]+040 BLENDWEIGHTS: 0.91015625, 0.08984375, 0.0, 0.0
vb0[1085]+056 BLENDINDICES: 0, 2, 0, 0
vb0[1085]+072 COLOR: 1.0, 0.5019607843137255, 0.5019607843137255, 0.5019607843137255
vb0[1085]+076 TEXCOORD: 0.2763843536376953, 0.17753148078918457

vb0[1086]+000 POSITION: 0.08278486877679825, 1.4609876871109009, 0.06371352821588516
vb0[1086]+012 NORMAL: 0.8605437278747559, -0.4464159905910492, 0.24531017243862152
vb0[1086]+024 TANGENT: 0.7513948082923889, -0.2516063153743744, -0.60999995470047, -1.0
vb0[1086]+040 BLENDWEIGHTS: 0.783203125, 0.216796875, 0.0, 0.0
vb0[1086]+056 BLENDINDICES: 0, 2, 0, 0
vb0[1086]+072 COLOR: 1.0, 0.5019607843137255, 0.5019607843137255, 0.5019607843137255
vb0[1086]+076 TEXCOORD: 0.271437406539917, 0.16563160717487335

vb0[1087]+000 POSITION: 0.07872693240642548, 1.4610625505447388, 0.06177603080868721
vb0[1087]+012 NORMAL: 0.8497285842895508, -0.4839154779911041, 0.20925390720367432
vb0[1087]+024 TANGENT: -0.49584558606147766, 0.027335049584507942, -0.867980420589447, -1.0
vb0[1087]+040 BLENDWEIGHTS: 0.76953125, 0.23046875, 0.0, 0.0
vb0[1087]+056 BLENDINDICES: 0, 2, 0, 0
vb0[1087]+072 COLOR: 1.0, 0.5019607843137255, 0.5019607843137255, 0.5019607843137255
vb0[1087]+076 TEXCOORD: 0.2760932445526123, 0.1646948754787445

vb0[1088]+000 POSITION: 0.08001773059368134, 1.4498591423034668, 0.06540094316005707
vb0[1088]+012 NORMAL: 0.803821325302124, -0.5455745458602905, 0.23710669577121735
vb0[1088]+024 TANGENT: 0.751408576965332, -0.3173832595348358, -0.5784920454025269, -1.0
vb0[1088]+040 BLENDWEIGHTS: 0.59375, 0.40625, 0.0, 0.0
vb0[1088]+056 BLENDINDICES: 0, 2, 0, 0
vb0[1088]+072 COLOR: 1.0, 0.5019607843137255, 0.5019607843137255, 0.5019607843137255
vb0[1088]+076 TEXCOORD: 0.2701747417449951, 0.1533537209033966

vb0[1089]+000 POSITION: 0.07591473311185837, 1.450262427330017, 0.0634671226143837
vb0[1089]+012 NORMAL: 0.7890458106994629, -0.5758724808692932, 0.2139568030834198
vb0[1089]+024 TANGENT: -0.486937016248703, 0.0021936893463134766, -0.87343430519104, -1.0
vb0[1089]+040 BLENDWEIGHTS: 0.58203125, 0.41796875, 0.0, 0.0
vb0[1089]+056 BLENDINDICES: 0, 2, 0, 0
vb0[1089]+072 COLOR: 1.0, 0.5019607843137255, 0.5019607843137255, 0.5019607843137255
vb0[1089]+076 TEXCOORD: 0.2748832702636719, 0.15248727798461914

vb0[1090]+000 POSITION: 0.07680638134479523, 1.4400303363800049, 0.06719154864549637
vb0[1090]+012 NORMAL: 0.7474868893623352, -0.6164983510971069, 0.2473725825548172
vb0[1090]+024 TANGENT: 0.7472545504570007, -0.374296098947525, -0.5491020083427429, -1.0
vb0[1090]+040 BLENDWEIGHTS: 0.611328125, 0.388671875, 0.0, 0.0
vb0[1090]+056 BLENDINDICES: 2, 0, 0, 0
vb0[1090]+072 COLOR: 1.0, 0.5019607843137255, 0.5019607843137255, 0.4
vb0[1090]+076 TEXCOORD: 0.26899242401123047, 0.14231209456920624

vb0[1091]+000 POSITION: 0.0731549933552742, 1.4402356147766113, 0.06546904146671295
vb0[1091]+012 NORMAL: 0.7269688248634338, -0.6504867076873779, 0.21996206045150757
vb0[1091]+024 TANGENT: -0.4663791358470917, -0.04975104331970215, -0.8831847310066223, -1.0
vb0[1091]+040 BLENDWEIGHTS: 0.625, 0.375, 0.0, 0.0
vb0[1091]+056 BLENDINDICES: 2, 0, 0, 0
vb0[1091]+072 COLOR: 1.0, 0.5019607843137255, 0.5019607843137255, 0.4
vb0[1091]+076 TEXCOORD: 0.2731454372406006, 0.14120575785636902

vb0[1092]+000 POSITION: 0.043734464794397354, 1.4117770195007324, 0.11856493353843689
vb0[1092]+012 NORMAL: 0.298454225063324, -0.7617839574813843, 0.5749871730804443
vb0[1092]+024 TANGENT: -0.8260117769241333, -0.3207092881202698, 0.4635193347930908, -1.0
vb0[1092]+040 BLENDWEIGHTS: 1.0, 0.0, 0.0, 0.0
vb0[1092]+056 BLENDINDICES: 2, 0, 0, 0
vb0[1092]+072 COLOR: 1.0, 0.5019607843137255, 0.5019607843137255, 0.0
vb0[1092]+076 TEXCOORD: 0.2094554901123047, 0.09753638505935669

vb0[1093]+000 POSITION: 0.046835947781801224, 1.412524938583374, 0.11575066298246384
vb0[1093]+012 NORMAL: 0.3308010995388031, -0.7612910866737366, 0.5576794743537903
vb0[1093]+024 TANGENT: -0.6003539562225342, -0.2683407664299011, -0.7533712983131409, -1.0
vb0[1093]+040 BLENDWEIGHTS: 1.0, 0.0, 0.0, 0.0
vb0[1093]+056 BLENDINDICES: 2, 0, 0, 0
vb0[1093]+072 COLOR: 1.0, 0.5019607843137255, 0.5019607843137255, 0.10196078431372549
vb0[1093]+076 TEXCOORD: 0.21335197985172272, 0.0998135432600975

vb0[1094]+000 POSITION: 0.04715466499328613, 1.4124085903167725, 0.1159190833568573
vb0[1094]+012 NORMAL: 0.3328210711479187, -0.7600024938583374, 0.5582350492477417
vb0[1094]+024 TANGENT: 0.2104634791612625, -0.9762036800384521, -0.05226337909698486, -1.0
vb0[1094]+040 BLENDWEIGHTS: 1.0, 0.0, 0.0, 0.0
vb0[1094]+056 BLENDINDICES: 2, 0, 0, 0
vb0[1094]+072 COLOR: 1.0, 0.5019607843137255, 0.5019607843137255, 0.10196078431372549
vb0[1094]+076 TEXCOORD: 0.21330516040325165, 0.10005932301282883

vb0[1095]+000 POSITION: 0.04973100870847702, 1.4135112762451172, 0.11324422806501389
vb0[1095]+012 NORMAL: 0.36561450362205505, -0.7590982913970947, 0.5386053323745728
vb0[1095]+024 TANGENT: -0.5710577964782715, -0.29675522446632385, -0.7653948068618774, -1.0
vb0[1095]+040 BLENDWEIGHTS: 1.0, 0.0, 0.0, 0.0
vb0[1095]+056 BLENDINDICES: 2, 0, 0, 0
vb0[1095]+072 COLOR: 1.0, 0.5019607843137255, 0.5019607843137255, 0.2
vb0[1095]+076 TEXCOORD: 0.21679982542991638, 0.10211723297834396

vb0[1096]+000 POSITION: 0.05022193491458893, 1.4133540391921997, 0.11357897520065308
vb0[1096]+012 NORMAL: 0.3683997094631195, -0.7566834688186646, 0.5401034951210022
vb0[1096]+024 TANGENT: 0.2924540340900421, -0.9505008459091187, -0.10497123748064041, -1.0
vb0[1096]+040 BLENDWEIGHTS: 1.0, 0.0, 0.0, 0.0
vb0[1096]+056 BLENDINDICES: 2, 0, 0, 0
vb0[1096]+072 COLOR: 1.0, 0.5019607843137255, 0.5019607843137255, 0.2
vb0[1096]+076 TEXCOORD: 0.21658547222614288, 0.10254176706075668

vb0[1097]+000 POSITION: 0.0535733588039875, 1.415671944618225, 0.109684519469738
vb0[1097]+012 NORMAL: 0.4084275960922241, -0.7528436183929443, 0.5161525011062622
vb0[1097]+024 TANGENT: -0.5675538182258606, -0.2903302013874054, -0.7704486846923828, -1.0
vb0[1097]+040 BLENDWEIGHTS: 0.99609375, 0.00390625, 0.0, 0.0
vb0[1097]+056 BLENDINDICES: 2, 0, 0, 0
vb0[1097]+072 COLOR: 1.0, 0.5019607843137255, 0.5019607843137255, 0.25098039215686274
vb0[1097]+076 TEXCOORD: 0.22151096165180206, 0.10577119886875153

vb0[1098]+000 POSITION: 0.054625820368528366, 1.415356993675232, 0.11016976833343506
vb0[1098]+012 NORMAL: 0.4142157733440399, -0.7488071322441101, 0.5174099802970886
vb0[1098]+024 TANGENT: 0.38034892082214355, -0.9066200256347656, -0.18268799781799316, -1.0
vb0[1098]+040 BLENDWEIGHTS: 0.99609375, 0.00390625, 0.0, 0.0
vb0[1098]+056 BLENDINDICES: 2, 0, 0, 0
vb0[1098]+072 COLOR: 1.0, 0.5019607843137255, 0.5019607843137255, 0.25098039215686274
vb0[1098]+076 TEXCOORD: 0.2212405502796173, 0.10657534748315811

vb0[1099]+000 POSITION: 0.05757548660039902, 1.4189597368240356, 0.10557349771261215
vb0[1099]+012 NORMAL: 0.46726834774017334, -0.7356017827987671, 0.49045926332473755
vb0[1099]+024 TANGENT: -0.4264352321624756, -0.33484578132629395, -0.8402566313743591, -1.0
vb0[1099]+040 BLENDWEIGHTS: 0.9765625, 0.0234375, 0.0, 0.0
vb0[1099]+056 BLENDINDICES: 2, 0, 0, 0
vb0[1099]+072 COLOR: 1.0, 0.5019607843137255, 0.5019607843137255, 0.17647058823529413
vb0[1099]+076 TEXCOORD: 0.22661368548870087, 0.1102447435259819

vb0[1100]+000 POSITION: 0.05944765731692314, 1.4186985492706299, 0.107059545814991
vb0[1100]+012 NORMAL: 0.4761447012424469, -0.7280431389808655, 0.49319303035736084
vb0[1100]+024 TANGENT: 0.5648082494735718, -0.7990939617156982, -0.20601093769073486, -1.0
vb0[1100]+040 BLENDWEIGHTS: 0.9765625, 0.0234375, 0.0, 0.0
vb0[1100]+056 BLENDINDICES: 2, 0, 0, 0
vb0[1100]+072 COLOR: 1.0, 0.5019607843137255, 0.5019607843137255, 0.27450980392156865
vb0[1100]+076 TEXCOORD: 0.22552315890789032, 0.1120980978012085

vb0[1101]+000 POSITION: 0.060572344809770584, 1.4231678247451782, 0.10293316841125488
vb0[1101]+012 NORMAL: 0.5103332996368408, -0.7145947813987732, 0.47844991087913513
vb0[1101]+024 TANGENT: -0.968943178653717, 0.19968751072883606, -0.145856574177742, -1.0
vb0[1101]+040 BLENDWEIGHTS: 0.94140625, 0.05859375, 0.0, 0.0
vb0[1101]+056 BLENDINDICES: 2, 0, 0, 0
vb0[1101]+072 COLOR: 1.0, 0.5019607843137255, 0.5019607843137255, 0.0
vb0[1101]+076 TEXCOORD: 0.2288804054260254, 0.11493104696273804

vb0[1102]+000 POSITION: 0.06329286098480225, 1.422446370124817, 0.10487071424722672
vb0[1102]+012 NORMAL: 0.5232289433479309, -0.7043631672859192, 0.47969159483909607
vb0[1102]+024 TANGENT: 0.6770245432853699, -0.6746193170547485, -0.29415392875671387, -1.0
vb0[1102]+040 BLENDWEIGHTS: 0.94140625, 0.05859375, 0.0, 0.0
vb0[1102]+056 BLENDINDICES: 2, 0, 0, 0
vb0[1102]+072 COLOR: 1.0, 0.5019607843137255, 0.5019607843137255, 0.2
vb0[1102]+076 TEXCOORD: 0.22832149267196655, 0.11741877347230911

vb0[1103]+000 POSITION: 0.06739067286252975, 1.4281327724456787, 0.10318487137556076
vb0[1103]+012 NORMAL: 0.572780966758728, -0.6675813794136047, 0.47566476464271545
vb0[1103]+024 TANGENT: 0.8223015666007996, -0.47085660696029663, 0.31955328583717346, -1.0
vb0[1103]+040 BLENDWEIGHTS: 0.8671875, 0.1328125, 0.0, 0.0
vb0[1103]+056 BLENDINDICES: 2, 0, 0, 0
vb0[1103]+072 COLOR: 1.0, 0.5019607843137255, 0.5019607843137255, 0.0
vb0[1103]+076 TEXCOORD: 0.23038530349731445, 0.12460984289646149

vb0[1104]+000 POSITION: 0.0547792948782444, 1.411016821861267, 0.1046903133392334
vb0[1104]+012 NORMAL: 0.4025665819644928, -0.6641679406166077, 0.6299373507499695
vb0[1104]+024 TANGENT: 0.5063202977180481, -0.2077852040529251, 0.8369379639625549, -1.0
vb0[1104]+040 BLENDWEIGHTS: 1.0, 0.0, 0.0, 0.0
vb0[1104]+056 BLENDINDICES: 2, 0, 0, 0
vb0[1104]+072 COLOR: 1.0, 0.5019607843137255, 0.5019607843137255, 0.2
vb0[1104]+076 TEXCOORD: 0.2291710376739502, 0.10193727910518646

vb0[1105]+000 POSITION: 0.05587007850408554, 1.4137074947357178, 0.10412206500768661
vb0[1105]+012 NORMAL: 0.40957164764404297, -0.6589959263801575, 0.6308529376983643
vb0[1105]+024 TANGENT: -0.6605191826820374, 0.4765039384365082, 0.5802227258682251, -1.0
vb0[1105]+040 BLENDWEIGHTS: 0.998046875, 0.001953125, 0.0, 0.0
vb0[1105]+056 BLENDINDICES: 2, 0, 0, 0
vb0[1105]+072 COLOR: 1.0, 0.5019607843137255, 0.5019607843137255, 0.25098039215686274
vb0[1105]+076 TEXCOORD: 0.22872710227966309, 0.10502959787845612

vb0[1106]+000 POSITION: 0.0542038232088089, 1.4112377166748047, 0.10464656352996826
vb0[1106]+012 NORMAL: 0.4013976454734802, -0.6629061698913574, 0.632008969783783
vb0[1106]+024 TANGENT: -0.6235418319702148, 0.6292581558227539, 0.46392855048179626, -1.0
vb0[1106]+040 BLENDWEIGHTS: 1.0, 0.0, 0.0, 0.0
vb0[1106]+056 BLENDINDICES: 2, 0, 0, 0
vb0[1106]+072 COLOR: 1.0, 0.5019607843137255, 0.5019607843137255, 0.2
vb0[1106]+076 TEXCOORD: 0.22856783866882324, 0.10184960067272186

vb0[1107]+000 POSITION: 0.05665118619799614, 1.4130980968475342, 0.10417652130126953
vb0[1107]+012 NORMAL: 0.41294774413108826, -0.6594038605690002, 0.6282203793525696
vb0[1107]+024 TANGENT: 0.4682501256465912, -0.2520099878311157, 0.8468959927558899, -1.0
vb0[1107]+040 BLENDWEIGHTS: 0.998046875, 0.001953125, 0.0, 0.0
vb0[1107]+056 BLENDINDICES: 2, 0, 0, 0
vb0[1107]+072 COLOR: 1.0, 0.5019607843137255, 0.5019607843137255, 0.25098039215686274
vb0[1107]+076 TEXCOORD: 0.22967958450317383, 0.10489661991596222

vb0[1108]+000 POSITION: 0.05849924311041832, 1.4182735681533813, 0.10347027331590652
vb0[1108]+012 NORMAL: 0.43350258469581604, -0.6391045451164246, 0.6353117823600769
vb0[1108]+024 TANGENT: -0.680131733417511, 0.38960498571395874, 0.6209902167320251, -1.0
vb0[1108]+040 BLENDWEIGHTS: 0.978515625, 0.021484375, 0.0, 0.0
vb0[1108]+056 BLENDINDICES: 2, 0, 0, 0
vb0[1108]+072 COLOR: 1.0, 0.5019607843137255, 0.5019607843137255, 0.25098039215686274
vb0[1108]+076 TEXCOORD: 0.22871851921081543, 0.11059364676475525

vb0[1109]+000 POSITION: 0.060085538774728775, 1.4174919128417969, 0.103578120470047
vb0[1109]+012 NORMAL: 0.4410267472267151, -0.6386454701423645, 0.6305769085884094
vb0[1109]+024 TANGENT: 0.44372016191482544, -0.23660576343536377, 0.864366888999939, -1.0
vb0[1109]+040 BLENDWEIGHTS: 0.98046875, 0.01953125, 0.0, 0.0
vb0[1109]+056 BLENDINDICES: 2, 0, 0, 0
vb0[1109]+072 COLOR: 1.0, 0.5019607843137255, 0.5019607843137255, 0.30196078431372547
vb0[1109]+076 TEXCOORD: 0.2301938533782959, 0.11080920696258545

vb0[1110]+000 POSITION: 0.06351038068532944, 1.422110676765442, 0.10319595783948898
vb0[1110]+012 NORMAL: 0.4659405052661896, -0.6168286204338074, 0.6343672871589661
vb0[1110]+024 TANGENT: 0.4469892978668213, -0.2590242922306061, 0.8562166690826416, -1.0
vb0[1110]+040 BLENDWEIGHTS: 0.943359375, 0.056640625, 0.0, 0.0
vb0[1110]+056 BLENDINDICES: 2, 0, 0, 0
vb0[1110]+072 COLOR: 1.0, 0.5019607843137255, 0.5019607843137255, 0.30196078431372547
vb0[1110]+076 TEXCOORD: 0.23054051399230957, 0.11692236363887787

vb0[1111]+000 POSITION: 0.060572344809770584, 1.4231678247451782, 0.10293316841125488
vb0[1111]+012 NORMAL: 0.4530390202999115, -0.6184132099151611, 0.6421221494674683
vb0[1111]+024 TANGENT: -0.968943178653717, 0.19968751072883606, -0.145856574177742, -1.0
vb0[1111]+040 BLENDWEIGHTS: 0.94140625, 0.05859375, 0.0, 0.0
vb0[1111]+056 BLENDINDICES: 2, 0, 0, 0
vb0[1111]+072 COLOR: 1.0, 0.5019607843137255, 0.5019607843137255, 0.0
vb0[1111]+076 TEXCOORD: 0.2288804054260254, 0.11493104696273804

vb0[1112]+000 POSITION: 0.06739067286252975, 1.4281327724456787, 0.10318487137556076
vb0[1112]+012 NORMAL: 0.5001764297485352, -0.5821608901023865, 0.6410244107246399
vb0[1112]+024 TANGENT: 0.8223015666007996, -0.47085660696029663, 0.31955328583717346, -1.0
vb0[1112]+040 BLENDWEIGHTS: 0.8671875, 0.1328125, 0.0, 0.0
vb0[1112]+056 BLENDINDICES: 2, 0, 0, 0
vb0[1112]+072 COLOR: 1.0, 0.5019607843137255, 0.5019607843137255, 0.0
vb0[1112]+076 TEXCOORD: 0.23038530349731445, 0.12460984289646149

vb0[1113]+000 POSITION: 0.05229335278272629, 1.408814787864685, 0.10588020831346512
vb0[1113]+012 NORMAL: 0.3898586332798004, -0.6654592156410217, 0.6365329027175903
vb0[1113]+024 TANGENT: -0.6352765560150146, -0.5389530658721924, 0.5531305074691772, -1.0
vb0[1113]+040 BLENDWEIGHTS: 1.0, 0.0, 0.0, 0.0
vb0[1113]+056 BLENDINDICES: 2, 0, 0, 0
vb0[1113]+072 COLOR: 1.0, 0.5019607843137255, 0.5019607843137255, 0.0
vb0[1113]+076 TEXCOORD: 0.22788333892822266, 0.09845538437366486

vb0[1114]+000 POSITION: 0.0566994734108448, 1.4115490913391113, 0.10188025236129761
vb0[1114]+012 NORMAL: 0.4598153233528137, -0.7339060306549072, 0.4999517798423767
vb0[1114]+024 TANGENT: 0.6514106392860413, -0.7421928644180298, 0.15752434730529785, -1.0
vb0[1114]+040 BLENDWEIGHTS: 1.0, 0.0, 0.0, 0.0
vb0[1114]+056 BLENDINDICES: 2, 0, 0, 0
vb0[1114]+072 COLOR: 1.0, 0.5019607843137255, 0.5019607843137255, 0.34901960784313724
vb0[1114]+076 TEXCOORD: 0.23232722282409668, 0.10370045900344849

vb0[1115]+000 POSITION: 0.0547792948782444, 1.411016821861267, 0.1046903133392334
vb0[1115]+012 NORMAL: 0.4500681161880493, -0.7106994390487671, 0.5406893491744995
vb0[1115]+024 TANGENT: 0.5063202977180481, -0.2077852040529251, 0.8369379639625549, -1.0
vb0[1115]+040 BLENDWEIGHTS: 1.0, 0.0, 0.0, 0.0
vb0[1115]+056 BLENDINDICES: 2, 0, 0, 0
vb0[1115]+072 COLOR: 1.0, 0.5019607843137255, 0.5019607843137255, 0.2
vb0[1115]+076 TEXCOORD: 0.2291710376739502, 0.10193727910518646

vb0[1116]+000 POSITION: 0.05474305525422096, 1.4102686643600464, 0.1037173941731453
vb0[1116]+012 NORMAL: 0.44402414560317993, -0.7320265173912048, 0.5167009234428406
vb0[1116]+024 TANGENT: 0.6417012214660645, -0.7426956295967102, 0.19137121737003326, -1.0
vb0[1116]+040 BLENDWEIGHTS: 1.0, 0.0, 0.0, 0.0
vb0[1116]+056 BLENDINDICES: 2, 0, 0, 0
vb0[1116]+072 COLOR: 1.0, 0.5019607843137255, 0.5019607843137255, 0.2
vb0[1116]+076 TEXCOORD: 0.23030495643615723, 0.1013329029083252

vb0[1117]+000 POSITION: 0.05665118619799614, 1.4130980968475342, 0.10417652130126953
vb0[1117]+012 NORMAL: 0.4650033116340637, -0.6994693279266357, 0.5426918864250183
vb0[1117]+024 TANGENT: 0.4682501256465912, -0.2520099878311157, 0.8468959927558899, -1.0
vb0[1117]+040 BLENDWEIGHTS: 0.998046875, 0.001953125, 0.0, 0.0
vb0[1117]+056 BLENDINDICES: 2, 0, 0, 0
vb0[1117]+072 COLOR: 1.0, 0.5019607843137255, 0.5019607843137255, 0.25098039215686274
vb0[1117]+076 TEXCOORD: 0.22967958450317383, 0.10489661991596222

vb0[1118]+000 POSITION: 0.05422882363200188, 1.4099830389022827, 0.10287073999643326
vb0[1118]+012 NORMAL: 0.4307628870010376, -0.758007824420929, 0.48976272344589233
vb0[1118]+024 TANGENT: -0.48776671290397644, -0.6370961666107178, -0.5968183279037476, -1.0
vb0[1118]+040 BLENDWEIGHTS: 1.0, 0.0, 0.0, 0.0
vb0[1118]+056 BLENDINDICES: 2, 0, 0, 0
vb0[1118]+072 COLOR: 1.0, 0.5019607843137255, 0.5019607843137255, 0.2
vb0[1118]+076 TEXCOORD: 0.23116850852966309, 0.10067381709814072

vb0[1119]+000 POSITION: 0.05581047013401985, 1.411157250404358, 0.1004219576716423
vb0[1119]+012 NORMAL: 0.44935494661331177, -0.756028413772583, 0.47592127323150635
vb0[1119]+024 TANGENT: -0.507752537727356, -0.6724588871002197, -0.5385039448738098, -1.0
vb0[1119]+040 BLENDWEIGHTS: 1.0, 0.0, 0.0, 0.0
vb0[1119]+056 BLENDINDICES: 2, 0, 0, 0
vb0[1119]+072 COLOR: 1.0, 0.5019607843137255, 0.5019607843137255, 0.30196078431372547
vb0[1119]+076 TEXCOORD: 0.23383736610412598, 0.10264190286397934

vb0[1120]+000 POSITION: 0.06096227467060089, 1.4155082702636719, 0.10008009523153305
vb0[1120]+012 NORMAL: 0.504956841468811, -0.6964091658592224, 0.5099340677261353
vb0[1120]+024 TANGENT: 0.7442426085472107, -0.5998328924179077, 0.2937743663787842, -1.0
vb0[1120]+040 BLENDWEIGHTS: 0.98828125, 0.01171875, 0.0, 0.0
vb0[1120]+056 BLENDINDICES: 2, 0, 0, 0
vb0[1120]+072 COLOR: 1.0, 0.5019607843137255, 0.5019607843137255, 0.4
vb0[1120]+076 TEXCOORD: 0.23436284065246582, 0.10973837971687317

vb0[1121]+000 POSITION: 0.06049768626689911, 1.4145113229751587, 0.09732283651828766
vb0[1121]+012 NORMAL: 0.49986010789871216, -0.7278689742088318, 0.46941077709198
vb0[1121]+024 TANGENT: 0.6591237187385559, -0.7517032623291016, 0.022316692396998405, -1.0
vb0[1121]+040 BLENDWEIGHTS: 0.9921875, 0.0078125, 0.0, 0.0
vb0[1121]+056 BLENDINDICES: 2, 0, 0, 0
vb0[1121]+072 COLOR: 1.0, 0.5019607843137255, 0.5019607843137255, 0.4
vb0[1121]+076 TEXCOORD: 0.23727083206176758, 0.10860233753919601

vb0[1122]+000 POSITION: 0.059407033026218414, 1.4139689207077026, 0.09502516686916351
vb0[1122]+012 NORMAL: 0.48919594287872314, -0.7487180233001709, 0.44733524322509766
vb0[1122]+024 TANGENT: 0.11949890851974487, -0.8872947692871094, -0.44545257091522217, -1.0
vb0[1122]+040 BLENDWEIGHTS: 0.994140625, 0.005859375, 0.0, 0.0
vb0[1122]+056 BLENDINDICES: 2, 0, 0, 0
vb0[1122]+072 COLOR: 1.0, 0.5019607843137255, 0.5019607843137255, 0.4
vb0[1122]+076 TEXCOORD: 0.23961585760116577, 0.10732153058052063

vb0[1123]+000 POSITION: 0.0643090084195137, 1.417937159538269, 0.0927005335688591
vb0[1123]+012 NORMAL: 0.5430702567100525, -0.7091302275657654, 0.4496765732765198
vb0[1123]+024 TANGENT: 0.7047067880630493, -0.7092956304550171, 0.01697218418121338, -1.0
vb0[1123]+040 BLENDWEIGHTS: 0.970703125, 0.029296875, 0.0, 0.0
vb0[1123]+056 BLENDINDICES: 2, 0, 0, 0
vb0[1123]+072 COLOR: 1.0, 0.5019607843137255, 0.5019607843137255, 0.4
vb0[1123]+076 TEXCOORD: 0.24222517013549805, 0.11390271782875061

vb0[1124]+000 POSITION: 0.06319498270750046, 1.4174450635910034, 0.0896434485912323
vb0[1124]+012 NORMAL: 0.5323803424835205, -0.7372214794158936, 0.4160236716270447
vb0[1124]+024 TANGENT: 0.17624008655548096, -0.8458407521247864, -0.5034806728363037, -1.0
vb0[1124]+040 BLENDWEIGHTS: 0.974609375, 0.025390625, 0.0, 0.0
vb0[1124]+056 BLENDINDICES: 2, 0, 0, 0
vb0[1124]+072 COLOR: 1.0, 0.5019607843137255, 0.5019607843137255, 0.4
vb0[1124]+076 TEXCOORD: 0.24548792839050293, 0.11267708241939545

vb0[1125]+000 POSITION: 0.06859318166971207, 1.4222575426101685, 0.08822203427553177
vb0[1125]+012 NORMAL: 0.5903268456459045, -0.6873448491096497, 0.4231681525707245
vb0[1125]+024 TANGENT: 0.750410258769989, -0.6592923402786255, -0.047096192836761475, -1.0
vb0[1125]+040 BLENDWEIGHTS: 0.92578125, 0.07421875, 0.0, 0.0
vb0[1125]+056 BLENDINDICES: 2, 0, 0, 0
vb0[1125]+072 COLOR: 1.0, 0.5019607843137255, 0.5019607843137255, 0.5019607843137255
vb0[1125]+076 TEXCOORD: 0.24696063995361328, 0.12028651684522629

vb0[1126]+000 POSITION: 0.06656733900308609, 1.4216216802597046, 0.08472099155187607
vb0[1126]+012 NORMAL: 0.5775411128997803, -0.7221155166625977, 0.3807826638221741
vb0[1126]+024 TANGENT: 0.19541819393634796, -0.7766967415809631, -0.5987937450408936, -1.0
vb0[1126]+040 BLENDWEIGHTS: 0.935546875, 0.064453125, 0.0, 0.0
vb0[1126]+056 BLENDINDICES: 2, 0, 0, 0
vb0[1126]+072 COLOR: 1.0, 0.5019607843137255, 0.5019607843137255, 0.4
vb0[1126]+076 TEXCOORD: 0.25084757804870605, 0.11839228868484497

vb0[1127]+000 POSITION: 0.07253005355596542, 1.4276005029678345, 0.08401135355234146
vb0[1127]+012 NORMAL: 0.639762818813324, -0.6580207943916321, 0.39712992310523987
vb0[1127]+024 TANGENT: 0.8028904795646667, -0.5888843536376953, -0.09263967722654343, -1.0
vb0[1127]+040 BLENDWEIGHTS: 0.849609375, 0.150390625, 0.0, 0.0
vb0[1127]+056 BLENDINDICES: 2, 0, 0, 0
vb0[1127]+072 COLOR: 1.0, 0.5019607843137255, 0.5019607843137255, 0.5019607843137255
vb0[1127]+076 TEXCOORD: 0.25130724906921387, 0.12730897963047028

vb0[1128]+000 POSITION: 0.0647127777338028, 1.4195939302444458, 0.09810325503349304
vb0[1128]+012 NORMAL: 0.5417569875717163, -0.6744077801704407, 0.501670777797699
vb0[1128]+024 TANGENT: 0.7782508134841919, -0.5620290040969849, 0.28008756041526794, -1.0
vb0[1128]+040 BLENDWEIGHTS: 0.958984375, 0.041015625, 0.0, 0.0
vb0[1128]+056 BLENDINDICES: 2, 0, 0, 0
vb0[1128]+072 COLOR: 1.0, 0.5019607843137255, 0.5019607843137255, 0.4
vb0[1128]+076 TEXCOORD: 0.23646926879882812, 0.11551058292388916

vb0[1129]+000 POSITION: 0.06351038068532944, 1.422110676765442, 0.10319595783948898
vb0[1129]+012 NORMAL: 0.5300101637840271, -0.646794319152832, 0.5484035611152649
vb0[1129]+024 TANGENT: 0.4469892978668213, -0.2590242922306061, 0.8562166690826416, -1.0
vb0[1129]+040 BLENDWEIGHTS: 0.943359375, 0.056640625, 0.0, 0.0
vb0[1129]+056 BLENDINDICES: 2, 0, 0, 0
vb0[1129]+072 COLOR: 1.0, 0.5019607843137255, 0.5019607843137255, 0.30196078431372547
vb0[1129]+076 TEXCOORD: 0.23054051399230957, 0.11692236363887787

vb0[1130]+000 POSITION: 0.060085538774728775, 1.4174919128417969, 0.103578120470047
vb0[1130]+012 NORMAL: 0.496914267539978, -0.6726517081260681, 0.5482844710350037
vb0[1130]+024 TANGENT: 0.44372016191482544, -0.23660576343536377, 0.864366888999939, -1.0
vb0[1130]+040 BLENDWEIGHTS: 0.98046875, 0.01953125, 0.0, 0.0
vb0[1130]+056 BLENDINDICES: 2, 0, 0, 0
vb0[1130]+072 COLOR: 1.0, 0.5019607843137255, 0.5019607843137255, 0.30196078431372547
vb0[1130]+076 TEXCOORD: 0.2301938533782959, 0.11080920696258545

vb0[1131]+000 POSITION: 0.06690328568220139, 1.4224625825881958, 0.07412081211805344
vb0[1131]+012 NORMAL: 0.5919398665428162, -0.7445239424705505, 0.30869272351264954
vb0[1131]+024 TANGENT: 0.5191987752914429, -0.7911427617073059, -0.32330435514450073, -1.0
vb0[1131]+040 BLENDWEIGHTS: 0.92578125, 0.07421875, 0.0, 0.0
vb0[1131]+056 BLENDINDICES: 2, 0, 0, 0
vb0[1131]+072 COLOR: 1.0, 0.5019607843137255, 0.5019607843137255, 0.25098039215686274
vb0[1131]+076 TEXCOORD: 0.36609363555908203, 0.028157707303762436

vb0[1132]+000 POSITION: 0.06980596482753754, 1.4261000156402588, 0.07473569363355637
vb0[1132]+012 NORMAL: 0.635456919670105, -0.6903250813484192, 0.3458985388278961
vb0[1132]+024 TANGENT: 0.6823183298110962, -0.2869102954864502, 0.6724017858505249, -1.0
vb0[1132]+040 BLENDWEIGHTS: 0.875, 0.125, 0.0, 0.0
vb0[1132]+056 BLENDINDICES: 2, 0, 0, 0
vb0[1132]+072 COLOR: 1.0, 0.5019607843137255, 0.5019607843137255, 0.30196078431372547
vb0[1132]+076 TEXCOORD: 0.3653147220611572, 0.02256019227206707

vb0[1133]+000 POSITION: 0.06717308610677719, 1.4228371381759644, 0.0759240910410881
vb0[1133]+012 NORMAL: 0.6003809571266174, -0.7190909385681152, 0.3499298691749573
vb0[1133]+024 TANGENT: 0.649949312210083, -0.3500344753265381, 0.6745678186416626, -1.0
vb0[1133]+040 BLENDWEIGHTS: 0.921875, 0.078125, 0.0, 0.0
vb0[1133]+056 BLENDINDICES: 2, 0, 0, 0
vb0[1133]+072 COLOR: 1.0, 0.5019607843137255, 0.5019607843137255, 0.25098039215686274
vb0[1133]+076 TEXCOORD: 0.36391353607177734, 0.027596235275268555

vb0[1134]+000 POSITION: 0.06960594654083252, 1.4254493713378906, 0.07188056409358978
vb0[1134]+012 NORMAL: 0.6308106184005737, -0.7192947864532471, 0.29102063179016113
vb0[1134]+024 TANGENT: 0.6204708218574524, -0.6893719434738159, -0.3738746643066406, -1.0
vb0[1134]+040 BLENDWEIGHTS: 0.8828125, 0.1171875, 0.0, 0.0
vb0[1134]+056 BLENDINDICES: 2, 0, 0, 0
vb0[1134]+072 COLOR: 1.0, 0.5019607843137255, 0.5019607843137255, 0.30196078431372547
vb0[1134]+076 TEXCOORD: 0.3687617778778076, 0.0233457013964653

vb0[1135]+000 POSITION: 0.06765729188919067, 1.4255201816558838, 0.07105356454849243
vb0[1135]+012 NORMAL: 0.604148268699646, -0.7542351484298706, 0.25716546177864075
vb0[1135]+024 TANGENT: -0.5125811100006104, -0.2991957366466522, -0.8048244714736938, -1.0
vb0[1135]+040 BLENDWEIGHTS: 0.888671875, 0.111328125, 0.0, 0.0
vb0[1135]+056 BLENDINDICES: 2, 0, 0, 0
vb0[1135]+072 COLOR: 1.0, 0.5019607843137255, 0.5019607843137255, 0.30196078431372547
vb0[1135]+076 TEXCOORD: 0.37058043479919434, 0.02513761818408966

vb0[1136]+000 POSITION: 0.06563560664653778, 1.4225125312805176, 0.07369621843099594
vb0[1136]+012 NORMAL: 0.5669829845428467, -0.7743074297904968, 0.2810308635234833
vb0[1136]+024 TANGENT: -0.5793209075927734, -0.34235668182373047, -0.7397156953811646, -1.0
vb0[1136]+040 BLENDWEIGHTS: 0.927734375, 0.072265625, 0.0, 0.0
vb0[1136]+056 BLENDINDICES: 2, 0, 0, 0
vb0[1136]+072 COLOR: 1.0, 0.5019607843137255, 0.5019607843137255, 0.25098039215686274
vb0[1136]+076 TEXCOORD: 0.3670182228088379, 0.029473500326275826

vb0[1137]+000 POSITION: 0.06271875649690628, 1.4188790321350098, 0.0779300257563591
vb0[1137]+012 NORMAL: 0.5458685755729675, -0.7648262977600098, 0.3421524167060852
vb0[1137]+024 TANGENT: -0.5773189067840576, -0.6679238080978394, 0.4696601629257202, -1.0
vb0[1137]+040 BLENDWEIGHTS: 0.96484375, 0.03515625, 0.0, 0.0
vb0[1137]+056 BLENDINDICES: 2, 0, 0, 0
vb0[1137]+072 COLOR: 1.0, 0.5019607843137255, 0.5019607843137255, 0.0
vb0[1137]+076 TEXCOORD: 0.3614208698272705, 0.034797802567481995

vb0[1138]+000 POSITION: 0.07204680889844894, 1.4297477006912231, 0.07373493164777756
vb0[1138]+012 NORMAL: 0.6676012873649597, -0.6614528298377991, 0.3417433798313141
vb0[1138]+024 TANGENT: 0.7038027048110962, -0.23708637058734894, 0.6696655750274658, -1.0
vb0[1138]+040 BLENDWEIGHTS: 0.81640625, 0.18359375, 0.0, 0.0
vb0[1138]+056 BLENDINDICES: 2, 0, 0, 0
vb0[1138]+072 COLOR: 1.0, 0.5019607843137255, 0.5019607843137255, 0.30196078431372547
vb0[1138]+076 TEXCOORD: 0.3665504455566406, 0.017418833449482918

vb0[1139]+000 POSITION: 0.07198134809732437, 1.428965449333191, 0.07009420543909073
vb0[1139]+012 NORMAL: 0.6680802702903748, -0.6914921998977661, 0.2747858762741089
vb0[1139]+024 TANGENT: 0.6970165967941284, -0.5708516240119934, -0.43393123149871826, -1.0
vb0[1139]+040 BLENDWEIGHTS: 0.828125, 0.171875, 0.0, 0.0
vb0[1139]+056 BLENDINDICES: 2, 0, 0, 0
vb0[1139]+072 COLOR: 1.0, 0.5019607843137255, 0.5019607843137255, 0.30196078431372547
vb0[1139]+076 TEXCOORD: 0.37092065811157227, 0.018337717279791832

vb0[1140]+000 POSITION: 0.07454052567481995, 1.434370517730713, 0.07264956831932068
vb0[1140]+012 NORMAL: 0.6996846199035645, -0.6305556893348694, 0.3359180986881256
vb0[1140]+024 TANGENT: 0.7224677205085754, -0.23046736419200897, 0.6518628001213074, -1.0
vb0[1140]+040 BLENDWEIGHTS: 0.73046875, 0.26953125, 0.0, 0.0
vb0[1140]+056 BLENDINDICES: 2, 0, 0, 0
vb0[1140]+072 COLOR: 1.0, 0.5019607843137255, 0.5019607843137255, 0.4
vb0[1140]+076 TEXCOORD: 0.36834725737571716, 0.011028860695660114

vb0[1141]+000 POSITION: 0.07434727251529694, 1.4338349103927612, 0.06848550587892532
vb0[1141]+012 NORMAL: 0.7048600912094116, -0.6621662378311157, 0.25437816977500916
vb0[1141]+024 TANGENT: 0.7305086851119995, -0.47071021795272827, -0.49476158618927, -1.0
vb0[1141]+040 BLENDWEIGHTS: 0.73828125, 0.26171875, 0.0, 0.0
vb0[1141]+056 BLENDINDICES: 2, 0, 0, 0
vb0[1141]+072 COLOR: 1.0, 0.5019607843137255, 0.5019607843137255, 0.4
vb0[1141]+076 TEXCOORD: 0.3730936050415039, 0.01199914701282978

vb0[1142]+000 POSITION: 0.07126748561859131, 1.4340718984603882, 0.06706936657428741
vb0[1142]+012 NORMAL: 0.6844508647918701, -0.6930565237998962, 0.22627344727516174
vb0[1142]+024 TANGENT: -0.45443257689476013, -0.12097267806529999, -0.8825284838676453, -1.0
vb0[1142]+040 BLENDWEIGHTS: 0.748046875, 0.251953125, 0.0, 0.0
vb0[1142]+056 BLENDINDICES: 2, 0, 0, 0
vb0[1142]+072 COLOR: 1.0, 0.5019607843137255, 0.5019607843137255, 0.4
vb0[1142]+076 TEXCOORD: 0.3767094612121582, 0.014042362570762634

vb0[1143]+000 POSITION: 0.06941089034080505, 1.4290364980697632, 0.06899049878120422
vb0[1143]+012 NORMAL: 0.6423801779747009, -0.7282923460006714, 0.2386169135570526
vb0[1143]+024 TANGENT: -0.4683600962162018, -0.21691109240055084, -0.8564978241920471, -1.0
vb0[1143]+040 BLENDWEIGHTS: 0.8359375, 0.1640625, 0.0, 0.0
vb0[1143]+056 BLENDINDICES: 2, 0, 0, 0
vb0[1143]+072 COLOR: 1.0, 0.5019607843137255, 0.5019607843137255, 0.4
vb0[1143]+076 TEXCOORD: 0.3735926151275635, 0.020417526364326477

vb0[1144]+000 POSITION: 0.0731549933552742, 1.4402356147766113, 0.06546904146671295
vb0[1144]+012 NORMAL: 0.7269688248634338, -0.6504867076873779, 0.21996206045150757
vb0[1144]+024 TANGENT: -0.4663791358470917, -0.04975104331970215, -0.8831847310066223, -1.0
vb0[1144]+040 BLENDWEIGHTS: 0.625, 0.375, 0.0, 0.0
vb0[1144]+056 BLENDINDICES: 2, 0, 0, 0
vb0[1144]+072 COLOR: 1.0, 0.5019607843137255, 0.5019607843137255, 0.4
vb0[1144]+076 TEXCOORD: 0.37985825538635254, 0.006452624686062336

vb0[1145]+000 POSITION: 0.07680638134479523, 1.4400303363800049, 0.06719154864549637
vb0[1145]+012 NORMAL: 0.7474868893623352, -0.6164983510971069, 0.2473725825548172
vb0[1145]+024 TANGENT: 0.7472545504570007, -0.374296098947525, -0.5491020083427429, -1.0
vb0[1145]+040 BLENDWEIGHTS: 0.611328125, 0.388671875, 0.0, 0.0
vb0[1145]+056 BLENDINDICES: 2, 0, 0, 0
vb0[1145]+072 COLOR: 1.0, 0.5019607843137255, 0.5019607843137255, 0.4
vb0[1145]+076 TEXCOORD: 0.3754589557647705, 0.004197718575596809

vb0[1146]+000 POSITION: 0.07736405730247498, 1.4401800632476807, 0.07165883481502533
vb0[1146]+012 NORMAL: 0.7397850155830383, -0.5955203175544739, 0.3131672143936157
vb0[1146]+024 TANGENT: 0.8756551146507263, -0.4607267677783966, -0.14477252960205078, -1.0
vb0[1146]+040 BLENDWEIGHTS: 0.609375, 0.390625, 0.0, 0.0
vb0[1146]+056 BLENDINDICES: 2, 0, 0, 0
vb0[1146]+072 COLOR: 1.0, 0.5019607843137255, 0.5019607843137255, 0.0
vb0[1146]+076 TEXCOORD: 0.36992716789245605, 0.003248307853937149

vb0[1147]+000 POSITION: 0.05229335278272629, 1.408814787864685, 0.10588020831346512
vb0[1147]+012 NORMAL: 0.421990305185318, -0.7359421849250793, 0.5294463038444519
vb0[1147]+024 TANGENT: -0.6352765560150146, -0.5389530658721924, 0.5531305074691772, -1.0
vb0[1147]+040 BLENDWEIGHTS: 1.0, 0.0, 0.0, 0.0
vb0[1147]+056 BLENDINDICES: 2, 0, 0, 0
vb0[1147]+072 COLOR: 1.0, 0.5019607843137255, 0.5019607843137255, 0.0
vb0[1147]+076 TEXCOORD: 0.22788333892822266, 0.09845538437366486

vb0[1148]+000 POSITION: 0.030853010714054108, 1.4788976907730103, 0.14187254011631012
vb0[1148]+012 NORMAL: 0.3113868534564972, -0.21907836198806763, 0.9246852993965149
vb0[1148]+024 TANGENT: 0.9236096739768982, -0.06994981318712234, 0.37689822912216187, -1.0
vb0[1148]+040 BLENDWEIGHTS: 0.5134837627410889, 0.48651623725891113, 0.0, 0.0
vb0[1148]+056 BLENDINDICES: 1, 0, 0, 0
vb0[1148]+072 COLOR: 1.0, 0.5019607843137255, 0.5019607843137255, 0.3607843137254902
vb0[1148]+076 TEXCOORD: 0.14398908615112305, 0.16461631655693054

vb0[1149]+000 POSITION: 0.03010568581521511, 1.4687199592590332, 0.1411658674478531
vb0[1149]+012 NORMAL: 0.29983362555503845, -0.29936283826828003, 0.905804455280304
vb0[1149]+024 TANGENT: 0.9180421233177185, -0.11848807334899902, 0.37836384773254395, -1.0
vb0[1149]+040 BLENDWEIGHTS: 0.6702239513397217, 0.3297760486602783, 0.0, 0.0
vb0[1149]+056 BLENDINDICES: 1, 0, 0, 0
vb0[1149]+072 COLOR: 1.0, 0.5019607843137255, 0.5019607843137255, 0.45098039215686275
vb0[1149]+076 TEXCOORD: 0.14177370071411133, 0.1532461792230606

vb0[1150]+000 POSITION: 0.06911737471818924, 1.4647595882415771, 0.11881838738918304
vb0[1150]+012 NORMAL: 0.5926753282546997, -0.3326263427734375, 0.7335500121116638
vb0[1150]+024 TANGENT: 0.174738809466362, -0.11107081174850464, 0.9783299565315247, -1.0
vb0[1150]+040 BLENDWEIGHTS: 0.765625, 0.234375, 0.0, 0.0
vb0[1150]+056 BLENDINDICES: 0, 2, 0, 0
vb0[1150]+072 COLOR: 1.0, 0.5019607843137255, 0.5019607843137255, 0.10196078431372549
vb0[1150]+076 TEXCOORD: 0.20776678621768951, 0.16109928488731384

vb0[1151]+000 POSITION: 0.06666351854801178, 1.4555121660232544, 0.1179751381278038
vb0[1151]+012 NORMAL: 0.5581196546554565, -0.40057840943336487, 0.7266632318496704
vb0[1151]+024 TANGENT: 0.17660826444625854, -0.12053656578063965, 0.9768728017807007, -1.0
vb0[1151]+040 BLENDWEIGHTS: 0.60546875, 0.39453125, 0.0, 0.0
vb0[1151]+056 BLENDINDICES: 0, 2, 0, 0
vb0[1151]+072 COLOR: 1.0, 0.5019607843137255, 0.5019607843137255, 0.30196078431372547
vb0[1151]+076 TEXCOORD: 0.2085292637348175, 0.151256263256073

vb0[1152]+000 POSITION: -0.08105845004320145, 1.4836654663085938, 0.10580827295780182
vb0[1152]+012 NORMAL: -0.7480917572975159, -0.183233842253685, 0.6377962827682495
vb0[1152]+024 TANGENT: -0.9183839559555054, -0.018955469131469727, 0.3952362835407257, -1.0
vb0[1152]+040 BLENDWEIGHTS: 1.0, 0.0, 0.0, 0.0
vb0[1152]+056 BLENDINDICES: 0, 0, 0, 0
vb0[1152]+072 COLOR: 1.0, 0.5019607843137255, 0.5019607843137255, 0.0
vb0[1152]+076 TEXCOORD: 0.18290011584758759, 0.3574841022491455

vb0[1153]+000 POSITION: -0.07197628915309906, 1.4969806671142578, 0.11789383739233017
vb0[1153]+012 NORMAL: -0.6449329853057861, -0.06830114126205444, 0.7611809372901917
vb0[1153]+024 TANGENT: -0.6700412034988403, 0.0627206563949585, 0.7396694421768188, -1.0
vb0[1153]+040 BLENDWEIGHTS: 1.0, 0.0, 0.0, 0.0
vb0[1153]+056 BLENDINDICES: 0, 0, 0, 0
vb0[1153]+072 COLOR: 1.0, 0.5019607843137255, 0.5019607843137255, 0.0
vb0[1153]+076 TEXCOORD: 0.16717159748077393, 0.3713393211364746

vb0[1154]+000 POSITION: -0.0658343955874443, 1.5085113048553467, 0.12161733955144882
vb0[1154]+012 NORMAL: -0.5934354662895203, 0.0317893922328949, 0.8042535185813904
vb0[1154]+024 TANGENT: -0.6228498816490173, 0.14328300952911377, 0.7691084742546082, -1.0
vb0[1154]+040 BLENDWEIGHTS: 1.0, 0.0, 0.0, 0.0
vb0[1154]+056 BLENDINDICES: 0, 0, 0, 0
vb0[1154]+072 COLOR: 1.0, 0.5019607843137255, 0.5019607843137255, 0.0
vb0[1154]+076 TEXCOORD: 0.1589508056640625, 0.3834657669067383

vb0[1155]+000 POSITION: -0.0611766055226326, 1.5188229084014893, 0.12271827459335327
vb0[1155]+012 NORMAL: -0.5528979897499084, 0.12266579270362854, 0.8241704702377319
vb0[1155]+024 TANGENT: -0.5860520601272583, 0.2251201570034027, 0.778372585773468, -1.0
vb0[1155]+040 BLENDWEIGHTS: 1.0, 0.0, 0.0, 0.0
vb0[1155]+056 BLENDINDICES: 0, 0, 0, 0
vb0[1155]+072 COLOR: 1.0, 0.5019607843137255, 0.5019607843137255, 0.0
vb0[1155]+076 TEXCOORD: 0.15302585065364838, 0.39439886808395386

vb0[1156]+000 POSITION: -0.056711480021476746, 1.5272091627120972, 0.12337927520275116
vb0[1156]+012 NORMAL: -0.516610860824585, 0.199249267578125, 0.8327142000198364
vb0[1156]+024 TANGENT: -0.563623309135437, 0.2780500650405884, 0.7778283357620239, -1.0
vb0[1156]+040 BLENDWEIGHTS: 1.0, 0.0, 0.0, 0.0
vb0[1156]+056 BLENDINDICES: 0, 0, 0, 0
vb0[1156]+072 COLOR: 1.0, 0.5019607843137255, 0.5019607843137255, 0.0
vb0[1156]+076 TEXCOORD: 0.14849138259887695, 0.40337565541267395

vb0[1157]+000 POSITION: -0.07244247943162918, 1.4298714399337769, 0.1046503484249115
vb0[1157]+012 NORMAL: -0.6056905388832092, -0.5824562907218933, 0.5421103239059448
vb0[1157]+024 TANGENT: -0.8894404172897339, -0.3848741948604584, 0.2465105950832367, -1.0
vb0[1157]+040 BLENDWEIGHTS: 0.5703125, 0.4296875, 0.0, 0.0
vb0[1157]+056 BLENDINDICES: 3, 0, 0, 0
vb0[1157]+072 COLOR: 1.0, 0.5019607843137255, 0.5019607843137255, 0.38823529411764707
vb0[1157]+076 TEXCOORD: 0.17984986305236816, 0.29937031865119934

vb0[1158]+000 POSITION: 0.06911737471818924, 1.4647595882415771, 0.11881838738918304
vb0[1158]+012 NORMAL: -0.4336940050125122, -0.001455650432035327, 0.9010590314865112
vb0[1158]+024 TANGENT: 0.174738809466362, -0.11107081174850464, 0.9783299565315247, -1.0
vb0[1158]+040 BLENDWEIGHTS: 0.765625, 0.234375, 0.0, 0.0
vb0[1158]+056 BLENDINDICES: 0, 2, 0, 0
vb0[1158]+072 COLOR: 1.0, 0.5019607843137255, 0.5019607843137255, 0.10196078431372549
vb0[1158]+076 TEXCOORD: 0.0350189134478569, 0.07038048654794693

vb0[1159]+000 POSITION: 0.07122041285037994, 1.4746133089065552, 0.11984650045633316
vb0[1159]+012 NORMAL: -0.4336940348148346, -0.0014556506648659706, 0.9010590314865112
vb0[1159]+024 TANGENT: 0.8239110708236694, -0.11887627094984055, 0.5541110038757324, -1.0
vb0[1159]+040 BLENDWEIGHTS: 1.0, 0.0, 0.0, 0.0
vb0[1159]+056 BLENDINDICES: 0, 0, 0, 0
vb0[1159]+072 COLOR: 1.0, 0.5019607843137255, 0.5019607843137255, 0.0
vb0[1159]+076 TEXCOORD: 0.039207275956869125, 0.060893744230270386

vb0[1160]+000 POSITION: 0.06766503304243088, 1.473755121231079, 0.11813389509916306
vb0[1160]+012 NORMAL: -0.4336939752101898, -0.0014556506648659706, 0.9010590314865112
vb0[1160]+024 TANGENT: -0.8001788258552551, -0.04604727402329445, -0.5979913473129272, -1.0
vb0[1160]+040 BLENDWEIGHTS: 1.0, 0.0, 0.0, 0.0
vb0[1160]+056 BLENDINDICES: 0, 0, 0, 0
vb0[1160]+072 COLOR: 1.0, 0.5019607843137255, 0.5019607843137255, 0.0
vb0[1160]+076 TEXCOORD: 0.03485945239663124, 0.06019388139247894
