byte offset: 0
first index: 0
index count: 46956
topology: trianglelist
format: DXGI_FORMAT_R16_UINT

0 1 2
1 0 3
1 4 2
5 3 0
3 5 6
7 6 5
6 7 8
7 9 8
9 7 10
10 11 9
11 10 12
1 13 4
14 11 12
14 12 15
15 16 14
15 12 17
16 15 18
19 16 18
16 19 20
12 21 17
12 22 21
12 10 22
23 20 19
23 24 20
25 24 23
24 25 26
27 26 25
26 27 28
23 19 29
30 23 29
25 31 27
31 32 27
32 31 33
31 25 34
25 23 34
34 23 30
30 31 34
27 35 28
35 27 32
32 36 35
36 32 37
33 37 32
37 38 36
38 37 39
40 39 37
37 33 40
39 40 41
39 41 42
42 38 39
43 38 42
44 33 31
41 40 45
46 45 40
46 40 33
44 46 33
41 45 47
41 47 42
48 4 49
2 4 48
50 2 48
50 48 51
48 49 51
2 50 0
52 0 50
53 52 50
53 50 51
54 52 53
0 52 5
55 5 52
54 55 52
5 55 7
55 10 7
10 55 22
22 55 21
56 57 58
57 56 59
56 58 60
59 61 57
61 59 62
62 63 61
63 62 64
65 63 64
63 65 66
67 66 65
66 67 68
56 60 69
70 68 67
70 71 68
71 70 72
72 73 71
74 73 72
72 75 74
76 74 75
76 75 77
77 78 76
78 77 79
79 80 78
80 79 81
82 80 81
80 82 83
84 83 82
83 84 85
86 85 84
85 86 87
88 87 86
89 88 86
90 91 92
92 91 93
92 93 94
92 94 95
96 95 94
94 93 96
93 97 96
95 96 98
96 99 98
99 96 100
97 100 96
97 101 100
101 102 100
103 100 102
100 103 99
102 104 103
104 102 105
102 106 105
101 106 102
107 105 106
104 105 107
106 108 107
109 110 111
110 109 112
110 113 111
113 110 114
113 114 115
114 116 115
116 114 110
116 117 115
115 117 118
119 110 112
116 110 119
120 112 109
112 120 121
122 121 120
121 122 123
122 124 123
123 125 121
125 123 124
126 121 125
126 112 121
119 112 126
124 127 125
128 129 130
129 128 131
131 128 132
132 133 131
134 133 132
133 134 135
136 135 134
135 136 137
138 139 140
138 140 141
142 143 144
143 142 145
146 142 144
142 146 147
148 147 146
147 148 149
150 149 148
149 150 151
152 153 154
152 155 153
152 156 155
157 158 159
160 157 159
161 162 163
162 161 164
163 165 161
165 163 166
166 167 165
167 166 168
169 162 164
162 169 170
171 172 173
172 171 174
174 175 172
175 174 176
173 177 171
177 173 178
178 179 177
179 178 180
181 182 183
182 181 184
183 185 181
185 183 186
187 182 184
188 189 190
189 188 191
190 192 188
192 190 193
194 189 191
191 195 194
195 196 194
196 195 197
198 199 200
199 198 201
201 202 199
202 201 203
204 202 203
202 204 205
206 198 200
198 206 207
208 209 210
209 208 211
212 210 209
210 212 213
211 208 214
215 216 217
215 218 216
215 217 219
220 221 222
223 221 220
224 223 220
225 223 224
226 225 224
227 225 226
228 227 226
229 227 228
230 229 228
231 229 230
232 231 230
221 233 222
222 233 234
233 235 234
234 235 236
235 237 236
236 237 238
236 238 239
239 238 240
239 240 241
241 240 242
241 242 243
243 242 244
243 244 245
245 244 246
245 246 247
247 246 248
247 248 249
249 248 250
249 250 251
251 250 252
251 252 253
254 255 256
257 254 256
254 257 258
259 258 257
258 259 260
261 260 259
260 261 262
263 262 261
262 263 264
265 264 263
264 265 266
265 267 266
267 265 268
268 269 267
270 271 272
273 272 271
272 273 274
275 274 273
274 275 276
277 276 275
276 277 278
279 278 277
278 279 280
281 280 279
280 281 282
283 282 281
282 283 284
283 285 284
286 287 288
287 289 288
290 291 292
290 293 291
294 295 296
296 297 294
298 299 300
300 301 298
302 303 304
305 306 307
308 309 310
311 312 313
314 315 316
316 317 314
318 319 320
320 321 318
322 323 324
323 322 325
326 327 328
327 326 329
330 331 332
333 334 335
336 337 338
339 336 338
339 340 336
340 341 336
339 338 342
338 343 342
344 345 346
345 344 347
348 347 344
347 348 349
345 350 346
350 345 351
351 352 350
352 351 353
354 352 353
355 354 353
356 355 353
353 357 356
358 359 360
359 358 361
362 361 358
361 362 363
364 363 362
363 364 365
366 365 364
365 366 367
366 368 367
367 368 369
367 369 370
370 371 367
372 373 374
373 375 374
373 376 375
372 374 377
376 373 378
378 379 376
379 378 380
381 382 383
382 381 384
382 385 383
386 382 384
387 388 389
388 390 389
388 391 390
391 392 390
393 390 392
392 394 393
395 393 394
394 396 395
396 397 395
396 398 397
398 399 397
399 398 400
400 401 399
401 400 402
402 403 401
403 402 404
404 405 403
405 404 406
407 408 409
407 409 410
411 412 413
411 413 414
415 416 417
416 415 418
419 418 415
418 419 420
421 420 419
420 421 422
423 422 421
422 423 424
425 424 423
424 425 426
425 427 426
427 425 428
428 429 427
429 428 430
430 431 429
431 430 432
432 433 431
433 432 434
433 434 435
435 436 433
437 438 439
438 437 440
441 439 438
439 441 442
441 443 442
443 441 444
444 445 443
445 444 446
446 447 445
447 446 448
448 449 447
449 448 450
450 451 449
451 450 452
453 440 437
440 453 454
455 454 453
454 455 456
457 456 455
455 458 457
459 460 461
462 463 464
464 463 465
465 463 466
466 463 467
467 468 466
467 469 468
467 463 470
470 471 467
470 463 472
472 473 470
472 463 474
474 463 475
475 463 476
477 476 463
469 478 468
473 479 470
473 480 479
477 481 476
462 482 483
463 462 483
484 485 486
484 487 485
488 487 484
487 488 489
490 489 488
489 490 491
492 491 490
491 492 493
494 493 492
493 494 495
485 496 486
497 498 499
497 500 498
500 497 501
501 502 500
502 501 503
504 502 503
502 504 505
506 505 504
505 506 507
506 508 507
508 506 509
509 510 508
510 509 511
511 512 510
512 511 513
514 515 516
515 514 517
518 517 514
517 518 519
518 520 519
520 518 521
521 522 520
522 521 523
524 522 523
522 524 525
526 525 524
525 526 527
528 527 526
527 528 529
530 516 515
531 532 533
534 532 531
535 531 533
535 534 531
536 537 538
539 540 541
541 540 542
541 543 539
542 544 541
540 545 542
540 539 545
546 541 544
546 543 541
546 547 543
546 544 548
549 550 551
552 550 549
549 553 552
551 550 554
552 553 555
553 556 555
557 558 559
560 557 559
560 559 561
561 562 560
561 563 562
563 564 562
565 566 567
566 565 568
569 570 571
570 569 572
573 574 575
574 573 576
577 573 575
576 578 574
578 576 579
580 578 579
578 580 581
582 581 580
581 582 583
584 583 582
583 584 585
586 585 584
585 586 587
588 587 586
587 588 589
588 590 589
590 588 591
591 592 590
592 591 593
593 594 592
594 593 595
595 596 594
596 595 597
597 598 596
598 597 599
600 598 599
598 600 601
602 601 600
601 602 603
603 602 604
605 603 604
606 605 604
606 607 608
606 609 607
609 610 607
609 611 610
611 612 610
611 613 612
613 614 612
613 615 614
613 616 615
615 617 614
617 618 614
617 619 618
619 620 618
619 621 620
621 622 620
621 623 622
621 624 623
624 625 623
624 626 625
626 627 625
626 628 627
628 629 627
628 630 629
629 631 627
631 629 632
633 631 632
634 633 632
634 632 635
636 634 635
635 637 636
638 577 636
636 577 575
639 640 641
640 639 642
642 643 640
643 642 644
644 645 643
645 644 646
646 647 645
647 646 648
649 647 648
647 649 650
651 650 649
650 651 652
653 652 651
652 653 654
655 654 653
654 655 656
657 656 655
656 657 658
659 658 657
658 659 660
659 661 660
661 659 662
662 663 661
663 662 664
665 663 664
663 665 666
667 666 665
666 667 668
669 668 667
667 670 669
670 671 669
672 669 671
673 672 671
672 673 674
674 675 672
675 674 676
676 677 675
677 676 678
678 679 677
679 678 680
680 681 679
681 680 682
683 681 682
681 683 684
685 684 683
684 685 686
687 686 685
686 687 688
687 689 688
689 687 690
690 691 689
691 690 692
692 693 691
693 692 694
694 695 693
695 694 696
696 697 695
697 696 698
698 699 697
699 698 700
701 699 700
701 641 699
701 702 641
639 641 702
703 704 705
704 703 706
707 706 703
706 707 708
708 709 706
709 708 710
711 705 704
705 711 712
713 704 706
709 713 706
704 713 714
711 704 714
703 715 707
715 703 716
705 716 703
716 717 715
717 716 718
719 718 716
716 705 719
712 719 705
718 719 720
721 718 720
718 722 717
722 718 723
721 723 718
724 723 721
725 723 724
723 725 722
724 726 725
726 724 727
728 727 724
724 721 728
727 728 729
727 730 726
730 727 731
732 730 731
730 732 733
734 733 732
733 734 735
736 735 734
735 736 737
734 732 738
731 738 732
727 739 731
739 727 729
731 739 738
734 740 736
740 734 741
734 738 741
742 736 740
736 742 743
743 737 736
744 743 742
743 744 745
745 746 743
737 743 746
746 745 747
748 747 745
747 748 749
750 748 745
750 745 744
738 751 741
739 751 738
741 752 740
752 741 753
751 753 741
753 754 752
754 753 755
751 755 753
751 756 755
757 752 754
752 757 758
759 758 757
758 759 760
761 760 759
758 740 752
740 758 742
760 742 758
742 760 744
756 762 755
755 763 754
763 757 754
763 755 764
762 764 755
762 720 764
764 719 763
719 764 720
719 712 763
757 763 712
711 757 712
757 711 759
765 759 711
762 721 720
721 762 728
756 728 762
728 756 729
756 739 729
739 756 751
714 765 711
766 767 765
767 766 768
769 767 768
767 769 761
770 768 766
768 770 771
772 771 770
771 772 773
774 773 772
773 774 775
776 768 771
768 776 769
777 773 775
773 777 778
771 778 776
778 771 773
779 777 775
777 779 780
781 780 779
780 781 782
783 781 779
783 775 774
775 783 779
781 783 784
785 760 761
785 744 760
785 750 744
767 761 759
765 767 759
786 787 788
786 788 789
790 786 789
790 789 791
792 790 791
792 791 793
794 792 793
794 793 795
794 795 796
795 797 796
796 797 798
796 798 799
798 800 799
798 801 800
801 802 800
803 804 805
804 803 806
807 803 805
803 807 808
809 808 807
808 809 810
811 810 809
810 811 812
813 814 815
814 813 816
815 817 813
818 819 820
818 820 821
822 823 824
822 825 823
826 823 825
825 827 826
827 828 826
827 829 828
829 830 828
831 832 833
832 831 834
833 835 831
835 833 836
834 837 832
837 834 838
838 839 837
839 838 840
840 841 839
841 840 842
842 843 841
843 842 844
844 845 843
845 844 846
847 845 846
845 847 848
849 848 847
848 849 850
851 850 849
850 851 852
853 852 851
852 853 854
855 854 853
854 855 856
857 856 855
856 857 858
859 858 857
858 859 860
857 749 859
749 857 747
855 747 857
747 855 746
853 746 855
746 853 737
851 737 853
737 851 735
849 735 851
735 849 733
847 733 849
733 847 730
846 730 847
730 846 726
846 725 726
725 846 844
844 722 725
722 844 842
842 717 722
717 842 840
840 715 717
715 840 838
838 707 715
707 838 834
834 708 707
708 834 831
831 710 708
710 831 835
861 862 863
862 861 864
863 865 861
863 866 865
866 867 865
867 866 868
868 869 867
869 868 870
871 869 870
869 871 872
873 872 871
873 874 872
874 873 875
875 876 874
876 875 877
877 878 876
878 877 879
871 880 873
878 879 881
882 883 884
883 882 885
886 884 883
884 886 887
888 887 886
887 888 889
890 889 888
889 890 891
890 892 891
892 890 893
892 893 894
894 895 892
896 894 893
894 896 897
898 897 896
897 898 899
900 899 898
899 900 901
901 900 902
903 904 905
903 906 904
906 907 904
907 906 908
908 909 907
909 908 910
903 911 906
912 909 910
909 912 913
912 914 913
914 912 915
916 908 906
911 916 906
908 916 917
908 917 918
908 918 910
919 915 912
910 918 919
910 919 912
915 919 920
921 917 916
917 921 922
923 922 921
922 923 924
924 925 922
925 924 926
922 925 927
922 927 917
917 927 928
918 928 919
917 928 918
921 929 923
929 921 930
916 930 921
930 916 931
916 911 931
927 925 932
933 925 926
925 933 934
934 932 925
935 934 933
927 936 928
927 932 936
928 936 937
936 932 937
932 938 937
928 937 939
928 939 919
939 920 919
920 939 940
939 941 940
941 939 942
938 942 937
937 942 939
943 942 938
942 943 941
938 944 943
944 938 945
932 945 938
945 946 944
946 945 947
948 944 946
944 948 949
949 943 944
950 947 945
932 950 945
947 950 951
934 951 950
934 950 932
951 934 952
940 953 920
954 920 953
953 955 954
956 954 955
954 956 957
958 956 955
956 958 959
960 959 958
959 960 961
958 962 960
962 958 963
955 963 958
955 953 964
963 955 964
963 965 962
965 963 966
964 966 963
966 967 965
967 966 968
969 968 966
966 964 969
968 969 970
971 970 969
970 971 972
968 973 967
973 968 974
970 974 968
975 973 974
973 975 976
977 975 974
974 970 977
972 977 970
975 977 978
979 978 977
977 972 979
978 979 949
980 976 975
978 980 975
976 980 981
981 982 976
982 981 983
983 984 982
982 984 985
984 983 986
978 987 980
948 987 978
949 948 978
984 988 985
986 988 984
988 986 989
943 949 979
979 941 943
941 979 972
972 940 941
940 972 971
953 940 971
969 953 971
953 969 964
988 990 985
985 990 991
992 985 991
993 992 991
991 990 994
995 991 994
993 991 995
996 993 995
997 995 994
995 997 998
998 999 995
996 995 999
999 998 1000
1000 1001 999
1001 1000 1002
1003 999 1001
999 1003 1004
1004 996 999
1005 1004 1003
1004 1005 1006
998 1007 1000
1000 1007 1008
1002 1000 1008
1007 998 1009
1006 1010 1004
1010 996 1004
1011 998 997
998 1011 1009
1010 993 996
1010 1012 993
1008 1013 1002
961 1006 1005
1006 961 960
960 1010 1006
1010 960 962
962 1012 1010
1012 962 965
965 1014 1012
1012 1014 1015
1012 1015 993
1014 1016 1015
1014 965 967
1014 973 1016
973 1014 967
976 1016 973
1016 976 982
1015 992 993
985 992 1015
1016 985 1015
1016 982 985
1017 1018 1019
1018 1020 1019
1020 1018 1021
1021 1022 1020
1022 1021 1023
1023 1024 1022
1024 1023 1025
1025 1026 1024
1026 1025 1027
915 957 914
957 915 954
920 954 915
989 1028 988
1029 988 1028
988 1029 990
1030 990 1029
990 1030 994
1031 994 1030
994 1031 997
1032 997 1031
997 1032 1011
1033 1034 1035
1033 1035 1036
1036 1035 1037
1036 1037 1038
1039 1038 1037
1038 1039 1040
1041 1040 1039
1040 1041 1042
1043 1042 1041
1042 1043 1044
1045 1044 1043
1044 1045 1046
1047 1048 1049
1048 1050 1049
1051 1048 1047
1052 1051 1047
1053 1051 1052
1051 1053 1054
1055 1054 1053
1054 1055 1056
1057 1056 1055
1056 1057 1058
1059 1060 1061
1060 1059 1062
1062 1063 1060
1063 1062 1064
1064 1065 1063
1065 1064 1066
1065 1066 1067
1068 1069 1070
1068 1070 1071
1071 1070 1072
1071 1072 1073
1072 1074 1073
1074 1072 1075
1075 1076 1074
1076 1075 1077
1077 1078 1076
1078 1077 1079
1080 1081 1082
1081 1083 1082
1084 1081 1080
1084 1085 1081
1084 1086 1085
1086 1084 1087
1087 1088 1086
1088 1087 1089
1089 1090 1088
1090 1089 1091
1091 1092 1090
1092 1091 1093
1094 1095 1096
1095 1094 1097
1095 1098 1096
1099 1100 1101
1100 1099 1102
1101 1103 1099
1103 1101 1104
1104 1105 1103
1105 1104 1106
1107 1105 1106
1105 1107 1108
1100 1102 1109
1110 1111 1112
1111 1110 1113
1114 1112 1111
1112 1114 1115
1116 1115 1114
1115 1116 1117
1118 1113 1110
1119 1120 1121
1120 1119 1122
1119 1121 1123
1124 1125 1126
1127 1128 1129
1127 1129 1130
1131 1132 1133
1131 1133 1134
1135 1131 1134
1136 1137 1138
1136 1139 1137
1140 1136 1138
1141 1142 1143
1142 1141 1144
1143 1142 1145
1146 1147 1148
1149 1150 1151
1149 1151 1152
1153 1154 1155
1153 1155 1156
1157 1153 1156
1158 1159 1160
1158 1161 1159
1162 1158 1160
1163 1164 1165
1164 1163 1166
1165 1164 1167
1168 1169 1170
1171 1172 1173
1171 1173 1174
1175 1176 1177
1175 1177 1178
1179 1175 1178
1180 1181 1182
1180 1183 1181
1184 1180 1182
1185 1186 1187
1186 1185 1188
1187 1189 1185
1190 1191 1192
1193 1194 1195
1193 1196 1194
1197 1198 1199
1197 1200 1198
1201 1200 1197
1202 1203 1204
1202 1204 1205
1206 1203 1202
1207 1208 1209
1208 1207 1210
1209 1211 1207
1212 1213 1214
1215 1216 1217
1215 1218 1216
1219 1220 1221
1219 1222 1220
1223 1222 1219
1224 1225 1226
1224 1226 1227
1228 1225 1224
1229 1230 1231
1230 1229 1232
1231 1233 1229
1234 1235 1236
1237 1238 1239
1237 1240 1238
1241 1242 1243
1241 1244 1242
1245 1244 1241
1246 1247 1248
1246 1248 1249
1250 1247 1246
1251 1252 1253
1252 1251 1254
1255 1251 1253
1251 1255 1256
1257 1253 1252
1253 1257 1258
1253 1259 1255
1259 1253 1258
1260 1258 1257
1258 1260 1261
1258 1262 1259
1262 1258 1261
1263 1261 1260
1261 1263 1264
1261 1265 1262
1265 1261 1264
1266 1264 1263
1264 1266 1267
1264 1268 1265
1268 1264 1267
1269 1267 1266
1267 1269 1270
1269 1271 1270
1271 1269 1272
1271 1273 1270
1267 1273 1268
1273 1267 1270
1273 1271 1274
1272 1275 1271
1275 1274 1271
1275 1272 1276
1274 1275 1277
1276 1278 1275
1278 1277 1275
1278 1276 1279
1277 1278 1280
1279 1281 1278
1281 1280 1278
1281 1279 1282
1280 1281 1283
1282 1284 1281
1284 1283 1281
1284 1282 1285
1283 1284 1286
1285 1287 1284
1287 1286 1284
1287 1285 1288
1286 1287 1289
1290 1291 1292
1291 1290 1293
1294 1292 1291
1292 1294 1295
1294 1296 1295
1296 1294 1297
1298 1296 1297
1296 1298 1299
1300 1299 1298
1299 1300 1301
1302 1301 1300
1301 1302 1303
1304 1303 1302
1303 1304 1305
1304 1306 1305
1306 1304 1307
1307 1308 1306
1308 1307 1309
1309 1310 1308
1310 1309 1311
1312 1310 1311
1310 1312 1313
1314 1313 1312
1313 1314 1315
1316 1317 1318
1317 1316 1319
1316 1320 1319
1320 1316 1321
1319 1322 1317
1322 1319 1323
1319 1324 1323
1324 1319 1320
1323 1325 1322
1325 1323 1326
1323 1327 1326
1327 1323 1324
1326 1328 1325
1328 1326 1329
1326 1330 1329
1330 1326 1327
1329 1331 1328
1331 1329 1332
1329 1333 1332
1333 1329 1330
1332 1334 1331
1334 1332 1335
1333 1335 1332
1335 1333 1336
1337 1334 1335
1336 1337 1335
1334 1337 1338
1337 1336 1339
1340 1338 1337
1339 1340 1337
1338 1340 1341
1340 1339 1342
1343 1341 1340
1342 1343 1340
1341 1343 1344
1343 1342 1345
1346 1344 1343
1345 1346 1343
1344 1346 1347
1346 1345 1348
1349 1347 1346
1348 1349 1346
1347 1349 1350
1349 1348 1351
1352 1353 1354
1353 1352 1355
1355 1356 1353
1356 1355 1357
1358 1356 1357
1356 1358 1359
1360 1359 1358
1359 1360 1361
1362 1361 1360
1361 1362 1363
1364 1363 1362
1363 1364 1365
1364 1366 1365
1366 1364 1367
1368 1366 1367
1369 1368 1367
1369 1370 1368
1370 1369 1371
1371 1372 1370
1372 1371 1373
1374 1372 1373
1372 1374 1375
1376 1377 1378
1377 1376 1379
1376 1380 1379
1380 1376 1381
1379 1382 1377
1382 1379 1383
1379 1384 1383
1384 1379 1380
1383 1385 1382
1385 1383 1386
1383 1387 1386
1387 1383 1384
1386 1388 1385
1388 1386 1389
1386 1390 1389
1390 1386 1387
1389 1391 1388
1391 1389 1392
1389 1393 1392
1393 1389 1390
1392 1394 1391
1394 1392 1395
1393 1395 1392
1395 1393 1396
1397 1394 1395
1396 1397 1395
1394 1397 1398
1397 1396 1399
1400 1398 1397
1399 1400 1397
1398 1400 1401
1400 1399 1402
1403 1401 1400
1402 1403 1400
1401 1403 1404
1403 1402 1405
1406 1404 1403
1405 1406 1403
1404 1406 1407
1406 1405 1408
1409 1407 1406
1408 1409 1406
1407 1409 1410
1409 1408 1411
1412 1413 1414
1413 1412 1415
1415 1416 1413
1416 1415 1417
1417 1418 1416
1418 1417 1419
1419 1420 1418
1420 1419 1421
1422 1420 1421
1420 1422 1423
1424 1423 1422
1423 1424 1425
1424 1426 1425
1426 1424 1427
1427 1428 1426
1428 1427 1429
1429 1430 1428
1430 1429 1431
1431 1432 1430
1432 1431 1433
1433 1434 1432
1434 1433 1435
1436 1437 1438
1437 1436 1439
1440 1436 1438
1436 1440 1441
1442 1438 1437
1438 1442 1443
1438 1444 1440
1444 1438 1443
1445 1443 1442
1443 1445 1446
1443 1447 1444
1447 1443 1446
1448 1446 1445
1446 1448 1449
1446 1450 1447
1450 1446 1449
1451 1449 1448
1449 1451 1452
1449 1453 1450
1453 1449 1452
1454 1452 1451
1452 1454 1455
1455 1453 1452
1453 1455 1456
1454 1457 1455
1457 1454 1458
1455 1459 1456
1459 1455 1457
1458 1460 1457
1460 1458 1461
1457 1462 1459
1462 1457 1460
1461 1463 1460
1463 1462 1460
1463 1461 1464
1462 1463 1465
1464 1466 1463
1466 1465 1463
1466 1464 1467
1465 1466 1468
1467 1469 1466
1469 1468 1466
1469 1467 1470
1468 1469 1471
1470 1472 1469
1472 1471 1469
1472 1470 1473
1471 1472 1474
1475 1476 1477
1476 1475 1478
1479 1477 1476
1477 1479 1480
1481 1480 1479
1480 1481 1482
1481 1483 1482
1483 1481 1484
1484 1485 1483
1485 1484 1486
1486 1487 1485
1487 1486 1488
1489 1487 1488
1487 1489 1490
1491 1490 1489
1490 1491 1492
1493 1492 1491
1492 1493 1494
1493 1495 1494
1495 1493 1496
1496 1497 1495
1497 1496 1498
1498 1499 1497
1499 1498 1500
1501 1502 1503
1502 1501 1504
1501 1503 1505
1504 1506 1502
1506 1504 1507
1507 1508 1506
1508 1507 1509
1510 1508 1509
1508 1510 1511
1512 1511 1510
1511 1512 1513
1501 1505 1514
1515 1513 1512
1515 1516 1513
1516 1515 1517
1516 1518 1513
1517 1519 1516
1520 1519 1517
1517 1521 1520
1513 1518 1522
1513 1522 1523
1513 1523 1511
1524 1520 1521
1524 1521 1525
1525 1526 1524
1526 1525 1527
1527 1528 1526
1528 1527 1529
1524 1530 1520
1531 1530 1524
1532 1526 1528
1533 1532 1528
1532 1533 1534
1526 1532 1535
1526 1535 1524
1535 1531 1524
1531 1535 1532
1528 1536 1533
1536 1528 1529
1537 1533 1536
1533 1537 1538
1538 1534 1533
1539 1538 1537
1538 1539 1540
1540 1541 1538
1534 1538 1541
1541 1540 1542
1540 1543 1542
1543 1540 1539
1544 1543 1539
1545 1532 1534
1542 1546 1541
1547 1541 1546
1547 1534 1541
1545 1534 1547
1542 1548 1546
1542 1543 1548
1549 1550 1505
1503 1549 1505
1503 1551 1549
1551 1552 1549
1549 1552 1550
1551 1503 1502
1502 1553 1551
1554 1551 1553
1554 1552 1551
1555 1554 1553
1553 1502 1506
1506 1556 1553
1555 1553 1556
1556 1506 1508
1511 1556 1508
1556 1511 1523
1523 1522 1556
1557 1558 1559
1558 1557 1560
1558 1561 1559
1562 1560 1557
1560 1562 1563
1564 1563 1562
1563 1564 1565
1564 1566 1565
1566 1564 1567
1567 1568 1566
1568 1567 1569
1558 1570 1561
1571 1568 1569
1571 1569 1572
1572 1573 1571
1573 1572 1574
1575 1573 1574
1573 1575 1576
1577 1576 1575
1577 1578 1576
1579 1578 1577
1578 1579 1580
1581 1580 1579
1580 1581 1582
1581 1583 1582
1583 1581 1584
1584 1585 1583
1585 1584 1586
1586 1587 1585
1587 1586 1588
1589 1587 1588
1590 1587 1589
1591 1592 1593
1592 1594 1593
1592 1595 1594
1592 1596 1595
1596 1597 1595
1595 1597 1594
1594 1597 1598
1597 1596 1599
1600 1597 1599
1597 1600 1601
1598 1597 1601
1598 1601 1602
1602 1601 1603
1604 1601 1600
1601 1604 1603
1605 1603 1604
1603 1605 1606
1603 1606 1607
1602 1603 1607
1607 1606 1608
1605 1608 1606
1608 1609 1607
1610 1611 1612
1611 1610 1613
1614 1611 1613
1611 1614 1615
1614 1616 1615
1615 1616 1617
1617 1611 1615
1617 1616 1618
1616 1619 1618
1620 1612 1611
1617 1620 1611
1612 1621 1610
1621 1612 1622
1622 1623 1621
1623 1622 1624
1623 1624 1625
1624 1622 1626
1625 1624 1626
1627 1626 1622
1627 1622 1612
1620 1627 1612
1626 1628 1625
1629 1630 1631
1630 1629 1632
1633 1629 1631
1631 1634 1633
1634 1635 1633
1635 1634 1636
1636 1637 1635
1637 1636 1638
1639 1640 1641
1639 1642 1640
1643 1644 1645
1644 1643 1646
1644 1647 1645
1647 1644 1648
1648 1649 1647
1649 1648 1650
1650 1651 1649
1651 1650 1652
1653 1654 1655
1653 1655 1656
1653 1656 1657
1658 1659 1660
1661 1659 1658
1662 1663 1664
1663 1662 1665
1666 1665 1662
1665 1666 1667
1668 1667 1666
1667 1668 1669
1663 1670 1664
1670 1663 1671
1672 1673 1674
1673 1672 1675
1676 1675 1672
1675 1676 1677
1678 1674 1673
1674 1678 1679
1680 1679 1678
1679 1680 1681
1682 1683 1684
1683 1682 1685
1686 1684 1683
1684 1686 1687
1688 1685 1682
1689 1690 1691
1690 1689 1692
1691 1690 1693
1694 1692 1689
1692 1694 1695
1693 1696 1691
1697 1696 1693
1696 1697 1698
1699 1700 1701
1700 1699 1702
1703 1702 1699
1702 1703 1704
1703 1705 1704
1705 1703 1706
1700 1707 1701
1707 1700 1708
1709 1710 1711
1710 1709 1712
1712 1713 1710
1713 1712 1714
1711 1715 1709
1716 1717 1718
1716 1718 1719
1716 1720 1717
1721 1722 1723
1721 1724 1722
1724 1725 1722
1724 1726 1725
1726 1727 1725
1726 1728 1727
1726 1729 1728
1729 1730 1728
1729 1731 1730
1731 1732 1730
1731 1733 1732
1734 1721 1723
1734 1723 1735
1733 1736 1732
1733 1737 1736
1737 1738 1736
1737 1739 1738
1739 1740 1738
1739 1741 1740
1741 1742 1740
1741 1743 1742
1743 1744 1742
1743 1745 1744
1746 1734 1735
1746 1735 1747
1748 1746 1747
1748 1747 1749
1750 1748 1749
1750 1749 1751
1752 1750 1751
1752 1751 1753
1754 1752 1753
1755 1756 1757
1755 1758 1756
1758 1755 1759
1759 1760 1758
1760 1759 1761
1761 1762 1760
1762 1761 1763
1763 1764 1762
1764 1763 1765
1765 1766 1764
1766 1765 1767
1768 1766 1767
1766 1768 1769
1769 1768 1770
1771 1772 1773
1772 1774 1773
1774 1772 1775
1775 1776 1774
1776 1775 1777
1777 1778 1776
1778 1777 1779
1779 1780 1778
1780 1779 1781
1781 1782 1780
1782 1781 1783
1783 1784 1782
1784 1783 1785
1784 1785 1786
1787 1788 1789
1789 1788 1790
1791 1792 1793
1791 1793 1794
1795 1796 1797
1796 1795 1798
1799 1800 1801
1800 1799 1802
1803 1804 1805
1806 1807 1808
1809 1810 1811
1812 1813 1814
1815 1816 1817
1816 1815 1818
1819 1820 1821
1820 1819 1822
1823 1824 1825
1824 1823 1826
1827 1828 1829
1828 1827 1830
1831 1832 1833
1834 1835 1836
1837 1838 1839
1840 1838 1837
1840 1837 1841
1841 1837 1842
1840 1843 1838
1838 1843 1844
1845 1846 1847
1846 1845 1848
1847 1849 1845
1849 1847 1850
1851 1846 1848
1846 1851 1852
1853 1852 1851
1852 1853 1854
1855 1854 1853
1854 1855 1856
1854 1856 1857
1857 1858 1854
1859 1860 1861
1860 1859 1862
1861 1863 1859
1863 1861 1864
1864 1865 1863
1865 1864 1866
1866 1867 1865
1867 1866 1868
1867 1868 1869
1870 1869 1868
1871 1870 1868
1868 1872 1871
1873 1874 1875
1875 1874 1876
1875 1876 1877
1873 1878 1874
1877 1879 1875
1879 1877 1880
1880 1881 1879
1882 1883 1884
1884 1885 1882
1884 1883 1886
1887 1885 1884
1888 1889 1890
1890 1889 1891
1890 1891 1892
1892 1891 1893
1894 1893 1891
1893 1894 1895
1896 1895 1894
1895 1896 1897
1897 1896 1898
1897 1898 1899
1900 1899 1898
1899 1900 1901
1902 1901 1900
1901 1902 1903
1904 1903 1902
1903 1904 1905
1906 1905 1904
1905 1906 1907
1908 1909 1910
1908 1911 1909
1912 1913 1914
1912 1915 1913
1916 1917 1918
1917 1916 1919
1918 1920 1916
1920 1918 1921
1921 1922 1920
1922 1921 1923
1923 1924 1922
1924 1923 1925
1925 1926 1924
1926 1925 1927
1928 1926 1927
1926 1928 1929
1930 1929 1928
1929 1930 1931
1932 1931 1930
1931 1932 1933
1933 1932 1934
1934 1935 1933
1936 1935 1934
1934 1937 1936
1938 1939 1940
1939 1938 1941
1940 1942 1938
1942 1940 1943
1944 1942 1943
1942 1944 1945
1946 1945 1944
1945 1946 1947
1948 1947 1946
1947 1948 1949
1950 1949 1948
1949 1950 1951
1952 1951 1950
1951 1952 1953
1941 1954 1939
1954 1941 1955
1956 1954 1955
1955 1957 1956
1956 1957 1958
1958 1959 1956
1960 1961 1962
1963 1964 1965
1964 1966 1965
1966 1967 1965
1967 1968 1965
1968 1967 1969
1968 1969 1970
1968 1971 1965
1971 1968 1972
1971 1973 1965
1973 1971 1974
1973 1975 1965
1975 1976 1965
1976 1977 1965
1978 1965 1977
1970 1969 1979
1974 1971 1980
1974 1980 1981
1978 1977 1982
1963 1983 1984
1965 1983 1963
1985 1986 1987
1985 1987 1988
1988 1989 1985
1989 1988 1990
1990 1991 1989
1991 1990 1992
1992 1993 1991
1993 1992 1994
1994 1995 1993
1995 1994 1996
1987 1986 1997
1998 1999 2000
2001 1998 2000
1998 2001 2002
2003 2002 2001
2002 2003 2004
2003 2005 2004
2005 2003 2006
2006 2007 2005
2007 2006 2008
2009 2007 2008
2007 2009 2010
2011 2010 2009
2010 2011 2012
2013 2012 2011
2012 2013 2014
2015 2016 2017
2016 2015 2018
2017 2019 2015
2019 2017 2020
2021 2019 2020
2019 2021 2022
2023 2022 2021
2022 2023 2024
2023 2025 2024
2025 2023 2026
2026 2027 2025
2027 2026 2028
2028 2029 2027
2029 2028 2030
2031 2016 2018
2032 2033 2034
2035 2032 2034
2036 2033 2032
2036 2032 2035
2037 2038 2039
2040 2041 2042
2043 2041 2040
2042 2044 2040
2040 2045 2043
2041 2043 2046
2041 2046 2042
2047 2045 2040
2047 2040 2044
2047 2044 2048
2047 2049 2045
2050 2051 2052
2053 2050 2052
2050 2053 2054
2053 2055 2054
2051 2056 2052
2055 2057 2054
2058 2059 2060
2061 2059 2058
2061 2062 2059
2062 2061 2063
2062 2063 2064
2063 2065 2064
2066 2067 2068
2067 2066 2069
2070 2071 2072
2071 2070 2073
2074 2075 2076
2074 2077 2075
2077 2074 2078
2078 2079 2077
2079 2078 2080
2081 2079 2080
2079 2081 2082
2083 2082 2081
2082 2083 2084
2083 2085 2084
2085 2083 2086
2086 2087 2085
2087 2086 2088
2088 2089 2087
2089 2088 2090
2090 2091 2089
2091 2090 2092
2092 2093 2091
2093 2092 2094
2094 2095 2093
2095 2094 2096
2097 2095 2096
2095 2097 2098
2099 2098 2097
2098 2099 2100
2101 2100 2099
2100 2101 2102
2101 2103 2102
2103 2104 2102
2103 2105 2104
2104 2105 2106
2106 2107 2104
2106 2108 2107
2109 2107 2108
2107 2109 2110
2111 2110 2109
2110 2111 2112
2113 2112 2111
2112 2113 2114
2115 2114 2113
2114 2115 2116
2117 2116 2115
2116 2117 2118
2119 2118 2117
2118 2119 2120
2119 2121 2120
2121 2119 2122
2122 2123 2121
2123 2122 2124
2124 2125 2123
2125 2124 2126
2127 2125 2126
2125 2127 2128
2129 2128 2127
2128 2129 2130
2131 2130 2129
2130 2131 2132
2133 2132 2131
2132 2133 2134
2133 2135 2134
2135 2136 2134
2136 2076 2134
2076 2136 2137
2076 2137 2074
2138 2139 2140
2139 2138 2141
2142 2138 2140
2138 2142 2143
2144 2143 2142
2143 2144 2145
2146 2145 2144
2145 2146 2147
2148 2147 2146
2147 2148 2149
2150 2149 2148
2149 2150 2151
2150 2152 2151
2152 2150 2153
2153 2154 2152
2154 2153 2155
2155 2156 2154
2156 2155 2157
2157 2158 2156
2158 2157 2159
2159 2160 2158
2160 2159 2161
2162 2160 2161
2160 2162 2163
2164 2163 2162
2163 2164 2165
2165 2164 2166
2167 2165 2166
2168 2167 2166
2169 2170 2167
2170 2169 2171
2167 2172 2169
2170 2171 2173
2173 2171 2174
2171 2175 2174
2175 2176 2174
2177 2176 2175
2178 2176 2177
2177 2175 2179
2178 2180 2176
2181 2180 2178
2181 2182 2180
2183 2182 2181
2183 2184 2182
2183 2185 2184
2186 2185 2183
2186 2187 2185
2188 2187 2186
2188 2189 2187
2190 2189 2188
2191 2189 2190
2191 2190 2192
2191 2193 2189
2194 2193 2191
2194 2195 2193
2196 2195 2194
2196 2197 2195
2198 2197 2196
2198 2199 2197
2198 2200 2201
2201 2200 2202
2200 2203 2202
2203 2141 2202
2141 2203 2139
2204 2205 2206
2205 2204 2207
2206 2208 2204
2208 2206 2209
2210 2209 2206
2209 2210 2211
2207 2212 2205
2212 2207 2213
2214 2206 2205
2210 2206 2214
2205 2215 2214
2212 2215 2205
2216 2204 2208
2204 2216 2217
2217 2207 2204
2218 2217 2216
2217 2218 2219
2219 2220 2217
2207 2217 2220
2220 2213 2207
2220 2219 2221
2222 2221 2219
2223 2219 2218
2219 2223 2224
2222 2219 2224
2225 2222 2224
2224 2226 2225
2226 2224 2223
2227 2225 2226
2225 2227 2228
2228 2229 2225
2225 2229 2222
2229 2228 2230
2231 2228 2227
2228 2231 2232
2231 2233 2232
2233 2231 2234
2234 2235 2233
2235 2234 2236
2236 2237 2235
2237 2236 2238
2235 2239 2233
2232 2233 2239
2228 2240 2230
2240 2228 2232
2232 2239 2240
2241 2235 2237
2235 2241 2242
2235 2242 2239
2237 2243 2241
2243 2237 2244
2238 2244 2237
2244 2245 2243
2245 2244 2246
2247 2246 2244
2244 2238 2247
2246 2247 2248
2248 2249 2246
2249 2248 2250
2251 2246 2249
2251 2245 2246
2239 2242 2252
2240 2239 2252
2253 2242 2241
2242 2253 2254
2252 2242 2254
2255 2254 2253
2254 2255 2256
2252 2254 2256
2252 2256 2257
2253 2258 2255
2258 2253 2259
2259 2260 2258
2260 2259 2261
2262 2260 2261
2241 2259 2253
2259 2241 2243
2243 2261 2259
2261 2243 2245
2257 2256 2263
2264 2256 2255
2258 2264 2255
2256 2264 2265
2263 2256 2265
2263 2265 2221
2220 2265 2264
2265 2220 2221
2213 2220 2264
2264 2258 2213
2258 2212 2213
2212 2258 2260
2266 2212 2260
2263 2221 2222
2222 2229 2263
2229 2257 2263
2257 2229 2230
2240 2257 2230
2257 2240 2252
2215 2212 2266
2267 2268 2266
2268 2267 2269
2267 2270 2269
2270 2267 2262
2269 2271 2268
2271 2269 2272
2272 2273 2271
2273 2272 2274
2274 2275 2273
2275 2274 2276
2277 2269 2270
2269 2277 2272
2274 2278 2276
2278 2274 2279
2279 2272 2277
2272 2279 2274
2278 2280 2276
2280 2278 2281
2281 2282 2280
2282 2281 2283
2282 2284 2280
2276 2284 2275
2284 2276 2280
2284 2282 2285
2286 2262 2261
2286 2261 2245
2286 2245 2251
2267 2260 2262
2266 2260 2267
2287 2288 2289
2290 2288 2287
2290 2291 2288
2292 2291 2290
2292 2293 2291
2294 2293 2292
2287 2289 2295
2294 2296 2293
2294 2297 2296
2297 2298 2296
2297 2299 2298
2297 2300 2299
2299 2300 2301
2299 2301 2302
2302 2301 2303
2304 2305 2306
2305 2304 2307
2304 2308 2307
2308 2304 2309
2309 2310 2308
2310 2309 2311
2311 2312 2310
2312 2311 2313
2314 2315 2316
2315 2314 2317
2317 2314 2318
2319 2320 2321
2319 2321 2322
2323 2324 2325
2325 2324 2326
2326 2327 2325
2327 2326 2328
2327 2328 2329
2329 2328 2330
2323 2331 2324
2332 2333 2334
2333 2332 2335
2336 2334 2333
2334 2336 2337
2338 2335 2332
2335 2338 2339
2340 2339 2338
2339 2340 2341
2342 2341 2340
2341 2342 2343
2344 2343 2342
2343 2344 2345
2346 2345 2344
2345 2346 2347
2346 2348 2347
2348 2346 2349
2349 2350 2348
2350 2349 2351
2351 2352 2350
2352 2351 2353
2353 2354 2352
2354 2353 2355
2355 2356 2354
2356 2355 2357
2357 2358 2356
2358 2357 2359
2359 2360 2358
2360 2359 2361
2250 2358 2360
2358 2250 2248
2248 2356 2358
2356 2248 2247
2247 2354 2356
2354 2247 2238
2238 2352 2354
2352 2238 2236
2236 2350 2352
2350 2236 2234
2234 2348 2350
2348 2234 2231
2231 2347 2348
2347 2231 2227
2226 2347 2227
2347 2226 2345
2223 2345 2226
2345 2223 2343
2218 2343 2223
2343 2218 2341
2216 2341 2218
2341 2216 2339
2208 2339 2216
2339 2208 2335
2209 2335 2208
2335 2209 2333
2211 2333 2209
2333 2211 2336
2362 2363 2364
2363 2362 2365
2365 2362 2366
2365 2366 2367
2368 2367 2366
2367 2368 2369
2370 2369 2368
2369 2370 2371
2370 2372 2371
2372 2370 2373
2374 2372 2373
2375 2374 2373
2374 2375 2376
2377 2376 2375
2376 2377 2378
2379 2378 2377
2378 2379 2380
2372 2374 2381
2379 2382 2380
2383 2384 2385
2384 2383 2386
2385 2387 2383
2387 2385 2388
2388 2389 2387
2389 2388 2390
2390 2391 2389
2391 2390 2392
2393 2391 2392
2391 2393 2394
2393 2395 2394
2395 2393 2396
2395 2397 2394
2397 2395 2398
2398 2399 2397
2399 2398 2400
2400 2401 2399
2401 2400 2402
2402 2403 2401
2404 2405 2406
2405 2404 2407
2408 2406 2405
2406 2408 2409
2408 2410 2409
2410 2408 2411
2412 2410 2411
2410 2412 2413
2406 2414 2404
2414 2406 2415
2406 2416 2415
2406 2409 2416
2413 2417 2410
2409 2417 2416
2409 2410 2417
2417 2413 2418
2415 2419 2414
2419 2415 2420
2420 2421 2419
2421 2420 2422
2423 2422 2420
2422 2423 2424
2420 2425 2423
2420 2415 2425
2415 2426 2425
2416 2417 2426
2415 2416 2426
2427 2419 2421
2419 2427 2428
2428 2414 2419
2414 2428 2429
2430 2414 2429
2414 2430 2404
2431 2404 2430
2425 2432 2423
2423 2433 2424
2433 2423 2434
2434 2423 2432
2435 2433 2434
2434 2436 2435
2436 2434 2437
2434 2432 2437
2432 2438 2437
2439 2437 2438
2437 2439 2436
2438 2440 2439
2440 2438 2441
2442 2441 2438
2432 2442 2438
2441 2442 2443
2444 2443 2442
2443 2444 2445
2446 2445 2444
2445 2446 2447
2432 2448 2442
2442 2448 2444
2448 2446 2444
2441 2449 2440
2449 2441 2450
2443 2450 2441
2446 2418 2447
2418 2446 2417
2426 2417 2446
2426 2446 2448
2426 2448 2451
2452 2447 2418
2418 2453 2452
2454 2452 2453
2453 2455 2454
2455 2453 2456
2455 2457 2454
2457 2455 2458
2458 2459 2457
2459 2458 2460
2461 2457 2459
2457 2461 2462
2462 2454 2457
2452 2454 2463
2454 2462 2463
2464 2462 2461
2462 2464 2465
2465 2463 2462
2466 2465 2464
2465 2466 2467
2467 2468 2465
2463 2465 2468
2468 2467 2469
2469 2470 2468
2470 2469 2471
2472 2467 2466
2467 2472 2473
2473 2469 2467
2472 2474 2473
2474 2472 2475
2474 2476 2473
2469 2473 2476
2476 2471 2469
2476 2474 2477
2477 2478 2476
2471 2476 2478
2478 2477 2450
2475 2479 2474
2477 2474 2479
2479 2475 2480
2481 2480 2475
2480 2481 2482
2483 2482 2481
2481 2484 2483
2482 2483 2485
2477 2479 2486
2477 2486 2449
2450 2477 2449
2483 2484 2487
2487 2485 2483
2485 2487 2488
2450 2443 2478
2445 2478 2443
2478 2445 2471
2447 2471 2445
2471 2447 2470
2447 2452 2470
2452 2468 2470
2468 2452 2463
2487 2484 2489
2484 2490 2489
2491 2490 2484
2492 2490 2491
2490 2493 2489
2494 2493 2490
2492 2494 2490
2495 2494 2492
2494 2496 2493
2496 2494 2497
2498 2497 2494
2495 2498 2494
2497 2498 2499
2500 2499 2498
2499 2500 2501
2498 2502 2500
2502 2498 2503
2503 2498 2495
2503 2504 2502
2504 2503 2505
2506 2497 2499
2499 2507 2506
2501 2507 2499
2497 2506 2508
2505 2503 2509
2509 2503 2495
2497 2510 2496
2510 2497 2508
2509 2495 2492
2509 2492 2511
2507 2501 2512
2505 2460 2504
2460 2505 2459
2509 2459 2505
2459 2509 2461
2511 2461 2509
2461 2511 2464
2513 2464 2511
2511 2514 2513
2511 2492 2514
2513 2514 2515
2464 2513 2466
2513 2472 2466
2472 2513 2515
2515 2475 2472
2475 2515 2481
2514 2492 2491
2484 2514 2491
2515 2514 2484
2515 2484 2481
2516 2517 2518
2519 2518 2517
2518 2519 2520
2521 2520 2519
2520 2521 2522
2523 2522 2521
2522 2523 2524
2525 2524 2523
2524 2525 2526
2431 2527 2407
2431 2407 2404
2456 2413 2412
2413 2456 2453
2453 2418 2413
2425 2426 2451
2425 2451 2432
2451 2448 2432
2528 2487 2529
2487 2530 2529
2530 2487 2489
2489 2531 2530
2531 2489 2493
2493 2532 2531
2532 2493 2496
2496 2533 2532
2533 2496 2510
2534 2535 2536
2534 2536 2537
2535 2538 2536
2535 2539 2538
2539 2540 2538
2540 2539 2541
2541 2542 2540
2542 2541 2543
2543 2544 2542
2544 2543 2545
2545 2546 2544
2546 2545 2547
2548 2549 2550
2551 2548 2550
2551 2550 2552
2553 2551 2552
2552 2554 2553
2554 2552 2555
2555 2556 2554
2556 2555 2557
2557 2558 2556
2558 2557 2559
2560 2561 2562
2561 2560 2563
2564 2563 2560
2563 2564 2565
2566 2565 2564
2565 2566 2567
2566 2568 2567
2569 2570 2571
2570 2572 2571
2569 2571 2573
2570 2574 2572
2575 2572 2574
2572 2575 2576
2577 2576 2575
2576 2577 2578
2579 2578 2577
2578 2579 2580
2581 2582 2583
2584 2581 2583
2585 2584 2583
2585 2583 2586
2587 2585 2586
2585 2587 2588
2589 2588 2587
2588 2589 2590
2591 2590 2589
2590 2591 2592
2593 2592 2591
2592 2593 2594
2595 2596 2597
2596 2595 2598
2596 2598 2599
2600 2601 2602
2601 2600 2603
2604 2602 2601
2602 2604 2605
2606 2605 2604
2605 2606 2607
2606 2608 2607
2608 2606 2609
2600 2610 2603
2611 2612 2613
2612 2611 2614
2614 2615 2612
2615 2614 2616
2616 2617 2615
2617 2616 2618
2619 2611 2613
2620 2621 2622
2621 2620 2623
2620 2624 2623
2625 2626 2627
2628 2629 2630
2628 2631 2629
2632 2633 2634
2632 2635 2633
2636 2635 2632
2637 2638 2639
2637 2639 2640
2641 2638 2637
2642 2643 2644
2643 2642 2645
2644 2646 2642
2647 2648 2649
2650 2651 2652
2650 2653 2651
2654 2655 2656
2654 2657 2655
2658 2657 2654
2659 2660 2661
2659 2661 2662
2663 2660 2659
2664 2665 2666
2665 2664 2667
2666 2668 2664
2669 2670 2671
2672 2673 2674
2672 2675 2673
2676 2677 2678
2676 2679 2677
2680 2679 2676
2681 2682 2683
2681 2683 2684
2685 2682 2681
2686 2687 2688
2687 2686 2689
2688 2687 2690
2691 2692 2693
2694 2695 2696
2694 2696 2697
2698 2699 2700
2698 2700 2701
2702 2698 2701
2703 2704 2705
2703 2706 2704
2707 2703 2705
2708 2709 2710
2709 2708 2711
2710 2709 2712
2713 2714 2715
2716 2717 2718
2716 2718 2719
2720 2721 2722
2720 2722 2723
2724 2720 2723
2725 2726 2727
2725 2728 2726
2729 2725 2727
2730 2731 2732
2731 2730 2733
2732 2731 2734
2735 2736 2737
2738 2739 2740
2738 2740 2741
2742 2743 2744
2742 2744 2745
2746 2742 2745
2747 2748 2749
2747 2750 2748
2751 2747 2749
2752 2753 2754
2753 2752 2755
2752 2756 2755
2756 2752 2757
2755 2758 2753
2758 2755 2759
2760 2755 2756
2755 2760 2759
2759 2761 2758
2761 2759 2762
2763 2759 2760
2759 2763 2762
2762 2764 2761
2764 2762 2765
2766 2762 2763
2762 2766 2765
2765 2767 2764
2767 2765 2768
2765 2769 2768
2769 2765 2766
2768 2770 2767
2770 2768 2771
2772 2770 2771
2770 2772 2773
2774 2772 2771
2774 2768 2769
2768 2774 2771
2772 2774 2775
2776 2773 2772
2775 2776 2772
2773 2776 2777
2776 2775 2778
2779 2777 2776
2778 2779 2776
2777 2779 2780
2779 2778 2781
2782 2780 2779
2781 2782 2779
2780 2782 2783
2782 2781 2784
2785 2783 2782
2784 2785 2782
2783 2785 2786
2785 2784 2787
2788 2786 2785
2787 2788 2785
2786 2788 2789
2788 2787 2790
2791 2792 2793
2792 2791 2794
2794 2795 2792
2795 2794 2796
2797 2795 2796
2795 2797 2798
2797 2799 2798
2799 2797 2800
2800 2801 2799
2801 2800 2802
2802 2803 2801
2803 2802 2804
2804 2805 2803
2805 2804 2806
2807 2805 2806
2805 2807 2808
2809 2808 2807
2808 2809 2810
2811 2810 2809
2810 2811 2812
2811 2813 2812
2813 2811 2814
2814 2815 2813
2815 2814 2816
2817 2818 2819
2818 2817 2820
2821 2818 2820
2818 2821 2822
2823 2820 2817
2820 2823 2824
2820 2825 2821
2825 2820 2824
2826 2824 2823
2824 2826 2827
2824 2828 2825
2828 2824 2827
2829 2827 2826
2827 2829 2830
2827 2831 2828
2831 2827 2830
2832 2830 2829
2830 2832 2833
2830 2834 2831
2834 2830 2833
2835 2833 2832
2833 2835 2836
2836 2834 2833
2834 2836 2837
2835 2838 2836
2838 2837 2836
2838 2835 2839
2837 2838 2840
2839 2841 2838
2841 2840 2838
2841 2839 2842
2840 2841 2843
2842 2844 2841
2844 2843 2841
2844 2842 2845
2843 2844 2846
2845 2847 2844
2847 2846 2844
2847 2845 2848
2846 2847 2849
2848 2850 2847
2850 2849 2847
2850 2848 2851
2849 2850 2852
2853 2854 2855
2854 2853 2856
2857 2856 2853
2856 2857 2858
2857 2859 2858
2859 2857 2860
2860 2861 2859
2861 2860 2862
2862 2863 2861
2863 2862 2864
2864 2865 2863
2865 2864 2866
2867 2865 2866
2865 2867 2868
2868 2867 2869
2870 2868 2869
2871 2870 2869
2870 2871 2872
2873 2872 2871
2872 2873 2874
2873 2875 2874
2875 2873 2876
2877 2878 2879
2878 2877 2880
2881 2878 2880
2878 2881 2882
2883 2880 2877
2880 2883 2884
2880 2885 2881
2885 2880 2884
2886 2884 2883
2884 2886 2887
2884 2888 2885
2888 2884 2887
2889 2887 2886
2887 2889 2890
2887 2891 2888
2891 2887 2890
2892 2890 2889
2890 2892 2893
2890 2894 2891
2894 2890 2893
2895 2893 2892
2893 2895 2896
2896 2894 2893
2894 2896 2897
2895 2898 2896
2898 2897 2896
2898 2895 2899
2897 2898 2900
2899 2901 2898
2901 2900 2898
2901 2899 2902
2900 2901 2903
2902 2904 2901
2904 2903 2901
2904 2902 2905
2903 2904 2906
2905 2907 2904
2907 2906 2904
2907 2905 2908
2906 2907 2909
2908 2910 2907
2910 2909 2907
2910 2908 2911
2909 2910 2912
2913 2914 2915
2914 2913 2916
2917 2916 2913
2916 2917 2918
2919 2918 2917
2918 2919 2920
2921 2920 2919
2920 2921 2922
2921 2923 2922
2923 2921 2924
2924 2925 2923
2925 2924 2926
2927 2925 2926
2925 2927 2928
2929 2928 2927
2928 2929 2930
2931 2930 2929
2930 2931 2932
2933 2932 2931
2932 2933 2934
2935 2934 2933
2934 2935 2936
2937 2938 2939
2938 2937 2940
2937 2941 2940
2941 2937 2942
2940 2943 2938
2943 2940 2944
2945 2940 2941
2940 2945 2944
2944 2946 2943
2946 2944 2947
2948 2944 2945
2944 2948 2947
2947 2949 2946
2949 2947 2950
2951 2947 2948
2947 2951 2950
2950 2952 2949
2952 2950 2953
2954 2950 2951
2950 2954 2953
2953 2955 2952
2955 2953 2956
2954 2956 2953
2956 2954 2957
2958 2955 2956
2955 2958 2959
2960 2956 2957
2956 2960 2958
2961 2959 2958
2959 2961 2962
2963 2958 2960
2958 2963 2961
2964 2962 2961
2963 2964 2961
2962 2964 2965
2964 2963 2966
2967 2965 2964
2966 2967 2964
2965 2967 2968
2967 2966 2969
2970 2968 2967
2969 2970 2967
2968 2970 2971
2970 2969 2972
2973 2971 2970
2972 2973 2970
2971 2973 2974
2973 2972 2975
2976 2977 2978
2977 2976 2979
2979 2980 2977
2980 2979 2981
2981 2982 2980
2982 2981 2983
2984 2982 2983
2982 2984 2985
2986 2985 2984
2985 2986 2987
2988 2987 2986
2987 2988 2989
2988 2990 2989
2990 2988 2991
2991 2992 2990
2992 2991 2993
2993 2994 2992
2994 2993 2995
2996 2994 2995
2994 2996 2997
2998 2997 2996
2997 2998 2999
3000 2999 2998
2999 3000 3001
3002 3003 3004
3003 3002 3005
3006 3004 3003
3004 3006 3007
3008 3007 3006
3007 3008 3009
3010 3009 3008
3009 3010 3011
3012 3011 3010
3011 3012 3013
3014 3013 3012
3013 3014 3015
3016 3015 3014
3015 3016 3017
3018 3017 3016
3017 3018 3019
3020 3019 3018
3019 3020 3021
3022 3021 3020
3021 3022 3023
3024 3023 3022
3023 3024 3025
3026 3005 3002
3005 3026 3027
3028 3029 3030
3031 3028 3030
3032 3031 3030
3033 3032 3030
3034 3033 3030
3035 3034 3030
3036 3035 3030
3037 3036 3030
3038 3037 3030
3039 3038 3030
3040 3039 3030
3029 3040 3030
3041 3042 3043
3042 3044 3043
3044 3045 3043
3045 3046 3043
3046 3047 3043
3047 3048 3043
3048 3049 3043
3049 3050 3043
3050 3051 3043
3051 3052 3043
3052 3053 3043
3053 3041 3043
3054 3055 3056
3055 3054 3057
3058 3056 3055
3056 3058 3059
3060 3059 3058
3059 3060 3061
3062 3061 3060
3061 3062 3063
3064 3063 3062
3063 3064 3065
3066 3065 3064
3065 3066 3067
3068 3067 3066
3067 3068 3069
3070 3069 3068
3069 3070 3071
3072 3071 3070
3071 3072 3073
3074 3073 3072
3073 3074 3075
3076 3075 3074
3075 3076 3077
3078 3057 3054
3057 3078 3079
3080 3081 3082
3083 3080 3082
3084 3083 3082
3085 3084 3082
3086 3085 3082
3087 3086 3082
3088 3087 3082
3089 3088 3082
3090 3089 3082
3091 3090 3082
3092 3091 3082
3081 3092 3082
3093 3094 3095
3094 3096 3095
3096 3097 3095
3097 3098 3095
3098 3099 3095
3099 3100 3095
3100 3101 3095
3101 3102 3095
3102 3103 3095
3103 3104 3095
3104 3105 3095
3105 3093 3095
3106 3107 3108
3107 3106 3109
3108 3110 3106
3110 3108 3111
3111 3112 3110
3112 3111 3113
3113 3114 3112
3114 3113 3115
3115 3116 3114
3116 3115 3117
3117 3118 3116
3118 3117 3119
3119 3120 3118
3120 3119 3121
3121 3122 3120
3122 3121 3123
3123 3124 3122
3124 3123 3125
3125 3126 3124
3126 3125 3127
3127 3128 3126
3128 3127 3129
3109 3130 3107
3130 3109 3131
3132 3133 3134
3135 3133 3132
3136 3133 3135
3137 3133 3136
3138 3133 3137
3139 3133 3138
3140 3133 3139
3141 3133 3140
3142 3133 3141
3143 3133 3142
3144 3133 3143
3134 3133 3144
3145 3146 3147
3147 3146 3148
3148 3146 3149
3149 3146 3150
3150 3146 3151
3151 3146 3152
3152 3146 3153
3153 3146 3154
3154 3146 3155
3155 3146 3156
3156 3146 3157
3157 3146 3145
3158 3159 3160
3159 3158 3161
3160 3162 3158
3162 3160 3163
3163 3164 3162
3164 3163 3165
3165 3166 3164
3166 3165 3167
3167 3168 3166
3168 3167 3169
3169 3170 3168
3170 3169 3171
3171 3172 3170
3172 3171 3173
3173 3174 3172
3174 3173 3175
3175 3176 3174
3176 3175 3177
3177 3178 3176
3178 3177 3179
3179 3180 3178
3180 3179 3181
3161 3182 3159
3182 3161 3183
3184 3185 3186
3187 3185 3184
3188 3185 3187
3189 3185 3188
3190 3185 3189
3191 3185 3190
3192 3185 3191
3193 3185 3192
3194 3185 3193
3195 3185 3194
3196 3185 3195
3186 3185 3196
3197 3198 3199
3199 3198 3200
3200 3198 3201
3201 3198 3202
3202 3198 3203
3203 3198 3204
3204 3198 3205
3205 3198 3206
3206 3198 3207
3207 3198 3208
3208 3198 3209
3209 3198 3197
3210 3211 3212
3211 3210 3213
3212 3214 3210
3214 3212 3215
3215 3216 3214
3216 3215 3217
3217 3218 3216
3218 3217 3219
3219 3220 3218
3220 3219 3221
3221 3222 3220
3222 3221 3223
3223 3224 3222
3224 3223 3225
3213 3226 3211
3226 3213 3227
3224 3225 3228
3226 3227 3229
3230 3229 3227
3229 3230 3231
3230 3232 3231
3232 3230 3233
3233 3234 3232
3233 3235 3234
3235 3233 3236
3236 3237 3235
3237 3236 3238
3238 3239 3237
3239 3238 3240
3240 3241 3239
3241 3240 3242
3242 3243 3241
3243 3242 3244
3244 3245 3243
3245 3244 3246
3246 3247 3245
3247 3246 3248
3248 3249 3247
3249 3248 3250
3249 3250 3251
3252 3251 3250
3251 3252 3253
3252 3228 3253
3228 3252 3224
3254 3255 3256
3255 3254 3257
3258 3254 3256
3254 3258 3259
3260 3259 3258
3259 3260 3261
3262 3261 3260
3261 3262 3263
3264 3263 3262
3263 3264 3265
3266 3265 3264
3265 3266 3267
3268 3255 3257
3255 3268 3269
3270 3269 3268
3269 3270 3271
3270 3272 3271
3273 3267 3266
3267 3273 3274
3275 3274 3273
3274 3275 3276
3275 3277 3276
3278 3279 3280
3279 3278 3281
3282 3280 3279
3280 3282 3283
3284 3283 3282
3283 3284 3285
3286 3285 3284
3285 3286 3287
3288 3287 3286
3287 3288 3289
3290 3289 3288
3289 3290 3291
3292 3291 3290
3291 3292 3293
3294 3281 3278
3281 3294 3295
3292 3296 3293
3294 3297 3295
3297 3298 3295
3298 3297 3299
3300 3298 3299
3298 3300 3301
3301 3300 3302
3303 3301 3302
3301 3303 3304
3305 3304 3303
3304 3305 3306
3307 3306 3305
3306 3307 3308
3309 3308 3307
3308 3309 3310
3311 3310 3309
3310 3311 3312
3313 3312 3311
3312 3313 3314
3315 3314 3313
3314 3315 3316
3317 3316 3315
3316 3317 3318
3317 3319 3318
3319 3320 3318
3320 3319 3321
3296 3320 3321
3320 3296 3292
3322 3323 3324
3323 3322 3325
3323 3326 3324
3326 3323 3327
3327 3328 3326
3328 3327 3329
3329 3330 3328
3330 3329 3331
3331 3332 3330
3332 3331 3333
3333 3334 3332
3334 3333 3335
3322 3336 3325
3336 3322 3337
3337 3338 3336
3338 3337 3339
3338 3339 3340
3335 3341 3334
3341 3335 3342
3342 3343 3341
3343 3342 3344
3343 3344 3345
3346 3347 3348
3347 3346 3349
3348 3350 3346
3350 3348 3351
3351 3352 3350
3352 3351 3353
3353 3354 3352
3354 3353 3355
3355 3356 3354
3356 3355 3357
3357 3358 3356
3358 3357 3359
3359 3360 3358
3360 3359 3361
3349 3362 3347
3362 3349 3363
3360 3361 3364
3362 3363 3365
3366 3365 3363
3365 3366 3367
3366 3368 3367
3368 3366 3369
3369 3370 3368
3369 3371 3370
3371 3369 3372
3372 3373 3371
3373 3372 3374
3374 3375 3373
3375 3374 3376
3376 3377 3375
3377 3376 3378
3378 3379 3377
3379 3378 3380
3380 3381 3379
3381 3380 3382
3382 3383 3381
3383 3382 3384
3384 3385 3383
3385 3384 3386
3385 3386 3387
3388 3387 3386
3387 3388 3389
3388 3364 3389
3364 3388 3360
3390 3391 3392
3391 3390 3393
3394 3390 3392
3390 3394 3395
3396 3395 3394
3395 3396 3397
3398 3397 3396
3397 3398 3399
3400 3399 3398
3399 3400 3401
3402 3401 3400
3401 3402 3403
3404 3391 3393
3391 3404 3405
3406 3405 3404
3405 3406 3407
3406 3408 3407
3409 3403 3402
3403 3409 3410
3411 3410 3409
3410 3411 3412
3411 3413 3412
3414 3415 3416
3414 3417 3415
3415 3417 3418
3417 3419 3418
3417 3420 3419
3421 3417 3414
3421 3422 3417
3420 3417 3422
3421 3423 3422
3424 3423 3421
3421 3425 3424
3426 3424 3425
3419 3420 3427
3414 3416 3428
3429 3428 3416
3429 3430 3428
3430 3429 3431
3430 3431 3432
3433 3432 3431
3432 3433 3434
3432 3434 3435
3435 3434 3436
3433 3437 3434
3434 3437 3436
3436 3437 3438
3439 3436 3438
3439 3440 3436
3440 3439 3441
3441 3442 3440
3439 3443 3441
3443 3439 3444
3445 3440 3442
3435 3436 3446
3446 3436 3447
3447 3440 3445
3447 3436 3440
3445 3442 3448
3445 3448 3449
3449 3448 3450
3443 3444 3451
3441 3452 3442
3452 3441 3453
3443 3453 3441
3454 3445 3449
3450 3454 3449
3445 3454 3455
3455 3447 3445
3453 3443 3456
3451 3456 3443
3457 3450 3448
3442 3457 3448
3457 3442 3452
3450 3457 3458
3454 3450 3459
3447 3460 3446
3460 3447 3461
3447 3455 3461
3460 3435 3446
3435 3460 3462
3462 3432 3435
3432 3462 3463
3463 3430 3432
3430 3463 3464
3464 3428 3430
3428 3464 3465
3465 3414 3428
3414 3465 3466
3467 3414 3466
3414 3467 3421
3468 3421 3467
3421 3468 3425
3468 3426 3425
3426 3468 3469
3426 3470 3424
3470 3426 3471
3472 3424 3470
3424 3472 3423
3473 3423 3472
3423 3473 3422
3474 3422 3473
3422 3474 3420
3474 3427 3420
3427 3474 3475
3427 3476 3419
3477 3419 3476
3419 3477 3418
3478 3418 3477
3418 3478 3415
3479 3415 3478
3415 3479 3416
3479 3429 3416
3429 3479 3480
3476 3427 3481
3480 3431 3429
3431 3480 3482
3483 3431 3482
3431 3483 3433
3483 3437 3433
3437 3483 3484
3484 3438 3437
3438 3484 3485
3486 3438 3485
3438 3486 3439
3487 3439 3486
3439 3487 3444
3487 3451 3444
3451 3487 3488
3456 3451 3489
3490 3491 3492
3493 3494 3495
3496 3497 3498
3498 3499 3496
3498 3500 3499
3500 3501 3499
3501 3500 3502
3503 3501 3502
3501 3503 3504
3505 3504 3503
3496 3504 3505
3505 3506 3496
3496 3506 3507
3507 3497 3496
3497 3507 3508
3508 3507 3509
3508 3509 3510
3511 3510 3509
3507 3512 3509
3507 3506 3512
3509 3512 3513
3509 3513 3514
3514 3513 3515
3516 3514 3515
3515 3517 3516
3517 3518 3516
3518 3517 3519
3519 3517 3520
3517 3521 3520
3520 3521 3522
3523 3521 3517
3517 3515 3523
3521 3523 3524
3522 3521 3524
3523 3525 3524
3523 3526 3525
3515 3513 3526
3515 3526 3523
3518 3527 3516
3514 3516 3527
3527 3528 3514
3528 3527 3529
3530 3529 3527
3527 3518 3530
3529 3530 3531
3532 3529 3531
3529 3532 3533
3533 3528 3529
3534 3533 3532
3533 3534 3535
3528 3533 3511
3535 3511 3533
3511 3535 3536
3534 3537 3535
3537 3536 3535
3537 3534 3538
3539 3537 3538
3539 3540 3537
3541 3540 3539
3540 3542 3537
3536 3537 3542
3542 3540 3543
3543 3540 3541
3542 3543 3544
3536 3542 3545
3545 3542 3544
3510 3536 3545
3511 3536 3510
3511 3509 3528
3509 3514 3528
3546 3547 3548
3549 3550 3551
3552 3553 3554
3553 3552 3555
3556 3554 3553
3554 3556 3557
3558 3555 3552
3555 3558 3559
3560 3559 3558
3559 3560 3561
3562 3561 3560
3561 3562 3563
3562 3564 3563
3564 3562 3565
3565 3566 3564
3566 3565 3567
3567 3568 3566
3568 3567 3569
3569 3570 3568
3570 3569 3571
3571 3572 3570
3572 3571 3573
3574 3575 3576
3574 3576 3577
3578 3574 3577
3574 3578 3579
3580 3579 3578
3579 3580 3581
3582 3581 3580
3581 3582 3583
3582 3584 3583
3584 3582 3585
3585 3586 3584
3586 3585 3587
3587 3588 3586
3588 3587 3589
3589 3590 3588
3590 3589 3591
3592 3593 3594
3593 3592 3595
3596 3597 3598
3597 3596 3599
3600 3601 3602
3601 3600 3603
3604 3602 3601
3602 3604 3605
3606 3603 3600
3603 3606 3607
3608 3607 3606
3607 3608 3609
3608 3610 3609
3610 3608 3611
3611 3612 3610
3612 3611 3613
3613 3614 3612
3614 3613 3615
3616 3614 3615
3617 3614 3616
3618 3619 3620
3621 3619 3618
3622 3621 3618
3621 3622 3623
3622 3624 3623
3624 3622 3625
3625 3626 3624
3626 3625 3627
3627 3628 3626
3628 3627 3629
3628 3629 3630
3618 3620 3631
3631 3620 3632
3621 3633 3619
3634 3633 3621
3635 3633 3634
3635 3634 3636
3631 3632 3637
3637 3632 3638
3635 3636 3639
3639 3636 3640
3639 3640 3641
3641 3640 3642
3637 3638 3643
3643 3638 3644
3643 3644 3645
3646 3647 3648
3649 3650 3651
3652 3653 3654
3655 3656 3657
3658 3659 3660
3658 3660 3661
3662 3663 3664
3664 3663 3665
3666 3667 3668
3669 3670 3671
3669 3671 3672
3671 3670 3673
3673 3670 3674
3675 3676 3677
3678 3679 3680
3678 3681 3679
3678 3682 3681
3681 3682 3683
3684 3685 3686
3684 3687 3685
3687 3684 3688
3688 3689 3687
3687 3689 3690
3689 3688 3691
3689 3691 3692
3693 3691 3688
3694 3695 3696
3695 3694 3697
3698 3696 3695
3696 3698 3699
3700 3699 3698
3699 3700 3701
3702 3701 3700
3701 3702 3703
3704 3703 3702
3703 3704 3705
3706 3705 3704
3705 3706 3707
3708 3707 3706
3707 3708 3709
3710 3697 3694
3697 3710 3711
3708 3712 3709
3710 3713 3711
3713 3714 3711
3714 3713 3715
3716 3714 3715
3714 3716 3717
3717 3716 3718
3719 3717 3718
3717 3719 3720
3721 3720 3719
3720 3721 3722
3723 3722 3721
3722 3723 3724
3725 3724 3723
3724 3725 3726
3727 3726 3725
3726 3727 3728
3729 3728 3727
3728 3729 3730
3731 3730 3729
3730 3731 3732
3733 3732 3731
3732 3733 3734
3733 3735 3734
3735 3736 3734
3736 3735 3737
3712 3736 3737
3736 3712 3708
3738 3739 3740
3739 3738 3741
3739 3742 3740
3742 3739 3743
3743 3744 3742
3744 3743 3745
3745 3746 3744
3746 3745 3747
3747 3748 3746
3748 3747 3749
3749 3750 3748
3750 3749 3751
3738 3752 3741
3752 3738 3753
3753 3754 3752
3754 3753 3755
3754 3755 3756
3751 3757 3750
3757 3751 3758
3758 3759 3757
3759 3758 3760
3759 3760 3761
3762 3763 3764
3762 3764 3765
3764 3766 3765
3765 3766 3767
3765 3767 3768
3769 3762 3765
3769 3765 3770
3768 3770 3765
3769 3770 3771
3772 3769 3771
3769 3772 3773
3774 3773 3772
3767 3775 3768
3762 3776 3763
3777 3763 3776
3777 3776 3778
3778 3779 3777
3778 3780 3779
3781 3779 3780
3780 3782 3781
3780 3783 3782
3783 3784 3782
3781 3782 3785
3782 3784 3785
3784 3786 3785
3787 3786 3784
3787 3784 3788
3788 3789 3787
3789 3788 3790
3787 3789 3791
3791 3792 3787
3793 3790 3788
3783 3794 3784
3794 3795 3784
3795 3793 3788
3795 3788 3784
3793 3796 3790
3793 3797 3796
3797 3798 3796
3791 3799 3792
3800 3789 3790
3789 3800 3801
3801 3791 3789
3793 3802 3797
3802 3798 3797
3802 3793 3803
3795 3803 3793
3791 3801 3804
3804 3799 3791
3798 3805 3796
3805 3790 3796
3790 3805 3800
3805 3798 3806
3798 3802 3807
3808 3795 3794
3795 3808 3809
3803 3795 3809
3783 3808 3794
3808 3783 3810
3780 3810 3783
3810 3780 3811
3778 3811 3780
3811 3778 3812
3776 3812 3778
3812 3776 3813
3762 3813 3776
3813 3762 3814
3762 3815 3814
3815 3762 3769
3769 3816 3815
3816 3769 3773
3774 3816 3773
3816 3774 3817
3818 3774 3772
3774 3818 3819
3772 3820 3818
3820 3772 3771
3771 3821 3820
3821 3771 3770
3770 3822 3821
3822 3770 3768
3775 3822 3768
3822 3775 3823
3824 3775 3767
3767 3825 3824
3825 3767 3766
3766 3826 3825
3826 3766 3764
3764 3827 3826
3827 3764 3763
3777 3827 3763
3827 3777 3828
3775 3824 3829
3779 3828 3777
3828 3779 3830
3779 3831 3830
3831 3779 3781
3785 3831 3781
3831 3785 3832
3786 3832 3785
3832 3786 3833
3786 3834 3833
3834 3786 3787
3787 3835 3834
3835 3787 3792
3799 3835 3792
3835 3799 3836
3799 3804 3837
3838 3839 3840
3841 3842 3843
3844 3845 3846
3845 3844 3847
3845 3847 3848
3849 3848 3847
3848 3849 3850
3849 3851 3850
3851 3849 3852
3853 3851 3852
3844 3853 3852
3853 3844 3854
3844 3855 3854
3855 3844 3846
3846 3856 3855
3856 3857 3855
3856 3858 3857
3859 3857 3858
3855 3857 3860
3855 3860 3854
3857 3861 3860
3857 3862 3861
3862 3863 3861
3862 3864 3863
3865 3863 3864
3866 3865 3864
3865 3866 3867
3867 3868 3865
3865 3868 3869
3868 3870 3869
3869 3871 3865
3863 3865 3871
3871 3869 3872
3870 3872 3869
3871 3872 3873
3871 3873 3874
3863 3874 3861
3863 3871 3874
3875 3866 3864
3864 3862 3875
3876 3875 3862
3875 3876 3877
3877 3878 3875
3866 3875 3878
3878 3877 3879
3877 3880 3879
3880 3877 3881
3876 3881 3877
3881 3882 3880
3882 3881 3883
3881 3876 3859
3859 3883 3881
3883 3859 3884
3885 3882 3883
3884 3885 3883
3882 3885 3886
3887 3886 3885
3887 3885 3888
3889 3887 3888
3890 3888 3885
3885 3884 3890
3888 3890 3891
3891 3889 3888
3890 3892 3891
3884 3893 3890
3893 3892 3890
3858 3893 3884
3859 3858 3884
3859 3876 3857
3857 3876 3862
3894 3895 3896
3897 3898 3899
3900 3901 3902
3901 3900 3903
3902 3904 3900
3904 3902 3905
3903 3906 3901
3906 3903 3907
3907 3908 3906
3908 3907 3909
3909 3910 3908
3910 3909 3911
3912 3910 3911
3910 3912 3913
3914 3913 3912
3913 3914 3915
3916 3915 3914
3915 3916 3917
3918 3917 3916
3917 3918 3919
3920 3919 3918
3919 3920 3921
3922 3923 3924
3922 3925 3923
3922 3926 3925
3926 3922 3927
3927 3928 3926
3928 3927 3929
3929 3930 3928
3930 3929 3931
3932 3930 3931
3930 3932 3933
3934 3933 3932
3933 3934 3935
3936 3935 3934
3935 3936 3937
3938 3937 3936
3937 3938 3939
3940 3941 3942
3941 3940 3943
3944 3945 3946
3945 3944 3947
3948 3949 3950
3949 3948 3951
3950 3952 3948
3952 3950 3953
3951 3954 3949
3954 3951 3955
3955 3956 3954
3956 3955 3957
3958 3956 3957
3956 3958 3959
3960 3959 3958
3959 3960 3961
3962 3961 3960
3961 3962 3963
3964 3963 3962
3965 3964 3962
3966 3967 3968
3969 3966 3968
3969 3970 3966
3970 3969 3971
3972 3970 3971
3970 3972 3973
3974 3973 3972
3973 3974 3975
3976 3975 3974
3975 3976 3977
3976 3978 3977
3966 3979 3967
3979 3980 3967
3969 3968 3981
3982 3969 3981
3983 3982 3981
3983 3984 3982
3979 3985 3980
3985 3986 3980
3983 3987 3984
3987 3988 3984
3987 3989 3988
3989 3990 3988
3985 3991 3986
3991 3992 3986
3991 3993 3992
3994 3995 3996
3997 3998 3999
4000 4001 4002
4003 4004 4005
4006 4007 4008
4006 4009 4007
4010 4011 4012
4011 4013 4012
4014 4015 4016
4017 4018 4019
4017 4020 4018
4018 4021 4019
4021 4022 4019
4023 4024 4025
4026 4027 4028
4026 4028 4029
4026 4029 4030
4029 4031 4030
4032 4033 4034
4035 4032 4034
4032 4035 4036
4037 4036 4035
4035 4038 4037
4036 4037 4039
4037 4040 4039
4041 4036 4039
4042 4043 4044
4043 4042 4045
4046 4047 4048
4047 4046 4049
4050 4051 4052
4051 4050 4053
4054 4055 4056
4055 4054 4057
4058 4059 4060
4059 4058 4061
4062 4063 4064
4063 4062 4065
4066 4067 4068
4067 4066 4069
4070 4071 4072
4071 4070 4073
4074 4075 4076
4075 4074 4077
4075 4078 4076
4078 4075 4079
4080 4078 4079
4074 4080 4077
4078 4080 4081
4080 4074 4081
4082 4083 4084
4085 4082 4084
4086 4087 4088
4087 4086 4089
4090 4086 4088
4086 4090 4091
4090 4092 4091
4092 4090 4093
4093 4094 4092
4095 4096 4097
4097 4096 4098
4097 4098 4099
4095 4097 4100
4101 4095 4100
4101 4100 4102
4101 4102 4103
4102 4104 4103
4104 4102 4105
4105 4106 4104
4106 4105 4107
4108 4109 4110
4111 4108 4110
4108 4111 4112
4113 4112 4111
4112 4113 4114
4109 4108 4115
4116 4109 4115
4117 4116 4115
4117 4118 4116
4119 4118 4117
4120 4119 4117
4121 4122 4123
4122 4121 4124
4125 4126 4127
4128 4129 4130
4131 4132 4133
4132 4131 4134
4134 4135 4132
4135 4134 4136
4136 4137 4135
4137 4136 4138
4139 4140 4141
4140 4139 4142
4142 4143 4140
4143 4142 4144
4141 4145 4139
4145 4141 4146
4147 4148 4149
4148 4147 4150
4149 4151 4147
4151 4149 4152
4152 4153 4151
4153 4152 4154
4155 4156 4157
4156 4155 4158
4157 4159 4155
4159 4157 4160
4158 4161 4156
4161 4158 4162
4163 4164 4165
4164 4163 4166
4166 4167 4164
4167 4166 4168
4168 4169 4167
4169 4168 4170
4170 4171 4169
4171 4170 4172
4172 4173 4171
4173 4172 4174
4175 4172 4170
4175 4170 4176
4171 4177 4169
4177 4178 4169
4177 4179 4178
4180 4175 4176
4180 4176 4181
4181 4182 4180
4182 4181 4183
4179 4184 4178
4185 4184 4179
4184 4185 4186
4174 4187 4173
4188 4189 4190
4191 4188 4190
4192 4193 4194
4193 4192 4195
4196 4192 4194
4192 4196 4197
4196 4198 4197
4198 4196 4199
4199 4200 4198
4201 4202 4203
4203 4202 4204
4203 4204 4205
4201 4203 4206
4207 4201 4206
4207 4206 4208
4207 4208 4209
4208 4210 4209
4210 4208 4211
4211 4212 4210
4212 4211 4213
4214 4215 4216
4217 4214 4216
4214 4217 4218
4219 4218 4217
4218 4219 4220
4215 4214 4221
4222 4215 4221
4223 4222 4221
4223 4224 4222
4225 4224 4223
4226 4225 4223
4227 4228 4229
4228 4227 4230
4231 4232 4233
4234 4235 4236
4237 4238 4239
4238 4237 4240
4240 4241 4238
4241 4240 4242
4242 4243 4241
4243 4242 4244
4245 4246 4247
4246 4245 4248
4248 4249 4246
4249 4248 4250
4247 4251 4245
4251 4247 4252
4253 4254 4255
4254 4253 4256
4255 4257 4253
4257 4255 4258
4258 4259 4257
4259 4258 4260
4261 4262 4263
4262 4261 4264
4263 4265 4261
4265 4263 4266
4264 4267 4262
4267 4264 4268
4269 4270 4271
4270 4269 4272
4272 4273 4270
4273 4272 4274
4274 4275 4273
4275 4274 4276
4276 4277 4275
4277 4276 4278
4278 4279 4277
4279 4278 4280
4281 4278 4276
4281 4276 4282
4277 4283 4275
4283 4284 4275
4283 4285 4284
4286 4281 4282
4286 4282 4287
4287 4288 4286
4288 4287 4289
4285 4290 4284
4291 4290 4285
4290 4291 4292
4280 4293 4279
4294 4295 4296
4295 4294 4297
4298 4299 4300
4299 4298 4301
4302 4303 4304
4303 4302 4305
4306 4307 4308
4307 4306 4309
4310 4311 4312
4311 4310 4313
4314 4315 4316
4315 4314 4317
4318 4319 4320
4319 4318 4321
4322 4323 4324
4323 4322 4325
4326 4327 4328
4327 4326 4329
4327 4330 4328
4330 4327 4331
4332 4330 4331
4326 4332 4329
4330 4332 4333
4332 4326 4333
4334 4335 4336
4337 4334 4336
4338 4339 4340
4339 4338 4341
4342 4338 4340
4338 4342 4343
4342 4344 4343
4344 4342 4345
4345 4346 4344
4347 4348 4349
4349 4348 4350
4349 4350 4351
4347 4349 4352
4353 4347 4352
4353 4352 4354
4353 4354 4355
4354 4356 4355
4356 4354 4357
4357 4358 4356
4358 4357 4359
4360 4361 4362
4363 4360 4362
4360 4363 4364
4365 4364 4363
4364 4365 4366
4361 4360 4367
4368 4361 4367
4369 4368 4367
4369 4370 4368
4371 4370 4369
4372 4371 4369
4373 4374 4375
4374 4373 4376
4377 4378 4379
4380 4381 4382
4383 4384 4385
4384 4383 4386
4386 4387 4384
4387 4386 4388
4388 4389 4387
4389 4388 4390
4391 4392 4393
4392 4391 4394
4394 4395 4392
4395 4394 4396
4393 4397 4391
4397 4393 4398
4399 4400 4401
4400 4399 4402
4401 4403 4399
4403 4401 4404
4404 4405 4403
4405 4404 4406
4407 4408 4409
4408 4407 4410
4409 4411 4407
4411 4409 4412
4410 4413 4408
4413 4410 4414
4415 4416 4417
4416 4415 4418
4418 4419 4416
4419 4418 4420
4420 4421 4419
4421 4420 4422
4422 4423 4421
4423 4422 4424
4424 4425 4423
4425 4424 4426
4427 4424 4422
4427 4422 4428
4423 4429 4421
4429 4430 4421
4429 4431 4430
4432 4427 4428
4432 4428 4433
4433 4434 4432
4434 4433 4435
4431 4436 4430
4437 4436 4431
4436 4437 4438
4426 4439 4425
4440 4441 4442
4441 4440 4443
4444 4445 4446
4445 4444 4447
4448 4449 4450
4449 4448 4451
4452 4453 4454
4453 4452 4455
4456 4457 4458
4457 4456 4459
4460 4461 4462
4461 4460 4463
4464 4465 4466
4465 4464 4467
4468 4469 4470
4469 4468 4471
4472 4473 4474
4473 4472 4475
4473 4476 4474
4476 4473 4477
4478 4476 4477
4472 4478 4475
4476 4478 4479
4478 4472 4479
4480 4481 4482
4481 4480 4483
4484 4485 4486
4485 4484 4487
4488 4489 4490
4489 4488 4491
4492 4493 4494
4493 4492 4495
4496 4497 4498
4497 4496 4499
4500 4501 4502
4501 4500 4503
4504 4505 4506
4505 4504 4507
4508 4509 4510
4509 4508 4511
4512 4513 4514
4513 4512 4515
4516 4513 4515
4513 4516 4517
4516 4518 4517
4518 4512 4514
4518 4516 4519
4512 4518 4519
4520 4521 4522
4523 4521 4520
4524 4525 4526
4525 4524 4527
4525 4528 4526
4528 4525 4529
4530 4528 4529
4528 4530 4531
4531 4530 4532
4533 4534 4535
4534 4536 4535
4534 4537 4536
4533 4538 4534
4539 4538 4533
4539 4540 4538
4539 4541 4540
4542 4540 4541
4540 4542 4543
4544 4543 4542
4543 4544 4545
4546 4547 4548
4546 4549 4547
4549 4546 4550
4550 4551 4549
4551 4550 4552
4548 4553 4546
4554 4553 4548
4555 4553 4554
4555 4554 4556
4557 4555 4556
4558 4555 4557
4559 4560 4561
4560 4559 4562
4563 4564 4565
4566 4567 4568
4569 4570 4571
4570 4569 4572
4573 4572 4569
4572 4573 4574
4575 4574 4573
4574 4575 4576
4577 4578 4579
4578 4577 4580
4581 4580 4577
4580 4581 4582
4583 4579 4578
4579 4583 4584
4585 4586 4587
4586 4585 4588
4589 4587 4586
4587 4589 4590
4591 4590 4589
4590 4591 4592
4593 4594 4595
4594 4593 4596
4597 4595 4594
4595 4597 4598
4599 4596 4593
4596 4599 4600
4601 4602 4603
4602 4601 4604
4605 4604 4601
4604 4605 4606
4607 4606 4605
4606 4607 4608
4609 4608 4607
4608 4609 4610
4611 4610 4609
4610 4611 4612
4613 4608 4610
4613 4614 4608
4609 4607 4615
4615 4607 4616
4615 4616 4617
4618 4614 4613
4618 4619 4614
4620 4619 4618
4619 4620 4621
4617 4616 4622
4622 4623 4617
4623 4622 4624
4612 4611 4625
4626 4627 4628
4629 4627 4626
4630 4631 4632
4631 4630 4633
4631 4634 4632
4634 4631 4635
4636 4634 4635
4634 4636 4637
4637 4636 4638
4639 4640 4641
4640 4642 4641
4640 4643 4642
4639 4644 4640
4645 4644 4639
4645 4646 4644
4645 4647 4646
4648 4646 4647
4646 4648 4649
4650 4649 4648
4649 4650 4651
4652 4653 4654
4652 4655 4653
4655 4652 4656
4656 4657 4655
4657 4656 4658
4654 4659 4652
4660 4659 4654
4661 4659 4660
4661 4660 4662
4663 4661 4662
4664 4661 4663
4665 4666 4667
4666 4665 4668
4669 4670 4671
4672 4673 4674
4675 4676 4677
4676 4675 4678
4679 4678 4675
4678 4679 4680
4681 4680 4679
4680 4681 4682
4683 4684 4685
4684 4683 4686
4687 4686 4683
4686 4687 4688
4689 4685 4684
4685 4689 4690
4691 4692 4693
4692 4691 4694
4695 4693 4692
4693 4695 4696
4697 4696 4695
4696 4697 4698
4699 4700 4701
4700 4699 4702
4703 4701 4700
4701 4703 4704
4705 4702 4699
4702 4705 4706
4707 4708 4709
4708 4707 4710
4711 4710 4707
4710 4711 4712
4713 4712 4711
4712 4713 4714
4715 4714 4713
4714 4715 4716
4717 4716 4715
4716 4717 4718
4719 4714 4716
4719 4720 4714
4715 4713 4721
4721 4713 4722
4721 4722 4723
4724 4720 4719
4724 4725 4720
4726 4725 4724
4725 4726 4727
4723 4722 4728
4728 4729 4723
4729 4728 4730
4718 4717 4731
4732 4733 4734
4733 4732 4735
4736 4737 4738
4737 4736 4739
4740 4741 4742
4741 4740 4743
4744 4745 4746
4745 4744 4747
4748 4749 4750
4749 4748 4751
4752 4753 4754
4753 4752 4755
4756 4757 4758
4757 4756 4759
4760 4761 4762
4761 4760 4763
4764 4765 4766
4765 4764 4767
4768 4765 4767
4765 4768 4769
4768 4770 4769
4770 4764 4766
4770 4768 4771
4764 4770 4771
4772 4773 4774
4775 4773 4772
4776 4777 4778
4777 4776 4779
4777 4780 4778
4780 4777 4781
4782 4780 4781
4780 4782 4783
4783 4782 4784
4785 4786 4787
4786 4788 4787
4786 4789 4788
4785 4790 4786
4791 4790 4785
4791 4792 4790
4791 4793 4792
4794 4792 4793
4792 4794 4795
4796 4795 4794
4795 4796 4797
4798 4799 4800
4798 4801 4799
4801 4798 4802
4802 4803 4801
4803 4802 4804
4800 4805 4798
4806 4805 4800
4807 4805 4806
4807 4806 4808
4809 4807 4808
4810 4807 4809
4811 4812 4813
4812 4811 4814
4815 4816 4817
4818 4819 4820
4821 4822 4823
4822 4821 4824
4825 4824 4821
4824 4825 4826
4827 4826 4825
4826 4827 4828
4829 4830 4831
4830 4829 4832
4833 4832 4829
4832 4833 4834
4835 4831 4830
4831 4835 4836
4837 4838 4839
4838 4837 4840
4841 4839 4838
4839 4841 4842
4843 4842 4841
4842 4843 4844
4845 4846 4847
4846 4845 4848
4849 4847 4846
4847 4849 4850
4851 4848 4845
4848 4851 4852
4853 4854 4855
4854 4853 4856
4857 4856 4853
4856 4857 4858
4859 4858 4857
4858 4859 4860
4861 4860 4859
4860 4861 4862
4863 4862 4861
4862 4863 4864
4865 4860 4862
4865 4866 4860
4861 4859 4867
4867 4859 4868
4867 4868 4869
4870 4866 4865
4870 4871 4866
4872 4871 4870
4871 4872 4873
4869 4868 4874
4874 4875 4869
4875 4874 4876
4864 4863 4877
4878 4879 4880
4879 4878 4881
4882 4883 4884
4883 4882 4885
4886 4887 4888
4887 4886 4889
4890 4891 4892
4891 4890 4893
4894 4895 4896
4895 4894 4897
4898 4899 4900
4899 4898 4901
4902 4903 4904
4903 4902 4905
4906 4907 4908
4907 4906 4909
4910 4911 4912
4911 4910 4913
4914 4911 4913
4911 4914 4915
4914 4916 4915
4916 4910 4912
4916 4914 4917
4910 4916 4917
4918 4919 4920
4919 4918 4921
4920 4922 4918
4922 4920 4923
4923 4924 4922
4924 4923 4925
4925 4926 4924
4926 4925 4927
4927 4928 4926
4928 4927 4929
4929 4930 4928
4930 4929 4931
4931 4932 4930
4932 4931 4933
4933 4934 4932
4934 4933 4935
4935 4936 4934
4936 4935 4937
4937 4938 4936
4938 4937 4939
4939 4940 4938
4940 4939 4941
4941 4942 4940
4942 4941 4943
4943 4944 4942
4944 4943 4945
4945 4946 4944
4946 4945 4947
4947 4948 4946
4948 4947 4949
4949 4950 4948
4950 4949 4951
4951 4952 4950
4952 4951 4953
4953 4954 4952
4954 4953 4955
4955 4956 4954
4956 4955 4957
4957 4921 4956
4921 4957 4919
4958 4959 4960
4959 4958 4961
4960 4962 4958
4962 4960 4963
4963 4964 4962
4964 4963 4965
4965 4966 4964
4966 4965 4967
4961 4968 4959
4968 4961 4969
4969 4970 4968
4970 4969 4971
4971 4972 4970
4972 4971 4973
4973 4974 4972
4974 4973 4975
4975 4976 4974
4976 4975 4977
4977 4978 4976
4978 4977 4979
4980 4981 4982
4981 4980 4983
4982 4984 4980
4984 4982 4985
4985 4986 4984
4986 4985 4987
4987 4988 4986
4988 4987 4989
4989 4990 4988
4990 4989 4991
4991 4992 4990
4992 4991 4993
4993 4994 4992
4994 4993 4995
4995 4996 4994
4996 4995 4997
4997 4998 4996
4998 4997 4999
4999 5000 4998
5000 4999 5001
5002 5003 5004
5004 5003 5005
5005 5003 5006
5006 5003 5007
5007 5003 5008
5008 5003 5009
5009 5003 5010
5010 5003 5011
5011 5003 5012
5012 5003 5013
5013 5003 5014
5014 5003 5015
5015 5003 5016
5016 5003 5017
5017 5003 5018
5018 5003 5019
5020 5018 5019
5019 5021 5020
5021 5019 5022
5019 5003 5022
5022 5003 5023
5023 5003 5024
5024 5003 5002
5025 5024 5002
5002 5026 5025
5026 5002 5004
5024 5025 5027
5027 5023 5024
5023 5027 5028
5028 5022 5023
5022 5028 5021
5018 5020 5029
5029 5017 5018
5017 5029 5030
5004 5031 5026
5031 5004 5005
5005 5032 5031
5032 5005 5006
5006 5033 5032
5033 5006 5007
5008 5033 5007
5033 5008 5034
5009 5034 5008
5034 5009 5035
5010 5035 5009
5035 5010 5036
5011 5036 5010
5036 5011 5037
5012 5037 5011
5037 5012 5038
5013 5038 5012
5038 5013 5039
5014 5039 5013
5039 5014 5040
5015 5040 5014
5040 5015 5041
5016 5041 5015
5041 5016 5042
5017 5042 5016
5042 5017 5030
5043 5044 5045
5045 5046 5043
5047 5046 5045
5047 5048 5046
5049 5048 5047
5050 5049 5047
5051 5049 5050
5051 5050 5052
5053 5054 5049
5046 5054 5053
5055 5056 5052
5044 5057 5058
5059 5060 5061
5059 5061 5062
5063 5062 5061
5061 5064 5063
5065 5060 5059
5063 5064 5065
5066 5065 5059
5063 5065 5066
5067 5068 5069
5068 5070 5069
5071 5072 5073
5071 5073 5074
5075 5076 5077
5076 5078 5077
5079 5080 5081
5079 5082 5080
5083 5084 5085
5084 5083 5086
5087 5088 5089
5088 5087 5090
5091 5092 5093
5092 5091 5094
5095 5096 5097
5096 5095 5098
5099 5100 5101
5099 5101 5102
5103 5104 5105
5104 5106 5105
5107 5108 5109
5107 5110 5108
5111 5112 5113
5114 5111 5113
5115 5116 5117
5115 5118 5116
5119 5120 5121
5119 5122 5120
5123 5124 5125
5126 5123 5125
5127 5128 5129
5127 5130 5128
5131 5132 5133
5133 5134 5131
5135 5136 5137
5137 5138 5135
5139 5140 5141
5139 5142 5140
5143 5144 5145
5145 5146 5143
5147 5148 5149
5149 5150 5147
5151 5152 5153
5153 5154 5151
5155 5156 5157
5156 5155 5158
5159 5156 5158
5156 5159 5160
5161 5155 5157
5161 5162 5155
5159 5163 5160
5163 5159 5164
5165 5166 5167
5165 5168 5166
5169 5168 5165
5168 5169 5170
5165 5167 5171
5167 5172 5171
5172 5173 5171
5172 5174 5173
5174 5175 5173
5174 5176 5175
5177 5178 5179
5177 5180 5178
5181 5178 5180
5181 5182 5178
5182 5181 5183
5177 5179 5184
5179 5185 5184
5185 5186 5184
5185 5187 5186
5187 5188 5186
5189 5190 5191
5190 5189 5192
5189 5193 5192
5193 5189 5194
5195 5196 5197
5196 5198 5197
5198 5196 5199
5198 5199 5200
5201 5202 5203
5204 5201 5203
5203 5205 5204
5205 5206 5204
5206 5207 5204
5207 5206 5208
5207 5208 5209
5209 5208 5210
5209 5210 5211
5211 5210 5212
5211 5212 5213
5213 5212 5214
5213 5214 5215
5202 5216 5203
5215 5214 5217
5214 5218 5217
5219 5220 5221
5222 5219 5221
5221 5223 5222
5223 5221 5224
5224 5225 5223
5226 5223 5225
5225 5227 5226
5228 5226 5227
5227 5229 5228
5230 5225 5224
5224 5231 5230
5224 5232 5231
5227 5225 5233
5225 5230 5233
5230 5231 5234
5231 5235 5234
5235 5236 5234
5236 5235 5237
5237 5235 5238
5229 5227 5239
5233 5239 5227
5240 5229 5239
5229 5240 5241
5240 5242 5241
5241 5242 5243
5241 5243 5244
5245 5241 5244
5244 5246 5245
5246 5244 5247
5248 5247 5244
5247 5248 5249
5248 5250 5249
5250 5248 5251
5251 5252 5250
5252 5251 5253
5248 5254 5251
5254 5248 5244
5243 5254 5244
5253 5255 5252
5255 5253 5256
5257 5256 5253
5258 5245 5246
5245 5258 5259
5251 5260 5253
5260 5257 5253
5251 5261 5260
5254 5261 5251
5261 5262 5260
5263 5260 5262
5264 5257 5260
5263 5264 5260
5264 5263 5265
5266 5264 5265
5267 5264 5266
5266 5268 5267
5268 5266 5269
5269 5270 5268
5270 5269 5271
5271 5269 5272
5271 5273 5270
5273 5271 5274
5275 5273 5274
5276 5275 5274
5266 5265 5277
5272 5269 5277
5277 5269 5266
5272 5278 5271
5278 5279 5271
5280 5278 5272
5280 5281 5278
5280 5282 5281
5237 5281 5282
5281 5237 5283
5237 5282 5284
5236 5237 5284
5285 5286 5287
5286 5288 5287
5285 5289 5286
5290 5291 5292
5291 5290 5293
5294 5295 5296
5295 5297 5296
5294 5296 5298
5299 5300 5301
5300 5299 5302
5303 5304 5305
5306 5303 5305
5303 5306 5307
5306 5308 5307
5306 5309 5308
5310 5311 5312
5311 5310 5313
5312 5314 5310
5314 5312 5315
5316 5317 5318
5317 5316 5319
5319 5320 5317
5320 5321 5317
5318 5322 5316
5323 5324 5325
5326 5324 5323
5327 5326 5323
5328 5326 5327
5328 5327 5329
5330 5328 5329
5330 5329 5331
5324 5332 5325
5325 5332 5333
5334 5330 5331
5334 5331 5335
5334 5335 5336
5336 5337 5334
5336 5338 5337
5336 5339 5338
5325 5333 5340
5341 5342 5343
5344 5341 5343
5345 5344 5343
5341 5346 5342
5342 5346 5347
5348 5342 5347
5347 5349 5348
5349 5347 5350
5351 5349 5350
5349 5351 5352
5353 5352 5351
5354 5353 5351
5353 5354 5355
5353 5355 5356
5355 5357 5356
5358 5356 5357
5359 5344 5345
5358 5357 5359
5360 5359 5345
5361 5358 5359
5360 5362 5359
5362 5363 5359
5364 5359 5363
5364 5361 5359
5365 5366 5367
5366 5365 5368
5369 5368 5365
5368 5369 5370
5371 5372 5373
5372 5371 5374
5375 5371 5373
5373 5376 5375
5372 5374 5377
5378 5377 5374
5379 5378 5374
5378 5379 5380
5380 5379 5381
5381 5382 5380
5378 5383 5377
5383 5384 5377
5377 5384 5385
5377 5385 5372
5383 5386 5384
5386 5387 5384
5384 5387 5388
5384 5388 5385
5389 5390 5391
5392 5389 5391
5393 5394 5395
5395 5396 5393
5397 5398 5399
5397 5400 5398
5400 5401 5398
5400 5402 5401
5403 5404 5405
5403 5406 5404
5406 5407 5404
5408 5403 5405
5409 5410 5411
5410 5409 5412
5413 5414 5415
5414 5413 5416
5415 5417 5413
5417 5415 5418
5418 5419 5417
5419 5418 5420
5421 5419 5420
5419 5421 5422
5423 5424 5425
5424 5423 5426
5427 5425 5424
5425 5427 5428
5429 5428 5427
5428 5429 5430
5429 5431 5430
5431 5429 5432
5433 5434 5435
5434 5433 5436
5437 5438 5439
5438 5437 5440
5439 5441 5437
5441 5439 5442
5442 5443 5441
5443 5442 5444
5445 5443 5444
5443 5445 5446
5447 5448 5449
5448 5447 5450
5451 5449 5448
5449 5451 5452
5453 5452 5451
5452 5453 5454
5453 5455 5454
5455 5453 5456
5457 5458 5459
5458 5457 5460
5461 5460 5457
5460 5461 5462
5463 5459 5458
5459 5463 5464
5465 5464 5463
5464 5465 5466
5467 5462 5461
5462 5467 5468
5469 5466 5465
5466 5469 5470
5471 5470 5469
5470 5471 5472
5473 5472 5471
5472 5473 5474
5475 5476 5477
5476 5475 5478
5475 5477 5479
5477 5480 5479
5480 5477 5481
5481 5482 5480
5482 5481 5483
5483 5484 5482
5484 5483 5485
5485 5486 5484
5486 5485 5487
5487 5488 5486
5488 5487 5489
5490 5475 5479
5476 5478 5491
5492 5491 5478
5493 5492 5478
5493 5478 5494
5495 5496 5497
5498 5499 5500
5499 5498 5501
5500 5502 5498
5502 5500 5503
5503 5504 5502
5504 5503 5505
5505 5506 5504
5506 5505 5507
5501 5508 5499
5508 5501 5509
5507 5510 5506
5510 5507 5511
5511 5512 5510
5512 5511 5513
5513 5514 5512
5514 5513 5515
5516 5517 5518
5519 5517 5516
5517 5519 5520
5521 5520 5519
5520 5521 5522
5523 5522 5521
5522 5523 5524
5525 5524 5523
5524 5525 5526
5525 5527 5526
5527 5525 5528
5517 5529 5518
5516 5518 5530
5531 5532 5533
5534 5535 5536
5537 5535 5534
5534 5536 5538
5539 5534 5538
5540 5537 5534
5541 5542 5543
5542 5541 5544
5545 5546 5547
5546 5545 5548
5549 5550 5551
5550 5549 5552
5549 5553 5552
5553 5549 5554
5554 5555 5553
5555 5554 5556
5557 5558 5559
5558 5557 5560
5561 5559 5558
5559 5561 5562
5563 5562 5561
5562 5563 5564
5565 5566 5567
5566 5565 5568
5565 5569 5568
5569 5565 5570
5571 5567 5566
5567 5571 5572
5573 5569 5570
5569 5573 5574
5573 5575 5574
5575 5573 5576
5576 5577 5575
5577 5576 5578
5579 5580 5581
5580 5579 5582
5582 5583 5580
5583 5582 5584
5585 5583 5584
5583 5585 5586
5587 5586 5585
5586 5587 5588
5589 5588 5587
5588 5589 5590
5581 5591 5579
5591 5581 5592
5593 5594 5595
5594 5593 5596
5595 5597 5593
5597 5595 5598
5599 5597 5598
5597 5599 5600
5601 5600 5599
5600 5601 5602
5603 5602 5601
5602 5603 5604
5596 5605 5594
5605 5596 5606
5607 5241 5245
5607 5245 5259
5229 5241 5607
5608 5609 5610
5609 5608 5611
5610 5612 5608
5612 5610 5613
5614 5615 5616
5615 5614 5617
5617 5618 5615
5618 5617 5619
5620 5621 5622
5621 5620 5623
5621 5624 5622
5624 5621 5625
5626 5627 5628
5627 5626 5629
5630 5631 5626
5631 5630 5632
5633 5634 5631
5634 5633 5635
5636 5637 5638
5637 5636 5639
5640 5636 5638
5636 5640 5641
5642 5643 5644
5643 5642 5645
5645 5646 5647
5646 5645 5648
5648 5649 5650
5649 5648 5651
5652 5653 5654
5653 5652 5655
5656 5652 5654
5652 5656 5657
5658 5659 5660
5659 5658 5661
5659 5662 5660
5662 5659 5663
5664 5665 5666
5665 5664 5667
5665 5668 5666
5668 5665 5669
5670 5671 5672
5671 5670 5673
5674 5670 5672
5670 5674 5675
5676 5677 5678
5677 5676 5679
5679 5680 5677
5680 5679 5681
5682 5680 5681
5680 5682 5683
5684 5683 5682
5683 5684 5685
5684 5686 5685
5686 5684 5687
5688 5676 5678
5676 5688 5689
5690 5691 5692
5691 5690 5693
5692 5694 5690
5694 5692 5695
5696 5694 5695
5694 5696 5697
5698 5697 5696
5697 5698 5699
5700 5699 5698
5699 5700 5701
5693 5702 5691
5702 5693 5703
5704 5705 5706
5705 5704 5707
5706 5708 5704
5708 5706 5709
5709 5710 5708
5710 5709 5711
5711 5712 5710
5712 5711 5713
5713 5714 5712
5714 5713 5715
5715 5716 5714
5716 5715 5717
5717 5718 5716
5718 5717 5719
5707 5720 5705
5720 5707 5721
5718 5719 5722
5720 5721 5723
5724 5723 5721
5723 5724 5725
5724 5726 5725
5726 5724 5727
5727 5728 5726
5727 5729 5728
5729 5727 5730
5730 5731 5729
5731 5730 5732
5732 5733 5731
5733 5732 5734
5734 5735 5733
5735 5734 5736
5736 5737 5735
5737 5736 5738
5738 5739 5737
5739 5738 5740
5740 5741 5739
5741 5740 5742
5742 5743 5741
5743 5742 5744
5743 5744 5745
5746 5745 5744
5745 5746 5747
5746 5722 5747
5722 5746 5718
5748 5749 5750
5751 5748 5750
5748 5751 5752
5753 5752 5751
5752 5753 5754
5755 5754 5753
5754 5755 5756
5757 5756 5755
5756 5757 5758
5759 5758 5757
5758 5759 5760
5761 5760 5759
5760 5761 5762
5763 5762 5761
5762 5763 5764
5763 5765 5764
5765 5763 5766
5766 5767 5765
5768 5769 5770
5769 5768 5771
5772 5769 5771
5769 5772 5773
5774 5773 5772
5773 5774 5775
5774 5776 5775
5777 5778 5779
5778 5777 5780
5781 5779 5778
5779 5781 5782
5783 5784 5785
5784 5783 5786
5787 5785 5784
5785 5787 5788
5789 5788 5787
5788 5789 5790
5789 5791 5790
5792 5793 5794
5793 5792 5795
5796 5797 5798
5797 5796 5799
5800 5801 5802
5801 5800 5803
5800 5804 5803
5804 5800 5805
5806 5804 5805
5804 5806 5807
5808 5807 5806
5807 5808 5809
5810 5809 5808
5809 5810 5811
5810 5812 5811
5812 5810 5813
5814 5815 5816
5815 5814 5817
5818 5819 5820
5819 5818 5821
5818 5822 5821
5822 5818 5823
5824 5822 5823
5822 5824 5825
5826 5825 5824
5825 5826 5827
5828 5829 5830
5829 5828 5831
5832 5833 5834
5833 5832 5835
5836 5835 5832
5835 5836 5837
5838 5837 5836
5837 5838 5839
5840 5834 5833
5834 5840 5841
5842 5839 5838
5839 5842 5843
5842 5844 5843
5844 5842 5845
5846 5847 5848
5846 5848 5849
5846 5849 5850
5851 5850 5849
5852 5851 5849
5849 5853 5852
5853 5849 5854
5852 5855 5851
5847 5856 5848
5857 5848 5856
5848 5857 5858
5854 5859 5853
5859 5854 5860
5860 5861 5859
5857 5862 5858
5848 5863 5849
5863 5848 5864
5865 5863 5864
5863 5865 5866
5865 5867 5866
5868 5869 5870
5869 5868 5871
5872 5873 5874
5873 5872 5875
5873 5875 5876
5877 5873 5876
5877 5878 5873
5879 5873 5878
5873 5879 5880
5877 5881 5878
5878 5881 5882
5878 5882 5883
5882 5884 5883
5885 5878 5883
5878 5885 5886
5887 5886 5885
5886 5887 5888
5888 5887 5889
5879 5890 5880
5890 5879 5891
5891 5892 5890
5893 5894 5895
5894 5893 5896
5897 5898 5899
5898 5897 5900
5901 5900 5897
5900 5901 5902
5901 5903 5902
5903 5901 5904
5904 5905 5903
5905 5904 5906
5906 5907 5905
5907 5906 5908
5908 5909 5907
5909 5908 5910
5911 5912 5913
5912 5911 5914
5915 5914 5911
5914 5915 5916
5915 5917 5916
5918 5919 5920
5919 5918 5921
5922 5921 5918
5921 5922 5923
5922 5924 5923
5925 5926 5927
5926 5925 5928
5929 5928 5925
5928 5929 5930
5931 5930 5929
5930 5931 5932
5933 5932 5931
5932 5933 5934
5935 5934 5933
5934 5935 5936
5935 5937 5936
5937 5935 5938
5939 5940 5941
5942 5940 5939
5943 5942 5939
5944 5942 5943
5945 5944 5943
5946 5944 5945
5947 5946 5945
5947 5948 5946
5948 5947 5949
5950 5948 5949
5951 5950 5949
5950 5951 5952
5953 5950 5952
5954 5953 5952
5953 5954 5955
5956 5955 5954
5955 5956 5957
5956 5958 5957
5958 5956 5959
5960 5958 5959
5960 5959 5961
5962 5960 5961
5963 5962 5961
5964 5962 5963
5964 5965 5962
5966 5965 5964
5966 5964 5967
5968 5966 5967
5968 5969 5966
5970 5969 5968
5971 5970 5968
5972 5973 5974
5973 5972 5975
5976 5977 5978
5976 5978 5979
5979 5978 5980
5979 5980 5981
5981 5980 5982
5981 5982 5983
5983 5982 5984
5983 5984 5985
5984 5986 5985
5985 5986 5987
5986 5988 5987
5988 5989 5987
5989 5988 5990
5988 5991 5990
5991 5992 5990
5992 5991 5993
5993 5994 5992
5994 5993 5995
5996 5994 5995
5994 5996 5997
5997 5996 5998
5997 5998 5999
5998 6000 5999
6000 6001 5999
6001 6000 6002
6000 6003 6002
6002 6003 6004
6002 6004 6005
6004 6006 6005
6004 6007 6006
6006 6007 6008
6006 6008 6009
6010 6011 6012
6011 6010 6013
6014 6015 6016
6015 6014 6017
6014 6018 6017
6018 6014 6019
6019 6020 6018
6020 6019 6021
6021 6022 6020
6022 6021 6023
6023 6024 6022
6024 6023 6025
6026 6027 6028
6027 6026 6029
6029 6030 6027
6030 6029 6031
6031 6032 6030
6033 6034 6035
6034 6033 6036
6037 6038 6039
6038 6037 6040
6039 6041 6037
6041 6039 6042
6042 6043 6041
6043 6042 6044
6044 6045 6043
6045 6044 6046
6047 6038 6040
6038 6047 6048
6049 6050 6051
6050 6049 6052
6053 6054 6055
6054 6053 6056
6057 6058 6059
6058 6057 6060
6059 6061 6057
6061 6059 6062
6062 6063 6061
6063 6062 6064
6065 6058 6060
6058 6065 6066
6067 6068 6069
6068 6067 6070
6070 6071 6068
6071 6070 6072
6072 6073 6071
6074 6075 6076
6075 6074 6077
6074 6078 6077
6078 6074 6079
6080 6081 6082
6081 6080 6083
6084 6081 6083
6081 6084 6085
6086 6087 6088
6087 6086 6089
6090 6091 6092
6091 6090 6093
6092 6094 6090
6094 6092 6095
6093 6096 6091
6096 6093 6097
6098 6096 6097
6096 6098 6099
6100 6101 6102
6101 6100 6103
6104 6105 6106
6105 6104 6107
6106 6108 6104
6108 6106 6109
6110 6111 6112
6111 6110 6113
6114 6111 6113
6111 6114 6115
6116 6117 6118
6117 6116 6119
6120 6121 6122
6121 6120 6123
6124 6125 6126
6125 6124 6127
5874 6128 5872
5940 6129 5941
6130 6131 6132
6133 6132 6131
6132 6133 6134
6135 6134 6133
6134 6135 6136
6137 6138 6139
6138 6137 6140
6141 6138 6140
6138 6141 6142
6141 6143 6142
6144 6145 6146
6145 6144 6147
6148 6149 6150
6149 6148 6151
6152 6151 6148
6151 6152 6153
6154 6153 6152
6153 6154 6155
6156 6155 6154
6155 6156 6157
6158 6157 6156
6157 6158 6159
6160 6159 6158
6159 6160 6161
6162 6163 6164
6163 6162 6165
6165 6166 6163
6166 6165 6167
6167 6168 6166
6168 6167 6169
6170 6168 6169
6168 6170 6171
6170 6172 6171
6172 6170 6173
6173 6174 6172
6174 6173 6175
6176 6177 6178
6177 6176 6179
6180 6181 6182
6181 6180 6183
6183 6184 6181
6184 6183 6185
6185 6186 6184
6186 6185 6187
6187 6188 6186
6188 6187 6189
6189 6190 6188
6190 6189 6191
6191 6192 6190
6192 6191 6193
6194 6195 6196
6195 6194 6197
6198 6199 6200
6199 6198 6201
6202 6199 6201
6199 6202 6203
6202 6204 6203
6204 6202 6205
6205 6206 6204
6206 6205 6207
6207 6208 6206
6208 6207 6209
6210 6208 6209
6208 6210 6211
6212 6213 6214
6213 6212 6215
6216 6217 6218
6217 6216 6219
6220 6217 6219
6217 6220 6221
6220 6222 6221
6222 6220 6223
6223 6224 6222
6224 6223 6225
6226 6227 6228
6227 6226 6229
6230 6231 6232
6231 6230 6233
6233 6234 6231
6234 6233 6235
6235 6236 6234
6236 6235 6237
6232 6238 6230
6238 6232 6239
6237 6240 6236
6240 6237 6241
6242 6240 6241
6240 6242 6243
6244 6245 6246
6244 6247 6245
6244 6248 6247
6249 6247 6248
6250 6247 6249
6251 6247 6250
6247 6251 6252
6250 6249 6253
6246 6245 6254
6245 6255 6254
6255 6245 6256
6257 6252 6251
6252 6257 6258
6258 6257 6259
6255 6256 6260
6261 6245 6247
6245 6261 6262
6261 6263 6262
6263 6261 6264
6263 6264 6265
6266 6267 6268
6267 6266 6269
6270 6271 6272
6271 6270 6273
6271 6274 6272
6275 6274 6271
6275 6271 6276
6271 6277 6276
6277 6271 6278
6275 6276 6279
6276 6280 6279
6276 6281 6280
6280 6281 6282
6276 6283 6281
6283 6276 6284
6284 6285 6283
6285 6284 6286
6286 6287 6285
6288 6277 6278
6277 6288 6289
6289 6288 6290
6291 6292 6293
6292 6291 6294
6295 6296 6297
6296 6295 6298
6298 6299 6296
6299 6298 6300
6301 6299 6300
6299 6301 6302
6303 6302 6301
6302 6303 6304
6305 6304 6303
6304 6305 6306
6307 6306 6305
6306 6307 6308
6309 6310 6311
6310 6309 6312
6312 6313 6310
6313 6312 6314
6313 6314 6315
6316 6317 6318
6317 6316 6319
6319 6320 6317
6320 6319 6321
6320 6321 6322
6323 6324 6325
6324 6323 6326
6326 6327 6324
6327 6326 6328
6328 6329 6327
6329 6328 6330
6330 6331 6329
6331 6330 6332
6332 6333 6331
6333 6332 6334
6335 6333 6334
6333 6335 6336
6337 6338 6339
6340 6337 6339
6341 6337 6340
6342 6341 6340
6343 6341 6342
6344 6343 6342
6345 6343 6344
6345 6344 6346
6346 6347 6345
6348 6347 6346
6349 6347 6348
6348 6350 6349
6351 6350 6348
6351 6352 6350
6352 6351 6353
6353 6354 6352
6354 6353 6355
6356 6354 6355
6354 6356 6357
6358 6357 6356
6358 6359 6357
6360 6359 6358
6361 6359 6360
6362 6361 6360
6362 6360 6363
6364 6362 6363
6364 6365 6362
6366 6365 6364
6366 6364 6367
6368 6366 6367
6369 6366 6368
6370 6371 6372
6371 6370 6373
6374 6375 6376
6374 6377 6375
6377 6378 6375
6377 6379 6378
6379 6380 6378
6379 6381 6380
6381 6382 6380
6381 6383 6382
6382 6383 6384
6383 6385 6384
6384 6385 6386
6386 6385 6387
6387 6388 6386
6386 6388 6389
6390 6389 6388
6389 6390 6391
6392 6391 6390
6391 6392 6393
6392 6394 6393
6394 6392 6395
6395 6396 6394
6395 6397 6396
6396 6397 6398
6398 6397 6399
6399 6400 6398
6398 6400 6401
6400 6402 6401
6400 6403 6402
6402 6403 6404
6402 6404 6405
6404 6406 6405
6404 6407 6406
6408 6409 6410
6409 6408 6411
6412 6413 6414
6413 6412 6415
6416 6412 6414
6412 6416 6417
6418 6417 6416
6417 6418 6419
6420 6419 6418
6419 6420 6421
6422 6421 6420
6421 6422 6423
6424 6425 6426
6425 6424 6427
6428 6427 6424
6427 6428 6429
6429 6428 6430
6431 6432 6433
6432 6431 6434
6435 6436 6437
6436 6435 6438
6439 6437 6436
6437 6439 6440
6441 6440 6439
6440 6441 6442
6443 6442 6441
6442 6443 6444
6435 6445 6438
6445 6435 6446
6447 6448 6449
6448 6447 6450
6451 6452 6453
6452 6451 6454
6455 6456 6457
6456 6455 6458
6459 6457 6456
6457 6459 6460
6461 6460 6459
6460 6461 6462
6455 6463 6458
6463 6455 6464
6465 6466 6467
6466 6465 6468
6469 6468 6465
6468 6469 6470
6470 6469 6471
6472 6473 6474
6473 6472 6475
6476 6472 6474
6472 6476 6477
6478 6479 6480
6479 6478 6481
6478 6482 6481
6482 6478 6483
6484 6485 6486
6485 6484 6487
6488 6489 6490
6489 6488 6491
6492 6490 6489
6490 6492 6493
6494 6491 6488
6491 6494 6495
6494 6496 6495
6496 6494 6497
6498 6499 6500
6499 6498 6501
6502 6503 6504
6503 6502 6505
6506 6504 6503
6504 6506 6507
6508 6509 6510
6509 6508 6511
6508 6512 6511
6512 6508 6513
6514 6515 6516
6515 6514 6517
6518 6519 6520
6519 6518 6521
6522 6523 6524
6523 6522 6525
6273 6270 6526
6339 6338 6527
6528 6529 6530
6529 6531 6530
6531 6529 6532
6532 6533 6531
6533 6532 6534
6535 6536 6537
6536 6535 6538
6535 6539 6538
6539 6535 6540
6539 6540 6541
6542 6543 6544
6543 6542 6545
6546 6547 6548
6547 6546 6549
6549 6550 6547
6550 6549 6551
6551 6552 6550
6552 6551 6553
6553 6554 6552
6554 6553 6555
6555 6556 6554
6556 6555 6557
6557 6558 6556
6558 6557 6559
6560 6561 6562
6561 6560 6563
6564 6563 6560
6563 6564 6565
6566 6565 6564
6565 6566 6567
6566 6568 6567
6568 6566 6569
6570 6568 6569
6568 6570 6571
6572 6571 6570
6571 6572 6573
6574 6575 6576
6575 6574 6577
6578 6579 6580
6579 6578 6581
6582 6581 6578
6581 6582 6583
6584 6583 6582
6583 6584 6585
6586 6585 6584
6585 6586 6587
6588 6587 6586
6587 6588 6589
6590 6589 6588
6589 6590 6591
6592 6593 6594
6593 6592 6595
6596 6597 6598
6596 6599 6597
6596 6600 6599
6601 6596 6598
6602 6601 6598
6600 6602 6599
6602 6598 6603
6602 6603 6599
6604 6605 6606
6606 6605 6607
6607 6608 6606
6607 6609 6608
6604 6610 6609
6604 6606 6610
6611 6604 6609
6607 6611 6609
6612 6613 6614
6615 6612 6614
6616 6617 6618
6616 6618 6619
6620 6621 6622
6623 6620 6622
6624 6625 6626
6624 6627 6625
6628 6629 6630
6629 6628 6631
6632 6633 6634
6633 6632 6635
6636 6637 6638
6637 6636 6639
6640 6641 6642
6641 6640 6643
6644 6645 6646
6644 6646 6647
6648 6649 6650
6651 6648 6650
6652 6653 6654
6652 6655 6653
6656 6657 6658
6657 6659 6658
6660 6661 6662
6660 6663 6661
6664 6665 6666
6664 6667 6665
6668 6669 6670
6669 6671 6670
6672 6673 6674
6672 6675 6673
6676 6677 6678
6676 6678 6679
6680 6681 6682
6681 6683 6682
6684 6685 6686
6684 6687 6685
6688 6689 6690
6691 6688 6690
6692 6693 6694
6692 6695 6693
6696 6697 6698
6697 6699 6698
6700 6701 6702
6702 6703 6700
6704 6705 6706
6706 6707 6704
6708 6709 6710
6709 6708 6711
6712 6710 6709
6710 6712 6713
6714 6713 6712
6713 6714 6715
6716 6715 6714
6715 6716 6717
6718 6717 6716
6717 6718 6719
6720 6719 6718
6719 6720 6721
6722 6721 6720
6721 6722 6723
6724 6711 6708
6711 6724 6725
6722 6726 6723
6724 6727 6725
6727 6728 6725
6728 6727 6729
6730 6728 6729
6728 6730 6731
6731 6730 6732
6733 6731 6732
6731 6733 6734
6735 6734 6733
6734 6735 6736
6737 6736 6735
6736 6737 6738
6739 6738 6737
6738 6739 6740
6741 6740 6739
6740 6741 6742
6743 6742 6741
6742 6743 6744
6745 6744 6743
6744 6745 6746
6747 6746 6745
6746 6747 6748
6747 6749 6748
6749 6750 6748
6750 6749 6751
6726 6750 6751
6750 6726 6722
6752 6753 6754
6752 6755 6753
6755 6752 6756
6756 6757 6755
6757 6756 6758
6758 6759 6757
6759 6758 6760
6760 6761 6759
6761 6760 6762
6762 6763 6761
6763 6762 6764
6764 6765 6763
6765 6764 6766
6766 6767 6765
6767 6766 6768
6769 6767 6768
6767 6769 6770
6770 6769 6771
6772 6773 6774
6773 6772 6775
6772 6776 6775
6776 6772 6777
6777 6778 6776
6778 6777 6779
6778 6779 6780
6781 6782 6783
6782 6781 6784
6783 6785 6781
6785 6783 6786
6787 6788 6789
6788 6787 6790
6789 6791 6787
6791 6789 6792
6792 6793 6791
6793 6792 6794
6793 6794 6795
6796 6797 6798
6797 6796 6799
6800 6801 6802
6801 6800 6803
6804 6805 6806
6805 6804 6807
6806 6808 6804
6808 6806 6809
6809 6810 6808
6810 6809 6811
6811 6812 6810
6812 6811 6813
6813 6814 6812
6814 6813 6815
6815 6816 6814
6816 6815 6817
6817 6818 6816
6818 6817 6819
6807 6820 6805
6820 6807 6821
6818 6819 6822
6820 6821 6823
6824 6823 6821
6823 6824 6825
6824 6826 6825
6826 6824 6827
6827 6828 6826
6827 6829 6828
6829 6827 6830
6830 6831 6829
6831 6830 6832
6832 6833 6831
6833 6832 6834
6834 6835 6833
6835 6834 6836
6836 6837 6835
6837 6836 6838
6838 6839 6837
6839 6838 6840
6840 6841 6839
6841 6840 6842
6842 6843 6841
6843 6842 6844
6843 6844 6845
6846 6845 6844
6845 6846 6847
6846 6822 6847
6822 6846 6818
6848 6849 6850
6851 6848 6850
6848 6851 6852
6853 6852 6851
6852 6853 6854
6855 6854 6853
6854 6855 6856
6857 6856 6855
6856 6857 6858
6859 6858 6857
6858 6859 6860
6861 6860 6859
6860 6861 6862
6863 6862 6861
6862 6863 6864
6863 6865 6864
6865 6863 6866
6866 6867 6865
6868 6869 6870
6869 6868 6871
6872 6869 6871
6869 6872 6873
6874 6873 6872
6873 6874 6875
6874 6876 6875
6877 6878 6879
6878 6877 6880
6881 6879 6878
6879 6881 6882
6883 6884 6885
6884 6883 6886
6887 6885 6884
6885 6887 6888
6889 6888 6887
6888 6889 6890
6889 6891 6890
6892 6893 6894
6893 6892 6895
6896 6897 6898
6897 6896 6899
6900 6901 6902
6900 6903 6901
6903 6900 6904
6905 6903 6904
6903 6905 6906
6905 6907 6906
6907 6905 6908
6908 6909 6907
6909 6908 6910
6910 6911 6909
6911 6910 6912
6901 6913 6902
6914 6902 6913
6902 6914 6915
6916 6913 6917
6913 6916 6918
6917 6919 6920
6920 6919 6921
6920 6922 6917
6922 6923 6917
6923 6922 6924
6921 6925 6920
6926 6927 6928
6927 6926 6929
6929 6930 6927
6930 6929 6931
6931 6932 6930
6932 6931 6933
6933 6934 6932
6934 6933 6935
6935 6936 6934
6936 6935 6937
6937 6938 6936
6938 6937 6939
6940 6941 6942
6941 6940 6943
6944 6945 6946
6945 6944 6947
6948 6949 6950
6951 6949 6948
6949 6951 6952
6951 6953 6952
6953 6951 6954
6955 6953 6954
6953 6955 6956
6957 6956 6955
6956 6957 6958
6959 6958 6957
6958 6959 6960
6948 6950 6961
6950 6962 6961
6962 6950 6963
6964 6961 6965
6961 6964 6966
6967 6968 6966
6966 6969 6967
6970 6969 6966
6969 6970 6971
6967 6972 6968
6967 6973 6972
6974 6975 6976
6975 6974 6977
6978 6977 6974
6977 6978 6979
6980 6979 6978
6979 6980 6981
6982 6981 6980
6981 6982 6983
6984 6983 6982
6983 6984 6985
6986 6985 6984
6985 6986 6987
6988 6989 6990
6989 6988 6991
6992 6993 6994
6993 6992 6995
6996 6997 6998
6997 6996 6999
7000 7001 7002
7001 7000 7003
7004 7005 7006
7005 7004 7007
7008 7009 7010
7009 7008 7011
7012 7013 7014
7013 7012 7015
7016 7017 7018
7017 7016 7019
7020 7021 7022
7021 7020 7023
7024 7025 7026
7025 7024 7027
7028 7029 7030
7029 7028 7031
7032 7033 7034
7033 7032 7035
7036 7037 7038
7037 7036 7039
7040 7041 7042
7041 7040 7043
7042 7044 7040
7044 7042 7045
7045 7046 7044
7046 7041 7043
7046 7045 7047
7041 7046 7047
7048 7049 7050
7049 7048 7051
7051 7052 7049
7052 7051 7053
7053 7054 7052
7054 7053 7055
7055 7056 7054
7056 7055 7057
7057 7058 7056
7058 7057 7059
7059 7060 7058
7060 7059 7061
7061 7062 7060
7062 7061 7063
7064 7062 7063
7062 7064 7065
7066 7065 7064
7065 7066 7067
7068 7067 7066
7067 7068 7069
7070 7069 7068
7069 7070 7071
7072 7071 7070
7071 7072 7073
7074 7073 7072
7073 7074 7075
7074 7076 7075
7076 7074 7077
7077 7078 7076
7078 7077 7079
7079 7080 7078
7080 7079 7081
7081 7082 7080
7082 7081 7083
7083 7084 7082
7084 7083 7085
7085 7086 7084
7086 7085 7087
7087 7088 7086
7088 7087 7089
7089 7090 7088
7090 7089 7091
7092 7090 7091
7090 7092 7093
7094 7093 7092
7093 7094 7095
7096 7095 7094
7095 7096 7097
7098 7099 7100
7099 7098 7101
7102 7100 7099
7100 7102 7103
7104 7103 7102
7103 7104 7105
7104 7106 7105
7106 7104 7107
7107 7108 7106
7108 7107 7109
7109 7110 7108
7110 7109 7111
7111 7112 7110
7112 7111 7113
7113 7114 7112
7114 7113 7115
7115 7116 7114
7116 7115 7117
7117 7118 7116
7118 7117 7119
7120 7118 7119
7118 7120 7121
7122 7121 7120
7121 7122 7123
7122 7124 7123
7124 7122 7125
7125 7126 7124
7126 7125 7127
7127 7128 7126
7128 7127 7129
7130 7128 7129
7128 7130 7131
7132 7131 7130
7131 7132 7133
7132 7134 7133
7134 7132 7135
7135 7136 7134
7136 7135 7137
7137 7138 7136
7138 7137 7139
7140 7141 7142
7140 7143 7141
7143 7140 7144
7145 7143 7144
7143 7145 7146
7145 7147 7146
7147 7145 7148
7148 7149 7147
7149 7148 7150
7150 7151 7149
7151 7150 7152
7153 7151 7152
7151 7153 7154
7155 7154 7153
7154 7155 7156
7157 7156 7155
7156 7157 7158
7159 7158 7157
7158 7159 7160
7161 7160 7159
7160 7161 7162
7163 7162 7161
7162 7163 7164
7165 7164 7163
7164 7165 7166
7167 7166 7165
7166 7167 7168
7167 7169 7168
7169 7167 7170
7170 7171 7169
7171 7170 7172
7172 7173 7171
7173 7172 7174
7174 7175 7173
7175 7174 7176
7176 7177 7175
7177 7176 7178
7178 7179 7177
7179 7178 7180
7180 7181 7179
7181 7180 7182
7182 7183 7181
7183 7182 7184
7184 7185 7183
7185 7184 7186
7186 7187 7185
7187 7186 7188
7188 7189 7187
7189 7188 7190
7190 7191 7189
7191 7190 7192
7192 7193 7191
7193 7192 7194
7194 7195 7193
7195 7194 7196
7197 7198 7199
7198 7197 7200
7201 7197 7199
7197 7201 7202
7201 7203 7202
7203 7201 7204
7204 7205 7203
7205 7204 7206
7207 7205 7206
7205 7207 7208
7209 7208 7207
7208 7209 7210
7211 7210 7209
7210 7211 7212
7211 7213 7212
7213 7211 7214
7214 7215 7213
7215 7214 7216
7216 7217 7215
7217 7216 7218
7218 7219 7217
7219 7218 7220
7220 7221 7219
7221 7220 7222
7222 7223 7221
7223 7222 7224
7225 7223 7224
7223 7225 7226
7227 7226 7225
7226 7227 7228
7229 7228 7227
7228 7229 7230
7231 7230 7229
7230 7231 7232
7233 7232 7231
7232 7233 7234
7235 7234 7233
7234 7235 7236
7237 7238 7239
7238 7240 7239
7240 7238 7241
7242 7240 7241
7240 7242 7243
7244 7243 7242
7243 7244 7245
7246 7245 7244
7245 7246 7247
7246 7248 7247
7248 7246 7249
7249 7250 7248
7250 7249 7251
7251 7200 7250
7200 7251 7198
7237 7239 7252
7253 7254 7255
7254 7253 7256
7257 7258 7259
7258 7257 7260
7261 7262 7263
7262 7261 7264
7265 7266 7267
7266 7265 7268
7269 7270 7271
7270 7269 7272
7273 7271 7270
7271 7273 7274
7275 7274 7273
7269 7275 7272
7274 7275 7276
7275 7269 7276
7277 7278 7279
7278 7277 7280
7281 7279 7278
7279 7281 7282
7283 7282 7281
7282 7283 7284
7283 7285 7284
7285 7283 7286
7286 7287 7285
7287 7286 7288
7288 7289 7287
7289 7288 7290
7290 7291 7289
7291 7290 7292
7292 7293 7291
7293 7292 7294
7294 7295 7293
7295 7294 7296
7297 7295 7296
7295 7297 7298
7299 7298 7297
7298 7299 7300
7301 7300 7299
7300 7301 7302
7303 7302 7301
7302 7303 7304
7305 7304 7303
7304 7305 7306
7307 7306 7305
7306 7307 7308
7309 7308 7307
7308 7309 7310
7311 7310 7309
7310 7311 7312
7311 7313 7312
7313 7311 7314
7314 7315 7313
7315 7314 7316
7316 7317 7315
7317 7316 7318
7319 7320 7321
7322 7319 7321
7319 7322 7323
7324 7323 7322
7323 7324 7325
7324 7326 7325
7326 7324 7327
7327 7328 7326
7328 7327 7329
7329 7330 7328
7330 7329 7331
7331 7332 7330
7332 7331 7333
7333 7334 7332
7334 7333 7335
7335 7336 7334
7336 7335 7337
7337 7338 7336
7338 7337 7339
7339 7340 7338
7340 7339 7341
7342 7340 7341
7340 7342 7343
7344 7343 7342
7343 7344 7345
7346 7345 7344
7345 7346 7347
7348 7347 7346
7347 7348 7349
7350 7349 7348
7349 7350 7351
7352 7351 7350
7351 7352 7353
7354 7353 7352
7353 7354 7355
7354 7356 7355
7356 7354 7357
7357 7358 7356
7358 7357 7359
7360 7358 7359
7358 7360 7361
7362 7361 7360
7361 7362 7363
7364 7363 7362
7363 7364 7365
7364 7366 7365
7366 7364 7367
7367 7368 7366
7368 7367 7369
7370 7368 7369
7368 7370 7371
7372 7371 7370
7371 7372 7373
7374 7373 7372
7373 7374 7375
7376 7377 7378
7379 7376 7378
7376 7379 7380
7379 7381 7380
7381 7379 7382
7383 7381 7382
7381 7383 7384
7385 7384 7383
7384 7385 7386
7387 7386 7385
7386 7387 7388
7387 7389 7388
7389 7387 7390
7390 7391 7389
7391 7390 7392
7392 7393 7391
7393 7392 7394
7394 7395 7393
7395 7394 7396
7396 7397 7395
7397 7396 7398
7398 7399 7397
7399 7398 7400
7400 7401 7399
7401 7400 7402
7402 7403 7401
7403 7402 7404
7405 7403 7404
7403 7405 7406
7407 7406 7405
7406 7407 7408
7409 7408 7407
7408 7409 7410
7411 7410 7409
7410 7411 7412
7413 7412 7411
7412 7413 7414
7415 7414 7413
7414 7415 7416
7417 7416 7415
7416 7417 7418
7419 7418 7417
7418 7419 7420
7421 7420 7419
7420 7421 7422
7423 7422 7421
7422 7423 7424
7425 7424 7423
7424 7425 7426
7427 7426 7425
7426 7427 7428
7429 7428 7427
7428 7429 7430
7431 7430 7429
7430 7431 7432
7433 7434 7435
7433 7435 7436
7437 7436 7435
7436 7437 7438
7437 7439 7438
7439 7437 7440
7440 7441 7439
7441 7440 7442
7442 7443 7441
7443 7442 7444
7445 7443 7444
7443 7445 7446
7447 7446 7445
7446 7447 7448
7449 7448 7447
7448 7449 7450
7451 7450 7449
7450 7451 7452
7451 7453 7452
7453 7451 7454
7455 7453 7454
7453 7455 7456
7457 7456 7455
7456 7457 7458
7457 7459 7458
7459 7457 7460
7460 7461 7459
7461 7460 7462
7462 7463 7461
7463 7462 7464
7465 7463 7464
7463 7465 7466
7467 7466 7465
7466 7467 7468
7469 7468 7467
7468 7469 7470
7471 7470 7469
7470 7471 7472
7473 7472 7471
7472 7473 7474
7475 7474 7473
7474 7475 7476
7475 7477 7476
7477 7475 7478
7478 7479 7477
7479 7478 7480
7480 7481 7479
7481 7480 7482
7482 7483 7481
7483 7482 7484
7484 7485 7483
7485 7484 7486
7486 7487 7485
7487 7486 7488
7489 7490 7491
7491 7492 7489
7492 7491 7493
7493 7494 7492
7494 7493 7495
7496 7494 7495
7494 7496 7497
7498 7497 7496
7497 7498 7499
7500 7499 7498
7499 7500 7501
7502 7501 7500
7501 7502 7503
7101 7503 7502
7503 7101 7098
7504 7505 7506
7505 7504 7507
7508 7507 7504
7507 7508 7509
7510 7511 7512
7511 7510 7513
7514 7515 7516
7515 7514 7517
7518 7516 7515
7516 7518 7519
7514 7520 7517
7520 7514 7521
7522 7523 7524
7523 7522 7525
7526 7527 7528
7527 7526 7529
7528 7530 7526
7530 7528 7531
7532 7527 7529
7527 7532 7533
7534 7535 7536
7535 7534 7537
7538 7539 7540
7539 7538 7541
7542 7543 7544
7543 7542 7545
7546 7547 7548
7547 7546 7549
7550 7551 7552
7551 7550 7553
7553 7554 7551
7554 7553 7555
7556 7557 7558
7557 7556 7559
7560 7561 7562
7560 7562 7563
7564 7565 7566
7565 7564 7567
7568 7569 7570
7569 7568 7571
7572 7573 7574
7573 7572 7575
7576 7577 7578
7577 7576 7579
7580 7581 7582
7580 7582 7583
7584 7585 7586
7585 7584 7587
7588 7589 7590
7589 7588 7591
7592 7593 7594
7593 7592 7595
7596 7597 7598
7597 7596 7599
7600 7598 7597
7598 7600 7601
7602 7601 7600
7601 7602 7603
7604 7603 7602
7603 7604 7605
7606 7605 7604
7605 7606 7607
7608 7607 7606
7607 7608 7609
7610 7609 7608
7609 7610 7611
7612 7599 7596
7599 7612 7613
7610 7614 7611
7612 7615 7613
7615 7616 7613
7616 7615 7617
7618 7616 7617
7616 7618 7619
7619 7618 7620
7621 7619 7620
7619 7621 7622
7623 7622 7621
7622 7623 7624
7625 7624 7623
7624 7625 7626
7627 7626 7625
7626 7627 7628
7629 7628 7627
7628 7629 7630
7631 7630 7629
7630 7631 7632
7633 7632 7631
7632 7633 7634
7635 7634 7633
7634 7635 7636
7635 7637 7636
7637 7638 7636
7638 7637 7639
7614 7638 7639
7638 7614 7610
7640 7641 7642
7640 7643 7641
7643 7640 7644
7644 7645 7643
7645 7644 7646
7646 7647 7645
7647 7646 7648
7648 7649 7647
7649 7648 7650
7650 7651 7649
7651 7650 7652
7652 7653 7651
7653 7652 7654
7654 7655 7653
7655 7654 7656
7657 7655 7656
7655 7657 7658
7658 7657 7659
7660 7661 7662
7661 7660 7663
7660 7664 7663
7664 7660 7665
7665 7666 7664
7666 7665 7667
7666 7667 7668
7669 7670 7671
7670 7669 7672
7671 7673 7669
7673 7671 7674
7675 7676 7677
7676 7675 7678
7677 7679 7675
7679 7677 7680
7680 7681 7679
7681 7680 7682
7681 7682 7683
7684 7685 7686
7685 7684 7687
7688 7689 7690
7689 7688 7691
7692 7693 7694
7693 7695 7694
7693 7696 7695
7697 7692 7694
7698 7699 7700
7700 7699 7701
7698 7700 7702
7703 7704 7705
7704 7703 7706
7707 7708 7709
7709 7708 7710
7707 7711 7708
7712 7713 7714
7713 7712 7715
7716 7717 7718
7718 7717 7719
7717 7720 7719
7719 7720 7721
7722 7717 7716
7723 7722 7716
7724 7725 7726
7727 7724 7726
7726 7725 7728
7728 7725 7729
7725 7730 7729
7729 7730 7731
7732 7733 7734
7735 7732 7734
7734 7733 7736
7736 7733 7737
7733 7738 7737
7737 7738 7739
7740 7741 7742
7743 7740 7742
7742 7741 7744
7744 7741 7745
7741 7746 7745
7745 7746 7747
7748 7749 7750
7748 7751 7749
7748 7752 7751
7748 7753 7752
7748 7754 7753
7748 7755 7754
7748 7756 7755
7748 7750 7756
7757 7758 7759
7757 7760 7758
7760 7757 7761
7757 7762 7761
7762 7757 7763
7763 7757 7764
7765 7760 7761
7765 7761 7762
7766 7763 7764
7764 7757 7767
7767 7757 7759
7759 7758 7768
7769 7770 7771
7772 7770 7769
7773 7772 7769
7774 7772 7773
7772 7775 7770
7775 7772 7776
7772 7777 7776
7777 7772 7778
7778 7772 7774
7779 7778 7774
7780 7775 7776
7780 7776 7777
7781 7782 7783
7784 7782 7781
7785 7784 7781
7786 7784 7785
7784 7787 7782
7787 7784 7788
7784 7789 7788
7789 7784 7790
7790 7784 7786
7791 7790 7786
7792 7787 7788
7792 7788 7789
7793 7794 7795
7796 7794 7793
7797 7796 7793
7798 7796 7797
7796 7799 7794
7799 7796 7800
7796 7801 7800
7801 7796 7802
7802 7796 7798
7803 7802 7798
7804 7799 7800
7804 7800 7801
7805 7806 7807
7806 7805 7808
7809 7807 7806
7807 7809 7810
7280 7808 7805
7808 7280 7277
7811 7810 7809
7810 7811 7812
7813 7812 7811
7812 7813 7814
7813 7815 7814
7815 7813 7816
7817 7815 7816
7818 7817 7816
7819 7820 7821
7820 7822 7821
7823 7822 7820
7822 7823 7824
7823 7050 7824
7050 7823 7048
7825 7826 7827
7826 7825 7828
7829 7830 7831
7831 7832 7829
7833 7834 7835
7833 7836 7834
7837 7838 7839
7840 7837 7839
7841 7842 7843
7842 7841 7844
7844 7845 7842
7845 7844 7846
7846 7847 7845
7847 7846 7848
7848 7849 7847
7849 7848 7850
7850 7851 7849
7851 7850 7852
7852 7853 7851
7853 7852 7854
7854 7855 7853
7855 7854 7856
7856 7857 7855
7857 7856 7858
7858 7859 7857
7859 7858 7860
7860 7861 7859
7861 7860 7862
7862 7863 7861
7863 7862 7864
7864 7865 7863
7865 7864 7866
7866 7867 7865
7867 7866 7868
7868 7869 7867
7869 7868 7870
7870 7871 7869
7871 7870 7872
7872 7873 7871
7873 7872 7874
7874 7875 7873
7875 7874 7876
7876 7877 7875
7877 7876 7878
7878 7879 7877
7879 7878 7880
7880 7881 7879
7881 7880 7882
7882 7883 7881
7883 7882 7884
7884 7885 7883
7885 7884 7886
7886 7887 7885
7887 7886 7888
7888 7843 7887
7843 7888 7841
7876 7889 7878
7874 7889 7876
7878 7890 7880
7880 7890 7882
7882 7891 7884
7884 7891 7886
7886 7892 7888
7888 7892 7841
7874 7893 7889
7893 7894 7889
7889 7894 7895
7895 7896 7890
7890 7896 7897
7897 7898 7891
7891 7898 7899
7899 7900 7892
7893 7901 7894
7901 7902 7894
7902 7903 7894
7894 7903 7904
7904 7905 7896
7896 7905 7906
7906 7907 7898
7898 7907 7908
7908 7909 7900
7900 7909 7910
7911 7902 7901
7911 7912 7902
7913 7912 7911
7914 7913 7911
7915 7913 7914
7916 7908 7900
7898 7908 7916
7917 7906 7898
7896 7906 7917
7900 7910 7918
7900 7918 7919
7919 7918 7920
7918 7910 7920
7910 7921 7920
7920 7921 7922
7920 7922 7923
7923 7922 7924
7915 7925 7913
7926 7925 7915
7927 7926 7915
7928 7926 7927
7928 7929 7926
7930 7929 7928
7931 7930 7928
7932 7930 7931
7932 7933 7930
7934 7933 7932
7935 7934 7932
7936 7934 7935
7936 7937 7934
7938 7937 7936
7939 7938 7936
7940 7938 7939
7940 7941 7938
7942 7941 7940
7943 7942 7940
7924 7942 7943
7924 7944 7942
7922 7944 7924
7932 7931 7945
7946 7932 7945
7947 7932 7946
7947 7935 7932
7936 7935 7947
7948 7936 7947
7949 7936 7948
7949 7939 7936
7940 7939 7949
7950 7940 7949
7951 7940 7950
7951 7943 7940
7924 7943 7951
7952 7924 7951
7953 7924 7952
7946 7945 7862
7860 7946 7862
7858 7946 7860
7858 7947 7946
7948 7947 7858
7856 7948 7858
7854 7948 7856
7854 7949 7948
7950 7949 7854
7852 7950 7854
7850 7950 7852
7850 7951 7950
7952 7951 7850
7848 7952 7850
7846 7952 7848
7846 7953 7952
7954 7953 7846
7844 7954 7846
7954 7920 7953
7920 7923 7953
7953 7923 7924
7841 7954 7844
7841 7919 7954
7919 7920 7954
7892 7919 7841
7892 7900 7919
7899 7916 7900
7898 7916 7899
7886 7899 7892
7891 7899 7886
7897 7917 7898
7896 7917 7897
7882 7897 7891
7890 7897 7882
7955 7904 7896
7894 7904 7955
7895 7955 7896
7894 7955 7895
7878 7895 7890
7889 7895 7878
7956 7957 7958
7958 7957 7959
7959 7957 7960
7960 7957 7961
7961 7957 7962
7962 7957 7963
7963 7957 7964
7964 7957 7965
7965 7957 7966
7966 7957 7967
7967 7957 7968
7968 7957 7969
7969 7957 7970
7970 7957 7971
7971 7957 7972
7972 7957 7973
7973 7957 7974
7974 7957 7975
7975 7957 7976
7976 7957 7977
7977 7957 7978
7978 7957 7979
7979 7957 7980
7980 7957 7956
7862 7981 7864
7981 7866 7864
7866 7981 7982
7982 7868 7866
7868 7982 7983
7868 7983 7870
7982 7915 7983
7983 7915 7984
7983 7984 7870
7981 7928 7982
7945 7928 7981
7862 7945 7981
7915 7914 7984
7984 7914 7911
7984 7911 7985
7870 7984 7985
7870 7985 7872
7872 7985 7874
7985 7911 7893
7985 7893 7874
7982 7927 7915
7928 7927 7982
7911 7901 7893
7945 7931 7928
7986 7987 7988
7987 7986 7989
7989 7990 7987
7990 7989 7991
7991 7992 7990
7992 7991 7993
7993 7994 7992
7994 7993 7995
7995 7996 7994
7996 7995 7997
7997 7998 7996
7998 7997 7999
7999 8000 7998
8000 7999 8001
8001 8002 8000
8002 8001 8003
8003 8004 8002
8004 8003 8005
8005 8006 8004
8006 8005 8007
8007 8008 8006
8008 8007 8009
8009 8010 8008
8010 8009 8011
8011 8012 8010
8012 8011 8013
8013 8014 8012
8014 8013 8015
8015 8016 8014
8016 8015 8017
8017 8018 8016
8018 8017 8019
8019 8020 8018
8020 8019 8021
8021 8022 8020
8022 8021 8023
8023 8024 8022
8024 8023 8025
8025 8026 8024
8026 8025 8027
8027 8028 8026
8028 8027 8029
8029 8030 8028
8030 8029 8031
8031 8032 8030
8032 8031 8033
8033 7988 8032
7988 8033 7986
8034 7986 8033
8033 8031 8035
8035 8031 8029
8035 8029 8036
8036 8029 8037
8029 8027 8037
8037 8027 8025
8037 8025 8038
8038 8025 8039
8034 8033 8040
8040 8033 8035
7989 7986 8034
8041 7989 8034
8042 7989 8041
8042 7991 7989
7993 7991 8042
8043 7993 8042
8044 7993 8043
8044 7995 7993
7997 7995 8044
8045 7997 8044
8046 7997 8045
8046 7999 7997
8001 7999 8046
8047 8001 8046
8048 8001 8047
8048 8003 8001
8005 8003 8048
8049 8005 8048
8050 8005 8049
8050 8007 8005
8009 8007 8050
8051 8009 8050
8052 8009 8051
8052 8011 8009
8013 8011 8052
8053 8013 8052
8054 8013 8053
8054 8015 8013
8017 8015 8054
8055 8017 8054
8056 8017 8055
8056 8019 8017
8021 8019 8056
8057 8021 8056
8039 8021 8057
8039 8023 8021
8025 8023 8039
8058 8059 8060
8060 8059 8061
8059 8062 8061
8063 8062 8059
8062 8064 8061
8064 8065 8061
8065 8066 8061
8066 8067 8061
8067 8068 8061
8068 8069 8061
8069 8070 8061
8071 8070 8069
8070 8072 8061
8073 8072 8070
8072 8074 8061
8060 8061 8074
8075 8074 8072
8076 8060 8074
8063 8077 8062
8078 8062 8077
8076 8079 8060
8058 8060 8079
8076 8074 8080
8075 8080 8074
8075 8072 8081
8073 8081 8072
8073 8070 8082
8071 8082 8070
8078 8064 8062
8078 8083 8064
8084 8064 8083
8084 8065 8064
8084 8085 8065
8086 8065 8085
8086 8066 8065
8086 8087 8066
8088 8066 8087
8088 8067 8066
8088 8089 8067
8090 8067 8089
8090 8068 8067
8090 8091 8068
8092 8068 8091
8092 8069 8068
8092 8093 8069
8071 8069 8093
8063 8059 8094
8058 8094 8059
8095 8096 8097
8096 8095 8098
8099 8098 8095
8098 8099 8100
8101 8100 8099
8100 8101 8102
8103 8102 8101
8102 8103 8104
8105 8104 8103
8104 8105 8106
8107 8106 8105
8106 8107 8108
8109 8108 8107
8108 8109 8110
8111 8110 8109
8110 8111 8112
8113 8112 8111
8112 8113 8114
8115 8114 8113
8114 8115 8116
8117 8116 8115
8116 8117 8118
8119 8118 8117
8118 8119 8120
8121 8120 8119
8120 8121 8122
8123 8122 8121
8122 8123 8124
8125 8124 8123
8124 8125 8126
8127 8126 8125
8126 8127 8128
8129 8128 8127
8128 8129 8130
8131 8130 8129
8130 8131 8132
8133 8132 8131
8132 8133 8134
8135 8134 8133
8134 8135 8136
8137 8136 8135
8136 8137 8138
8139 8138 8137
8138 8139 8140
8141 8140 8139
8140 8141 8142
8097 8142 8141
8142 8097 8096
8142 8096 8143
8140 8142 8143
8140 8143 8144
8140 8144 8145
8138 8140 8145
8136 8138 8145
8136 8145 8146
8136 8146 8147
8134 8136 8147
8096 8148 8143
8143 8148 8149
8144 8143 8149
8144 8149 8150
8150 8149 8151
8152 8150 8151
8144 8150 8152
8145 8144 8152
8146 8145 8152
8146 8152 8153
8153 8152 8154
8155 8153 8154
8146 8153 8155
8147 8146 8155
8155 8154 8156
8155 8156 8157
8158 8155 8157
8159 8158 8157
8160 8155 8158
8160 8158 8159
8160 8147 8155
8132 8147 8160
8132 8160 8161
8161 8160 8159
8159 8157 8162
8159 8162 8163
8164 8159 8163
8165 8164 8163
8166 8159 8164
8166 8164 8165
8166 8161 8159
8128 8161 8166
8128 8166 8167
8167 8166 8165
8165 8163 8168
8165 8168 8169
8170 8165 8169
8171 8165 8170
8171 8167 8165
8124 8167 8171
8124 8171 8172
8171 8170 8173
8173 8170 8169
8172 8171 8173
8173 8169 8174
8173 8174 8175
8176 8173 8175
8177 8173 8176
8177 8172 8173
8177 8122 8172
8122 8124 8172
8122 8177 8120
8178 8120 8177
8120 8178 8118
8177 8176 8179
8179 8176 8175
8178 8177 8179
8179 8175 8180
8179 8180 8181
8182 8179 8181
8183 8179 8182
8183 8178 8179
8116 8178 8183
8116 8118 8178
8116 8183 8184
8183 8182 8185
8185 8182 8181
8184 8183 8185
8185 8181 8186
8185 8186 8187
8188 8185 8187
8189 8185 8188
8189 8184 8185
8112 8184 8189
8112 8189 8190
8189 8188 8191
8191 8188 8187
8190 8189 8191
8191 8187 8192
8191 8192 8193
8194 8191 8193
8195 8191 8194
8195 8190 8191
8108 8190 8195
8108 8195 8196
8195 8194 8197
8197 8194 8193
8196 8195 8197
8197 8193 8198
8197 8198 8199
8200 8197 8199
8201 8197 8200
8201 8196 8197
8104 8196 8201
8104 8201 8202
8201 8200 8203
8203 8200 8199
8202 8201 8203
8203 8199 8204
8203 8204 8205
8206 8203 8205
8207 8206 8205
8208 8203 8206
8208 8206 8207
8208 8202 8203
8100 8202 8208
8100 8208 8209
8209 8208 8207
8148 8209 8207
8207 8205 8210
8207 8210 8211
8212 8207 8211
8148 8207 8212
8149 8212 8211
8148 8212 8149
8149 8211 8213
8149 8213 8151
8100 8102 8202
8102 8104 8202
8098 8100 8209
8096 8098 8209
8096 8209 8148
8152 8151 8214
8152 8214 8154
8104 8106 8196
8106 8108 8196
8108 8110 8190
8110 8112 8190
8112 8114 8184
8114 8116 8184
8215 8216 8217
8216 8218 8217
8218 8219 8217
8219 8220 8217
8220 8221 8217
8221 8222 8217
8222 8223 8217
8223 8224 8217
8224 8225 8217
8225 8226 8217
8226 8227 8217
8227 8228 8217
8228 8229 8217
8229 8230 8217
8230 8231 8217
8231 8232 8217
8232 8233 8217
8233 8234 8217
8234 8235 8217
8235 8236 8217
8236 8237 8217
8237 8238 8217
8238 8239 8217
8239 8215 8217
8240 8241 8242
8241 8240 8243
8244 8243 8240
8243 8244 8245
8246 8245 8244
8245 8246 8247
8248 8247 8246
8247 8248 8249
8250 8249 8248
8249 8250 8251
8252 8251 8250
8251 8252 8253
8254 8253 8252
8253 8254 8255
8256 8255 8254
8255 8256 8257
8258 8257 8256
8257 8258 8259
8260 8259 8258
8259 8260 8261
8262 8261 8260
8261 8262 8263
8264 8263 8262
8263 8264 8265
8266 8265 8264
8265 8266 8267
8268 8267 8266
8267 8268 8269
8270 8269 8268
8269 8270 8271
8272 8271 8270
8271 8272 8273
8274 8273 8272
8273 8274 8275
8276 8275 8274
8275 8276 8277
8278 8277 8276
8277 8278 8279
8280 8279 8278
8279 8280 8281
8282 8281 8280
8281 8282 8283
8284 8283 8282
8283 8284 8285
8286 8285 8284
8285 8286 8287
8242 8287 8286
8287 8242 8241
8288 8283 8285
8288 8285 8287
8289 8288 8287
8290 8289 8287
8290 8287 8241
8290 8241 8243
8291 8281 8283
8291 8279 8281
8292 8290 8243
8293 8292 8243
8293 8243 8245
8293 8245 8247
8294 8293 8247
8295 8294 8247
8295 8247 8249
8295 8249 8251
8296 8295 8251
8297 8296 8251
8297 8251 8253
8297 8253 8255
8298 8297 8255
8299 8298 8255
8299 8255 8257
8299 8257 8259
8300 8299 8259
8301 8300 8259
8301 8259 8261
8301 8261 8263
8302 8301 8263
8303 8302 8263
8303 8263 8265
8303 8265 8267
8304 8303 8267
8305 8304 8267
8305 8267 8269
8305 8269 8271
8306 8305 8271
8307 8306 8271
8307 8271 8273
8307 8273 8275
8308 8307 8275
8309 8308 8275
8309 8275 8277
8309 8277 8279
8310 8309 8279
8291 8310 8279
8311 8291 8283
8288 8311 8283
8312 8313 8314
8313 8315 8314
8314 8315 8316
8317 8314 8316
8316 8315 8318
8318 8315 8319
8319 8315 8320
8320 8315 8321
8321 8315 8322
8322 8315 8323
8323 8315 8324
8325 8323 8324
8324 8315 8326
8327 8324 8326
8326 8315 8328
8313 8328 8315
8329 8326 8328
8317 8316 8330
8331 8330 8316
8331 8316 8318
8329 8328 8332
8333 8332 8328
8333 8328 8313
8333 8313 8334
8312 8334 8313
8329 8335 8326
8327 8326 8335
8327 8336 8324
8325 8324 8336
8325 8337 8323
8338 8323 8337
8338 8322 8323
8338 8339 8322
8340 8322 8339
8340 8321 8322
8340 8341 8321
8342 8321 8341
8342 8320 8321
8342 8343 8320
8344 8320 8343
8344 8319 8320
8344 8345 8319
8346 8319 8345
8346 8318 8319
8346 8347 8318
8331 8318 8347
8317 8348 8314
8312 8314 8348
8349 8350 8351
8350 8349 8352
8352 8353 8350
8353 8352 8354
8351 8355 8349
8355 8351 8356
8356 8357 8355
8357 8356 8358
8358 8359 8357
8359 8358 8360
8361 8352 8349
8352 8361 8362
8362 8354 8352
8354 8362 8363
8364 8355 8357
8355 8364 8365
8366 8359 8360
8359 8366 8367
8367 8368 8359
8357 8368 8364
8368 8357 8359
8368 8367 8369
8370 8367 8366
8367 8370 8371
8371 8369 8367
8349 8365 8361
8365 8349 8355
8370 8372 8371
8372 8373 8371
8369 8371 8373
8373 8372 8374
8375 8374 8372
8372 8376 8375
8377 8375 8376
8375 8377 8378
8376 8372 8379
8372 8370 8379
8380 8378 8377
8378 8380 8381
8380 8382 8381
8383 8381 8382
8381 8383 8384
8382 8380 8385
8386 8381 8384
8381 8386 8378
8387 8378 8386
8378 8387 8375
8374 8375 8387
8388 8389 8390
8389 8388 8391
8390 8392 8388
8392 8390 8393
8393 8394 8392
8394 8393 8395
8396 8394 8395
8394 8396 8397
8398 8397 8396
8397 8398 8399
8400 8399 8398
8399 8400 8401
8400 8402 8401
8402 8400 8403
8403 8404 8402
8404 8403 8405
8405 8406 8404
8406 8405 8407
8407 8408 8406
8408 8407 8409
8410 8408 8409
8408 8410 8411
8412 8411 8410
8411 8412 8413
8401 8414 8399
8414 8401 8415
8402 8415 8401
8415 8416 8414
8417 8414 8416
8414 8417 8418
8416 8415 8419
8415 8420 8419
8420 8415 8421
8422 8418 8417
8418 8422 8423
8422 8424 8423
8424 8422 8425
8425 8426 8424
8426 8425 8427
8428 8426 8427
8426 8428 8429
8421 8430 8420
8430 8421 8431
8431 8432 8430
8432 8431 8433
8433 8434 8432
8434 8433 8435
8435 8436 8434
8436 8435 8437
8437 8438 8436
8438 8437 8439
8429 8388 8426
8388 8429 8391
8392 8426 8388
8426 8392 8424
8406 8435 8433
8435 8406 8408
8408 8437 8435
8394 8424 8392
8424 8394 8423
8397 8423 8394
8423 8397 8418
8437 8408 8411
8411 8439 8437
8399 8418 8397
8418 8399 8414
8439 8411 8413
8433 8404 8406
8404 8433 8431
8431 8402 8404
8402 8431 8421
8415 8402 8421
8427 8440 8428
8440 8427 8441
8427 8442 8441
8442 8427 8425
8425 8443 8442
8443 8425 8422
8422 8444 8443
8444 8422 8417
8416 8444 8417
8444 8416 8445
8416 8446 8445
8446 8416 8419
8419 8447 8446
8447 8419 8420
8430 8447 8420
8447 8430 8448
8432 8448 8430
8448 8432 8449
8434 8449 8432
8449 8434 8450
8436 8450 8434
8450 8436 8451
8436 8452 8451
8452 8436 8438
8453 8454 8455
8454 8453 8456
8457 8455 8454
8455 8457 8458
8459 8456 8453
8456 8459 8460
8461 8460 8459
8460 8461 8462
8463 8462 8461
8462 8463 8464
8455 8465 8453
8465 8455 8466
8458 8466 8455
8466 8458 8467
8459 8468 8461
8468 8459 8469
8463 8470 8464
8470 8463 8471
8472 8471 8463
8472 8461 8468
8461 8472 8463
8471 8472 8473
8471 8474 8470
8474 8471 8475
8473 8475 8471
8469 8453 8465
8453 8469 8459
8476 8474 8475
8477 8476 8475
8475 8473 8477
8476 8477 8478
8478 8479 8476
8480 8476 8479
8479 8481 8480
8481 8479 8482
8476 8480 8483
8474 8476 8483
8482 8484 8481
8484 8482 8485
8486 8484 8485
8485 8487 8486
8487 8485 8488
8484 8486 8489
8485 8490 8488
8490 8485 8482
8482 8491 8490
8491 8482 8479
8479 8478 8491
8492 8493 8494
8493 8492 8495
8496 8495 8492
8495 8496 8497
8498 8497 8496
8497 8498 8499
8498 8500 8499
8500 8498 8501
8501 8502 8500
8502 8501 8503
8503 8504 8502
8504 8503 8505
8506 8504 8505
8504 8506 8507
8508 8507 8506
8507 8508 8509
8510 8509 8508
8509 8510 8511
8512 8511 8510
8511 8512 8513
8512 8514 8513
8514 8512 8515
8515 8516 8514
8516 8515 8517
8518 8505 8503
8505 8518 8519
8519 8506 8505
8520 8519 8518
8518 8521 8520
8521 8518 8522
8519 8520 8523
8524 8519 8523
8519 8524 8525
8522 8526 8521
8526 8522 8527
8528 8526 8527
8526 8528 8529
8530 8529 8528
8529 8530 8531
8530 8532 8531
8532 8530 8533
8534 8525 8524
8525 8534 8535
8536 8535 8534
8535 8536 8537
8538 8537 8536
8537 8538 8539
8540 8539 8538
8539 8540 8541
8542 8541 8540
8541 8542 8543
8492 8533 8530
8533 8492 8494
8530 8496 8492
8539 8510 8537
8510 8539 8512
8541 8512 8539
8512 8541 8515
8543 8515 8541
8515 8543 8517
8537 8508 8535
8508 8537 8510
8506 8535 8508
8535 8506 8525
8506 8519 8525
8540 8544 8542
8496 8530 8528
8528 8498 8496
8498 8528 8527
8527 8501 8498
8501 8527 8522
8522 8503 8501
8503 8522 8518
8544 8540 8545
8540 8546 8545
8546 8540 8538
8538 8547 8546
8547 8538 8536
8536 8548 8547
8548 8536 8534
8534 8549 8548
8549 8534 8524
8523 8549 8524
8549 8523 8550
8520 8550 8523
8550 8520 8551
8520 8552 8551
8552 8520 8521
8526 8552 8521
8552 8526 8553
8529 8553 8526
8553 8529 8554
8531 8554 8529
8554 8531 8555
8531 8556 8555
8556 8531 8532
8557 8558 8559
8557 8559 8560
8557 8561 8558
8558 8562 8559
8563 8559 8562
8562 8564 8563
8564 8562 8565
8565 8566 8564
8567 8566 8565
8566 8567 8568
8567 8569 8568
8569 8567 8570
8557 8571 8561
8571 8557 8572
8557 8560 8572
8572 8573 8571
8573 8572 8574
8575 8574 8572
8572 8560 8575
8576 8574 8575
8574 8577 8573
8577 8574 8576
8578 8577 8576
8579 8578 8576
8580 8579 8576
8575 8580 8576
8580 8581 8579
8580 8582 8581
8583 8569 8570
8569 8583 8584
8583 8566 8584
8566 8583 8564
8582 8585 8581
8582 8586 8585
8586 8587 8585
8588 8589 8590
8589 8588 8591
8592 8590 8589
8590 8592 8593
8591 8588 8594
8594 8595 8591
8596 8595 8594
8595 8596 8597
8596 8598 8597
8598 8596 8599
8592 8600 8593
8601 8602 8603
8602 8601 8604
8605 8606 8607
8606 8605 8608
8609 8610 8611
8612 8613 8614
8613 8612 8615
8614 8616 8612
8616 8614 8617
8616 8617 8618
8619 8620 8621
8620 8619 8622
8623 8621 8620
8621 8623 8624
8625 8624 8623
8626 8627 8628
8627 8626 8629
8630 8631 8632
8631 8630 8633
8634 8632 8631
8632 8634 8635
8636 8637 8638
8637 8636 8639
8640 8641 8642
8641 8640 8643
8644 8645 8646
8645 8644 8647
8648 8649 8650
8649 8648 8651
8652 8648 8650
8648 8652 8653
8651 8654 8649
8654 8651 8655
8655 8656 8654
8656 8655 8657
8657 8658 8656
8658 8657 8659
8658 8659 8660
8661 8662 8663
8662 8661 8664
8665 8666 8667
8668 8669 8670
8671 8672 8673
8674 8675 8676
8677 8559 8678
8677 8679 8559
8677 8678 8680
8678 8559 8563
8681 8677 8680
8677 8681 8682
8677 8682 8679
8683 8682 8681
8682 8683 8684
8685 8682 8684
8682 8685 8679
8686 8685 8684
8684 8687 8686
8687 8684 8683
8688 8686 8687
8689 8686 8688
8690 8686 8689
8685 8686 8690
8690 8689 8691
8690 8691 8692
8692 8691 8693
8692 8693 8694
8694 8693 8695
8696 8697 8698
8699 8700 8701
8700 8699 8702
8703 8701 8700
8701 8703 8704
8703 8705 8704
8706 8707 8708
8707 8706 8709
8709 8710 8707
8710 8709 8711
8712 8710 8711
8713 8714 8715
8714 8713 8716
8717 8718 8719
8718 8717 8720
8720 8721 8718
8721 8720 8722
8723 8724 8725
8725 8726 8723
8727 8723 8726
8727 8728 8723
8727 8729 8728
8730 8731 8732
8733 8731 8730
8731 8734 8732
8732 8734 8735
8735 8736 8732
8737 8738 8739
8739 8740 8737
8740 8741 8737
8741 8740 8742
8742 8743 8741
8744 8745 8746
8746 8747 8744
8746 8745 8748
8745 8749 8748
8749 8750 8748
8751 8752 8753
8754 8755 8756
8757 8758 8759
8760 8761 8762
8763 8764 8765
8764 8763 8766
8767 8768 8769
8768 8767 8770
8771 8772 8773
8772 8771 8774
8775 8776 8777
8776 8775 8778
8779 8780 8781
8780 8779 8782
8783 8784 8785
8784 8783 8786
8787 8788 8789
8788 8787 8790
8791 8792 8793
8792 8791 8794
8795 8796 8797
8798 8799 8800
8801 8802 8803
8804 8805 8806
8807 8808 8809
8810 8811 8812
8812 8811 8813
8811 8814 8813
8815 8814 8811
8815 8811 8816
8817 8815 8816
8818 8817 8816
8819 8817 8818
8819 8818 8820
8819 8820 8821
8810 8822 8811
8823 8824 8814
8814 8825 8823
8824 8826 8814
8826 8827 8814
8827 8828 8814
8828 8829 8814
8829 8830 8814
8829 8831 8830
8831 8829 8832
8832 8833 8831
8833 8832 8834
8834 8835 8833
8830 8836 8814
8814 8836 8837
8814 8837 8838
8814 8838 8839
8814 8839 8840
8840 8841 8814
8814 8842 8843
8842 8844 8843
8844 8842 8845
8843 8846 8814
8843 8847 8846
8847 8843 8848
8844 8845 8849
8849 8845 8850
8851 8849 8850
8851 8850 8852
8843 8853 8848
8854 8847 8855
8856 8857 8847
8858 8859 8860
8861 8862 8863
8864 8865 8866
8867 8868 8869
8868 8867 8870
8869 8871 8867
8871 8869 8872
8872 8873 8871
8873 8872 8874
8874 8875 8873
8875 8874 8876
8877 8868 8870
8868 8877 8878
8877 8879 8878
8880 8875 8876
8875 8880 8881
8882 8881 8880
8881 8882 8883
8882 8884 8883
8885 8886 8887
8886 8888 8887
8888 8889 8887
8888 8890 8889
8885 8891 8886
8892 8891 8885
8891 8892 8893
8894 8893 8892
8893 8894 8895
8894 8896 8895
8896 8894 8897
8897 8898 8896
8898 8897 8899
8899 8900 8898
8900 8899 8901
8902 8900 8901
8903 8904 8905
8904 8903 8906
8907 8905 8904
8905 8907 8908
8909 8908 8907
8908 8909 8910
8906 8903 8911
8912 8910 8909
8910 8912 8913
8914 8913 8912
8913 8914 8915
8914 8916 8915
8906 8911 8917
8911 8918 8917
8918 8919 8917
8918 8920 8919
8921 8922 8923
8922 8921 8924
8925 8924 8921
8924 8925 8926
8927 8924 8926
8924 8927 8928
8928 8922 8924
8922 8928 8929
8926 8930 8927
8930 8926 8925
8931 8923 8922
8923 8931 8932
8922 8933 8931
8933 8922 8929
8934 8931 8933
8931 8934 8935
8934 8936 8935
8937 8931 8935
8931 8937 8932
8935 8936 8938
8935 8938 8937
8937 8938 8939
8939 8938 8940
8940 8938 8941
8936 8941 8938
8942 8940 8941
8941 8943 8942
8943 8941 8944
8936 8944 8941
8942 8943 8945
8942 8945 8946
8946 8945 8947
8946 8947 8948
8948 8947 8949
8949 8947 8950
8951 8949 8950
8944 8936 8952
8940 8942 8953
8946 8953 8942
8954 8940 8953
8940 8954 8955
8954 8956 8955
8953 8957 8954
8958 8954 8957
8958 8959 8954
8956 8954 8959
8957 8953 8960
8953 8946 8960
8948 8960 8946
8960 8961 8957
8961 8960 8962
8960 8948 8962
8962 8948 8949
8963 8957 8961
8958 8957 8963
8961 8964 8963
8964 8961 8965
8965 8961 8962
8965 8962 8966
8956 8939 8955
8962 8949 8966
8939 8940 8955
8965 8967 8964
8949 8968 8966
8965 8966 8968
8968 8949 8969
8967 8965 8970
8965 8968 8970
8949 8951 8969
8951 8950 8971
8972 8973 8974
8975 8974 8973
8976 8975 8973
8973 8977 8976
8972 8977 8973
8972 8978 8977
8978 8972 8979
8980 8979 8972
8972 8974 8980
8979 8980 8981
8980 8982 8981
8982 8980 8983
8983 8980 8984
8980 8974 8984
8985 8984 8974
8975 8985 8974
8976 8986 8975
8987 8975 8986
8988 8985 8975
8988 8975 8989
8975 8987 8989
8990 8988 8989
8991 8988 8990
8991 8992 8988
8992 8991 8993
8993 8994 8992
8994 8993 8995
8990 8989 8996
8987 8996 8989
8990 8996 8997
8988 8992 8998
8994 8998 8992
8985 8998 8984
8988 8998 8985
8999 8984 8998
8998 8994 8999
8984 8999 9000
9001 8996 8987
9001 8997 8996
8997 9001 9002
8983 8984 9000
9003 9004 9005
9004 9003 9006
9007 9006 9003
9007 9003 9008
9009 9007 9008
9007 9009 9010
9011 9010 9009
9010 9011 9012
9013 9012 9011
9012 9013 9014
9005 9004 9015
9005 9015 9016
9017 9016 9015
9016 9017 9018
9019 9018 9017
9018 9019 9020
9021 9020 9019
9020 9021 9022
9021 9023 9022
9021 9024 9023
9025 9023 9024
9023 9025 9026
9027 9026 9025
9026 9027 9028
9029 9028 9027
9028 9029 9030
9031 9030 9029
9030 9031 9032
9033 9032 9031
9034 9035 9036
9035 9034 9037
9038 9036 9035
9038 9035 9039
9035 9037 9039
9039 9037 9040
9037 9034 9041
9041 9034 9042
9037 9041 9043
9040 9037 9043
9040 9043 9044
9044 9045 9040
9040 9045 9046
9040 9046 9039
9045 9047 9046
9047 9045 9048
9049 9046 9047
9046 9049 9050
9039 9046 9050
9045 9051 9048
9052 9041 9042
9043 9041 9053
9052 9053 9041
9053 9052 9054
9055 9043 9053
9044 9043 9055
9053 9056 9055
9053 9054 9056
9044 9055 9057
9058 9057 9055
9055 9056 9058
9059 9058 9056
9058 9059 9060
9061 9060 9059
9060 9061 9062
9061 9063 9062
9059 9064 9061
9056 9065 9059
9065 9064 9059
9054 9065 9056
9064 9066 9061
9066 9067 9061
9063 9061 9067
9068 9063 9067
9066 9069 9067
9062 9070 9060
9070 9062 9071
9071 9062 9063
9071 9063 9072
9060 9073 9058
9073 9060 9070
9057 9058 9073
9072 9063 9074
9063 9068 9074
9069 9075 9067
9068 9067 9075
9075 9069 9076
9072 9074 9077
9078 9079 9080
9079 9078 9081
9082 9080 9079
9081 9083 9079
9083 9081 9084
9082 9079 9085
9085 9079 9083
9082 9086 9080
9086 9082 9087
9086 9087 9088
9089 9088 9087
9081 9090 9084
9090 9081 9091
9081 9078 9091
9091 9092 9090
9092 9091 9093
9093 9094 9092
9094 9093 9095
9095 9096 9094
9096 9095 9097
9097 9098 9096
9098 9097 9099
9099 9100 9098
9100 9099 9101
9101 9102 9100
9102 9101 9103
9103 9104 9102
9104 9103 9105
9106 9095 9093
9107 9097 9095
9107 9099 9097
9107 9095 9106
9099 9107 9108
9108 9101 9099
9101 9108 9109
9109 9103 9101
9108 9110 9109
9110 9108 9111
9107 9111 9108
9112 9109 9110
9109 9112 9113
9103 9109 9113
9113 9105 9103
9114 9113 9112
9113 9114 9115
9105 9113 9115
9116 9115 9114
9115 9116 9117
9117 9105 9115
9118 9105 9117
9118 9104 9105
9117 9116 9119
9119 9118 9117
9093 9120 9106
9120 9093 9091
9091 9078 9120
9121 9122 9123
9122 9121 9124
9125 9122 9124
9126 9123 9122
9123 9126 9127
9128 9126 9122
9127 9129 9123
9129 9127 9130
9129 9130 9131
9129 9132 9123
9123 9132 9121
9129 9133 9132
9133 9129 9134
9129 9131 9134
9131 9135 9134
9135 9131 9136
9134 9137 9133
9137 9134 9135
9135 9138 9137
9138 9135 9139
9139 9140 9138
9140 9139 9141
9142 9141 9139
9135 9142 9139
9135 9136 9142
9141 9142 9143
9143 9144 9141
9144 9140 9141
9144 9143 9145
9140 9144 9146
9145 9147 9144
9147 9145 9148
9145 9149 9148
9149 9145 9150
9151 9144 9147
9144 9151 9146
9148 9152 9147
9152 9148 9153
9154 9148 9149
9148 9154 9153
9155 9147 9152
9147 9155 9151
9153 9156 9152
9156 9153 9157
9158 9153 9154
9153 9158 9157
9159 9152 9156
9152 9159 9155
9157 9160 9156
9160 9157 9161
9162 9157 9158
9157 9162 9161
9163 9156 9160
9156 9163 9159
9160 9161 9164
9161 9162 9164
9163 9160 9164
9165 9166 9167
9166 9165 9168
9165 9169 9168
9170 9171 9172
9173 9170 9172
9170 9173 9174
9175 9174 9173
9174 9175 9176
9177 9176 9175
9176 9177 9178
9179 9180 9181
9182 9179 9181
9179 9182 9183
9184 9183 9182
9183 9184 9185
9186 9185 9184
9185 9186 9187
9188 9189 9190
9189 9188 9191
9192 9191 9188
9191 9192 9193
9194 9193 9192
9194 9192 9195
9196 9194 9195
9197 9198 9199
9198 9197 9200
9200 9197 9201
9202 9200 9201
9203 9202 9201
9204 9202 9203
9204 9203 9205
9206 9204 9205
9207 9206 9205
8978 8979 9208
9208 8979 9209
8979 9210 9209
9208 9209 9211
9212 9209 9210
9209 9212 9211
9210 9213 9212
9213 9210 9214
8981 9214 9210
8979 8981 9210
8981 8982 9214
9215 9212 9213
9212 9215 9216
9216 9211 9212
9217 9216 9215
9216 9217 9218
9218 9219 9216
9211 9216 9219
9219 9218 9220
9221 9220 9218
9222 9220 9221
9223 9220 9222
9223 9224 9220
9224 9219 9220
9225 9219 9224
9226 9223 9222
9223 9226 9227
9228 9222 9221
9222 9228 9226
9226 9229 9227
9229 9226 9230
9228 9230 9226
9230 9228 9231
9230 9232 9229
9232 9230 9233
9231 9233 9230
9233 9234 9232
9234 9233 9235
9236 9235 9233
9233 9231 9236
9235 9236 9237
9238 9234 9235
9234 9238 9239
9240 9235 9237
9235 9240 9238
9241 9239 9238
9239 9241 9242
9243 9238 9240
9238 9243 9241
9244 9242 9241
9242 9244 9245
9246 9241 9243
9241 9246 9244
9247 9245 9244
9245 9247 9248
9249 9244 9246
9244 9249 9247
9250 9248 9247
9248 9250 9251
9252 9247 9249
9247 9252 9250
9251 9250 9253
9250 9252 9253
9254 9255 9256
9255 9254 9257
9258 9257 9254
9257 9258 9259
9260 9259 9258
9259 9260 9261
9261 9260 9262
9260 9263 9262
9263 9264 9262
9264 9263 9265
9265 9266 9264
9266 9265 9267
9268 9266 9267
9266 9268 9269
9269 9268 9270
9271 9272 9273
9271 9274 9272
9271 9273 9275
9271 9275 9276
9272 9277 9273
9277 9275 9273
9277 9272 9278
9274 9278 9272
9278 9279 9277
9279 9278 9280
9281 9280 9278
9278 9274 9281
9280 9281 9282
9279 9283 9277
9283 9276 9275
9275 9277 9283
9283 9279 9284
9284 9285 9283
9276 9283 9285
9285 9284 9286
9280 9287 9279
9287 9284 9279
9287 9280 9288
9282 9288 9280
9288 9282 9289
9290 9286 9284
9284 9287 9290
9286 9290 9291
9288 9292 9287
9292 9290 9287
9292 9288 9293
9289 9293 9288
9293 9294 9292
9294 9293 9295
9295 9296 9294
9296 9295 9297
9297 9298 9296
9298 9297 9299
9297 9300 9299
9300 9297 9301
9298 9302 9296
9302 9298 9303
9303 9304 9302
9304 9303 9305
9306 9297 9295
9297 9306 9301
9307 9302 9304
9302 9307 9308
9296 9308 9294
9308 9296 9302
9309 9295 9293
9295 9309 9306
9310 9308 9307
9308 9310 9311
9311 9294 9308
9294 9311 9292
9293 9289 9309
9291 9311 9310
9311 9291 9290
9290 9292 9311
9312 9305 9303
9305 9312 9313
9313 9312 9314
9312 9315 9314
9314 9315 9049
9315 9316 9049
9312 9316 9315
9316 9050 9049
9316 9317 9050
9317 9318 9050
9317 9319 9318
9320 9319 9317
9312 9320 9316
9320 9317 9316
9319 9320 9321
9303 9320 9312
9320 9303 9298
9320 9299 9321
9298 9299 9320
9300 9321 9299
9319 9038 9318
9300 9322 9321
9322 9300 9323
9300 9324 9323
9325 9323 9324
9323 9325 9326
9326 9322 9323
9324 9300 9301
9324 9327 9325
9327 9328 9325
9328 9326 9325
9329 9326 9328
9328 9327 9330
9327 9324 9331
9301 9331 9324
9331 9301 9332
9329 9333 9326
9333 9322 9326
9334 9322 9333
9335 9330 9327
9331 9335 9327
9330 9335 9336
9335 9331 9337
9332 9337 9331
9337 9332 9338
9335 9339 9336
9339 9335 9340
9337 9340 9335
9340 9341 9339
9341 9340 9342
9343 9342 9340
9340 9337 9343
9338 9343 9337
9342 9343 9344
9345 9344 9343
9343 9338 9345
9344 9345 9346
9342 9347 9341
9347 9342 9348
9344 9348 9342
9348 9344 9349
9350 9344 9346
9344 9350 9349
9348 9351 9347
9351 9348 9352
9349 9352 9348
9352 9349 9353
9354 9349 9350
9349 9354 9353
9352 9355 9351
9355 9352 9356
9353 9356 9352
9356 9353 9357
9358 9353 9354
9353 9358 9357
9356 9359 9355
9359 9356 9360
9357 9360 9356
9360 9357 9361
9362 9357 9358
9357 9362 9361
9360 9363 9359
9363 9360 9364
9361 9364 9360
9364 9361 9365
9362 9365 9361
9365 9362 9366
9363 9364 9367
9364 9365 9367
9365 9366 9367
9368 9369 9370
9368 9371 9369
9372 9370 9369
9370 9372 9373
9374 9373 9372
9373 9374 9375
9372 9376 9374
9376 9372 9377
9377 9369 9371
9369 9377 9372
9374 9378 9375
9378 9374 9379
9380 9374 9376
9374 9380 9379
9379 9381 9378
9381 9379 9382
9382 9383 9381
9383 9382 9384
9384 9385 9383
9385 9384 9386
9387 9386 9384
9382 9387 9384
9386 9387 9388
9387 9382 9389
9389 9379 9380
9379 9389 9382
9386 9388 9390
9391 9392 9393
9392 9394 9393
9394 9392 9395
9396 9221 9397
9221 9396 9398
9399 9398 9396
9398 9399 9400
9401 9400 9399
9400 9401 9402
9401 9403 9402
9403 9401 9404
9401 9405 9404
9405 9401 9406
9404 9407 9403
9407 9404 9408
9405 9408 9404
9408 9405 9409
9410 9407 9408
9409 9410 9408
9407 9410 9411
9410 9409 9412
9413 9411 9410
9412 9413 9410
9411 9413 9414
9413 9412 9415
9416 9414 9413
9415 9416 9413
9414 9416 9417
9416 9415 9418
9419 9417 9416
9418 9419 9416
9417 9419 9420
9419 9418 9421
9420 9419 9422
9419 9421 9422
9423 9424 9038
9423 9334 9424
9038 9319 9423
9321 9423 9319
9423 9321 9322
9334 9423 9322
9038 9424 9036
9036 9424 9425
9426 9036 9425
9034 9036 9426
9042 9034 9426
9039 9318 9038
9039 9050 9318
9401 9427 9406
9427 9401 9399
9221 9218 9397
9428 9429 9430
9429 9428 9431
9430 9432 9428
9432 9430 9433
9434 9431 9428
9431 9434 9435
9436 9428 9432
9428 9436 9434
9437 9435 9434
9435 9437 9438
9439 9434 9436
9434 9439 9437
9440 9438 9437
9438 9440 9441
9442 9437 9439
9437 9442 9440
9443 9441 9440
9441 9443 9444
9445 9440 9442
9440 9445 9443
9446 9444 9443
9444 9446 9447
9448 9443 9445
9443 9448 9446
9447 9446 9449
9446 9448 9449
9450 9451 9452
9451 9450 9453
9453 9454 9451
9454 9453 9455
9456 9454 9455
9454 9456 9457
9458 9457 9456
9457 9458 9459
9460 9459 9458
9459 9460 9461
9462 9461 9460
9461 9462 9463
9464 9463 9462
9452 9465 9450
9465 9452 9466
9467 9465 9466
9465 9467 9468
9467 9469 9468
9469 9470 9468
9471 9472 9473
9472 9471 9474
9475 9473 9472
9473 9475 9476
9477 9476 9475
9476 9477 9478
9479 9478 9477
9478 9479 9480
9479 9481 9480
9482 9474 9471
9225 9211 9219
9208 9211 9225
9483 9484 9485
9484 9483 9486
9486 9487 9484
9487 9486 9488
9487 9488 9489
9485 9490 9483
9490 9485 9491
9492 9490 9491
9492 9491 9493
9492 9494 9490
9492 9495 9494
9493 9496 9492
8952 8936 8934
9497 9498 9499
9498 9497 9500
9500 9501 9498
9501 9500 9502
9500 9503 9502
9503 9500 9504
9497 9504 9500
9504 9497 9505
9502 9503 9506
9506 9501 9502
9499 9507 9497
9507 9499 9508
9497 9509 9505
9509 9497 9507
9507 9510 9509
9510 9507 9511
9510 9511 9512
9507 9513 9511
9513 9507 9508
9511 9514 9512
9511 9513 9514
9513 9515 9514
9515 9516 9514
9516 9517 9514
9512 9514 9517
9516 9518 9517
9519 9517 9518
9517 9519 9520
9512 9517 9520
9518 9521 9519
9518 9522 9521
9522 9523 9521
9522 9524 9523
9524 9525 9523
9525 9526 9523
9527 9526 9525
9520 9528 9512
9518 9516 9529
9529 9522 9518
9516 9530 9529
9530 9516 9531
9530 9531 9532
9533 9529 9530
9534 9533 9530
9534 9530 9535
9532 9535 9530
9529 9533 9536
9522 9529 9536
9536 9524 9522
9537 9536 9533
9536 9537 9538
9524 9536 9538
9538 9525 9524
9539 9537 9533
9534 9539 9533
9537 9539 9540
9540 9541 9537
9541 9538 9537
9541 9542 9538
9532 9531 9515
9538 9542 9525
9515 9531 9516
9541 9540 9543
9544 9525 9542
9541 9544 9542
9525 9544 9545
9541 9546 9544
9543 9546 9541
9525 9545 9527
9527 9547 9526
9548 9549 9550
9551 9550 9549
9552 9550 9551
9550 9552 9553
9548 9550 9553
9554 9548 9553
9548 9554 9555
9555 9556 9548
9548 9556 9549
9556 9555 9557
9558 9556 9557
9556 9558 9559
9559 9560 9556
9556 9560 9549
9551 9549 9561
9561 9549 9560
9561 9560 9562
9560 9563 9562
9563 9560 9564
9559 9564 9560
9552 9551 9565
9566 9565 9551
9567 9551 9561
9567 9561 9562
9567 9568 9551
9551 9568 9566
9569 9568 9567
9570 9569 9567
9571 9570 9567
9567 9562 9571
9570 9571 9572
9573 9572 9571
9562 9573 9571
9573 9562 9563
9572 9573 9574
9569 9575 9568
9566 9568 9575
9569 9576 9575
9577 9566 9575
9577 9575 9576
9576 9578 9577
9579 9580 9581
9580 9579 9582
9007 9580 9582
9007 9583 9580
9007 9584 9583
9584 9007 9010
9010 9585 9584
9585 9010 9012
9012 9586 9585
9586 9012 9014
9581 9587 9579
9581 9588 9587
9589 9587 9588
9588 9590 9589
9590 9591 9589
9591 9590 9592
9592 9593 9591
9593 9592 9594
9593 9594 9595
9593 9595 9596
9595 9597 9596
9597 9595 9598
9598 9599 9597
9599 9598 9600
9600 9601 9599
9601 9600 9602
9602 9603 9601
9603 9602 9604
9605 9603 9604
9606 9607 9608
9607 9606 9609
9610 9607 9609
9608 9611 9606
9611 9612 9606
9608 9613 9611
9614 9612 9611
9613 9615 9611
9614 9611 9615
9615 9616 9614
9617 9615 9613
9615 9617 9618
9615 9618 9616
9619 9617 9613
9620 9619 9613
9620 9613 9608
9621 9620 9608
9607 9621 9608
9621 9607 9610
9610 9622 9621
9621 9622 9623
9620 9621 9624
9621 9623 9624
9625 9624 9623
9624 9625 9626
9626 9627 9624
9619 9620 9627
9620 9624 9627
9627 9626 9628
9627 9628 9629
9619 9630 9617
9630 9631 9617
9617 9631 9618
9631 9632 9618
9632 9631 9633
9633 9634 9632
9634 9633 9635
9634 9635 9636
9632 9634 9637
9637 9634 9638
9638 9634 9639
9636 9639 9634
9640 9639 9636
9638 9639 9641
9642 9635 9633
9635 9642 9643
9643 9636 9635
9643 9644 9636
9633 9645 9642
9645 9633 9631
9631 9630 9645
9644 9646 9636
9636 9646 9640
9641 9639 9647
9640 9647 9639
9647 9648 9641
9644 9649 9646
9650 9632 9637
9618 9632 9650
9616 9618 9650
9651 9652 9653
9652 9651 9654
9655 9652 9654
9656 9653 9652
9653 9656 9657
9655 9658 9652
9658 9656 9652
9655 9654 9659
9659 9660 9655
9659 9661 9660
9662 9660 9661
9663 9653 9657
9653 9663 9664
9653 9664 9651
9665 9664 9663
9664 9665 9666
9667 9666 9665
9666 9667 9668
9669 9668 9667
9668 9669 9670
9671 9670 9669
9670 9671 9672
9673 9672 9671
9672 9673 9674
9675 9674 9673
9674 9675 9676
9677 9676 9675
9676 9677 9678
9679 9666 9668
9680 9668 9670
9672 9680 9670
9680 9679 9668
9680 9672 9681
9674 9681 9672
9681 9674 9682
9676 9682 9674
9683 9681 9682
9681 9683 9684
9680 9681 9684
9682 9685 9683
9685 9682 9686
9682 9676 9686
9678 9686 9676
9686 9687 9685
9687 9686 9688
9686 9678 9688
9688 9689 9687
9689 9688 9690
9690 9688 9678
9691 9690 9678
9691 9678 9677
9690 9692 9689
9692 9690 9691
9666 9679 9693
9693 9664 9666
9664 9693 9651
9694 9695 9696
9695 9694 9697
9698 9696 9695
9697 9699 9695
9699 9697 9700
9701 9695 9699
9702 9700 9697
9700 9702 9703
9702 9704 9703
9702 9697 9705
9697 9694 9705
9706 9702 9705
9702 9706 9707
9702 9707 9704
9708 9704 9707
9704 9708 9709
9707 9710 9708
9710 9707 9706
9708 9711 9709
9712 9708 9710
9708 9712 9713
9708 9713 9711
9714 9711 9713
9711 9714 9715
9713 9716 9714
9716 9713 9712
9717 9715 9714
9716 9717 9714
9715 9717 9718
9717 9716 9719
9720 9718 9717
9718 9720 9721
9722 9718 9721
9718 9722 9723
9717 9724 9720
9724 9717 9719
9725 9721 9720
9721 9725 9726
9727 9721 9726
9721 9727 9722
9720 9728 9725
9728 9720 9724
9729 9726 9725
9726 9729 9730
9731 9726 9730
9726 9731 9727
9725 9732 9729
9732 9725 9728
9733 9730 9729
9730 9733 9734
9735 9730 9734
9730 9735 9731
9729 9736 9733
9736 9729 9732
9733 9737 9734
9734 9737 9735
9736 9737 9733
9738 9739 9740
9739 9738 9741
9739 9741 9742
9743 9744 9745
9743 9746 9744
9746 9743 9747
9747 9748 9746
9748 9747 9749
9749 9750 9748
9750 9749 9751
9752 9753 9754
9752 9755 9753
9755 9752 9756
9756 9757 9755
9757 9756 9758
9758 9759 9757
9759 9758 9760
9761 9762 9763
9762 9761 9764
9764 9765 9762
9765 9764 9766
9767 9765 9766
9767 9768 9765
9769 9768 9767
9770 9771 9772
9771 9770 9773
9774 9771 9773
9775 9774 9773
9776 9774 9775
9777 9776 9775
9778 9776 9777
9779 9778 9777
9780 9778 9779
9554 9781 9555
9781 9782 9555
9555 9782 9783
9781 9784 9782
9785 9782 9784
9782 9785 9783
9786 9783 9785
9783 9786 9787
9557 9783 9787
9555 9783 9557
9557 9787 9558
9785 9788 9786
9788 9785 9789
9784 9789 9785
9789 9790 9788
9790 9789 9791
9792 9791 9789
9789 9784 9792
9791 9792 9793
9794 9791 9793
9795 9794 9793
9796 9795 9793
9796 9793 9797
9797 9793 9792
9798 9797 9792
9796 9799 9795
9799 9796 9800
9801 9795 9799
9795 9801 9794
9802 9799 9800
9799 9802 9803
9803 9801 9799
9801 9803 9804
9805 9803 9802
9803 9805 9806
9806 9804 9803
9807 9806 9805
9806 9807 9808
9808 9809 9806
9804 9806 9809
9809 9808 9810
9807 9811 9808
9811 9807 9812
9813 9808 9811
9808 9813 9810
9812 9814 9811
9814 9812 9815
9816 9811 9814
9811 9816 9813
9815 9817 9814
9817 9815 9818
9819 9814 9817
9814 9819 9816
9818 9820 9817
9820 9818 9821
9822 9817 9820
9817 9822 9819
9821 9823 9820
9823 9821 9824
9825 9820 9823
9820 9825 9822
9824 9826 9823
9823 9826 9825
9827 9828 9829
9828 9827 9830
9830 9831 9828
9831 9830 9832
9832 9833 9831
9833 9832 9834
9834 9835 9833
9835 9836 9833
9837 9836 9835
9836 9837 9838
9839 9838 9837
9838 9839 9840
9839 9841 9840
9841 9839 9842
9842 9843 9841
9844 9845 9846
9844 9846 9847
9844 9848 9845
9844 9849 9848
9850 9846 9845
9848 9850 9845
9846 9850 9851
9851 9847 9846
9852 9851 9850
9851 9852 9853
9853 9854 9851
9847 9851 9854
9854 9853 9855
9856 9852 9850
9849 9856 9848
9850 9848 9856
9852 9856 9857
9858 9857 9856
9856 9849 9858
9857 9858 9859
9860 9853 9852
9857 9860 9852
9853 9860 9861
9861 9855 9853
9855 9861 9862
9859 9863 9857
9860 9857 9863
9863 9859 9864
9865 9861 9860
9863 9865 9860
9861 9865 9866
9866 9862 9861
9867 9866 9865
9866 9867 9868
9869 9868 9867
9868 9869 9870
9871 9870 9869
9870 9871 9872
9873 9870 9872
9870 9873 9874
9875 9871 9869
9871 9875 9876
9877 9876 9875
9876 9877 9878
9879 9870 9874
9870 9879 9868
9875 9880 9877
9880 9875 9881
9881 9869 9867
9869 9881 9875
9882 9868 9879
9868 9882 9866
9881 9883 9880
9883 9881 9884
9867 9884 9881
9884 9867 9865
9862 9866 9882
9884 9864 9883
9864 9884 9863
9865 9863 9884
9878 9885 9876
9885 9878 9886
9886 9887 9885
9887 9888 9885
9888 9889 9885
9625 9889 9888
9887 9625 9888
9889 9625 9623
9889 9623 9890
9890 9623 9622
9890 9622 9891
9891 9892 9890
9889 9890 9892
9885 9889 9892
9892 9891 9893
9892 9876 9885
9876 9892 9871
9892 9893 9872
9871 9892 9872
9873 9872 9893
9891 9622 9610
9894 9873 9893
9873 9894 9895
9896 9873 9895
9895 9897 9896
9897 9895 9898
9898 9895 9894
9873 9896 9874
9899 9896 9897
9900 9899 9897
9900 9897 9898
9901 9900 9898
9899 9900 9902
9896 9899 9903
9903 9874 9896
9874 9903 9904
9901 9898 9905
9905 9898 9894
9906 9905 9894
9902 9907 9899
9907 9903 9899
9907 9902 9908
9903 9907 9909
9909 9904 9903
9904 9909 9910
9911 9907 9908
9907 9911 9912
9912 9909 9907
9913 9912 9911
9912 9913 9914
9914 9915 9912
9909 9912 9915
9915 9910 9909
9915 9914 9916
9916 9917 9915
9910 9915 9917
9917 9916 9918
9919 9914 9913
9914 9919 9920
9920 9916 9914
9916 9920 9921
9922 9916 9921
9916 9922 9918
9923 9920 9919
9920 9923 9924
9924 9921 9920
9921 9924 9925
9926 9921 9925
9921 9926 9922
9927 9924 9923
9924 9927 9928
9928 9925 9924
9925 9928 9929
9930 9925 9929
9925 9930 9926
9931 9928 9927
9928 9931 9932
9932 9929 9928
9929 9932 9933
9934 9929 9933
9929 9934 9930
9935 9932 9931
9932 9935 9936
9936 9933 9932
9933 9936 9937
9937 9934 9933
9934 9937 9938
9935 9939 9936
9936 9939 9937
9937 9939 9938
9940 9941 9942
9940 9942 9943
9941 9944 9942
9944 9941 9945
9945 9946 9944
9946 9945 9947
9948 9944 9946
9944 9948 9949
9949 9942 9944
9942 9949 9943
9950 9946 9947
9946 9950 9951
9952 9946 9951
9946 9952 9948
9953 9951 9950
9951 9953 9954
9955 9954 9953
9954 9955 9956
9957 9956 9955
9956 9957 9958
9958 9959 9956
9959 9954 9956
9959 9958 9960
9954 9959 9961
9961 9951 9954
9951 9961 9952
9958 9962 9960
9963 9964 9965
9964 9966 9965
9967 9963 9965
9968 9794 9969
9794 9968 9970
9969 9971 9968
9971 9969 9972
9972 9973 9971
9973 9972 9974
9975 9973 9974
9973 9975 9976
9977 9973 9976
9973 9977 9978
9979 9976 9975
9976 9979 9980
9980 9977 9976
9977 9980 9981
9979 9982 9980
9982 9981 9980
9982 9979 9983
9981 9982 9984
9983 9985 9982
9985 9984 9982
9985 9983 9986
9984 9985 9987
9986 9988 9985
9988 9987 9985
9988 9986 9989
9987 9988 9990
9989 9991 9988
9991 9990 9988
9991 9989 9992
9990 9991 9993
9992 9994 9991
9991 9994 9993
9995 9610 9996
9995 9996 9906
9610 9995 9891
9995 9893 9891
9893 9995 9894
9906 9894 9995
9610 9609 9996
9609 9997 9996
9998 9997 9609
9606 9998 9609
9612 9998 9606
9999 9973 9978
9973 9999 9971
9794 9970 9791
10000 10001 10002
10001 10000 10003
10004 10003 10000
10003 10004 10005
10002 10006 10000
10006 10002 10007
10008 10000 10006
10000 10008 10004
10007 10009 10006
10009 10007 10010
10011 10006 10009
10006 10011 10008
10010 10012 10009
10012 10010 10013
10014 10009 10012
10009 10014 10011
10013 10015 10012
10015 10013 10016
10017 10012 10015
10012 10017 10014
10016 10018 10015
10018 10016 10019
10020 10015 10018
10015 10020 10017
10019 10021 10018
10018 10021 10020
10022 10001 10003
10023 10024 10025
10026 10027 10028
10027 10026 10029
10030 10029 10026
10029 10030 10031
10030 10032 10031
10032 10030 10033
10033 10034 10032
10034 10033 10035
10035 10036 10034
10036 10035 10037
10037 10038 10036
10038 10037 10039
10040 10038 10039
10041 10028 10027
10028 10041 10042
10043 10042 10041
10041 10044 10043
10043 10044 10045
10045 10044 10046
10047 10048 10049
10048 10047 10050
10049 10051 10047
10051 10049 10052
10052 10053 10051
10053 10052 10054
10054 10055 10053
10055 10054 10056
10055 10056 10057
10058 10048 10050
9798 9792 9784
9781 9798 9784
10059 10060 10061
10060 10059 10062
10063 10061 10060
10061 10063 10064
10063 10065 10064
10066 10062 10059
10062 10066 10067
10068 10067 10066
10068 10069 10067
10068 10066 10070
10068 10070 10071
10069 10068 10072
9528 9510 9512
10073 10074 10075
10076 9430 9429
10077 10078 10079
10078 10077 10080
10080 10081 10078
10081 10080 10082
10082 10080 10083
10082 10084 10081
10084 10082 10085
10083 10085 10082
10085 10086 10084
10086 10085 10087
10088 10087 10085
10085 10083 10088
10087 10088 10089
10087 10090 10086
10090 10087 10091
10089 10091 10087
10092 10090 10091
10091 10089 10093
10093 10094 10091
10092 10091 10094
10095 10092 10094
10094 10093 10096
10096 10097 10094
10095 10094 10097
10097 10098 10095
10098 10097 10099
10100 10098 10099
10099 10097 10101
10102 10099 10101
10100 10099 10102
10102 10103 10100
10103 10102 10104
10097 10096 10105
10097 10105 10101
10104 10106 10103
10106 10104 10107
10107 10108 10106
10108 10107 10109
10109 10110 10108
10110 10109 10111
10111 10112 10110
10112 10111 10113
10113 10114 10112
10114 10113 10115
10115 10116 10114
10116 10115 10117
10117 10118 10116
10118 10117 10119
10119 10120 10118
10120 10119 10121
10122 10120 10121
10120 10122 10123
10124 10123 10122
10123 10124 10125
10126 10125 10124
10125 10126 10127
10128 10127 10126
10129 10130 10131
10132 10130 10129
10130 10132 10133
10134 10133 10132
10133 10134 10135
10136 10135 10134
10135 10136 10137
10136 10138 10137
10138 10136 10139
10140 10138 10139
10138 10140 10141
10142 10141 10140
10141 10142 10143
10144 10143 10142
10143 10144 10145
10144 10146 10145
10146 10144 10147
10147 10148 10146
10148 10147 10149
10149 10150 10148
10150 10149 10151
10152 10150 10151
10153 10154 10155
10153 10156 10154
10157 10156 10153
10156 10157 10158
10159 10158 10157
10158 10159 10160
10159 10161 10160
10161 10159 10162
10162 10163 10161
10163 10162 10164
10164 10165 10163
10165 10164 10166
10166 10167 10165
10167 10166 10168
10168 10169 10167
10169 10168 10170
10170 10171 10169
10171 10170 10172
10172 10173 10171
10173 10172 10174
10175 10173 10174
10176 10177 10178
10179 10178 10177
10178 10179 10180
10181 10180 10179
10180 10181 10182
10183 10182 10181
10182 10183 10184
10185 10184 10183
10184 10185 10186
10187 10186 10185
10186 10187 10188
10189 10188 10187
10188 10189 10190
10191 10190 10189
10190 10191 10192
10193 10192 10191
10192 10193 10194
10195 10194 10193
10194 10195 10196
10197 10196 10195
10176 10178 10198
10176 10198 10199
10176 10199 10200
10199 10201 10200
10176 10200 10202
10202 10203 10176
10203 10202 10204
10204 10205 10203
10205 10204 10206
10206 10207 10205
10207 10206 10208
10208 10209 10207
10209 10208 10210
10210 10211 10209
10211 10210 10212
10212 10213 10211
10213 10212 10214
10214 10215 10213
10215 10214 10216
10216 10217 10215
10217 10216 10218
10219 10217 10218
10220 10221 10222
10221 10220 10223
10223 10224 10221
10221 10224 10225
10220 10079 10223
10079 10220 10077
10226 10077 10220
10220 10222 10226
10077 10226 10227
10228 10226 10222
10229 10226 10228
10226 10229 10230
10227 10226 10230
10083 10227 10230
10231 10230 10229
10232 10229 10228
10232 10231 10229
10233 10230 10231
10230 10233 10234
10083 10230 10234
10234 10088 10083
10088 10234 10235
10235 10089 10088
10089 10235 10236
10236 10093 10089
10093 10236 10237
10237 10096 10093
10096 10237 10238
10239 10096 10238
10096 10239 10105
10240 10105 10239
10105 10240 10101
10241 10101 10240
10101 10241 10201
10242 10201 10241
10238 10243 10239
10243 10238 10244
10238 10245 10244
10245 10238 10237
10237 10246 10245
10246 10237 10236
10235 10246 10236
10246 10235 10247
10234 10247 10235
10247 10234 10233
10239 10243 10248
10243 10249 10248
10248 10249 10250
10249 10251 10250
10250 10251 10252
10251 10253 10252
10254 10252 10253
10252 10254 10255
10256 10255 10254
10255 10256 10257
10256 10258 10257
10258 10256 10259
10259 10260 10258
10260 10259 10261
10261 10262 10260
10262 10261 10263
10264 10262 10263
10262 10264 10265
10266 10265 10264
10265 10266 10267
10267 10266 10268
10269 10270 10271
10271 10272 10269
10273 10269 10272
10269 10273 10274
10275 10274 10273
10274 10275 10276
10277 10276 10275
10276 10277 10278
10279 10278 10277
10278 10279 10280
10279 10281 10280
10281 10279 10282
10282 10283 10281
10283 10282 10284
10284 10285 10283
10285 10284 10286
10287 10285 10286
10288 10289 10290
10289 10288 10291
10290 10292 10288
10292 10290 10293
10293 10294 10292
10294 10293 10295
10295 10296 10294
10296 10295 10297
10298 10296 10297
10296 10298 10299
10300 10299 10298
10299 10300 10301
10302 10301 10300
10301 10302 10303
10304 10303 10302
10303 10304 10305
10306 10305 10304
10289 10291 10200
10289 10200 10242
10289 10242 10307
10289 10307 10308
10289 10308 10309
10310 10289 10309
10309 10311 10310
10311 10309 10312
10312 10313 10311
10313 10312 10314
10314 10315 10313
10315 10314 10316
10316 10317 10315
10317 10316 10318
10318 10319 10317
10319 10318 10320
10320 10321 10319
10321 10320 10322
10322 10323 10321
10323 10322 10324
10324 10325 10323
10325 10324 10326
10326 10327 10325
10327 10326 10328
10327 10328 10329
10330 10331 10332
10333 10332 10331
10332 10333 10334
10335 10334 10333
10334 10335 10336
10337 10336 10335
10336 10337 10338
10339 10338 10337
10338 10339 10340
10341 10340 10339
10340 10341 10342
10343 10342 10341
10342 10343 10344
10345 10344 10343
10344 10345 10346
10347 10346 10345
10348 10131 10349
10129 10131 10348
10350 10351 10352
10353 10351 10350
10350 10352 10100
10100 10352 10098
10353 10354 10351
10353 10355 10354
10355 10353 10356
10356 10357 10355
10357 10356 10358
10359 10357 10358
10357 10359 10360
10359 10361 10360
10361 10359 10362
10363 10361 10362
10361 10363 10364
10365 10364 10363
10366 10367 10368
10369 10366 10368
10367 10370 10368
10371 10370 10367
10370 10371 10372
10371 10373 10372
10373 10371 10374
10374 10375 10373
10375 10374 10376
10376 10377 10375
10377 10376 10378
10378 10379 10377
10379 10378 10380
10380 10381 10379
10382 10383 10384
10383 10382 10385
10386 10384 10383
10384 10386 10387
10388 10387 10386
10387 10388 10389
10390 10389 10388
10389 10390 10391
10392 10391 10390
10391 10392 10393
10394 10393 10392
10385 10382 10395
10396 10397 10398
10396 10399 10397
10399 10396 10400
10401 10399 10400
10399 10401 10402
10403 10402 10401
10402 10403 10404
10405 10404 10403
10404 10405 10406
10407 10406 10405
10406 10407 10408
10409 10408 10407
10408 10409 10410
10411 10410 10409
10410 10411 10412
10413 10412 10411
10412 10413 10414
10415 10414 10413
10414 10415 10416
10415 10417 10416
10418 10419 10420
10421 10419 10418
10419 10421 10422
10421 10423 10422
10423 10421 10424
10424 10425 10423
10425 10424 10426
10427 10425 10426
10425 10427 10428
10429 10428 10427
10428 10429 10430
10429 10431 10430
10431 10429 10432
10432 10433 10431
10433 10432 10434
10434 10435 10433
10435 10434 10436
10436 10437 10435
10437 10436 10438
10438 10439 10437
10437 10439 10440
10439 10441 10440
10441 10442 10440
10442 10441 10443
10443 10250 10442
10250 10444 10442
10442 10444 10445
10444 10446 10445
10447 10445 10446
10447 10446 10448
10448 10449 10447
10449 10448 10450
10450 10451 10449
10451 10450 10452
10452 10453 10451
10453 10452 10454
10454 10455 10453
10455 10454 10456
10456 10457 10455
10457 10456 10458
10457 10458 10459
10460 10461 10462
10460 10463 10461
10463 10460 10464
10464 10465 10463
10465 10464 10466
10466 10467 10465
10467 10466 10468
10468 10469 10467
10469 10468 10470
10470 10471 10469
10471 10470 10472
10473 10471 10472
10471 10473 10474
10475 10474 10473
10474 10475 10476
10477 10476 10475
10476 10477 10478
10479 10478 10477
10478 10479 10480
10480 10479 10481
10482 10483 10484
10485 10483 10482
10483 10485 10486
10487 10486 10485
10486 10487 10488
10489 10488 10487
10488 10489 10490
10491 10490 10489
10490 10491 10492
10491 10493 10492
10493 10491 10494
10493 10494 10495
10482 10484 10496
10484 10497 10496
10484 10498 10497
10499 10500 10501
10502 10500 10499
10500 10502 10503
10504 10503 10502
10503 10504 10505
10506 10505 10504
10505 10506 10507
10508 10507 10506
10507 10508 10509
10510 10509 10508
10509 10510 10511
10512 10511 10510
10513 10250 10443
10513 10248 10250
10239 10248 10513
10514 10515 10516
10515 10514 10517
10518 10516 10515
10519 10517 10514
10517 10519 10520
10521 10520 10519
10520 10521 10522
10523 10522 10521
10522 10523 10524
10523 10525 10524
10516 10518 10526
10527 10526 10518
10526 10527 10528
10529 10528 10527
10528 10529 10530
10531 10530 10529
10530 10531 10532
10533 10532 10531
10534 10535 10536
10535 10534 10537
10538 10535 10537
10539 10538 10537
10539 10540 10538
10540 10539 10541
10541 10542 10540
10542 10541 10543
10544 10542 10543
10542 10544 10545
10546 10545 10544
10545 10546 10547
10539 10537 10548
10549 10548 10537
10548 10549 10550
10551 10550 10549
10550 10551 10552
10553 10552 10551
10552 10553 10554
10555 10554 10553
10554 10555 10556
10556 10555 10557
10558 10547 10546
10547 10558 10559
10560 10559 10558
10251 10560 10558
10249 10560 10251
10560 10249 10561
10561 10562 10560
10560 10562 10559
10562 10563 10559
10564 10559 10563
10559 10564 10565
10562 10561 10566
10567 10566 10561
10566 10567 10568
10561 10243 10567
10243 10561 10249
10244 10567 10243
10567 10244 10569
10565 10564 10570
10570 10564 10571
10570 10571 10572
10245 10569 10244
10569 10245 10573
10246 10573 10245
10573 10246 10574
10574 10575 10573
10247 10574 10246
10574 10247 10576
10576 10577 10574
10574 10577 10575
10577 10576 10578
10579 10578 10576
10578 10579 10580
10581 10580 10579
10580 10581 10582
10583 10582 10581
10232 10583 10581
10233 10581 10579
10576 10233 10579
10233 10576 10247
10581 10233 10231
10232 10581 10231
10583 10584 10582
10585 10584 10583
10586 10585 10583
10586 10583 10232
10586 10232 10228
10586 10587 10585
10585 10587 10584
10586 10228 10588
10586 10588 10587
10588 10228 10589
10589 10228 10590
10228 10222 10590
10590 10591 10589
10592 10589 10591
10588 10589 10592
10591 10593 10592
10593 10591 10594
10595 10594 10591
10596 10594 10595
10595 10597 10596
10598 10596 10597
10597 10599 10598
10599 10597 10600
10596 10598 10601
10602 10598 10599
10598 10602 10603
10603 10601 10598
10601 10603 10604
10605 10604 10603
10606 10605 10603
10606 10603 10602
10604 10605 10607
10608 10607 10605
10609 10608 10605
10609 10605 10606
10610 10608 10609
10608 10610 10611
10612 10611 10610
10611 10613 10608
10614 10613 10611
10612 10614 10611
10615 10614 10612
10614 10615 10616
10607 10608 10617
10608 10613 10617
10618 10616 10615
10616 10618 10619
10620 10619 10618
10619 10620 10621
10622 10621 10620
10621 10622 10623
10624 10623 10622
10623 10624 10625
10626 10625 10624
10625 10626 10627
10628 10627 10626
10627 10628 10629
10630 10629 10628
10629 10630 10631
10632 10631 10630
10631 10632 10633
10632 10634 10633
10634 10632 10635
10635 10636 10634
10636 10635 10637
10637 10638 10636
10638 10637 10639
10640 10638 10639
10641 10642 10643
10642 10641 10644
10645 10644 10641
10644 10645 10646
10647 10646 10645
10646 10647 10648
10649 10648 10647
10648 10649 10650
10649 10651 10650
10652 10643 10642
10653 10652 10642
10654 10652 10653
10655 10654 10653
10656 10654 10655
10572 10656 10655
10571 10656 10572
10657 10658 10659
10658 10657 10660
10659 10661 10657
10661 10659 10662
10662 10663 10661
10663 10662 10664
10664 10665 10663
10665 10664 10666
10666 10667 10665
10668 10658 10660
10669 10668 10660
10670 10668 10669
10668 10670 10671
10672 10671 10670
10672 10673 10671
10674 10673 10672
10673 10674 10675
10675 10674 10676
10676 10677 10675
10676 10678 10677
10676 10679 10678
10680 10681 10682
10683 10681 10680
10681 10683 10684
10685 10684 10683
10684 10685 10686
10687 10686 10685
10686 10687 10688
10689 10688 10687
10688 10689 10690
10691 10690 10689
10691 10692 10690
10693 10692 10691
10692 10693 10694
10693 10695 10694
10693 10696 10695
10696 10697 10695
10697 10696 10698
10699 10697 10698
10698 10700 10699
10700 10701 10699
10701 10702 10699
10703 10704 10705
10703 10706 10704
10706 10703 10707
10707 10708 10706
10708 10707 10709
10709 10710 10708
10710 10709 10711
10711 10712 10710
10712 10711 10713
10713 10714 10712
10714 10713 10715
10715 10716 10714
10716 10715 10717
10717 10718 10716
10718 10717 10719
10719 10720 10718
10720 10719 10721
10722 10720 10721
10722 10723 10720
10724 10723 10722
10723 10724 10558
10251 10558 10724
10725 10726 10727
10725 10728 10726
10728 10725 10729
10729 10730 10728
10730 10729 10731
10731 10732 10730
10732 10731 10733
10734 10732 10733
10732 10734 10735
10736 10735 10734
10736 10734 10737
10737 10738 10736
10738 10737 10739
10739 10740 10738
10740 10739 10741
10741 10742 10740
10742 10741 10743
10743 10744 10742
10569 10745 10746
10569 10573 10745
10573 10575 10745
10567 10569 10746
10568 10567 10746
10747 10748 10749
10748 10747 10750
10534 10750 10747
10750 10534 10536
10751 10749 10748
10749 10751 10752
10751 10753 10752
10754 10755 10270
10755 10756 10270
10756 10757 10270
10270 10757 10758
10270 10758 10271
10759 10155 10154
10154 10760 10759
10102 10101 10201
10199 10102 10201
10242 10200 10201
10307 10242 10241
10080 10077 10227
10080 10227 10083
10761 10762 10763
10762 10761 10764
10765 10763 10762
10763 10765 10766
10600 10766 10765
10766 10600 10597
10597 10595 10766
10766 10595 10763
10595 10767 10763
10763 10767 10761
10761 10767 10590
10768 10764 10761
10590 10768 10761
10764 10768 10769
10767 10591 10590
10595 10591 10767
10770 10769 10768
10768 10222 10770
10768 10590 10222
10769 10770 10771
10770 10772 10771
10773 10774 10775
10775 10776 10773
10776 10775 10777
10777 10778 10776
10778 10777 10779
10779 10780 10778
10780 10779 10781
10782 10780 10781
10780 10782 10783
10782 10784 10783
10784 10782 10785
10785 10786 10784
10786 10785 10787
10787 10788 10786
10788 10787 10789
10790 10788 10789
10788 10790 10791
10792 10791 10790
10791 10792 10793
10794 10793 10792
10793 10794 10795
10796 10795 10794
10797 10798 10799
10797 10799 10800
10800 10801 10797
10801 10800 10802
10802 10803 10801
10803 10802 10804
10805 10803 10804
10803 10805 10806
10807 10806 10805
10806 10807 10808
10809 10808 10807
10808 10809 10810
10811 10810 10809
10810 10811 10812
10813 10812 10811
10812 10813 10814
10815 10814 10813
10814 10815 10816
10817 10816 10815
10816 10817 10818
10819 10818 10817
10820 10821 10822
10821 10823 10822
10823 10821 10824
10824 10825 10823
10825 10824 10826
10826 10827 10825
10827 10826 10828
10828 10829 10827
10829 10828 10830
10830 10831 10829
10831 10830 10832
10832 10833 10831
10833 10832 10834
10834 10835 10833
10835 10834 10836
10836 10837 10835
10837 10836 10838
10838 10839 10837
10839 10838 10840
10841 10839 10840
10820 10842 10821
10820 10843 10842
10820 10844 10843
10843 10844 10845
10845 10844 10846
10847 10846 10844
10847 10844 10848
10849 10847 10848
10847 10849 10850
10851 10850 10849
10850 10851 10852
10853 10852 10851
10852 10853 10854
10855 10854 10853
10854 10855 10856
10855 10857 10856
10857 10855 10858
10858 10859 10857
10859 10858 10860
10860 10861 10859
10861 10860 10862
10862 10863 10861
10863 10862 10864
10865 10863 10864
10866 10867 10868
10867 10866 10869
10866 10870 10869
10870 10866 10871
10871 10872 10870
10872 10871 10873
10873 10874 10872
10874 10873 10875
10875 10876 10874
10876 10875 10877
10878 10876 10877
10876 10878 10879
10880 10879 10878
10879 10880 10881
10882 10881 10880
10881 10882 10883
10884 10883 10882
10885 10886 10820
10886 10885 10887
10888 10887 10885
10887 10888 10889
10890 10889 10888
10889 10890 10891
10892 10891 10890
10891 10892 10893
10894 10893 10892
10893 10894 10895
10896 10895 10894
10895 10896 10897
10898 10897 10896
10897 10898 10899
10900 10899 10898
10899 10900 10901
10902 10901 10900
10903 10904 10905
10904 10906 10905
10906 10904 10907
10907 10908 10906
10908 10907 10909
10909 10910 10908
10910 10909 10911
10911 10912 10910
10912 10911 10913
10913 10914 10912
10914 10913 10915
10915 10916 10914
10916 10915 10917
10917 10918 10916
10918 10917 10919
10920 10918 10919
10921 10922 10774
10773 10921 10774
10923 10924 10925
10923 10612 10924
10612 10610 10924
10926 10923 10925
10926 10925 10927
10928 10926 10927
10926 10928 10929
10930 10929 10928
10929 10930 10931
10930 10932 10931
10932 10930 10933
10934 10932 10933
10932 10934 10935
10934 10936 10935
10936 10934 10937
10938 10936 10937
10939 10940 10941
10940 10942 10941
10942 10940 10943
10944 10942 10943
10942 10944 10945
10946 10945 10944
10945 10946 10947
10948 10947 10946
10947 10948 10949
10950 10949 10948
10949 10950 10951
10951 10950 10952
10953 10939 10941
10954 10939 10953
10955 10956 10957
10956 10955 10958
10958 10959 10956
10959 10958 10960
10960 10961 10959
10961 10960 10962
10962 10963 10961
10963 10962 10964
10964 10965 10963
10965 10964 10966
10967 10965 10966
10957 10968 10955
10969 10970 10971
10972 10969 10971
10969 10972 10973
10972 10974 10973
10974 10972 10975
10975 10976 10974
10976 10975 10977
10977 10978 10976
10978 10977 10979
10979 10980 10978
10980 10979 10981
10981 10982 10980
10982 10981 10983
10983 10984 10982
10984 10983 10985
10985 10986 10984
10986 10985 10987
10987 10988 10986
10988 10987 10989
10988 10989 10990
10991 10992 10993
10994 10991 10993
10991 10994 10995
10996 10995 10994
10995 10996 10997
10998 10997 10996
10997 10998 10999
11000 10999 10998
10999 11000 11001
11002 11001 11000
11001 11002 11003
11004 11003 11002
11003 11004 11005
11006 11005 11004
11005 11006 11007
11008 11007 11006
11007 11008 11009
11010 11009 11008
11009 11010 11011
11011 11010 10847
10847 11010 11012
10847 11012 11013
10847 11013 10846
11013 11014 10846
11014 10845 10846
11014 10613 10845
10613 11014 11015
11015 10617 10613
10617 11015 11016
11016 10607 10617
10607 11016 11017
11018 10607 11017
10607 11018 10604
11019 10604 11018
10604 11019 10601
11020 10601 11019
10601 11020 10596
10594 10596 11020
11021 11017 11016
11017 11021 11022
11023 11017 11022
11017 11023 11018
11024 11018 11023
11018 11024 11019
11024 11020 11019
11020 11024 11025
11025 10594 11020
10594 11025 10593
11016 11026 11021
11021 11026 11027
11026 11028 11027
11027 11028 11029
11028 11030 11029
11029 11030 11031
11030 11032 11031
11032 11030 11033
11033 11034 11032
11034 11033 11035
11036 11034 11035
11034 11036 11037
11038 11037 11036
11037 11038 11039
11040 11039 11038
11039 11040 11041
11040 11042 11041
11042 11040 11043
11043 11044 11042
11044 11043 11045
11045 11046 11044
11047 11048 11049
11049 11050 11047
11050 11049 11051
11052 11050 11051
11050 11052 11053
11054 11053 11052
11053 11054 11055
11054 11056 11055
11056 11054 11057
11057 11058 11056
11058 11057 11059
11060 11058 11059
11058 11060 11061
11062 11061 11060
11061 11062 11063
11064 11063 11062
11063 11064 11065
11066 11065 11064
11065 11066 11067
11067 11066 11068
11066 11069 11068
11068 11069 11070
11070 11069 11071
11071 11072 11070
11072 11071 11028
11028 11071 11073
11071 11074 11073
11073 11074 11075
11076 11075 11074
11076 11077 11075
11078 11077 11076
11077 11078 11079
11080 11079 11078
11079 11080 11081
11082 11081 11080
11081 11082 11083
11084 11083 11082
11083 11084 11085
11086 11085 11084
11085 11086 11087
11086 11088 11087
11089 11090 11091
11092 11089 11091
11089 11092 11093
11094 11093 11092
11093 11094 11095
11096 11095 11094
11095 11096 11097
11098 11097 11096
11097 11098 11099
11100 11099 11098
11099 11100 11101
11100 11102 11101
11102 11100 11103
11103 11104 11102
11104 11103 11105
11105 11106 11104
11106 11105 11107
11107 11108 11106
11108 11107 11109
11109 11110 11108
11111 11112 11113
11113 11114 11111
11114 11113 11115
11115 11116 11114
11116 11115 11117
11117 11118 11116
11118 11117 11119
11119 11120 11118
11120 11119 11121
11122 11120 11121
11120 11122 11123
11122 11124 11123
11111 11125 11112
11112 11125 11126
11112 11126 11127
11128 11129 11130
11130 11131 11128
11131 11130 11132
11132 11133 11131
11133 11132 11134
11134 11135 11133
11135 11134 11136
11136 11137 11135
11137 11136 11138
11138 11139 11137
11139 11138 11140
11141 11139 11140
11142 11072 11028
11142 11028 11026
11016 11142 11026
11143 11144 11145
11144 11143 11146
11147 11144 11146
11145 11148 11143
11148 11145 11149
11149 11150 11148
11150 11149 11151
11151 11152 11150
11152 11151 11153
11152 11153 11154
11146 11155 11147
11155 11156 11147
11156 11155 11157
11157 11158 11156
11158 11157 11159
11159 11160 11158
11160 11159 11161
11162 11160 11161
11163 11164 11165
11164 11163 11166
11167 11166 11163
11168 11166 11167
11169 11168 11167
11168 11169 11170
11171 11170 11169
11170 11171 11172
11171 11173 11172
11173 11171 11174
11174 11175 11173
11175 11174 11176
11168 11177 11166
11177 11178 11166
11178 11177 11179
11179 11180 11178
11180 11179 11181
11181 11182 11180
11182 11181 11183
11183 11184 11182
11184 11183 11185
11185 11186 11184
11176 11187 11175
11187 11176 11188
11189 11187 11188
11029 11187 11189
11189 11027 11029
11027 11189 11190
11191 11190 11189
11189 11188 11191
11191 11188 11192
11188 11193 11192
11193 11188 11194
11190 11191 11195
11195 11196 11190
11196 11195 11197
11190 11021 11027
11021 11190 11196
11196 11022 11021
11022 11196 11198
11198 11196 11199
11196 11197 11199
11194 11200 11193
11200 11201 11193
11198 11023 11022
11023 11198 11202
11202 11024 11023
11024 11202 11203
11203 11025 11024
11025 11203 11204
11205 11204 11203
11204 11205 11206
11206 11207 11204
11207 11206 11208
11208 11209 11207
11209 11208 11210
10587 11209 11210
10588 11209 10587
11209 10593 11207
11204 10593 11025
10593 11204 11207
10593 11209 10592
10588 10592 11209
10587 11210 10584
11203 11211 11205
11203 11202 11211
11202 11212 11211
11202 11198 11212
11198 11199 11212
11213 11214 11215
11214 11213 11216
11214 11216 11217
11215 11218 11213
11218 11215 11219
11219 11220 11218
11220 11219 11221
11221 11222 11220
11222 11221 11223
11222 11223 11224
11225 11214 11217
11225 11217 11226
11227 11225 11226
11227 11226 11228
11229 11227 11228
11229 11228 11201
11200 11229 11201
11230 11231 11232
11231 11230 11233
11234 11232 11231
11232 11234 11235
11236 11235 11234
11235 11236 11237
11238 11237 11236
11237 11238 11239
11239 11238 11240
11241 11233 11230
11242 11233 11241
11241 11243 11242
11243 11241 11244
11245 11243 11244
11245 11244 11246
11246 11247 11245
11247 11246 11248
11248 11249 11247
11249 11248 11250
11249 11250 11251
11251 11252 11249
11253 11254 11255
11255 11256 11253
11256 11255 11257
11257 11258 11256
11258 11257 11259
11259 11260 11258
11260 11259 11261
11261 11262 11260
11262 11261 11263
11264 11262 11263
11264 11263 11265
11265 11266 11264
11266 11265 11267
11266 11267 11268
11266 11268 11269
11270 11269 11268
11269 11270 11271
11272 11271 11270
11271 11272 11273
11273 11272 11274
11274 11272 11275
11276 11277 11278
11279 11276 11278
11276 11279 11280
11281 11280 11279
11280 11281 11282
11283 11282 11281
11282 11283 11284
11285 11284 11283
11284 11285 11286
11287 11286 11285
11286 11287 11288
11289 11288 11287
11288 11289 11290
11291 11290 11289
11290 11291 11292
11293 11292 11291
11292 11293 11294
11295 11294 11293
11295 11293 11296
11296 11297 11295
11297 11296 11187
11029 11297 11187
11298 11299 11300
11301 11298 11300
11298 11301 11302
11303 11302 11301
11302 11303 11304
11305 11304 11303
11304 11305 11306
11305 11307 11306
11307 11305 11308
11309 11307 11308
11309 11310 11307
11311 11310 11309
11310 11311 11312
11313 11312 11311
11312 11313 11314
11315 11314 11313
11314 11315 11316
11316 11315 11317
11318 11319 11320
11319 11318 11321
11320 11164 11318
11164 11320 11165
11321 11322 11319
11322 11321 11323
11322 11323 11324
10820 10886 10844
11325 10868 11326
11326 10868 11327
11327 10868 11328
10868 11329 11328
10868 10867 11329
11330 11331 10799
10799 10798 11330
10614 10845 10613
10843 10845 10614
11332 11333 11334
11335 11333 11332
11336 11332 11334
11334 11337 11336
11337 11334 11338
11339 11337 11338
11338 11340 11339
11341 11340 11338
11338 11342 11341
11342 11338 11343
11343 11338 11334
11344 11341 11342
11345 11342 11343
11346 11342 11345
11344 11342 11346
11346 11345 11347
11346 11347 11348
11347 11349 11348
11347 11350 11349
11347 11345 11350
11340 11351 11339
11350 11352 11349
11353 11346 11348
11353 11344 11346
11353 11354 11344
11355 11339 11351
11351 11356 11355
11357 11355 11356
11354 11358 11344
11359 11358 11354
11360 11358 11359
11361 11360 11359
11360 11361 11362
11361 11363 11362
11363 11361 11364
11365 11363 11364
11366 11367 11355
11367 11368 11369
11368 11370 11369
11371 11369 11370
11371 11370 11372
11372 11373 11371
11373 11374 11371
11374 11373 11375
11374 11376 11371
11377 11375 11373
11375 11377 11378
11378 11377 11379
11379 11380 11378
11380 11379 11381
11382 11380 11381
11383 11373 11372
11384 11373 11383
11385 11384 11383
11384 11385 11386
11387 11388 11389
11388 11387 11390
11391 11390 11387
11390 11391 11392
11388 11393 11389
11389 11393 11394
11395 11394 11393
11394 11395 11396
11397 11396 11395
11396 11397 11398
11397 11399 11398
11390 11400 11388
11392 11391 11401
11392 11401 11402
11401 11403 11402
11401 11404 11403
11405 11403 11404
11404 11406 11405
11404 11407 11406
11408 11406 11407
11409 11408 11407
11410 11408 11409
11411 11412 11410
11412 11411 11413
11414 11413 11411
11410 11412 11415
11416 11417 11418
11416 11419 11417
11417 11420 11418
11420 11421 11418
11418 11421 11422
11422 11423 11418
11423 11416 11418
11423 11424 11416
11422 11421 11425
11422 11425 11426
11427 11426 11425
11428 11427 11425
11428 11425 11421
11426 11429 11422
11429 11426 11430
11428 11421 11431
11431 11421 11420
11426 11427 11432
11432 11433 11426
11426 11433 11434
11435 11423 11422
11422 11436 11435
11437 11435 11436
11435 11437 11438
11439 11424 11423
11435 11439 11423
11434 11433 11440
11441 11429 11430
11441 11442 11429
11441 11443 11442
11444 11443 11441
11445 11443 11444
11446 11438 11437
11438 11446 11447
11447 11446 11448
11435 11449 11439
11449 11435 11450
11451 11449 11450
11449 11451 11452
11453 11452 11451
11452 11453 11454
11455 11454 11453
11454 11455 11456
11457 11456 11455
11458 11459 11460
11459 11461 11460
11461 11459 11462
11462 11463 11461
11463 11462 11464
11465 11463 11464
11463 11465 11466
11467 11466 11465
11466 11467 11439
11424 11439 11467
11424 11467 11468
11468 11469 11424
11469 11416 11424
11470 11469 11468
11470 11471 11469
11471 11419 11469
11469 11419 11416
11419 11471 11472
11473 11419 11472
11471 11474 11472
11471 11475 11474
11476 11474 11475
11477 11474 11476
11477 11472 11474
11478 11475 11471
11475 11478 11479
11477 11480 11472
11480 11473 11472
11475 11481 11476
11481 11475 11482
11475 11483 11482
11471 11470 11484
11470 11485 11484
11486 11479 11478
11486 11478 11487
11486 11487 11488
11489 11486 11488
11490 11489 11488
11477 11476 11491
11477 11491 11492
11483 11493 11482
11493 11494 11482
11493 11495 11494
11485 11470 11496
11496 11497 11485
11497 11496 11498
11498 11499 11497
11500 11470 11468
11470 11500 11501
11500 11502 11501
11502 11500 11503
11503 11504 11502
11504 11503 11505
11505 11506 11504
11506 11505 11507
11508 11506 11507
11467 11509 11468
11509 11467 11465
11465 11510 11509
11510 11465 11511
11512 11510 11511
11510 11512 11513
11514 11513 11512
11513 11514 11515
11516 11515 11514
11517 11518 11519
11518 11517 11520
11519 11521 11517
11522 11521 11519
11521 11522 11523
11524 11518 11520
11523 11522 11525
11526 11523 11525
11524 11527 11518
11528 11527 11524
11526 11529 11530
11531 11526 11530
11530 11532 11531
11533 11531 11532
11534 11531 11533
11534 11533 11535
11440 11536 11537
11433 11536 11440
11428 11538 11427
11428 11539 11538
11540 11541 11542
11543 11541 11540
11541 11543 11544
11544 11543 11545
11545 11546 11544
11544 11546 11547
11547 11548 11544
11548 11549 11544
11549 11541 11544
11550 11548 11547
11551 11549 11548
11552 11551 11548
11550 11552 11548
11552 11553 11551
11550 11554 11552
11554 11555 11552
11555 11553 11552
11553 11555 11556
11553 11557 11551
11553 11556 11557
11556 11558 11557
11546 11545 11559
11559 11545 11560
11560 11561 11559
11562 11561 11560
11550 11563 11554
11550 11564 11563
11565 11563 11564
11566 11565 11564
11566 11567 11565
11567 11566 11568
11569 11567 11568
11567 11569 11570
11571 11570 11569
11560 11572 11573
11572 11574 11575
11575 11574 11576
11577 11576 11574
11577 11578 11576
11578 11577 11579
11579 11577 11580
11580 11581 11579
11580 11577 11582
11583 11579 11581
11581 11584 11583
11584 11585 11583
11585 11584 11586
11586 11587 11585
11588 11587 11586
11589 11578 11579
11590 11589 11579
11591 11589 11590
11590 11592 11591
11593 11542 11594
11541 11594 11542
11595 11596 11597
11598 11595 11597
11599 11595 11598
11598 11600 11599
11597 11596 11601
11596 11602 11601
11602 11603 11601
11603 11602 11604
11604 11605 11603
11605 11604 11606
11605 11606 11607
11597 11608 11598
11600 11609 11599
11600 11610 11609
11610 11611 11609
11609 11611 11612
11613 11612 11611
11613 11614 11612
11614 11615 11612
11615 11614 11616
11617 11615 11616
11617 11616 11618
11619 11620 11618
11620 11619 11621
11622 11620 11621
11618 11623 11619
11624 11625 11626
11626 11627 11624
11625 11624 11628
11629 11625 11628
11628 11630 11629
11629 11630 11631
11630 11632 11631
11633 11627 11626
11633 11626 11634
11635 11633 11634
11636 11637 11632
11632 11638 11636
11636 11638 11639
11640 11639 11638
11641 11640 11638
11641 11642 11640
11419 11473 11417
11643 11644 11645
11645 11646 11643
11646 11645 11647
11648 11643 11646
11643 11648 11649
11650 11645 11644
11645 11650 11651
11652 11651 11650
11651 11652 11653
11653 11654 11651
11654 11653 11655
11650 11656 11652
11656 11650 11657
11644 11657 11650
11657 11658 11656
11658 11657 11659
11659 11660 11658
11660 11659 11661
11661 11662 11660
11662 11661 11663
11664 11660 11662
11660 11664 11665
11666 11660 11665
11666 11656 11658
11660 11666 11658
11666 11665 11667
11667 11668 11666
11656 11666 11668
11668 11667 11669
11669 11670 11668
11670 11669 11671
11671 11672 11670
11672 11671 11673
11674 11672 11673
11675 11669 11667
11669 11675 11676
11677 11676 11675
11675 11678 11677
11678 11675 11679
11667 11679 11675
11679 11667 11665
11679 11680 11678
11680 11679 11681
11676 11677 11682
11680 11683 11678
11683 11677 11678
11683 11680 11684
11677 11683 11685
11685 11682 11677
11682 11685 11686
11665 11681 11679
11681 11665 11664
11676 11682 11687
11687 11682 11688
11688 11682 11689
11689 11682 11686
11684 11690 11683
11690 11685 11683
11690 11684 11691
11692 11690 11691
11693 11690 11692
11694 11690 11693
11694 11695 11690
11685 11690 11695
11695 11686 11685
11695 11694 11696
11686 11695 11696
11697 11686 11696
11696 11698 11697
11696 11699 11698
11694 11699 11696
11698 11700 11697
11697 11700 11701
11701 11700 11702
11701 11702 11703
11700 11704 11702
11702 11704 11705
11705 11706 11702
11706 11703 11702
11703 11706 11707
11707 11706 11708
11708 11706 11709
11709 11706 11705
11700 11710 11704
11700 11711 11710
11698 11711 11700
11699 11712 11698
11698 11712 11711
11699 11713 11712
11713 11714 11712
11714 11713 11715
11715 11716 11714
11716 11717 11714
11718 11714 11717
11718 11712 11714
11717 11719 11718
11719 11717 11720
11721 11720 11717
11719 11720 11722
11722 11720 11723
11722 11723 11724
11724 11723 11725
11723 11726 11725
11723 11720 11726
11726 11720 11727
11721 11727 11720
11728 11721 11717
11717 11716 11728
11713 11729 11715
11713 11730 11729
11731 11730 11713
11730 11732 11729
11732 11730 11733
11733 11730 11734
11731 11734 11730
11735 11734 11731
11735 11731 11694
11736 11734 11735
11737 11736 11735
11735 11693 11737
11735 11694 11693
11738 11734 11736
11733 11734 11738
11738 11736 11739
11740 11738 11739
11741 11738 11740
11741 11733 11738
11741 11742 11733
11733 11742 11732
11743 11741 11740
11744 11743 11740
11740 11739 11744
11744 11739 11745
11745 11739 11746
11736 11746 11739
11745 11746 11747
11747 11746 11748
11747 11749 11745
11749 11747 11750
11748 11750 11747
11743 11744 11751
11751 11745 11749
11745 11751 11744
11750 11748 11752
11753 11752 11748
11748 11754 11753
11748 11755 11754
11748 11746 11755
11752 11753 11756
11741 11743 11757
11757 11742 11741
11755 11758 11754
11758 11755 11759
11759 11755 11746
11737 11758 11759
11736 11759 11746
11737 11759 11736
11760 11758 11737
11737 11761 11760
11693 11761 11737
11692 11761 11693
11742 11757 11762
11763 11764 11765
11764 11763 11766
11764 11767 11765
11767 11764 11768
11766 11769 11764
11769 11768 11764
11769 11766 11770
11770 11771 11769
11771 11772 11769
11768 11769 11772
11772 11771 11773
11771 11770 11774
11767 11775 11765
11775 11767 11776
11776 11646 11775
11647 11775 11646
11775 11647 11777
11777 11765 11775
11646 11776 11648
11765 11777 11763
11778 11771 11774
11771 11778 11779
11779 11773 11771
11779 11778 11780
11779 11780 11781
11781 11780 11782
11783 11781 11782
11784 11779 11781
11784 11781 11783
11779 11784 11785
11773 11779 11785
11786 11787 11788
11788 11789 11786
11788 11790 11789
11790 11788 11791
11791 11792 11790
11793 11791 11788
11793 11788 11794
11794 11788 11787
11795 11794 11787
11794 11795 11796
11796 11795 11797
11797 11795 11798
11787 11799 11795
11799 11787 11786
11795 11799 11798
11792 11791 11800
11800 11655 11792
11801 11800 11791
11793 11801 11791
11800 11801 11802
11802 11654 11800
11655 11800 11654
11654 11802 11803
11803 11651 11654
11651 11803 11645
11804 11805 11806
11807 11805 11804
11805 11807 11808
11808 11807 11809
11808 11810 11805
11805 11810 11811
11806 11805 11811
11808 11812 11810
11813 11812 11808
11813 11808 11809
11813 11814 11812
11813 11809 11815
11815 11816 11813
11813 11816 11814
11816 11674 11814
11816 11815 11817
11817 11672 11816
11816 11672 11674
11672 11817 11653
11653 11670 11672
11670 11653 11652
11652 11668 11670
11668 11652 11656
11818 11819 11820
11821 11819 11818
11822 11819 11821
11819 11822 11823
11823 11822 11824
11825 11823 11824
11825 11824 11826
11820 11819 11827
11819 11828 11827
11828 11819 11823
11825 11828 11823
11824 11822 11829
11824 11829 11671
11830 11824 11671
11830 11826 11824
11830 11831 11826
11830 11676 11831
11669 11676 11830
11669 11830 11671
11832 11833 11834
11834 11833 11835
11834 11835 11836
11832 11837 11833
11837 11832 11687
11836 11835 11838
11838 11835 11839
11835 11840 11839
11835 11833 11840
11840 11833 11841
11833 11837 11841
11841 11837 11842
11688 11842 11837
11837 11687 11688
11688 11689 11842
11843 11844 11845
11659 11843 11845
11843 11659 11657
11845 11661 11659
11661 11845 11846
11845 11847 11846
11845 11844 11847
11846 11663 11661
11847 11848 11846
11847 11849 11848
11849 11847 11850
11847 11844 11850
11850 11844 11851
11852 11851 11844
11852 11844 11843
11852 11843 11644
11843 11657 11644
11643 11852 11644
11643 11853 11852
11852 11853 11851
11643 11649 11853
11846 11848 11854
11846 11854 11855
11663 11846 11855
11856 11857 11858
11858 11857 11859
11857 11860 11859
11861 11860 11857
11861 11862 11860
11862 11861 11863
11863 11864 11862
11864 11863 11865
11865 11866 11864
11866 11865 11867
11868 11866 11867
11866 11868 11869
11870 11869 11868
11869 11870 11871
11871 11870 11872
11872 11873 11871
11872 11874 11873
11873 11874 11875
11876 11877 11878
11876 11879 11877
11879 11876 11880
11880 11881 11879
11881 11880 11882
11883 11881 11882
11878 11877 11884
11878 11884 11885
11885 11884 11886
11887 11885 11886
11883 11888 11881
11889 11888 11883
11890 11888 11889
11891 11890 11889
11890 11891 11892
11893 11892 11891
11892 11893 11894
11895 11894 11893
11895 11896 11894
11897 11898 11899
11897 11899 11900
11899 11901 11900
11900 11901 11902
11901 11903 11902
11903 11901 11904
11905 11898 11897
11898 11905 11906
11907 11906 11905
11908 11903 11904
11908 11904 11909
11908 11910 11903
11908 11909 11911
11908 11911 11912
11911 11913 11912
11913 11914 11912
11914 11913 11915
11916 11917 11918
11916 11919 11917
11916 11920 11919
11921 11918 11917
11921 11922 11918
11923 11922 11921
11920 11916 11924
11924 11925 11920
11920 11925 11926
11926 11925 11927
11926 11927 11928
11928 11927 11929
11930 11931 11932
11932 11933 11930
11933 11934 11930
11933 11935 11934
11936 11935 11933
11937 11935 11936
11938 11937 11936
11937 11938 11939
11938 11940 11939
11940 11938 11941
11942 11940 11941
11942 11943 11940
11944 11943 11942
11944 11945 11943
11946 11945 11944
11947 11945 11946
11948 11949 11950
11949 11951 11950
11949 11952 11951
11949 11953 11952
11953 11954 11952
11954 11953 11955
11955 11956 11954
11957 11956 11955
11956 11957 11958
11958 11957 11959
11960 11948 11950
11960 11961 11948
11961 11960 11962
11962 11963 11961
11964 11965 11966
11966 11967 11964
11964 11967 11968
11967 11966 11969
11969 11970 11967
11967 11970 11971
11971 11970 11972
11971 11972 11973
11973 11972 11974
11974 11975 11973
11974 11976 11975
11976 11977 11975
11978 11979 11980
11980 11979 11981
11981 11982 11980
11982 11981 11983
11983 11984 11982
11978 11985 11979
11985 11978 11986
11987 11988 11989
11988 11990 11989
11990 11988 11991
11991 11992 11990
11991 11993 11992
11994 11993 11991
11995 11993 11994
11995 11994 11996
11997 11995 11996
11998 11999 12000
11999 11998 12001
11999 12001 12002
11999 12002 12003
12003 12002 12004
12000 12005 11998
12000 12006 12005
12005 12006 12007
12005 12007 12008
12008 12007 12009
12008 12009 12010
12011 12010 12009
12012 12013 12014
12013 12015 12014
12015 12013 12016
12015 12016 12017
12017 12018 12015
12017 12019 12018
12019 12020 12018
12019 12021 12020
12020 12021 12022
12023 12013 12012
12024 12013 12023
12025 12024 12023
12026 12027 12028
12028 12029 12026
12030 12029 12028
12030 12031 12029
12032 12031 12030
12031 12032 12033
12034 12027 12026
12027 12034 12035
12036 12035 12034
12035 12036 12037
12038 12037 12036
12037 12038 12039
12039 12038 12040
12041 12039 12040
12040 12042 12041
12043 12044 12045
12046 12043 12045
12043 12047 12044
12047 12043 12048
12047 12048 12049
12048 12050 12049
12050 12051 12049
12050 12052 12051
12053 12051 12052
12051 12053 12054
12055 12054 12053
12056 12054 12055
12057 12058 12059
12060 12058 12057
12057 12061 12060
12060 12061 12062
12062 12061 12063
12064 12059 12058
12065 12059 12064
12066 12065 12064
12067 12068 12069
12070 12068 12067
12071 12069 12068
12071 12072 12069
12070 12073 12068
12070 12074 12073
12075 12074 12070
12074 12075 12076
12077 12078 12079
12078 12077 12080
12077 12079 12081
12077 12081 12082
12077 12082 12083
12080 12084 12078
12084 12080 12085
12086 12084 12085
12086 12087 12084
12088 12087 12086
12087 12088 12089
12090 12091 12092
12091 12090 12093
12094 12092 12091
12092 12094 12095
12094 12096 12095
12095 12096 12097
12098 12093 12090
12093 12098 12099
12100 12099 12098
12099 12100 12101
12102 12101 12100
12101 12102 12103
12102 12104 12103
12104 12102 12105
12106 12104 12105
12107 12108 12109
12110 12108 12107
12108 12110 12111
12107 12112 12110
12112 12107 12113
12111 12114 12108
12114 12111 12115
12115 12116 12114
12117 12114 12116
12114 12117 12118
12118 12108 12114
12108 12118 12109
12116 12115 12119
12119 12115 12120
12121 12118 12117
12118 12121 12122
12109 12118 12122
12123 12122 12121
12122 12123 12124
12121 12125 12123
12125 12121 12126
12126 12127 12125
12127 12126 12128
12125 12127 12129
12125 12129 12130
12130 12123 12125
12130 12124 12123
12130 12131 12124
12132 12131 12130
12131 12132 12133
12134 12130 12129
12130 12134 12132
12135 12128 12126
12128 12135 12136
12137 12136 12135
12136 12137 12138
12139 12138 12137
12128 12140 12127
12140 12128 12141
12141 12142 12140
12143 12140 12142
12140 12143 12144
12145 12144 12143
12144 12145 12146
12142 12141 12147
12143 12148 12145
12148 12143 12149
12142 12149 12143
12149 12142 12150
12147 12150 12142
12150 12147 12151
12144 12127 12140
12127 12144 12129
12146 12129 12144
12129 12146 12134
12141 12152 12147
12152 12153 12147
12154 12153 12152
12153 12155 12147
12155 12151 12147
12156 12155 12153
12156 12153 12154
12157 12156 12154
12158 12157 12154
12159 12158 12154
12154 12152 12159
12159 12160 12158
12160 12161 12158
12160 12162 12161
12163 12157 12158
12161 12163 12158
12161 12164 12163
12165 12164 12161
12162 12165 12161
12166 12167 12168
12167 12166 12169
12168 12170 12166
12170 12168 12171
12172 12166 12170
12166 12172 12173
12173 12169 12166
12174 12173 12172
12173 12174 12175
12176 12173 12175
12173 12176 12177
12169 12173 12177
12178 12175 12174
12175 12178 12179
12180 12179 12178
12179 12180 12181
12182 12181 12180
12181 12183 12179
12179 12183 12184
12175 12184 12176
12184 12175 12179
12185 12183 12181
12182 12185 12181
12186 12171 12168
12168 12187 12186
12111 12186 12187
12187 12115 12111
12115 12187 12188
12186 12111 12110
12110 12189 12186
12189 12110 12112
12187 12190 12188
12187 12191 12190
12192 12190 12191
12190 12192 12193
12194 12193 12192
12193 12194 12195
12196 12193 12195
12193 12196 12197
12193 12197 12190
12190 12198 12188
12197 12198 12190
12198 12120 12188
12115 12188 12120
12199 12195 12194
12195 12199 12200
12199 12201 12200
12201 12202 12200
12202 12203 12200
12196 12195 12203
12203 12195 12200
12204 12205 12206
12207 12204 12206
12207 12208 12204
12207 12209 12208
12208 12209 12210
12210 12209 12211
12212 12208 12210
12210 12211 12213
12213 12211 12139
12210 12213 12214
12214 12215 12210
12212 12210 12215
12137 12214 12213
12213 12139 12137
12214 12137 12216
12135 12216 12137
12216 12135 12217
12126 12217 12135
12217 12126 12121
12218 12208 12212
12204 12208 12218
12218 12219 12204
12219 12205 12204
12220 12221 12222
12223 12220 12222
12222 12224 12223
12224 12222 12225
12222 12226 12225
12225 12227 12224
12228 12227 12225
12228 12225 12226
12228 12229 12227
12230 12227 12229
12230 12231 12227
12227 12231 12232
12227 12232 12224
12221 12233 12222
12226 12222 12233
12128 12231 12230
12128 12230 12141
12230 12234 12141
12230 12229 12234
12235 12236 12237
12235 12124 12236
12124 12235 12122
12131 12236 12124
12236 12131 12238
12236 12238 12239
12236 12239 12237
12239 12238 12240
12238 12241 12240
12239 12240 12242
12242 12243 12239
12239 12243 12237
12243 12244 12237
12245 12237 12244
12245 12235 12237
12245 12109 12235
12235 12109 12122
12107 12109 12245
12246 12107 12245
12245 12244 12246
12246 12113 12107
12238 12247 12241
12247 12238 12131
12247 12131 12133
12248 12249 12250
12251 12248 12250
12248 12252 12249
12253 12251 12250
12254 12251 12253
12253 12250 12255
12253 12256 12254
12256 12253 12255
12255 12257 12256
12257 12255 12258
12258 12259 12257
12258 12260 12259
12260 12261 12259
12260 12262 12261
12262 12263 12261
12261 12263 12264
12261 12264 12259
12264 12265 12259
12265 12266 12259
12259 12266 12257
12257 12267 12256
12266 12267 12257
12268 12267 12266
12268 12269 12267
12268 12266 12270
12270 12266 12265
12269 12268 12271
12269 12271 12272
12273 12269 12272
12274 12269 12273
12273 12275 12274
12275 12273 12276
12276 12277 12275
12277 12276 12278
12278 12276 12279
12280 12275 12277
12280 12281 12275
12282 12280 12277
12280 12282 12283
12284 12278 12279
12279 12285 12284
12285 12279 12286
12278 12284 12287
12287 12277 12278
12277 12287 12282
12283 12288 12280
12289 12280 12288
12289 12281 12280
12290 12289 12288
12290 12291 12289
12292 12290 12288
12288 12283 12292
12290 12292 12293
12294 12290 12293
12290 12294 12295
12296 12290 12295
12296 12291 12290
12297 12281 12289
12281 12297 12298
12297 12299 12298
12300 12291 12296
12291 12300 12301
12289 12301 12297
12301 12289 12291
12302 12301 12300
12301 12303 12297
12301 12302 12303
12303 12299 12297
12303 12304 12299
12304 12303 12305
12302 12305 12303
12305 12302 12306
12298 12299 12307
12298 12275 12281
12275 12298 12274
12298 12307 12274
12308 12299 12304
12299 12308 12307
12309 12307 12308
12307 12309 12269
12307 12269 12274
12306 12310 12305
12310 12306 12311
12305 12312 12304
12312 12305 12310
12310 12313 12312
12314 12313 12310
12315 12314 12310
12315 12310 12311
12313 12316 12312
12304 12316 12308
12316 12304 12312
12316 12313 12254
12308 12256 12309
12256 12308 12316
12254 12256 12316
12267 12309 12256
12267 12269 12309
12313 12151 12254
12151 12313 12150
12314 12150 12313
12150 12314 12149
12315 12149 12314
12149 12315 12148
12251 12254 12151
12317 12318 12319
12318 12320 12319
12320 12318 12321
12320 12322 12319
12319 12322 12323
12324 12323 12322
12323 12324 12325
12326 12325 12324
12325 12326 12327
12326 12328 12327
12328 12326 12329
12329 12330 12328
12330 12329 12331
12331 12332 12330
12332 12331 12333
12333 12334 12332
12334 12333 12335
12334 12335 12336
12335 12337 12336
12338 12339 12340
12341 12338 12340
12338 12341 12342
12343 12342 12341
12342 12343 12344
12343 12345 12344
12346 12345 12343
12346 12347 12345
12339 12348 12340
12339 12349 12348
12348 12349 12350
12351 12350 12349
12352 12347 12346
12352 12353 12347
12353 12352 12354
12354 12355 12353
12355 12354 12356
12357 12355 12356
12357 12356 12358
12359 12360 12361
12362 12359 12361
12359 12362 12363
12362 12364 12363
12359 12365 12360
12360 12365 12366
12365 12367 12366
12367 12368 12366
12368 12367 12369
12369 12370 12368
12368 12370 12371
12370 12372 12371
12370 12373 12372
12374 12372 12373
12369 12375 12370
12374 12376 12372
12374 12377 12376
12378 12379 12380
12378 12380 12381
12378 12381 12382
12382 12383 12378
12384 12380 12379
12384 12379 12385
12386 12384 12385
12387 12383 12382
12387 12382 12388
12388 12389 12387
12388 12390 12389
12390 12391 12389
12392 12393 12394
12394 12393 12395
12394 12395 12396
12394 12396 12397
12398 12397 12396
12397 12398 12399
12399 12398 12400
12401 12399 12400
12400 12402 12401
12402 12403 12401
12392 12404 12393
12405 12404 12392
12406 12404 12405
12407 12406 12405
12408 12409 12410
12411 12409 12408
12409 12411 12412
12411 12413 12412
12414 12413 12411
12414 12415 12413
12416 12415 12414
12416 12417 12415
12417 12416 12418
12417 12418 12419
12419 12418 12420
12421 12422 12423
12422 12424 12423
12425 12424 12422
12424 12425 12426
12426 12425 12427
12428 12426 12427
12429 12426 12428
12427 12430 12428
12430 12427 12431
12421 12423 12432
12432 12433 12421
12430 12431 12434
12435 12430 12434
12434 12436 12435
12436 12434 12437
12438 12436 12437
12439 12440 12441
12440 12439 12442
12440 12443 12441
12440 12444 12443
12444 12445 12443
12446 12442 12439
12442 12446 12447
12446 12448 12447
12448 12446 12449
12449 12450 12448
12450 12449 12451
12452 12450 12451
12453 12454 12455
12453 12456 12454
12457 12453 12455
12458 12453 12457
12457 12459 12458
12459 12457 12460
12459 12460 12461
12462 12461 12460
12462 12463 12461
12462 12464 12463
12453 12465 12456
12466 12456 12465
12467 12468 12469
12469 12468 12470
12471 12470 12468
12470 12471 12472
12468 12467 12473
12473 12467 12474
12467 12475 12474
12467 12476 12475
12471 12477 12472
12472 12477 12478
12477 12479 12478
12249 12480 12481
12250 12249 12481
12250 12481 12482
12483 12480 12249
12484 12480 12483
12485 12484 12483
12486 12485 12483
12252 12486 12483
12483 12249 12252
12255 12250 12482
12487 12488 12489
12489 12488 12490
12490 12491 12489
12491 12492 12489
12491 12493 12492
12491 12494 12493
12494 12495 12493
12496 12493 12495
12496 12495 12497
12321 12498 12499
12320 12321 12499
12500 12501 12502
12501 12500 12503
12317 12501 12503
12504 12500 12502
12500 12504 12505
12506 12505 12504
12505 12506 12507
12506 12508 12507
12508 12506 12509
12317 12503 12510
12317 12510 12511
12508 12509 12512
12512 12509 12513
12512 12513 12514
12515 12317 12511
12317 12516 12517
12317 12517 12318
12518 12517 12516
12519 12520 12521
12519 12521 12522
12521 12523 12522
12521 12524 12523
12525 12523 12524
12520 12519 12526
12527 12520 12526
12520 12527 12528
12529 12528 12527
12528 12529 12530
12531 12530 12529
12532 12531 12529
12533 12531 12532
12534 12533 12532
12534 12535 12533
12536 12535 12534
12537 12538 12539
12539 12540 12537
12541 12538 12537
12537 12540 12542
12540 12543 12542
12542 12543 12544
12544 12543 12545
12544 12545 12546
12545 12547 12546
12547 12545 12548
12548 12549 12547
12548 12550 12549
12551 12552 12553
12554 12551 12553
12555 12551 12554
12551 12555 12556
12555 12557 12556
12552 12558 12553
12552 12559 12558
12559 12560 12558
12561 12562 12563
12562 12561 12564
12565 12563 12562
12563 12565 12566
12565 12567 12566
12565 12568 12567
12569 12564 12561
12564 12569 12570
12569 12571 12570
12571 12569 12572
12573 12571 12572
12571 12573 12574
12575 12574 12573
12574 12575 12576
12577 12576 12575
12279 12578 12579
12578 12580 12579
12580 12578 12581
12279 12579 12286
12279 12276 12578
12276 12581 12578
12581 12276 12273
12273 12272 12581
12581 12272 12580
11694 11731 11699
11731 11713 11699
12582 12583 12584
11859 12583 12582
11859 12582 11858
12585 12586 12587
12585 12587 12588
12187 12168 12167
12171 12186 12189
12589 12590 12591
12592 12589 12591
12593 12594 12595
12593 12596 12594
12596 12593 12597
12598 12594 12596
12595 12594 12599
12594 12600 12599
12598 12600 12594
12601 12602 12603
12604 12602 12601
12602 12604 12605
12601 12606 12604
12606 12601 12607
12602 12608 12603
12608 12602 12609
12609 12610 12608
12610 12609 12611
12612 12611 12609
12611 12612 12613
12614 12608 12610
12608 12614 12615
12603 12608 12615
12616 12615 12614
12615 12616 12617
12618 12617 12616
12617 12618 12619
12620 12619 12618
12619 12620 12621
12618 12622 12620
12622 12618 12623
12624 12623 12618
12614 12624 12616
12618 12616 12624
12624 12625 12623
12626 12625 12624
12624 12614 12626
12625 12626 12627
12628 12627 12626
12627 12628 12629
12630 12629 12628
12629 12630 12631
12632 12631 12630
12627 12633 12625
12633 12627 12634
12634 12635 12633
12636 12633 12635
12633 12636 12637
12625 12637 12623
12637 12625 12633
12638 12637 12636
12637 12638 12639
12635 12634 12640
12641 12638 12636
12635 12641 12636
12638 12641 12642
12641 12635 12643
12640 12643 12635
12643 12640 12644
12639 12623 12637
12623 12639 12622
12634 12645 12640
12645 12646 12640
12646 12647 12640
12647 12644 12640
12648 12642 12641
12643 12648 12641
12642 12648 12649
12650 12649 12648
12651 12650 12648
12652 12651 12648
12652 12648 12653
12648 12643 12653
12644 12653 12643
12653 12654 12652
12653 12644 12654
12655 12654 12644
12654 12655 12656
12654 12656 12657
12652 12654 12657
12656 12655 12658
12655 12659 12658
12659 12660 12658
12659 12661 12660
12658 12660 12662
12660 12663 12662
12663 12660 12664
12664 12660 12661
12661 12665 12664
12665 12666 12664
12666 12667 12664
12667 12663 12664
12658 12662 12668
12658 12668 12669
12656 12658 12669
12657 12656 12670
12656 12669 12670
12657 12670 12671
12671 12670 12672
12672 12673 12671
12673 12672 12674
12674 12672 12675
12676 12675 12672
12676 12672 12670
12675 12676 12677
12677 12678 12675
12679 12675 12678
12677 12680 12678
12680 12681 12678
12680 12682 12681
12682 12683 12681
12681 12683 12684
12681 12684 12678
12684 12685 12678
12679 12678 12685
12686 12675 12679
12675 12686 12674
12671 12673 12687
12671 12687 12688
12689 12671 12688
12688 12687 12690
12690 12691 12688
12691 12692 12688
12689 12688 12692
12693 12689 12692
12693 12652 12689
12694 12693 12692
12695 12693 12694
12693 12695 12651
12693 12651 12652
12696 12694 12692
12691 12696 12692
12696 12697 12694
12698 12697 12696
12699 12698 12696
12699 12696 12691
12699 12691 12700
12691 12690 12700
12699 12701 12698
12701 12702 12698
12698 12702 12697
12702 12703 12697
12703 12704 12697
12694 12697 12704
12703 12705 12704
12705 12706 12704
12707 12705 12703
12705 12707 12708
12708 12706 12705
12702 12701 12709
12703 12709 12707
12709 12703 12702
12706 12708 12710
12710 12711 12706
12706 12711 12712
12706 12712 12713
12706 12713 12704
12711 12710 12714
12701 12699 12715
12715 12700 12716
12713 12712 12717
12717 12718 12713
12718 12704 12713
12695 12718 12717
12694 12704 12718
12695 12694 12718
12719 12695 12717
12695 12719 12720
12651 12695 12720
12650 12651 12720
12700 12715 12699
12721 12722 12723
12722 12721 12724
12725 12722 12724
12722 12725 12726
12727 12723 12722
12726 12727 12722
12723 12727 12728
12729 12728 12727
12730 12729 12727
12727 12726 12730
12729 12730 12731
12728 12729 12732
12733 12725 12724
12725 12733 12734
12604 12734 12733
12733 12605 12604
12605 12733 12735
12724 12735 12733
12734 12604 12606
12735 12724 12721
12729 12736 12732
12736 12729 12737
12731 12737 12729
12737 12738 12736
12737 12739 12738
12739 12740 12738
12741 12740 12739
12742 12739 12737
12742 12741 12739
12737 12743 12742
12737 12731 12743
12744 12745 12746
12745 12744 12747
12745 12747 12748
12748 12749 12745
12749 12748 12750
12751 12745 12749
12751 12752 12745
12752 12746 12745
12752 12753 12746
12753 12752 12754
12754 12755 12753
12755 12756 12753
12746 12753 12757
12757 12744 12746
12753 12756 12757
12750 12758 12749
12758 12750 12613
12759 12749 12758
12751 12749 12759
12758 12760 12759
12612 12760 12758
12613 12612 12758
12760 12612 12761
12609 12761 12612
12761 12609 12602
12762 12763 12764
12765 12762 12764
12764 12766 12765
12766 12767 12765
12766 12764 12768
12764 12769 12768
12763 12769 12764
12766 12768 12770
12771 12766 12770
12771 12767 12766
12771 12770 12772
12771 12773 12767
12773 12771 12774
12771 12772 12774
12774 12772 12632
12774 12775 12773
12630 12775 12774
12774 12632 12630
12775 12630 12611
12628 12611 12630
12611 12628 12610
12626 12610 12628
12610 12626 12614
12776 12777 12778
12779 12776 12778
12778 12780 12779
12780 12778 12781
12781 12782 12780
12783 12782 12781
12783 12784 12782
12777 12785 12778
12778 12785 12786
12786 12781 12778
12783 12781 12786
12782 12787 12780
12782 12629 12787
12788 12629 12782
12788 12782 12784
12788 12784 12789
12788 12789 12634
12627 12788 12634
12627 12629 12788
12790 12791 12792
12791 12793 12792
12791 12794 12793
12790 12792 12795
12795 12645 12790
12794 12796 12793
12796 12797 12793
12793 12797 12798
12793 12798 12792
12798 12799 12792
12792 12799 12795
12799 12800 12795
12646 12795 12800
12795 12646 12645
12646 12800 12647
12801 12802 12803
12801 12617 12802
12617 12801 12615
12619 12802 12617
12802 12619 12804
12802 12804 12805
12802 12805 12803
12804 12619 12621
12805 12804 12806
12805 12806 12807
12807 12808 12805
12805 12808 12803
12808 12809 12803
12810 12803 12809
12810 12801 12803
12810 12603 12801
12801 12603 12615
12601 12603 12810
12601 12810 12811
12810 12809 12811
12601 12811 12607
12804 12812 12806
12804 12813 12812
12621 12813 12804
12814 12815 12816
12815 12817 12816
12816 12817 12818
12817 12815 12819
12820 12816 12818
12821 12820 12818
12820 12821 12822
12823 12822 12821
12822 12823 12824
12825 12824 12823
12824 12825 12826
12825 12827 12826
12827 12825 12828
12817 12819 12829
12819 12830 12829
12831 12828 12832
12828 12831 12833
12832 12834 12831
12834 12832 12835
12834 12835 12836
12835 12837 12836
12838 12839 12840
12841 12838 12840
12838 12841 12842
12843 12842 12841
12842 12843 12844
12845 12844 12843
12839 12846 12840
12839 12847 12846
12847 12848 12846
12849 12848 12847
12845 12843 12850
12851 12845 12850
12852 12851 12850
12852 12853 12851
12853 12852 12854
12854 12855 12853
12855 12854 12856
12857 12855 12856
12857 12856 12858
12859 12860 12861
12859 12862 12860
12860 12862 12863
12862 12864 12863
12865 12863 12864
12863 12865 12866
12861 12867 12859
12867 12861 12868
12869 12867 12868
12870 12866 12865
12870 12871 12866
12870 12865 12872
12870 12873 12871
12870 12874 12873
12873 12874 12875
12874 12876 12875
12876 12877 12875
12878 12879 12880
12878 12880 12881
12878 12881 12882
12883 12880 12879
12883 12879 12884
12885 12883 12884
12882 12886 12878
12886 12882 12887
12882 12888 12887
12888 12889 12887
12888 12890 12889
12890 12891 12889
12892 12893 12894
12893 12892 12895
12895 12892 12896
12895 12896 12897
12898 12895 12897
12899 12898 12897
12899 12900 12898
12900 12899 12901
12902 12900 12901
12900 12902 12903
12904 12903 12902
12904 12902 12905
12906 12904 12905
12906 12905 12907
12908 12906 12907
12909 12908 12907
12910 12911 12912
12912 12911 12913
12912 12913 12914
12912 12914 12915
12915 12914 12916
12916 12917 12915
12917 12916 12918
12919 12917 12918
12918 12920 12919
12920 12921 12919
12922 12911 12910
12922 12910 12923
12923 12924 12922
12924 12923 12925
12926 12927 12928
12927 12926 12929
12926 12930 12929
12929 12931 12927
12931 12929 12932
12929 12933 12932
12933 12934 12932
12933 12935 12934
12935 12936 12934
12936 12935 12937
12936 12937 12938
12938 12937 12939
12940 12941 12942
12941 12943 12942
12943 12941 12944
12944 12945 12943
12945 12944 12946
12940 12942 12947
12947 12948 12940
12949 12950 12951
12951 12950 12952
12952 12953 12951
12953 12952 12954
12953 12954 12955
12956 12953 12955
12957 12956 12955
12957 12958 12956
12959 12958 12957
12960 12961 12962
12962 12963 12960
12962 12964 12963
12962 12965 12964
12965 12966 12964
12961 12960 12967
12961 12967 12968
12967 12969 12968
12967 12970 12969
12970 12971 12969
12970 12972 12971
12973 12971 12972
12974 12975 12976
12976 12975 12977
12977 12978 12976
12977 12979 12978
12979 12977 12980
12979 12980 12981
12981 12980 12982
12981 12982 12983
12982 12984 12983
12985 12974 12976
12986 12985 12976
12987 12985 12986
12988 12989 12990
12989 12988 12991
12992 12989 12991
12992 12991 12993
12994 12992 12993
12993 12995 12994
12990 12996 12988
12996 12990 12997
12997 12998 12996
12998 12997 12999
12999 13000 12998
13000 12999 13001
13001 13002 13000
13003 13002 13001
13002 13003 13004
13005 13006 13007
13008 13006 13005
13005 13007 13009
13009 13010 13005
13009 13011 13010
13010 13011 13012
13012 13011 13013
13012 13013 13014
13013 13015 13014
13015 13013 13016
13017 13015 13016
13018 13017 13016
13019 13020 13021
13022 13019 13021
13019 13022 13023
13022 13024 13023
13024 13025 13023
13026 13021 13020
13027 13026 13020
13028 13026 13027
13029 13030 13031
13032 13029 13031
13033 13031 13030
13033 13030 13034
13032 13031 13035
13032 13035 13036
13037 13032 13036
13036 13038 13037
13039 13040 13041
13041 13042 13039
13039 13043 13040
13039 13044 13043
13039 13045 13044
13042 13041 13046
13046 13047 13042
13048 13047 13046
13048 13046 13049
13050 13048 13049
13049 13051 13050
13052 13053 13054
13053 13052 13055
13055 13056 13053
13056 13055 13057
13056 13057 13058
13057 13059 13058
13054 13060 13052
13060 13054 13061
13061 13062 13060
13062 13061 13063
13063 13064 13062
13064 13063 13065
13066 13064 13065
13064 13066 13067
13068 13067 13066
13069 13070 13071
13071 13072 13069
13072 13071 13073
13074 13069 13072
13069 13074 13075
13076 13073 13071
13073 13076 13077
13078 13077 13076
13076 13079 13078
13079 13076 13080
13080 13071 13070
13071 13080 13076
13077 13078 13081
13081 13082 13077
13080 13083 13079
13083 13080 13084
13070 13084 13080
13084 13085 13083
13085 13084 13086
13087 13083 13085
13083 13087 13088
13089 13088 13087
13088 13089 13090
13087 13091 13089
13087 13092 13091
13092 13087 13085
13092 13085 13086
13092 13086 13093
13093 13094 13092
13094 13093 13095
13096 13092 13094
13092 13096 13091
13090 13097 13088
13097 13090 13098
13098 13099 13097
13099 13098 13100
13101 13099 13100
13102 13090 13089
13090 13102 13103
13104 13103 13102
13102 13105 13104
13105 13102 13106
13106 13107 13105
13107 13106 13108
13103 13104 13109
13110 13105 13107
13105 13110 13111
13111 13104 13105
13104 13111 13112
13112 13109 13104
13109 13112 13113
13089 13106 13102
13106 13089 13091
13091 13108 13106
13108 13091 13096
13103 13109 13114
13114 13109 13115
13116 13114 13115
13115 13109 13117
13117 13109 13113
13118 13115 13117
13118 13116 13115
13119 13116 13118
13120 13116 13119
13121 13116 13120
13116 13121 13114
13121 13120 13122
13122 13120 13123
13122 13123 13124
13125 13120 13119
13123 13120 13125
13123 13125 13126
13127 13123 13126
13124 13123 13127
13128 13129 13130
13129 13128 13131
13132 13130 13129
13130 13132 13133
13129 13134 13132
13134 13129 13135
13131 13135 13129
13135 13136 13134
13136 13135 13137
13135 13138 13137
13138 13135 13139
13135 13131 13139
13137 13140 13136
13140 13137 13141
13142 13140 13141
13141 13143 13142
13144 13142 13143
13143 13141 13145
13141 13146 13145
13137 13146 13141
13146 13137 13138
13147 13143 13145
13144 13143 13147
13133 13148 13130
13149 13130 13148
13148 13073 13149
13077 13149 13073
13149 13077 13150
13073 13148 13072
13151 13072 13148
13072 13151 13074
13149 13150 13152
13149 13152 13153
13152 13154 13153
13154 13152 13155
13155 13156 13154
13156 13155 13157
13155 13158 13157
13158 13155 13159
13155 13152 13159
13152 13150 13160
13159 13152 13160
13160 13150 13082
13077 13082 13150
13157 13161 13156
13161 13157 13162
13161 13162 13163
13163 13162 13164
13164 13162 13165
13158 13165 13157
13165 13162 13157
13166 13167 13168
13169 13167 13166
13169 13166 13170
13169 13170 13171
13170 13172 13171
13172 13173 13171
13174 13172 13170
13172 13175 13173
13175 13101 13173
13172 13176 13175
13176 13172 13177
13174 13177 13172
13176 13099 13175
13175 13099 13101
13099 13176 13178
13178 13097 13099
13097 13178 13179
13179 13088 13097
13088 13179 13083
13180 13174 13170
13166 13180 13170
13180 13166 13181
13181 13166 13168
13182 13183 13184
13185 13183 13182
13186 13183 13185
13183 13186 13187
13183 13187 13188
13187 13186 13189
13190 13187 13189
13190 13188 13187
13190 13189 13191
13192 13191 13189
13192 13189 13193
13189 13194 13193
13189 13186 13194
13184 13183 13195
13188 13195 13183
13090 13192 13193
13090 13103 13192
13192 13103 13196
13192 13196 13191
13197 13198 13199
13086 13197 13199
13197 13086 13084
13199 13093 13086
13093 13199 13200
13199 13201 13200
13199 13198 13201
13201 13202 13200
13200 13202 13203
13201 13204 13202
13204 13201 13205
13201 13198 13205
13205 13198 13206
13207 13206 13198
13207 13198 13197
13207 13197 13070
13197 13084 13070
13069 13207 13070
13208 13207 13069
13207 13208 13206
13208 13069 13075
13200 13203 13209
13209 13093 13200
13209 13095 13093
13210 13211 13212
13213 13211 13210
13210 13212 13214
13215 13211 13213
13216 13215 13213
13215 13217 13211
13215 13216 13218
13218 13217 13215
13217 13218 13219
13219 13220 13217
13220 13219 13221
13220 13221 13222
13222 13221 13223
13222 13223 13224
13224 13223 13225
13223 13226 13225
13223 13221 13226
13226 13221 13227
13227 13221 13228
13221 13219 13228
13219 13218 13229
13228 13219 13229
13230 13228 13229
13230 13229 13231
13230 13232 13228
13232 13227 13228
13231 13233 13230
13231 13234 13233
13235 13234 13231
13236 13235 13231
13235 13236 13237
13237 13238 13235
13238 13237 13239
13239 13240 13238
13240 13241 13238
13242 13239 13237
13242 13237 13243
13242 13244 13239
13244 13242 13245
13240 13246 13241
13247 13241 13246
13241 13247 13248
13246 13240 13249
13249 13239 13244
13239 13249 13240
13250 13245 13242
13251 13250 13242
13251 13242 13243
13252 13250 13251
13252 13251 13253
13252 13254 13250
13245 13250 13254
13254 13252 13255
13252 13256 13255
13256 13252 13257
13258 13257 13252
13258 13252 13253
13243 13259 13251
13253 13260 13258
13260 13253 13261
13261 13251 13259
13251 13261 13253
13262 13260 13261
13261 13259 13263
13261 13263 13262
13264 13262 13263
13263 13265 13264
13265 13263 13266
13263 13259 13266
13259 13267 13266
13262 13264 13268
13259 13243 13267
13267 13269 13266
13237 13267 13243
13267 13237 13236
13267 13236 13269
13266 13270 13265
13270 13266 13269
13269 13271 13270
13271 13269 13231
13269 13236 13231
13272 13268 13264
13268 13272 13273
13274 13273 13272
13275 13264 13265
13264 13275 13272
13272 13275 13276
13277 13272 13276
13274 13272 13277
13276 13275 13278
13278 13216 13276
13265 13278 13275
13278 13265 13270
13270 13218 13278
13218 13270 13271
13216 13278 13218
13229 13218 13271
13229 13271 13231
13113 13276 13216
13276 13113 13112
13112 13277 13276
13277 13112 13111
13111 13274 13277
13274 13111 13110
13213 13113 13216
13279 13280 13281
13281 13280 13282
13282 13280 13283
13280 13284 13283
13284 13285 13283
13285 13284 13286
13286 13287 13285
13287 13286 13288
13289 13287 13288
13287 13289 13290
13291 13290 13289
13290 13291 13292
13293 13292 13291
13292 13293 13294
13294 13293 13295
13295 13296 13294
13295 13297 13296
13296 13297 13298
13299 13300 13301
13299 13302 13300
13302 13299 13303
13303 13304 13302
13304 13303 13305
13304 13305 13306
13307 13304 13306
13307 13306 13308
13301 13300 13309
13301 13309 13310
13309 13311 13310
13312 13310 13311
13313 13307 13308
13314 13313 13308
13313 13314 13315
13316 13315 13314
13315 13316 13317
13318 13317 13316
13318 13319 13317
13320 13321 13322
13320 13323 13321
13323 13320 13324
13323 13324 13325
13320 13322 13326
13322 13327 13326
13326 13327 13328
13329 13328 13327
13328 13329 13330
13330 13329 13331
13329 13332 13331
13331 13332 13333
13331 13333 13334
13330 13331 13335
13336 13334 13333
13336 13333 13337
13336 13337 13338
13339 13340 13341
13339 13342 13340
13339 13343 13342
13343 13339 13344
13345 13341 13340
13345 13346 13341
13347 13346 13345
13348 13343 13344
13348 13349 13343
13349 13348 13350
13349 13350 13351
13351 13350 13352
13353 13354 13355
13354 13356 13355
13354 13357 13356
13354 13358 13357
13359 13357 13358
13358 13360 13359
13360 13361 13359
13362 13361 13360
13361 13362 13363
13363 13362 13364
13353 13355 13365
13366 13353 13365
13367 13366 13365
13368 13366 13367
13369 13370 13371
13372 13369 13371
13371 13373 13372
13372 13373 13374
13375 13372 13374
13375 13374 13376
13377 13375 13376
13377 13376 13378
13378 13379 13377
13378 13380 13379
13380 13381 13379
13382 13383 13384
13384 13383 13385
13386 13384 13385
13385 13387 13386
13387 13388 13386
13389 13388 13387
13390 13389 13387
13388 13389 13391
13391 13392 13388
13382 13393 13383
13393 13382 13394
13391 13395 13392
13396 13395 13391
13397 13395 13396
13395 13397 13398
13399 13398 13397
13400 13401 13402
13402 13403 13400
13402 13401 13404
13402 13404 13405
13405 13404 13406
13407 13400 13403
13403 13408 13407
13409 13407 13408
13407 13409 13410
13411 13410 13409
13410 13411 13412
13413 13412 13411
13414 13415 13416
13414 13416 13417
13418 13415 13414
13419 13418 13414
13418 13419 13420
13420 13421 13418
13420 13422 13421
13423 13421 13422
13423 13422 13424
13423 13424 13425
13414 13417 13426
13427 13426 13417
13428 13429 13430
13429 13431 13430
13432 13430 13431
13431 13433 13432
13430 13434 13428
13434 13435 13428
13428 13435 13436
13428 13436 13437
13432 13433 13438
13433 13439 13438
13438 13439 13440
13212 13441 13442
13211 13441 13212
13211 13443 13441
13444 13212 13442
13445 13444 13442
13446 13444 13445
13447 13444 13446
13214 13444 13447
13444 13214 13212
13217 13443 13211
13448 13449 13450
13449 13451 13450
13451 13449 13452
13452 13449 13453
13452 13453 13454
13452 13454 13455
13455 13454 13456
13457 13456 13454
13457 13458 13456
13459 13460 13461
13282 13460 13459
13282 13459 13281
13279 13281 13462
13279 13462 13463
13464 13463 13462
13279 13465 13466
13466 13465 13467
13467 13468 13466
13467 13469 13468
13469 13467 13470
13470 13471 13469
13471 13470 13472
13473 13471 13472
13471 13473 13474
13279 13475 13465
13279 13476 13475
13473 13477 13474
13477 13478 13474
13477 13479 13478
13480 13476 13279
13481 13482 13483
13481 13484 13482
13482 13484 13485
13482 13485 13486
13487 13486 13485
13483 13488 13481
13483 13489 13488
13489 13483 13490
13490 13491 13489
13491 13490 13492
13493 13491 13492
13494 13491 13493
13495 13494 13493
13496 13494 13495
13496 13495 13497
13498 13496 13497
13499 13500 13501
13500 13499 13502
13503 13499 13501
13499 13504 13502
13502 13504 13505
13504 13506 13505
13506 13507 13505
13506 13508 13507
13509 13507 13508
13507 13509 13510
13510 13509 13511
13510 13511 13512
13513 13514 13515
13516 13514 13513
13517 13516 13513
13513 13518 13517
13517 13518 13519
13515 13514 13520
13515 13520 13521
13521 13520 13522
13523 13524 13525
13524 13523 13526
13525 13527 13523
13527 13525 13528
13527 13528 13529
13527 13529 13530
13526 13531 13524
13531 13526 13532
13533 13531 13532
13531 13533 13534
13533 13535 13534
13535 13533 13536
13536 13537 13535
13537 13536 13538
13539 13537 13538
13241 13540 13541
13542 13541 13540
13541 13542 13543
13241 13248 13540
13241 13541 13238
13543 13238 13541
13238 13543 13235
13235 13543 13234
13543 13542 13234
12652 12657 12689
12689 12657 12671
13544 13545 13546
13544 13547 13545
13130 13149 13128
13148 13133 13151
13548 13549 13550
13551 13549 13548
13552 13553 13554
13555 13552 13554
13552 13555 13556
13557 13555 13554
13553 13558 13554
13554 13558 13559
13557 13554 13559
13560 13561 13562
13560 13562 13563
13564 13560 13563
13565 13560 13564
13566 13561 13560
13560 13567 13566
13565 13567 13560
13568 13567 13565
13563 13562 13569
13569 13570 13563
13563 13570 13571
13564 13563 13571
13566 13567 13572
13573 13572 13567
13568 13573 13567
13572 13573 13574
13570 13575 13571
13576 13575 13570
13577 13576 13570
13570 13578 13577
13577 13578 13579
13579 13580 13577
13581 13577 13580
13581 13576 13577
13570 13582 13578
13569 13582 13570
13572 13574 13583
13583 13574 13584
13585 13583 13584
13586 13585 13584
13586 13587 13585
13587 13586 13588
13589 13587 13588
13590 13591 13592
13591 13593 13592
13594 13591 13590
13590 13595 13594
13596 13595 13590
13594 13597 13591
13596 13590 13598
13599 13596 13598
13599 13598 13600
13600 13598 13601
13600 13601 13602
13601 13598 13603
13590 13592 13603
13590 13603 13598
13603 13604 13601
13592 13604 13603
13591 13605 13593
13597 13605 13591
13605 13606 13593
13597 13607 13605
13605 13608 13606
13607 13608 13605
13608 13609 13606
13609 13608 13610
13608 13611 13610
13607 13611 13608
13597 13612 13607
13612 13611 13607
13612 13597 13613
13609 13614 13606
13615 13606 13614
13606 13615 13593
13615 13592 13593
13604 13592 13616
13592 13615 13616
13614 13609 13617
13609 13618 13617
13618 13609 13619
13609 13610 13619
13610 13620 13619
13621 13619 13620
13619 13621 13618
13611 13612 13622
13623 13611 13622
13611 13623 13624
13625 13624 13623
13624 13625 13626
13610 13624 13626
13626 13625 13627
13626 13627 13628
13610 13628 13620
13628 13610 13626
13628 13629 13620
13620 13629 13621
13630 13629 13628
13627 13630 13628
13611 13624 13610
13631 13632 13602
13632 13631 13633
13632 13600 13602
13632 13599 13600
13632 13634 13599
13635 13634 13632
13635 13632 13636
13636 13632 13633
13637 13597 13594
13597 13637 13613
13594 13595 13637
13638 13639 13640
13641 13640 13639
13639 13642 13641
13643 13642 13639
13642 13644 13641
13643 13645 13642
13645 13644 13642
13645 13643 13646
13646 13643 13647
13647 13643 13639
13638 13647 13639
13644 13645 13648
13648 13649 13644
13650 13644 13649
13644 13650 13641
13649 13648 13651
13650 13649 13652
13652 13649 13651
13650 13652 13653
13654 13650 13653
13654 13641 13650
13654 13655 13641
13641 13655 13640
13655 13656 13640
13656 13655 13657
13654 13657 13655
13653 13658 13654
13657 13654 13658
13658 13653 13659
13659 13653 13652
13647 13660 13646
13660 13647 13661
13661 13662 13660
13662 13661 13663
13663 13661 13664
13663 13664 13665
13663 13666 13662
13666 13663 13667
13663 13665 13667
13668 13667 13665
13669 13640 13656
13640 13669 13638
13670 13638 13669
13661 13670 13664
13670 13661 13638
13661 13647 13638
13665 13664 13671
13672 13665 13671
13668 13665 13672
13673 13674 13675
13676 13673 13675
13676 13677 13673
13678 13677 13676
13678 13676 13679
13678 13679 13680
13679 13681 13680
13682 13680 13681
13681 13683 13682
13684 13683 13681
13685 13683 13684
13683 13685 13686
13682 13683 13686
13686 13685 13687
13685 13688 13687
13688 13689 13687
13690 13688 13685
13690 13691 13688
13692 13688 13691
13689 13688 13692
13690 13685 13693
13685 13684 13693
13694 13695 13696
13695 13694 13697
13697 13698 13695
13698 13697 13699
13699 13700 13698
13700 13699 13701
13701 13702 13700
13702 13701 13703
13703 13704 13702
13704 13703 13705
13705 13706 13704
13706 13705 13707
13696 13708 13694
13708 13696 13709
13709 13710 13708
13710 13709 13711
13711 13712 13710
13712 13711 13713
13713 13714 13712
13714 13713 13715
13715 13716 13714
13716 13715 13717
13717 13718 13716
13718 13717 13719
13719 13720 13718
13720 13719 13721
13721 13722 13720
13722 13721 13723
13724 13723 13721
13723 13724 13725
13721 13726 13724
13726 13721 13719
13719 13727 13726
13727 13719 13717
13717 13728 13727
13728 13717 13715
13715 13729 13728
13729 13715 13713
13713 13730 13729
13730 13713 13711
13711 13731 13730
13731 13711 13709
13709 13732 13731
13732 13709 13696
13696 13733 13732
13733 13696 13695
13695 13734 13733
13734 13695 13698
13698 13735 13734
13735 13698 13700
13700 13736 13735
13736 13700 13702
13702 13737 13736
13737 13702 13704
13706 13737 13704
13737 13706 13738
13739 13732 13733
13732 13739 13740
13733 13741 13739
13741 13733 13734
13734 13742 13741
13742 13734 13735
13735 13743 13742
13743 13735 13736
13736 13744 13743
13744 13736 13737
13745 13737 13738
13737 13745 13744
13746 13740 13739
13740 13746 13747
13739 13748 13746
13748 13739 13741
13741 13749 13748
13749 13741 13742
13742 13750 13749
13750 13742 13743
13743 13751 13750
13751 13743 13744
13745 13751 13744
13751 13745 13752
13747 13753 13740
13731 13740 13753
13753 13730 13731
13730 13753 13754
13754 13729 13730
13729 13754 13755
13755 13728 13729
13728 13755 13756
13756 13727 13728
13727 13756 13757
13757 13726 13727
13726 13757 13758
13758 13724 13726
13724 13758 13759
13759 13725 13724
13725 13759 13760
13761 13760 13759
13760 13761 13762
13759 13763 13761
13763 13759 13758
13758 13764 13763
13764 13758 13757
13757 13765 13764
13765 13757 13756
13756 13766 13765
13766 13756 13755
13755 13767 13766
13767 13755 13754
13754 13768 13767
13768 13754 13753
13753 13747 13768
13769 13762 13761
13762 13769 13770
13761 13771 13769
13771 13761 13763
13763 13772 13771
13772 13763 13764
13764 13773 13772
13773 13764 13765
13765 13774 13773
13774 13765 13766
13766 13775 13774
13775 13766 13767
13767 13776 13775
13776 13767 13768
13768 13777 13776
13777 13768 13747
13747 13778 13777
13778 13747 13746
13746 13779 13778
13779 13746 13748
13748 13780 13779
13780 13748 13749
13749 13781 13780
13781 13749 13750
13750 13782 13781
13782 13750 13751
13751 13783 13782
13783 13751 13752
13740 13731 13732
13784 13785 13786
13785 13784 13787
13788 13787 13784
13787 13788 13789
13790 13789 13788
13789 13790 13791
13792 13791 13790
13791 13792 13793
13794 13793 13792
13793 13794 13795
13796 13795 13794
13795 13796 13797
13798 13786 13785
13786 13798 13799
13800 13799 13798
13799 13800 13801
13802 13801 13800
13801 13802 13803
13804 13803 13802
13803 13804 13805
13806 13805 13804
13805 13806 13807
13808 13807 13806
13807 13808 13809
13810 13809 13808
13809 13810 13811
13812 13811 13810
13811 13812 13813
13814 13815 13816
13814 13817 13815
13818 13817 13814
13819 13818 13814
13820 13814 13816
13814 13820 13821
13819 13814 13821
13822 13819 13821
13817 13823 13815
13823 13817 13824
13817 13825 13824
13818 13825 13817
13820 13826 13821
13827 13821 13826
13822 13821 13827
13826 13828 13827
13824 13825 13829
13830 13824 13829
13831 13824 13830
13824 13831 13832
13831 13833 13832
13833 13831 13834
13835 13834 13831
13835 13831 13830
13824 13832 13836
13823 13824 13836
13826 13837 13828
13837 13838 13828
13839 13838 13837
13840 13838 13839
13840 13839 13841
13841 13842 13840
13843 13842 13841
13844 13845 13846
13846 13845 13847
13848 13844 13846
13844 13848 13849
13850 13844 13849
13848 13846 13851
13850 13852 13844
13853 13852 13850
13853 13854 13852
13854 13855 13852
13854 13856 13855
13855 13857 13852
13844 13857 13845
13844 13852 13857
13857 13855 13858
13845 13857 13858
13846 13847 13859
13851 13846 13859
13859 13847 13860
13851 13859 13861
13859 13860 13862
13861 13859 13862
13862 13860 13863
13863 13864 13862
13862 13864 13865
13861 13862 13865
13866 13851 13861
13865 13866 13861
13851 13866 13867
13868 13863 13860
13860 13869 13868
13869 13860 13847
13845 13869 13847
13858 13870 13845
13869 13845 13870
13863 13868 13871
13872 13863 13871
13863 13872 13873
13863 13873 13864
13864 13873 13874
13875 13873 13872
13873 13875 13874
13866 13865 13876
13865 13877 13876
13877 13865 13878
13878 13879 13877
13879 13878 13880
13864 13880 13878
13880 13881 13879
13880 13882 13881
13864 13874 13882
13882 13880 13864
13882 13874 13883
13874 13875 13883
13884 13882 13883
13881 13882 13884
13865 13864 13878
13885 13856 13886
13886 13887 13885
13886 13856 13854
13886 13854 13853
13886 13853 13888
13889 13886 13888
13889 13890 13886
13890 13887 13886
13891 13851 13867
13851 13891 13848
13848 13891 13849
13892 13893 13894
13895 13894 13893
13894 13895 13896
13897 13894 13896
13896 13895 13898
13899 13897 13896
13898 13899 13896
13897 13899 13900
13900 13901 13897
13901 13894 13897
13892 13894 13901
13899 13898 13902
13903 13902 13898
13904 13903 13898
13898 13895 13904
13902 13903 13905
13904 13906 13903
13906 13905 13903
13904 13907 13906
13908 13907 13904
13908 13904 13895
13908 13895 13909
13910 13907 13908
13907 13910 13911
13911 13906 13907
13908 13912 13910
13912 13908 13909
13909 13913 13912
13913 13909 13893
13901 13900 13914
13914 13915 13901
13915 13914 13916
13916 13917 13915
13917 13918 13915
13917 13919 13918
13920 13919 13917
13921 13919 13920
13917 13916 13922
13922 13920 13917
13923 13913 13893
13893 13892 13923
13924 13923 13892
13915 13918 13924
13924 13892 13915
13915 13892 13901
13919 13925 13918
13926 13925 13919
13921 13926 13919
13895 13893 13909
13927 13928 13929
13930 13928 13927
13930 13927 13931
13932 13930 13931
13932 13933 13930
13932 13934 13933
13933 13934 13935
13936 13935 13934
13935 13936 13937
13938 13935 13937
13939 13938 13937
13937 13940 13939
13936 13940 13937
13940 13941 13939
13939 13941 13942
13942 13941 13943
13944 13939 13942
13944 13942 13945
13946 13945 13942
13943 13946 13942
13944 13947 13939
13939 13947 13938
13948 13949 13950
13949 13948 13951
13952 13951 13948
13951 13952 13953
13954 13953 13952
13953 13954 13955
13956 13955 13954
13955 13956 13957
13958 13957 13956
13957 13958 13959
13960 13959 13958
13959 13960 13961
13962 13950 13949
13950 13962 13963
13964 13963 13962
13963 13964 13965
13966 13965 13964
13965 13966 13967
13968 13967 13966
13967 13968 13969
13970 13969 13968
13969 13970 13971
13972 13971 13970
13971 13972 13973
13974 13973 13972
13973 13974 13975
13976 13975 13974
13975 13976 13977
13977 13978 13975
13978 13977 13979
13980 13975 13978
13975 13980 13973
13981 13973 13980
13973 13981 13971
13982 13971 13981
13971 13982 13969
13983 13969 13982
13969 13983 13967
13984 13967 13983
13967 13984 13965
13985 13965 13984
13965 13985 13963
13986 13963 13985
13963 13986 13950
13987 13950 13986
13950 13987 13948
13988 13948 13987
13948 13988 13952
13989 13952 13988
13952 13989 13954
13990 13954 13989
13954 13990 13956
13991 13956 13990
13956 13991 13958
13991 13960 13958
13960 13991 13992
13986 13993 13987
13993 13986 13994
13995 13987 13993
13987 13995 13988
13996 13988 13995
13988 13996 13989
13997 13989 13996
13989 13997 13990
13998 13990 13997
13990 13998 13991
13991 13999 13992
13999 13991 13998
13994 14000 13993
14000 13994 14001
14002 13993 14000
13993 14002 13995
14003 13995 14002
13995 14003 13996
14004 13996 14003
13996 14004 13997
14005 13997 14004
13997 14005 13998
14005 13999 13998
13999 14005 14006
14007 14001 13994
13994 13985 14007
13984 14007 13985
14007 13984 14008
13983 14008 13984
14008 13983 14009
13982 14009 13983
14009 13982 14010
13981 14010 13982
14010 13981 14011
13980 14011 13981
14011 13980 14012
13978 14012 13980
14012 13978 14013
13979 14013 13978
14013 13979 14014
14014 14015 14013
14015 14014 14016
14017 14013 14015
14013 14017 14012
14018 14012 14017
14012 14018 14011
14019 14011 14018
14011 14019 14010
14020 14010 14019
14010 14020 14009
14021 14009 14020
14009 14021 14008
14022 14008 14021
14008 14022 14007
14001 14007 14022
14016 14023 14015
14023 14016 14024
14025 14015 14023
14015 14025 14017
14026 14017 14025
14017 14026 14018
14027 14018 14026
14018 14027 14019
14028 14019 14027
14019 14028 14020
14029 14020 14028
14020 14029 14021
14030 14021 14029
14021 14030 14022
14031 14022 14030
14022 14031 14001
14032 14001 14031
14001 14032 14000
14033 14000 14032
14000 14033 14002
14034 14002 14033
14002 14034 14003
14035 14003 14034
14003 14035 14004
14036 14004 14035
14004 14036 14005
14037 14005 14036
14005 14037 14006
13985 13994 13986
14038 14039 14040
14039 14038 14041
14041 14042 14039
14042 14041 14043
14043 14044 14042
14044 14043 14045
14045 14046 14044
14046 14045 14047
14047 14048 14046
14048 14047 14049
14049 14050 14048
14050 14049 14051
14040 14052 14038
14052 14040 14053
14053 14054 14052
14054 14053 14055
14055 14056 14054
14056 14055 14057
14057 14058 14056
14058 14057 14059
14059 14060 14058
14060 14059 14061
14061 14062 14060
14062 14061 14063
14063 14064 14062
14064 14063 14065
14065 14066 14064
14066 14065 14067
8124 8126 8167
8126 8128 8167
8128 8130 8161
8130 8132 8161
8132 8134 8147
14068 14069 14070
14071 14069 14068
14069 14071 14072
14073 14072 14071
14072 14073 14074
14075 14074 14073
14074 14075 14076
14077 14076 14075
14076 14077 14078
14079 14078 14077
14078 14079 14080
14081 14080 14079
14080 14081 14082
14083 14082 14081
14083 14081 14084
14083 14084 14085
14086 14083 14085
14086 14087 14083
14088 14083 14087
14087 14089 14088
14089 14090 14088
14090 14089 14091
14090 14091 14092
14093 14086 14085
14086 14093 14094
14095 14094 14093
14094 14095 14096
14097 14096 14095
14096 14097 14098
14097 14099 14098
14100 14101 14102
14100 14103 14101
14103 14100 14104
14104 14105 14103
14105 14104 14106
14106 14107 14105
14107 14106 14108
14108 14109 14107
14109 14108 14110
14111 14109 14110
14109 14111 14112
14113 14112 14111
14112 14113 14114
14115 14114 14113
14114 14115 14116
14117 14116 14115
14116 14117 14118
14119 14118 14117
14118 14119 14120
14121 14120 14119
14120 14121 14122
14123 14122 14121
14122 14123 14124
14125 14124 14123
14124 14125 14126
14125 14127 14126
14127 14128 14126
14129 14130 14131
14129 14132 14130
14132 14129 14133
14133 14134 14132
14134 14133 14135
14136 14134 14135
14134 14136 14137
14138 14137 14136
14137 14138 14139
14138 14140 14139
14140 14138 14141
14140 14141 14142
14141 14143 14142
14142 14143 14144
14143 14145 14144
14145 14146 14144
14145 14147 14146
14148 14149 14150
14151 14149 14148
14149 14151 14152
14153 14152 14151
14152 14153 14154
14153 14155 14154
14155 14153 14156
14156 14157 14155
14157 14156 14158
14158 14159 14157
14159 14158 14160
14160 14161 14159
14161 14160 14162
14162 14163 14161
14163 14162 14164
14164 14165 14163
14165 14164 14166
14167 14165 14166
14168 14152 14154
14168 14169 14152
14169 14149 14152
14149 14169 14170
14170 14150 14149
14171 14150 14170
14172 14171 14170
14171 14172 14173
14174 14172 14170
14172 14174 14175
14175 14176 14172
14172 14176 14173
14173 14176 14177
14176 14175 14178
14179 14174 14170
14174 14179 14180
14179 14181 14180
14181 14179 14182
14182 14183 14181
14183 14182 14184
14184 14185 14183
14185 14184 14186
14186 14187 14185
14187 14186 14188
14188 14189 14187
14189 14188 14190
14191 14189 14190
14189 14191 14192
14193 14192 14191
14192 14193 14194
14195 14194 14193
14183 14196 14181
14196 14183 14197
14198 14197 14183
14197 14198 14199
14200 14199 14198
14199 14200 14201
14202 14201 14200
14201 14202 14203
14204 14203 14202
14203 14204 14205
14204 14206 14205
14196 14180 14181
14180 14196 14207
14207 14174 14180
14174 14207 14208
14208 14175 14174
14175 14208 14209
14210 14175 14209
14175 14210 14178
14178 14210 14211
14178 14211 14212
14211 14213 14212
14213 14211 14214
14214 14215 14213
14215 14214 14216
14216 14217 14215
14217 14216 14218
14217 14219 14215
14219 14213 14215
14219 14217 14220
14213 14219 14221
14213 14221 14212
14221 14177 14212
14178 14212 14176
14176 14212 14177
14222 14220 14217
14218 14222 14217
14220 14222 14223
14224 14223 14222
14222 14225 14224
14226 14224 14225
14224 14226 14227
14226 14228 14227
14228 14226 14229
14230 14227 14228
14231 14230 14228
14231 14228 14229
14230 14231 14232
14227 14230 14233
14234 14227 14233
14227 14234 14224
14223 14224 14234
14225 14222 14235
14232 14231 14236
14237 14236 14231
14237 14231 14229
14238 14232 14236
14239 14237 14229
14222 14218 14235
14240 14241 14242
14241 14240 14243
14243 14244 14241
14244 14243 14245
14245 14246 14244
14246 14245 14247
14248 14246 14247
14247 14249 14248
14249 14247 14250
14247 14251 14250
14247 14245 14251
14246 14248 14252
14253 14248 14249
14248 14253 14254
14254 14252 14248
14252 14254 14255
14256 14254 14253
14254 14256 14257
14257 14255 14254
14255 14257 14258
14259 14257 14256
14257 14259 14260
14260 14258 14257
14258 14260 14261
14262 14260 14259
14260 14262 14263
14264 14263 14262
14264 14265 14263
14265 14260 14263
14260 14265 14261
14266 14267 14268
14267 14266 14269
14270 14268 14267
14270 14271 14268
14272 14271 14270
14273 14272 14270
14273 14274 14272
14274 14273 14275
14275 14276 14274
14276 14275 14277
14277 14278 14276
14278 14277 14279
14279 14280 14278
14280 14279 14281
14282 14280 14281
14280 14282 14283
14284 14283 14282
14266 14285 14269
14286 14287 14288
14287 14286 14289
14289 14290 14287
14290 14289 14291
14292 14290 14291
14290 14292 14293
14292 14294 14293
14294 14292 14295
14295 14296 14294
14296 14295 14297
14297 14298 14296
14298 14297 14299
14300 14298 14299
14301 14302 14303
14302 14301 14304
14302 14304 14305
14305 14304 14306
14306 14307 14305
14307 14306 14308
14308 14309 14307
14309 14308 14310
14310 14311 14309
14311 14310 14312
14312 14313 14311
14313 14312 14314
14314 14315 14313
14316 14302 14305
14317 14316 14305
14316 14317 14318
14319 14318 14317
14318 14319 14320
14321 14320 14319
14320 14321 14322
14323 14322 14321
14322 14323 14324
14325 14324 14323
14324 14325 14326
14327 14326 14325
14328 14329 14330
14328 14331 14329
14332 14328 14330
14332 14330 14333
14334 14332 14333
14333 14335 14334
14335 14333 14336
14336 14337 14335
14337 14336 14338
14338 14339 14337
14339 14338 14340
14331 14341 14329
14341 14342 14329
14343 14342 14341
14342 14343 14344
14345 14332 14334
14346 14339 14340
14347 14348 14349
14348 14347 14350
14351 14350 14347
14350 14351 14352
14353 14352 14351
14352 14353 14354
14354 14353 14355
14348 14154 14349
14348 14168 14154
14356 14354 14355
14356 14355 14357
14357 14358 14356
14358 14357 14359
14360 14358 14359
14361 14362 14363
14364 14361 14365
14365 14366 14364
14366 14365 14367
14367 14368 14366
14369 14370 14371
14372 14369 14371
14369 14372 14373
14374 14373 14372
14373 14374 14375
14376 14375 14374
14375 14376 14377
14378 14377 14376
14377 14378 14379
14378 14380 14379
14380 14378 14381
14381 14382 14380
14382 14381 14383
14383 14384 14382
14383 14385 14384
14385 14386 14384
14386 14387 14384
14388 14389 14390
14389 14388 14391
14392 14391 14388
14391 14392 14393
14392 14394 14393
14394 14392 14395
14395 14396 14394
14396 14395 14397
14398 14396 14397
14396 14398 14399
14400 14399 14398
14399 14400 14401
14401 14400 14402
14389 14403 14390
14303 14404 14301
14405 14406 14407
14406 14405 14408
14407 14409 14405
14409 14407 14410
14406 14408 14411
14410 14412 14409
14412 14410 14413
14414 14412 14413
14412 14414 14415
14416 14415 14414
14415 14416 14417
14418 14417 14416
14417 14418 14419
14418 14420 14419
14420 14418 14421
14421 14422 14420
14422 14421 14423
14423 14424 14422
14424 14423 14425
14425 14426 14424
14426 14425 14427
14427 14428 14426
14428 14427 14429
14430 14428 14429
14431 14432 14433
14434 14431 14433
14432 14435 14433
14435 14432 14436
14432 14437 14436
14437 14438 14436
14438 14439 14436
14440 14431 14434
14441 14440 14434
14442 14440 14441
14443 14442 14441
14444 14442 14443
14442 14444 14445
14446 14445 14444
14445 14446 14447
14447 14446 14448
14449 14447 14448
14450 14449 14448
14450 14451 14449
14450 14452 14451
14453 14451 14452
14451 14453 14454
14454 14453 14455
14242 14456 14240
14457 14458 14459
14457 14460 14458
14460 14457 14461
14461 14462 14460
14462 14461 14463
14463 14464 14462
14464 14463 14465
14466 14464 14465
14464 14466 14467
14468 14467 14466
14467 14468 14469
14470 14469 14468
14469 14470 14471
14472 14471 14470
14471 14472 14473
14474 14473 14472
14473 14474 14475
14476 14475 14474
14477 14463 14461
14477 14461 14478
14457 14478 14461
14479 14478 14457
14457 14459 14479
14479 14459 14480
14481 14479 14480
14480 14482 14481
14482 14483 14481
14483 14484 14481
14484 14483 14485
14486 14481 14484
14481 14486 14487
14488 14487 14486
14487 14488 14489
14490 14489 14488
14489 14490 14491
14492 14491 14490
14491 14492 14493
14494 14493 14492
14493 14494 14495
14496 14495 14494
14497 14485 14483
14498 14497 14483
14485 14497 14499
14500 14499 14497
14499 14500 14501
14502 14499 14501
14501 14503 14502
14504 14503 14501
14500 14497 14505
14497 14498 14505
14506 14500 14505
14500 14506 14507
14501 14500 14507
14504 14501 14507
14508 14504 14507
14504 14508 14509
14510 14504 14509
14504 14510 14511
14511 14512 14504
14512 14511 14513
14513 14514 14512
14513 14515 14514
14515 14516 14514
14516 14515 14517
14517 14518 14516
14518 14517 14519
14519 14520 14518
14520 14519 14521
14521 14522 14520
14522 14521 14523
14523 14524 14522
14524 14523 14525
14525 14526 14524
14526 14525 14527
14527 14528 14526
14528 14527 14529
14529 14530 14528
14530 14529 14531
14531 14532 14530
14532 14531 14533
14534 14532 14533
14532 14534 14535
14536 14535 14534
14535 14536 14537
14538 14537 14536
14537 14538 14539
14540 14539 14538
14539 14540 14541
14542 14541 14540
14541 14542 14543
14544 14543 14542
14543 14544 14545
14545 14544 14546
14547 14548 14549
14550 14547 14549
14548 14551 14549
14551 14552 14549
14550 14549 14552
14552 14551 14553
14551 14548 14554
14550 14555 14547
14555 14550 14556
14556 14557 14555
14557 14556 14558
14559 14553 14551
14553 14559 14560
14551 14554 14561
14551 14561 14559
14560 14559 14562
14563 14559 14561
14562 14559 14563
14564 14562 14563
14562 14564 14565
14564 14563 14566
14566 14567 14564
14564 14567 14568
14565 14564 14568
14567 14566 14569
14569 14570 14567
14567 14570 14571
14571 14572 14567
14572 14568 14567
14571 14570 14573
14563 14561 14574
14566 14563 14574
14571 14573 14575
14571 14575 14576
14572 14571 14576
14573 14577 14575
14577 14576 14575
14577 14573 14578
14578 14579 14577
14579 14578 14580
14580 14581 14579
14581 14580 14582
14582 14583 14581
14583 14582 14584
14576 14577 14585
14577 14586 14585
14586 14577 14587
14587 14588 14586
14588 14587 14589
14589 14590 14588
14590 14589 14591
14592 14576 14585
14593 14592 14585
14592 14593 14594
14595 14594 14593
14594 14595 14596
14597 14596 14595
14596 14597 14598
14576 14592 14599
14576 14599 14600
14592 14601 14599
14600 14599 14601
14600 14601 14602
14603 14600 14602
14600 14603 14572
14572 14576 14600
14604 14603 14602
14603 14604 14605
14605 14606 14603
14568 14603 14606
14603 14568 14572
14606 14605 14607
14562 14606 14607
14606 14562 14565
14565 14568 14606
14562 14607 14608
14560 14562 14608
14608 14553 14560
14553 14608 14609
14609 14552 14553
14552 14609 14610
14611 14552 14610
14611 14610 14612
14552 14611 14550
14613 14610 14609
14610 14613 14612
14611 14556 14550
14556 14611 14614
14615 14614 14611
14614 14558 14556
14558 14614 14616
14616 14614 14615
14615 14617 14616
14609 14608 14618
14609 14618 14613
14611 14612 14619
14615 14611 14619
14616 14620 14558
14621 14558 14620
14622 14621 14620
14621 14622 14623
14624 14623 14622
14623 14624 14625
14624 14626 14625
14625 14626 14627
14627 14626 14628
14624 14629 14626
14624 14630 14629
14630 14624 14622
14631 14629 14630
14629 14631 14632
14633 14629 14632
14628 14626 14633
14633 14626 14629
14622 14634 14630
14634 14622 14620
14635 14630 14634
14630 14635 14631
14620 14616 14634
14617 14634 14616
14634 14617 14635
14636 14637 14638
14638 14639 14636
14639 14638 14640
14640 14641 14639
14641 14640 14642
14641 14642 14643
14644 14641 14643
14644 14643 14645
14646 14644 14645
14645 14584 14646
14584 14645 14583
14647 14648 14649
14649 14650 14647
14650 14649 14651
14651 14652 14650
14652 14651 14653
14653 14654 14652
14654 14653 14655
14654 14655 14656
14657 14654 14656
14656 14591 14657
14591 14656 14590
14607 14618 14608
14607 14658 14618
14605 14658 14607
14659 14660 14661
14662 14660 14659
14660 14662 14663
14664 14663 14662
14663 14664 14665
14666 14665 14664
14667 14666 14664
14668 14666 14667
14669 14668 14667
14670 14668 14669
14668 14670 14671
14672 14671 14670
14671 14672 14673
14674 14673 14672
14673 14674 14675
14676 14675 14674
14675 14676 14592
14601 14592 14676
14677 14678 14679
14680 14678 14677
14678 14680 14681
14682 14681 14680
14681 14682 14683
14684 14683 14682
14683 14684 14685
14686 14685 14684
14687 14686 14684
14598 14686 14687
14686 14598 14597
14688 14689 14690
14688 14691 14689
14691 14688 14692
14692 14693 14691
14693 14692 14694
14694 14695 14693
14695 14694 14696
14696 14697 14695
14697 14696 14698
14698 14699 14697
14699 14698 14700
14700 14701 14699
14701 14700 14702
14702 14703 14701
14703 14702 14704
14704 14705 14703
14705 14704 14706
14706 14707 14705
14707 14706 14708
14708 14709 14707
14709 14708 14710
14711 14704 14702
14704 14711 14712
14712 14706 14704
14706 14712 14713
14713 14708 14706
14708 14713 14714
14714 14710 14708
14710 14714 14715
14716 14709 14710
14717 14711 14702
14711 14717 14718
14718 14717 14719
14710 14715 14720
14716 14710 14720
14721 14716 14720
14721 14720 14722
14723 14721 14722
14721 14723 14724
14725 14724 14723
14724 14725 14726
14499 14726 14725
14499 14502 14726
14727 14728 14729
14728 14727 14730
14731 14728 14730
14728 14731 14732
14733 14732 14731
14732 14733 14734
14735 14734 14733
14735 14736 14734
14737 14730 14727
14730 14737 14738
14738 14739 14730
14739 14738 14740
14740 14741 14739
14741 14740 14742
14741 14742 14743
14744 14743 14742
14740 14744 14742
14743 14744 14745
14744 14740 14746
14738 14746 14740
14746 14738 14747
14748 14738 14737
14738 14748 14747
14749 14743 14745
14743 14749 14750
14743 14750 14741
14751 14749 14745
14508 14748 14737
14737 14509 14508
14748 14508 14752
14507 14752 14508
14752 14507 14506
14727 14510 14509
14510 14727 14729
14509 14737 14727
14753 14754 14463
14755 14754 14753
14477 14753 14463
14755 14756 14754
14754 14756 14757
14757 14463 14754
14756 14755 14758
14758 14759 14756
14758 14760 14759
14760 14758 14761
14757 14762 14463
14763 14760 14761
14764 14763 14761
14764 14765 14763
14766 14765 14764
14766 14767 14765
14768 14767 14766
14767 14768 14769
14770 14769 14768
14496 14771 14772
14771 14496 14773
14774 14772 14771
14772 14774 14775
14776 14775 14774
14775 14776 14777
14778 14777 14776
14777 14778 14779
14780 14779 14778
14494 14773 14496
14781 14782 14783
14782 14781 14784
14784 14785 14782
14785 14784 14786
14786 14787 14785
14787 14786 14788
14783 14789 14781
14790 14788 14786
14788 14790 14791
14790 14792 14791
14792 14790 14793
14794 14786 14784
14786 14794 14790
14790 14795 14793
14795 14790 14794
14796 14784 14781
14784 14796 14794
14781 14789 14796
14794 14797 14795
14797 14794 14796
14796 14789 14797
14798 14791 14792
14791 14798 14799
14798 14800 14799
14801 14799 14800
14800 14802 14801
14803 14801 14802
14801 14803 14804
14804 14805 14801
14799 14801 14805
14805 14791 14799
14805 14804 14806
14802 14807 14803
14807 14802 14808
14808 14809 14807
14809 14808 14810
14811 14809 14810
14809 14811 14812
14813 14812 14811
14812 14813 14814
14813 14815 14814
14815 14813 14816
14816 14817 14815
14817 14816 14818
14818 14819 14817
14819 14818 14820
14820 14821 14819
14821 14820 14822
14823 14821 14822
14824 14825 14808
14825 14824 14826
14827 14825 14826
14826 14828 14827
14828 14826 14829
14829 14830 14828
14830 14829 14831
14831 14832 14830
14832 14831 14833
14833 14834 14832
14834 14833 14835
14836 14834 14835
14834 14836 14837
14838 14837 14836
14824 14808 14839
14808 14840 14839
14840 14808 14802
14841 14839 14840
14839 14841 14842
14842 14843 14839
14843 14842 14844
14844 14845 14843
14845 14844 14846
14846 14847 14845
14847 14846 14848
14849 14847 14848
14847 14849 14850
14851 14850 14849
14850 14851 14852
14853 14852 14851
14852 14853 14854
14855 14854 14853
14854 14855 14856
14857 14856 14855
14856 14857 14858
14859 14858 14857
14858 14859 14860
14861 14860 14859
14860 14861 14862
14863 14862 14861
14862 14863 14864
14865 14864 14863
14864 14865 14866
14867 14866 14865
14866 14867 14868
14869 14868 14867
14868 14869 14870
14870 14869 14871
14872 14873 14874
14873 14875 14874
14873 14876 14875
14876 14877 14875
14876 14878 14877
14879 14877 14878
14877 14879 14880
14881 14880 14879
14880 14881 14882
14883 14882 14881
14882 14883 14884
14885 14884 14883
14884 14885 14886
14887 14886 14885
14886 14887 14888
14887 14889 14888
14890 14891 14892
14890 14893 14891
14893 14890 14894
14894 14895 14893
14895 14894 14896
14897 14895 14896
14895 14897 14898
14899 14898 14897
14898 14899 14900
14901 14900 14899
14900 14901 14902
14903 14902 14901
14902 14903 14904
14905 14904 14903
14904 14905 14906
14907 14906 14905
14906 14907 14908
14909 14908 14907
14908 14909 14910
14911 14910 14909
14910 14911 14912
14913 14912 14911
14912 14913 14914
14915 14914 14913
14914 14915 14916
14917 14916 14915
14824 14917 14915
14917 14824 14839
14802 14800 14840
14918 14840 14800
14840 14918 14841
14800 14798 14918
14791 14805 14788
14806 14788 14805
14788 14806 14787
14558 14621 14557
14919 14615 14619
14920 14921 14922
14922 14923 14920
14923 14922 14924
14924 14925 14923
14924 14926 14925
14923 14925 14927
14926 14928 14925
14928 14926 14929
14930 14925 14928
14925 14930 14927
14929 14931 14928
14931 14929 14932
14933 14928 14931
14928 14933 14930
14932 14934 14931
14934 14932 14935
14935 14936 14934
14936 14935 14937
14937 14938 14936
14938 14937 14939
14938 14939 14940
14941 14936 14938
14942 14941 14938
14940 14942 14938
14936 14941 14943
14943 14934 14936
14934 14943 14944
14931 14944 14933
14944 14931 14934
14940 14939 14945
14946 14940 14945
14947 14946 14945
14948 14949 14950
14951 14950 14949
14951 14952 14950
14950 14952 14953
14950 14953 14954
14953 14955 14954
14955 14956 14954
14956 14955 14957
14958 14957 14955
14957 14958 14959
14960 14959 14958
14959 14960 14961
14962 14961 14960
14961 14962 14963
14964 14963 14962
14963 14964 14965
14966 14965 14964
14965 14966 14967
14968 14967 14966
14967 14968 14969
14970 14969 14968
14969 14970 14971
14972 14971 14970
14973 14974 14975
14974 14976 14975
14976 14977 14975
14977 14978 14975
14979 14977 14976
14977 14979 14980
14981 14980 14979
14980 14981 14982
14983 14982 14981
14982 14983 14984
14983 14985 14984
14985 14986 14984
14987 14984 14986
14986 14988 14987
14988 14989 14987
14990 14975 14978
14975 14990 14991
14991 14990 14953
14990 14955 14953
14992 14993 14994
14995 14992 14994
14992 14996 14993
14996 14997 14993
14992 14995 14998
14999 14996 14992
14999 14992 15000
15000 14992 14998
15001 15000 14998
15001 15002 15000
15002 14999 15000
15003 15002 15001
15002 15003 15004
15003 15001 15005
15001 14998 15005
15002 15006 14999
15004 15006 15002
15004 15007 15006
14921 15004 15003
15004 14921 15008
15004 15008 15007
14920 15008 14921
14920 15009 15008
15009 15010 15008
15008 15010 15011
15008 15011 15007
14920 15012 15009
15012 14920 14923
14923 15013 15012
15013 14923 14927
14927 15014 15013
15014 15015 15013
15016 15015 15014
15015 15016 15017
15016 15018 15017
15018 15016 15019
15019 15020 15018
15020 15019 15021
15021 15022 15020
15023 15022 15021
15010 15024 15011
15025 15026 15024
15027 15026 15025
15026 15027 15028
15029 15028 15027
15028 15029 15030
15031 15030 15029
15030 15031 15032
15033 15032 15031
15032 15033 15034
15033 15035 15034
15035 15033 15036
15036 15037 15035
15037 15036 15038
15039 15037 15038
15025 15024 15010
15040 15010 15009
15041 15040 15009
15042 15040 15041
15040 15042 15043
15044 15043 15042
15043 15044 15045
15044 15046 15045
15046 15044 15047
15047 15048 15046
15048 15047 15049
15049 15050 15048
15050 15049 15051
15051 15052 15050
15052 15051 15053
15054 15052 15053
15055 15056 14921
15056 15055 15057
15057 15058 15056
15058 15057 15059
15059 15060 15058
15060 15059 15061
15061 15062 15060
15062 15061 15063
15063 15064 15062
15064 15063 15065
15065 15066 15064
15066 15065 15067
15067 15068 15066
15068 15067 15069
15069 15070 15068
15070 15069 15071
15071 15072 15070
15072 15071 15073
15074 15072 15073
15075 14994 15076
15075 15076 15077
15076 15078 15077
14997 15078 15076
14993 14997 15076
14994 14993 15076
15079 15080 15081
15082 15081 15080
15081 15082 15083
15084 15083 15082
15083 15084 15085
15086 15085 15084
15085 15086 15087
15088 15087 15086
15087 15088 15089
15090 15089 15088
15089 15090 15091
15092 15091 15090
15091 15092 15093
15094 15093 15092
15093 15094 15095
15096 15095 15094
14951 15097 14952
15097 14951 15098
15098 15099 15097
15099 15098 15100
15101 15099 15100
15099 15101 15102
15103 15102 15101
15102 15103 15104
15105 15104 15103
15104 15105 15106
15107 15106 15105
15106 15107 15108
15109 15108 15107
15110 15111 15112
15113 15112 15111
15112 15113 15114
15115 15114 15113
15114 15115 15116
15117 15116 15115
15116 15117 15118
15119 15118 15117
15118 15119 15120
15121 15120 15119
15120 15121 15122
15123 15122 15121
15123 15124 15122
15125 15126 15127
15125 15128 15126
15129 15128 15125
15129 15125 15130
15131 15129 15130
15129 15131 15132
15133 15132 15131
15132 15133 15134
15135 15134 15133
15134 15135 15136
15135 15137 15136
15138 15139 15140
15139 15138 15141
15142 15138 15140
15141 15143 15139
15143 15141 15144
15144 15145 15143
15145 15144 15146
15145 15146 15147
14954 14956 15148
14950 14954 15148
14950 15148 14948
15149 14948 15148
15149 15148 15150
15151 14921 15003
15151 15055 14921
15151 15003 15005
15152 15153 15154
15155 15153 15152
15153 15155 15156
15157 15156 15155
15156 15157 15158
15159 15158 15157
15158 15159 15160
15159 15161 15160
15161 15159 15162
15162 15163 15161
15163 15162 15164
15164 15165 15163
15165 15164 15166
15166 15167 15165
15167 15166 15168
15168 15169 15167
15169 15168 15170
15170 15171 15169
15171 15170 15172
15172 15173 15171
15173 15172 15174
15174 15175 15173
15175 15174 15176
15175 15176 15177
15175 15177 15178
15178 15177 15179
15177 15180 15181
15181 15180 15182
15183 15184 15185
15183 15186 15184
15186 15183 15187
15187 15188 15186
15188 15187 15189
15189 15190 15188
15190 15189 15191
15191 15192 15190
15192 15191 15193
15193 15194 15192
15194 15193 15195
15195 15196 15194
15196 15195 15197
15197 15198 15196
15198 15197 15199
15199 15200 15198
15200 15199 15201
15201 15202 15200
15202 15201 15203
15204 15202 15203
15202 15204 15205
15206 15205 15204
15205 15206 15207
15206 15208 15207
15208 15209 15207
15210 15211 15212
15211 15210 15213
15214 15215 15216
15215 15214 15217
15218 15219 15220
15221 15220 15219
15222 15218 15220
15223 15224 15225
15224 15223 15226
15227 15228 15229
15228 15227 15230
15231 15232 15233
15234 15233 15232
15235 15231 15233
15236 15237 15238
15237 15236 15239
15240 15241 15242
15241 15240 15243
15244 15245 15246
15244 15246 15247
15248 15247 15246
15249 15250 15251
15250 15249 15252
15253 15254 15255
15254 15253 15256
15257 15258 15259
15257 15259 15260
15260 15259 15261
15262 15263 15264
15265 15262 15264
15266 15265 15264
15267 15268 15269
15270 15267 15269
15271 15270 15269
15272 15273 15274
15275 15272 15274
15272 15276 15273
15277 15278 15279
15279 15280 15277
15277 15281 15278
15282 15283 15284
15283 15282 15285
15286 15285 15282
15285 15286 15287
15288 15287 15286
15287 15288 15289
15290 15289 15288
15289 15290 15291
15290 15292 15291
15292 15290 15293
15293 15294 15292
15294 15293 15295
15295 15296 15294
15296 15295 15297
15297 15298 15296
15298 15297 15299
15299 15300 15298
15300 15299 15301
15301 15302 15300
15302 15301 15303
15303 15304 15302
15304 15303 15305
15305 15306 15304
15306 15305 15307
15307 15308 15306
15308 15307 15309
15309 15310 15308
15310 15309 15311
15312 15310 15311
15310 15312 15313
15314 15313 15312
15313 15314 15315
15316 15315 15314
15315 15316 15317
15318 15317 15316
15317 15318 15319
15320 15319 15318
15319 15320 15321
15284 15321 15320
15321 15284 15283
14482 14498 14483
15322 15323 8812
8812 15324 15325
15326 15327 15328
15327 15326 15329
15330 15331 15332
15331 15330 15333
15334 15335 15336
15337 15336 15335
15338 15335 15334
15339 15340 15341
15340 15339 15342
15343 15344 15345
15344 15343 15346
15347 15348 15349
15350 15349 15348
15351 15348 15347
15352 15353 15354
15353 15352 15355
15356 15357 15358
15357 15356 15359
15360 15361 15362
15360 15363 15361
15364 15361 15363
15365 15366 15367
15366 15365 15368
15369 15370 15371
15370 15369 15372
15373 15374 15375
15373 15376 15374
15376 15377 15374
15378 15379 15380
15381 15379 15378
15382 15379 15381
15383 15384 15385
15386 15384 15383
15387 15384 15386
15388 15389 15390
15391 15389 15388
15388 15390 15392
15393 15394 15395
15394 15393 15396
15393 15395 15397
15398 15399 15400
15399 15398 15401
15401 15402 15399
15398 15400 15403
15403 15400 15404
15400 15405 15404
15406 15404 15405
15405 15407 15406
15407 15408 15406
15408 15409 15406
15410 15411 15412
15410 15413 15411
15413 15414 15411
15410 15412 15415
15415 15412 15416
15412 15417 15416
15418 15416 15417
15418 15417 15419
15419 15420 15418
15419 15421 15420
15422 15423 15424
15425 15422 15424
15426 15427 15428
15426 15428 15429
15430 15431 15432
15431 15433 15432
15434 15435 15436
15434 15436 15437
15438 15439 15440
15438 15440 15441
15442 15443 15444
15443 15442 15445
15446 15447 15448
15446 15449 15447
15450 15451 15452
15453 15450 15452
15454 15455 15456
15455 15454 15457
15458 15459 15460
15458 15461 15459
15462 15463 15464
15463 15465 15464
15466 15467 15468
15468 15469 15466
15470 15466 15469
15471 15472 15473
15471 15473 15474
15475 15476 15477
15475 15477 15478
15479 15480 15481
15482 15479 15481
15483 15484 15485
15484 15486 15485
15487 15488 15489
15490 15487 15489
15491 15492 15493
15491 15494 15492
15495 15496 15497
15496 15495 15498
15497 15499 15495
15500 15501 15502
15500 15502 15503
15504 15505 15506
15505 15507 15506
15508 15509 15510
15509 15511 15510
15512 15513 15514
15512 15514 15515
15516 15517 15518
15518 15519 15516
15520 15518 15517
15521 15522 15523
15521 15523 15524
15525 15526 15527
15527 15528 15525
15528 15527 15529
15530 15531 15532
15533 15530 15532
15534 15535 15536
15534 15536 15537
15538 15539 15540
15541 15538 15540
15542 15543 15544
15542 15544 15545
15542 15546 15543
15542 15545 15547
15548 15549 15550
15548 15551 15549
15549 15552 15550
15551 15553 15549
15554 15555 15556
15554 15557 15555
15558 15559 15560
15559 15558 15561
15562 15563 15564
15563 15562 15565
15566 15567 15568
15567 15566 15569
15570 15571 15572
15571 15570 15573
15571 15574 15572
15574 15571 15575
15576 15574 15575
15574 15576 15577
15578 15579 15580
15579 15578 15581
15582 15583 15584
15583 15582 15585
15586 15587 15588
15587 15586 15589
15590 15591 15592
15591 15590 15593
15594 15595 15596
15595 15594 15597
15598 15599 15600
15599 15598 15601
15602 15603 15604
15603 15602 15605
15606 15607 15608
15607 15606 15609
15610 15611 15612
15611 15610 15613
