stride: 84
first vertex: 0
vertex count: 232
topology: trianglelist
element[0]:
  SemanticName: POSITION
  SemanticIndex: 0
  Format: R32G32B32_FLOAT
  InputSlot: 0
  AlignedByteOffset: 0
  InputSlotClass: per-vertex
  InstanceDataStepRate: 0
element[1]:
  SemanticName: NORMAL
  SemanticIndex: 0
  Format: R32G32B32_FLOAT
  InputSlot: 0
  AlignedByteOffset: 12
  InputSlotClass: per-vertex
  InstanceDataStepRate: 0
element[2]:
  SemanticName: TANGENT
  SemanticIndex: 0
  Format: R32G32B32A32_FLOAT
  InputSlot: 0
  AlignedByteOffset: 24
  InputSlotClass: per-vertex
  InstanceDataStepRate: 0
element[3]:
  SemanticName: BLENDWEIGHTS
  SemanticIndex: 0
  Format: R32G32B32A32_FLOAT
  InputSlot: 0
  AlignedByteOffset: 40
  InputSlotClass: per-vertex
  InstanceDataStepRate: 0
element[4]:
  SemanticName: BLENDINDICES
  SemanticIndex: 0
  Format: R32G32B32A32_UINT
  InputSlot: 0
  AlignedByteOffset: 56
  InputSlotClass: per-vertex
  InstanceDataStepRate: 0
element[5]:
  SemanticName: COLOR
  SemanticIndex: 0
  Format: R8G8B8A8_UNORM
  InputSlot: 0
  AlignedByteOffset: 72
  InputSlotClass: per-vertex
  InstanceDataStepRate: 0
element[6]:
  SemanticName: TEXCOORD
  SemanticIndex: 0
  Format: R32G32_FLOAT
  InputSlot: 0
  AlignedByteOffset: 76
  InputSlotClass: per-vertex
  InstanceDataStepRate: 0

vertex-data:

vb0[0]+000 POSITION: 0.03957783058285713, 1.371978998184204, 0.08637156337499619
vb0[0]+012 NORMAL: 0.1733754724264145, -0.15188048779964447, 0.9730740785598755
vb0[0]+024 TANGENT: 0.17314547300338745, -0.12954843044281006, 0.9763389825820923, -1.0
vb0[0]+040 BLENDWEIGHTS: 1.0, 0.0, 0.0, 0.0
vb0[0]+056 BLENDINDICES: 1, 0, 0, 0
vb0[0]+072 COLOR: 1.0, 0.5019607843137255, 0.5019607843137255, 0.0
vb0[0]+076 TEXCOORD: 0.05593740940093994, 0.22409190237522125

vb0[1]+000 POSITION: 0.04276344180107117, 1.3874176740646362, 0.09042295068502426
vb0[1]+012 NORMAL: 0.1447332799434662, -0.27898508310317993, 0.9493258595466614
vb0[1]+024 TANGENT: 0.30703896284103394, 0.5305628776550293, 0.7900822758674622, -1.0
vb0[1]+040 BLENDWEIGHTS: 1.0, 0.0, 0.0, 0.0
vb0[1]+056 BLENDINDICES: 1, 0, 0, 0
vb0[1]+072 COLOR: 1.0, 0.5019607843137255, 0.5019607843137255, 0.0
vb0[1]+076 TEXCOORD: 0.05068397521972656, 0.2668569087982178

vb0[2]+000 POSITION: 0.039376672357320786, 1.3879209756851196, 0.09108825773000717
vb0[2]+012 NORMAL: 0.14689362049102783, -0.2789285182952881, 0.9490106701850891
vb0[2]+024 TANGENT: 0.14639481902122498, 0.5641211867332458, 0.8126104474067688, -1.0
vb0[2]+040 BLENDWEIGHTS: 1.0, 0.0, 0.0, 0.0
vb0[2]+056 BLENDINDICES: 1, 0, 0, 0
vb0[2]+072 COLOR: 1.0, 0.5019607843137255, 0.5019607843137255, 0.0
vb0[2]+076 TEXCOORD: 0.05989563465118408, 0.2679133713245392

vb0[3]+000 POSITION: 0.035917479544878006, 1.387628436088562, 0.0915437564253807
vb0[3]+012 NORMAL: 0.1549036204814911, -0.27717125415802, 0.9482516050338745
vb0[3]+024 TANGENT: -0.03147793188691139, 0.5547977685928345, 0.8313895463943481, -1.0
vb0[3]+040 BLENDWEIGHTS: 1.0, 0.0, 0.0, 0.0
vb0[3]+056 BLENDINDICES: 1, 0, 0, 0
vb0[3]+072 COLOR: 1.0, 0.5019607843137255, 0.5019607843137255, 0.0
vb0[3]+076 TEXCOORD: 0.06912648677825928, 0.26676610112190247

vb0[4]+000 POSITION: 0.045819688588380814, 1.3863037824630737, 0.08963090926408768
vb0[4]+012 NORMAL: 0.14080846309661865, -0.27758899331092834, 0.9503248929977417
vb0[4]+024 TANGENT: 0.44645923376083374, 0.472327321767807, 0.759987473487854, -1.0
vb0[4]+040 BLENDWEIGHTS: 1.0, 0.0, 0.0, 0.0
vb0[4]+056 BLENDINDICES: 1, 0, 0, 0
vb0[4]+072 COLOR: 1.0, 0.5019607843137255, 0.5019607843137255, 0.0
vb0[4]+076 TEXCOORD: 0.04223465919494629, 0.26405763626098633

vb0[5]+000 POSITION: 0.04841187223792076, 1.3846404552459717, 0.08877677470445633
vb0[5]+012 NORMAL: 0.13024432957172394, -0.2719935178756714, 0.9534441828727722
vb0[5]+024 TANGENT: 0.5717677474021912, 0.3805234432220459, 0.7268311977386475, -1.0
vb0[5]+040 BLENDWEIGHTS: 1.0, 0.0, 0.0, 0.0
vb0[5]+056 BLENDINDICES: 1, 0, 0, 0
vb0[5]+072 COLOR: 1.0, 0.5019607843137255, 0.5019607843137255, 0.0
vb0[5]+076 TEXCOORD: 0.034937262535095215, 0.2597106695175171

vb0[6]+000 POSITION: 0.03261187672615051, 1.3865101337432861, 0.09177924692630768
vb0[6]+012 NORMAL: 0.17007887363433838, -0.27104273438453674, 0.9474223256111145
vb0[6]+024 TANGENT: -0.1991565078496933, 0.4986761808395386, 0.8435987234115601, -1.0
vb0[6]+040 BLENDWEIGHTS: 1.0, 0.0, 0.0, 0.0
vb0[6]+056 BLENDINDICES: 1, 0, 0, 0
vb0[6]+072 COLOR: 1.0, 0.5019607843137255, 0.5019607843137255, 0.0
vb0[6]+076 TEXCOORD: 0.07779324054718018, 0.26340344548225403

vb0[7]+000 POSITION: 0.05043599009513855, 1.382501482963562, 0.08792019635438919
vb0[7]+012 NORMAL: 0.11538330465555191, -0.2601473033428192, 0.9586500525474548
vb0[7]+024 TANGENT: 0.6687451004981995, 0.2587110996246338, 0.697028398513794, -1.0
vb0[7]+040 BLENDWEIGHTS: 1.0, 0.0, 0.0, 0.0
vb0[7]+056 BLENDINDICES: 1, 0, 0, 0
vb0[7]+072 COLOR: 1.0, 0.5019607843137255, 0.5019607843137255, 0.0
vb0[7]+076 TEXCOORD: 0.029085636138916016, 0.2540381848812103

vb0[8]+000 POSITION: 0.051839444786310196, 1.3800448179244995, 0.0871247947216034
vb0[8]+012 NORMAL: 0.09927136451005936, -0.24107027053833008, 0.9654172658920288
vb0[8]+024 TANGENT: 0.7288104891777039, 0.12572550773620605, 0.6730737686157227, -1.0
vb0[8]+040 BLENDWEIGHTS: 1.0, 0.0, 0.0, 0.0
vb0[8]+056 BLENDINDICES: 1, 0, 0, 0
vb0[8]+072 COLOR: 1.0, 0.5019607843137255, 0.5019607843137255, 0.0
vb0[8]+076 TEXCOORD: 0.024851441383361816, 0.2474689781665802

vb0[9]+000 POSITION: 0.029806897044181824, 1.3847323656082153, 0.09181149303913116
vb0[9]+012 NORMAL: 0.1925252079963684, -0.2565059959888458, 0.9471741318702698
vb0[9]+024 TANGENT: -0.3567070960998535, 0.39956557750701904, 0.8444568514823914, -1.0
vb0[9]+040 BLENDWEIGHTS: 1.0, 0.0, 0.0, 0.0
vb0[9]+056 BLENDINDICES: 1, 0, 0, 0
vb0[9]+072 COLOR: 1.0, 0.5019607843137255, 0.5019607843137255, 0.0
vb0[9]+076 TEXCOORD: 0.08498811721801758, 0.2582935392856598

vb0[10]+000 POSITION: 0.027651913464069366, 1.3822966814041138, 0.09165096282958984
vb0[10]+012 NORMAL: 0.21905343234539032, -0.231767475605011, 0.9477865695953369
vb0[10]+024 TANGENT: -0.4792790710926056, 0.24994148313999176, 0.8413209319114685, -1.0
vb0[10]+040 BLENDWEIGHTS: 1.0, 0.0, 0.0, 0.0
vb0[10]+056 BLENDINDICES: 1, 0, 0, 0
vb0[10]+072 COLOR: 1.0, 0.5019607843137255, 0.5019607843137255, 0.0
vb0[10]+076 TEXCOORD: 0.09035587310791016, 0.25150731205940247

vb0[11]+000 POSITION: 0.05264464393258095, 1.377368688583374, 0.08642224967479706
vb0[11]+012 NORMAL: 0.08545897156000137, -0.2163378894329071, 0.9725711345672607
vb0[11]+024 TANGENT: 0.751317024230957, 0.001515626790933311, 0.6599397659301758, -1.0
vb0[11]+040 BLENDWEIGHTS: 1.0, 0.0, 0.0, 0.0
vb0[11]+056 BLENDINDICES: 1, 0, 0, 0
vb0[11]+072 COLOR: 1.0, 0.5019607843137255, 0.5019607843137255, 0.0
vb0[11]+076 TEXCOORD: 0.022194981575012207, 0.24027059972286224

vb0[12]+000 POSITION: 0.026284489780664444, 1.3794453144073486, 0.09134678542613983
vb0[12]+012 NORMAL: 0.24386420845985413, -0.19839854538440704, 0.9492987990379333
vb0[12]+024 TANGENT: -0.5392645597457886, 0.092926025390625, 0.8369936943054199, -1.0
vb0[12]+040 BLENDWEIGHTS: 1.0, 0.0, 0.0, 0.0
vb0[12]+056 BLENDINDICES: 1, 0, 0, 0
vb0[12]+072 COLOR: 1.0, 0.5019607843137255, 0.5019607843137255, 0.0
vb0[12]+076 TEXCOORD: 0.09359502792358398, 0.24370257556438446

vb0[13]+000 POSITION: 0.025623612105846405, 1.3764625787734985, 0.09097202867269516
vb0[13]+012 NORMAL: 0.26180166006088257, -0.16149966418743134, 0.951513409614563
vb0[13]+024 TANGENT: -0.5529123544692993, -0.036773622035980225, 0.8324275612831116, -1.0
vb0[13]+040 BLENDWEIGHTS: 1.0, 0.0, 0.0, 0.0
vb0[13]+056 BLENDINDICES: 1, 0, 0, 0
vb0[13]+072 COLOR: 1.0, 0.5019607843137255, 0.5019607843137255, 0.0
vb0[13]+076 TEXCOORD: 0.0949554443359375, 0.23561619222164154

vb0[14]+000 POSITION: 0.052934858947992325, 1.3747586011886597, 0.0858631506562233
vb0[14]+012 NORMAL: 0.07650074362754822, -0.18853476643562317, 0.9790823459625244
vb0[14]+024 TANGENT: 0.7516917586326599, -0.0961730033159256, 0.6524648070335388, -1.0
vb0[14]+040 BLENDWEIGHTS: 1.0, 0.0, 0.0, 0.0
vb0[14]+056 BLENDINDICES: 1, 0, 0, 0
vb0[14]+072 COLOR: 1.0, 0.5019607843137255, 0.5019607843137255, 0.0
vb0[14]+076 TEXCOORD: 0.02095973491668701, 0.23321734368801117

vb0[15]+000 POSITION: 0.025537490844726562, 1.373645305633545, 0.09058506041765213
vb0[15]+012 NORMAL: 0.2711346745491028, -0.12765035033226013, 0.9540395140647888
vb0[15]+024 TANGENT: -0.5374157428741455, -0.13131694495677948, 0.833030641078949, -1.0
vb0[15]+040 BLENDWEIGHTS: 1.0, 0.0, 0.0, 0.0
vb0[15]+056 BLENDINDICES: 1, 0, 0, 0
vb0[15]+072 COLOR: 1.0, 0.5019607843137255, 0.5019607843137255, 0.0
vb0[15]+076 TEXCOORD: 0.09482419490814209, 0.22802726924419403

vb0[16]+000 POSITION: 0.05283677577972412, 1.3722268342971802, 0.08542514592409134
vb0[16]+012 NORMAL: 0.07325242459774017, -0.15938477218151093, 0.9844951033592224
vb0[16]+024 TANGENT: 0.7419014573097229, -0.17732733488082886, 0.6466352939605713, -1.0
vb0[16]+040 BLENDWEIGHTS: 1.0, 0.0, 0.0, 0.0
vb0[16]+056 BLENDINDICES: 1, 0, 0, 0
vb0[16]+072 COLOR: 1.0, 0.5019607843137255, 0.5019607843137255, 0.0
vb0[16]+076 TEXCOORD: 0.020815014839172363, 0.22635473310947418

vb0[17]+000 POSITION: 0.052387867122888565, 1.3697811365127563, 0.08510400354862213
vb0[17]+012 NORMAL: 0.07597408443689346, -0.12749259173870087, 0.9889255166053772
vb0[17]+024 TANGENT: 0.7217444181442261, -0.2569538354873657, 0.6426972150802612, -1.0
vb0[17]+040 BLENDWEIGHTS: 1.0, 0.0, 0.0, 0.0
vb0[17]+056 BLENDINDICES: 1, 0, 0, 0
vb0[17]+072 COLOR: 1.0, 0.5019607843137255, 0.5019607843137255, 0.0
vb0[17]+076 TEXCOORD: 0.02165830135345459, 0.21971376240253448

vb0[18]+000 POSITION: 0.051552917808294296, 1.367431402206421, 0.08491015434265137
vb0[18]+012 NORMAL: 0.08483630418777466, -0.09534566849470139, 0.9918225407600403
vb0[18]+024 TANGENT: 0.685361385345459, -0.32660698890686035, 0.6508514881134033, -1.0
vb0[18]+040 BLENDWEIGHTS: 1.0, 0.0, 0.0, 0.0
vb0[18]+056 BLENDINDICES: 1, 0, 0, 0
vb0[18]+072 COLOR: 1.0, 0.5019607843137255, 0.5019607843137255, 0.0
vb0[18]+076 TEXCOORD: 0.023569703102111816, 0.2133137285709381

vb0[19]+000 POSITION: 0.025801487267017365, 1.3709794282913208, 0.09019740670919418
vb0[19]+012 NORMAL: 0.27307674288749695, -0.10219172388315201, 0.9565490484237671
vb0[19]+024 TANGENT: -0.5140647888183594, -0.20184792578220367, 0.8336634635925293, -1.0
vb0[19]+040 BLENDWEIGHTS: 1.0, 0.0, 0.0, 0.0
vb0[19]+056 BLENDINDICES: 1, 0, 0, 0
vb0[19]+072 COLOR: 1.0, 0.5019607843137255, 0.5019607843137255, 0.0
vb0[19]+076 TEXCOORD: 0.09376370906829834, 0.22087441384792328

vb0[20]+000 POSITION: 0.026381829753518105, 1.3684711456298828, 0.08979631960391998
vb0[20]+012 NORMAL: 0.27042877674102783, -0.08067887276411057, 0.959353506565094
vb0[20]+024 TANGENT: -0.47462576627731323, -0.2688209116458893, 0.8381323218345642, -1.0
vb0[20]+040 BLENDWEIGHTS: 1.0, 0.0, 0.0, 0.0
vb0[20]+056 BLENDINDICES: 1, 0, 0, 0
vb0[20]+072 COLOR: 1.0, 0.5019607843137255, 0.5019607843137255, 0.0
vb0[20]+076 TEXCOORD: 0.09186995029449463, 0.21417580544948578

vb0[21]+000 POSITION: 0.027205798774957657, 1.366262674331665, 0.08940745890140533
vb0[21]+012 NORMAL: 0.2622130215167999, -0.055897366255521774, 0.9633898138999939
vb0[21]+024 TANGENT: -0.4238271415233612, -0.3371891379356384, 0.8406391143798828, -1.0
vb0[21]+040 BLENDWEIGHTS: 1.0, 0.0, 0.0, 0.0
vb0[21]+056 BLENDINDICES: 1, 0, 0, 0
vb0[21]+072 COLOR: 1.0, 0.5019607843137255, 0.5019607843137255, 0.0
vb0[21]+076 TEXCOORD: 0.0893549919128418, 0.20831407606601715

vb0[22]+000 POSITION: 0.050421006977558136, 1.3652057647705078, 0.08483437448740005
vb0[22]+012 NORMAL: 0.103347547352314, -0.05988284945487976, 0.9928410053253174
vb0[22]+024 TANGENT: 0.647140622138977, -0.39110004901885986, 0.6544080376625061, -1.0
vb0[22]+040 BLENDWEIGHTS: 1.0, 0.0, 0.0, 0.0
vb0[22]+056 BLENDINDICES: 1, 0, 0, 0
vb0[22]+072 COLOR: 1.0, 0.5019607843137255, 0.5019607843137255, 0.0
vb0[22]+076 TEXCOORD: 0.02634274959564209, 0.2072475403547287

vb0[23]+000 POSITION: 0.028419604524970055, 1.364122748374939, 0.08899131417274475
vb0[23]+012 NORMAL: 0.24742615222930908, -0.0284464992582798, 0.9684891104698181
vb0[23]+024 TANGENT: -0.3548203706741333, -0.42139846086502075, 0.8345812559127808, -1.0
vb0[23]+040 BLENDWEIGHTS: 1.0, 0.0, 0.0, 0.0
vb0[23]+056 BLENDINDICES: 1, 0, 0, 0
vb0[23]+072 COLOR: 1.0, 0.5019607843137255, 0.5019607843137255, 0.0
vb0[23]+076 TEXCOORD: 0.08580517768859863, 0.20268550515174866

vb0[24]+000 POSITION: 0.04892433434724808, 1.3632217645645142, 0.08492990583181381
vb0[24]+012 NORMAL: 0.1317903846502304, -0.02248162403702736, 0.9910225868225098
vb0[24]+024 TANGENT: 0.5813908576965332, -0.4636339843273163, 0.6686016321182251, -1.0
vb0[24]+040 BLENDWEIGHTS: 1.0, 0.0, 0.0, 0.0
vb0[24]+056 BLENDINDICES: 1, 0, 0, 0
vb0[24]+072 COLOR: 1.0, 0.5019607843137255, 0.5019607843137255, 0.0
vb0[24]+076 TEXCOORD: 0.030161142349243164, 0.20182345807552338

vb0[25]+000 POSITION: 0.04706839099526405, 1.3616061210632324, 0.0851990208029747
vb0[25]+012 NORMAL: 0.16500841081142426, 0.007672242820262909, 0.986262321472168
vb0[25]+024 TANGENT: 0.4906412959098816, -0.5324314832687378, 0.6897737979888916, -1.0
vb0[25]+040 BLENDWEIGHTS: 1.0, 0.0, 0.0, 0.0
vb0[25]+056 BLENDINDICES: 1, 0, 0, 0
vb0[25]+072 COLOR: 1.0, 0.5019607843137255, 0.5019607843137255, 0.0
vb0[25]+076 TEXCOORD: 0.03501307964324951, 0.19735485315322876

vb0[26]+000 POSITION: 0.04480249807238579, 1.3603969812393188, 0.08564408868551254
vb0[26]+012 NORMAL: 0.19052807986736298, 0.024306943640112877, 0.9813807606697083
vb0[26]+024 TANGENT: 0.38392016291618347, -0.5808188915252686, 0.7178124189376831, -1.0
vb0[26]+040 BLENDWEIGHTS: 1.0, 0.0, 0.0, 0.0
vb0[26]+056 BLENDINDICES: 1, 0, 0, 0
vb0[26]+072 COLOR: 1.0, 0.5019607843137255, 0.5019607843137255, 0.0
vb0[26]+076 TEXCOORD: 0.04106104373931885, 0.19393961131572723

vb0[27]+000 POSITION: 0.030071619898080826, 1.3623104095458984, 0.08856206387281418
vb0[27]+012 NORMAL: 0.2267303764820099, -0.002261371584609151, 0.973954975605011
vb0[27]+024 TANGENT: -0.25565361976623535, -0.5034872889518738, 0.8253132104873657, -1.0
vb0[27]+040 BLENDWEIGHTS: 1.0, 0.0, 0.0, 0.0
vb0[27]+056 BLENDINDICES: 1, 0, 0, 0
vb0[27]+072 COLOR: 1.0, 0.5019607843137255, 0.5019607843137255, 0.0
vb0[27]+076 TEXCOORD: 0.08114707469940186, 0.1979645937681198

vb0[28]+000 POSITION: 0.032138124108314514, 1.3608886003494263, 0.08812323212623596
vb0[28]+012 NORMAL: 0.20568905770778656, 0.016564389690756798, 0.9784771800041199
vb0[28]+024 TANGENT: -0.143942728638649, -0.564376950263977, 0.812870979309082, -1.0
vb0[28]+040 BLENDWEIGHTS: 1.0, 0.0, 0.0, 0.0
vb0[28]+056 BLENDINDICES: 1, 0, 0, 0
vb0[28]+072 COLOR: 1.0, 0.5019607843137255, 0.5019607843137255, 0.0
vb0[28]+076 TEXCOORD: 0.07543468475341797, 0.19430945813655853

vb0[29]+000 POSITION: 0.034474458545446396, 1.3599517345428467, 0.08768151700496674
vb0[29]+012 NORMAL: 0.18990767002105713, 0.026312321424484253, 0.9814493060112
vb0[29]+024 TANGENT: -0.028262970969080925, -0.6010725498199463, 0.7986946105957031, -1.0
vb0[29]+040 BLENDWEIGHTS: 1.0, 0.0, 0.0, 0.0
vb0[29]+056 BLENDINDICES: 1, 0, 0, 0
vb0[29]+072 COLOR: 1.0, 0.5019607843137255, 0.5019607843137255, 0.0
vb0[29]+076 TEXCOORD: 0.06904947757720947, 0.19195763766765594

vb0[30]+000 POSITION: 0.04228592664003372, 1.3596594333648682, 0.08617731928825378
vb0[30]+012 NORMAL: 0.2000466138124466, 0.02853187918663025, 0.9793708324432373
vb0[30]+024 TANGENT: 0.27491071820259094, -0.6096515655517578, 0.7434709668159485, -1.0
vb0[30]+040 BLENDWEIGHTS: 1.0, 0.0, 0.0, 0.0
vb0[30]+056 BLENDINDICES: 1, 0, 0, 0
vb0[30]+072 COLOR: 1.0, 0.5019607843137255, 0.5019607843137255, 0.0
vb0[30]+076 TEXCOORD: 0.04784393310546875, 0.19175203144550323

vb0[31]+000 POSITION: 0.03702547401189804, 1.3594733476638794, 0.08721839636564255
vb0[31]+012 NORMAL: 0.18450023233890533, 0.028867511078715324, 0.9824084639549255
vb0[31]+024 TANGENT: 0.07788603752851486, -0.6145328879356384, 0.7850369215011597, -1.0
vb0[31]+040 BLENDWEIGHTS: 1.0, 0.0, 0.0, 0.0
vb0[31]+056 BLENDINDICES: 1, 0, 0, 0
vb0[31]+072 COLOR: 1.0, 0.5019607843137255, 0.5019607843137255, 0.0
vb0[31]+076 TEXCOORD: 0.062113285064697266, 0.19084180891513824

vb0[32]+000 POSITION: 0.03966357558965683, 1.3593860864639282, 0.08672329038381577
vb0[32]+012 NORMAL: 0.19291390478610992, 0.028707483783364296, 0.980795681476593
vb0[32]+024 TANGENT: 0.1737198829650879, -0.6153827905654907, 0.7688467502593994, -1.0
vb0[32]+040 BLENDWEIGHTS: 1.0, 0.0, 0.0, 0.0
vb0[32]+056 BLENDINDICES: 1, 0, 0, 0
vb0[32]+072 COLOR: 1.0, 0.5019607843137255, 0.5019607843137255, 0.0
vb0[32]+076 TEXCOORD: 0.054955124855041504, 0.19080089032649994

vb0[33]+000 POSITION: 0.04276344180107117, 1.3874176740646362, 0.09042295068502426
vb0[33]+012 NORMAL: 0.2621079683303833, 0.9559952616691589, 0.13180477917194366
vb0[33]+024 TANGENT: 0.30703896284103394, 0.5305628776550293, 0.7900822758674622, -1.0
vb0[33]+040 BLENDWEIGHTS: 1.0, 0.0, 0.0, 0.0
vb0[33]+056 BLENDINDICES: 1, 0, 0, 0
vb0[33]+072 COLOR: 1.0, 0.5019607843137255, 0.5019607843137255, 0.0
vb0[33]+076 TEXCOORD: 0.05068397521972656, 0.2668569087982178

vb0[34]+000 POSITION: 0.03927589952945709, 1.3881357908248901, 0.08974828571081161
vb0[34]+012 NORMAL: 0.06396546959877014, 0.9862544536590576, 0.1523502618074417
vb0[34]+024 TANGENT: 0.06305753439664841, 0.9862990975379944, 0.15243947505950928, -1.0
vb0[34]+040 BLENDWEIGHTS: 1.0, 0.0, 0.0, 0.0
vb0[34]+056 BLENDINDICES: 1, 0, 0, 0
vb0[34]+072 COLOR: 1.0, 0.5019607843137255, 0.5019607843137255, 0.0
vb0[34]+076 TEXCOORD: 0.05959749221801758, 0.27150148153305054

vb0[35]+000 POSITION: 0.039376672357320786, 1.3879209756851196, 0.09108825773000717
vb0[35]+012 NORMAL: 0.05121195688843727, 0.9868064522743225, 0.15359124541282654
vb0[35]+024 TANGENT: 0.14639481902122498, 0.5641211867332458, 0.8126104474067688, -1.0
vb0[35]+040 BLENDWEIGHTS: 1.0, 0.0, 0.0, 0.0
vb0[35]+056 BLENDINDICES: 1, 0, 0, 0
vb0[35]+072 COLOR: 1.0, 0.5019607843137255, 0.5019607843137255, 0.0
vb0[35]+076 TEXCOORD: 0.05989563465118408, 0.2679133713245392

vb0[36]+000 POSITION: 0.04272247850894928, 1.3876209259033203, 0.08904062956571579
vb0[36]+012 NORMAL: 0.2813740670681, 0.950790524482727, 0.12971483170986176
vb0[36]+024 TANGENT: 0.2825896143913269, 0.9504482746124268, 0.12958085536956787, -1.0
vb0[36]+040 BLENDWEIGHTS: 1.0, 0.0, 0.0, 0.0
vb0[36]+056 BLENDINDICES: 1, 0, 0, 0
vb0[36]+072 COLOR: 1.0, 0.5019607843137255, 0.5019607843137255, 0.0
vb0[36]+076 TEXCOORD: 0.04932105541229248, 0.2703099250793457

vb0[37]+000 POSITION: 0.035757049918174744, 1.38783597946167, 0.09023972600698471
vb0[37]+012 NORMAL: -0.1812433898448944, 0.9676932096481323, 0.1752733588218689
vb0[37]+024 TANGENT: -0.18244275450706482, 0.9674484133720398, 0.17538008093833923, -1.0
vb0[37]+040 BLENDWEIGHTS: 1.0, 0.0, 0.0, 0.0
vb0[37]+056 BLENDINDICES: 1, 0, 0, 0
vb0[37]+072 COLOR: 1.0, 0.5019607843137255, 0.5019607843137255, 0.0
vb0[37]+076 TEXCOORD: 0.0699613094329834, 0.2702634930610657

vb0[38]+000 POSITION: 0.035917479544878006, 1.387628436088562, 0.0915437564253807
vb0[38]+012 NORMAL: -0.18360233306884766, 0.9672102928161621, 0.17548303306102753
vb0[38]+024 TANGENT: -0.03147793188691139, 0.5547977685928345, 0.8313895463943481, -1.0
vb0[38]+040 BLENDWEIGHTS: 1.0, 0.0, 0.0, 0.0
vb0[38]+056 BLENDINDICES: 1, 0, 0, 0
vb0[38]+072 COLOR: 1.0, 0.5019607843137255, 0.5019607843137255, 0.0
vb0[38]+076 TEXCOORD: 0.06912648677825928, 0.26676610112190247

vb0[39]+000 POSITION: 0.045819688588380814, 1.3863037824630737, 0.08963090926408768
vb0[39]+012 NORMAL: 0.4548758864402771, 0.8838136792182922, 0.10936758667230606
vb0[39]+024 TANGENT: 0.44645923376083374, 0.472327321767807, 0.759987473487854, -1.0
vb0[39]+040 BLENDWEIGHTS: 1.0, 0.0, 0.0, 0.0
vb0[39]+056 BLENDINDICES: 1, 0, 0, 0
vb0[39]+072 COLOR: 1.0, 0.5019607843137255, 0.5019607843137255, 0.0
vb0[39]+076 TEXCOORD: 0.04223465919494629, 0.26405763626098633

vb0[40]+000 POSITION: 0.045814190059900284, 1.3864827156066895, 0.08820601552724838
vb0[40]+012 NORMAL: 0.4794340133666992, 0.8711243867874146, 0.1062324121594429
vb0[40]+024 TANGENT: 0.4808390438556671, 0.87037193775177, 0.1060490682721138, -1.0
vb0[40]+040 BLENDWEIGHTS: 1.0, 0.0, 0.0, 0.0
vb0[40]+056 BLENDINDICES: 1, 0, 0, 0
vb0[40]+072 COLOR: 1.0, 0.5019607843137255, 0.5019607843137255, 0.0
vb0[40]+076 TEXCOORD: 0.03995347023010254, 0.2671194076538086

vb0[41]+000 POSITION: 0.04841187223792076, 1.3846404552459717, 0.08877677470445633
vb0[41]+012 NORMAL: 0.6418122053146362, 0.7621986269950867, 0.08444062620401382
vb0[41]+024 TANGENT: 0.5717677474021912, 0.3805234432220459, 0.7268311977386475, -1.0
vb0[41]+040 BLENDWEIGHTS: 1.0, 0.0, 0.0, 0.0
vb0[41]+056 BLENDINDICES: 1, 0, 0, 0
vb0[41]+072 COLOR: 1.0, 0.5019607843137255, 0.5019607843137255, 0.0
vb0[41]+076 TEXCOORD: 0.034937262535095215, 0.2597106695175171

vb0[42]+000 POSITION: 0.04842666536569595, 1.3847873210906982, 0.08731584250926971
vb0[42]+012 NORMAL: 0.667324423789978, 0.7403722405433655, 0.08079004287719727
vb0[42]+024 TANGENT: 0.668481707572937, 0.7393461465835571, 0.08061957359313965, -1.0
vb0[42]+040 BLENDWEIGHTS: 1.0, 0.0, 0.0, 0.0
vb0[42]+056 BLENDINDICES: 1, 0, 0, 0
vb0[42]+072 COLOR: 1.0, 0.5019607843137255, 0.5019607843137255, 0.0
vb0[42]+076 TEXCOORD: 0.03189492225646973, 0.2621530592441559

vb0[43]+000 POSITION: 0.03261187672615051, 1.3865101337432861, 0.09177924692630768
vb0[43]+012 NORMAL: -0.40929391980171204, 0.8914645910263062, 0.19434309005737305
vb0[43]+024 TANGENT: -0.1991565078496933, 0.4986761808395386, 0.8435987234115601, -1.0
vb0[43]+040 BLENDWEIGHTS: 1.0, 0.0, 0.0, 0.0
vb0[43]+056 BLENDINDICES: 1, 0, 0, 0
vb0[43]+072 COLOR: 1.0, 0.5019607843137255, 0.5019607843137255, 0.0
vb0[43]+076 TEXCOORD: 0.07779324054718018, 0.26340344548225403

vb0[44]+000 POSITION: 0.03239491954445839, 1.3866907358169556, 0.09050128608942032
vb0[44]+012 NORMAL: -0.4162348210811615, 0.8881253600120544, 0.19488918781280518
vb0[44]+024 TANGENT: -0.42010805010795593, 0.8862336874008179, 0.1951896995306015, -1.0
vb0[44]+040 BLENDWEIGHTS: 1.0, 0.0, 0.0, 0.0
vb0[44]+056 BLENDINDICES: 1, 0, 0, 0
vb0[44]+072 COLOR: 1.0, 0.5019607843137255, 0.5019607843137255, 0.0
vb0[44]+076 TEXCOORD: 0.0796051025390625, 0.26636120676994324

vb0[45]+000 POSITION: 0.05043599009513855, 1.382501482963562, 0.08792019635438919
vb0[45]+012 NORMAL: 0.8020678758621216, 0.5942074060440063, 0.06003839522600174
vb0[45]+024 TANGENT: 0.6687451004981995, 0.2587110996246338, 0.697028398513794, -1.0
vb0[45]+040 BLENDWEIGHTS: 1.0, 0.0, 0.0, 0.0
vb0[45]+056 BLENDINDICES: 1, 0, 0, 0
vb0[45]+072 COLOR: 1.0, 0.5019607843137255, 0.5019607843137255, 0.0
vb0[45]+076 TEXCOORD: 0.029085636138916016, 0.2540381848812103

vb0[46]+000 POSITION: 0.050463829189538956, 1.3826119899749756, 0.08643487840890884
vb0[46]+012 NORMAL: 0.8221186995506287, 0.5664867162704468, 0.05668953061103821
vb0[46]+024 TANGENT: 0.8231736421585083, 0.5649707913398743, 0.056506749242544174, -1.0
vb0[46]+040 BLENDWEIGHTS: 1.0, 0.0, 0.0, 0.0
vb0[46]+056 BLENDINDICES: 1, 0, 0, 0
vb0[46]+072 COLOR: 1.0, 0.5019607843137255, 0.5019607843137255, 0.0
vb0[46]+076 TEXCOORD: 0.02549922466278076, 0.2557138204574585

vb0[47]+000 POSITION: 0.051839444786310196, 1.3800448179244995, 0.0871247947216034
vb0[47]+012 NORMAL: 0.9168369770050049, 0.3974097669124603, 0.03841150179505348
vb0[47]+024 TANGENT: 0.7288104891777039, 0.12572550773620605, 0.6730737686157227, -1.0
vb0[47]+040 BLENDWEIGHTS: 1.0, 0.0, 0.0, 0.0
vb0[47]+056 BLENDINDICES: 1, 0, 0, 0
vb0[47]+072 COLOR: 1.0, 0.5019607843137255, 0.5019607843137255, 0.0
vb0[47]+076 TEXCOORD: 0.024851441383361816, 0.2474689781665802

vb0[48]+000 POSITION: 0.051871318370103836, 1.380113959312439, 0.08562801778316498
vb0[48]+012 NORMAL: 0.9291244745254517, 0.3680504560470581, 0.03558634594082832
vb0[48]+024 TANGENT: 0.9294023513793945, 0.36735495924949646, 0.03551948070526123, -1.0
vb0[48]+040 BLENDWEIGHTS: 1.0, 0.0, 0.0, 0.0
vb0[48]+056 BLENDINDICES: 1, 0, 0, 0
vb0[48]+072 COLOR: 1.0, 0.5019607843137255, 0.5019607843137255, 0.0
vb0[48]+076 TEXCOORD: 0.020970463752746582, 0.2483396977186203

vb0[49]+000 POSITION: 0.029806897044181824, 1.3847323656082153, 0.09181149303913116
vb0[49]+012 NORMAL: -0.6311747431755066, 0.7469700574874878, 0.20893584191799164
vb0[49]+024 TANGENT: -0.3567070960998535, 0.39956557750701904, 0.8444568514823914, -1.0
vb0[49]+040 BLENDWEIGHTS: 1.0, 0.0, 0.0, 0.0
vb0[49]+056 BLENDINDICES: 1, 0, 0, 0
vb0[49]+072 COLOR: 1.0, 0.5019607843137255, 0.5019607843137255, 0.0
vb0[49]+076 TEXCOORD: 0.08498811721801758, 0.2582935392856598

vb0[50]+000 POSITION: 0.029565205797553062, 1.3848828077316284, 0.09054579585790634
vb0[50]+012 NORMAL: -0.6428403854370117, 0.7367972731590271, 0.20948977768421173
vb0[50]+024 TANGENT: -0.6442752480506897, 0.7355244755744934, 0.20955494046211243, -1.0
vb0[50]+040 BLENDWEIGHTS: 1.0, 0.0, 0.0, 0.0
vb0[50]+056 BLENDINDICES: 1, 0, 0, 0
vb0[50]+072 COLOR: 1.0, 0.5019607843137255, 0.5019607843137255, 0.0
vb0[50]+076 TEXCOORD: 0.0875697135925293, 0.2605496942996979

vb0[51]+000 POSITION: 0.027651913464069366, 1.3822966814041138, 0.09165096282958984
vb0[51]+012 NORMAL: -0.8172023296356201, 0.5350700616836548, 0.21419711410999298
vb0[51]+024 TANGENT: -0.4792790710926056, 0.24994148313999176, 0.8413209319114685, -1.0
vb0[51]+040 BLENDWEIGHTS: 1.0, 0.0, 0.0, 0.0
vb0[51]+056 BLENDINDICES: 1, 0, 0, 0
vb0[51]+072 COLOR: 1.0, 0.5019607843137255, 0.5019607843137255, 0.0
vb0[51]+076 TEXCOORD: 0.09035587310791016, 0.25150731205940247

vb0[52]+000 POSITION: 0.027391105890274048, 1.3824049234390259, 0.09038672596216202
vb0[52]+012 NORMAL: -0.8280565142631531, 0.5181175470352173, 0.214188352227211
vb0[52]+024 TANGENT: -0.828934907913208, 0.5167129039764404, 0.2141837775707245, -1.0
vb0[52]+040 BLENDWEIGHTS: 1.0, 0.0, 0.0, 0.0
vb0[52]+056 BLENDINDICES: 1, 0, 0, 0
vb0[52]+072 COLOR: 1.0, 0.5019607843137255, 0.5019607843137255, 0.0
vb0[52]+076 TEXCOORD: 0.0934901237487793, 0.25288406014442444

vb0[53]+000 POSITION: 0.05264464393258095, 1.377368688583374, 0.08642224967479706
vb0[53]+012 NORMAL: 0.978206992149353, 0.20661954581737518, 0.02048349194228649
vb0[53]+024 TANGENT: 0.751317024230957, 0.001515626790933311, 0.6599397659301758, -1.0
vb0[53]+040 BLENDWEIGHTS: 1.0, 0.0, 0.0, 0.0
vb0[53]+056 BLENDINDICES: 1, 0, 0, 0
vb0[53]+072 COLOR: 1.0, 0.5019607843137255, 0.5019607843137255, 0.0
vb0[53]+076 TEXCOORD: 0.022194981575012207, 0.24027059972286224

vb0[54]+000 POSITION: 0.05266951397061348, 1.3773937225341797, 0.08492336422204971
vb0[54]+012 NORMAL: 0.9829623103141785, 0.18289023637771606, 0.01834104023873806
vb0[54]+024 TANGENT: 0.9835017323493958, 0.1799929141998291, 0.018079400062561035, -1.0
vb0[54]+040 BLENDWEIGHTS: 1.0, 0.0, 0.0, 0.0
vb0[54]+056 BLENDINDICES: 1, 0, 0, 0
vb0[54]+072 COLOR: 1.0, 0.5019607843137255, 0.5019607843137255, 0.0
vb0[54]+076 TEXCOORD: 0.018210649490356445, 0.24041859805583954

vb0[55]+000 POSITION: 0.026284489780664444, 1.3794453144073486, 0.09134678542613983
vb0[55]+012 NORMAL: -0.928623378276825, 0.30592137575149536, 0.20993046462535858
vb0[55]+024 TANGENT: -0.5392645597457886, 0.092926025390625, 0.8369936943054199, -1.0
vb0[55]+040 BLENDWEIGHTS: 1.0, 0.0, 0.0, 0.0
vb0[55]+056 BLENDINDICES: 1, 0, 0, 0
vb0[55]+072 COLOR: 1.0, 0.5019607843137255, 0.5019607843137255, 0.0
vb0[55]+076 TEXCOORD: 0.09359502792358398, 0.24370257556438446

vb0[56]+000 POSITION: 0.026012692600488663, 1.379494547843933, 0.09007420390844345
vb0[56]+012 NORMAL: -0.9349325299263, 0.28655022382736206, 0.209260955452919
vb0[56]+024 TANGENT: -0.9354076981544495, 0.28503620624542236, 0.20920516550540924, -1.0
vb0[56]+040 BLENDWEIGHTS: 1.0, 0.0, 0.0, 0.0
vb0[56]+056 BLENDINDICES: 1, 0, 0, 0
vb0[56]+072 COLOR: 1.0, 0.5019607843137255, 0.5019607843137255, 0.0
vb0[56]+076 TEXCOORD: 0.09701347351074219, 0.24417582154273987

vb0[57]+000 POSITION: 0.025623612105846405, 1.3764625787734985, 0.09097202867269516
vb0[57]+012 NORMAL: -0.9735721349716187, 0.105423703789711, 0.20259112119674683
vb0[57]+024 TANGENT: -0.5529123544692993, -0.036773622035980225, 0.8324275612831116, -1.0
vb0[57]+040 BLENDWEIGHTS: 1.0, 0.0, 0.0, 0.0
vb0[57]+056 BLENDINDICES: 1, 0, 0, 0
vb0[57]+072 COLOR: 1.0, 0.5019607843137255, 0.5019607843137255, 0.0
vb0[57]+076 TEXCOORD: 0.0949554443359375, 0.23561619222164154

vb0[58]+000 POSITION: 0.02535872347652912, 1.3764501810073853, 0.08968658000230789
vb0[58]+012 NORMAL: -0.975554883480072, 0.08659294992685318, 0.20197652280330658
vb0[58]+024 TANGENT: -0.9758620858192444, 0.08333444595336914, 0.20186296105384827, -1.0
vb0[58]+040 BLENDWEIGHTS: 1.0, 0.0, 0.0, 0.0
vb0[58]+056 BLENDINDICES: 1, 0, 0, 0
vb0[58]+072 COLOR: 1.0, 0.5019607843137255, 0.5019607843137255, 0.0
vb0[58]+076 TEXCOORD: 0.09842455387115479, 0.23530252277851105

vb0[59]+000 POSITION: 0.052934858947992325, 1.3747586011886597, 0.0858631506562233
vb0[59]+012 NORMAL: 0.9991095662117004, 0.041706133633852005, 0.006380739156156778
vb0[59]+024 TANGENT: 0.7516917586326599, -0.0961730033159256, 0.6524648070335388, -1.0
vb0[59]+040 BLENDWEIGHTS: 1.0, 0.0, 0.0, 0.0
vb0[59]+056 BLENDINDICES: 1, 0, 0, 0
vb0[59]+072 COLOR: 1.0, 0.5019607843137255, 0.5019607843137255, 0.0
vb0[59]+076 TEXCOORD: 0.02095973491668701, 0.23321734368801117

vb0[60]+000 POSITION: 0.052942875772714615, 1.3747427463531494, 0.08436370640993118
vb0[60]+012 NORMAL: 0.9997236132621765, 0.02298571914434433, 0.004926304332911968
vb0[60]+024 TANGENT: 0.9997548460960388, 0.02160942554473877, 0.004819273483008146, -1.0
vb0[60]+040 BLENDWEIGHTS: 1.0, 0.0, 0.0, 0.0
vb0[60]+056 BLENDINDICES: 1, 0, 0, 0
vb0[60]+072 COLOR: 1.0, 0.5019607843137255, 0.5019607843137255, 0.0
vb0[60]+076 TEXCOORD: 0.01699244976043701, 0.23275837302207947

vb0[61]+000 POSITION: 0.025537490844726562, 1.373645305633545, 0.09058506041765213
vb0[61]+012 NORMAL: -0.9780669212341309, -0.05274718627333641, 0.2015017569065094
vb0[61]+024 TANGENT: -0.5374157428741455, -0.13131694495677948, 0.833030641078949, -1.0
vb0[61]+040 BLENDWEIGHTS: 1.0, 0.0, 0.0, 0.0
vb0[61]+056 BLENDINDICES: 1, 0, 0, 0
vb0[61]+072 COLOR: 1.0, 0.5019607843137255, 0.5019607843137255, 0.0
vb0[61]+076 TEXCOORD: 0.09482419490814209, 0.22802726924419403

vb0[62]+000 POSITION: 0.025279225781559944, 1.3735705614089966, 0.08928507566452026
vb0[62]+012 NORMAL: -0.9769827127456665, -0.06769802421331406, 0.20229144394397736
vb0[62]+024 TANGENT: -0.9768815636634827, -0.06895291060209274, 0.2023557424545288, -1.0
vb0[62]+040 BLENDWEIGHTS: 1.0, 0.0, 0.0, 0.0
vb0[62]+056 BLENDINDICES: 1, 0, 0, 0
vb0[62]+072 COLOR: 1.0, 0.5019607843137255, 0.5019607843137255, 0.0
vb0[62]+076 TEXCOORD: 0.09822797775268555, 0.22706519067287445

vb0[63]+000 POSITION: 0.05283677577972412, 1.3722268342971802, 0.08542514592409134
vb0[63]+012 NORMAL: 0.9946088790893555, -0.103680320084095, -0.0018744566477835178
vb0[63]+024 TANGENT: 0.7419014573097229, -0.17732733488082886, 0.6466352939605713, -1.0
vb0[63]+040 BLENDWEIGHTS: 1.0, 0.0, 0.0, 0.0
vb0[63]+056 BLENDINDICES: 1, 0, 0, 0
vb0[63]+072 COLOR: 1.0, 0.5019607843137255, 0.5019607843137255, 0.0
vb0[63]+076 TEXCOORD: 0.020815014839172363, 0.22635473310947418

vb0[64]+000 POSITION: 0.05282548442482948, 1.372175693511963, 0.08391887694597244
vb0[64]+012 NORMAL: 0.992747962474823, -0.12019196152687073, -0.002339150058105588
vb0[64]+024 TANGENT: 0.9926921725273132, -0.12065179646015167, -0.0023521187249571085, -1.0
vb0[64]+040 BLENDWEIGHTS: 1.0, 0.0, 0.0, 0.0
vb0[64]+056 BLENDINDICES: 1, 0, 0, 0
vb0[64]+072 COLOR: 1.0, 0.5019607843137255, 0.5019607843137255, 0.0
vb0[64]+076 TEXCOORD: 0.016922593116760254, 0.22536005079746246

vb0[65]+000 POSITION: 0.052387867122888565, 1.3697811365127563, 0.08510400354862213
vb0[65]+012 NORMAL: 0.9678758382797241, -0.251428484916687, 2.754712841124274e-05
vb0[65]+024 TANGENT: 0.7217444181442261, -0.2569538354873657, 0.6426972150802612, -1.0
vb0[65]+040 BLENDWEIGHTS: 1.0, 0.0, 0.0, 0.0
vb0[65]+056 BLENDINDICES: 1, 0, 0, 0
vb0[65]+072 COLOR: 1.0, 0.5019607843137255, 0.5019607843137255, 0.0
vb0[65]+076 TEXCOORD: 0.02165830135345459, 0.21971376240253448

vb0[66]+000 POSITION: 0.05236175283789635, 1.3696976900100708, 0.0835811048746109
vb0[66]+012 NORMAL: 0.9636142253875732, -0.2672951817512512, 0.0009717713110148907
vb0[66]+024 TANGENT: 0.9637917280197144, -0.26665598154067993, 0.0, -1.0
vb0[66]+040 BLENDWEIGHTS: 1.0, 0.0, 0.0, 0.0
vb0[66]+056 BLENDINDICES: 1, 0, 0, 0
vb0[66]+072 COLOR: 1.0, 0.5019607843137255, 0.5019607843137255, 0.0
vb0[66]+076 TEXCOORD: 0.017892122268676758, 0.21820425987243652

vb0[67]+000 POSITION: 0.051552917808294296, 1.367431402206421, 0.08491015434265137
vb0[67]+012 NORMAL: 0.9214378595352173, -0.3882470726966858, 0.014713361859321594
vb0[67]+024 TANGENT: 0.685361385345459, -0.32660698890686035, 0.6508514881134033, -1.0
vb0[67]+040 BLENDWEIGHTS: 1.0, 0.0, 0.0, 0.0
vb0[67]+056 BLENDINDICES: 1, 0, 0, 0
vb0[67]+072 COLOR: 1.0, 0.5019607843137255, 0.5019607843137255, 0.0
vb0[67]+076 TEXCOORD: 0.023569703102111816, 0.2133137285709381

vb0[68]+000 POSITION: 0.051524817943573, 1.367315649986267, 0.08336002379655838
vb0[68]+012 NORMAL: 0.9171766042709351, -0.39813944697380066, 0.016498086974024773
vb0[68]+024 TANGENT: 0.9175236821174622, -0.39734458923339844, 0.01635443978011608, -1.0
vb0[68]+040 BLENDWEIGHTS: 1.0, 0.0, 0.0, 0.0
vb0[68]+056 BLENDINDICES: 1, 0, 0, 0
vb0[68]+072 COLOR: 1.0, 0.5019607843137255, 0.5019607843137255, 0.0
vb0[68]+076 TEXCOORD: 0.01992940902709961, 0.21132443845272064

vb0[69]+000 POSITION: 0.025801487267017365, 1.3709794282913208, 0.09019740670919418
vb0[69]+012 NORMAL: -0.960017740726471, -0.17611607909202576, 0.2175988107919693
vb0[69]+024 TANGENT: -0.5140647888183594, -0.20184792578220367, 0.8336634635925293, -1.0
vb0[69]+040 BLENDWEIGHTS: 1.0, 0.0, 0.0, 0.0
vb0[69]+056 BLENDINDICES: 1, 0, 0, 0
vb0[69]+072 COLOR: 1.0, 0.5019607843137255, 0.5019607843137255, 0.0
vb0[69]+076 TEXCOORD: 0.09376370906829834, 0.22087441384792328

vb0[70]+000 POSITION: 0.025534650310873985, 1.3708431720733643, 0.08888111263513565
vb0[70]+012 NORMAL: -0.9558559656143188, -0.1929820030927658, 0.22157947719097137
vb0[70]+024 TANGENT: -0.9556756019592285, -0.19368445873260498, 0.22174407541751862, -1.0
vb0[70]+040 BLENDWEIGHTS: 1.0, 0.0, 0.0, 0.0
vb0[70]+056 BLENDINDICES: 1, 0, 0, 0
vb0[70]+072 COLOR: 1.0, 0.5019607843137255, 0.5019607843137255, 0.0
vb0[70]+076 TEXCOORD: 0.09702599048614502, 0.21935273706912994

vb0[71]+000 POSITION: 0.026381829753518105, 1.3684711456298828, 0.08979631960391998
vb0[71]+012 NORMAL: -0.9209398627281189, -0.29662710428237915, 0.2527490556240082
vb0[71]+024 TANGENT: -0.47462576627731323, -0.2688209116458893, 0.8381323218345642, -1.0
vb0[71]+040 BLENDWEIGHTS: 1.0, 0.0, 0.0, 0.0
vb0[71]+056 BLENDINDICES: 1, 0, 0, 0
vb0[71]+072 COLOR: 1.0, 0.5019607843137255, 0.5019607843137255, 0.0
vb0[71]+076 TEXCOORD: 0.09186995029449463, 0.21417580544948578

vb0[72]+000 POSITION: 0.02607562020421028, 1.3682774305343628, 0.08845824003219604
vb0[72]+012 NORMAL: -0.9131866097450256, -0.3144039809703827, 0.2593074142932892
vb0[72]+024 TANGENT: -0.9123536944389343, -0.31625548005104065, 0.2599870264530182, -1.0
vb0[72]+040 BLENDWEIGHTS: 1.0, 0.0, 0.0, 0.0
vb0[72]+056 BLENDINDICES: 1, 0, 0, 0
vb0[72]+072 COLOR: 1.0, 0.5019607843137255, 0.5019607843137255, 0.0
vb0[72]+076 TEXCOORD: 0.09496653079986572, 0.21214334666728973

vb0[73]+000 POSITION: 0.027205798774957657, 1.366262674331665, 0.08940745890140533
vb0[73]+012 NORMAL: -0.8514341711997986, -0.43239641189575195, 0.296804815530777
vb0[73]+024 TANGENT: -0.4238271415233612, -0.3371891379356384, 0.8406391143798828, -1.0
vb0[73]+040 BLENDWEIGHTS: 1.0, 0.0, 0.0, 0.0
vb0[73]+056 BLENDINDICES: 1, 0, 0, 0
vb0[73]+072 COLOR: 1.0, 0.5019607843137255, 0.5019607843137255, 0.0
vb0[73]+076 TEXCOORD: 0.0893549919128418, 0.20831407606601715

vb0[74]+000 POSITION: 0.026842530816793442, 1.3660272359848022, 0.08804456144571304
vb0[74]+012 NORMAL: -0.8399760127067566, -0.4509230852127075, 0.30184224247932434
vb0[74]+024 TANGENT: -0.8417391180992126, -0.44813042879104614, 0.30108872056007385, -1.0
vb0[74]+040 BLENDWEIGHTS: 1.0, 0.0, 0.0, 0.0
vb0[74]+056 BLENDINDICES: 1, 0, 0, 0
vb0[74]+072 COLOR: 1.0, 0.5019607843137255, 0.5019607843137255, 0.0
vb0[74]+076 TEXCOORD: 0.09226584434509277, 0.20583242177963257

vb0[75]+000 POSITION: 0.050421006977558136, 1.3652057647705078, 0.08483437448740005
vb0[75]+012 NORMAL: 0.8535702228546143, -0.5191131830215454, 0.04403910040855408
vb0[75]+024 TANGENT: 0.647140622138977, -0.39110004901885986, 0.6544080376625061, -1.0
vb0[75]+040 BLENDWEIGHTS: 1.0, 0.0, 0.0, 0.0
vb0[75]+056 BLENDINDICES: 1, 0, 0, 0
vb0[75]+072 COLOR: 1.0, 0.5019607843137255, 0.5019607843137255, 0.0
vb0[75]+076 TEXCOORD: 0.02634274959564209, 0.2072475403547287

vb0[76]+000 POSITION: 0.05038626492023468, 1.3650169372558594, 0.08326014131307602
vb0[76]+012 NORMAL: 0.8470250368118286, -0.5294889211654663, 0.04679747298359871
vb0[76]+024 TANGENT: 0.8474047780036926, -0.5288951396942139, 0.04663920775055885, -1.0
vb0[76]+040 BLENDWEIGHTS: 1.0, 0.0, 0.0, 0.0
vb0[76]+056 BLENDINDICES: 1, 0, 0, 0
vb0[76]+072 COLOR: 1.0, 0.5019607843137255, 0.5019607843137255, 0.0
vb0[76]+076 TEXCOORD: 0.022968053817749023, 0.20470304787158966

vb0[77]+000 POSITION: 0.028419604524970055, 1.364122748374939, 0.08899131417274475
vb0[77]+012 NORMAL: -0.7406198978424072, -0.5881207585334778, 0.32495564222335815
vb0[77]+024 TANGENT: -0.3548203706741333, -0.42139846086502075, 0.8345812559127808, -1.0
vb0[77]+040 BLENDWEIGHTS: 1.0, 0.0, 0.0, 0.0
vb0[77]+056 BLENDINDICES: 1, 0, 0, 0
vb0[77]+072 COLOR: 1.0, 0.5019607843137255, 0.5019607843137255, 0.0
vb0[77]+076 TEXCOORD: 0.08580517768859863, 0.20268550515174866

vb0[78]+000 POSITION: 0.028019418939948082, 1.3638447523117065, 0.08759701251983643
vb0[78]+012 NORMAL: -0.7257694005966187, -0.6055758595466614, 0.32639968395233154
vb0[78]+024 TANGENT: -0.7273838520050049, -0.6037150621414185, 0.32625269889831543, -1.0
vb0[78]+040 BLENDWEIGHTS: 1.0, 0.0, 0.0, 0.0
vb0[78]+056 BLENDINDICES: 1, 0, 0, 0
vb0[78]+072 COLOR: 1.0, 0.5019607843137255, 0.5019607843137255, 0.0
vb0[78]+076 TEXCOORD: 0.08840370178222656, 0.19973188638687134

vb0[79]+000 POSITION: 0.04892433434724808, 1.3632217645645142, 0.08492990583181381
vb0[79]+012 NORMAL: 0.7404352426528931, -0.6663944125175476, 0.08760170638561249
vb0[79]+024 TANGENT: 0.5813908576965332, -0.4636339843273163, 0.6686016321182251, -1.0
vb0[79]+040 BLENDWEIGHTS: 1.0, 0.0, 0.0, 0.0
vb0[79]+056 BLENDINDICES: 1, 0, 0, 0
vb0[79]+072 COLOR: 1.0, 0.5019607843137255, 0.5019607843137255, 0.0
vb0[79]+076 TEXCOORD: 0.030161142349243164, 0.20182345807552338

vb0[80]+000 POSITION: 0.048876646906137466, 1.3629578351974487, 0.08334340155124664
vb0[80]+012 NORMAL: 0.7343800663948059, -0.672782838344574, 0.0897180587053299
vb0[80]+024 TANGENT: 0.7347124814987183, -0.6724349856376648, 0.08960258215665817, -1.0
vb0[80]+040 BLENDWEIGHTS: 1.0, 0.0, 0.0, 0.0
vb0[80]+056 BLENDINDICES: 1, 0, 0, 0
vb0[80]+072 COLOR: 1.0, 0.5019607843137255, 0.5019607843137255, 0.0
vb0[80]+076 TEXCOORD: 0.027188777923583984, 0.19875316321849823

vb0[81]+000 POSITION: 0.04706839099526405, 1.3616061210632324, 0.0851990208029747
vb0[81]+012 NORMAL: 0.5805360674858093, -0.8027059435844421, 0.13653235137462616
vb0[81]+024 TANGENT: 0.4906412959098816, -0.5324314832687378, 0.6897737979888916, -1.0
vb0[81]+040 BLENDWEIGHTS: 1.0, 0.0, 0.0, 0.0
vb0[81]+056 BLENDINDICES: 1, 0, 0, 0
vb0[81]+072 COLOR: 1.0, 0.5019607843137255, 0.5019607843137255, 0.0
vb0[81]+076 TEXCOORD: 0.03501307964324951, 0.19735485315322876

vb0[82]+000 POSITION: 0.04699207842350006, 1.361276626586914, 0.08361182361841202
vb0[82]+012 NORMAL: 0.5787060856819153, -0.8039429187774658, 0.13702212274074554
vb0[82]+024 TANGENT: 0.5811073780059814, -0.8023184537887573, 0.13637910783290863, -1.0
vb0[82]+040 BLENDWEIGHTS: 1.0, 0.0, 0.0, 0.0
vb0[82]+056 BLENDINDICES: 1, 0, 0, 0
vb0[82]+072 COLOR: 1.0, 0.5019607843137255, 0.5019607843137255, 0.0
vb0[82]+076 TEXCOORD: 0.032590389251708984, 0.1938755363225937

vb0[83]+000 POSITION: 0.04468968138098717, 1.3600307703018188, 0.08406364172697067
vb0[83]+012 NORMAL: 0.40594395995140076, -0.8964918851852417, 0.17751547694206238
vb0[83]+024 TANGENT: 0.40698501467704773, -0.8960620760917664, 0.17730174958705902, -1.0
vb0[83]+040 BLENDWEIGHTS: 1.0, 0.0, 0.0, 0.0
vb0[83]+056 BLENDINDICES: 1, 0, 0, 0
vb0[83]+072 COLOR: 1.0, 0.5019607843137255, 0.5019607843137255, 0.0
vb0[83]+076 TEXCOORD: 0.039179205894470215, 0.19006286561489105

vb0[84]+000 POSITION: 0.04480249807238579, 1.3603969812393188, 0.08564408868551254
vb0[84]+012 NORMAL: 0.4021458029747009, -0.8980482220649719, 0.17829246819019318
vb0[84]+024 TANGENT: 0.38392016291618347, -0.5808188915252686, 0.7178124189376831, -1.0
vb0[84]+040 BLENDWEIGHTS: 1.0, 0.0, 0.0, 0.0
vb0[84]+056 BLENDINDICES: 1, 0, 0, 0
vb0[84]+072 COLOR: 1.0, 0.5019607843137255, 0.5019607843137255, 0.0
vb0[84]+076 TEXCOORD: 0.04106104373931885, 0.19393961131572723

vb0[85]+000 POSITION: 0.030071619898080826, 1.3623104095458984, 0.08856206387281418
vb0[85]+012 NORMAL: -0.5820813179016113, -0.7431642413139343, 0.32998237013816833
vb0[85]+024 TANGENT: -0.25565361976623535, -0.5034872889518738, 0.8253132104873657, -1.0
vb0[85]+040 BLENDWEIGHTS: 1.0, 0.0, 0.0, 0.0
vb0[85]+056 BLENDINDICES: 1, 0, 0, 0
vb0[85]+072 COLOR: 1.0, 0.5019607843137255, 0.5019607843137255, 0.0
vb0[85]+076 TEXCOORD: 0.08114707469940186, 0.1979645937681198

vb0[86]+000 POSITION: 0.029686275869607925, 1.361970067024231, 0.08712601661682129
vb0[86]+012 NORMAL: -0.5681979656219482, -0.7540292739868164, 0.3295314311981201
vb0[86]+024 TANGENT: -0.5704905986785889, -0.752260684967041, 0.32961246371269226, -1.0
vb0[86]+040 BLENDWEIGHTS: 1.0, 0.0, 0.0, 0.0
vb0[86]+056 BLENDINDICES: 1, 0, 0, 0
vb0[86]+072 COLOR: 1.0, 0.5019607843137255, 0.5019607843137255, 0.0
vb0[86]+076 TEXCOORD: 0.08324182033538818, 0.1944897174835205

vb0[87]+000 POSITION: 0.032138124108314514, 1.3608886003494263, 0.08812323212623596
vb0[87]+012 NORMAL: -0.4020765423774719, -0.8586694598197937, 0.3178383409976959
vb0[87]+024 TANGENT: -0.143942728638649, -0.564376950263977, 0.812870979309082, -1.0
vb0[87]+040 BLENDWEIGHTS: 1.0, 0.0, 0.0, 0.0
vb0[87]+056 BLENDINDICES: 1, 0, 0, 0
vb0[87]+072 COLOR: 1.0, 0.5019607843137255, 0.5019607843137255, 0.0
vb0[87]+076 TEXCOORD: 0.07543468475341797, 0.19430945813655853

vb0[88]+000 POSITION: 0.031787365674972534, 1.3605060577392578, 0.08665354549884796
vb0[88]+012 NORMAL: -0.3917488157749176, -0.8638207912445068, 0.31677502393722534
vb0[88]+024 TANGENT: -0.3928924798965454, -0.8632574081420898, 0.3168945014476776, -1.0
vb0[88]+040 BLENDWEIGHTS: 1.0, 0.0, 0.0, 0.0
vb0[88]+056 BLENDINDICES: 1, 0, 0, 0
vb0[88]+072 COLOR: 1.0, 0.5019607843137255, 0.5019607843137255, 0.0
vb0[88]+076 TEXCOORD: 0.07691633701324463, 0.19044455885887146

vb0[89]+000 POSITION: 0.034474458545446396, 1.3599517345428467, 0.08768151700496674
vb0[89]+012 NORMAL: -0.2166815996170044, -0.9308567047119141, 0.29420205950737
vb0[89]+024 TANGENT: -0.028262970969080925, -0.6010725498199463, 0.7986946105957031, -1.0
vb0[89]+040 BLENDWEIGHTS: 1.0, 0.0, 0.0, 0.0
vb0[89]+056 BLENDINDICES: 1, 0, 0, 0
vb0[89]+072 COLOR: 1.0, 0.5019607843137255, 0.5019607843137255, 0.0
vb0[89]+076 TEXCOORD: 0.06904947757720947, 0.19195763766765594

vb0[90]+000 POSITION: 0.03417352959513664, 1.359546422958374, 0.08618436008691788
vb0[90]+012 NORMAL: -0.20996861159801483, -0.9327160120010376, 0.29317915439605713
vb0[90]+024 TANGENT: -0.21185149252414703, -0.9321995377540588, 0.2934674322605133, -1.0
vb0[90]+040 BLENDWEIGHTS: 1.0, 0.0, 0.0, 0.0
vb0[90]+056 BLENDINDICES: 1, 0, 0, 0
vb0[90]+072 COLOR: 1.0, 0.5019607843137255, 0.5019607843137255, 0.0
vb0[90]+076 TEXCOORD: 0.069854736328125, 0.18784195184707642

vb0[91]+000 POSITION: 0.042132921516895294, 1.3592748641967773, 0.0846097320318222
vb0[91]+012 NORMAL: 0.23588493466377258, -0.9488683342933655, 0.20977899432182312
vb0[91]+024 TANGENT: 0.23590244352817535, -0.9488646984100342, 0.20977593958377838, -1.0
vb0[91]+040 BLENDWEIGHTS: 1.0, 0.0, 0.0, 0.0
vb0[91]+056 BLENDINDICES: 1, 0, 0, 0
vb0[91]+072 COLOR: 1.0, 0.5019607843137255, 0.5019607843137255, 0.0
vb0[91]+076 TEXCOORD: 0.04660999774932861, 0.18762722611427307

vb0[92]+000 POSITION: 0.04228592664003372, 1.3596594333648682, 0.08617731928825378
vb0[92]+012 NORMAL: 0.22946207225322723, -0.9501917362213135, 0.2109096199274063
vb0[92]+024 TANGENT: 0.27491071820259094, -0.6096515655517578, 0.7434709668159485, -1.0
vb0[92]+040 BLENDWEIGHTS: 1.0, 0.0, 0.0, 0.0
vb0[92]+056 BLENDINDICES: 1, 0, 0, 0
vb0[92]+072 COLOR: 1.0, 0.5019607843137255, 0.5019607843137255, 0.0
vb0[92]+076 TEXCOORD: 0.04784393310546875, 0.19175203144550323

vb0[93]+000 POSITION: 0.03702547401189804, 1.3594733476638794, 0.08721839636564255
vb0[93]+012 NORMAL: -0.05485297739505768, -0.9624778032302856, 0.2657586336135864
vb0[93]+024 TANGENT: 0.07788603752851486, -0.6145328879356384, 0.7850369215011597, -1.0
vb0[93]+040 BLENDWEIGHTS: 1.0, 0.0, 0.0, 0.0
vb0[93]+056 BLENDINDICES: 1, 0, 0, 0
vb0[93]+072 COLOR: 1.0, 0.5019607843137255, 0.5019607843137255, 0.0
vb0[93]+076 TEXCOORD: 0.062113285064697266, 0.19084180891513824

vb0[94]+000 POSITION: 0.03677495941519737, 1.3590660095214844, 0.08569769561290741
vb0[94]+012 NORMAL: -0.05042634159326553, -0.9629647135734558, 0.2648703157901764
vb0[94]+024 TANGENT: -0.051445722579956055, -0.962854266166687, 0.26507532596588135, -1.0
vb0[94]+040 BLENDWEIGHTS: 1.0, 0.0, 0.0, 0.0
vb0[94]+056 BLENDINDICES: 1, 0, 0, 0
vb0[94]+072 COLOR: 1.0, 0.5019607843137255, 0.5019607843137255, 0.0
vb0[94]+076 TEXCOORD: 0.06224989891052246, 0.18660536408424377

vb0[95]+000 POSITION: 0.03966357558965683, 1.3593860864639282, 0.08672329038381577
vb0[95]+012 NORMAL: 0.08150529861450195, -0.967775821685791, 0.23825818300247192
vb0[95]+024 TANGENT: 0.1737198829650879, -0.6153827905654907, 0.7688467502593994, -1.0
vb0[95]+040 BLENDWEIGHTS: 1.0, 0.0, 0.0, 0.0
vb0[95]+056 BLENDINDICES: 1, 0, 0, 0
vb0[95]+072 COLOR: 1.0, 0.5019607843137255, 0.5019607843137255, 0.0
vb0[95]+076 TEXCOORD: 0.054955124855041504, 0.19080089032649994

vb0[96]+000 POSITION: 0.03946702554821968, 1.3589913845062256, 0.08517522364854813
vb0[96]+012 NORMAL: 0.08650989085435867, -0.9675886034965515, 0.23725146055221558
vb0[96]+024 TANGENT: 0.08624511957168579, -0.9675992131233215, 0.2373049408197403, -1.0
vb0[96]+040 BLENDWEIGHTS: 1.0, 0.0, 0.0, 0.0
vb0[96]+056 BLENDINDICES: 1, 0, 0, 0
vb0[96]+072 COLOR: 1.0, 0.5019607843137255, 0.5019607843137255, 0.0
vb0[96]+076 TEXCOORD: 0.05440163612365723, 0.18655556440353394

vb0[97]+000 POSITION: -0.048753611743450165, 1.3764615058898926, 0.08786563575267792
vb0[97]+012 NORMAL: -0.1622098684310913, -0.2539495825767517, 0.9535185694694519
vb0[97]+024 TANGENT: -0.06995368003845215, -0.25625455379486084, 0.9640747308731079, -1.0
vb0[97]+040 BLENDWEIGHTS: 1.0, 0.0, 0.0, 0.0
vb0[97]+056 BLENDINDICES: 0, 0, 0, 0
vb0[97]+072 COLOR: 1.0, 0.5019607843137255, 0.5019607843137255, 0.0
vb0[97]+076 TEXCOORD: 0.01966702938079834, 0.2751699984073639

vb0[98]+000 POSITION: -0.048322614282369614, 1.3760650157928467, 0.08777826279401779
vb0[98]+012 NORMAL: -0.14230388402938843, -0.25300756096839905, 0.9569413065910339
vb0[98]+024 TANGENT: -0.03766798600554466, -0.28716912865638733, 0.9571389555931091, -1.0
vb0[98]+040 BLENDWEIGHTS: 1.0, 0.0, 0.0, 0.0
vb0[98]+056 BLENDINDICES: 0, 0, 0, 0
vb0[98]+072 COLOR: 1.0, 0.5019607843137255, 0.5019607843137255, 0.0
vb0[98]+076 TEXCOORD: 0.019320964813232422, 0.276623010635376

vb0[99]+000 POSITION: -0.04678817465901375, 1.377942442893982, 0.08840187638998032
vb0[99]+012 NORMAL: -0.1374596655368805, -0.19359134137630463, 0.9714047908782959
vb0[99]+024 TANGENT: -0.015223503112792969, -0.2609294056892395, 0.9652378559112549, -1.0
vb0[99]+040 BLENDWEIGHTS: 1.0, 0.0, 0.0, 0.0
vb0[99]+056 BLENDINDICES: 0, 0, 0, 0
vb0[99]+072 COLOR: 1.0, 0.5019607843137255, 0.5019607843137255, 0.0
vb0[99]+076 TEXCOORD: 0.025776028633117676, 0.2772339880466461

vb0[100]+000 POSITION: -0.047697924077510834, 1.3759105205535889, 0.08773783594369888
vb0[100]+012 NORMAL: -0.11162514984607697, -0.2239968478679657, 0.9681762456893921
vb0[100]+024 TANGENT: 0.0047352914698421955, -0.3125815987586975, 0.9498790502548218, -1.0
vb0[100]+040 BLENDWEIGHTS: 1.0, 0.0, 0.0, 0.0
vb0[100]+056 BLENDINDICES: 0, 0, 0, 0
vb0[100]+072 COLOR: 1.0, 0.5019607843137255, 0.5019607843137255, 0.0
vb0[100]+076 TEXCOORD: 0.019775032997131348, 0.2781600058078766

vb0[101]+000 POSITION: -0.04692244529724121, 1.3760329484939575, 0.08775023370981216
vb0[101]+012 NORMAL: -0.06942065060138702, -0.15753544867038727, 0.9850702285766602
vb0[101]+024 TANGENT: 0.0579301118850708, -0.32605382800102234, 0.9435745477676392, -1.0
vb0[101]+040 BLENDWEIGHTS: 1.0, 0.0, 0.0, 0.0
vb0[101]+056 BLENDINDICES: 0, 0, 0, 0
vb0[101]+072 COLOR: 1.0, 0.5019607843137255, 0.5019607843137255, 0.0
vb0[101]+076 TEXCOORD: 0.02100694179534912, 0.27966099977493286

vb0[102]+000 POSITION: -0.046147942543029785, 1.3764681816101074, 0.0878220647573471
vb0[102]+012 NORMAL: -0.05493122339248657, -0.13500626385211945, 0.9893208742141724
vb0[102]+024 TANGENT: 0.09500061720609665, -0.3283710181713104, 0.9397591948509216, -1.0
vb0[102]+040 BLENDWEIGHTS: 1.0, 0.0, 0.0, 0.0
vb0[102]+056 BLENDINDICES: 0, 0, 0, 0
vb0[102]+072 COLOR: 1.0, 0.5019607843137255, 0.5019607843137255, 0.0
vb0[102]+076 TEXCOORD: 0.02298605442047119, 0.28073999285697937

vb0[103]+000 POSITION: -0.0454612635076046, 1.3771693706512451, 0.08800053596496582
vb0[103]+012 NORMAL: -0.05489404499530792, -0.1593477427959442, 0.9856951832771301
vb0[103]+024 TANGENT: 0.08196520060300827, -0.3448319435119629, 0.9350789189338684, -1.0
vb0[103]+040 BLENDWEIGHTS: 1.0, 0.0, 0.0, 0.0
vb0[103]+056 BLENDINDICES: 0, 0, 0, 0
vb0[103]+072 COLOR: 1.0, 0.5019607843137255, 0.5019607843137255, 0.0
vb0[103]+076 TEXCOORD: 0.025462031364440918, 0.2813520133495331

vb0[104]+000 POSITION: -0.0449872761964798, 1.3779163360595703, 0.08825116604566574
vb0[104]+012 NORMAL: -0.05482631176710129, -0.17541055381298065, 0.9829675555229187
vb0[104]+024 TANGENT: 0.07295680046081543, -0.35198304057121277, 0.9331587553024292, -1.0
vb0[104]+040 BLENDWEIGHTS: 1.0, 0.0, 0.0, 0.0
vb0[104]+056 BLENDINDICES: 0, 0, 0, 0
vb0[104]+072 COLOR: 1.0, 0.5019607843137255, 0.5019607843137255, 0.0
vb0[104]+076 TEXCOORD: 0.027827978134155273, 0.2813259959220886

vb0[105]+000 POSITION: -0.044820744544267654, 1.3785544633865356, 0.08847595751285553
vb0[105]+012 NORMAL: -0.06675970554351807, -0.1567067950963974, 0.9853862524032593
vb0[105]+024 TANGENT: 0.062466684728860855, -0.3153744339942932, 0.9469090700149536, -1.0
vb0[105]+040 BLENDWEIGHTS: 1.0, 0.0, 0.0, 0.0
vb0[105]+056 BLENDINDICES: 0, 0, 0, 0
vb0[105]+072 COLOR: 1.0, 0.5019607843137255, 0.5019607843137255, 0.0
vb0[105]+076 TEXCOORD: 0.029549002647399902, 0.2808299958705902

vb0[106]+000 POSITION: -0.044888485223054886, 1.3791252374649048, 0.08865705132484436
vb0[106]+012 NORMAL: -0.0950424075126648, -0.13990134000778198, 0.9855934977531433
vb0[106]+024 TANGENT: 0.035281531512737274, -0.2646081745624542, 0.963710367679596, -1.0
vb0[106]+040 BLENDWEIGHTS: 1.0, 0.0, 0.0, 0.0
vb0[106]+056 BLENDINDICES: 0, 0, 0, 0
vb0[106]+072 COLOR: 1.0, 0.5019607843137255, 0.5019607843137255, 0.0
vb0[106]+076 TEXCOORD: 0.030786991119384766, 0.2799150049686432

vb0[107]+000 POSITION: -0.04515271633863449, 1.379597783088684, 0.08878118544816971
vb0[107]+012 NORMAL: -0.1408195048570633, -0.13580787181854248, 0.9806762933731079
vb0[107]+024 TANGENT: 0.005841672420501709, -0.2288224697113037, 0.9734506607055664, -1.0
vb0[107]+040 BLENDWEIGHTS: 1.0, 0.0, 0.0, 0.0
vb0[107]+056 BLENDINDICES: 0, 0, 0, 0
vb0[107]+072 COLOR: 1.0, 0.5019607843137255, 0.5019607843137255, 0.0
vb0[107]+076 TEXCOORD: 0.03155994415283203, 0.2787249982357025

vb0[108]+000 POSITION: -0.04560350254178047, 1.379934549331665, 0.08885248750448227
vb0[108]+012 NORMAL: -0.17081795632839203, -0.1449173390865326, 0.9745871424674988
vb0[108]+024 TANGENT: -0.02363109402358532, -0.20716701447963715, 0.9780201315879822, -1.0
vb0[108]+040 BLENDWEIGHTS: 1.0, 0.0, 0.0, 0.0
vb0[108]+056 BLENDINDICES: 0, 0, 0, 0
vb0[108]+072 COLOR: 1.0, 0.5019607843137255, 0.5019607843137255, 0.0
vb0[108]+076 TEXCOORD: 0.03182804584503174, 0.2773039937019348

vb0[109]+000 POSITION: -0.04620608314871788, 1.38004732131958, 0.08884870260953903
vb0[109]+012 NORMAL: -0.18418878316879272, -0.15815497934818268, 0.9700832962989807
vb0[109]+024 TANGENT: -0.05677330493927002, -0.19230198860168457, 0.9796921610832214, -1.0
vb0[109]+040 BLENDWEIGHTS: 1.0, 0.0, 0.0, 0.0
vb0[109]+056 BLENDINDICES: 0, 0, 0, 0
vb0[109]+072 COLOR: 1.0, 0.5019607843137255, 0.5019607843137255, 0.0
vb0[109]+076 TEXCOORD: 0.031411051750183105, 0.2758069932460785

vb0[110]+000 POSITION: -0.046877820044755936, 1.379927635192871, 0.08877280354499817
vb0[110]+012 NORMAL: -0.19370125234127045, -0.17588233947753906, 0.9651658535003662
vb0[110]+024 TANGENT: -0.09013151377439499, -0.18683838844299316, 0.9782472252845764, -1.0
vb0[110]+040 BLENDWEIGHTS: 1.0, 0.0, 0.0, 0.0
vb0[110]+056 BLENDINDICES: 0, 0, 0, 0
vb0[110]+072 COLOR: 1.0, 0.5019607843137255, 0.5019607843137255, 0.0
vb0[110]+076 TEXCOORD: 0.030282974243164062, 0.27442800998687744

vb0[111]+000 POSITION: -0.04760783165693283, 1.3795655965805054, 0.08862154930830002
vb0[111]+012 NORMAL: -0.20178984105587006, -0.2140340805053711, 0.955756425857544
vb0[111]+024 TANGENT: -0.11343002319335938, -0.18927747011184692, 0.975350022315979, -1.0
vb0[111]+040 BLENDWEIGHTS: 1.0, 0.0, 0.0, 0.0
vb0[111]+056 BLENDINDICES: 0, 0, 0, 0
vb0[111]+072 COLOR: 1.0, 0.5019607843137255, 0.5019607843137255, 0.0
vb0[111]+076 TEXCOORD: 0.02838897705078125, 0.2732760012149811

vb0[112]+000 POSITION: -0.048231929540634155, 1.3790233135223389, 0.08843903243541718
vb0[112]+012 NORMAL: -0.20638303458690643, -0.2398304045200348, 0.9486238956451416
vb0[112]+024 TANGENT: -0.11353862285614014, -0.1852191835641861, 0.9761161804199219, -1.0
vb0[112]+040 BLENDWEIGHTS: 1.0, 0.0, 0.0, 0.0
vb0[112]+056 BLENDINDICES: 0, 0, 0, 0
vb0[112]+072 COLOR: 1.0, 0.5019607843137255, 0.5019607843137255, 0.0
vb0[112]+076 TEXCOORD: 0.026203036308288574, 0.2725909948348999

vb0[113]+000 POSITION: -0.048683904111385345, 1.3784143924713135, 0.08827667683362961
vb0[113]+012 NORMAL: -0.20679937303066254, -0.2352955937385559, 0.949668288230896
vb0[113]+024 TANGENT: -0.10874415189027786, -0.17733292281627655, 0.9781246185302734, -1.0
vb0[113]+040 BLENDWEIGHTS: 1.0, 0.0, 0.0, 0.0
vb0[113]+056 BLENDINDICES: 0, 0, 0, 0
vb0[113]+072 COLOR: 1.0, 0.5019607843137255, 0.5019607843137255, 0.0
vb0[113]+076 TEXCOORD: 0.024160027503967285, 0.2725909948348999

vb0[114]+000 POSITION: -0.04895193874835968, 1.3777241706848145, 0.08812296390533447
vb0[114]+012 NORMAL: -0.20071864128112793, -0.24225690960884094, 0.9492226243019104
vb0[114]+024 TANGENT: -0.10732568055391312, -0.18437416851520538, 0.9769787192344666, -1.0
vb0[114]+040 BLENDWEIGHTS: 1.0, 0.0, 0.0, 0.0
vb0[114]+056 BLENDINDICES: 0, 0, 0, 0
vb0[114]+072 COLOR: 1.0, 0.5019607843137255, 0.5019607843137255, 0.0
vb0[114]+076 TEXCOORD: 0.02225196361541748, 0.27301499247550964

vb0[115]+000 POSITION: -0.04896509647369385, 1.3770368099212646, 0.08798786997795105
vb0[115]+012 NORMAL: -0.18862685561180115, -0.25131112337112427, 0.9493485689163208
vb0[115]+024 TANGENT: -0.0941544771194458, -0.2178153097629547, 0.9714377522468567, -1.0
vb0[115]+040 BLENDWEIGHTS: 1.0, 0.0, 0.0, 0.0
vb0[115]+056 BLENDINDICES: 0, 0, 0, 0
vb0[115]+072 COLOR: 1.0, 0.5019607843137255, 0.5019607843137255, 0.0
vb0[115]+076 TEXCOORD: 0.02066802978515625, 0.2739189863204956

vb0[116]+000 POSITION: -0.052387867122888565, 1.3697811365127563, 0.08510400354862213
vb0[116]+012 NORMAL: -0.07597595453262329, -0.12749502062797546, 0.988925039768219
vb0[116]+024 TANGENT: -0.7217479944229126, -0.25695598125457764, 0.6426922678947449, -1.0
vb0[116]+040 BLENDWEIGHTS: 1.0, 0.0, 0.0, 0.0
vb0[116]+056 BLENDINDICES: 0, 0, 0, 0
vb0[116]+072 COLOR: 1.0, 0.5019607843137255, 0.5019607843137255, 0.0
vb0[116]+076 TEXCOORD: 0.09368884563446045, 0.21971376240253448

vb0[117]+000 POSITION: -0.051552917808294296, 1.367431402206421, 0.08491015434265137
vb0[117]+012 NORMAL: -0.08483749628067017, -0.09534824639558792, 0.9918221831321716
vb0[117]+024 TANGENT: -0.6853645443916321, -0.32660943269729614, 0.6508469581604004, -1.0
vb0[117]+040 BLENDWEIGHTS: 1.0, 0.0, 0.0, 0.0
vb0[117]+056 BLENDINDICES: 0, 0, 0, 0
vb0[117]+072 COLOR: 1.0, 0.5019607843137255, 0.5019607843137255, 0.0
vb0[117]+076 TEXCOORD: 0.09177744388580322, 0.2133137285709381

vb0[118]+000 POSITION: -0.03957783058285713, 1.371978998184204, 0.08637156337499619
vb0[118]+012 NORMAL: -0.17337612807750702, -0.15188078582286835, 0.9730739593505859
vb0[118]+024 TANGENT: -0.17314612865447998, -0.12954874336719513, 0.9763388633728027, -1.0
vb0[118]+040 BLENDWEIGHTS: 1.0, 0.0, 0.0, 0.0
vb0[118]+056 BLENDINDICES: 0, 0, 0, 0
vb0[118]+072 COLOR: 1.0, 0.5019607843137255, 0.5019607843137255, 0.0
vb0[118]+076 TEXCOORD: 0.0594097375869751, 0.22409190237522125

vb0[119]+000 POSITION: -0.05283677577972412, 1.3722268342971802, 0.08542514592409134
vb0[119]+012 NORMAL: -0.07325268536806107, -0.15938487648963928, 0.9844951033592224
vb0[119]+024 TANGENT: -0.7419020533561707, -0.1773272603750229, 0.646634578704834, -1.0
vb0[119]+040 BLENDWEIGHTS: 1.0, 0.0, 0.0, 0.0
vb0[119]+056 BLENDINDICES: 0, 0, 0, 0
vb0[119]+072 COLOR: 1.0, 0.5019607843137255, 0.5019607843137255, 0.0
vb0[119]+076 TEXCOORD: 0.09453213214874268, 0.22635473310947418

vb0[120]+000 POSITION: -0.052934858947992325, 1.3747586011886597, 0.0858631506562233
vb0[120]+012 NORMAL: -0.07650086283683777, -0.18853476643562317, 0.9790823459625244
vb0[120]+024 TANGENT: -0.7516916394233704, -0.09617273509502411, 0.6524649858474731, -1.0
vb0[120]+040 BLENDWEIGHTS: 1.0, 0.0, 0.0, 0.0
vb0[120]+056 BLENDINDICES: 0, 0, 0, 0
vb0[120]+072 COLOR: 1.0, 0.5019607843137255, 0.5019607843137255, 0.0
vb0[120]+076 TEXCOORD: 0.09438741207122803, 0.23321734368801117

vb0[121]+000 POSITION: -0.05264464393258095, 1.377368688583374, 0.08642224967479706
vb0[121]+012 NORMAL: -0.08546032756567001, -0.21633782982826233, 0.9725710153579712
vb0[121]+024 TANGENT: -0.7513173222541809, 0.0015161039773374796, 0.6599394679069519, -1.0
vb0[121]+040 BLENDWEIGHTS: 1.0, 0.0, 0.0, 0.0
vb0[121]+056 BLENDINDICES: 0, 0, 0, 0
vb0[121]+072 COLOR: 1.0, 0.5019607843137255, 0.5019607843137255, 0.0
vb0[121]+076 TEXCOORD: 0.09315216541290283, 0.24027059972286224

vb0[122]+000 POSITION: -0.051839444786310196, 1.3800448179244995, 0.0871247947216034
vb0[122]+012 NORMAL: -0.09927109628915787, -0.24107031524181366, 0.9654172658920288
vb0[122]+024 TANGENT: -0.7288087606430054, 0.12572574615478516, 0.6730756759643555, -1.0
vb0[122]+040 BLENDWEIGHTS: 1.0, 0.0, 0.0, 0.0
vb0[122]+056 BLENDINDICES: 0, 0, 0, 0
vb0[122]+072 COLOR: 1.0, 0.5019607843137255, 0.5019607843137255, 0.0
vb0[122]+076 TEXCOORD: 0.09049570560455322, 0.2474689781665802

vb0[123]+000 POSITION: -0.05043599009513855, 1.382501482963562, 0.08792019635438919
vb0[123]+012 NORMAL: -0.11538238823413849, -0.26014724373817444, 0.9586502909660339
vb0[123]+024 TANGENT: -0.6687471866607666, 0.25871315598487854, 0.697025716304779, -1.0
vb0[123]+040 BLENDWEIGHTS: 1.0, 0.0, 0.0, 0.0
vb0[123]+056 BLENDINDICES: 0, 0, 0, 0
vb0[123]+072 COLOR: 1.0, 0.5019607843137255, 0.5019607843137255, 0.0
vb0[123]+076 TEXCOORD: 0.08626151084899902, 0.2540381848812103

vb0[124]+000 POSITION: -0.04841187223792076, 1.3846404552459717, 0.08877677470445633
vb0[124]+012 NORMAL: -0.13024432957172394, -0.2719934284687042, 0.9534443020820618
vb0[124]+024 TANGENT: -0.571770429611206, 0.3805253803730011, 0.7268280982971191, -1.0
vb0[124]+040 BLENDWEIGHTS: 1.0, 0.0, 0.0, 0.0
vb0[124]+056 BLENDINDICES: 0, 0, 0, 0
vb0[124]+072 COLOR: 1.0, 0.5019607843137255, 0.5019607843137255, 0.0
vb0[124]+076 TEXCOORD: 0.08040988445281982, 0.2597106695175171

vb0[125]+000 POSITION: -0.045819688588380814, 1.3863037824630737, 0.08963090926408768
vb0[125]+012 NORMAL: -0.14080846309661865, -0.27758899331092834, 0.9503248929977417
vb0[125]+024 TANGENT: -0.44646233320236206, 0.4723307490348816, 0.7599837183952332, -1.0
vb0[125]+040 BLENDWEIGHTS: 1.0, 0.0, 0.0, 0.0
vb0[125]+056 BLENDINDICES: 0, 0, 0, 0
vb0[125]+072 COLOR: 1.0, 0.5019607843137255, 0.5019607843137255, 0.0
vb0[125]+076 TEXCOORD: 0.07311248779296875, 0.26405763626098633

vb0[126]+000 POSITION: -0.04276344180107117, 1.3874176740646362, 0.09042295068502426
vb0[126]+012 NORMAL: -0.14473341405391693, -0.2789853513240814, 0.9493257999420166
vb0[126]+024 TANGENT: -0.30704057216644287, 0.5305660367012024, 0.790079653263092, -1.0
vb0[126]+040 BLENDWEIGHTS: 1.0, 0.0, 0.0, 0.0
vb0[126]+056 BLENDINDICES: 0, 0, 0, 0
vb0[126]+072 COLOR: 1.0, 0.5019607843137255, 0.5019607843137255, 0.0
vb0[126]+076 TEXCOORD: 0.06466317176818848, 0.2668569087982178

vb0[127]+000 POSITION: -0.039376672357320786, 1.3879209756851196, 0.09108825773000717
vb0[127]+012 NORMAL: -0.14689387381076813, -0.2789287567138672, 0.9490105509757996
vb0[127]+024 TANGENT: -0.1463940292596817, 0.5641160607337952, 0.8126142621040344, -1.0
vb0[127]+040 BLENDWEIGHTS: 1.0, 0.0, 0.0, 0.0
vb0[127]+056 BLENDINDICES: 0, 0, 0, 0
vb0[127]+072 COLOR: 1.0, 0.5019607843137255, 0.5019607843137255, 0.0
vb0[127]+076 TEXCOORD: 0.05545151233673096, 0.2679133713245392

vb0[128]+000 POSITION: -0.035917479544878006, 1.387628436088562, 0.0915437564253807
vb0[128]+012 NORMAL: -0.15490269660949707, -0.2771696448326111, 0.9482521414756775
vb0[128]+024 TANGENT: 0.03148013353347778, 0.5548001527786255, 0.8313878774642944, -1.0
vb0[128]+040 BLENDWEIGHTS: 1.0, 0.0, 0.0, 0.0
vb0[128]+056 BLENDINDICES: 0, 0, 0, 0
vb0[128]+072 COLOR: 1.0, 0.5019607843137255, 0.5019607843137255, 0.0
vb0[128]+076 TEXCOORD: 0.04622066020965576, 0.26676610112190247

vb0[129]+000 POSITION: -0.03261187672615051, 1.3865101337432861, 0.09177924692630768
vb0[129]+012 NORMAL: -0.17008176445960999, -0.2710444927215576, 0.9474212527275085
vb0[129]+024 TANGENT: 0.1991572231054306, 0.49868255853652954, 0.8435947299003601, -1.0
vb0[129]+040 BLENDWEIGHTS: 1.0, 0.0, 0.0, 0.0
vb0[129]+056 BLENDINDICES: 0, 0, 0, 0
vb0[129]+072 COLOR: 1.0, 0.5019607843137255, 0.5019607843137255, 0.0
vb0[129]+076 TEXCOORD: 0.03755390644073486, 0.26340344548225403

vb0[130]+000 POSITION: -0.029806897044181824, 1.3847323656082153, 0.09181149303913116
vb0[130]+012 NORMAL: -0.1925293654203415, -0.25650954246520996, 0.947172224521637
vb0[130]+024 TANGENT: 0.3567034602165222, 0.3995639979839325, 0.8444591164588928, -1.0
vb0[130]+040 BLENDWEIGHTS: 1.0, 0.0, 0.0, 0.0
vb0[130]+056 BLENDINDICES: 0, 0, 0, 0
vb0[130]+072 COLOR: 1.0, 0.5019607843137255, 0.5019607843137255, 0.0
vb0[130]+076 TEXCOORD: 0.03035902976989746, 0.2582935392856598

vb0[131]+000 POSITION: -0.027651913464069366, 1.3822966814041138, 0.09165096282958984
vb0[131]+012 NORMAL: -0.2190542072057724, -0.2317674309015274, 0.9477863907814026
vb0[131]+024 TANGENT: 0.47927427291870117, 0.24993909895420074, 0.8413243889808655, -1.0
vb0[131]+040 BLENDWEIGHTS: 1.0, 0.0, 0.0, 0.0
vb0[131]+056 BLENDINDICES: 0, 0, 0, 0
vb0[131]+072 COLOR: 1.0, 0.5019607843137255, 0.5019607843137255, 0.0
vb0[131]+076 TEXCOORD: 0.024991273880004883, 0.25150731205940247

vb0[132]+000 POSITION: -0.026284489780664444, 1.3794453144073486, 0.09134678542613983
vb0[132]+012 NORMAL: -0.24386565387248993, -0.19839850068092346, 0.9492985010147095
vb0[132]+024 TANGENT: 0.5392599105834961, 0.09292483329772949, 0.8369967937469482, -1.0
vb0[132]+040 BLENDWEIGHTS: 1.0, 0.0, 0.0, 0.0
vb0[132]+056 BLENDINDICES: 0, 0, 0, 0
vb0[132]+072 COLOR: 1.0, 0.5019607843137255, 0.5019607843137255, 0.0
vb0[132]+076 TEXCOORD: 0.021752119064331055, 0.24370257556438446

vb0[133]+000 POSITION: -0.025623612105846405, 1.3764625787734985, 0.09097202867269516
vb0[133]+012 NORMAL: -0.26180198788642883, -0.16149963438510895, 0.9515132904052734
vb0[133]+024 TANGENT: 0.5529122948646545, -0.03677356615662575, 0.8324276208877563, -1.0
vb0[133]+040 BLENDWEIGHTS: 1.0, 0.0, 0.0, 0.0
vb0[133]+056 BLENDINDICES: 0, 0, 0, 0
vb0[133]+072 COLOR: 1.0, 0.5019607843137255, 0.5019607843137255, 0.0
vb0[133]+076 TEXCOORD: 0.02039170265197754, 0.23561619222164154

vb0[134]+000 POSITION: -0.025537490844726562, 1.373645305633545, 0.09058506041765213
vb0[134]+012 NORMAL: -0.27113431692123413, -0.12765038013458252, 0.9540396332740784
vb0[134]+024 TANGENT: 0.5374161005020142, -0.13131701946258545, 0.8330304026603699, -1.0
vb0[134]+040 BLENDWEIGHTS: 1.0, 0.0, 0.0, 0.0
vb0[134]+056 BLENDINDICES: 0, 0, 0, 0
vb0[134]+072 COLOR: 1.0, 0.5019607843137255, 0.5019607843137255, 0.0
vb0[134]+076 TEXCOORD: 0.02052295207977295, 0.22802726924419403

vb0[135]+000 POSITION: -0.025801487267017365, 1.3709794282913208, 0.09019740670919418
vb0[135]+012 NORMAL: -0.27307677268981934, -0.10219145566225052, 0.9565490484237671
vb0[135]+024 TANGENT: 0.5140646696090698, -0.20184792578220367, 0.8336635828018188, -1.0
vb0[135]+040 BLENDWEIGHTS: 1.0, 0.0, 0.0, 0.0
vb0[135]+056 BLENDINDICES: 0, 0, 0, 0
vb0[135]+072 COLOR: 1.0, 0.5019607843137255, 0.5019607843137255, 0.0
vb0[135]+076 TEXCOORD: 0.0215834379196167, 0.22087441384792328

vb0[136]+000 POSITION: -0.026381829753518105, 1.3684711456298828, 0.08979631960391998
vb0[136]+012 NORMAL: -0.270429402589798, -0.08067850768566132, 0.9593533873558044
vb0[136]+024 TANGENT: 0.4746254086494446, -0.2688208222389221, 0.8381325602531433, -1.0
vb0[136]+040 BLENDWEIGHTS: 1.0, 0.0, 0.0, 0.0
vb0[136]+056 BLENDINDICES: 0, 0, 0, 0
vb0[136]+072 COLOR: 1.0, 0.5019607843137255, 0.5019607843137255, 0.0
vb0[136]+076 TEXCOORD: 0.02347719669342041, 0.21417580544948578

vb0[137]+000 POSITION: -0.027205798774957657, 1.366262674331665, 0.08940745890140533
vb0[137]+012 NORMAL: -0.26221367716789246, -0.05589751526713371, 0.9633895754814148
vb0[137]+024 TANGENT: 0.42382675409317017, -0.33718958497047424, 0.8406391739845276, -1.0
vb0[137]+040 BLENDWEIGHTS: 1.0, 0.0, 0.0, 0.0
vb0[137]+056 BLENDINDICES: 0, 0, 0, 0
vb0[137]+072 COLOR: 1.0, 0.5019607843137255, 0.5019607843137255, 0.0
vb0[137]+076 TEXCOORD: 0.025992155075073242, 0.20831407606601715

vb0[138]+000 POSITION: -0.028419604524970055, 1.364122748374939, 0.08899131417274475
vb0[138]+012 NORMAL: -0.24742738902568817, -0.02844666875898838, 0.9684887528419495
vb0[138]+024 TANGENT: 0.35481783747673035, -0.42139723896980286, 0.8345828652381897, -1.0
vb0[138]+040 BLENDWEIGHTS: 1.0, 0.0, 0.0, 0.0
vb0[138]+056 BLENDINDICES: 0, 0, 0, 0
vb0[138]+072 COLOR: 1.0, 0.5019607843137255, 0.5019607843137255, 0.0
vb0[138]+076 TEXCOORD: 0.029541969299316406, 0.20268550515174866

vb0[139]+000 POSITION: -0.030071619898080826, 1.3623104095458984, 0.08856206387281418
vb0[139]+012 NORMAL: -0.2267361581325531, -0.002261154353618622, 0.9739536046981812
vb0[139]+024 TANGENT: 0.2556513547897339, -0.5034896731376648, 0.8253123760223389, -1.0
vb0[139]+040 BLENDWEIGHTS: 1.0, 0.0, 0.0, 0.0
vb0[139]+056 BLENDINDICES: 0, 0, 0, 0
vb0[139]+072 COLOR: 1.0, 0.5019607843137255, 0.5019607843137255, 0.0
vb0[139]+076 TEXCOORD: 0.034200072288513184, 0.1979645937681198

vb0[140]+000 POSITION: -0.032138124108314514, 1.3608886003494263, 0.08812323212623596
vb0[140]+012 NORMAL: -0.20569415390491486, 0.016564635559916496, 0.9784761071205139
vb0[140]+024 TANGENT: 0.14394259452819824, -0.5643821358680725, 0.8128674030303955, -1.0
vb0[140]+040 BLENDWEIGHTS: 1.0, 0.0, 0.0, 0.0
vb0[140]+056 BLENDINDICES: 0, 0, 0, 0
vb0[140]+072 COLOR: 1.0, 0.5019607843137255, 0.5019607843137255, 0.0
vb0[140]+076 TEXCOORD: 0.03991246223449707, 0.19430945813655853

vb0[141]+000 POSITION: -0.034474458545446396, 1.3599517345428467, 0.08768151700496674
vb0[141]+012 NORMAL: -0.18990767002105713, 0.026312321424484253, 0.9814493060112
vb0[141]+024 TANGENT: 0.028263328596949577, -0.6010711789131165, 0.7986955046653748, -1.0
vb0[141]+040 BLENDWEIGHTS: 1.0, 0.0, 0.0, 0.0
vb0[141]+056 BLENDINDICES: 0, 0, 0, 0
vb0[141]+072 COLOR: 1.0, 0.5019607843137255, 0.5019607843137255, 0.0
vb0[141]+076 TEXCOORD: 0.046297669410705566, 0.19195763766765594

vb0[142]+000 POSITION: -0.03702547401189804, 1.3594733476638794, 0.08721839636564255
vb0[142]+012 NORMAL: -0.18449965119361877, 0.028867417946457863, 0.9824085831642151
vb0[142]+024 TANGENT: -0.07788550853729248, -0.6145328879356384, 0.7850370407104492, -1.0
vb0[142]+040 BLENDWEIGHTS: 1.0, 0.0, 0.0, 0.0
vb0[142]+056 BLENDINDICES: 0, 0, 0, 0
vb0[142]+072 COLOR: 1.0, 0.5019607843137255, 0.5019607843137255, 0.0
vb0[142]+076 TEXCOORD: 0.05323386192321777, 0.19084180891513824

vb0[143]+000 POSITION: -0.03966357558965683, 1.3593860864639282, 0.08672329038381577
vb0[143]+012 NORMAL: -0.19291262328624725, 0.028707284480333328, 0.9807959198951721
vb0[143]+024 TANGENT: -0.1737188994884491, -0.615384042263031, 0.7688459753990173, -1.0
vb0[143]+040 BLENDWEIGHTS: 1.0, 0.0, 0.0, 0.0
vb0[143]+056 BLENDINDICES: 0, 0, 0, 0
vb0[143]+072 COLOR: 1.0, 0.5019607843137255, 0.5019607843137255, 0.0
vb0[143]+076 TEXCOORD: 0.060392022132873535, 0.19080089032649994

vb0[144]+000 POSITION: -0.04228592664003372, 1.3596594333648682, 0.08617731928825378
vb0[144]+012 NORMAL: -0.2000436782836914, 0.028531460091471672, 0.9793714284896851
vb0[144]+024 TANGENT: -0.27491071820259094, -0.6096562743186951, 0.7434671521186829, -1.0
vb0[144]+040 BLENDWEIGHTS: 1.0, 0.0, 0.0, 0.0
vb0[144]+056 BLENDINDICES: 0, 0, 0, 0
vb0[144]+072 COLOR: 1.0, 0.5019607843137255, 0.5019607843137255, 0.0
vb0[144]+076 TEXCOORD: 0.06750321388244629, 0.19175203144550323

vb0[145]+000 POSITION: -0.04480249807238579, 1.3603969812393188, 0.08564408868551254
vb0[145]+012 NORMAL: -0.19052593410015106, 0.024306636303663254, 0.9813811779022217
vb0[145]+024 TANGENT: -0.38392016291618347, -0.5808210968971252, 0.7178106307983398, -1.0
vb0[145]+040 BLENDWEIGHTS: 1.0, 0.0, 0.0, 0.0
vb0[145]+056 BLENDINDICES: 0, 0, 0, 0
vb0[145]+072 COLOR: 1.0, 0.5019607843137255, 0.5019607843137255, 0.0
vb0[145]+076 TEXCOORD: 0.07428610324859619, 0.19393961131572723

vb0[146]+000 POSITION: -0.04706839099526405, 1.3616061210632324, 0.0851990208029747
vb0[146]+012 NORMAL: -0.16500988602638245, 0.007672243285924196, 0.9862620830535889
vb0[146]+024 TANGENT: -0.4906388223171234, -0.5324268937110901, 0.6897789835929871, -1.0
vb0[146]+040 BLENDWEIGHTS: 1.0, 0.0, 0.0, 0.0
vb0[146]+056 BLENDINDICES: 0, 0, 0, 0
vb0[146]+072 COLOR: 1.0, 0.5019607843137255, 0.5019607843137255, 0.0
vb0[146]+076 TEXCOORD: 0.08033406734466553, 0.19735485315322876

vb0[147]+000 POSITION: -0.04892433434724808, 1.3632217645645142, 0.08492990583181381
vb0[147]+012 NORMAL: -0.1317918598651886, -0.022481627762317657, 0.9910224676132202
vb0[147]+024 TANGENT: -0.5813900828361511, -0.4636320173740387, 0.6686035990715027, -1.0
vb0[147]+040 BLENDWEIGHTS: 1.0, 0.0, 0.0, 0.0
vb0[147]+056 BLENDINDICES: 0, 0, 0, 0
vb0[147]+072 COLOR: 1.0, 0.5019607843137255, 0.5019607843137255, 0.0
vb0[147]+076 TEXCOORD: 0.08518600463867188, 0.20182345807552338

vb0[148]+000 POSITION: -0.050421006977558136, 1.3652057647705078, 0.08483437448740005
vb0[148]+012 NORMAL: -0.1033468246459961, -0.05988285318017006, 0.9928411245346069
vb0[148]+024 TANGENT: -0.6471409201622009, -0.39109984040260315, 0.654407799243927, -1.0
vb0[148]+040 BLENDWEIGHTS: 1.0, 0.0, 0.0, 0.0
vb0[148]+056 BLENDINDICES: 0, 0, 0, 0
vb0[148]+072 COLOR: 1.0, 0.5019607843137255, 0.5019607843137255, 0.0
vb0[148]+076 TEXCOORD: 0.08900439739227295, 0.2072475403547287

vb0[149]+000 POSITION: -0.05236175283789635, 1.3696976900100708, 0.0835811048746109
vb0[149]+012 NORMAL: -0.9636142253875732, -0.26729488372802734, 0.0009608011459931731
vb0[149]+024 TANGENT: -0.9637918472290039, -0.26665565371513367, 0.0, -1.0
vb0[149]+040 BLENDWEIGHTS: 1.0, 0.0, 0.0, 0.0
vb0[149]+056 BLENDINDICES: 0, 0, 0, 0
vb0[149]+072 COLOR: 1.0, 0.5019607843137255, 0.5019607843137255, 0.0
vb0[149]+076 TEXCOORD: 0.09745502471923828, 0.21820425987243652

vb0[150]+000 POSITION: -0.051552917808294296, 1.367431402206421, 0.08491015434265137
vb0[150]+012 NORMAL: -0.9214382767677307, -0.3882465660572052, 0.014704171568155289
vb0[150]+024 TANGENT: -0.6853645443916321, -0.32660943269729614, 0.6508469581604004, -1.0
vb0[150]+040 BLENDWEIGHTS: 1.0, 0.0, 0.0, 0.0
vb0[150]+056 BLENDINDICES: 0, 0, 0, 0
vb0[150]+072 COLOR: 1.0, 0.5019607843137255, 0.5019607843137255, 0.0
vb0[150]+076 TEXCOORD: 0.09177744388580322, 0.2133137285709381

vb0[151]+000 POSITION: -0.052387867122888565, 1.3697811365127563, 0.08510400354862213
vb0[151]+012 NORMAL: -0.9678759574890137, -0.2514282166957855, 1.803443592507392e-05
vb0[151]+024 TANGENT: -0.7217479944229126, -0.25695598125457764, 0.6426922678947449, -1.0
vb0[151]+040 BLENDWEIGHTS: 1.0, 0.0, 0.0, 0.0
vb0[151]+056 BLENDINDICES: 0, 0, 0, 0
vb0[151]+072 COLOR: 1.0, 0.5019607843137255, 0.5019607843137255, 0.0
vb0[151]+076 TEXCOORD: 0.09368884563446045, 0.21971376240253448

vb0[152]+000 POSITION: -0.051524817943573, 1.367315649986267, 0.08336002379655838
vb0[152]+012 NORMAL: -0.9171769022941589, -0.3981388807296753, 0.016490351408720016
vb0[152]+024 TANGENT: -0.9175240993499756, -0.3973441421985626, 0.01634657382965088, -1.0
vb0[152]+040 BLENDWEIGHTS: 1.0, 0.0, 0.0, 0.0
vb0[152]+056 BLENDINDICES: 0, 0, 0, 0
vb0[152]+072 COLOR: 1.0, 0.5019607843137255, 0.5019607843137255, 0.0
vb0[152]+076 TEXCOORD: 0.09541773796081543, 0.21132443845272064

vb0[153]+000 POSITION: -0.05282548442482948, 1.372175693511963, 0.08391887694597244
vb0[153]+012 NORMAL: -0.992747962474823, -0.1201915293931961, -0.002340909792110324
vb0[153]+024 TANGENT: -0.9926921725273132, -0.12065143138170242, -0.002353847259655595, -1.0
vb0[153]+040 BLENDWEIGHTS: 1.0, 0.0, 0.0, 0.0
vb0[153]+056 BLENDINDICES: 0, 0, 0, 0
vb0[153]+072 COLOR: 1.0, 0.5019607843137255, 0.5019607843137255, 0.0
vb0[153]+076 TEXCOORD: 0.09842455387115479, 0.22536005079746246

vb0[154]+000 POSITION: -0.05283677577972412, 1.3722268342971802, 0.08542514592409134
vb0[154]+012 NORMAL: -0.9946088790893555, -0.10367997735738754, -0.0018758433870971203
vb0[154]+024 TANGENT: -0.7419020533561707, -0.1773272603750229, 0.646634578704834, -1.0
vb0[154]+040 BLENDWEIGHTS: 1.0, 0.0, 0.0, 0.0
vb0[154]+056 BLENDINDICES: 0, 0, 0, 0
vb0[154]+072 COLOR: 1.0, 0.5019607843137255, 0.5019607843137255, 0.0
vb0[154]+076 TEXCOORD: 0.09453213214874268, 0.22635473310947418

vb0[155]+000 POSITION: -0.052942875772714615, 1.3747427463531494, 0.08436370640993118
vb0[155]+012 NORMAL: -0.9997236132621765, 0.022985896095633507, 0.004926625173538923
vb0[155]+024 TANGENT: -0.9997548460960388, 0.02160966396331787, 0.004819631576538086, -1.0
vb0[155]+040 BLENDWEIGHTS: 1.0, 0.0, 0.0, 0.0
vb0[155]+056 BLENDINDICES: 0, 0, 0, 0
vb0[155]+072 COLOR: 1.0, 0.5019607843137255, 0.5019607843137255, 0.0
vb0[155]+076 TEXCOORD: 0.09835469722747803, 0.23275837302207947

vb0[156]+000 POSITION: -0.052934858947992325, 1.3747586011886597, 0.0858631506562233
vb0[156]+012 NORMAL: -0.9991094470024109, 0.0417063869535923, 0.006381153594702482
vb0[156]+024 TANGENT: -0.7516916394233704, -0.09617273509502411, 0.6524649858474731, -1.0
vb0[156]+040 BLENDWEIGHTS: 1.0, 0.0, 0.0, 0.0
vb0[156]+056 BLENDINDICES: 0, 0, 0, 0
vb0[156]+072 COLOR: 1.0, 0.5019607843137255, 0.5019607843137255, 0.0
vb0[156]+076 TEXCOORD: 0.09438741207122803, 0.23321734368801117

vb0[157]+000 POSITION: -0.05266951397061348, 1.3773937225341797, 0.08492336422204971
vb0[157]+012 NORMAL: -0.9829620718955994, 0.18289098143577576, 0.018341457471251488
vb0[157]+024 TANGENT: -0.9835016131401062, 0.17999348044395447, 0.01807975582778454, -1.0
vb0[157]+040 BLENDWEIGHTS: 1.0, 0.0, 0.0, 0.0
vb0[157]+056 BLENDINDICES: 0, 0, 0, 0
vb0[157]+072 COLOR: 1.0, 0.5019607843137255, 0.5019607843137255, 0.0
vb0[157]+076 TEXCOORD: 0.0971364974975586, 0.24041859805583954

vb0[158]+000 POSITION: -0.05264464393258095, 1.377368688583374, 0.08642224967479706
vb0[158]+012 NORMAL: -0.9782067537307739, 0.20662027597427368, 0.02048380859196186
vb0[158]+024 TANGENT: -0.7513173222541809, 0.0015161039773374796, 0.6599394679069519, -1.0
vb0[158]+040 BLENDWEIGHTS: 1.0, 0.0, 0.0, 0.0
vb0[158]+056 BLENDINDICES: 0, 0, 0, 0
vb0[158]+072 COLOR: 1.0, 0.5019607843137255, 0.5019607843137255, 0.0
vb0[158]+076 TEXCOORD: 0.09315216541290283, 0.24027059972286224

vb0[159]+000 POSITION: -0.051871318370103836, 1.380113959312439, 0.08562801778316498
vb0[159]+012 NORMAL: -0.929124116897583, 0.36805129051208496, 0.03558935970067978
vb0[159]+024 TANGENT: -0.9294019341468811, 0.36735567450523376, 0.0355224572122097, -1.0
vb0[159]+040 BLENDWEIGHTS: 1.0, 0.0, 0.0, 0.0
vb0[159]+056 BLENDINDICES: 0, 0, 0, 0
vb0[159]+072 COLOR: 1.0, 0.5019607843137255, 0.5019607843137255, 0.0
vb0[159]+076 TEXCOORD: 0.09437668323516846, 0.2483396977186203

vb0[160]+000 POSITION: -0.051839444786310196, 1.3800448179244995, 0.0871247947216034
vb0[160]+012 NORMAL: -0.9168364405632019, 0.3974105417728424, 0.03841551020741463
vb0[160]+024 TANGENT: -0.7288087606430054, 0.12572574615478516, 0.6730756759643555, -1.0
vb0[160]+040 BLENDWEIGHTS: 1.0, 0.0, 0.0, 0.0
vb0[160]+056 BLENDINDICES: 0, 0, 0, 0
vb0[160]+072 COLOR: 1.0, 0.5019607843137255, 0.5019607843137255, 0.0
vb0[160]+076 TEXCOORD: 0.09049570560455322, 0.2474689781665802

vb0[161]+000 POSITION: -0.050463829189538956, 1.3826119899749756, 0.08643487840890884
vb0[161]+012 NORMAL: -0.8221184611320496, 0.5664874315261841, 0.056685272604227066
vb0[161]+024 TANGENT: -0.8231733441352844, 0.5649717450141907, 0.056502815335989, -1.0
vb0[161]+040 BLENDWEIGHTS: 1.0, 0.0, 0.0, 0.0
vb0[161]+056 BLENDINDICES: 0, 0, 0, 0
vb0[161]+072 COLOR: 1.0, 0.5019607843137255, 0.5019607843137255, 0.0
vb0[161]+076 TEXCOORD: 0.08984792232513428, 0.2557138204574585

vb0[162]+000 POSITION: -0.05043599009513855, 1.382501482963562, 0.08792019635438919
vb0[162]+012 NORMAL: -0.802067756652832, 0.5942083597183228, 0.06003033369779587
vb0[162]+024 TANGENT: -0.6687471866607666, 0.25871315598487854, 0.697025716304779, -1.0
vb0[162]+040 BLENDWEIGHTS: 1.0, 0.0, 0.0, 0.0
vb0[162]+056 BLENDINDICES: 0, 0, 0, 0
vb0[162]+072 COLOR: 1.0, 0.5019607843137255, 0.5019607843137255, 0.0
vb0[162]+076 TEXCOORD: 0.08626151084899902, 0.2540381848812103

vb0[163]+000 POSITION: -0.04842666536569595, 1.3847873210906982, 0.08731584250926971
vb0[163]+012 NORMAL: -0.6673248410224915, 0.7403729557991028, 0.08077941834926605
vb0[163]+024 TANGENT: -0.6684821248054504, 0.7393468618392944, 0.08060884475708008, -1.0
vb0[163]+040 BLENDWEIGHTS: 1.0, 0.0, 0.0, 0.0
vb0[163]+056 BLENDINDICES: 0, 0, 0, 0
vb0[163]+072 COLOR: 1.0, 0.5019607843137255, 0.5019607843137255, 0.0
vb0[163]+076 TEXCOORD: 0.08345222473144531, 0.2621530592441559

vb0[164]+000 POSITION: -0.04841187223792076, 1.3846404552459717, 0.08877677470445633
vb0[164]+012 NORMAL: -0.6418126821517944, 0.7621992826461792, 0.08443272113800049
vb0[164]+024 TANGENT: -0.571770429611206, 0.3805253803730011, 0.7268280982971191, -1.0
vb0[164]+040 BLENDWEIGHTS: 1.0, 0.0, 0.0, 0.0
vb0[164]+056 BLENDINDICES: 0, 0, 0, 0
vb0[164]+072 COLOR: 1.0, 0.5019607843137255, 0.5019607843137255, 0.0
vb0[164]+076 TEXCOORD: 0.08040988445281982, 0.2597106695175171

vb0[165]+000 POSITION: -0.045814190059900284, 1.3864827156066895, 0.08820601552724838
vb0[165]+012 NORMAL: -0.4794350266456604, 0.871124804019928, 0.10622403025627136
vb0[165]+024 TANGENT: -0.48083969950675964, 0.8703726530075073, 0.10604095458984375, -1.0
vb0[165]+040 BLENDWEIGHTS: 1.0, 0.0, 0.0, 0.0
vb0[165]+056 BLENDINDICES: 0, 0, 0, 0
vb0[165]+072 COLOR: 1.0, 0.5019607843137255, 0.5019607843137255, 0.0
vb0[165]+076 TEXCOORD: 0.0753936767578125, 0.2671194076538086

vb0[166]+000 POSITION: -0.045819688588380814, 1.3863037824630737, 0.08963090926408768
vb0[166]+012 NORMAL: -0.45487695932388306, 0.8838144540786743, 0.1093568205833435
vb0[166]+024 TANGENT: -0.44646233320236206, 0.4723307490348816, 0.7599837183952332, -1.0
vb0[166]+040 BLENDWEIGHTS: 1.0, 0.0, 0.0, 0.0
vb0[166]+056 BLENDINDICES: 0, 0, 0, 0
vb0[166]+072 COLOR: 1.0, 0.5019607843137255, 0.5019607843137255, 0.0
vb0[166]+076 TEXCOORD: 0.07311248779296875, 0.26405763626098633

vb0[167]+000 POSITION: -0.04272247850894928, 1.3876209259033203, 0.08904062956571579
vb0[167]+012 NORMAL: -0.28137415647506714, 0.9507918953895569, 0.12970463931560516
vb0[167]+024 TANGENT: -0.2825899124145508, 0.9504495859146118, 0.12957049906253815, -1.0
vb0[167]+040 BLENDWEIGHTS: 1.0, 0.0, 0.0, 0.0
vb0[167]+056 BLENDINDICES: 0, 0, 0, 0
vb0[167]+072 COLOR: 1.0, 0.5019607843137255, 0.5019607843137255, 0.0
vb0[167]+076 TEXCOORD: 0.06602609157562256, 0.2703099250793457

vb0[168]+000 POSITION: -0.04276344180107117, 1.3874176740646362, 0.09042295068502426
vb0[168]+012 NORMAL: -0.26210784912109375, 0.9559963345527649, 0.1317964345216751
vb0[168]+024 TANGENT: -0.30704057216644287, 0.5305660367012024, 0.790079653263092, -1.0
vb0[168]+040 BLENDWEIGHTS: 1.0, 0.0, 0.0, 0.0
vb0[168]+056 BLENDINDICES: 0, 0, 0, 0
vb0[168]+072 COLOR: 1.0, 0.5019607843137255, 0.5019607843137255, 0.0
vb0[168]+076 TEXCOORD: 0.06466317176818848, 0.2668569087982178

vb0[169]+000 POSITION: -0.03927589952945709, 1.3881357908248901, 0.08974828571081161
vb0[169]+012 NORMAL: -0.06396570056676865, 0.9862528443336487, 0.15236063301563263
vb0[169]+024 TANGENT: -0.06305742263793945, 0.9862974882125854, 0.15244998037815094, -1.0
vb0[169]+040 BLENDWEIGHTS: 1.0, 0.0, 0.0, 0.0
vb0[169]+056 BLENDINDICES: 0, 0, 0, 0
vb0[169]+072 COLOR: 1.0, 0.5019607843137255, 0.5019607843137255, 0.0
vb0[169]+076 TEXCOORD: 0.05574965476989746, 0.27150148153305054

vb0[170]+000 POSITION: -0.039376672357320786, 1.3879209756851196, 0.09108825773000717
vb0[170]+012 NORMAL: -0.05121225118637085, 0.9868046045303345, 0.15360277891159058
vb0[170]+024 TANGENT: -0.1463940292596817, 0.5641160607337952, 0.8126142621040344, -1.0
vb0[170]+040 BLENDWEIGHTS: 1.0, 0.0, 0.0, 0.0
vb0[170]+056 BLENDINDICES: 0, 0, 0, 0
vb0[170]+072 COLOR: 1.0, 0.5019607843137255, 0.5019607843137255, 0.0
vb0[170]+076 TEXCOORD: 0.05545151233673096, 0.2679133713245392

vb0[171]+000 POSITION: -0.035757049918174744, 1.38783597946167, 0.09023972600698471
vb0[171]+012 NORMAL: 0.1812451332807541, 0.9676935076713562, 0.17526991665363312
vb0[171]+024 TANGENT: 0.18244463205337524, 0.9674487709999084, 0.17537643015384674, -1.0
vb0[171]+040 BLENDWEIGHTS: 1.0, 0.0, 0.0, 0.0
vb0[171]+056 BLENDINDICES: 0, 0, 0, 0
vb0[171]+072 COLOR: 1.0, 0.5019607843137255, 0.5019607843137255, 0.0
vb0[171]+076 TEXCOORD: 0.04538583755493164, 0.2702634930610657

vb0[172]+000 POSITION: -0.035917479544878006, 1.387628436088562, 0.0915437564253807
vb0[172]+012 NORMAL: 0.18360412120819092, 0.9672107100486755, 0.17547906935214996
vb0[172]+024 TANGENT: 0.03148013353347778, 0.5548001527786255, 0.8313878774642944, -1.0
vb0[172]+040 BLENDWEIGHTS: 1.0, 0.0, 0.0, 0.0
vb0[172]+056 BLENDINDICES: 0, 0, 0, 0
vb0[172]+072 COLOR: 1.0, 0.5019607843137255, 0.5019607843137255, 0.0
vb0[172]+076 TEXCOORD: 0.04622066020965576, 0.26676610112190247

vb0[173]+000 POSITION: -0.03261187672615051, 1.3865101337432861, 0.09177924692630768
vb0[173]+012 NORMAL: 0.4092954397201538, 0.8914674520492554, 0.19432713091373444
vb0[173]+024 TANGENT: 0.1991572231054306, 0.49868255853652954, 0.8435947299003601, -1.0
vb0[173]+040 BLENDWEIGHTS: 1.0, 0.0, 0.0, 0.0
vb0[173]+056 BLENDINDICES: 0, 0, 0, 0
vb0[173]+072 COLOR: 1.0, 0.5019607843137255, 0.5019607843137255, 0.0
vb0[173]+076 TEXCOORD: 0.03755390644073486, 0.26340344548225403

vb0[174]+000 POSITION: -0.03239491954445839, 1.3866907358169556, 0.09050128608942032
vb0[174]+012 NORMAL: 0.41623616218566895, 0.8881281018257141, 0.19487418234348297
vb0[174]+024 TANGENT: 0.4201088845729828, 0.8862365484237671, 0.1951751708984375, -1.0
vb0[174]+040 BLENDWEIGHTS: 1.0, 0.0, 0.0, 0.0
vb0[174]+056 BLENDINDICES: 0, 0, 0, 0
vb0[174]+072 COLOR: 1.0, 0.5019607843137255, 0.5019607843137255, 0.0
vb0[174]+076 TEXCOORD: 0.03574204444885254, 0.26636120676994324

vb0[175]+000 POSITION: -0.029806897044181824, 1.3847323656082153, 0.09181149303913116
vb0[175]+012 NORMAL: 0.6311730742454529, 0.7469707727432251, 0.2089385986328125
vb0[175]+024 TANGENT: 0.3567034602165222, 0.3995639979839325, 0.8444591164588928, -1.0
vb0[175]+040 BLENDWEIGHTS: 1.0, 0.0, 0.0, 0.0
vb0[175]+056 BLENDINDICES: 0, 0, 0, 0
vb0[175]+072 COLOR: 1.0, 0.5019607843137255, 0.5019607843137255, 0.0
vb0[175]+076 TEXCOORD: 0.03035902976989746, 0.2582935392856598

vb0[176]+000 POSITION: -0.029565205797553062, 1.3848828077316284, 0.09054579585790634
vb0[176]+012 NORMAL: 0.642838716506958, 0.7367979288101196, 0.20949284732341766
vb0[176]+024 TANGENT: 0.6442736387252808, 0.7355248332023621, 0.20955801010131836, -1.0
vb0[176]+040 BLENDWEIGHTS: 1.0, 0.0, 0.0, 0.0
vb0[176]+056 BLENDINDICES: 0, 0, 0, 0
vb0[176]+072 COLOR: 1.0, 0.5019607843137255, 0.5019607843137255, 0.0
vb0[176]+076 TEXCOORD: 0.027777433395385742, 0.2605496942996979

vb0[177]+000 POSITION: -0.027651913464069366, 1.3822966814041138, 0.09165096282958984
vb0[177]+012 NORMAL: 0.8172006011009216, 0.5350686311721802, 0.21420767903327942
vb0[177]+024 TANGENT: 0.47927427291870117, 0.24993909895420074, 0.8413243889808655, -1.0
vb0[177]+040 BLENDWEIGHTS: 1.0, 0.0, 0.0, 0.0
vb0[177]+056 BLENDINDICES: 0, 0, 0, 0
vb0[177]+072 COLOR: 1.0, 0.5019607843137255, 0.5019607843137255, 0.0
vb0[177]+076 TEXCOORD: 0.024991273880004883, 0.25150731205940247

vb0[178]+000 POSITION: -0.027391105890274048, 1.3824049234390259, 0.09038672596216202
vb0[178]+012 NORMAL: 0.8280545473098755, 0.5181159973144531, 0.2141997069120407
vb0[178]+024 TANGENT: 0.8289328217506409, 0.516711413860321, 0.214195117354393, -1.0
vb0[178]+040 BLENDWEIGHTS: 1.0, 0.0, 0.0, 0.0
vb0[178]+056 BLENDINDICES: 0, 0, 0, 0
vb0[178]+072 COLOR: 1.0, 0.5019607843137255, 0.5019607843137255, 0.0
vb0[178]+076 TEXCOORD: 0.021857023239135742, 0.25288406014442444

vb0[179]+000 POSITION: -0.026284489780664444, 1.3794453144073486, 0.09134678542613983
vb0[179]+012 NORMAL: 0.9286216497421265, 0.30592024326324463, 0.20993947982788086
vb0[179]+024 TANGENT: 0.5392599105834961, 0.09292483329772949, 0.8369967937469482, -1.0
vb0[179]+040 BLENDWEIGHTS: 1.0, 0.0, 0.0, 0.0
vb0[179]+056 BLENDINDICES: 0, 0, 0, 0
vb0[179]+072 COLOR: 1.0, 0.5019607843137255, 0.5019607843137255, 0.0
vb0[179]+076 TEXCOORD: 0.021752119064331055, 0.24370257556438446

vb0[180]+000 POSITION: -0.026012692600488663, 1.379494547843933, 0.09007420390844345
vb0[180]+012 NORMAL: 0.9349310398101807, 0.28654929995536804, 0.2092684954404831
vb0[180]+024 TANGENT: 0.9354062080383301, 0.2850353717803955, 0.209212526679039, -1.0
vb0[180]+040 BLENDWEIGHTS: 1.0, 0.0, 0.0, 0.0
vb0[180]+056 BLENDINDICES: 0, 0, 0, 0
vb0[180]+072 COLOR: 1.0, 0.5019607843137255, 0.5019607843137255, 0.0
vb0[180]+076 TEXCOORD: 0.01833367347717285, 0.24417582154273987

vb0[181]+000 POSITION: -0.025623612105846405, 1.3764625787734985, 0.09097202867269516
vb0[181]+012 NORMAL: 0.9735721349716187, 0.10542384535074234, 0.20259089767932892
vb0[181]+024 TANGENT: 0.5529122948646545, -0.03677356615662575, 0.8324276208877563, -1.0
vb0[181]+040 BLENDWEIGHTS: 1.0, 0.0, 0.0, 0.0
vb0[181]+056 BLENDINDICES: 0, 0, 0, 0
vb0[181]+072 COLOR: 1.0, 0.5019607843137255, 0.5019607843137255, 0.0
vb0[181]+076 TEXCOORD: 0.02039170265197754, 0.23561619222164154

vb0[182]+000 POSITION: -0.02535872347652912, 1.3764501810073853, 0.08968658000230789
vb0[182]+012 NORMAL: 0.975554883480072, 0.08659308403730392, 0.20197626948356628
vb0[182]+024 TANGENT: 0.9758620858192444, 0.08333456516265869, 0.20186255872249603, -1.0
vb0[182]+040 BLENDWEIGHTS: 1.0, 0.0, 0.0, 0.0
vb0[182]+056 BLENDINDICES: 0, 0, 0, 0
vb0[182]+072 COLOR: 1.0, 0.5019607843137255, 0.5019607843137255, 0.0
vb0[182]+076 TEXCOORD: 0.016922593116760254, 0.23530252277851105

vb0[183]+000 POSITION: -0.025537490844726562, 1.373645305633545, 0.09058506041765213
vb0[183]+012 NORMAL: 0.9780669212341309, -0.05274731293320656, 0.2015014886856079
vb0[183]+024 TANGENT: 0.5374161005020142, -0.13131701946258545, 0.8330304026603699, -1.0
vb0[183]+040 BLENDWEIGHTS: 1.0, 0.0, 0.0, 0.0
vb0[183]+056 BLENDINDICES: 0, 0, 0, 0
vb0[183]+072 COLOR: 1.0, 0.5019607843137255, 0.5019607843137255, 0.0
vb0[183]+076 TEXCOORD: 0.02052295207977295, 0.22802726924419403

vb0[184]+000 POSITION: -0.025279225781559944, 1.3735705614089966, 0.08928507566452026
vb0[184]+012 NORMAL: 0.9769827127456665, -0.0676981657743454, 0.20229119062423706
vb0[184]+024 TANGENT: 0.9768816828727722, -0.06895303726196289, 0.2023555338382721, -1.0
vb0[184]+040 BLENDWEIGHTS: 1.0, 0.0, 0.0, 0.0
vb0[184]+056 BLENDINDICES: 0, 0, 0, 0
vb0[184]+072 COLOR: 1.0, 0.5019607843137255, 0.5019607843137255, 0.0
vb0[184]+076 TEXCOORD: 0.017119169235229492, 0.22706519067287445

vb0[185]+000 POSITION: -0.025801487267017365, 1.3709794282913208, 0.09019740670919418
vb0[185]+012 NORMAL: 0.9600176215171814, -0.17611628770828247, 0.2175990790128708
vb0[185]+024 TANGENT: 0.5140646696090698, -0.20184792578220367, 0.8336635828018188, -1.0
vb0[185]+040 BLENDWEIGHTS: 1.0, 0.0, 0.0, 0.0
vb0[185]+056 BLENDINDICES: 0, 0, 0, 0
vb0[185]+072 COLOR: 1.0, 0.5019607843137255, 0.5019607843137255, 0.0
vb0[185]+076 TEXCOORD: 0.0215834379196167, 0.22087441384792328

vb0[186]+000 POSITION: -0.025534650310873985, 1.3708431720733643, 0.08888111263513565
vb0[186]+012 NORMAL: 0.9558557271957397, -0.19298221170902252, 0.22157981991767883
vb0[186]+024 TANGENT: 0.955675482749939, -0.19368469715118408, 0.22174441814422607, -1.0
vb0[186]+040 BLENDWEIGHTS: 1.0, 0.0, 0.0, 0.0
vb0[186]+056 BLENDINDICES: 0, 0, 0, 0
vb0[186]+072 COLOR: 1.0, 0.5019607843137255, 0.5019607843137255, 0.0
vb0[186]+076 TEXCOORD: 0.01832115650177002, 0.21935273706912994

vb0[187]+000 POSITION: -0.026381829753518105, 1.3684711456298828, 0.08979631960391998
vb0[187]+012 NORMAL: 0.9209397435188293, -0.29662734270095825, 0.25274938344955444
vb0[187]+024 TANGENT: 0.4746254086494446, -0.2688208222389221, 0.8381325602531433, -1.0
vb0[187]+040 BLENDWEIGHTS: 1.0, 0.0, 0.0, 0.0
vb0[187]+056 BLENDINDICES: 0, 0, 0, 0
vb0[187]+072 COLOR: 1.0, 0.5019607843137255, 0.5019607843137255, 0.0
vb0[187]+076 TEXCOORD: 0.02347719669342041, 0.21417580544948578

vb0[188]+000 POSITION: -0.02607562020421028, 1.3682774305343628, 0.08845824003219604
vb0[188]+012 NORMAL: 0.9131864905357361, -0.314404159784317, 0.2593076229095459
vb0[188]+024 TANGENT: 0.9123536348342896, -0.31625550985336304, 0.25998711585998535, -1.0
vb0[188]+040 BLENDWEIGHTS: 1.0, 0.0, 0.0, 0.0
vb0[188]+056 BLENDINDICES: 0, 0, 0, 0
vb0[188]+072 COLOR: 1.0, 0.5019607843137255, 0.5019607843137255, 0.0
vb0[188]+076 TEXCOORD: 0.020380616188049316, 0.21214334666728973

vb0[189]+000 POSITION: -0.027205798774957657, 1.366262674331665, 0.08940745890140533
vb0[189]+012 NORMAL: 0.8514339327812195, -0.4323970675468445, 0.29680463671684265
vb0[189]+024 TANGENT: 0.42382675409317017, -0.33718958497047424, 0.8406391739845276, -1.0
vb0[189]+040 BLENDWEIGHTS: 1.0, 0.0, 0.0, 0.0
vb0[189]+056 BLENDINDICES: 0, 0, 0, 0
vb0[189]+072 COLOR: 1.0, 0.5019607843137255, 0.5019607843137255, 0.0
vb0[189]+076 TEXCOORD: 0.025992155075073242, 0.20831407606601715

vb0[190]+000 POSITION: -0.026842530816793442, 1.3660272359848022, 0.08804456144571304
vb0[190]+012 NORMAL: 0.8399755954742432, -0.4509238600730896, 0.3018421232700348
vb0[190]+024 TANGENT: 0.8417389392852783, -0.44813093543052673, 0.30108842253685, -1.0
vb0[190]+040 BLENDWEIGHTS: 1.0, 0.0, 0.0, 0.0
vb0[190]+056 BLENDINDICES: 0, 0, 0, 0
vb0[190]+072 COLOR: 1.0, 0.5019607843137255, 0.5019607843137255, 0.0
vb0[190]+076 TEXCOORD: 0.023081302642822266, 0.20583242177963257

vb0[191]+000 POSITION: -0.028419604524970055, 1.364122748374939, 0.08899131417274475
vb0[191]+012 NORMAL: 0.7406182289123535, -0.5881199836730957, 0.3249607980251312
vb0[191]+024 TANGENT: 0.35481783747673035, -0.42139723896980286, 0.8345828652381897, -1.0
vb0[191]+040 BLENDWEIGHTS: 1.0, 0.0, 0.0, 0.0
vb0[191]+056 BLENDINDICES: 0, 0, 0, 0
vb0[191]+072 COLOR: 1.0, 0.5019607843137255, 0.5019607843137255, 0.0
vb0[191]+076 TEXCOORD: 0.029541969299316406, 0.20268550515174866

vb0[192]+000 POSITION: -0.028019418939948082, 1.3638447523117065, 0.08759701251983643
vb0[192]+012 NORMAL: 0.7257674932479858, -0.6055746674537659, 0.3264060914516449
vb0[192]+024 TANGENT: 0.7273819446563721, -0.6037139892578125, 0.3262590169906616, -1.0
vb0[192]+040 BLENDWEIGHTS: 1.0, 0.0, 0.0, 0.0
vb0[192]+056 BLENDINDICES: 0, 0, 0, 0
vb0[192]+072 COLOR: 1.0, 0.5019607843137255, 0.5019607843137255, 0.0
vb0[192]+076 TEXCOORD: 0.026943445205688477, 0.19973188638687134

vb0[193]+000 POSITION: -0.030071619898080826, 1.3623104095458984, 0.08856206387281418
vb0[193]+012 NORMAL: 0.5820823311805725, -0.7431653738021851, 0.3299778699874878
vb0[193]+024 TANGENT: 0.2556513547897339, -0.5034896731376648, 0.8253123760223389, -1.0
vb0[193]+040 BLENDWEIGHTS: 1.0, 0.0, 0.0, 0.0
vb0[193]+056 BLENDINDICES: 0, 0, 0, 0
vb0[193]+072 COLOR: 1.0, 0.5019607843137255, 0.5019607843137255, 0.0
vb0[193]+076 TEXCOORD: 0.034200072288513184, 0.1979645937681198

vb0[194]+000 POSITION: -0.029686275869607925, 1.361970067024231, 0.08712601661682129
vb0[194]+012 NORMAL: 0.568199634552002, -0.7540311813354492, 0.3295242190361023
vb0[194]+024 TANGENT: 0.5704919099807739, -0.7522625923156738, 0.3296058177947998, -1.0
vb0[194]+040 BLENDWEIGHTS: 1.0, 0.0, 0.0, 0.0
vb0[194]+056 BLENDINDICES: 0, 0, 0, 0
vb0[194]+072 COLOR: 1.0, 0.5019607843137255, 0.5019607843137255, 0.0
vb0[194]+076 TEXCOORD: 0.032105326652526855, 0.1944897174835205

vb0[195]+000 POSITION: -0.032138124108314514, 1.3608886003494263, 0.08812323212623596
vb0[195]+012 NORMAL: 0.40208059549331665, -0.8586717247962952, 0.3178269863128662
vb0[195]+024 TANGENT: 0.14394259452819824, -0.5643821358680725, 0.8128674030303955, -1.0
vb0[195]+040 BLENDWEIGHTS: 1.0, 0.0, 0.0, 0.0
vb0[195]+056 BLENDINDICES: 0, 0, 0, 0
vb0[195]+072 COLOR: 1.0, 0.5019607843137255, 0.5019607843137255, 0.0
vb0[195]+076 TEXCOORD: 0.03991246223449707, 0.19430945813655853

vb0[196]+000 POSITION: -0.031787365674972534, 1.3605060577392578, 0.08665354549884796
vb0[196]+012 NORMAL: 0.3917527496814728, -0.8638227581977844, 0.31676486134529114
vb0[196]+024 TANGENT: 0.39289554953575134, -0.8632597923278809, 0.3168841600418091, -1.0
vb0[196]+040 BLENDWEIGHTS: 1.0, 0.0, 0.0, 0.0
vb0[196]+056 BLENDINDICES: 0, 0, 0, 0
vb0[196]+072 COLOR: 1.0, 0.5019607843137255, 0.5019607843137255, 0.0
vb0[196]+076 TEXCOORD: 0.03843080997467041, 0.19044455885887146

vb0[197]+000 POSITION: -0.034474458545446396, 1.3599517345428467, 0.08768151700496674
vb0[197]+012 NORMAL: 0.21668124198913574, -0.9308561086654663, 0.2942044734954834
vb0[197]+024 TANGENT: 0.028263328596949577, -0.6010711789131165, 0.7986955046653748, -1.0
vb0[197]+040 BLENDWEIGHTS: 1.0, 0.0, 0.0, 0.0
vb0[197]+056 BLENDINDICES: 0, 0, 0, 0
vb0[197]+072 COLOR: 1.0, 0.5019607843137255, 0.5019607843137255, 0.0
vb0[197]+076 TEXCOORD: 0.046297669410705566, 0.19195763766765594

vb0[198]+000 POSITION: -0.03417352959513664, 1.359546422958374, 0.08618436008691788
vb0[198]+012 NORMAL: 0.20996811985969543, -0.9327152967453003, 0.29318174719810486
vb0[198]+024 TANGENT: 0.21185213327407837, -0.9321984648704529, 0.29347002506256104, -1.0
vb0[198]+040 BLENDWEIGHTS: 1.0, 0.0, 0.0, 0.0
vb0[198]+056 BLENDINDICES: 0, 0, 0, 0
vb0[198]+072 COLOR: 1.0, 0.5019607843137255, 0.5019607843137255, 0.0
vb0[198]+076 TEXCOORD: 0.04549241065979004, 0.18784195184707642

vb0[199]+000 POSITION: -0.03702547401189804, 1.3594733476638794, 0.08721839636564255
vb0[199]+012 NORMAL: 0.05485346540808678, -0.9624778032302856, 0.265758752822876
vb0[199]+024 TANGENT: -0.07788550853729248, -0.6145328879356384, 0.7850370407104492, -1.0
vb0[199]+040 BLENDWEIGHTS: 1.0, 0.0, 0.0, 0.0
vb0[199]+056 BLENDINDICES: 0, 0, 0, 0
vb0[199]+072 COLOR: 1.0, 0.5019607843137255, 0.5019607843137255, 0.0
vb0[199]+076 TEXCOORD: 0.05323386192321777, 0.19084180891513824

vb0[200]+000 POSITION: -0.03677495941519737, 1.3590660095214844, 0.08569769561290741
vb0[200]+012 NORMAL: 0.05042684078216553, -0.9629647135734558, 0.2648701071739197
vb0[200]+024 TANGENT: 0.051445960998535156, -0.962854266166687, 0.2650751769542694, -1.0
vb0[200]+040 BLENDWEIGHTS: 1.0, 0.0, 0.0, 0.0
vb0[200]+056 BLENDINDICES: 0, 0, 0, 0
vb0[200]+072 COLOR: 1.0, 0.5019607843137255, 0.5019607843137255, 0.0
vb0[200]+076 TEXCOORD: 0.05309724807739258, 0.18660536408424377

vb0[201]+000 POSITION: -0.03966357558965683, 1.3593860864639282, 0.08672329038381577
vb0[201]+012 NORMAL: -0.08150484412908554, -0.9677764773368835, 0.23825544118881226
vb0[201]+024 TANGENT: -0.1737188994884491, -0.615384042263031, 0.7688459753990173, -1.0
vb0[201]+040 BLENDWEIGHTS: 1.0, 0.0, 0.0, 0.0
vb0[201]+056 BLENDINDICES: 0, 0, 0, 0
vb0[201]+072 COLOR: 1.0, 0.5019607843137255, 0.5019607843137255, 0.0
vb0[201]+076 TEXCOORD: 0.060392022132873535, 0.19080089032649994

vb0[202]+000 POSITION: -0.03946702554821968, 1.3589913845062256, 0.08517522364854813
vb0[202]+012 NORMAL: -0.08650947362184525, -0.967589259147644, 0.237248957157135
vb0[202]+024 TANGENT: -0.08624481409788132, -0.9675997495651245, 0.23730239272117615, -1.0
vb0[202]+040 BLENDWEIGHTS: 1.0, 0.0, 0.0, 0.0
vb0[202]+056 BLENDINDICES: 0, 0, 0, 0
vb0[202]+072 COLOR: 1.0, 0.5019607843137255, 0.5019607843137255, 0.0
vb0[202]+076 TEXCOORD: 0.06094551086425781, 0.18655556440353394

vb0[203]+000 POSITION: -0.04228592664003372, 1.3596594333648682, 0.08617731928825378
vb0[203]+012 NORMAL: -0.2294628918170929, -0.9501941204071045, 0.21089817583560944
vb0[203]+024 TANGENT: -0.27491071820259094, -0.6096562743186951, 0.7434671521186829, -1.0
vb0[203]+040 BLENDWEIGHTS: 1.0, 0.0, 0.0, 0.0
vb0[203]+056 BLENDINDICES: 0, 0, 0, 0
vb0[203]+072 COLOR: 1.0, 0.5019607843137255, 0.5019607843137255, 0.0
vb0[203]+076 TEXCOORD: 0.06750321388244629, 0.19175203144550323

vb0[204]+000 POSITION: -0.042132921516895294, 1.3592748641967773, 0.0846097320318222
vb0[204]+012 NORMAL: -0.23588575422763824, -0.9488707780838013, 0.20976658165454865
vb0[204]+024 TANGENT: -0.23590350151062012, -0.94886714220047, 0.2097635269165039, -1.0
vb0[204]+040 BLENDWEIGHTS: 1.0, 0.0, 0.0, 0.0
vb0[204]+056 BLENDINDICES: 0, 0, 0, 0
vb0[204]+072 COLOR: 1.0, 0.5019607843137255, 0.5019607843137255, 0.0
vb0[204]+076 TEXCOORD: 0.06873714923858643, 0.18762722611427307

vb0[205]+000 POSITION: -0.04480249807238579, 1.3603969812393188, 0.08564408868551254
vb0[205]+012 NORMAL: -0.40214672684669495, -0.8980488777160645, 0.1782865971326828
vb0[205]+024 TANGENT: -0.38392016291618347, -0.5808210968971252, 0.7178106307983398, -1.0
vb0[205]+040 BLENDWEIGHTS: 1.0, 0.0, 0.0, 0.0
vb0[205]+056 BLENDINDICES: 0, 0, 0, 0
vb0[205]+072 COLOR: 1.0, 0.5019607843137255, 0.5019607843137255, 0.0
vb0[205]+076 TEXCOORD: 0.07428610324859619, 0.19393961131572723

vb0[206]+000 POSITION: -0.04468968138098717, 1.3600307703018188, 0.08406364172697067
vb0[206]+012 NORMAL: -0.4059448540210724, -0.8964925408363342, 0.17751039564609528
vb0[206]+024 TANGENT: -0.4069855213165283, -0.8960628509521484, 0.17729687690734863, -1.0
vb0[206]+040 BLENDWEIGHTS: 1.0, 0.0, 0.0, 0.0
vb0[206]+056 BLENDINDICES: 0, 0, 0, 0
vb0[206]+072 COLOR: 1.0, 0.5019607843137255, 0.5019607843137255, 0.0
vb0[206]+076 TEXCOORD: 0.07616794109344482, 0.19006286561489105

vb0[207]+000 POSITION: -0.04706839099526405, 1.3616061210632324, 0.0851990208029747
vb0[207]+012 NORMAL: -0.580535352230072, -0.8027040362358093, 0.13654644787311554
vb0[207]+024 TANGENT: -0.4906388223171234, -0.5324268937110901, 0.6897789835929871, -1.0
vb0[207]+040 BLENDWEIGHTS: 1.0, 0.0, 0.0, 0.0
vb0[207]+056 BLENDINDICES: 0, 0, 0, 0
vb0[207]+072 COLOR: 1.0, 0.5019607843137255, 0.5019607843137255, 0.0
vb0[207]+076 TEXCOORD: 0.08033406734466553, 0.19735485315322876

vb0[208]+000 POSITION: -0.04699207842350006, 1.361276626586914, 0.08361182361841202
vb0[208]+012 NORMAL: -0.578705370426178, -0.8039410710334778, 0.1370362490415573
vb0[208]+024 TANGENT: -0.5811067223548889, -0.8023166656494141, 0.13639318943023682, -1.0
vb0[208]+040 BLENDWEIGHTS: 1.0, 0.0, 0.0, 0.0
vb0[208]+056 BLENDINDICES: 0, 0, 0, 0
vb0[208]+072 COLOR: 1.0, 0.5019607843137255, 0.5019607843137255, 0.0
vb0[208]+076 TEXCOORD: 0.08275675773620605, 0.1938755363225937

vb0[209]+000 POSITION: -0.048876646906137466, 1.3629578351974487, 0.08334340155124664
vb0[209]+012 NORMAL: -0.7343800663948059, -0.6727819442749023, 0.08972464501857758
vb0[209]+024 TANGENT: -0.7347126603126526, -0.6724340915679932, 0.08960915356874466, -1.0
vb0[209]+040 BLENDWEIGHTS: 1.0, 0.0, 0.0, 0.0
vb0[209]+056 BLENDINDICES: 0, 0, 0, 0
vb0[209]+072 COLOR: 1.0, 0.5019607843137255, 0.5019607843137255, 0.0
vb0[209]+076 TEXCOORD: 0.08815836906433105, 0.19875316321849823

vb0[210]+000 POSITION: -0.04892433434724808, 1.3632217645645142, 0.08492990583181381
vb0[210]+012 NORMAL: -0.7404353022575378, -0.6663935780525208, 0.08760756254196167
vb0[210]+024 TANGENT: -0.5813900828361511, -0.4636320173740387, 0.6686035990715027, -1.0
vb0[210]+040 BLENDWEIGHTS: 1.0, 0.0, 0.0, 0.0
vb0[210]+056 BLENDINDICES: 0, 0, 0, 0
vb0[210]+072 COLOR: 1.0, 0.5019607843137255, 0.5019607843137255, 0.0
vb0[210]+076 TEXCOORD: 0.08518600463867188, 0.20182345807552338

vb0[211]+000 POSITION: -0.05038626492023468, 1.3650169372558594, 0.08326014131307602
vb0[211]+012 NORMAL: -0.847025454044342, -0.5294885039329529, 0.04679621756076813
vb0[211]+024 TANGENT: -0.847405195236206, -0.5288945436477661, 0.046637892723083496, -1.0
vb0[211]+040 BLENDWEIGHTS: 1.0, 0.0, 0.0, 0.0
vb0[211]+056 BLENDINDICES: 0, 0, 0, 0
vb0[211]+072 COLOR: 1.0, 0.5019607843137255, 0.5019607843137255, 0.0
vb0[211]+076 TEXCOORD: 0.09237909317016602, 0.20470304787158966

vb0[212]+000 POSITION: -0.050421006977558136, 1.3652057647705078, 0.08483437448740005
vb0[212]+012 NORMAL: -0.8535706400871277, -0.5191126465797424, 0.044037993997335434
vb0[212]+024 TANGENT: -0.6471409201622009, -0.39109984040260315, 0.654407799243927, -1.0
vb0[212]+040 BLENDWEIGHTS: 1.0, 0.0, 0.0, 0.0
vb0[212]+056 BLENDINDICES: 0, 0, 0, 0
vb0[212]+072 COLOR: 1.0, 0.5019607843137255, 0.5019607843137255, 0.0
vb0[212]+076 TEXCOORD: 0.08900439739227295, 0.2072475403547287

vb0[213]+000 POSITION: 0.031055614352226257, 1.3770614862442017, 0.09072694927453995
vb0[213]+012 NORMAL: 0.14887483417987823, -0.19957658648490906, 0.9685067534446716
vb0[213]+024 TANGENT: 0.24055270850658417, -0.19435732066631317, 0.95097815990448, -1.0
vb0[213]+040 BLENDWEIGHTS: 1.0, 0.0, 0.0, 0.0
vb0[213]+056 BLENDINDICES: 1, 0, 0, 0
vb0[213]+072 COLOR: 1.0, 0.5019607843137255, 0.5019607843137255, 0.0
vb0[213]+076 TEXCOORD: 0.01966702938079834, 0.2751699984073639

vb0[214]+000 POSITION: 0.03143658488988876, 1.3766380548477173, 0.0905308797955513
vb0[214]+012 NORMAL: 0.16883769631385803, -0.1988096535205841, 0.9653851389884949
vb0[214]+024 TANGENT: 0.26933422684669495, -0.2251557558774948, 0.9363566637039185, -1.0
vb0[214]+040 BLENDWEIGHTS: 1.0, 0.0, 0.0, 0.0
vb0[214]+056 BLENDINDICES: 1, 0, 0, 0
vb0[214]+072 COLOR: 1.0, 0.5019607843137255, 0.5019607843137255, 0.0
vb0[214]+076 TEXCOORD: 0.019320964813232422, 0.276623010635376

vb0[215]+000 POSITION: 0.033089619129896164, 1.3785903453826904, 0.09052487462759018
vb0[215]+012 NORMAL: 0.17802280187606812, -0.13880057632923126, 0.974187970161438
vb0[215]+024 TANGENT: 0.2927239239215851, -0.19957534968852997, 0.9351376295089722, -1.0
vb0[215]+040 BLENDWEIGHTS: 1.0, 0.0, 0.0, 0.0
vb0[215]+056 BLENDINDICES: 1, 0, 0, 0
vb0[215]+072 COLOR: 1.0, 0.5019607843137255, 0.5019607843137255, 0.0
vb0[215]+076 TEXCOORD: 0.025776028633117676, 0.2772339880466461

vb0[216]+000 POSITION: 0.03201612830162048, 1.3764642477035522, 0.09030367434024811
vb0[216]+012 NORMAL: 0.20149613916873932, -0.16979359090328217, 0.9646603465080261
vb0[216]+024 TANGENT: 0.3073617219924927, -0.25070682168006897, 0.9179732799530029, -1.0
vb0[216]+040 BLENDWEIGHTS: 1.0, 0.0, 0.0, 0.0
vb0[216]+056 BLENDINDICES: 1, 0, 0, 0
vb0[216]+072 COLOR: 1.0, 0.5019607843137255, 0.5019607843137255, 0.0
vb0[216]+076 TEXCOORD: 0.019775032997131348, 0.2781600058078766

vb0[217]+000 POSITION: 0.03275543451309204, 1.3765780925750732, 0.09006243199110031
vb0[217]+012 NORMAL: 0.24688056111335754, -0.1032901480793953, 0.9635253548622131
vb0[217]+024 TANGENT: 0.35564693808555603, -0.2650372385978699, 0.8962536454200745, -1.0
vb0[217]+040 BLENDWEIGHTS: 1.0, 0.0, 0.0, 0.0
vb0[217]+056 BLENDINDICES: 1, 0, 0, 0
vb0[217]+072 COLOR: 1.0, 0.5019607843137255, 0.5019607843137255, 0.0
vb0[217]+076 TEXCOORD: 0.02100694179534912, 0.27966099977493286

vb0[218]+000 POSITION: 0.033512674272060394, 1.3770190477371216, 0.08985945582389832
vb0[218]+012 NORMAL: 0.2619699239730835, -0.08082905411720276, 0.9616852402687073
vb0[218]+024 TANGENT: 0.3899815082550049, -0.26806676387786865, 0.8809396028518677, -1.0
vb0[218]+040 BLENDWEIGHTS: 1.0, 0.0, 0.0, 0.0
vb0[218]+056 BLENDINDICES: 1, 0, 0, 0
vb0[218]+072 COLOR: 1.0, 0.5019607843137255, 0.5019607843137255, 0.0
vb0[218]+076 TEXCOORD: 0.02298605442047119, 0.28073999285697937

vb0[219]+000 POSITION: 0.03422049432992935, 1.3777434825897217, 0.08976967632770538
vb0[219]+012 NORMAL: 0.26085418462753296, -0.10532648861408234, 0.9596152305603027
vb0[219]+024 TANGENT: 0.3764066696166992, -0.28375786542892456, 0.8819293975830078, -1.0
vb0[219]+040 BLENDWEIGHTS: 1.0, 0.0, 0.0, 0.0
vb0[219]+056 BLENDINDICES: 1, 0, 0, 0
vb0[219]+072 COLOR: 1.0, 0.5019607843137255, 0.5019607843137255, 0.0
vb0[219]+076 TEXCOORD: 0.025462031364440918, 0.2813520133495331

vb0[220]+000 POSITION: 0.03474952653050423, 1.3785228729248047, 0.08981291204690933
vb0[220]+012 NORMAL: 0.26005256175994873, -0.12151093780994415, 0.9579184651374817
vb0[220]+024 TANGENT: 0.3671087622642517, -0.29126060009002686, 0.88340163230896, -1.0
vb0[220]+040 BLENDWEIGHTS: 1.0, 0.0, 0.0, 0.0
vb0[220]+056 BLENDINDICES: 1, 0, 0, 0
vb0[220]+072 COLOR: 1.0, 0.5019607843137255, 0.5019607843137255, 0.0
vb0[220]+076 TEXCOORD: 0.027827978134155273, 0.2813259959220886

vb0[221]+000 POSITION: 0.034978803247213364, 1.3791935443878174, 0.0899355486035347
vb0[221]+012 NORMAL: 0.2495042234659195, -0.10249359160661697, 0.9629344344139099
vb0[221]+024 TANGENT: 0.3611602783203125, -0.254576176404953, 0.8970810174942017, -1.0
vb0[221]+040 BLENDWEIGHTS: 1.0, 0.0, 0.0, 0.0
vb0[221]+056 BLENDINDICES: 1, 0, 0, 0
vb0[221]+072 COLOR: 1.0, 0.5019607843137255, 0.5019607843137255, 0.0
vb0[221]+076 TEXCOORD: 0.029549002647399902, 0.2808299958705902

vb0[222]+000 POSITION: 0.03497205302119255, 1.3797959089279175, 0.09009501338005066
vb0[222]+012 NORMAL: 0.2227502167224884, -0.0851968452334404, 0.9711455702781677
vb0[222]+024 TANGENT: 0.33991947770118713, -0.20344841480255127, 0.9181848764419556, -1.0
vb0[222]+040 BLENDWEIGHTS: 1.0, 0.0, 0.0, 0.0
vb0[222]+056 BLENDINDICES: 1, 0, 0, 0
vb0[222]+072 COLOR: 1.0, 0.5019607843137255, 0.5019607843137255, 0.0
vb0[222]+076 TEXCOORD: 0.030786991119384766, 0.2799150049686432

vb0[223]+000 POSITION: 0.03476089984178543, 1.3802974224090576, 0.0902685597538948
vb0[223]+012 NORMAL: 0.17777997255325317, -0.08055263012647629, 0.9807677865028381
vb0[223]+024 TANGENT: 0.31480422616004944, -0.16795676946640015, 0.9341781735420227, -1.0
vb0[223]+040 BLENDWEIGHTS: 1.0, 0.0, 0.0, 0.0
vb0[223]+056 BLENDINDICES: 1, 0, 0, 0
vb0[223]+072 COLOR: 1.0, 0.5019607843137255, 0.5019607843137255, 0.0
vb0[223]+076 TEXCOORD: 0.03155994415283203, 0.2787249982357025

vb0[224]+000 POSITION: 0.03435606509447098, 1.380658507347107, 0.0904591903090477
vb0[224]+012 NORMAL: 0.14740020036697388, -0.08943586051464081, 0.9850249886512756
vb0[224]+024 TANGENT: 0.28819888830184937, -0.14642344415187836, 0.9463093876838684, -1.0
vb0[224]+040 BLENDWEIGHTS: 1.0, 0.0, 0.0, 0.0
vb0[224]+056 BLENDINDICES: 1, 0, 0, 0
vb0[224]+072 COLOR: 1.0, 0.5019607843137255, 0.5019607843137255, 0.0
vb0[224]+076 TEXCOORD: 0.03182804584503174, 0.2773039937019348

vb0[225]+000 POSITION: 0.0337834507226944, 1.3807860612869263, 0.09063997864723206
vb0[225]+012 NORMAL: 0.13329125940799713, -0.102653868496418, 0.9857462644577026
vb0[225]+024 TANGENT: 0.2573898136615753, -0.13151811063289642, 0.9573156833648682, -1.0
vb0[225]+040 BLENDWEIGHTS: 1.0, 0.0, 0.0, 0.0
vb0[225]+056 BLENDINDICES: 1, 0, 0, 0
vb0[225]+072 COLOR: 1.0, 0.5019607843137255, 0.5019607843137255, 0.0
vb0[225]+076 TEXCOORD: 0.031411051750183105, 0.2758069932460785

vb0[226]+000 POSITION: 0.033122360706329346, 1.380670189857483, 0.09078802913427353
vb0[226]+012 NORMAL: 0.12270976603031158, -0.12044574320316315, 0.9851067066192627
vb0[226]+024 TANGENT: 0.22546344995498657, -0.12578566372394562, 0.966097354888916, -1.0
vb0[226]+040 BLENDWEIGHTS: 1.0, 0.0, 0.0, 0.0
vb0[226]+056 BLENDINDICES: 1, 0, 0, 0
vb0[226]+072 COLOR: 1.0, 0.5019607843137255, 0.5019607843137255, 0.0
vb0[226]+076 TEXCOORD: 0.030282974243164062, 0.27442800998687744

vb0[227]+000 POSITION: 0.03238209709525108, 1.380299687385559, 0.09089743345975876
vb0[227]+012 NORMAL: 0.1120525449514389, -0.15889546275138855, 0.9809162020683289
vb0[227]+024 TANGENT: 0.20241688191890717, -0.12782925367355347, 0.9709206819534302, -1.0
vb0[227]+040 BLENDWEIGHTS: 1.0, 0.0, 0.0, 0.0
vb0[227]+056 BLENDINDICES: 1, 0, 0, 0
vb0[227]+072 COLOR: 1.0, 0.5019607843137255, 0.5019607843137255, 0.0
vb0[227]+076 TEXCOORD: 0.02838897705078125, 0.2732760012149811

vb0[228]+000 POSITION: 0.03173233941197395, 1.379738688468933, 0.0909542441368103
vb0[228]+012 NORMAL: 0.10543273389339447, -0.18495024740695953, 0.9770759344100952
vb0[228]+024 TANGENT: 0.20233505964279175, -0.12404496222734451, 0.9714285731315613, -1.0
vb0[228]+040 BLENDWEIGHTS: 1.0, 0.0, 0.0, 0.0
vb0[228]+056 BLENDINDICES: 1, 0, 0, 0
vb0[228]+072 COLOR: 1.0, 0.5019607843137255, 0.5019607843137255, 0.0
vb0[228]+076 TEXCOORD: 0.026203036308288574, 0.2725909948348999

vb0[229]+000 POSITION: 0.03125220537185669, 1.379106879234314, 0.09097949415445328
vb0[229]+012 NORMAL: 0.1053694486618042, -0.18035927414894104, 0.977940559387207
vb0[229]+024 TANGENT: 0.20762567222118378, -0.11633598804473877, 0.9712659120559692, -1.0
vb0[229]+040 BLENDWEIGHTS: 1.0, 0.0, 0.0, 0.0
vb0[229]+056 BLENDINDICES: 1, 0, 0, 0
vb0[229]+072 COLOR: 1.0, 0.5019607843137255, 0.5019607843137255, 0.0
vb0[229]+076 TEXCOORD: 0.024160027503967285, 0.2725909948348999

vb0[230]+000 POSITION: 0.030949238687753677, 1.3783879280090332, 0.09095940738916397
vb0[230]+012 NORMAL: 0.11099418252706528, -0.1874423325061798, 0.9759844541549683
vb0[230]+024 TANGENT: 0.20865963399410248, -0.12317734956741333, 0.9702001810073853, -1.0
vb0[230]+040 BLENDWEIGHTS: 1.0, 0.0, 0.0, 0.0
vb0[230]+056 BLENDINDICES: 1, 0, 0, 0
vb0[230]+072 COLOR: 1.0, 0.5019607843137255, 0.5019607843137255, 0.0
vb0[230]+076 TEXCOORD: 0.02225196361541748, 0.27301499247550964

vb0[231]+000 POSITION: 0.030893873423337936, 1.3776681423187256, 0.09087596088647842
vb0[231]+012 NORMAL: 0.12250049412250519, -0.1966920793056488, 0.9727824926376343
vb0[231]+024 TANGENT: 0.2196328490972519, -0.15628337860107422, 0.9629833698272705, -1.0
vb0[231]+040 BLENDWEIGHTS: 1.0, 0.0, 0.0, 0.0
vb0[231]+056 BLENDINDICES: 1, 0, 0, 0
vb0[231]+072 COLOR: 1.0, 0.5019607843137255, 0.5019607843137255, 0.0
vb0[231]+076 TEXCOORD: 0.02066802978515625, 0.2739189863204956
