byte offset: 0
first index: 24057
index count: 59421
topology: trianglelist
format: DXGI_FORMAT_R16_UINT

7199 7200 7201
7200 7199 7202
7203 7199 7201
7204 7202 7199
7199 7205 7204
7205 7199 7206
7203 7206 7199
7207 7206 7203
7208 7206 7207
7206 7208 7205
7209 7208 7207
7208 7209 7210
7211 7210 7209
7209 7212 7211
7212 7209 7213
7213 7209 7207
7210 7211 7214
7214 7215 7210
7215 7214 7216
7213 7217 7212
7217 7213 7218
7219 7212 7217
7212 7219 7220
7220 7211 7212
7221 7205 7208
7208 7222 7221
7205 7221 7223
7224 7216 7214
7216 7224 7225
7226 7225 7224
7224 7227 7226
7227 7224 7228
7214 7228 7224
7229 7226 7227
7227 7230 7229
7230 7227 7231
7232 7231 7227
7232 7228 7220
7228 7232 7227
7231 7233 7230
7233 7231 7234
7226 7229 7235
7235 7236 7226
7225 7226 7236
7236 7235 7237
7237 7238 7236
7238 7237 7239
7239 7240 7238
7240 7239 7241
7240 7242 7238
7236 7238 7242
7242 7240 7243
7240 7244 7243
7244 7240 7245
7234 7231 7246
7232 7246 7231
7246 7232 7247
7220 7247 7232
7247 7220 7219
7243 7216 7242
7216 7243 7215
7243 7248 7215
7248 7243 7244
7248 7249 7215
7244 7250 7248
7222 7248 7250
7222 7249 7248
7222 7208 7249
7249 7208 7210
7249 7210 7215
7250 7244 7251
7244 7245 7251
7222 7250 7252
7252 7253 7222
7222 7253 7221
7253 7252 7254
7254 7252 7255
7255 7250 7251
7250 7255 7252
7253 7256 7221
7223 7221 7256
7253 7257 7256
7258 7257 7253
7253 7254 7258
7257 7259 7256
7259 7223 7256
7260 7223 7259
7204 7223 7260
7205 7223 7204
7204 7260 7261
7202 7204 7261
7261 7262 7202
7263 7202 7262
7202 7263 7200
7262 7261 7264
7261 7265 7264
7265 7261 7260
7263 7266 7200
7266 7267 7200
7267 7268 7200
7268 7201 7200
7269 7201 7268
7269 7268 7270
7267 7270 7268
7270 7271 7269
7201 7269 7203
7272 7203 7269
7272 7269 7271
7272 7207 7203
7207 7272 7273
7272 7274 7273
7273 7274 7275
7213 7273 7275
7213 7207 7273
7218 7213 7275
7218 7275 7276
7270 7267 7277
7267 7266 7277
7266 7278 7277
7279 7280 7281
7281 7280 7282
7281 7282 7283
7282 7284 7283
7284 7282 7285
7286 7281 7283
7283 7287 7286
7288 7286 7287
7286 7288 7289
7290 7289 7288
7289 7290 7291
7290 7292 7291
7287 7283 7293
7281 7286 7294
7294 7295 7281
7294 7296 7295
7296 7294 7297
7286 7297 7294
7297 7286 7289
7291 7297 7289
7298 7295 7296
7295 7298 7299
7295 7299 7279
7297 7300 7296
7292 7300 7291
7291 7300 7297
7292 7301 7300
7302 7300 7301
7303 7302 7301
7302 7304 7300
7302 7305 7304
7306 7304 7305
7304 7306 7307
7308 7307 7306
7305 7302 7309
7307 7310 7304
7300 7304 7310
7300 7310 7296
7306 7311 7308
7312 7308 7311
7311 7313 7312
7313 7311 7314
7315 7314 7311
7311 7306 7315
7305 7315 7306
7314 7315 7316
7317 7316 7315
7315 7305 7317
7316 7317 7318
7317 7319 7318
7305 7319 7317
7319 7305 7309
7320 7319 7309
7318 7319 7320
7309 7321 7320
7322 7316 7318
7314 7323 7313
7323 7314 7324
7316 7324 7314
7324 7316 7322
7325 7323 7324
7323 7325 7326
7326 7327 7323
7327 7313 7323
7327 7326 7328
7329 7327 7328
7327 7329 7330
7331 7330 7329
7330 7331 7332
7333 7332 7331
7332 7333 7334
7333 7335 7334
7335 7333 7336
7331 7337 7333
7337 7336 7333
7337 7331 7338
7329 7338 7331
7338 7230 7337
7230 7338 7229
7338 7235 7229
7235 7338 7339
7338 7329 7339
7339 7237 7235
7237 7339 7340
7329 7340 7339
7340 7239 7237
7239 7340 7341
7341 7241 7239
7241 7341 7342
7230 7343 7337
7336 7337 7343
7343 7230 7233
7326 7342 7341
7342 7326 7325
7341 7328 7326
7328 7341 7340
7340 7329 7328
7325 7344 7342
7344 7241 7342
7344 7325 7345
7324 7345 7325
7345 7324 7322
7241 7344 7346
7346 7240 7241
7240 7346 7245
7245 7255 7251
7347 7348 7349
7350 7347 7349
7350 7351 7347
7351 7350 7352
7353 7351 7352
7351 7353 7354
7352 7355 7353
7355 7352 7356
7357 7355 7356
7355 7357 7358
7359 7358 7357
7358 7359 7360
7360 7359 7361
7359 7357 7362
7357 7363 7362
7363 7357 7356
7363 7356 7364
7365 7350 7349
7366 7360 7361
7366 7361 7367
7366 7367 7368
7369 7366 7368
7369 7368 7370
7369 7370 7371
7372 7369 7371
7373 7372 7371
7372 7373 7374
7375 7372 7374
7376 7375 7374
7376 7377 7375
7377 7376 7378
7379 7377 7378
7377 7379 7380
7381 7380 7379
7382 7381 7379
7381 7382 7383
7384 7381 7383
7381 7384 7385
7380 7381 7386
7381 7387 7386
7387 7381 7385
7378 7376 7388
7389 7378 7388
7389 7382 7379
7379 7378 7389
7390 7383 7382
7383 7390 7391
7384 7383 7391
7392 7384 7391
7380 7393 7377
7393 7380 7394
7386 7394 7380
7394 7386 7395
7387 7395 7386
7395 7387 7396
7396 7397 7395
7397 7396 7398
7394 7399 7393
7399 7400 7393
7400 7399 7401
7402 7401 7399
7403 7402 7399
7399 7394 7403
7395 7403 7394
7403 7395 7397
7402 7403 7404
7397 7404 7403
7401 7402 7405
7406 7402 7404
7407 7406 7404
7397 7407 7404
7397 7398 7407
7398 7408 7407
7402 7406 7409
7409 7405 7402
7405 7409 7410
7411 7405 7410
7405 7411 7412
7401 7405 7412
7413 7407 7408
7407 7413 7414
7406 7407 7415
7415 7409 7406
7409 7416 7410
7410 7416 7411
7416 7409 7417
7409 7415 7417
7416 7418 7411
7417 7418 7416
7419 7407 7414
7407 7419 7420
7420 7417 7415
7407 7420 7415
7419 7421 7420
7417 7420 7421
7418 7417 7421
7421 7422 7418
7418 7422 7411
7422 7421 7423
7421 7419 7423
7423 7424 7422
7422 7424 7425
7422 7425 7411
7424 7426 7425
7426 7424 7427
7424 7428 7427
7428 7424 7429
7424 7423 7429
7430 7425 7426
7425 7430 7431
7429 7432 7428
7423 7432 7429
7432 7423 7419
7433 7431 7430
7431 7433 7434
7435 7434 7433
7434 7435 7436
7437 7431 7434
7411 7431 7437
7411 7425 7431
7438 7434 7436
7437 7434 7438
7437 7438 7439
7440 7439 7438
7437 7439 7412
7412 7411 7437
7441 7412 7439
7440 7441 7439
7412 7441 7442
7369 7442 7441
7442 7369 7372
7442 7401 7412
7401 7442 7400
7372 7400 7442
7400 7372 7375
7375 7393 7400
7393 7375 7377
7366 7441 7440
7441 7366 7369
7443 7366 7440
7443 7440 7438
7444 7443 7438
7445 7443 7444
7444 7446 7445
7447 7445 7446
7448 7447 7446
7447 7448 7449
7450 7447 7449
7451 7448 7446
7446 7444 7451
7448 7451 7436
7445 7447 7452
7450 7452 7447
7453 7452 7450
7452 7454 7445
7454 7452 7453
7443 7445 7454
7449 7448 7455
7436 7455 7448
7453 7358 7454
7358 7453 7355
7456 7355 7453
7453 7450 7456
7456 7450 7457
7458 7457 7450
7458 7450 7459
7459 7450 7449
7355 7456 7353
7460 7353 7456
7456 7457 7460
7353 7460 7354
7360 7454 7358
7454 7360 7443
7366 7443 7360
7458 7459 7461
7455 7436 7435
7455 7435 7462
7438 7436 7451
7438 7451 7444
7463 7464 7465
7466 7465 7464
7463 7467 7464
7467 7463 7468
7466 7469 7465
7466 7470 7469
7470 7471 7469
7470 7472 7471
7472 7473 7471
7473 7474 7471
7474 7473 7475
7475 7476 7474
7477 7476 7475
7475 7478 7477
7479 7474 7476
7479 7476 7477
7479 7477 7480
7481 7480 7477
7474 7479 7482
7482 7471 7474
7471 7482 7483
7484 7471 7483
7471 7484 7469
7485 7469 7484
7469 7485 7465
7486 7465 7485
7465 7486 7463
7468 7463 7486
7487 7481 7477
7477 7478 7487
7488 7489 7490
7489 7488 7491
7492 7490 7489
7490 7492 7493
7488 7490 7494
7491 7488 7312
7492 7495 7493
7495 7492 7496
7491 7330 7489
7330 7491 7327
7332 7489 7330
7489 7332 7492
7313 7327 7491
7313 7491 7312
7334 7492 7332
7492 7334 7496
7496 7334 7335
7488 7497 7312
7308 7312 7497
7498 7308 7497
7308 7498 7499
7498 7497 7488
7498 7488 7494
7500 7499 7498
7498 7494 7500
7494 7501 7500
7501 7502 7500
7499 7500 7502
7502 7501 7503
7504 7503 7501
7501 7505 7504
7501 7494 7505
7503 7504 7506
7503 7506 7507
7308 7499 7508
7502 7508 7499
7508 7307 7308
7299 7502 7503
7502 7299 7298
7508 7502 7298
7296 7508 7298
7508 7296 7310
7508 7310 7307
7490 7505 7494
7505 7490 7493
7493 7509 7505
7505 7509 7504
7509 7493 7495
7228 7214 7211
7211 7220 7228
7510 7511 7285
7511 7284 7285
7511 7283 7284
7511 7293 7283
7365 7512 7513
7350 7365 7513
7513 7352 7350
7352 7513 7356
7512 7356 7513
7356 7512 7364
7514 7515 7516
7515 7514 7517
7517 7518 7515
7518 7517 7519
7519 7520 7518
7520 7519 7521
7516 7522 7514
7522 7516 7523
7524 7525 7526
7525 7524 7527
7527 7528 7525
7528 7527 7529
7529 7530 7528
7530 7529 7531
7531 7532 7530
7532 7531 7533
7533 7534 7532
7534 7533 7535
7536 7534 7535
7534 7536 7537
7538 7537 7536
7537 7538 7539
7540 7539 7538
7539 7540 7541
7542 7541 7540
7541 7542 7543
7544 7543 7542
7543 7544 7545
7546 7547 7548
7547 7546 7549
7550 7548 7547
7548 7550 7551
7552 7551 7550
7551 7552 7553
7554 7553 7552
7553 7554 7555
7556 7557 7558
7557 7559 7558
7559 7557 7560
7561 7558 7559
7558 7561 7562
7562 7556 7558
7556 7562 7563
7563 7564 7556
7564 7563 7565
7565 7566 7564
7566 7565 7567
7567 7568 7566
7568 7567 7569
7569 7570 7568
7570 7569 7571
7571 7572 7570
7572 7571 7573
7573 7574 7572
7574 7573 7575
7575 7576 7574
7576 7575 7577
7577 7578 7576
7578 7577 7579
7580 7578 7579
7578 7580 7581
7582 7581 7580
7581 7582 7583
7584 7583 7582
7583 7584 7585
7586 7585 7584
7585 7586 7587
7588 7587 7586
7587 7588 7589
7590 7589 7588
7589 7590 7591
7592 7589 7591
7593 7592 7591
7592 7593 7594
7591 7595 7593
7591 7590 7595
7593 7595 7596
7596 7597 7593
7597 7594 7593
7597 7596 7598
7597 7598 7599
7597 7599 7600
7601 7600 7599
7600 7601 7602
7602 7603 7600
7603 7597 7600
7603 7602 7604
7605 7606 7607
7606 7605 7608
7608 7609 7606
7609 7608 7610
7610 7611 7609
7611 7610 7612
7612 7613 7611
7613 7612 7614
7614 7615 7613
7615 7614 7616
7616 7617 7615
7617 7616 7618
7619 7617 7618
7617 7619 7620
7621 7620 7619
7620 7621 7622
7623 7622 7621
7622 7623 7624
7625 7624 7623
7624 7625 7626
7627 7626 7625
7626 7627 7628
7629 7628 7627
7628 7629 7630
7631 7630 7629
7630 7631 7632
7633 7632 7631
7632 7633 7634
7635 7634 7633
7634 7635 7636
7637 7636 7635
7636 7637 7638
7637 7639 7638
7639 7637 7640
7641 7639 7640
7639 7641 7642
7643 7642 7641
7642 7643 7644
7643 7645 7644
7645 7643 7646
7647 7607 7648
7607 7647 7605
7242 7216 7225
7236 7242 7225
7649 7650 7651
7650 7649 7652
7653 7650 7652
7650 7653 7654
7655 7654 7653
7654 7655 7656
7657 7656 7655
7656 7657 7658
7657 7659 7658
7659 7657 7660
7660 7661 7659
7661 7660 7662
7663 7661 7662
7661 7663 7664
7665 7664 7663
7664 7665 7666
7667 7668 7669
7670 7668 7667
7668 7670 7671
7672 7671 7670
7671 7672 7673
7674 7673 7672
7673 7674 7675
7675 7676 7673
7677 7676 7675
7676 7677 7678
7677 7679 7678
7679 7677 7680
7681 7679 7680
7682 7680 7677
7675 7682 7677
7682 7675 7674
7680 7682 7683
7683 7681 7680
7681 7683 7684
7684 7685 7681
7685 7684 7686
7686 7687 7685
7687 7686 7688
7689 7687 7688
7690 7691 7692
7691 7690 7693
7694 7692 7691
7692 7694 7695
7696 7695 7694
7695 7696 7697
7696 7698 7697
7698 7696 7699
7699 7700 7698
7700 7699 7701
7702 7700 7701
7700 7702 7703
7704 7703 7702
7703 7704 7705
7704 7706 7705
7706 7704 7707
7707 7708 7706
7708 7707 7709
7709 7710 7708
7710 7709 7711
7321 7309 7302
7302 7303 7321
7432 7419 7414
7712 7713 7714
7713 7712 7715
7713 7716 7714
7716 7713 7717
7712 7718 7715
7718 7712 7719
7720 7718 7719
7718 7720 7721
7721 7720 7722
7717 7723 7716
7723 7717 7724
7725 7726 7727
7726 7725 7728
7728 7729 7726
7729 7728 7730
7731 7725 7727
7725 7731 7732
7733 7732 7731
7732 7733 7734
7735 7734 7733
7734 7735 7736
7736 7735 7737
7738 7729 7730
7739 7734 7736
7740 7738 7730
7741 7738 7740
7740 7730 7742
7743 7744 7745
7744 7743 7746
7746 7747 7744
7747 7746 7748
7748 7749 7747
7749 7748 7750
7751 7743 7745
7743 7751 7752
7753 7752 7751
7752 7753 7754
7755 7754 7753
7754 7755 7756
7755 7757 7756
7757 7755 7758
7759 7749 7750
7749 7759 7760
7761 7762 7763
7764 7763 7762
7763 7764 7765
7766 7765 7764
7765 7766 7767
7766 7768 7767
7768 7766 7769
7768 7769 7770
7771 7772 7773
7772 7771 7774
7775 7772 7774
7772 7775 7776
7777 7776 7775
7776 7777 7778
7779 7778 7777
7778 7779 7780
7781 7780 7779
7780 7781 7782
7783 7782 7781
7782 7783 7784
7785 7784 7783
7784 7785 7786
7787 7786 7785
7786 7787 7788
7787 7789 7788
7789 7787 7790
7791 7792 7793
7792 7791 7794
7793 7795 7791
7795 7793 7796
7796 7773 7795
7773 7796 7771
7797 7798 7799
7798 7797 7800
7800 7801 7798
7801 7800 7802
7802 7803 7801
7803 7802 7804
7805 7803 7804
7803 7805 7806
7807 7806 7805
7806 7807 7808
7809 7808 7807
7808 7809 7810
7811 7810 7809
7810 7811 7812
7813 7812 7811
7812 7813 7814
7815 7814 7813
7814 7815 7816
7817 7816 7815
7816 7817 7818
7819 7820 7821
7820 7819 7822
7821 7799 7819
7799 7821 7797
7823 7824 7825
7824 7823 7826
7826 7827 7824
7827 7826 7828
7828 7829 7827
7829 7828 7830
7830 7831 7829
7831 7830 7832
7833 7823 7825
7823 7833 7834
7835 7834 7833
7834 7835 7836
7837 7836 7835
7836 7837 7838
7839 7838 7837
7838 7839 7840
7841 7840 7839
7840 7841 7842
7843 7842 7841
7842 7843 7844
7845 7844 7843
7844 7845 7846
7847 7846 7845
7846 7847 7848
7849 7850 7851
7850 7849 7852
7850 7853 7851
7853 7850 7854
7855 7853 7854
7853 7855 7856
7857 7856 7855
7856 7857 7858
7857 7859 7858
7859 7857 7860
7860 7861 7859
7861 7860 7862
7863 7861 7862
7861 7863 7864
7865 7864 7863
7864 7865 7866
7867 7866 7865
7866 7867 7868
7867 7869 7868
7869 7867 7870
7870 7871 7869
7871 7870 7872
7872 7873 7871
7873 7872 7874
7875 7876 7877
7876 7875 7878
7875 7879 7878
7879 7875 7880
7881 7879 7880
7879 7881 7882
7883 7882 7881
7882 7883 7884
7876 7885 7877
7883 7886 7884
7886 7887 7884
7887 7886 7888
7889 7887 7888
7887 7889 7890
7891 7890 7889
7890 7891 7892
7893 7890 7892
7890 7893 7894
7893 7895 7894
7895 7893 7896
7885 7897 7898
7899 7898 7897
7898 7899 7900
7899 7901 7900
7902 7901 7899
7901 7902 7903
7904 7903 7902
7903 7904 7905
7897 7885 7876
7885 7906 7877
7907 7908 7909
7908 7907 7910
7911 7909 7908
7909 7911 7912
7913 7912 7911
7912 7913 7914
7913 7915 7914
7915 7913 7916
7917 7915 7916
7915 7917 7918
7919 7918 7917
7918 7919 7920
7921 7920 7919
7920 7921 7922
7923 7922 7921
7922 7923 7924
7925 7924 7923
7924 7925 7926
7927 7928 7929
7928 7927 7930
7931 7927 7929
7927 7931 7932
7931 7907 7932
7907 7931 7910
7933 7934 7935
7934 7933 7936
7936 7937 7934
7937 7936 7938
7938 7939 7937
7939 7938 7940
7940 7941 7939
7941 7940 7942
7936 7943 7938
7943 7940 7938
7943 7936 7944
7933 7944 7936
7944 7933 7945
7945 7946 7944
7946 7945 7947
7948 7947 7945
7947 7948 7949
7948 7950 7949
7950 7948 7951
7951 7952 7950
7952 7951 7953
7953 7954 7952
7954 7953 7955
7955 7956 7954
7956 7955 7957
7957 7958 7956
7958 7957 7959
7958 7959 7960
7961 7955 7953
7955 7961 7962
7962 7957 7955
7953 7963 7961
7963 7953 7951
7948 7963 7951
7963 7948 7964
7957 7962 7965
7962 7966 7965
7966 7962 7967
7959 7968 7960
7968 7959 7969
7969 7957 7965
7957 7969 7959
7969 7970 7968
7971 7968 7970
7968 7971 7972
7972 7960 7968
7970 7969 7973
7965 7973 7969
7973 7965 7966
7960 7972 7974
7960 7974 7975
7976 7961 7963
7964 7976 7963
7961 7976 7977
7962 7977 7967
7977 7962 7961
7976 7964 7978
7964 7935 7978
7974 7979 7975
7975 7979 7980
7981 7975 7980
7981 7980 7982
7979 7983 7980
7981 7960 7975
7960 7981 7984
7984 7981 7982
7985 7984 7982
7985 7982 7986
7985 7986 7987
7988 7985 7987
7956 7985 7988
7988 7954 7956
7954 7988 7989
7990 7989 7988
7988 7987 7990
7989 7990 7991
7991 7992 7989
7992 7991 7993
7993 7994 7992
7994 7993 7995
7995 7996 7994
7996 7995 7997
7998 7996 7997
7996 7998 7999
8000 7999 7998
7999 8000 8001
8001 7947 7999
7947 8001 7946
8002 7946 8001
8002 8001 8000
8002 8000 8003
7946 8002 8004
8004 7944 7946
7944 8004 7943
8005 7943 8004
8005 8004 8002
8005 8002 8006
8005 8006 8007
7949 7999 7947
7999 7949 7996
7949 7994 7996
7994 7949 7950
7950 7992 7994
7992 7950 7952
7952 7989 7992
7989 7952 7954
8002 8003 8008
8006 8002 8008
8009 8005 8007
8010 8005 8009
8005 8010 7943
7940 7943 8010
8011 7940 8010
8011 8010 8009
7940 8011 7942
8012 8011 8009
8012 8009 8007
8012 8007 8013
7945 7964 7948
7964 7945 7933
7935 7964 7933
8014 8015 7990
7987 8014 7990
7990 8015 8016
7990 8016 7991
8016 8017 7991
7991 8017 8018
7991 8018 7993
8018 8019 7993
7993 8019 8020
7993 8020 7995
8020 8021 7995
7995 8021 8022
7995 8022 7997
8022 8023 7997
7997 8023 8024
7998 7997 8024
8025 7998 8024
7998 8025 8026
7998 8026 8000
8026 8027 8000
8000 8027 8028
8000 8028 8003
8029 8030 8031
8029 8031 8032
8033 8029 8032
8033 8032 8034
8035 8033 8034
8030 8036 8031
8030 8037 8036
8036 8037 8038
8037 8039 8038
8039 8040 8038
8039 8041 8040
8041 8042 8040
8041 8043 8042
8043 8044 8042
8043 8045 8044
8045 8046 8044
8046 8047 8044
8046 8048 8047
8048 8049 8047
8048 8050 8049
8050 8051 8049
8050 8052 8051
8052 8050 8053
8053 8054 8052
8054 8055 8052
8054 8056 8055
8056 8057 8055
8056 8058 8057
8058 8059 8057
8058 8060 8059
8060 8061 8059
8060 8062 8061
8062 8063 8061
8062 8064 8063
8064 8062 8065
8065 8066 8064
8065 8067 8066
8067 8068 8066
8068 8069 8066
8070 8071 8072
8071 8073 8072
8070 8072 8074
8075 8070 8074
8075 8074 8076
8077 8075 8076
8077 8076 8078
8071 8035 8073
8035 8034 8073
7985 7956 7958
7958 7984 7985
7958 7960 7984
8079 8080 8081
8080 8079 8082
8083 8081 8080
8081 8083 8084
8085 8084 8083
8084 8085 8086
8087 8086 8085
8086 8087 8088
8089 8088 8087
8088 8089 8090
8089 8091 8090
8091 8089 8092
8092 8093 8091
8093 8092 8094
8094 8095 8093
8095 8094 8096
8096 8097 8095
8097 8096 8098
8098 8099 8097
8099 8098 8100
8100 8101 8099
8101 8100 8102
8102 8103 8101
8103 8102 8104
8104 8105 8103
8105 8104 8106
8106 8107 8105
8107 8106 8108
8108 8109 8107
8109 8108 8110
8110 8111 8109
8111 8110 8112
8112 8113 8111
8113 8112 8114
8115 8113 8114
8113 8115 8116
8117 8118 8119
8118 8117 8120
8121 8120 8117
8120 8121 8122
8123 8122 8121
8122 8123 8124
8125 8124 8123
8124 8125 8126
8127 8126 8125
8126 8127 8128
8129 8128 8127
8128 8129 8130
8129 8131 8130
8131 8129 8132
8132 8133 8131
8133 8132 8134
8134 8135 8133
8135 8134 8136
8136 8137 8135
8137 8136 8138
8138 8139 8137
8139 8138 8140
8140 8141 8139
8141 8140 8142
8142 8143 8141
8143 8142 8144
8144 8145 8143
8145 8144 8146
8146 8147 8145
8147 8146 8148
8149 8147 8148
8147 8149 8150
8151 8150 8149
8150 8151 8152
8153 8152 8151
8152 8153 8154
8155 8156 8157
8156 8155 8158
8159 8158 8155
8158 8159 8160
8161 8160 8159
8160 8161 8162
8163 8162 8161
8162 8163 8164
8082 8157 8156
8157 8082 8079
8165 8164 8163
8164 8165 8166
8167 8168 8169
8168 8167 8170
8169 8171 8167
8171 8169 8172
8172 8173 8171
8173 8172 8174
8174 8175 8173
8175 8174 8176
8176 8177 8175
8177 8176 8178
8119 8168 8170
8168 8119 8118
8179 8180 8181
8181 8180 8182
8182 8180 8183
8184 8180 8179
8183 8180 8185
8185 8180 8186
8187 8180 8184
8188 8180 8187
8186 8180 8189
8189 8180 8190
8180 8191 8190
8180 8188 8191
8192 8193 8194
8193 8192 8195
8196 8194 8193
8194 8196 8197
8198 8197 8196
8197 8198 8199
8200 8195 8192
8195 8200 8201
8198 8202 8199
8202 8198 8203
8203 8204 8202
8204 8203 8205
8206 8201 8200
8201 8206 8207
8206 8208 8207
8205 8209 8204
8209 8205 8210
8211 8209 8210
8212 8204 8209
8211 8212 8209
8211 8213 8212
8211 8214 8213
8204 8212 8215
8215 8202 8204
8202 8215 8216
8217 8216 8215
8212 8217 8215
8216 8217 8218
8218 8219 8216
8219 8218 8220
8221 8219 8220
8219 8221 8222
8223 8222 8221
8222 8223 8224
8225 8224 8223
8224 8225 8226
8227 8226 8225
8226 8227 8228
8199 8216 8219
8222 8199 8219
8216 8199 8202
8199 8222 8197
8224 8197 8222
8197 8224 8194
8226 8194 8224
8194 8226 8192
8228 8192 8226
8192 8228 8200
8229 8200 8228
8200 8229 8206
8223 8221 8230
8225 8223 8231
8227 8225 8232
8228 8227 8233
8228 8233 8229
8229 8233 8234
8229 8234 8235
8229 8235 8236
8206 8229 8236
8206 8236 8208
8208 8236 8237
8236 8235 8237
8237 8235 8238
8237 8238 8239
8237 8239 8208
8208 8239 8240
8240 8239 8241
8239 8238 8241
8241 8238 8242
8233 8227 8243
8243 8227 8244
8227 8232 8244
8232 8225 8245
8225 8231 8245
8231 8223 8246
8223 8230 8246
8230 8221 8247
8221 8248 8247
8221 8220 8248
8248 8220 8249
8220 8250 8249
8218 8250 8220
8251 8250 8218
8218 8252 8251
8218 8217 8252
8252 8217 8253
8217 8254 8253
8217 8255 8254
8212 8255 8217
8212 8256 8255
8213 8256 8212
8257 8258 8211
8258 8214 8211
8259 8258 8257
8260 8214 8258
8260 8258 8259
8260 8261 8214
8211 8210 8257
8262 8263 8264
8263 8265 8264
8265 8266 8264
8266 8265 8267
8266 8267 8268
8267 8269 8268
8269 8270 8268
8270 8269 8271
8270 8271 8272
8271 8273 8272
8273 8274 8272
8274 8273 8275
8273 8276 8275
8276 8277 8275
8276 8278 8277
8277 8278 8279
8278 8280 8279
8281 8279 8280
8279 8281 8282
8282 8281 8283
8281 8284 8283
8284 8285 8283
8284 8286 8285
8285 8286 8287
8286 8288 8287
8288 8289 8287
8288 8290 8289
8289 8290 8291
8290 8292 8291
8293 8291 8292
8291 8293 8294
8293 8295 8294
8295 8296 8294
8295 8297 8296
8295 8298 8297
8299 8300 8301
8300 8302 8301
8302 8262 8301
8262 8302 8263
8299 8303 8300
8303 8299 8304
8305 8303 8304
8306 8305 8304
8306 8307 8305
8307 8306 8308
8309 8307 8308
8310 8309 8308
8310 8311 8309
7295 7279 7281
8312 8313 8314
8313 8312 8315
8316 8315 8312
8317 8316 8312
8314 8317 8312
8316 8317 8318
8314 8319 8317
8319 8320 8317
8320 8319 8321
8320 8321 8322
8315 8316 8323
8323 8324 8315
8315 8324 8325
8324 8323 8326
8326 8327 8324
8324 8327 8328
8324 8328 8325
8327 8329 8328
8330 8328 8329
8328 8330 8331
8329 8327 8332
8333 8332 8327
8327 8326 8333
8332 8333 8334
8325 8328 8335
8328 8331 8335
8336 8331 8330
8331 8336 8337
8338 8334 8333
8334 8338 8339
8340 8339 8338
8338 8341 8340
8341 8338 8342
8333 8342 8338
8342 8343 8341
8343 8342 8344
8345 8343 8344
8343 8345 8346
8339 8340 8347
8342 8333 8326
8326 8344 8342
8344 8326 8323
8344 8316 8345
8316 8344 8323
8318 8345 8316
8345 8318 8348
8348 8346 8345
8349 8348 8318
8350 8349 8318
8349 8350 8351
8352 8351 8350
8320 8352 8350
8352 8320 8353
8354 8352 8353
8352 8354 8355
8356 8352 8355
8352 8356 8357
8351 8352 8357
8357 8358 8351
8358 8357 8359
8359 8357 8356
8348 8349 8360
8351 8361 8349
8361 8351 8358
8355 8362 8356
8362 8355 8363
8354 8363 8355
8363 8354 8364
8350 8317 8320
8364 8365 8363
8365 8364 8366
8367 8366 8364
8367 8364 8354
8368 8367 8354
8366 8367 8369
8363 8370 8362
8370 8363 8365
8370 8371 8362
8371 8370 8372
8369 8373 8366
8373 8365 8366
8373 8369 8374
8374 8375 8373
8375 8374 8376
8376 8377 8375
8377 8373 8375
8377 8376 8378
8379 8377 8378
8377 8379 8380
8380 8379 8381
8382 8380 8381
8372 8382 8381
8382 8372 8370
8383 8379 8378
8379 8383 8384
8385 8378 8376
8378 8385 8383
8386 8376 8374
8376 8386 8385
8387 8379 8384
8379 8387 8381
8387 8384 8388
8373 8377 8389
8380 8389 8377
8389 8380 8382
8382 8365 8389
8365 8373 8389
8365 8382 8370
8387 8388 8390
8390 8388 8391
8392 8390 8391
8391 8393 8392
8393 8391 8394
8394 8395 8393
8395 8394 8396
8397 8395 8396
8397 8398 8386
8398 8397 8396
8398 8385 8386
8399 8400 8401
8402 8400 8399
8399 8403 8402
8403 8399 8404
8401 8404 8399
8403 8405 8402
8405 8403 8406
8404 8401 8407
8408 8407 8401
8407 8408 8409
8410 8409 8408
8408 8411 8410
8411 8408 8412
8401 8412 8408
8412 8413 8411
8413 8412 8414
8415 8414 8412
8412 8401 8415
8400 8415 8401
8414 8415 8416
8414 8417 8413
8417 8414 8418
8416 8418 8414
8418 8416 8419
8420 8417 8418
8417 8420 8421
8422 8421 8420
8423 8422 8420
8419 8423 8418
8418 8423 8420
8422 8423 8424
8421 8422 8425
8419 8426 8423
8426 8424 8423
8424 8426 8427
8427 8428 8424
8428 8427 8429
8430 8429 8427
8431 8430 8427
8432 8431 8427
8431 8432 8433
8434 8433 8432
8433 8434 8435
8436 8435 8434
8436 8434 8437
8438 8436 8437
8439 8438 8437
8438 8439 8440
8439 8437 8441
8436 8438 8442
8443 8437 8434
8437 8443 8444
8437 8444 8441
8445 8441 8444
8443 8445 8444
8441 8445 8446
8445 8443 8447
8447 8448 8445
8447 8449 8448
8448 8449 8450
8447 8451 8449
8452 8449 8451
8451 8453 8452
8453 8451 8454
8455 8454 8451
8451 8447 8455
8454 8455 8456
8457 8456 8455
8456 8457 8458
8457 8459 8458
8460 8458 8459
8458 8460 8461
8459 8457 8462
8462 8463 8459
8462 8464 8463
8465 8463 8464
8464 8466 8465
8466 8464 8467
8467 8468 8466
8468 8467 8469
8463 8465 8470
8463 8470 8471
8472 8467 8464
8464 8462 8472
8467 8472 8473
8473 8469 8467
8469 8473 8474
8475 8474 8473
8474 8475 8476
8477 8472 8462
8472 8477 8478
8478 8473 8472
8473 8478 8475
8479 8475 8478
8475 8479 8400
8478 8477 8480
8478 8480 8479
8402 8476 8475
8402 8475 8400
8476 8402 8405
8416 8400 8479
8400 8416 8415
8419 8479 8480
8479 8419 8416
8480 8481 8419
8482 8481 8480
8482 8432 8481
8427 8481 8432
8481 8427 8426
8419 8481 8426
8432 8482 8434
8483 8434 8482
8482 8480 8483
8434 8483 8443
8483 8447 8443
8447 8483 8484
8483 8477 8484
8484 8455 8447
8455 8484 8457
8462 8457 8484
8462 8484 8477
8483 8480 8477
8485 8486 8487
8486 8485 8488
8487 8489 8485
8489 8487 8490
8486 8491 8487
8491 8486 8492
8493 8490 8487
8491 8493 8487
8490 8493 8494
8495 8489 8490
8489 8495 8496
8497 8496 8495
8496 8497 8498
8499 8497 8495
8497 8499 8500
8490 8501 8495
8501 8490 8494
8499 8495 8501
8502 8491 8492
8491 8502 8503
8500 8499 8504
8505 8491 8503
8506 8504 8499
8502 8507 8503
8507 8502 8508
8508 8509 8507
8509 8508 8510
8511 8503 8507
8503 8511 8512
8512 8505 8503
8511 8513 8512
8513 8511 8514
8514 8515 8513
8516 8513 8515
8513 8516 8517
8517 8512 8513
8515 8514 8518
8519 8518 8514
8511 8519 8514
8518 8519 8520
8519 8511 8521
8507 8521 8511
8521 8507 8509
8516 8522 8517
8522 8516 8523
8523 8524 8522
8525 8522 8524
8522 8525 8526
8527 8526 8525
8526 8527 8528
8529 8528 8527
8528 8529 8530
8529 8531 8530
8531 8529 8532
8532 8533 8531
8533 8532 8534
8534 8335 8533
8524 8319 8525
8319 8527 8525
8319 8524 8321
8535 8321 8524
8524 8523 8535
8536 8535 8523
8535 8536 8537
8537 8322 8535
8321 8535 8322
8322 8537 8538
8313 8532 8529
8529 8314 8313
8527 8319 8314
8314 8529 8527
8532 8313 8539
8539 8325 8534
8335 8534 8325
8516 8536 8523
8540 8322 8538
8539 8313 8315
8315 8325 8539
8540 8353 8322
8540 8368 8353
8320 8322 8353
8368 8354 8353
8539 8534 8532
8446 8541 8542
8542 8543 8446
8543 8542 8544
8545 8446 8543
8446 8545 8441
8545 8439 8441
8439 8545 8546
8546 8440 8439
8440 8546 8547
8548 8546 8545
8546 8548 8549
8550 8546 8549
8550 8547 8546
8551 8543 8544
8545 8552 8548
8552 8545 8543
8551 8552 8543
8550 8549 8553
8548 8553 8549
8553 8548 8554
8555 8553 8554
8556 8555 8554
8548 8556 8554
8556 8548 8552
8551 8556 8552
8555 8556 8557
8558 8555 8557
8555 8558 8559
8560 8555 8559
8555 8560 8561
8553 8555 8561
8560 8562 8561
8558 8563 8559
8563 8558 8564
8559 8565 8560
8565 8559 8563
8562 8560 8565
8561 8566 8553
8566 8561 8567
8562 8567 8561
8556 8568 8557
8568 8569 8557
8569 8558 8557
8569 8564 8558
8569 8570 8564
8570 8571 8564
8571 8570 8572
8573 8571 8572
8574 8571 8573
8571 8574 8575
8575 8564 8571
8564 8575 8563
8575 8565 8563
8574 8576 8575
8565 8575 8576
8576 8574 8577
8578 8576 8577
8578 8565 8576
8565 8578 8579
8562 8565 8579
8568 8556 8580
8551 8580 8556
8581 8582 8435
8582 8581 8583
8584 8435 8582
8585 8582 8583
8582 8585 8586
8582 8587 8584
8587 8582 8586
8587 8588 8584
8588 8431 8584
8588 8589 8431
8589 8588 8590
8591 8431 8589
8588 8592 8590
8592 8588 8593
8588 8587 8593
8594 8593 8587
8586 8594 8587
8593 8594 8595
8596 8593 8595
8596 8592 8593
8597 8586 8585
8594 8586 8598
8597 8598 8586
8596 8595 8599
8595 8600 8599
8600 8595 8594
8598 8600 8594
8601 8599 8600
8602 8601 8600
8600 8598 8602
8597 8602 8598
8601 8602 8603
8604 8603 8602
8597 8604 8602
8603 8604 8605
8603 8605 8606
8607 8601 8603
8607 8603 8606
8601 8607 8608
8609 8601 8608
8601 8609 8610
8599 8601 8610
8610 8611 8599
8596 8599 8611
8611 8610 8612
8613 8608 8607
8613 8607 8606
8614 8613 8606
8608 8613 8615
8615 8609 8608
8609 8615 8616
8614 8617 8613
8617 8614 8618
8618 8619 8617
8620 8617 8619
8617 8620 8621
8613 8621 8615
8621 8613 8617
8621 8616 8615
8622 8621 8620
8621 8622 8623
8616 8621 8623
8624 8623 8622
8616 8625 8609
8609 8625 8610
8625 8612 8610
8623 8626 8616
8626 8623 8624
8616 8626 8625
8627 8628 8629
8628 8627 8504
8504 8630 8628
8630 8504 8631
8631 8632 8630
8632 8631 8633
8634 8632 8633
8632 8634 8635
8634 8633 8636
8636 8633 8637
8638 8629 8628
8629 8638 8639
8640 8628 8630
8628 8640 8638
8635 8641 8632
8630 8641 8640
8641 8630 8632
8641 8635 8642
8636 8637 8643
8644 8636 8643
8645 8636 8644
8636 8645 8646
8644 8647 8645
8648 8645 8647
8645 8648 8649
8646 8645 8649
8646 8649 8650
8651 8650 8649
8650 8651 8652
8649 8653 8651
8653 8649 8648
8647 8644 8654
8654 8644 8643
8647 8655 8648
8655 8647 8656
8654 8656 8647
8657 8655 8656
8655 8657 8658
8658 8659 8655
8659 8648 8655
8648 8659 8653
8659 8658 8660
8661 8657 8656
8656 8654 8661
8657 8661 8662
8663 8651 8653
8659 8663 8653
8651 8663 8664
8664 8652 8651
8652 8664 8665
8660 8666 8659
8663 8659 8666
8666 8660 8667
8337 8662 8661
8662 8337 8336
8668 8661 8654
8661 8668 8337
8654 8643 8668
8668 8643 8335
8337 8668 8331
8331 8668 8335
8664 8669 8665
8663 8669 8664
8669 8663 8670
8663 8671 8670
8671 8663 8666
8667 8671 8666
8672 8671 8667
8672 8670 8671
8670 8672 8673
8674 8670 8673
8670 8674 8669
8665 8669 8674
8673 8675 8674
8675 8673 8676
8676 8677 8675
8678 8675 8677
8675 8678 8679
8679 8674 8675
8677 8676 8680
8676 8681 8680
8681 8676 8682
8682 8673 8672
8673 8682 8676
8682 8683 8681
8683 8682 8684
8672 8684 8682
8685 8678 8677
8678 8685 8686
8677 8687 8685
8687 8677 8680
8681 8687 8680
8683 8688 8681
8687 8681 8688
8688 8683 8689
8674 8679 8665
8685 8690 8686
8685 8691 8690
8691 8685 8687
8688 8691 8687
8691 8688 8692
8689 8692 8688
8692 8689 8693
8693 8691 8692
8694 8693 8689
8693 8694 8695
8696 8693 8695
8693 8696 8697
8691 8693 8697
8696 8698 8697
8691 8698 8690
8698 8691 8697
8686 8690 8698
8698 8696 8699
8698 8700 8686
8700 8698 8699
8699 8701 8700
8701 8699 8702
8703 8695 8694
8695 8703 8704
8705 8701 8702
8705 8706 8701
8705 8707 8706
8707 8705 8708
8709 8707 8708
8709 8704 8703
8709 8703 8710
8707 8709 8710
8711 8712 8713
8713 8714 8711
8714 8713 8715
8716 8711 8714
8711 8716 8717
8717 8429 8711
8711 8429 8712
8718 8717 8716
8717 8718 8719
8720 8719 8718
8719 8720 8721
8721 8722 8719
8719 8428 8717
8717 8428 8429
8428 8719 8723
8722 8723 8719
8723 8722 8724
8714 8715 8725
8726 8716 8714
8726 8714 8725
8716 8726 8727
8716 8728 8718
8728 8716 8727
8728 8729 8718
8729 8720 8718
8724 8422 8723
8422 8724 8425
8424 8723 8422
8723 8424 8428
8726 8730 8727
8730 8726 8731
8725 8731 8726
8731 8732 8730
8732 8731 8733
8731 8734 8733
8734 8731 8735
8725 8735 8731
8734 8736 8733
8737 8732 8733
8736 8737 8733
8732 8737 8738
8739 8732 8738
8732 8739 8740
8740 8730 8732
8730 8740 8741
8740 8742 8741
8742 8740 8743
8744 8738 8737
8736 8744 8737
8736 8745 8744
8738 8744 8746
8747 8738 8746
8738 8747 8739
8745 8748 8744
8748 8745 8749
8750 8748 8749
8751 8748 8750
8748 8751 8752
8752 8744 8748
8744 8752 8746
8752 8747 8746
8751 8753 8752
8747 8752 8753
8753 8751 8754
8753 8754 8755
8755 8747 8753
8747 8755 8756
8757 8747 8756
8757 8739 8747
8739 8757 8740
8757 8743 8740
8460 8459 8758
8459 8463 8758
8463 8471 8758
8470 8759 8471
8470 8760 8759
8760 8470 8761
8761 8762 8760
8762 8761 8763
8764 8763 8761
8470 8764 8761
8763 8764 8765
8764 8766 8765
8766 8764 8767
8767 8768 8766
8768 8767 8769
8770 8766 8768
8766 8770 8771
8771 8765 8766
8765 8771 8772
8773 8765 8772
8765 8773 8763
8763 8774 8762
8774 8763 8773
8465 8767 8764
8767 8465 8466
8466 8769 8767
8775 8771 8770
8771 8775 8776
8776 8772 8771
8775 8777 8776
8777 8778 8776
8772 8776 8778
8778 8777 8779
8777 8780 8779
8780 8777 8781
8777 8775 8781
8780 8782 8779
8782 8780 8783
8783 8784 8782
8784 8779 8782
8779 8784 8778
8784 8772 8778
8772 8784 8773
8784 8783 8785
8773 8785 8774
8785 8773 8784
8764 8470 8465
8769 8466 8468
8458 8786 8456
8786 8458 8461
8456 8786 8454
8787 8454 8786
8788 8454 8787
8454 8788 8453
8453 8788 8789
8790 8453 8789
8453 8790 8791
8791 8452 8453
8452 8791 8792
8792 8793 8452
8793 8792 8794
8794 8795 8793
8795 8794 8796
8792 8797 8794
8798 8794 8797
8798 8796 8794
8797 8792 8799
8798 8797 8800
8801 8797 8799
8797 8801 8800
8802 8800 8801
8803 8802 8801
8802 8803 8804
8803 8805 8804
8805 8803 8806
8805 8807 8804
8808 8802 8804
8807 8808 8804
8802 8808 8809
8810 8802 8809
8802 8810 8811
8800 8802 8811
8812 8811 8810
8813 8800 8811
8812 8813 8811
8800 8813 8814
8808 8815 8809
8815 8810 8809
8815 8808 8816
8816 8808 8807
8816 8807 8817
8810 8815 8818
8812 8810 8818
8803 8819 8806
8817 8820 8816
8820 8815 8816
8820 8817 8821
8821 8822 8820
8822 8823 8820
8815 8820 8823
8823 8818 8815
8823 8822 8824
8825 8823 8824
8823 8825 8826
8818 8823 8826
8826 8825 8827
8826 8828 8818
8828 8826 8827
8812 8818 8828
8819 8791 8790
8819 8829 8791
8829 8792 8791
8792 8829 8799
8829 8801 8799
8801 8829 8803
8803 8829 8819
8830 8831 8832
8833 8832 8831
8832 8833 8834
8833 8835 8834
8835 8833 8836
8835 8836 8837
8836 8510 8837
8510 8836 8509
8836 8521 8509
8521 8836 8833
8831 8521 8833
8521 8831 8519
8831 8520 8519
8520 8831 8830
8835 8837 8838
8838 8834 8835
8839 8838 8837
8838 8839 8840
8841 8840 8839
8840 8841 8842
8842 8843 8840
8843 8842 8844
8844 8845 8843
8845 8844 8846
8846 8847 8845
8847 8846 8848
8845 8849 8843
8849 8840 8843
8840 8849 8838
8849 8845 8850
8847 8850 8845
8850 8847 8830
8834 8838 8849
8850 8834 8849
8834 8850 8832
8830 8832 8850
8851 8842 8841
8842 8851 8852
8852 8844 8842
8853 8852 8851
8853 8854 8852
8844 8852 8854
8854 8853 8855
8856 8854 8855
8854 8856 8857
8857 8848 8846
8857 8856 8858
8848 8857 8858
8855 8859 8856
8858 8856 8859
8859 8855 8860
8855 8861 8860
8861 8855 8853
8853 8851 8861
8857 8844 8854
8844 8857 8846
8859 8862 8858
8862 8859 8863
8859 8864 8863
8864 8859 8860
8861 8864 8860
8864 8861 8865
8861 8866 8865
8865 8866 8867
8866 8861 8851
8868 8862 8863
8868 8869 8862
8870 8869 8868
8866 8871 8867
8870 8872 8869
8870 8873 8872
8873 8870 8874
8874 8875 8873
8871 8875 8876
8875 8874 8876
8867 8871 8876
8877 8878 8879
8878 8877 8880
8877 8881 8880
8881 8877 8882
8883 8877 8879
8877 8883 8884
8885 8877 8884
8877 8885 8882
8886 8488 8485
8488 8886 8887
8485 8888 8886
8888 8485 8489
8496 8888 8489
8888 8496 8889
8498 8889 8496
8889 8498 8890
8890 8891 8889
8891 8890 8892
8893 8891 8892
8893 8892 8894
8894 8895 8893
8895 8894 8896
8897 8893 8895
8893 8897 8891
8889 8897 8888
8897 8889 8891
8898 8897 8895
8897 8898 8899
8900 8899 8898
8901 8895 8896
8895 8901 8898
8900 8898 8901
8886 8897 8899
8897 8886 8888
8899 8887 8886
8887 8899 8900
8901 8902 8900
8902 8901 8903
8896 8903 8901
8904 8902 8903
8903 8905 8904
8905 8903 8906
8903 8896 8906
8906 8907 8905
8907 8906 8908
8896 8908 8906
8908 8909 8907
8909 8908 8910
8902 8904 8911
8894 8910 8908
8908 8896 8894
8910 8894 8892
8909 8912 8907
8912 8905 8907
8912 8909 8913
8913 8914 8912
8914 8915 8912
8905 8912 8915
8915 8914 8916
8917 8915 8916
8915 8917 8918
8919 8918 8917
8916 8920 8917
8919 8917 8920
8920 8916 8921
8916 8922 8921
8922 8916 8914
8922 8914 8913
8918 8905 8915
8905 8918 8904
8919 8904 8918
8904 8919 8911
8920 8923 8919
8923 8920 8924
8920 8925 8924
8925 8920 8921
8922 8925 8921
8925 8922 8926
8922 8927 8926
8928 8926 8927
8927 8922 8913
8929 8923 8924
8929 8930 8923
8931 8930 8929
8931 8932 8930
8933 8932 8931
8932 8933 8934
8933 8935 8934
8935 8933 8936
8935 8936 8937
8936 8928 8937
8937 8928 8927
8938 8939 8940
8939 8938 8941
8938 8942 8941
8942 8938 8943
8944 8938 8940
8938 8944 8945
8938 8946 8943
8946 8938 8945
8947 8948 8949
8950 8949 8948
8949 8950 8951
8950 8952 8951
8953 8951 8952
8953 8952 8954
8952 8955 8954
8952 8950 8955
8951 8953 8956
8957 8951 8956
8951 8957 8949
8947 8949 8957
8955 8642 8954
8642 8955 8641
8955 8640 8641
8640 8955 8950
8638 8950 8948
8950 8638 8640
8948 8639 8638
8639 8948 8947
8957 8958 8947
8958 8957 8959
8956 8959 8957
8959 8960 8958
8960 8959 8961
8962 8961 8959
8959 8956 8962
8961 8962 8963
8962 8964 8963
8964 8962 8965
8956 8965 8962
8965 8966 8964
8966 8965 8967
8968 8960 8961
8963 8968 8961
8960 8968 8969
8968 8963 8970
8966 8971 8964
8971 8963 8964
8963 8971 8970
8971 8966 8972
8953 8967 8965
8965 8956 8953
8967 8953 8954
8968 8973 8969
8970 8973 8968
8973 8970 8974
8970 8975 8974
8975 8970 8971
8972 8975 8971
8975 8972 8976
8976 8974 8975
8977 8976 8972
8976 8977 8978
8979 8976 8978
8976 8979 8980
8974 8976 8980
8979 8981 8980
8974 8981 8973
8981 8974 8980
8973 8981 8969
8981 8979 8982
8983 8981 8982
8981 8983 8969
8982 8984 8983
8984 8982 8985
8986 8978 8977
8978 8986 8987
8988 8984 8985
8988 8989 8984
8988 8990 8989
8990 8988 8991
8992 8990 8991
8992 8987 8986
8993 8992 8986
8990 8992 8993
8994 8995 8996
8995 8994 8997
8994 8998 8997
8998 8994 8999
9000 8994 8996
8994 9000 9001
8994 9002 8999
9002 8994 9001
9003 9004 9005
9004 9003 9006
9004 9007 9005
9007 9004 9008
9009 9004 9006
9004 9009 9010
9011 9004 9010
9004 9011 9008
9012 8360 9013
8360 9012 9014
8349 9013 8360
9013 8349 8361
9015 8360 9014
8360 9015 8348
8346 8348 9015
9016 9015 9014
9015 9016 9017
9015 9018 8346
9018 9015 9017
9019 8346 9018
8346 9019 8343
9020 8343 9019
8343 9020 8341
9021 8341 9020
8341 9021 8340
9022 8340 9021
8340 9022 8347
9014 9023 9016
9023 9014 9012
8528 8491 8505
8493 8491 8528
8493 8528 8530
8528 8505 9024
8505 8512 9024
8512 8517 9024
8494 8493 8530
8494 8530 8501
8530 8531 8501
8499 8501 8531
8506 8499 8531
8528 9024 8526
8522 8526 9024
8517 8522 9024
9025 8506 8531
8631 8506 9025
9025 8633 8631
8633 9025 8637
8506 8631 8504
9025 8531 8533
8533 8643 9025
8643 8637 9025
8335 8643 8533
8627 8500 8504
8409 8410 9026
9026 9027 8409
9027 8407 8409
8407 9027 9028
9027 9026 9029
9028 8404 8407
8404 9028 9030
9030 8403 8404
8403 9030 9031
9031 8406 8403
8406 9031 9032
8317 8350 8318
8445 8448 8541
8448 9033 8541
8448 8450 9033
8446 8445 8541
8793 8450 8449
8452 8793 8449
8793 8795 8450
8581 8436 8442
8436 8581 8435
8584 8433 8435
8431 8433 8584
8591 8430 8431
8430 8591 8712
8429 8430 8712
8727 8741 8728
8741 8727 8730
8729 8728 8741
8742 8729 8741
8684 8672 8667
9034 9035 9036
9035 9034 9037
9038 9035 9037
9035 9038 9039
9035 9040 9036
9040 9035 9041
9042 9035 9039
9035 9042 9041
8356 8362 8371
8359 8356 8371
8798 8800 8814
8550 8553 8566
8634 8636 9043
8636 8646 9043
9044 9045 9046
9045 9044 9047
9045 9048 9046
9048 9045 9049
9050 9051 9052
9053 9051 9050
9054 9051 9053
9051 9055 9052
9056 9054 9053
9056 9057 9054
9057 9058 9054
9059 9058 9057
9060 9058 9059
9058 9060 9055
9055 9061 9052
9060 9061 9055
9062 9063 9064
9063 9062 9065
9066 9062 9064
9062 9066 9067
9068 9069 9070
9069 9068 9071
9072 9069 9071
9069 9072 9073
9074 9073 9072
9068 9070 9075
9075 9070 9076
9074 9077 9073
9078 9073 9077
9073 9078 9069
9078 9070 9069
9070 9078 9076
9077 9079 9078
9078 9079 9076
9072 9071 9080
9080 9071 9068
9081 9082 9083
9082 9081 9084
9085 9082 9084
9082 9085 9086
9087 9088 9089
9088 9087 9090
9088 9091 9089
9091 9088 9092
9093 9094 9095
9096 9093 9095
9097 9093 9096
9094 9093 9097
9098 9099 9100
9099 9098 9101
9102 9103 9104
9103 9102 9105
9106 9107 9108
9107 9106 9109
9110 9111 9112
9111 9110 9113
9114 9115 9116
9117 9115 9114
9118 9117 9114
9117 9118 9119
9120 9115 9117
9115 9120 9121
9121 9120 9122
9123 9121 9122
9124 9122 9120
9122 9124 9125
9126 9119 9118
9119 9126 9127
9128 9127 9126
9127 9128 9129
9130 9125 9124
9125 9130 9131
9117 9132 9120
9132 9117 9133
9133 9119 9134
9127 9134 9119
9119 9133 9117
9135 9120 9132
9120 9135 9124
9135 9130 9124
9134 9127 9136
9129 9136 9127
9137 9129 9128
9129 9137 9138
9136 9129 9139
9138 9139 9129
9130 9135 9140
9141 9131 9130
9140 9141 9130
9131 9141 9142
9137 9143 9138
9137 9144 9143
9139 9138 9145
9133 9146 9132
9143 9147 9138
9147 9145 9138
9143 9148 9147
9149 9132 9146
9132 9149 9135
9149 9140 9135
9150 9147 9148
9141 9140 9151
9145 9147 9152
9153 9142 9141
9151 9153 9141
9142 9153 9154
9150 9155 9147
9156 9155 9150
9156 9150 9157
9153 9151 9158
9156 9159 9155
9159 9156 9160
9147 9161 9152
9161 9147 9155
9162 9154 9153
9154 9162 9163
9160 9164 9159
9164 9160 9165
9155 9166 9161
9166 9155 9159
9153 9167 9162
9158 9167 9153
9167 9158 9168
9167 9169 9162
9159 9170 9166
9170 9159 9164
9165 9171 9164
9171 9165 9172
9169 9167 9173
9168 9173 9167
9174 9161 9166
9161 9174 9175
9175 9152 9161
9152 9175 9176
9177 9152 9176
9152 9177 9145
9178 9145 9177
9145 9178 9139
9179 9139 9178
9139 9179 9136
9136 9179 9134
9180 9169 9173
9180 9181 9169
9173 9182 9180
9182 9173 9183
9183 9184 9182
9184 9183 9185
9186 9185 9183
9183 9187 9186
9187 9183 9173
9173 9168 9187
9168 9188 9187
9188 9168 9189
9168 9190 9189
9190 9168 9158
9151 9190 9158
9190 9151 9191
9140 9191 9151
9191 9140 9192
9140 9149 9192
9185 9186 9193
9194 9184 9185
9184 9194 9195
9196 9195 9194
9195 9196 9197
9198 9185 9193
9185 9198 9194
9197 9196 9199
9197 9199 9200
9201 9194 9198
9194 9201 9196
9199 9196 9202
9202 9203 9199
9204 9198 9193
9186 9204 9193
9204 9186 9205
9187 9205 9186
9205 9187 9188
9198 9204 9206
9206 9201 9198
9207 9203 9202
9208 9203 9207
9203 9208 9209
9207 9210 9208
9210 9207 9211
9211 9212 9210
9212 9211 9213
9213 9214 9212
9214 9213 9215
9215 9216 9214
9216 9215 9217
9218 9216 9217
9217 9219 9218
9219 9217 9220
9220 9221 9219
9220 9172 9221
9172 9220 9171
9221 9222 9219
9223 9171 9220
9171 9223 9224
9224 9164 9171
9164 9224 9170
9225 9216 9218
9226 9224 9223
9227 9224 9226
9227 9170 9224
9227 9166 9170
9166 9227 9174
9220 9228 9223
9228 9220 9217
9223 9228 9229
9223 9229 9226
9217 9230 9228
9230 9217 9215
9231 9228 9230
9228 9231 9229
9213 9230 9215
9230 9213 9232
9232 9231 9230
9231 9232 9233
9211 9232 9213
9232 9211 9234
9207 9234 9211
9234 9207 9235
9202 9235 9207
9235 9202 9236
9196 9236 9202
9236 9196 9201
9237 9232 9234
9232 9237 9233
9238 9236 9201
9201 9206 9238
9236 9238 9239
9240 9234 9235
9234 9240 9237
9240 9236 9239
9236 9240 9235
9241 9233 9237
9233 9241 9242
9242 9231 9233
9231 9242 9243
9243 9229 9231
9229 9243 9244
9244 9226 9229
9226 9244 9245
9245 9227 9226
9227 9245 9246
9246 9174 9227
9174 9246 9247
9247 9175 9174
9175 9247 9248
9248 9176 9175
9176 9248 9249
9250 9176 9249
9176 9250 9177
9251 9177 9250
9177 9251 9178
9252 9178 9251
9178 9252 9179
9253 9179 9252
9179 9253 9254
9255 9254 9253
9254 9255 9146
9146 9133 9254
9134 9254 9133
9179 9254 9134
9256 9146 9255
9146 9256 9149
9257 9149 9256
9149 9257 9192
9258 9192 9257
9192 9258 9191
9259 9191 9258
9191 9259 9190
9260 9190 9259
9190 9260 9189
9261 9189 9260
9189 9261 9188
9262 9188 9261
9188 9262 9205
9263 9205 9262
9205 9263 9204
9263 9206 9204
9206 9263 9264
9264 9238 9206
9238 9264 9265
9265 9239 9238
9239 9265 9266
9266 9240 9239
9240 9266 9267
9267 9237 9240
9237 9267 9241
9268 9269 9270
9268 9270 9271
9268 9271 9272
9272 9273 9268
9273 9272 9274
9274 9275 9273
9275 9274 9276
9275 9276 9277
9275 9277 9278
9275 9278 9279
9280 9281 9282
9281 9283 9282
9284 9281 9280
9284 9280 9285
9286 9284 9285
9287 9286 9285
9288 9287 9285
9288 9285 9289
9288 9289 9290
9290 9289 9291
9292 9290 9291
9293 9292 9291
9292 9293 9294
9295 9294 9293
9294 9295 9296
9297 9296 9295
9295 9298 9297
9298 9295 9299
9293 9299 9295
9296 9297 9300
9301 9297 9298
9298 9302 9301
9302 9298 9303
9299 9303 9298
9297 9301 9304
9304 9300 9297
9296 9305 9294
9305 9296 9306
9294 9307 9292
9294 9305 9307
9292 9307 9290
9302 9308 9301
9308 9304 9301
9308 9302 9309
9310 9296 9300
9296 9310 9306
9300 9304 9311
9304 9308 9312
9300 9313 9310
9300 9311 9313
9309 9314 9308
9314 9312 9308
9311 9304 9315
9315 9304 9312
9315 9313 9311
9316 9314 9309
9312 9314 9317
9318 9315 9312
9316 9319 9314
9319 9316 9320
9316 9321 9320
9322 9312 9317
9312 9322 9318
9323 9314 9319
9314 9323 9317
9322 9317 9323
9324 9325 9326
9325 9324 9327
9328 9327 9324
9327 9328 9329
9329 9328 9330
9325 9331 9326
9331 9325 9332
9331 9333 9326
9333 9334 9326
9326 9334 9335
9334 9336 9335
9336 9337 9335
9335 9337 9338
9339 9338 9337
9338 9339 9340
9341 9340 9339
9340 9341 9342
9343 9342 9341
9342 9343 9344
9345 9344 9343
9344 9345 9346
9347 9346 9345
9348 9347 9345
9349 9347 9348
9350 9347 9349
9351 9350 9349
9352 9350 9351
9352 9353 9350
9353 9352 9354
9353 9355 9350
9355 9353 9356
9356 9357 9355
9357 9356 9358
9358 9359 9357
9360 9357 9359
9361 9360 9359
9362 9363 9364
9365 9364 9363
9364 9365 9366
9367 9364 9366
9364 9367 9368
9369 9368 9367
9369 9370 9368
9370 9369 9371
9371 9369 9372
9371 9373 9370
9373 9371 9374
9375 9373 9374
9376 9373 9375
9377 9376 9375
9376 9377 9378
9379 9378 9377
9378 9379 9380
9381 9382 9383
9382 9381 9384
9385 9386 9387
9386 9385 9388
9389 9390 9391
9390 9389 9392
9393 9391 9390
9391 9393 9394
9395 9396 9397
9398 9399 9400
9401 9402 9403
9402 9401 9404
9402 9405 9403
9405 9402 9406
9406 9407 9405
9407 9406 9408
9409 9407 9408
9407 9409 9410
9409 9411 9410
9411 9409 9412
9412 9413 9411
9413 9412 9414
9415 9413 9414
9413 9415 9416
9417 9418 9419
9418 9417 9420
9417 9421 9420
9421 9417 9422
9422 9423 9421
9423 9422 9424
9424 9425 9423
9425 9424 9426
9426 9427 9425
9427 9426 9428
9428 9429 9427
9429 9428 9430
9430 9362 9429
9362 9430 9431
9362 9431 9363
9432 9419 9418
9433 9432 9418
9433 9434 9432
9433 9435 9434
9436 9434 9435
9434 9436 9437
9435 9438 9436
9438 9435 9439
9439 9440 9438
9439 9441 9440
9441 9442 9440
9442 9443 9440
9444 9442 9441
9442 9444 9445
9446 9445 9444
9447 9446 9444
9447 9448 9446
9448 9447 9449
9449 9450 9448
9450 9449 9451
9452 9453 9454
9454 9453 9455
9452 9330 9453
9453 9456 9455
9456 9453 9457
9458 9456 9457
9458 9457 9459
9460 9459 9457
9459 9460 9461
9462 9461 9460
9461 9462 9463
9464 9463 9462
9464 9465 9463
9466 9465 9464
9465 9466 9467
9468 9464 9462
9466 9469 9467
9469 9466 9470
9471 9469 9470
9469 9471 9472
9471 9473 9472
9473 9471 9474
9475 9473 9474
9473 9475 9476
9475 9477 9476
9477 9475 9478
9479 9477 9478
9480 9479 9478
9480 9481 9479
9481 9480 9482
9482 9483 9481
9483 9482 9484
9485 9480 9478
9486 9487 9488
9488 9487 9489
9489 9487 9490
9489 9491 9488
9491 9489 9492
9490 9493 9489
9493 9490 9494
9495 9493 9494
9495 9494 9496
9496 9497 9495
9497 9496 9498
9498 9499 9497
9497 9499 9500
9500 9499 9501
9495 9497 9502
9502 9497 9500
9502 9493 9495
9503 9500 9501
9504 9503 9501
9504 9501 9505
9504 9505 9506
9504 9506 9507
9504 9507 9508
9493 9502 9509
9504 9508 9510
9511 9510 9508
9511 9508 9512
9513 9511 9512
9514 9511 9513
9515 9514 9513
9516 9515 9513
9513 9517 9516
9517 9513 9518
9515 9516 9519
9515 9519 9520
9520 9514 9515
9520 9519 9521
9521 9522 9520
9522 9521 9523
9524 9522 9523
9525 9524 9523
9524 9526 9522
9526 9524 9527
9514 9520 9528
9529 9526 9527
9520 9522 9530
9522 9531 9530
9531 9522 9526
9529 9531 9526
9520 9530 9532
9532 9528 9520
9530 9531 9532
9531 9529 9533
9534 9532 9531
9533 9534 9531
9532 9534 9535
9535 9536 9532
9532 9536 9528
9533 9537 9534
9538 9535 9534
9537 9538 9534
9535 9538 9539
9535 9540 9536
9539 9540 9535
9540 9539 9541
9538 9537 9542
9542 9537 9543
9544 9543 9537
9543 9544 9545
9544 9546 9545
9546 9544 9547
9547 9548 9546
9548 9547 9549
9542 9543 9550
9541 9551 9540
9552 9540 9551
9540 9552 9553
9554 9553 9552
9553 9554 9555
9556 9555 9554
9555 9556 9557
9558 9557 9556
9557 9558 9559
9560 9559 9558
9559 9560 9561
9562 9561 9560
9561 9562 9563
9564 9563 9562
9563 9564 9565
9566 9565 9564
9565 9566 9567
9568 9567 9566
9567 9568 9569
9562 9570 9564
9571 9564 9570
9564 9571 9572
9570 9562 9573
9571 9574 9572
9574 9571 9575
9576 9569 9568
9569 9576 9577
9578 9573 9562
9573 9578 9579
9580 9574 9575
9574 9580 9581
9576 9582 9577
9582 9576 9583
9584 9579 9578
9579 9584 9585
9586 9581 9580
9581 9586 9587
9583 9588 9582
9589 9585 9584
9585 9589 9590
9591 9587 9586
9589 9592 9590
9592 9589 9593
9593 9594 9592
9594 9593 9595
9596 9594 9595
9588 9597 9582
9588 9598 9597
9599 9597 9598
9597 9599 9600
9600 9601 9597
9600 9602 9601
9509 9601 9602
9603 9602 9600
9599 9603 9600
9602 9603 9604
9605 9602 9604
9604 9489 9605
9493 9605 9489
9493 9602 9605
9509 9602 9493
9489 9604 9492
9604 9606 9492
9606 9491 9492
9606 9604 9607
9603 9607 9604
9603 9599 9608
9608 9609 9603
9603 9609 9607
9610 9611 9612
9611 9610 9613
9614 9612 9611
9615 9614 9611
9614 9615 9616
9612 9614 9617
9610 9612 9618
9617 9619 9612
9619 9617 9620
9613 9621 9611
9614 9622 9617
9622 9614 9623
9623 9614 9624
9623 9625 9622
9625 9623 9626
9626 9627 9625
9627 9626 9628
9628 9629 9627
9629 9628 9630
9631 9629 9630
9629 9631 9632
9633 9632 9631
9622 9634 9617
9635 9636 9637
9636 9635 9638
9639 9636 9638
9636 9639 9640
9641 9642 9643
9642 9644 9643
9645 9646 9647
9648 9649 9650
9651 9652 9653
9652 9651 9654
9655 9653 9652
9653 9655 9656
9655 9657 9656
9657 9655 9658
9659 9657 9658
9660 9659 9658
9661 9662 9657
9662 9661 9663
9664 9662 9663
9662 9664 9665
9666 9665 9664
9666 9667 9665
9666 9664 9668
9664 9669 9668
9663 9669 9664
9669 9670 9668
9669 9663 9671
9672 9670 9669
9671 9672 9669
9670 9672 9673
9672 9674 9673
9674 9672 9675
9672 9671 9676
9676 9675 9672
9677 9663 9661
9663 9677 9671
9675 9678 9674
9678 9675 9679
9675 9676 9680
9680 9679 9675
9681 9671 9677
9671 9681 9676
9661 9682 9677
9682 9661 9683
9657 9683 9661
9679 9680 9684
9676 9685 9680
9681 9685 9676
9685 9684 9680
9677 9686 9681
9686 9677 9682
9684 9685 9687
9687 9681 9686
9681 9687 9685
9688 9683 9657
9689 9690 9691
9690 9689 9692
9693 9694 9695
9694 9693 9696
9697 9695 9694
9695 9697 9698
9699 9698 9697
9700 9701 9702
9701 9700 9703
9704 9703 9700
9703 9704 9705
9702 9701 9706
9704 9707 9705
9707 9704 9708
9708 9709 9707
9709 9708 9710
9711 9709 9710
9709 9711 9712
9713 9712 9711
9712 9713 9714
9715 9714 9713
9714 9715 9716
9717 9716 9715
9718 9719 9720
9719 9721 9720
9721 9719 9722
9722 9723 9721
9723 9722 9724
9725 9723 9724
9726 9727 9728
9727 9726 9729
9730 9727 9729
9727 9730 9731
9732 9731 9730
9731 9732 9733
9732 9734 9733
9734 9732 9735
9736 9734 9735
9734 9736 9737
9738 9737 9736
9737 9738 9739
9738 9740 9739
9740 9738 9741
9742 9743 9744
9745 9746 9747
9748 9749 9750
9751 9752 9753
9754 9755 9756
9755 9754 9757
9758 9756 9755
9756 9758 9759
9760 9757 9754
9757 9760 9761
9762 9759 9758
9759 9762 9763
9764 9761 9760
9761 9764 9765
9766 9763 9762
9763 9766 9767
9768 9765 9764
9765 9768 9769
9770 9767 9766
9767 9770 9771
9772 9769 9768
9769 9772 9588
9773 9588 9772
9588 9773 9774
9598 9588 9774
9775 9771 9770
9771 9775 9776
9777 9776 9775
9776 9777 9778
9779 9773 9772
9779 9772 9780
9773 9779 9781
9551 9778 9777
9778 9551 9782
9783 9782 9551
9551 9541 9783
9782 9783 9784
9785 9781 9779
9786 9785 9779
9785 9786 9787
9786 9788 9787
9788 9786 9789
9789 9790 9788
9790 9789 9791
9792 9790 9791
9790 9792 9793
9794 9793 9792
9793 9794 9795
9796 9795 9794
9795 9796 9797
9798 9797 9796
9797 9798 9799
9800 9799 9798
9799 9800 9801
9802 9801 9800
9801 9802 9803
9804 9803 9802
9803 9804 9805
9806 9805 9804
9805 9806 9807
9808 9807 9806
9807 9808 9809
9810 9809 9808
9808 9784 9810
9784 9808 9782
9811 9782 9808
9782 9811 9812
9813 9812 9811
9812 9813 9814
9815 9814 9813
9814 9815 9816
9817 9816 9815
9816 9817 9818
9819 9818 9817
9818 9819 9820
9821 9820 9819
9820 9821 9822
9823 9822 9821
9822 9823 9824
9825 9824 9823
9824 9825 9826
9827 9826 9825
9826 9827 9828
9829 9828 9827
9828 9829 9830
9831 9830 9829
9830 9831 9780
9780 9831 9779
9832 9833 9834
9835 9836 9837
9838 9839 9840
9839 9838 9841
9842 9843 9844
9843 9842 9845
9844 9846 9842
9846 9844 9847
9848 9846 9847
9849 9850 9851
9850 9849 9852
9853 9852 9849
9852 9853 9854
9855 9851 9850
9851 9855 9856
9857 9854 9853
9854 9857 9858
9855 9859 9856
9859 9855 9860
9857 9861 9858
9861 9857 9862
9860 9863 9859
9863 9860 9864
9865 9863 9864
9866 9861 9862
9861 9866 9867
9868 9867 9866
9867 9868 9869
9870 9869 9868
9869 9870 9871
9872 9871 9870
9873 9874 9875
9873 9876 9874
9873 9877 9876
9876 9878 9874
9878 9876 9879
9876 9877 9880
9880 9879 9876
9880 9877 9881
9879 9880 9882
9883 9878 9879
9878 9883 9543
9881 9884 9880
9884 9882 9880
9884 9881 9885
9543 9883 9550
9886 9884 9885
9884 9886 9887
9882 9884 9888
9887 9888 9884
9889 9879 9882
9879 9889 9883
9890 9887 9886
9887 9890 9891
9892 9883 9889
9883 9892 9550
9888 9887 9893
9891 9893 9887
9894 9882 9888
9882 9894 9889
9895 9889 9894
9889 9895 9892
9893 9891 9896
9894 9888 9897
9888 9893 9897
9896 9897 9893
9894 9898 9895
9898 9894 9897
9897 9896 9898
9899 9900 9901
9900 9899 9902
9903 9899 9901
9899 9903 9904
9905 9906 9907
9905 9907 9908
9908 9907 9909
9909 9910 9908
9910 9909 9911
9911 9912 9910
9912 9911 9913
9914 9912 9913
9912 9914 9915
9914 9916 9915
9916 9914 9917
9918 9916 9917
9916 9918 9919
9920 9919 9918
9919 9920 9921
9921 9920 9922
9923 9921 9922
9923 9922 9924
9925 9926 9927
9926 9925 9928
9929 9927 9926
9927 9929 9930
9929 9931 9930
9931 9929 9932
9933 9931 9932
9931 9933 9934
9933 9935 9934
9935 9933 9936
9937 9935 9936
9935 9937 9938
9937 9939 9938
9939 9937 9940
9940 9941 9939
9941 9940 9942
9943 9944 9945
9946 9947 9948
9949 9947 9946
9947 9949 9950
9949 9951 9950
9951 9949 9952
9953 9951 9952
9951 9953 9954
9953 9955 9954
9955 9953 9956
9957 9955 9956
9955 9957 9958
9957 9959 9958
9959 9957 9960
9960 9961 9959
9962 9963 9964
9965 9966 9967
9966 9965 9968
9968 9969 9966
9970 9966 9969
9971 9965 9967
9965 9971 9972
9969 9973 9970
9974 9970 9973
9970 9974 9975
9976 9972 9971
9977 9976 9971
9978 9975 9974
9975 9978 9979
9977 9971 9980
9981 9979 9978
9979 9981 9982
9983 9977 9980
9983 9984 9977
9985 9982 9981
9982 9985 9986
9987 9986 9985
9986 9987 9988
9987 9989 9988
9989 9987 9990
9991 9989 9990
9989 9991 9992
9993 9983 9980
9993 9980 9994
9995 9993 9994
9980 9996 9994
9997 9994 9996
9997 9998 9994
9996 9999 9997
10000 9997 9999
10001 10000 9999
10002 10001 9999
10003 10002 9999
9999 10004 10003
10005 10003 10004
10006 10007 10008
10008 10007 10009
10009 10007 10010
10011 10009 10010
10011 10010 10012
10013 10014 10015
10013 10015 10016
10017 10013 10016
10013 10017 10018
10015 10019 10016
10016 10020 10017
10019 10020 10016
10020 10019 10021
10022 10020 10021
10020 10022 10023
10023 10024 10020
10020 10024 10017
10025 10022 10021
10025 10023 10022
10021 10026 10025
10025 10027 10023
10028 10025 10026
10029 10027 10025
10028 10029 10025
10028 10030 10029
10029 10031 10027
10029 10032 10031
10030 10032 10029
10032 10033 10031
10034 10035 10036
10035 10034 10037
10038 10039 10040
10039 10038 10041
10042 10040 10039
10040 10042 10043
10040 10044 10038
10044 10040 10045
10043 10045 10040
10045 10046 10044
10046 10045 10047
10045 10043 10048
10048 10047 10045
10049 10046 10047
10046 10049 10050
10047 10048 10051
10052 10050 10049
10050 10052 10053
10054 10053 10052
10053 10054 10055
10047 10056 10049
10056 10047 10051
10052 10057 10054
10057 10052 10058
10058 10049 10056
10049 10058 10052
10057 10058 10059
10056 10059 10058
10060 10051 10048
10048 10061 10060
10061 10062 10060
10062 10061 10063
10062 10064 10060
10051 10060 10064
10064 10062 10065
10066 10064 10065
10064 10066 10067
10066 10059 10067
10059 10056 10067
10059 10066 10068
10063 10069 10062
10069 10063 10070
10070 10071 10069
10071 10070 10072
10073 10071 10072
10074 10072 10070
10063 10074 10070
10063 10061 10074
10061 10042 10074
10075 10071 10073
10073 10076 10075
10076 10073 10077
10073 10078 10077
10079 10077 10078
10077 10079 10080
10078 10073 10081
10081 10073 10072
10077 10082 10076
10082 10077 10080
10083 10082 10080
10084 10082 10083
10084 10076 10082
10076 10084 10085
10085 10075 10076
10086 10085 10084
10085 10086 10087
10075 10085 10088
10087 10088 10085
10088 10087 10089
10088 10090 10075
10071 10075 10090
10090 10088 10091
10090 10069 10071
10069 10090 10092
10089 10093 10088
10093 10091 10088
10094 10090 10091
10090 10094 10092
10095 10091 10093
10091 10095 10094
10092 10062 10069
10062 10092 10065
10092 10066 10065
10066 10092 10094
10094 10068 10066
10068 10094 10095
10068 10095 10096
10095 10093 10096
10059 10068 10096
10057 10059 10096
10097 10098 10099
10098 10097 10100
10101 10097 10099
10097 10101 10102
10100 10103 10098
10103 10100 10104
10105 10103 10104
10103 10105 10106
10107 10102 10101
10102 10107 10108
10109 10108 10107
10108 10109 10110
10105 10111 10106
10111 10105 10112
10110 10109 10113
10112 10114 10111
10114 10112 10115
10115 10116 10114
10116 10115 10117
10117 10118 10116
10118 10117 10119
10119 10120 10118
10121 10122 10123
10122 10124 10123
10124 10125 10123
10122 10126 10124
10126 10122 10127
10126 10128 10124
10124 10128 10125
10128 10126 10129
10130 10131 10132
10131 10130 10133
10134 10135 10136
10136 10137 10134
10137 10138 10134
10138 10139 10134
10139 10135 10134
10138 10140 10139
10135 10139 10141
10135 10142 10136
10143 10144 10145
10144 10143 10146
10147 10143 10145
10147 10148 10143
10149 10148 10147
10150 10151 10152
10153 10151 10150
10150 10152 10154
10155 10150 10154
10155 10156 10150
10156 10153 10150
10157 10155 10154
10156 10155 10158
10159 10155 10157
10158 10155 10159
10160 10161 10162
10161 10160 10163
10163 10164 10161
10164 10163 10165
10162 10166 10160
10162 10167 10166
10166 10167 10168
10164 10165 10169
10169 10170 10164
10170 10171 10164
10171 10170 10172
10170 10173 10172
10174 10171 10172
10171 10174 10175
10174 10176 10175
10177 10171 10175
10177 10175 10178
10177 10178 10179
10177 10179 10180
10180 10179 10181
10182 10180 10181
10180 10182 10183
10180 10183 10184
10185 10180 10184
10184 10186 10185
10187 10188 10189
10188 10187 10190
10191 10192 10193
10192 10191 10194
10194 10195 10192
10196 10192 10195
10192 10196 10197
10197 10193 10192
10193 10197 10198
10197 10196 10199
10200 10198 10197
10197 10201 10200
10201 10197 10199
10202 10200 10201
10202 10201 10199
10202 10203 10200
10199 10204 10202
10202 10205 10203
10205 10202 10206
10202 10207 10206
10207 10202 10204
10207 10208 10206
10209 10210 10211
10210 10209 10212
10213 10211 10210
10211 10213 10214
10215 10212 10209
10212 10215 10216
10211 10217 10209
10217 10211 10218
10214 10218 10211
10219 10216 10215
10216 10219 10220
10213 10221 10214
10221 10213 10222
10218 10214 10223
10221 10223 10214
10224 10209 10217
10209 10224 10215
10223 10221 10225
10218 10226 10217
10227 10220 10219
10220 10227 10228
10222 10229 10221
10229 10222 10230
10215 10231 10219
10231 10215 10224
10217 10232 10224
10218 10233 10226
10225 10233 10223
10233 10218 10223
10233 10225 10234
10232 10235 10224
10224 10235 10231
10236 10228 10227
10228 10236 10237
10230 10238 10229
10238 10230 10239
10240 10226 10233
10226 10240 10241
10241 10242 10226
10217 10226 10242
10232 10217 10242
10232 10242 10243
10236 10244 10237
10244 10236 10245
10241 10246 10242
10246 10243 10242
10245 10247 10244
10247 10245 10248
10248 10249 10247
10249 10248 10250
10246 10241 10251
10241 10252 10251
10252 10241 10240
10246 10253 10243
10254 10246 10251
10255 10250 10248
10250 10255 10256
10257 10253 10246
10254 10257 10246
10253 10257 10258
10259 10243 10253
10243 10259 10260
10261 10243 10260
10232 10243 10261
10232 10261 10262
10262 10235 10232
10262 10263 10235
10235 10263 10264
10265 10235 10264
10235 10265 10231
10265 10219 10231
10219 10265 10227
10265 10236 10227
10236 10265 10266
10264 10266 10265
10266 10264 10267
10266 10245 10236
10245 10266 10268
10267 10268 10266
10269 10262 10261
10262 10270 10263
10269 10270 10262
10268 10248 10245
10248 10268 10255
10264 10271 10267
10271 10264 10263
10268 10267 10272
10272 10255 10268
10271 10272 10267
10255 10272 10273
10256 10255 10273
10273 10274 10256
10275 10270 10269
10270 10275 10276
10263 10276 10271
10276 10263 10270
10272 10271 10277
10277 10273 10272
10269 10278 10275
10278 10269 10279
10269 10261 10279
10279 10261 10280
10280 10261 10260
10280 10260 10281
10260 10282 10281
10282 10260 10259
10274 10273 10283
10277 10283 10273
10279 10284 10278
10284 10279 10280
10285 10274 10283
10286 10276 10275
10285 10283 10286
10276 10286 10287
10287 10283 10277
10286 10283 10287
10271 10287 10277
10287 10271 10276
10280 10288 10284
10288 10280 10281
10289 10285 10286
10275 10289 10286
10289 10275 10278
10278 10290 10289
10290 10278 10284
10290 10285 10289
10259 10291 10282
10291 10259 10292
10253 10292 10259
10292 10253 10258
10258 10293 10292
10293 10258 10294
10258 10295 10294
10295 10258 10257
10257 10296 10295
10296 10257 10254
10297 10295 10296
10298 10294 10295
10297 10298 10295
10297 10296 10299
10299 10296 10300
10300 10296 10254
10300 10254 10301
10251 10301 10254
10301 10251 10252
10252 10302 10301
10302 10252 10303
10240 10303 10252
10303 10240 10304
10233 10304 10240
10304 10233 10234
10305 10304 10234
10234 10306 10305
10225 10306 10234
10221 10306 10225
10306 10221 10229
10229 10307 10306
10307 10229 10238
10308 10306 10307
10308 10305 10306
10309 10304 10305
10304 10309 10303
10310 10305 10308
10310 10309 10305
10303 10309 10311
10303 10311 10302
10312 10309 10310
10309 10312 10313
10311 10309 10313
10314 10302 10311
10313 10314 10311
10302 10314 10315
10315 10301 10302
10301 10315 10300
10316 10300 10315
10316 10299 10300
10313 10312 10317
10318 10299 10316
10299 10318 10319
10319 10297 10299
10297 10319 10320
10320 10298 10297
10298 10320 10321
10321 10322 10298
10298 10322 10294
10322 10293 10294
10293 10322 10323
10322 10321 10324
10324 10323 10322
10325 10321 10320
10321 10325 10326
10326 10324 10321
10320 10327 10325
10327 10320 10319
10324 10326 10328
10323 10324 10329
10328 10329 10324
10330 10319 10318
10319 10330 10327
10331 10293 10323
10293 10331 10332
10332 10292 10293
10292 10332 10291
10333 10291 10332
10291 10333 10334
10334 10282 10291
10282 10334 10335
10335 10281 10282
10281 10335 10288
10336 10288 10335
10288 10336 10337
10337 10284 10288
10284 10337 10290
10337 10338 10290
10290 10338 10285
10285 10338 10339
10285 10339 10274
10338 10340 10339
10340 10338 10341
10341 10337 10336
10337 10341 10338
10341 10342 10340
10342 10341 10343
10336 10343 10341
10335 10344 10336
10343 10336 10344
10344 10335 10334
10343 10345 10342
10345 10343 10346
10344 10346 10343
10334 10347 10344
10346 10344 10347
10347 10334 10333
10346 10348 10345
10348 10346 10349
10347 10349 10346
10347 10350 10349
10333 10350 10347
10333 10351 10350
10332 10351 10333
10351 10332 10331
10351 10331 10352
10331 10353 10352
10323 10353 10331
10353 10323 10329
10329 10354 10353
10354 10329 10355
10329 10328 10355
10355 10328 10356
10354 10355 10356
10357 10353 10354
10357 10352 10353
10358 10351 10352
10357 10358 10352
10351 10358 10359
10351 10359 10350
10358 10357 10360
10360 10359 10358
10359 10360 10361
10361 10362 10359
10362 10350 10359
10363 10350 10362
10363 10349 10350
10364 10349 10363
10348 10349 10364
10365 10348 10364
10366 10365 10364
10365 10366 10367
10368 10363 10362
10361 10368 10362
10363 10368 10369
10364 10369 10366
10369 10364 10363
10360 10370 10361
10371 10372 10373
10372 10371 10374
10375 10376 10377
10376 10375 10378
10379 10375 10377
10375 10379 10380
10381 10382 10383
10382 10381 10384
10385 10383 10382
10383 10385 10386
10387 10384 10381
10384 10387 10388
10385 10389 10386
10389 10385 10390
10391 10388 10387
10388 10391 10392
10390 10393 10389
10393 10390 10394
10395 10392 10391
10392 10395 10396
10397 10393 10394
10398 10396 10395
10399 10397 10394
10397 10399 10400
10398 10395 10401
10402 10403 10404
10403 10402 10405
10404 10406 10402
10406 10404 10407
10407 10408 10406
10408 10407 10409
10409 10410 10408
10410 10409 10411
10411 10412 10410
10412 10411 10413
10414 10412 10413
10412 10414 10415
10414 10416 10415
10416 10414 10417
10418 10419 10420
10419 10418 10421
10422 10420 10419
10420 10422 10423
10418 10424 10421
10424 10418 10425
10425 10426 10424
10426 10425 10427
10428 10423 10422
10423 10428 10429
10427 10430 10426
10430 10427 10431
10432 10429 10428
10429 10432 10433
10431 10434 10430
10434 10431 10435
10436 10433 10432
10435 10437 10434
10437 10435 10438
10439 10437 10438
10437 10439 10440
10441 10440 10439
10440 10441 10442
10443 10442 10441
10442 10443 10444
10445 10444 10443
10444 10445 10446
10447 10446 10445
10446 10447 10448
10447 10449 10448
10449 10447 10450
10436 10451 10433
10452 10453 10454
10455 10456 10457
10456 10455 10458
10459 10458 10455
10457 10460 10455
10460 10457 10461
10462 10455 10460
10455 10462 10459
10463 10464 10465
10464 10463 10466
10467 10463 10465
10463 10467 10468
10465 10469 10467
10470 10471 10472
10471 10470 10473
10470 10474 10473
10474 10470 10475
10476 10472 10471
10472 10476 10477
10475 10478 10474
10478 10475 10479
10480 10477 10476
10477 10480 10481
10479 10482 10478
10482 10479 10483
10484 10481 10480
10481 10484 10485
10482 10483 10486
10483 10487 10486
10482 10486 10488
10485 10484 10489
10486 10490 10488
10491 10485 10489
10492 10488 10490
10488 10492 10493
10494 10493 10492
10493 10494 10495
10496 10495 10494
10497 10495 10496
10497 10496 10498
10499 10497 10498
10497 10499 10500
10501 10500 10499
10500 10501 10502
10501 10503 10502
10502 10503 10504
10505 10504 10503
10504 10505 10506
10498 10496 10507
10508 10509 10510
10511 10512 10513
10512 10514 10513
10513 10514 10515
10515 10514 10516
10514 10512 10516
10512 10517 10516
10518 10519 10520
10519 10518 10521
10522 10520 10519
10520 10522 10523
10520 10523 10524
10525 10518 10520
10526 10520 10524
10520 10526 10525
10527 10525 10526
10527 10526 10524
10527 10528 10525
10524 10529 10527
10527 10530 10528
10530 10527 10531
10529 10532 10527
10532 10531 10527
9781 9785 10533
10534 10535 10536
10535 10537 10536
10538 10539 10540
10539 10538 10541
10542 10540 10539
10540 10542 10543
10543 10544 10540
10544 10543 10545
10544 10545 10546
10547 10545 10543
10545 10547 10548
10548 10546 10545
10543 10549 10547
10549 10543 10542
10546 10548 10550
10539 10551 10542
10549 10542 10551
10551 10539 10552
10541 10552 10539
10553 10548 10547
10548 10553 10554
10554 10550 10548
10547 10555 10553
10555 10547 10549
10550 10554 10556
10552 10557 10551
10557 10552 10558
10549 10559 10555
10559 10549 10551
10553 10560 10554
10560 10553 10561
10562 10554 10560
10554 10562 10556
10553 10563 10561
10563 10553 10555
10551 10557 10564
10564 10559 10551
10559 10564 10565
10558 10566 10557
10566 10558 10567
10561 10568 10560
10569 10562 10560
10570 10566 10567
10567 10571 10570
10571 10567 10572
10558 10572 10567
10566 10570 10573
10561 10574 10568
10574 10561 10563
10568 10575 10560
10569 10560 10575
10576 10573 10570
10573 10576 10577
10578 10577 10576
10576 10579 10578
10579 10576 10580
10570 10580 10576
10580 10570 10571
10577 10578 10581
10581 10578 10582
10582 10583 10581
10583 10582 10584
10585 10584 10582
10584 10585 10586
10585 10587 10586
10587 10585 10588
10587 10589 10586
10589 10587 10590
10590 10591 10589
10591 10590 10592
10586 10593 10584
10593 10586 10589
10592 10594 10591
10594 10592 10595
10589 10596 10593
10596 10589 10591
10584 10597 10583
10597 10584 10593
10595 10598 10594
10591 10599 10596
10599 10591 10594
10600 10598 10595
10600 10595 10601
10593 10602 10597
10602 10593 10596
10603 10594 10598
10603 10599 10594
10600 10601 10604
10600 10605 10598
10606 10603 10598
10605 10606 10598
10596 10607 10602
10607 10596 10599
10608 10604 10601
10604 10608 10609
10610 10597 10602
10597 10610 10611
10611 10583 10597
10583 10611 10612
10612 10581 10583
10581 10612 10577
10577 10612 10573
10613 10612 10611
10612 10613 10573
10610 10613 10611
10613 10614 10573
10573 10614 10566
10614 10557 10566
10557 10614 10564
10615 10564 10614
10614 10613 10615
10564 10615 10565
10616 10565 10615
10565 10616 10617
10617 10559 10565
10559 10617 10618
10618 10555 10559
10555 10618 10563
10618 10574 10563
10574 10618 10619
10618 10617 10619
10619 10620 10574
10621 10574 10620
10574 10621 10568
10575 10568 10621
10622 10575 10621
10623 10575 10622
10623 10569 10575
10620 10619 10624
10621 10625 10622
10621 10626 10625
10626 10621 10620
10627 10623 10622
10628 10622 10625
10629 10620 10624
10620 10629 10626
10626 10630 10625
10624 10619 10631
10617 10631 10619
10625 10632 10628
10625 10633 10632
10625 10634 10633
10634 10625 10630
10628 10632 10635
10635 10636 10628
10636 10635 10637
10638 10631 10617
10617 10616 10638
10639 10626 10629
10626 10639 10630
10640 10636 10637
10640 10627 10636
10632 10641 10635
10641 10637 10635
10641 10632 10642
10633 10642 10632
10642 10633 10643
10638 10616 10644
10616 10645 10644
10615 10645 10616
10645 10615 10613
10613 10610 10645
10610 10644 10645
10644 10610 10646
10602 10646 10610
10646 10602 10607
10647 10646 10607
10599 10647 10607
10647 10599 10603
10606 10647 10603
10647 10606 10648
10605 10648 10606
10648 10605 10649
10650 10649 10605
10650 10605 10600
10651 10650 10600
10651 10600 10604
10652 10651 10604
10609 10652 10604
10652 10609 10653
10649 10650 10654
10651 10654 10650
10654 10651 10655
10652 10655 10651
10648 10656 10647
10646 10647 10656
10656 10648 10657
10649 10657 10648
10644 10646 10656
10655 10652 10658
10659 10644 10656
10659 10656 10657
10659 10638 10644
10638 10659 10660
10638 10660 10661
10638 10661 10631
10662 10631 10661
10662 10624 10631
10624 10662 10629
10663 10629 10662
10629 10663 10639
10664 10639 10663
10664 10630 10639
10630 10664 10634
10665 10634 10664
10634 10665 10633
10665 10664 10666
10666 10664 10663
10665 10666 10667
10668 10665 10667
10665 10668 10669
10665 10669 10633
10668 10670 10669
10670 10668 10671
10671 10672 10670
10672 10671 10673
10672 10673 10674
10675 10666 10663
10673 10676 10674
10676 10673 10677
10678 10666 10675
10666 10678 10667
10677 10679 10676
10679 10677 10680
10680 10681 10679
10681 10680 10682
10675 10663 10683
10663 10684 10683
10662 10684 10663
10684 10662 10661
10685 10684 10661
10660 10685 10661
10686 10685 10660
10687 10686 10660
10687 10655 10686
10655 10687 10654
10688 10654 10687
10688 10687 10660
10654 10688 10649
10657 10649 10688
10688 10659 10657
10688 10660 10659
10658 10686 10655
10686 10658 10689
10686 10689 10685
10684 10685 10690
10658 10691 10689
10685 10689 10691
10691 10690 10685
10691 10658 10692
10690 10691 10693
10692 10693 10691
10693 10692 10694
10694 10692 10695
10695 10692 10658
10695 10696 10694
10693 10694 10696
10693 10697 10690
10697 10684 10690
10684 10697 10683
10683 10697 10698
10683 10698 10699
10675 10683 10699
10700 10675 10699
10698 10700 10699
10675 10700 10678
10700 10698 10701
10697 10693 10702
10698 10697 10702
10702 10701 10698
10693 10696 10703
10703 10702 10693
10696 10704 10703
10701 10702 10705
10703 10705 10702
10701 10706 10700
10706 10701 10707
10704 10708 10703
10705 10703 10708
10708 10704 10709
10707 10710 10706
10711 10705 10708
10709 10711 10708
10709 10712 10711
10701 10713 10707
10713 10701 10705
10711 10713 10705
10712 10714 10711
10715 10713 10711
10713 10716 10707
10713 10715 10716
10716 10717 10707
10707 10717 10710
10718 10710 10717
10716 10718 10717
10710 10718 10719
10711 10714 10720
10720 10715 10711
10715 10720 10721
10716 10715 10721
10722 10719 10718
10719 10722 10723
10718 10724 10722
10724 10718 10716
10720 10714 10725
10716 10726 10724
10726 10716 10721
10720 10726 10721
10727 10723 10722
10724 10727 10722
10723 10727 10728
10725 10729 10720
10729 10726 10720
10729 10725 10730
10726 10729 10731
10726 10731 10724
10730 10732 10729
10730 10733 10732
10730 10734 10733
10735 10733 10734
10735 10736 10733
10736 10735 10737
10737 10735 10738
10739 10738 10735
10740 10738 10739
10735 10741 10739
10734 10741 10735
10742 10741 10734
10730 10742 10734
10742 10743 10741
10743 10742 10744
10745 10743 10744
10743 10745 10746
10732 10733 10747
10748 10732 10747
10729 10732 10748
10729 10748 10749
10731 10729 10749
10750 10731 10749
10731 10750 10724
10750 10751 10724
10751 10727 10724
10751 10750 10752
10752 10750 10749
10752 10753 10751
10751 10753 10754
10748 10755 10749
10749 10755 10752
10753 10756 10754
10756 10753 10752
10757 10748 10747
10748 10757 10758
10755 10748 10758
10759 10754 10756
10754 10759 10760
10754 10760 10728
10727 10751 10728
10751 10754 10728
10752 10755 10761
10752 10761 10756
10761 10755 10758
10762 10728 10760
10760 10763 10762
10764 10762 10763
10765 10762 10764
10765 10766 10762
10766 10765 10767
10706 10766 10767
10763 10760 10768
10768 10760 10769
10759 10769 10760
10766 10719 10762
10719 10766 10710
10710 10766 10706
10723 10762 10719
10728 10762 10723
10770 10767 10765
10767 10770 10771
10771 10706 10767
10772 10771 10770
10771 10772 10773
10772 10770 10774
10770 10775 10774
10775 10770 10776
10765 10776 10770
10777 10775 10776
10775 10777 10778
10779 10778 10777
10777 10768 10779
10769 10779 10768
10778 10779 10780
10781 10780 10779
10779 10769 10781
10780 10781 10782
10776 10763 10777
10763 10776 10764
10776 10765 10764
10768 10777 10763
10783 10773 10772
10773 10783 10784
10785 10784 10783
10784 10785 10786
10667 10784 10786
10785 10783 10787
10783 10788 10787
10788 10783 10789
10789 10790 10788
10790 10789 10791
10791 10792 10790
10792 10791 10793
10792 10793 10794
10772 10789 10783
10789 10772 10774
10774 10791 10789
10791 10774 10775
10778 10791 10775
10791 10778 10793
10793 10778 10780
10780 10795 10793
10796 10793 10795
10796 10794 10793
10796 10797 10794
10792 10794 10797
10796 10798 10797
10798 10799 10797
10800 10799 10798
10799 10800 10801
10802 10801 10800
10801 10802 10803
10804 10803 10802
10803 10804 10805
10804 10806 10805
10806 10804 10807
10795 10780 10782
10808 10795 10782
10808 10782 10781
10781 10769 10808
10759 10808 10769
10803 10809 10801
10809 10803 10810
10805 10810 10803
10811 10809 10810
10811 10810 10812
10811 10812 10813
10812 10814 10813
10814 10815 10813
10814 10816 10815
10816 10643 10815
10643 10816 10642
10817 10642 10816
10642 10817 10641
10816 10818 10817
10818 10816 10814
10819 10641 10817
10818 10819 10817
10641 10819 10820
10820 10637 10641
10637 10820 10640
10814 10821 10818
10821 10814 10812
10818 10822 10819
10821 10822 10818
10812 10810 10821
10822 10821 10823
10824 10823 10821
10810 10824 10821
10670 10815 10643
10643 10669 10670
10815 10670 10672
10672 10813 10815
10813 10672 10674
10813 10674 10676
10811 10813 10676
10811 10676 10679
10679 10809 10811
10809 10679 10681
10810 10805 10824
10805 10825 10824
10824 10825 10823
10825 10805 10806
10801 10809 10681
10681 10799 10801
10681 10682 10799
10799 10682 10797
10682 10792 10797
10682 10790 10792
10790 10682 10680
10680 10788 10790
10788 10680 10677
10677 10787 10788
10787 10677 10673
10673 10785 10787
10785 10673 10671
10671 10786 10785
10786 10671 10668
10668 10667 10786
10678 10773 10667
10773 10784 10667
10678 10771 10773
10700 10771 10678
10771 10700 10706
10826 10827 10828
10826 10828 10829
10830 10831 10832
10831 10830 10833
10834 10835 10836
10834 10837 10835
10838 10839 10840
10839 10838 10841
10842 10843 10844
10843 10842 10845
10846 10847 10848
10847 10846 10849
10848 10850 10846
10850 10848 10851
10852 10210 10212
10210 10852 10853
10853 10213 10210
10213 10853 10854
10212 10855 10852
10855 10212 10216
10854 10222 10213
10222 10854 10856
10220 10855 10216
10855 10220 10857
10856 10230 10222
10230 10856 10858
10858 10239 10230
10239 10858 10859
10228 10857 10220
10857 10228 10860
10237 10860 10228
10860 10237 10861
10244 10861 10237
10861 10244 10862
10247 10862 10244
10862 10247 10863
10247 10864 10863
10864 10247 10249
10865 10866 10867
10866 10865 10868
10869 10870 10871
10869 10872 10870
10873 10874 10875
10874 10876 10875
10877 10878 10879
10878 10877 10880
10881 10882 10883
10882 10881 10884
10883 10885 10881
10885 10883 10886
10887 10888 10889
10888 10887 10890
10887 10889 10891
10891 10889 10892
10893 10891 10892
10891 10893 10894
10895 10894 10893
10894 10895 10896
10897 10896 10895
10898 10896 10897
10898 10897 10899
10898 10899 10900
10901 10898 10900
10901 10902 10898
10903 10902 10901
10903 10901 10904
10903 10904 10905
10906 10907 10908
10907 10906 10909
10910 10911 10912
10911 10910 10913
10914 10915 10916
10915 10914 10917
10918 10916 10915
10919 10920 10921
10920 10919 10922
10923 10924 10925
10924 10923 10926
10927 10928 10929
10927 10930 10928
10931 10932 10933
10932 10931 10934
10935 10936 10937
10936 10935 10938
10939 10940 10941
10940 10939 10942
10943 10939 10941
10944 10945 10946
10945 10944 10947
10948 10949 10950
10949 10948 10951
10952 10953 10954
10953 10952 10955
10956 10957 10958
10956 10959 10957
10960 10961 10962
10961 10960 10963
10964 10965 10966
10966 10965 10967
10968 10969 10970
10969 10968 10971
10972 10973 10974
10973 10972 10975
10976 10977 10978
10977 10976 10979
9809 9810 10980
10981 10982 10983
10982 10981 10984
10985 10986 10987
10985 10988 10986
10989 10990 10991
10990 10989 10992
10993 10994 10995
10993 10995 10996
10997 10998 10999
10998 10997 11000
11001 11002 11003
11001 11004 11002
11005 11006 11007
11006 11005 11008
11009 11005 11007
11005 11009 11010
11011 11010 11009
11010 11011 11012
11013 11012 11011
11012 11013 11014
11013 11015 11014
11015 11013 11016
11016 11017 11015
11017 11016 11018
11018 11019 11017
11019 11018 11020
11021 11019 11020
11019 11021 11022
11023 11024 11025
11023 11026 11024
11023 11027 11026
11028 11027 11023
11027 11028 11029
11030 11029 11028
11029 11030 11031
11030 11032 11031
11030 11033 11032
11030 11034 11033
11035 11036 11037
11036 11038 11037
11038 11039 11037
11039 11040 11037
11040 11039 11041
11042 11040 11041
11040 11042 11043
11044 11043 11042
11045 11043 11044
11046 11043 11045
11047 11048 11049
11050 11047 11049
11050 11049 11051
11052 11050 11051
11052 11051 11053
11054 11052 11053
11055 11054 11053
11055 11053 11056
11057 11055 11056
11056 11058 11057
11058 11056 11059
11059 11060 11058
11060 11059 11061
11062 11060 11061
11063 11062 11061
11063 11061 11064
11065 11063 11064
11065 11064 11066
11067 11065 11066
11067 11066 11068
11069 11067 11068
11069 11068 11070
11071 11069 11070
11072 10540 10544
10540 11072 10538
10544 11073 11072
11073 10544 10546
11074 11075 10608
11075 11074 11076
11077 11076 11074
11076 11077 11078
11079 11078 11077
11078 11079 11080
11081 11080 11079
11080 11081 11082
11083 11082 11081
11082 11083 11084
11085 11084 11083
11084 11085 11086
11076 11087 11075
11087 11076 11088
11078 11088 11076
11088 11089 11087
10609 11087 11089
11089 11088 11090
11091 11090 11088
11088 11078 11091
11080 11091 11078
11090 11091 11092
11093 11092 11091
11091 11080 11093
11082 11093 11080
11092 11093 11094
11095 11094 11093
11093 11082 11095
11084 11095 11082
11094 11095 11096
11097 11096 11095
11095 11084 11097
11086 11097 11084
11096 11097 11098
11099 11098 11097
11097 11086 11099
11098 11099 11100
11099 10739 11100
10739 11099 11101
11090 11102 11089
11102 11090 11103
11092 11103 11090
10695 11102 11103
10653 11102 10695
10695 10652 10653
10695 11103 11104
11104 11103 11105
11103 11106 11105
11107 11106 11103
11106 11107 11108
11108 11107 10745
10704 11104 11105
11106 10704 11105
11104 10704 10696
10695 11104 10696
10704 11106 10709
11108 10709 11106
10709 11108 10712
10745 10712 11108
10712 10745 10714
10745 10744 10714
10744 10725 10714
10725 10744 10742
10742 10730 10725
10745 11107 10746
11107 11096 10746
11096 11107 11094
11094 11107 11092
11103 11092 11107
11098 10746 11096
10746 11098 10743
11100 10743 11098
10743 11100 10741
10741 11100 10739
10739 11101 10740
10740 11101 11109
11101 11086 11109
11086 11101 11099
11110 10740 11109
11111 11110 11109
11086 11111 11109
11111 11086 11085
10314 10313 11112
10317 11112 10313
11112 10317 11113
11114 10314 11112
11113 11114 11112
10314 11114 11115
11115 10315 10314
10315 11115 11116
11116 10316 10315
11117 10316 11116
10316 11117 10318
11118 10318 11117
10318 11118 10330
11119 11116 11115
11116 11119 11117
11120 11117 11119
11117 11120 11118
11114 11113 11121
11122 11115 11114
11115 11122 11119
11123 11119 11122
11119 11123 11120
11124 11114 11121
11114 11124 11122
11125 11122 11124
11122 11125 11123
11126 11127 11128
11127 11126 11129
11129 11130 11127
11130 11129 11131
11131 11132 11130
11132 11131 11133
11128 11134 11126
11134 11128 11135
11133 11136 11132
11136 11133 11137
11135 11138 11134
11138 11135 11139
11140 11136 11137
11136 11140 11141
11139 11142 11138
11142 11139 11143
11144 11141 11140
11141 11144 11145
11143 11146 11142
11146 11143 11147
11148 11145 11144
11145 11148 11149
11147 11150 11146
11150 11147 11151
11152 11153 11154
11153 11155 11154
11155 11153 11156
11156 11157 11155
11158 11159 11160
11159 11158 11161
11161 11162 11159
11162 11161 11163
11160 11164 11158
11164 11160 11165
11163 11166 11162
11166 11163 11167
11168 11160 11159
11160 11168 11169
11169 11165 11160
11170 11159 11162
11170 11168 11159
11165 11169 11171
11172 11162 11166
11172 11170 11162
11173 11169 11168
11169 11173 11174
11169 11174 11171
11175 11168 11170
11175 11173 11168
11165 11176 11164
11176 11165 11177
11167 11178 11166
11178 11167 11179
11180 11170 11172
11181 11173 11175
11173 11182 11174
11181 11182 11173
11180 11183 11170
11170 11183 11184
11170 11184 11175
11175 11184 11185
11175 11185 11181
11174 11186 11171
11186 11174 11187
11182 11187 11174
11172 11188 11180
11181 11189 11182
11185 11190 11181
11190 11189 11181
11191 11180 11188
11180 11191 11183
11183 11191 11192
11183 11192 11184
11184 11192 11193
11184 11193 11185
11182 11194 11187
11189 11194 11182
11185 11193 11195
11185 11195 11190
11190 11196 11189
11195 11196 11190
11189 11197 11194
11197 11189 11198
11196 11198 11189
11187 11199 11186
11199 11187 11200
11194 11197 11200
11194 11200 11187
11196 11195 11201
11191 11202 11192
11192 11202 11203
11192 11203 11193
11193 11203 11204
11193 11204 11195
11202 11191 11205
11200 11206 11199
11206 11200 11207
11197 11207 11200
11201 11208 11196
11208 11201 11209
11195 11204 11210
11210 11209 11201
11195 11210 11201
11209 11210 11211
11202 11212 11203
11212 11202 11213
11205 11213 11202
11214 11203 11212
11203 11214 11204
11213 11205 11215
11209 11216 11208
11216 11209 11217
11211 11217 11209
11204 11214 11218
11218 11211 11210
11204 11218 11210
11207 11219 11206
11219 11207 11220
11221 11215 11205
11205 11191 11221
11191 11222 11221
11188 11222 11191
11222 11188 11223
11224 11223 11188
11188 11172 11224
11166 11224 11172
11224 11166 11178
11178 11225 11224
11223 11224 11225
11225 11178 11226
11179 11226 11178
11226 11179 11227
11227 11228 11226
11228 11227 11229
11230 11226 11228
11226 11230 11225
11231 11225 11230
11225 11231 11223
11232 11223 11231
11223 11232 11222
11233 11228 11229
11228 11233 11234
11234 11230 11228
11230 11234 11235
11235 11231 11230
11231 11235 11236
11236 11232 11231
11232 11236 11237
11237 11238 11232
11238 11239 11232
11238 11240 11239
11232 11239 11221
11232 11221 11222
11241 11221 11239
11215 11221 11241
11241 11242 11215
11242 11243 11215
11215 11243 11213
11244 11213 11243
11213 11244 11212
11245 11212 11244
11212 11245 11214
11245 11218 11214
11218 11245 11246
11242 11241 11247
11239 11247 11241
11248 11244 11243
11244 11248 11249
11249 11245 11244
11245 11249 11250
11246 11245 11250
11243 11251 11248
11251 11243 11242
11248 11252 11249
11252 11248 11253
11251 11253 11248
11253 11251 11254
11255 11249 11252
11249 11255 11250
11246 11250 11255
11256 11252 11253
11257 11256 11253
11254 11257 11253
11252 11256 11258
11258 11255 11252
11259 11218 11246
11218 11259 11260
11211 11218 11260
11260 11261 11211
11217 11211 11261
11261 11260 11262
11263 11256 11257
11256 11263 11264
11264 11258 11256
11255 11258 11265
11257 11266 11263
11266 11257 11267
11258 11264 11268
11268 11265 11258
11254 11267 11257
11267 11254 11269
11270 11264 11263
11263 11266 11270
11264 11270 11271
11271 11268 11264
11270 11266 11272
11272 11273 11270
11273 11272 11274
11274 11275 11273
11275 11274 11276
11276 11277 11275
11277 11276 11278
11278 11279 11277
11279 11278 11280
11281 11280 11278
11280 11281 11282
11283 11277 11279
11277 11283 11284
11284 11275 11277
11278 11285 11281
11285 11278 11276
11281 11286 11282
11286 11281 11287
11275 11284 11288
11288 11273 11275
11276 11289 11285
11289 11276 11274
11290 11284 11283
11284 11290 11291
11288 11284 11291
11281 11292 11287
11292 11281 11285
11289 11292 11285
11292 11289 11293
11294 11293 11289
11274 11294 11289
11294 11274 11272
11293 11294 11295
11296 11291 11290
11291 11296 11297
11288 11291 11298
11297 11298 11291
11299 11288 11298
11273 11288 11299
11299 11270 11273
11270 11299 11300
11299 11298 11300
11300 11271 11270
11301 11297 11296
11297 11301 11302
11302 11303 11297
11297 11303 11298
11303 11304 11298
11298 11304 11305
11298 11305 11300
11300 11305 11271
11305 11306 11271
11304 11307 11305
11305 11307 11306
11307 11308 11306
11303 11302 11309
11310 11302 11301
11302 11310 11311
11311 11309 11302
11309 11312 11303
11303 11312 11304
11312 11313 11304
11304 11313 11307
11307 11313 11314
11307 11314 11308
11315 11308 11314
11308 11315 11316
11317 11316 11315
11316 11317 11318
11318 11319 11316
11308 11316 11319
11308 11319 11320
11306 11308 11320
11306 11320 11268
11265 11268 11320
11320 11321 11265
11320 11319 11321
11321 11255 11265
11255 11321 11246
11321 11259 11246
11259 11321 11322
11322 11323 11259
11259 11323 11324
11259 11324 11325
11260 11259 11325
11260 11325 11262
11325 11326 11262
11327 11321 11319
11321 11327 11322
11322 11328 11323
11323 11328 11329
11330 11322 11327
11322 11330 11328
11327 11331 11330
11331 11327 11318
11319 11318 11327
11318 11332 11331
11332 11318 11317
11317 11333 11332
11333 11317 11334
11315 11334 11317
11334 11315 11335
11335 11336 11334
11336 11335 11337
11338 11337 11335
11338 11335 11315
11314 11338 11315
11337 11338 11339
11340 11333 11334
11341 11334 11336
11334 11341 11340
11339 11342 11337
11340 11343 11333
11336 11344 11341
11344 11345 11341
11337 11346 11336
11346 11337 11347
11342 11347 11337
11336 11346 11348
11336 11348 11344
11342 11349 11347
11349 11342 11350
11351 11350 11342
11351 11342 11339
11352 11351 11339
11352 11339 11338
11313 11352 11338
11350 11351 11353
11354 11353 11351
11354 11351 11352
11312 11354 11352
11312 11352 11313
11312 11309 11354
11309 11355 11354
11353 11354 11355
11309 11311 11355
11311 11356 11355
11356 11311 11357
11310 11357 11311
11357 11310 11358
11358 11359 11357
11356 11357 11359
11359 11358 11360
11360 11361 11359
11361 11360 11362
11362 11363 11361
11363 11362 11364
11363 11364 11365
11363 11365 11366
11363 11366 11361
11366 11365 11367
11367 11365 11368
11368 11365 11369
11370 11368 11369
11370 11369 11371
11370 11371 11372
11373 11370 11372
11374 11373 11372
11374 11375 11373
11375 11374 11376
11377 11373 11375
11373 11377 11378
11378 11370 11373
11379 11378 11377
11378 11379 11380
11381 11380 11379
11380 11381 11382
11370 11378 11383
11380 11383 11378
11368 11370 11383
11381 11384 11382
11383 11380 11385
11382 11386 11380
11385 11380 11386
11386 11382 11387
11385 11368 11383
11368 11385 11388
11386 11388 11385
11388 11386 11389
11387 11389 11386
11389 11387 11390
11388 11367 11368
11391 11390 11387
11391 11387 11382
11392 11391 11382
11392 11382 11384
11393 11392 11384
11394 11392 11393
11392 11394 11395
11396 11395 11394
11395 11396 11397
11396 11398 11397
11398 11396 11399
11399 11400 11398
11400 11399 11401
11400 11402 11398
11402 11397 11398
11402 11400 11403
11404 11403 11400
11397 11402 11405
11397 11406 11395
11406 11397 11405
11406 11392 11395
11407 11403 11404
11402 11403 11407
11407 11404 11408
11404 11409 11408
11409 11404 11410
11410 11404 11411
11404 11400 11411
11411 11400 11412
11400 11401 11412
11413 11411 11412
11413 11414 11411
11414 11413 11415
11415 11416 11414
11416 11415 11417
11417 11418 11416
11418 11417 11419
11419 11420 11418
11420 11419 11421
11420 11422 11418
11422 11423 11418
11423 11416 11418
11423 11422 11424
11423 11424 11425
11424 11426 11425
11425 11426 11427
11428 11425 11427
11429 11428 11427
11430 11429 11427
11431 11430 11427
11431 11432 11430
11431 11433 11432
11434 11432 11433
11432 11434 11435
11176 11435 11434
11435 11176 11177
11435 11177 11436
11165 11436 11177
11436 11165 11171
11171 11437 11436
11437 11171 11186
11186 11438 11437
11438 11186 11199
11439 11435 11436
11432 11435 11439
11430 11432 11439
11436 11440 11439
11440 11436 11437
11199 11441 11438
11441 11199 11206
11437 11442 11440
11442 11437 11438
11206 11443 11441
11443 11206 11219
11444 11439 11440
11439 11444 11430
11438 11445 11442
11445 11438 11441
11219 11446 11443
11446 11219 11447
11220 11447 11219
11447 11220 11448
11440 11449 11444
11449 11440 11442
11441 11450 11445
11450 11441 11443
11429 11430 11444
11442 11451 11449
11451 11442 11445
11429 11444 11452
11444 11453 11452
11453 11444 11449
11443 11454 11450
11454 11443 11446
11445 11455 11451
11455 11445 11450
11429 11452 11456
11456 11452 11453
11456 11428 11429
11449 11457 11453
11457 11449 11451
11458 11428 11456
11428 11458 11459
11459 11425 11428
11425 11459 11423
11416 11423 11459
11414 11459 11458
11459 11414 11416
11460 11450 11454
11450 11460 11455
11453 11461 11456
11453 11457 11461
11458 11462 11414
11462 11456 11461
11456 11462 11458
11462 11411 11414
11411 11462 11410
11461 11410 11462
11457 11409 11461
11410 11461 11409
11409 11457 11463
11451 11463 11457
11463 11451 11455
11464 11455 11460
11455 11464 11463
11463 11464 11409
11460 11465 11464
11465 11460 11466
11454 11466 11460
11454 11467 11466
11464 11465 11468
11464 11468 11408
11464 11408 11409
11469 11468 11465
11468 11469 11470
11468 11471 11408
11470 11471 11468
11408 11471 11407
11407 11471 11472
11473 11471 11470
11473 11472 11471
11474 11472 11473
11407 11472 11475
11407 11475 11402
11476 11402 11475
11402 11476 11405
11476 11406 11405
11406 11476 11477
11475 11472 11478
11474 11478 11472
11475 11478 11476
11478 11477 11476
11478 11479 11477
11474 11479 11478
11479 11480 11477
11406 11477 11480
11480 11481 11406
11392 11406 11481
11391 11392 11481
11480 11391 11481
11480 11482 11391
11390 11391 11482
11474 11483 11479
11482 11480 11484
11483 11484 11479
11479 11484 11480
11482 11485 11390
11486 11482 11484
11485 11482 11486
11487 11486 11484
11483 11487 11484
11485 11486 11488
11488 11489 11485
11490 11485 11489
11485 11490 11491
11485 11491 11390
11492 11390 11491
11390 11492 11389
11493 11389 11492
11493 11388 11389
11388 11493 11494
11367 11388 11494
11367 11494 11495
11493 11495 11494
11367 11495 11366
11495 11493 11496
11492 11496 11493
11495 11497 11366
11366 11497 11361
11497 11359 11361
11497 11356 11359
11497 11495 11498
11498 11356 11497
11496 11498 11495
11496 11492 11499
11491 11499 11492
11356 11498 11500
11500 11355 11356
11355 11500 11353
11501 11353 11500
11353 11501 11350
11498 11496 11502
11500 11502 11501
11502 11500 11498
11499 11502 11496
11503 11350 11501
11350 11503 11349
11502 11499 11504
11501 11504 11503
11504 11501 11502
11490 11504 11499
11499 11491 11490
11504 11490 11505
11505 11503 11504
11506 11349 11503
11503 11505 11506
11349 11506 11507
11507 11347 11349
11347 11507 11346
11508 11346 11507
11346 11508 11348
11489 11505 11490
11505 11489 11509
11509 11506 11505
11510 11507 11506
11507 11510 11508
11506 11509 11510
11509 11489 11511
11489 11488 11511
11509 11511 11512
11486 11513 11488
11513 11486 11487
10552 10541 11514
11514 10558 10552
10558 11514 11515
10572 10558 11515
10588 11516 11517
11516 10588 10585
10582 11516 10585
11516 10582 11518
10578 11518 10582
11518 10578 10579
11519 11520 11521
11520 11522 11521
11522 11520 11523
11523 11524 11522
11524 11523 11525
11526 11524 11525
11527 11528 11529
11528 11527 11530
11531 11527 11529
11527 11531 11532
11530 11533 11528
11533 11530 11534
11531 11535 11532
11535 11531 11536
11534 11537 11533
11537 11534 11538
11536 11539 11535
11539 11536 11540
11541 11537 11538
11537 11541 11542
11543 11539 11540
11544 11542 11541
11542 11544 11545
11546 11543 11540
11546 11547 11543
11546 11548 11547
11548 11546 11549
11550 11545 11544
11545 11550 11551
11552 11549 11546
11553 11551 11550
11551 11553 11554
11555 11554 11553
11554 11555 11556
11557 11556 11555
11556 11557 11558
11559 11558 11557
11559 11560 11558
11560 11559 11561
11562 11560 11561
11559 11557 11563
11552 11564 11549
11552 11565 11564
11566 11567 11568
11567 11566 11569
11570 11569 11566
11569 11570 11571
11572 11568 11567
11568 11572 11573
11570 11574 11571
11574 11570 11575
11576 11573 11572
11573 11576 11577
11575 11578 11574
11578 11575 11579
11580 11577 11576
11577 11580 11581
11582 11581 11580
11581 11582 11583
11579 11584 11578
11584 11579 11585
11586 11583 11582
11583 11586 11587
11585 11588 11584
11588 11585 11589
11590 11587 11586
11587 11590 11591
11590 11592 11591
11592 11590 11593
11593 11594 11592
11594 11593 11595
11595 11596 11594
11596 11595 11597
11598 11599 11600
11599 11598 11601
11598 11602 11601
11602 11598 11603
11604 11600 11599
11600 11604 11605
11603 11606 11602
11606 11603 11607
11608 11605 11604
11605 11608 11609
11607 11610 11606
11610 11607 11611
11612 11610 11611
11610 11612 11613
11614 11613 11612
11613 11614 11615
11615 11616 11613
11616 11615 11617
11616 11617 11618
11619 11609 11608
11620 11619 11608
11621 11619 11620
11621 11622 11619
11621 11623 11622
11623 11621 11624
11624 11625 11623
11625 11624 11626
11626 11627 11625
11627 11626 11628
11628 11629 11627
11629 11628 11630
11631 11629 11630
11632 11631 11630
11631 11632 11633
11632 11634 11633
11631 11635 11629
11636 11637 11638
11637 11636 11639
11640 11639 11636
11639 11640 11641
11638 11642 11636
11642 11638 11643
11644 11638 11637
11638 11644 11645
11645 11643 11638
11636 11646 11640
11646 11636 11642
11643 11645 11647
11643 11648 11642
11648 11643 11649
11647 11649 11643
11650 11641 11640
11641 11650 11651
11652 11645 11644
11645 11652 11653
11653 11647 11645
11654 11642 11648
11642 11654 11646
11649 11647 11655
11640 11656 11650
11656 11640 11646
11647 11653 11657
11657 11655 11647
11646 11658 11656
11658 11646 11654
11655 11657 11659
11660 11653 11652
11653 11660 11661
11661 11657 11653
11657 11661 11662
11662 11659 11657
11659 11662 11663
11664 11661 11660
11661 11664 11665
11665 11662 11661
11662 11665 11666
11666 11663 11662
11663 11666 11667
11668 11665 11664
11665 11668 11669
11669 11666 11665
11666 11669 11670
11670 11667 11666
11671 11669 11668
11669 11671 11672
11667 11670 11673
11674 11669 11672
11669 11674 11670
11671 11675 11672
11675 11671 11676
11676 11677 11675
11677 11676 11678
11679 11677 11678
11677 11679 11680
11681 11677 11680
11681 11675 11677
11680 11682 11681
11680 11683 11682
11684 11681 11682
11685 11684 11682
11684 11685 11686
11687 11684 11686
11687 11686 11688
11689 11687 11688
11690 11687 11689
11690 11689 11691
11692 11690 11691
11693 11692 11691
11692 11693 11694
11692 11694 11695
11690 11692 11695
11689 11696 11691
11690 11697 11687
11697 11684 11687
11690 11698 11697
11699 11698 11690
11690 11695 11699
11699 11695 11700
11695 11701 11700
11695 11694 11701
11701 11702 11700
11702 11701 11703
11704 11700 11702
11699 11700 11704
11705 11704 11702
11705 11706 11704
11706 11705 11707
11704 11708 11699
11708 11704 11706
11698 11699 11708
11684 11697 11709
11709 11681 11684
11681 11709 11710
11709 11697 11711
11712 11681 11710
11681 11712 11713
11675 11681 11713
11713 11672 11675
11672 11713 11674
11712 11674 11713
11674 11712 11714
11714 11670 11674
11670 11714 11673
11715 11716 11717
11718 11717 11716
11717 11718 11719
11720 11719 11718
11719 11720 11721
11721 11720 11722
11723 11722 11720
11722 11723 11724
11725 11716 11715
11725 11726 11716
11727 11726 11725
11728 11726 11727
11729 11728 11727
11730 11728 11729
11731 11730 11729
11732 11730 11731
11733 11732 11731
11724 11723 11734
11723 11735 11734
11734 11735 11736
11736 11735 11737
11736 11737 11738
11739 11740 11048
11739 11741 11740
11741 11742 11740
11743 11739 11048
11047 11743 11048
11744 11745 11746
11745 11744 11747
11748 11745 11747
11745 11748 11749
11746 11750 11744
11750 11746 11751
11752 11749 11748
11749 11752 11753
11754 11750 11751
11750 11754 11755
11756 11755 11754
11755 11756 11757
11756 11758 11757
11758 11756 11759
11760 11758 11759
11758 11760 11761
11762 11761 11760
11761 11762 11763
11762 11764 11763
11764 11762 11765
11765 11766 11764
11766 11765 11767
11767 11768 11766
11768 11767 11769
11770 11771 11772
11771 11770 11773
11774 11772 11771
11772 11774 11775
11776 11775 11774
11775 11776 11777
11778 11777 11776
11777 11778 11779
11770 11780 11773
11780 11770 11781
11781 11782 11780
11782 11781 11783
11433 11431 11784
11431 11427 11784
11785 11786 11787
11786 11785 11788
11787 11789 11785
11789 11787 11790
11790 11791 11789
11791 11790 11792
11792 11793 11791
11793 11792 11794
11794 11795 11793
11795 11794 11796
11797 11786 11788
11786 11797 11798
11799 11800 11801
11800 11799 11802
11803 11804 11805
11804 11803 11806
11807 11805 11804
11805 11807 11808
11803 11809 11806
11809 11803 11810
11811 11812 11813
11812 11811 11814
11813 11815 11811
11815 11813 11816
11817 11818 11819
11818 11817 11820
11821 11818 11820
11822 11818 11821
11823 11822 11821
11824 11822 11823
11825 11824 11823
11824 11825 11826
11827 11826 11825
11826 11827 11828
11829 11828 11827
11828 11829 11830
11831 11832 11833
11832 11831 11834
11835 11834 11831
11834 11835 11836
11837 11836 11835
11836 11837 11838
11839 11838 11837
11838 11839 11840
11841 11840 11839
11840 11841 11842
11841 11843 11842
11843 11841 11844
11845 11846 11847
11846 11845 11848
11849 11845 11847
11845 11849 11850
11851 11852 11853
11852 11851 11854
11855 11853 11852
11853 11855 11856
11857 11856 11855
11856 11857 11858
11859 11858 11857
11858 11859 11860
11859 11861 11860
11861 11859 11862
11862 11863 11861
11863 11862 11864
11247 11239 11865
11865 11866 11247
11242 11247 11866
11242 11866 11251
11251 11866 11867
11251 11867 11868
11254 11251 11868
11254 11868 11269
11865 11869 11866
11869 11867 11866
11869 11870 11867
11867 11870 11871
11867 11871 11868
11868 11871 11872
11868 11872 11269
11873 11269 11872
11269 11873 11267
11267 11873 11266
11266 11873 11294
11240 11869 11865
11869 11240 11874
11874 11870 11869
11870 11874 11875
11873 11876 11294
11877 11870 11875
11870 11877 11871
11878 11871 11877
11871 11878 11872
11872 11878 11873
11878 11876 11873
11266 11294 11272
11876 11295 11294
11240 11865 11239
11879 11880 11881
11880 11879 11882
11883 11882 11879
11882 11883 11884
11885 11884 11883
11884 11885 11886
11887 11886 11885
11886 11887 11888
11887 11889 11888
11889 11887 11890
11890 11891 11889
11891 11890 11892
11893 11894 11895
11894 11893 11896
11897 11895 11894
11895 11897 11898
11899 11898 11897
11898 11899 11900
11901 11900 11899
11900 11901 11902
11903 11904 11905
11904 11903 11906
11907 11908 11909
11910 11909 11908
11909 11910 11911
11912 11911 11910
11911 11912 11913
11914 11913 11912
11913 11914 11915
11907 11909 11916
11917 11918 11919
11918 11917 11920
11921 11922 11923
11922 11921 11924
11925 11926 11927
11926 11925 11928
11929 11930 11931
11930 11929 11932
11933 11931 11930
11931 11933 11934
11933 11935 11934
11935 11933 11936
11937 11938 11939
11938 11937 11940
11938 11941 11939
11941 11938 11942
11943 10733 11944
10733 11943 10747
11944 11945 11943
11945 11944 11946
11945 11946 11947
11946 11948 11947
11949 11945 11947
11950 11951 11952
11951 11950 11953
11954 11955 11956
11955 11954 11957
11958 11959 11960
11959 11958 11961
11960 11962 11958
11962 11960 11963
11964 11962 11963
11962 11964 11965
11966 11967 11968
11967 11966 11969
11970 11971 11972
11971 11970 11973
11971 11974 11972
11974 11971 11975
11976 11977 11978
11977 11976 11979
11980 11981 11982
11981 11980 11983
11982 11984 11980
11984 11982 11985
11985 11986 11984
11986 11985 11987
11987 11988 11986
11988 11987 11989
11990 11988 11989
11988 11990 11991
11992 11991 11990
11991 11992 11993
11994 11995 11996
11995 11994 11997
11998 11999 12000
11999 11998 12001
12002 12003 12004
12003 12002 12005
12006 12007 12008
12007 12006 12009
12007 12009 12010
12010 12011 12007
12011 12012 12007
12012 12011 12013
12010 12014 12011
12015 12012 12013
12012 12015 12016
12017 12016 12015
12016 12017 12018
12019 12016 12018
12016 12019 12020
12017 12015 12021
12022 12023 12024
12023 12022 12025
12026 12027 12028
12029 12030 12031
12030 12029 12032
12032 12033 12030
12033 12032 12034
12034 12035 12033
12035 12034 12036
12035 12036 12037
12036 12038 12037
12037 12038 12039
12038 12040 12039
12041 12039 12040
12039 12041 12042
12043 12044 12045
12044 12043 12046
12044 12047 12045
12047 12044 12048
12049 12050 12051
12050 12049 12052
12053 12054 12055
12054 12053 12056
12057 12058 12059
12058 12057 12060
12061 12058 12060
12058 12061 12062
12063 12064 12065
12064 12063 12066
12067 12068 12069
12068 12067 12070
12068 12071 12069
12071 12068 12072
12073 12074 12075
12074 12073 12076
12077 12075 12074
12075 12077 12078
12077 12079 12078
12079 12077 12080
12080 12081 12079
12081 12080 12082
12082 12083 12081
12083 12082 12084
12084 12085 12083
12085 12084 12086
12087 12088 12089
12090 12091 12092
12091 12093 12092
12094 12091 12090
12094 12095 12091
12093 12096 12097
12098 12093 12097
12099 12100 12101
12100 12099 12102
12103 12104 12105
12104 12103 12106
12107 12108 12109
12108 12107 12110
12111 12112 12113
12112 12111 12114
12115 12116 12117
12115 12117 12118
12119 12115 12118
12115 12119 12120
12120 12119 12121
12120 12121 12122
12123 12124 12125
12124 12123 12126
11369 12127 11371
11369 11365 12127
12128 12129 12130
12129 12128 12131
12128 12132 12131
12132 12128 12133
12133 12134 12132
12133 12135 12134
12136 12137 12138
12137 12136 12139
10636 10622 10628
10622 10636 10627
12140 12141 12142
12141 12140 12143
12144 12140 12142
12140 12144 12145
12146 12147 12148
12147 12146 12149
12150 12148 12147
12148 12150 12151
12150 12152 12151
12152 12150 12153
12154 12152 12153
12155 12154 12153
12154 12155 12156
12157 12156 12155
12156 12157 12158
12159 12158 12157
12158 12159 12160
12161 12160 12159
12160 12161 12162
12161 12163 12162
12163 12161 12164
12164 12165 12163
12165 12164 12166
12166 12167 12165
12167 12166 12168
12168 12169 12167
12169 12168 12170
12170 12171 12169
12171 12170 12172
12173 12171 12172
12171 12173 12174
12173 12175 12174
12175 12173 12176
12176 12177 12175
12178 12177 12176
12177 12178 12179
12178 12180 12179
12180 12178 12181
12181 12182 12180
12182 12181 12183
12184 12185 12186
12185 12184 12187
12186 12188 12184
12188 12186 12189
12189 12190 12188
12190 12189 12191
12192 12190 12191
12190 12192 12193
12194 12193 12192
12193 12194 12195
12196 12195 12194
12195 12196 12197
12198 12197 12196
12197 12198 12199
12200 12199 12198
12199 12200 12201
12202 12203 12204
12203 12202 12205
12206 12207 12208
12207 12206 12209
12207 12210 12208
12210 12207 12211
12211 12212 12210
12212 12211 12213
12214 12215 12216
12215 12214 12217
12218 12219 12220
12219 12218 12221
12222 12221 12218
12221 12222 12223
12224 12223 12222
12223 12224 12225
12226 12227 12228
12227 12226 12229
12230 12231 12232
12231 12230 12233
12234 12235 12236
12235 12234 12237
12237 12238 12235
12238 12237 12239
12239 12240 12238
12240 12239 12241
12241 12242 12240
12242 12241 12243
12243 12244 12242
12244 12243 12245
12246 12244 12245
12244 12246 12247
12248 12249 12250
12249 12248 12251
12252 12250 12249
12250 12252 12253
12254 12253 12252
12253 12254 12255
12256 12255 12254
12255 12256 12257
12258 12257 12256
12257 12258 12259
12260 12261 12262
12261 12260 12263
12264 12265 12266
12265 12267 12266
12267 12265 12268
12268 12269 12267
12269 12268 12270
12264 12266 12271
12272 12273 12274
12273 12272 12275
12274 12276 12272
12276 12274 12277
12277 12278 12276
12278 12277 12279
12279 12280 12278
12280 12279 12281
12282 12280 12281
12280 12282 12283
12284 12283 12282
12283 12284 12285
12286 12287 12288
12287 12286 12289
12289 12290 12287
12290 12289 12291
12291 12292 12290
12292 12291 12293
12293 12294 12292
12294 12293 12295
12295 12296 12294
12296 12295 12297
12298 12299 12300
12299 12298 12301
12302 12301 12298
12301 12302 12303
12304 12303 12302
12303 12304 12305
12306 12307 12308
12309 12307 12306
12307 12309 12310
12311 12310 12309
12310 12311 12312
12306 12308 12313
12314 12315 12316
12316 12317 12314
12318 12314 12317
12314 12318 12319
12319 12318 12320
12319 12320 12321
12322 12323 12324
12323 12322 12325
12326 12327 12328
12326 12329 12327
12326 12330 12329
12330 12326 12331
12331 12332 12330
12331 12333 12332
12334 12335 12336
12335 12334 12337
12338 12339 12340
12339 12338 12341
9285 9280 12342
9289 9285 12342
9289 12342 12343
9291 9289 12343
12344 9291 12343
9291 12344 9293
9299 9293 12344
9280 12345 12342
9280 9282 12345
12344 12346 9299
9303 9299 12346
12346 12344 12347
12343 12347 12344
12348 12343 12342
12348 12342 12345
12347 12343 12348
12349 12350 12351
12349 12352 12350
12353 12350 12352
12350 12353 12354
12352 12349 12355
12349 12356 12355
12357 12356 12349
12357 12349 12358
12357 12359 12356
12355 12360 12352
12356 12359 12361
12362 12355 12356
12362 12363 12355
12356 12361 12364
12362 12356 12364
12365 12366 12367
12368 12369 12370
12371 12372 12373
12374 12375 12376
12377 11196 11208
11196 12377 11198
11208 12378 12377
12378 11208 11216
12379 11198 12377
11198 12379 11197
12380 12377 12378
12381 12377 12380
12377 12381 12379
12380 12378 12382
12379 12381 12383
12383 12381 12384
11220 11197 12379
11197 11220 11207
12379 11448 11220
12379 12383 11448
12385 12386 12387
12386 12385 12388
12389 12390 12391
12390 12389 12392
10695 10658 10652
11102 10653 11089
10653 10609 11089
11075 11087 10609
11075 10609 10608
10669 10643 10633
9330 9328 9453
10061 10048 10043
10061 10043 10042
10051 10067 10056
10067 10051 10064
11313 11338 11314
11271 11306 11268
12393 12394 12395
12393 12395 12396
12395 12394 12397
12395 12397 12398
12395 12398 12399
12395 12399 12396
12396 12399 12400
12399 12401 12400
12400 12401 12402
12399 12403 12401
12398 12403 12399
12398 12404 12403
12398 12405 12404
12398 12397 12405
12397 12406 12405
12397 12407 12406
12394 12407 12397
12394 12408 12407
12407 12409 12406
12405 12406 12410
12411 12410 12406
12411 12406 12412
12409 12412 12406
12413 12410 12411
12413 12414 12410
12415 12412 12409
12416 12412 12415
12412 12416 12411
12417 12411 12416
12413 12411 12417
12413 12417 12418
12419 12413 12418
12420 12407 12408
12408 12421 12420
12422 12420 12421
12420 12422 12423
12420 12423 12424
12407 12420 12424
12425 12419 12418
12426 12425 12418
12426 12427 12425
12427 12428 12425
12429 12428 12427
12428 12429 12430
12431 12429 12427
12427 12432 12431
12433 12431 12432
12432 12427 12434
12424 12409 12407
12409 12424 12435
12424 12436 12435
12424 12437 12436
12437 12438 12436
12438 12439 12436
12439 12440 12436
12440 12439 12441
12441 12439 12442
12440 12443 12436
12443 12435 12436
12440 12441 12444
12443 12440 12444
12441 12442 12445
12445 12446 12441
12446 12444 12441
12446 12445 12447
12448 12434 12447
12445 12448 12447
12445 12449 12448
12442 12449 12445
12449 12450 12448
12450 12449 12442
12450 12451 12448
12447 12418 12446
12418 12417 12446
12446 12417 12444
12417 12416 12444
12416 12443 12444
12416 12415 12443
12415 12435 12443
12435 12415 12409
12447 12426 12418
12427 12426 12447
12450 12452 12451
12452 12450 12453
12452 12453 12454
12455 12453 12450
12455 12450 12442
12455 12442 12439
12439 12456 12455
12455 12456 12457
12453 12455 12457
12457 12456 12458
12458 12453 12457
12453 12458 12454
12459 12458 12456
12458 12459 12460
12460 12459 12461
12461 12459 12462
12462 12459 12463
12459 12464 12463
12464 12465 12463
12464 12466 12465
12465 12466 12467
12466 12468 12467
12469 12468 12466
12465 12467 12470
12467 12471 12470
12471 12472 12470
12473 12472 12471
12473 12474 12472
12474 12473 12475
12474 12476 12472
12475 12477 12474
12477 12476 12474
12472 12478 12470
12478 12465 12470
12465 12478 12463
12478 12472 12479
12479 12480 12478
12479 12481 12480
12482 12481 12479
12472 12482 12479
12472 12483 12482
12476 12483 12472
12482 12484 12481
12485 12480 12481
12480 12485 12486
12487 12486 12485
12480 12463 12478
12460 12486 12487
12487 12458 12460
12458 12487 12454
12487 12488 12454
12488 12487 12489
12486 12460 12461
12462 12486 12461
12486 12462 12480
12480 12462 12463
12484 12490 12481
12491 12490 12484
12491 12492 12490
12491 12493 12492
12493 12494 12492
12494 12493 12495
12493 12496 12495
12497 12495 12496
12498 12497 12496
12499 12497 12498
12488 12489 12500
12499 12498 12433
12498 12431 12433
12432 12499 12433
12499 12432 12448
12448 12432 12434
12434 12427 12447
12501 12502 12408
12421 12408 12502
12501 12503 12502
12502 12504 12421
12503 12504 12502
12505 12421 12504
12421 12505 12422
12506 12422 12505
12422 12506 12507
12506 12508 12507
12506 12509 12508
12507 12508 12510
12508 12511 12510
12508 12512 12511
12509 12512 12508
12509 12513 12512
12514 12510 12511
12510 12514 12515
12437 12510 12515
12507 12510 12437
12423 12507 12437
12422 12507 12423
12511 12516 12514
12517 12516 12511
12512 12517 12511
12516 12517 12518
12519 12518 12517
12512 12519 12517
12512 12520 12519
12513 12520 12512
12513 12521 12520
12518 12519 12522
12456 12515 12514
12456 12438 12515
12438 12437 12515
12514 12459 12456
12459 12514 12516
12518 12459 12516
12522 12459 12518
12459 12522 12464
12466 12464 12522
12469 12466 12522
12519 12469 12522
12519 12523 12469
12520 12523 12519
12520 12524 12523
12521 12524 12520
12521 12525 12524
12521 12526 12525
12524 12527 12523
12525 12527 12524
12525 12528 12527
12525 12529 12528
12529 12525 12530
12526 12530 12525
12530 12531 12529
12531 12530 12532
12533 12532 12530
12526 12533 12530
12534 12533 12526
12533 12534 12535
12536 12535 12534
12528 12529 12537
12529 12538 12537
12529 12531 12538
12528 12539 12527
12528 12540 12539
12528 12537 12540
12541 12540 12537
12537 12542 12541
12537 12538 12542
12543 12541 12542
12541 12543 12544
12543 12545 12544
12545 12543 12546
12547 12545 12546
12545 12547 12548
12547 12549 12548
12549 12547 12550
12540 12541 12551
12544 12551 12541
12552 12540 12551
12540 12552 12553
12540 12553 12539
12554 12552 12551
12551 12544 12554
12545 12554 12544
12552 12554 12555
12556 12552 12555
12552 12556 12557
12553 12552 12557
12553 12557 12558
12559 12556 12555
12556 12559 12560
12561 12559 12555
12554 12561 12555
12561 12562 12559
12559 12562 12563
12563 12562 12564
12565 12564 12562
12561 12565 12562
12564 12565 12566
12561 12554 12567
12565 12561 12567
12554 12545 12567
12545 12565 12567
12565 12545 12548
12548 12566 12565
12566 12548 12549
12568 12566 12549
12566 12568 12569
12569 12570 12566
12570 12564 12566
12571 12570 12569
12571 12572 12570
12570 12573 12564
12573 12563 12564
12572 12573 12570
12572 12574 12573
12573 12575 12563
12574 12575 12573
12574 12576 12575
12577 12569 12568
12577 12571 12569
12578 12571 12577
12579 12571 12578
12579 12572 12571
12580 12579 12578
12579 12581 12572
12581 12574 12572
12582 12581 12579
12583 12581 12582
12584 12583 12582
12585 12584 12582
12585 12579 12580
12585 12582 12579
12586 12583 12584
12587 12586 12584
12587 12588 12586
12589 12588 12587
12586 12590 12583
12583 12590 12591
12592 12591 12590
12593 12590 12586
12586 12588 12593
12592 12590 12593
12594 12592 12593
12595 12588 12589
12596 12595 12589
12597 12596 12589
12598 12593 12588
12598 12588 12595
12599 12593 12598
12593 12599 12600
12593 12600 12594
12601 12594 12600
12600 12599 12601
12594 12601 12602
12602 12601 12603
12602 12603 12604
12599 12598 12605
12605 12601 12599
12601 12605 12603
12603 12605 12604
12598 12606 12605
12606 12598 12607
12597 12607 12596
12607 12595 12596
12595 12607 12598
12608 12606 12607
12607 12597 12608
12609 12608 12597
12589 12609 12597
12609 12589 12610
12611 12609 12610
12612 12611 12610
12608 12609 12613
12614 12608 12613
12608 12614 12615
12612 12610 12616
12616 12617 12612
12618 12617 12616
12619 12618 12616
12616 12620 12619
12619 12620 12621
12619 12622 12618
12621 12622 12619
12618 12623 12617
12623 12618 12624
12624 12618 12622
12624 12625 12623
12623 12625 12626
12623 12626 12627
12617 12623 12627
12627 12626 12628
12628 12617 12627
12628 12626 12629
12630 12629 12626
12629 12630 12631
12626 12632 12630
12626 12625 12632
12625 12633 12632
12633 12630 12632
12625 12624 12634
12634 12624 12635
12624 12622 12635
12636 12634 12635
12637 12634 12636
12638 12634 12637
12639 12634 12638
12639 12638 12633
12625 12634 12639
12633 12625 12639
12633 12638 12640
12640 12641 12633
12641 12640 12642
12643 12633 12641
12630 12643 12631
12630 12633 12643
12644 12638 12637
12645 12638 12644
12640 12638 12645
12642 12640 12645
12636 12635 12646
12636 12646 12647
12646 12401 12647
12646 12648 12401
12636 12647 12649
12650 12648 12646
12648 12650 12651
12651 12402 12648
12402 12401 12648
12635 12650 12646
12651 12652 12402
12653 12402 12652
12653 12652 12620
12653 12620 12654
12655 12653 12654
12656 12653 12655
12657 12656 12655
12656 12657 12658
12657 12655 12659
12655 12654 12659
12659 12654 12660
12654 12620 12661
12661 12662 12654
12662 12660 12654
12663 12660 12662
12660 12663 12664
12658 12665 12656
12665 12658 12666
12656 12400 12653
12400 12656 12665
12661 12620 12616
12664 12663 12667
12667 12668 12664
12668 12667 12669
12669 12670 12668
12671 12668 12670
12671 12664 12668
12672 12664 12671
12672 12660 12664
12659 12660 12672
12673 12659 12672
12674 12672 12671
12673 12672 12674
12670 12669 12675
12670 12675 12585
12669 12667 12589
12589 12675 12669
12663 12589 12667
12589 12663 12610
12610 12661 12616
12610 12663 12662
12610 12662 12661
12675 12589 12587
12584 12675 12587
12585 12675 12584
12670 12585 12580
12676 12670 12580
12676 12580 12677
12678 12676 12677
12677 12580 12578
12679 12677 12578
12678 12677 12679
12679 12578 12577
12680 12679 12577
12679 12680 12681
12682 12681 12680
12681 12682 12683
12684 12682 12680
12679 12681 12685
12678 12679 12685
12681 12686 12685
12681 12683 12686
12678 12685 12687
12685 12688 12687
12685 12686 12688
12577 12568 12680
12568 12684 12680
12550 12684 12568
12549 12550 12568
12689 12678 12687
12689 12687 12690
12687 12691 12690
12687 12688 12691
12689 12676 12678
12689 12671 12676
12671 12670 12676
12674 12689 12690
12674 12671 12689
12674 12690 12692
12690 12693 12692
12690 12691 12693
12673 12674 12692
12694 12673 12692
12695 12694 12692
12695 12692 12693
12696 12694 12695
12696 12697 12694
12658 12694 12697
12694 12658 12657
12694 12657 12673
12666 12658 12697
12666 12697 12698
12697 12699 12698
12697 12696 12699
12657 12659 12673
12700 12666 12698
12700 12665 12666
12700 12396 12665
12396 12400 12665
12393 12396 12700
12393 12700 12701
12700 12698 12701
12698 12702 12701
12698 12699 12702
12701 12702 12503
12393 12701 12501
12701 12503 12501
12393 12501 12394
12501 12408 12394
12702 12703 12503
12503 12703 12504
12703 12704 12504
12704 12505 12504
12704 12705 12505
12706 12505 12705
12707 12706 12705
12536 12706 12707
12706 12536 12708
12708 12536 12534
12708 12534 12513
12509 12708 12513
12706 12708 12509
12506 12706 12509
12706 12506 12505
12513 12534 12521
12534 12526 12521
12539 12558 12709
12539 12553 12558
12527 12539 12709
12527 12709 12523
12469 12523 12709
12469 12709 12468
12709 12558 12710
12709 12710 12468
12558 12711 12710
12467 12468 12710
12467 12710 12712
12710 12711 12712
12711 12713 12712
12467 12712 12471
12471 12712 12473
12711 12714 12713
12557 12714 12711
12558 12557 12711
12714 12715 12713
12557 12556 12714
12556 12716 12714
12714 12716 12715
12716 12717 12715
12716 12556 12560
12560 12718 12716
12718 12717 12716
12718 12719 12717
12719 12720 12717
12717 12720 12721
12715 12717 12721
12715 12721 12722
12713 12715 12722
12713 12722 12723
12720 12719 12724
12473 12723 12475
12723 12725 12475
12723 12722 12725
12722 12726 12725
12722 12721 12726
12721 12727 12726
12721 12720 12727
12720 12728 12727
12720 12724 12728
12729 12726 12727
12726 12729 12730
12726 12730 12731
12475 12725 12731
12725 12726 12731
12475 12731 12732
12724 12733 12728
12731 12730 12734
12734 12730 12729
12731 12734 12732
12735 12734 12729
12728 12736 12727
12736 12729 12727
12737 12735 12729
12737 12729 12738
12738 12729 12736
12728 12739 12736
12733 12739 12728
12739 12733 12740
12733 12741 12740
12737 12742 12735
12477 12475 12732
12404 12743 12744
12744 12743 12745
12744 12745 12746
12410 12745 12743
12744 12746 12747
12410 12748 12745
12410 12749 12748
12414 12749 12410
12404 12744 12750
12744 12751 12750
12744 12752 12751
12744 12747 12752
12647 12750 12751
12403 12750 12647
12404 12750 12403
12647 12751 12753
12647 12753 12754
12649 12647 12754
12403 12647 12401
12405 12410 12743
12404 12405 12743
12755 12430 12756
12430 12755 12428
12428 12755 12425
12755 12757 12425
12757 12419 12425
12755 12756 12758
12756 12759 12758
12759 12756 12760
12760 12761 12759
12762 12763 12764
12762 12765 12763
12765 12762 12766
12765 12766 12767
12768 12767 12766
12769 12767 12768
12765 12767 12770
12770 12767 12771
12772 12773 12774
12773 12772 12775
12776 12774 12773
12774 12777 12772
12777 12774 12778
12778 12774 12779
12779 12774 12780
12780 12774 12776
12776 12781 12780
12780 12782 12779
12780 12781 12782
12781 12783 12782
12781 12784 12783
12784 12785 12783
12784 12786 12785
12786 12787 12785
12786 12788 12787
12788 12789 12787
12788 12790 12789
12790 12791 12789
12790 12792 12791
12791 12792 12793
12792 12794 12793
12794 12795 12793
12794 12796 12795
12795 12796 12797
12796 12798 12797
12799 12797 12798
12800 12799 12798
12801 12799 12800
12802 12801 12800
12802 12803 12801
12802 12804 12803
12805 12803 12804
12806 12805 12804
12806 12807 12805
12806 12808 12807
12808 12809 12807
12808 12810 12809
12810 12811 12809
12812 12813 12814
12813 12812 12815
12816 12814 12813
12814 12816 12817
12814 12818 12812
12817 12819 12814
12814 12819 12820
12814 12820 12818
12821 12820 12819
12818 12820 12822
12822 12820 12821
12822 12821 12823
12822 12823 12824
12824 12823 12825
12824 12825 12826
12826 12825 12827
12826 12827 12828
12828 12827 12829
12828 12829 12830
12830 12829 12831
12830 12831 12832
12831 12833 12832
12833 12834 12832
12834 12833 12835
12834 12835 12836
12835 12837 12836
12837 12838 12836
12838 12837 12839
12840 12838 12839
12840 12839 12841
12842 12840 12841
12842 12841 12843
12842 12843 12844
12844 12843 12845
12844 12845 12846
12846 12845 12847
12846 12847 12848
12848 12847 12849
12848 12849 12850
12850 12849 12851
12852 12853 12854
12853 12852 12855
12856 12854 12853
12854 12856 12857
12858 12857 12856
12857 12858 12859
12860 12859 12858
12859 12860 12861
12862 12861 12860
12861 12862 12863
12864 12863 12862
12863 12864 12865
12866 12865 12864
12865 12866 12867
12868 12867 12866
12867 12868 12869
12870 12869 12868
12869 12870 12871
12872 12871 12870
12871 12872 12873
12874 12873 12872
12873 12874 12875
12876 12875 12874
12875 12876 12877
12876 12878 12877
12876 12879 12878
12877 12878 12880
12881 12879 12882
12880 12883 12884
12885 12886 12887
12886 12885 12888
12889 12888 12885
12888 12889 12890
12891 12890 12889
12890 12891 12892
12893 12892 12891
12892 12893 12894
12895 12894 12893
12894 12895 12896
12897 12896 12895
12896 12897 12898
12899 12898 12897
12898 12899 12900
12901 12900 12899
12900 12901 12902
12903 12902 12901
12902 12903 12904
12905 12904 12903
12904 12905 12906
12907 12906 12905
12906 12907 12908
12909 12908 12907
12908 12909 12910
12911 12910 12909
12912 12910 12911
12913 12912 12911
12911 12909 12914
12915 12911 12914
12916 12917 12918
12916 12919 12917
12919 12920 12917
12920 12919 12921
12916 12922 12919
12923 12922 12916
12923 12924 12922
12924 12925 12922
12924 12926 12925
12924 12927 12926
12928 12925 12926
12925 12928 12929
12930 12931 12932
12933 12931 12930
12931 12933 12934
12935 12936 12937
12938 12936 12935
12938 12939 12936
12940 12941 12942
12941 12940 12943
12944 12940 12942
12940 12944 12945
12946 12947 12948
12947 12946 12949
12950 12951 12952
12953 12950 12952
12954 12950 12953
12950 12955 12951
12956 12951 12955
12956 12957 12958
12959 12957 12956
12960 12959 12956
12961 12962 12963
12962 12961 12964
12965 12961 12963
12961 12965 12966
12967 12968 12969
12967 12970 12968
12970 12967 12971
12972 12973 12974
12973 12972 12975
12973 12976 12974
12976 12973 12977
12978 12979 12980
12979 12978 12981
12982 12983 12984
12985 12986 12987
12988 12987 12986
12987 12988 12989
12985 12990 12986
12985 12991 12990
12992 12991 12985
12992 12993 12991
12994 12993 12992
12994 12995 12993
12995 12994 12996
12996 12997 12995
12997 12996 12998
12998 12999 12997
12998 13000 12999
12998 13001 13000
13000 13001 13002
13002 13003 13000
13004 13003 13002
13005 13003 13004
13003 13005 13006
13007 13006 13005
13006 13007 13008
13009 13008 13007
13008 13009 13010
13011 13010 13009
13010 13011 13012
13013 13012 13011
13012 13013 13014
13015 13014 13013
13014 13015 13016
13017 13016 13015
13016 13017 13018
13019 13018 13017
13018 13019 13020
13021 13020 13019
13020 13021 13022
13023 13022 13021
13023 13021 13024
13024 13025 13023
13025 13024 13026
13026 13027 13025
13027 13026 13028
13028 13029 13027
13029 13028 13030
13024 13021 13031
13032 13033 13034
13033 13032 13035
13033 13036 13034
13033 13037 13036
13033 13038 13037
13038 13033 13035
13038 13039 13037
13039 13038 13040
13040 13041 13039
13042 13039 13041
13042 13037 13039
13036 13037 13042
13043 13036 13042
13042 13044 13043
13044 13042 13045
13045 13042 13041
13045 13046 13044
13046 13045 13047
13036 13043 13048
13048 13049 13036
13034 13036 13049
13049 13048 13050
13050 13051 13049
13051 13050 13052
13052 13053 13051
13053 13052 13054
13054 13055 13053
13055 13054 13056
13057 13055 13056
13055 13057 13058
13046 13059 13044
13044 13059 13060
13059 13061 13060
13060 13061 13062
13043 13060 13062
13043 13062 13048
13048 13062 13063
13050 13063 13064
13050 13064 13052
13052 13064 13065
13052 13065 13054
13054 13065 13066
13054 13066 13056
13056 13066 13067
13056 13067 13057
13057 13067 13068
13057 13068 13069
13069 13058 13057
13069 13068 13070
13069 13071 13058
13071 13055 13058
13055 13071 13072
13072 13053 13055
13053 13072 13073
13071 13069 13074
13070 13075 13069
13075 13074 13069
13075 13076 13074
13076 13075 13077
13075 13078 13077
13078 13075 13079
13079 13075 13080
13075 13070 13080
13073 13081 13053
13053 13081 13051
13082 13081 13073
13082 13073 13083
13083 13073 13072
13081 13082 13084
13084 13085 13081
13051 13081 13085
13085 13084 13086
13086 13087 13085
13085 13087 13051
13087 13086 13088
13088 13089 13087
13089 13088 13090
13049 13087 13089
13051 13087 13049
13090 13034 13089
13034 13049 13089
13034 13090 13032
13091 13092 13080
13091 13093 13092
13094 13093 13091
13068 13094 13091
13067 13094 13068
13067 13095 13094
13095 13096 13094
13093 13094 13096
13096 13097 13093
13093 13097 13098
13093 13098 13092
13096 13099 13097
13097 13100 13098
13068 13091 13070
13080 13070 13091
13101 13099 13096
13095 13101 13096
13095 13102 13101
13103 13099 13101
13104 13103 13101
13102 13104 13101
13105 13103 13104
13097 13106 13100
13099 13106 13097
13106 13107 13100
13099 13108 13106
13103 13108 13099
13106 13109 13107
13108 13109 13106
13108 13110 13109
13103 13111 13108
13111 13110 13108
13112 13111 13103
13105 13112 13103
13113 13111 13112
13111 13114 13110
13113 13114 13111
13113 13115 13114
13113 13116 13115
13117 13115 13116
13117 13118 13115
13115 13118 13114
13118 13119 13114
13120 13118 13117
13118 13120 13121
13121 13122 13118
13122 13119 13118
13122 13123 13119
13119 13124 13114
13114 13124 13110
13110 13124 13125
13119 13123 13126
13119 13126 13124
13124 13126 13127
13124 13127 13125
13125 13127 13128
13122 13129 13123
13129 13130 13123
13123 13130 13126
13126 13130 13131
13126 13131 13127
13127 13131 13132
13127 13132 13128
13130 13129 13133
13130 13133 13134
13134 13135 13130
13130 13135 13131
13131 13135 13136
13131 13136 13132
13134 13137 13135
13137 13134 13138
13139 13135 13137
13135 13139 13136
13139 13137 13140
13125 13128 13141
13109 13125 13141
13109 13141 13107
13110 13125 13109
13142 13143 13144
13143 13142 13145
13143 13145 13146
13146 13147 13143
13147 13146 13148
13146 13149 13148
13149 13146 13150
13146 13145 13151
13151 13150 13146
13151 13152 13150
13151 13153 13152
13154 13152 13153
13154 13155 13152
13155 13154 13156
13150 13152 13157
13157 13152 13155
13142 13144 13158
13159 13150 13157
13150 13159 13149
13160 13159 13157
13157 13155 13160
13159 13160 13161
13155 13162 13160
13162 13155 13163
13163 13155 13156
13164 13160 13162
13165 13160 13164
13166 13160 13165
13160 13166 13161
13167 13166 13165
13167 13168 13166
13167 13169 13168
13170 13158 13144
13170 13144 13171
13171 13172 13170
13171 13173 13172
13174 13173 13171
13173 13174 13175
13176 13173 13175
13173 13176 13177
13173 13178 13172
13178 13173 13177
13178 13177 13179
13178 13179 13180
13181 13180 13179
13181 13179 13182
13182 13183 13181
13177 13184 13179
13184 13182 13179
13177 13185 13184
13185 13177 13176
13185 13186 13184
13184 13186 13182
13186 13185 13187
13182 13186 13188
13188 13189 13182
13189 13183 13182
13190 13188 13186
13191 13190 13186
13192 13191 13186
13186 13187 13192
13193 13191 13192
13193 13192 13194
13193 13194 13195
13072 13196 13197
13072 13071 13196
13196 13071 13198
13071 13199 13198
13071 13074 13199
13199 13074 13076
13083 13072 13197
13200 13201 13202
13201 13200 13203
13202 13201 13204
13205 13200 13202
13200 13205 13206
13202 13207 13205
13207 13202 13208
13202 13209 13208
13204 13209 13202
13210 13204 13201
13203 13210 13201
13211 13210 13203
13208 13209 13212
13210 13211 13213
13210 13214 13204
13214 13210 13215
13215 13216 13214
13214 13216 13217
13217 13218 13214
13219 13214 13218
13214 13219 13220
13218 13217 13221
13221 13217 13222
13223 13221 13222
13217 13224 13222
13224 13217 13225
13217 13216 13225
13214 13220 13204
13211 13226 13213
13211 13227 13226
13211 13228 13227
13211 13229 13228
13230 13229 13211
13211 13203 13230
13203 13231 13230
13200 13231 13203
13231 13200 13232
13232 13233 13231
13230 13231 13233
13200 13234 13232
13234 13200 13206
13235 13232 13234
13232 13235 13236
13232 13236 13237
13233 13232 13237
13236 13238 13237
13230 13233 13239
13239 13240 13230
13240 13239 13241
13239 13242 13241
13243 13242 13239
13239 13244 13243
13244 13239 13245
13239 13233 13245
13242 13243 13246
13246 13247 13242
13248 13247 13246
13249 13242 13247
13242 13249 13250
13242 13250 13241
13238 13251 13252
13251 13238 13253
13144 13254 13255
13144 13143 13254
13147 13254 13143
13254 13147 13256
13144 13257 13258
13144 13258 13171
13174 13171 13258
13258 13259 13174
13260 13261 13262
13261 13260 13263
13264 13265 13059
13059 13265 13266
13265 13267 13266
13265 13268 13267
13269 13268 13265
13264 13269 13265
13268 13270 13267
13268 13271 13270
13272 13271 13268
13269 13272 13268
13271 13273 13270
13270 13273 13274
13271 13275 13273
13276 13275 13271
13272 13276 13271
13274 13273 13277
13278 13277 13273
13278 13273 13279
13275 13279 13273
13275 13280 13279
13281 13280 13275
13276 13281 13275
13282 13278 13279
13279 13280 13283
13284 13283 13280
13281 13284 13280
13284 13285 13283
13282 13279 13286
13287 13274 13277
13277 13288 13287
13288 13277 13278
13282 13289 13278
13289 13288 13278
13284 13290 13285
13279 13283 13291
13279 13291 13292
13286 13279 13292
13282 13293 13289
13294 13293 13282
13295 13293 13294
13296 13293 13295
13296 13295 13297
13297 13295 13298
13299 13295 13294
13295 13300 13298
13299 13300 13295
13284 13301 13290
13284 13302 13301
13284 13303 13302
13304 13302 13303
13304 13305 13302
13304 13306 13305
13307 13306 13304
13308 13307 13304
13308 13304 13309
13309 13304 13310
13311 13310 13304
13311 13304 13303
13281 13311 13303
13281 13303 13284
13309 13310 13312
13313 13310 13311
13276 13313 13311
13276 13311 13281
13313 13314 13310
13314 13315 13310
13315 13312 13310
13316 13312 13315
13317 13312 13316
13312 13317 13309
13308 13309 13318
13318 13309 13317
13308 13318 13319
13320 13308 13319
13321 13320 13319
13322 13321 13319
13322 13323 13321
13323 13324 13321
13325 13320 13321
13321 13324 13326
13325 13321 13326
13272 13313 13276
13272 13327 13313
13327 13314 13313
13327 13328 13314
13269 13327 13272
13269 13329 13327
13329 13328 13327
13329 13330 13328
13264 13329 13269
13264 13331 13329
13331 13330 13329
13331 13332 13330
13331 13333 13332
13333 13334 13332
13334 13335 13332
13335 13334 13336
13336 13337 13335
13337 13336 13338
13337 13338 13339
13338 13340 13339
13338 13341 13340
13336 13341 13338
13336 13342 13341
13334 13342 13336
13334 13343 13342
13339 13340 13344
13340 13345 13344
13345 13346 13344
13346 13347 13344
13347 13346 13348
13348 13346 13349
13348 13349 13350
13349 13351 13350
13350 13351 13352
13351 13353 13352
13353 13351 13349
13354 13349 13346
13354 13353 13349
13346 13355 13354
13355 13346 13345
13355 13345 13356
13355 13356 13357
13358 13357 13356
13340 13358 13356
13345 13340 13356
13357 13358 13359
13360 13359 13358
13341 13360 13358
13341 13358 13340
13360 13361 13359
13361 13362 13359
13362 13363 13359
13363 13362 13364
13365 13364 13362
13361 13365 13362
13361 13366 13365
13364 13365 13367
13364 13368 13363
13367 13368 13364
13368 13367 13369
13368 13369 13370
13369 13371 13370
13369 13372 13371
13372 13369 13367
13373 13368 13370
13371 13374 13370
13375 13370 13374
13375 13373 13370
13376 13375 13374
13377 13372 13367
13365 13377 13367
13365 13378 13377
13366 13378 13365
13366 13379 13378
13379 13380 13378
13377 13378 13381
13380 13381 13378
13382 13380 13379
13383 13382 13379
13382 13384 13380
13385 13384 13382
13384 13385 13386
13387 13386 13385
13388 13387 13385
13388 13385 13389
13389 13385 13382
13390 13389 13382
13390 13382 13383
13391 13390 13383
13392 13388 13389
13393 13388 13392
13393 13394 13388
13394 13387 13388
13395 13392 13389
13395 13389 13390
13396 13392 13395
13397 13396 13395
13397 13395 13390
13397 13390 13391
13396 13397 13398
13399 13398 13397
13399 13397 13391
13398 13399 13400
13401 13400 13399
13400 13401 13402
13403 13402 13401
13402 13403 13404
13405 13404 13403
13404 13405 13406
13407 13406 13405
13406 13407 13408
13046 13408 13407
13408 13046 13047
13046 13407 13331
13407 13405 13333
13407 13333 13331
13405 13403 13334
13405 13334 13333
13403 13401 13343
13403 13343 13334
13401 13399 13409
13401 13409 13343
13343 13409 13410
13411 13408 13047
13045 13411 13047
13411 13045 13412
13045 13041 13412
13041 13413 13412
13413 13041 13414
13041 13040 13414
13408 13411 13415
13409 13416 13410
13409 13391 13416
13410 13416 13361
13391 13383 13416
13416 13383 13366
13416 13366 13361
13383 13379 13366
13410 13361 13360
13342 13410 13360
13343 13410 13342
13342 13360 13341
13417 13418 13415
13418 13417 13419
13408 13415 13418
13408 13418 13406
13406 13418 13420
13421 13418 13419
13418 13421 13420
13422 13420 13421
13420 13422 13423
13406 13420 13423
13422 13424 13423
13424 13404 13423
13404 13406 13423
13424 13425 13404
13424 13426 13425
13426 13424 13427
13424 13422 13427
13428 13425 13426
13425 13428 13429
13430 13429 13428
13429 13430 13431
13402 13429 13431
13425 13429 13402
13425 13402 13404
13432 13431 13430
13431 13432 13433
13434 13433 13432
13433 13434 13435
13433 13400 13431
13400 13402 13431
13400 13433 13435
13398 13400 13435
13436 13435 13434
13435 13436 13437
13437 13398 13435
13436 13438 13437
13439 13398 13437
13438 13439 13437
13398 13439 13396
13440 13396 13439
13396 13440 13441
13392 13396 13441
13440 13393 13441
13392 13441 13393
13393 13440 13442
13440 13443 13442
13440 13444 13443
13443 13445 13442
13445 13446 13442
13393 13442 13446
13446 13445 13447
13448 13446 13447
13446 13448 13449
13394 13393 13446
13449 13450 13446
13450 13394 13446
13451 13444 13440
13439 13451 13440
13439 13452 13451
13438 13452 13439
13387 13394 13450
13450 13453 13387
13387 13453 13386
13453 13454 13386
13386 13454 13455
13454 13456 13455
13386 13455 13384
13455 13456 13457
13455 13457 13458
13384 13455 13458
13456 13459 13457
13384 13458 13380
13457 13459 13460
13457 13460 13461
13458 13457 13461
13458 13461 13381
13380 13458 13381
13459 13462 13460
13460 13462 13463
13460 13463 13464
13461 13460 13464
13461 13464 13465
13381 13461 13465
13462 13466 13463
13463 13466 13467
13463 13467 13468
13464 13463 13468
13464 13468 13469
13465 13464 13469
13466 13470 13467
13471 13465 13469
13471 13472 13465
13381 13465 13472
13471 13469 13473
13471 13473 13474
13475 13474 13473
13475 13473 13476
13473 13469 13476
13477 13475 13476
13476 13478 13477
13478 13476 13479
13479 13476 13480
13469 13468 13480
13469 13480 13476
13468 13481 13480
13468 13467 13481
13467 13482 13481
13467 13470 13482
13470 13483 13482
13479 13480 13484
13480 13481 13484
13481 13485 13484
13481 13482 13485
13482 13486 13485
13482 13483 13486
13483 13487 13486
13488 13485 13486
13485 13488 13489
13485 13489 13490
13479 13484 13490
13484 13485 13490
13488 13486 13491
13487 13491 13486
13487 13492 13491
13491 13493 13488
13062 13494 13495
13062 13496 13494
13497 13494 13496
13494 13497 13498
13494 13498 13499
13494 13499 13495
13495 13499 13500
13497 13501 13498
13498 13501 13502
13498 13502 13499
13499 13502 13503
13499 13503 13500
13496 13062 13061
13501 13504 13502
13502 13504 13505
13505 13506 13502
13506 13503 13502
13507 13503 13506
13503 13507 13508
13500 13503 13508
13500 13508 13509
13510 13500 13509
13505 13504 13511
13511 13504 13512
13512 13513 13511
13513 13514 13511
13513 13515 13514
13514 13515 13516
13515 13517 13516
13516 13517 13518
13518 13514 13516
13509 13508 13519
13509 13519 13520
13521 13520 13519
13520 13521 13522
13520 13522 13105
13523 13519 13508
13519 13523 13521
13511 13514 13524
13524 13514 13518
13524 13525 13511
13525 13505 13511
13521 13523 13526
13526 13522 13521
13522 13526 13527
13526 13528 13527
13527 13528 13529
13527 13529 13530
13530 13522 13527
13105 13522 13530
13531 13528 13526
13529 13528 13532
13533 13532 13528
13533 13528 13531
13534 13532 13533
13525 13506 13505
13525 13507 13506
13063 13495 13510
13063 13510 13064
13064 13510 13535
13064 13535 13065
13065 13535 13536
13065 13536 13066
13066 13536 13095
13536 13102 13095
13536 13537 13102
13535 13537 13536
13535 13509 13537
13510 13509 13535
13537 13104 13102
13537 13520 13104
13509 13520 13537
13520 13105 13104
13066 13095 13067
13495 13500 13510
13062 13495 13063
13048 13063 13050
13538 13539 13540
13539 13538 13541
13541 13542 13539
13542 13541 13543
13540 13544 13538
13544 13540 13545
13546 13542 13543
13542 13546 13547
13545 13548 13544
13548 13549 13544
13549 13548 13550
13548 13551 13550
13552 13553 13554
13554 13553 13555
13554 13555 13556
13556 13557 13554
13557 13556 13558
13559 13557 13558
13560 13557 13559
13560 13561 13557
13562 13563 13564
13563 13562 13565
13566 13565 13562
13565 13566 13567
13568 13567 13566
13567 13568 13569
13568 13570 13569
13570 13568 13571
13571 13572 13570
13572 13571 13573
13573 13574 13572
13574 13573 13575
13576 13577 13578
13579 13577 13576
13577 13579 13580
13580 13579 13581
13582 13579 13576
13576 13583 13582
13579 13582 13584
13584 13585 13579
13586 13587 13588
13587 13586 13589
13590 13589 13586
13589 13590 13591
13592 13588 13587
13588 13592 13593
13594 13593 13592
13593 13594 13595
13594 13596 13595
13596 13594 13597
13597 13598 13596
13598 13597 13599
13600 13598 13599
13598 13600 13601
13602 13601 13600
13601 13602 13603
13604 13603 13602
13603 13604 13605
13605 13604 13606
13607 13608 13609
13608 13607 13610
13610 13611 13608
13611 13610 13612
13612 13613 13611
13613 13612 13614
13614 13615 13613
13615 13614 13616
13616 13617 13615
13617 13616 13618
13618 13619 13617
13619 13618 13620
13620 13621 13619
13621 13620 13622
13623 13607 13609
13607 13623 13624
13623 13625 13624
13625 13623 13626
13626 13627 13625
13627 13626 13628
13628 13629 13627
13629 13628 13630
13630 13631 13629
13631 13630 13632
13632 13633 13631
13633 13632 13634
13635 13633 13634
13633 13635 13636
13637 13622 13638
13639 13637 13638
13637 13639 13640
13639 13641 13640
13641 13639 13642
13642 13643 13641
13642 13644 13643
13645 13643 13644
13641 13643 13646
13646 13643 13647
13637 13621 13622
13648 13621 13637
13645 13649 13643
13650 13649 13645
13649 13650 13651
13652 13653 13654
13653 13652 13655
13655 13652 13656
13656 13652 13657
13655 13656 13658
13659 13658 13656
13658 13659 13660
13659 13661 13660
13661 13659 13662
13663 13664 13665
13666 13667 13668
13667 13666 13669
13666 13670 13669
13670 13666 13671
13672 13673 13674
13673 13672 13675
13676 13677 13678
13677 13676 13679
13680 13677 13679
13677 13680 13681
13682 13683 13684
13685 13682 13684
13682 13685 13686
13685 13687 13686
13682 13688 13683
13689 13690 13691
13690 13692 13691
13693 13691 13692
13691 13693 13694
13689 13691 13694
13695 13694 13693
13694 13695 13696
13689 13694 13696
13689 13696 13697
13697 13696 13695
13692 13690 13698
13699 13698 13690
13689 13699 13690
13698 13699 13700
13699 13701 13700
13701 13699 13702
13699 13689 13703
13703 13702 13699
13702 13703 13704
13704 13705 13702
13705 13704 13706
13706 13707 13705
13708 13705 13707
13705 13708 13709
13702 13709 13701
13709 13702 13705
13707 13706 13710
13707 13711 13708
13711 13707 13712
13707 13710 13712
13712 13713 13711
13713 13712 13714
13710 13706 13715
13716 13712 13710
13710 13715 13716
13712 13716 13714
13717 13718 13719
13720 13718 13717
13720 13721 13718
13718 13721 13722
13723 13722 13721
13722 13724 13718
13724 13719 13718
13725 13720 13717
13725 13717 13726
13727 13725 13726
13725 13727 13728
13729 13728 13727
13728 13729 13730
13731 13726 13717
13726 13731 13732
13732 13727 13726
13717 13719 13733
13731 13717 13733
13727 13734 13729
13734 13727 13732
13735 13729 13734
13729 13735 13736
13736 13730 13729
13735 13737 13736
13737 13738 13736
13730 13736 13738
13738 13737 13739
13740 13741 13742
13741 13740 13743
13744 13745 13746
13747 13748 13749
13750 13751 13752
13753 13754 13755
13756 13757 13758
13759 13756 13758
13759 13758 13760
13758 13761 13760
13761 13758 13762
13762 13763 13761
13763 13762 13764
13764 13765 13763
13765 13764 13766
13767 13766 13764
13766 13767 13768
13769 13768 13767
13768 13769 13770
13770 13771 13768
13771 13772 13768
13772 13771 13773
13767 13774 13769
13767 13775 13774
13775 13767 13776
13776 13764 13762
13764 13776 13767
13776 13777 13775
13768 13778 13766
13778 13768 13772
13779 13766 13778
13766 13779 13765
13777 13776 13780
13762 13780 13776
13780 13762 13758
13777 13780 13781
13780 13782 13781
13782 13780 13757
13758 13757 13780
13783 13782 13757
13782 13783 13784
13785 13784 13783
13784 13785 13786
13785 13787 13786
13787 13785 13788
13756 13785 13783
13756 13783 13757
13789 13785 13756
13789 13788 13785
13756 13790 13789
13791 13789 13790
13789 13791 13792
13788 13789 13792
13788 13792 13793
13790 13794 13791
13794 13790 13795
13795 13796 13794
13796 13795 13797
13797 13798 13796
13798 13799 13796
13799 13798 13800
13798 13801 13800
13801 13798 13802
13800 13803 13799
13803 13800 13804
13805 13803 13804
13803 13805 13806
13807 13803 13806
13803 13807 13808
13808 13799 13803
13804 13809 13805
13809 13804 13810
13800 13810 13804
13810 13800 13801
13799 13811 13796
13799 13808 13811
13798 13797 13812
13812 13802 13798
13802 13812 13813
13812 13814 13813
13814 13812 13815
13812 13816 13815
13816 13812 13797
13797 13817 13816
13817 13797 13795
13795 13759 13817
13760 13817 13759
13759 13795 13790
13790 13756 13759
13808 13818 13811
13794 13811 13818
13796 13811 13794
13818 13791 13794
13791 13818 13819
13819 13792 13791
13792 13819 13820
13820 13793 13792
13819 13821 13820
13822 13819 13818
13819 13822 13821
13822 13823 13821
13823 13822 13824
13824 13825 13823
13822 13807 13824
13807 13822 13808
13818 13808 13822
13823 13825 13826
13827 13821 13823
13827 13823 13826
13826 13825 13828
13821 13827 13829
13830 13821 13829
13820 13830 13793
13820 13821 13830
13831 13832 13833
13832 13831 13834
13833 13835 13831
13836 13831 13835
13831 13836 13837
13838 13831 13837
13838 13834 13831
13839 13838 13837
13837 13840 13839
13840 13837 13836
13840 13841 13839
13841 13840 13842
13842 13843 13841
13844 13841 13843
13841 13844 13845
13845 13839 13841
13843 13842 13846
13847 13846 13842
13846 13847 13848
13849 13845 13844
13845 13849 13850
13844 13851 13849
13851 13844 13852
13843 13852 13844
13848 13853 13846
13853 13848 13854
13854 13855 13853
13856 13853 13855
13853 13856 13857
13846 13857 13843
13857 13846 13853
13852 13843 13857
13855 13858 13856
13859 13856 13858
13856 13859 13860
13861 13856 13860
13857 13861 13852
13861 13857 13856
13862 13860 13859
13860 13862 13863
13858 13855 13864
13865 13864 13855
13855 13854 13865
13864 13865 13866
13867 13866 13865
13866 13867 13868
13869 13868 13867
13868 13869 13870
13871 13869 13867
13865 13871 13867
13869 13871 13872
13873 13869 13872
13869 13873 13874
13863 13875 13860
13861 13860 13875
13875 13876 13861
13876 13852 13861
13852 13876 13851
13848 13872 13871
13872 13848 13847
13872 13877 13873
13877 13872 13847
13877 13847 13878
13879 13873 13877
13880 13879 13877
13880 13877 13878
13880 13878 13840
13840 13881 13880
13881 13840 13836
13836 13882 13881
13878 13842 13840
13878 13847 13842
13880 13881 13883
13884 13880 13883
13880 13884 13879
13882 13885 13881
13883 13881 13885
13883 13886 13884
13886 13887 13884
13887 13879 13884
13836 13835 13882
13835 13888 13882
13888 13889 13882
13889 13885 13882
13890 13885 13889
13883 13885 13890
13891 13883 13890
13883 13891 13886
13835 13892 13888
13835 13833 13892
13893 13892 13833
13833 13894 13893
13894 13833 13832
13892 13893 13895
13896 13892 13895
13892 13896 13888
13894 13832 13897
13897 13832 13898
13898 13832 13899
13899 13832 13834
13834 13900 13899
13900 13901 13899
13901 13898 13899
13901 13900 13902
13900 13834 13838
13903 13900 13838
13903 13902 13900
13839 13903 13838
13903 13839 13904
13903 13904 13905
13904 13906 13905
13845 13906 13904
13845 13904 13839
13850 13906 13845
13850 13907 13906
13898 13901 13908
13898 13908 13897
13897 13908 13909
13910 13911 13912
13910 13912 13913
13914 13910 13913
13910 13914 13915
13915 13916 13910
13916 13911 13910
13916 13915 13917
13917 13915 13918
13919 13911 13916
13917 13919 13916
13911 13919 13920
13921 13920 13919
13919 13922 13921
13922 13919 13923
13919 13917 13923
13923 13924 13922
13924 13923 13925
13925 13923 13917
13925 13917 13918
13924 13925 13926
13926 13925 13918
13920 13921 13927
13926 13918 13928
13929 13928 13918
13930 13928 13929
13929 13918 13931
13932 13929 13931
13931 13933 13932
13933 13931 13934
13935 13933 13934
13929 13932 13936
13934 13931 13937
13918 13937 13931
13938 13933 13935
13935 13939 13938
13940 13938 13939
13938 13940 13941
13941 13942 13938
13933 13938 13942
13942 13932 13933
13942 13941 13943
13943 13944 13942
13932 13942 13944
13944 13943 13945
13944 13945 13946
13946 13932 13944
13932 13946 13936
13947 13936 13946
13945 13947 13946
13936 13947 13948
13949 13945 13943
13950 13941 13940
13941 13950 13951
13951 13943 13941
13943 13951 13949
13950 13952 13951
13952 13950 13953
13954 13953 13950
13940 13954 13950
13953 13954 13955
13954 13956 13955
13956 13954 13957
13957 13958 13956
13958 13957 13959
13959 13960 13958
13960 13959 13961
13962 13960 13961
13960 13962 13963
13964 13958 13960
13963 13964 13960
13958 13964 13965
13965 13956 13958
13859 13965 13964
13965 13859 13858
13864 13965 13858
13965 13864 13966
13956 13965 13966
13866 13966 13864
13966 13866 13967
13967 13956 13966
13868 13967 13866
13967 13868 13968
13870 13968 13868
13968 13870 13969
13970 13859 13964
13964 13963 13970
13859 13970 13862
13969 13953 13968
13953 13969 13952
13968 13955 13967
13955 13968 13953
13956 13967 13955
13971 13952 13969
13870 13971 13969
13952 13971 13972
13972 13951 13952
13951 13972 13949
13971 13870 13973
13869 13973 13870
13973 13869 13874
13873 13974 13874
13873 13879 13974
13879 13887 13974
13874 13974 13887
13975 13976 13977
13977 13976 13978
13976 13979 13978
13979 13976 13980
13979 13981 13978
13981 13979 13982
13982 13983 13981
13983 13982 13984
13985 13983 13984
13980 13986 13979
13986 13980 13987
13988 13987 13980
13987 13988 13989
13988 13990 13989
13990 13988 13991
13988 13992 13991
13992 13988 13993
13980 13993 13988
13992 13994 13991
13994 13992 13995
13987 13996 13986
13996 13987 13997
13989 13997 13987
13998 13989 13990
13989 13998 13999
13997 13989 13999
14000 13986 13996
13986 14000 14001
14002 14001 14000
14001 14002 14003
14004 14003 14002
14003 14004 14005
14005 13984 14003
13984 14005 14006
14006 14007 13984
14007 14006 14008
14009 14008 14006
14008 14009 14010
14008 14011 14007
14011 14008 14012
14010 14012 14008
14012 14010 14013
14012 14014 14011
14015 14011 14014
14011 14015 14016
14016 14007 14011
14014 14012 14017
14013 14017 14012
14007 14016 13985
13985 13984 14007
14018 14006 14005
14006 14018 14009
14005 14019 14018
14017 14013 14020
14014 14021 14015
14021 14014 14022
14017 14022 14014
14023 14021 14022
14021 14023 14024
14025 14024 14023
14024 14025 14026
14023 14027 14025
14022 14027 14023
14022 14017 14028
14020 14028 14017
14022 14028 14027
14027 14028 14029
14030 14029 14028
14028 14020 14030
14029 14030 14031
14032 14021 14024
14026 14032 14024
14021 14032 14033
14033 14015 14021
14015 14033 14034
14034 14016 14015
14016 14034 14035
14035 13985 14016
13985 14035 14036
14037 13985 14036
13985 14037 13983
14038 13983 14037
13983 14038 13981
14038 14039 13981
13981 14039 13978
14030 14040 14031
14032 14026 14041
14040 14030 14042
14043 14040 14042
14020 14042 14030
14042 14020 14044
14013 14044 14020
14044 14013 14045
14010 14045 14013
14045 14010 14046
14009 14046 14010
14046 14009 14047
14047 14048 14046
14048 14047 14049
14050 14049 14047
14049 14050 14051
14052 14051 14050
14051 14052 14053
14046 14054 14045
14054 14046 14048
14045 14055 14044
14055 14045 14054
14054 14056 14055
14056 14054 14057
14048 14057 14054
14053 14058 14051
14058 14053 14059
14059 14060 14058
14060 14059 14061
14061 14062 14060
14062 14061 14063
14063 14064 14062
14065 14062 14064
14062 14065 14066
14066 14060 14062
14067 14065 14064
14065 14067 14068
14069 14065 14068
14065 14069 14070
14070 14066 14065
13994 14069 14068
14069 13994 13995
14064 14071 14067
14071 14064 14072
14064 14063 14072
14072 14073 14071
14074 14071 14073
14071 14074 14075
14075 14067 14071
14074 13998 14075
13998 14074 14076
14076 13999 13998
13999 14076 14077
14078 13999 14077
13999 14078 13997
14079 13997 14078
13997 14079 13996
14080 13996 14079
13996 14080 14000
14081 14000 14080
14000 14081 14002
14082 14002 14081
14002 14082 14004
14083 14004 14082
14004 14083 14019
13815 14077 14076
14077 13815 13816
14082 13779 14083
13779 14082 13765
14081 13765 14082
13765 14081 13763
14080 13763 14081
13763 14080 13761
14079 13761 14080
14019 14005 14004
14083 14052 14019
14052 14083 14084
13779 14084 14083
14084 14053 14052
14053 14084 14085
14085 14059 14053
14059 14085 14086
14086 14061 14059
14061 14086 14087
14087 14063 14061
14063 14087 14088
14088 14072 14063
14072 14088 14089
14073 14072 14089
14089 14090 14073
14090 14089 14091
14091 14092 14090
14092 14091 14093
14093 14094 14092
14094 14093 14095
14096 14094 14095
14094 14096 14097
13801 14094 14097
14094 13801 13802
13802 14092 14094
14098 14097 14096
14097 14098 14099
14098 14100 14099
14100 14098 14101
14098 14102 14101
14102 14098 14103
14096 14103 14098
13809 14099 14100
14099 13809 13810
13810 14097 14099
14097 13810 13801
14096 14095 14104
14103 14096 14104
14105 14095 14093
14095 14105 14106
14106 14107 14104
14107 14103 14104
14095 14106 14104
14108 14106 14105
14106 14108 14109
14109 14107 14106
14110 14109 14108
14109 14110 14111
14108 14112 14110
14112 14108 14113
14105 14113 14108
14113 14114 14112
14112 14114 14115
14113 14116 14114
14117 14114 14116
14114 14117 14118
14119 14118 14117
14118 14119 14120
14121 14120 14119
14120 14121 14122
14122 14123 14120
14123 14122 14124
14124 14125 14123
14125 14124 14126
14126 14124 14127
13772 14127 14124
14127 13772 13773
14123 14125 14128
14129 14123 14128
14123 14129 14130
14130 14120 14123
14120 14130 14118
14130 14129 14131
14124 13778 13772
13778 14124 14122
13779 14122 14121
14122 13779 13778
14131 14132 14130
14132 14118 14130
14118 14132 14114
14131 14133 14132
14134 14132 14133
14132 14134 14115
14114 14132 14115
14134 14135 14115
14135 14134 14136
14136 14137 14135
14137 14136 14138
14139 14137 14138
14137 14139 14140
14112 14135 14137
14112 14115 14135
14110 14112 14137
14140 14110 14137
14110 14140 14111
14140 14141 14111
14142 14111 14141
14143 14111 14142
14143 14142 14144
14111 14143 14109
14107 14109 14143
14143 14145 14107
14145 14143 14144
14146 14145 14144
14145 14146 14147
14147 14146 14148
14102 14145 14147
14145 14102 14103
14103 14107 14145
14146 14149 14148
14150 14146 14144
14150 14149 14146
14149 14151 14148
14144 14152 14150
14153 14152 14144
14142 14153 14144
14142 14141 14153
14154 14155 14156
14155 14154 14157
14154 14158 14157
14158 14154 14159
14159 14160 14158
14160 14159 14161
14161 14162 14160
14162 14161 14163
14164 14154 14156
14154 14164 14165
14166 14165 14164
14165 14166 14167
14168 14165 14167
14165 14168 14169
14169 14154 14165
14154 14169 14159
14169 14161 14159
14170 14169 14168
14169 14170 14171
14161 14169 14171
14163 14161 14171
14172 14171 14170
14171 14172 14173
14171 14173 14163
14174 14167 14166
14167 14174 14175
13995 14175 14174
14175 13995 13992
13992 14176 14175
14167 14176 14168
14176 14167 14175
14176 13992 13993
14177 14168 14176
14168 14177 14170
14177 14176 13993
14177 13993 14178
13993 13975 14178
14177 14178 14179
14170 14179 14172
14179 14170 14177
13976 13975 13993
13993 13980 13976
14180 13995 14174
13995 14180 14069
14181 14069 14180
14069 14181 14070
14182 14070 14181
14183 14181 14180
14174 14183 14180
14183 14174 14166
14166 14184 14183
14184 14166 14164
14184 14185 14183
14181 14183 14185
14185 14182 14181
14185 14184 14186
14186 14187 14185
14182 14185 14187
14187 14186 14188
14188 14189 14187
14189 14188 14190
14164 14191 14184
14191 14186 14184
14191 14164 14156
14155 14191 14156
14191 14155 14192
14193 14191 14192
14191 14193 14194
14186 14191 14194
14195 14194 14193
14194 14195 14196
14196 14186 14194
14186 14196 14188
14197 14196 14195
14196 14197 14198
14198 14188 14196
14188 14198 14190
14199 14187 14189
14187 14199 14182
14182 14199 14200
14182 14200 14070
14070 14200 14201
14202 14070 14201
14201 14203 14202
14066 14070 14202
14202 14204 14066
14204 14202 14205
14203 14205 14202
14206 14204 14205
14204 14206 14207
14208 14207 14206
14207 14208 14049
14209 14049 14208
14060 14066 14204
14058 14204 14207
14204 14058 14060
14051 14207 14049
14207 14051 14058
14206 14205 14210
14211 14208 14206
14211 14206 14210
14208 14211 14212
14212 14209 14208
14209 14212 14213
14214 14209 14213
14209 14214 14057
14057 14048 14209
14209 14048 14049
14215 14057 14214
14057 14215 14056
14216 14056 14215
14056 14216 14217
14217 14055 14056
14055 14217 14218
14217 14219 14218
14219 14217 14220
14220 14221 14219
14221 14220 14222
14219 14221 14043
14218 14219 14043
14218 14044 14055
14044 14218 14042
14218 14043 14042
14217 14223 14220
14223 14217 14216
14223 14222 14220
14222 14223 14224
14225 13991 13994
13991 14225 13990
14075 13990 14225
13990 14075 13998
14068 14225 13994
14225 14068 14067
14067 14075 14225
13814 14076 14074
14076 13814 13815
14073 13814 14074
13814 14073 14090
14092 13814 14090
13814 14092 13813
14092 13802 13813
14001 13979 13986
13979 14001 13982
14003 13982 14001
13982 14003 13984
14226 14227 14228
14229 14227 14226
14230 14229 14226
14229 14230 14231
14230 14232 14231
14232 14230 14233
14234 14231 14232
14231 14234 14235
14234 14236 14235
14236 14234 14237
14237 14238 14236
14238 14237 14239
14239 14240 14238
14238 14241 14236
14236 14241 14242
14242 14235 14236
14242 14243 14235
14244 14240 14239
14244 14245 14240
14244 14246 14245
14247 14246 14244
14247 14248 14246
14247 14249 14248
14250 14249 14247
14251 14249 14250
14250 14252 14251
14253 14252 14250
14254 14252 14253
14255 14254 14253
14254 14255 14256
14255 14257 14256
14257 14255 14258
14258 14259 14257
14259 14260 14257
14260 14259 14261
14259 14262 14261
14262 14259 14263
14259 14258 14264
14265 14259 14264
14259 14265 14263
14256 14266 14254
14267 14266 14256
14267 14257 14260
14257 14267 14256
14268 14260 14261
14261 14269 14268
14262 14269 14261
14270 14269 14262
14271 14258 14255
14258 14271 14272
14272 14264 14258
14264 14272 14273
14273 14265 14264
14265 14273 14274
14275 14274 14273
14274 14275 14276
14277 14272 14271
14278 14277 14271
14277 14278 14279
14279 14280 14277
14280 14281 14277
14272 14277 14281
14273 14281 14275
14281 14273 14272
14281 14280 14282
14275 14281 14282
14280 14279 14283
14280 14284 14282
14285 14282 14284
14275 14282 14285
14275 14285 14276
14276 14285 14286
14284 14280 14287
14283 14287 14280
14287 14283 14288
14289 14288 14283
14283 14290 14289
14279 14290 14283
14285 14291 14286
14291 14285 14292
14284 14293 14285
14287 14293 14284
14294 14287 14288
14288 14289 14294
14287 14294 14295
14293 14287 14295
14294 14289 14296
14296 14295 14294
14297 14292 14285
14285 14298 14297
14295 14298 14293
14285 14293 14298
14299 14297 14298
14298 14295 14299
14295 14296 14299
14300 14299 14296
14296 14289 14300
14299 14300 14301
14297 14299 14301
14302 14301 14300
14300 14303 14302
14300 14289 14303
14304 14302 14303
14302 14304 14305
14306 14302 14305
14302 14306 14307
14301 14302 14307
14303 14308 14304
14308 14303 14309
14307 14306 14310
14310 14301 14307
14301 14310 14297
14309 14311 14308
14311 14309 14312
14312 14313 14311
14313 14312 14314
14315 14312 14309
14289 14315 14309
14289 14309 14303
14316 14314 14312
14315 14316 14312
14315 14317 14316
14318 14316 14317
14315 14290 14317
14290 14315 14289
14290 14319 14317
14318 14317 14319
14319 14290 14320
14320 14247 14319
14247 14320 14250
14279 14320 14290
14320 14279 14278
14278 14250 14320
14250 14278 14253
14271 14253 14278
14253 14271 14255
14319 14244 14318
14244 14319 14247
14244 14321 14318
14321 14316 14318
14322 14316 14321
14321 14323 14322
14324 14322 14323
14323 14325 14324
14325 14326 14324
14326 14325 14327
14328 14327 14325
14326 14329 14324
14322 14324 14329
14329 14326 14314
14325 14323 14330
14328 14325 14330
14331 14328 14330
14330 14332 14331
14332 14330 14323
14323 14321 14332
14327 14333 14326
14333 14314 14326
14237 14331 14332
14331 14237 14234
14234 14334 14331
14331 14334 14328
14334 14335 14328
14336 14328 14335
14336 14337 14328
14337 14327 14328
14334 14234 14232
14232 14338 14334
14334 14338 14335
14338 14232 14233
14332 14239 14237
14239 14332 14321
14321 14244 14239
14336 14339 14337
14314 14333 14313
14333 14340 14313
14316 14329 14314
14316 14322 14329
14341 14342 14343
14344 14343 14342
14341 14343 14345
14345 14346 14341
14344 14342 14347
14344 14347 14348
14348 14347 14349
14348 14349 14350
14350 14349 14351
14351 14349 14352
14352 14353 14351
14353 14352 14354
14355 14353 14354
14353 14355 14356
14357 14355 14354
14352 14357 14354
14357 14352 14358
14349 14358 14352
14358 14349 14359
14360 14349 14347
14349 14360 14359
14347 14361 14360
14361 14347 14342
14342 14362 14361
14362 14342 14341
14346 14362 14341
14355 14363 14356
14363 14355 14364
14364 14355 14365
14357 14365 14355
14366 14367 14368
14367 14366 14369
14369 14370 14367
14370 14369 14371
14366 14372 14369
14368 13939 14366
14373 14370 14371
14370 14373 14374
13957 14368 14367
14368 13957 13954
13959 14367 14370
14367 13959 13957
13954 13940 14368
13940 13939 14368
13961 14370 14374
14370 13961 13959
14374 13962 13961
14366 13939 14375
13939 13935 14375
13935 14376 14375
14376 13935 14377
14376 14366 14375
14376 14372 14366
14377 14378 14376
14376 14378 14372
14379 14372 14378
14380 14379 14378
14378 14377 14380
14379 14380 14381
14372 14379 14382
14381 14383 14379
14379 14383 14382
14383 14384 14382
14383 14381 14385
14381 14386 14385
13935 14387 14377
14387 14380 14377
14387 13935 13934
14380 13913 14381
13913 14380 13914
14380 14387 13914
14387 13915 13914
13915 14387 13937
14387 13934 13937
13918 13915 13937
14384 14371 14382
14371 14384 14373
14369 14382 14371
14382 14369 14372
13760 14078 13817
14078 13760 14079
14077 13817 14078
13817 14077 13816
13761 14079 13760
14388 14389 14390
14390 13920 14388
13911 13920 14390
13911 14390 14391
14392 14388 13920
14392 14389 14388
14393 14389 14392
13911 14391 13912
14392 13920 13927
14394 14395 14396
14395 14394 14397
14398 14395 14397
14395 14398 14399
14400 14401 14402
14400 14402 14403
14403 14404 14400
14400 14404 14405
14400 14406 14401
14401 14406 14407
14400 14408 14406
14407 14406 14409
14410 14407 14409
14410 14411 14407
14411 14410 14412
14413 14411 14412
14414 14411 14413
14413 14415 14414
14415 14413 14416
14417 14415 14416
14417 14418 14415
14419 14420 14421
14420 14419 14422
14422 14423 14420
14423 14422 14424
14424 14425 14423
14425 14424 14426
14427 14422 14419
14422 14427 14428
14428 14424 14422
14424 14428 14429
14429 14426 14424
14426 14429 14430
14430 14431 14426
14431 14430 14432
14433 14428 14427
14428 14433 14434
14434 14429 14428
14429 14434 14435
14435 14430 14429
14430 14435 14436
14436 14432 14430
14432 14436 14437
14437 14438 14432
14438 14437 14439
14440 14426 14431
14426 14440 14425
14438 14439 14441
14432 14442 14431
14442 14432 14438
14431 14442 14440
14442 14443 14440
14440 14443 14444
14444 14443 14445
14444 14445 14446
14447 14443 14442
14447 14438 14441
14442 14438 14447
14448 14447 14441
14441 14449 14448
14449 14441 14450
14441 14439 14450
14448 14451 14447
14451 14445 14443
14443 14447 14451
14444 14452 14440
14444 14453 14452
14453 14454 14452
14454 14453 14455
14455 14456 14454
14456 14455 14457
14457 14458 14456
14458 14457 14459
14460 14459 14457
14459 14460 14461
14457 14462 14460
14462 14457 14455
14421 14456 14458
14456 14421 14420
14420 14454 14456
14454 14420 14423
14423 14452 14454
14452 14423 14425
14440 14452 14425
14463 14455 14453
14455 14463 14462
14462 14463 14464
14465 14463 14453
14453 14466 14465
14466 14453 14444
14467 14466 14444
14444 14446 14467
14468 14469 14470
14469 14468 14471
14472 14471 14468
14471 14472 14473
14474 14473 14472
14473 14474 14475
14476 14475 14474
14475 14476 14477
14478 14477 14476
14477 14478 14479
14435 14469 14471
14469 14435 14434
14434 14480 14469
14471 14436 14435
14436 14471 14473
14473 14437 14436
14437 14473 14475
14475 14439 14437
14439 14475 14477
14479 14478 14481
14450 14439 14477
14450 14477 14479
14479 14449 14450
14449 14479 14481
14482 14449 14481
14483 14449 14482
14449 14483 14448
14484 14448 14483
14448 14484 14485
14451 14448 14485
14485 14486 14451
14486 14485 14487
14485 14484 14487
14484 14488 14487
14445 14451 14486
14484 14489 14488
14489 14484 14490
14483 14490 14484
14490 14483 14491
14490 14491 14492
14489 14490 14492
14491 14493 14492
14482 14493 14483
14493 14491 14483
14489 14492 14494
14495 14496 14497
14496 14495 14498
14499 14495 14497
14495 14499 14500
14501 14500 14499
14500 14501 14502
14501 14503 14502
14501 14504 14503
14505 14506 14507
14506 14505 14508
14509 14510 14511
14510 14509 14512
14509 14513 14512
14513 14509 14514
14514 14515 14513
14515 14514 14516
14517 14515 14516
14515 14517 14518
14519 14518 14517
14518 14519 14520
14519 14521 14520
14521 14519 14522
14523 14521 14522
14521 14523 14524
14525 14524 14523
14526 14527 14528
14527 14526 14529
14529 14530 14527
14530 14529 14531
14532 14530 14531
14530 14532 14533
14534 14535 14536
14535 14534 14537
14470 14538 14539
14469 14538 14470
14469 14480 14538
14434 14433 14480
14540 13212 14541
13212 14540 14542
14543 14544 14545
14544 14543 14546
14546 14543 14547
14548 14546 14547
14546 14548 14549
14550 14549 14548
14550 14551 14549
14551 14550 14552
14553 14554 14555
14229 14554 14553
14553 14227 14229
14231 14554 14229
14554 14231 14235
14235 14555 14554
14555 14235 14243
14556 14557 14558
14557 14556 14559
14560 14558 14557
14558 14560 14561
14562 14561 14560
14561 14562 14563
14564 14559 14556
14559 14564 14565
14566 14567 14568
14567 14566 14569
14570 14568 14567
14568 14570 14571
14572 14571 14570
14571 14572 14573
14574 14573 14572
14573 14574 14575
14576 14575 14574
14575 14576 14577
14576 14578 14577
14578 14576 14579
14579 14580 14578
14580 14579 14581
14581 14582 14580
14582 14581 14583
14583 14584 14582
14584 14583 14585
14585 14586 14584
14586 14585 14587
14588 14589 14590
14589 14588 14591
14590 14592 14588
14592 14590 14593
14593 14594 14592
14594 14593 14595
14595 14596 14594
14596 14595 14597
14598 14599 14600
14601 14600 14599
14600 14601 14602
14599 14603 14601
14603 14599 14604
14598 14604 14599
14604 14598 14605
14606 14605 14598
14605 14606 14607
14608 14607 14606
14607 14608 14609
14610 14609 14608
14609 14610 14611
14612 14611 14610
14611 14612 14613
14614 14613 14612
14613 14614 14615
14616 14615 14614
14615 14616 14617
14618 14617 14616
14617 14618 14619
14620 14619 14618
14619 14620 14621
14620 14622 14621
14622 14620 14623
14623 14624 14622
14624 14623 14625
14625 14626 14624
14626 14625 14627
14627 14628 14626
14628 14627 14629
14629 14630 14628
14630 14629 14631
14631 14632 14630
14632 14631 14633
14634 14633 14631
14634 14635 14633
14635 14634 14636
14633 14635 14637
14633 14637 14632
14635 14638 14637
14639 14638 14635
14639 14635 14636
14638 14639 14640
14639 14641 14640
14639 14642 14641
14642 14643 14641
14643 14642 14644
14645 14644 14642
14645 14642 14639
14644 14645 14646
14647 14648 14649
14648 14647 14650
14651 14649 14648
14649 14651 14652
14653 14652 14651
14652 14653 14654
14655 14654 14653
14654 14655 14656
14657 14656 14655
14656 14657 14658
14659 14658 14657
14658 14659 14660
14659 14661 14660
14661 14659 14662
14662 14663 14661
14663 14662 14664
14664 14665 14663
14665 14664 14666
14666 14667 14665
14667 14666 14668
14668 14669 14667
14669 14668 14670
14670 14671 14669
14671 14670 14672
14672 14673 14671
14673 14672 14674
14674 14675 14673
14675 14674 14676
14676 14677 14675
14677 14676 14678
14678 14679 14677
14679 14678 14680
14681 14679 14680
14679 14681 14682
14681 14683 14682
14683 14681 14684
14684 14685 14683
14685 14684 14686
14687 14685 14686
14685 14687 14688
14689 14650 14647
14650 14689 14690
13871 13854 13848
13865 13854 13871
14691 14692 14693
14692 14691 14694
14691 14695 14694
14695 14691 14696
14696 14697 14695
14697 14696 14698
14698 14699 14697
14699 14698 14700
14701 14699 14700
14699 14701 14702
14703 14702 14701
14702 14703 14704
14703 14705 14704
14705 14703 14706
14706 14707 14705
14707 14706 14708
14709 14710 14711
14711 14712 14709
14712 14711 14713
14713 14714 14712
14714 14713 14715
14715 14716 14714
14716 14715 14717
14717 14715 14718
14718 14719 14717
14719 14718 14720
14721 14719 14720
14719 14721 14722
14723 14722 14721
14722 14724 14719
14717 14724 14716
14724 14717 14719
14724 14722 14725
14723 14725 14722
14725 14723 14726
14727 14726 14723
14726 14727 14728
14729 14728 14727
14728 14729 14730
14731 14730 14729
14732 14733 14734
14733 14732 14735
14735 14736 14733
14736 14735 14737
14737 14738 14736
14738 14737 14739
14740 14738 14739
14738 14740 14741
14742 14741 14740
14741 14742 14743
14742 14744 14743
14744 14742 14745
14745 14746 14744
14746 14745 14747
14748 14746 14747
14746 14748 14749
14750 14749 14748
14749 14750 14751
14752 14751 14750
14751 14752 14753
13948 13929 13936
13929 13948 13930
14754 14755 14756
14756 14757 14754
14755 14758 14756
14758 14755 14759
14758 14759 14760
14761 14760 14759
14762 14761 14759
14763 14761 14762
14763 14762 14764
14763 14764 14765
14757 14766 14754
14757 14767 14766
14767 14768 14766
14767 14769 14768
14767 14770 14769
14770 14767 14771
14771 14772 14770
14773 14770 14772
14770 14773 14774
14769 14770 14774
14772 14775 14773
14775 14776 14773
14776 14775 14777
14778 14776 14777
14777 14779 14778
14779 14777 14780
14779 14780 14781
14780 14782 14781
14777 14782 14780
14782 14777 14775
14783 14784 14785
14784 14783 14786
14785 14787 14783
14788 14785 14784
14789 14788 14784
14788 14789 14790
14789 14791 14790
14790 14792 14788
14792 14790 14793
14792 14793 14794
14793 14795 14794
14790 14795 14793
14795 14790 14791
14783 14796 14786
14783 14797 14796
14797 14783 14787
14796 14797 14798
14799 14798 14797
14798 14799 14800
14800 14799 14801
14801 14802 14800
14801 14803 14802
14804 14802 14803
14802 14804 14805
14805 14804 14806
14807 14808 14809
14810 14808 14807
14810 14811 14808
14812 14808 14811
14813 14812 14811
14812 14813 14814
14815 14814 14813
14814 14815 14816
14817 14816 14815
14816 14817 14818
14808 14812 14819
14809 14808 14819
14820 14818 14817
14818 14820 14821
14811 14810 14822
14811 14823 14813
14823 14811 14822
14824 14813 14823
14813 14824 14815
14825 14815 14824
14815 14825 14817
14826 14817 14825
14817 14826 14820
14820 14827 14821
14821 14827 14828
14829 14827 14820
14829 14820 14826
14827 14829 14830
14829 14826 14831
14832 14823 14822
14810 14832 14822
14832 14810 14833
14833 14834 14832
14834 14835 14832
14823 14832 14835
14835 14824 14823
14835 14834 14836
14836 14837 14835
14824 14835 14837
14837 14825 14824
14837 14836 14838
14838 14839 14837
14825 14837 14839
14839 14826 14825
14839 14838 14840
14834 14833 14841
14840 14842 14839
14842 14840 14843
14826 14839 14842
14842 14843 14844
14843 14845 14844
14846 14842 14844
14844 14847 14846
14846 14848 14842
14846 14849 14848
14850 14841 14833
14851 14850 14833
14850 14851 14852
14810 14851 14833
14853 14850 14852
14852 14854 14853
14854 14855 14853
14854 14856 14855
14856 14857 14855
14857 14856 14858
14857 14858 14859
14858 14860 14859
14860 14861 14859
14861 14860 14862
14860 14863 14862
14864 14865 14866
14865 14864 14809
14864 14807 14809
14865 14867 14866
14866 14867 14868
14867 14869 14868
14869 14870 14868
14869 14871 14870
14870 14871 14872
14871 14873 14872
14873 14874 14872
14872 14874 14875
14876 14877 14878
14877 14876 14879
14879 14880 14877
14880 14879 14881
14881 14882 14880
14882 14881 14883
14878 14884 14876
14884 14878 14885
14885 14886 14884
14886 14885 14887
14887 14888 14886
14888 14887 14889
14890 14891 14892
14891 14890 14893
14893 14894 14891
14894 14893 14895
14895 14896 14894
14896 14895 14897
14897 14898 14896
14898 14897 14899
14899 14900 14898
14900 14899 14901
14901 14902 14900
14902 14901 14903
14904 14902 14903
14902 14904 14905
14906 14907 14908
14907 14906 14909
14909 14906 14910
14910 14906 14911
14912 14913 14914
14913 14912 14915
14912 14916 14915
14916 14912 14917
14918 14916 14917
14916 14918 14919
14920 14919 14918
14919 14920 14921
14922 14921 14920
14921 14922 14923
14924 14925 14926
14925 14924 14927
14928 14927 14924
14927 14928 14929
14930 14926 14925
14926 14930 14931
14932 14929 14928
14929 14932 14933
14934 14935 14936
14935 14934 14937
14938 14935 14937
14935 14938 14939
14939 14938 14940
14940 14938 14941
14941 14942 14940
14942 14941 14943
14941 14938 14944
14945 14946 14947
14946 14945 14948
14949 14947 14946
14947 14949 14950
14949 14951 14950
14951 14949 14952
14952 14953 14951
14953 14952 14954
14954 14955 14953
14955 14954 14956
14956 14957 14955
14957 14956 14958
14958 14959 14957
14959 14958 14960
14945 14961 14948
14962 14959 14960
14959 14962 14963
14964 14961 14965
14961 14964 14966
14961 14945 14965
14964 14967 14966
14967 14964 14968
14968 14969 14967
14969 14968 14970
14971 14972 14973
14972 14974 14973
14974 14972 14975
14975 14976 14974
14976 14975 14977
14977 14978 14976
14978 14977 14979
14979 14980 14978
14980 14979 14981
14981 14982 14980
14982 14981 14983
14983 14984 14982
14984 14983 14985
14986 14987 14988
14987 14986 14989
14990 14991 14992
14991 14990 14993
14994 14995 14996
14995 14997 14996
14998 14997 14995
14998 14999 14997
15000 14999 14998
15001 14999 15000
15002 15001 15000
15000 15003 15002
15000 15004 15003
15005 15006 15007
15006 15005 15008
15006 15009 15007
15010 15008 15005
15008 15010 15011
15012 15011 15010
15011 15012 15013
15011 15013 15014
15015 15013 15012
15013 15015 15016
15016 15014 15013
15017 15014 15016
15018 15016 15015
15016 15019 15017
15018 15019 15016
15017 15019 15020
15021 15019 15018
15022 15020 15019
15022 15019 15021
15023 15020 15022
15022 15024 15023
15023 15024 15025
15026 15022 15021
15024 15022 15026
15024 15026 15027
15028 15024 15027
15024 15028 15029
15025 15024 15029
15030 15031 15032
15031 15030 15033
15034 15030 15032
15030 15034 15035
15036 15037 15038
15037 15036 15039
15038 15040 15036
15040 15038 15041
15039 15042 15037
15042 15039 15043
15044 15045 15046
15045 15044 15047
15048 15046 15045
15046 15048 15049
15048 15050 15049
15050 15048 15051
15052 15050 15051
15050 15052 15053
15054 15055 15056
15055 15054 15057
15054 15058 15057
15058 15054 15059
15060 15056 15055
15056 15060 15061
15062 15061 15060
15061 15062 15063
15064 15063 15062
15063 15064 15065
15066 15065 15064
15065 15066 15067
15068 15067 15066
15067 15068 15069
15068 15070 15069
15070 15068 15071
15072 15073 15074
15073 15072 15075
15076 15075 15072
15075 15076 15077
15078 15077 15076
15077 15078 15079
15080 15079 15078
15079 15080 15081
15082 15081 15080
15081 15082 15083
15084 15074 15073
15074 15084 15085
15086 15087 15088
15087 15086 15089
15090 15088 15087
15088 15090 15091
15092 15089 15086
15089 15092 15093
15094 15093 15092
15093 15094 15095
15096 15097 15098
15097 15096 15099
15098 15100 15096
15100 15098 15101
15099 15102 15097
15102 15099 15103
15104 15105 15106
15107 15104 15106
15106 15105 15108
15109 15108 15105
15110 15108 15109
15109 15111 15110
15112 15111 15109
15112 15113 15111
15107 15114 15104
15112 15115 15113
15115 15116 15113
15114 15117 15104
15118 15116 15115
15119 15118 15115
15120 15121 15122
15121 15120 15123
15123 15124 15121
15124 15123 15125
15126 15120 15122
15120 15126 15127
15128 15124 15125
15124 15128 15129
15130 15129 15128
15129 15130 15131
15130 15132 15131
15132 15130 15133
15134 15135 15136
15135 15134 15137
15138 15136 15135
15136 15138 15139
15140 15137 15134
15137 15140 15141
15142 15143 15144
15143 15142 15145
15146 15143 15145
15143 15146 15147
15148 15147 15146
15147 15148 15149
15150 15149 15148
15149 15150 15151
15150 15152 15151
15152 15150 15153
15154 15155 15156
15155 15154 15157
15158 15155 15157
15158 15159 15155
15160 15161 15162
15163 15161 15160
15161 15163 15164
15165 15166 15167
15166 15165 15168
15169 15170 15171
15170 15169 15172
15173 15174 15175
15174 15173 15176
15177 15175 15174
15175 15177 15178
15179 15180 15181
15182 15181 15180
15181 15182 15183
15182 15184 15183
15184 15182 15185
15185 15186 15184
15186 15185 15187
15187 15188 15186
15189 15190 15191
15189 15192 15190
15192 15189 15193
15194 15195 15196
15195 15194 15197
15198 15199 15200
15199 15198 15201
15202 15203 15204
15203 15202 15205
15205 15206 15203
15206 15205 15207
15208 15209 15210
15208 15211 15209
15212 15211 15208
15209 15211 15213
15214 15215 15216
15215 15214 15217
15218 15219 15220
15219 15218 15221
15222 15223 15224
15223 15222 15225
15224 15226 15222
15226 15224 15227
15228 15226 15227
15229 15226 15228
15229 15230 15231
15230 15229 15232
15233 15234 15235
15234 15233 15236
15235 15237 15233
15235 15238 15237
15239 15237 15238
15237 15239 15240
15241 15240 15239
15240 15241 15242
15243 15244 15245
15246 15247 15248
15249 15250 15251
15250 15249 15252
15253 15251 15250
15251 15253 15254
15249 15255 15252
15255 15249 15256
15256 15257 15255
15257 15256 15258
15259 15260 15261
15260 15259 15262
15261 15263 15259
15263 15261 15264
15265 15266 15267
15266 15265 15268
15268 15265 15269
15268 15269 15270
15271 15272 15273
15272 15271 15274
15275 15271 15273
15271 15275 15276
15276 15275 15277
15277 15278 15276
15279 15280 15281
15280 15282 15281
15282 15280 15283
15283 15284 15282
15285 15284 15283
15285 15286 15284
15287 15286 15285
15287 15288 15286
15288 15289 15286
15288 15290 15289
15289 15290 15291
15290 15292 15291
15292 15290 15293
15294 15292 15293
15295 15296 15297
15296 15295 15298
15299 15300 15301
15300 15299 15302
15303 15304 15305
15304 15303 15306
15307 15308 15309
15308 15307 15310
15308 15311 15309
15311 15308 15312
15313 15314 15315
15314 15313 15316
15317 15318 15319
15318 15317 15320
15321 15322 15323
15322 15321 15324
15325 15326 15327
15325 15327 15328
15329 15325 15328
15329 15328 15330
15330 15328 15331
15327 15326 15332
15333 15332 15326
15332 15333 15334
15334 15333 15335
15330 15331 15336
15336 15331 15337
15338 15336 15337
15336 15338 15339
15340 15339 15338
15341 15342 15343
15342 15341 15344
15345 15346 15347
15346 15345 15348
15349 15350 15351
15350 15349 15352
15353 15354 15355
15354 15353 15356
15357 15353 15355
15353 15357 15358
15359 15360 15361
15360 15359 15362
15363 15364 15365
15364 15363 15366
15367 15368 15369
15368 15367 15370
14310 14292 14297
15371 15372 15373
15372 15371 15374
15375 15372 15374
15372 15375 15376
15377 15371 15373
15371 15377 15378
15377 15379 15378
15379 15377 15380
15380 15381 15379
15382 15376 15375
15376 15382 15383
15384 15385 15386
15385 15384 15387
15388 15387 15384
15387 15388 15389
15385 15390 15386
15390 15385 15391
15391 15392 15390
15392 15391 15393
15393 15394 15392
15394 15393 15395
15395 15396 15394
15397 15395 15393
15389 15388 15398
15399 15389 15398
15400 15399 15398
15399 15401 15389
15402 15403 15404
15403 15402 15405
15406 15405 15402
15405 15406 15407
15408 15407 15406
15407 15408 15409
15403 15410 15404
15410 15403 15411
15411 15412 15410
15412 15411 15413
15413 15414 15412
15414 15413 15415
15416 15414 15415
15414 15416 15417
15408 15418 15409
15418 15408 15419
15420 15421 15422
15421 15423 15422
15423 15421 15424
15424 15425 15423
15425 15424 15426
15427 15425 15426
15425 15427 15428
15427 15429 15428
15430 15431 15432
15431 15430 15433
15430 15434 15433
15434 15430 15435
15435 15436 15434
15436 15435 15437
15437 15438 15436
15438 15437 15439
15439 15440 15438
15440 15439 15441
15441 15442 15440
15442 15441 15443
15443 15444 15442
15444 15443 15445
15445 15446 15444
15446 15445 15447
15448 15446 15447
15446 15448 15449
15450 15451 15452
15451 15450 15453
15454 15452 15451
15452 15454 15455
15432 15455 15454
15455 15432 15431
15456 15457 15458
15457 15456 15459
15460 15459 15456
15459 15460 15461
15462 15461 15460
15461 15462 15463
15462 15464 15463
15464 15462 15465
15465 15466 15464
15466 15465 15467
15467 15468 15466
15468 15467 15469
15469 15470 15468
15470 15469 15471
15471 15472 15470
15472 15471 15473
15473 15474 15472
15474 15473 15475
15475 15476 15474
15476 15475 15477
15478 15479 15480
15479 15478 15481
15458 15480 15479
15480 15458 15457
15482 15483 15484
15483 15482 15485
15486 15485 15482
15485 15486 15487
15488 15487 15486
15487 15488 15489
15490 15489 15488
15489 15490 15491
15483 15492 15484
15492 15483 15493
15494 15495 15492
15495 15494 15496
15496 15497 15495
15497 15496 15498
15499 15500 15497
15500 15499 15501
15501 15502 15500
15502 15501 15503
15503 15504 15502
15504 15503 15505
15505 15506 15504
15506 15505 15507
15507 15508 15506
15508 15507 15509
15510 15511 15512
15511 15510 15513
15514 15510 15512
15510 15514 15515
15514 15516 15515
15516 15514 15517
15517 15518 15516
15518 15517 15519
15520 15518 15519
15518 15520 15521
15522 15521 15520
15521 15522 15523
15522 15524 15523
15524 15522 15525
15525 15526 15524
15526 15525 15527
15527 15528 15526
15528 15527 15529
15530 15528 15529
15528 15530 15531
15532 15531 15530
15531 15532 15533
15534 15533 15532
15533 15534 15535
15536 15537 15538
15537 15536 15539
15540 15537 15539
15537 15540 15541
15540 15542 15541
15542 15540 15543
15543 15544 15542
15544 15543 15545
15536 15538 15546
15544 15545 15547
15548 15547 15545
15547 15548 15549
15548 15550 15549
15550 15548 15551
15551 15552 15550
15552 15551 15553
15551 15554 15553
15554 15551 15555
15556 15554 15555
15554 15556 15557
15558 15546 15559
15559 15560 15558
15560 15559 15561
15560 15561 15562
15562 15563 15560
15563 15562 15564
15564 15565 15563
15565 15564 15566
15546 15558 15536
15546 15538 15567
15568 15569 15570
15569 15568 15571
15570 15572 15568
15572 15570 15573
15573 15574 15572
15574 15573 15575
15576 15574 15575
15574 15576 15577
15576 15578 15577
15578 15576 15579
15579 15580 15578
15580 15579 15581
15581 15582 15580
15582 15581 15583
15583 15584 15582
15584 15583 15585
15585 15586 15584
15586 15585 15587
15588 15589 15590
15589 15588 15591
15588 15592 15591
15592 15588 15593
15569 15592 15593
15592 15569 15571
15594 15595 15596
15595 15594 15597
15598 15597 15594
15597 15598 15599
15600 15599 15598
15599 15600 15601
15602 15601 15600
15601 15602 15603
15604 15597 15599
15601 15604 15599
15597 15604 15605
15605 15595 15597
15595 15605 15606
15607 15606 15605
15606 15607 15608
15608 15609 15606
15609 15608 15610
15611 15609 15610
15609 15611 15612
15613 15612 15611
15612 15613 15614
15615 15614 15613
15614 15615 15616
15617 15616 15615
15616 15617 15618
15619 15618 15617
15618 15619 15620
15619 15621 15620
15616 15622 15614
15622 15616 15623
15618 15623 15616
15614 15624 15612
15624 15614 15622
15624 15609 15612
15609 15624 15625
15623 15618 15626
15627 15623 15626
15623 15627 15628
15629 15620 15621
15620 15629 15630
15618 15630 15626
15630 15618 15620
15631 15630 15629
15629 15632 15631
15632 15629 15633
15621 15633 15629
15630 15631 15634
15634 15626 15630
15626 15634 15627
15633 15621 15635
15621 15636 15635
15637 15624 15622
15624 15637 15638
15638 15625 15624
15639 15623 15628
15623 15639 15622
15635 15636 15640
15636 15641 15640
15642 15641 15636
15642 15643 15641
15640 15641 15644
15642 15636 15621
15621 15645 15642
15645 15643 15642
15646 15643 15645
15646 15647 15643
15646 15648 15647
15649 15648 15646
15646 15617 15649
15615 15649 15617
15649 15615 15650
15650 15651 15649
15649 15651 15648
15651 15650 15652
15653 15652 15650
15652 15653 15654
15655 15654 15653
15654 15655 15656
15657 15656 15655
15656 15657 15658
15657 15659 15658
15659 15657 15660
15660 15661 15659
15661 15660 15662
15608 15662 15660
15662 15608 15607
15607 15663 15662
15663 15661 15662
15663 15664 15661
15663 15607 15665
15605 15665 15607
15665 15605 15604
15666 15665 15604
15666 15663 15665
15666 15667 15663
15666 15668 15667
15660 15610 15608
15610 15660 15657
15655 15610 15657
15610 15655 15611
15653 15611 15655
15611 15653 15613
15650 15613 15653
15613 15650 15615
15663 15669 15664
15667 15669 15663
15670 15668 15666
15671 15670 15666
15666 15604 15671
15604 15601 15671
15601 15672 15671
15672 15670 15671
15672 15601 15603
15673 15668 15670
15673 15670 15672
15673 15674 15668
15606 15625 15595
15625 15606 15609
15625 15596 15595
15596 15625 15675
15625 15638 15676
15677 15651 15678
15648 15651 15677
15651 15679 15678
15651 15652 15679
15679 15652 15680
15652 15681 15680
15652 15654 15681
15681 15654 15682
15654 15683 15682
15654 15656 15683
15683 15656 15684
15656 15685 15684
15656 15658 15685
15685 15658 15686
15658 15687 15686
15659 15687 15658
15688 15687 15659
15659 15689 15688
15659 15661 15689
15689 15661 15690
15661 15691 15690
15661 15664 15691
15692 15693 15694
15695 15693 15692
15695 15696 15693
15692 15694 15697
15697 15694 15698
15697 15698 15699
15698 15700 15699
15700 15701 15699
15701 15700 15702
15701 15702 15703
15703 15702 15704
15703 15704 15705
15705 15704 15706
15705 15706 15707
15707 15706 15708
15706 15709 15708
15708 15709 15710
15709 15711 15710
15710 15711 15712
15711 15713 15712
15714 15712 15713
15712 15714 15715
15715 15714 15716
15714 15717 15716
15716 15717 15718
15717 15719 15718
15718 15719 15720
15719 15721 15720
15720 15721 15722
15721 15723 15722
15722 15723 15724
15723 15725 15724
15726 15724 15725
15724 15726 15727
15727 15726 15728
15727 15728 15729
15729 15728 15730
15728 15731 15730
15732 15733 15696
15734 15733 15732
15734 15735 15733
15736 15735 15734
15736 15737 15735
15738 15737 15736
15738 15739 15737
15740 15739 15738
15740 15741 15739
15732 15696 15695
15617 15646 15619
15619 15646 15645
15619 15645 15621
15742 15743 15744
15743 15742 15745
15744 15746 15742
15746 15744 15747
15747 15748 15746
15748 15747 15749
15749 15750 15748
15750 15749 15751
15751 15752 15750
15752 15751 15753
15754 15752 15753
15752 15754 15755
15756 15755 15754
15755 15756 15757
15758 15757 15756
15757 15758 15759
15760 15759 15758
15759 15760 15761
15762 15761 15760
15761 15762 15763
15764 15763 15762
15763 15764 15765
15766 15765 15764
15765 15766 15767
15768 15767 15766
15767 15768 15769
15770 15769 15768
15769 15770 15771
15772 15771 15770
15771 15772 15773
15774 15773 15772
15773 15774 15775
15776 15775 15774
15775 15776 15777
15776 15778 15777
15778 15776 15779
15780 15781 15782
15781 15780 15783
15783 15784 15781
15784 15783 15785
15785 15786 15784
15786 15785 15787
15787 15788 15786
15788 15787 15789
15789 15790 15788
15790 15789 15791
15791 15792 15790
15792 15791 15793
15794 15792 15793
15792 15794 15795
15796 15795 15794
15795 15796 15797
15798 15797 15796
15797 15798 15799
15800 15799 15798
15799 15800 15801
15802 15801 15800
15801 15802 15803
15804 15803 15802
15803 15804 15805
15806 15805 15804
15805 15806 15807
15808 15807 15806
15807 15808 15809
15810 15809 15808
15809 15810 15811
15810 15812 15811
15812 15810 15813
15813 15814 15812
15814 15813 15815
15815 15816 15814
15816 15815 15817
15818 15819 15820
15819 15818 15821
15821 15822 15819
15822 15821 15823
15823 15824 15822
15824 15823 15825
15825 15826 15824
15826 15825 15827
15820 15745 15818
15745 15820 15743
15827 15828 15826
15828 15827 15829
15830 15831 15832
15831 15830 15833
15834 15833 15830
15833 15834 15835
15836 15835 15834
15835 15836 15837
15838 15837 15836
15837 15838 15839
15840 15839 15838
15839 15840 15841
15831 15782 15832
15782 15831 15780
15842 15843 15844
15845 15842 15844
15844 15846 15845
15846 15844 15847
15848 15846 15847
15846 15848 15849
15848 15850 15849
15850 15848 15851
15851 15852 15850
15852 15851 15853
15853 15854 15852
15854 15853 15855
15855 15856 15854
15856 15855 15857
15857 15858 15856
15858 15857 15859
15860 15858 15859
15858 15860 15861
15861 15860 15862
15863 15861 15862
15864 15865 15866
15867 15866 15865
15866 15867 15868
15867 15869 15868
15869 15867 15870
15871 15869 15870
15869 15871 15872
15871 15873 15872
15873 15871 15874
15875 15873 15874
15873 15875 15876
15877 15876 15875
15876 15877 15878
15879 15878 15877
15878 15879 15880
15879 15881 15880
15881 15879 15882
15882 15883 15881
15882 15884 15883
15885 15886 15887
15886 15888 15887
15888 15889 15887
15890 15885 15887
15889 15891 15887
15891 15892 15887
15893 15890 15887
15894 15893 15887
15892 15895 15887
15895 15896 15887
15887 15896 15897
15887 15897 15894
15898 15899 15900
15899 15898 15901
15901 15902 15899
15902 15901 15903
15903 15904 15902
15904 15903 15905
15900 15906 15898
15906 15900 15907
15908 15904 15905
15904 15908 15909
15910 15909 15908
15909 15910 15911
15907 15912 15906
15912 15907 15913
15912 15913 15914
15915 15911 15910
15911 15915 15916
15917 15916 15915
15910 15918 15915
15917 15915 15918
15917 15918 15919
15917 15919 15920
15918 15910 15921
15908 15921 15910
15921 15908 15922
15922 15923 15921
15918 15921 15923
15923 15922 15924
15925 15924 15922
15924 15925 15926
15925 15927 15926
15927 15925 15928
15928 15929 15927
15929 15928 15930
15930 15931 15929
15931 15930 15932
15932 15933 15931
15933 15932 15934
15922 15905 15925
15905 15928 15925
15905 15922 15908
15928 15905 15903
15903 15930 15928
15930 15903 15901
15901 15932 15930
15932 15901 15898
15898 15934 15932
15934 15898 15906
15906 15935 15934
15935 15906 15912
15929 15936 15927
15931 15937 15929
15933 15938 15931
15934 15939 15933
15935 15940 15939
15935 15941 15940
15935 15942 15941
15912 15942 15935
15934 15935 15939
15939 15943 15933
15943 15944 15933
15933 15944 15938
15938 15945 15931
15931 15945 15937
15937 15946 15929
15929 15946 15936
15936 15947 15927
15927 15947 15948
15942 15949 15941
15949 15950 15941
15949 15951 15950
15949 15914 15951
15914 15949 15942
15914 15952 15951
15952 15953 15951
15951 15953 15950
15953 15954 15950
15912 15914 15942
15927 15948 15926
15948 15955 15926
15926 15955 15956
15924 15926 15956
15957 15924 15956
15924 15957 15958
15924 15958 15923
15958 15959 15923
15923 15959 15960
15923 15960 15961
15918 15923 15961
15918 15961 15962
15919 15918 15962
15963 15917 15964
15964 15917 15920
15965 15963 15964
15966 15964 15920
15966 15965 15964
15966 15920 15967
15917 15963 15916
15968 15969 15970
15968 15971 15969
15969 15971 15972
15971 15973 15972
15973 15974 15972
15973 15975 15974
15974 15975 15976
15975 15977 15976
15977 15978 15976
15977 15979 15978
15978 15979 15980
15979 15981 15980
15981 15982 15980
15982 15983 15980
15983 15982 15984
15983 15984 15985
15984 15986 15985
15986 15987 15985
15986 15988 15987
15988 15986 15989
15989 15990 15988
15990 15991 15988
15991 15990 15992
15991 15992 15993
15992 15994 15993
15994 15995 15993
15995 15994 15996
15995 15996 15997
15996 15998 15997
15998 15999 15997
15998 16000 15999
16000 15998 16001
16000 16001 16002
16001 16003 16002
16002 16003 16004
16002 16004 16005
16006 16007 16008
16009 16006 16008
16010 16009 16008
16011 16009 16010
16011 16010 16012
16013 16011 16012
16014 16013 16012
16006 16015 16007
16007 16015 15970
16015 15968 15970
16016 16013 16014
16016 16014 16017
12575 16018 16019
12575 16019 12563
16019 16020 12563
16018 16021 16019
16018 16022 16021
16019 16021 16023
16020 16019 16023
16020 12559 12563
16023 16021 16024
16021 16025 16024
16022 16025 16021
16022 16026 16025
16025 16027 16024
16025 16028 16027
16026 16028 16025
16028 16026 16029
16029 16026 16030
16030 16026 16031
16031 16026 16022
16032 16031 16022
16031 16033 16030
16031 16034 16033
16034 16031 16035
16035 16031 16032
16030 16033 16036
16034 16036 16033
16034 16037 16036
16028 16029 16038
16028 16038 16039
16027 16028 16039
16038 16040 16039
16039 16040 16041
16042 16029 16030
16043 16042 16030
16035 16032 16044
16045 16035 16044
16045 16034 16035
16037 16034 16045
16046 16037 16045
16047 16045 16044
16047 16044 16048
16049 16045 16047
16045 16049 16046
16047 12594 16049
16049 16050 16046
16049 12594 16050
12594 16051 16050
12594 12602 16051
12594 16047 12592
12592 16047 12591
12591 16047 16048
16044 12576 16048
12583 12591 16048
12583 16048 12581
12581 16048 12574
16048 12576 12574
16044 16032 12576
12576 16032 16018
12576 16018 12575
16032 16022 16018
12645 16052 16053
16054 16053 16052
16053 16054 16055
16055 16054 16056
12645 16053 12642
16057 16058 16059
12629 16057 16059
16059 16058 16060
16061 16060 16058
16062 16060 16061
16061 16063 16062
16064 16063 16061
16064 16065 16063
12629 12631 16057
16064 12604 16065
12604 12605 16065
12631 12643 16057
16066 12628 12629
12628 16066 16067
16066 12613 16067
16067 12612 12628
12612 12617 12628
12612 16067 12611
16067 12609 12611
12609 16067 12613
12402 12653 12400
12652 12651 12621
12650 12621 12651
12650 12622 12621
12635 12622 12650
12621 12620 12652
16043 16068 16069
16043 16030 16068
16068 16030 16036
16070 16071 16072
16073 16070 16072
16070 16073 16074
16073 16075 16074
16076 16074 16075
16077 16076 16075
16073 16078 16075
16078 16079 16075
16080 16081 16082
16081 16080 16083
16084 16080 16082
16085 16082 16081
16082 16085 16086
16086 16087 16082
16087 16088 16082
16088 16084 16082
16084 16088 16089
16088 16087 16090
16088 16090 16089
16089 16090 16091
16089 16091 16092
16092 16091 16093
16092 16093 16094
16094 16093 16095
16094 16095 16096
16096 16095 16097
16096 16097 16098
16098 16097 16099
16098 16099 16100
16099 16101 16100
16101 16102 16100
16102 16101 16103
16102 16103 16104
16103 16105 16104
16105 16106 16104
16106 16105 16107
16108 16106 16107
16108 16107 16109
16110 16108 16109
16110 16109 16111
16110 16111 16112
16112 16111 16113
16114 16112 16113
16114 16113 16115
16114 16115 16116
16116 16115 16117
16116 16117 16118
16118 16117 16119
16120 16121 16122
16121 16120 16123
16122 16124 16120
16124 16122 16125
16122 16121 16126
16125 16122 16127
16122 16128 16127
16122 16126 16128
16129 16127 16128
16126 16130 16128
16130 16129 16128
16130 16131 16129
16130 16132 16131
16132 16133 16131
16132 16134 16133
16134 16135 16133
16134 16136 16135
16136 16137 16135
16136 16138 16137
16138 16139 16137
16138 16140 16139
16139 16140 16141
16140 16142 16141
16142 16143 16141
16142 16144 16143
16143 16144 16145
16144 16146 16145
16147 16145 16146
16148 16147 16146
16149 16147 16148
16150 16149 16148
16150 16151 16149
16150 16152 16151
16152 16153 16151
16152 16154 16153
16154 16155 16153
16154 16156 16155
16156 16157 16155
16156 16158 16157
16158 16159 16157
16160 16161 16162
16161 16160 16163
16162 16164 16160
16164 16162 16165
16165 16166 16164
16166 16165 16167
16167 16168 16166
16168 16167 16169
16169 16170 16168
16170 16169 16171
16171 16172 16170
16172 16171 16173
16173 16174 16172
16174 16173 16175
16175 16176 16174
16176 16175 16177
16177 16178 16176
16178 16177 16179
16179 16180 16178
16180 16179 16181
16181 16182 16180
16182 16181 16183
16183 16184 16182
16184 16183 16185
16184 16185 16186
16184 16186 16187
16185 16188 16186
16189 16190 16187
16188 16191 16192
16193 16194 16195
16194 16193 16196
16196 16197 16194
16197 16196 16198
16198 16199 16197
16199 16198 16200
16200 16201 16199
16201 16200 16202
16202 16203 16201
16203 16202 16204
16204 16205 16203
16205 16204 16206
16206 16207 16205
16207 16206 16208
16208 16209 16207
16209 16208 16210
16210 16211 16209
16211 16210 16212
16212 16213 16211
16213 16212 16214
16214 16215 16213
16215 16214 16216
16216 16217 16215
16217 16216 16218
16219 16217 16218
16220 16219 16218
16221 16219 16220
16219 16222 16217
16223 16222 16219
16224 16225 16226
16226 16227 16224
16227 16226 16228
16229 16230 16231
16232 16229 16231
16232 16231 16233
16234 16235 16236
16235 16234 16237
16238 16239 16240
16241 16238 16240
16238 16241 16242
16243 16244 16245
16244 16243 16246
16247 16248 16249
16250 16251 16252
16251 16253 16252
16253 16251 16254
16250 16252 16255
16250 16255 16256
16257 16250 16256
16257 16256 16258
16259 16257 16258
16259 16258 16260
16260 16261 16259
16261 16260 16262
16262 16263 16261
16263 16262 16264
16263 16264 16265
16263 16265 16266
16265 16267 16266
16267 16265 16268
16269 16267 16268
16270 16269 16268
16268 16271 16270
16271 16272 16270
16272 16271 16273
16273 16274 16272
16274 16273 16275
16275 16276 16274
16276 16275 16277
16277 16278 16276
16278 16277 16279
16279 16280 16278
16280 16279 16281
16281 16282 16280
16282 16281 16283
16283 16284 16282
16284 16283 16285
16285 16286 16284
16286 16285 16287
16288 16286 16287
16288 16289 16286
16290 16289 16288
16289 16290 16291
16292 16291 16290
16291 16292 16293
16294 16293 16292
16293 16294 16295
16289 16296 16286
16297 16298 16299
16298 16297 16300
16301 16302 16303
16302 16301 16304
16305 16303 16302
16303 16305 16306
16307 16304 16301
16304 16307 16308
16305 16309 16306
16309 16305 16310
16308 16307 16311
16307 16312 16311
16312 16313 16311
16313 16314 16311
16315 16316 16317
16316 16318 16317
16316 16319 16318
16320 16319 16316
16319 16320 16321
16322 16321 16320
16323 16322 16320
16323 16320 16324
16325 16326 16327
16326 16325 16328
16328 16329 16326
16329 16328 16330
16327 16331 16325
16331 16327 16332
16332 16333 16331
16333 16332 16334
16335 16333 16334
16333 16335 16336
16337 16336 16335
16336 16337 16338
16337 16339 16338
16339 16337 16340
16340 16341 16339
16341 16340 16342
16342 16343 16341
16343 16342 16344
16344 16345 16343
16346 16347 16348
16347 16346 16349
16350 16348 16347
16348 16350 16351
16352 16351 16350
16351 16352 16353
16354 16353 16352
16353 16354 16355
16356 16355 16354
16355 16356 16357
16358 16357 16356
16357 16358 16359
16360 16359 16358
16359 16360 16361
16346 16362 16349
16363 16361 16360
16364 16363 16360
16363 16365 16361
16363 16366 16365
16366 16363 16367
16368 16366 16367
16366 16368 16369
16369 16368 16370
16369 16370 16371
16368 16372 16370
16372 16373 16370
16374 16371 16370
16374 16370 16375
16375 16376 16374
16376 16375 16377
16378 16362 16379
16362 16378 16380
16381 16380 16378
16380 16381 16382
16383 16382 16381
16382 16383 16384
16362 16346 16379
16385 16384 16383
16384 16385 16386
16387 16386 16385
16386 16387 16388
16387 16389 16388
16389 16387 16390
16391 16392 16393
16392 16391 16394
16393 16395 16391
16395 16396 16391
16393 16397 16395
16397 16398 16395
16398 16397 16399
16400 16398 16399
16398 16400 16401
16402 16403 16404
16405 16406 16407
16406 16405 16408
16409 16410 16411
16409 16412 16410
16409 16413 16412
16413 16409 16414
16413 16414 16415
16416 16417 16418
16419 16418 16417
16417 16420 16419
16420 16417 16421
16416 16421 16417
16421 16422 16420
16422 16421 16423
16416 16423 16421
16416 16424 16423
16422 16423 16424
16418 16419 16425
16425 16426 16418
16426 16416 16418
16426 16425 16427
16428 16426 16427
16426 16428 16429
16416 16426 16430
16429 16430 16426
16431 16422 16424
16430 16429 16432
16433 16430 16432
16432 16434 16433
16433 16424 16416
16430 16433 16416
16434 16432 16435
16435 16436 16434
16437 16436 16435
16435 16438 16437
16438 16435 16439
16432 16439 16435
16439 16432 16429
16439 16440 16438
16440 16439 16441
16429 16441 16439
16441 16429 16428
16442 16438 16440
16438 16442 16443
16438 16443 16437
16444 16443 16442
16443 16444 16445
16446 16437 16443
16437 16446 16436
16443 16445 16446
16447 16448 16449
16450 16447 16449
16450 16449 16451
16452 16451 16449
16453 16451 16452
16449 16454 16452
16454 16449 16448
16455 16447 16450
16455 16456 16447
16455 16457 16456
16457 16455 16458
16458 16459 16457
16459 16458 16460
16461 16447 16456
16456 16462 16461
16462 16456 16457
16447 16463 16448
16461 16463 16447
16457 16464 16462
16464 16457 16459
16459 16465 16464
16465 16459 16466
16460 16466 16459
16465 16466 16467
16468 16467 16466
16466 16460 16468
16467 16468 16469
14116 14113 16470
14113 14105 16470
14093 16470 14105
16470 14093 14091
14088 14116 16470
14116 14088 14087
14089 16470 14091
16470 14089 14088
14087 14117 14116
14117 14087 14086
14086 14119 14117
14119 14086 14085
14085 14121 14119
14121 14085 14084
14084 13779 14121
14047 14018 14050
14018 14047 14009
14019 14050 14018
14050 14019 14052
16471 16472 16473
16471 16474 16472
16474 16471 16475
16471 16476 16475
16471 16473 16477
16473 16478 16477
16471 16477 16479
16478 16480 16477
16481 16480 16478
16482 16481 16478
16481 16482 16483
16484 16483 16482
16485 16484 16482
16486 16484 16485
16484 16486 16487
16488 16487 16486
16488 16486 16489
16490 16491 16492
16491 16490 16493
16494 16492 16491
16492 16494 16495
16496 16495 16494
16495 16496 16497
16492 16498 16490
16498 16492 16499
16495 16499 16492
16499 16495 16500
16497 16500 16495
16500 16497 16501
16502 16501 16497
16501 16502 16503
16499 16504 16498
16504 16499 16505
16500 16505 16499
16505 16500 16506
16501 16506 16500
16506 16501 16507
16503 16507 16501
16507 16503 16508
16509 16508 16503
16508 16509 16510
16511 16497 16496
16497 16511 16502
16509 16512 16510
16503 16513 16509
16513 16503 16502
16502 16511 16513
16513 16511 16514
16511 16515 16514
16515 16516 16514
16515 16517 16516
16518 16513 16514
16518 16512 16509
16513 16518 16509
16519 16512 16518
16512 16519 16520
16520 16521 16512
16512 16521 16510
16519 16518 16522
16516 16522 16514
16514 16522 16518
16515 16511 16523
16515 16523 16524
16525 16524 16523
16524 16525 16526
16527 16526 16525
16526 16527 16528
16529 16528 16527
16528 16529 16530
16530 16531 16528
16531 16530 16532
16528 16533 16526
16533 16528 16531
16527 16493 16529
16493 16527 16491
16525 16491 16527
16491 16525 16494
16523 16494 16525
16494 16523 16496
16511 16496 16523
16526 16533 16534
16524 16526 16534
16533 16535 16534
16536 16524 16534
16537 16524 16536
16524 16537 16515
16515 16537 16538
16538 16517 16515
16539 16540 16541
16540 16539 16542
16541 16543 16539
16543 16541 16544
16544 16545 16543
16545 16544 16546
16546 16547 16545
16547 16546 16548
16548 16549 16547
16549 16548 16550
16540 16506 16541
16506 16540 16505
16505 16540 16551
16541 16507 16544
16507 16541 16506
16544 16508 16546
16508 16544 16507
16546 16510 16548
16510 16546 16508
16550 16552 16549
16521 16548 16510
16521 16550 16548
16550 16521 16520
16520 16552 16550
16553 16552 16520
16554 16553 16520
16520 16519 16554
16519 16555 16554
16555 16519 16556
16522 16556 16519
16557 16556 16522
16556 16557 16558
16556 16558 16555
16558 16559 16555
16522 16516 16557
16560 16555 16559
16555 16560 16561
16561 16554 16555
16560 16562 16561
16561 16562 16563
16554 16561 16563
16563 16562 16564
16553 16554 16564
16554 16563 16564
16560 16565 16562
16566 16567 16568
16567 16566 16569
16566 16570 16569
16570 16566 16571
16571 16572 16570
16572 16571 16573
16572 16573 16574
16572 16574 16575
16576 16577 16578
16577 16576 16579
16580 16581 16582
16581 16580 16583
16584 16581 16583
16581 16584 16585
16586 16585 16584
16585 16586 16587
16586 16588 16587
16588 16586 16589
16589 16590 16588
16590 16589 16591
16592 16590 16591
16590 16592 16593
16592 16594 16593
16594 16592 16595
16596 16594 16595
16597 16598 16599
16598 16597 16600
16601 16599 16598
16599 16601 16602
16601 16603 16602
16603 16601 16604
16605 16606 16607
16606 16605 16608
16542 16609 16610
16540 16542 16610
16540 16610 16551
16505 16551 16504
16611 16612 16613
16612 16611 16614
16613 16615 16611
16613 16616 16615
16616 16613 16617
16618 16616 16617
16619 16618 16617
16618 16619 16620
16621 16622 16623
16622 16624 16623
16624 16625 16623
16624 16626 16625
16625 16626 16627
16628 16625 16627
16629 16628 16627
16629 16630 16628
16629 16631 16630
16622 16621 16632
16621 16633 16632
16632 16633 16634
16633 16635 16634
16634 16635 16636
16637 16634 16636
16636 16638 16637
16639 16637 16638
16637 16639 16640
16637 16640 16641
16634 16637 16641
16640 16639 16642
16643 16642 16639
16642 16643 16644
16645 16644 16643
16646 16644 16645
16644 16646 16647
16646 16648 16647
16647 16648 16649
16649 16644 16647
16644 16649 16642
16650 16651 16652
16653 16652 16651
16651 16654 16653
16654 16655 16653
16655 16654 16656
16652 16653 16657
16656 16658 16655
16658 16656 16659
16652 16660 16650
16660 16652 16661
16661 16652 16657
16662 16660 16661
16662 16663 16660
16663 16662 16664
16663 16664 16665
16666 16664 16662
16664 16666 16667
16666 16668 16667
16667 16668 16669
16669 16664 16667
16664 16669 16665
16658 16659 16670
16659 16671 16670
16671 16659 16672
16672 16673 16671
16674 16675 16676
16675 16674 16677
16678 16676 16675
16676 16678 16679
16680 16679 16678
16679 16680 16681
16682 16677 16674
16677 16682 16683
16684 16683 16682
16683 16684 16685
16686 16685 16684
16685 16686 16687
16688 16689 16690
16689 16688 16691
16692 16691 16688
16691 16692 16693
16694 16693 16692
16693 16694 16695
16696 16695 16694
16695 16696 16697
16698 16697 16696
16697 16698 16699
16700 16699 16698
16699 16700 16701
16700 16702 16701
16702 16700 16703
16704 16705 16706
16705 16704 16707
16707 16708 16705
16708 16709 16705
16710 16711 16712
16711 16710 16713
16714 16710 16712
16710 16714 16715
16714 16716 16715
16716 16714 16717
16717 16718 16716
16718 16717 16719
16719 16720 16718
16720 16719 16721
16722 16723 16724
16723 16722 16725
16724 16726 16722
16726 16724 16727
16725 16728 16723
16728 16725 16729
16727 16730 16726
16730 16727 16731
16732 16733 16734
16733 16732 16735
16732 16736 16735
16736 16732 16737
16737 16738 16736
16738 16739 16736
16740 16739 16738
16739 16740 16741
16739 16742 16736
16743 16744 16745
16744 16743 16746
16746 16747 16744
16747 16746 16748
16749 16747 16748
16747 16749 16750
16751 16750 16749
16750 16751 16752
16753 16752 16751
16752 16753 16754
16755 16754 16753
16754 16755 16756
16757 16756 16755
16756 16757 16758
16759 16743 16745
16743 16759 16760
16759 16761 16760
16761 16759 16762
16763 16761 16762
16761 16763 16764
16765 16764 16763
16764 16765 16766
16757 16767 16758
16767 16757 16768
16769 16770 16771
16772 16771 16770
16771 16772 16773
16774 16773 16772
16773 16774 16775
16776 16775 16774
16775 16776 16777
16778 16777 16776
16777 16778 16779
16780 16779 16778
16779 16780 16781
16782 16781 16780
16781 16782 16783
16784 16785 16786
16785 16784 16787
16788 16789 16790
16789 16788 16791
16792 16793 16794
16794 16793 16795
16796 16794 16795
16796 16795 16797
16798 16796 16797
16798 16797 16799
16800 16798 16799
16798 16800 16801
16798 16801 16802
16803 16804 16805
16804 16803 16806
16804 16806 16807
16805 16808 16803
16808 16805 16809
16809 16810 16808
16810 16809 16811
16809 16812 16811
16811 16813 16810
16813 16811 16814
16814 16811 16812
16815 16814 16812
16816 16813 16814
16814 16815 16817
16816 16814 16817
16815 16818 16817
16819 16816 16817
16820 16817 16818
16820 16819 16817
16821 16820 16818
16820 16821 16822
16821 16823 16822
16823 16824 16822
16825 16819 16820
16822 16825 16820
16822 16826 16825
16827 16826 16822
16824 16827 16822
16828 16829 16830
16829 16828 16831
16829 16832 16830
16832 16829 16833
16834 16835 16836
16835 16834 16837
16838 16836 16835
16836 16838 16839
16840 16839 16838
16839 16840 16841
16842 16843 16844
16843 16842 16845
16845 16846 16843
16846 16845 16847
16848 16846 16847
16846 16848 16849
16848 16850 16849
16850 16848 16851
16852 16853 16854
16853 16852 16855
16856 16852 16854
16852 16856 16857
16855 16858 16853
16858 16855 16859
16859 16860 16858
16860 16859 16861
16861 16862 16860
16862 16861 16863
16863 16864 16862
16864 16863 16865
16865 16866 16864
16866 16865 16867
16868 16866 16867
16866 16868 16869
16870 16871 16872
16871 16870 16873
16872 16874 16870
16874 16872 16875
16875 16876 16874
16876 16875 16877
16877 16878 16876
16878 16877 16879
16879 16880 16878
16880 16879 16881
16873 16882 16871
16882 16873 16883
16884 16885 16886
16885 16884 16887
16886 16888 16884
16888 16886 16889
16887 16890 16885
16890 16887 16891
16891 16892 16890
16892 16891 16893
16894 16895 16896
16895 16894 16897
16898 16897 16894
16897 16898 16899
16900 16896 16895
16896 16900 16901
16902 16903 16904
16905 16903 16902
16903 16906 16904
16907 16904 16906
16908 16907 16906
16907 16908 16909
16910 16907 16909
16910 16909 16911
16910 16911 16912
16912 16911 16913
16912 16913 16914
16905 16902 16915
16902 16916 16915
16917 16912 16914
16918 16919 16920
16919 16918 16921
16922 16920 16919
16920 16922 16923
16918 16924 16921
16924 16918 16925
16922 16926 16923
16926 16922 16927
16927 16928 16926
16928 16927 16929
16930 16928 16929
16928 16930 16931
16932 16933 16934
16933 16932 16935
16934 16936 16932
16936 16934 16937
16935 16938 16933
16938 16935 16939
16940 16941 16942
16941 16940 16943
16940 16944 16943
16944 16940 16945
16945 16946 16944
16946 16945 16947
16947 16948 16946
16948 16947 16949
16950 16948 16949
16948 16950 16951
16952 16953 16954
16953 16952 16955
16956 16955 16952
16956 16952 16957
16958 16959 16960
16960 16961 16958
16961 16960 16962
16963 16964 16965
16964 16963 16966
16967 16968 16969
16968 16967 16970
16971 16972 16973
16972 16971 16974
16974 16975 16972
16975 16974 16976
16977 16978 16979
16978 16980 16979
16980 16978 16981
16982 16980 16981
16980 16982 16983
16984 16983 16982
16983 16984 16985
16984 16986 16985
16987 16988 16989
16990 16987 16989
16987 16990 16991
16992 16993 16994
16993 16992 16995
16996 16997 16998
16997 16996 16999
17000 17001 17002
17001 17000 17003
17004 17003 17000
17003 17004 17005
17006 17007 17008
17006 17008 17009
17010 17006 17009
17008 17011 17009
17012 17013 17014
17013 17012 17015
17016 17017 17018
17017 17016 17019
17020 17021 17022
17021 17020 17023
17024 17022 17021
17022 17024 17025
17026 17025 17024
17027 17026 17024
17027 17028 17029
17028 17027 17030
17031 17032 17033
17032 17031 17034
17033 17032 17035
17033 17035 17036
17035 17037 17036
17037 17035 17038
17038 17039 17037
17039 17038 17040
17041 17042 17043
17044 17045 17046
12614 17047 12615
17048 17049 17050
17049 17048 17051
17052 17051 17048
17051 17052 17053
17054 17055 17056
17055 17054 17057
17056 17058 17054
17056 17059 17058
17060 17061 17062
17061 17060 17063
17061 17064 17062
17064 17061 17065
17065 17066 17064
17066 17065 17067
17068 17069 17070
17071 17070 17069
17070 17071 17072
17072 17071 17073
17074 17072 17073
17074 17073 17075
17076 17074 17075
17076 17075 17077
17077 17075 17078
17077 17078 17079
17078 17080 17079
17081 17079 17080
17079 17081 17082
17083 17082 17081
17084 17085 17086
17085 17084 17087
17088 17089 17090
17089 17088 17091
17092 17093 17094
17093 17092 17095
17096 17097 17098
17097 17096 17099
17100 17096 17098
17096 17100 17101
17102 17103 17104
17103 17102 17105
17106 17107 17108
17107 17106 17109
17110 17111 17112
17111 17110 17113
17114 17115 17116
17114 17117 17115
17118 17117 17114
17118 17119 17117
17119 17120 17117
17115 17121 17116
17121 17122 17116
17122 17121 17123
17123 17124 17122
17119 17125 17120
17125 17126 17120
17125 17127 17126
17127 17125 17128
17129 17127 17128
17130 17131 17132
17131 17130 17133
17134 17135 17136
17135 17134 17137
17138 17139 17140
17139 17138 17141
17142 17143 17144
17143 17142 17145
17143 17146 17144
17146 17143 17147
17148 17149 17150
17149 17148 17151
17152 17153 17154
17153 17152 17155
17156 17157 17158
17157 17156 17159
17160 17161 17162
17163 17160 17162
17164 17160 17163
17160 17164 17165
17164 17166 17165
17166 17164 17167
17168 17166 17167
17166 17168 17169
17170 17169 17168
17169 17170 17171
17172 17171 17170
17171 17172 17173
17174 17173 17172
17173 17174 17175
17176 17175 17174
17175 17176 17177
17176 17178 17177
17178 17176 17179
17180 17178 17179
17181 17180 17179
17182 17183 17184
17182 17184 17185
17184 17186 17185
17186 17184 17187
17188 17186 17187
17186 17188 17189
17188 17190 17189
17190 17188 17191
17192 17190 17191
17190 17192 17193
17192 17194 17193
17194 17192 17195
17195 17196 17194
17196 17195 17197
17197 17198 17196
17198 17197 17199
17200 17198 17199
17198 17200 17201
17201 17200 17202
17201 17202 17203
17204 17205 17206
17205 17204 17207
17208 17207 17204
17207 17208 17209
17208 17210 17209
17210 17208 17211
17211 17212 17210
17212 17211 17213
17213 17214 17212
17214 17213 17215
17216 17217 17218
17217 17216 17219
17216 17220 17219
17220 17216 17221
17222 17223 17224
17223 17222 17225
17226 17223 17225
17223 17226 17227
17228 17229 17230
17231 17229 17228
17229 17231 17232
17233 17232 17231
17234 17232 17233
17232 17234 17235
17234 17236 17235
17236 17234 17237
17238 17236 17237
17238 17239 17236
17239 17238 17240
17239 17240 17241
17242 17239 17241
17239 17242 17243
17230 17229 17244
17245 17243 17242
17243 17245 17246
17246 17245 17247
17248 17246 17247
17246 17248 17249
17248 17250 17249
17251 17249 17250
17249 17251 17252
17251 17253 17252
17253 17251 17254
17254 17255 17253
17255 17256 17253
17256 17255 17257
17257 17258 17256
17258 17259 17256
17260 17244 17261
17260 17261 17259
17262 17263 17264
17263 17262 17265
17266 17263 17265
17263 17266 17267
17264 17268 17262
17268 17264 17269
17270 17268 17269
17268 17270 17271
17272 17267 17266
17267 17272 17273
17272 17274 17273
17275 17274 17272
17276 17274 17275
17270 17277 17271
17277 17270 17278
17279 17277 17278
17277 17279 17280
17281 17280 17279
17280 17281 17282
17281 17283 17282
17283 17281 17284
17284 17285 17283
17285 17284 17286
17285 17286 17287
17275 17285 17287
17276 17275 17287
17288 17289 17290
17291 17292 17293
17294 17295 17296
17297 17298 17299
17300 17301 17302
17302 17303 17300
17303 17302 17304
17305 17303 17304
17304 17306 17305
17306 17304 17307
17308 17306 17307
17306 17308 17309
17310 17309 17308
17311 17310 17308
17310 17311 17312
17311 17313 17312
17314 17313 17311
17313 17314 17315
17301 17316 17302
17317 17315 17314
17315 17317 17318
17317 17319 17318
17317 17320 17319
17320 17317 17321
17320 17321 17322
17321 17323 17322
17323 17321 17324
17325 17323 17324
17323 17325 17326
17326 17325 17327
17328 17327 17325
17327 17328 17329
17329 17328 17330
17330 17328 17331
17332 17333 17316
17332 17331 17333
17334 17335 17336
17335 17334 17337
17335 17338 17336
17338 17335 17339
17340 17337 17334
17337 17340 17341
17340 17342 17341
17342 17340 17343
17339 17344 17338
17344 17339 17345
17344 17345 17346
17347 17344 17346
17348 17347 17346
17349 17342 17343
17342 17349 17350
17349 17351 17350
17351 17349 17352
17352 17353 17351
17353 17352 17354
17355 17353 17354
17353 17355 17356
17357 17356 17355
17356 17357 17358
17357 17359 17358
17347 17359 17357
17348 17359 17347
17360 17361 17362
17363 17364 17365
17366 17367 17368
17369 17370 17371
17372 17373 17374
17373 17372 17375
17376 17377 17378
17377 17376 17379
17380 17377 17379
17377 17380 17381
17382 17383 17384
17385 17383 17382
17383 17385 17386
17382 17384 17387
17387 17384 17388
17383 17389 17384
17384 17389 17390
17385 17391 17386
17391 17385 17392
17392 17393 17391
17392 17394 17393
17394 17395 17393
17391 17393 17396
17393 17397 17396
17398 17399 17400
17399 17398 17401
17402 17403 17404
17403 17402 17405
17403 17406 17404
17406 17403 17407
17408 17409 17410
17409 17408 17411
17412 17413 17414
17413 17412 17415
17416 17417 17418
17417 17416 17419
17420 17421 17422
17421 17420 17423
17424 17425 17426
17425 17424 17427
17427 17424 17428
17428 17429 17427
17429 17428 17430
17431 17428 17424
17428 17431 17432
17433 17434 17435
17434 17433 17436
17437 17438 17439
17438 17437 17440
17441 17442 17443
17442 17441 17444
17445 17446 17447
17446 17445 17448
17449 17450 17451
17450 17449 17452
17453 17454 17455
17454 17453 17456
17457 17458 17459
17458 17457 17460
17460 17461 17458
17462 17461 17460
17461 17462 17463
17461 17464 17458
17464 17461 17465
17466 17467 17468
17467 17466 17469
17470 17471 17472
17471 17470 17473
17474 17471 17473
17471 17474 17475
17476 17477 17478
17479 17477 17476
17477 17479 17480
17476 17478 17481
17481 17478 17482
17477 17483 17478
17478 17483 17484
17479 17485 17480
17485 17479 17486
17486 17487 17485
17486 17488 17487
17488 17489 17487
17485 17487 17490
17487 17491 17490
17492 17493 17494
17493 17492 17495
17496 17497 17498
17497 17496 17499
17497 17500 17498
17500 17497 17501
17502 17503 17504
17503 17502 17505
17506 17507 17508
17507 17506 17509
17510 17511 17512
17511 17510 17513
17514 17515 17516
17515 17514 17517
17518 17519 17520
17519 17518 17521
17521 17518 17522
17522 17523 17521
17523 17522 17524
17525 17522 17518
17522 17525 17526
17527 17528 17529
17528 17527 17530
17531 17532 17533
17532 17531 17534
17535 17536 17537
17536 17535 17538
17539 17540 17541
17540 17539 17542
17543 17544 17545
17544 17543 17546
17547 17548 17549
17548 17547 17550
17551 17552 17553
17552 17551 17554
17554 17555 17552
17556 17555 17554
17555 17556 17557
17555 17558 17552
17558 17555 17559
17560 17561 17562
17561 17560 17563
17562 17564 17560
17564 17562 17565
17563 17566 17561
17566 17563 17567
17567 17568 17566
17568 17567 17569
17570 17568 17569
17570 17571 17568
17572 17571 17570
17573 17572 17570
17573 17574 17572
17574 17573 17575
17575 17576 17574
17576 17575 17577
17577 17578 17576
17578 17577 17579
17579 17580 17578
17580 17579 17581
17582 17580 17581
17582 17583 17580
17565 17583 17582
17564 17565 17582
17584 17585 17586
17585 17584 17587
17588 17584 17586
17584 17588 17589
17588 17590 17589
17591 17585 17587
17585 17591 17592
17593 17592 17591
17592 17593 17594
17593 17595 17594
17596 17597 17598
17598 17599 17596
17599 17598 17600
17601 17599 17600
17599 17601 17602
17603 17602 17601
17602 17603 17604
17605 17604 17603
17604 17605 17606
17605 17607 17606
17608 17609 17610
17609 17608 17611
17612 17610 17609
17610 17612 17613
17614 17613 17612
17613 17614 17615
17616 17615 17614
17615 17616 17617
17618 17617 17616
17617 17618 17619
17620 17619 17618
17619 17620 17621
17622 17621 17620
17621 17622 17623
17624 17623 17622
17623 17624 17625
17626 17625 17624
17625 17626 17627
17628 17627 17626
17627 17628 17629
17630 17629 17628
17629 17630 17631
17611 17631 17630
17631 17611 17608
17632 17633 17634
17635 17632 17634
17632 17635 17636
17637 17636 17635
17636 17637 17638
17639 17638 17637
17638 17639 17640
17641 17640 17639
17640 17641 17642
17643 17642 17641
17644 17645 17646
17647 17644 17646
17644 17647 17648
17649 17648 17647
17648 17649 17650
17651 17650 17649
17650 17651 17652
17651 17653 17652
17653 17651 17654
17654 17655 17653
17656 17657 17658
17657 17656 17659
17660 17658 17657
17658 17660 17661
17662 17661 17660
17661 17662 17663
17662 17664 17663
17665 17659 17656
17659 17665 17666
17667 17666 17665
17664 17668 17663
17669 17668 17664
17664 17670 17669
17671 17669 17670
17669 17671 17672
17673 17672 17671
17672 17673 17674
17675 17674 17673
17674 17675 17676
17677 17676 17675
17676 17677 17678
17677 17667 17678
17667 17665 17679
17667 17679 17678
17680 17681 17682
17683 17680 17682
17680 17683 17684
17685 17684 17683
17684 17685 17686
17685 17687 17686
17687 17685 17688
17689 17687 17688
17687 17689 17690
17689 17691 17690
17692 17693 17694
17695 17692 17694
17692 17695 17696
17697 17696 17695
17696 17697 17698
17699 17698 17697
17698 17699 17700
17701 17700 17699
17700 17701 17702
17703 17702 17701
17704 17705 17706
17705 17704 17707
17708 17706 17705
17706 17708 17709
17710 17709 17708
17709 17710 17711
17712 17711 17710
17711 17712 17713
17714 17713 17712
17713 17714 17715
17716 17715 17714
17715 17716 17717
17718 17717 17716
17717 17718 17719
17720 17719 17718
17719 17720 17721
17722 17721 17720
17721 17722 17723
17724 17723 17722
17723 17724 17725
17726 17725 17724
17725 17726 17727
17707 17727 17726
17727 17707 17704
17728 17729 17730
17731 17728 17730
17728 17731 17732
17733 17732 17731
17732 17733 17734
17733 17735 17734
17735 17733 17736
17737 17735 17736
17735 17737 17738
17737 17739 17738
17740 17741 17742
17743 17740 17742
17740 17743 17744
17745 17744 17743
17744 17745 17746
17747 17746 17745
17746 17747 17748
17749 17748 17747
17748 17749 17750
17751 17750 17749
17752 17753 17754
17753 17752 17755
17756 17754 17753
17754 17756 17757
17758 17757 17756
17757 17758 17759
17760 17759 17758
17759 17760 17761
17762 17761 17760
17761 17762 17763
17764 17763 17762
17763 17764 17765
17766 17765 17764
17765 17766 17767
17768 17767 17766
17767 17768 17769
17770 17769 17768
17769 17770 17771
17772 17771 17770
17771 17772 17773
17774 17773 17772
17773 17774 17775
17755 17775 17774
17775 17755 17752
17776 17777 17778
17779 17776 17778
17776 17779 17780
17781 17780 17779
17780 17781 17782
17781 17783 17782
17783 17781 17784
17785 17783 17784
17783 17785 17786
17785 17787 17786
17788 17789 17790
17791 17788 17790
17788 17791 17792
17793 17792 17791
17792 17793 17794
17795 17794 17793
17794 17795 17796
17797 17796 17795
17796 17797 17798
17799 17798 17797
17800 17801 17802
17803 17800 17802
17800 17803 17804
17805 17804 17803
17804 17805 17806
17806 17805 17807
17808 17809 17810
17810 17809 17811
17811 17809 17812
17812 17809 17813
17813 17809 17814
17814 17809 17815
17815 17809 17816
17817 17809 17808
17818 17819 17820
17821 17818 17820
17818 17821 17822
17823 17822 17821
17822 17823 17824
17825 17824 17823
17826 17827 17828
17828 17827 17829
17830 17827 17826
17831 17827 17830
17832 17827 17831
17833 17827 17832
17834 17827 17833
17835 17827 17834
17836 17837 17838
17837 17836 17839
17839 17840 17837
17840 17839 17841
17841 17842 17840
17842 17841 17843
17843 17844 17842
17844 17843 17845
17845 17846 17844
17846 17845 17847
17847 17848 17846
17848 17847 17849
17849 17850 17848
17850 17849 17851
17851 17852 17850
17852 17851 17853
17853 17854 17852
17854 17853 17855
17855 17856 17854
17856 17855 17857
17858 17856 17857
17856 17858 17859
17860 17859 17858
17860 17861 17859
17860 17862 17861
17862 17860 17863
17863 17864 17862
17864 17863 17865
17865 17866 17864
17866 17865 17867
17867 17868 17866
17868 17867 17869
17869 17870 17868
17870 17869 17871
17871 17872 17870
17872 17871 17873
17873 17874 17872
17874 17873 17875
17876 17838 17877
17838 17876 17836
17878 17879 17880
17879 17878 17881
17881 17882 17879
17882 17881 17883
17883 17884 17882
17884 17883 17885
17885 17886 17884
17886 17885 17887
17887 17888 17886
17888 17887 17889
17889 17890 17888
17890 17889 17891
17891 17892 17890
17892 17891 17893
17893 17894 17892
17894 17893 17895
17895 17896 17894
17896 17895 17897
17897 17898 17896
17898 17897 17899
17899 17900 17898
17900 17899 17901
17902 17903 17904
17903 17902 17905
17905 17906 17903
17906 17905 17907
17907 17908 17906
17908 17907 17909
17909 17910 17908
17910 17909 17911
17911 17912 17910
17912 17911 17913
17913 17914 17912
17914 17913 17915
17915 17916 17914
17916 17915 17917
17918 17880 17919
17880 17918 17878
17920 17921 17922
17921 17920 17923
17923 17924 17921
17924 17923 17925
17925 17926 17924
17926 17925 17927
17927 17928 17926
17928 17927 17929
17929 17930 17928
17930 17929 17931
17931 17932 17930
17932 17931 17933
17933 17934 17932
17934 17933 17935
17935 17936 17934
17936 17935 17937
17937 17938 17936
17938 17937 17939
17939 17940 17938
17940 17939 17941
17941 17942 17940
17942 17941 17943
17944 17942 17943
17945 17944 17943
17945 17946 17944
17946 17945 17947
17947 17948 17946
17948 17947 17949
17949 17950 17948
17950 17949 17951
17951 17952 17950
17952 17951 17953
17953 17954 17952
17954 17953 17955
17955 17956 17954
17956 17955 17957
17957 17958 17956
17958 17957 17959
17960 17922 17961
17922 17960 17920
17962 17963 17964
17963 17962 17965
17963 17966 17964
17966 17963 17967
17966 17967 17968
17969 17970 17971
17970 17969 17972
17973 17972 17969
17972 17973 17974
17973 17975 17974
17976 17977 17978
17976 17979 17977
17979 17976 17980
17977 17981 17978
17982 17983 17984
17982 17984 17985
17986 17985 17984
17985 17986 17987
17988 17989 17990
17989 17988 17991
17992 17993 17994
17993 17992 17995
17996 17997 17998
17997 17996 17999
17999 18000 17997
18000 17999 18001
18001 18002 18000
18002 18001 18003
18003 18004 18002
18004 18003 18005
18005 18006 18004
18006 18005 18007
18007 18008 18006
18008 18007 18009
18009 18010 18008
18010 18009 18011
18011 18012 18010
18012 18011 18013
18013 18014 18012
18014 18013 18015
18015 18016 18014
18016 18015 18017
18017 18018 18016
18018 18017 18019
18019 18020 18018
18020 18019 18021
18021 18022 18020
18022 18021 18023
18023 18024 18022
18024 18023 18025
18025 18026 18024
18026 18025 18027
18027 18028 18026
18028 18027 18029
18029 18030 18028
18030 18029 18031
18031 18032 18030
18032 18031 18033
18033 18034 18032
18034 18033 18035
18036 17998 18037
17998 18036 17996
18038 18039 18040
18039 18038 18041
18041 18042 18039
18042 18041 18043
18043 18044 18042
18044 18043 18045
18045 18046 18044
18046 18045 18047
18047 18048 18046
18048 18047 18049
18049 18050 18048
18050 18049 18051
18051 18052 18050
18052 18051 18053
18053 18054 18052
18054 18053 18055
18055 18056 18054
18056 18055 18057
18057 18058 18056
18058 18057 18059
18059 18060 18058
18060 18059 18061
18061 18062 18060
18062 18061 18063
18063 18064 18062
18064 18063 18065
18065 18066 18064
18066 18065 18067
18067 18068 18066
18068 18067 18069
18069 18070 18068
18070 18069 18071
18071 18072 18070
18072 18071 18073
18073 18074 18072
18074 18073 18075
18075 18076 18074
18076 18075 18077
18078 18040 18079
18040 18078 18038
18080 18081 18082
18081 18080 18083
18083 18084 18081
18084 18083 18085
18085 18086 18084
18086 18085 18087
18087 18088 18086
18088 18087 18089
18089 18090 18088
18090 18089 18091
18091 18092 18090
18092 18091 18093
18093 18094 18092
18094 18093 18095
18095 18096 18094
18096 18095 18097
18097 18098 18096
18098 18097 18099
18099 18100 18098
18100 18099 18101
18101 18102 18100
18102 18101 18103
18103 18104 18102
18104 18103 18105
18105 18106 18104
18106 18105 18107
18107 18108 18106
18108 18107 18109
18109 18110 18108
18110 18109 18111
18111 18112 18110
18112 18111 18113
18113 18114 18112
18114 18113 18115
18115 18116 18114
18116 18115 18117
18117 18118 18116
18118 18117 18119
18120 18082 18121
18082 18120 18080
18122 18123 18124
18123 18122 18125
18126 18125 18122
18125 18126 18127
18128 18127 18126
18127 18128 18129
18130 18129 18128
18129 18130 18131
18132 18131 18130
18131 18132 18133
18134 18133 18132
18133 18134 18135
18136 18135 18134
18135 18136 18137
18138 18137 18136
18137 18138 18139
18140 18139 18138
18139 18140 18141
18142 18141 18140
18141 18142 18143
18144 18143 18142
18143 18144 18145
18146 18145 18144
18145 18146 18147
18148 18147 18146
18147 18148 18149
18150 18149 18148
18149 18150 18151
18152 18151 18150
18151 18152 18153
18154 18153 18152
18153 18154 18155
18156 18155 18154
18155 18156 18157
18158 18157 18156
18157 18158 18159
18160 18159 18158
18159 18160 18161
18124 18161 18160
18161 18124 18123
18162 18163 18164
18163 18162 18165
18165 18166 18163
18166 18165 18167
18167 18168 18166
18168 18167 18169
18169 18170 18168
18170 18169 18171
18171 18172 18170
18172 18171 18173
18173 18174 18172
18174 18173 18175
18175 18176 18174
18176 18175 18177
18177 18178 18176
18178 18177 18179
18179 18180 18178
18180 18179 18181
18181 18182 18180
18182 18181 18183
18183 18184 18182
18184 18183 18185
18185 18186 18184
18186 18185 18187
18187 18188 18186
18188 18187 18189
18189 18190 18188
18190 18189 18191
18191 18192 18190
18192 18191 18193
18193 18194 18192
18194 18193 18195
18195 18196 18194
18196 18195 18197
18197 18198 18196
18198 18197 18199
18199 18200 18198
18200 18199 18201
18202 18164 18203
18164 18202 18162
18204 18205 18206
18205 18204 18207
18208 18209 18210
18209 18208 18211
18212 18213 18214
18213 18212 18215
18216 18217 18218
18217 18216 18219
18220 18221 18222
18221 18220 18223
18224 18225 18226
18225 18224 18227
18228 18229 18230
18229 18228 18231
18232 18233 18234
18233 18232 18235
18236 18237 18238
18237 18236 18239
18240 18241 18242
18241 18240 18243
18244 18243 18240
18245 18246 18247
18246 18245 18248
18249 18248 18245
18250 18251 18252
18251 18250 18253
18254 18253 18250
18255 18256 18257
18256 18255 18258
18259 18258 18255
18260 18261 18262
18263 18260 18262
18260 18263 18264
18265 18264 18263
18264 18265 18266
18267 18266 18265
18268 18269 18270
18270 18269 18271
18271 18269 18272
18273 18269 18268
18274 18269 18273
18275 18269 18274
18276 18269 18275
18277 18269 18276
18278 18279 18280
18281 18278 18280
18278 18281 18282
18283 18282 18281
18282 18283 18284
18284 18283 18285
18286 18287 18288
18289 18287 18286
18290 18287 18289
18291 18287 18290
18292 18287 18291
18293 18287 18292
18294 18287 18293
18295 18287 18294
18296 18297 18298
18299 18296 18298
18296 18299 18300
18301 18300 18299
18300 18301 18302
18302 18301 18303
18304 18305 18306
18306 18305 18307
18307 18305 18308
18308 18305 18309
18310 18305 18304
18311 18305 18310
18312 18305 18311
18313 18305 18312
18314 18315 18316
18315 18314 18317
18317 18318 18315
18318 18317 18319
18319 18320 18318
18320 18319 18321
18322 18323 18324
18323 18322 18325
18326 18325 18322
18325 18326 18327
18328 18327 18326
18327 18328 18329
18330 18331 18332
18331 18330 18333
18331 18334 18332
18334 18331 18335
18335 18336 18334
18336 18335 18337
18338 18339 18340
18339 18338 18341
18342 18343 18344
18343 18342 18345
18346 18342 18344
18342 18346 18347
18348 18347 18346
18347 18348 18349
18350 18351 18352
18351 18350 18353
18354 18355 18356
18357 18354 18356
18354 18357 18358
18359 18358 18357
18358 18359 18360
18360 18359 18361
18362 18363 18364
18365 18363 18362
18366 18363 18365
18367 18363 18366
18368 18363 18367
18369 18363 18368
18370 18363 18369
18371 18363 18370
18372 18373 18374
18375 18372 18374
18372 18375 18376
18377 18376 18375
18376 18377 18378
18379 18378 18377
18380 18381 18382
18382 18381 18383
18383 18381 18384
18384 18381 18385
18386 18381 18380
18387 18381 18386
18388 18381 18387
18389 18381 18388
18390 18391 18392
18391 18393 18392
18393 18391 18394
18395 18392 18393
18392 18395 18396
18397 18392 18396
18394 18398 18393
18398 18394 18399
18400 18393 18398
18393 18400 18395
18399 18401 18398
18401 18399 18402
18403 18398 18401
18398 18403 18400
18402 18404 18401
18404 18402 18405
18406 18401 18404
18401 18406 18403
18407 18404 18405
18404 18407 18408
18408 18406 18404
18406 18408 18409
18407 18410 18408
18409 18408 18410
18410 18407 18411
18409 18410 18412
18397 18413 18392
18413 18390 18392
18414 18415 18416
18415 18414 18417
18418 18415 18417
18415 18418 18419
18420 18419 18418
18419 18420 18421
18422 18421 18420
18421 18422 18423
18424 18423 18422
18423 18424 18425
18426 18427 18428
18427 18429 18428
18429 18427 18430
18430 18431 18429
18431 18430 18432
18432 18433 18431
18433 18432 18434
18434 18435 18433
18435 18434 18436
18436 18437 18435
18437 18436 18438
18438 18439 18437
18439 18438 18440
18441 18426 18442
18443 18444 18445
18443 18446 18444
18447 18446 18443
18448 18447 18443
18448 18443 18449
18449 18443 18445
18446 18450 18444
18451 18450 18446
18450 18451 18452
18446 18453 18451
18453 18446 18454
18447 18454 18446
18455 18452 18451
18452 18455 18456
18451 18457 18455
18457 18451 18453
18458 18456 18455
18456 18458 18459
18455 18460 18458
18460 18455 18457
18458 18461 18459
18460 18462 18458
18458 18463 18461
18462 18463 18458
18464 18465 18466
18467 18468 18469
18470 18471 18472
18473 18474 18475
18476 18477 18478
18479 18477 18476
18477 18480 18478
18481 18480 18477
18480 18481 18482
18477 18483 18481
18483 18477 18484
18479 18484 18477
18485 18482 18481
18482 18485 18486
18481 18487 18485
18487 18481 18483
18488 18486 18485
18486 18488 18489
18485 18490 18488
18490 18485 18487
18491 18489 18488
18490 18491 18488
18489 18491 18492
18490 18493 18491
18494 18492 18491
18493 18494 18491
18492 18494 18495
18494 18493 18496
18497 18495 18494
18496 18497 18494
18495 18497 18498
18496 18499 18497
18500 18501 18502
18501 18500 18503
18501 18504 18502
18504 18501 18505
18505 18506 18504
18506 18505 18507
18507 18508 18506
18508 18507 18509
18509 18510 18508
18510 18509 18511
18512 18513 18514
18515 18512 18514
18516 18512 18515
18512 18516 18517
18518 18517 18516
18517 18518 18519
18520 18519 18518
18519 18520 18521
18522 18521 18520
18521 18522 18523
18524 18523 18522
18523 18524 18525
18526 18525 18524
18525 18526 18527
18515 18514 18528
18529 18530 18531
18532 18530 18529
18530 18533 18531
18530 18534 18533
18535 18534 18530
18532 18535 18530
18534 18536 18533
18534 18537 18536
18537 18534 18538
18539 18538 18534
18535 18539 18534
18538 18539 18540
18538 18541 18537
18541 18538 18542
18540 18542 18538
18542 18540 18543
18542 18544 18541
18544 18542 18545
18543 18545 18542
18545 18543 18546
18545 18547 18544
18546 18548 18545
18545 18549 18547
18548 18549 18545
18550 18551 18552
18553 18554 18555
18556 18557 18558
18559 18560 18561
18562 18559 18561
18559 18562 18563
18564 18563 18562
18563 18564 18565
18566 18565 18564
18565 18566 18567
18568 18567 18566
18567 18568 18569
18570 18569 18568
18570 18568 18571
18570 18571 18572
18573 18570 18572
18574 18573 18572
18573 18574 18575
18576 18575 18574
18575 18576 18577
18578 18577 18576
18577 18578 18579
18580 18579 18578
18579 18580 18581
18560 18581 18580
18560 18580 18582
18560 18582 18561
18583 18584 18585
18584 18583 18586
18583 18587 18586
18587 18583 18588
18588 18589 18587
18589 18588 18590
18590 18591 18589
18591 18590 18592
18591 18592 18593
18585 18584 18594
18595 18596 18597
18595 18598 18596
18598 18595 18599
18599 18600 18598
18600 18599 18601
18601 18602 18600
18602 18601 18603
18604 18602 18603
18602 18604 18605
18605 18604 18606
18607 18608 18609
18608 18607 18610
18611 18609 18608
18609 18611 18612
18613 18612 18611
18612 18613 18614
18615 18614 18613
18614 18615 18616
18617 18616 18615
18616 18617 18618
18619 18618 18617
18618 18619 18620
18621 18620 18619
18620 18621 18622
18623 18622 18621
18622 18623 18624
18625 18624 18623
18624 18625 18626
18627 18626 18625
18626 18627 18628
18629 18628 18627
18628 18629 18630
18610 18630 18629
18630 18610 18607
18631 18632 18633
18632 18631 18634
18633 18632 18635
18631 18636 18634
18636 18631 18637
18637 18638 18636
18638 18637 18639
18639 18640 18638
18640 18639 18641
18640 18641 18642
18643 18644 18645
18644 18643 18646
18646 18643 18647
18648 18645 18644
18645 18648 18649
18650 18649 18648
18649 18650 18651
18652 18651 18650
18651 18652 18653
18652 18654 18653
18655 18656 18657
18656 18655 18658
18659 18655 18657
18655 18659 18660
18661 18662 18663
18664 18661 18663
18665 18664 18663
18663 18662 18666
18667 18664 18665
18667 18665 18668
18668 18665 18669
18670 18668 18669
18671 18670 18669
18669 18666 18671
18666 18662 18672
18671 18666 18672
18673 18674 18675
18674 18673 18676
18673 18677 18676
18677 18673 18678
18679 18680 18681
18680 18679 18682
18679 18683 18682
18683 18679 18684
18685 18683 18684
18680 18686 18681
18686 18687 18681
18685 18684 18688
18684 18689 18688
18689 18684 18679
18689 18681 18687
18681 18689 18679
18688 18689 18690
18689 18687 18690
18683 18691 18682
18691 18680 18682
18692 18693 18694
18693 18692 18695
18692 18696 18695
18696 18692 18697
18698 18699 18700
18699 18698 18701
18702 18698 18700
18698 18702 18703
18704 18705 18706
18707 18705 18704
18708 18707 18704
18706 18708 18704
18709 18710 18711
18710 18709 18712
18713 18714 18715
18714 18713 18716
18717 18718 18719
18718 18717 18720
18721 18722 18723
18722 18721 18724
18725 18726 18727
18728 18725 18727
18725 18728 18729
18730 18729 18728
18729 18730 18731
18731 18730 18732
18733 18734 18735
18735 18734 18736
18736 18734 18737
18737 18734 18738
18738 18734 18739
18740 18734 18733
18741 18734 18740
18742 18734 18741
18743 18744 18745
18746 18743 18745
18743 18746 18747
18748 18747 18746
18747 18748 18749
18749 18748 18750
18751 18752 18753
18753 18752 18754
18754 18752 18755
18755 18752 18756
18756 18752 18757
18758 18752 18751
18759 18752 18758
18760 18752 18759
18761 18762 18763
18764 18761 18763
18761 18764 18765
18766 18765 18764
18765 18766 18767
18767 18766 18768
18769 18770 18771
18772 18770 18769
18773 18770 18772
18774 18770 18773
18775 18770 18774
18776 18770 18775
18777 18770 18776
18778 18770 18777
18779 18780 18781
18782 18779 18781
18779 18782 18783
18784 18783 18782
18783 18784 18785
18785 18784 18786
18787 18788 18789
18789 18788 18790
18790 18788 18791
18791 18788 18792
18792 18788 18793
18794 18788 18787
18795 18788 18794
18796 18788 18795
18797 18798 18799
18797 18800 18798
18800 18797 18801
18801 18802 18800
18802 18801 18803
18803 18804 18802
18805 18806 18807
18806 18808 18807
18808 18809 18807
18809 18810 18807
18810 18811 18807
18812 18805 18807
18813 18812 18807
18814 18813 18807
18815 18816 18817
18815 18818 18816
18818 18815 18819
18819 18820 18818
18820 18819 18821
18821 18822 18820
18823 18824 18825
18826 18823 18825
18827 18826 18825
18828 18827 18825
18829 18828 18825
18830 18829 18825
18831 18830 18825
18832 18831 18825
18833 18834 18835
18833 18836 18834
18836 18833 18837
18837 18838 18836
18838 18837 18839
18839 18840 18838
18841 18842 18843
18842 18844 18843
18844 18845 18843
18845 18846 18843
18846 18847 18843
18848 18841 18843
18849 18848 18843
18850 18849 18843
18851 18852 18853
18852 18851 18854
18854 18855 18852
18855 18854 18856
18857 18855 18856
18855 18857 18858
18859 18858 18857
18858 18859 18860
18861 18860 18859
18860 18861 18862
18863 18864 18865
18864 18863 18866
18866 18867 18864
18867 18866 18868
18869 18870 18871
18870 18869 18872
18873 18872 18869
18872 18873 18874
18875 18876 18877
18876 18878 18877
18878 18876 18879
18880 18878 18879
18880 18879 18881
18880 18881 18882
18881 18883 18882
18883 18881 18884
18885 18883 18884
18885 18884 18886
18885 18886 18887
18875 18888 18876
18875 18889 18888
18889 18890 18888
18890 18889 18891
18892 18890 18891
18892 18893 18890
18892 18894 18893
18886 18895 18887
18895 18886 18896
18896 18897 18895
18897 18893 18894
18897 18896 18898
18893 18897 18898
18899 18900 18901
18899 18902 18900
18902 18899 18903
18899 18901 18904
18901 18905 18904
18905 18906 18904
18906 18905 18907
18906 18907 18908
18906 18908 18909
18908 18910 18909
18910 18911 18909
18911 18910 18912
18911 18912 18913
18911 18913 18914
18913 18915 18914
18916 18902 18903
18917 18916 18903
18917 18918 18916
18919 18914 18915
18914 18919 18920
18919 18921 18920
18921 18919 18922
18917 18922 18918
18922 18917 18921
18923 18924 18925
18924 18923 18926
18924 18927 18925
18927 18924 18928
18923 18929 18926
18929 18923 18930
18931 18929 18930
18929 18931 18932
18933 18932 18931
18932 18933 18934
18935 18934 18933
18934 18935 18936
18928 18937 18927
18937 18928 18938
18939 18937 18938
18937 18939 18940
18939 18941 18940
18941 18939 18942
18942 18943 18941
18943 18942 18944
18944 18945 18943
18945 18944 18946
18935 18947 18936
18947 18935 18948
18948 18949 18947
18949 18945 18946
18949 18948 18950
18945 18949 18950
18946 18951 18949
18947 18952 18936
18953 18954 18955
18954 18953 18956
18954 18957 18955
18957 18954 18958
18953 18959 18956
18959 18953 18960
18960 18961 18959
18961 18960 18962
18963 18961 18962
18961 18963 18964
18963 18965 18964
18965 18963 18966
18958 18967 18957
18967 18958 18968
18969 18967 18968
18967 18969 18970
18971 18970 18969
18970 18971 18972
18971 18973 18972
18973 18971 18974
18975 18973 18974
18973 18975 18976
18977 18978 18979
18978 18977 18980
18979 18981 18977
18981 18979 18982
18983 18978 18980
18978 18983 18984
18985 18984 18983
18984 18985 18986
18985 18987 18986
18987 18985 18988
18989 18987 18988
18987 18989 18990
18991 18981 18982
18981 18991 18992
18991 18993 18992
18993 18991 18994
18994 18995 18993
18995 18994 18996
18997 18995 18996
18995 18997 18998
18997 18999 18998
18999 18997 19000
19001 19002 19003
19002 19001 19004
19003 19005 19001
19005 19003 19006
19007 19002 19004
19002 19007 19008
19007 19009 19008
19009 19007 19010
19010 19011 19009
19011 19010 19012
19012 19013 19011
19013 19012 19014
19015 19005 19006
19005 19015 19016
19015 19017 19016
19017 19015 19018
19019 19017 19018
19017 19019 19020
19021 19020 19019
19020 19021 19022
19023 19022 19021
19022 19023 19024
19025 19013 19014
19013 19025 19026
19025 19027 19026
19027 19025 19028
19028 19023 19027
19023 19028 19024
19024 19028 19029
19014 19030 19025
19031 19032 19033
19032 19034 19033
19035 19036 19037
19035 19037 19038
19039 19040 19041
19040 19039 19042
19043 19044 19045
19044 19043 19046
19047 19048 19049
19048 19047 19050
19051 19052 19053
19052 19051 19054
19055 19056 19057
19056 19055 19058
19059 19060 19061
19060 19059 19062
19063 19064 19065
19064 19063 19066
19067 19068 19069
19068 19067 19070
19071 19072 19073
19074 19073 19072
19073 19074 19075
19076 19075 19074
19075 19076 19077
19076 19078 19077
19079 19080 19081
19081 19080 19082
19082 19080 19083
19083 19080 19084
19084 19080 19085
19086 19080 19079
19087 19080 19086
19088 19080 19087
19089 19090 19091
19091 19092 19089
19092 19093 19089
19093 19094 19089
19090 19089 19094
19094 19093 19095
19090 19094 19096
19097 19096 19094
19096 19097 19098
19093 19092 19099
19100 19099 19092
19092 19101 19100
19099 19100 19102
19103 19102 19100
19100 19104 19103
19100 19101 19104
19105 19103 19104
19104 19106 19105
19106 19104 19107
19103 19105 19108
19108 19109 19103
19102 19103 19109
19109 19108 19110
19101 19111 19104
19104 19111 19107
19107 19112 19106
19112 19107 19113
19110 19114 19109
19114 19110 19115
19115 19116 19114
19117 19114 19116
19114 19117 19118
19118 19109 19114
19119 19118 19117
19118 19119 19120
19119 19121 19120
19121 19119 19122
19116 19115 19123
19109 19118 19102
19120 19102 19118
19102 19120 19099
19093 19120 19121
19120 19093 19099
19121 19095 19093
19095 19121 19124
19122 19124 19121
19124 19125 19095
19125 19126 19095
19126 19125 19127
19127 19128 19126
19128 19097 19126
19097 19128 19129
19097 19129 19130
19128 19131 19129
19129 19131 19132
19131 19128 19133
19128 19134 19133
19134 19128 19135
19128 19127 19135
19136 19135 19127
19135 19136 19137
19137 19134 19135
19125 19124 19138
19127 19139 19136
19139 19127 19125
19140 19133 19134
19133 19140 19141
19141 19131 19133
19131 19141 19142
19131 19142 19143
19132 19131 19143
19144 19130 19129
19144 19129 19132
19145 19143 19142
19143 19145 19146
19147 19142 19141
19142 19147 19145
19148 19141 19140
19141 19148 19147
19149 19148 19140
19134 19149 19140
19137 19149 19134
19148 19149 19150
19151 19146 19145
19147 19151 19145
19146 19151 19152
19152 19151 19153
19153 19154 19152
19155 19154 19153
19151 19155 19153
19154 19155 19156
19155 19157 19156
19157 19155 19158
19158 19159 19157
19160 19159 19158
19160 19147 19148
19160 19150 19159
19150 19160 19148
19157 19161 19156
19161 19157 19162
19156 19163 19154
19163 19156 19161
19154 19164 19152
19164 19154 19163
19157 19165 19162
19165 19157 19159
19164 19163 19166
19155 19151 19167
19158 19167 19160
19167 19158 19155
19147 19160 19167
19151 19147 19167
19165 19168 19162
19165 19169 19168
19170 19168 19169
19171 19170 19169
19172 19170 19171
19170 19172 19173
19174 19173 19172
19173 19174 19175
19166 19175 19176
19175 19174 19176
19176 19164 19166
19177 19178 19179
19177 19180 19178
19181 19178 19180
19178 19181 19182
19182 19179 19178
19180 19183 19181
19183 19180 19184
19185 19181 19183
19181 19185 19186
19186 19182 19181
19182 19186 19187
19185 19188 19186
19188 19185 19189
19189 19190 19188
19190 19191 19188
19187 19186 19191
19186 19188 19191
19191 19190 19192
19190 19189 19193
19187 19191 19194
19192 19194 19191
19194 19192 19195
19196 19195 19192
19195 19196 19197
19198 19195 19197
19199 19195 19198
19200 19199 19198
19199 19201 19195
19201 19199 19202
19202 19203 19201
19203 19202 19204
19205 19203 19204
19205 19206 19203
19205 19207 19206
19207 19208 19206
19208 19207 19209
19207 19205 19210
19206 19211 19203
19211 19206 19212
19213 19211 19212
19214 19213 19212
19214 19212 19206
19208 19214 19206
19213 19214 19215
19215 19216 19213
19211 19213 19217
19217 19213 19218
19213 19216 19218
19217 19218 19219
19220 19217 19219
19217 19220 19221
19222 19221 19220
19221 19222 19223
19220 19224 19222
19224 19220 19225
19225 19220 19219
19225 19219 19226
19223 19227 19221
19227 19223 19228
19229 19227 19228
19228 19230 19229
19230 19228 19231
19227 19229 19232
19232 19229 19233
19234 19232 19233
19233 19235 19234
19236 19234 19235
19234 19236 19237
19238 19237 19236
19237 19238 19239
19235 19233 19240
19233 19241 19240
19237 19242 19234
19232 19234 19242
19242 19237 19243
19239 19243 19237
19243 19239 19244
19244 19245 19243
19245 19244 19246
19242 19247 19232
19247 19242 19248
19243 19248 19242
19248 19243 19245
19245 19249 19248
19249 19245 19179
19250 19179 19245
19246 19250 19245
19248 19249 19251
19248 19251 19247
19250 19246 19252
19252 19253 19250
19253 19254 19250
19250 19254 19179
19254 19253 19255
19253 19252 19256
19255 19177 19254
19254 19177 19179
19177 19255 19257
19257 19258 19177
19258 19257 19259
19259 19260 19258
19184 19258 19260
19258 19184 19180
19180 19177 19258
19260 19259 19261
19257 19262 19259
19262 19261 19259
19262 19257 19263
19255 19263 19257
19256 19264 19253
19264 19256 19265
19266 19253 19264
19253 19266 19255
19263 19255 19266
19261 19262 19267
19268 19269 19270
19269 19268 19271
19272 19271 19268
19271 19272 19273
19274 19269 19271
19269 19274 19275
19273 19276 19271
19274 19271 19276
19276 19273 19277
19272 19278 19273
19278 19272 19279
19279 19280 19278
19280 19279 19281
19280 19282 19278
19282 19280 19283
19284 19273 19278
19273 19284 19277
19282 19284 19278
19274 19285 19275
19285 19274 19286
19287 19286 19274
19288 19285 19286
19285 19288 19289
19290 19289 19288
19289 19290 19291
19286 19292 19288
19292 19286 19293
19287 19293 19286
19294 19292 19293
19292 19294 19295
19296 19295 19294
19294 19297 19296
19297 19294 19298
19293 19298 19294
19295 19296 19299
19299 19300 19295
19300 19292 19295
19300 19299 19301
19292 19300 19302
19288 19302 19290
19302 19288 19292
19303 19297 19298
19297 19303 19304
19305 19304 19303
19303 19306 19305
19306 19303 19307
19307 19308 19306
19308 19307 19309
19309 19310 19308
19310 19309 19311
19312 19310 19311
19310 19312 19313
19314 19313 19312
19313 19314 19315
19096 19305 19306
19308 19096 19306
19305 19096 19098
19098 19316 19305
19304 19305 19316
19316 19317 19304
19317 19316 19318
19130 19318 19316
19316 19098 19130
19318 19130 19319
19096 19308 19090
19310 19090 19308
19090 19310 19091
19313 19091 19310
19091 19313 19320
19320 19313 19315
19320 19315 19101
19111 19101 19315
19315 19314 19111
19314 19321 19111
19322 19111 19321
19107 19111 19322
19113 19107 19322
19322 19323 19113
19324 19113 19323
19323 19325 19324
19325 19323 19326
19327 19325 19326
19325 19327 19328
19329 19328 19327
19328 19329 19330
19331 19327 19326
19327 19331 19332
19332 19329 19327
19333 19332 19331
19332 19333 19334
19335 19334 19333
19334 19336 19332
19329 19332 19336
19336 19334 19337
19338 19337 19334
19335 19338 19334
19337 19338 19339
19331 19340 19333
19340 19331 19341
19326 19341 19331
19333 19340 19342
19342 19335 19333
19342 19343 19335
19344 19343 19342
19337 19345 19336
19345 19337 19346
19339 19346 19337
19346 19339 19347
19340 19321 19342
19341 19321 19340
19342 19321 19348
19342 19348 19349
19344 19342 19349
19350 19344 19349
19344 19350 19351
19352 19350 19349
19350 19352 19353
19354 19353 19352
19353 19354 19355
19356 19355 19354
19355 19356 19357
19356 19354 19283
19357 19358 19355
19358 19357 19359
19355 19360 19353
19360 19355 19358
19361 19351 19350
19353 19361 19350
19361 19353 19360
19351 19361 19362
19363 19349 19348
19363 19348 19321
19349 19363 19352
19364 19352 19363
19352 19364 19354
19364 19282 19354
19354 19282 19283
19364 19312 19282
19363 19312 19364
19282 19312 19284
19365 19362 19361
19360 19365 19361
19362 19365 19366
19367 19366 19365
19368 19366 19367
19369 19368 19367
19368 19369 19370
19371 19367 19365
19367 19371 19369
19371 19372 19369
19372 19371 19373
19374 19372 19373
19375 19369 19372
19369 19375 19370
19374 19375 19372
19365 19360 19371
19371 19358 19373
19358 19371 19360
19359 19373 19358
19373 19359 19374
19376 19375 19374
19375 19376 19377
19377 19370 19375
19378 19377 19376
19377 19378 19379
19379 19380 19377
19370 19377 19380
19380 19379 19381
19382 19380 19381
19380 19382 19383
19384 19383 19382
19383 19384 19385
19378 19386 19379
19386 19381 19379
19386 19378 19387
19381 19386 19388
19389 19384 19382
19389 19381 19388
19381 19389 19382
19384 19389 19390
19383 19370 19380
19370 19383 19368
19385 19368 19383
19368 19385 19366
19386 19387 19391
19391 19388 19386
19388 19391 19392
19393 19388 19392
19388 19393 19389
19390 19389 19393
19393 19394 19390
19392 19394 19393
19394 19395 19390
19395 19394 19396
19394 19397 19396
19397 19394 19398
19394 19392 19398
19399 19397 19398
19392 19399 19398
19399 19392 19391
19391 19387 19399
19397 19399 19400
19399 19401 19400
19401 19399 19387
19402 19400 19401
19400 19402 19403
19404 19403 19402
19396 19405 19395
19405 19396 19406
19405 19406 19407
19404 19402 19408
19409 19404 19408
19404 19409 19410
19409 19407 19410
19407 19409 19411
19411 19405 19407
19218 19412 19413
19216 19412 19218
19218 19413 19219
19226 19219 19413
19226 19413 19414
19414 19415 19226
19415 19414 19416
19417 19226 19415
19226 19417 19225
19418 19225 19417
19225 19418 19224
19419 19224 19418
19224 19419 19420
19224 19420 19421
19421 19222 19224
19222 19421 19422
19423 19417 19415
19424 19423 19415
19424 19415 19416
19417 19423 19425
19424 19426 19423
19423 19427 19425
19427 19423 19426
19426 19428 19427
19428 19429 19427
19429 19428 19430
19431 19429 19430
19429 19431 19432
19431 19430 19433
19428 19434 19430
19433 19430 19434
19434 19428 19435
19428 19436 19435
19436 19428 19437
19428 19426 19437
19438 19436 19437
19426 19439 19437
19438 19437 19439
19439 19426 19440
19441 19434 19435
19436 19441 19435
19434 19441 19442
19442 19433 19434
19442 19443 19433
19441 19436 19444
19438 19444 19436
19429 19432 19445
19446 19443 19442
19441 19446 19442
19443 19446 19447
19447 19446 19448
19449 19448 19446
19446 19441 19449
19444 19449 19441
19448 19449 19450
19449 19451 19450
19451 19449 19452
19449 19444 19452
19452 19453 19451
19454 19452 19444
19452 19454 19453
19438 19454 19444
19445 19419 19418
19445 19418 19455
19417 19455 19418
19455 19417 19425
19427 19455 19425
19455 19427 19429
19429 19445 19455
19456 19457 19458
19457 19456 19204
19457 19459 19458
19459 19457 19460
19457 19461 19460
19461 19457 19462
19462 19457 19204
19462 19204 19202
19462 19202 19199
19463 19461 19462
19463 19462 19199
19464 19463 19199
19463 19464 19465
19466 19463 19465
19463 19466 19467
19461 19463 19467
19467 19468 19461
19468 19460 19461
19468 19467 19469
19470 19469 19467
19470 19467 19466
19471 19459 19460
19460 19468 19472
19471 19460 19472
19470 19473 19469
19469 19474 19468
19474 19469 19473
19474 19472 19468
19473 19475 19474
19475 19476 19474
19472 19474 19476
19471 19472 19476
19476 19475 19477
19477 19478 19476
19471 19476 19478
19478 19477 19479
19477 19480 19479
19475 19481 19477
19481 19480 19477
19481 19475 19482
19475 19483 19482
19483 19475 19484
19475 19473 19484
19485 19484 19473
19470 19485 19473
19484 19485 19486
19482 19487 19481
19487 19480 19481
19488 19480 19487
19487 19482 19489
19483 19489 19482
19489 19483 19490
19491 19488 19487
19488 19491 19492
19492 19491 19493
19491 19494 19493
19494 19491 19495
19487 19495 19491
19495 19487 19489
19490 19495 19489
19495 19496 19494
19496 19495 19497
19495 19490 19497
19498 19496 19497
19490 19483 19499
19499 19484 19486
19483 19484 19499
19500 19497 19490
19497 19500 19498
19490 19499 19500
19501 19502 19197
19197 19502 19198
19503 19501 19197
19503 19197 19196
19504 19501 19503
19501 19504 19505
19505 19506 19501
19501 19506 19502
19506 19505 19507
19503 19508 19504
19508 19503 19509
19196 19509 19503
19509 19510 19508
19510 19509 19511
19511 19509 19512
19509 19196 19513
19513 19512 19509
19512 19513 19514
19505 19515 19507
19504 19516 19505
19516 19515 19505
19516 19504 19517
19504 19518 19517
19518 19504 19508
19518 19508 19519
19519 19508 19510
19190 19514 19513
19514 19190 19193
19513 19192 19190
19192 19513 19196
19520 19516 19517
19516 19520 19521
19515 19516 19521
19522 19521 19520
19521 19522 19523
19524 19521 19523
19521 19524 19525
19515 19521 19525
19524 19523 19526
19522 19527 19523
19526 19523 19527
19527 19522 19528
19522 19529 19528
19529 19522 19530
19520 19530 19522
19530 19520 19531
19532 19530 19531
19530 19532 19533
19528 19534 19527
19526 19527 19534
19526 19534 19535
19534 19528 19536
19537 19528 19529
19528 19537 19536
19538 19535 19534
19535 19538 19539
19540 19539 19538
19538 19541 19540
19541 19538 19542
19542 19534 19536
19534 19542 19538
19537 19542 19536
19543 19541 19542
19542 19537 19543
19541 19543 19544
19543 19545 19544
19537 19545 19543
19545 19537 19546
19547 19546 19537
19547 19537 19529
19529 19530 19547
19547 19530 19533
19548 19195 19201
19195 19548 19194
19201 19549 19548
19549 19201 19203
19203 19550 19549
19550 19203 19211
19217 19550 19211
19550 19217 19551
19550 19551 19247
19549 19251 19548
19549 19550 19251
19550 19247 19251
19221 19551 19217
19551 19221 19227
19232 19551 19227
19232 19247 19551
19187 19194 19548
19251 19187 19548
19249 19187 19251
19187 19249 19182
19179 19182 19249
19552 19233 19229
19233 19552 19241
19230 19552 19229
19240 19241 19553
19554 19240 19553
19240 19554 19555
19556 19555 19554
19555 19556 19557
19557 19558 19555
19558 19240 19555
19558 19557 19559
19560 19558 19559
19558 19560 19561
19562 19561 19560
19561 19562 19563
19560 19564 19562
19564 19560 19565
19559 19565 19560
19565 19559 19566
19567 19559 19557
19559 19567 19566
19557 19568 19567
19568 19557 19556
19561 19235 19558
19235 19561 19236
19563 19236 19561
19565 19569 19564
19569 19565 19570
19566 19570 19565
19571 19569 19570
19572 19571 19570
19570 19566 19572
19571 19572 19573
19574 19571 19573
19571 19574 19575
19569 19571 19575
19576 19574 19573
19574 19576 19577
19578 19577 19576
19578 19573 19572
19573 19578 19576
19566 19578 19572
19578 19566 19567
19577 19578 19579
19567 19579 19578
19579 19567 19568
19240 19558 19235
19236 19563 19238
19228 19580 19231
19580 19228 19223
19223 19222 19580
19422 19580 19222
19581 19582 19583
19582 19584 19583
19584 19582 19585
19586 19584 19585
19584 19586 19587
19586 19588 19587
19291 19587 19588
19587 19291 19290
19302 19587 19290
19587 19302 19584
19302 19583 19584
19583 19302 19300
19301 19583 19300
19583 19301 19581
19586 19589 19588
19585 19589 19586
19589 19590 19588
19590 19589 19591
19591 19592 19590
19592 19591 19593
19594 19593 19591
19593 19594 19595
19596 19595 19594
19595 19596 19597
19598 19597 19596
19597 19598 19599
19600 19596 19594
19600 19591 19589
19591 19600 19594
19596 19600 19601
19601 19598 19596
19598 19601 19581
19589 19585 19600
19585 19601 19600
19601 19585 19582
19581 19601 19582
19593 19602 19592
19602 19593 19603
19595 19603 19593
19604 19602 19603
19605 19604 19603
19603 19595 19605
19604 19605 19606
19605 19607 19606
19607 19605 19608
19599 19608 19597
19608 19609 19607
19608 19599 19609
19610 19606 19607
19609 19610 19607
19606 19610 19611
19612 19606 19611
19606 19612 19604
19604 19612 19602
19595 19608 19605
19608 19595 19597
19613 19610 19609
19610 19613 19614
19615 19614 19613
19616 19610 19614
19610 19616 19611
19616 19612 19611
19612 19616 19617
19618 19612 19617
19612 19618 19602
19615 19613 19619
19617 19620 19618
19620 19621 19618
19620 19622 19621
19623 19615 19619
19623 19619 19624
19625 19623 19624
19623 19625 19626
19627 19626 19625
19626 19627 19622
19622 19627 19621
19628 19629 19630
19629 19628 19631
19632 19628 19630
19628 19632 19633
19628 19634 19631
19634 19628 19635
19636 19628 19633
19628 19636 19635
19637 19270 19638
19270 19637 19268
19639 19268 19637
19268 19639 19272
19639 19279 19272
19279 19639 19640
19640 19281 19279
19281 19640 19641
19642 19641 19640
19641 19642 19643
19644 19643 19642
19644 19645 19643
19646 19645 19644
19645 19646 19647
19648 19644 19642
19644 19648 19646
19640 19648 19642
19648 19640 19639
19648 19649 19646
19649 19648 19650
19651 19649 19650
19652 19646 19649
19646 19652 19647
19651 19652 19649
19648 19637 19650
19637 19648 19639
19638 19650 19637
19650 19638 19651
19653 19652 19651
19652 19653 19654
19654 19647 19652
19653 19655 19654
19656 19654 19655
19654 19656 19657
19647 19654 19657
19658 19657 19656
19657 19658 19659
19659 19647 19657
19660 19659 19658
19659 19660 19661
19655 19653 19662
19661 19645 19659
19647 19659 19645
19645 19661 19643
19663 19660 19658
19656 19663 19658
19660 19663 19664
19664 19663 19665
19666 19665 19663
19663 19656 19666
19665 19666 19667
19666 19668 19667
19668 19666 19669
19670 19668 19669
19671 19667 19668
19670 19671 19668
19667 19671 19672
19673 19667 19672
19667 19673 19665
19673 19664 19665
19656 19669 19666
19669 19656 19655
19655 19670 19669
19670 19655 19662
19674 19671 19670
19671 19674 19675
19676 19675 19674
19671 19677 19672
19677 19671 19675
19677 19673 19672
19673 19677 19678
19679 19673 19678
19673 19679 19664
19676 19674 19680
19681 19676 19680
19681 19680 19682
19682 19683 19681
19683 19682 19684
19685 19683 19684
19683 19685 19686
19685 19687 19686
19687 19688 19686
19687 19679 19688
19679 19678 19688
19689 19690 19691
19690 19689 19215
19215 19692 19690
19692 19215 19214
19208 19692 19214
19692 19208 19693
19209 19693 19208
19693 19209 19694
19693 19695 19692
19695 19693 19696
19697 19696 19693
19697 19693 19694
19698 19691 19690
19699 19692 19695
19692 19699 19690
19698 19690 19699
19697 19700 19696
19700 19695 19696
19695 19700 19701
19700 19702 19701
19702 19703 19701
19695 19703 19699
19703 19695 19701
19698 19699 19703
19703 19702 19704
19702 19705 19704
19705 19702 19706
19702 19707 19706
19707 19702 19708
19702 19700 19708
19707 19708 19709
19710 19705 19706
19705 19710 19711
19706 19712 19710
19712 19706 19707
19709 19712 19707
19713 19708 19700
19708 19713 19714
19709 19708 19714
19715 19703 19704
19715 19704 19716
19716 19704 19705
19716 19705 19711
19716 19711 19717
19718 19717 19711
19717 19718 19719
19720 19719 19718
19718 19721 19720
19721 19718 19722
19722 19711 19710
19711 19722 19718
19712 19722 19710
19723 19721 19722
19722 19712 19723
19721 19723 19724
19725 19724 19723
19712 19725 19723
19725 19712 19726
19709 19726 19712
19703 19715 19727
19698 19703 19727
19728 19729 19730
19729 19728 19731
19732 19728 19730
19728 19732 19733
19728 19734 19731
19734 19728 19735
19728 19736 19735
19736 19728 19733
19737 19738 19739
19738 19737 19740
19741 19737 19739
19737 19741 19742
19737 19743 19740
19743 19737 19744
19737 19745 19744
19745 19737 19742
19746 19747 19748
19747 19746 19749
19748 19750 19746
19750 19748 19751
19752 19750 19751
19750 19752 19753
19754 19753 19752
19753 19754 19755
19747 19756 19748
19756 19747 19757
19758 19748 19756
19748 19758 19751
19758 19752 19751
19759 19754 19752
19752 19758 19759
19754 19759 19760
19761 19746 19750
19753 19761 19750
19746 19761 19762
19763 19762 19761
19764 19763 19761
19755 19764 19753
19761 19753 19764
19763 19764 19765
19765 19345 19763
19345 19766 19763
19762 19763 19766
19766 19345 19346
19346 19347 19766
19347 19762 19766
19345 19765 19767
19329 19345 19767
19767 19330 19329
19330 19767 19768
19768 19767 19765
19764 19768 19765
19345 19329 19336
19749 19762 19347
19762 19749 19746
19764 19755 19768
19769 19770 19771
19772 19771 19770
19771 19772 19773
19774 19773 19772
19775 19774 19772
19774 19775 19776
19775 19777 19776
19777 19775 19778
19779 19777 19778
19777 19779 19760
19773 19774 19757
19778 19780 19779
19780 19778 19781
19782 19780 19781
19783 19777 19760
19760 19759 19783
19759 19784 19783
19784 19777 19783
19777 19784 19776
19784 19774 19776
19784 19759 19758
19756 19784 19758
19756 19757 19785
19784 19756 19785
19774 19784 19785
19757 19774 19785
19782 19786 19780
19782 19787 19786
19787 19782 19788
19769 19787 19788
19787 19769 19789
19769 19771 19789
19790 19791 19792
19791 19790 19793
19794 19791 19793
19791 19794 19795
19791 19796 19792
19796 19791 19797
19798 19791 19795
19791 19798 19797
19138 19799 19800
19799 19138 19801
19800 19125 19138
19125 19800 19139
19138 19802 19801
19802 19138 19124
19124 19122 19802
19802 19803 19801
19803 19802 19804
19802 19805 19804
19805 19802 19122
19122 19806 19805
19806 19122 19119
19119 19807 19806
19807 19119 19117
19117 19808 19807
19808 19117 19116
19116 19809 19808
19809 19116 19123
19810 19801 19803
19801 19810 19799
19309 19287 19274
19276 19309 19274
19311 19309 19276
19277 19311 19276
19277 19284 19311
19284 19312 19311
19309 19811 19287
19309 19307 19811
19293 19287 19811
19298 19293 19811
19298 19811 19303
19811 19307 19303
19363 19314 19312
19314 19363 19321
19341 19322 19321
19323 19322 19341
19341 19326 19323
19113 19324 19112
19094 19126 19097
19126 19094 19095
19097 19130 19098
19144 19319 19130
19297 19304 19317
19205 19456 19210
19456 19205 19204
19517 19531 19520
19531 19517 19518
19519 19531 19518
19532 19531 19519
19812 19813 19814
19813 19812 19815
19812 19816 19815
19816 19812 19817
19818 19812 19814
19812 19818 19819
19812 19820 19817
19820 19812 19819
19320 19092 19091
19092 19320 19101
19424 19440 19426
19697 19713 19700
19821 19822 19823
19822 19821 19824
19825 19823 19822
19823 19825 19826
19827 19826 19825
19826 19827 19828
19829 19828 19827
19828 19829 19830
19831 19830 19829
19830 19831 19832
19833 19832 19831
19832 19833 19834
19835 19834 19833
19834 19835 19836
19837 19836 19835
19836 19837 19838
19839 19838 19837
19838 19839 19840
19841 19840 19839
19840 19841 19842
19843 19842 19841
19842 19843 19844
19824 19844 19843
19844 19824 19821
19845 19846 19847
19848 19845 19847
19845 19848 19849
19850 19849 19848
19849 19850 19851
19850 19852 19851
19852 19850 19853
19854 19852 19853
19852 19854 19855
19854 19856 19855
19857 19858 19859
19860 19857 19859
19857 19860 19861
19862 19861 19860
19861 19862 19863
19864 19863 19862
19863 19864 19865
19866 19865 19864
19865 19866 19867
19868 19867 19866
19869 19870 19871
19870 19869 19872
19871 19873 19869
19873 19871 19874
19874 19875 19873
19875 19874 19876
19876 19877 19875
19877 19876 19878
19878 19879 19877
19879 19878 19880
19880 19881 19879
19881 19880 19882
19882 19883 19881
19883 19882 19884
19884 19885 19883
19885 19884 19886
19886 19887 19885
19887 19886 19888
19888 19889 19887
19889 19888 19890
19890 19891 19889
19891 19890 19892
19892 19872 19891
19872 19892 19870
19893 19894 19895
19893 19896 19894
19896 19893 19897
19897 19898 19896
19898 19897 19899
19900 19898 19899
19898 19900 19901
19900 19902 19901
19902 19900 19903
19902 19903 19904
19905 19906 19907
19905 19908 19906
19908 19905 19909
19909 19910 19908
19910 19909 19911
19911 19912 19910
19912 19911 19913
19913 19914 19912
19914 19913 19915
19916 19914 19915
19917 19918 19919
19918 19917 19920
19921 19919 19918
19919 19921 19922
19921 19923 19922
19924 19920 19917
19920 19924 19925
19926 19925 19924
19925 19926 19927
19928 19927 19926
19928 19926 19929
19928 19929 19930
19931 19928 19930
19932 19931 19930
19931 19932 19933
19934 19933 19932
19933 19934 19935
19936 19935 19934
19935 19936 19937
19938 19937 19936
19923 19939 19938
19937 19938 19939
19923 19938 19940
19923 19940 19922
19941 19942 19943
19942 19941 19944
19942 19945 19943
19945 19942 19946
19945 19946 19947
19941 19948 19944
19948 19941 19949
19949 19950 19948
19950 19949 19951
19950 19951 19952
19953 19954 19955
19956 19954 19953
19954 19956 19957
19956 19958 19957
19958 19956 19959
19959 19960 19958
19960 19959 19961
19961 19962 19960
19962 19961 19963
19962 19963 19964
19965 19966 19967
19966 19965 19968
19967 19969 19965
19969 19967 19970
19970 19971 19969
19971 19970 19972
19972 19973 19971
19973 19972 19974
19974 19975 19973
19975 19974 19976
19976 19977 19975
19977 19976 19978
19978 19979 19977
19979 19978 19980
19980 19981 19979
19981 19980 19982
19982 19983 19981
19983 19982 19984
19984 19985 19983
19985 19984 19986
19986 19987 19985
19987 19986 19988
19988 19968 19987
19968 19988 19966
19989 19990 19991
19989 19992 19990
19992 19989 19993
19993 19994 19992
19994 19993 19995
19995 19996 19994
19996 19995 19997
19997 19998 19996
19998 19997 19999
20000 19998 19999
20001 20002 20003
20001 20004 20002
20004 20001 20005
20005 20006 20004
20006 20005 20007
20007 20008 20006
20008 20007 20009
20010 20008 20009
20008 20010 20011
20011 20010 20012
20013 20014 20015
20014 20013 20016
20015 20017 20013
20017 20015 20018
20018 20019 20017
20019 20018 20020
20016 20021 20014
20021 20016 20022
20019 20020 20023
20020 20024 20023
20023 20024 20025
20025 20026 20023
20025 20027 20026
20027 20025 20028
20028 20029 20027
20029 20028 20030
20030 20031 20029
20031 20030 20032
20032 20033 20031
20033 20032 20034
20035 20021 20022
20033 20034 20035
20034 20036 20035
20035 20036 20021
20037 20038 20039
20037 20040 20038
20040 20037 20041
20041 20042 20040
20042 20041 20043
20044 20042 20043
20042 20044 20045
20044 20046 20045
20046 20044 20047
20046 20047 20048
20049 20050 20051
20049 20052 20050
20052 20049 20053
20053 20054 20052
20054 20053 20055
20055 20056 20054
20056 20055 20057
20057 20058 20056
20058 20057 20059
20060 20058 20059
20061 20062 20063
20062 20061 20064
20063 20065 20061
20065 20063 20066
20066 20067 20065
20067 20066 20068
20068 20069 20067
20069 20068 20070
20070 20071 20069
20071 20070 20072
20072 20073 20071
20073 20072 20074
20074 20075 20073
20075 20074 20076
20076 20077 20075
20077 20076 20078
20078 20079 20077
20079 20078 20080
20080 20081 20079
20081 20080 20082
20082 20083 20081
20083 20082 20084
20084 20064 20083
20064 20084 20062
20085 20086 20087
20085 20088 20086
20088 20085 20089
20089 20090 20088
20090 20089 20091
20092 20090 20091
20090 20092 20093
20092 20094 20093
20094 20092 20095
20094 20095 20096
20097 20098 20099
20097 20100 20098
20100 20097 20101
20101 20102 20100
20102 20101 20103
20103 20104 20102
20104 20103 20105
20105 20106 20104
20106 20105 20107
20108 20106 20107
20109 20110 20111
20110 20109 20112
20111 20113 20109
20113 20111 20114
20114 20115 20113
20115 20114 20116
20116 20117 20115
20117 20116 20118
20118 20119 20117
20119 20118 20120
20120 20121 20119
20121 20120 20122
20122 20123 20121
20123 20122 20124
20124 20125 20123
20125 20124 20126
20126 20127 20125
20127 20126 20128
20128 20129 20127
20129 20128 20130
20130 20131 20129
20131 20130 20132
20132 20112 20131
20112 20132 20110
20133 20134 20135
20133 20136 20134
20136 20133 20137
20137 20138 20136
20138 20137 20139
20140 20138 20139
20138 20140 20141
20140 20142 20141
20142 20140 20143
20142 20143 20144
20145 20146 20147
20145 20148 20146
20148 20145 20149
20149 20150 20148
20150 20149 20151
20151 20152 20150
20152 20151 20153
20153 20154 20152
20154 20153 20155
20156 20154 20155
20157 20158 20159
20159 20158 20160
20161 20157 20159
20161 20162 20157
20162 20161 20163
20163 20164 20162
20164 20163 20165
20165 20166 20164
20166 20165 20167
20167 20168 20166
20168 20167 20169
20159 20160 20170
20160 20171 20170
20171 20160 20172
20172 20173 20171
20173 20172 20174
20174 20175 20173
20175 20174 20176
20176 20177 20175
20177 20176 20178
20177 20178 20179
20179 20168 20169
20178 20180 20179
20179 20180 20168
20181 20182 20183
20182 20181 20184
20185 20182 20184
20182 20185 20186
20187 20186 20185
20186 20187 20188
20189 20188 20187
20188 20189 20190
20189 20191 20190
20183 20192 20181
20193 20194 20195
20196 20193 20195
20193 20196 20197
20198 20197 20196
20197 20198 20199
20200 20199 20198
20199 20200 20201
20200 20202 20201
20202 20200 20203
20203 20204 20202
20205 20206 20207
20206 20205 20208
20207 20209 20205
20209 20207 20210
20210 20211 20209
20211 20210 20212
20212 20213 20211
20213 20212 20214
20214 20215 20213
20215 20214 20216
20216 20217 20215
20217 20216 20218
20218 20219 20217
20219 20218 20220
20220 20221 20219
20221 20220 20222
20222 20223 20221
20223 20222 20224
20224 20225 20223
20225 20224 20226
20226 20227 20225
20227 20226 20228
20228 20208 20227
20208 20228 20206
20229 20230 20231
20230 20229 20232
20231 20233 20229
20234 20230 20232
20230 20234 20235
20236 20235 20234
20235 20236 20237
20238 20237 20236
20237 20238 20239
20238 20240 20239
20241 20242 20243
20242 20241 20244
20244 20245 20242
20243 20246 20241
20246 20243 20247
20247 20248 20246
20248 20247 20249
20249 20250 20248
20250 20249 20251
20250 20251 20252
20253 20254 20255
20254 20253 20256
20256 20257 20254
20257 20256 20258
20259 20257 20258
20257 20259 20260
20261 20260 20259
20260 20261 20262
20263 20262 20261
20262 20263 20264
20265 20266 20267
20266 20265 20268
20269 20266 20268
20266 20269 20270
20271 20272 20273
20272 20271 20274
20271 20275 20274
20275 20271 20276
20277 20278 20279
20279 20280 20277
20280 20279 20281
20282 20280 20281
20281 20283 20282
20283 20281 20284
20285 20283 20284
20283 20285 20286
20287 20286 20285
20288 20287 20285
20287 20288 20289
20288 20290 20289
20288 20291 20290
20291 20288 20292
20278 20293 20279
20292 20294 20291
20294 20292 20295
20295 20296 20294
20295 20297 20296
20297 20295 20298
20297 20298 20299
20298 20300 20299
20300 20298 20301
20302 20300 20301
20300 20302 20303
20303 20302 20304
20305 20304 20302
20304 20305 20306
20306 20305 20307
20307 20305 20308
20309 20310 20293
20309 20308 20310
20311 20312 20313
20312 20311 20314
20312 20315 20313
20315 20312 20316
20317 20314 20311
20314 20317 20318
20317 20319 20318
20319 20317 20320
20316 20321 20315
20321 20316 20322
20321 20322 20323
20324 20321 20323
20325 20324 20323
20326 20319 20320
20319 20326 20327
20326 20328 20327
20328 20326 20329
20329 20330 20328
20330 20329 20331
20332 20330 20331
20330 20332 20333
20334 20333 20332
20333 20334 20335
20334 20336 20335
20324 20336 20334
20325 20336 20324
20337 20338 20339
20340 20341 20342
20343 20344 20345
20346 20347 20348
20349 20350 20351
20352 20350 20349
20350 20352 20353
20354 20353 20352
20355 20353 20354
20353 20355 20356
20355 20357 20356
20357 20355 20358
20359 20357 20358
20359 20360 20357
20360 20359 20361
20360 20361 20362
20362 20363 20360
20363 20362 20364
20351 20350 20365
20364 20366 20363
20366 20364 20367
20366 20367 20368
20369 20366 20368
20366 20369 20370
20369 20371 20370
20372 20370 20371
20370 20372 20373
20372 20374 20373
20374 20372 20375
20375 20376 20374
20376 20377 20374
20377 20376 20378
20378 20379 20377
20379 20380 20377
20381 20365 20382
20381 20382 20380
20383 20384 20385
20384 20383 20386
20387 20384 20386
20384 20387 20388
20385 20389 20383
20389 20385 20390
20391 20389 20390
20389 20391 20392
20393 20388 20387
20388 20393 20394
20393 20395 20394
20396 20395 20393
20397 20395 20396
20391 20398 20392
20398 20391 20399
20400 20398 20399
20398 20400 20401
20402 20401 20400
20401 20402 20403
20402 20404 20403
20404 20402 20405
20405 20406 20404
20406 20405 20407
20406 20407 20408
20396 20406 20408
20397 20396 20408
20409 20410 20411
20412 20413 20414
20415 20416 20417
20418 20419 20420
20421 20422 20423
20422 20421 20424
20425 20426 20427
20426 20425 20428
20425 20429 20428
20429 20425 20430
20431 20432 20433
20433 20434 20431
20434 20433 20435
20431 20436 20432
20436 20437 20432
20433 20432 20438
20432 20439 20438
20440 20434 20435
20434 20440 20441
20441 20440 20442
20441 20442 20443
20443 20442 20444
20440 20445 20442
20442 20445 20446
20447 20448 20449
20448 20447 20450
20451 20452 20453
20452 20451 20454
20455 20451 20453
20451 20455 20456
20457 20458 20459
20458 20457 20460
20461 20462 20463
20462 20461 20464
20465 20466 20467
20466 20465 20468
20469 20470 20471
20470 20469 20472
20473 20474 20475
20474 20473 20476
20476 20477 20474
20478 20477 20476
20477 20478 20479
20477 20480 20474
20480 20477 20481
20482 20483 20484
20483 20482 20485
20486 20487 20488
20487 20486 20489
20490 20491 20492
20491 20490 20493
20494 20495 20496
20495 20494 20497
20498 20499 20500
20499 20498 20501
20502 20503 20504
20503 20502 20505
20506 20507 20508
20507 20506 20509
20509 20506 20510
20510 20511 20509
20511 20510 20512
20513 20510 20506
20510 20513 20514
20515 20516 20517
20516 20515 20518
20519 20520 20521
20520 20519 20522
20519 20523 20522
20523 20519 20524
20525 20526 20527
20527 20528 20525
20528 20527 20529
20525 20530 20526
20530 20531 20526
20527 20526 20532
20526 20533 20532
20534 20528 20529
20528 20534 20535
20535 20534 20536
20535 20536 20537
20537 20536 20538
20534 20539 20536
20536 20539 20540
20541 20542 20543
20542 20541 20544
20545 20546 20547
20546 20545 20548
20549 20545 20547
20545 20549 20550
20551 20552 20553
20552 20551 20554
20555 20556 20557
20556 20555 20558
20559 20560 20561
20560 20559 20562
20563 20564 20565
20564 20563 20566
20567 20568 20569
20568 20567 20570
20570 20571 20568
20572 20571 20570
20571 20572 20573
20571 20574 20568
20574 20571 20575
20576 20577 20578
20577 20576 20579
20580 20581 20582
20581 20580 20583
20584 20585 20586
20585 20584 20587
20588 20589 20590
20589 20588 20591
20592 20593 20594
20593 20592 20595
20596 20597 20598
20597 20596 20599
20600 20601 20602
20601 20600 20603
20603 20600 20604
20604 20605 20603
20605 20604 20606
20607 20604 20600
20604 20607 20608
20609 20610 20611
20610 20609 20612
20612 20613 20610
20613 20612 20614
20615 20613 20614
20613 20615 20616
20617 20616 20615
20616 20617 20618
20619 20620 20621
20619 20621 20622
20621 20623 20622
20623 20621 20624
20625 20620 20619
20625 20626 20620
20626 20627 20620
20626 20628 20627
20629 20627 20628
20627 20629 20630
20631 20632 20633
20632 20631 20634
20632 20635 20633
20635 20632 20636
20636 20637 20635
20637 20636 20638
20631 20639 20634
20639 20631 20640
20641 20639 20640
20639 20641 20642
20641 20643 20642
20643 20641 20644
20645 20643 20644
20643 20645 20646
20647 20646 20645
20646 20647 20648
20649 20650 20651
20650 20649 20652
20653 20654 20655
20654 20653 20656
20656 20657 20654
20657 20656 20658
20659 20657 20658
20657 20659 20660
20661 20653 20655
20653 20661 20662
20659 20663 20660
20663 20659 20664
20661 20665 20662
20665 20661 20666
20667 20665 20666
20665 20667 20668
20669 20668 20667
20668 20669 20670
20669 20671 20670
20671 20663 20664
20671 20669 20672
20663 20671 20672
20673 20674 20675
20674 20673 20676
20677 20678 20679
20678 20677 20680
20681 20682 20683
20682 20681 20684
20685 20682 20684
20682 20685 20686
20687 20688 20689
20688 20687 20690
20690 20691 20688
20691 20690 20692
20693 20694 20695
20694 20693 20696
20697 20698 20699
20698 20697 20700
20701 20702 20703
20701 20704 20702
20702 20704 20705
20706 20705 20704
20707 20706 20704
20707 20708 20706
20709 20710 20711
20709 20711 20712
20709 20713 20710
20709 20714 20713
20715 20713 20714
20715 20716 20713
20715 20717 20716
20715 20718 20717
20719 20720 20721
20720 20719 20722
20723 20724 20725
20724 20723 20726
20727 20728 20729
20728 20727 20730
20731 20732 20733
20732 20731 20734
20735 20736 20737
20736 20735 20738
20739 20740 20741
20740 20739 20742
20743 20744 20745
20744 20743 20746
15864 15866 20747
19215 19689 19216
19200 19464 19199
19502 19200 19198
20748 20749 20750
20749 20748 20751
20752 20750 20749
20750 20752 20753
20754 20753 20752
20755 20751 20748
20751 20755 20756
20757 20756 20755
20756 20757 20758
20757 20759 20758
20759 20757 20760
20761 20759 20760
20759 20761 20762
20761 20760 20763
20764 20765 20766
20765 20764 20767
20768 20769 20770
20768 20771 20769
20768 20772 20771
20773 20772 20768
20773 20774 20772
20774 20773 20775
20775 20776 20774
20775 20777 20776
20777 20775 20778
20768 20770 20779
20780 20781 20782
20783 20781 20780
20781 20783 20784
20785 20782 20781
20782 20785 20786
20787 20786 20785
20788 20786 20787
20787 20789 20788
20789 20787 20790
20791 20786 20788
20792 20793 20794
20792 20795 20793
20795 20792 20796
20797 20798 20799
20798 20797 20800
20801 20802 20803
20803 20802 20804
20803 20804 20805
20805 20806 20803
20807 20806 20805
20807 20808 20806
20809 20808 20807
20810 20808 20809
20811 20810 20809
20804 20802 20812
20810 20813 20808
20811 20814 20810
20814 20811 20815
20816 20814 20815
20816 20815 20817
20818 20816 20817
20819 20818 20817
20820 20819 20817
20820 20821 20819
20822 20821 20820
20822 20823 20821
20819 20821 20824
20822 20825 20823
20825 20826 20823
20827 20826 20825
20828 20826 20827
20828 20829 20826
20827 20830 20828
20830 20831 20828
20832 20831 20830
20832 20833 20831
20833 20832 20834
20835 20833 20834
20834 20836 20835
20836 20837 20835
20837 20836 20838
20839 20837 20838
20840 20841 20842
20841 20840 20843
20844 20841 20843
20844 20843 20845
20844 20845 20812
20804 20812 20845
20840 20842 20846
20847 20848 20849
20848 20847 20850
20849 20848 20851
20852 20849 20851
20848 20853 20851
20849 20854 20847
20854 20849 20855
20847 20854 20856
20849 20857 20855
20857 20849 20852
20858 20855 20857
20855 20858 20859
20855 20859 20854
20858 20860 20859
20854 20859 20861
20854 20861 20856
20859 20862 20861
20859 20860 20862
20861 20862 20863
20856 20861 20864
20861 20863 20864
20851 20853 20865
20851 20865 20866
20867 20851 20866
20866 20865 20868
20868 20869 20866
20869 20868 20870
20871 20868 20865
20868 20871 20872
20872 20870 20868
20870 20872 20873
20873 20874 20870
20874 20873 20875
20874 20875 20876
20867 20852 20851
20867 20877 20852
20878 20872 20871
20879 20873 20872
20880 20875 20873
20880 20873 20879
20881 20874 20876
20876 20882 20881
20883 20881 20882
20881 20883 20884
20884 20885 20881
20874 20881 20885
20885 20884 20886
20886 20869 20885
20869 20886 20887
20882 20876 20888
20889 20888 20876
20888 20889 20890
20890 20891 20888
20891 20890 20892
20893 20890 20889
20894 20892 20890
20870 20885 20869
20885 20870 20874
20887 20866 20869
20866 20887 20867
20887 20895 20867
20896 20895 20887
20886 20896 20887
20896 20897 20895
20898 20897 20896
20898 20899 20897
20900 20898 20896
20901 20898 20900
20901 20902 20898
20898 20902 20899
20903 20901 20900
20904 20901 20903
20905 20904 20903
20897 20906 20895
20897 20907 20906
20897 20899 20907
20895 20906 20877
20895 20877 20867
20906 20908 20877
20906 20909 20908
20906 20907 20909
20877 20908 20857
20908 20858 20857
20908 20910 20858
20908 20909 20910
20903 20900 20884
20905 20911 20904
20904 20911 20912
20911 20913 20912
20912 20913 20914
20913 20915 20914
20914 20915 20916
20915 20917 20916
20916 20917 20918
20917 20919 20918
20918 20919 20920
20919 20921 20920
20922 20921 20919
20923 20921 20922
20922 20924 20923
20923 20924 20925
20925 20926 20923
20926 20925 20927
20925 20924 20928
20929 20923 20926
20923 20929 20930
20921 20923 20930
20931 20921 20930
20920 20921 20931
20930 20932 20931
20930 20929 20932
20929 20933 20932
20924 20934 20928
20924 20935 20934
20936 20935 20924
20936 20924 20922
20935 20937 20934
20938 20937 20935
20937 20938 20939
20940 20925 20928
20925 20940 20927
20941 20940 20928
20941 20928 20942
20942 20928 20934
20937 20943 20934
20934 20943 20942
20943 20937 20944
20939 20944 20937
20945 20941 20942
20946 20945 20942
20943 20946 20942
20945 20946 20947
20944 20939 20948
20949 20948 20939
20948 20949 20950
20949 20951 20950
20952 20943 20944
20946 20943 20952
20953 20944 20948
20954 20948 20950
20954 20953 20948
20949 20955 20951
20956 20951 20955
20955 20957 20956
20957 20955 20958
20959 20958 20955
20955 20949 20959
20958 20959 20960
20938 20960 20959
20960 20938 20961
20957 20958 20911
20958 20960 20913
20958 20913 20911
20960 20961 20915
20960 20915 20913
20951 20956 20962
20962 20963 20951
20963 20962 20964
20965 20964 20962
20964 20965 20966
20967 20963 20964
20968 20964 20966
20959 20939 20938
20939 20959 20949
20935 20961 20938
20961 20935 20936
20962 20969 20965
20969 20962 20956
20957 20969 20956
20969 20957 20970
20970 20957 20905
20970 20905 20883
20883 20971 20970
20971 20883 20882
20888 20971 20882
20971 20888 20891
20905 20903 20883
20957 20911 20905
20883 20903 20884
20936 20919 20917
20961 20936 20917
20961 20917 20915
20936 20922 20919
20884 20900 20886
20900 20896 20886
20972 20973 20974
20973 20975 20974
20975 20973 20976
20976 20977 20975
20978 20975 20977
20975 20978 20979
20980 20979 20978
20978 20981 20980
20981 20978 20977
20981 20977 20982
20983 20982 20977
20976 20983 20977
20982 20984 20981
20984 20982 20985
20983 20985 20982
20985 20983 20986
20985 20987 20984
20984 20987 20988
20987 20989 20988
20979 20980 20990
20991 20983 20976
20992 20983 20991
20992 20993 20983
20993 20986 20983
20993 20994 20986
20985 20995 20987
20986 20995 20985
20995 20996 20987
20996 20989 20987
20986 20997 20995
20994 20997 20986
20997 20998 20995
20998 20996 20995
20994 20999 20997
20999 20998 20997
20984 20988 21000
21001 20999 20994
21002 21001 20994
21002 20994 20993
20863 21001 21002
21003 21002 20993
21003 20993 20992
21004 21003 20992
21005 21003 21004
20864 21002 21003
21005 20864 21003
20864 20863 21002
21004 20992 21006
20856 20864 21005
21007 20856 21005
21007 21005 21008
21008 21005 21004
21008 21004 21009
21009 21004 21006
21006 21010 21009
21010 21006 20973
21011 21010 20973
21010 21011 21012
21012 21011 20972
20972 21011 20973
21012 20972 21013
21012 21013 21014
20973 21006 20991
20973 20991 20976
21015 21010 21012
21012 21016 21015
21014 21016 21012
21017 21015 21016
21017 21018 21015
21015 21019 21010
21018 21019 21015
21010 21019 21009
21020 21009 21019
21018 21020 21019
21021 21017 21016
21017 21021 21022
21023 21022 21021
21024 21023 21021
21024 21025 21023
21025 21024 21026
21027 21023 21025
21023 21027 21028
21023 21028 21029
21017 21022 21029
21023 21029 21022
21030 21017 21029
21018 21017 21030
21031 21018 21030
21031 21020 21018
21031 21032 21020
21008 21020 21032
21028 21033 21029
21033 21030 21029
21033 21034 21030
21034 21031 21030
21034 21035 21031
21035 21032 21031
21034 20853 21035
21035 20850 21032
21035 20848 20850
20848 21035 20853
21034 21036 20853
21037 21036 21034
21033 21037 21034
21037 21038 21036
21038 21037 21039
21036 20865 20853
20865 21036 20871
20871 21036 21038
21038 20878 20871
21040 21039 21037
21040 21037 21033
21040 21033 21041
21041 21042 21040
21039 21040 21042
21042 21041 21043
21028 21043 21041
21043 21028 21027
21028 21041 21033
20850 20847 21007
20847 20856 21007
20878 21044 20872
21045 20872 21044
20872 21045 20879
21032 20850 21007
21007 21008 21032
21020 21008 21009
21046 21047 21048
21048 21049 21046
21050 21049 21048
21051 21050 21048
21050 21052 21049
21053 21052 21050
21054 21053 21050
21054 21050 21051
21055 21054 21051
21051 21056 21055
21056 21051 21057
21047 21057 21048
21051 21048 21057
21047 21058 21057
21000 21054 21055
20988 21053 21054
21000 20988 21054
21059 21000 21055
20984 21000 21059
21055 21060 21059
21055 21061 21060
21056 21061 21055
21056 21062 21061
21063 21062 21056
21058 21063 21057
21057 21063 21056
20980 21059 21060
20980 21060 21064
21064 21060 21065
21062 21065 21061
21060 21061 21065
20980 20981 21059
20981 20984 21059
20990 20980 21064
20989 21066 20988
20988 21066 21053
21066 21067 21053
21053 21067 21052
21067 21068 21052
21052 21068 21069
21068 21070 21069
21069 21070 21071
21052 21069 21049
21049 21069 21072
21069 21071 21072
21070 21073 21071
21049 21072 21046
21074 21075 21076
21076 21075 21077
21075 21078 21077
21078 21079 21077
21074 21076 21080
21079 21081 21077
21079 21082 21081
21082 21083 21081
21083 21082 21084
21083 21084 21085
21084 21086 21085
21086 21084 21087
21088 21089 21090
21089 21091 21090
21091 21089 21092
21093 21091 21092
21093 21092 21094
21093 21094 21095
21094 21096 21095
21096 21097 21095
21097 21096 21098
21099 21097 21098
21100 21101 21102
21101 21103 21102
21101 21104 21103
21103 21104 21105
21104 21106 21105
21106 21107 21105
21100 21102 21108
21109 21100 21108
21109 21108 21110
21111 21109 21110
21111 21110 21112
21113 21111 21112
21113 21112 21114
21115 21113 21114
21115 21114 21116
21117 21115 21116
21117 21116 21118
21119 21117 21118
21120 21119 21118
21107 21121 21105
21107 21122 21121
21122 21123 21121
21123 21122 21124
21123 21124 21125
21124 21126 21125
21126 21127 21125
21126 21128 21127
21128 21129 21127
21128 21130 21129
21130 21131 21129
21130 21132 21131
21132 21133 21131
21134 21133 21132
21134 21135 21133
21134 21136 21135
21136 21137 21135
21136 21138 21137
21138 21139 21137
21140 21141 21142
21142 21143 21140
21140 21143 21144
21145 21144 21143
21144 21145 21146
21145 21147 21146
21147 21145 21148
21148 21149 21147
21149 21148 21150
21150 21151 21149
21151 21150 21152
21140 21144 21153
21152 21154 21151
21154 21155 21151
21156 21154 21152
21157 21156 21158
21158 21159 21157
21157 21159 21160
21157 21160 21161
21159 21162 21160
21162 21159 21163
21163 21164 21162
21164 21163 21165
21165 21166 21164
21166 21165 21167
21167 21168 21166
21168 21167 21169
21170 21156 21171
21172 21173 21174
21173 21172 21175
21172 21176 21175
21176 21172 21177
21178 21176 21177
21176 21178 21179
21180 21179 21178
21179 21180 21181
21182 21181 21180
21181 21182 21183
21184 21185 21186
21185 21184 21187
21188 21189 21190
21189 21188 21191
21192 21190 21189
21190 21192 21193
21188 21194 21191
21194 21188 21195
21196 21194 21195
21194 21196 21197
21198 21197 21196
21197 21198 21199
21200 21199 21198
21199 21200 21201
21202 21201 21200
21201 21202 21203
21204 21203 21202
21203 21204 21205
21206 21193 21192
21193 21206 21207
21206 21208 21207
21208 21206 21209
21209 21210 21208
21210 21209 21211
21211 21212 21210
21212 21211 21213
21213 21214 21212
21214 21213 21215
21215 21216 21214
21216 21215 21217
21217 21218 21216
21218 21217 21219
21219 21220 21218
21220 21219 21221
21221 21222 21220
21222 21221 21223
21223 21224 21222
21224 21223 21225
21225 21226 21224
21226 21225 21227
21228 21229 21230
21229 21228 21231
21231 21232 21229
21232 21231 21233
21230 21234 21228
21234 21230 21235
21233 21236 21232
21236 21233 21237
21237 21238 21236
21238 21237 21239
21240 21238 21239
21238 21240 21241
21242 21241 21240
21241 21242 21243
21244 21243 21242
21243 21244 21245
21246 21245 21244
21245 21246 21247
21248 21247 21246
21247 21248 21249
21250 21234 21235
21250 21235 21251
21251 21252 21250
21252 21253 21250
21254 21253 21252
21253 21254 21255
21256 21255 21254
21255 21256 21257
21258 21257 21256
21257 21258 21259
21252 21251 21260
21261 21249 21248
21249 21261 21262
21263 21262 21261
21262 21263 21264
21265 21264 21263
21264 21265 21266
21267 21266 21265
21266 21267 21268
21269 21270 21271
21270 21269 21272
21273 21274 21275
21274 21273 21276
21277 21273 21275
21273 21277 21278
21276 21279 21274
21279 21276 21280
21280 21281 21279
21281 21280 21282
21282 21283 21281
21283 21282 21284
21284 21285 21283
21285 21284 21286
21287 21288 21289
21290 21288 21287
21290 21287 21291
21290 21291 21292
21290 21292 21293
21288 21294 21289
21289 21294 21295
21294 21296 21295
21296 21297 21295
21297 21296 21298
21298 21299 21297
21299 21298 21300
21300 21301 21299
21301 21300 21302
21302 21303 21301
21303 21302 21304
21304 21305 21303
21305 21304 21306
21306 21307 21305
21307 21306 21308
21309 21307 21308
21307 21309 21310
21311 21310 21309
21310 21311 21312
21313 21312 21311
21312 21313 21314
21315 21314 21313
21314 21315 21316
21317 21316 21315
21316 21317 21318
21319 21318 21317
21318 21319 21320
21321 21320 21319
21320 21321 21322
21323 21322 21321
21322 21323 21324
21325 21324 21323
21324 21325 21326
21327 21326 21325
21326 21327 21328
21329 21330 21331
21330 21329 21332
21333 21331 21330
21331 21333 21334
21335 21334 21333
21334 21335 21336
21337 21336 21335
21336 21337 21338
21339 21332 21329
21332 21339 21340
21338 21337 21341
21338 21341 21342
21337 21343 21341
21341 21343 21344
21345 21346 21347
21345 21347 21348
21349 21345 21348
21346 21350 21347
21346 21351 21350
21351 21352 21350
21352 21351 21353
21354 21352 21353
21354 21353 21355
21356 21354 21355
21355 21357 21356
21357 21358 21356
21359 21360 21016
21360 21021 21016
21021 21360 21361
21016 21014 21359
21362 21363 21364
21363 21362 21365
21366 21364 21363
21364 21366 21367
21368 21367 21366
21367 21368 21369
21368 21370 21369
21370 21368 21371
21372 21365 21362
21373 21370 21371
21370 21373 21374
21372 21375 21365
21376 21377 21378
21377 21376 21379
21380 21379 21376
21380 21381 21379
21381 21380 21382
21383 21378 21377
21378 21383 21384
21385 21384 21383
21384 21385 21386
21387 21386 21385
21386 21387 21388
21381 21382 21389
21382 21390 21389
21380 21376 21391
21376 21392 21391
21393 21394 21395
21394 21393 21396
21396 21397 21394
21397 21396 21398
21398 21399 21397
21399 21398 21400
21400 21401 21399
21401 21400 21402
21402 21403 21401
21403 21402 21404
21404 21405 21403
21405 21404 21406
21406 21407 21405
21407 21406 21408
21409 21410 20901
20901 21410 20902
21409 21411 21410
21409 21412 21411
21409 20912 21412
20912 21413 21412
20912 20914 21413
20914 21414 21413
20914 20916 21414
20916 21415 21414
20916 20918 21415
20918 21416 21415
20918 20920 21416
20920 21417 21416
20920 20931 21417
20931 21418 21417
20931 20932 21418
20932 21419 21418
20932 20933 21419
20933 21420 21419
20933 21421 21420
21421 21422 21420
21423 21421 20933
21423 21424 21421
21424 21425 21421
21425 21422 21421
20929 21423 20933
21426 21424 21423
20926 21426 21423
20926 21423 20929
21426 21427 21424
21427 21428 21424
21428 21425 21424
21426 21429 21427
21429 21426 20927
21426 20926 20927
20940 21429 20927
20940 21430 21429
20941 21430 20940
20941 21431 21430
21432 21431 20941
21432 20941 20945
21432 21433 21431
21431 21433 21434
21431 21434 21435
21430 21431 21435
21430 21435 21436
21430 21436 21429
21429 21436 21427
21435 21437 21436
21436 21438 21427
21438 21428 21427
21437 21438 21436
21438 21437 21439
21438 21440 21428
21440 21438 21439
21441 21437 21435
21441 21439 21437
21434 21441 21435
21434 21442 21441
21443 21441 21442
21441 21443 21439
21439 21443 21444
21443 21445 21444
21443 21446 21445
21443 21447 21446
21442 21447 21443
21444 21448 21439
21445 21448 21444
21439 21448 21440
21445 21449 21448
21450 21448 21449
21448 21450 21451
21451 21450 21452
21450 21453 21452
21453 21450 21454
21454 21455 21453
21453 21455 21456
21456 21452 21453
21456 21457 21452
21458 21452 21457
21451 21452 21458
21459 21457 21456
21457 21459 21460
21460 21458 21457
21456 21461 21459
21455 21461 21456
21458 21460 21462
21458 21462 21463
21460 21459 21464
21459 21465 21464
21455 21454 21466
21467 21451 21458
21448 21451 21467
21448 21467 21440
21468 21440 21467
21468 21458 21463
21468 21467 21458
21468 21463 21425
21460 21464 21469
21462 21460 21469
21462 21469 21470
21462 21470 21471
21463 21462 21471
21463 21471 21422
21425 21463 21422
21422 21471 21472
21471 21473 21472
21471 21470 21473
21470 21474 21473
21470 21469 21474
21469 21475 21474
21422 21472 21420
21428 21468 21425
21440 21468 21428
21469 21464 21475
21464 21476 21475
21464 21465 21476
21465 21477 21476
21465 21478 21477
21478 21479 21477
21478 21480 21479
21481 21480 21478
21482 21478 21465
21482 21481 21478
21483 21481 21482
21484 21482 21465
21459 21484 21465
21461 21484 21459
21461 21485 21484
21485 21482 21484
21485 21483 21482
21485 21461 21486
21485 21486 21487
21485 21487 21488
21483 21485 21488
21489 21487 21486
21487 21489 21490
21488 21487 21490
21455 21486 21461
21480 21491 21479
21480 21492 21491
21492 21493 21491
21483 21494 21481
21495 21494 21483
21488 21495 21483
21494 21495 21496
21494 21497 21481
21497 21492 21480
21481 21497 21480
21495 21488 21498
21488 21490 21498
21495 21498 21499
21496 21495 21499
21492 21500 21493
21500 21501 21493
21502 21500 21492
21497 21502 21492
21503 21502 21497
21494 21503 21497
21503 21494 21496
21504 21505 21506
21507 21505 21504
21504 21508 21507
21509 21507 21508
21510 21507 21509
21508 21511 21509
21510 21512 21507
21507 21512 21505
21513 21512 21510
21514 21512 21513
21515 21514 21513
21514 21515 21516
21516 21517 21514
21517 21516 21518
21516 21519 21518
21518 21519 21520
21520 21517 21518
21519 21516 21521
21522 21516 21515
21516 21522 21521
21523 21524 21525
21524 21523 21526
21527 21525 21524
21525 21527 21528
21528 21529 21525
21529 21523 21525
21530 21527 21524
21526 21530 21524
21523 21529 21531
21532 21523 21531
21530 21526 21533
21533 21526 21534
21531 21535 21532
21536 21535 21531
21535 21536 21537
21535 21537 21538
21537 21539 21538
21540 21538 21539
21541 21538 21540
21542 21538 21541
21543 21538 21542
21535 21538 21543
21541 21544 21542
21544 21541 21545
21545 21541 21540
21545 21540 21546
21545 21546 21547
21546 21548 21547
21540 21539 21549
21549 21539 21550
21550 21539 21551
21536 21552 21537
21552 21539 21537
21539 21552 21551
21548 21553 21547
21548 21554 21553
21553 21554 21555
21553 21555 21556
21555 21557 21556
21556 21557 21558
21558 21557 21559
21559 21560 21558
21559 21561 21560
21561 21562 21560
21560 21562 21563
21563 21562 21564
21565 21563 21564
21564 21566 21565
21567 21565 21566
21566 21568 21567
21568 21569 21567
21569 21570 21567
21569 21571 21570
21571 21572 21570
21571 21573 21572
21574 21572 21573
21575 21574 21573
21573 21576 21575
21576 21573 21577
21577 21578 21576
21578 21577 21579
21579 21580 21578
21580 21579 21581
21582 21580 21581
21582 21583 21580
21584 21583 21582
21584 21585 21583
21586 21585 21584
21586 21587 21585
21588 21587 21586
21588 21589 21587
21590 21591 21592
21590 21592 21593
21594 21593 21592
21594 21592 21595
21590 21593 21596
21596 21593 21597
21597 21593 21594
21598 21596 21597
21591 21590 21599
21600 21591 21599
21600 21599 21601
21602 21591 21600
21591 21602 21603
21592 21591 21603
21592 21603 21595
21603 21604 21595
21602 21605 21603
21605 21604 21603
21606 21600 21601
21602 21600 21607
21607 21608 21602
21608 21605 21602
21607 21609 21608
21609 21610 21608
21611 21609 21607
21607 21612 21611
21612 21613 21611
21613 21609 21611
21614 21612 21607
21607 21600 21614
21605 21608 21615
21604 21605 21615
21604 21615 21616
21617 21615 21608
21608 21610 21617
21615 21617 21618
21618 21616 21615
21618 21619 21616
21616 21619 21620
21616 21620 21621
21622 21619 21618
21623 21619 21622
21619 21623 21620
21622 21624 21623
21604 21616 21621
21604 21621 21595
21625 21626 21624
21626 21625 21627
21628 21627 21625
21627 21628 21629
21630 21629 21628
21629 21630 21631
21632 21631 21630
21631 21632 21633
21634 21633 21632
21633 21634 21635
21636 21635 21634
21635 21636 21637
21636 21638 21637
21638 21636 21639
21640 21638 21639
21638 21640 21641
21642 21641 21640
21641 21642 21643
21644 21643 21642
21643 21644 21645
21646 21645 21644
21645 21646 21647
21648 21647 21646
21647 21648 21649
21650 21651 21652
21653 21651 21650
21651 21653 21654
21654 21653 21655
21655 21656 21654
21656 21655 21657
21657 21658 21656
21658 21657 21659
21660 21658 21659
21658 21660 21661
21662 21661 21660
21661 21662 21663
21664 21663 21662
21663 21664 21665
21664 21666 21665
21666 21664 21667
21667 21668 21666
21668 21667 21669
21670 21668 21669
21668 21670 21671
21670 21672 21671
21672 21670 21673
21674 21672 21673
21673 21675 21674
21676 21674 21675
21674 21676 21677
21678 21677 21676
21677 21678 21679
21680 21679 21678
21679 21680 21681
21682 21681 21680
21681 21682 21683
21652 21683 21682
21683 21652 21651
21684 21685 21686
21685 21684 21687
21688 21687 21684
21687 21688 21689
21686 21685 21690
21691 21686 21690
21692 21693 21694
21693 21692 21695
21696 21692 21694
21694 21693 21697
21693 21698 21697
21693 21695 21698
21695 21699 21698
21695 21700 21699
21701 21702 21703
21701 21704 21702
21703 21705 21701
21701 21705 21706
21706 21705 21707
21707 21708 21706
21707 21709 21708
21708 21709 21710
21708 21710 21711
21710 21712 21711
21712 21713 21711
21712 21714 21713
21714 21715 21713
21716 21704 21717
21716 21717 21718
21718 21719 21716
21719 21718 21720
21720 21721 21719
21721 21720 21722
21722 21723 21721
21723 21722 21724
21724 21725 21723
21725 21724 21726
21726 21727 21725
21727 21726 21728
21728 21729 21727
21729 21728 21730
21730 21731 21729
21731 21730 21732
21733 21734 21735
21734 21733 21736
21735 21737 21733
21737 21735 21738
21739 21737 21738
21737 21739 21740
21741 21740 21739
21740 21741 21742
21743 21742 21741
21742 21743 21744
21745 21744 21743
21744 21745 21746
21747 21746 21745
21746 21747 21748
21749 21748 21747
21748 21749 21750
21751 21750 21749
21750 21751 21752
21751 21753 21752
21753 21751 21754
21754 21755 21753
21755 21754 21756
21756 21757 21755
21757 21756 21758
21758 21759 21757
21759 21758 21760
21760 21761 21759
21761 21760 21762
21762 21763 21761
21763 21762 21764
21765 21763 21764
21766 21767 21768
21767 21766 21769
21768 21770 21766
21770 21768 21771
21771 21772 21770
21772 21771 21773
21773 21774 21772
21774 21773 21775
21775 21736 21774
21736 21775 21734
21776 21777 21778
21777 21776 21779
21778 21780 21776
21780 21778 21781
21781 21782 21780
21782 21781 21783
21784 21782 21783
21782 21784 21785
21779 21786 21777
21786 21779 21787
21787 21788 21786
21788 21787 21789
21790 21788 21789
21788 21790 21791
21792 21793 21794
21793 21792 21795
21533 21792 21794
21792 21533 21796
21796 21533 21534
21793 21795 21797
21798 21799 21800
21799 21801 21800
21802 21801 21799
21802 21799 21803
21802 21804 21801
21804 21802 21805
21806 21804 21805
21804 21806 21807
21808 21807 21806
21807 21808 21809
21810 21809 21808
21809 21810 21811
21812 21811 21810
21811 21812 21813
21814 21798 21815
21816 21814 21815
21814 21816 21817
21816 21818 21817
21818 21816 21819
21819 21820 21818
21820 21819 21821
21821 21822 21820
21822 21821 21823
21823 21824 21822
21824 21823 21825
21825 21826 21824
21826 21825 21827
21828 21826 21827
21826 21828 21829
21830 21829 21828
21829 21830 21831
21832 21831 21830
21831 21832 21833
21834 21833 21832
21833 21834 21835
21836 21835 21834
21835 21836 21837
21838 21837 21836
21837 21838 21839
21838 21840 21839
21840 21838 21841
21840 21841 21842
21841 21843 21842
21844 21842 21843
21844 21845 21842
21844 21846 21845
21846 21844 21847
21847 21848 21846
21848 21847 21849
21849 21850 21848
21850 21849 21851
21851 21852 21850
21852 21851 21853
21854 21852 21853
21852 21854 21855
21856 21857 21858
21859 21860 21861
21860 21862 21861
21862 21860 21863
21864 21862 21863
21862 21864 21865
21866 21860 21859
21867 21868 21869
21868 21867 21870
21870 21871 21868
21871 21870 21872
21871 21872 21873
21874 21873 21872
21874 21875 21873
21875 21874 21876
21871 21873 21877
21878 21879 21880
21879 21878 21881
21879 21881 21882
21882 21883 21879
21883 21882 21884
21883 21884 21885
21886 21885 21884
21887 21886 21884
21884 21888 21887
21889 21887 21888
21889 21888 21890
21889 21890 21891
21892 21891 21890
21893 21892 21890
21890 21894 21893
21895 21893 21894
21895 21894 21896
21895 21896 21897
21898 21897 21896
21898 21896 21899
21898 21899 21900
21901 21902 21903
21902 21901 21904
21904 21905 21902
21905 21904 21906
21906 21907 21905
21907 21906 21908
21908 21909 21907
21909 21908 21910
21910 21880 21909
21880 21910 21878
21911 21912 21913
21912 21911 21914
21913 21915 21911
21915 21913 21916
21916 21917 21915
21917 21916 21918
21918 21919 21917
21919 21918 21920
21920 21921 21919
21921 21920 21922
21923 21921 21922
21921 21923 21924
21925 21926 21927
21926 21925 21928
21929 21925 21927
21930 21931 21932
21931 21930 21933
21934 21933 21930
21933 21934 21935
21936 21937 21938
21937 21936 21939
21940 21938 21937
21938 21940 21941
21942 21941 21940
21941 21942 21943
21944 21943 21942
21943 21944 21945
21946 21945 21944
21945 21946 21947
21948 21939 21936
21948 21936 21949
21950 21948 21949
21948 21950 21951
21952 21939 21948
21947 21946 21953
21954 21955 21956
21955 21954 21957
21957 21958 21955
21958 21957 21959
21960 21961 21962
21961 21960 21963
21963 21964 21961
21964 21963 21965
21966 21967 21968
21967 21966 21969
21970 21969 21966
21969 21970 21971
21972 21973 21974
21973 21972 21975
21975 21976 21973
21976 21975 21977
21978 21979 21980
21979 21978 21981
21982 21981 21978
21981 21982 21983
21984 21985 21986
21985 21984 21987
21987 21988 21985
21988 21987 21989
21986 21990 21984
21990 21986 21991
21991 21992 21990
21992 21991 21993
21993 21994 21992
21994 21993 21995
21994 21995 21996
21994 21996 21997
21996 21995 21998
21999 21988 21989
21988 21999 22000
22001 22000 21999
22002 22003 22004
22005 22003 22002
22006 22005 22002
22005 22006 22007
22003 22005 22008
22009 22008 22005
22006 22010 22007
22010 22006 22011
22010 22011 22012
22013 22014 22015
22014 22013 22016
22017 22018 22019
22018 22017 22020
22018 22021 22019
22022 22021 22018
22019 22021 22023
22022 22024 22021
22022 22025 22024
22022 22026 22025
22026 22022 22027
22027 22028 22026
22028 22027 22029
22030 22028 22029
22028 22030 22031
22032 22033 22034
22033 22032 22035
22036 22034 22033
22034 22036 22037
22035 22032 22038
22032 22039 22038
22039 22032 22040
22039 22040 22041
22042 22041 22040
22041 22042 22043
22039 22041 22044
22036 22045 22037
22045 22036 22046
22047 22048 22049
22048 22047 22050
22051 20889 20875
20875 22052 22051
22052 20875 22053
20880 22053 20875
20893 20889 22051
20875 20889 20876
20893 22054 20890
20894 20890 22054
20894 22055 20892
22056 22057 22058
22057 22056 22059
22058 22060 22056
22060 22058 22061
22061 22062 22060
22062 22061 22063
22064 22062 22063
22062 22064 22065
22066 22067 22068
22067 22066 22069
22070 22067 22069
22067 22070 22071
22072 22071 22070
22071 22072 22073
22074 22075 22076
22075 22074 22077
22078 22079 22080
22079 22078 22081
22082 22083 22084
22083 22082 22085
22086 22084 22083
22084 22086 22087
22088 22089 22090
22089 22088 22091
22092 22091 22088
22091 22092 22093
22094 22095 22096
22095 22094 22097
22097 22098 22095
22098 22097 22099
22100 22101 22102
22101 22100 22103
22102 22104 22100
22104 22102 22105
22106 22107 22108
22107 22106 22109
22106 22110 22109
22110 22106 22111
22111 22112 22110
22112 22111 22113
22114 22115 22116
22115 22114 22117
22118 22114 22116
22114 22118 22119
22120 22119 22118
22119 22120 22121
22122 22121 22120
22121 22122 22123
22124 22123 22122
22123 22124 22125
22126 22127 22128
22127 22126 22129
22130 22129 22126
22129 22130 22131
22132 22131 22130
22131 22132 22133
22134 22128 22127
22128 22134 22135
22136 22133 22132
22133 22136 22137
22138 22137 22136
22139 22140 22141
22140 22139 22142
22143 22141 22140
22141 22143 22144
22145 22144 22143
22144 22145 22146
22147 22142 22139
22142 22147 22148
22149 22146 22145
22146 22149 22150
22151 22150 22149
22150 22151 22152
22153 22154 22155
22154 22153 22156
22155 22157 22153
22157 22155 22158
22158 22159 22157
22156 22160 22154
22160 22156 22161
22161 22162 22160
22162 22161 22163
22163 22164 22162
22164 22163 22165
22165 22166 22164
22166 22165 22167
22167 22168 22166
22168 22167 22169
22170 22171 22172
22171 22170 22173
22174 22171 22173
22171 22174 22175
22174 22176 22175
22176 22174 22177
22172 22178 22170
22178 22172 22179
22179 22180 22178
22180 22179 22181
22181 22182 22180
22182 22181 22183
22183 22184 22182
22184 22183 22185
22185 22186 22184
22186 22185 22187
22188 22189 22190
22189 22188 22191
22192 22190 22189
22190 22192 22193
22194 22193 22192
22193 22194 22195
22196 22195 22194
22195 22196 22197
22198 22197 22196
22197 22198 22199
22200 22199 22198
22199 22200 22201
22202 22203 22204
22203 22202 22205
22206 22205 22202
22205 22206 22207
22208 22207 22206
22207 22208 22209
22210 22209 22208
22209 22210 22211
22210 22212 22211
22212 22210 22213
22213 22214 22212
22214 22213 22215
22216 22217 22218
22219 22220 22221
22220 22219 22222
22223 22224 22225
22224 22223 22226
22226 22227 22224
22227 22226 22228
22229 22227 22228
22225 22230 22223
22230 22225 22231
22231 22232 22230
22232 22231 22233
22234 22232 22233
22232 22234 22235
22236 22235 22234
22234 22237 22236
22236 22238 22235
22239 22240 22241
22240 22239 22242
22243 22244 22245
22243 22245 22246
22243 22246 22247
22243 22247 22248
22249 22243 22248
22250 22249 22248
22249 22250 22251
22251 22250 22252
22253 22251 22252
22251 22253 22254
22255 22256 22257
22257 22258 22255
22258 22257 22259
22256 22260 22257
22260 22256 22261
22262 22260 22261
22263 22262 22261
22264 22262 22263
22262 22264 22265
22266 22263 22261
22267 22268 22269
22270 22267 22269
22267 22270 22271
22272 22273 22274
22273 22272 22275
22276 22277 22278
22277 22279 22278
22277 22280 22279
22280 22277 22281
22282 22280 22281
22282 22281 22283
22284 22282 22283
22285 22284 22283
22285 22283 22286
22287 22284 22285
22287 22285 22288
22289 22287 22288
22290 22289 22288
22291 22289 22290
22292 22291 22290
22291 22292 22293
22294 22291 22293
22294 22293 22295
22296 22294 22295
22296 22295 22297
22293 22298 22295
22296 22297 22299
22299 22297 22300
22301 22299 22300
22302 22301 22300
22302 22300 22303
22301 22302 22304
22304 22302 22305
22306 22304 22305
22306 22305 22307
22307 22308 22306
22309 22308 22307
22308 22309 22310
22310 22309 22311
22311 22312 22310
22313 22312 22311
22314 22315 22316
22314 22316 22317
22318 22314 22317
22319 22318 22317
22319 22320 22318
22319 22321 22320
22279 22320 22321
22279 22321 22278
22322 22323 22324
22322 22324 22325
22324 22326 22325
22326 22327 22325
22327 22326 22328
22326 22329 22328
22328 22329 22330
22329 22331 22330
22331 22332 22330
22331 22333 22332
22334 22332 22333
22332 22334 22335
22336 22337 22338
22339 22336 22338
22340 22338 22337
22341 22340 22337
22341 22342 22340
22341 22343 22342
22342 22343 22344
22343 22345 22344
22346 22344 22345
22347 22346 22345
22348 22349 22350
22351 22349 22348
22348 22350 22352
22352 22350 22353
22352 22353 22354
22353 22355 22354
22355 22356 22354
22351 22357 22349
22358 22357 22351
22358 22359 22357
22360 22359 22358
22360 22361 22359
22362 22361 22360
22362 22363 22361
22364 22363 22362
22364 22365 22363
22365 22364 22366
22367 22365 22366
22356 22355 22368
22355 22369 22368
22368 22369 22370
22369 22371 22370
22371 22372 22370
22371 22373 22372
22372 22373 22374
22373 22375 22374
22374 22375 22376
22375 22377 22376
22376 22377 22378
22377 22379 22378
22378 22379 22380
22379 22381 22380
22382 22380 22381
22382 22381 22383
22382 22383 22384
22383 22385 22384
22384 22385 22386
22385 22387 22386
22388 22389 22390
22389 22388 22391
22388 22392 22391
22392 22393 22391
22393 22392 22394
22395 22393 22394
22393 22395 22396
22397 22396 22395
22396 22397 22398
22399 22398 22397
22398 22399 22400
22400 22399 22401
22388 22402 22392
22403 22400 22401
22399 22404 22401
22405 22406 22403
22406 22405 22407
22405 22408 22407
22405 22409 22408
22410 22407 22408
22407 22410 22411
22412 22411 22410
22411 22412 22413
22414 22413 22412
22413 22414 22415
22416 22415 22414
22415 22416 22417
22418 22419 22403
22420 22421 22422
22421 22420 22423
22424 22421 22423
22421 22424 22425
22424 22426 22425
22426 22424 22427
22427 22428 22426
22428 22427 22429
22429 22430 22428
22430 22429 22431
22432 22433 22434
22433 22432 22435
22436 22437 22438
22437 22436 22439
22438 22440 22436
22440 22438 22441
22442 22437 22439
22437 22442 22443
22442 22444 22443
22444 22442 22445
22445 22446 22444
22446 22445 22447
22447 22448 22446
22448 22447 22449
22449 22450 22448
22450 22449 22451
22451 22452 22450
22452 22451 22453
22441 22454 22440
22454 22441 22455
22456 22454 22455
22454 22456 22457
22458 22457 22456
22457 22458 22459
22460 22459 22458
22459 22460 22461
22462 22461 22460
22461 22462 22463
22464 22463 22462
22463 22464 22465
22466 22465 22464
22465 22466 22467
22468 22467 22466
22467 22468 22469
22470 22469 22468
22469 22470 22471
22472 22471 22470
22471 22472 22473
22474 22473 22472
22473 22474 22475
22476 22477 22478
22477 22476 22479
22480 22478 22477
22478 22480 22481
22482 22479 22476
22479 22482 22483
22484 22481 22480
22481 22484 22485
22486 22485 22484
22485 22486 22487
22486 22488 22487
22488 22486 22489
22489 22490 22488
22490 22489 22491
22491 22492 22490
22492 22491 22493
22493 22494 22492
22494 22493 22495
22495 22496 22494
22496 22495 22497
22498 22483 22482
22497 22499 22496
22499 22497 22500
22500 22501 22499
22501 22500 22502
22502 22503 22501
22503 22502 22504
22504 22505 22503
22505 22504 22506
22507 22498 22508
22508 22509 22507
22509 22508 22510
22510 22511 22509
22511 22510 22512
22512 22513 22511
22513 22512 22514
22515 22507 22516
22507 22515 22498
22498 22515 22483
22517 22518 22519
22518 22517 22520
22521 22522 22523
22522 22521 22524
22521 22525 22524
22525 22521 22526
22527 22523 22522
22523 22527 22528
22529 22528 22527
22528 22529 22530
22531 22530 22529
22530 22531 22532
22533 22532 22531
22532 22533 22534
22535 22536 21293
22535 22537 22536
22536 22537 22538
22539 22538 22537
22538 22539 22540
22541 22540 22539
22540 22541 22542
22543 22542 22541
22542 22543 22544
22545 22544 22543
22544 22545 22546
22547 22546 22545
22546 22547 22548
22549 22548 22547
22548 22549 22550
22549 22551 22550
22551 22549 22552
22552 22553 22551
22553 22552 22554
22554 22555 22553
22555 22554 22556
22556 22557 22555
22557 22556 22558
22558 22559 22557
22559 22558 22560
22560 22561 22559
22561 22560 22562
22562 22563 22561
22563 22562 22564
22564 22565 22563
22565 22564 22566
22566 22567 22565
22567 22566 22568
22568 22569 22567
22569 22568 22570
22571 22572 22573
22572 22571 22574
22573 22575 22571
22575 22573 22576
22576 22577 22575
22577 22576 22578
22578 22579 22577
22579 22578 22580
22574 22581 22572
22581 22574 22582
22580 22583 22579
22580 22584 22583
22579 22583 22585
22583 22586 22585
22587 22588 22589
22590 22587 22589
22591 22587 22590
22592 22591 22590
22589 22588 22593
22588 22594 22593
22595 22593 22594
22596 22595 22594
22597 22595 22596
22598 22597 22596
22597 22598 22599
22598 22600 22599
22601 21442 22602
22603 22602 21442
22603 21442 21434
21434 22604 22603
22605 22603 22604
22606 22603 22605
22607 22606 22605
22606 22607 22608
22605 22609 22607
22609 22605 22610
22605 21433 22610
21434 21433 22604
22605 22604 21433
22610 21433 21432
22602 22603 22611
21447 21442 22601
22610 22612 22609
22612 22610 22613
22610 21432 22613
22613 22614 22612
22614 22613 22615
22615 22613 21432
22615 20947 22614
20947 22615 20945
22615 21432 20945
22616 22617 22618
22617 22616 22619
22618 22620 22616
22620 22618 22621
22621 22622 22620
22622 22621 22623
22624 22622 22623
22622 22624 22625
22626 22617 22619
22624 22627 22625
22627 22624 22628
22626 22619 22629
22630 22631 22632
22631 22630 22633
22634 22631 22633
22634 22633 22635
22635 22636 22634
22632 22637 22630
22637 22632 22638
22638 22639 22637
22639 22638 22640
22640 22641 22639
22641 22640 22642
22634 22643 22631
22635 22644 22636
22636 22644 22645
22643 22646 22631
22647 22648 22649
22648 22647 22650
22651 22650 22647
22650 22651 22652
22653 22652 22651
22652 22653 22654
22655 22654 22653
22654 22655 22656
22657 22656 22655
22656 22657 22658
22659 22658 22657
22658 22659 22660
22661 22660 22659
22660 22661 22662
22663 22664 22665
22666 22663 22665
22663 22666 22667
22668 22667 22666
22669 22668 22666
22667 22668 22670
22669 22666 22671
22666 22665 22671
22672 22669 22671
22673 22672 22671
22673 22674 22672
22674 22673 22675
22676 22675 22673
22675 22676 22677
22678 22675 22677
22677 22679 22678
22679 22677 22676
22675 22678 22680
22675 22681 22674
22681 22675 22680
22682 22683 22684
22683 22682 22685
22684 22686 22682
22686 22684 22687
22687 22684 22688
22683 22688 22684
22689 22682 22686
22689 22685 22682
22688 22683 22690
22691 22690 22683
22685 22689 22692
22692 22693 22685
22690 22691 22694
22694 22695 22690
22695 22694 22696
22694 22697 22696
22696 22697 22698
22699 22698 22697
22700 22699 22697
22701 22700 22697
22702 22701 22697
22694 22702 22697
22700 22701 22703
22703 22704 22700
22704 22699 22700
22704 22705 22699
22704 22706 22705
22705 22706 22707
22699 22708 22698
22708 22709 22698
22709 22710 22698
22695 22696 22711
22698 22711 22696
22711 22698 22710
22707 22706 22712
22707 22712 22713
22712 22714 22713
22712 22715 22714
22714 22715 22716
22715 22717 22716
22717 22718 22716
22718 22717 22719
22718 22719 22720
22720 22719 22721
22719 22722 22721
22722 22723 22721
22724 22723 22722
22723 22724 22725
22726 22725 22724
22725 22726 22727
22727 22726 22728
22728 22726 22729
22728 22729 22730
22730 22729 22731
22730 22731 22732
22733 22732 22731
22734 22732 22733
22735 22732 22734
22732 22735 22736
22737 22736 22735
22736 22737 22738
22739 22738 22737
22738 22739 22740
22741 22740 22739
22741 22739 22742
22743 22741 22742
22743 22742 22744
22745 22743 22744
22745 22744 22746
22747 22745 22746
22747 22746 22748
22749 22750 22751
22750 22752 22751
22753 22752 22750
22749 22754 22750
22755 22750 22754
22755 22753 22750
22749 22756 22754
22756 22757 22754
22757 22755 22754
22758 22757 22756
22759 22749 22751
22760 22759 22751
22760 22761 22759
22762 22761 22760
22763 22760 22751
22752 22763 22751
22763 22764 22760
22764 22765 22760
22765 22764 22766
22764 22767 22766
22766 22767 22768
22768 22767 22769
22767 22764 22769
22764 22770 22769
22764 22763 22770
22769 22770 22771
22763 22772 22770
22772 22773 22770
22774 22773 22772
22752 22774 22772
22763 22752 22772
22775 22770 22773
22770 22775 22771
22773 22776 22775
22776 22773 22777
22774 22777 22773
22776 22777 22778
22774 22779 22777
22753 22779 22774
22752 22753 22774
22780 22776 22778
22781 22780 22778
22780 22781 22782
22783 22781 22778
22779 22783 22777
22777 22783 22778
22784 22785 22782
22785 22784 22786
22786 22787 22785
22787 22786 22788
22788 22789 22787
22789 22788 22790
22790 22791 22789
22791 22790 22792
22792 22793 22791
22793 22792 22794
22794 22795 22793
22795 22794 22796
22797 22795 22796
22795 22797 22798
22797 22799 22798
22799 22797 22800
22800 22801 22799
22801 22800 22802
22802 22803 22801
22803 22802 22804
22804 22805 22803
22805 22804 22806
22806 22807 22805
22807 22806 22808
22809 22810 22811
22811 22812 22809
22812 22811 22813
22813 22814 22812
22815 22814 22813
22814 22815 22816
22817 22816 22815
22816 22817 22818
22817 22819 22818
22819 22817 22820
22820 22821 22819
22821 22820 22822
22822 22823 22821
22823 22822 22824
22825 22823 22824
22823 22825 22826
22827 22826 22825
22826 22827 22828
22827 22829 22828
22829 22827 22830
22831 22829 22830
22829 22831 22832
22833 22832 22831
22832 22833 22834
22833 22835 22834
22835 22833 22836
22836 22837 22835
22837 22836 22838
22838 22839 22837
22839 22838 22840
22840 22841 22839
22841 22840 22842
22842 22810 22841
22810 22842 22811
22843 22844 22845
22844 22843 22846
22845 22847 22843
22847 22845 22848
22846 22849 22844
22850 22849 22846
22851 22852 22853
22852 22854 22853
22852 22855 22854
22856 22855 22852
22851 22856 22852
22857 22851 22853
22855 22858 22854
22854 22858 22859
22860 22861 22862
22860 22862 22863
22861 22860 22864
22860 22865 22864
22865 22866 22864
22866 22865 22867
22866 22867 22868
22867 22869 22868
22867 22870 22869
22869 22870 22871
22870 22872 22871
22871 22872 22873
22872 22874 22873
22875 22876 22863
22875 22877 22876
22878 22877 22875
22877 22878 22879
22880 22879 22878
22879 22880 22881
22882 22881 22880
22881 22882 22883
22884 22883 22882
22883 22884 22885
22886 22885 22884
22885 22886 22887
22888 22887 22886
22887 22888 22889
22890 22889 22888
22889 22890 22891
22892 22893 22894
22893 22892 22895
22896 22894 22893
22894 22896 22897
22896 22898 22897
22898 22896 22899
22899 22900 22898
22900 22899 22901
22901 22902 22900
22902 22901 22903
22903 22904 22902
22904 22903 22905
22905 22906 22904
22906 22905 22907
22907 22908 22906
22908 22907 22909
22909 22910 22908
22910 22909 22911
22912 22910 22911
22910 22912 22913
22914 22913 22912
22913 22914 22915
22916 22915 22914
22915 22916 22917
22918 22917 22916
22917 22918 22919
22920 22919 22918
22919 22920 22921
22922 22921 22920
22921 22922 22923
22924 22923 22922
22925 22926 22927
22926 22925 22928
22929 22927 22926
22927 22929 22930
22931 22930 22929
22930 22931 22932
22933 22932 22931
22932 22933 22934
22895 22934 22933
22934 22895 22892
22935 22936 22937
22936 22935 22938
22939 22938 22935
22938 22939 22940
22941 22940 22939
22940 22941 22942
22941 22943 22942
22943 22941 22944
22945 22937 22936
22937 22945 22946
22947 22946 22945
22946 22947 22948
22947 22949 22948
22949 22947 22950
22951 22952 22953
22952 22951 22954
22952 22692 22953
22692 22952 22955
22955 22693 22692
22951 22956 22954
22957 22958 22959
22959 22958 22960
22961 22959 22960
22961 22962 22959
22963 22961 22960
22961 22963 22964
22963 22965 22964
22965 22963 22966
22966 22967 22965
22967 22966 22968
22968 22969 22967
22969 22968 22970
22970 22971 22969
22971 22970 22972
22973 22974 22957
22973 22975 22974
22975 22973 22976
22977 22975 22976
22975 22977 22978
22979 22978 22977
22978 22979 22980
22981 22980 22979
22980 22981 22982
22983 22982 22981
22982 22983 22984
22985 22984 22983
22984 22985 22986
22985 22987 22986
22987 22985 22988
22988 22989 22987
22989 22988 22990
22990 22991 22989
22991 22990 22992
22992 22993 22991
22993 22992 22994
22994 22995 22993
22995 22994 22996
22996 22997 22995
22997 22996 22998
22999 22997 22998
22997 22999 23000
22999 23001 23000
23000 23001 23002
23003 23002 23001
23003 23001 23004
23005 23003 23004
23003 23005 23006
23007 23006 23005
23006 23007 23008
23009 23008 23007
23008 23009 23010
23011 23010 23009
23010 23011 23012
23011 23013 23012
23013 23011 23014
23015 23016 23017
23018 23019 23020
23021 23020 23019
23020 23021 23022
23021 23023 23022
23023 23021 23024
23025 23018 23020
23026 23027 23028
23027 23026 23029
23030 23028 23027
23028 23030 23031
23030 23032 23031
23033 23031 23032
23034 23033 23032
23033 23034 23035
23030 23036 23032
23037 23038 23039
23038 23037 23040
23038 23041 23039
23041 23038 23042
23042 23043 23041
23042 23044 23043
23045 23043 23044
23046 23043 23045
23043 23046 23047
23048 23047 23046
23048 23049 23047
23048 23050 23049
23051 23049 23050
23052 23049 23051
23049 23052 23053
23054 23053 23052
23054 23055 23053
23054 23056 23055
23057 23055 23056
23057 23058 23055
23057 23059 23058
23060 23061 23062
23061 23060 23063
23064 23063 23060
23063 23064 23065
23066 23065 23064
23065 23066 23067
23068 23067 23066
23067 23068 23069
23040 23069 23068
23069 23040 23037
23070 23071 23072
23071 23070 23073
23074 23073 23070
23073 23074 23075
23076 23075 23074
23075 23076 23077
23078 23077 23076
23077 23078 23079
23080 23079 23078
23079 23080 23081
23080 23082 23081
23082 23080 23083
23084 23085 23086
23085 23084 23087
23088 23087 23084
23089 23090 23091
23090 23089 23092
23091 23093 23089
23093 23091 23094
23095 23096 23097
23096 23095 23098
23098 23099 23096
23099 23098 23100
23100 23101 23099
23101 23100 23102
23102 23103 23101
23103 23102 23104
23104 23105 23103
23105 23104 23106
23107 23095 23097
23107 23108 23095
23107 23109 23108
23109 23107 23110
23111 23107 23097
23106 23112 23105
23113 23114 23115
23114 23113 23116
23117 23115 23114
23115 23117 23118
23119 23120 23121
23120 23119 23122
23123 23121 23120
23121 23123 23124
23125 23126 23127
23126 23125 23128
23128 23129 23126
23129 23128 23130
23131 23132 23133
23132 23131 23134
23135 23133 23132
23133 23135 23136
23137 23138 23139
23138 23137 23140
23140 23141 23138
23141 23140 23142
23143 23144 23145
23144 23143 23146
23147 23146 23143
23146 23147 23148
23149 23145 23144
23145 23149 23150
23151 23150 23149
23150 23151 23152
23153 23152 23151
23152 23153 23154
23153 23155 23154
23153 23156 23155
23155 23157 23154
23147 23158 23148
23158 23147 23159
23160 23158 23159
23161 23162 23163
23163 23164 23161
23164 23165 23161
23165 23164 23166
23164 23163 23167
23168 23164 23167
23169 23165 23166
23165 23169 23170
23169 23171 23170
23172 23173 23174
23173 23172 23175
23176 23177 23178
23177 23176 23179
23177 23179 23180
23181 23177 23180
23179 23182 23180
23181 23180 23183
23181 23183 23184
23185 23181 23184
23181 23185 23186
23187 23186 23185
23186 23187 23188
23187 23189 23188
23189 23187 23190
23191 23192 23193
23192 23191 23194
23194 23195 23192
23195 23194 23196
23193 23197 23191
23198 23191 23197
23191 23198 23199
23198 23200 23199
23200 23201 23199
23201 23200 23202
23198 23203 23200
23204 23195 23196
23195 23204 23205
23206 23207 23208
23207 23206 23209
23210 20950 20963
20950 23210 23211
23211 23212 20950
20954 20950 23212
20967 23210 20963
20950 20951 20963
20967 20964 23213
20968 23213 20964
20968 20966 23214
23215 23216 23217
23216 23215 23218
23219 23217 23216
23217 23219 23220
23221 23220 23219
23220 23221 23222
23221 23223 23222
23223 23221 23224
23225 23226 23227
23226 23225 23228
23225 23229 23228
23229 23225 23230
23230 23231 23229
23231 23230 23232
23233 23234 23235
23234 23233 23236
23237 23238 23239
23238 23237 23240
23241 23242 23243
23242 23241 23244
23244 23245 23242
23245 23244 23246
23247 23248 23249
23248 23247 23250
23249 23251 23247
23251 23249 23252
23253 23254 23255
23254 23253 23256
23257 23256 23253
23256 23257 23258
23259 23260 23261
23260 23259 23262
23263 23261 23260
23261 23263 23264
23265 23266 23267
23266 23265 23268
23269 23265 23267
23265 23269 23270
23271 23270 23269
23270 23271 23272
23273 23274 23275
23274 23273 23276
23274 23277 23275
23277 23274 23278
23278 23279 23277
23279 23278 23280
23280 23281 23279
23281 23280 23282
23282 23283 23281
23283 23282 23284
20952 20944 23285
23286 23285 20944
20944 20953 23286
23287 23288 23289
23288 23287 23290
23290 23291 23288
23291 23290 23292
23292 23293 23291
23293 23292 23294
23289 23295 23287
23295 23289 23296
23294 23297 23293
23297 23294 23298
23299 23297 23298
23300 23301 23302
23301 23300 23303
23302 23304 23300
23304 23302 23305
23305 23306 23304
23306 23305 23307
23303 23308 23301
23308 23303 23309
23307 23310 23306
23310 23307 23311
23311 23312 23310
23312 23311 23313
23314 23315 23316
23315 23314 23317
23318 23316 23315
23316 23318 23319
23319 23318 23320
23321 23317 23314
23317 23321 23322
23323 23322 23321
23322 23323 23324
23325 23324 23323
23324 23325 23326
23327 23326 23325
23326 23327 23328
23329 23328 23327
23328 23329 23330
23331 23332 23333
23332 23331 23334
23332 23335 23333
23335 23332 23336
23337 23335 23336
23335 23337 23338
23339 23334 23331
23334 23339 23340
23341 23340 23339
23340 23341 23342
23343 23342 23341
23342 23343 23344
23345 23344 23343
23344 23345 23346
23347 23346 23345
23346 23347 23348
23349 23350 23351
23350 23349 23352
23351 23353 23349
23353 23351 23354
23354 23355 23353
23355 23354 23356
23356 23357 23355
23357 23356 23358
23358 23359 23357
23359 23358 23360
23360 23361 23359
23361 23360 23362
23363 23364 23365
23364 23363 23366
23366 23367 23364
23367 23366 23368
23368 23369 23367
23369 23368 23370
23370 23371 23369
23371 23370 23372
23373 23371 23372
23371 23373 23374
23375 23374 23373
23374 23375 23376
23377 23378 23379
23380 23381 23382
23381 23380 23383
21466 23384 21455
23384 21486 21455
23384 21489 21486
23385 23386 23387
23386 23385 23388
23385 23389 23388
23389 23385 23390
23390 23391 23389
23391 23390 23392
23392 23393 23391
23393 23392 23394
23395 23393 23394
23393 23395 23396
23397 23396 23395
23396 23397 23398
23399 23398 23397
23398 23399 23400
23399 23401 23400
23401 23399 23402
23403 23404 23405
23405 23404 23406
23406 23404 23407
23408 23407 23404
23407 23408 23409
23408 23410 23409
23410 23408 23411
23412 23410 23411
23413 23412 23411
23414 23413 23411
23415 23416 23417
23417 23416 23418
23419 23415 23417
23419 23420 23415
23421 23420 23419
23422 23420 23421
23423 23420 23422
23423 23424 23420
23423 23425 23424
23425 23426 23424
23427 23426 23425
23427 23428 23426
23428 23427 23429
23429 23430 23428
23430 23429 23431
23431 23432 23430
23433 23430 23432
23430 23433 23434
23434 23428 23430
23432 23431 23435
23432 23436 23433
23437 23433 23436
23433 23437 23438
23438 23434 23433
23436 23432 23439
23435 23439 23432
23440 23431 23429
23431 23440 23441
23429 23427 23442
23429 23442 23440
23427 23425 23442
23443 23437 23436
23439 23443 23436
23437 23443 23444
23445 23431 23441
23431 23445 23435
23439 23435 23446
23443 23439 23447
23435 23445 23448
23435 23448 23446
23444 23443 23449
23447 23449 23443
23446 23450 23439
23450 23447 23439
23450 23446 23448
23451 23444 23449
23449 23447 23452
23453 23447 23450
23454 23451 23449
23451 23454 23455
23451 23455 23456
23457 23447 23453
23447 23457 23452
23458 23449 23452
23449 23458 23454
23457 23458 23452
23459 23460 23461
23460 23459 23462
23461 23463 23459
23463 23461 23464
23464 23465 23463
23466 23460 23462
23460 23466 23467
23466 23462 23468
23468 23462 23469
23462 23470 23469
23469 23470 23471
23471 23470 23472
23470 23473 23472
23473 23474 23472
23474 23473 23475
23475 23476 23474
23476 23475 23477
23477 23478 23476
23478 23477 23479
23479 23480 23478
23480 23479 23481
23482 23480 23481
23483 23480 23482
23484 23483 23482
23485 23484 23482
23486 23484 23485
23487 23486 23485
23488 23487 23485
23487 23488 23489
23490 23488 23485
23488 23490 23491
23492 23491 23490
23491 23492 23493
23493 23492 23494
23495 23494 23492
23496 23494 23495
23497 23498 23499
23498 23500 23499
23500 23498 23501
23498 23502 23501
23502 23498 23503
23504 23502 23503
23504 23503 23505
23505 23506 23504
23506 23507 23504
23508 23506 23505
23506 23508 23509
23510 23509 23508
23511 23510 23508
23511 23512 23510
23512 23511 23513
23513 23514 23512
23514 23513 23515
23516 23517 23518
23517 23516 23519
23520 23521 23522
23521 23520 23523
23524 23525 23526
23525 23524 23527
23527 23528 23525
23528 23527 23529
23530 23531 23532
23533 23534 23535
23536 23537 23538
23537 23536 23539
23540 23537 23539
23537 23540 23541
23542 23541 23540
23541 23542 23543
23542 23544 23543
23544 23542 23545
23546 23544 23545
23544 23546 23547
23548 23547 23546
23547 23548 23549
23548 23550 23549
23550 23548 23551
23552 23553 23554
23553 23552 23555
23556 23552 23554
23552 23556 23557
23558 23557 23556
23557 23558 23559
23560 23559 23558
23559 23560 23561
23562 23561 23560
23561 23562 23563
23564 23563 23562
23563 23564 23565
23497 23565 23564
23565 23497 23566
23497 23499 23566
23567 23553 23555
23568 23553 23567
23568 23567 23569
23568 23569 23570
23569 23571 23570
23571 23569 23572
23573 23570 23571
23570 23573 23574
23574 23573 23575
23574 23575 23576
23576 23575 23577
23577 23575 23578
23577 23579 23576
23579 23577 23580
23581 23579 23580
23582 23579 23581
23583 23582 23581
23582 23583 23584
23585 23584 23583
23584 23585 23586
23587 23588 23589
23588 23590 23589
23587 23589 23465
23591 23589 23590
23589 23591 23592
23593 23592 23591
23593 23594 23592
23594 23595 23592
23595 23594 23596
23596 23597 23595
23597 23596 23598
23599 23597 23598
23599 23598 23600
23600 23601 23599
23601 23600 23602
23603 23597 23599
23604 23601 23602
23601 23604 23605
23604 23606 23605
23606 23604 23607
23608 23606 23607
23606 23608 23609
23608 23610 23609
23610 23608 23611
23612 23610 23611
23610 23612 23613
23614 23613 23612
23615 23613 23614
23616 23615 23614
23615 23616 23617
23618 23617 23616
23617 23618 23619
23620 23613 23615
23621 23622 23623
23622 23624 23623
23624 23625 23623
23626 23624 23622
23624 23626 23627
23625 23624 23628
23628 23629 23625
23630 23629 23628
23630 23631 23629
23631 23630 23632
23632 23633 23631
23633 23632 23634
23632 23635 23634
23635 23636 23634
23630 23637 23632
23637 23635 23632
23628 23637 23630
23638 23636 23635
23639 23636 23638
23639 23640 23636
23639 23641 23640
23639 23642 23641
23639 23643 23642
23637 23628 23644
23639 23645 23643
23646 23643 23645
23646 23647 23643
23648 23647 23646
23649 23648 23646
23650 23648 23649
23651 23648 23650
23648 23651 23652
23652 23653 23648
23650 23654 23651
23650 23655 23654
23649 23655 23650
23655 23656 23654
23656 23655 23657
23657 23658 23656
23659 23658 23657
23660 23658 23659
23661 23659 23657
23659 23661 23662
23655 23649 23663
23664 23662 23661
23655 23665 23657
23657 23666 23661
23666 23657 23665
23666 23664 23661
23655 23667 23665
23667 23655 23663
23665 23667 23666
23664 23666 23668
23667 23669 23666
23668 23666 23669
23669 23667 23670
23670 23667 23671
23667 23663 23671
23668 23669 23672
23670 23673 23669
23673 23672 23669
23673 23670 23674
23670 23671 23675
23675 23674 23670
23674 23675 23676
23672 23673 23677
23677 23678 23672
23678 23679 23672
23679 23678 23680
23681 23679 23680
23679 23681 23682
23683 23682 23681
23682 23683 23684
23677 23685 23678
23686 23676 23675
23675 23687 23686
23687 23675 23688
23688 23689 23687
23689 23688 23690
23690 23691 23689
23691 23690 23692
23692 23693 23691
23693 23692 23694
23694 23695 23693
23695 23694 23696
23696 23697 23695
23697 23696 23698
23698 23699 23697
23699 23698 23700
23700 23701 23699
23701 23700 23702
23702 23703 23701
23703 23702 23704
23705 23697 23699
23699 23706 23705
23706 23699 23707
23697 23705 23708
23709 23706 23707
23706 23709 23710
23704 23711 23703
23711 23704 23712
23708 23713 23697
23713 23708 23714
23709 23715 23710
23715 23709 23716
23717 23711 23712
23711 23717 23718
23714 23719 23713
23719 23714 23720
23716 23721 23715
23721 23716 23722
23718 23717 23723
23720 23724 23719
23724 23720 23725
23726 23721 23722
23727 23724 23725
23724 23727 23728
23729 23728 23727
23728 23729 23730
23731 23730 23729
23723 23717 23732
23733 23723 23732
23732 23734 23733
23734 23732 23735
23735 23732 23736
23735 23736 23737
23644 23737 23736
23737 23738 23735
23738 23734 23735
23738 23737 23739
23740 23739 23737
23624 23739 23740
23628 23624 23740
23628 23740 23737
23644 23628 23737
23739 23624 23627
23741 23739 23627
23741 23627 23626
23739 23741 23742
23738 23739 23742
23734 23738 23743
23743 23738 23744
23738 23742 23744
23745 23746 23747
23746 23745 23748
23748 23749 23746
23749 23750 23746
23750 23749 23751
23749 23748 23752
23745 23753 23748
23754 23752 23748
23752 23754 23755
23747 23746 23756
23757 23749 23752
23749 23757 23758
23758 23759 23749
23760 23758 23757
23758 23760 23761
23762 23761 23760
23761 23762 23763
23764 23763 23762
23763 23764 23765
23764 23766 23765
23766 23764 23767
23768 23766 23767
23757 23752 23769
23770 23771 23772
23771 23770 23773
23771 23774 23772
23774 23771 23775
23776 23777 23778
23778 23777 23779
23780 23781 23782
23783 23784 23785
23786 23787 23788
23787 23786 23789
23789 23790 23787
23790 23789 23791
23792 23790 23791
23790 23792 23793
23794 23793 23792
23795 23793 23794
23796 23797 23792
23797 23796 23798
23796 23799 23798
23799 23796 23800
23801 23799 23800
23801 23800 23802
23801 23803 23799
23799 23803 23804
23804 23798 23799
23804 23803 23805
23798 23804 23806
23805 23807 23804
23807 23806 23804
23807 23805 23808
23809 23807 23808
23807 23809 23810
23806 23807 23811
23810 23811 23807
23812 23798 23806
23798 23812 23797
23813 23810 23809
23810 23813 23814
23811 23810 23815
23814 23815 23810
23816 23806 23811
23806 23816 23812
23815 23814 23817
23811 23815 23818
23816 23811 23818
23817 23818 23815
23819 23812 23816
23812 23819 23820
23820 23797 23812
23797 23820 23821
23792 23797 23821
23818 23817 23822
23822 23816 23818
23816 23822 23819
23823 23792 23821
23824 23825 23826
23825 23824 23827
23828 23829 23830
23829 23828 23831
23831 23832 23829
23832 23831 23833
23834 23832 23833
23835 23836 23837
23836 23835 23838
23837 23839 23835
23839 23837 23840
23838 23841 23836
23842 23839 23840
23839 23842 23843
23844 23843 23842
23843 23844 23845
23844 23846 23845
23846 23844 23847
23847 23848 23846
23848 23847 23849
23849 23850 23848
23850 23849 23851
23852 23850 23851
23853 23854 23855
23856 23855 23854
23855 23856 23857
23858 23857 23856
23857 23858 23859
23860 23859 23858
23861 23862 23863
23862 23861 23864
23862 23865 23863
23865 23862 23866
23866 23867 23865
23867 23866 23868
23869 23867 23868
23867 23869 23870
23869 23871 23870
23871 23869 23872
23872 23873 23871
23873 23872 23874
23875 23873 23874
23873 23875 23876
23877 23878 23879
23880 23881 23882
23883 23884 23885
23886 23887 23888
23889 23890 23891
23890 23889 23892
23892 23893 23890
23893 23892 23894
23891 23895 23889
23895 23891 23896
23894 23897 23893
23897 23894 23898
23896 23899 23895
23899 23896 23900
23898 23901 23897
23901 23898 23902
23900 23903 23899
23903 23900 23904
23902 23905 23901
23905 23902 23906
23904 23907 23903
23907 23904 23723
23723 23908 23907
23908 23723 23909
23723 23733 23909
23906 23910 23905
23910 23906 23911
23911 23912 23910
23912 23911 23913
23908 23914 23907
23914 23915 23907
23914 23908 23916
23913 23686 23912
23686 23913 23917
23917 23918 23686
23676 23686 23918
23918 23917 23919
23916 23920 23914
23920 23921 23914
23921 23920 23922
23923 23921 23922
23921 23923 23924
23925 23924 23923
23924 23925 23926
23925 23927 23926
23927 23925 23928
23928 23929 23927
23929 23928 23930
23930 23931 23929
23931 23930 23932
23932 23933 23931
23933 23932 23934
23934 23935 23933
23935 23934 23936
23936 23937 23935
23937 23936 23938
23938 23939 23937
23939 23938 23940
23940 23941 23939
23941 23940 23942
23942 23943 23941
23943 23942 23944
23944 23945 23943
23919 23943 23945
23943 23919 23917
23917 23946 23943
23946 23917 23947
23947 23948 23946
23948 23947 23949
23949 23950 23948
23950 23949 23951
23951 23952 23950
23952 23951 23953
23953 23954 23952
23954 23953 23955
23955 23956 23954
23956 23955 23957
23957 23958 23956
23958 23957 23959
23959 23960 23958
23960 23959 23961
23961 23962 23960
23962 23961 23963
23963 23964 23962
23964 23963 23965
23965 23966 23964
23966 23965 23915
23915 23914 23966
23967 23968 23969
23970 23971 23972
23973 23974 23975
23974 23973 23976
23977 23978 23979
23978 23977 23980
23981 23980 23977
23980 23981 23982
23983 23982 23981
23984 23985 23986
23985 23984 23987
23986 23988 23984
23988 23986 23989
23987 23990 23985
23990 23987 23991
23989 23992 23988
23992 23989 23993
23994 23990 23991
23990 23994 23995
23996 23992 23993
23992 23996 23997
23998 23995 23994
23995 23998 23999
24000 23999 23998
23996 24001 23997
24001 23996 24002
24002 24003 24001
24003 24002 24004
24004 24005 24003
24005 24004 24006
24007 24005 24006
24008 24009 24010
24008 24010 24011
24008 24011 24012
24013 24011 24010
24011 24013 24014
24011 24015 24012
24014 24015 24011
24015 24016 24012
24015 24014 24017
24013 24018 24014
24018 24013 23678
24019 24016 24015
24017 24019 24015
24016 24019 24020
23678 23685 24018
24019 24021 24020
24021 24019 24022
24019 24017 24023
24023 24022 24019
24024 24014 24018
24014 24024 24017
24022 24025 24021
24025 24022 24026
24027 24018 23685
24018 24027 24024
24022 24023 24028
24028 24026 24022
24029 24017 24024
24017 24029 24023
24030 24024 24027
24024 24030 24029
24026 24028 24031
24029 24032 24023
24023 24032 24028
24032 24031 24028
24029 24033 24032
24033 24029 24030
24031 24032 24033
24034 24035 24036
24035 24034 24037
24034 24038 24037
24038 24034 24039
24040 24041 24042
24040 24043 24041
24043 24044 24041
24045 24044 24043
24044 24045 24046
24047 24046 24045
24046 24047 24048
24047 24049 24048
24049 24047 24050
24051 24049 24050
24049 24051 24052
24051 24053 24052
24053 24051 24054
24054 24055 24053
24055 24054 24056
24056 24057 24055
24058 24057 24056
24058 24059 24057
24060 24061 24062
24061 24060 24063
24063 24064 24061
24064 24063 24065
24066 24064 24065
24064 24066 24067
24066 24068 24067
24068 24066 24069
24070 24068 24069
24068 24070 24071
24070 24072 24071
24072 24070 24073
24074 24072 24073
24072 24074 24075
24076 24075 24074
24075 24076 24077
24078 24079 24080
24081 24082 24083
24083 24084 24081
24084 24083 24085
24086 24084 24085
24084 24086 24087
24086 24088 24087
24088 24086 24089
24090 24088 24089
24088 24090 24091
24090 24092 24091
24092 24090 24093
24094 24092 24093
24092 24094 24095
24095 24094 24096
24097 24098 24099
24100 24101 24102
24101 24100 24103
24102 24101 24104
24105 24104 24101
24100 24106 24103
24106 24100 24107
24104 24105 24108
24105 24109 24108
24109 24105 24110
24111 24106 24107
24112 24106 24111
24110 24113 24109
24113 24110 24114
24112 24115 24106
24114 24116 24113
24116 24114 24117
24118 24115 24112
24118 24112 24119
24117 24120 24116
24120 24117 24121
24121 24122 24120
24122 24121 24123
24124 24122 24123
24122 24124 24125
24124 24126 24125
24126 24124 24127
24128 24115 24118
24128 24129 24115
24130 24129 24128
24115 24129 24131
24132 24131 24129
24132 24129 24133
24131 24132 24134
24135 24134 24132
24136 24134 24135
24137 24134 24136
24138 24134 24137
24134 24138 24139
24140 24139 24138
24141 24142 24143
24142 24144 24143
24144 24145 24143
24146 24145 24144
24146 24147 24145
24148 24149 24150
24148 24151 24149
24148 24152 24151
24152 24148 24153
24149 24151 24154
24151 24152 24155
24154 24151 24155
24155 24156 24154
24157 24156 24155
24155 24158 24157
24158 24155 24159
24155 24152 24159
24160 24156 24157
24160 24157 24158
24156 24160 24161
24160 24158 24162
24163 24161 24160
24164 24160 24162
24163 24160 24164
24163 24164 24165
24164 24162 24166
24164 24166 24167
24165 24164 24167
24167 24166 24168
24169 24170 24171
24170 24169 24172
24173 24174 24175
24174 24173 24176
24176 24177 24174
24177 24176 24178
24179 24176 24173
24176 24179 24180
24180 24178 24176
24181 24180 24179
24180 24181 24182
24178 24180 24183
24182 24183 24180
24181 24184 24182
24184 24181 24185
24183 24182 24186
24185 24187 24184
24187 24185 24188
24188 24189 24187
24189 24188 24190
24182 24191 24186
24191 24182 24184
24192 24187 24189
24187 24192 24193
24193 24184 24187
24184 24193 24191
24192 24194 24193
24194 24191 24193
24186 24195 24183
24196 24183 24195
24197 24196 24195
24196 24197 24198
24199 24197 24195
24195 24186 24199
24197 24199 24200
24199 24201 24200
24201 24199 24202
24194 24201 24202
24191 24194 24202
24201 24194 24203
24204 24198 24197
24198 24204 24205
24206 24205 24204
24205 24206 24207
24208 24207 24206
24209 24205 24207
24198 24205 24209
24198 24209 24196
24196 24209 24177
24206 24210 24208
24211 24208 24210
24208 24211 24212
24213 24208 24212
24212 24214 24213
24214 24212 24215
24208 24213 24216
24216 24207 24208
24212 24217 24215
24217 24212 24211
24218 24215 24217
24219 24218 24217
24211 24219 24217
24219 24211 24220
24210 24220 24211
24220 24221 24219
24221 24220 24222
24220 24210 24223
24223 24222 24220
24222 24223 24224
24225 24223 24210
24210 24206 24225
24223 24225 24226
24204 24225 24206
24225 24204 24227
24224 24223 24228
24228 24223 24226
24229 24225 24227
24225 24229 24226
24226 24230 24228
24230 24226 24229
24197 24227 24204
24227 24197 24200
24201 24227 24200
24227 24201 24229
24229 24203 24230
24203 24229 24201
24203 24231 24230
24230 24231 24228
24194 24231 24203
24192 24231 24194
24232 24233 24234
24233 24232 24235
24233 24236 24234
24236 24233 24237
24238 24235 24232
24235 24238 24239
24238 24240 24239
24240 24238 24241
24237 24242 24236
24242 24237 24243
24243 24244 24242
24244 24243 24245
24246 24240 24241
24240 24246 24247
24245 24248 24244
24249 24247 24246
24247 24249 24250
24251 24250 24249
24250 24251 24252
24253 24252 24251
24252 24253 24254
24254 24253 24255
24256 24257 24258
24258 24257 24259
24259 24257 24260
24261 24258 24259
24258 24261 24262
24263 24261 24259
24259 24260 24263
24261 24263 24264
24265 24266 24267
24266 24265 24268
24269 24270 24271
24270 24269 24272
24272 24269 24273
24273 24269 24274
24271 24274 24269
24273 24274 24275
24274 24271 24276
24271 24270 24277
24278 24279 24280
24280 24281 24278
24282 24279 24278
24282 24278 24283
24284 24282 24283
24285 24286 24287
24288 24285 24287
24285 24289 24286
24290 24289 24285
24290 24285 24291
24291 24285 24288
24292 24289 24290
24291 24293 24290
24294 24292 24290
24293 24294 24290
24295 24296 24297
24296 24295 24298
24299 24297 24296
24297 24299 24300
24298 24295 24301
24298 24301 24302
24301 24303 24302
24299 24304 24300
24304 24299 24305
24306 24305 24299
24305 24306 24307
24305 24307 24308
24309 24307 24306
24306 24310 24309
24309 24310 24311
24312 24310 24306
24312 24313 24310
24312 24314 24313
24312 24315 24314
24315 24316 24314
24317 24316 24315
24315 24318 24317
24315 24319 24318
24320 24319 24315
24319 24320 24321
24322 24323 24324
24323 24322 24325
24326 24327 24328
24327 24326 24329
24328 24327 24330
24327 24331 24330
24331 24327 24332
24329 24332 24327
24332 24329 24333
24332 24334 24331
24335 24332 24333
24332 24335 24336
24336 24334 24332
24337 24336 24335
24337 24334 24336
24337 24335 24338
24334 24337 24339
24340 24337 24338
24337 24340 24341
24337 24342 24339
24342 24337 24341
24342 24341 24343
24344 24345 24346
24345 24344 24347
24348 24349 24350
24349 24348 24351
24348 24352 24351
24352 24348 24353
24354 24355 24356
24355 24354 24357
24357 24358 24355
24358 24357 24359
24356 24360 24354
24360 24356 24361
24362 24358 24359
24358 24362 24363
24361 24364 24360
24364 24361 24365
24366 24363 24362
24363 24366 24367
24365 24368 24364
24368 24365 24369
24370 24367 24366
24371 24368 24369
24370 24372 24367
24372 24370 24373
24371 24374 24368
24375 24376 24377
24376 24375 24378
24379 24378 24375
24378 24379 24380
24381 24380 24379
24380 24381 24382
24383 24382 24381
24382 24383 24384
24385 24384 24383
24384 24385 24386
24385 24387 24386
24387 24385 24388
24389 24387 24388
24387 24389 24390
24391 24392 24393
24392 24391 24394
24394 24395 24392
24395 24394 24396
24397 24391 24393
24391 24397 24398
24399 24398 24397
24398 24399 24400
24396 24401 24395
24401 24396 24402
24403 24400 24399
24400 24403 24404
24402 24405 24401
24405 24402 24406
24407 24404 24403
24404 24407 24408
24409 24408 24407
24408 24409 24410
24409 24411 24410
24411 24409 24412
24412 24413 24411
24413 24412 24414
24414 24415 24413
24415 24414 24416
24416 24417 24415
24417 24416 24418
24418 24419 24417
24419 24418 24420
24421 24419 24420
24419 24421 24422
24423 24424 24425
24426 24427 24428
24427 24426 24429
24430 24426 24428
24431 24429 24426
24429 24431 24432
24433 24426 24430
24426 24433 24431
24434 24435 24436
24435 24434 24437
24434 24438 24437
24438 24434 24439
24437 24438 24440
24441 24442 24443
24442 24441 24444
24445 24441 24443
24441 24445 24446
24444 24447 24442
24447 24444 24448
24449 24446 24445
24446 24449 24450
24448 24451 24447
24451 24448 24452
24453 24450 24449
24450 24453 24454
24452 24455 24451
24455 24452 24456
24453 24457 24454
24454 24457 24458
24453 24459 24457
24456 24460 24455
24457 24459 24461
24462 24460 24456
24459 24463 24461
24463 24459 24464
24464 24465 24463
24465 24464 24466
24467 24465 24466
24468 24467 24466
24468 24469 24467
24468 24470 24469
24470 24468 24471
24471 24472 24470
24472 24471 24473
24472 24473 24474
24473 24475 24474
24475 24476 24474
24476 24475 24477
24469 24478 24467
24479 24480 24481
24482 24483 24484
24484 24483 24485
24483 24486 24485
24486 24487 24485
24485 24487 24484
24484 24487 24488
24489 24490 24491
24490 24489 24492
24492 24493 24490
24493 24492 24494
24492 24495 24494
24496 24492 24489
24497 24495 24492
24492 24496 24497
24498 24497 24496
24498 24495 24497
24498 24496 24499
24495 24498 24500
24501 24498 24499
24498 24501 24502
24500 24498 24503
24503 24498 24502
23920 23916 24504
24505 24506 24507
24507 24506 24508
24509 24510 24511
24509 24511 24512
24513 24514 24515
24514 24513 24516
24517 24518 24519
24517 24520 24518
24521 24522 24523
24522 24521 24524
24525 24526 24527
24526 24525 24528
24529 24530 24531
24530 24529 24532
24533 24532 24529
24532 24533 24534
24535 24536 24537
24536 24535 24538
24539 24540 24541
24539 24542 24540
24543 24544 24545
24546 24543 24545
24547 24548 24549
24548 24547 24550
24551 24552 24553
24552 24551 24554
24555 24554 24551
24554 24555 24556
24557 24558 24559
24558 24557 24560
24557 24561 24560
24561 24562 24560
24561 24563 24562
24563 24561 24564
24564 24565 24563
24565 24564 24566
24567 24565 24566
24568 24567 24566
24568 24569 24567
24568 24570 24569
24571 24570 24568
24571 24568 24572
24573 24571 24572
24573 24574 24571
24573 24575 24574
24576 24577 24578
24577 24576 24579
24580 24581 24582
24581 24580 24583
24584 24585 24586
24585 24584 24587
24588 24585 24587
24589 24590 24591
24590 24589 24592
24593 24594 24595
24594 24593 24596
24597 24406 24598
24597 24405 24406
24599 24600 24601
24599 24601 24602
24603 24604 24605
24604 24603 24606
24607 24608 24609
24608 24607 24610
24611 24612 24613
24612 24611 24614
24615 24614 24611
24616 24617 24618
24617 24616 24619
24620 24621 24622
24621 24620 24623
24624 24625 24626
24625 24624 24627
24628 24629 24630
24628 24631 24629
24632 24633 24634
24633 24632 24635
24636 24637 24638
24637 24639 24638
24640 24641 24642
24641 24640 24643
24644 24645 24646
24645 24644 24647
24648 24649 24650
24649 24648 24651
23945 23944 24652
24653 24654 24655
24654 24653 24656
24657 24658 24659
24657 24660 24658
24661 24662 24663
24662 24661 24664
24665 24666 24667
24665 24667 24668
24669 24670 24671
24670 24669 24672
24673 24674 24675
24673 24676 24674
23420 24677 23415
23424 24677 23420
23424 24678 24677
23426 24678 23424
23426 24679 24678
24679 23426 23428
23428 23434 24679
23415 24677 24680
23415 24680 23416
24681 24679 23434
23434 23438 24681
24679 24681 24682
24682 24678 24679
24683 24677 24678
24683 24680 24677
24678 24682 24683
24684 24685 24686
24687 24684 24686
24686 24688 24687
24688 24686 24689
24684 24687 24690
24684 24690 24691
24692 24684 24691
24692 24693 24684
24692 24691 24694
24690 24687 24695
24691 24696 24694
24697 24691 24690
24697 24690 24698
24691 24699 24696
24697 24699 24691
24700 24701 24702
24703 24704 24705
24706 24707 24708
24709 24710 24711
23465 23589 23463
24183 24196 24178
24196 24177 24178
24186 24202 24199
24202 24186 24191
24712 24713 24714
24715 24714 24713
24715 24716 24714
24715 24717 24716
24717 24715 24718
24719 24717 24718
24717 24719 24720
24719 24721 24720
24721 24719 24722
24722 24723 24721
24723 24722 24724
24724 24725 24723
24725 24724 24726
24726 24727 24725
24727 24726 24728
24728 24729 24727
24729 24728 24730
24730 24731 24729
24731 24730 24732
24731 24732 24733
24732 24734 24733
24735 24733 24734
24736 24733 24735
24737 24736 24735
24736 24737 24738
24739 24738 24737
24738 24739 24740
24741 24740 24739
24740 24741 24742
24743 24742 24741
24742 24743 24744
24745 24744 24743
24744 24745 24746
24747 24746 24745
24746 24747 24748
24747 24749 24748
24749 24747 24750
24712 24749 24750
24749 24712 24751
24712 24714 24751
24752 24753 24754
24753 24752 24755
24756 24755 24752
24755 24756 24757
24758 24757 24756
24757 24758 24759
24760 24759 24758
24759 24760 24761
24762 24761 24760
24761 24762 24763
24762 24764 24763
24764 24762 24765
24766 24764 24765
24753 24767 24754
24768 24767 24753
24769 24754 24767
24770 24769 24767
24770 24767 24768
24769 24771 24754
24772 24773 24774
24772 24774 24775
24773 24772 24776
24774 24773 24777
24777 24778 24774
24779 24778 24777
24774 24778 24780
24779 24777 24781
24773 24776 24782
24776 24783 24782
24784 24785 24786
24785 24784 24787
24787 24788 24785
24788 24787 24789
24789 24790 24788
24790 24789 24791
24791 24792 24790
24792 24791 24793
24793 24794 24792
24794 24793 24795
24796 24794 24795
24794 24796 24797
24798 24797 24796
24784 24786 24799
24800 24784 24799
24801 24799 24786
24802 24799 24801
24802 24800 24799
24801 24786 24803
24804 24805 24806
24804 24807 24805
24805 24808 24806
24808 24805 24809
24810 24808 24809
24805 24811 24809
24810 24812 24808
24806 24813 24804
24806 24814 24813
24813 24814 24815
24816 24817 24818
24817 24819 24818
24819 24817 24820
24816 24821 24817
24816 24822 24821
24816 24823 24822
24824 24822 24823
24822 24824 24825
24824 24826 24825
24819 24820 24827
24820 24828 24827
24828 24829 24827
24829 24828 24830
24830 24831 24829
24831 24830 24832
24832 24833 24831
24833 24832 24834
24834 24835 24833
24835 24834 24836
24836 24837 24835
24837 24836 24838
24838 24839 24837
24839 24838 24840
24840 24841 24839
24842 24841 24840
24841 24842 24843
24841 24843 24844
24845 24844 24843
24844 24845 24846
24847 24846 24845
24846 24847 24848
24849 24848 24847
24848 24849 24850
24851 24850 24849
24850 24851 24852
24853 24852 24851
24852 24853 24854
24855 24854 24853
24854 24855 24826
24826 24855 24825
24856 24857 24858
24857 24856 24859
24858 24860 24856
24860 24858 24861
24861 24862 24860
24862 24861 24863
24863 24864 24862
24864 24863 24865
24865 24866 24864
24866 24865 24867
24868 24866 24867
24866 24868 24869
24869 24868 24870
24859 24871 24857
24857 24871 24872
24871 24859 24873
24871 24873 24874
24872 24871 24874
24859 24875 24873
24876 24877 24878
24879 24876 24878
24880 24878 24877
24881 24877 24876
24876 24882 24881
24881 24882 24883
24884 24882 24876
24885 24881 24883
24880 24877 24886
24886 24887 24880
24888 24889 24890
24889 24888 24891
24892 24890 24889
24890 24892 24893
24894 24893 24892
24893 24894 24895
24896 24895 24894
24895 24896 24897
24898 24897 24896
24897 24898 24899
24898 24900 24899
24900 24898 24901
24900 24901 24902
24903 24891 24888
24903 24888 24904
24891 24903 24905
24905 24903 24906
24903 24904 24906
24907 24891 24905
24908 24909 24910
24909 24911 24910
24908 24912 24909
24913 24909 24912
24913 24912 24914
24913 24915 24909
24912 24916 24914
24917 24908 24910
24917 24918 24908
24919 24918 24917
24920 24921 24922
24923 24924 24925
24926 24923 24925
24926 24925 24927
24928 24929 24930
24931 24932 24933
24934 24935 24936
24937 24938 24939
24940 24938 24937
24941 24942 24943
24944 24945 24946
24947 24945 24944
24947 24948 24945
24949 24950 24951
24952 24953 24954
24955 24956 24957
24958 24959 24960
24961 24958 24960
24962 24963 24964
24965 24966 24967
24968 24966 24965
24968 24969 24966
24970 24971 24972
24973 24974 24975
24976 24977 24978
24979 24980 24981
24982 24979 24981
24983 24984 24985
24986 24987 24988
24989 24986 24988
24989 24988 24990
24991 24992 24993
24994 24995 24996
24997 24998 24999
25000 25001 25002
25003 25001 25000
25004 25005 25006
25007 25004 25006
25004 25007 25008
25009 25008 25007
25008 25009 25010
25011 25010 25009
25011 25012 25010
25013 25012 25011
25012 25013 25014
25015 25013 25011
25013 25015 25016
25016 25017 25013
25015 25011 25018
25011 25009 25018
25013 25017 25019
25019 25014 25013
25019 25017 25020
25021 25019 25020
25022 25023 25024
25023 25022 25025
25022 25026 25025
25027 25025 25026
25025 25027 25028
25029 25028 25027
25028 25029 25030
25029 25031 25030
25031 25029 25032
25033 25031 25032
25026 25022 25034
25035 25034 25022
25024 25035 25022
25034 25035 25036
25037 25036 25035
25036 25037 25038
25039 25028 25030
25030 25031 25039
25028 25039 25040
25040 25025 25028
25041 25037 25035
25037 25041 25042
25042 25043 25037
25043 25044 25037
25037 25044 25038
25035 25024 25041
25025 25040 25023
25045 25046 25047
25045 25048 25046
25048 25045 25049
25046 25048 25050
25045 25047 25051
25052 25053 25054
25053 25052 25055
25056 25057 25058
25057 25059 25058
25059 25060 25058
25061 25059 25057
25056 25058 25062
25063 25064 25065
25063 25065 25066
25067 25068 25069
25068 25067 25070
25069 25071 25067
25071 25069 25072
25073 25074 25075
25074 25073 25076
25077 25073 25075
25073 25077 25078
25079 25076 25073
25078 25079 25073
25075 25074 25080
25080 25077 25075
25081 25082 25083
25084 25085 25086
25085 25084 25087
25084 25088 25087
25089 25090 25091
25091 25090 25092
25092 25090 25093
25091 25092 25094
25091 25094 25095
25096 25095 25094
25096 25094 25097
25098 25095 25096
25099 25095 25098
25100 25101 25102
25102 25103 25100
25102 25104 25103
25105 25104 25102
25105 25106 25104
25106 25107 25104
25108 25106 25105
25100 25103 25109
25109 25103 25110
25111 25112 25113
25112 25114 25113
25115 25116 25117
25115 25117 25118
25118 25119 25115
25117 25120 25118
25115 25121 25116
25122 25123 25124
25124 25125 25122
25126 25127 25128
25128 25127 25129
25129 25127 25130
25131 25128 25129
25126 25132 25127
25133 25134 25135
25133 25136 25134
25137 25138 25139
25138 25137 25140
25141 25139 25138
25139 25141 25142
25143 25144 25145
25144 25143 25146
25144 25147 25145
25147 25144 25148
25149 25144 25146
25148 25144 25149
25145 25150 25143
25150 25145 25147
25151 25152 25153
25154 25155 25156
25155 25154 25157
25155 25157 25158
25159 25160 25161
25160 25162 25161
25162 25163 25161
25160 25164 25162
25160 25165 25164
25165 25166 25164
25166 25167 25164
25168 25166 25165
25169 25168 25165
25170 25171 25172
25171 25170 25173
25171 25173 25174
25175 25171 25174
25175 25174 25176
25176 25174 25177
25178 25175 25176
25173 25170 25179
25179 25180 25173
25181 25182 25183
25183 25182 25184
25185 25186 25187
25188 25185 25187
25185 25188 25189
25190 25191 25192
25191 25190 25193
25191 25193 25194
25195 25196 25197
25196 25195 25198
25198 25195 25199
25198 25200 25196
25201 25200 25198
25202 25203 25204
25204 25205 25202
25206 25203 25202
25207 25206 25202
25208 25209 25210
25211 25208 25210
25212 25208 25211
25210 25213 25211
25211 25213 25214
25215 25216 25217
25215 25218 25216
25218 25215 25219
25220 25221 25222
25221 25220 25223
25220 25224 25223
25225 25226 25227
25227 25228 25225
25228 25229 25225
25228 25227 25230
25231 25228 25230
25232 25233 25234
25233 25232 25235
25236 25232 25234
25237 25232 25236
25238 25239 25240
25241 25239 25238
25242 25241 25238
25239 25241 25243
25241 25244 25243
25245 25246 25247
25245 25248 25246
25245 25249 25248
25245 25250 25249
25245 25251 25250
25245 25252 25251
25245 25253 25252
25245 25254 25253
25245 25255 25254
25245 25256 25255
25245 25257 25256
25245 25247 25257
25258 25247 25246
25248 25258 25246
25247 25258 25259
25258 25248 25260
25249 25260 25248
25260 25249 25261
25249 25262 25261
25262 25249 25250
25251 25262 25250
25262 25251 25263
25252 25263 25251
25263 25252 25264
25252 25265 25264
25265 25252 25253
25254 25265 25253
25265 25254 25266
25255 25266 25254
25266 25255 25267
25255 25268 25267
25268 25255 25256
25257 25268 25256
25268 25257 25269
25247 25269 25257
25269 25247 25259
25270 25259 25258
25260 25270 25258
25259 25270 25271
25270 25260 25272
25261 25272 25260
25272 25261 25273
25261 25274 25273
25274 25261 25262
25263 25274 25262
25274 25263 25275
25264 25275 25263
25275 25264 25276
25264 25277 25276
25277 25264 25265
25266 25277 25265
25277 25266 25278
25267 25278 25266
25278 25267 25279
25267 25280 25279
25280 25267 25268
25269 25280 25268
25280 25269 25281
25259 25281 25269
25281 25259 25271
25272 25282 25270
25270 25282 25283
25283 25271 25270
25283 25284 25271
25282 25272 25285
25272 25286 25285
25273 25286 25272
25287 25286 25273
25288 25287 25273
25278 25289 25277
25289 25290 25277
25289 25278 25291
25278 25292 25291
25293 25292 25279
25294 25293 25279
25279 25292 25278
25294 25279 25280
25280 25295 25294
25281 25295 25280
25295 25281 25296
25281 25297 25296
25288 25273 25274
25274 25298 25288
25275 25298 25274
25298 25275 25299
25300 25299 25275
25271 25297 25281
25284 25297 25271
25276 25300 25275
25301 25300 25276
25290 25301 25276
25290 25276 25277
25302 25303 25304
25303 25305 25304
25305 25306 25304
25306 25307 25304
25307 25308 25304
25308 25309 25304
25309 25310 25304
25310 25311 25304
25311 25312 25304
25312 25313 25304
25313 25314 25304
25314 25302 25304
25302 25315 25303
25315 25305 25303
25315 25302 25316
25305 25315 25317
25317 25306 25305
25306 25317 25318
25319 25306 25318
25306 25319 25307
25319 25308 25307
25308 25319 25320
25320 25309 25308
25309 25320 25321
25322 25309 25321
25309 25322 25310
25322 25311 25310
25311 25322 25323
25323 25312 25311
25312 25323 25324
25325 25312 25324
25312 25325 25313
25325 25314 25313
25314 25325 25326
25302 25326 25316
25326 25302 25314
25316 25327 25315
25327 25317 25315
25327 25316 25328
25317 25327 25329
25329 25318 25317
25318 25329 25330
25331 25318 25330
25318 25331 25319
25331 25320 25319
25320 25331 25332
25332 25321 25320
25321 25332 25333
25334 25321 25333
25321 25334 25322
25334 25323 25322
25323 25334 25335
25335 25324 25323
25324 25335 25336
25337 25324 25336
25324 25337 25325
25337 25326 25325
25326 25337 25338
25316 25338 25328
25338 25316 25326
25339 25329 25327
25339 25327 25340
25328 25340 25327
25328 25341 25340
25329 25339 25342
25343 25329 25342
25329 25343 25330
25344 25332 25331
25344 25331 25345
25332 25344 25346
25347 25332 25346
25332 25347 25333
25335 25348 25336
25349 25338 25337
25349 25337 25350
25338 25349 25351
25333 25347 25352
25333 25352 25353
25333 25353 25334
25354 25334 25353
25354 25335 25334
25335 25354 25355
25348 25335 25355
25330 25356 25345
25330 25343 25356
25330 25345 25331
25336 25357 25350
25336 25348 25357
25336 25350 25337
25358 25338 25351
25338 25358 25328
25328 25358 25341
25359 13697 13695
25360 25361 25362
25363 25361 25360
25364 25361 25363
25365 25361 25364
25366 25361 25365
25367 25361 25366
25368 25361 25367
25369 25361 25368
25370 25361 25369
25371 25361 25370
25372 25361 25371
25373 25361 25372
25374 25361 25373
25375 25361 25374
25376 25361 25375
25377 25361 25376
13377 13381 13472
12712 12713 12723
12712 12723 12473
13399 13391 13409
12456 12439 12438
12423 12437 12424
13059 13266 13061
13046 13264 13059
13046 13331 13264
13044 13060 13043
20858 20910 20860
21292 22535 21293
20992 20991 21006
20877 20857 20852
