byte offset: 0
first index: 0
index count: 43845
topology: trianglelist
format: DXGI_FORMAT_R16_UINT

80 93 94
82 118 95
118 82 120
96 82 95
82 96 84
97 100 101
100 97 86
123 86 97
86 123 122
91 92 99
92 91 180
23877 83 23878
83 23877 116
85 23878 83
23878 85 23879
23879 102 23880
102 23879 85
124 23881 87
23881 124 23882
23883 90 23884
23885 23886 81
84 101 100
101 84 96
87 23880 102
23880 87 23881
172 104 23887
23888 105 23889
105 23888 121
106 23889 105
23889 106 23890
107 23891 109
23891 107 23892
125 23892 107
23892 125 23893
23894 23895 23896
109 23890 106
23890 109 23891
117 199 114
199 117 198
23897 119 202
119 23897 23898
23899 112 201
112 23899 23900
200 23901 128
23901 200 23902
94 113 80
113 94 111
81 23903 23885
23903 81 110
23904 172 23905
172 23904 127
23896 23906 23894
23906 23896 115
119 193 194
193 119 23898
23907 114 197
114 23907 117
23900 195 112
195 23900 23908
128 23909 196
23909 128 23901
98 122 123
122 98 88
89 23882 124
23882 89 23910
108 23893 125
23893 108 23911
23912 128 23913
128 23912 200
23913 196 23914
196 23913 128
129 23915 23916
23915 129 130
130 23917 23915
23917 130 131
131 23918 23917
23918 131 132
23918 103 23919
103 23918 132
126 23919 103
23919 126 23920
127 104 172
104 127 23921
133 136 135
136 133 134
23922 137 138
137 23922 23923
98 138 88
138 98 23922
23923 90 137
90 23923 23884
133 23910 89
23910 133 135
134 99 136
99 134 91
142 204 139
204 142 143
143 203 204
203 143 144
144 205 203
205 144 145
146 205 145
205 146 206
148 23924 147
23924 148 23925
149 23925 148
23925 149 23926
150 23926 149
23926 150 23927
151 23927 150
23927 151 23928
155 153 154
153 155 152
23929 23930 23931
23930 23929 23932
156 206 146
206 156 210
222 23928 151
23928 222 23933
160 158 159
158 160 157
23934 23935 23936
23935 23934 23937
159 140 141
140 159 158
23938 23936 23935
23936 23938 23939
154 157 160
157 154 153
23931 23937 23934
23937 23931 23930
23940 161 165
161 23940 162
23941 163 164
163 23941 23942
163 141 140
141 163 23942
162 23939 23938
23939 162 23940
171 166 170
166 171 167
23943 168 169
168 23943 23944
228 229 23945
227 23946 23947
23944 164 168
164 23944 23941
165 167 171
167 165 161
23948 23949 23950
23949 23948 23951
23952 23953 23954
23950 23955 23948
23955 23950 23956
23957 23956 23958
23956 23957 23955
23905 172 23959
192 211 212
187 214 186
214 187 213
190 211 192
217 186 214
186 217 188
175 174 176
174 175 173
178 23960 177
23960 178 23961
175 139 173
139 175 142
147 23961 178
23961 147 23924
176 152 155
152 176 174
177 23932 23929
23932 177 23960
218 23962 179
23962 218 23963
219 23963 218
23963 219 23964
220 23964 219
23964 220 23965
221 23965 220
23965 221 23966
181 92 180
92 181 23967
179 23968 182
23968 179 23962
182 23967 181
23967 182 23968
221 23969 23966
23970 23971 23972
23971 23970 23973
23974 23972 23975
23972 23974 23970
23976 23975 23977
23975 23976 23974
23977 23978 23976
23978 23977 23979
23978 23980 23981
23980 23978 23979
23981 23982 23983
23982 23981 23980
108 23984 23911
23985 23982 183
23983 23982 23985
23986 23987 23988
23957 23985 183
23985 23957 23958
23988 23920 126
23920 23988 23987
189 224 184
224 189 223
38 23989 225
23989 38 23990
184 210 156
210 184 224
225 23933 222
23933 225 23989
190 192 23991
192 23992 23991
23992 192 23993
192 212 23993
190 23991 191
217 23994 188
23994 217 226
11 212 215
212 11 23993
213 23995 216
23995 213 187
23973 23996 23971
23996 23973 23997
116 194 193
194 116 23877
23908 120 195
120 23908 118
196 23998 129
23998 196 23909
196 23916 23914
23916 196 129
121 23907 197
23907 121 23888
198 115 199
115 198 23906
23921 200 23912
200 23921 127
127 23902 200
23902 127 23904
111 201 113
201 111 23899
110 202 23903
202 110 23897
129 23999 24000
23999 129 23998
24001 24000 23999
24000 24001 24002
24001 24003 24002
24003 24001 24004
24004 24005 24003
24005 24004 24006
24007 24005 24006
170 23946 227
23946 170 166
24008 169 229
169 24008 23943
23951 24009 23949
24009 23951 23954
235 233 234
233 235 236
238 239 240
239 238 237
241 240 239
231 236 235
236 231 232
243 24010 24011
24010 243 242
249 244 245
244 249 248
246 24012 247
24012 246 24013
24013 232 231
232 24013 246
242 245 24010
245 242 249
251 24012 250
24012 251 247
248 24014 244
24014 248 252
253 230 255
24015 24016 254
252 256 24014
256 252 258
257 250 24017
250 257 251
269 392 393
392 269 24018
260 262 261
262 260 259
24019 264 24020
264 24019 263
24021 24022 24023
24022 24021 24024
24025 336 337
266 263 265
263 266 264
268 290 293
267 24026 24027
24028 272 24029
272 24028 271
293 274 268
274 293 273
24030 267 24027
267 24030 275
24011 407 243
407 24011 24031
294 321 270
321 294 24032
283 425 282
425 283 424
309 285 350
285 309 308
379 311 292
24033 288 24034
288 24033 289
310 24035 24036
24035 310 291
24037 386 279
386 24037 24038
387 24039 24040
24039 387 24041
24032 284 24042
284 24032 294
389 24043 388
24043 389 24044
388 24045 390
24045 388 24043
275 296 295
296 275 24030
273 24046 274
24046 273 297
319 24047 298
24047 319 24048
24049 24050 299
24050 24049 24051
24052 279 24053
279 24052 24037
24048 319 24054
305 303 304
303 305 302
347 24055 306
24055 347 24056
24057 24058 24059
24058 24057 307
281 302 305
302 281 278
304 376 377
376 304 303
348 24056 347
24056 348 24060
24061 426 24062
24059 378 24063
378 24059 24058
24064 307 24057
307 24064 287
309 276 308
24065 24066 24067
24036 24068 310
328 28 327
28 328 26
25 24069 329
24069 25 24070
24071 5 24072
5 24071 3
15 328 327
328 15 4
332 338 24073
338 332 339
24074 336 24075
336 24074 24076
24069 24077 329
24077 24069 24078
315 24079 314
24079 315 24080
312 318 313
24081 316 317
316 24081 24082
318 269 393
269 318 312
317 261 24081
261 317 260
314 24079 24020
24080 24024 24021
24024 24080 315
24083 24045 313
24045 24083 390
393 391 318
391 393 300
320 270 321
270 320 24084
24085 24084 320
24086 24087 24088
24087 24086 24089
24088 24087 24090
24091 418 24092
24092 419 24093
419 24092 418
24094 24095 24096
24089 24097 24098
24097 24089 24086
24099 24098 24097
24098 24099 24100
24100 271 24028
271 24100 24099
324 333 334
333 324 325
323 34 322
34 323 335
24101 24102 24103
24102 24101 24104
330 334 333
334 330 0
322 259 323
259 322 262
24023 24105 24106
24105 24023 24022
24101 24107 301
24107 24101 24103
24018 325 392
325 24018 24108
23 333 24109
333 23 330
325 24109 333
24109 325 24108
24025 337 340
24025 24075 336
24110 24025 340
24111 346 343
346 24111 27
326 339 332
339 326 24112
24076 24113 24114
24113 24076 24074
342 24115 345
342 24116 24117
24116 342 345
24116 344 24118
344 24116 345
345 24119 344
24119 345 24115
24120 24121 24122
24123 24120 24124
24125 24067 24126
24067 24125 24065
351 281 352
281 351 278
24060 353 24127
353 24060 348
24128 24129 355
24130 287 24064
287 24130 354
24124 24131 24123
363 357 362
357 363 356
359 24132 358
24132 359 24133
364 24134 24135
24134 364 365
24136 360 361
360 24136 24137
24138 24139 24140
24141 358 24132
358 24141 24142
356 350 285
350 356 363
292 24135 379
24135 292 364
280 362 357
362 280 349
277 24133 359
24133 277 24143
365 24144 24134
24144 365 341
361 24145 24136
24145 361 286
291 24137 24035
24137 291 360
24146 24147 24148
24125 24126 24139
369 366 367
366 369 368
371 24149 370
24149 371 24150
375 24151 24152
24151 375 374
373 24153 372
24153 373 24154
24155 24156 24157
368 24158 366
24158 368 355
352 24149 351
24149 352 370
372 24127 353
24127 372 24153
24159 24131 24156
24151 354 24130
354 24151 374
24150 24143 277
24143 24150 371
24154 349 280
349 24154 373
341 367 24144
367 341 369
286 24152 24145
24152 286 375
24146 24148 24160
24161 24162 24163
24162 24161 24164
24164 24165 24162
24165 24164 24166
24166 24129 24165
24129 24166 24167
24158 24129 24167
355 24129 24158
24168 377 376
377 24168 24169
282 426 24061
426 282 425
24063 289 24033
289 24063 378
24161 24163 24170
24142 24171 24172
24171 24142 24141
24171 24173 24172
385 380 381
380 385 384
383 24174 24175
24174 383 382
258 24175 256
24175 258 383
257 380 384
380 257 24017
255 381 253
381 255 385
382 24016 24174
24016 382 254
24038 24176 386
24176 24038 24177
24178 24179 24180
24179 24178 24181
24182 24082 24183
24082 24182 316
24183 24181 24182
24181 24183 24179
24083 313 391
301 24184 24185
24184 301 24107
24184 391 24185
391 24184 24186
24083 391 24186
391 313 318
325 24187 392
24187 325 324
392 300 393
300 392 24187
396 265 394
265 396 266
24029 395 24188
395 24029 272
24044 397 398
397 24044 389
24189 24042 284
24042 24189 24190
24191 24180 24192
24180 24191 24178
24193 24194 24195
24196 24197 24198
24196 24199 24197
24200 24201 24199
24201 24202 24203
24202 24201 24200
24194 24203 24202
24203 24194 24193
24200 24199 24196
24051 24040 24039
24040 24051 24049
401 400 402
400 401 399
406 24204 405
24204 406 24205
423 420 421
420 423 422
24206 403 404
403 24206 24207
406 24031 24205
24031 406 407
234 402 400
402 234 233
399 237 238
237 399 401
24041 405 24204
405 24041 387
283 24207 424
24207 283 403
422 419 420
419 422 24093
24177 404 24176
404 24177 24206
24208 24209 24210
24210 24211 24208
24211 24210 24212
24213 24212 24214
24212 24213 24211
24213 24169 24168
24169 24213 24214
413 408 409
408 413 412
411 24215 410
24215 411 24216
415 24217 414
24217 415 24218
417 24219 24220
24219 417 416
24221 24222 24223
24222 24221 24224
410 24188 395
24188 410 24215
412 394 408
394 412 396
414 24190 24189
24190 414 24217
416 24192 24219
24192 416 24191
24223 397 24221
397 24223 398
298 24216 411
24216 298 24047
409 296 413
296 409 295
24220 297 417
297 24220 24046
24224 24053 24222
24053 24224 24052
299 24218 415
24218 299 24050
24095 24225 24096
24225 24095 24226
24226 24227 24225
24227 24226 24228
24229 24227 24228
24227 24229 24230
24230 24231 24232
24231 24230 24229
24034 24232 24231
24232 24034 288
421 24233 423
24233 421 24234
24233 24235 24236
24235 24233 24234
24236 24237 24238
24237 24236 24235
306 24238 24237
24238 306 24055
427 441 440
429 465 467
465 429 442
429 443 442
443 429 431
447 444 448
444 447 433
433 470 444
470 433 469
439 438 446
438 439 527
430 24239 24240
24239 430 463
24240 432 430
432 24240 24241
24241 449 432
449 24241 24242
24243 471 434
471 24243 24244
24245 24246 437
24247 428 24248
431 448 443
448 431 447
24242 434 449
434 24242 24243
519 24249 451
24250 452 468
452 24250 24251
24251 453 452
453 24251 24252
24253 454 456
454 24253 24254
24254 472 454
472 24254 24255
24256 24257 24258
24252 456 453
456 24252 24253
546 464 461
464 546 545
466 24259 549
24259 466 24260
459 24261 548
24261 459 24262
547 24263 24264
24263 547 475
441 460 458
460 441 427
428 24265 457
24265 428 24247
519 24266 24267
24266 519 474
24257 24268 462
24268 24257 24256
466 540 24260
540 466 541
461 24269 544
24269 461 464
542 24262 459
24262 542 24270
475 24271 24263
24271 475 543
469 445 470
445 469 435
24244 436 471
436 24244 24272
24255 455 472
455 24255 24273
24274 475 547
475 24274 24275
24275 543 475
543 24275 24276
24277 476 24278
476 24277 477
24279 477 24277
477 24279 478
24280 478 24279
478 24280 479
24280 450 479
450 24280 24281
24281 473 450
473 24281 24282
474 451 24283
451 474 519
483 480 482
480 483 481
484 24284 485
24284 484 24285
445 485 24284
485 445 435
24285 437 24246
437 24285 484
24272 480 436
480 24272 482
481 446 438
446 481 483
489 551 490
551 489 486
490 550 491
550 490 551
491 552 492
552 491 550
552 493 492
493 552 553
532 62 554
62 532 61
24286 495 494
495 24286 24287
24287 496 495
496 24287 24288
24288 497 496
497 24288 24289
24289 498 497
498 24289 24290
70 24291 556
24291 70 24292
502 500 499
500 502 501
24293 24294 24295
24294 24293 24296
553 503 493
503 553 557
24290 569 498
569 24290 24297
507 505 504
505 507 506
24298 24299 24300
24299 24298 24301
487 506 488
506 487 505
24301 24302 24299
24302 24301 24303
504 501 507
501 504 500
24300 24296 24298
24296 24300 24294
24304 508 509
508 24304 512
510 24305 511
24305 510 24306
510 488 24306
488 510 487
509 24303 24304
24303 509 24302
518 513 514
513 518 517
515 24307 516
24307 515 24308
575 24309 576
574 24310 24311
511 24308 515
24308 511 24305
514 512 518
512 514 508
24312 24313 24314
24313 24312 24315
24316 24317 24318
24319 24314 24313
24314 24319 24320
24320 24321 24322
24321 24320 24319
24267 24323 519
539 559 558
534 561 560
561 534 533
532 49 50
49 532 554
537 539 558
533 564 561
564 533 535
522 521 520
521 522 523
525 24324 24325
24324 525 524
522 486 489
486 522 520
24325 494 525
494 24325 24286
499 523 502
523 499 521
24295 524 24293
524 24295 24324
565 24326 24327
24326 565 526
566 24327 24328
24327 566 565
567 24328 24329
24328 567 566
568 24329 24330
24329 568 567
528 439 24331
439 528 527
526 24332 24326
24332 526 529
529 24331 24332
24331 529 528
568 24330 24333
24334 24335 24336
24335 24334 24337
24336 24338 24339
24338 24336 24335
24339 24340 24341
24340 24339 24338
24342 24341 24340
24341 24342 24343
24342 24344 24343
24344 24342 24345
24345 24346 24344
24346 24345 24347
455 24273 24348
24349 530 24346
24347 24349 24346
24350 24351 24352
24349 24321 530
24321 24349 24322
24282 24351 473
24351 24282 24352
571 536 531
536 571 570
24353 78 572
78 24353 24354
531 557 571
557 531 503
572 24297 24353
24297 572 569
77 570 63
570 77 536
72 555 76
537 24355 539
539 24355 24356
24356 24357 539
539 24357 559
537 538 24355
564 24358 573
24358 564 535
51 559 24357
559 51 562
24359 560 563
560 24359 534
24360 24337 24334
24337 24360 24361
463 541 24239
541 463 540
24270 467 465
467 24270 542
543 24362 24271
24362 543 476
24278 543 24276
543 24278 476
468 24269 24250
24269 468 544
462 545 546
545 462 24268
24283 547 474
547 24283 24274
474 24264 24266
24264 474 547
548 458 460
458 548 24261
549 457 24265
457 549 24259
476 24363 24362
24363 476 24364
24364 24365 24363
24365 24364 24366
24365 24367 24368
24367 24365 24366
24368 24369 24370
24369 24368 24367
24371 24370 24369
24311 517 574
517 24311 513
516 24372 576
24372 516 24307
24373 24315 24312
24315 24373 24317
582 580 583
580 582 581
585 586 584
586 585 587
588 586 587
578 583 579
583 578 582
590 24374 589
24374 590 24375
596 591 595
591 596 592
24376 593 594
593 24376 24377
24377 579 593
579 24377 578
589 592 596
592 589 24374
24376 598 597
598 24376 594
595 24378 599
24378 595 591
600 602 577
24379 601 24380
599 603 605
603 599 24378
604 597 598
597 604 24381
616 739 24382
739 616 740
609 607 608
607 609 606
24383 611 610
611 24383 24384
24385 24386 24387
24386 24385 24388
24389 684 683
613 610 611
610 613 612
615 640 637
614 24390 24391
24392 619 618
619 24392 24393
640 621 620
621 640 615
614 24394 24390
24394 614 622
24375 754 24395
754 24375 590
668 641 617
641 668 24396
772 630 629
630 772 771
656 632 655
632 656 697
726 639 658
24397 635 636
635 24397 24398
24399 657 24400
657 24399 638
24401 733 24402
733 24401 626
734 24403 24404
24403 734 24405
24396 631 641
631 24396 24406
24407 736 735
736 24407 24408
24409 735 737
735 24409 24407
643 622 642
622 643 24394
24410 620 621
620 24410 644
666 24411 24412
24411 666 645
24413 24414 24415
24414 24413 646
626 24416 24417
24416 626 24401
24412 24418 666
652 650 649
650 652 651
694 24419 24420
24419 694 653
24421 24422 654
24422 24421 24423
628 649 625
649 628 652
651 723 650
723 651 724
24420 695 694
695 24420 24424
24425 24426 773
24423 725 24422
725 24423 24427
24428 654 634
654 24428 24421
656 655 623
24429 24430 24431
24400 657 24432
67 693 64
60 24433 52
679 685 686
685 679 24434
24435 24433 60
24436 683 24437
683 24436 24438
662 24439 24440
24439 662 661
659 660 665
663 24441 664
24441 663 24442
665 616 659
616 665 740
608 664 24441
664 608 607
661 24384 24439
24440 24387 662
24387 24440 24385
24443 24409 737
24409 24443 660
738 740 665
740 738 647
667 617 24444
617 667 668
24445 667 24444
24446 24447 24448
24447 24446 24449
24449 24450 24447
24451 24452 765
766 24452 24453
24452 766 765
24454 24455 24456
24448 24457 24446
24457 24448 24458
24458 24459 24457
24459 24458 24460
24460 618 24459
618 24460 24392
680 671 681
671 680 672
24461 24462 42
670 74 682
74 670 669
24463 24464 24465
24464 24463 24466
677 681 40
681 677 680
669 606 609
606 669 670
73 678 58
24388 24467 24386
24467 24388 24461
79 24468 24469
24470 24463 648
24463 24470 24466
75 24465 24464
24465 75 24471
24382 672 24472
672 24382 739
680 24473 24474
24473 680 677
24474 672 680
672 24474 24472
24389 687 684
24389 683 24438
24475 687 24389
693 24476 690
24476 693 67
673 686 24477
686 673 679
24437 24478 24436
24478 24437 24479
689 692 24480
689 24481 692
24481 689 24482
24481 691 692
691 24481 24483
692 24484 24480
24484 692 691
24485 24486 24487
24488 24486 24485
24429 24489 24490
698 628 625
628 698 699
700 24424 24491
24424 700 695
24492 702 24493
24494 634 701
634 24494 24428
24495 24496 24497
704 710 709
710 704 703
24498 706 705
706 24498 24499
711 24500 712
24500 711 24501
24502 707 24503
707 24502 708
24504 24505 24506
24507 705 24508
705 24507 24498
697 703 632
703 697 710
24501 639 726
639 24501 711
709 627 704
627 709 696
24499 624 706
624 24499 24509
24510 712 24500
712 24510 688
24511 708 24502
708 24511 633
24503 638 24399
638 24503 707
24504 24512 24513
24506 24514 24489
716 713 715
713 716 714
24515 718 717
718 24515 24516
722 24517 721
24517 722 24518
24519 720 719
720 24519 24520
24521 24522 24523
715 24524 702
24524 715 713
699 24515 717
24515 699 698
24491 719 700
719 24491 24519
24523 24525 24496
701 24517 24494
24517 701 721
24509 24516 624
24516 24509 718
696 24520 627
24520 696 720
714 688 24510
688 714 716
24518 633 24511
633 24518 722
24522 24521 24512
24526 24527 24528
24527 24526 24529
24530 24528 24527
24528 24530 24531
24531 24493 24532
24493 24531 24530
24524 24532 24493
702 24524 24493
724 24533 723
24533 724 24534
773 629 24425
629 773 772
24427 636 725
636 24427 24397
24526 24535 24529
24536 24508 24537
24508 24536 24507
24536 24537 24538
732 727 731
727 732 728
730 24539 729
24539 730 24540
605 24540 730
24540 605 603
727 604 731
604 727 24381
602 728 732
728 602 600
729 24380 601
24380 729 24539
24541 24402 733
24402 24541 24542
24543 24544 24545
24544 24543 24546
24442 24547 24548
24547 24442 663
24548 24545 24544
24545 24548 24547
24443 738 660
24549 648 24550
648 24549 24470
24549 738 24551
738 24549 24550
24443 24551 738
738 665 660
672 24552 671
24552 672 739
739 647 24552
647 739 740
743 612 613
612 743 741
24393 742 619
742 24393 24553
24408 744 736
744 24408 745
24554 24406 24555
24406 24554 631
24556 24546 24543
24546 24556 24557
24558 24559 24560
24561 24562 24563
24561 24563 24564
24565 24564 24566
24566 24567 24565
24567 24566 24568
24568 24560 24567
24560 24568 24558
24565 24561 24564
24405 24415 24403
24415 24405 24413
747 748 749
748 747 746
24569 753 752
753 24569 24570
770 767 769
767 770 768
24571 750 24572
750 24571 751
24395 753 24570
753 24395 754
749 581 747
581 749 580
746 584 748
584 746 585
24404 752 734
752 24404 24569
630 24572 750
24572 630 771
766 769 767
769 766 24453
24542 751 24571
751 24542 24541
24573 24574 24575
24574 24576 24577
24576 24574 24573
24578 24577 24576
24577 24578 24579
24534 24578 24533
24578 24534 24579
760 755 759
755 760 756
24580 758 757
758 24580 24581
24582 762 761
762 24582 24583
764 24584 763
24584 764 24585
24586 24587 24588
24587 24586 24589
24553 757 742
757 24553 24580
759 741 743
741 759 755
24555 761 24554
761 24555 24582
763 24557 24556
24557 763 24584
24589 744 745
744 24589 24586
645 24581 24411
24581 645 758
643 756 760
756 643 642
644 24585 764
24585 644 24410
24417 24588 24587
24588 24417 24416
646 24583 24414
24583 646 762
24590 24456 24455
24456 24590 24591
24592 24591 24590
24591 24592 24593
24592 24594 24593
24594 24592 24595
24596 24595 24597
24595 24596 24594
24597 24398 24596
24398 24597 635
24598 768 770
768 24598 24599
24600 24598 24601
24598 24600 24599
24602 24601 24603
24601 24602 24600
24603 653 24602
653 24603 24419
799 24604 24605
801 786 785
786 801 802
803 804 787
788 804 805
804 788 787
803 786 802
788 806 807
806 788 805
803 787 786
786 787 788
807 785 788
778 792 775
785 776 801
785 789 776
776 794 793
794 776 789
786 788 785
782 790 781
790 782 791
791 782 775
792 791 775
794 791 792
791 794 790
793 792 778
792 793 794
777 795 774
790 789 795
790 777 781
777 790 795
795 779 774
795 783 779
794 789 790
785 796 795
800 784 798
784 800 799
797 795 796
784 780 798
783 795 797
785 807 796
789 785 795
798 797 800
783 797 798
780 783 798
800 24604 799
812 817 830
816 817 813
814 824 820
814 820 819
817 823 822
823 817 816
821 824 814
823 833 822
833 823 811
827 811 823
811 827 828
816 825 826
825 816 813
816 827 823
827 816 826
1004 815 818
831 830 832
830 831 829
830 822 832
822 830 817
829 818 830
812 830 818
832 834 831
834 822 833
822 834 832
817 812 813
838 24606 839
24606 838 24607
24608 837 24609
837 840 24609
835 839 836
839 835 838
842 849 850
849 842 841
843 24610 844
24610 843 24611
843 846 845
846 843 844
848 846 847
846 848 845
851 24612 852
24612 851 24613
850 851 852
851 850 849
826 24611 843
24611 826 825
826 845 827
845 826 843
828 845 848
845 828 827
819 844 24610
844 819 820
821 846 824
846 821 847
844 824 846
824 844 820
24613 839 24606
839 24613 851
852 24614 840
24614 852 24612
841 836 849
836 841 24615
850 24608 842
24608 850 837
849 839 851
839 849 836
852 837 850
837 852 840
840 24614 24609
868 855 864
855 865 864
865 855 857
864 853 869
860 859 861
859 860 858
860 862 863
862 860 861
859 980 861
980 859 981
983 861 980
861 983 862
864 856 853
856 864 865
869 868 864
831 866 924
866 831 834
834 853 866
853 834 869
866 853 856
871 919 872
24616 875 926
875 24616 24617
871 874 873
881 878 879
878 881 880
883 880 881
880 883 882
870 880 882
880 870 876
880 884 878
884 880 876
875 24617 884
24618 879 878
879 24618 877
872 885 871
884 24617 24619
24619 878 884
878 24619 24618
876 875 884
891 24620 892
24620 891 24621
24622 24623 890
886 24624 887
24622 890 893
891 889 888
889 891 892
24622 893 24625
881 902 894
879 902 881
902 879 904
904 877 906
877 904 879
24624 886 895
892 24626 896
24626 892 24620
889 24627 24628
24627 889 897
889 896 897
896 889 892
898 902 903
900 899 901
899 900 24629
910 901 911
901 910 900
903 904 905
904 903 902
905 906 907
906 905 904
906 908 907
909 910 911
910 909 24630
896 24629 900
24629 896 24626
894 902 898
906 895 908
24630 897 910
897 24630 24627
896 910 897
910 896 900
912 907 913
907 912 905
918 24631 903
24631 918 917
905 918 903
918 905 912
913 24632 914
24632 913 907
916 922 24633
24634 909 923
916 923 922
923 916 915
872 919 912
913 885 872
885 913 914
24623 24634 920
921 915 916
915 921 920
24625 893 921
918 874 917
873 918 912
918 873 874
913 872 912
919 873 912
871 873 919
920 893 890
893 920 921
922 911 901
911 922 923
890 24623 920
24634 915 920
24634 923 915
909 911 923
921 916 24633
24625 921 24633
922 901 899
922 899 24633
870 875 876
926 997 996
925 867 993
992 24635 996
881 894 883
898 903 24631
877 895 906
908 24632 907
932 875 933
875 932 926
997 932 998
932 997 926
928 931 934
24636 939 935
24637 936 938
936 24637 935
938 937 955
937 938 936
936 939 937
24638 875 870
870 882 941
870 941 24638
942 944 943
944 942 882
942 24639 941
24639 942 945
941 24639 24638
945 943 946
943 945 942
947 949 950
949 947 948
952 949 951
949 952 950
948 940 949
950 944 947
944 950 943
940 951 949
946 950 952
950 946 943
882 942 941
928 934 953
24640 930 999
24636 930 24640
930 24636 927
24638 933 875
935 927 24636
24641 24642 956
24643 24641 956
24644 24645 960
24646 960 24645
960 24646 961
961 24646 24647
24648 959 24649
24650 24651 957
24651 24650 24652
24653 957 958
957 24653 24650
959 24653 958
24653 959 24648
24654 24647 24655
939 936 935
24656 24644 960
24644 24656 891
24657 960 961
960 24657 24656
24657 961 24654
961 24647 24654
24658 24659 24660
955 954 938
969 24661 24644
963 968 969
968 963 962
24662 964 965
964 24662 24663
967 964 966
964 967 965
24664 969 968
24663 938 964
938 24663 24637
964 954 966
954 964 938
931 965 934
965 931 24662
953 965 967
965 953 934
24665 969 24666
969 24665 963
962 956 968
956 962 24643
24644 24666 969
956 24642 24667
969 24664 24661
24664 968 24667
956 24667 968
24659 24658 24668
971 24669 24670
24669 971 970
987 971 982
970 987 984
987 970 971
24671 971 24670
971 24671 982
24618 24624 877
24628 888 889
888 24628 24672
973 979 978
979 973 972
975 24673 974
24673 975 24674
977 974 976
974 977 975
24675 985 24676
985 24675 986
974 857 855
857 974 24673
976 855 868
855 976 974
24674 860 863
860 24674 975
858 975 977
975 858 860
24677 978 24672
978 24677 973
979 24669 970
24678 24679 24680
24676 24681 24682
24681 24676 985
854 980 981
24683 24684 24685
24671 24686 982
980 854 983
24687 24688 24689
24679 24688 24680
24688 24679 24689
24685 24690 24691
877 24624 895
979 984 24692
984 979 970
978 24692 24693
24692 978 979
24672 24693 838
24693 24672 978
24682 24691 24690
24691 24682 24681
24683 24685 24691
986 24694 24695
986 24675 24694
24672 988 888
888 989 891
891 989 990
838 991 24672
991 988 24672
888 988 989
891 990 24644
24644 990 24666
838 835 991
836 24615 835
992 24696 24635
867 994 993
992 995 24696
930 929 1000
930 1000 999
24616 996 24635
24697 24640 999
925 993 1001
924 925 1001
1003 831 1002
1003 829 831
829 1003 1005
818 829 1004
1004 829 1005
24616 926 996
924 1001 1002
831 924 1002
1007 1015 1006
1015 1007 1014
1008 1014 1007
1014 1008 1013
1009 1013 1008
1015 1012 1006
1010 1016 1017
1015 1016 1012
1011 1013 1009
1012 1016 1010
1038 812 1034
1034 1039 1038
1039 1034 1037
1037 1043 1039
1036 1041 1040
1036 1042 1041
1043 1042 1036
1042 1043 1037
825 1043 1044
1043 825 1039
1036 1040 1045
1045 1043 1036
1043 1045 1044
812 1038 813
813 1039 825
1039 813 1038
1059 1060 1054
1055 1059 1054
1416 1063 1057
1066 1061 24698
1061 1066 1068
1071 1020 1070
1070 1072 1071
1067 24699 24700
1071 1019 1020
1073 1071 1072
1074 1075 1067
1073 1076 1071
1072 24701 1073
1071 1076 1024
1073 1078 1076
24701 1079 1073
1019 1071 1024
24702 1075 1074
1080 24703 24704
1077 24703 1080
1079 1084 1073
1073 1084 1078
1080 24704 1085
1079 1086 1087
1084 1079 1087
1076 1078 1088
1080 1085 1089
1090 1087 1086
1085 24704 24705
1087 1091 1084
1084 1092 1078
1090 1091 1087
1091 1093 1084
1094 1089 1085
1093 1092 1084
1095 1096 1089
1090 1099 1098
1091 1100 1093
1081 1099 1086
1089 1101 1095
1078 1092 1102
1100 1091 1098
1103 1105 1104
1106 1095 1101
1092 1093 1107
1093 1100 1107
1098 1109 1100
1099 1111 1110
1105 1113 1112
1092 1107 1114
1115 1105 1103
1109 1116 1100
1117 1103 1106
1098 1110 1109
1099 1081 1082
1118 1097 24706
1116 1107 1100
1105 1120 1119
1105 1119 1113
1114 1121 1122
1121 1114 1107
1119 1123 1113
1123 24707 1113
1109 1124 1125
1124 1109 1110
1126 1123 1119
1127 1120 1115
1124 1110 1111
1129 24707 1123
1109 1125 1130
1119 1120 1127
1082 1128 1111
1131 1127 1115
1126 1119 1127
1128 1124 1111
24708 1117 1106
1108 1134 1133
1135 1136 1129
1125 1124 1137
1137 1124 1128
1126 1127 1138
1127 1131 1138
1130 1121 1116
1139 1140 1137
1137 1141 1125
1117 24709 1131
1142 1143 1136
1140 1141 1137
1144 1122 1121
1145 1135 1138
1131 24710 1138
1125 1146 1130
1141 1146 1125
1138 1148 1147
1138 1147 1145
1139 1150 1149
1130 1146 1151
1138 24710 1148
1153 1142 1145
1140 1149 1154
1155 1153 1145
1156 1146 1141
1157 1158 1143
1158 1157 1159
1151 1160 1130
1156 1141 1154
1158 1159 1161
1162 1163 1153
1164 1153 1155
1165 1149 1150
1149 1166 1154
1156 1167 1146
1164 1162 1153
1146 1168 1151
1169 1156 1154
1171 1172 1159
1146 1167 1168
1154 1174 1169
1162 1176 1175
1157 1175 1177
1178 1176 1162
1179 1171 1177
1180 1155 1147
1166 1182 1174
1156 1184 1183
1185 1182 1166
1167 1183 1168
1186 1169 1174
1185 1166 1165
1172 1171 1187
1190 1176 1178
1169 1192 1191
1193 1194 1164
1195 1186 1182
1176 1190 1179
1179 1197 1196
1195 1192 1186
1182 1199 1198
1200 1173 1187
1202 1178 1164
1187 1196 1200
1178 1202 1190
1199 1185 1181
1202 1205 1190
1182 1185 1199
1197 1179 1190
1206 1195 1198
1207 1200 1196
1191 1183 1184
1207 1188 1200
1192 1195 1206
1208 1190 1205
1196 1197 1209
1183 1210 1201
1206 1211 1192
1202 1194 1205
1212 1207 1196
1213 1191 1192
1214 1215 1206
1197 1216 1209
1216 1197 1208
1198 1199 1170
1211 1218 1192
1188 1207 1220
1218 1213 1192
1221 1208 1222
1191 1223 1210
1215 1224 1211
1216 1225 1209
1226 1227 1214
1225 1212 1209
1205 1228 1222
1221 1229 1216
1227 1230 1215
1231 1218 1211
1231 1211 1224
1232 1225 1233
1225 1232 1212
1220 1234 1189
1204 1219 24711
1225 1229 1233
1236 1223 1213
1215 1230 1237
1235 1238 1219
1227 1226 24712
1230 1227 1240
1232 1242 1243
1242 1232 1233
1241 1203 1234
1213 1231 1239
1244 1231 1224
1245 1246 1221
1241 1217 1203
1241 1247 1217
1233 1229 1248
1240 1249 1230
1224 1237 1244
1230 1250 1237
1230 1249 1250
1251 1238 1235
1221 1246 1229
1252 1233 1248
1243 1253 1254
1253 1243 1242
1249 1240 1255
1244 1256 1231
1250 1244 1237
1259 1250 1249
1261 1255 1240
1248 1229 1246
1262 1259 1255
1241 1254 1263
1263 1247 1241
1231 1256 1239
24713 1251 1235
1240 24712 24714
1260 1265 1261
1266 1242 1252
1267 1255 1265
1268 1250 1259
1265 1260 1269
24714 1261 1240
1267 1262 1255
1247 1263 1270
1244 1268 1271
1262 1273 1259
1274 1265 1269
1269 1260 1264
1274 1267 1265
1277 1270 1278
1259 1273 1268
1263 1253 1266
1264 1279 1269
1280 1281 1278
1282 1492 1248
1284 1258 1285
1272 1287 1286
1288 1262 1267
1285 1281 1280
1289 1279 1264
1290 1269 1279
1291 1289 1275
1290 1274 1269
1286 1291 1272
1288 1273 1262
1293 1263 1294
1267 1274 1297
1273 1299 1268
1290 1289 1291
1300 1290 1291
1270 1293 1301
1299 1271 1268
1271 1302 1256
1291 1286 1300
1276 1292 1303
1289 1290 1279
1304 1292 1295
1305 1278 1301
1296 1306 1295
1290 1307 1274
1305 1308 1280
1297 1288 1267
1283 1309 1266
1293 1294 1310
1312 1314 1313
1315 1293 1310
1316 1273 1288
1316 1299 1273
808 1298 1313
1300 1307 1290
1307 1297 1274
1293 1315 1317
1295 1306 1304
1318 1271 1299
1266 1309 1310
1310 1309 1319
1296 1321 1320
1322 1303 1292
1301 1317 1323
1313 1325 1324
1288 1297 1326
1304 1322 1292
1327 1329 1328
1326 1316 1288
1321 1331 1330
1330 1332 1321
1333 1287 1303
1306 1296 1320
1333 1286 1287
1307 1326 1297
1334 1319 1309
1305 1323 1308
1286 1335 1300
1322 1336 1303
808 1324 1328
1319 1315 1310
1337 1307 1300
1336 1333 1303
1307 1337 1326
1330 1331 1338
1314 1339 1325
1340 1318 1299
1326 1341 1316
1333 1335 1286
1308 1342 1314
1300 1335 1337
1306 1344 1343
1304 1343 1322
1322 1343 1345
1326 1337 1346
1333 1336 1345
1347 1348 1332
1299 1316 1340
1343 1304 1306
24715 1349 1338
1315 1319 1334
1332 1330 1347
1350 1344 1332
1335 1351 1337
1352 1335 1333
1345 1352 1333
1346 1341 1326
1353 1345 1343
1328 1324 1354
1344 1350 1343
1314 1355 1339
1342 1355 1314
1352 1351 1335
1332 1348 1350
1345 1356 1352
1337 1357 1346
1350 1358 1343
1337 1351 1357
1358 1353 1343
1316 1359 1340
1360 1317 1315
1323 1361 1355
1349 1362 1347
1360 1361 1317
1316 1341 1359
1355 1361 1363
1355 1363 1364
1324 1325 1365
1358 1367 1366
1361 1360 1363
1368 1346 1357
1367 1358 1350
1366 1353 1358
1355 1364 1339
1362 1348 1347
1357 1351 1352
1357 1370 1368
1366 1371 1353
1341 1372 1359
1339 1373 1325
1352 1370 1357
1364 1375 1373
1346 1372 1341
1376 1372 1346
1376 1368 1370
1346 1368 1376
1352 1374 1370
1352 1356 1374
1353 1371 1356
1077 1080 1083
24705 24716 1094
1096 1083 1080
1104 1112 1379
1114 1102 1092
1106 1101 24717
1148 1180 1147
1228 1245 1222
1236 1213 1239
1247 1277 1217
1278 1281 1277
1284 1285 1312
1276 1303 1287
1327 1328 1369
1134 1108 1118
1194 1228 1205
1285 1258 1281
1097 24718 24719
1298 1284 1312
1152 1132 24720
1132 1133 24721
1331 24715 1338
24722 24713 1235
24723 24724 24725
1322 1345 1336
1276 1287 1272
1332 1344 1306
1350 1348 1367
1338 1347 1330
24726 1152 24727
1193 1164 1155
24721 24720 1132
1097 24719 24706
1491 24728 24729
1152 24720 24727
1175 1157 1163
1115 1120 1105
24706 24730 1118
1118 1108 1097
1094 1101 1089
1373 1339 1364
1363 1375 1364
1313 1324 808
1328 1329 808
1314 1325 1313
1313 1298 1312
1314 1312 1308
1354 1369 1328
24731 1257 24732
1285 1308 1312
1280 1308 1285
1315 1377 1360
1361 1323 1317
1355 1342 1323
1334 1377 1315
1301 1323 1305
1293 1317 1301
1323 1342 1308
1293 1270 1263
1270 1301 1278
1247 1270 1277
1324 1365 1354
1373 1365 1325
1332 1306 1320
1321 1332 1320
1362 1367 1348
1347 1338 1349
1371 1374 1356
1353 1356 1345
1291 1275 1272
1255 1259 1249
1215 1214 1227
1215 1237 1224
1211 1206 1215
1206 1198 1214
1198 1170 1214
1198 1195 1182
1214 1170 1226
1218 1231 1213
1256 1311 1239
1302 1311 1256
1271 1318 1302
1244 1271 1256
1250 1268 1244
1223 1191 1213
1191 1210 1183
1183 1201 1168
1169 1191 1184
1156 1183 1167
1169 1184 1156
1182 1186 1174
1186 1192 1169
1166 1174 1154
1140 1154 1141
1165 1181 1185
1137 1128 1139
1149 1140 1139
1165 1166 1149
24733 1204 24711
1238 24711 1219
1168 1160 1151
1160 1144 1130
1130 1144 1121
1082 1111 1099
1116 1121 1107
1109 1130 1116
1078 1102 1088
1088 1024 1076
1075 24699 1067
1090 1098 1091
1099 1110 1098
1099 1090 1086
1261 1265 1255
1310 1294 1266
1294 1263 1266
1234 1203 1189
1220 1189 1188
1188 1173 1200
1252 1242 1233
1266 1253 1242
1266 1252 1283
1283 1252 1248
1282 1248 1246
1221 1216 1208
1205 1222 1208
1245 1221 1222
1187 1173 1172
1172 1161 1159
1179 1187 1171
1177 1171 1159
1179 1196 1187
1162 1164 1178
1190 1208 1197
1177 1159 1157
1164 1194 1202
1162 1175 1163
1133 1132 1108
1180 1193 1155
1145 1147 1155
24734 24735 1129
1143 24734 1136
1129 24735 24707
1123 1126 1129
1142 1157 1143
1163 1157 1142
1153 1163 1142
1143 1158 24734
1136 24734 1129
1142 1136 1135
1126 1135 1129
1145 1142 1135
1126 1138 1135
1179 1177 1176
1175 1176 1177
24709 24710 1131
1131 1115 1117
1117 1115 1103
24708 24709 1117
1106 1103 1095
1106 24717 24708
24716 24717 1101
1094 24716 1101
24705 1094 1085
1105 1112 1104
1104 1379 1096
1096 1379 1083
1080 1089 1096
1095 1104 1096
1104 1095 1103
1060 1382 1054
1383 1384 24736
1383 1385 1384
1386 1384 1385
1387 1385 1388
1385 1387 1389
1390 1392 1391
1393 1389 1387
1391 1395 1394
1396 1390 1391
1397 1393 1390
1391 1399 1398
1391 1394 1399
1399 1394 1400
1400 1394 24737
1401 1399 1400
1402 1396 1398
1400 24737 1403
1399 1402 1398
1404 1396 1402
1401 1402 1399
24738 1393 1397
1405 1403 1406
1401 1407 1402
1402 1407 1404
1397 1404 24739
1408 1406 1409
1410 1407 1405
1404 1407 24740
1407 1050 24740
1407 1410 1411
1412 1410 1408
1413 1410 1412
1414 1409 24741
24741 1415 1414
1057 1058 1416
1417 1412 1418
1419 1413 1412
1419 1412 1417
1420 1415 24742
1421 1422 1417
1423 1421 1414
1424 1417 1422
1425 1423 1420
1049 1411 1413
1420 24743 1426
1427 1424 1422
1051 1419 1032
1422 1425 1427
1425 1429 1428
1430 1426 24743
1431 1419 1424
1426 1430 1429
1424 1427 1431
1431 1427 1432
1427 1425 1428
1433 1429 1430
1433 1430 1434
1432 1427 1435
1429 1436 1428
1431 1432 1032
1429 1433 1437
1438 1435 1428
1428 1436 1438
1439 1433 1434
1440 1441 1435
1436 1442 1438
1437 1436 1429
1441 1047 1432
1439 1444 1443
1445 1447 1446
1448 1443 1446
1448 1446 1447
1449 1442 1450
1451 1448 1447
1450 1452 1449
1033 1440 1449
1453 1452 1450
1452 1033 1449
1454 1448 1451
1455 1453 1456
1451 1457 1454
1454 1459 1458
1460 1461 1457
1454 1455 1459
1462 1463 1461
1452 1031 1028
1052 1464 1064
1464 1463 1462
1465 1466 1454
1457 1467 1465
1463 1468 1461
1031 1455 1029
1465 1469 1466
1470 1472 1471
1473 1469 1465
1465 1474 1473
1463 1475 1468
1455 1469 1029
1469 1476 1029
1467 1477 1474
1472 1479 1478
1035 1029 1476
1468 1475 1477
1480 1479 1378
1476 1469 1473
1471 1478 1481
1475 1471 1482
1035 1476 1473
1022 1479 1480
1471 1481 1483
1482 1471 1483
1473 1474 1018
1477 1483 1484
1018 1474 1484
1483 1027 1484
1483 1485 1027
1479 1023 1478
1484 1027 1018
1483 1481 1485
1481 1478 1025
1025 1026 1485
1383 24736 24744
1383 24744 1381
1384 24745 24736
24745 1386 24746
1388 1383 1381
1392 1069 1395
1393 24747 1389
1050 1411 1049
1486 1460 1457
1461 1460 1462
1052 1470 1464
24748 1021 1480
1032 1432 1047
1464 1462 1064
1053 1470 1052
1051 1413 1419
1421 1418 1414
1396 1391 1398
1386 1385 1389
1485 1481 1025
1027 1485 1026
1472 1378 1479
1471 1472 1478
1471 1475 1470
1480 1021 1022
1472 1470 1053
1378 1472 1053
1064 1462 1065
1464 1470 1475
1463 1464 1475
1018 1046 1473
1484 1474 1477
1483 1477 1482
1473 1046 1035
1467 1468 1477
1465 1467 1474
1477 1475 1482
1465 1454 1457
1457 1461 1467
1457 1451 1486
1447 1445 1486
1479 1022 1023
1025 1478 1023
1448 1487 1443
1487 1448 1458
1469 1455 1466
1466 1455 1454
1443 1444 1446
1434 1444 1439
1434 1430 24749
1430 24743 24749
1488 1433 1439
1433 1488 1437
1443 1488 1439
1488 1443 1487
1453 1450 1456
1455 1456 1459
1455 1031 1453
1031 1452 1453
1033 1452 1030
1438 1442 1449
1440 1435 1438
1435 1441 1432
1420 24742 24743
24742 1415 24750
1425 1420 1426
1423 1415 1420
1425 1426 1429
1417 1424 1419
1428 1435 1427
1423 1414 1415
1419 1431 1032
1418 1421 1417
1049 1413 1051
1407 1411 1050
1410 1413 1411
24751 1403 24752
1409 1406 24751
1403 24737 24752
1403 1401 1400
1408 1409 1414
1418 1408 1414
1412 1408 1418
1409 24751 24741
1406 1403 24751
1408 1405 1406
1401 1403 1405
1410 1405 1408
1401 1405 1407
1425 1422 1423
1421 1423 1422
24739 1404 24740
1404 1397 1396
1397 1390 1396
24738 1397 24739
1393 1387 1390
1393 24738 24747
24746 1389 24747
1389 24746 1386
24745 1384 1386
1391 1392 1395
1392 1388 1069
1388 1381 1069
1383 1388 1385
1387 1388 1392
1392 1390 1387
1068 1062 1061
1062 24753 24754
1062 1068 24753
24755 1062 24754
1382 1058 1054
1380 24756 24757
1056 24758 24759
24760 1460 1486
1056 24759 24761
24760 1486 1445
24760 1462 1460
1056 24762 24758
1056 24761 24763
24763 1059 1055
1240 1227 24712
1048 1440 1033
1047 1441 1048
1048 1441 1440
1382 1416 1058
24741 24750 1415
1305 1280 1278
1468 1467 1461
1447 1486 1451
1212 1220 1207
1220 1212 1232
1232 1234 1220
1234 1232 1243
1243 1241 1234
1241 1243 1254
1450 1437 1488
1437 1450 1442
1488 1456 1450
1456 1488 1487
1487 1459 1456
1459 1487 1458
1196 1209 1212
1442 1436 1437
1254 1253 1263
1448 1454 1458
1229 1225 1216
1440 1438 1449
24723 24725 24764
1056 24763 1055
1281 1489 1277
1489 1217 1277
1272 1292 1276
24765 1203 1217
1489 1490 1217
1217 1490 24765
1492 1283 1248
1494 1496 1497
1496 1494 1493
1495 1497 1498
1497 1495 1494
1496 1501 1500
1501 1496 1499
1499 1503 1501
1503 1499 1502
1497 1500 1505
1500 1497 1496
1498 1506 1504
1498 1505 1507
1505 1498 1497
1508 1502 1509
1502 1508 1503
1506 1514 1510
1507 1511 1506
1527 1524 1528
1524 1527 1509
1514 1518 1515
1513 1516 1525
1511 1517 1514
1518 1520 24766
1518 1517 1519
1519 1521 1520
1520 24767 24766
1521 24768 1520
1520 24769 24767
24768 24769 1520
1521 24770 24768
1499 1493 1522
1493 1499 1496
1499 1523 1502
1523 1499 1522
1523 1509 1502
1509 1523 1524
1509 1526 1508
1526 1509 1527
1516 1512 1525
1527 1512 1526
1512 1527 1525
1525 1528 1513
1528 1525 1527
1529 1543 1531
1531 1530 1529
1532 1543 1503
1543 1532 1531
1533 1531 1532
1531 1533 1530
1538 1540 1541
1540 1538 1537
1539 1789 1542
1789 1539 1790
24771 24772 1540
1789 24773 1542
24773 1789 24774
1541 24775 24774
24772 24775 1541
24772 1541 1540
1544 1503 1508
1503 1544 1532
1545 1532 1544
1532 1545 1533
1787 1546 1788
1546 1787 1547
1546 1549 1550
1549 1546 1547
1788 1544 1508
1544 1788 1546
1544 1550 1545
1550 1544 1546
1535 1547 1787
1549 1792 1536
1792 1549 1547
1551 1553 1552
1552 1534 1551
1537 1538 1553
1530 1720 1555
1556 1530 1555
1569 1555 1720
1556 1557 1558
1557 1556 1555
1569 1557 1555
1570 1557 1569
1558 1559 1560
1559 1558 1557
1571 1559 1570
1560 1561 1562
1561 1560 1559
1572 1561 1571
1562 1563 1564
1563 1562 1561
1572 1573 1565
1564 1565 1566
1565 1564 1563
1567 1565 1573
1565 1567 1566
1568 24776 24777
1574 24778 24779
1567 24780 1568
24780 24776 1568
1567 24781 24780
1567 24782 24781
24783 24782 1567
1574 24779 1567
24779 24783 1567
1577 1575 1578
1575 1577 1576
1576 1579 1580
1579 1576 1577
1576 1582 1575
1582 1576 1581
1576 1583 1581
1583 1576 1580
1584 1578 1585
1578 1584 1577
1583 1686 1685
1686 1583 1580
1586 1577 1584
1577 1586 1579
1579 1686 1580
1686 1579 1687
1578 1587 1588
1587 1578 1575
1575 1589 1587
1589 1575 1582
1581 1590 1591
1590 1581 1583
1582 1591 1592
1591 1582 1581
1585 1588 1593
1588 1585 1578
1583 1691 1590
1691 1583 1685
1687 1586 1688
1586 1687 1579
1582 1594 1589
1594 1582 1592
1587 1595 1596
1595 1587 1589
1588 1587 1596
1596 1597 1588
1598 1585 1599
1585 1598 1584
1600 1584 1598
1584 1600 1586
1601 1589 1594
1589 1601 1595
1597 1593 1588
1596 1603 1604
1603 1596 1595
1795 1605 1592
1599 1593 1606
1593 1599 1585
1595 1607 1603
1607 1595 1601
1689 1586 1600
1586 1689 1688
1795 1590 1796
1590 1795 1591
1592 1605 1594
1596 1604 1608
1605 1601 1594
1738 1590 1691
1590 1738 1796
1605 1607 1601
1592 1591 1795
1609 1606 1593
1611 1604 1603
1604 1611 1610
1612 1603 1607
1603 1612 1611
1608 1597 1596
1598 1614 1600
1614 1598 1613
1613 1599 1615
1599 1613 1598
1607 1616 1612
1616 1607 1605
1608 1617 1597
1600 1690 1689
1690 1600 1614
1610 1608 1604
1608 1610 1618
1616 1605 1692
1615 1606 1619
1606 1615 1599
1493 1494 1620
1622 1494 1495
1494 1622 1620
1609 24784 24785
810 1624 1623
1624 810 1621
1618 1617 1608
1617 1618 1625
1617 1626 1609
1495 1504 1627
24786 1613 24787
1613 24786 1614
24788 1614 24786
1614 24788 1690
1626 1628 24784
1621 1724 1624
1724 1621 809
1629 1632 809
1504 1510 1627
1626 1617 1625
24789 24790 1619
809 1632 1634
1629 1630 1635
1626 1067 1628
1632 1635 1637
1639 1720 1721
1635 1631 1640
1631 1635 1630
1634 1642 1641
1642 1634 1632
1637 1642 1632
1720 1639 1638
1643 1641 1644
1641 1643 1634
1637 1640 1645
1640 1637 1635
1510 1515 1647
1642 1645 1648
1645 1642 1637
1067 1626 1649
1650 1631 1636
1631 1650 1640
1651 1639 1783
1628 24700 24791
1641 1648 1652
1648 1641 1642
1638 1651 1653
1651 1638 1639
1640 1654 1645
1654 1640 1650
1656 1636 1646
1636 1656 1650
1648 1654 1657
1654 1648 1645
1658 1641 1652
1641 1658 1644
1515 24766 1647
1650 1659 1654
1659 1650 1656
1646 1660 1656
1660 1646 1655
1516 1684 1661
1652 1657 1662
1657 1652 1648
1663 1651 1782
1657 1659 1664
1659 1657 1654
1652 1665 1658
1665 1652 1662
1653 1663 1666
1663 1653 1651
24792 24793 1660
1656 1667 1659
1667 1656 1660
1661 1668 1669
1668 1661 1684
1662 1664 1670
1664 1662 1657
1659 1671 1664
1671 1659 1667
1551 1669 1537
1669 1551 1661
1660 24794 1667
24794 1660 24793
1662 1672 1665
1672 1662 1670
1670 1671 1674
1671 1670 1664
1669 1675 1676
1675 1669 1668
1666 1673 1677
1673 1666 1663
1671 24794 24795
24794 1671 1667
1537 1676 1540
1676 1537 1669
1670 1678 1672
1678 1670 1674
1674 24795 24796
24795 1674 1671
1539 1679 1673
1676 24797 24798
24797 1676 1675
24796 1678 1674
1680 1673 1679
1673 1680 1677
24798 24771 1676
1679 1542 1681
1542 1679 1539
1680 1681 1682
1681 1680 1679
24773 24799 1542
1628 24791 24800
1682 1681 24801
1619 24802 1615
24802 1619 24790
1628 24800 24784
24801 24778 1682
24799 24801 1681
24799 1681 1542
24803 1074 1647
1647 24804 24803
1074 1067 1683
1067 24700 1628
1615 24787 1613
24787 1615 24802
24700 24805 24791
1609 24785 1606
24789 1619 24785
24702 1074 24803
24792 1660 1655
24784 1609 1626
1647 1074 1683
1649 1647 1683
1633 1647 1649
1627 1633 1625
1622 1627 1618
1610 1620 1622
1620 1610 1611
1611 1493 1620
1493 1611 1612
1522 1612 1616
1612 1522 1493
1623 1523 1786
1623 1524 1523
1524 1623 1624
1724 1513 1528
1513 1724 1643
1513 1644 1516
1644 1513 1643
1516 1658 1684
1658 1516 1644
1684 1665 1668
1665 1684 1658
1668 1672 1675
1672 1668 1665
1678 1675 1672
24796 24797 1678
810 1623 1692
1623 1786 1692
809 1643 1724
1643 809 1634
1067 1649 1683
24771 1540 1676
1678 24797 1675
24785 1619 1606
1649 1626 1625
1551 1534 1661
1534 1516 1661
1693 1530 1694
1696 1693 1694
1695 1717 1716
1717 1695 1718
1698 1696 1694
1696 1697 1695
1697 1696 1699
1719 1511 1718
1698 1701 1699
1700 1699 1702
1703 1517 1719
1701 1704 1702
1702 1706 1705
1703 1700 1705
1700 1703 1719
1707 1519 1703
1707 1705 1708
1705 1707 1703
1704 1709 1706
1706 1710 1708
1711 1521 1707
1711 1708 1712
1708 1711 1707
1711 24770 1521
1710 1713 1712
1709 1714 1710
24806 1712 24807
1712 24806 1711
24807 1712 24808
1712 1713 24808
1714 1715 1713
1713 24809 24808
24810 24809 1713
24810 1713 1715
24811 1715 24812
24813 24811 24814
24811 24813 1715
1715 24813 24810
1698 1699 1696
1714 1713 1710
1710 1712 1708
1706 1708 1705
1702 1705 1700
1718 1700 1719
1700 1718 1697
1697 1718 1695
1696 1695 1693
1574 1680 1682
1680 1574 1573
1653 1569 1638
1569 1653 1570
1571 1653 1666
1653 1571 1570
1677 1571 1666
1571 1677 1572
1680 1572 1677
1572 1680 1573
1720 1638 1569
24778 1574 1682
1709 1710 1706
1704 1706 1702
1512 1516 1534
1526 1512 1548
1629 1635 1632
1624 1528 1524
1528 1624 1724
1726 1686 1687
1686 1726 1725
1727 1686 1725
1686 1727 1685
1725 1748 1746
1748 1725 1726
1728 1687 1688
1687 1728 1726
1726 1730 1748
1730 1726 1728
1730 1731 1749
1732 1688 1689
1688 1732 1728
1728 1733 1730
1733 1728 1732
1730 1734 1731
1734 1730 1733
1735 1689 1690
1689 1735 1732
1736 1732 1735
1732 1736 1733
1733 1737 1734
1737 1733 1736
1690 24788 1735
24815 1735 24816
1735 24815 1736
24817 24818 1737
24817 1736 24815
24817 1737 1736
24788 24816 1735
1740 1691 1739
1691 1740 1738
1743 1739 1744
1739 1743 1740
1685 1739 1691
1739 1685 1727
1739 1745 1744
1745 1739 1727
1692 1738 1740
1692 1740 1743
1742 810 1743
1742 1744 1741
1744 1742 1743
1741 1745 1729
1745 1741 1744
1746 1727 1725
1727 1746 1745
1745 1747 1729
1747 1745 1746
1749 1746 1748
1746 1749 1747
1769 1750 1751
1750 1769 1770
1752 1769 1751
1769 1752 1768
1753 1770 1771
1770 1753 1750
1751 1755 1752
1755 1751 1754
1751 1756 1754
1756 1751 1750
1784 1621 810
810 1785 1784
1750 1757 1756
1757 1750 1753
1794 1621 1784
1758 1771 1772
1771 1758 1753
1755 1759 1760
1759 1755 1754
1754 1761 1759
1761 1754 1756
1621 1794 1793
809 1621 1793
1762 1753 1758
1753 1762 1757
1760 1773 1629
1773 1760 1759
1756 1763 1761
1763 1756 1757
1793 1760 1629
1764 1772 1737
1772 1764 1758
1774 1759 1761
1759 1774 1773
1757 1765 1763
1765 1757 1762
1766 1758 1764
1758 1766 1762
1775 1761 1763
1761 1775 1774
1737 24818 24819
1776 1763 1765
1763 1776 1775
1767 1762 1766
1762 1767 1765
24820 1767 1766
1655 1765 1767
1765 1655 1776
1766 24821 24820
1767 24822 24823
1655 24823 24792
24824 1764 24825
1764 24819 24825
1766 24824 24821
1767 24823 1655
1737 24819 1764
24824 1766 1764
1556 1797 1530
1564 1781 1780
1781 1564 1566
1779 1564 1780
1564 1779 1562
1778 1562 1779
1562 1778 1560
1777 1560 1778
1560 1777 1558
1558 1777 1556
1566 1568 1781
1636 1774 1775
1774 1636 1631
1646 1775 1776
1775 1646 1636
1774 1630 1773
1630 1774 1631
1630 1629 1773
1655 1646 1776
1673 1663 1723
1723 1663 1782
1651 1722 1782
1537 1553 1551
1790 1554 1791
1554 1790 1539
1536 1791 1554
1791 1536 1792
1552 1535 1534
24826 24827 24828
24827 24829 24830
24829 24827 24826
24830 24831 24832
24831 24830 24829
24833 24834 24835
24834 24833 24836
24832 24836 24833
24836 24832 24831
1722 1651 1783
1639 1721 1783
24834 24837 24835
24837 24834 24838
24839 24837 24838
1539 1673 1723
1693 1529 1530
1529 1695 1716
1695 1529 1693
1769 1747 1770
1747 1769 1729
1734 1772 1731
1731 1771 1749
1749 1770 1747
1771 1770 1749
1772 1771 1731
1752 1755 1784
1784 1768 1752
1768 1784 1785
1737 1772 1734
810 1692 1743
24840 24841 24842
24841 24840 24843
24844 24842 24841
1571 1561 1559
1572 1563 1561
1570 1559 1557
24845 24840 24846
24840 24845 24843
24847 24845 24846
24845 24847 24848
24848 24847 24849
1786 1616 1692
1523 1522 1786
1522 1616 1786
1787 1534 1535
1534 1787 1548
1548 1788 1526
1788 1548 1787
1508 1526 1788
24774 1789 1541
1790 1541 1789
1541 1790 1538
1538 1790 1553
1791 1553 1790
1553 1791 1552
1552 1791 1792
1552 1792 1535
1535 1792 1547
1768 1729 1769
1729 1768 1741
1785 1741 1768
1741 1785 1742
1742 1785 810
1629 809 1793
1793 1755 1760
1755 1793 1794
1755 1794 1784
1795 1692 1605
1796 1692 1795
1692 1796 1738
1512 1534 1548
24812 1715 1808
1809 1568 24777
1797 1799 1798
1800 1799 1801
1799 1800 1798
1801 1803 1802
1803 1805 1804
1805 1807 1804
1807 1809 1808
1798 1694 1797
1701 1798 1800
1798 1701 1698
1802 1704 1701
1802 1804 1709
1804 1806 1709
1715 1806 1808
1797 1777 1799
1777 1797 1556
1801 1777 1778
1777 1801 1799
1778 1779 1803
1779 1780 1803
1780 1781 1807
1781 1568 1807
1808 1809 24850
1694 1530 1797
1798 1698 1694
24850 24812 1808
1809 24777 24850
1767 24820 24822
1818 1811 1810
1811 1818 1817
1817 1812 1811
1812 1817 1816
1813 1812 1816
24851 24852 1815
1010 1017 1819
24851 1815 1819
1814 1813 1816
1815 1010 1819
1823 1820 927
1824 1820 1823
1820 1824 1822
1822 1824 1825
1821 24853 24854
1821 24854 24855
1825 1821 24855
24855 1822 1825
1825 24637 24856
24637 1825 1824
1821 24857 24853
24857 1825 24856
1825 24857 1821
927 935 1823
1824 935 24637
935 1824 1823
1831 1829 1828
1829 1831 1830
1832 1828 1826
1828 1832 1831
1833 1826 1827
1826 1833 1832
1835 1837 1836
1837 1835 1834
1838 1835 1839
1835 1838 1834
1837 1897 1840
1887 1838 1888
1838 1887 1834
1886 1834 1887
1834 1886 1837
1839 1832 1833
1832 1839 1835
1835 1831 1832
1831 1835 1836
1836 1830 1831
1830 1836 1840
24858 1842 24859
1842 24858 1841
1841 24858 24860
24861 1843 24862
1843 24861 1844
1838 1845 1858
1845 1838 1839
1845 1833 1846
1833 1845 1839
1833 1827 1846
24863 24864 1847
1859 1847 24864
24864 24865 1859
1827 1854 1855
1854 1827 1826
1826 1853 1854
1853 1826 1828
1829 1857 1828
1856 1849 1850
1848 24866 1850
24866 1848 24867
1850 24866 24868
24868 1856 1850
1854 1816 1817
1816 1854 1853
1855 1817 1818
1817 1855 1854
24868 24851 1856
1849 1856 1819
1814 1816 1853
1857 1814 1853
1857 1853 1828
24851 1819 1856
1017 1849 1819
24869 1851 1852
1851 24869 24870
1889 1852 1890
1852 1889 24869
1851 24867 1848
24867 1851 24870
1888 1858 24871
1858 1888 1838
24859 1842 24872
1863 1865 1862
1865 1863 1864
1862 1866 1860
1866 1862 1865
1860 1867 1861
1867 1860 1866
1868 1869 1870
1869 1868 1872
1896 1870 1873
1870 1896 1871
1872 1893 1892
1893 1872 1868
1868 1894 1893
1894 1868 1871
1866 1869 1867
1866 1870 1869
1870 1866 1865
1870 1864 1873
1864 1870 1865
1877 1894 1895
1875 1874 24873
24874 1874 1876
1874 24874 24875
24876 1876 1877
1876 24876 24874
1884 24877 24863
24873 24878 24877
1879 1861 1880
1861 1879 1860
1878 1860 1879
1860 1878 1862
1863 1862 1882
1881 1850 1849
1850 1867 1848
1867 1850 1861
1850 1880 1861
1880 1850 1881
1013 1879 1014
1879 1013 1878
1014 1880 1015
1880 1014 1879
1880 1881 1015
1849 1016 1881
1011 1878 1013
1882 1878 1011
1882 1862 1878
1015 1881 1016
1017 1016 1849
24877 1875 24873
1874 24875 24873
24860 24862 1843
1841 24860 1843
1848 1885 1851
1885 1848 1867
1851 1883 1852
1883 1851 1885
1891 1852 1883
1852 1891 1890
24863 1847 1884
1875 24877 1884
1883 1892 1891
1892 1883 1872
1872 1883 1885
1867 1869 1885
1869 1872 1885
1843 1887 1841
1887 1843 1886
1841 1888 1842
1888 1841 1887
1842 24871 24872
24871 1842 1888
1859 1890 1847
1890 1859 1889
1891 1847 1890
1847 1891 1884
1891 1875 1884
1875 1891 1892
1892 1874 1875
1874 1892 1893
1893 1876 1874
1876 1893 1894
1844 1886 1843
1844 1898 1886
1877 1876 1894
1837 1840 1836
1895 1871 1896
1871 1895 1894
1837 1898 1897
1898 1837 1886
1030 1452 1028
1904 1911 1910
1910 24879 24880
1911 24879 1910
24881 24882 24883
24881 24884 24882
24884 1915 24885
1950 24886 1916
1918 1919 24887
1915 24888 24885
1921 1915 1922
1915 1921 1920
1926 1925 1927
1925 1926 1924
1929 1918 1920
1918 1929 1928
1950 1923 1944
1923 1950 1916
1930 1927 1928
1927 1930 1926
1931 1920 1921
1920 1931 1929
1923 1909 1932
1909 1923 1906
1930 1928 1929
1929 1934 1933
1934 1929 1931
1908 1935 1936
1935 1908 1907
1939 1937 1940
1937 1939 1938
1913 1940 1937
1907 1941 1935
1941 1907 1905
1912 1941 1905
1912 1914 1949
1904 1914 1912
1918 24889 24888
24890 1950 24891
24889 24887 24892
24887 24889 1918
1919 1917 24887
1915 1920 24888
1922 24884 24881
24884 1922 1915
1940 1913 1954
1939 1933 1934
1933 1939 1940
1933 1953 1930
24893 1947 1948
1947 24893 24894
1903 1900 2018
24894 1946 1947
1946 24894 24895
1909 1936 1932
1936 1909 1908
1946 24896 1945
24896 1946 24895
24897 1945 24896
1945 24897 1944
1928 1919 1918
1919 1928 1927
1916 24886 1942
1906 1916 1942
1916 1906 1923
1927 1917 1919
1917 1927 1925
1937 1943 1913
1944 1932 1945
1932 1944 1923
1932 1946 1945
1946 1932 1936
1936 1947 1946
1947 1936 1935
1935 1948 1947
1948 1935 1941
1949 1948 1941
24891 1944 24897
1944 24891 1950
24886 1950 24890
1949 1941 1912
1949 1914 1903
1940 1953 1933
1953 1952 1951
1952 1953 1954
1951 1924 1926
1926 1953 1951
1953 1926 1930
1954 1953 1940
1930 1929 1933
24898 24899 1943
1952 1954 1913
24888 1920 1918
1966 1967 1974
1956 1955 1968
1957 1974 1955
1959 2016 1969
2016 1959 2017
1956 24900 24901
24899 1899 1943
1901 1960 1959
1970 1961 1965
1961 1970 1962
1973 1963 1972
1963 1973 1964
1970 24902 24903
24904 1964 24905
1964 24904 1963
1965 1975 1971
1975 1976 1971
1902 1969 1899
1969 1902 1959
1962 1970 24903
1965 1958 1966
1958 1965 1961
1966 1951 1967
1951 1966 1958
1951 1968 1967
1968 1951 1952
1969 2016 1913
1943 1899 1969
1970 1972 1963
1955 24906 1957
1973 1971 1976
1971 1973 1972
1965 1971 1972
1975 1977 1976
1966 1974 1975
1970 1965 1972
1965 1966 1975
1974 1967 1955
24901 24906 1956
1956 24906 1955
1978 2017 1959
1960 1978 1959
1959 1902 1901
1968 1955 1967
1975 1974 1977
1957 1977 1974
2017 1978 24900
24902 1963 24904
24902 1970 1963
24907 1981 1982
24908 1979 24909
1983 2030 1985
2019 1983 2020
1982 24910 24907
1985 2022 2021
2023 1985 2021
24911 1986 1987
1986 24911 24912
24908 1987 1979
1988 1982 1981
1986 24912 24913
1982 1988 1986
1987 1986 1988
1980 1987 1988
1979 1987 1980
1979 2026 1983
2026 1979 1980
1984 24914 24915
24916 1917 1989
1925 1924 1997
1925 1998 1989
24916 1989 24903
1992 1999 2000
1999 1992 1991
1993 1991 1992
1991 1993 24917
24918 1994 24919
1994 24918 1996
1993 24920 24917
1990 24921 24919
1990 24922 24921
1981 1990 2000
1991 2025 2024
1993 1996 24920
1996 1993 1994
1994 1992 1990
1992 1994 1993
1999 2026 1980
2026 1999 1995
1995 2027 2026
1991 2024 2028
24923 24918 24924
1997 1998 1925
24887 1917 24925
2029 2027 1995
1990 24919 1994
24922 1990 1981
1925 1989 1917
1951 1997 1924
1996 24918 24923
24920 1996 24923
1995 2028 2029
1984 24915 24922
1981 1984 24922
2028 1999 1991
1995 1999 2028
1985 2030 2022
1983 2026 2030
24917 2031 1991
1991 2031 2025
24909 1983 2019
24909 1979 1983
24908 24911 1987
2019 24926 24909
2020 1985 2023
2020 1983 1985
1984 24927 24914
2000 1980 1988
1980 2000 1999
1981 2000 1988
2000 1990 1992
24925 1917 24916
1958 1997 1951
1997 1961 1998
1961 1997 1958
1961 1989 1998
1989 1961 1962
1989 1962 24903
1984 24928 24927
1984 24907 24928
24907 1984 1981
1982 24913 24929
1986 24913 1982
24912 24930 24931
24912 24931 24913
1982 24929 24910
24932 2010 24933
2010 24932 24934
2001 24935 2010
2002 1906 1942
24933 2010 24936
24937 1942 24886
2001 24938 24939
24937 2002 1942
24938 2001 2002
24940 2009 24941
1905 1907 2005
2008 1905 2005
2006 24942 24943
1912 2008 2006
2008 1912 1905
2004 1907 1908
1907 2004 2005
1909 2004 1908
1909 2007 2004
2007 1906 2002
1906 2007 1909
1912 2006 1911
1911 24943 24879
1911 1904 1912
2006 24943 1911
2006 2008 24942
2008 24940 24942
2009 2011 2003
2011 2005 2003
2005 2004 2003
2014 2003 2004
2004 2007 2014
2002 2001 2015
2011 2009 24940
24940 2008 2011
2008 2005 2011
2010 24935 24936
24939 24935 2001
24937 24938 2002
2013 24944 2012
24944 2013 24945
2015 2013 2012
24945 2010 24934
2010 24945 2013
2009 24944 24941
24944 2009 2012
2012 2003 2014
2001 2013 2015
2001 2010 2013
2007 2015 2014
2012 2009 2003
2002 2015 2007
1913 1943 1969
1952 2016 1968
2016 1952 1913
2017 1968 2016
1968 2017 1956
24900 1956 2017
2018 1948 1949
24893 1948 2018
1938 24898 1937
1937 24898 1943
1903 2018 1949
2037 2043 2044
2043 24946 24947
2044 2043 24947
24948 24949 24950
24948 24950 24951
24951 24952 2048
2083 2049 24953
2051 24954 2052
2048 24952 24955
2054 2048 2053
2048 2054 2055
2058 2059 2060
2059 2058 2057
2051 2062 2053
2062 2051 2061
2083 2056 2049
2056 2083 2077
2060 2063 2061
2063 2060 2059
2064 2053 2062
2053 2064 2054
2056 2042 2039
2042 2056 2065
2063 2062 2061
2062 2067 2064
2067 2062 2066
2041 2068 2040
2068 2041 2069
2072 2070 2071
2070 2072 2073
2046 2070 2073
2040 2074 2038
2074 2040 2068
2045 2038 2074
2045 2082 2047
2037 2045 2047
2051 24955 24956
24957 24958 2083
24954 24956 24959
24956 24954 2051
2052 24954 2050
2048 24955 2053
2055 24948 24951
24951 2048 2055
2073 2087 2046
2066 2072 2067
2072 2066 2073
2066 2063 2086
24960 2080 24961
2080 24960 2081
2036 2151 2033
2079 24961 2080
24961 2079 24962
2042 2069 2041
2069 2042 2065
2079 24963 24962
24963 2079 2078
2078 24964 24963
24964 2078 2077
2052 2061 2051
2061 2052 2060
2049 2075 24953
2049 2039 2075
2039 2049 2056
2050 2060 2052
2060 2050 2058
2070 2046 2076
2077 2065 2056
2065 2077 2078
2065 2079 2069
2079 2065 2078
2069 2080 2068
2080 2069 2079
2081 2068 2080
2068 2081 2074
2082 2074 2081
2077 24958 24964
24958 2077 2083
24953 24957 2083
2082 2045 2074
2082 2036 2047
2073 2066 2086
2086 2085 2087
2085 2086 2084
2084 2059 2057
2086 2059 2084
2059 2086 2063
2087 2073 2086
2063 2066 2062
24965 2076 24966
2085 2046 2087
24955 2051 2053
2099 2107 2100
2089 2101 2088
2090 2088 2107
2092 2149 2150
2149 2092 2102
2089 24967 24968
24966 2076 2032
2034 2092 2093
2094 2103 2098
2103 2094 2095
2106 2096 2097
2096 2106 2105
2103 24969 24970
2097 24971 24972
24971 2097 2096
2098 2104 2108
2108 2104 2109
2035 2102 2092
2102 2035 2032
2095 24969 2103
2098 2091 2094
2091 2098 2099
2084 2099 2100
2099 2084 2091
2084 2101 2085
2101 2084 2100
2102 2046 2149
2076 2102 2032
2103 2096 2105
2088 2090 24973
2104 2106 2109
2106 2104 2105
2098 2105 2104
2108 2109 2110
2099 2108 2107
2103 2105 2098
2098 2108 2099
2107 2088 2100
24967 2089 24973
2089 2088 24973
2111 2092 2150
2093 2092 2111
2092 2034 2035
2101 2100 2088
2108 2110 2107
2090 2107 2110
2150 24968 2111
24970 24971 2096
24970 2096 2103
24974 2115 2114
24975 24976 2112
2116 2118 24977
24978 24979 2116
2115 24974 24980
2118 24981 24982
24983 24981 2118
24984 2119 24985
2119 24984 2120
24975 2112 2120
2121 2114 2115
2119 24986 24985
2115 2119 2121
2120 2121 2119
2113 2121 2120
2112 2113 2120
24987 2112 2116
2112 24987 2113
2117 24988 24989
24990 2122 2050
2058 2130 2057
2058 2122 2131
24990 24969 2122
2125 2132 2124
2132 2125 2133
2126 2124 24991
2124 2126 2125
24992 2127 2129
2127 24992 24993
2126 24991 24994
2123 24993 24995
2123 24995 24996
2114 2133 2123
2124 24997 24998
2129 2126 24994
2126 2129 2127
2127 2125 2126
2125 2127 2123
24987 2132 2113
2132 24987 2128
2128 24987 24999
2124 25000 24997
25001 25002 24992
2130 2058 2131
24954 25003 2050
25004 2128 24999
2123 2127 24993
24996 2114 2123
2058 2050 2122
2084 2057 2130
2129 25001 24992
24994 25001 2129
2128 25004 25000
2117 24996 24988
2114 24996 2117
25000 2124 2132
2128 25000 2132
2118 24982 24977
2116 24977 24987
24991 2124 25005
2124 24998 25005
24976 24978 2116
24976 2116 2112
24975 2120 24984
24978 24976 25006
24979 24983 2118
24979 2118 2116
2117 24989 25007
2113 2133 2121
2133 2113 2132
2114 2121 2133
2133 2125 2123
25003 24990 2050
2091 2084 2130
2130 2094 2091
2094 2130 2131
2122 2094 2131
2094 2122 2095
2122 24969 2095
2117 25007 25008
2117 24974 2114
24974 2117 25008
2115 25009 24986
2119 2115 24986
24985 25010 25011
24985 24986 25010
2115 24980 25009
25012 25013 2143
2143 25014 25012
2134 2143 25015
2135 2075 2039
25013 25016 2143
25017 24953 2075
2134 25015 25018
25017 2075 2135
25018 2135 2134
25019 25020 2142
2038 2138 2040
2141 2138 2038
2139 25021 25022
2045 2139 2141
2141 2038 2045
2137 2041 2040
2040 2138 2137
2042 2041 2137
2042 2137 2140
2140 2039 2042
2039 2140 2135
2045 2044 2139
2044 24947 25021
2044 2045 2037
2139 2044 25021
2139 25022 2141
2141 25022 25019
2142 2136 2144
2144 2136 2138
2138 2136 2137
2147 2137 2136
2137 2147 2140
2135 2148 2134
2144 25019 2142
25019 2144 2141
2141 2144 2138
2143 25016 25015
25017 2135 25018
2146 25023 25024
25023 2146 2145
2148 2145 2146
2145 2148 2147
2143 25024 25014
25024 2143 2146
2142 25023 2145
25023 2142 25020
2145 2147 2136
2134 2148 2146
2134 2146 2143
2140 2147 2148
2145 2136 2142
2135 2140 2148
2046 2102 2076
2085 2149 2046
2149 2085 2101
2101 2150 2149
2150 2101 2089
24968 2150 2089
2151 2082 2081
24960 2151 2081
2071 2070 24965
2070 2076 24965
2036 2082 2151
25025 25026 25027
2153 25028 2152
25028 2153 25029
25030 2154 25031
25031 2155 25032
2155 25031 2154
25030 25029 2153
24615 2155 835
2155 24615 25032
25030 2153 2154
2153 2155 2154
835 2155 2152
25033 25034 2159
2152 25028 25035
2152 25035 2156
2160 25035 25036
25035 2160 2156
2153 2152 2155
2157 25037 25038
25037 2157 2158
2158 25034 25037
2159 25034 2158
2160 2158 2157
2158 2160 2159
2159 25036 25033
25036 2159 2160
25039 25040 2161
2157 2161 2156
2157 25039 2161
25039 2157 25038
2161 25040 25041
2161 25041 25042
2160 2157 2156
2152 2161 2162
2165 25043 25025
25043 2165 2164
2163 2162 2161
25043 2164 25044
25042 2163 2161
2152 2162 835
2156 2161 2152
2164 2165 2163
25042 2164 2163
25044 2164 25042
2165 25025 25027
1565 1563 1572
1574 1567 1573
1567 1568 1566
2012 2014 2015
979 972 24669
24513 24505 24504
24505 24514 24506
24514 24490 24489
24430 24429 24490
24521 24513 24512
24522 24525 24523
24525 24497 24496
24488 24495 24497
24495 24488 24485
24138 24125 24139
24147 24138 24140
24147 24140 24148
24157 24146 24160
24160 24155 24157
24155 24159 24156
24131 24159 24123
24120 24122 24124
1711 24806 24770
1748 1730 1749
25045 25046 16
48 25047 25048
25049 25045 16
25050 24291 25051
24291 25050 556
677 40 41
24477 69 673
691 25052 24484
25052 691 47
25053 25047 48
678 57 58
68 674 56
25054 675 25055
675 25054 66
65 25056 25057
25056 65 676
45 25058 25059
43 25058 45
25056 25060 44
25060 25056 676
675 55 25055
55 675 25061
56 674 25062
12 209 20
25063 185 25064
185 25063 10
9 25065 25066
25065 9 207
8 25067 25068
25067 8 22
25065 25069 21
25069 25065 207
185 30 25064
30 185 25070
209 25071 20
24478 25072 53
25072 24478 24479
24359 563 25073
46 562 51
25074 691 24483
691 25074 47
24473 677 41
555 72 71
25075 25076 25077
25076 25075 25078
216 23995 13
29 25079 14
24112 326 25080
27 24 346
25081 344 24119
344 25081 7
6 344 7
344 6 24118
11 215 25082
31 17 19
32 208 25083
208 32 36
25084 331 25085
331 25084 33
18 25086 25087
25088 25086 18
78 24354 25089
682 74 25090
24105 2 24106
2 25091 24106
24105 25092 2
24467 42 25093
24467 24461 42
37 23990 38
25094 223 189
223 25094 25095
1 330 23
0 330 1
24104 35 24102
35 24104 25096
34 335 25097
2258 2178 2179
2254 2175 2177
2175 2254 2255
2209 25098 25099
2166 2199 2200
2180 2166 2200
2180 2168 2166
2181 2168 2180
25100 25101 2167
2182 2201 25102
2201 2182 2198
25100 2167 25103
2181 2186 2168
25104 2186 2181
25105 25106 25107
2190 2205 2197
25108 2184 2185
2184 25108 25109
2194 2196 2193
2196 2194 2195
25110 2189 25111
2189 25110 2187
25111 2206 2207
2206 25111 2189
2206 2203 2207
2203 2206 2202
2202 25112 2203
25112 2202 2204
25113 2183 25114
2183 25113 2188
25115 25116 25117
25116 25115 25118
25119 25120 25121
25120 25119 25122
2204 25123 25112
25123 2204 25124
25125 2205 2191
2191 2205 2190
25126 25125 2192
2192 25125 2191
2196 25126 2193
2193 25126 2192
2257 25127 2256
25127 2257 25128
25129 25130 25131
25130 25129 25132
25099 25133 2209
2169 2225 2224
2211 2225 2169
2211 2169 25134
2212 2211 25134
25135 2167 25136
2226 25137 25138
25137 2226 25139
25135 25103 2167
2212 25134 25140
25141 2212 25140
25142 2210 25143
2218 2223 2230
2214 25144 2215
25144 2214 25145
2222 2194 2221
2194 2222 2195
25146 2217 25147
2217 25146 25148
25148 2231 2217
2231 25148 2232
2228 2231 2232
2231 2228 2227
25149 2227 2228
2227 25149 2229
25150 2213 2216
2213 25150 25151
25152 25153 25154
25153 25152 25155
25156 25157 25158
25157 25156 25159
25160 2229 25149
2229 25160 25161
25162 2219 2230
2219 2218 2230
25163 2220 25162
2220 2219 25162
2222 2221 25163
2221 2220 25163
2259 2234 2174
2234 2259 2235
2233 25164 25165
25164 2233 2176
2246 25166 25167
2171 25168 2242
25169 25168 2171
25169 2171 2172
25170 25169 2172
25171 2170 25172
25173 2236 25174
2236 25173 25175
25171 25176 2170
25170 2172 2238
25177 25178 25179
25170 2238 25180
25181 2241 2244
2237 25182 25183
25182 2237 25184
2240 25185 25186
25185 2240 2239
25187 25188 25189
25188 25187 25190
25190 25191 25188
25191 25190 2245
2243 25191 2245
25191 2243 25192
25193 25192 2243
25192 25193 25194
25195 25196 25197
25196 25195 25198
25199 25200 25201
25200 25199 25202
25203 25204 25205
25204 25203 25206
25207 25194 25193
25194 25207 25208
25209 25210 2244
25210 25181 2244
25211 25212 25209
25212 25210 25209
2240 25186 25211
25186 25212 25211
25213 25214 2260
2208 25215 25216
25215 2208 25217
25167 25218 2246
2173 2250 25219
25220 2173 25219
25220 25221 2173
25222 25221 25220
25223 25224 2170
25225 25226 25227
25226 25225 25228
25223 2170 25176
25222 25229 25221
25230 25231 25232
25233 25234 25235
25236 2252 2249
25237 2247 25238
2247 25237 25239
25185 2248 25240
2248 25185 2239
25241 25242 25243
25242 25241 25244
25243 25245 2253
25245 25243 25242
25245 2251 2253
2251 25245 25246
25246 25247 2251
25247 25246 25248
25249 25250 25251
25250 25249 25252
25253 25254 25255
25254 25253 25256
25257 25258 25259
25258 25257 25260
25248 25261 25247
25261 25248 25262
25263 2252 25264
25264 2252 25236
25265 25263 25266
25266 25263 25264
2248 25265 25240
25240 25265 25266
25267 25128 2257
2258 25268 2178
25268 2258 25269
2259 25270 2235
2260 25271 25213
25271 2260 25272
25273 25274 25275
25276 25277 25278
2353 2274 2273
2270 2349 2272
2349 2270 2350
2304 25279 25280
2261 2295 2294
2275 2295 2261
2275 2261 2263
2276 2275 2263
25281 2262 25282
2296 2277 25283
2277 2296 2293
25281 25284 2262
2276 2263 2281
25285 2276 2281
25286 25287 25288
2285 2292 2300
2279 25289 2280
25289 2279 25290
2291 2289 2288
2289 2291 2290
25291 2284 2282
2284 25291 25292
25292 2301 2284
2301 25292 2302
2298 2301 2302
2301 2298 2297
25293 2297 2298
2297 25293 2299
25294 2278 2283
2278 25294 25295
25296 25297 25298
25297 25296 25299
25300 25301 25302
25301 25300 25303
25304 2299 25293
2299 25304 25305
25306 2286 2300
2286 2285 2300
25307 2287 25306
2287 2286 25306
2291 2288 25307
2288 2287 25307
2352 25308 25309
25308 2352 2351
25310 25311 25312
25311 25310 25313
25279 2304 25314
2264 2319 2320
2306 2264 2320
2306 25315 2264
2307 25315 2306
25316 25317 2262
25318 2321 25319
2321 25318 25320
25316 2262 25284
2307 25321 25315
25322 25321 2307
25323 25324 2305
2313 2325 2318
25325 2309 2310
2309 25325 25326
2289 2317 2316
2317 2289 2290
25327 2312 25328
2312 25327 25329
25328 2326 2327
2326 25328 2312
2326 2323 2327
2323 2326 2322
2322 25330 2323
25330 2322 2324
25331 2308 25332
2308 25331 2311
25333 25334 25335
25334 25333 25336
25337 25338 25339
25338 25337 25340
2324 25341 25330
25341 2324 25342
25343 2325 2314
2314 2325 2313
25344 25343 2315
2315 25343 2314
2317 25344 2316
2316 25344 2315
2354 2329 2330
2329 2354 2269
25345 2328 25346
2328 25345 2271
2341 25347 25348
2266 2337 25349
25350 2266 25349
25350 2267 2266
25351 2267 25350
25352 25353 2265
2331 25354 25355
25354 2331 25356
25352 2265 25357
25351 2333 2267
25358 25359 25360
25351 25361 2333
25362 2339 2336
25363 2332 25364
2332 25363 25365
25366 2335 25367
2335 25366 2334
25368 25369 25370
25369 25368 25371
25370 25372 2340
25372 25370 25369
25372 2338 2340
2338 25372 25373
25373 25374 2338
25374 25373 25375
25376 25377 25378
25377 25376 25379
25380 25381 25382
25381 25380 25383
25384 25385 25386
25385 25384 25387
25375 25388 25374
25388 25375 25389
25390 2339 25391
25391 2339 25362
25392 25390 25393
25393 25390 25391
2335 25392 25367
25367 25392 25393
25394 2355 25395
25396 2303 25397
2303 25396 25398
25347 2341 25399
2268 25400 2345
25401 25400 2268
25401 2268 25402
25403 25401 25402
25404 2265 25405
25406 25407 25408
25407 25406 25409
25404 25357 2265
25403 25402 25410
25411 25412 25413
25414 25415 25416
25417 2344 2347
2342 25418 25419
25418 2342 25420
2343 25366 25421
25366 2343 2334
25422 25423 25424
25423 25422 25425
25425 25426 25423
25426 25425 2348
2346 25426 2348
25426 2346 25427
25428 25427 2346
25427 25428 25429
25430 25431 25432
25431 25430 25433
25434 25435 25436
25435 25434 25437
25438 25439 25440
25439 25438 25441
25442 25429 25428
25429 25442 25443
25444 25445 2347
25445 25417 2347
25446 25447 25444
25447 25445 25444
2343 25421 25446
25421 25447 25446
25448 2352 25309
2353 25449 25450
25449 2353 2273
2354 2330 25451
2355 25452 25453
25452 2355 25394
25454 25455 25456
25457 25458 25459
2372 2386 2428
2370 2387 2423
2374 2358 2359
2375 2432 2360
2415 2414 2425
2376 2426 2389
2368 2390 2410
2385 2390 2368
2383 2403 2429
2402 2364 2363
2404 2405 2364
2429 2381 2383
2410 2378 2368
2379 2384 2417
2380 2388 2370
2433 2430 2373
2372 2428 2427
2380 2423 2422
2381 2429 2365
2358 2374 2373
2358 2373 2381
2422 2416 2424
2383 2377 2421
2383 2430 2377
2382 2377 2430
2424 2416 2415
2430 2383 2381
2421 2406 2383
2403 2383 2406
2384 2379 2427
2427 2378 2418
2385 2368 2371
2409 2408 2385
2369 2386 2372
2368 2386 2371
2423 2380 2370
2369 2372 2387
2380 2376 2388
2413 2362 2361
2425 2414 25460
2385 2408 2390
2410 2390 2408
25461 2393 2392
2393 25461 25462
25463 2367 2400
2367 25463 2391
25464 2395 2394
2395 25464 25465
25466 2396 2411
2396 25466 25467
25468 2398 2397
2398 25468 25469
25467 2394 2396
2394 25467 25464
25465 2392 2395
2392 25465 25461
25462 2399 2393
2399 25462 25470
25470 2397 2399
2397 25470 25468
25469 25471 2398
25471 25469 25472
2391 2366 2367
2366 2391 25473
25474 25475 2413
25476 25477 2401
25477 25478 2401
2418 2378 2412
2412 2378 2410
25479 25480 25481
25482 2419 25479
25483 2420 25484
25485 2382 2433
25486 25487 25488
2407 25489 25490
2360 25491 25492
25485 2432 2375
2406 2421 25493
25487 2420 25483
2422 2417 2416
2379 2417 2422
2423 2372 2379
2379 2422 2423
2387 2372 2423
25494 25490 25489
2380 2422 2424
2426 2380 2424
2389 2426 2425
2419 25480 25479
2424 2425 2426
2376 2380 2426
2361 25474 2413
2389 2425 25460
2418 2384 2427
2428 2378 2427
2386 2368 2428
2375 2360 25492
25488 25487 25483
2420 25482 25484
25484 25482 25479
2424 2415 2425
2372 2427 2379
25486 25494 25489
25494 25486 25488
2428 2368 2378
2429 2402 2363
2402 2429 2403
2402 2404 2364
2358 2381 2365
2429 2363 2365
2381 2373 2430
2373 2374 2433
2432 2359 2431
2432 2374 2359
25485 2433 2374
2432 2431 2360
2433 2382 2430
2374 2432 25485
2407 25490 25495
2438 2454 2441
2454 2438 2455
2449 2436 2450
2436 2449 2435
2452 2443 2453
25496 25497 2458
2440 2450 2436
2450 2440 2451
2437 2451 2440
2451 2437 25498
2456 2459 2442
2453 2443 2457
2445 2460 2446
2446 2451 25498
25499 2452 2453
2447 2453 2454
2447 2454 2455
2458 2448 25496
2453 2457 2454
2452 25500 2443
2457 2441 2454
2458 2439 2434
2448 2458 2434
2439 2459 2434
2459 2456 2434
2460 2445 2444
2450 2460 2461
2450 2461 2449
2460 2450 2451
2460 2451 2446
2465 2480 2481
2480 2465 2468
2463 2449 2476
2449 2463 2435
2478 2479 2470
25501 2484 25502
2467 2476 2477
2476 2467 2463
2464 2477 25503
2477 2464 2467
2482 2469 2485
2479 2483 2470
2472 2473 2486
2473 25503 2477
25504 2479 2478
25504 2474 2479
2474 2481 2480
25505 2475 25501
2479 2480 2483
2478 2470 25506
2483 2480 2468
2484 2462 2466
2475 2484 25501
2466 2462 2485
2485 2462 2482
2486 2471 2472
2476 2461 2486
2476 2449 2461
2486 2477 2476
2486 2473 2477
2509 2511 2510
2511 2509 2508
25507 2495 2512
2495 25507 25508
2652 25509 2651
25509 2652 2513
2514 25508 2515
25508 2514 2495
2511 2516 25510
2516 2511 2508
2487 2515 2488
2515 2487 2514
2653 25511 25512
2651 25513 2650
25513 2651 25509
2489 25510 2516
25510 2489 25514
2517 2510 2518
2510 2517 2509
2658 2513 2652
2513 2658 2519
25515 2512 25516
2512 25515 25507
2521 2518 2522
2518 2521 2517
2660 2628 2777
2628 2660 2496
25517 25516 25518
25516 25517 25515
2665 2519 2658
2519 2665 2525
2526 2522 2527
2522 2526 2521
2630 2534 2629
2534 2630 2524
2627 2535 2626
2535 2627 2528
2631 25519 25520
25519 2631 2520
25521 25518 25522
25518 25521 25517
25523 25524 25525
25524 25523 25526
25519 2580 2581
2580 25519 2520
2523 2536 2533
2526 2532 2530
2532 2526 2527
25522 25527 25521
2673 2525 2665
2525 2673 25528
2663 25529 25530
25529 2663 25531
25532 2534 2524
2534 25532 25533
2539 2537 25534
2537 2539 2538
25535 2636 2540
2636 25535 2536
2680 25536 2785
25536 2680 25537
2500 2541 2499
2541 2500 2564
2490 2621 2799
2565 2497 2498
2497 2565 2545
25538 2547 2546
2547 25538 25539
2548 25540 25541
2549 25539 25542
25539 2549 2547
2548 25542 25540
25542 2548 2549
2551 25543 2550
25543 2551 25544
25545 2551 2808
2550 25538 2546
25538 2550 25543
2553 2546 2547
2546 2553 2554
2549 2548 2639
2553 2549 2555
2549 2553 2547
2551 2550 2568
2552 2551 2568
25546 2808 2809
2808 25546 25545
2556 2546 2554
2546 2556 2550
2625 25547 25548
2560 2642 2577
2559 2577 2576
2570 2569 2558
2569 2570 2559
2570 2831 2561
2572 2573 25549
2409 25550 2408
25550 2409 2563
2625 2578 2579
2501 2564 2500
2564 2501 2543
2798 2799 2803
2541 2498 2499
2498 2541 2565
2542 25551 25552
25551 2542 2620
2566 2621 2585
2576 2553 2567
2553 2555 2567
2568 2556 2643
25553 25554 25555
25554 25553 25556
25557 25558 25559
25558 25557 2557
25560 25559 25558
2641 25553 25561
2576 2569 2559
2569 2576 25562
2557 25555 25554
25555 2557 25557
2571 2558 25563
2568 2550 2556
2528 25564 2535
25564 2528 2574
25525 25565 25523
25565 25525 2575
2496 2591 25566
2553 2576 2554
25560 25567 25559
2554 2577 2556
25568 2579 25541
2581 2531 2529
2531 2581 2580
25569 25533 25532
25533 25569 25570
2544 2583 2582
2583 2544 2584
25571 25572 25573
25572 25571 25574
2544 2589 2584
2589 2544 2604
25575 25574 25571
25574 25575 25576
25577 25578 25579
2586 2588 2865
25580 25581 25582
25581 25580 25583
2531 2587 2864
25584 25570 25569
25570 25584 25585
2582 2588 2586
2588 2582 2583
25573 25582 25581
25582 25573 25572
25579 25575 25577
25575 25579 25576
2604 2585 2589
2585 2604 2566
2590 25586 2632
25586 2590 25587
2634 25588 2593
25589 2634 2592
2594 2597 2596
2596 2599 2598
2598 2601 2600
2600 2603 2602
2602 2603 25590
2635 25591 25592
25591 2635 2605
2606 25593 2607
25593 2606 25594
2607 25595 2608
25595 2607 25593
2608 25596 2609
25596 2608 25595
2610 25596 25597
25596 2610 2609
2611 25597 25598
25597 2611 2610
2612 2497 2545
2497 2612 2504
25599 25600 2614
2615 25599 2614
25599 2615 2595
2615 25601 2595
25601 2615 2616
2616 25602 25601
25602 2616 2617
2617 25603 25602
25603 2617 2618
2618 25604 25603
25604 2618 2619
25605 25604 2619
25604 25605 25606
2660 2591 2496
2591 2660 2737
2620 2542 25607
25608 25609 25610
25609 25608 25611
25612 25613 25614
25613 25612 25615
25616 25614 25617
25614 25616 25612
25618 25617 25619
25617 25618 25616
25620 25619 25621
25619 25620 25618
25611 25621 25609
25621 25611 25620
2620 25622 25551
25622 2620 25623
25624 25622 2622
2637 2804 2802
2804 2637 25625
25626 2621 2566
2585 2621 2490
25627 25628 25629
25628 25627 25630
25627 25631 25630
25631 25627 2613
2623 25632 25633
25632 2623 2624
2613 25633 25631
25633 2613 2623
2770 2591 2737
2591 2770 2505
25634 25615 25635
25615 25634 25636
2633 25629 25628
25629 2633 25637
2622 25622 25638
25638 25622 25639
25622 25640 25639
25623 25640 25622
25641 25640 25623
25632 2624 25642
25548 2562 2625
2573 2572 2562
25549 2563 2572
2563 25549 25550
25560 25643 25567
2538 2627 2626
2627 2538 2539
25526 2540 25524
2540 25526 25535
2777 25537 2680
25537 2777 2628
2579 25547 2625
2548 25541 2579
25568 25547 2579
2574 2629 25564
2629 2574 2630
2575 25520 25565
25520 2575 2631
25566 2632 25586
2632 25566 2591
2634 25589 25588
2593 25588 25644
25589 2592 25645
25636 25634 25646
2633 25628 25647
25591 2605 25648
25647 2590 2633
2590 25647 25587
2770 2633 2505
2633 2770 2782
25594 25649 25650
25649 25594 2606
2634 2593 25651
25636 25613 25615
2634 25651 2594
2594 25651 2597
2596 2597 2599
2598 2599 2601
2600 2601 2603
2602 25590 25652
2785 25653 25654
25653 2785 25536
2536 2523 2636
25552 25655 2542
25655 25552 25656
25657 25655 25656
2640 2579 2578
2579 2640 2548
2866 25658 2867
25658 2866 25659
25660 25661 2868
25661 25660 25662
2869 25659 2866
25659 2869 25663
2870 25663 2869
25663 2870 25664
2867 25660 2868
25660 2867 25658
2639 2548 2640
2638 25567 25643
25643 25665 2638
25666 2638 25665
2549 2639 2555
25667 2503 2492
25668 25669 25670
25671 25672 25673
25674 25675 25676
25668 25561 25669
2577 2554 2576
2567 25562 2576
2643 2577 2642
2642 2860 2643
2644 2642 2561
2552 2568 2645
2552 2507 2502
2507 2552 2645
2560 2577 2559
2560 2559 2570
2560 2570 2561
2571 2570 2558
2642 2560 2561
2643 2556 2577
25553 2641 25556
25563 2830 2571
25561 25677 2641
25678 2881 25679
2861 2645 2860
2645 2861 2507
2561 2832 2644
2649 2647 2648
2647 2649 2646
25680 25681 25682
25681 25680 25683
25684 25682 25681
25682 25684 2654
2655 2649 25685
2649 2655 2646
2487 2654 25684
2654 2487 2488
25685 2489 2655
2489 25685 25514
25513 2653 2650
2653 25513 25511
2656 2648 2647
2648 2656 2657
25686 25683 25680
25683 25686 25687
2661 2657 2656
2657 2661 2662
25688 25687 25686
25687 25688 25689
2666 2662 2661
2662 2666 2667
2779 2674 2664
2674 2779 2778
2675 2776 2775
2776 2675 2668
2780 25690 2659
25690 2780 25691
25692 25689 25688
25689 25692 25693
25694 25695 25696
25695 25694 25697
25690 2721 2659
2721 25690 2722
25698 25699 2676
2666 2672 2667
2672 2666 2670
2670 25700 2672
25700 2670 2677
25693 25701 25702
25703 2674 2723
2674 25703 2664
2679 2677 2678
2677 2679 25700
25704 25705 25706
25705 25704 2676
2500 2681 2704
2681 2500 2499
25707 2801 2767
2497 2705 2498
2705 2497 2685
2687 25708 2686
25708 2687 25709
2688 25710 25711
2689 25709 2687
25709 2689 25712
25712 2688 25711
2688 25712 2689
25713 2691 2690
2691 25713 25714
25715 2691 25714
25546 2810 25715
2810 25546 2809
25708 2690 2686
2690 25708 25713
2693 2686 2694
2686 2693 2687
2689 2791 2688
2689 2693 2695
2693 2689 2687
2691 2708 2690
2692 2708 2691
2686 2696 2694
2696 2686 2690
2773 25716 25717
2700 2717 2794
2699 2716 2717
2709 2710 2698
2710 2709 2699
2710 2835 2711
2713 2774 25718
2774 2713 2712
2771 25719 2703
25719 2771 25720
2773 2719 2718
2501 2704 2683
2704 2501 2500
2800 2494 2491
2494 2800 2801
2498 2681 2499
2681 2498 2705
2682 25721 2766
25721 2682 25722
2706 2729 2767
25723 25724 25725
2716 2707 2693
2693 2707 2695
2708 2795 2696
25726 25727 25728
25727 25726 25729
25730 25731 2697
25731 25730 25732
25733 25731 25732
2793 25727 25729
2709 2716 2699
2716 2709 25734
2697 25728 25730
25728 2697 25726
2711 25735 2698
2708 2696 2690
25736 2668 2675
2668 25736 2714
25737 25696 25695
25696 25737 2715
2660 25738 2737
2693 2694 2716
25733 25732 25739
2694 2696 2717
25740 25710 2719
2671 2722 2669
2722 2671 2721
25741 2723 2720
2723 25741 25703
2724 2727 2684
2727 2724 2725
25742 2726 2728
2726 25742 25743
2684 2734 2750
2734 2684 2727
25744 2728 2735
2728 25744 25742
25745 25746 25747
2731 2884 2730
2732 2886 2733
2886 2732 25748
2669 2883 2671
25749 2720 2885
2720 25749 25741
2724 25750 2725
25750 2724 2730
25743 2733 2726
2733 25743 2732
25744 25746 25745
25746 25744 2735
2729 2750 2734
2750 2729 2706
25751 2736 2781
2736 25751 25752
2783 2739 25753
25754 2738 2783
2740 2742 2743
2742 2744 2745
2744 2746 2747
2746 2748 2749
2748 25755 2749
2784 25756 2751
25756 2784 25757
25758 2752 2753
2752 25758 25759
25760 2753 2754
2753 25760 25758
25761 2754 2755
2754 25761 25760
2756 25761 2755
25761 2756 25762
2757 25762 2756
25762 2757 25763
2758 2497 2504
2497 2758 2685
25764 2760 25765
25764 2761 2760
2761 25764 2741
2761 25766 2762
25766 2761 2741
2762 25767 2763
25767 2762 25766
2763 25768 2764
25768 2763 25767
2764 25769 2765
25769 2764 25768
25769 25770 2765
25770 25769 25771
2766 25772 2682
25773 25774 25775
25774 25773 25776
25777 25778 25779
25778 25777 25780
25781 25779 25778
25779 25781 25782
25783 25782 25781
25782 25783 25784
25785 25784 25783
25784 25785 25786
25775 25786 25785
25786 25775 25774
2766 25787 25788
25787 2766 25721
25789 2768 25787
2786 2807 25790
2807 2786 2805
25791 2706 2767
2729 25707 2767
25792 25793 25794
25793 25792 25795
25793 25796 2759
25796 25793 25795
2769 25797 2772
25797 2769 25798
2759 25798 2769
25798 2759 25796
25780 25799 25800
25799 25780 25801
2782 25794 25637
25794 2782 25792
2768 25802 25787
25802 25803 25787
25787 25803 25804
25788 25787 25804
25805 25788 25804
25797 25806 2772
25716 2773 2702
2712 25716 2702
25716 2712 2713
2703 25718 2774
25718 2703 25719
25733 25739 25807
2678 2776 2679
2776 2678 2775
25697 25706 25705
25706 25697 25694
2719 2773 25717
2688 2719 25710
25740 2719 25717
2778 2714 25736
2714 2778 2779
25691 2715 25737
2715 25691 2780
25738 2781 2737
2781 25738 25751
2783 25753 25754
2739 25808 25753
25754 25809 2738
25801 25810 25799
2633 2782 25637
2782 25811 25792
25756 25812 2751
25811 2736 25752
2736 25811 2782
25759 25813 2752
25813 25759 25814
2783 25815 2739
25801 25780 25777
2783 2740 25815
2740 2743 25815
2742 2745 2743
2744 2747 2745
2746 2749 2747
2748 25816 25755
2676 25704 25698
25817 25722 2682
25722 25817 25818
25819 25818 25817
2792 2719 2688
2719 2792 2718
25820 2871 2788
2790 25821 2789
25821 2790 25822
2872 25823 25824
25823 2872 2871
25825 25820 2788
2874 25826 2787
25826 2874 2873
2873 25824 25826
25824 2873 2872
25821 25825 2789
25827 2876 25828
25829 2878 2877
2791 2792 2688
25830 25807 25739
25807 25830 25831
25832 25831 25830
2689 2695 2791
25833 25834 25835
25836 25837 25838
25839 25840 25841
25842 25843 25844
25836 25845 2834
2717 2716 2694
2707 2716 25734
2795 2794 2717
2794 2862 2796
2796 2701 2794
2708 2797 2795
2507 2692 2502
2692 2507 2797
2700 2699 2717
2700 2710 2699
2700 2701 2710
2711 2698 2710
2794 2701 2700
2795 2717 2696
25727 2793 25845
25845 25836 25838
2879 2787 25846
2787 2879 2874
2797 2861 2862
2861 2797 2507
2798 25847 2799
25847 2798 25848
2801 2800 2806
2490 2799 25847
25707 2494 2801
25626 2802 2621
2802 25626 2637
25791 2805 2786
2805 25791 2767
2799 2802 2803
2805 2806 2807
2802 2799 2621
2805 2767 2801
25724 25849 25850
25849 25724 25723
25850 25851 25852
25851 25850 25849
25851 25853 25852
25854 25853 25851
25852 25853 25855
2803 2802 2804
2805 2801 2806
25545 25544 2551
2691 2810 2692
2808 2502 2809
2502 2808 2552
2502 2810 2809
2810 2502 2692
2808 2551 2552
25715 2810 2691
25856 25702 25701
25534 2530 2532
2530 25534 2537
25857 25858 25527
25522 25857 25527
25693 25692 25701
2812 25859 2811
25859 2812 25860
2814 25861 2813
25861 2814 25862
25863 25864 2815
2816 25863 2815
25863 2816 25865
2817 25860 2812
25860 2817 25866
2817 25861 25866
25861 2817 2813
2818 25867 25868
25867 2818 2819
25869 25867 2819
25867 25869 25870
2820 25864 25871
25864 2820 2815
2820 25862 2814
25862 2820 25871
2818 25865 2816
25865 2818 25868
2821 25859 25872
25859 2821 2811
2823 25873 25874
25873 2823 2822
25875 25876 2824
2825 25876 25877
25876 2825 2824
2826 25872 25878
25872 2826 2821
2826 25873 2822
25873 2826 25878
2828 25879 25880
25879 2828 2827
25881 25880 25882
25880 25881 2828
2829 25875 2824
25875 2829 25883
2823 25883 2829
25883 2823 25874
2827 25877 25879
25877 2827 2825
25884 25496 2448
2484 2475 2462
2479 2474 2480
25499 2453 2447
2573 2562 25548
25561 25668 25677
2644 2833 2506
2644 2832 2833
2570 2571 2831
2834 25845 2793
25735 2711 25885
2796 2837 2836
2710 2701 2835
2796 2836 2701
2506 2837 2796
2840 2493 2839
2493 2840 2838
2493 2843 2839
2841 2843 2842
2843 2841 2839
2844 2845 2493
2493 2848 2844
2848 2493 2838
2845 2847 2846
2844 2847 2845
25886 2854 25887
2849 25888 2850
25888 2849 25889
25888 2853 2850
2853 25888 25890
2852 25891 25892
25891 2852 2851
2854 25889 2849
25889 2854 25893
2851 25890 25891
25890 2851 2853
25894 2859 25895
2856 25896 2855
25896 2856 25897
2858 25897 2856
25897 2858 25898
25899 2852 25892
2852 25899 2857
2855 25895 2859
25895 2855 25896
2857 25898 2858
25898 2857 25899
25900 25901 25902
25901 25900 25903
25900 25904 25905
25904 25900 25902
25906 25907 25908
25907 25906 25909
25905 25907 25909
25907 25905 25904
25910 25911 25912
25913 25910 25912
25910 25913 25914
25913 25915 25914
25915 25913 25916
25917 25918 25919
25918 25917 25920
25919 25915 25916
25915 25919 25918
25921 25901 25903
2644 2861 2860
2861 2644 2506
2796 2861 2506
2861 2796 2862
2642 2644 2860
2643 2860 2645
2862 2795 2797
2794 2795 2862
2645 2568 2643
2692 2797 2708
25922 25923 2863
25924 25925 2863
25926 25927 2863
25928 25922 2863
25925 25928 2863
25929 25930 2863
25931 25929 2863
25927 25932 2863
25932 25924 2863
25930 25926 2863
25923 25933 2863
25934 25935 2863
25936 25937 2863
25933 25938 2863
25938 25934 2863
25939 25940 2863
25940 25941 2863
25942 25936 2863
25935 25942 2863
25937 25939 2863
25820 25823 2871
2789 25825 2788
25828 2878 25829
2878 25828 2876
2877 25943 25829
2880 25943 2877
25944 25945 2875
25894 25946 2859
25886 25893 2854
25664 2870 25678
2881 25678 2882
2882 25678 2870
25585 25583 25580
25583 25585 25584
2864 2587 2865
25748 2885 2886
2885 25748 25749
2883 2884 2731
2884 25750 2730
2883 2731 2671
2529 2531 2864
2587 2586 2865
2892 2935 2906
2890 2930 2907
2894 2359 2358
2895 2360 2938
2922 2932 2921
2896 2909 2933
2888 25947 2910
2905 2888 2910
2903 2936 25948
25949 2363 2364
25950 2364 2405
2936 2903 2901
25947 2888 2898
2899 2924 2904
2900 2890 2908
2939 2893 2937
2892 2934 2935
2900 2929 2930
2901 2365 2936
2358 2893 2894
2358 2901 2893
2929 2931 2923
2903 2928 2897
2903 2897 2937
2902 2937 2897
2931 2922 2923
2937 2901 2903
2928 2903 25951
25948 25951 2903
2904 2934 2899
2934 2925 2898
2905 2891 2888
2771 2905 25720
2889 2892 2906
2888 2891 2906
2930 2890 2900
2889 2907 2892
2900 2908 2896
2920 25952 25953
2932 25954 2921
2905 2910 25720
25947 25720 2910
2913 25955 2912
25955 2913 25956
2887 25957 2919
25957 2887 2911
2915 25958 2914
25958 2915 25959
25960 25961 25962
25961 25960 25963
2917 25964 2916
25964 2917 25965
2914 25963 25960
25963 2914 25958
2915 25955 25959
25955 2915 2912
2918 25956 2913
25956 2918 25966
2916 25966 2918
25966 2916 25964
25967 25965 2917
25965 25967 25968
25969 2911 2887
2911 25969 25970
25971 2920 25972
25973 2401 25974
25974 2401 25478
2925 25975 2898
25975 25947 2898
25976 25977 25978
25979 25976 2926
25980 25981 2927
25982 2939 2902
25983 25984 25985
25986 25987 25988
2360 25989 25491
25982 2895 2938
25951 25990 2928
25985 25980 2927
2929 2923 2924
2899 2929 2924
2930 2899 2892
2899 2930 2929
2907 2930 2892
25991 25988 25987
2900 2931 2929
2933 2931 2900
2909 2932 2933
2926 25976 25978
2931 2933 2932
2896 2933 2900
25952 2920 25971
2909 25954 2932
2925 2934 2904
2935 2934 2898
2906 2935 2888
2895 25989 2360
25984 25980 25985
2927 25981 25979
25981 25976 25979
2931 2932 2922
2892 2899 2934
25983 25988 25991
25991 25984 25983
2935 2898 2888
2936 2363 25949
25949 25948 2936
25949 2364 25950
2358 2365 2901
2936 2365 2363
2901 2937 2893
2893 2939 2894
2938 2431 2359
2938 2359 2894
25982 2894 2939
2938 2360 2431
2939 2937 2902
2894 25982 2938
25986 25992 25987
2954 3010 2968
2952 3005 2969
2956 2941 2940
2957 2942 3014
2997 3007 2996
2958 2971 3008
2950 2992 2972
2967 2950 2972
2965 3011 2985
2984 2945 2946
2986 2946 2987
3011 2965 2963
2992 2950 2960
2961 2999 2966
2962 2952 2970
3015 2955 3012
2954 3009 3010
2962 3004 3005
2963 2947 3011
2940 2955 2956
2940 2963 2955
3004 3006 2998
2965 3003 2959
2965 2959 3012
2964 3012 2959
3006 2997 2998
3012 2963 2965
3003 2965 2988
2985 2988 2965
2966 3009 2961
3009 3000 2960
2967 2953 2950
2991 2967 2990
2951 2954 2968
2950 2953 2968
3005 2952 2962
2951 2969 2954
2962 2970 2958
2995 2943 2944
3007 25993 2996
2967 2972 2990
2992 2990 2972
2975 25994 2974
25994 2975 25995
2949 25996 2982
25996 2949 2973
2977 25997 2976
25997 2977 25998
2978 25999 2993
25999 2978 26000
2980 26001 2979
26001 2980 26002
2976 26000 2978
26000 2976 25997
2974 25998 2977
25998 2974 25994
2981 25995 2975
25995 2981 26003
2979 26003 2981
26003 2979 26001
26004 26002 2980
26002 26004 26005
2948 2973 2949
2973 2948 26006
26007 2995 26008
26009 2983 26010
26010 2983 26011
3000 2994 2960
2994 2992 2960
26012 26013 26014
26015 26012 3001
26016 26017 3002
26018 3015 2964
26019 26020 26021
2989 26022 26023
2942 26024 26025
26018 2957 3014
2988 26026 3003
26021 26016 3002
3004 2998 2999
2961 3004 2999
3005 2961 2954
2961 3005 3004
2969 3005 2954
26027 26023 26022
2962 3006 3004
3008 3006 2962
2971 3007 3008
3001 26012 26014
3006 3008 3007
2958 3008 2962
2943 2995 26007
2971 25993 3007
3000 3009 2966
3010 3009 2960
2968 3010 2950
2957 26024 2942
26020 26016 26021
3002 26017 26015
26017 26012 26015
3006 3007 2997
2954 2961 3009
26019 26023 26027
26027 26020 26019
3010 2960 2950
3011 2945 2984
2984 2985 3011
2984 2946 2986
2940 2947 2963
3011 2947 2945
2963 3012 2955
2955 3015 2956
3014 3013 2941
3014 2941 2956
26018 2956 3015
3014 2942 3013
3015 3012 2964
2956 26018 3014
2989 26028 26022
3020 3036 3037
3036 3020 3023
3018 3031 3032
3031 3018 3017
3034 3035 3025
26029 3040 26030
3022 3032 3033
3032 3022 3018
3019 3033 26031
3033 3019 3022
3038 3024 3041
3035 3039 3025
3027 3028 3042
3028 26031 3033
26032 3035 3034
3029 3036 3035
3029 3037 3036
3040 26029 3030
3035 3036 3039
3034 3025 26033
3039 3036 3023
3040 3016 3021
3030 3016 3040
3021 3016 3041
3041 3016 3038
3042 3026 3027
3032 3043 3042
3032 3031 3043
3042 3033 3032
3042 3028 3033
3047 3062 3050
3062 3047 3063
3031 3045 3058
3045 3031 3017
3060 3052 3061
26034 26035 3066
3049 3058 3045
3058 3049 3059
3046 3059 3049
3059 3046 26036
3064 3067 3051
3061 3052 3065
3054 3068 3055
3055 3059 26036
26037 3060 3061
26037 3061 3056
3056 3062 3063
26038 26034 3057
3061 3065 3062
3060 26039 3052
3065 3050 3062
3066 3048 3044
3057 26034 3066
3048 3067 3044
3067 3064 3044
3068 3054 3053
3058 3068 3043
3058 3043 3031
3068 3058 3059
3068 3059 3055
3093 3091 3092
3091 3093 3090
26040 3077 26041
3077 26040 3094
26042 3234 3233
3234 26042 3095
3096 26041 3077
26041 3096 3097
3098 3093 26043
3093 3098 3090
3069 3097 3096
3097 3069 3070
3235 26044 26045
26046 3233 3232
3233 26046 26042
26043 3071 3098
3071 26043 26047
3099 3092 3091
3092 3099 3100
3095 3240 3234
3240 3095 3101
26048 3094 26040
3094 26048 26049
3103 3100 3099
3100 3103 3104
3210 3242 3359
3242 3210 3078
26050 26049 26048
26049 26050 26051
3101 3247 3240
3247 3101 3107
3108 3104 3103
3104 3108 3109
3212 3116 3106
3116 3212 3211
3117 3209 3208
3209 3117 3110
3213 26052 3102
26052 3213 26053
26054 26051 26050
26051 26054 26055
26056 26057 26058
26057 26056 26059
26052 3162 3102
3162 26052 3163
3105 3115 3118
3108 3114 3109
3114 3108 3112
26055 26054 26060
3107 3255 3247
3255 3107 26061
26062 3245 26063
3245 26062 26064
26065 3116 26066
3116 26065 3106
3121 3119 3120
3119 3121 26067
3218 26068 3122
26068 3218 3118
26069 3262 3367
3262 26069 26070
3082 3123 3146
3123 3082 3081
3072 3381 3203
3079 3147 3080
3147 3079 3127
3129 26071 3128
26071 3129 26072
3130 26073 26074
3131 26072 3129
26072 3131 26075
26075 3130 26074
3130 26075 3131
26076 3133 3132
3133 26076 26077
26078 3390 3133
26071 3132 3128
3132 26071 26076
3135 3128 3136
3128 3135 3129
3131 3221 3130
3131 3135 3137
3135 3131 3129
3133 3150 3132
3134 3150 3133
26079 3390 26078
3390 26079 3391
3128 3138 3136
3138 3128 3132
3207 26080 26081
3142 3159 3224
3141 3158 3159
3151 3152 3140
3152 3151 3141
3152 3143 3413
3154 26082 3155
2991 26083 3145
26083 2991 2990
3207 3161 3160
3083 3146 3125
3146 3083 3082
3380 3385 3381
3080 3123 3081
3123 3080 3147
3124 26084 3202
26084 3124 26085
3148 3167 3203
3158 3149 3135
3135 3149 3137
3150 3225 3138
26086 26087 26088
26087 26086 26089
26090 26091 3139
26091 26090 26092
26093 26091 26092
3223 26094 26087
3151 3158 3141
3158 3151 26095
3139 26088 26090
26088 3139 26086
3153 26096 3140
3150 3138 3132
26097 3110 3117
3110 26097 3156
26098 26058 26057
26058 26098 3157
3078 26099 3173
3135 3136 3158
26093 26092 26100
3136 3138 3159
26101 26073 3161
3113 3163 3111
3163 3113 3162
26102 26066 26103
26066 26102 26065
3126 3165 3166
3165 3126 3164
26104 26105 26106
26105 26104 26107
3126 3171 3186
3171 3126 3166
26108 26106 26109
26106 26108 26104
26110 26111 26112
3168 3447 3170
26113 26114 26115
26114 26113 26116
3113 3446 3169
26117 26103 26118
26103 26117 26102
3164 3170 3165
3170 3164 3168
26107 26115 26105
26115 26107 26113
26108 26111 26110
26111 26108 26109
3167 3186 3171
3186 3167 3148
26119 3172 3214
3172 26119 26120
3216 3175 26121
26122 3174 3216
3176 3178 3179
3178 3180 3181
3180 3182 3183
3182 3184 3185
3184 26123 3185
3217 26124 3187
26124 3217 26125
26126 3188 3189
3188 26126 26127
26128 3189 3190
3189 26128 26126
26129 3190 3191
3190 26129 26128
3192 26129 3191
26129 3192 26130
3193 26130 3192
26130 3193 26131
3194 3079 3086
3079 3194 3127
26132 3196 26133
26132 3197 3196
3197 26132 3177
3197 26134 3198
26134 3197 3177
3198 26135 3199
26135 3198 26134
3199 26136 3200
26136 3199 26135
3200 26137 3201
26137 3200 26136
26137 26138 3201
26138 26137 26139
3173 3242 3078
3242 3173 3319
3202 26140 3124
26141 26142 26143
26142 26141 26144
26145 26146 26147
26146 26145 26148
26149 26147 26146
26147 26149 26150
26151 26150 26149
26150 26151 26152
26153 26152 26151
26152 26153 26154
26143 26154 26153
26154 26143 26142
3202 26155 26156
26155 3202 26084
26157 3204 26155
3219 3386 26158
3386 3219 3384
26159 3148 3203
3167 3072 3203
26160 26161 26162
26161 26160 26163
26161 26164 3195
26164 26161 26163
3205 26165 3206
26165 3205 26166
3195 26166 3205
26166 3195 26164
3173 3352 3319
3352 3173 3087
26148 26167 26168
26167 26148 26169
3215 26162 26170
26162 3215 26160
3204 26171 26155
26171 26172 26155
26155 26172 26173
26156 26155 26173
26174 26156 26173
26165 26175 3206
26080 3207 3144
3155 3144 3154
3145 26082 3154
26082 3145 26083
26093 26100 26176
3120 3209 3121
3209 3120 3208
26059 3122 26068
3122 26059 26056
26070 3359 3262
3359 26070 3210
3161 3207 26081
3130 3161 26073
26101 3161 26081
3211 3156 26097
3156 3211 3212
26053 3157 26098
3157 26053 3213
26099 3214 3173
3214 26099 26119
3216 26121 26122
3175 26177 26121
26122 26178 3174
26169 26179 26167
3215 26180 26160
26124 26181 3187
26180 3172 26120
3172 26180 3215
3215 3352 3087
3352 3215 3364
26127 26182 3188
26182 26127 26183
3216 26184 3175
26169 26148 26145
3216 3176 26184
3176 3179 26184
3178 3181 3179
3180 3183 3181
3182 3185 3183
3184 26185 26123
26186 3367 26187
3367 26186 26069
3118 3218 3105
26188 26085 3124
26085 26188 26189
26190 26189 26188
3222 3161 3130
3161 3222 3160
3448 26191 26192
26191 3448 3449
26193 26194 3450
26194 26193 26195
3451 26192 26196
26192 3451 3448
3452 26196 26197
26196 3452 3451
3449 26194 26191
26194 3449 3450
3221 3222 3130
3220 26176 26100
26176 3220 26198
26199 26198 3220
3131 3137 3221
26200 3074 3085
26201 26202 26203
26204 26205 26206
26207 26208 26209
26201 26203 26094
3159 3158 3136
3149 3158 26095
3225 3224 3159
3224 3225 3442
3226 3143 3224
3134 3227 3150
3089 3134 3084
3134 3089 3227
3142 3141 3159
3142 3152 3141
3142 3143 3152
3153 3140 3152
3224 3143 3142
3225 3159 3138
26087 26089 3223
26096 3153 3412
26094 3223 26210
26211 26212 3463
3227 3443 3442
3443 3227 3089
3143 3226 3414
3229 3231 3230
3231 3229 3228
26213 26214 26215
26214 26213 26216
26217 26216 3236
26216 26217 26214
3231 3237 26218
3237 3231 3228
3069 3236 3070
3236 3069 26217
3071 26218 3237
26218 3071 26047
3235 26046 3232
26046 3235 26045
3238 3230 3239
3230 3238 3229
26219 26215 26220
26215 26219 26213
3243 3239 3244
3239 3243 3238
26221 26220 26222
26220 26221 26219
3248 3244 3249
3244 3248 3243
3361 3256 3360
3256 3361 3246
3358 3257 3357
3257 3358 3250
3362 26223 26224
26223 3362 3241
26225 26222 26226
26222 26225 26221
26227 26228 26229
26228 26227 26230
26223 3303 3304
3303 26223 3241
26231 3258 26232
3248 3254 3252
3254 3248 3249
26233 3252 3254
3252 26233 3259
26226 26234 26235
26236 3256 3246
3256 26236 3305
3261 3259 26233
3259 3261 3260
26237 26238 26239
26238 26237 3258
3082 3263 3081
3263 3082 3286
26240 3349 3383
3287 3079 3080
3079 3287 3267
26241 3269 3268
3269 26241 26242
3270 26243 26244
3271 26242 26245
26242 3271 3269
3270 26245 26243
26245 3270 3271
3273 26246 3272
26246 3273 26247
26248 26247 3273
3392 26079 26248
26079 3392 3391
3272 26241 3268
26241 3272 26246
3275 3268 3269
3268 3275 3276
3271 3270 3373
3275 3271 3277
3271 3275 3269
3273 3272 3290
3274 3273 3290
3278 3268 3276
3268 3278 3272
3355 26249 26250
3282 3376 3299
3281 3299 3298
3292 3291 3280
3291 3292 3281
3292 3293 3417
3295 3356 3294
3356 3295 26251
3353 26252 26253
26252 3353 3285
3355 3300 3301
3083 3286 3082
3286 3083 3265
3382 3076 3383
3076 3382 3073
3263 3080 3081
3080 3263 3287
3264 26254 26255
26254 3264 3348
3288 3349 3311
26256 26257 26258
3298 3275 3289
3275 3277 3289
3290 3278 3377
26259 26260 26261
26260 26259 26262
26263 26264 26265
26264 26263 3279
26266 26265 26264
3375 26262 26259
3298 3291 3281
3291 3298 26267
3279 26261 26260
26261 3279 26263
3293 3280 26268
3290 3272 3278
3250 26269 3257
26269 3250 3296
26229 26270 26227
26270 26229 3297
3242 3319 26271
3275 3298 3276
26266 26272 26265
3276 3299 3278
26273 3301 26244
3304 3253 3251
3253 3304 3303
26274 3305 26236
3305 26274 3302
3309 3306 3266
3306 3309 3307
26275 3308 26276
3308 26275 3310
3266 3316 3309
3316 3266 3332
26277 3310 26275
3310 26277 3317
26278 26279 26280
3313 3312 3466
3314 3468 26281
3468 3314 3315
3251 3253 3465
26282 3302 26274
3302 26282 3467
3306 26283 3312
26283 3306 3307
26276 3315 3314
3315 26276 3308
26280 26277 26278
26277 26280 3317
3332 3311 3316
3311 3332 3288
3318 26284 3363
26284 3318 26285
3365 26286 3321
26287 3365 3320
3322 3325 3324
3324 3327 3326
3326 3329 3328
3328 3331 3330
3330 3331 26288
3366 26289 26290
26289 3366 3333
3334 26291 3335
26291 3334 26292
3335 26293 3336
26293 3335 26291
3336 26294 3337
26294 3336 26293
3338 26294 26295
26294 3338 3337
3339 26295 26296
26295 3339 3338
3340 3079 3267
3079 3340 3086
26297 26298 3342
3343 26297 3342
26297 3343 3323
3343 26299 3323
26299 3343 3344
3344 26300 26299
26300 3344 3345
3345 26301 26300
26301 3345 3346
3346 26302 26301
26302 3346 3347
26303 26302 3347
26302 26303 26304
3348 3264 26305
26306 26307 26308
26307 26306 26309
26310 26311 26312
26311 26310 26313
26314 26312 26315
26312 26314 26310
26316 26315 26317
26315 26316 26314
26318 26317 26319
26317 26318 26316
26309 26319 26307
26319 26309 26318
3348 26320 26254
26320 3348 26321
26322 26320 3350
3389 3368 26323
3368 3389 3387
26324 3349 3288
3311 3349 26240
26325 26326 26327
26326 26325 26328
26325 26329 26328
26329 26325 3341
3351 26330 26331
26330 3351 3354
3341 26331 26329
26331 3341 3351
26332 26313 26333
26313 26332 26334
3364 26327 26326
26327 3364 26170
3350 26320 26335
26335 26320 26336
26320 26337 26336
26321 26337 26320
26338 26337 26321
26330 3354 26339
26250 3284 3355
26250 3294 3284
3294 26250 3295
26251 3285 3356
3285 26251 26252
26266 26340 26272
3260 3358 3357
3358 3260 3261
26230 26239 26228
26239 26230 26237
3301 26249 3355
3270 26244 3301
26273 26249 3301
3296 3360 26269
3360 3296 3361
3297 26224 26270
26224 3297 3362
26271 3363 26284
3363 26271 3319
3365 26287 26286
3321 26286 26341
26287 3320 26342
26334 26332 26343
3215 26170 3364
3364 26326 26344
26289 3333 26345
26344 3318 3364
3318 26344 26285
26292 26346 26347
26346 26292 3334
3365 3321 26348
26334 26311 26313
3365 26348 3322
3322 26348 3325
3324 3325 3327
3326 3327 3329
3328 3329 3331
3330 26288 26349
3258 26231 26238
26255 26350 3264
26350 26255 26351
26352 26350 26351
3374 3301 3300
3301 3374 3270
26353 3370 3453
26354 3372 3371
3372 26354 26355
3454 26356 3453
26356 3454 26357
26358 3370 26353
3456 26359 3455
26359 3456 3369
3455 26357 3454
26357 3455 26359
26354 3371 26358
26360 26361 3458
26362 3459 3460
3373 3270 3374
26363 26272 26340
26340 26364 26363
26365 26363 26364
3271 3373 3277
26366 26367 26368
26369 26370 26371
26372 26373 26374
26375 26376 26377
26369 3416 26378
3299 3276 3298
3289 26267 3298
3377 3299 3376
3376 3378 3444
3378 3376 3283
3290 3377 3379
3274 3089 3084
3089 3274 3379
3282 3299 3281
3282 3281 3292
3282 3292 3283
3293 3292 3280
3376 3282 3283
3377 3278 3299
26259 26378 3375
26378 26370 26369
3369 3461 26379
3461 3369 3456
3443 3379 3444
3379 3443 3089
3380 26380 26381
26380 3380 3381
3383 3388 3382
3072 26380 3381
26240 3383 3076
26159 3384 3219
3384 26159 3203
3387 26324 3368
26324 3387 3349
3381 3385 3384
3387 3389 3388
3384 3203 3381
3387 3383 3349
26258 26382 26256
26382 26258 26383
26383 26384 26382
26384 26383 26385
26384 26385 26386
26387 26384 26386
26385 26388 26386
3385 3386 3384
3387 3388 3383
26078 3133 26077
3273 3274 3392
3084 3390 3391
3390 3084 3134
3392 3084 3391
3084 3392 3274
3390 3134 3133
26248 3273 3392
26389 26235 26234
3112 26067 3114
26067 3112 3119
26390 26060 26391
26055 26060 26390
26226 26235 26225
26392 3394 3393
3394 26392 26393
26394 3396 3395
3396 26394 26395
26396 3397 26397
26396 3398 3397
3398 26396 26398
26393 3399 3394
3399 26393 26399
3399 26394 3395
26394 3399 26399
3400 26400 3401
26400 3400 26401
26400 26402 3401
26402 26400 26403
3402 26397 3397
26397 3402 26404
26395 3402 3396
3402 26395 26404
26398 3400 3398
3400 26398 26401
3403 26392 3393
26392 3403 26405
3405 26406 3404
26406 3405 26407
26408 3406 26409
3407 26409 3406
26409 3407 26410
3408 26405 3403
26405 3408 26411
26406 3408 3404
3408 26406 26411
3410 26412 3409
26412 3410 26413
26414 26413 3410
26413 26414 26415
26408 3411 3406
3411 26408 26416
26416 3405 3411
3405 26416 26407
3409 26410 3407
26410 3409 26412
26417 3030 26029
3066 3044 3057
3061 3062 3056
26032 3029 3035
3155 26080 3144
26094 26210 26201
3226 3088 3415
3226 3415 3414
3152 3413 3153
3416 3375 26378
26268 26418 3293
3378 3418 3419
3292 3417 3283
3378 3283 3418
3088 3378 3419
3422 3075 3420
3075 3422 3421
3075 3421 3425
3425 3423 3424
3423 3425 3421
3426 3075 3427
3430 3075 3426
3075 3430 3420
3427 3428 3429
3426 3427 3429
26419 26420 3436
26421 3431 3432
3431 26421 26422
3435 26421 3432
26421 3435 26423
26424 3434 26425
3434 26424 3433
26422 3436 3431
3436 26422 26426
3433 26423 3435
26423 3433 26424
26427 26428 3441
3438 26429 26430
26429 3438 3437
26430 3440 3438
3440 26430 26431
3434 26432 26425
26432 3434 3439
3437 26428 26429
26428 3437 3441
3439 26431 26432
26431 3439 3440
26433 26434 26435
26434 26433 26436
26437 26433 26438
26433 26437 26436
26439 26440 26441
26440 26439 26442
26440 26438 26441
26438 26440 26437
26443 26444 26445
26443 26446 26444
26446 26443 26447
26446 26448 26449
26448 26446 26447
26450 26451 26452
26451 26450 26453
26448 26452 26449
26452 26448 26450
26454 26435 26434
3226 3443 3088
3443 3226 3442
3443 3378 3088
3378 3443 3444
3224 3442 3226
3225 3227 3442
3444 3379 3377
3376 3444 3377
3227 3225 3150
3274 3290 3379
26455 3445 26456
26457 3445 26458
26459 3445 26460
26461 3445 26455
26458 3445 26461
26462 3445 26463
26464 3445 26462
26460 3445 26465
26465 3445 26457
26463 3445 26459
26456 3445 26466
26467 3445 26468
26469 3445 26470
26466 3445 26471
26471 3445 26467
26472 3445 26473
26473 3445 26474
26475 3445 26469
26468 3445 26475
26470 3445 26472
26353 3453 26356
3371 3370 26358
3460 26361 26362
26361 3460 3458
3459 26362 26476
3462 3459 26476
26477 3457 26478
26427 3441 26479
26419 3436 26426
26197 26211 3452
3463 3464 26211
3464 3452 26211
26118 26116 26117
26116 26118 26114
3446 3447 3169
3467 26281 3468
26281 3467 26282
3465 3313 3466
3466 3312 26283
3465 3253 3313
3111 3446 3113
3169 3447 3168
3474 3488 3517
3472 3489 3512
3476 2940 2941
3477 3520 2942
3504 3503 3514
3478 3515 3491
3470 3492 26480
3487 3492 3470
3485 26481 3518
26482 2946 2945
26483 2987 2946
3518 3483 3485
26480 3480 3470
3481 3486 3506
3482 3490 3472
3521 3519 3475
3474 3517 3516
3482 3512 3511
3483 3518 2947
2940 3476 3475
2940 3475 3483
3511 3505 3513
3485 3479 3510
3485 3519 3479
3484 3479 3519
3513 3505 3504
3519 3485 3483
3510 26484 3485
26481 3485 26484
3486 3481 3516
3516 3480 3507
3487 3470 3473
3353 26253 3487
3471 3488 3474
3470 3488 3473
3512 3482 3472
3471 3474 3489
3482 3478 3490
3502 26485 26486
3514 3503 26487
3487 26253 3492
26480 3492 26253
26488 3495 3494
3495 26488 26489
26490 3469 3501
3469 26490 3493
26491 3497 3496
3497 26491 26492
26493 26494 26495
26494 26493 26496
26497 3499 3498
3499 26497 26498
26496 3496 26494
3496 26496 26491
3497 26488 3494
26488 3497 26492
26489 3500 3495
3500 26489 26499
26499 3498 3500
3498 26499 26497
26498 26500 3499
26500 26498 26501
3493 26502 3469
26502 3493 26503
26504 26505 3502
26506 26507 2983
26507 26011 2983
3507 3480 26508
26508 3480 26480
26509 26510 26511
26512 3508 26509
26513 3509 26514
26515 3484 3521
26516 26517 26518
26519 26520 26521
2942 26025 26522
26515 3520 3477
26484 3510 26523
26517 3509 26513
3511 3506 3505
3481 3506 3511
3512 3474 3481
3481 3511 3512
3489 3474 3512
26524 26521 26520
3482 3511 3513
3515 3482 3513
3491 3515 3514
3508 26510 26509
3513 3514 3515
3478 3482 3515
26486 26504 3502
3491 3514 26487
3507 3486 3516
3517 3480 3516
3488 3470 3517
3477 2942 26522
26518 26517 26513
3509 26512 26514
26514 26512 26509
3513 3504 3514
3474 3516 3481
26516 26524 26520
26524 26516 26518
3517 3470 3480
3518 26482 2945
26482 3518 26481
26482 26483 2946
2940 3483 2947
3518 2945 2947
3483 3475 3519
3475 3476 3521
3520 2941 3013
3520 3476 2941
26515 3521 3476
3520 3013 2942
3521 3484 3519
3476 3520 26515
26519 26521 26525
3527 3522 3523
3522 3527 3526
3532 3523 3522
3523 3532 3533
3538 3536 3539
3531 3529 3528
3529 3531 3530
3534 3533 3532
3533 3534 3535
3528 3535 3534
3535 3528 3529
3537 26526 26527
26528 26529 3540
26530 26531 26532
3530 3531 26533
3531 26534 26533
26533 26535 3530
3543 3544 3541
3545 26536 26537
26538 3542 26539
26540 26541 26542
3525 26543 26544
26545 3524 26546
26547 26548 3547
3546 3525 26547
3549 3551 3550
3551 3549 3548
3546 26547 3547
3526 3548 3549
3548 3526 3527
3550 3546 3547
3546 3550 3551
3557 3552 3556
3552 3557 3553
3562 3553 3563
3553 3562 3552
3568 3569 3566
3561 3559 3560
3559 3561 3558
3564 3563 3565
3563 3564 3562
3558 3565 3559
3565 3558 3564
3567 26549 26550
26551 3570 26552
26553 26554 26555
3560 26556 3561
3561 26556 26557
26556 3560 26558
3573 3571 3574
3575 26559 26560
26561 26562 3572
26563 26564 26565
3555 26566 26567
26568 26569 3554
26570 3577 26571
3576 26570 3555
3581 3579 3580
3579 3581 3578
3576 3577 26570
3578 3556 3579
3556 3578 3557
3576 3580 3577
3580 3576 3581
3600 3601 3603
3583 3592 3582
3592 3583 3593
3594 3590 3591
3590 3594 3587
3599 3600 3602
3600 3599 3601
3602 3582 3599
3582 3602 3583
3596 3588 3597
3588 3596 3589
3595 3585 3584
3585 3595 3598
3585 3586 3584
3587 3589 3590
3589 3587 3588
3591 3593 3594
3593 3591 3592
3595 3597 3598
3597 3595 3596
3662 3643 3663
3665 3664 3642
3644 3664 3666
26572 3662 26573
3956 3654 3657
3654 3956 3955
3640 3645 3650
3645 3640 3647
3648 3658 3661
3658 3648 3646
3647 3659 3645
3659 3647 3660
3656 26574 26575
26574 3656 3655
3638 26576 26577
26576 3638 3651
3652 26578 3653
26578 3652 26579
3641 26579 3652
26579 3641 26580
3651 26581 26576
26581 3651 26582
26583 26584 26585
3639 26586 26587
26588 26589 26590
26591 26592 26593
26589 26588 26594
3657 3655 3656
3655 3657 3654
3658 3660 3661
3660 3658 3659
26595 26596 26591
26594 26584 26597
26591 26593 26595
26584 26594 26585
26596 26595 26587
26598 26599 26600
26601 26602 26603
3754 3912 3913
3912 3754 3678
3754 3722 3727
3722 3754 3718
3679 3754 3669
3754 3679 3678
3728 3754 3727
3754 3728 3669
3733 3751 3921
3667 3720 3721
3680 3742 3681
3678 3675 3672
3675 3678 3679
3749 3734 3916
3751 3729 3920
3684 3691 3689
3708 3610 3710
3610 3708 3606
3606 3687 3605
3671 3697 3710
3671 3698 3695
3670 3691 3684
3699 3609 3608
3700 3699 3688
3670 3701 3700
3670 3684 3701
3700 3688 3670
3699 3608 3688
3703 3692 3690
3684 3689 3704
3708 3694 3693
3708 3685 3709
3971 3667 3707
3693 3687 3708
3708 3709 3694
3674 3703 3702
3704 3689 3674
3674 3689 3692
3673 3677 3676
3607 3710 3610
3710 3607 3671
3710 3696 3685
3710 3685 3708
3710 3697 3696
3604 3711 3932
3604 3939 3711
3612 3939 3604
3695 3697 3671
3708 3687 3606
3706 3719 3686
3971 3719 3720
3719 3971 3686
3712 3676 3677
3713 3712 3677
3678 3672 3761
3748 3715 3716
3748 3716 3714
3674 3692 3703
3676 3667 3673
3756 3667 3721
3667 3756 3673
3714 3755 3748
3718 3770 3722
3748 3958 3760
3672 3731 3715
3917 3732 3749
3732 3917 3725
3680 3681 3726
3742 3730 3681
3682 3683 3680
3668 3740 3739
3736 3738 3668
3726 3737 3746
3682 3743 3747
3680 3683 3742
3683 3730 3742
3680 3743 3682
3726 3745 3680
3744 3948 3668
3668 3945 3744
3668 3738 3735
3735 3740 3668
3668 3949 3736
3668 3739 3944
3726 3746 3745
3682 3747 3741
3715 3748 3672
3724 3749 3732
3749 3724 3675
3734 3675 3679
3675 3734 3749
3731 3675 3724
3731 3672 3675
3733 3669 3751
3669 3733 3679
3750 3669 3728
3669 3750 3751
3677 3763 3759
3713 3755 3714
3752 3755 3713
3752 3713 3677
3677 3759 3752
3676 3707 3667
3723 3758 3757
3757 3673 3756
3673 3757 7668
3971 3720 3667
3718 3769 3753
3763 3673 7669
3673 3763 3677
3755 3957 3958
3764 3672 3748
3718 3766 3767
3754 3913 3765
3718 3765 3766
3754 3765 3718
3761 3672 3764
3764 3748 3760
3769 3718 3762
3768 3718 3924
3762 3718 3768
3753 3770 3718
26604 3950 26605
3950 26604 3772
26605 3771 26606
26607 26608 26609
26610 26607 26609
3771 26611 26606
26608 26607 3946
3771 26605 3951
3803 26612 26613
26612 3803 3615
3804 3613 3616
3613 3804 3774
3930 3937 3936
3937 3930 3928
3935 3611 3933
3611 3935 3618
3934 26614 3805
26614 3934 26615
3931 26616 3929
26616 3931 3806
3809 3776 3808
3776 3809 3775
3811 26617 26618
26617 3811 3810
3813 3973 3777
3973 3813 3975
3814 26619 3815
26619 3814 26620
3813 3778 3816
3778 3813 3777
3816 3781 3819
3781 3816 3778
3821 3782 3783
3782 3821 3820
3823 26621 26622
26621 3823 3822
3825 3785 3824
3785 3825 3784
3827 26623 3826
26623 3827 26624
3803 26621 3822
26621 3803 26613
3824 3774 3804
3774 3824 3785
3825 3788 3784
3788 3825 3828
3823 26625 3829
26625 3823 26622
3614 3926 3619
3831 26626 3620
26626 3831 26627
3814 26628 26620
26628 3814 3621
3832 26627 3831
26627 3832 26629
3833 26630 26631
26630 3833 3834
3835 26632 3836
26632 3835 26633
3815 26634 3837
26634 3815 26619
3838 26631 26635
26631 3838 3833
3840 26636 3839
26636 3840 26637
3828 3940 3788
3940 3828 3812
3829 26624 3827
26624 3829 26625
3840 26638 26637
26638 3840 3841
3842 26618 26639
26618 3842 3811
3838 26629 3832
26629 3838 26635
3834 26640 26630
26640 3834 26641
3837 26633 3835
26633 3837 26634
3826 26642 26643
26642 3826 26623
3830 3791 3843
3791 3830 3789
3810 26632 26617
26632 3810 3836
3842 26644 26645
26644 3842 26639
3844 26646 3792
26646 3844 26647
3845 3792 3793
3792 3845 3844
3846 3793 3794
3793 3846 3845
3847 3794 3795
3794 3847 3846
3848 3795 3796
3795 3848 3847
3849 3798 3850
3798 3849 3797
26648 3799 3851
3799 26648 26649
3851 3800 3852
3800 3851 3799
3853 3800 3801
3800 3853 3852
3820 3802 3782
3802 3820 3854
3818 3783 3779
3783 3818 3821
3817 3974 3976
3974 3817 3780
3808 3943 3807
3943 3808 3776
3819 3775 3809
3775 3819 3781
3854 3801 3802
3801 3854 3853
3938 26650 26651
26650 3938 26652
3938 26653 3622
26653 3938 26651
3848 3797 3849
3797 3848 3796
3807 3942 3855
3942 3807 3943
3856 3940 3812
3940 3856 3941
3858 3787 3857
3787 3858 3786
3859 3941 3856
3941 3859 3790
3855 3786 3858
3786 3855 3942
3859 26654 3790
26654 3859 26655
3860 26656 3861
26656 3860 26657
3862 3705 3863
3705 3862 26658
3865 26659 26660
26659 3865 3864
3866 26660 26661
26660 3866 3865
3867 26662 3868
26662 3867 26663
3869 26664 3870
26664 3869 26665
3862 26666 26658
26666 3862 3871
3863 26665 3869
26665 3863 3705
3872 26667 3873
26667 3872 26668
3872 26661 26668
26661 3872 3866
3864 26664 26659
26664 3864 3870
3874 26669 26670
26669 3874 26671
3875 26671 3874
26671 3875 26672
3875 26673 26672
26673 3875 3876
3877 26673 3876
26673 3877 26674
3877 26675 26674
26675 3877 3878
3918 26676 26677
26676 3918 26678
3880 26679 3879
26679 3880 26680
3881 26680 3880
26680 3881 26681
3881 26682 26681
26682 3881 3882
3860 26667 26657
26667 3860 3873
3867 26656 26663
26656 3867 3861
3883 26683 26684
26683 3883 3919
3884 26684 26685
26684 3884 3883
26686 26687 3885
26687 26686 26688
3923 26689 3886
26689 3923 26690
3885 26691 3922
26691 3885 26687
3882 26692 26682
26692 3882 26693
3878 26694 26675
26694 3878 3887
3888 26695 26696
26695 3888 7670
3889 26697 3909
26697 3889 26698
3890 26699 26700
26699 3890 3891
3892 26700 26701
26700 3892 3890
26701 26702 3915
3894 26703 3893
26703 3894 26704
3893 26705 3895
26705 3893 26703
7671 26706 26707
26706 7671 3896
3897 26705 26708
26705 3897 3895
3896 26709 26706
26709 3896 3898
3907 26708 26710
26708 3907 3897
3906 26709 3898
26709 3906 26711
3914 26712 3899
26712 3914 26713
3899 26698 3889
26698 3899 26712
3891 3717 26699
3717 3891 3908
3879 26704 3894
26704 3879 26679
3888 26714 26715
26714 3888 26696
26716 26717 26718
26719 26720 26721
26720 26719 26722
26721 26723 26719
26724 26725 26726
26727 26724 26728
26729 26727 26728
26730 26731 26729
26718 26731 26732
26730 26732 26731
26733 26734 26735
26734 26733 26736
26736 26737 26738
26737 26739 26740
26741 26740 26739
26742 26741 26743
26744 26742 26745
26744 26745 26746
26747 26746 26748
26746 26747 26749
26750 26751 26747
26752 26753 26754
26755 3927 26756
26757 26752 26758
26756 26757 26758
26751 26754 26753
26749 26744 26746
26716 26759 26760
26760 26744 26761
26744 26760 26759
26762 26763 26717
26764 26717 26763
26765 26766 26764
26766 26765 26767
26767 26768 26766
26768 26767 26769
26770 26771 26772
26771 26770 26773
26774 26771 26775
26771 26774 26772
26776 26775 26777
26775 26776 26774
26769 26777 26768
26777 26769 26776
26751 26778 26779
26778 26751 26780
26779 26781 26782
26781 26779 26778
26782 26783 26784
26783 26782 26781
26784 26785 26786
26785 26784 26783
26787 26785 26788
26785 26787 26786
26787 26789 26790
26789 26787 26788
26757 26753 26752
26791 26792 26793
26792 26791 26794
26794 26795 26796
26795 26794 26791
26797 26798 26799
26800 26801 26802
26800 26802 26803
26790 26804 26805
26806 26804 26790
26807 26805 26804
26808 26801 26809
26801 26808 26810
26789 26811 26790
26812 26811 26813
26811 26812 26806
26762 26717 26716
26812 26814 26815
26814 26812 26813
26815 26816 26817
26816 26815 26814
26817 26818 26819
26818 26817 26816
26790 26811 26806
3911 26820 26821
26820 3911 3900
3901 26822 3773
26822 3901 26823
3902 26824 26825
26824 3902 26826
26827 26828 3910
26829 26830 26831
26770 26832 26833
26834 26832 26830
26835 26836 26837
3904 26838 26839
26838 3904 3903
3905 26840 26841
26840 3905 26842
3904 26843 26844
26843 3904 26839
3905 26845 26846
26845 3905 26841
26833 26773 26770
26773 26833 26847
26848 26849 26850
26851 26818 26848
26818 26851 26819
26849 26852 26853
26854 26855 26856
3959 26808 26809
26857 26711 3906
26711 26857 26858
3925 26710 26859
26710 3925 3907
3960 26697 26860
26697 3960 3909
3908 26859 3717
26859 3908 3925
26831 26861 26827
26861 26828 26827
26862 26863 26864
26863 26862 26865
26866 3911 26821
3911 26866 26867
26831 26827 26829
26868 26869 26870
26869 26868 26871
26856 26872 26854
26873 26874 26875
26874 26873 26876
26877 26878 26879
26878 26877 26880
26881 26882 26883
26882 26881 26884
26885 26886 26887
26886 26885 3947
3910 26836 26835
26862 26888 26865
26888 26862 26889
3912 3678 3761
26713 3914 26702
3914 3915 26702
26701 3915 3892
26797 26796 26795
26796 26797 26799
3718 3767 26890
26830 26829 26834
26837 26891 26835
26836 3910 26828
26677 3919 3918
3919 26677 26683
3922 26690 3923
26690 3922 26691
3916 3917 3749
3920 3921 3751
26832 26834 26833
26837 26892 26891
3718 26890 3924
26809 26893 3959
26894 26893 26793
3926 3789 3830
3926 26895 3619
3927 26757 26756
3926 3830 26895
3671 26896 26897
26898 3698 3671
26899 26900 26901
3931 3928 3930
3928 3931 3929
26897 26898 3671
26902 26903 3604
26904 26752 26754
26752 26904 26905
26904 26899 26901
3935 26615 3934
26615 3935 3933
3932 26902 3604
26899 26906 26900
26905 26904 26901
26906 3617 26900
3936 26907 26908
26907 3936 3937
3671 3607 26896
26751 26750 26754
26748 26750 26747
26599 26909 26910
26909 26599 26911
26912 26599 26598
26599 26912 26911
26602 26913 26603
26913 26602 26914
26909 26602 26910
26602 26909 26914
26915 26598 26916
26598 26915 26912
26732 26716 26718
26764 26763 26765
26917 26918 26919
26918 26917 26608
26875 3947 26873
3947 26875 26886
26877 26884 26881
26884 26877 26879
3944 3945 3668
3946 26918 26608
3948 3949 3668
3950 3951 26605
26729 26728 26730
26920 26603 26913
26603 26920 26921
26597 26589 26594
26922 3952 3623
26923 3953 26924
26924 3952 26922
26925 3954 3953
26925 26916 3954
26916 26925 26915
3640 3650 26926
26927 3955 3956
3955 26927 3649
26586 26596 26587
26736 26738 26734
26737 26740 26738
26741 26739 26743
26572 3643 3662
3664 3644 3642
3957 3755 3752
26793 26792 26894
3960 26858 26857
26858 3960 26860
3959 26893 26894
3961 26928 3962
26928 3961 26929
26930 3963 3964
3963 26930 26931
26930 3964 26932
26929 26921 26920
3962 26932 3964
26932 3962 26928
26933 3649 26927
26929 3961 26921
26934 3965 26935
26934 3967 3965
3967 26934 26936
26937 3968 26938
26939 3969 26940
26941 3968 3967
3968 26941 26938
26940 3969 26937
26941 3967 26936
26942 3970 26939
26935 3966 26943
3686 3971 26944
3707 26944 3971
26716 26760 26762
26742 26743 26745
26749 26761 26744
3751 3750 3729
26727 26725 26724
26723 26726 26719
26723 26724 26726
3970 26945 26946
26945 3970 26942
26931 3972 3963
3972 26931 26947
26948 26833 26949
3976 3973 3975
3973 3976 3974
26949 26855 26948
3972 26947 26950
26855 26949 26856
3969 3968 26937
3970 3969 26939
3755 3958 3748
3965 3966 26935
26922 3623 26951
3953 3952 26924
26925 3953 26923
26952 3624 26953
26954 3977 3978
26954 3624 3977
3624 26954 26953
26955 26956 26957
26957 3979 26958
26958 3980 26959
26959 3980 26960
26960 3981 26961
26962 3982 3983
3982 26962 26963
26961 3981 3982
26964 3984 26965
3985 26966 26967
26966 3985 26968
3986 26968 3985
26968 3986 26969
3987 26969 3986
26969 3987 26970
3984 26971 3988
26971 3984 26964
3988 26970 3987
26970 3988 26971
26954 3978 26972
26956 3979 26957
3979 3980 26958
26961 3982 26963
3980 3981 26960
26849 26853 26850
4147 3628 4013
3992 4149 4028
4000 4148 4029
4410 26973 26974
4150 4027 4026
4006 26975 4005
26975 4006 26976
4007 26976 4006
26976 4007 26977
4012 26977 4007
26977 4012 26978
4003 3627 3625
3997 4003 4001
26979 4002 3999
26979 3999 4018
26980 3989 3995
4025 4011 4010
4011 4025 4024
4026 26981 3994
26981 4026 26982
4295 4004 26983
4253 26984 26985
4378 3998 26986
26985 26987 4253
4231 4015 7413
4290 7425 4287
4246 4244 7421
4289 4017 7424
3990 26988 4252
4003 3997 26989
26990 4018 4297
26990 26979 4018
4002 26991 3999
4270 4312 4271
4021 4271 4020
4292 4335 4022
4022 4318 4292
4335 4294 4021
26978 4023 26992
4023 26978 4012
26993 26994 3993
26995 26984 26996
26984 26995 4014
4005 4014 26995
4014 4005 26975
26993 3993 26997
26998 26999 4295
4003 4237 4236
3625 3636 4237
4001 4236 4240
4297 4262 3989
4262 4297 4296
3999 26991 4279
4264 4018 3999
4018 4264 4263
4061 4116 4094
4093 7436 27000
4092 4142 27001
27002 4110 4092
4108 27003 4107
27003 4108 27004
4090 4091 27005
27006 4337 4089
4087 4088 27007
4083 4084 27008
4069 4355 4136
4078 4079 27009
4076 4077 27010
27010 4075 4076
4075 27010 27011
27011 4074 4075
27008 4084 4085
27012 4096 4097
4096 27012 27013
4146 27013 27014
27015 4098 3631
4098 27015 27016
27016 4097 4098
4097 27016 27012
27007 4332 4087
27017 4082 4083
27007 27008 4085
4075 4074 4073
4073 4049 4075
4049 4360 4076
4079 4071 4048
4071 4079 4078
4080 4048 4132
4069 4046 4081
4315 4082 27018
4059 4082 4045
4050 4083 4328
4085 4084 4349
4085 4121 4086
4044 4067 27019
4066 4089 4337
4317 4090 4309
4107 4043 4299
4064 4092 4110
4057 4285 4092
4281 4056 27020
27021 7416 4093
4055 7436 4093
4055 7423 27022
4245 7412 27022
4054 4061 4094
4116 4061 4243
4095 4052 4250
4053 4097 4096
4097 4053 4233
4098 4062 4235
4052 4095 4116
27023 4100 4101
4100 4103 4102
4101 27003 27024
27003 4101 4107
4091 4100 27023
4100 4303 4103
4301 4043 4107
4142 4092 4285
4079 4080 27009
27018 4082 27017
27025 27026 4090
7438 7444 4089
4337 4051 4066
4105 4140 4356
27027 4356 4106
27028 4357 27029
4078 27009 4351
4357 4072 4105
4072 4357 27028
4071 4351 4352
4351 4071 4078
4109 27004 4108
4099 4109 4108
4110 27002 27030
4109 4099 4305
4238 4060 4239
4060 4238 4032
4034 4060 4032
4060 4034 27031
4033 27032 4232
27032 4033 27033
3629 27034 4234
27034 3629 3630
4036 27035 4300
27035 4036 27036
4307 27037 27038
27037 4307 4316
4039 27039 4038
27039 4039 27040
4304 27039 27041
27039 4304 4038
4298 4058 27042
4058 4298 4037
4042 4058 4037
4058 4042 27043
4040 27044 4302
27044 4040 27045
4041 27045 4040
27045 4041 27046
4111 27047 4329
27047 4111 27048
4122 4347 4348
4347 4122 27049
27050 4348 4347
4348 27050 4350
4112 27051 4113
27051 4112 4068
4114 27051 27052
27051 4114 4113
27048 4350 27050
4350 27048 4111
4242 27053 27054
27053 4242 4031
4030 27055 27056
27055 4030 27057
27058 27059 27060
27059 27058 27061
7420 27062 27063
27062 7420 27064
27063 7426 27065
7426 27063 27062
27066 4288 27067
4288 27066 7427
4266 27068 27069
27068 4266 7454
4039 27070 27040
27070 4039 4286
27071 4116 4095
4094 4116 27071
26991 4284 4283
4110 27030 4109
4306 7445 7443
7445 4306 4308
27072 27073 27074
27073 27072 7439
27072 27075 27076
27075 27072 27074
27077 27078 4336
27078 27077 27079
4344 27080 4342
27080 4344 4019
27081 27082 4311
4138 4334 4139
4334 4138 4333
4117 27083 27084
4118 27085 4119
27085 4118 27086
4313 26994 4330
26994 4313 3993
4303 4091 4065
4101 4100 4102
4101 4102 4301
4118 4120 27086
27084 27087 4117
4314 4327 4009
27079 27088 27089
27088 27079 27077
4031 27090 27053
27090 4031 4247
4047 4354 4123
27091 4124 4134
4124 27091 27092
27092 4125 4124
4125 27092 27093
27093 4353 4125
4353 27093 27094
27095 4128 4127
4128 27095 27096
27097 4127 4141
4127 27097 27095
27098 4129 4137
4129 27098 4070
4070 4130 4129
4130 4070 4047
4123 4130 4047
4133 4134 4135
4134 4133 27091
4085 4086 27007
4083 27008 27017
27085 4137 4119
4137 27085 27098
4341 4139 4343
4139 4341 4138
4088 27099 27100
27101 4087 4332
4087 27101 27099
27099 4088 4087
4109 27030 27004
4136 4355 27102
27103 4136 27102
27104 27103 27102
27105 27106 4080
4132 27105 4080
4048 4080 4079
4355 4069 4081
4059 27107 4083
4338 4339 4319
27108 4338 27109
4339 4008 4319
4049 4076 4075
27097 4126 4104
4126 27097 4141
4140 27110 4106
4140 4106 4356
27024 27023 4101
4142 27020 27001
4063 27020 4142
27096 4361 4143
4361 27096 4359
4362 27111 4144
27111 4362 27112
27113 4144 27111
27096 4143 4128
4121 4085 27114
27115 4145 27116
27117 4145 27115
27118 4145 27119
4146 4096 27013
4095 4146 27014
4096 4146 27120
27121 4315 27018
4147 3626 3628
27122 4147 4013
4148 27123 4029
4149 4000 4029
4148 3991 27123
4149 4029 4028
4150 3996 4027
3994 4150 4026
26981 4444 4443
3994 4442 4441
4440 4150 4441
4150 4440 3996
4380 3991 4148
4396 3991 4380
4149 4397 4382
4397 4149 3992
4382 4000 4149
4000 4382 4381
3992 4383 4397
4147 4375 4374
4147 4374 3626
4372 4185 4366
4371 4188 4368
4186 4166 4377
4363 4373 4165
4373 4363 4376
4398 4187 4167
27124 4187 4398
4370 4188 4371
4189 4168 4399
4189 4398 4167
4402 4388 4389
4388 4402 4401
4190 4391 4403
4170 4408 4192
4408 4170 4419
4420 4193 4171
4419 4193 4420
4421 4194 4172
27125 4194 4421
4195 4173 4422
4421 4172 4195
4174 4423 4196
4423 4174 4413
4423 27126 4196
27126 4423 27127
4183 4437 4414
27128 4418 4175
27129 4424 4426
27130 4429 4434
27130 4176 4428
4180 4432 27131
4182 4178 27132
4414 4174 4183
4174 4414 4413
4415 4181 4439
4184 27131 27130
27130 4177 4184
4161 27133 4365
27133 4161 27134
4367 27135 27136
27135 4367 4162
4364 27134 4161
27134 4364 27137
4198 27138 27139
27138 4198 4199
4369 27140 27141
27140 4369 4163
4379 27142 4200
27142 4379 4384
27143 4385 4386
4387 27144 27145
27144 4387 4156
4157 27146 4390
27146 4157 4191
4158 4191 4157
4191 4158 4169
4160 27147 27148
27147 4160 4201
4201 27149 27147
27149 4201 4202
4202 27150 27149
27150 4202 4203
4417 4416 4179
4205 27151 4204
27151 4205 27152
4155 27152 4205
27152 4155 27153
4152 27154 4438
27154 4152 27155
27156 4151 4206
4155 27157 27153
27157 4155 4153
4154 27158 4436
27158 4154 27159
4151 4412 4411
4412 4151 4197
4207 27160 27161
27160 4207 4208
4209 27160 4208
27160 4209 27162
4210 27162 4209
27162 4210 27163
4211 27163 4210
27163 4211 27164
4425 27165 4212
27165 4425 27166
4425 27167 27166
27167 4425 4427
4393 4214 4407
4159 27168 4392
27168 4159 27169
4405 27170 4406
4407 4214 4408
4160 27169 4159
27169 4160 27148
27171 27156 4206
27156 4197 4151
27172 27173 4219
4216 27174 4215
27174 4216 27175
4216 27176 27175
27176 4216 4217
4217 27177 27176
27177 4217 4218
27178 4378 27179
27180 27178 27179
27181 27182 3998
4375 4147 27122
4374 3633 3626
27183 4200 27142
27184 3991 4409
4215 27172 4219
27172 4215 27174
27182 27185 3998
27186 4383 27187
27187 27188 27189
4203 4220 27150
27161 27190 4207
27191 27192 27193
27194 26973 27195
4381 4148 4000
4148 4381 4380
4407 4406 4395
4408 4214 4192
27196 27197 27198
27199 4440 27200
4444 26981 27201
27201 26981 27202
4211 4221 27164
27203 27204 27205
27206 27197 27196
27195 26973 27207
27207 26973 27208
27208 27204 27209
27209 27204 27203
4430 27210 4222
27210 4430 27211
27212 4435 27213
4435 27212 4431
4433 27214 4224
27214 4433 27215
27216 4225 27217
4226 4223 27218
27214 4223 4224
4223 27214 27218
27219 27220 27221
27220 27222 27223
27222 27220 27224
27225 27220 27226
27218 27227 4226
27210 4227 4222
27228 27220 27219
27229 4010 4011
4011 4213 27229
4213 4011 27230
4378 27231 27181
27208 26973 4410
4228 4280 27232
4229 4241 4240
27233 27234 4229
4230 27235 4229
3635 27236 4230
27234 27237 4241
27238 27239 4291
27239 27238 27240
4228 4291 4001
27239 4001 4291
7413 4246 4231
4232 27031 4034
27031 4232 27032
4234 27033 4033
27033 4234 27034
27236 27241 4230
3635 27242 27236
27235 27233 4229
4230 27241 27235
4062 4098 4233
4098 4097 4233
27243 3631 4235
3631 4098 4235
4237 4229 4236
3636 4230 4237
4236 4229 4240
4248 4239 4249
4239 4248 4238
4001 4240 4228
4241 4251 4228
4241 27237 4251
27244 4096 27120
4146 27245 27120
27246 4291 4228
4242 27057 4030
27057 4242 27054
4291 27246 27238
27247 27060 7422
27060 27247 27058
4001 4003 4236
4229 27234 4241
27248 4231 4246
27090 4248 4249
4248 27090 4247
4228 4240 4241
4095 4250 4146
4280 4228 4251
27237 27249 4251
27249 27250 4251
4053 4096 27244
4250 27245 4146
4243 4052 4116
27248 4246 4289
27251 27248 4252
26988 27251 4252
4003 26989 3627
4003 3625 4237
27252 4255 4256
4256 4257 27253
27254 4257 4258
27255 27256 4258
27257 27258 4260
4276 4255 4277
4255 4276 4256
4275 4256 4276
4256 4275 4257
4258 4275 4274
4275 4258 4257
4259 4274 4273
4274 4259 4258
4260 4273 4272
4273 4260 4259
4265 4282 4272
4282 4265 7451
27259 4254 27260
4267 27257 4260
4115 27261 4267
4269 27262 4268
27263 3995 4261
26999 4270 4271
4264 4279 4273
4275 4263 4274
4276 4263 4275
4277 4296 4276
4296 4277 4262
4272 4273 4279
26991 4265 4279
4237 4230 4229
3636 3635 4230
4264 3999 4279
4280 27250 27232
4251 27250 4280
27264 27069 27265
27069 27264 4266
4063 4281 27020
4272 4267 4260
4267 4272 4282
7450 4282 7451
4282 7450 4267
4283 4269 4268
4269 4283 4284
4265 26991 4283
27266 4115 4268
4286 27265 27070
27265 4286 27264
7417 27267 4016
27267 7417 27268
4290 4287 27269
27270 27271 4093
4285 4063 4142
27261 27272 4267
4267 7450 4115
4289 4252 27248
3990 4252 4289
3990 4290 27273
4290 27274 27273
27269 27274 4290
4228 27232 27246
27275 4254 4255
4254 4277 4255
4277 4254 4278
4262 4277 4278
4278 4261 4262
4261 3989 4262
3989 4261 3995
4295 4292 4004
4292 4295 4294
4293 4004 4292
4320 4346 27276
4295 4271 4294
4271 4295 26999
26983 26998 4295
4272 4279 4265
4296 4018 4263
4018 4296 4297
26990 4297 3989
26980 26990 3989
4036 27042 27036
27042 4036 4298
4300 27046 4041
27046 4300 27035
4035 27044 27277
27044 4035 4302
4304 27043 4042
27043 4304 27041
27252 4256 27278
27278 4256 27253
4257 27279 27253
27254 27279 4257
27256 27254 4258
27258 27255 4259
27275 27280 4254
27252 27275 4255
27258 4259 4260
27255 4258 4259
4264 4273 4274
4107 4101 4301
4108 4299 27281
4108 4107 4299
4099 4108 27281
4064 4110 4305
4110 4109 4305
4091 4317 4065
4306 27038 4308
27038 4306 4307
27081 4310 27259
4310 27081 4311
27282 4309 4090
27282 4090 27026
4263 4264 4274
4276 4296 4263
4261 4278 4310
4261 4310 4311
27263 4261 4311
27283 27263 4311
4091 4303 4100
4278 4254 4310
4310 4254 27259
27284 4271 4312
4294 4271 4021
4312 7442 27284
4340 4321 4322
4330 4322 4323
4331 4325 4314
4314 4326 4327
4114 27083 4117
4082 4315 4045
4325 4326 4314
4324 4330 4323
4330 4324 4313
4316 27277 27037
27277 4316 4035
27260 4254 27280
4090 4317 4091
27089 27088 27285
27286 4292 4318
4292 27286 4293
27109 4319 27287
4338 4319 27109
4321 27288 4322
27289 27290 4322
4323 27290 27291
4324 27291 27292
27293 4325 27294
27293 27295 4326
27295 27296 4326
4326 27297 4327
27297 4326 27296
4068 4329 27047
4329 4068 4112
27298 4324 27292
27107 4328 4083
4083 4050 4084
4009 4331 4314
26994 4340 4330
3993 4009 26997
3993 4331 4009
4331 3993 4313
4313 4325 4331
4325 4313 4324
27298 4325 4324
27294 4325 27298
27299 4320 27276
27299 27300 4320
27007 4086 4332
4086 27101 4332
27101 4086 4121
4333 4122 4334
4122 4333 27049
27301 27288 4321
4322 27288 27289
27076 4336 27078
4336 27076 27075
27019 4067 27302
4294 4335 4292
4051 4337 27302
27019 4337 27006
27302 4337 27019
27108 27303 4338
27303 27108 27304
27305 4338 27303
4339 27305 27306
27306 4008 4339
4008 27307 27308
4340 4346 4320
4345 4340 4320
4330 4340 4322
4088 27309 27310
4320 27311 4345
4343 4342 4341
4342 4343 4344
4088 27100 27309
27311 4320 27300
4321 27311 27301
27311 4321 4345
4321 4340 4345
26994 4346 4340
27276 4346 26994
4322 27290 4323
4323 27291 4324
4349 4084 4050
4085 4349 27114
27293 4326 4325
4106 4352 4351
4353 4104 4126
4104 4353 27094
4047 4135 4354
4135 4047 4133
27312 4355 4081
27102 4355 27312
27305 4339 4338
27307 4008 27306
4106 27110 4352
4351 27009 4106
4106 27009 27027
4357 4105 4356
27027 4357 4356
4357 27027 27029
4023 4131 4358
27313 4319 4008
4319 27313 27287
4077 27314 27315
27316 4145 27118
4361 27112 4362
27112 4361 4359
27314 4076 4360
4145 27316 27116
4076 27314 4077
27052 27083 4114
27317 4358 4131
27318 4145 27319
27319 4145 27320
27320 4145 27117
27308 27313 4008
27321 27313 27308
27322 27318 27323
27324 27318 27322
27325 27318 27324
27326 27318 27325
27327 27318 27326
27328 27318 27327
27329 27318 27328
27330 27318 27329
27331 27318 27330
27119 27318 27331
4145 27318 27119
4364 27139 27137
27139 4364 4198
4376 4363 4186
4365 27135 4162
27135 4365 27133
4163 27136 27140
27136 4163 4367
3632 27141 3634
27141 3632 4369
27332 27333 4371
27334 4371 4372
4373 27335 4372
4368 4185 4372
4371 4368 4372
3637 27336 4370
4371 3637 4370
4165 4373 4366
4373 4372 4366
4374 27337 3633
4374 27338 27339
27340 27341 4164
27122 4164 4375
4375 27342 27338
4374 4375 27338
27337 27343 3633
4374 27339 27337
27341 27342 4375
27341 4375 4164
27340 4164 27344
27122 27345 27344
27346 27345 27122
27335 4373 4376
27347 4376 4377
4378 26986 27348
27179 4378 27348
27181 3998 4378
27178 27231 4378
4164 27122 27344
27349 3991 27184
4397 27350 27351
27350 4397 4383
27350 4383 27186
27352 27353 4400
4401 27354 4388
27354 4401 4400
4385 4379 4386
4379 4385 4384
27353 27354 4400
27355 4409 27356
4386 27145 27143
27145 4386 4387
27356 4409 27357
4403 4389 4190
4389 4403 4402
4156 27146 27144
27146 4156 4390
4394 27168 27358
27168 4394 4392
4158 27358 4169
27358 4158 4394
4395 4393 4407
27170 4395 4406
4380 27359 27360
27361 4381 4382
4397 27362 4382
27363 27124 4398
4399 27364 4398
27365 27352 4400
4401 27365 4400
27365 4401 4402
4402 27366 27365
27366 4402 4403
4403 27367 27366
27367 4403 4404
27367 4405 27368
4405 27367 4404
4406 27368 4405
27368 4406 27369
4407 27369 4406
27369 4407 27370
4408 27370 4407
27370 4408 27371
4391 27372 4404
4391 4404 4403
27372 27170 4405
27372 4405 4404
4381 27373 27359
27361 27373 4381
27362 27361 4382
4397 27351 27362
4380 4381 27359
27374 4396 27360
4396 4380 27360
4396 27357 4409
4396 27374 27357
3991 4396 4409
27355 27184 4409
27124 27375 4187
4189 4399 4398
4253 26996 26984
4383 27188 27187
27376 4204 27151
27352 27377 27353
4376 4186 4377
27208 4410 27204
4410 26974 27378
27204 4410 27378
27379 27380 27224
27132 27131 4182
27379 27224 27220
4411 27155 4152
27155 4411 4412
4417 27381 4418
27381 4417 27382
27383 4413 4414
4413 27383 27384
4414 27385 27383
27385 4414 4415
27385 4415 4416
27128 27385 4416
4418 27128 4417
27371 4408 4419
27371 4419 4420
27386 27125 4421
27386 4421 4422
27384 27127 4423
27384 4423 4413
27387 27167 4427
27167 27387 27388
27129 27389 4424
27129 4426 27390
27391 4010 27392
4010 27229 27392
27220 27225 27393
4431 27211 4430
27211 4431 27212
4428 4429 27130
27220 27394 27221
27215 4225 27216
4225 27215 4433
27226 27220 27223
4432 4182 27131
27220 27393 27395
27213 4226 27227
4226 27213 4435
27130 4434 4177
27220 27395 27394
4179 27382 4417
4153 27158 27157
27158 4153 4436
4154 27154 27159
27154 4154 4438
4439 4179 4416
4415 4439 4416
4437 4181 4415
4437 4415 4414
27125 27396 4194
4421 4195 4422
4419 4170 4193
4442 3994 4443
26981 4443 3994
4150 3994 4441
4440 27397 27200
27397 4440 4441
27397 4441 27398
4442 27399 27398
27400 27399 4442
4443 27401 27400
4443 27402 27401
4444 27402 4443
4444 27403 27402
27199 3996 4440
27403 4444 27201
4418 27381 4175
4091 27023 27005
4417 27128 4416
4023 4358 26992
27404 4358 27317
4184 4180 27131
4358 27405 26992
4442 27398 4441
27400 4442 4443
27334 27332 4371
4371 27333 3637
4083 4082 4059
4064 4057 4092
4372 27335 27334
4358 27404 27405
27387 27406 27388
4445 4451 4447
4446 4445 4450
4446 4450 4452
4445 4446 4451
4453 27407 4454
27407 4453 27408
4456 4448 27409
4448 4456 4455
4458 4449 4457
4449 4458 27410
4459 27411 27412
27411 4459 27413
4453 27412 27408
27412 4453 4459
4456 27410 4458
27410 4456 27409
27414 27415 27416
27416 27417 27418
27415 27414 27419
27414 27420 27419
27416 27415 27417
4452 4450 27421
4460 4447 4451
4461 4460 4451
4460 4461 4463
4463 4461 4464
27422 4465 27423
4465 27422 27424
4466 27425 27426
27425 4466 27427
4462 4468 4467
4468 4462 27428
4469 27429 27430
27429 4469 27431
4465 27431 4469
27431 4465 27424
27428 4466 4468
4466 27428 27427
27432 27433 27434
27433 27435 27436
27434 27419 27432
27432 27419 27420
27433 27436 27434
4464 27437 4463
27438 4471 4472
4471 27438 27439
4473 27440 27441
27440 4473 4470
27442 27443 27444
27445 27446 27447
27448 27449 4474
27449 27448 27450
27451 27452 27453
27452 27451 27454
27455 27444 27443
27445 27456 27446
4480 4478 4477
4488 4486 4493
4486 4488 4481
4480 4522 4476
4482 4493 4487
4493 4482 4488
4487 4480 4477
4489 4482 4487
4482 4489 4483
4484 4528 4475
4481 4494 4491
4494 4481 4488
4488 4490 4494
4490 4488 4482
4483 4490 4482
4490 4483 4492
4487 4477 4489
4493 4480 4487
4494 4520 4491
4520 4490 4485
27457 4495 27458
4479 4527 27459
4495 27460 27461
4495 4479 27462
4495 27463 27464
27458 4495 27464
27465 4480 4476
4496 27466 27467
4496 27468 27466
27469 4496 27467
4496 27470 4525
4496 27471 27472
27471 4496 27469
27473 27474 4485
4499 4500 4519
4519 4500 4498
4506 4504 4507
4504 4506 4503
4503 4500 4523
4514 4503 4506
4503 4514 4513
4514 4505 4513
4505 4514 4508
4513 4498 4500
4511 4507 4510
4507 4511 4506
4515 4506 4511
4506 4515 4514
4515 4508 4514
4508 4515 4512
4501 4509 4526
4511 4521 4502
4515 4511 4502
4513 4500 4503
4513 4505 4498
4502 4524 4515
4516 27475 27476
4516 27477 27478
27479 4516 27478
4516 27480 4497
4517 27481 27482
27483 27484 4517
4518 4517 27485
4517 4518 27486
4517 27486 27483
4509 4501 27487
27488 27489 27490
27489 27488 27491
27488 27492 27493
27492 27488 27490
27494 27495 27496
27495 27494 27497
27491 27498 27489
27498 27491 27499
27479 27500 4516
27484 27481 4517
4490 4520 4494
27460 4495 27457
4511 4510 4521
27476 27477 4516
4493 4486 4522
4493 4522 4480
4523 4500 27501
4503 4523 4504
4527 4495 27461
27475 4516 27502
4495 27462 27463
4516 27500 27480
4480 27465 4478
27502 4516 4497
4500 4499 27501
4509 4524 4502
4515 4524 4512
27473 4490 4492
27473 4485 4490
4496 4525 27468
27482 27503 4517
4517 27503 27485
4526 4509 4502
27474 4528 4484
4495 4527 4479
27475 27502 27504
27473 4528 27474
4496 27472 27470
4539 4550 4544
4537 4548 4546
4538 4544 4545
4541 4552 4551
4552 4541 4542
27505 4553 27506
4553 27505 4533
4543 4549 27507
4549 4543 4536
4535 27508 27509
27508 4535 4547
4532 27509 27510
27509 4532 4535
4547 27511 27508
27511 4547 4534
27507 4532 27510
4532 27507 4549
4545 4548 4538
4538 4548 4537
4539 4544 4538
27512 4550 4540
4540 4550 4539
27513 27514 27515
27514 27513 27516
27517 27518 27519
27518 27517 27520
4556 4554 4557
4554 4556 4555
4558 27521 4559
27521 4558 27522
27523 27522 4558
27522 27523 27524
27525 4555 4556
4555 27525 27526
4554 4530 4557
4530 4554 4529
4531 27521 27527
27521 4531 4559
4566 4569 4575
4564 4571 4573
4565 4570 4569
4577 27528 4576
27528 4577 27529
27530 4578 27531
4578 27530 27532
4568 4574 4563
4574 4568 27533
27534 4562 27535
4562 27534 4572
27535 4560 27536
4560 27535 4562
27537 4572 27534
4572 27537 4561
27533 4560 4574
4560 27533 27536
4570 4565 4573
4565 4564 4573
4566 4565 4569
27538 4567 4575
4567 4566 4575
27539 27540 27541
27540 27539 27542
27543 27544 27545
27544 27543 27546
4579 4581 4582
4581 4579 4580
27547 4583 4584
4583 27547 27548
27548 27549 4583
27549 27548 27550
27551 4580 27552
4580 27551 4581
27553 4579 4582
4579 27553 27554
27547 27555 27556
27555 27547 4584
27557 4593 4588
27558 4592 4590
27559 4591 4589
27560 4594 27561
4594 27560 4586
27562 27563 27564
27563 27562 27565
4587 27566 27567
27566 4587 27568
27569 27570 27571
27572 27573 27574
27573 27572 27575
27570 27572 27574
27572 27570 27569
27575 27576 27573
27576 27575 27577
27566 27571 27567
27571 27566 27569
4589 4592 27559
27559 4592 27558
4588 4591 27557
27557 4591 27559
27578 4593 27579
27579 4593 27557
27580 27581 27582
27581 27580 27583
27584 27585 27586
27585 27584 27587
4595 27588 4596
27588 4595 27589
27590 27591 27592
27591 27590 27593
27594 27593 27590
27593 27594 27595
27596 27589 4595
27589 27596 27597
27588 4585 4596
4585 27588 27598
27599 27591 27600
27591 27599 27592
27601 4598 4603
27602 4600 4602
27603 4599 4601
4604 27604 27605
27604 4604 27606
27607 27608 27609
27608 27607 27610
4597 27611 27612
27611 4597 27613
27614 27615 27616
27617 27618 27619
27618 27617 27620
27616 27618 27614
27618 27616 27619
27621 27620 27617
27620 27621 27622
27615 27611 27613
27611 27615 27614
4599 27603 4602
27603 27602 4602
4598 27601 4601
27601 27603 4601
27623 27624 4603
27624 27601 4603
27625 27626 27627
27626 27625 27628
27629 27630 27631
27630 27629 27632
27633 4605 4606
4605 27633 27634
27635 27636 27637
27636 27635 27638
27638 27639 27636
27639 27638 27640
27641 27634 27642
27634 27641 4605
27643 27633 4606
27633 27643 27644
27635 27645 27646
27645 27635 27637
4608 4607 4609
4637 4623 4624
4623 4637 4636
4624 4608 4609
4608 4624 4623
4631 4610 4611
4610 4631 4634
4633 4635 4638
4635 4633 4632
4626 4612 4625
4612 4626 4615
4614 4625 4613
4625 4614 4626
4616 4619 4620
4618 4619 4617
4619 4618 4620
4627 4614 4613
4614 4627 4630
4629 4611 4610
4611 4629 4628
4617 4622 4618
4622 4617 4621
4615 4621 4612
4621 4615 4622
4630 4628 4629
4628 4630 4627
4634 4632 4633
4632 4634 4631
4638 4636 4637
4636 4638 4635
4642 4662 4663
4662 4642 4639
4663 4640 4641
4640 4663 4662
4644 4664 4665
4664 4644 4643
4665 4639 4642
4639 4665 4664
4646 4666 4667
4666 4646 4645
4667 4643 4644
4643 4667 4666
4648 4668 4669
4668 4648 4647
4669 4645 4646
4645 4669 4668
4649 4670 4671
4647 4671 4670
4671 4647 4648
4672 4641 4640
4641 4672 4657
4657 4650 4651
4650 4657 4672
4653 4659 4652
4659 4653 4658
4655 4658 4654
4658 4655 4659
4656 4655 4654
4660 4651 4650
4651 4660 4661
4652 4660 4653
4660 4652 4661
4691 4694 4692
4674 4683 4684
4683 4674 4673
4685 4681 4678
4681 4685 4682
4691 4690 4693
4690 4691 4692
4693 4673 4674
4673 4693 4690
4687 4679 4680
4679 4687 4688
4676 4686 4675
4686 4676 4689
4676 4675 4677
4680 4678 4681
4678 4680 4679
4684 4682 4685
4682 4684 4683
4688 4686 4689
4686 4688 4687
4719 4720 4700
4722 4699 4721
4701 4723 4721
27647 27648 4719
4711 5013 4714
5013 4711 5012
4697 4702 4704
4702 4697 4707
4715 4705 4718
4705 4715 4703
4704 4716 4717
4716 4704 4702
27649 4713 27650
4713 27649 4712
4695 27651 4708
27651 4695 27652
27653 4709 4710
4709 27653 27654
27654 4698 4709
4698 27654 27655
4708 27656 27657
27656 4708 27651
27658 27659 27660
4696 27661 27662
27663 27664 27665
27666 27667 27668
27665 27669 27663
4714 4712 4711
4712 4714 4713
4717 4715 4718
4715 4717 4716
27670 27666 27671
27669 27672 27660
27666 27670 27667
27660 27659 27669
27671 27661 27670
27673 27674 27675
27676 27677 27678
4969 4811 4970
4811 4969 4735
4779 4811 4784
4811 4779 4775
4811 4736 4726
4736 4811 4735
4785 4811 4726
4811 4785 4784
4790 4978 4808
4724 4778 4777
4737 4738 4799
4732 4735 4729
4735 4732 4736
4806 4973 4791
4808 4977 4786
4741 4746 4748
27679 4765 4767
4765 27679 27680
27680 27681 4744
4728 4767 4754
4728 4752 4755
4727 4741 4748
4756 27682 27683
4757 4745 4756
4727 4757 4758
4727 4758 4741
4757 4727 4745
4756 4745 27682
4760 4747 4749
4741 4761 4746
4765 4750 4751
4765 4766 4742
5028 4764 4724
4750 4765 4744
4765 4751 4766
4731 4759 4760
4761 4731 4746
4731 4749 4746
4730 4733 4734
27684 4767 4728
4767 27684 27679
4767 4742 4753
4767 4765 4742
4767 4753 4754
27685 4989 4768
27685 4768 4996
27686 27685 4996
4752 4728 4754
4765 27680 4744
4763 4743 4776
4776 5028 4777
5028 4776 4743
4769 4734 4733
4770 4734 4769
4735 4818 4729
4805 4773 4772
4805 4771 4773
4731 4760 4749
4733 4730 4724
4813 4724 4730
4724 4813 4778
4771 4805 4812
4775 4779 4827
4805 4817 5015
4729 4772 4788
4974 4789 4782
4789 4974 4806
4737 4783 4738
4799 4738 4787
4739 4737 4740
4725 4796 4797
4793 4725 4795
4783 4803 4794
4739 4804 4800
4737 4799 4740
4740 4799 4787
4737 4739 4800
4783 4737 4802
4801 4725 5005
4725 4801 5002
4725 4792 4795
4792 4725 4797
4725 4793 5006
4725 5001 4796
4783 4802 4803
4739 4798 4804
4772 4729 4805
4806 4781 4789
4781 4806 4732
4791 4732 4806
4732 4791 4736
4788 4781 4732
4788 4732 4729
4790 4726 4736
4726 4790 4808
4807 4726 4808
4726 4807 4785
4734 4816 4820
4770 4771 4812
4809 4770 4812
4809 4734 4770
4734 4809 4816
4733 4724 4764
4780 4814 4815
4814 4813 4730
4730 7672 7673
5028 4724 4777
4775 4810 4826
4820 7672 4730
4730 4734 4820
4812 5015 5014
4821 4805 4729
4775 4824 4823
4811 4822 4970
4775 4823 4822
4811 4775 4822
4818 4821 4729
4821 4817 4805
4826 4819 4775
4825 4981 4775
4819 4825 4775
4810 4775 4827
5007 27687 27688
27687 5007 4829
27688 27689 4828
27690 27691 27692
27693 27691 27690
4828 27689 27694
27692 5003 27690
4828 5008 27688
4860 27695 27696
27695 4860 27697
27698 4861 27699
4861 27698 4831
4994 4987 4993
4987 4994 4985
4992 27700 27701
27700 4992 4990
27702 4991 4862
4991 27702 27703
4988 27704 4863
27704 4988 4986
4833 4866 4865
4866 4833 4832
4868 27705 4867
27705 4868 27706
4870 5030 5032
5030 4870 4834
27707 4871 4872
4871 27707 27708
4835 4870 4873
4870 4835 4834
4838 4873 4876
4873 4838 4835
4878 4839 4877
4839 4878 4840
4880 27709 4879
27709 4880 27710
4842 4882 4881
4882 4842 4841
27711 4884 4883
4884 27711 27712
27709 4860 4879
4860 27709 27697
4831 4881 4861
4881 4831 4842
4882 4845 4885
4845 4882 4841
27713 4880 4886
4880 27713 27710
27714 27715 4983
27716 4888 27717
4888 27716 27718
4871 26628 3621
26628 4871 27708
27718 4889 4888
4889 27718 27719
4890 27720 4891
27720 4890 27721
27722 4892 4893
4892 27722 27723
27724 4872 4894
4872 27724 27707
4895 27721 4890
27721 4895 27725
27726 4897 4896
4897 27726 27727
4885 4997 4869
4997 4885 4845
27712 4886 4884
4886 27712 27713
4897 27728 4898
27728 4897 27727
4899 27706 4868
27706 4899 27729
27719 4895 4889
4895 27719 27725
4891 27730 27731
27730 4891 27720
27723 4894 4892
4894 27723 27724
27732 4883 27733
4883 27732 27711
4848 4887 4900
4887 4848 4846
4867 27722 4893
27722 4867 27705
27734 4899 27735
4899 27734 27729
4901 27736 27737
27736 4901 4849
4902 4849 4901
4849 4902 4850
4903 4850 4902
4850 4903 4851
4904 4851 4903
4851 4904 4852
4905 4852 4904
4852 4905 4853
4855 4906 4907
4906 4855 4854
4856 27738 4908
27738 4856 27739
4857 4908 4909
4908 4857 4856
4910 4857 4909
4857 4910 4858
4877 4859 4911
4859 4877 4839
4875 4840 4878
4840 4875 4836
5031 4874 5033
4874 5031 4837
5000 4865 4864
4865 5000 4833
4832 4876 4866
4876 4832 4838
4911 4858 4910
4858 4911 4859
4995 27740 27741
27740 4995 27742
27743 4995 27744
4995 27743 27742
4854 4905 4906
4905 4854 4853
4999 4864 4912
4864 4999 5000
4997 4913 4869
4913 4997 4998
4844 4915 4914
4915 4844 4843
4998 4916 4913
4916 4998 4847
4843 4912 4915
4912 4843 4999
4916 27745 27746
27745 4916 4847
27747 4917 4918
4917 27747 27748
4762 4919 4920
4919 4762 27749
4922 27750 4921
27750 4922 27751
4923 27751 4922
27751 4923 27752
27753 4924 4925
4924 27753 27754
27755 4926 4927
4926 27755 27756
4919 27757 4928
27757 4919 27749
27756 4920 4926
4920 27756 4762
27758 4929 4930
4929 27758 27759
4929 27752 4923
27752 4929 27759
4921 27755 4927
27755 4921 27750
27760 4931 27761
4931 27760 27762
27762 4932 4931
4932 27762 27763
4932 27764 4933
27764 4932 27763
27764 4934 4933
4934 27764 27765
4934 27766 4935
27766 4934 27765
4975 27767 27768
27767 4975 27769
27770 4937 4936
4937 27770 27771
27771 4938 4937
4938 27771 27772
4938 27773 4939
27773 4938 27772
4917 27758 4930
27758 4917 27748
4924 27747 4918
27747 4924 27754
4940 27774 4976
27774 4940 27775
4941 27775 4940
27775 4941 27776
27777 27778 4942
27778 27777 27779
27780 4980 4943
4980 27780 27781
27782 4942 4979
4942 27782 27777
4939 27783 27784
27783 4939 27773
4935 27785 4944
27785 4935 27766
27786 4945 27787
4945 27786 7675
27788 4946 4966
4946 27788 27789
4947 27790 4948
27790 4947 27791
4949 27791 4947
27791 4949 27792
27792 4972 27793
27794 4951 4950
4951 27794 27795
27796 4950 4952
4950 27796 27794
7674 27797 4953
27797 7674 27798
4954 27796 4952
27796 4954 27799
4953 27800 4955
27800 4953 27797
4964 27799 4954
27799 4964 27801
27800 4963 4955
4963 27800 27802
27803 4971 4956
4971 27803 27804
27789 4956 4946
4956 27789 27803
4948 4774 4965
4774 4948 27790
27795 4936 4951
4936 27795 27770
27805 4945 27806
4945 27805 27787
27807 27808 27809
27810 27811 27812
27811 27810 27813
27813 27810 27814
27815 27816 27817
27818 27819 27815
27820 27819 27818
27821 27820 27822
27808 27823 27822
27821 27822 27823
27824 27825 27826
27825 27824 27827
27826 27828 27829
27829 27830 27831
27832 27831 27830
27833 27834 27832
27835 27836 27833
27835 27837 27836
27838 27837 27839
27837 27838 27840
27841 27838 27842
27843 27844 27845
27846 27847 4984
27848 27849 27843
27847 27849 27848
27842 27845 27844
27839 27837 27835
27807 27850 27851
27835 27850 27852
27850 27835 27851
27853 27809 27854
27855 27854 27809
27856 27857 27858
27857 27856 27855
27858 27859 27860
27859 27858 27857
27861 27862 27863
27862 27861 27864
27865 27861 27863
27861 27865 27866
27867 27866 27865
27866 27867 27868
27860 27868 27867
27868 27860 27859
27869 27842 27870
27842 27869 27871
27872 27870 27873
27870 27872 27869
27874 27873 27875
27873 27874 27872
27876 27875 27877
27875 27876 27874
27878 27876 27877
27876 27878 27879
27880 27878 27881
27878 27880 27879
27848 27843 27845
27882 27883 27884
27883 27882 27885
27886 27885 27887
27885 27886 27883
27888 27889 27890
27891 27892 27893
27894 27895 27896
27881 27897 27898
27899 27881 27898
27894 27898 27897
27900 27893 27892
27893 27900 27901
27880 27881 27902
27903 27902 27899
27902 27903 27904
27853 27807 27809
27905 27903 27906
27903 27905 27904
27907 27906 27908
27906 27907 27905
27909 27908 27910
27908 27909 27907
27881 27899 27902
4968 27911 4957
27911 4968 27912
27913 4958 4830
4958 27913 27914
4959 27915 27916
27915 4959 27917
27918 4967 27919
27920 27921 27922
27862 27923 27924
27925 27922 27924
27926 27927 27928
4961 27929 4960
27929 4961 27930
4962 27931 27932
27931 4962 27933
27934 4961 27935
4961 27934 27930
27936 4962 27937
4962 27936 27933
27864 27923 27862
27923 27864 27938
27939 27940 27941
27940 27909 27910
27909 27940 27939
27942 27943 27944
27945 27946 27947
5016 27901 27900
27802 27948 4963
27948 27802 27949
4982 27801 4964
27801 4982 27950
5017 27788 4966
27788 5017 27951
4965 27950 4982
27950 4965 4774
27921 27918 27952
27952 27918 27919
27953 27954 27955
27954 27953 27956
4968 27957 27912
27957 4968 27958
27921 27920 27918
27959 27960 27961
27960 27959 27962
27946 27945 27963
27964 27965 27966
27965 27964 27967
27968 27969 27970
27969 27968 27971
27972 27973 27974
27973 27972 27975
27976 27977 5004
27977 27976 27978
4967 27926 27928
27954 27979 27980
27979 27954 27956
4969 4818 4735
27804 27793 4971
4971 27793 4972
27792 4949 4972
27888 27887 27889
27887 27888 27886
4775 27981 4824
27922 27925 27920
27927 27926 27982
27928 27919 4967
4976 27769 4975
27769 4976 27774
4979 27781 27782
27781 4979 4980
4973 4806 4974
4977 4808 4978
27924 27923 27925
27927 27982 27983
4775 4981 27981
27901 5016 27984
27985 27884 27984
4983 4887 4846
4983 27715 27986
4984 27847 27848
4983 27986 4887
4728 27987 27988
27989 4728 4755
27990 27991 27992
4988 4985 4986
4985 4988 4987
27987 4728 27989
27993 27685 27994
27843 27995 27844
27995 27843 27996
27995 27991 27990
4992 27703 4990
27703 4992 4991
4989 27685 27993
27990 27992 27997
27996 27991 27995
27997 27992 27998
27999 4993 28000
4993 27999 4994
4728 27988 27684
27842 27844 27841
27840 27838 27841
27675 28001 28002
28001 27675 28003
27675 28004 27673
28004 27675 28002
27678 28005 28006
28005 27678 27677
27678 28001 28003
28001 27678 28006
27673 28007 28008
28007 27673 28004
27823 27808 27807
27855 27856 27854
28009 28010 27692
28010 28009 28011
5004 27966 27965
27966 5004 27977
27969 27975 27970
27975 27969 27973
5001 4725 5002
5003 27692 28010
5005 4725 5006
5007 27688 5008
27820 27821 27819
28012 27677 28013
27677 28012 28005
27672 27669 27665
28014 3623 5009
28015 28016 5010
28016 28014 5009
28017 5010 5011
28008 28017 5011
28017 28008 28007
4697 28018 4707
5012 28019 5013
28019 5012 4706
27662 27661 27671
27826 27825 27828
27829 27828 27830
27832 27834 27831
27647 4719 4700
4721 4699 4701
5014 4809 4812
27884 27985 27882
5017 27949 27951
27949 5017 27948
5016 27985 27984
5018 28020 28021
28020 5018 5019
5020 28022 5021
28022 5020 28023
28022 28024 5021
28021 28012 28013
5019 28024 28020
28024 5019 5021
28025 28019 4706
28021 28013 5018
28026 28027 5022
5024 28026 5022
28026 5024 28028
28029 28030 5025
28031 28032 5026
5025 28033 5024
28033 5025 28030
28032 28029 5026
28033 28028 5024
28034 28031 5027
28027 28035 5023
4743 28036 5028
4764 5028 28036
27807 27853 27850
27833 27836 27834
27839 27835 27852
4808 4786 4807
27818 27815 27817
27814 27810 27816
27814 27816 27815
5027 28037 28034
28037 5027 28038
5029 28023 5020
28023 5029 28039
28040 27923 27938
5033 5030 5031
5030 5033 5032
28041 28040 27947
5029 28042 28039
27947 27946 28041
5026 28029 5025
5027 28031 5026
4812 4805 5015
5022 28027 5023
28014 26951 3623
5010 28016 5009
28017 28015 5010
26952 28043 3624
28044 5035 5034
3624 28044 5034
28044 3624 28043
28045 28046 28047
28046 28048 5036
28048 28049 5037
28049 28050 5037
28050 28051 5038
5039 28052 5040
28052 5039 28053
28051 5039 5038
28054 28055 5041
5042 28056 28057
28056 5042 28058
5043 28057 28059
28057 5043 5042
5044 28059 28060
28059 5044 5043
5041 28061 28054
28061 5041 5045
5045 28060 28061
28060 5045 5044
28044 28062 5035
28047 28046 5036
5036 28048 5037
28051 28053 5039
5037 28050 5038
27942 27941 27943
5204 5070 3628
5049 5085 5206
5057 5086 5205
5467 28063 28064
5207 5083 5084
28065 5063 5062
5063 28065 28066
28066 5064 5063
5064 28066 28067
28067 5069 5064
5069 28067 28068
5060 3625 3627
5054 5058 5060
28069 5056 5059
28069 5075 5056
28070 5052 5046
5068 5082 5067
5082 5068 5081
28071 5083 5051
5083 28071 28072
5352 28073 5061
5310 26985 28074
5435 28075 5055
26985 5310 26987
7415 5072 5288
5347 5344 7432
5303 7428 5301
5346 7433 5074
5047 5309 28076
5060 28077 5054
28078 5354 5075
28078 5075 28069
5059 5056 28079
5327 5328 5369
5078 5077 5328
5349 5079 5392
5079 5349 5375
5392 5078 5351
28068 5080 5069
5080 28068 28080
28081 5050 28082
28074 28083 28084
28083 28074 5071
5071 5062 28083
5062 5071 28065
28081 28085 5050
28086 5352 28087
5060 5293 5294
3625 5294 3636
5058 5297 5293
5354 5319 5353
5319 5354 5046
5056 5336 28079
5075 5321 5056
5321 5075 5320
5118 5151 5173
28088 28089 7437
5149 28090 5199
28091 5149 5167
5165 28092 28093
28092 5165 5164
5147 28094 5148
28095 5146 5394
5144 28096 5145
5140 28097 5141
5126 5193 5412
5135 28098 5136
5133 28099 5134
28099 5132 28100
5132 28099 5133
28100 5132 5131
28097 5142 5141
28101 5153 28102
5153 28101 5154
5203 28103 28102
27015 5155 28104
5155 27015 3631
28104 5154 28101
5154 28104 5155
28096 5144 5389
28105 5140 5139
28096 5142 28097
5132 5130 5131
5130 5132 5106
5106 5133 5417
5136 5128 5135
5128 5136 5105
5137 5189 5105
5126 5138 5103
5372 28106 5139
5116 5102 5139
5107 5385 5140
5142 5406 5141
5142 5143 5178
5101 28107 5124
5394 5146 5123
5374 5366 5147
5164 5356 5100
5121 5167 5149
5114 5149 5342
5338 5150 5113
28108 5345 7418
5112 7437 28089
5112 28089 7431
28089 5111 7414
28109 5151 5118
5173 5300 5118
5152 5307 5109
5110 5153 5154
5154 5290 5110
5155 5292 5119
5109 5173 5152
28110 5158 5157
5157 5159 5160
5158 28092 5164
28092 5158 28111
5148 28110 5157
5157 5160 5360
5358 5164 5100
5342 5149 5199
5136 28098 5137
28106 28105 5139
28112 5147 28113
5123 5146 7440
5123 5108 5394
5162 5413 5197
28114 5163 5413
28115 28116 5414
5135 5408 28098
5414 5129 28115
5129 5414 5162
5128 5408 5135
5408 5128 5409
5166 5165 28093
5156 5165 5166
5167 28117 28091
5166 5362 5156
5295 5117 5089
5117 5295 5296
5117 5091 5089
5091 5117 28118
28119 5090 5289
5090 28119 28120
28121 3629 5291
3629 28121 3630
28122 5093 5357
5093 28122 28123
28124 5364 28125
5364 28124 5373
28126 5096 5095
5096 28126 28127
5361 28126 5095
28126 5361 28128
5355 5115 5094
5115 5355 28129
5115 5099 5094
5099 5115 28130
28131 5097 5359
5097 28131 28132
28132 5098 5097
5098 28132 28133
28134 5168 5386
5168 28134 28135
5404 5179 5405
5179 5404 28136
28137 5405 5407
5405 28137 5404
28138 5169 5170
5169 28138 5125
5171 28138 5170
28138 5171 28139
28135 5407 5168
5407 28135 28137
5299 28140 5088
28140 5299 28141
28142 5087 28143
5087 28142 28144
28145 28146 28147
28146 28145 28148
28149 7429 28150
7429 28149 28151
7435 28150 28152
28150 7435 28149
28153 28154 28155
28154 28153 7434
28156 5073 7455
5096 28157 5343
28157 5096 28127
28158 5152 5173
5151 28158 5173
28079 5340 5341
5167 5166 28117
7449 5363 7447
5363 7449 5365
7448 7441 28159
7441 7448 7446
28160 28161 28162
28161 28160 28163
28164 28165 28166
28165 28164 5393
5401 28167 5076
28167 5401 5399
5368 28168 28169
5391 5195 5196
5195 5391 5390
5174 28170 28171
28172 5175 5176
5175 28172 28173
5370 28082 5050
28082 5370 5387
5360 5122 5148
5158 5159 5157
5158 5358 5159
5175 28173 5177
28170 5174 28174
5371 5066 5384
28175 28166 28176
28166 28175 28164
5088 28177 5304
28177 5088 28140
5104 5180 5411
5181 28178 5191
28178 5181 28179
5182 28179 5181
28179 5182 28180
5410 28180 5182
28180 5410 28181
5185 28182 5184
28182 5185 28183
5184 28184 5198
28184 5184 28182
5186 28185 5194
28185 5186 5127
5187 5127 5186
5127 5187 5104
5180 5104 5187
5191 5190 5192
5190 5191 28178
5142 28096 5143
5140 28105 28097
28172 5194 28185
5194 28172 5176
5398 5196 5195
5196 5398 5400
5145 28186 28187
5144 28188 5389
28188 5144 28187
28187 5144 5145
5166 28093 28117
5193 28189 5412
28190 28189 5193
28191 28189 28190
28192 5137 28193
5189 5137 28192
5105 5136 5137
5412 5138 5126
5116 5140 28194
5395 5376 5396
28195 28196 5395
5396 5376 5065
5106 5132 5133
5183 28184 5161
28184 5183 5198
5197 5163 28197
5197 5413 5163
28111 5158 28110
5199 28090 5150
5120 5199 5150
5418 28183 5200
28183 5418 5416
5419 28198 28199
28198 5419 5201
28200 28198 5201
28183 5185 5200
5178 28201 5142
28202 28203 5202
28204 28202 5202
28205 28206 5202
5203 28102 5153
5152 28103 5203
5153 28207 5203
28208 28106 5372
5204 3628 3626
28209 5070 5204
5205 5086 28210
5206 5086 5057
5205 28210 5048
5206 5085 5086
5207 5084 5053
5051 5083 5207
28071 5500 5501
5051 5498 5499
5207 5497 5498
5497 5207 5053
5437 5205 5048
5453 5437 5048
5454 5206 5439
5206 5454 5049
5057 5439 5206
5439 5057 5438
5049 5454 5440
5204 5431 5432
5204 3626 5431
5429 5423 5242
5428 5425 5245
5243 5434 5223
5420 5430 5433
5430 5420 5222
5455 5224 5244
28211 5455 5244
5427 5428 5245
5246 5456 5225
5246 5224 5455
5445 5459 5446
5459 5445 5458
5247 5460 5448
5227 5465 5476
5465 5227 5249
5477 5228 5250
5476 5477 5250
5478 5229 5251
28212 5478 5251
5252 5479 5230
5478 5252 5229
5231 5480 5470
5480 5231 5253
28213 5480 5253
5480 28213 28214
5240 5471 5494
28215 5232 5475
28216 5483 5481
28217 5491 5486
28217 5485 5233
5237 28218 5489
5239 28219 5235
5231 5471 5240
5471 5231 5470
5472 5496 5238
5241 28217 28218
28217 5241 5234
28220 5218 5422
5218 28220 28221
5424 28222 5219
28222 5424 28223
28221 5421 5218
5421 28221 28224
5255 28225 5256
28225 5255 28226
5426 28227 5220
28227 5426 28228
28229 5436 5257
5436 28229 5441
28230 5443 5442
5444 28231 5213
28231 5444 28232
28233 5214 5447
5214 28233 5248
5248 5215 5214
5215 5248 5226
5217 28234 5258
28234 5217 28235
5258 28236 5259
28236 5258 28234
5259 28237 5260
28237 5259 28236
5474 5236 5473
28238 5262 5261
5262 28238 28239
28239 5212 5262
5212 28239 28240
28241 5209 5495
5209 28241 28242
28243 5263 5208
5212 28244 5210
28244 5212 28240
28245 5211 5493
5211 28245 28246
5469 5208 5468
5208 5469 5254
5264 28247 5265
28247 5264 28248
28247 5266 5265
5266 28247 28249
28249 5267 5266
5267 28249 28250
28250 5268 5267
5268 28250 28251
28252 5482 5269
5482 28252 28253
5482 28254 5484
28254 5482 28253
5450 5464 5271
28255 5216 5449
5216 28255 28256
5462 5463 28257
5464 5465 5271
28256 5217 5216
5217 28256 28235
28258 5263 28243
28243 5208 5254
28259 5276 28260
28261 5273 5272
5273 28261 28262
5273 28263 5274
28263 5273 28262
5274 28264 5275
28264 5274 28263
28265 28266 5435
28267 28266 28265
28268 5055 28269
5432 28209 5204
5431 3626 3633
28270 28229 5257
28271 5466 5048
28259 5272 5276
5272 28259 28261
28269 5055 28272
28273 28274 5440
28274 28275 28276
5260 28237 5277
28248 5264 28277
28278 28279 28280
28281 28282 28064
5205 5438 5057
5438 5205 5437
5464 5452 5463
5465 5249 5271
28283 28284 28285
28286 28287 5497
5501 28288 28071
28288 28289 28071
5268 28251 5278
28290 28291 28292
28293 28283 28285
28282 28294 28064
28294 28295 28064
28295 28296 28292
28296 28290 28292
5487 28297 28298
28297 5487 5279
5492 28299 28300
28299 5492 5488
5490 28301 28302
28301 5490 5281
28303 28304 5282
5283 28305 5280
5280 28301 5281
28301 5280 28305
28306 28307 28308
28308 28309 28310
28310 28311 28308
28312 28313 28308
28305 5283 28314
28297 5279 5284
28315 28306 28308
28316 5068 5067
5068 28316 5270
5270 28317 5068
5435 28268 28318
28295 5467 28064
5285 28319 5337
5286 5297 5298
28320 5286 28321
5287 5286 28322
3635 5287 28323
28321 5298 28324
28325 28326 5348
28326 28325 28327
5285 5058 5348
28325 5348 5058
5303 5301 7415
28118 5289 5091
5289 28118 28119
28120 5291 5090
5291 28120 28121
28323 5287 28328
3635 28323 27242
28322 5286 28320
5287 28322 28328
5119 5290 5155
5155 5290 5154
27243 5292 3631
3631 5292 5155
5294 5293 5286
3636 5294 5287
5293 5297 5286
5305 5296 5295
5296 5305 5306
5058 5285 5297
5298 5285 5308
5298 5308 28324
28329 28207 5153
5203 28207 28330
28331 5285 5348
28144 5299 5087
5299 28144 28141
5348 28326 28331
28332 5302 28333
5302 28332 7430
5058 5293 5060
5286 5298 28321
28334 5303 5288
28177 5305 5304
5305 28177 5306
5285 5298 5297
5152 5203 5307
5337 5308 5285
28324 5308 28335
28335 5308 28336
5110 28329 5153
5307 5203 28330
5300 5173 5109
5346 5303 28334
28337 5309 28334
28076 5309 28337
5060 3627 28077
5060 5294 3625
28338 5313 5312
5313 28339 5314
28340 5315 5314
28341 5315 28342
28343 5317 28344
5333 5312 5313
5312 5333 5334
5332 5313 5314
5313 5332 5333
5332 5315 5331
5315 5332 5314
5331 5316 5330
5316 5331 5315
5330 5317 5329
5317 5330 5316
5322 5329 5339
7453 5340 5322
28345 28346 5311
5324 28343 28347
5172 5324 28348
5325 5323 28349
28350 5318 5052
28087 5328 5327
5321 5330 5336
5332 5331 5320
5333 5332 5320
5353 5334 5333
5334 5353 5319
5329 5336 5330
28079 5336 5322
5294 5286 5287
3636 5287 3635
5321 5336 5056
5337 28319 28336
5308 5337 28336
28351 28352 28353
28352 28351 28354
5120 5150 5338
5324 5329 5317
5329 5324 5339
7453 5325 5340
5325 7453 7452
5326 5340 5325
5340 5326 5341
5322 5340 28079
5323 5325 5172
5343 28354 28351
28354 5343 28157
28355 28155 7419
28155 28355 28153
28356 5344 5347
5345 28108 28357
5199 5120 5342
28348 5324 28347
5172 5325 7452
28334 5309 5346
5347 5346 5047
5047 28358 5347
5347 28358 28359
28359 28360 28356
5285 28331 28319
28361 5312 5311
5334 5311 5312
5311 5334 5335
5319 5335 5334
5335 5319 5318
5046 5318 5319
5318 5046 5052
5349 5352 5061
5352 5349 5351
5350 5349 5061
5377 28362 5403
5328 5352 5351
5352 5328 28087
28073 5352 28086
5329 5322 5336
5075 5353 5320
5353 5075 5354
28078 5046 5354
28070 5046 28078
5093 28129 5355
28129 5093 28123
28133 5357 5098
5357 28133 28122
5092 28131 5359
28131 5092 28363
28130 5361 5099
5361 28130 28128
28338 28364 5313
28364 28339 5313
5314 28339 28365
28340 5314 28365
28342 5315 28340
28344 5316 28341
28361 5311 28366
28338 5312 28361
28344 5317 5316
28341 5316 5315
5321 5331 5330
5164 5358 5158
5165 28367 5356
5165 5356 5164
5156 28367 5165
5121 5362 5167
5167 5362 5166
5148 5122 5374
28125 5363 5365
5363 28125 5364
28368 5367 5368
5367 28368 28345
28369 5147 5366
28369 28113 5147
5320 5331 5321
5333 5320 5353
5318 5367 5335
5318 5368 5367
28350 5368 5318
28168 5368 28350
5148 5157 5360
5335 5367 5311
5367 28345 5311
5328 5077 28370
5351 5078 5328
28370 28371 5369
5397 5379 5378
5387 5380 5379
5388 5371 5382
5371 5384 5383
5171 5174 28171
5139 5102 5372
5382 5371 5383
5381 5387 5370
5387 5381 5380
5373 28363 5092
28363 5373 28124
28346 28366 5311
5147 5148 5374
28176 28372 28175
28373 5349 5350
5349 28373 5375
28196 28374 5376
5395 28196 5376
5378 5379 28375
28376 5379 28377
5380 28378 28377
5381 28379 28378
28380 28381 5382
28380 5383 28382
28382 5383 28383
5383 28384 28383
28384 5383 5384
5125 5386 5169
5386 5125 28134
28385 28379 5381
28194 5140 5385
5140 5141 5107
5066 5371 5388
28082 5387 5397
5050 28085 5066
5388 5050 5066
5050 5388 5370
5382 5370 5388
5370 5382 5381
28385 5381 5382
28381 28385 5382
28386 28362 5377
28386 5377 28387
28096 5389 5143
5143 28188 5178
28188 5143 5389
5390 5179 28136
5179 5390 5391
28388 5378 28375
5379 28376 28375
5393 28162 28165
28162 5393 28160
28107 28389 5124
5351 5349 5392
5108 28389 5394
28107 28095 5394
28389 28107 5394
28390 28195 5395
28195 28390 28391
28392 28390 5395
5396 28393 28392
28393 5396 5065
5065 28394 28395
5397 5377 5403
5402 5377 5397
5387 5379 5397
5145 28396 28397
5377 5402 28398
5400 5399 5401
5399 5400 5398
5145 28397 28186
28398 28387 5377
28398 5378 28388
5378 28398 5402
5378 5402 5397
28082 5397 5403
28362 28082 5403
5379 5380 28377
5380 5381 28378
5406 5107 5141
5142 28201 5406
28380 5382 5383
5163 5408 5409
5410 5161 28181
5161 5410 5183
5104 5192 5190
5192 5104 5411
28399 5138 5412
28189 28399 5412
28392 5395 5396
28395 28393 5065
5163 5409 28197
5408 5163 28098
5163 28114 28098
5414 5413 5162
5414 28114 5413
28114 5414 28116
5080 5415 5188
5376 28400 5065
28400 5376 28374
5134 28401 28402
28403 28205 5202
28199 5418 5419
5418 28199 5416
28402 5417 5133
5202 28203 28403
5133 5134 28402
28139 5171 28171
28404 5188 5415
28405 28406 5202
28406 28407 5202
28407 28204 5202
28394 5065 28400
28408 28394 28400
28409 28410 28405
28411 28409 28405
28412 28411 28405
28413 28412 28405
28414 28413 28405
28415 28414 28405
28416 28415 28405
28417 28416 28405
28418 28417 28405
28206 28418 28405
5202 28206 28405
5421 28226 5255
28226 5421 28224
5433 5243 5420
28222 5422 5219
5422 28222 28220
5220 28223 5424
28223 5220 28227
28419 28228 5426
28228 28419 28420
28421 5428 27333
28422 5429 5428
5430 5429 28423
5425 5429 5242
5428 5429 5425
3637 5427 27336
5428 5427 3637
5222 5423 5430
5430 5423 5429
5431 3633 28424
5431 28425 28426
28427 5221 28428
28209 5432 5221
5432 28426 28429
5431 28426 5432
28424 3633 27343
5431 28424 28425
28428 5432 28429
28428 5221 5432
28427 28430 5221
28209 28430 28431
28432 28209 28431
28423 5433 5430
28433 5434 5433
5435 28434 28075
28266 28434 5435
28268 5435 5055
28265 5435 28318
5221 28430 28209
28435 28271 5048
28436 5454 28437
5454 28436 5440
28436 28273 5440
28438 5457 28439
5458 28440 5457
28440 5458 5445
5436 5442 5443
5442 5436 5441
28439 5457 28440
28441 28442 5466
28232 5443 28230
5443 28232 5444
28442 28443 5466
5446 5460 5247
5460 5446 5459
5213 28233 5447
28233 5213 28231
5451 28255 5449
28255 5451 28444
5215 28444 5451
28444 5215 5226
5452 5464 5450
28257 5463 5452
5437 28445 28446
28447 5439 5438
5454 5439 28448
28449 5455 28211
5456 5455 28450
28451 5457 28438
5458 5457 28451
28451 5459 5458
5459 28452 5460
28452 5459 28451
28453 5460 28452
5460 28453 5461
28453 5462 5461
5462 28453 28454
28454 5463 5462
5463 28454 28455
28455 5464 5463
5464 28455 28456
28456 5465 5464
5465 28456 28457
5448 5461 28458
5448 5460 5461
28458 5462 28257
28458 5461 5462
5438 28446 28459
28447 5438 28459
28448 5439 28447
5454 28448 28437
5437 28446 5438
28460 28445 5453
5453 28445 5437
5453 5466 28443
5453 28443 28460
5048 5466 5453
28441 5466 28271
28211 5244 28461
5246 5455 5456
5310 28074 28084
5440 28274 28276
28462 28238 5261
28438 28439 28463
5433 5434 5243
28295 28292 5467
5467 28464 28063
28292 28464 5467
28465 28311 28466
28219 5239 28218
28465 28308 28311
28242 5468 5209
5468 28242 5469
5474 28467 28468
28467 5474 5475
5470 28469 5471
28469 5470 28470
28471 5471 28469
5471 28471 5472
28471 5473 5472
28215 5473 28471
5475 5474 28215
28457 5476 5465
28457 5477 5476
28472 5478 28212
28472 5479 5478
28470 5480 28214
28470 5470 5480
28254 28473 5484
28473 28254 28474
28216 5481 28475
28216 28476 5483
28477 28478 5067
5067 28478 28316
28308 28479 28312
5488 28298 28299
28298 5488 5487
5485 28217 5486
28308 28307 28480
5282 28302 28303
28302 5282 5490
28313 28309 28308
5489 28218 5239
28308 28481 28479
5283 28300 28314
28300 5283 5492
28217 5234 5491
28308 28480 28481
5236 5474 28468
5210 28245 5493
28245 5210 28244
5211 28241 5495
28241 5211 28246
5496 5473 5236
5472 5473 5496
5494 5472 5238
5494 5471 5472
28212 5251 28482
5478 5479 5252
5476 5250 5227
5499 5500 5051
28071 5051 5500
5207 5498 5051
28483 5497 28287
5497 28483 5498
28483 28484 5498
5499 28484 28485
28486 5499 28485
5500 28486 28487
5500 28487 28488
5501 5500 28488
5501 28488 28489
28286 5497 5053
28489 28288 5501
5475 5232 28467
5148 28094 28110
5474 5473 28215
5080 28080 5415
28490 28404 5415
5241 28218 5237
5415 28080 28491
5499 5498 28484
28486 5500 5499
28422 5428 28421
5428 3637 27333
5140 5116 5139
5121 5149 5114
5429 28422 28423
5415 28491 28490
28473 28474 28492
5502 5504 5508
5503 5507 5502
5503 5509 5507
5502 5508 5503
28493 5510 5511
5510 28493 28494
5513 5505 5512
5505 5513 28495
5506 5515 5514
5515 5506 28496
5516 28497 28498
28497 5516 28499
5510 28499 5516
28499 5510 28494
28496 5513 5515
5513 28496 28495
28500 28501 28502
28501 28503 28504
28502 28505 28500
28500 28505 28506
28501 28504 28502
5509 28507 5507
5517 5508 5504
5518 5508 5517
5517 5520 5518
5520 5521 5518
5522 28508 28509
28508 5522 28510
5523 28511 28512
28511 5523 28513
5525 5519 5524
5519 5525 28514
5526 28515 28516
28515 5526 28517
5522 28516 28510
28516 5522 5526
5523 28514 5525
28514 5523 28512
28518 28519 28520
28520 28521 28522
28519 28518 28505
28518 28506 28505
28520 28519 28521
5521 5520 28523
5528 28524 5529
28524 5528 28525
5530 28526 5527
28526 5530 28527
28528 28529 28530
28531 28532 28533
28534 28535 5531
28535 28534 28536
28537 28538 28539
28538 28537 28540
28541 28530 28529
28531 28533 28542
5537 5534 5535
5543 5545 5550
5545 5543 5538
5537 5533 5579
5550 5539 5544
5539 5550 5545
5544 5534 5537
5546 5539 5540
5539 5546 5544
5541 5532 5585
5551 5538 5548
5538 5551 5545
5547 5545 5551
5545 5547 5539
5547 5540 5539
5540 5547 5549
5544 5546 5534
5550 5544 5537
5551 5548 5577
5577 5542 5547
28543 28544 5552
5536 28545 5584
5552 28546 28547
5552 28548 5536
5552 28549 28550
28544 28549 5552
28551 5533 5537
5553 28552 28553
5553 28553 28554
28555 28552 5553
5553 5582 28556
5553 28557 28558
28558 28555 5553
28559 5542 28560
5556 5576 5557
5576 5555 5557
5561 5563 5564
5563 5561 5560
5560 5580 5557
5560 5571 5563
5571 5560 5570
5571 5562 5565
5562 5571 5570
5570 5557 5555
5564 5568 5567
5568 5564 5563
5563 5572 5568
5572 5563 5571
5572 5565 5569
5565 5572 5571
5558 5583 5566
5568 5559 5578
5572 5559 5568
5570 5560 5557
5570 5555 5562
5559 5572 5581
5573 28561 28562
5573 28563 28564
28565 28563 5573
5573 5554 28566
5574 28567 28568
28569 5574 28570
5575 28571 5574
5574 28572 5575
5574 28569 28572
5566 28573 5558
28574 28575 28576
28575 28574 28577
28578 28574 28579
28574 28578 28577
28580 28581 28582
28581 28580 28583
28576 28584 28585
28584 28576 28575
28565 5573 28586
28570 5574 28568
5547 5551 5577
28547 28543 5552
5568 5578 5567
28561 5573 28564
5550 5579 5543
5550 5537 5579
5580 28587 5557
5560 5561 5580
5584 28546 5552
28562 28588 5573
5552 28550 28548
5573 28566 28586
5537 5535 28551
28588 5554 5573
5557 28587 5556
5566 5559 5581
5572 5569 5581
28559 5549 5547
28559 5547 5542
5553 28554 5582
28567 5574 28589
5574 28571 28589
5583 5559 5566
28560 5541 5585
5552 5536 5584
28562 28590 28588
28559 28560 5585
5553 28556 28557
5596 5601 5607
5594 5603 5605
5595 5602 5601
5609 5598 5608
5598 5609 5599
28591 5610 5590
5610 28591 28592
5600 5606 5593
5606 5600 28593
28594 5592 28595
5592 28594 5604
28595 5589 28596
5589 28595 5592
28597 5604 28594
5604 28597 5591
28593 5589 5606
5589 28593 28596
5602 5595 5605
5595 5594 5605
5596 5595 5601
28598 5597 5607
5597 5596 5607
28599 28600 28601
28600 28599 28602
28603 28604 28605
28604 28603 28606
5611 5613 5614
5613 5611 5612
28607 5615 5616
5615 28607 28608
28608 28609 5615
28609 28608 28610
28611 5612 28612
5612 28611 5613
5587 5611 5614
5611 5587 5586
28607 5588 28613
5588 28607 5616
5623 5632 5626
5621 5630 5628
5622 5626 5627
28614 5634 5633
5634 28614 28615
28616 5635 28617
5635 28616 28618
5625 5631 28619
5631 5625 5620
5619 28620 28621
28620 5619 5629
5617 28621 28622
28621 5617 5619
5629 28623 28620
28623 5629 5618
28619 5617 28622
5617 28619 5631
5627 5630 5622
5622 5630 5621
5623 5626 5622
28624 5632 5624
5624 5632 5623
28625 28626 28627
28626 28625 28628
28629 28630 28631
28630 28629 28632
5638 5636 5639
5636 5638 5637
5640 28633 5641
28633 5640 28634
28635 28634 5640
28634 28635 28636
28637 5637 5638
5637 28637 28638
5636 28639 5639
28639 5636 28640
28641 28633 28642
28633 28641 5641
28643 5645 5650
28644 5647 5649
28645 5646 5648
5651 28646 28647
28646 5651 5643
28648 28649 28650
28649 28648 28651
5644 28652 28653
28652 5644 28654
28655 28656 28657
28658 28659 28660
28659 28658 28661
28657 28659 28655
28659 28657 28660
28662 28661 28658
28661 28662 28663
28656 28652 28654
28652 28656 28655
5646 28645 5649
28645 28644 5649
5645 28643 5648
28643 28645 5648
28664 28665 5650
28665 28643 5650
28666 28667 28668
28667 28666 28669
28670 28671 28672
28671 28670 28673
28674 5652 5653
5652 28674 28675
28676 28677 28678
28677 28676 28679
28679 28680 28677
28680 28679 28681
28682 28675 28683
28675 28682 5652
5642 28674 5653
28674 5642 28684
28676 28685 28686
28685 28676 28678
28687 5660 5655
28688 5659 5657
28689 5658 5656
28690 5661 28691
5661 28690 28692
28693 28694 28695
28694 28693 28696
5654 28697 28698
28697 5654 28699
28700 28701 28702
28703 28704 28705
28704 28703 28706
28701 28703 28705
28703 28701 28700
28706 28707 28704
28707 28706 28708
28697 28702 28698
28702 28697 28700
5656 5659 28689
28689 5659 28688
5655 5658 28687
28687 5658 28689
28709 5660 28710
28710 5660 28687
28711 28712 28713
28712 28711 28714
28715 28716 28717
28716 28715 28718
5662 28719 5663
28719 5662 28720
28721 28722 28723
28722 28721 28724
28725 28724 28721
28724 28725 28726
28727 28720 5662
28720 28727 28728
28719 28729 5663
28729 28719 28730
28731 28722 28732
28722 28731 28723
5665 5666 5664
5680 5694 5681
5694 5680 5693
5665 5681 5666
5681 5665 5680
5667 5688 5668
5688 5667 5691
5692 5690 5695
5690 5692 5689
5683 5669 5672
5669 5683 5682
5671 5682 5683
5682 5671 5670
5673 5677 5676
5676 5675 5674
5675 5676 5677
5684 5671 5687
5671 5684 5670
5668 5686 5667
5686 5668 5685
5674 5679 5678
5679 5674 5675
5678 5672 5669
5672 5678 5679
5687 5685 5684
5685 5687 5686
5691 5689 5688
5689 5691 5690
5695 5693 5692
5693 5695 5694
5719 5699 5720
5699 5719 5696
5697 5720 5698
5720 5697 5719
5721 5701 5722
5701 5721 5700
5696 5722 5699
5722 5696 5721
5723 5703 5724
5703 5723 5702
5700 5724 5701
5724 5700 5723
5725 5705 5726
5705 5725 5704
5702 5726 5703
5726 5702 5725
5706 5728 5727
5704 5728 5705
5728 5704 5727
5729 5698 5714
5698 5729 5697
5707 5714 5708
5714 5707 5729
5710 5716 5715
5716 5710 5709
5715 5712 5711
5712 5715 5716
5713 5711 5712
5708 5717 5707
5717 5708 5718
5717 5709 5710
5709 5717 5718
5736 5735 5734
5738 5733 5739
5733 5738 5737
5742 5740 5743
5740 5742 5741
5739 5742 5738
5742 5739 5741
5746 5744 5747
5744 5746 5745
5743 5740 5749
5743 5734 5735
5742 5743 5735
5737 5732 5733
5732 5737 5750
5751 5753 5752
5730 5755 5754
5747 5748 5753
5748 5747 5744
5748 5750 5753
5750 5748 5732
5752 5750 5735
5731 5734 5749
5755 5757 5754
5757 5755 5756
5751 5758 5747
5753 5751 5747
5752 5753 5750
5737 5735 5750
5735 5759 5752
5738 5742 5735
5738 5735 5737
5760 5752 5759
5735 5736 5759
5754 5761 5730
5754 5757 5762
5762 5746 5758
5746 5762 5757
5756 5746 5757
5746 5756 5745
5760 5751 5752
5758 5760 5763
5760 5758 5751
5762 5758 5763
5754 5762 5761
5762 5763 5761
5747 5758 5746
5743 5749 5734
5731 5736 5734
5768 5769 5770
5767 5772 5773
5772 5767 5771
5776 5774 5775
5774 5776 5777
5776 5773 5772
5773 5776 5775
5780 5778 5779
5778 5780 5781
5777 5783 5774
5777 5769 5768
5776 5769 5777
5766 5771 5767
5771 5766 5784
5785 5786 5787
5764 5788 5789
5782 5781 5787
5781 5782 5778
5784 5782 5787
5782 5784 5766
5786 5769 5784
5765 5783 5768
5789 5791 5790
5791 5789 5788
5785 5781 5792
5787 5781 5785
5786 5784 5787
5771 5784 5769
5769 5786 5793
5772 5769 5776
5772 5771 5769
5794 5793 5786
5769 5793 5770
5788 5764 5795
5788 5796 5791
5796 5780 5791
5780 5796 5792
5780 5790 5791
5790 5780 5779
5794 5786 5785
5792 5794 5785
5794 5792 5797
5796 5797 5792
5788 5795 5796
5796 5795 5797
5781 5780 5792
5777 5768 5783
5765 5768 5770
5810 5890 5892
5890 5810 5798
5892 5811 5810
5811 5892 5893
5893 5812 5811
5812 5893 5894
5813 5894 5895
5894 5813 5812
5895 5814 5813
5814 5895 5896
5799 5810 5815
5810 5799 5798
5816 5810 5811
5810 5816 5815
5800 5817 5801
5817 5800 5818
5819 5811 5812
5811 5819 5816
5820 5812 5813
5812 5820 5819
5821 5813 5814
5813 5821 5820
5823 5814 5822
5814 5823 5821
5818 5822 5817
5822 5818 5823
5825 5816 5824
5816 5825 5815
5802 5815 5825
5815 5802 5799
5816 5826 5824
5826 5816 5819
5818 5803 5827
5803 5818 5800
5827 5823 5818
5823 5827 5828
5820 5829 5830
5829 5820 5821
5819 5830 5826
5830 5819 5820
5821 5828 5829
5828 5821 5823
5833 5831 5832
5831 5833 5834
5835 5836 5837
5838 5839 5840
5832 5842 5833
5842 5832 5841
5842 5804 5805
5804 5842 5841
5843 5836 5835
5836 5843 5844
5846 5845 5840
5845 5846 5847
5848 5849 5847
5847 5850 5845
5850 5847 5849
5852 5849 5851
5849 5852 5850
5844 5853 5836
5853 5854 5836
5854 5853 5848
5807 5852 5851
5852 5807 5806
5854 5847 5846
5847 5854 5848
5855 2356 5856
5857 5858 5856
5857 5859 5860
5859 5857 5861
5844 5860 5859
5860 5844 5843
5862 5863 5864
5865 5805 5808
5805 5865 5842
5866 5842 5865
5842 5866 5833
5866 5834 5833
5834 5866 5867
5868 5835 5837
5808 5809 5869
5870 5865 5871
5872 5873 5866
5874 5875 5867
5837 5876 5868
5875 5877 5878
5878 5839 5838
5839 5878 5862
5865 5879 5871
5865 5808 5879
5870 5866 5865
5806 5825 5852
5825 5806 5802
5852 5824 5850
5824 5852 5825
5824 5845 5850
5845 5824 5826
5826 5840 5845
5840 5826 5830
5830 5831 5840
5831 5830 5829
5829 5832 5831
5832 5829 5828
5828 5841 5832
5841 5828 5827
5827 5804 5841
5804 5827 5803
5870 5872 5866
5808 5869 5879
5866 5873 5874
5862 5877 5863
5877 5862 5878
5864 5868 5876
5866 5874 5867
5854 5837 5836
5854 5839 5837
5839 5854 5846
5840 5839 5846
5861 5857 5856
5858 5855 5856
5855 28733 2356
5862 5864 5876
5862 5837 5839
5837 5862 5876
5864 28734 5868
5878 5867 5875
5867 5838 5834
5838 5867 5878
5840 5834 5838
5834 5840 5831
5897 5801 5817
5801 5897 5891
5817 5898 5897
5898 5817 5822
5822 5896 5898
5896 5822 5814
5881 28735 28736
28735 5881 5880
28737 5882 5883
5885 28738 5884
28739 5881 28736
5881 28739 5885
5885 28740 5881
5880 28741 28735
28741 5880 5886
28742 5884 28738
5887 28743 28744
28743 5887 5888
28745 5889 28742
28746 5880 28740
28747 5883 5882
5883 28747 28748
28748 5886 5883
5886 28748 28741
28749 5888 5887
28737 5886 28746
28750 28751 28745
28752 5885 5884
5884 28742 5889
28744 5882 5887
5882 28744 28747
28749 5887 5882
28753 28743 28754
28740 5880 5881
28752 5884 5889
28751 28752 5889
28743 5888 28754
28749 28754 5888
28738 5885 28739
28740 5885 28752
5886 5880 28746
5883 5886 28737
28749 5882 28737
28745 28751 5889
5899 5890 5798
5890 5899 5979
5900 5979 5899
5979 5900 5980
5901 5980 5900
5980 5901 5981
5902 5981 5901
5981 5902 5982
5982 5903 5983
5903 5982 5902
5899 5799 5904
5799 5899 5798
5899 5905 5900
5905 5899 5904
5800 5906 5907
5906 5800 5801
5900 5908 5901
5908 5900 5905
5909 5901 5908
5901 5909 5902
5910 5902 5909
5902 5910 5903
5912 5903 5910
5903 5912 5911
5907 5911 5912
5911 5907 5906
5905 5914 5913
5914 5905 5904
5904 5802 5914
5802 5904 5799
5905 5915 5908
5915 5905 5913
5803 5907 5916
5907 5803 5800
5916 5912 5917
5912 5916 5907
5909 5918 5910
5918 5909 5919
5908 5919 5909
5919 5908 5915
5910 5917 5912
5917 5910 5918
5922 5920 5923
5920 5922 5921
5924 5926 5925
5927 5929 5928
5931 5921 5922
5921 5931 5930
5931 5804 5930
5804 5931 5805
5932 5925 5933
5925 5932 5924
5935 5934 5936
5934 5935 5929
5937 5936 5938
5936 5939 5938
5939 5936 5934
5938 5941 5940
5941 5938 5939
5933 5925 5942
5943 5942 5925
5942 5943 5937
5941 5807 5940
5807 5941 5806
5943 5936 5937
5936 5943 5935
5944 5945 2357
5946 5945 5947
5946 5948 5950
5948 5946 5949
5933 5949 5932
5949 5933 5948
5951 5953 5952
5805 5954 5808
5954 5805 5931
5931 5955 5954
5955 5931 5922
5923 5955 5922
5955 5923 5956
5957 5926 5924
5808 5958 5809
5959 5960 5954
5961 5955 5962
5963 5956 5964
5926 5957 5965
5964 5967 5966
5928 5967 5927
5967 5928 5951
5954 5960 5968
5954 5968 5808
5959 5954 5955
5914 5806 5941
5806 5914 5802
5941 5913 5914
5913 5941 5939
5913 5934 5915
5934 5913 5939
5915 5929 5919
5929 5915 5934
5919 5920 5918
5920 5919 5929
5918 5921 5917
5921 5918 5920
5930 5917 5921
5917 5930 5916
5804 5916 5930
5916 5804 5803
5959 5955 5961
5808 5968 5958
5955 5963 5962
5951 5966 5967
5966 5951 5952
5953 5965 5957
5955 5956 5963
5943 5925 5926
5928 5943 5926
5943 5928 5935
5929 5935 5928
5950 5945 5946
5947 5945 5944
5944 2357 28755
5951 5965 5953
5951 5926 5965
5926 5951 5928
5953 5957 28756
5967 5964 5956
5956 5927 5967
5927 5956 5923
5929 5923 5920
5923 5929 5927
5984 5801 5891
5801 5984 5906
5906 5985 5911
5985 5906 5984
5911 5983 5903
5983 5911 5985
28757 5970 28758
5970 28757 5969
28759 5972 5971
5974 5973 28760
28761 5970 5974
5970 28761 28758
5974 5970 28762
5969 28763 5975
28763 5969 28757
28764 28760 5973
5976 28765 5977
28765 5976 28766
28767 28764 5978
28768 28762 5969
28769 5972 28770
5972 28769 5971
28770 5975 28763
5975 28770 5972
28771 5976 5977
28759 28768 5975
28772 28767 28773
28774 5973 5974
5973 5978 28764
28766 5971 28769
5971 28766 5976
28771 5971 5976
28775 28776 28765
28762 5970 5969
28774 5978 5973
28773 5978 28774
28765 28776 5977
28771 5977 28776
28760 28761 5974
28762 28774 5974
5975 28768 5969
5972 28759 5975
28771 28759 5971
28767 5978 28773
5988 6004 6005
6004 5988 5987
5987 5993 5992
5993 5987 5988
5989 5995 5994
5995 5989 5986
5993 5991 5996
5991 5993 5988
5988 6006 5991
6006 5988 6005
5990 5994 5997
5994 5990 5989
5998 5996 5999
5996 5998 5993
6000 5993 5998
5993 6000 5992
5994 6002 6001
6002 5994 5995
5997 6001 6003
6001 5997 5994
6004 28777 6005
28777 6004 28778
6005 28779 6006
28779 6005 28777
6091 6103 6021
6044 6030 6029
6030 6044 6031
6043 6036 6035
6036 6043 6037
6033 6040 6041
6040 6033 6024
6027 6031 6025
6031 6027 6030
6070 6042 6032
6042 6070 6023
6042 6229 6069
6229 6042 6023
6025 6028 6027
6028 6025 6026
6041 6037 6043
6037 6041 6040
6048 6058 6061
6058 6048 6047
6049 6064 6052
6064 6049 6050
6056 6053 6054
6053 6056 6055
6035 6044 6029
6044 6035 6036
6061 6059 6060
6059 6061 6058
6019 6244 6243
6244 6019 6245
6063 6045 6062
6045 6063 6046
6057 6062 6045
6062 6057 6066
6234 6055 6235
6055 6234 6053
6068 6022 6021
6022 6068 6067
6241 6034 6239
6034 6241 6240
6052 6065 6051
6065 6052 6064
6020 6026 6039
6026 6020 6028
6059 6057 6060
6057 6059 6066
6046 6050 6049
6050 6046 6063
6054 28780 6056
28780 6054 28781
6103 6080 6105
6080 6103 6091
6032 6243 6070
6243 6032 6019
6106 6105 6080
6105 6106 6104
6072 6082 6071
6082 6072 6081
6038 6084 6073
6084 6038 6083
6074 6084 6085
6084 6074 6073
6085 6075 6074
6075 6085 6086
6086 6079 6075
6079 6086 6087
6078 6087 6088
6087 6078 6079
6076 6246 6089
6246 6076 6247
6077 6089 6090
6089 6077 6076
6240 6091 6034
6091 6240 6080
6115 6012 6114
6012 6115 6011
6108 6010 6107
6010 6108 6008
6017 6237 6109
6237 6017 6007
6236 6109 6237
6109 6236 6095
6112 6096 6113
6096 6112 6101
6093 6107 6092
6107 6093 6108
6111 6101 6112
6101 6111 6100
6114 6097 6115
6097 6114 6098
6012 6113 6114
6113 6012 6014
6018 6109 6110
6109 6018 6017
6110 6095 6094
6095 6110 6109
6010 6117 6107
6117 6010 6015
6117 6092 6107
6092 6117 6099
6011 6116 6013
6116 6011 6115
6116 6099 6117
6099 6116 6102
6113 6098 6114
6098 6113 6096
6102 6115 6097
6115 6102 6116
6009 6110 28782
6110 6009 6018
28782 6094 28783
6094 28782 6110
6245 6089 6246
6089 6245 6019
6087 6027 6028
6027 6087 6086
6085 6029 6030
6029 6085 6084
6090 6019 6032
6019 6090 6089
6083 6029 6084
6029 6083 6035
6030 6086 6085
6086 6030 6027
6043 6081 6041
6081 6043 6082
6082 6035 6083
6035 6082 6043
6069 6067 6042
6067 6069 6022
6067 6032 6042
6032 6067 6090
6088 6028 6020
6028 6088 6087
6034 6022 6069
6022 6034 6091
6071 6083 6038
6083 6071 6082
6081 6104 6106
6104 6081 6072
6106 6041 6081
6041 6106 6033
6068 6090 6067
6090 6068 6077
6091 6021 6022
6112 28784 6111
28784 6112 6016
6112 6014 6016
6014 6112 6113
6117 6013 6116
6013 6117 6015
6183 6187 6186
6187 6183 6119
6225 6125 6126
6125 6225 6224
6128 6226 6170
6226 6128 6227
6131 6129 6130
6129 6131 6132
6133 6039 6026
6039 6133 6134
6180 6167 6209
6201 6162 6125
6050 6150 6064
6179 6143 6144
6143 6179 6133
6126 6162 6161
6162 6126 6125
6224 6204 6141
6149 6058 6182
6050 6156 6150
6168 6066 6152
6233 6053 6234
6053 6233 6153
6196 6063 6142
6145 6197 6154
6160 6170 6169
6170 6160 6128
6151 6187 6119
6054 6153 6154
6153 6054 6053
6120 6155 6181
28781 6154 6148
6173 6143 6174
6143 6173 6144
6159 6182 6136
6176 6175 6159
6195 6181 6155
6181 6195 6194
6136 6208 6228
6208 6136 6209
6063 6156 6050
6156 6063 6196
6196 6155 6156
6155 6196 6195
6130 6044 6036
6044 6130 6129
6134 6157 6138
6157 6134 6133
6122 6186 6190
6242 6070 6243
6070 6242 6158
6130 6037 6193
6037 6130 6036
6174 6025 6031
6025 6174 6143
6140 6131 6130
6129 6031 6044
6031 6129 6174
6230 6023 6121
6023 6230 6229
6121 6070 6158
6070 6121 6023
6185 6242 6145
6212 6124 6123
6124 6212 6211
6214 6172 6127
6172 6214 6213
6215 6135 6216
6135 6215 6178
6211 6147 6124
6147 6211 6210
6216 6200 6217
6200 6216 6135
6239 6122 6241
6122 6239 6238
6169 6168 6160
6162 6142 6146
6194 6139 6181
6139 6194 6192
6218 6163 6164
6219 6164 6165
6164 6219 6218
6166 6220 6171
6220 6166 6221
6167 6222 6177
6222 6167 6223
6143 6026 6025
6026 6143 6133
6184 6121 6185
6161 6168 6169
6170 6161 6169
6161 6170 6126
6226 6126 6170
6126 6226 6225
6220 6165 6171
6165 6220 6219
6213 6123 6172
6123 6213 6212
6132 6174 6129
6174 6132 6173
6175 6160 6152
6175 6128 6160
6128 6175 6176
6176 6227 6128
6227 6176 6228
6177 6221 6166
6221 6177 6222
6214 6178 6215
6178 6214 6127
6159 6175 6149
6179 6157 6133
6066 6168 6146
6182 28785 6137
28785 6182 28786
6188 6153 6118
6199 6145 6242
6145 6154 6188
6187 6120 6186
6140 6130 6193
6189 6024 6190
6024 6189 6040
6134 6138 6191
6134 28787 6039
28787 6134 6191
6192 6189 6139
6189 6192 6193
6193 6040 6189
6040 6193 6037
6192 6210 6140
6147 6194 6163
6203 6194 6195
6141 6202 6201
6192 6140 6193
6137 6198 6180
6198 6137 28785
6138 6217 28788
6058 28786 6182
6223 6167 6180
6198 6200 6180
6200 6198 28788
6062 6142 6063
6201 6202 6142
6138 28788 6191
6149 6152 6059
6058 6047 28786
6149 6059 6058
6159 6149 6182
6175 6152 6149
6202 6196 6142
6195 6196 6202
6062 6146 6142
6162 6146 6161
6201 6142 6162
6168 6152 6160
6161 6146 6168
6066 6059 6152
6066 6146 6062
6121 6158 6185
6238 6183 6186
6233 6118 6153
6118 6233 6232
6231 6121 6184
6121 6231 6230
6231 6118 6232
6118 6231 6184
6187 6151 6150
6188 6154 6153
6139 6189 6190
6188 6184 6185
6184 6188 6118
6145 6188 6185
6204 6164 6203
6165 6204 6205
6204 6165 6164
6171 6205 6206
6205 6171 6165
6207 6171 6206
6171 6207 6166
6208 6166 6207
6166 6208 6177
6209 6177 6208
6177 6209 6167
6203 6163 6194
6203 6195 6141
6209 6136 6137
6180 6209 6137
6201 6125 6224
6159 6136 6228
6151 6064 6150
6064 6151 6065
28781 6054 6154
6210 6131 6140
6131 6210 6211
6211 6132 6131
6132 6211 6212
6212 6173 6132
6173 6212 6213
6213 6144 6173
6144 6213 6214
6144 6215 6179
6215 6144 6214
6179 6216 6157
6216 6179 6215
6216 6138 6157
6138 6216 6217
6192 6147 6210
6217 6200 28788
6218 6123 6124
6123 6218 6219
6219 6172 6123
6172 6219 6220
6221 6172 6220
6172 6221 6127
6222 6127 6221
6127 6222 6178
6223 6178 6222
6178 6223 6135
6135 6223 6200
6223 6180 6200
6147 6192 6194
6218 6124 6147
6205 6224 6225
6224 6205 6204
6206 6225 6226
6225 6206 6205
6227 6206 6226
6206 6227 6207
6228 6207 6227
6207 6228 6208
6228 6176 6159
6224 6141 6201
6182 6137 6136
6141 6195 6202
6218 6147 6163
6164 6163 6203
6204 6203 6141
6231 6119 6183
6119 6231 6232
6151 6232 6233
6232 6151 6119
6233 6065 6151
6065 6233 6234
6234 6051 6065
6051 6234 6235
6093 6237 6108
6237 6093 6236
6007 6108 6237
6108 6007 6008
6186 6122 6238
6183 6230 6231
6230 6183 6238
6238 6229 6230
6229 6238 6239
6069 6239 6034
6239 6069 6229
6080 6033 6106
6033 6080 6240
6240 6024 6033
6024 6240 6241
6190 6241 6122
6241 6190 6024
28789 6039 28787
6039 28789 6020
6020 28790 6088
28790 6020 28789
28791 6088 28790
6088 28791 6078
6243 28792 6242
28792 6243 6244
6249 6256 6257
6256 6249 6248
6248 6251 6250
6251 6248 6249
6250 6259 6258
6259 6250 6251
6255 6252 6254
6252 6255 6253
6252 6263 6262
6263 6252 6253
6264 6254 6265
6254 6264 6255
6257 6270 6271
6270 6257 6256
6260 6259 6261
6259 6260 6258
6266 28793 6267
28793 6266 28794
6262 6269 6268
6269 6262 6263
6267 6265 6266
6265 6267 6264
6268 6271 6270
6271 6268 6269
6057 6250 6060
6250 6057 6248
6265 6235 6055
6235 6265 6254
6045 6248 6057
6248 6045 6256
6048 6258 6260
6258 6048 6061
6262 6051 6252
6051 6262 6052
6266 6055 6056
6055 6266 6265
6052 6268 6049
6268 6052 6262
6049 6270 6046
6270 6049 6268
6258 6060 6250
6060 6258 6061
6256 6046 6270
6046 6256 6045
28794 6056 28780
6056 28794 6266
6253 6092 6263
6092 6253 6093
6094 6264 6267
6264 6094 6095
6257 6098 6249
6098 6257 6097
28783 6267 28793
6267 28783 6094
6249 6096 6251
6096 6249 6098
6261 6101 6100
6101 6261 6259
6095 6255 6264
6255 6095 6236
6263 6099 6269
6099 6263 6092
6271 6097 6257
6097 6271 6102
6101 6251 6096
6251 6101 6259
6102 6269 6099
6269 6102 6271
6235 6252 6051
6252 6235 6254
6236 6253 6255
6253 6236 6093
6190 6186 6120
6139 6120 6181
6187 6150 6120
6150 6156 6155
6150 6155 6120
6139 6190 6120
6185 6158 6242
6199 6242 28792
6199 28795 6145
6145 28795 6197
6154 6197 6148
6309 6307 6396
6307 6309 6319
6397 6326 6311
6326 6397 6310
6316 6315 6314
6315 6316 6299
6312 6317 6300
6317 6312 6318
6321 6320 6322
6311 6322 6320
6322 6311 6323
6311 6303 6323
6303 6311 6326
6323 6304 6327
6304 6323 6303
6327 6305 6328
6305 6327 6304
6319 6301 6302
6301 6319 6309
6322 6327 6330
6327 6322 6323
28796 6331 7676
6306 6331 28796
6331 6306 6420
6328 6330 6327
6330 6328 28797
28798 6297 28799
6297 28798 6298
6325 6308 28800
6308 6325 6324
28801 6319 6329
6319 28801 6307
6332 6338 6302
6338 6332 6334
6338 6319 6302
6319 6338 6329
6277 6329 6338
6329 6277 6275
6305 6309 6328
6309 6305 6301
6313 28802 6359
28802 6313 28803
6299 6317 6315
6317 6299 6300
6320 6397 6311
6276 6333 6280
6333 6276 6334
6281 6298 28798
6298 6281 6272
6290 6335 6274
6335 6290 6402
6294 28801 6329
28801 6294 6422
6336 6278 6337
6278 6336 6282
6279 6316 6314
6316 6279 28804
6278 6333 6337
6333 6278 6280
6293 6273 6324
6334 6277 6338
6277 6334 6276
6038 6339 6340
6343 6341 6342
6341 6343 6415
6346 6400 6345
6400 6346 6401
6349 6071 6340
6071 6349 6072
6353 6339 6352
6339 6353 6351
6073 6339 6038
6339 6073 6352
6351 6341 6339
6341 6351 6342
6074 6355 6356
6355 6074 6075
6076 6348 6345
6348 6076 6077
6356 6073 6074
6073 6356 6352
6345 6247 6076
6247 6345 6400
6079 6344 6358
6344 6079 6078
6350 6352 6356
6352 6350 6353
6358 6075 6079
6075 6358 6355
6077 6376 6348
6376 6077 6068
6354 6356 6355
6356 6354 6350
6347 6358 6344
6358 6347 6357
6357 6355 6358
6355 6357 6354
6415 6340 6341
6340 6415 6349
6341 6340 6339
6038 6340 6071
6297 6359 28802
6359 6297 6360
6362 6365 6361
6360 6367 6366
6367 6360 6297
6274 6361 6284
6361 6274 6335
6285 6361 6365
6361 6285 6284
6366 6368 6398
6368 6366 6367
6272 6367 6298
6367 6272 6368
6288 6363 6364
6363 6288 6287
6368 6286 6399
6370 6371 6383
6371 6370 6372
6104 6373 6105
6373 6104 6374
6105 6369 6103
6369 6105 6373
6381 6375 6379
6375 6381 6380
6382 6103 6369
6103 6382 6377
6385 6383 6371
6383 6385 6384
6378 6345 6348
6345 6378 6346
6386 6387 6389
6387 6386 6388
6391 6388 6386
6388 6391 6392
6346 6362 6437
6362 6346 6392
6392 6365 6362
6365 6392 6391
6395 6364 6363
6364 6395 6393
6072 6374 6104
6374 6072 6349
6390 6393 6395
6393 6390 6394
6389 6377 6382
6377 6389 6387
6377 6387 6376
6372 6379 6375
6379 6372 6370
6384 6394 6390
6394 6384 6385
6381 6343 6380
6376 6021 6377
6021 6376 6068
6381 6415 6343
6332 6337 6333
6376 6378 6348
6103 6377 6021
6376 6388 6378
6388 6376 6387
6378 6392 6346
6392 6378 6388
28799 6297 28802
6309 28797 6328
28797 6309 6396
6310 28803 6313
28803 6310 6397
6320 7678 6397
6318 6312 28805
6367 6297 6298
6368 6272 6286
6286 6289 6399
6398 6368 6399
28806 6078 28791
6078 28806 6344
28807 6344 28806
6344 28807 6347
6336 28808 6282
28808 6336 28809
6291 6403 6404
6403 6291 6292
6404 6413 6414
6413 6404 6403
6406 6407 6408
6407 6406 6405
6405 6417 6416
6417 6405 6406
6408 6418 6419
6418 6408 6407
6409 6414 6410
6409 6412 6411
6412 6409 6410
6411 6419 6418
6419 6411 6412
6415 6416 6417
6292 6365 6403
6365 6292 6285
6287 6404 6363
6404 6287 6291
6405 6370 6407
6370 6405 6379
6411 6390 6409
6390 6411 6384
6391 6403 6365
6403 6391 6413
6363 6414 6395
6414 6363 6404
6413 6386 6410
6381 6416 6415
6383 6407 6370
6407 6383 6418
6379 6416 6381
6416 6379 6405
6384 6418 6383
6418 6384 6411
6349 6417 6374
6417 6349 6415
6406 6374 6417
6374 6406 6373
6373 6408 6369
6408 6373 6406
6369 6419 6382
6419 6369 6408
6412 6382 6419
6382 6412 6389
6395 6409 6390
6409 6395 6414
6410 6389 6412
6389 6410 6386
6420 28810 6421
28810 6420 6306
6421 28800 6308
28800 6421 28810
6283 28811 6422
6294 6283 6422
6361 6335 6438
6444 6423 6443
6423 6444 6424
6423 6426 6425
6426 6423 6424
6427 6426 6428
6426 6427 6425
6429 6428 6430
6428 6429 6427
6442 6430 6441
6430 6442 6429
6434 6431 6433
6431 6434 6432
6436 6432 6435
6432 6436 6431
6441 6433 6442
6433 6441 6434
6440 6435 6439
6435 6440 6436
28812 6438 28813
6438 28812 6437
6444 6447 6448
6447 6444 6443
6446 6456 6455
6456 6446 6445
6445 6448 6447
6448 6445 6446
6450 6451 6452
6451 6450 6449
6296 6450 6295
6450 6296 6449
6452 6453 6454
6453 6452 6451
6454 6458 6457
6458 6454 6453
6455 6457 6458
6457 6455 6456
6425 6303 6423
6303 6425 6304
6305 6425 6427
6425 6305 6304
6301 6427 6429
6427 6301 6305
6337 6433 6431
6433 6337 6332
6436 6337 6431
6337 6436 6336
6335 28813 6438
28813 6335 6402
6429 6302 6301
6302 6429 6442
6441 6353 6350
6353 6441 6430
6350 6434 6441
6434 6350 6354
6424 6342 6426
6342 6424 6343
6428 6342 6351
6342 6428 6426
6351 6430 6428
6430 6351 6353
6437 6401 6346
6401 6437 28812
6435 6357 6347
6357 6435 6432
6354 6432 6434
6432 6354 6357
6423 6326 6443
6326 6423 6303
6447 6313 6445
6313 6447 6310
6443 6310 6447
6310 6443 6326
6449 6393 6451
6393 6449 6364
6296 6364 6449
6364 6296 6288
6446 6375 6448
6375 6446 6372
6380 6424 6444
6454 6398 6452
6398 6454 6366
6455 6372 6446
6372 6455 6371
6371 6458 6385
6458 6371 6455
6360 6456 6359
6456 6360 6457
6453 6385 6458
6385 6453 6394
6380 6448 6375
6448 6380 6444
6380 6343 6424
6442 6332 6302
6332 6442 6433
6445 6359 6456
6359 6445 6313
6394 6451 6393
6451 6394 6453
6366 6457 6360
6457 6366 6454
6399 6452 6398
6452 6399 6450
6295 6399 6289
6399 6295 6450
6439 6347 28807
6347 6439 6435
28809 6436 6440
6436 28809 6336
6437 6361 6438
6361 6437 6362
6325 6293 6324
6293 6325 28814
6329 6275 6294
6586 6459 6460
6459 6586 6461
6462 6463 6464
6468 6466 6467
6466 6468 6465
6471 6469 6470
6469 6471 6500
6472 6461 6536
6461 6472 6459
6536 6473 6472
6473 6536 6588
6474 6484 6485
6484 6474 6462
6475 6476 6477
6475 6479 6480
6479 6475 6478
6500 6480 6479
6480 6500 6471
6483 6482 6546
6482 6483 6481
6486 6007 6497
6007 6486 6008
6488 6016 6487
6016 6488 28784
6018 6490 6017
6490 6018 6489
6015 6491 6496
6491 6015 6010
6012 6492 6493
6492 6012 6011
6014 6493 6495
6493 6014 6012
6013 6492 6011
6492 6013 6494
6495 6016 6014
6016 6495 6487
6015 6494 6013
6494 6015 6496
6491 6486 6470
6496 6459 6472
6471 6470 6486
6497 6471 6486
6471 6497 6480
6490 6480 6497
6480 6490 6475
6483 6495 6493
6495 6483 6484
6494 6481 6492
6481 6494 6473
6493 6481 6483
6481 6493 6492
28815 6467 6489
6489 6475 6490
6475 6489 6476
6491 6008 6486
6008 6491 6010
6470 6460 6491
6496 6472 6494
6494 6472 6473
6484 6487 6495
6487 6484 6462
6469 6460 6470
6460 6469 6586
6475 6477 6478
6467 6476 6489
6467 6477 6476
6477 6467 6466
6464 28816 28817
6462 28817 6488
6487 6462 6488
6496 6460 6459
6460 6496 6491
6017 6497 6007
6497 6017 6490
6018 28815 6489
28815 6018 6009
6481 6473 6482
6473 6588 6482
6546 6484 6483
6484 6546 6485
28818 28819 6498
6500 6479 6498
6478 6477 6501
6498 6499 28818
6498 6479 6499
6502 6499 6479
28818 6499 6502
6502 28820 28818
6498 6503 6500
28821 6505 28822
6506 28823 28824
28825 6507 6506
6507 28825 6508
6509 6505 28821
28826 28823 6506
6510 6506 6511
6515 6513 6514
6513 6515 6512
28827 28826 6510
6516 6510 6511
6510 6516 6517
28828 6514 6513
6514 6519 6515
6519 6514 6518
6520 6518 6514
28829 6520 28828
6517 6521 28830
6522 6517 6516
6517 6522 6521
6523 6524 6525
6528 6508 6527
6508 6528 6507
6505 6509 6529
6512 6530 6531
6530 6512 6515
6532 6507 6528
6507 6532 6511
6511 6534 6516
6534 6511 6532
6519 6530 6515
6533 6522 6534
6535 6536 6537
6464 6463 6538
6535 6594 6536
6474 6539 6463
6477 6466 6540
28831 6542 28832
6542 28831 6544
28833 6543 6544
6547 6524 6548
6549 6550 6551
6552 6597 6553
6554 6555 6556
6518 6557 6558
28834 6557 6520
6559 28835 28830
6522 6554 6559
6560 6561 6548
6550 6562 6551
6564 6549 6563
6549 6564 6550
6566 6565 6567
6565 6566 6547
6547 6548 6562
6567 6550 6564
6550 6567 6565
6544 6543 6568
6569 6529 6535
6594 6535 6531
6505 6569 6543
6539 6527 6570
6527 6539 6528
6594 6531 6530
6528 6571 6532
6571 6528 6539
6534 6571 6572
6573 6553 6574
6523 6555 6575
6577 6519 6573
6519 6577 6576
6578 6563 6574
6579 6580 6545
6576 6577 6583
6584 6466 6465
6466 6584 6540
6541 6585 28836
6544 6469 6542
6461 6587 6537
6587 6461 6586
6536 6594 6588
6566 6524 6547
28830 6521 6559
28830 28827 6517
6576 6589 6530
6553 6597 28837
6578 6574 6553
6553 28837 6578
28820 6502 28838
6590 6568 6569
6568 6543 6569
6541 6501 6477
6586 6469 6587
6503 28819 28839
28819 6503 6498
6581 6548 6591
6561 6551 6562
6572 6533 6534
6469 6544 6587
6538 28816 6464
28816 6538 28840
6540 28841 6585
28841 6540 6584
6538 6570 28840
28825 28842 6508
28843 28844 28845
6526 28841 28843
28841 6526 6585
6535 6529 6531
6509 6512 6529
6504 6512 6509
6512 6504 6513
28846 6513 6504
6478 6502 6479
28847 28838 6501
28839 28832 6542
6521 6522 6559
6477 6540 6541
6463 6539 6538
6566 6525 6524
6565 6547 6562
6550 6565 6562
6589 6594 6530
6519 6576 6530
6534 6532 6571
6522 6516 6534
6518 6520 6557
28834 6520 28829
6520 6514 28828
28828 6513 28846
28846 6504 28848
6510 28826 6506
6517 28827 6510
6541 6540 6585
6538 6539 6570
6535 6537 6590
6537 6536 6461
6478 6501 6502
28838 6502 6501
6500 6503 6542
6503 28839 6542
6500 6542 6469
6537 6568 6590
6568 6537 6587
6587 6544 6568
6571 6474 6580
6580 6579 6572
6474 6485 6580
6580 6546 6545
6539 6474 6571
6580 6485 6546
6593 6589 6592
6546 6593 6545
6545 6593 6592
6593 6546 6482
6482 6594 6593
6482 6588 6594
6560 6581 6572
6533 6572 6581
6577 6574 6549
6576 6583 6589
6589 6583 6582
6589 6582 6592
6533 6581 6575
6560 6579 6561
6572 6579 6560
6579 6545 6595
6545 6592 6595
6548 6561 6562
6548 6581 6560
6523 6575 6524
6581 6591 6575
6575 6591 6524
6591 6548 6524
6582 6561 6592
6592 6561 6595
6561 6579 6595
6561 6582 6551
6582 6583 6551
6577 6596 6583
6596 6549 6551
6549 6596 6577
6583 6596 6551
6574 6563 6549
6575 6554 6522
6554 6556 6559
6556 28849 28835
28850 6552 6557
6552 6573 6558
6518 6558 6573
6573 6519 6518
6557 6552 6558
6575 6522 6533
6573 6574 6577
6552 6553 6573
28850 28851 6552
28852 6555 28853
6555 6523 6525
6555 6525 28853
28852 28849 6556
6556 6555 28852
6575 6555 6554
28834 28850 6557
6580 6572 6571
28836 6585 6526
28854 6543 28833
6569 6535 6590
6505 6529 6569
6543 28854 28822
28848 6504 28855
6509 28855 6504
6529 6512 6531
6506 28824 28825
6511 6506 6507
6589 6593 6594
6464 28817 6462
6462 6474 6463
28815 6468 6467
6556 28835 6559
6526 28843 28845
28856 28845 28844
6526 28845 28857
6509 28821 28855
6505 6543 28822
28833 6544 28831
28858 28847 6501
6541 28836 28858
6501 6541 28858
28836 6526 28857
6597 28851 28837
6552 28851 6597
6616 6611 6600
6611 6616 6625
6625 6616 6601
6617 6606 6607
6604 6619 6627
6605 6627 6619
6627 6605 6620
6603 6598 6612
6607 6606 6626
6606 6622 6626
6611 6622 6600
6622 6611 6626
6620 6623 6628
6623 6620 6605
6623 6608 6628
6624 6603 6612
6609 6624 6612
6618 6607 6608
6621 6609 6612
6604 6627 6609
6609 6613 6625
6610 6625 6613
6625 6610 6611
6627 6613 6609
6620 6613 6627
6613 6620 6610
6626 6610 6614
6610 6626 6611
6626 6614 6607
6610 6628 6614
6628 6610 6620
6607 6614 6628
6599 6615 6618
6618 6615 6607
6602 6615 6599
6607 6615 6617
6609 6621 6604
6601 6624 6609
6617 6615 6602
6612 6598 6621
6625 6601 6609
6608 6607 6628
6633 6631 28859
6632 28860 28861
28862 6630 28863
6630 28862 6634
28864 28865 28866
6629 28867 28868
28869 28870 28871
28872 28873 28874
28875 28865 28864
6653 6648 6662
6648 6653 6637
6662 6638 6653
6654 6644 6643
6641 6664 6656
6642 6664 6657
6664 6642 6656
6640 6649 6635
6644 6663 6643
6643 6663 6659
6659 6648 6637
6648 6659 6663
6660 6657 6665
6657 6660 6642
6660 6665 6645
6661 6649 6640
6646 6649 6661
6655 6645 6644
6658 6649 6646
6641 6646 6664
6646 6662 6650
6647 6662 6648
6662 6647 6650
6664 6646 6650
6650 6657 6664
6657 6650 6647
6663 6647 6648
6647 6663 6651
6663 6644 6651
6647 6665 6657
6665 6647 6651
6644 6665 6651
6636 6655 6652
6655 6644 6652
6639 6636 6652
6644 6654 6652
6646 6641 6658
6638 6646 6661
6654 6639 6652
6649 6658 6635
6662 6646 6638
6645 6665 6644
28876 28877 28878
28879 28880 28881
6630 28882 28883
28882 6630 6634
28884 28885 28865
28886 28887 28888
28889 28890 28891
28872 28892 28893
28894 28884 28865
28895 6667 28896
28897 6670 28898
28899 6671 28900
28901 28902 6667
28903 6667 28895
28904 6669 28905
28906 6666 28907
6666 28908 28909
28906 28908 6666
6670 28910 28911
28912 6672 6670
6673 28913 28914
28900 6671 28915
28915 6671 28916
28917 28910 6670
28918 6666 28919
6666 28918 28920
6667 28902 28921
6667 28921 28905
28896 6669 28922
28922 6669 28904
28919 6666 6668
28909 6668 6666
28923 6668 28909
28924 6668 28923
28919 6668 28924
28896 6667 6669
28905 6669 6667
28925 6670 28897
6670 28925 28912
6671 28926 28927
6671 28927 28928
28917 6670 6672
28926 6673 28914
28899 28913 6673
28929 6672 28912
28930 6672 28929
28917 6672 28930
6671 6673 28926
28899 6673 6671
28931 28872 28893
28873 28872 28931
6674 6675 6676
28932 6677 28933
28934 6678 28935
28936 28937 28938
6679 6680 6681
28939 6682 28940
28941 6683 28942
28943 28944 28945
6688 6686 6687
6686 6688 6689
6692 6688 6691
6688 6692 6689
6688 6693 6694
6693 6688 6687
6691 6694 6695
6694 6691 6688
6685 28946 28947
28946 6685 6684
6685 28948 6690
28948 6685 28947
6698 6714 6697
6714 6698 6715
6703 6697 6702
6697 6703 6698
6705 6699 6704
6699 6705 6696
6703 6701 6698
6701 6703 6706
6716 6698 6701
6698 6716 6715
6700 6704 6699
6704 6700 6707
6708 6706 6703
6706 6708 6709
6710 6703 6702
6703 6710 6708
6712 6704 6711
6704 6712 6705
6707 6711 6704
6711 6707 6713
28949 6714 6715
6714 28949 28950
28951 6715 6716
6715 28951 28949
6801 6731 6813
6754 6740 6741
6740 6754 6739
6753 6746 6747
6746 6753 6745
6743 6750 6734
6750 6743 6751
6737 6741 6740
6741 6737 6735
6780 6752 6733
6752 6780 6742
6939 6752 6779
6752 6939 6733
6735 6738 6736
6738 6735 6737
6751 6747 6750
6747 6751 6753
6768 6758 6771
6758 6768 6757
6774 6759 6762
6759 6774 6760
6766 6763 6765
6763 6766 6764
6754 6745 6739
6745 6754 6746
6769 6771 6770
6771 6769 6768
6729 6954 6955
6954 6729 6953
6755 6773 6772
6773 6755 6756
6767 6772 6776
6772 6767 6755
6944 6765 6763
6765 6944 6945
6732 6778 6731
6778 6732 6777
6951 6744 6950
6744 6951 6949
6762 6775 6774
6775 6762 6761
6730 6736 6738
6736 6730 6749
6769 6767 6776
6767 6769 6770
6760 6756 6759
6756 6760 6773
6764 28952 28953
28952 6764 6766
6813 6790 6801
6790 6813 6815
6742 6953 6729
6953 6742 6780
6815 6816 6790
6816 6815 6814
6782 6792 6791
6792 6782 6781
6748 6794 6793
6794 6748 6783
6784 6794 6783
6794 6784 6795
6795 6785 6796
6785 6795 6784
6796 6789 6797
6789 6796 6785
6788 6797 6789
6797 6788 6798
6786 6956 6957
6956 6786 6799
6787 6799 6786
6799 6787 6800
6801 6950 6744
6950 6801 6790
6825 6722 6721
6722 6825 6824
6818 6720 6718
6720 6818 6817
6727 6947 6717
6947 6727 6819
6946 6819 6805
6819 6946 6947
6806 6822 6823
6822 6806 6811
6803 6817 6818
6817 6803 6802
6811 6821 6822
6821 6811 6810
6807 6824 6825
6824 6807 6808
6722 6823 6724
6823 6722 6824
6728 6819 6727
6819 6728 6820
6820 6805 6819
6805 6820 6804
6827 6720 6817
6720 6827 6725
6827 6802 6809
6802 6827 6817
6826 6721 6723
6721 6826 6825
6826 6809 6812
6809 6826 6827
6808 6823 6824
6823 6808 6806
6812 6825 6826
6825 6812 6807
6719 6820 6728
6820 6719 28954
28954 6804 6820
6804 28954 28955
6955 6799 6729
6799 6955 6956
6797 6737 6796
6737 6797 6738
6739 6795 6740
6795 6739 6794
6800 6729 6799
6729 6800 6742
6739 6793 6794
6793 6739 6745
6796 6740 6795
6740 6796 6737
6753 6791 6792
6791 6753 6751
6792 6745 6753
6745 6792 6793
6777 6779 6752
6779 6777 6732
6777 6742 6800
6742 6777 6752
6798 6738 6797
6738 6798 6730
6732 6744 6779
6744 6732 6801
6793 6781 6748
6781 6793 6792
6814 6791 6816
6791 6814 6782
6816 6751 6743
6751 6816 6791
6800 6778 6777
6778 6800 6787
6801 6732 6731
28956 6822 6821
6822 28956 6726
6724 6822 6726
6822 6724 6823
6723 6827 6826
6827 6723 6725
6897 6893 6896
6893 6897 6829
6835 6935 6836
6935 6835 6934
6838 6936 6937
6936 6838 6880
6841 6839 6842
6839 6841 6840
6843 6749 6844
6749 6843 6736
6890 6919 6877
6911 6835 6872
6760 6774 6860
6889 6853 6843
6853 6889 6854
6872 6836 6871
6836 6872 6835
6934 6851 6914
6859 6892 6768
6760 6860 6866
6878 6862 6776
6943 6763 6863
6763 6943 6944
6906 6852 6773
6855 6864 6907
6870 6880 6838
6880 6870 6879
6861 6829 6897
6764 6863 6763
6863 6764 6864
6830 6891 6865
28953 6858 6864
6883 6853 6854
6853 6883 6884
6869 6846 6892
6886 6869 6885
6891 6905 6865
6905 6891 6904
6846 6918 6919
6918 6846 6938
6773 6866 6906
6866 6773 6760
6865 6906 6866
6906 6865 6905
6840 6754 6839
6754 6840 6746
6867 6844 6848
6844 6867 6843
6832 6900 6896
6952 6780 6868
6780 6952 6953
6747 6840 6903
6840 6747 6746
6884 6735 6853
6735 6884 6741
6850 6840 6841
6839 6741 6884
6741 6839 6754
6733 6940 6831
6940 6733 6939
6780 6831 6868
6831 6780 6733
6895 6855 6952
6922 6834 6921
6834 6922 6833
6924 6882 6923
6882 6924 6837
6845 6925 6926
6925 6845 6888
6921 6857 6920
6857 6921 6834
6910 6926 6927
6926 6910 6845
6949 6832 6948
6832 6949 6951
6879 6870 6878
6872 6856 6852
6849 6904 6891
6904 6849 6902
6928 6874 6873
6874 6929 6875
6929 6874 6928
6876 6930 6931
6930 6876 6881
6877 6932 6933
6932 6877 6887
6853 6736 6843
6736 6853 6735
6894 6895 6831
6871 6879 6878
6871 6880 6879
6880 6871 6836
6836 6936 6880
6936 6836 6935
6875 6930 6881
6930 6875 6929
6923 6833 6922
6833 6923 6882
6842 6884 6883
6884 6842 6839
6885 6862 6870
6838 6885 6870
6885 6838 6886
6886 6937 6938
6937 6886 6838
6887 6931 6932
6931 6887 6876
6888 6924 6925
6924 6888 6837
6869 6859 6885
6889 6843 6867
6776 6856 6878
28957 6892 6847
6892 28957 28958
6898 6828 6863
6909 6952 6855
6855 6898 6864
6897 6896 6830
6850 6903 6840
6734 6899 6900
6899 6734 6750
6844 6901 6848
28959 6844 6749
6844 28959 6901
6902 6899 6903
6899 6902 6849
6750 6903 6899
6903 6750 6747
6902 6850 6920
6857 6873 6904
6913 6905 6904
6851 6911 6912
6902 6903 6850
6908 6847 6890
6847 6908 28957
6848 28960 6927
6768 6892 28958
6933 6890 6877
6908 6910 28960
6910 6908 6890
6772 6773 6852
6911 6852 6912
6848 6901 28960
6859 6769 6862
6768 28958 6757
6859 6768 6769
6869 6892 6859
6885 6859 6862
6912 6852 6906
6905 6912 6906
6772 6852 6856
6872 6871 6856
6911 6872 6852
6878 6870 6862
6871 6878 6856
6776 6862 6769
6776 6772 6856
6831 6895 6868
6948 6896 6893
6828 6943 6863
6943 6828 6942
6941 6831 6940
6831 6941 6894
6941 6828 6894
6828 6941 6942
6897 6860 6861
6898 6863 6864
6849 6900 6899
6894 6898 6895
6898 6894 6828
6855 6895 6898
6914 6913 6874
6914 6875 6915
6875 6914 6874
6915 6881 6916
6881 6915 6875
6917 6881 6876
6881 6917 6916
6918 6876 6887
6876 6918 6917
6919 6887 6877
6887 6919 6918
6913 6904 6873
6913 6851 6905
6919 6847 6846
6890 6847 6919
6911 6934 6835
6869 6938 6846
6774 6861 6860
6861 6774 6775
28953 6864 6764
6841 6920 6850
6920 6841 6921
6842 6921 6841
6921 6842 6922
6883 6922 6842
6922 6883 6923
6854 6923 6883
6923 6854 6924
6854 6925 6924
6925 6854 6889
6889 6926 6925
6926 6889 6867
6848 6926 6867
6926 6848 6927
6902 6920 6857
6927 28960 6910
6928 6833 6929
6833 6928 6834
6929 6882 6930
6882 6929 6833
6882 6931 6930
6931 6882 6837
6932 6837 6888
6837 6932 6931
6933 6888 6845
6888 6933 6932
6845 6910 6933
6933 6910 6890
6857 6904 6902
6928 6857 6834
6934 6915 6935
6915 6934 6914
6935 6916 6936
6916 6935 6915
6937 6916 6917
6916 6937 6936
6938 6917 6918
6917 6938 6937
6938 6869 6886
6934 6911 6851
6892 6846 6847
6851 6912 6905
6928 6873 6857
6874 6913 6873
6914 6851 6913
6829 6941 6893
6941 6829 6942
6942 6861 6943
6861 6942 6829
6775 6943 6861
6943 6775 6944
6761 6944 6775
6944 6761 6945
6803 6947 6946
6947 6803 6818
6818 6717 6947
6717 6818 6718
6896 6948 6832
6940 6893 6941
6893 6940 6948
6948 6939 6949
6939 6948 6940
6949 6779 6744
6779 6949 6939
6790 6743 6950
6743 6790 6816
6950 6734 6951
6734 6950 6743
6951 6900 6832
6900 6951 6734
28961 6749 6730
6749 28961 28959
6730 28962 28961
28962 6730 6798
28963 6798 6788
6798 28963 28962
6953 28964 6954
28964 6953 6952
6966 6959 6967
6959 6966 6958
6961 6958 6960
6958 6961 6959
6969 6960 6968
6960 6969 6961
6965 6962 6963
6962 6965 6964
6973 6962 6972
6962 6973 6963
6974 6964 6965
6964 6974 6975
6980 6967 6981
6967 6980 6966
6970 6969 6968
6969 6970 6971
6976 28965 28966
28965 6976 6977
6979 6972 6978
6972 6979 6973
6977 6975 6974
6975 6977 6976
6981 6978 6980
6978 6981 6979
6960 6767 6770
6767 6960 6958
6975 6945 6964
6945 6975 6765
6958 6755 6767
6755 6958 6966
6758 6968 6771
6968 6758 6970
6972 6761 6762
6761 6972 6962
6976 6765 6975
6765 6976 6766
6762 6978 6972
6978 6762 6759
6759 6980 6978
6980 6759 6756
6770 6968 6960
6968 6770 6771
6756 6966 6980
6966 6756 6755
28966 6766 6976
6766 28966 28952
6963 6802 6803
6802 6963 6973
6804 6974 6805
6974 6804 6977
6808 6967 6959
6967 6808 6807
28955 6977 6804
6977 28955 28965
6806 6959 6961
6959 6806 6808
6971 6811 6969
6811 6971 6810
6805 6965 6946
6965 6805 6974
6973 6809 6802
6809 6973 6979
6807 6981 6967
6981 6807 6812
6961 6811 6806
6811 6961 6969
6812 6979 6981
6979 6812 6809
6945 6962 6964
6962 6945 6761
6963 6946 6965
6946 6963 6803
6900 6830 6896
6849 6891 6830
6897 6830 6860
6860 6865 6866
6860 6830 6865
6849 6830 6900
6895 6952 6868
6909 28964 6952
6909 6855 28967
6855 6907 28967
6864 6858 6907
6994 6992 7004
6992 6994 7081
7011 7082 6996
7082 7011 6995
7000 7001 6999
7001 7000 6984
6997 7002 7003
7002 6997 6985
7006 7007 7005
6996 7007 7008
7007 6996 7005
6996 6988 7011
6988 6996 7008
7008 6989 6988
6989 7008 7012
6990 7012 7013
7012 6990 6989
7004 6986 6994
6986 7004 6987
7007 7012 7008
7012 7007 7015
7677 7015 7007
6991 7016 7105
7016 6991 7015
7015 7013 7012
7013 7015 6991
6982 7001 6984
7001 6982 6983
6993 7010 6992
7010 6993 7009
7010 7004 6992
7004 7010 7014
7017 7023 7019
7023 7017 6987
7004 7023 6987
7023 7004 7014
7014 6277 7023
6277 7014 6275
6994 6990 7013
6990 6994 6986
6998 6985 6997
6985 6998 7044
7002 6984 7000
6984 7002 6985
7005 6996 7082
6276 7018 7019
7018 6276 6280
6983 6281 7001
6281 6983 6272
6290 7020 7087
7020 6290 6274
6294 7010 7107
7010 6294 7014
7021 6278 6282
6278 7021 7022
7001 28968 6999
28968 7001 6281
7018 6278 7022
6278 7018 6280
28811 7009 28969
7019 6277 6276
6277 7019 7023
6748 7025 7024
7028 7026 7100
7026 7028 7027
7031 7085 7086
7085 7031 7030
7034 6781 6782
6781 7034 7025
7024 7038 7037
7038 7024 7036
6783 7024 7037
7024 6783 6748
7026 7036 7024
7036 7026 7027
6784 7040 6785
7040 6784 7041
6786 7033 6787
7033 6786 7030
7041 6783 7037
6783 7041 6784
7030 6957 7085
6957 7030 6786
6789 7029 6788
7029 6789 7043
7035 7037 7038
7037 7035 7041
6785 7043 6789
7043 6785 7040
7061 6787 7033
6787 7061 6778
7039 7041 7035
7041 7039 7040
7032 7043 7042
7043 7032 7029
7042 7040 7039
7040 7042 7043
7100 7025 7034
7025 7100 7026
7026 7024 7025
6748 6781 7025
6982 7044 7045
7044 6982 6985
7047 7046 7050
7052 7045 7051
7045 7052 6982
7046 6274 6284
6274 7046 7020
6285 7046 6284
7046 6285 7050
7053 7051 7083
7051 7053 7052
6272 7052 7053
7052 6272 6983
6288 7048 6287
7048 6288 7049
7053 7084 6286
7055 7056 7057
7056 7055 7068
6814 7058 7059
7058 6814 6815
6815 7054 7058
7054 6815 6813
7066 7060 7065
7060 7066 7064
6813 7067 7054
7067 6813 7062
7070 7068 7069
7068 7070 7056
7030 7063 7033
7063 7030 7031
7071 7072 7073
7072 7071 7074
7076 7073 7077
7073 7076 7071
7031 7047 7077
7047 7031 7122
7077 7050 7076
7050 7077 7047
7080 7049 7078
7049 7080 7048
6782 7059 7034
7059 6782 6814
7075 7078 7079
7078 7075 7080
7074 7062 7072
7062 7074 7067
7062 7061 7072
7064 7057 7060
7057 7064 7055
7069 7079 7070
7079 7069 7075
7066 7065 7028
7061 6731 6778
6731 7061 7062
7066 7028 7100
7017 7019 7018
7061 7033 7063
6813 6731 7062
7061 7073 7072
7073 7061 7063
7063 7077 7073
7077 7063 7031
6984 6985 6982
6994 6991 7081
6991 6994 7013
6995 6997 7082
6997 6995 6998
7082 7003 7679
7003 7082 6997
7052 6983 6982
7053 6286 6272
6286 7084 6289
7083 7084 7053
28970 6788 7029
6788 28970 28963
28971 7029 7032
7029 28971 28970
7021 28808 28972
28808 7021 6282
7088 6291 7089
6291 7088 6292
7098 7089 7099
7089 7098 7088
7092 7091 7093
7091 7092 7090
7102 7090 7101
7090 7102 7091
7103 7093 7104
7093 7103 7092
7095 7098 7099
7097 7094 7096
7094 7097 7095
7104 7096 7103
7096 7104 7097
7100 7102 7101
6292 7050 6285
7050 6292 7088
6287 7089 6291
7089 6287 7048
7055 7090 7092
7090 7055 7064
7096 7075 7069
7075 7096 7094
7076 7088 7098
7088 7076 7050
7048 7099 7089
7099 7048 7080
7098 7071 7076
7066 7100 7101
7092 7068 7055
7068 7092 7103
7064 7101 7090
7101 7064 7066
7069 7103 7096
7103 7069 7068
7034 7102 7100
7102 7034 7059
7091 7059 7058
7059 7091 7102
7058 7093 7091
7093 7058 7054
7054 7104 7093
7104 7054 7067
7097 7067 7074
7067 7097 7104
7080 7094 7099
7094 7080 7075
7095 7074 7071
7074 7095 7097
7081 7105 7106
7105 7081 6991
6992 7106 6993
7106 6992 7081
28973 7107 28811
6294 7107 28973
7046 7123 7020
7129 7108 7109
7108 7129 7128
7111 7108 7110
7108 7111 7109
7112 7111 7110
7111 7112 7113
7114 7113 7112
7113 7114 7115
7127 7115 7114
7115 7127 7126
7119 7116 7117
7116 7119 7118
7121 7117 7116
7117 7121 7120
7126 7118 7119
7118 7126 7127
7125 7120 7121
7120 7125 7124
28974 7123 7122
7123 28974 28975
7132 7129 7133
7129 7132 7128
7141 7131 7140
7131 7141 7130
7133 7130 7132
7130 7133 7131
7136 7135 7137
7135 7136 7134
6296 7135 7134
7135 6296 6295
7138 7137 7139
7137 7138 7136
7143 7139 7142
7139 7143 7138
7142 7140 7143
7140 7142 7141
7110 6988 6989
6988 7110 7108
7110 6990 7112
6990 7110 6989
6986 7112 6990
7112 6986 7114
7118 7022 7116
7022 7118 7017
7022 7121 7116
7121 7022 7021
7020 28975 7087
28975 7020 7123
7114 6987 7127
6987 7114 6986
7038 7126 7035
7126 7038 7115
7035 7119 7039
7119 7035 7126
7109 7027 7028
7027 7109 7111
7027 7113 7036
7113 7027 7111
7115 7036 7113
7036 7115 7038
7122 7086 28974
7086 7122 7031
7120 7042 7117
7042 7120 7032
7039 7117 7042
7117 7039 7119
7108 7011 6988
7011 7108 7128
7132 6998 6995
6998 7132 7130
7128 6995 7011
6995 7128 7132
7078 7134 7136
7134 7078 7049
6296 7049 6288
7049 6296 7134
7060 7131 7133
7131 7060 7057
7065 7129 7109
7083 7139 7137
7139 7083 7051
7057 7140 7131
7140 7057 7056
7056 7143 7140
7143 7056 7070
7045 7141 7142
7141 7045 7044
7070 7138 7143
7138 7070 7079
7065 7133 7129
7133 7065 7060
7065 7109 7028
7017 7127 6987
7127 7017 7118
7130 7044 6998
7044 7130 7141
7136 7079 7078
7079 7136 7138
7051 7142 7139
7142 7051 7045
7137 7084 7083
7084 7137 7135
7084 6295 6289
6295 7084 7135
7124 7032 7120
7032 7124 28971
28972 7121 7021
7121 28972 7125
7046 7122 7123
7122 7046 7047
7010 28811 7107
28811 7010 7009
7014 6294 6275
7271 7144 7146
7144 7271 7145
7147 7149 7148
7151 7153 7152
7153 7151 7150
7154 7156 7155
7156 7154 7185
7157 7146 7144
7146 7157 7221
7221 7158 7273
7158 7221 7157
7169 7159 7170
7159 7169 7147
7160 7162 7161
7164 7160 7165
7160 7164 7163
7165 7185 7164
7185 7165 7156
7168 7167 7166
7167 7168 7231
7171 6717 6718
6717 7171 7182
7173 6726 28956
6726 7173 7172
6728 7175 7174
7175 6728 6727
6725 7176 6720
7176 6725 7181
6722 7177 6721
7177 6722 7178
6724 7178 6722
7178 6724 7180
7177 6723 6721
6723 7177 7179
6726 7180 6724
7180 6726 7172
6725 7179 7181
7179 6725 6723
7176 7155 7171
7181 7157 7144
7156 7171 7155
7156 7182 7171
7182 7156 7165
7165 7175 7182
7175 7165 7160
7180 7168 7178
7168 7180 7169
7179 7166 7158
7166 7179 7177
7166 7178 7168
7178 7166 7177
28976 7174 7152
7160 7174 7175
7174 7160 7161
6718 7176 7171
7176 6718 6720
7155 7176 7145
7181 7179 7157
7179 7158 7157
7172 7169 7180
7169 7172 7147
7145 7154 7155
7154 7145 7271
7160 7163 7162
7152 7174 7161
7162 7152 7161
7152 7162 7151
7149 28977 28978
7147 7173 28977
7172 7173 7147
7181 7145 7176
7145 7181 7144
7182 6727 6717
6727 7182 7175
28976 6728 7174
6728 28976 6719
7166 7167 7158
7158 7167 7273
7231 7169 7170
7169 7231 7168
28979 7184 7183
7185 7183 7164
7163 7186 7162
7183 28980 28979
7183 7184 7164
7187 7164 7184
28979 7187 7184
7187 28979 28981
7183 7185 7188
28982 28983 7190
7191 28984 28985
28986 7192 7193
7192 28986 7191
7194 28982 7190
28987 7191 28985
7195 7196 7191
7198 7200 7199
7200 7198 7197
28988 7195 28987
7195 7201 7196
7201 7195 7202
28989 7198 7199
7204 7199 7200
7199 7204 7203
7205 7199 7203
28990 28989 7205
7202 28991 7206
7202 7207 7201
7207 7202 7206
7208 7210 7209
7213 7193 7192
7193 7213 7212
7190 7214 7194
7197 7215 7200
7215 7197 7216
7192 7217 7213
7217 7192 7196
7219 7196 7201
7196 7219 7217
7204 7200 7215
7218 7219 7207
7220 7222 7221
7149 7223 7148
7220 7221 7279
7159 7148 7224
7162 7225 7151
7227 28992 28993
28992 7227 7229
28994 7229 7228
7232 7233 7209
7234 7236 7235
7237 7238 7282
7239 7241 7240
7203 7243 7242
28995 7205 7242
7244 28991 28996
7207 7244 7239
7245 7233 7246
7235 7236 7247
7234 7249 7248
7249 7234 7235
7251 7250 7232
7250 7251 7252
7232 7247 7233
7252 7235 7250
7235 7252 7249
7229 7253 7228
7254 7220 7214
7279 7216 7220
7190 7228 7254
7212 7224 7255
7224 7212 7213
7279 7215 7216
7256 7213 7217
7213 7256 7224
7219 7257 7256
7258 7259 7238
7208 7260 7240
7204 7262 7258
7262 7204 7261
7263 7259 7248
7264 7230 7265
7261 7268 7262
7269 7151 7225
7151 7269 7150
7226 28997 7270
7229 7227 7154
7272 7146 7222
7146 7272 7271
7221 7273 7279
7251 7232 7209
28991 7244 7206
28991 7202 28988
7261 7215 7274
7238 28998 7282
7263 7238 7259
7238 7263 28998
28981 28999 7187
7275 7254 7253
7253 7254 7228
7226 7162 7186
7271 7272 7154
28980 7188 29000
7188 28980 7183
7266 7276 7233
7246 7247 7236
7257 7219 7218
7154 7272 7229
7223 28978 29001
28978 7223 7149
7225 29002 7269
29002 7225 7270
7223 29001 7255
28986 7193 29003
29004 29005 29006
29002 7211 29004
7211 29002 7270
7220 7216 7214
7194 7214 7197
7197 7189 7194
7189 7197 7198
29007 7189 7198
7163 7164 7187
29008 7186 28999
29000 7227 28993
7206 7244 7207
7162 7226 7225
7148 7223 7224
7251 7209 7210
7250 7247 7232
7235 7247 7250
7274 7215 7279
7204 7215 7261
7219 7256 7217
7207 7219 7201
7203 7242 7205
28995 28990 7205
7205 28989 7199
28989 29007 7198
29007 29009 7189
7195 7191 28987
7202 7195 28988
7226 7270 7225
7223 7255 7224
7220 7275 7222
7222 7146 7221
7163 7187 7186
28999 7186 7187
7185 7227 7188
7188 7227 29000
7185 7154 7227
7253 7222 7275
7222 7253 7272
7272 7253 7229
7256 7265 7159
7265 7257 7264
7159 7265 7170
7265 7230 7231
7224 7256 7159
7265 7231 7170
7278 7277 7274
7231 7230 7278
7230 7277 7278
7278 7167 7231
7167 7278 7279
7167 7279 7273
7245 7257 7266
7218 7266 7257
7262 7234 7259
7261 7274 7268
7274 7267 7268
7274 7277 7267
7218 7260 7266
7245 7246 7264
7257 7245 7264
7264 7280 7230
7230 7280 7277
7233 7247 7246
7233 7245 7266
7208 7209 7260
7266 7260 7276
7260 7209 7276
7276 7209 7233
7267 7277 7246
7277 7280 7246
7246 7280 7264
7246 7236 7267
7267 7236 7268
7262 7268 7281
7281 7236 7234
7234 7262 7281
7268 7236 7281
7259 7234 7248
7260 7207 7239
7239 7244 7241
7241 28996 29010
29011 7242 7237
7237 7243 7258
7203 7258 7243
7258 7203 7204
7242 7243 7237
7260 7218 7207
7258 7262 7259
7237 7258 7238
29011 7237 29012
29013 29014 7240
7240 7210 7208
7240 29014 7210
29013 7241 29010
7241 29013 7240
7260 7239 7240
28995 7242 29011
7265 7256 7257
28997 7211 7270
29015 28994 7228
7254 7275 7220
7190 7254 7214
7228 28983 29015
29009 29016 7189
7194 7189 29016
7214 7216 7197
7191 28986 28984
7196 7192 7191
7274 7279 7278
7149 7147 28977
7147 7148 7159
28976 7152 7153
7241 7244 28996
7211 29005 29004
29017 29006 29005
7211 29018 29005
7194 29016 28982
7190 28983 7228
28994 28992 7229
29019 7186 29008
7226 29019 28997
7186 29019 7226
28997 29018 7211
7282 28998 29012
7237 7282 29012
7301 7296 7310
7296 7301 7285
7310 7286 7301
7302 7292 7291
7289 7312 7304
7290 7312 7305
7312 7290 7304
7288 7297 7283
7292 7311 7291
7291 7311 7307
7307 7296 7285
7296 7307 7311
7308 7305 7313
7305 7308 7290
7308 7313 7293
7309 7297 7288
7294 7297 7309
7303 7293 7292
7306 7297 7294
7289 7294 7312
7294 7310 7298
7295 7310 7296
7310 7295 7298
7312 7294 7298
7298 7305 7312
7305 7298 7295
7311 7295 7296
7295 7311 7299
7311 7292 7299
7295 7313 7305
7313 7295 7299
7292 7313 7299
7284 7303 7300
7303 7292 7300
7287 7284 7300
7292 7302 7300
7294 7289 7306
7286 7294 7309
7302 7287 7300
7297 7306 7283
7310 7294 7286
7293 7313 7292
7318 29020 7316
7317 29021 29022
7315 29023 29024
29023 7315 7319
29025 29026 29027
7314 29028 29029
29030 29031 29032
29033 29034 29035
29036 29025 29027
7338 7333 7322
7333 7338 7347
7347 7338 7323
7339 7328 7329
7326 7341 7349
7327 7349 7341
7349 7327 7342
7325 7320 7334
7329 7328 7348
7328 7344 7348
7333 7344 7322
7344 7333 7348
7342 7345 7350
7345 7342 7327
7345 7330 7350
7346 7325 7334
7331 7346 7334
7340 7329 7330
7343 7331 7334
7326 7349 7331
7331 7335 7347
7332 7347 7335
7347 7332 7333
7349 7335 7331
7342 7335 7349
7335 7342 7332
7348 7332 7336
7332 7348 7333
7348 7336 7329
7332 7350 7336
7350 7332 7342
7329 7336 7350
7321 7337 7340
7340 7337 7329
7324 7337 7321
7329 7337 7339
7331 7343 7326
7323 7346 7331
7339 7337 7324
7334 7320 7343
7347 7323 7331
7330 7329 7350
29037 29038 29039
29040 29041 29042
29043 7315 29044
7315 29043 7319
29045 29027 29046
29047 29048 29049
29050 29051 29052
29033 29053 29054
29055 29027 29045
29056 29057 7352
29058 29059 7355
29060 29061 7356
29062 7352 29063
29062 29056 7352
29064 29065 7354
29066 29067 7351
7351 29068 29069
29070 7351 29069
7355 29059 29071
29072 7355 7357
7358 29073 29074
29061 29075 7356
29076 29077 7356
29078 7355 29071
29079 29080 7351
7351 29067 29079
7352 29081 29082
7352 29065 29081
29057 29083 7354
29083 29064 7354
29080 7353 7351
29068 7351 7353
29084 29068 7353
29085 29084 7353
29080 29085 7353
29057 7354 7352
29065 7352 7354
29086 29087 7355
7355 29072 29086
7356 29088 29089
7356 29077 29088
29078 7357 7355
29089 29073 7358
29060 7358 29074
29090 29072 7357
29091 29090 7357
29078 29091 7357
7356 29089 7358
29060 7356 7358
29092 29053 29033
29035 29092 29033
7359 7361 7360
29093 29094 7362
29095 29096 7363
29097 29098 29099
7364 7366 7365
29100 29101 7367
29102 29103 7368
29104 29105 29106
7371 7369 7372
7369 7371 7370
7374 7371 7372
7371 7374 7373
7375 7371 7376
7371 7375 7370
7373 7376 7371
7376 7373 7377
6685 29107 6684
29107 6685 29108
29109 6685 6690
6685 29109 29108
6332 6333 6334
7017 7018 7022
7392 7389 7382
7378 7380 7383
7380 7378 7379
7379 7384 7380
7384 7379 7385
7385 7391 7384
7391 7385 7390
7387 7388 7386
7388 7387 7389
7390 7386 7391
7386 7390 7387
7381 7388 7392
7392 7388 7389
7393 29110 7394
29111 29112 29113
29114 29115 29116
29117 29118 29113
7409 7399 7406
7395 7397 7396
7397 7395 7400
7401 7396 7397
7396 7401 7402
7408 7402 7401
7402 7408 7407
7405 7404 7403
7404 7405 7406
7403 7407 7408
7407 7403 7404
7398 7409 7405
7409 7406 7405
7410 7411 29119
29120 29121 29122
29123 29124 29125
29126 29121 29127
6414 6413 6410
7094 7095 7099
6413 6391 6386
7098 7095 7071
27061 29128 27059
29128 27061 29129
28148 28333 5302
28333 28148 28145
27067 27268 7417
27268 27067 4288
29130 7419 29131
7419 29130 28355
27269 29132 27274
5347 28359 28356
7413 4244 4246
5288 5303 7415
7416 27270 4093
7412 29133 27022
29134 28108 7418
29135 28089 7414
29136 4017 4289
29137 4245 27022
29138 4055 4093
5346 29139 29140
28089 29135 29141
28108 5112 29142
7420 7422 27064
7422 7420 27247
27066 7426 7427
7426 27066 27065
7430 7429 28151
7429 7430 28332
7435 28154 7434
28154 7435 28152
29136 4246 7421
4246 29136 4289
29137 27022 7423
7424 7425 29143
4093 27271 29138
5303 29140 29144
29140 5303 5346
29141 7431 28089
7432 5346 5347
28108 29142 28357
7436 27022 27000
4055 27022 7436
28108 28088 7437
5112 28108 7437
7439 29145 27073
29145 7439 29146
28159 28161 28163
28161 28159 7441
27284 4020 4271
5369 5328 28370
29147 27026 29148
28113 28369 29149
29150 7443 7445
7443 29150 29151
7447 29152 7449
29152 7447 29153
27082 29154 27283
27082 27283 4311
28368 5368 28169
28168 29155 28169
4066 7438 4089
29147 27282 27026
5146 29156 7440
29157 28113 29149
7450 4268 4115
4268 7451 4283
7451 4268 7450
4265 4283 7451
5324 5172 7452
5339 7452 7453
7452 5339 5324
5339 7453 5322
4267 27272 27257
5324 5317 28343
4290 3990 4289
5346 5309 5047
27068 7454 29158
28353 28156 7455
28156 28353 28352
27262 27266 4268
4269 29159 27262
5326 28349 29160
5326 5325 28349
7425 4290 29143
7432 7433 5346
7459 7456 7465
7457 7469 7462
7469 7457 7467
7473 7460 7468
7465 7460 7459
7460 7465 7468
7472 7467 7461
7467 7472 7474
7467 7457 7461
7462 7470 7463
7470 7462 7469
7463 7471 7464
7471 7463 7470
7464 7466 7458
7466 7464 7471
7473 7474 7472
7476 7465 7456
7475 7490 7482
7488 7483 7477
7477 7465 7476
7465 7477 7483
7487 7482 7489
7482 7487 7478
7482 7478 7475
7484 7479 7485
7486 7480 7481
7480 7486 7485
7466 7481 7458
7481 7466 7486
7488 7489 7483
7473 7468 7474
7488 7487 7489
7479 7490 7475
7490 7479 7484
7485 7479 7480
7493 7491 7492
7491 7493 7494
7495 7491 7494
7491 7495 7500
7499 7495 7496
7495 7499 7500
7498 7496 7497
7496 7498 7499
7503 7501 7502
7503 7508 7501
7508 7503 7504
7505 7508 7504
7508 7505 7507
7507 7505 7506
7512 7518 7509
7510 7522 7520
7522 7510 7515
7526 7521 7513
7513 7518 7512
7518 7513 7521
7525 7520 7527
7520 7525 7514
7520 7514 7510
7523 7515 7516
7515 7523 7522
7524 7516 7517
7516 7524 7523
7519 7517 7511
7517 7519 7524
7526 7525 7527
7529 7509 7518
7528 7535 7543
7541 7530 7536
7518 7530 7529
7530 7518 7536
7540 7535 7531
7535 7540 7542
7535 7528 7531
7532 7538 7533
7538 7532 7537
7533 7539 7534
7539 7533 7538
7534 7519 7511
7519 7534 7539
7541 7536 7542
7526 7527 7521
7541 7542 7540
7543 7532 7528
7532 7543 7537
7544 7546 7545
7546 7544 7547
7544 7548 7547
7548 7544 7553
7548 7552 7549
7552 7548 7553
7549 7551 7550
7551 7549 7552
7556 7555 7554
7556 7561 7557
7561 7556 7554
7558 7561 7560
7561 7558 7557
7560 7559 7558
7565 7571 7562
7563 7575 7573
7575 7563 7568
7579 7574 7566
7566 7571 7565
7571 7566 7574
7578 7573 7580
7573 7578 7567
7573 7567 7563
7576 7568 7569
7568 7576 7575
7577 7569 7570
7569 7577 7576
7572 7570 7564
7570 7572 7577
7579 7578 7580
7582 7562 7571
7581 7588 7596
7594 7583 7589
7571 7583 7582
7583 7571 7589
7593 7588 7584
7588 7593 7595
7588 7581 7584
7590 7591 7585
7586 7592 7587
7592 7586 7591
7587 7572 7564
7572 7587 7592
7594 7589 7595
7579 7580 7574
7594 7595 7593
7596 7585 7581
7585 7596 7590
7591 7586 7585
7597 7599 7598
7599 7597 7600
7597 7601 7600
7601 7597 7606
7601 7605 7602
7605 7601 7606
7602 7604 7603
7604 7602 7605
7609 7608 7607
7609 7614 7610
7614 7609 7607
7611 7614 7613
7614 7611 7610
7613 7612 7611
7618 7615 7624
7616 7628 7621
7628 7616 7626
7632 7619 7627
7624 7619 7618
7619 7624 7627
7631 7626 7620
7626 7631 7633
7626 7616 7620
7621 7629 7622
7629 7621 7628
7622 7630 7623
7630 7622 7629
7623 7625 7617
7625 7623 7630
7632 7633 7631
7635 7624 7615
7634 7649 7641
7647 7642 7636
7636 7624 7635
7624 7636 7642
7646 7641 7648
7641 7646 7637
7641 7637 7634
7644 7638 7639
7638 7644 7643
7645 7639 7640
7639 7645 7644
7625 7640 7617
7640 7625 7645
7647 7648 7642
7632 7627 7633
7647 7646 7648
7638 7649 7634
7649 7638 7643
7652 7650 7651
7650 7652 7653
7654 7650 7653
7650 7654 7659
7658 7654 7655
7654 7658 7659
7657 7655 7656
7655 7657 7658
7662 7660 7661
7662 7667 7660
7667 7662 7663
7664 7667 7663
7667 7664 7666
7666 7664 7665
7668 3757 3758
29161 26805 26807
7673 4815 4814
27894 27897 29162
26707 7670 7671
7670 26707 26695
7675 27798 7674
27798 7675 27786
29163 26803 29161
27894 29162 27895
3673 7668 7669
4730 7673 4814
26807 26800 26803
27895 27891 27896
26801 26810 26802
27896 27891 27893
26848 26850 29164
27939 27941 29165
26948 26847 29166
28040 28041 29167
6671 28928 28916
29075 29076 7356
6670 28911 28898
29087 29058 7355
6666 28920 28907
29070 29066 7351
28903 28901 6667
7352 29082 29063
6321 6322 29168
6322 6330 29168
7677 7016 7015
7006 7677 7007
29169 6318 28805
7005 7082 7679
7682 7680 7683
5856 2356 7684
5856 7684 29170
7685 7680 7686
7686 7680 7687
7687 7680 7688
7688 7680 7689
7689 7680 7690
7691 7680 7692
7693 7680 7685
7692 7680 7682
7690 7680 7691
7694 7680 7695
29171 7681 7694
7681 7680 7694
7697 7680 7698
7699 7680 7697
7700 7680 7699
7701 7680 7700
7702 7680 7701
7703 7680 7704
7698 7680 7693
7695 7680 7703
7704 7680 7702
7683 7680 7681
29172 7696 5945
29173 29174 7681
29175 29176 7681
29177 29175 7681
29174 29177 7681
29178 29173 7681
7683 7681 29179
29180 29181 7681
29176 29180 7681
29181 29179 7681
29182 7681 29183
29184 7681 29185
29186 7681 29184
29183 7681 29186
29178 7681 29182
7696 2357 5945
29187 7681 29188
29185 7681 29187
29188 7681 29171
7708 7721 7724
7723 7721 7722
7721 7723 7724
7720 7722 7717
7722 7720 7723
7719 7717 7718
7717 7719 7720
7707 7718 7705
7718 7707 7719
7710 7705 7709
7705 7710 7707
7712 7709 7711
7709 7712 7710
7716 7711 7713
7711 7716 7712
7715 7713 7714
7713 7715 7716
7706 7715 7714
7732 29189 7731
29189 7732 29190
29191 7730 29192
7730 29191 7729
29193 29194 7733
7728 29195 7727
29195 7728 29196
29197 7725 29198
29196 7729 29191
7729 29196 7728
7727 29199 7726
29199 7727 29195
29199 7725 7726
7725 29199 29198
29192 7731 29189
7731 29192 7730
29190 7733 29194
7733 29190 7732
29200 7725 29197
7725 29201 7726
29201 7725 29200
29202 7726 29201
7726 29202 7727
29203 7727 29202
7727 29203 7728
29203 7729 7728
7729 29203 29204
29204 7730 7729
7730 29204 29205
7731 29205 29206
29205 7731 7730
29206 7732 7731
7732 29206 29207
7732 29208 7733
29208 7732 29207
29193 7733 29208
7737 7753 7750
7752 7750 7753
7750 7752 7751
7749 7751 7752
7751 7749 7746
7748 7746 7749
7746 7748 7747
7736 7747 7748
7747 7736 7734
7739 7734 7736
7734 7739 7738
7741 7738 7739
7738 7741 7740
7745 7740 7741
7740 7745 7742
7744 7742 7745
7742 7744 7743
7735 7743 7744
7761 29209 29210
29209 7761 7760
7759 29211 29212
29211 7759 7758
29213 7762 29214
7757 29215 29216
29215 7757 7756
29217 29218 7754
7758 29216 29211
29216 7758 7757
7756 29219 29215
29219 7756 7755
29219 7754 29218
7754 29219 7755
7760 29212 29209
29212 7760 7759
7762 29210 29214
29210 7762 7761
29220 29217 7754
29221 7754 7755
7754 29221 29220
7755 29222 29221
29222 7755 7756
7756 29223 29222
29223 7756 7757
7758 29223 7757
29223 7758 29224
7759 29224 7758
29224 7759 29225
7760 29225 7759
29225 7760 29226
29226 7761 29227
7761 29226 7760
29228 7761 7762
7761 29228 29227
29213 29228 7762
331 31 25085
31 331 17
25084 39 33
25076 59 25077
25075 24468 25078
24468 25075 24469
24113 29 24114
29 24113 25079
25072 54 53
1517 1511 1719
1518 1514 1517
1519 1517 1703
1521 1519 1707
1519 1520 1518
1518 24766 1515
1514 1515 1510
1506 1510 1504
1511 1514 1506
1633 1649 1625
1627 1625 1618
1510 1647 1633
1495 1627 1622
1510 1633 1627
24766 24804 1647
1507 1506 1498
1622 1618 1610
1495 1498 1504
1511 1717 1718
1700 1697 1699
1617 1602 1597
1617 1609 1602
1602 1609 1593
1597 1602 1593
1802 1709 1704
1806 1714 1709
1715 1714 1806
1803 1804 1802
1807 1806 1804
1807 1808 1806
1778 1803 1801
1780 1805 1803
1780 1807 1805
1568 1809 1807
1801 1802 1800
1800 1802 1701
1701 1702 1699
1868 1870 1871
