byte offset: 0
first index: 43845
index count: 53274
topology: trianglelist
format: DXGI_FORMAT_R16_UINT

7865 7803 7804
7799 7789 7807
7793 7808 7795
7808 7799 7807
7797 29229 7798
29229 7797 7794
7796 7792 7806
7805 7806 7797
7799 7788 7787
7788 7799 7802
7799 7803 7802
7803 7799 7800
29230 7803 7800
7803 29230 7804
29231 7794 7797
7809 7861 7862
7806 7863 7864
29232 29231 7862
7796 7806 7805
7861 7797 7806
7807 7789 7846
7808 7807 7848
7793 7800 7808
7862 29231 7809
7790 7866 7867
7802 7866 7788
7802 7868 7866
7868 7803 7865
7788 7866 7790
7790 7867 7869
7864 7861 7806
7806 7870 7863
7803 7868 7802
7809 29231 7797
7797 7861 7809
7810 7792 7811
7792 7810 7870
7812 7846 7847
7846 7812 7801
7814 7798 7813
7798 7814 7805
7815 7792 7796
7792 7815 7811
7816 7848 7849
7848 7816 7795
7817 7795 7816
7795 7817 7793
29233 7798 29229
7798 29233 7813
7815 7805 7814
7805 7815 7796
7872 7881 7871
7822 7819 7856
7819 7818 7856
7828 7844 7851
7874 7878 7873
7874 29234 7825
7831 7825 29234
7825 7831 7821
7825 7824 7826
7826 7874 7825
7827 7875 7876
7823 7827 7876
7875 7829 7877
7829 7875 7827
7827 7828 7829
7822 7830 7852
7829 7872 7877
7832 7821 7831
7821 7832 7833
7834 7821 7833
7821 7834 7824
29235 7831 29234
7831 29235 7832
7824 7825 7821
7836 7852 7854
7852 7836 7822
7837 7822 7836
7822 7837 7819
7853 7844 7845
7844 7853 7851
7820 7839 7838
7835 7843 7842
7879 7873 7878
7873 7879 29236
7835 7824 7834
7824 7835 7842
29236 7879 7880
7842 7841 7840
7841 7842 7843
29237 7880 7841
7880 29237 29236
7843 29237 7841
29237 7843 7820
7840 7826 7824
7835 7820 7843
7820 7835 7839
29238 7858 7776
29239 29240 7777
29241 7778 7783
7777 29238 7776
29238 7777 29240
29242 29239 7778
29241 29242 7778
29243 29244 7784
29245 7784 7780
7779 29244 29246
29247 29248 29249
29250 29251 29252
29244 7779 7784
29253 29254 29255
29256 29247 29249
29245 7780 29257
29254 29253 7781
7820 7845 7844
7845 7820 7838
7844 7823 7820
7828 7823 7844
7786 7847 7846
7847 7786 7791
7812 7848 7801
7848 7812 7849
7846 7789 7786
7807 7846 7801
7848 7807 7801
7808 7848 7795
29230 7800 7793
7775 7860 7763
7776 7858 7775
7805 7797 7798
7806 7792 7870
7778 29239 7777
29258 7785 7782
7785 29258 29259
29260 29258 7782
7850 7819 7837
7819 7850 7818
7829 7828 7830
29254 7781 29261
7854 7851 7853
7851 7854 7852
7851 7852 7828
29261 7781 29259
7852 7830 7828
7784 29245 29243
7855 7872 7829
7856 7855 7829
7822 7856 7830
7828 7827 7823
29262 7782 7857
7782 29262 29260
29263 7882 29264
7840 7824 7842
7856 7818 7855
7856 7829 7830
29238 29265 7858
29265 29266 7858
7859 7858 29266
7859 29266 29267
29267 29268 7859
7860 7859 29268
7860 29268 29269
7775 7858 7859
7775 7859 7860
7800 7799 7808
7799 7787 7789
7779 29246 29270
7874 7826 7878
7840 7878 7826
7878 7840 7879
7841 7879 7840
7879 7841 7880
7855 7881 7872
7881 7855 7818
7881 7818 7850
29262 7882 29263
29262 7857 7882
7785 29259 7781
7955 7895 7894
7890 7898 7789
7884 7886 7899
7899 7898 7890
29271 7888 7889
7888 29271 7885
7887 7897 7883
7896 7888 7897
7788 7890 7787
7890 7788 7893
7890 7894 7891
7894 7890 7893
7894 29272 7891
29272 7894 7895
29273 7888 7885
7900 7952 7951
7897 7954 7953
29274 7952 29273
7887 7896 7897
7951 7897 7888
7898 7937 7789
7899 7939 7898
7884 7899 7891
7952 7900 29273
7790 7957 7956
7893 7788 7956
7893 7956 7958
7958 7955 7894
7788 7790 7956
7790 7869 7957
7954 7897 7951
7897 7953 7959
7894 7893 7958
7900 7888 29273
7888 7900 7951
7883 7901 7902
7901 7883 7959
7937 7903 7938
7903 7937 7892
7889 7905 7904
7905 7889 7896
7906 7883 7902
7883 7906 7887
7939 7907 7940
7907 7939 7886
7886 7908 7907
7908 7886 7884
29275 7889 7904
7889 29275 29271
7896 7906 7905
7906 7896 7887
7961 7960 7970
7913 7947 7910
7910 7947 7909
7919 7942 7935
7963 7962 7967
7963 7916 29276
7922 29276 7916
7916 7912 7922
7916 7917 7915
7917 7916 7963
7918 7965 7964
7914 7965 7918
7964 7920 7918
7920 7964 7966
7918 7920 7919
7913 7943 7921
7920 7966 29277
7923 7912 7924
7912 7923 7922
7912 7925 7924
7925 7912 7915
29278 7922 7923
7922 29278 29276
7915 7912 7916
7943 7927 7945
7927 7943 7913
29279 7928 29280
7928 29279 29281
7944 7935 7942
7935 7944 7936
7911 7929 7930
7926 7933 7934
7962 7968 7967
7968 7962 29282
7915 7926 7925
7926 7915 7933
29282 7969 7968
7933 7932 7934
7932 7933 7931
7969 29283 7932
29283 7969 29282
7934 29283 7911
29283 7934 7932
7931 7915 7917
7926 7911 7930
7911 7926 7934
29284 7765 7949
29285 7766 29286
29287 7772 7767
29284 7766 7765
7766 29284 29286
29288 7767 29285
29287 7767 29288
29289 7773 29290
29291 7769 7773
7768 29292 29290
29293 29294 29295
29296 29297 29298
29290 7773 7768
29299 29300 29301
29302 29294 29293
29291 29303 7769
29301 7770 29299
7936 7911 7935
7911 7936 7929
7935 7911 7914
7919 7935 7914
7786 7938 7791
7938 7786 7937
7939 7903 7892
7903 7939 7940
7937 7786 7789
7898 7892 7937
7939 7892 7898
7899 7886 7939
29272 7884 7891
7764 29304 7860
7765 7764 7949
7896 7889 7888
7897 7959 7883
7767 7766 29285
29305 7771 7774
7774 29306 29305
29307 7771 29305
29281 7941 7928
7941 29281 29308
7920 7921 7919
29301 29309 7770
7942 7945 7944
7945 7942 7943
7942 7919 7943
29309 29306 7770
7943 7919 7921
7773 29289 29291
7946 7920 29277
7947 7920 7946
7913 7921 7947
7919 7914 7918
29310 7948 7771
7771 29307 29310
29311 29312 7971
7931 7933 7915
7947 7946 7909
7947 7921 7920
29284 7949 29313
29313 7949 29314
7950 29314 7949
7950 29315 29314
29315 7950 29316
7860 29316 7950
7860 29269 29316
7764 7950 7949
7764 7860 7950
7891 7899 7890
7890 7789 7787
7768 29317 29292
7963 7967 7917
7931 7967 7968
7967 7931 7917
7968 7932 7931
7932 7968 7969
29318 7961 7970
7970 29308 29318
7970 7941 29308
29310 29311 7971
29310 7971 7948
7774 7770 29306
29319 29320 7972
29320 29319 29321
29322 29323 29324
29323 29322 29325
29326 29327 29328
29327 29326 29329
29330 29329 29326
29329 29330 29331
29332 29333 29334
29333 29332 29335
29336 29337 29338
29337 29336 29339
29340 29341 29338
29342 29340 29343
29340 29342 29341
29344 29345 29346
29338 29341 29336
29347 29348 7973
29348 29347 29349
29322 29349 29328
29349 29322 29348
29327 7974 29328
29350 29327 29351
29327 29350 29325
29352 29353 29354
29353 29352 29355
29356 29357 29358
29357 29356 29359
29336 29360 29361
29360 29336 29341
29362 29340 29338
29340 29362 29363
29364 29365 29366
29327 29325 7974
29366 29367 29364
29366 29368 29367
29369 29370 29344
29346 29369 29344
29371 29372 29373
29372 29371 29369
29374 29375 29367
29375 29374 29376
29377 29378 29379
29380 29377 29381
29377 29382 29381
29377 29379 29382
29368 29374 29367
29348 29383 7973
7972 29384 29319
29369 29371 29370
7974 29322 29328
29325 29322 7974
29385 29386 29387
29386 29385 7975
29388 29389 29390
29389 29388 29391
29392 29393 29394
29393 29392 29395
29396 29395 29397
29395 29396 29393
29398 29399 29400
29399 29398 29401
29402 29403 29404
29403 29402 29405
29406 29404 29407
29406 29408 29409
29408 29406 29407
29410 29411 29412
29404 29403 29407
29413 29414 7976
29414 29413 29415
29388 29415 29413
29415 29388 29394
29392 29394 7977
29416 29392 29390
29392 29416 29417
29418 29419 29420
29419 29418 29421
29422 29423 29424
29423 29422 29425
29426 29403 29427
29403 29426 29407
29406 29428 29404
29428 29406 29429
29430 29431 29432
29392 7977 29390
29431 29430 29433
29431 29433 29434
29435 29410 29436
29411 29410 29435
29437 29438 29439
29438 29437 29435
29440 29441 29442
29441 29440 29433
29443 29444 29445
29446 29447 29443
29443 29447 29448
29443 29448 29444
29434 29433 29440
29413 7976 29449
7975 29385 29450
29435 29436 29438
7977 29394 29388
29390 7977 29388
7992 8033 8031
8033 7992 7993
7993 8032 8033
8032 7993 7980
7994 29451 29452
29451 7994 7983
29452 7995 7994
7995 29452 29453
7997 7996 8030
7984 7983 7994
7996 7997 8029
7999 7981 7998
7984 7996 8041
8002 7979 7985
7979 8002 8003
7989 7981 8000
7981 7989 7982
8035 8009 8034
8034 8008 8026
7992 8087 8088
8087 7992 8031
29453 8089 7995
8089 29453 29454
7999 8027 8028
8045 8016 8073
8015 8100 8016
8001 8090 8091
7981 8024 8025
8029 8040 8041
7985 8020 8021
8020 7985 7979
8021 8022 8058
8052 8024 7982
8017 8003 8002
8003 8017 8004
8021 8036 8037
8036 8021 8020
8022 8037 8038
8037 8022 8021
8001 8072 7991
8023 8005 8014
8022 8039 8024
8039 8022 8038
8025 8039 8040
8000 7999 8007
8030 8027 7997
8027 8092 8093
8095 8035 8094
8027 7998 7997
8025 8029 7998
7995 8096 8030
8096 7995 8089
8096 8092 8030
8030 7996 7995
8087 8072 8091
7978 8033 8032
8033 7978 7991
8091 8072 8001
8097 8098 8071
8028 8035 8007
8094 8028 8093
8034 8006 8007
8076 8060 8075
8060 8076 8059
8077 8059 8076
8059 8077 8061
8062 8085 8086
8085 8062 8063
29455 8062 8086
8062 29455 29456
8082 8064 8065
8064 8082 8083
8081 8065 8066
8065 8081 8082
8081 8067 8080
8067 8081 8066
8080 8068 8079
8068 8080 8067
8079 8069 8078
8069 8079 8068
8078 8061 8077
8061 8078 8069
8023 8045 8004
7998 8027 7999
7996 7994 7995
7991 8031 8033
8015 8099 8100
8101 8053 8013
8053 8101 8102
7989 8050 8051
8050 7989 8019
8018 8057 7987
8057 8018 8056
7987 8058 7986
8058 7987 8057
7982 8051 8052
8051 7982 7989
8103 8047 8010
8047 8103 8104
8005 8004 8017
8004 8005 8023
8014 8015 8016
8023 8014 8016
8010 8008 8009
8008 8010 8011
8011 8047 8048
8047 8011 8010
8008 7990 8026
7990 8008 8011
8010 8095 8103
8095 8010 8009
8013 8054 8012
8054 8013 8053
8011 8049 7990
8049 8011 8048
8026 8019 8006
8019 8026 7990
8034 8026 8006
8056 7988 8055
7988 8056 8018
8055 8012 8054
8012 8055 7988
7990 8050 8019
8050 7990 8049
8019 8000 8006
8000 8019 7989
8000 7981 7999
8000 8007 8006
7984 7994 7996
8041 7996 8029
8029 7997 7998
8025 8040 8029
8025 7998 7981
8025 8024 8039
7981 7982 8024
8034 8009 8008
8007 8035 8034
7999 8028 8007
8030 8092 8027
8009 8035 8095
8094 8035 8028
8027 8093 8028
8063 8084 8085
8084 8063 8070
8043 7978 8042
7978 8043 7991
8046 7991 8043
7991 8046 8001
8074 8071 8044
8074 8045 8073
8045 8074 8044
8020 8042 8036
8042 8020 8043
8003 8046 7979
8046 8003 8044
7979 8043 8020
8043 7979 8046
8083 8070 8064
8070 8083 8084
8044 8004 8045
8004 8044 8003
8101 8047 8104
8047 8101 8013
8047 8012 8048
8012 8047 8013
8048 7988 8049
7988 8048 8012
8049 8018 8050
8018 8049 7988
8050 7987 8051
7987 8050 8018
8051 7986 8052
7986 8051 7987
8022 8024 8052
8053 8014 8054
8014 8053 8015
8005 8054 8014
8054 8005 8055
8017 8055 8005
8055 8017 8056
8056 8002 8057
8002 8056 8017
8057 7985 8058
7985 8057 8002
8022 8052 7986
8058 8022 7986
8021 8058 7985
8023 8016 8045
8102 8015 8053
8015 8102 8105
8099 8015 8105
8046 8044 8071
8046 8071 8001
8072 8087 8031
7991 8072 8031
8001 8098 8090
8073 8100 8106
8097 8073 8106
8073 8097 8074
8071 8074 8097
8073 8016 8100
8001 8071 8098
7983 8075 29451
8075 7983 8076
7984 8076 7983
8076 7984 8077
8041 8077 7984
8077 8041 8078
8040 8078 8041
8078 8040 8079
8039 8079 8040
8079 8039 8080
8038 8080 8039
8080 8038 8081
8038 8082 8081
8082 8038 8037
8037 8083 8082
8083 8037 8036
8036 8084 8083
8084 8036 8042
8085 8042 7978
8042 8085 8084
8085 8032 8086
8032 8085 7978
7980 8086 8032
8086 7980 29455
8517 8354 8136
8354 8517 8516
8335 8164 8165
8158 8167 8168
8167 8158 8357
8139 8135 8285
8356 8142 8355
8142 8356 8143
8357 8143 8356
8143 8357 8158
8282 8319 8316
8319 8282 8283
8279 8281 8278
8281 8279 8284
8133 8280 8277
8280 8133 8145
8145 8152 8153
8152 8145 8133
8146 29457 29458
29457 8146 8288
8291 8293 8290
8293 8291 8147
8318 8131 8317
8131 8318 8148
8293 8147 8149
8139 8286 8150
8151 29459 8287
29459 8151 29460
8153 29460 8151
29460 8153 8152
29461 8139 8150
29462 8154 29461
8146 29458 8156
8156 29458 8155
8157 8140 8141
8139 8157 8141
8157 8139 8154
29461 8154 8139
8162 8161 8134
8163 29463 8166
8305 8306 8110
8111 8313 8115
29464 8167 29465
29466 8168 29467
8302 8303 8114
8114 8300 8301
8171 8172 8176
8120 8170 8118
8170 8120 8171
8176 8170 8171
8170 8176 8169
29468 8530 29469
29468 8531 8530
8531 29468 29470
29470 8532 8531
8532 29470 29471
8533 29471 29472
29471 8533 8532
8172 8171 8121
8122 8172 8121
8172 8122 8175
8123 8175 8122
8175 8123 8174
8124 8173 8174
8173 8124 8519
8177 8273 8524
8528 8174 8529
8174 8528 8175
8175 8527 8172
8527 8175 8528
8176 8172 8527
8526 8169 8176
8169 8526 8525
8177 8518 29473
8144 8149 8178
29474 8298 8299
8114 29475 8300
8129 8294 8108
8116 8294 8295
8116 8296 8117
8294 8116 8108
8109 8309 8310
8309 8109 29476
8308 8309 29476
8112 8310 8311
8310 8112 8109
8312 8112 8311
8112 8312 8113
8204 8213 8334
8213 8204 8205
8215 8207 8214
8207 8215 8211
8275 8211 8215
8191 8263 8204
8200 8271 8205
8209 8194 8191
8196 8207 8211
8207 8196 8189
8211 8197 8196
29477 8195 8206
8351 8352 29477
8198 8210 8195
29478 8351 8212
8334 8206 8333
8206 8334 8213
8215 8214 8208
29479 8262 29480
8262 29479 8180
8179 29481 29482
29481 8179 8270
8182 8201 8181
8201 8182 8190
8181 29483 8183
29483 8181 8201
8180 29484 8184
29484 8180 29479
8182 29484 8190
29484 8182 8184
8185 29483 29485
29483 8185 8183
8186 29485 29486
29485 8186 8185
8272 29486 8216
29486 8272 8186
8220 8199 8235
8324 8322 8221
8223 8127 8126
8223 8233 8234
8233 8223 8227
8227 8232 8233
8232 8227 8225
8217 8126 8125
8126 8217 8223
8222 8225 8227
8225 8222 8218
8222 8223 8217
8223 8222 8227
8226 8235 8324
8220 8250 8230
8323 8224 8228
8324 8228 8226
8226 8233 8232
8233 8226 8228
8228 8234 8233
8130 8234 8224
8234 8130 8127
8236 29487 8128
29487 8236 29488
8237 29489 8238
29489 8237 29490
8238 29488 8236
29488 8238 29489
8239 8243 8219
8193 29491 29492
29492 29493 8193
29493 29492 29494
29494 8241 29493
8241 29494 8231
8229 8241 8231
8241 8229 8242
29495 8242 8229
8242 29495 29496
8249 8244 8245
8244 8249 8248
8247 8245 8244
8245 8247 8246
8250 8246 8247
8246 8250 8251
8253 29497 29498
29497 8253 8252
8225 8246 8232
8246 8225 8245
8244 29499 8247
29499 8244 29500
8248 29500 8244
29500 8248 29501
8218 8245 8225
8245 8218 8249
8230 8247 29499
8247 8230 8250
8251 8232 8246
8232 8251 8226
8239 29497 8252
29497 8239 8219
8253 29490 8237
29490 8253 29498
8250 8235 8251
8235 8250 8220
8235 8226 8251
8254 8256 8255
8258 29502 29503
29502 8258 8257
8254 29504 29505
29504 8255 29506
8240 29502 8257
29502 8240 29507
8241 8254 29505
8254 8241 8242
8242 8256 8254
8256 8242 29496
8243 8258 29503
8258 8243 8239
29505 29493 8241
29508 29509 8259
29510 29511 29512
29513 29514 29512
29511 29513 29512
29515 29516 8107
29517 29518 8276
29518 29515 8107
29517 29515 29518
29519 29508 8259
29520 8314 8315
29507 8240 29521
29514 29517 29512
29522 29520 8315
29523 8212 8203
8203 8269 29523
8261 8265 8266
8265 8261 29524
8187 29525 8188
8179 29480 8262
29480 8179 29482
8205 8263 8200
8204 8263 8205
8260 8267 8264
8267 8260 8187
29523 29526 29527
29528 29523 29529
8266 8264 8267
8264 8266 8265
29523 29528 29526
29524 8268 29530
29524 8261 8268
8187 8260 29525
29523 8269 29529
29523 29478 8212
8270 8188 29481
8188 8270 8187
8209 8191 8204
8134 29531 8140
8312 29522 8315
29522 8312 29532
8117 8296 8297
8307 8110 8306
8110 8307 8111
8173 8358 8174
8321 29533 29534
29533 8321 8320
8298 8117 8297
8117 8298 29474
8255 29504 8254
8211 8275 8197
29520 29519 8314
8259 8314 29519
29517 8276 29512
8279 8277 8280
8277 8279 8278
8166 29463 29535
8110 8114 8304
29462 29463 8163
8114 8303 8304
8283 8281 8284
8281 8283 8282
8159 29536 29537
8288 29459 29457
29459 8288 8287
8139 8285 8286
8148 8289 8131
8289 8148 8292
29538 8168 8167
8292 8290 8289
8290 8292 8291
8168 29538 29467
8114 8301 8302
8149 8144 8293
29539 8168 29466
29540 8298 29541
8298 29540 8299
29542 29475 29543
29475 29542 8300
29544 8300 29542
8300 29544 8301
8302 8301 29544
29544 29545 8302
8302 29546 29547
8303 29548 29549
29549 8304 8303
8304 29549 29550
29551 8304 29550
8305 29551 29552
29552 29553 8305
29553 8306 8305
8307 8306 29554
29554 29555 8307
8307 29555 29556
29556 8313 8307
8313 29557 29558
29558 29557 29559
29559 29560 29558
29561 29562 8308
29562 29563 8308
8308 29563 29564
8308 29564 29565
8308 29565 29566
29567 8308 29568
29569 8308 29567
29570 8308 29569
8308 29570 29571
29571 29572 8308
8308 29572 29573
8309 8308 29573
29573 29574 8309
8310 29574 29575
8311 8310 29575
29576 8311 29577
29532 8312 29576
29547 29578 8302
29553 29554 8306
8305 8304 29551
8309 29574 8310
8311 29575 29577
29557 8313 29556
8115 8313 29558
8307 8313 8111
8312 8311 29576
29579 8314 8259
8315 8314 29579
8312 8315 8113
8315 29579 8113
8302 29545 29546
8302 29580 8303
8319 8317 8316
8317 8319 8318
8160 29581 29465
29465 8167 8160
29582 29472 29583
8978 8320 8321
8320 8978 8976
29472 29582 29584
8298 29585 29541
8199 8322 8235
8322 8324 8235
8324 8323 8228
8323 8324 8221
8224 8234 8228
8223 8234 8127
8198 8202 8192
8325 29586 29587
8325 8208 8326
8208 8325 29587
8326 8214 8327
8214 8326 8208
8207 8327 8214
8327 8207 8328
8328 8189 29588
8189 8328 8207
8325 8202 29586
8202 8325 8192
8326 8192 8325
8192 8326 8329
8327 8329 8326
8329 8327 8330
8328 8330 8327
8330 8328 8331
8331 29588 29589
29588 8331 8328
8210 8198 8192
8210 8192 8329
8330 8210 8329
8210 8330 8332
8331 8332 8330
8332 8331 8209
8331 8194 8209
8194 8331 29589
8195 8210 8333
8332 8333 8210
8333 8332 8334
8334 8209 8204
8209 8334 8332
8355 8136 8354
8136 8355 8142
8157 8162 8140
8162 8157 8338
8154 8338 8157
8338 8154 8163
8154 29462 8163
8161 8335 8165
8339 8335 8162
8339 8338 8340
8338 8339 8162
8163 8340 8338
8340 8163 8166
8336 8164 8335
8341 8335 8339
8335 8341 8336
8341 8340 8342
8340 8341 8339
8166 8342 8340
8342 8166 8159
8166 29535 8159
29536 8159 29535
8161 8162 8335
8343 8164 8336
8164 8343 8137
8344 8343 8336
8344 8341 8345
8341 8344 8336
8342 8345 8341
8345 8342 8346
8346 8159 8347
8159 8346 8342
29537 8347 8159
8137 8337 8138
8337 8137 8343
8343 8348 8337
8348 8343 8344
8345 8348 8344
8348 8345 8349
8346 8349 8345
8349 8346 8350
8347 8350 8346
8350 8347 8160
8160 8347 29537
29581 8160 29537
8162 8134 8140
29477 8206 8351
8351 8213 8212
8213 8351 8206
8205 8212 8213
8212 8205 8203
8205 8271 8203
29590 8203 8271
29478 8352 8351
8140 29531 8141
8206 8195 8333
8203 29590 8269
8524 8529 8358
8138 8354 8516
8337 8354 8138
8355 8337 8348
8337 8355 8354
8349 8355 8348
8355 8349 8356
8350 8356 8349
8356 8350 8357
8350 8167 8357
8167 8350 8160
29538 8167 29464
8518 8358 8173
8177 8358 8518
8370 8385 8380
8385 8370 8384
8360 8484 8474
8484 8360 8483
8361 8482 8475
8482 8361 8481
8362 8480 8470
8365 8477 8478
8363 8476 8477
8383 8390 8387
8390 8383 8379
8364 8363 8392
8362 8365 8479
8477 8372 8363
8367 8363 8366
8371 8377 8501
8368 8388 8382
8378 8502 8377
8477 8365 8372
8364 8476 8363
8362 8376 8365
8366 8363 8494
8372 8494 8363
8494 8372 8365
8493 8494 8365
8365 8376 8493
8384 8379 8383
8379 8384 8370
8386 8380 8385
8380 8386 8369
8375 8470 8492
29591 29592 8471
8472 29591 8471
29591 8472 29593
8473 29593 8472
29593 8473 29594
8470 8375 8362
29595 8361 8475
29595 8486 8391
8389 8381 8388
8381 8389 8374
8382 29596 8368
8491 8487 8488
8389 8388 8368
8387 8368 29596
8368 8387 8390
8487 8391 8486
8391 8487 29597
8392 8363 8367
8393 29598 8503
29598 8393 29599
8373 8504 29600
8504 8373 8394
8396 29601 8395
29601 8396 29602
8397 29601 29603
29601 8397 8395
8398 29604 29605
29604 8398 8399
8400 29606 29607
29606 8400 8401
8401 29608 29606
29608 8401 8402
8399 29607 29604
29607 8399 8400
29609 29608 8402
29608 29609 29610
29611 29612 8403
8412 29613 29614
8412 8405 29613
8506 8409 8410
8406 29615 29616
29617 29618 8407
29619 8509 8408
29618 8406 8407
29620 8413 8414
8413 29620 29621
8415 29620 8414
29620 8415 29622
29623 29624 8416
29624 29623 29625
8417 29623 8416
29623 8417 29626
29627 29628 8418
29628 29627 29629
8419 29627 8418
29627 8419 8411
29630 29631 8420
29631 29630 29632
29633 29630 8420
29630 29633 29634
29635 29636 8421
29637 29638 8421
8421 29638 29639
29640 8421 29639
29641 29642 8421
8421 29636 29641
29640 29635 8421
29642 29637 8421
29643 8510 8511
8510 29643 29644
8512 8404 8422
8404 8512 29645
8505 29646 8507
29646 8505 29647
29648 8508 29649
8508 29648 29650
29651 29652 29614
29618 29615 8406
29652 8412 29614
8427 8434 8435
8434 8427 8426
8436 8427 8435
8427 8436 8428
8437 8428 8436
8428 8437 8429
8431 8437 8438
8437 8431 8429
8438 8423 8431
8423 8438 8439
8430 8439 8440
8439 8430 8423
8440 8424 8430
8424 8440 8441
8433 8441 8442
8469 8462 8468
29653 8460 8443
8460 29653 8461
29653 8444 29654
8444 29653 8443
29655 29656 29657
8465 29658 29659
29658 8465 8464
29660 29661 29662
29661 29660 29663
29664 29665 29666
29665 29664 29667
8446 29668 8447
29668 8446 29669
8447 29670 8448
29670 8447 29668
8448 29671 8449
29671 8448 29670
8449 29672 8450
29672 8449 29671
29663 29666 29661
29666 29663 29664
29672 29662 8450
29662 29672 29660
29673 8451 8452
8451 29673 29674
29675 8452 8453
8452 29675 29673
29676 8453 8454
8453 29676 29675
29677 8454 8455
8454 29677 29676
29678 8455 8456
8455 29678 29677
29679 8456 8457
8456 29679 29678
8458 29679 8457
29679 8458 29680
8459 29680 8458
29680 8459 29681
29682 29657 29656
29658 8463 29683
8463 29658 8464
8461 8432 8460
8432 8461 8445
29659 8466 8465
8466 29659 29684
29685 8467 29686
29685 29687 8467
29687 29685 29688
29656 29689 29682
29689 29656 8425
8462 29690 8468
29682 29691 29657
8468 8463 8469
8463 8468 29683
8405 29692 29613
29615 29693 29616
8478 8479 8365
8470 29595 8492
8470 8361 29595
8481 8470 8480
8470 8481 8361
8480 8362 8479
8474 8485 8359
8485 8474 8484
9020 8364 9009
8471 8491 8488
8489 8471 8488
8471 8489 8472
8490 8472 8489
8472 8490 8473
8483 8475 8482
8475 8483 8360
9020 8476 8364
9019 8476 9020
8476 9019 8477
8515 8477 9019
8477 8515 8478
9018 8479 8515
8480 8479 9018
8481 8480 9018
9017 8482 8481
8483 8482 9017
8483 9017 9016
9016 8484 8483
9015 8485 8484
8475 8486 29595
8487 8486 8475
8487 8475 8360
8488 8487 8360
8474 8488 8360
8489 8488 8474
8489 8474 8359
8490 8489 8359
8471 29592 8491
29597 8487 8491
29597 8491 29592
8492 29595 29694
8492 29694 29695
8375 8492 29695
8493 8376 29696
8493 29697 8494
29697 8493 29696
8366 8494 29697
29698 29699 29700
29701 29702 29703
29702 29701 29704
29705 29703 29706
29703 29705 29701
29707 29706 29708
29706 29707 29705
29699 29708 29700
29708 29699 29707
29709 29710 29711
29710 29709 29712
29710 29713 29711
29698 29700 29714
29711 29713 29715
29716 29717 29718
29719 29720 29721
8495 29722 8496
29722 8495 29723
8496 29724 8497
29724 8496 29722
8497 29725 8498
29725 8497 29724
8498 29726 8499
29726 8498 29725
8499 8403 8500
8403 8499 29726
8403 29612 8500
8503 29600 8504
29600 8503 29598
8501 8377 8502
29727 8502 8378
8371 29728 8377
29729 29652 29651
8507 29650 8505
29650 8507 8508
8410 29729 8506
8407 29730 29617
8511 29645 8512
29645 8511 8510
8407 8408 29730
29730 8408 8509
29652 29729 8410
29731 8409 8506
29732 8509 29619
29733 29734 29735
29734 29733 29736
29737 29738 29716
29738 29737 29739
29739 29735 29738
29735 29739 29733
29740 29721 29720
29721 29740 29717
29718 29717 29741
29742 29740 29712
29716 29718 29737
29742 29712 29709
29741 29740 29742
29741 29717 29740
29734 29743 29744
29743 29734 29745
29744 29746 29747
29746 29744 29743
29747 29748 29749
29748 29747 29746
29750 29748 29751
29748 29750 29749
29752 29751 29753
29751 29752 29750
29752 29754 29755
29754 29752 29753
29756 29745 29736
29757 29758 8513
8514 29758 29759
29758 8514 8513
29756 29736 29759
8514 29759 8119
8353 29759 29736
29736 29745 29734
8424 8441 8433
29736 8132 8353
29760 8138 8516
29760 8516 8517
8518 29761 29473
8518 29762 29761
8518 29763 29762
29763 8518 8519
8518 8173 8519
29759 8353 8119
8274 8534 8523
8523 8273 8274
8273 8523 8524
8358 8177 8524
8521 8525 8526
8525 8521 8520
8526 8522 8521
8522 8526 8527
8523 8527 8528
8527 8523 8522
8528 8524 8523
8524 8528 8529
8124 8174 8123
8529 8174 8358
8530 8273 8177
8171 8120 8121
8176 8527 8526
29469 8177 29473
8530 8177 29469
8531 8273 8530
8273 8531 8274
8274 8532 8535
8532 8274 8531
8297 29585 8298
8536 29764 8537
29764 8536 8534
8536 8538 8539
8538 8536 8537
29765 8533 8975
8533 29765 29766
8536 8520 8521
8520 8536 8539
8521 8534 8536
8534 8521 8522
8533 8535 8532
8535 8533 29766
8534 8274 29764
8534 8522 8523
29767 8540 29768
8540 29767 8977
8304 8305 8110
8296 29769 29770
8541 29771 8542
29771 8541 29772
8542 29773 8543
29773 8542 29771
29773 8544 8543
8544 29773 29774
29774 8545 8544
8545 29774 29775
8545 29776 8546
29776 8545 29775
8546 29768 8547
29768 8546 29776
29768 8540 8548
29768 8548 8547
29769 8296 29777
29778 29779 8295
29779 29780 8295
29780 29777 8295
29781 8129 29782
8294 8129 29781
8295 8294 29783
29783 29784 8295
29781 29783 8294
29784 29778 8295
8116 8295 8296
8295 29777 8296
8297 29770 29585
8781 8925 8563
8925 8781 8924
8762 8592 8591
8585 8594 8784
8594 8585 8595
8566 8712 8562
8569 8783 8782
8783 8569 8570
8570 8784 8783
8784 8570 8585
8709 8746 8710
8746 8709 8743
8708 8706 8705
8706 8708 8711
8560 8707 8572
8707 8560 8704
8572 8579 8560
8579 8572 8580
29785 8573 29786
8573 29785 8715
8720 8718 8717
8718 8720 8574
8745 8558 8575
8558 8745 8744
8720 8576 8574
8566 8577 8713
8578 29787 29788
29787 8578 8714
8580 29788 8579
29788 8580 8578
29789 8577 8566
29790 29789 8581
8573 8583 29786
8583 8582 29786
8584 8568 8567
8584 8566 8568
8566 8584 8581
29789 8566 8581
8589 8561 8588
8590 8593 29791
8732 8550 8733
8551 8555 8740
29792 29793 8594
29794 29795 8595
8729 8554 8730
8554 8728 8727
8598 8603 8599
8120 8597 8598
8597 8120 8118
8597 8603 8598
8603 8597 8596
29796 29797 8937
8938 29796 8937
29796 8938 29798
8939 29798 8938
29798 8939 29799
29799 8940 29800
8940 29799 8939
8599 8121 8598
8599 8122 8121
8122 8599 8602
8602 8123 8122
8123 8602 8601
8124 8601 8600
8600 29801 8124
8604 8931 8700
8601 8935 8936
8935 8601 8602
8602 8934 8935
8934 8602 8599
8603 8934 8599
8596 8933 8603
8933 8596 8932
8604 29802 8926
8571 8605 8576
29803 8726 8725
8554 8727 29804
8129 8108 8721
8556 8722 8721
8556 8557 8723
8721 8108 8556
8549 8736 29805
8736 8549 8737
8735 29805 8736
8737 8552 8738
8552 8737 8549
8739 8552 8553
8552 8739 8738
8631 8640 8632
8640 8631 8761
8642 8634 8638
8634 8642 8641
8702 8642 8638
8618 8631 8690
8627 8632 8698
8636 8618 8621
8623 8634 8616
8634 8623 8638
8638 8623 8624
29806 8633 8622
8778 29806 8779
8625 8622 8637
29807 8639 8778
8761 8633 8640
8633 8761 8760
8642 8635 8641
29808 8689 8607
8689 29808 29809
29810 8606 29811
8606 29810 8697
8628 8609 8608
8609 8628 8617
29812 8608 8610
8608 29812 8628
29813 8607 8611
8607 29813 29808
8609 29813 8611
29813 8609 8617
8612 29812 8610
29812 8612 29814
8613 29814 8612
29814 8613 29815
29815 8699 8643
8699 29815 8613
8647 8662 8626
8751 8648 8749
8650 8126 8127
8650 8660 8654
8660 8650 8661
8659 8654 8660
8654 8659 8652
8126 8644 8125
8644 8126 8650
8649 8652 8645
8652 8649 8654
8650 8649 8644
8649 8650 8654
8653 8751 8662
8647 8657 8677
8750 8655 8651
8751 8653 8655
8653 8660 8655
8660 8653 8659
8655 8660 8661
8661 8130 8651
8130 8661 8127
29487 8663 8128
8663 29487 29816
29817 8664 8665
8664 29817 29818
29816 8665 8663
8665 29816 29817
8666 8646 8670
8620 29819 29820
29819 29821 29822
29821 29819 8620
29822 8668 8658
8668 29822 29821
8668 8656 8658
8656 8668 8669
8669 29823 8656
29823 8669 29824
8676 8671 8675
8671 8676 8672
8674 8672 8673
8672 8674 8671
8677 8673 8678
8673 8677 8674
8680 29825 8679
29825 8680 29826
8652 8673 8672
8673 8652 8659
29827 8671 8674
8671 29827 29828
8675 29828 29829
29828 8675 8671
8645 8672 8676
8672 8645 8652
8657 8674 8677
8674 8657 29827
8659 8678 8673
8678 8659 8653
29825 8666 8679
8666 29825 8646
29818 8680 8664
8680 29818 29826
8677 8678 8662
8662 8647 8677
8662 8678 8653
8681 8682 8683
8685 29830 8684
29830 8685 29831
8681 29832 29833
29833 29834 8682
29830 8667 8684
8667 29830 29835
8668 8681 8669
8681 8668 29832
8669 8683 29824
8683 8669 8681
8670 8685 8666
8685 8670 29831
29832 8668 29821
29836 8686 29837
29838 29839 29840
29841 29839 29842
29840 29839 29841
29843 8107 29516
29844 8703 29845
29845 8107 29843
29844 29845 29843
29846 8686 29836
29847 8742 8741
29835 29848 8667
29842 29839 29844
29849 8742 29847
29850 8630 8639
8630 29850 8696
8692 8688 8693
8688 8692 29851
8614 8615 29852
29809 8606 8689
8606 29809 29811
8632 8627 8690
8631 8632 8690
8687 8694 8614
8694 8687 8691
29850 29853 29854
29855 29856 29850
8691 8693 8694
8693 8691 8692
29850 29854 29855
29851 29857 8695
29851 8695 8688
8614 29852 8687
29850 29856 8696
29850 8639 29807
8697 8615 8614
8615 8697 29810
8636 8631 8618
8561 8567 29858
8739 29849 29859
29849 8739 8742
8557 8724 8723
8734 8550 8551
8550 8734 8733
8600 8601 8785
8748 29860 8747
29860 8748 29861
8725 8557 29803
8557 8725 8724
8682 8681 29833
8638 8624 8702
29847 8741 29846
8686 29846 8741
29844 29839 8703
8704 8706 8707
8706 8704 8705
8593 29862 29791
8550 8731 8554
29790 8590 29791
8554 8731 8730
8708 8710 8711
8710 8708 8709
8586 29863 29864
8715 29787 8714
29787 8715 29785
8566 8713 8712
8716 8575 8558
8575 8716 8719
29865 8594 8595
8719 8717 8718
8717 8719 8716
8595 29795 29865
8554 8729 8728
8576 8720 8571
29866 29794 8595
8725 29867 29868
29867 8725 8726
29804 29869 29870
29869 29804 8727
8727 29871 29869
29871 8727 8728
8729 29871 8728
29871 8729 29872
8729 29873 29874
8730 29875 29876
29875 8731 29877
8731 29875 8730
29878 29877 8731
8732 29879 29878
29879 8732 29880
29880 8732 8733
8734 29881 8733
29881 8734 29882
8734 29883 29882
29883 8734 8740
8740 29884 29885
29884 29886 29885
29886 29884 29887
29888 8735 29889
29889 8735 29890
8735 29891 29890
8735 29892 29891
8735 29893 29892
29894 29895 8735
29896 29894 8735
29897 29896 8735
8735 29898 29897
29898 8735 29899
8735 29900 29899
8736 29900 8735
29900 8736 29901
8737 29902 29901
8738 29902 8737
29903 29904 8738
29859 29903 8739
29873 8729 29905
29880 8733 29881
8732 29878 8731
8736 8737 29901
8738 29904 29902
29885 29883 8740
8555 29884 8740
8734 8551 8740
8739 29903 8738
29906 8686 8741
8742 29906 8741
8739 8553 8742
8742 8553 29906
8729 29874 29872
29905 8729 29907
8746 8744 8745
8744 8746 8743
8587 29793 29908
29793 8587 8594
29909 29910 29800
8747 8982 8748
8982 8747 8980
29800 29911 29909
8725 29868 29912
8626 8662 8749
8749 8662 8751
8750 8751 8655
8751 8750 8648
8651 8655 8661
8650 8127 8661
8625 8619 8629
8752 29913 29914
8635 8752 8753
8752 8635 29913
8753 8641 8635
8641 8753 8754
8754 8634 8641
8634 8754 8755
8616 8755 29915
8755 8616 8634
8752 8629 8619
8629 8752 29914
8619 8753 8752
8753 8619 8756
8756 8754 8753
8754 8756 8757
8757 8755 8754
8755 8757 8758
8758 29915 8755
29915 8758 29916
8637 8619 8625
8637 8756 8619
8637 8757 8756
8757 8637 8759
8759 8758 8757
8758 8759 8636
8758 8621 29916
8621 8758 8636
8622 8760 8637
8760 8759 8637
8759 8760 8761
8761 8636 8759
8636 8761 8631
8782 8563 8569
8563 8782 8781
8589 8584 8567
8584 8589 8765
8581 8765 8590
8765 8581 8584
8581 8590 29790
8588 8592 8762
8766 8589 8762
8766 8765 8589
8765 8766 8767
8767 8590 8765
8590 8767 8593
8763 8762 8591
8768 8762 8763
8762 8768 8766
8767 8768 8769
8768 8767 8766
8769 8593 8767
8593 8769 8586
8593 8586 29862
29864 29862 8586
8588 8762 8589
8591 8770 8763
8770 8591 8564
8771 8763 8770
8771 8768 8763
8768 8771 8772
8772 8769 8768
8769 8772 8773
8773 8586 8769
8586 8773 8774
29863 8586 8774
8564 8764 8770
8764 8564 8565
8770 8775 8771
8775 8770 8764
8775 8772 8771
8772 8775 8776
8776 8773 8772
8773 8776 8777
8777 8774 8773
8774 8777 8587
8587 29863 8774
29908 29863 8587
8589 8567 8561
29806 8778 8633
8778 8640 8633
8640 8778 8639
8639 8632 8640
8632 8639 8630
8632 8630 8698
29917 8698 8630
29807 8778 8779
8567 8568 29858
8633 8760 8622
8630 8696 29917
8931 8785 8936
8565 8924 8781
8764 8565 8781
8782 8764 8781
8764 8782 8775
8782 8776 8775
8776 8782 8783
8783 8777 8776
8777 8783 8784
8594 8777 8784
8777 8594 8587
29865 29792 8594
8926 8600 8785
8604 8926 8785
8809 8794 8804
8794 8809 8808
8896 8786 8886
8786 8896 8895
8894 8787 8887
8787 8894 8893
8788 8883 8892
8790 8890 8889
8789 8889 8888
8807 8813 8803
8813 8807 8810
8364 8815 8789
8788 8891 8790
8889 8789 8796
8792 8791 8789
8795 8910 8801
8793 8806 8811
8802 8801 8911
8889 8796 8790
8364 8789 8888
8788 8790 8800
8791 8904 8789
8796 8789 8904
8904 8790 8796
8903 8790 8904
8790 8903 8800
8808 8803 8794
8803 8808 8807
8386 8804 8369
8804 8386 8809
8799 8902 8883
29918 8884 29919
8885 29918 29920
29918 8885 8884
29920 29921 8885
29921 29920 29922
8883 8788 8799
29923 8887 8787
29923 8814 8897
8805 8812 8811
8812 8805 8798
8806 8793 29924
8901 8899 8898
8812 8793 8811
8810 8793 8813
8793 8810 29924
8814 8898 8897
8898 8814 29925
8815 8792 8789
29926 8816 8912
8816 29926 29927
8797 8913 8817
8913 8797 29928
29929 8819 8818
8819 29929 29930
8820 29929 8818
29929 8820 29931
29932 29933 8821
29933 29932 29934
8822 29935 8823
29935 8822 29936
8823 29937 8824
29937 8823 29935
8821 29936 8822
29936 8821 29933
29937 29938 8824
29938 29937 29939
29940 8825 29941
8834 29942 29943
8834 29943 8827
8915 8832 8831
8828 29944 29945
29946 8829 29947
29948 8830 8918
29947 8829 8828
8835 29949 8836
29949 8835 29950
8837 29949 29951
29949 8837 8836
29952 29953 8838
29953 29952 29954
8839 29953 29955
29953 8839 8838
29956 29957 8840
29957 29956 29958
8841 29957 8833
29957 8841 8840
29959 29960 8842
29960 29959 29961
29962 29960 29963
29960 29962 8842
29964 8843 29965
29966 8843 29967
8843 29968 29967
29969 29968 8843
29970 8843 29971
8843 29970 29965
29969 8843 29964
29971 8843 29966
29972 8919 29973
8919 29972 8920
8921 8826 29974
8826 8921 8844
29975 8914 8916
8914 29975 29976
8917 29977 29978
29977 8917 29979
29980 29942 29981
29947 8828 29945
29981 29942 8834
8434 8847 8853
8847 8434 8426
8854 8847 8848
8847 8854 8853
8855 8848 8849
8848 8855 8854
8855 8851 8856
8851 8855 8849
8845 8856 8851
8856 8845 8857
8857 8850 8858
8850 8857 8845
8846 8858 8850
8858 8846 8859
8852 8860 8859
8882 8881 29982
29983 8875 8876
8875 29983 8861
8862 29983 29984
29983 8862 8861
29985 29986 29987
29988 8879 29989
8879 29988 8878
29990 29991 29992
29991 29990 29993
29994 29995 29996
29995 29994 29997
8446 29998 29669
29998 8446 8863
8863 29999 29998
29999 8863 8864
8864 30000 29999
30000 8864 8865
8865 30001 30000
30001 8865 8866
29996 29993 29990
29993 29996 29995
29992 30001 8866
30001 29992 29991
8451 30002 8867
30002 8451 29674
8867 30003 8868
30003 8867 30002
8868 30004 8869
30004 8868 30003
8869 30005 8870
30005 8869 30004
8870 30006 8871
30006 8870 30005
8871 30007 8872
30007 8871 30006
8873 30007 30008
30007 8873 8872
8874 30008 30009
30008 8874 8873
30010 29987 29986
29988 8877 8878
8877 29988 30011
8876 30012 30013
30012 8876 8875
30014 29989 8879
29989 30014 30015
30016 30017 8880
30018 30016 8880
30016 30018 30019
29987 30020 30021
30020 29987 30010
29982 8881 30022
30010 29986 30023
8877 8881 8882
8881 8877 30011
8827 29943 30024
29945 29944 30025
8890 8790 8891
8883 8902 29923
8883 29923 8787
8883 8893 8892
8893 8883 8787
8892 8891 8788
30026 8886 30027
8886 30026 8896
8922 9009 8364
8884 8899 8901
8884 8900 8899
8900 8884 8885
8885 30028 8900
30028 8885 29921
8887 8895 8894
8895 8887 8786
8922 8364 8888
8888 9010 8922
9010 8888 8889
8889 9011 9010
9011 8889 8890
8891 9011 8890
9011 8891 9012
8892 9012 8891
8893 9013 8892
8893 9014 9013
9014 8893 8894
8895 9014 8894
8895 8923 9014
8923 8895 8896
30029 8923 8896
8892 9013 9012
8887 29923 8897
8898 8887 8897
8898 8786 8887
8899 8786 8898
8886 8786 8899
8900 8886 8899
8900 30027 8886
30028 30027 8900
8884 8901 29919
29925 8901 8898
29925 29919 8901
8902 30030 29923
8902 30031 30030
8799 30031 8902
8903 30032 8800
30033 8903 8904
8903 30033 30032
8791 30033 8904
30034 30035 30036
30037 29702 29704
29702 30037 30038
30039 30038 30037
30038 30039 30040
30041 30040 30039
30040 30041 30042
30036 30042 30041
30042 30036 30035
30043 30044 30045
30044 30043 30046
30043 30045 30047
30034 30048 30035
30045 30049 30047
30050 30051 30052
30053 30054 30055
30056 8495 8905
8495 30056 29723
30057 8905 8906
8905 30057 30056
30058 8906 8907
8906 30058 30057
30059 8907 8908
8907 30059 30058
8825 8908 8909
8908 8825 30059
8825 8909 29941
29928 8912 8913
8912 29928 29926
8910 8911 8801
30060 8802 8911
8795 8801 30061
30062 29980 29981
8916 29979 8917
29979 8916 8914
8832 8915 30062
8829 29946 30063
29974 8920 8921
8920 29974 8919
8829 30063 8830
30063 8918 8830
29981 8832 30062
30064 8915 8831
30065 29948 8918
30066 30067 30068
30067 30066 30069
30070 30071 30072
30071 30070 30050
30072 30069 30066
30069 30072 30071
30073 30054 30052
30054 30073 30055
30051 30074 30052
30075 30046 30073
30050 30070 30051
30075 30044 30046
30074 30075 30073
30074 30073 30052
30076 30067 30077
30067 30076 30078
30079 30077 30080
30077 30079 30076
30081 30080 30082
30080 30081 30079
30083 30081 30082
30081 30083 30084
30085 30084 30083
30084 30085 30086
29754 30085 29755
30085 29754 30086
30087 30068 30078
30088 30089 30090
30091 30090 30089
30090 30091 30092
30087 30092 30068
30091 30093 30092
8780 30068 30092
30068 30067 30078
8846 8852 8859
30068 8780 8559
30094 8924 8565
30094 8925 8924
8926 29802 30095
8926 30095 30096
8926 30096 30097
30097 29801 8926
8926 29801 8600
30092 30093 8780
8701 8930 8941
8700 8930 8701
8930 8700 8931
8785 8931 8604
8932 8928 8933
8928 8932 8927
8929 8933 8928
8933 8929 8934
8934 8930 8935
8930 8934 8929
8931 8935 8930
8935 8931 8936
8124 8123 8601
8936 8785 8601
8937 8604 8700
8598 8121 8120
8603 8933 8934
29797 29802 8604
8937 29797 8604
8700 8938 8937
8938 8700 8701
8701 8939 8938
8939 8701 8942
8724 8725 29912
8943 30098 8941
30098 8943 8944
8945 8943 8946
8943 8945 8944
8940 30099 8979
30099 8940 30100
8927 8943 8928
8943 8927 8946
8941 8928 8943
8928 8941 8929
8942 8940 8939
8940 8942 30100
8941 30098 8701
8941 8930 8929
8947 30101 30102
30101 8947 8981
8731 8550 8732
8723 30103 30104
8541 30105 29772
30105 8541 8948
8948 30106 30105
30106 8948 8949
8950 30106 8949
30106 8950 30107
8951 30107 8950
30107 8951 30108
8951 30109 30108
30109 8951 8952
8952 30102 30109
30102 8952 8953
30102 8954 8947
30102 8953 8954
30104 30110 8723
30111 8722 30112
30112 8722 30113
30113 8722 30110
30114 29782 8129
8721 30114 8129
8722 30115 8721
30115 8722 30116
30114 8721 30115
30116 8722 30111
8556 8723 8722
8722 8723 30110
8723 8724 30103
9021 8955 9040
9030 8958 8957
8958 9030 9029
9031 8957 9004
8957 9031 9030
9032 30117 30118
30117 8959 8994
30119 8995 9041
8977 8976 8978
8976 8977 29767
8980 8981 8982
8981 8980 30101
8533 29472 29584
8979 29911 8940
8975 8533 29584
29911 29800 8940
29578 29580 8302
8303 29580 29548
29907 8730 29876
29907 8729 8730
8296 29770 8297
30103 8724 29912
8998 8956 8974
9001 8985 8984
8985 9001 9002
8992 9005 9006
9005 8992 8999
9000 8984 8993
8984 9000 9001
9081 9078 9070
9078 9081 9080
9059 9034 9033
9099 9061 9100
9038 9055 9039
30120 9106 30121
9106 30120 9107
30122 9107 30120
9107 30122 9108
9108 30123 9109
30123 9108 30122
9109 30124 9110
30124 9109 30123
30125 9110 30124
9110 30125 9111
30126 9113 9112
9113 30126 30127
30127 9114 9113
9114 30127 30128
30128 9115 9114
9115 30128 30129
30129 9116 9115
9116 30129 30130
9117 30130 30131
30130 9117 9116
30132 9117 30131
9117 30132 30133
9032 9004 8959
9004 9032 9031
9017 8481 9018
8515 8479 8478
30126 9111 30125
9111 30126 9112
9006 9000 8993
9000 9006 9005
9079 9085 9072
9085 9079 9086
9026 9049 9027
8974 8956 9028
9029 8956 8958
8956 9029 9028
8922 8983 9009
8983 8922 8960
8922 8973 8960
8973 8922 9010
9011 8973 9010
8973 9011 8972
9012 8972 9011
8972 9012 8971
9013 8971 9012
8971 9013 8970
9014 8970 9013
8970 9014 8968
8923 8968 9014
8968 8923 8969
30029 8969 8923
8969 30029 8967
9016 30134 9015
30134 9016 8966
9017 8966 9016
8966 9017 8965
8964 9017 9018
9017 8964 8965
8515 8964 9018
8964 8515 8963
9019 8963 8515
8963 9019 8962
9020 8962 9019
8962 9020 8961
8961 9009 8983
9009 8961 9020
8967 9021 9022
9022 8968 8969
8968 9022 9023
9023 8970 8968
9024 8970 9023
8970 9024 8971
8971 9024 9025
8973 8972 9025
9025 9026 8973
8973 9026 8960
8960 9026 9027
8960 9027 8983
8983 9027 8961
8961 9027 9028
9028 8962 8961
9029 8962 9028
9029 8963 8962
9029 8964 8963
8964 9029 9030
9030 8965 8964
8965 9030 9031
8966 9031 9032
9031 8966 8965
30118 8966 9032
8966 30118 30134
9071 8957 8958
8957 9071 9033
9033 9004 8957
9004 9033 9034
9034 8959 9004
8959 9034 9035
9035 8994 8959
8994 9035 9036
8995 30119 30135
9038 8995 9037
8995 9038 8996
9039 8996 9038
8996 9039 8997
9027 8974 9028
9032 8959 30117
9048 8998 8974
9101 9042 9102
9042 9101 9041
9102 9046 9103
9046 9102 9042
9104 9048 9105
9048 9104 9044
9044 9103 9046
9103 9044 9104
9022 9043 9023
9043 9022 9040
9045 9024 9047
9024 9045 9025
9049 9025 9045
9025 9049 9026
9007 9044 9008
9044 9007 9048
8996 9041 8995
9041 8996 9042
9046 9008 9044
9008 9046 8997
9042 8997 9046
8997 9042 8996
9023 9047 9024
9047 9023 9043
8955 9041 9101
8974 9049 9105
8955 30119 9041
9048 9007 8998
9021 9040 9022
9049 8974 9027
8967 9022 8969
8995 30135 9037
8971 9025 8972
9094 9034 9059
9058 9065 9096
9063 9097 9057
9097 9063 9098
9050 9086 9079
8989 8990 9091
8988 8989 9062
8987 30136 9093
9003 9092 9080
9055 9050 9039
9061 9050 9055
9050 9061 9060
9063 9051 9056
9051 9063 9062
30137 9064 9052
9064 30137 9065
9058 9066 9053
9066 9058 9067
9054 9059 9033
9060 9056 9051
9056 9060 9061
9062 9057 30138
9057 9062 9063
9065 9053 9064
9053 9065 9058
9067 9054 9066
9054 9067 9059
9067 9058 9095
9059 9067 9094
30139 9065 30137
9065 30139 9096
9056 9099 9098
9100 9061 9055
9055 9038 9100
30138 8988 9062
8989 9051 9062
30136 9052 9064
9093 9003 8987
9003 9093 9092
8997 9073 9008
9073 8997 9039
9068 9076 9087
9069 9089 9068
9072 9090 9073
9075 9088 9074
9089 9082 9081
9090 9085 9084
9087 9083 9082
9088 9084 9083
9068 8958 8956
8958 9068 9071
9074 9008 9073
9008 9074 9007
9007 9074 9076
8998 9068 8956
9068 8998 9076
9007 9076 8998
9033 9071 9070
9072 9073 9039
9078 9033 9070
9054 9033 9078
9050 9079 9039
9072 9039 9079
8985 9080 9081
9080 8985 8986
8984 9081 9082
9081 8984 8985
8993 9082 9083
9082 8993 8984
9084 8993 9083
8993 9084 9006
9085 9006 9084
9006 9085 8992
9086 8992 9085
8992 9086 8991
9068 9087 9069
9082 9069 9087
9088 9076 9074
9083 9077 9088
9089 9070 9071
9081 9070 9089
9090 9074 9073
9084 9075 9090
9076 9077 9087
9088 9077 9076
9089 9069 9082
9087 9077 9083
9088 9075 9084
9090 9072 9085
9090 9075 9074
9089 9071 9068
9003 9080 8986
8990 8991 9086
9091 8990 9086
9051 8989 9060
9091 9060 8989
9091 9050 9060
9050 9091 9086
9092 9054 9078
9054 9092 9066
9093 9066 9092
9093 9053 9066
9053 9093 9064
30136 9064 9093
9092 9078 9080
8896 30026 30029
8484 9016 9015
9034 9094 9035
9095 9035 9094
9035 9095 9096
9035 9096 9036
30139 9036 9096
30135 9097 9098
30135 9098 9037
9099 9037 9098
9037 9099 9100
9037 9100 9038
9099 9056 9061
9095 9058 9096
9063 9056 9098
9067 9095 9094
9040 9102 9043
9102 9040 9101
9043 9103 9047
9103 9043 9102
9104 9047 9103
9047 9104 9045
9045 9105 9049
9105 9045 9104
8974 9105 9048
9040 8955 9101
9107 8988 9106
8988 9107 8989
9108 8989 9107
8989 9108 8990
9108 30140 9119
30141 9119 30140
9119 30141 8999
30142 8999 30141
8999 30142 9005
30143 9005 30142
9005 30143 9000
30143 9001 9000
9001 30143 30144
30144 9002 9001
9002 30144 30145
9118 30145 30146
30145 9118 9002
9118 30146 9116
9117 9003 9116
9003 9117 8987
30133 8987 9117
8987 30133 30136
9002 8986 8985
8986 9002 9118
9118 9003 8986
9003 9118 9116
9119 8990 9108
8990 9119 8991
8991 8999 8992
8999 8991 9119
9134 9175 9135
9175 9134 9173
9135 9174 9122
9174 9135 9175
9136 30147 9125
30147 9136 30148
9137 30148 9136
30148 9137 30149
9139 9172 9138
9126 9136 9125
9138 9171 9139
9141 9140 9123
9126 9183 9138
9144 9121 9145
9121 9144 9127
9123 9131 9142
9131 9123 9124
9177 9176 9151
9176 9168 9150
9229 9134 9230
9134 9229 9173
30149 9231 30150
9231 30149 9137
9141 9170 9169
9187 9215 9158
9157 9158 9242
9143 9233 9232
9123 9167 9166
9171 9183 9182
9127 9162 9121
9162 9127 9163
9163 9200 9164
9194 9124 9166
9159 9145 9146
9145 9159 9144
9163 9178 9162
9178 9163 9179
9164 9179 9163
9179 9164 9180
9143 9133 9214
9165 9156 9147
9181 9164 9166
9164 9181 9180
9167 9182 9181
9142 9149 9141
9172 9139 9169
9169 9235 9234
9237 9236 9177
9169 9139 9140
9167 9140 9171
9238 9137 9172
9137 9238 9231
9238 9172 9234
9172 9137 9138
9229 9233 9214
9120 9175 9133
9175 9120 9174
9233 9143 9214
9239 9213 9240
9170 9149 9177
9236 9235 9170
9176 9149 9148
9202 9218 9217
9218 9202 9201
9201 9219 9218
9219 9201 9203
9204 9227 9205
9227 9204 9228
9204 30151 9228
30151 9204 30152
9224 9206 9225
9206 9224 9207
9223 9207 9224
9207 9223 9208
9209 9223 9222
9223 9209 9208
9210 9222 9221
9222 9210 9209
9211 9221 9220
9221 9211 9210
9203 9220 9219
9220 9203 9211
9165 9146 9187
9140 9141 9169
9138 9137 9136
9133 9175 9173
9157 9242 9241
9195 9243 9155
9243 9195 9244
9131 9192 9161
9192 9131 9193
9199 9160 9129
9160 9199 9198
9200 9129 9128
9129 9200 9199
9124 9193 9131
9193 9124 9194
9189 9245 9152
9245 9189 9246
9147 9146 9165
9146 9147 9159
9156 9158 9157
9165 9158 9156
9152 9150 9153
9150 9152 9151
9153 9189 9152
9189 9153 9190
9150 9132 9153
9132 9150 9168
9237 9152 9245
9152 9237 9151
9196 9155 9154
9155 9196 9195
9191 9153 9132
9153 9191 9190
9168 9161 9132
9161 9168 9148
9176 9148 9168
9198 9130 9160
9130 9198 9197
9197 9154 9130
9154 9197 9196
9192 9132 9161
9132 9192 9191
9142 9161 9148
9161 9142 9131
9142 9141 9123
9142 9148 9149
9126 9138 9136
9183 9171 9138
9171 9140 9139
9167 9171 9182
9167 9123 9140
9167 9181 9166
9123 9166 9124
9176 9150 9151
9149 9176 9177
9141 9149 9170
9172 9169 9234
9151 9237 9177
9236 9170 9177
9169 9170 9235
9205 9226 9212
9226 9205 9227
9185 9120 9133
9120 9185 9184
9188 9133 9143
9133 9188 9185
9216 9186 9213
9187 9216 9215
9216 9187 9186
9162 9184 9185
9184 9162 9178
9145 9188 9186
9188 9145 9121
9121 9185 9188
9185 9121 9162
9225 9212 9226
9212 9225 9206
9186 9146 9145
9146 9186 9187
9189 9243 9246
9243 9189 9155
9189 9154 9155
9154 9189 9190
9190 9130 9154
9130 9190 9191
9191 9160 9130
9160 9191 9192
9192 9129 9160
9129 9192 9193
9193 9128 9129
9128 9193 9194
9164 9194 9166
9195 9156 9157
9156 9195 9196
9196 9147 9156
9147 9196 9197
9197 9159 9147
9159 9197 9198
9198 9144 9159
9144 9198 9199
9199 9127 9144
9127 9199 9200
9164 9128 9194
9200 9128 9164
9163 9127 9200
9165 9187 9158
9157 9244 9195
9244 9157 9247
9241 9247 9157
9188 9213 9186
9188 9143 9213
9214 9173 9229
9133 9173 9214
9143 9232 9240
9215 9248 9242
9215 9239 9248
9239 9215 9216
9213 9239 9216
9215 9242 9158
9143 9240 9213
9217 9125 30147
9125 9217 9218
9218 9126 9125
9126 9218 9219
9219 9183 9126
9183 9219 9220
9220 9182 9183
9182 9220 9221
9221 9181 9182
9181 9221 9222
9222 9180 9181
9180 9222 9223
9180 9224 9179
9224 9180 9223
9179 9225 9178
9225 9179 9224
9178 9226 9184
9226 9178 9225
9227 9184 9226
9184 9227 9120
9174 9227 9228
9227 9174 9120
9228 9122 9174
9122 9228 30151
9496 9659 9278
9659 9496 9658
9477 9307 9306
9300 9309 9499
9309 9300 9310
9281 9427 9277
9284 9498 9497
9498 9284 9285
9285 9499 9498
9499 9285 9300
9424 9461 9425
9461 9424 9458
9423 9421 9420
9421 9423 9426
9275 9422 9287
9422 9275 9419
9287 9294 9275
9294 9287 9295
30153 9288 30154
9288 30153 9430
9435 9433 9432
9433 9435 9289
9460 9273 9290
9273 9460 9459
9435 9291 9289
9281 9292 9428
9293 30155 30156
30155 9293 9429
9295 30156 9294
30156 9295 9293
30157 9292 9281
30158 30157 9296
9288 9298 30154
9298 9297 30154
9299 9283 9282
9299 9281 9283
9281 9299 9296
30157 9281 9296
9304 9276 9303
9305 9308 30159
9447 9252 9448
9253 9257 9455
30160 30161 9309
30162 30163 9310
9444 9256 9445
9256 9443 9442
9313 9318 9314
9262 9312 9313
9312 9262 9260
9312 9318 9313
9318 9312 9311
30164 30165 9672
9673 30164 9672
30164 9673 30166
9674 30166 9673
30166 9674 30167
30167 9675 30168
9675 30167 9674
9314 9263 9313
9314 9264 9263
9264 9314 9317
9317 9265 9264
9265 9317 9316
9266 9316 9315
9315 9661 9266
9319 9666 9415
9316 9670 9671
9670 9316 9317
9317 9669 9670
9669 9317 9314
9318 9669 9314
9311 9668 9318
9668 9311 9667
9319 30169 9660
9286 9320 9291
30170 9441 9440
9256 9442 30171
9271 9250 9436
9258 9437 9436
9258 9259 9438
9436 9250 9258
9251 9451 30172
9451 9251 9452
9450 30172 9451
9452 9254 9453
9254 9452 9251
9454 9254 9255
9254 9454 9453
9346 9355 9347
9355 9346 9476
9357 9349 9353
9349 9357 9356
9417 9357 9353
9333 9346 9405
9342 9347 9413
9351 9333 9336
9338 9349 9331
9349 9338 9353
9353 9338 9339
30173 9348 9337
9493 30173 9494
9340 9337 9352
30174 9354 9493
9476 9348 9355
9348 9476 9475
9357 9350 9356
30175 9404 9322
9404 30175 30176
30177 9321 30178
9321 30177 9412
9343 9324 9323
9324 9343 9332
30179 9323 9325
9323 30179 9343
30180 9322 9326
9322 30180 30175
9324 30180 9326
30180 9324 9332
9327 30179 9325
30179 9327 30181
9328 30181 9327
30181 9328 30182
30182 9414 9358
9414 30182 9328
9362 9377 9341
9466 9363 9464
9365 9268 9269
9365 9375 9369
9375 9365 9376
9374 9369 9375
9369 9374 9367
9268 9359 9267
9359 9268 9365
9364 9367 9360
9367 9364 9369
9365 9364 9359
9364 9365 9369
9368 9466 9377
9362 9372 9392
9465 9370 9366
9466 9368 9370
9368 9375 9370
9375 9368 9374
9370 9375 9376
9376 9272 9366
9272 9376 9269
30183 9378 9270
9378 30183 30184
30185 9379 9380
9379 30185 30186
30184 9380 9378
9380 30184 30185
9381 9361 9385
9335 30187 30188
30187 30189 30190
30189 30187 9335
30190 9383 9373
9383 30190 30189
9383 9371 9373
9371 9383 9384
9384 30191 9371
30191 9384 30192
9391 9386 9390
9386 9391 9387
9389 9387 9388
9387 9389 9386
9392 9388 9393
9388 9392 9389
9395 30193 9394
30193 9395 30194
9367 9388 9387
9388 9367 9374
30195 9386 9389
9386 30195 30196
9390 30196 30197
30196 9390 9386
9360 9387 9391
9387 9360 9367
9372 9389 9392
9389 9372 30195
9374 9393 9388
9393 9374 9368
30193 9381 9394
9381 30193 9361
30186 9395 9379
9395 30186 30194
9392 9393 9377
9377 9362 9392
9377 9393 9368
9396 9397 9398
9400 30198 9399
30198 9400 30199
9396 30200 30201
30201 30202 9397
30198 9382 9399
9382 30198 30203
9383 9396 9384
9396 9383 30200
9384 9398 30192
9398 9384 9396
9385 9400 9381
9400 9385 30199
30200 9383 30189
30204 9401 30205
30206 30207 30208
30209 30207 30210
30208 30207 30209
30211 9249 30212
30213 9418 30214
30214 9249 30211
30213 30214 30211
30215 9401 30204
30216 9457 9456
30203 30217 9382
30210 30207 30213
30218 9457 30216
30219 9345 9354
9345 30219 9411
9407 9403 9408
9403 9407 30220
9329 9330 30221
30176 9321 9404
9321 30176 30178
9347 9342 9405
9346 9347 9405
9402 9409 9329
9409 9402 9406
30219 30222 30223
30224 30225 30219
9406 9408 9409
9408 9406 9407
30219 30223 30224
30220 30226 9410
30220 9410 9403
9329 30221 9402
30219 30225 9411
30219 9354 30174
9412 9330 9329
9330 9412 30177
9351 9346 9333
9276 9282 30227
9454 30218 30228
30218 9454 9457
9259 9439 9438
9449 9252 9253
9252 9449 9448
9315 9316 9500
9463 30229 9462
30229 9463 30230
9440 9259 30170
9259 9440 9439
9397 9396 30201
9353 9339 9417
30216 9456 30215
9401 30215 9456
30213 30207 9418
9419 9421 9422
9421 9419 9420
9308 30231 30159
9252 9446 9256
30158 9305 30159
9256 9446 9445
9423 9425 9426
9425 9423 9424
9301 30232 30233
9430 30155 9429
30155 9430 30153
9281 9428 9427
9431 9290 9273
9290 9431 9434
30234 9309 9310
9434 9432 9433
9432 9434 9431
9310 30163 30234
9256 9444 9443
9291 9435 9286
30235 30162 9310
9440 30236 30237
30236 9440 9441
30171 30238 30239
30238 30171 9442
9442 30240 30238
30240 9442 9443
9444 30240 9443
30240 9444 30241
9444 30242 30243
9445 30244 30245
30244 9446 30246
9446 30244 9445
30247 30246 9446
9447 30248 30247
30248 9447 30249
30249 9447 9448
9449 30250 9448
30250 9449 30251
9449 30252 30251
30252 9449 9455
9455 30253 30254
30253 30255 30254
30255 30253 30256
30257 9450 30258
30258 9450 30259
9450 30260 30259
9450 30261 30260
9450 30262 30261
30263 30264 9450
30265 30263 9450
30266 30265 9450
9450 30267 30266
30267 9450 30268
9450 30269 30268
9451 30269 9450
30269 9451 30270
9452 30271 30270
9453 30271 9452
30272 30273 9453
30228 30272 9454
30242 9444 30274
30249 9448 30250
9447 30247 9446
9451 9452 30270
9453 30273 30271
30254 30252 9455
9257 30253 9455
9449 9253 9455
9454 30272 9453
30275 9401 9456
9457 30275 9456
9454 9255 9457
9457 9255 30275
9444 30243 30241
9444 9445 30276
9461 9459 9460
9459 9461 9458
9302 30161 30277
30161 9302 9309
30278 30279 30168
9462 10120 9463
10120 9462 10118
30168 30280 30278
9440 30237 30281
9341 9377 9464
9464 9377 9466
9465 9466 9370
9466 9465 9363
9366 9370 9376
9365 9269 9376
9340 9334 9344
9467 30282 30283
9350 9467 9468
9467 9350 30282
9468 9356 9350
9356 9468 9469
9469 9349 9356
9349 9469 9470
9331 9470 30284
9470 9331 9349
9467 9344 9334
9344 9467 30283
9334 9468 9467
9468 9334 9471
9471 9469 9468
9469 9471 9472
9472 9470 9469
9470 9472 9473
9473 30284 9470
30284 9473 30285
9352 9334 9340
9352 9471 9334
9352 9472 9471
9472 9352 9474
9474 9473 9472
9473 9474 9351
9473 9336 30285
9336 9473 9351
9337 9475 9352
9475 9474 9352
9474 9475 9476
9476 9351 9474
9351 9476 9346
9497 9278 9284
9278 9497 9496
9304 9299 9282
9299 9304 9480
9296 9480 9305
9480 9296 9299
9296 9305 30158
9303 9307 9477
9481 9304 9477
9481 9480 9304
9480 9481 9482
9482 9305 9480
9305 9482 9308
9478 9477 9306
9483 9477 9478
9477 9483 9481
9482 9483 9484
9483 9482 9481
9484 9308 9482
9308 9484 9301
9308 9301 30231
30233 30231 9301
9303 9477 9304
9306 9485 9478
9485 9306 9279
9486 9478 9485
9486 9483 9478
9483 9486 9487
9487 9484 9483
9484 9487 9488
9488 9301 9484
9301 9488 9489
30232 9301 9489
9279 9479 9485
9479 9279 9280
9485 9490 9486
9490 9485 9479
9490 9487 9486
9487 9490 9491
9491 9488 9487
9488 9491 9492
9492 9489 9488
9489 9492 9302
9302 30232 9489
30277 30232 9302
9304 9282 9276
30173 9493 9348
9493 9355 9348
9355 9493 9354
9354 9347 9355
9347 9354 9345
9347 9345 9413
30286 9413 9345
30174 9493 9494
9282 9283 30227
9348 9475 9337
9345 9411 30286
9666 9500 9671
9280 9658 9496
9479 9280 9496
9497 9479 9496
9479 9497 9490
9497 9491 9490
9491 9497 9498
9498 9492 9491
9492 9498 9499
9309 9492 9499
9492 9309 9302
30234 30160 9309
9660 9315 9500
9319 9660 9500
9527 9512 9522
9512 9527 9526
9626 9502 9616
9502 9626 9625
9624 9503 9617
9503 9624 9623
9504 9612 9622
9507 9620 9619
9505 9619 9618
9525 9532 9521
9532 9525 9529
9506 9534 9505
9504 9621 9507
9619 9505 9514
9509 9508 9505
9513 9643 9519
9510 9524 9530
9520 9519 9644
9619 9514 9507
9506 9505 9618
9504 9507 9518
9508 9636 9505
9514 9505 9636
9636 9507 9514
9635 9507 9636
9507 9635 9518
9526 9521 9512
9521 9526 9525
9528 9522 9511
9522 9528 9527
9517 9634 9612
30287 9613 30288
9614 30287 30289
30287 9614 9613
30289 9615 9614
9615 30289 30290
9612 9504 9517
30291 9617 9503
30291 9533 9628
9523 9531 9530
9531 9523 9516
9524 9510 30292
9633 9630 9629
9531 9510 9530
9529 9510 9532
9510 9529 30292
9533 9629 9628
9629 9533 30293
9534 9509 9505
30294 9535 9645
9535 30294 30295
9515 9646 9536
9646 9515 30296
30297 9538 9537
9538 30297 30298
9539 30297 9537
30297 9539 30299
9540 30300 9541
30300 9540 30301
9542 30302 9543
30302 9542 30303
9543 30304 9544
30304 9543 30302
9541 30303 9542
30303 9541 30300
30304 30305 9544
30305 30304 30306
30307 9545 30308
9554 30309 30310
9554 30310 9547
9648 9552 9551
9548 30311 30312
30313 9549 30314
30315 9550 9651
30314 9549 9548
9555 30316 9556
30316 9555 30317
9557 30316 30318
30316 9557 9556
30319 30320 9558
30320 30319 30321
9559 30320 30322
30320 9559 9558
30323 30324 9560
30324 30323 30325
9561 30324 9553
30324 9561 9560
30326 30327 9562
30327 30326 30328
30329 30327 30330
30327 30329 9562
30331 9563 30332
30333 9563 30334
9563 30335 30334
30336 30335 9563
30337 9563 30338
9563 30337 30332
30336 9563 30331
30338 9563 30333
30339 9652 30340
9652 30339 9653
9654 9546 30341
9546 9654 9564
30342 9647 9649
9647 30342 30343
9650 30344 30345
30344 9650 30346
30347 30309 30348
30314 9548 30312
30348 30309 9554
9576 9569 9577
9569 9576 9568
9578 9569 9570
9569 9578 9577
9579 9570 9571
9570 9579 9578
9579 9573 9580
9573 9579 9571
9565 9580 9573
9580 9565 9581
9581 9572 9582
9572 9581 9565
9566 9582 9572
9582 9566 9583
9575 9584 9583
9611 9610 9604
30349 9602 9603
9602 30349 9585
9586 30349 30350
30349 9586 9585
30351 30352 30353
30354 9607 30355
9607 30354 9606
30356 30357 30358
30357 30356 30359
30360 30361 30362
30361 30360 30363
9588 30364 30365
30364 9588 9589
9589 30366 30364
30366 9589 9590
9590 30367 30366
30367 9590 9591
9591 30368 30367
30368 9591 9592
30362 30359 30356
30359 30362 30361
30358 30368 9592
30368 30358 30357
9593 30369 9594
30369 9593 30370
9594 30371 9595
30371 9594 30369
9595 30372 9596
30372 9595 30371
9596 30373 9597
30373 9596 30372
9597 30374 9598
30374 9597 30373
9598 30375 9599
30375 9598 30374
9600 30375 30376
30375 9600 9599
9601 30376 30377
30376 9601 9600
30378 30353 30352
30354 9605 9606
9605 30354 30379
9603 9574 9587
9574 9603 9602
9608 30355 9607
30355 9608 30380
30381 30382 9609
30383 30381 9609
30381 30383 30384
30353 30385 9567
30385 30353 30378
9604 9610 30386
30378 30352 30387
9605 9610 9611
9610 9605 30379
9547 30310 30388
30312 30311 30389
9620 9507 9621
9612 9634 30291
9612 30291 9503
9612 9623 9622
9623 9612 9503
9622 9621 9504
9627 9616 9501
9616 9627 9626
10162 10151 9506
9613 9630 9633
9613 9631 9630
9631 9613 9614
9614 9632 9631
9632 9614 9615
9617 9625 9624
9625 9617 9502
10162 9506 9618
9618 10161 10162
10161 9618 9619
9619 9657 10161
9657 9619 9620
10160 9657 9621
9622 10160 9621
9623 10160 9622
10159 9623 9624
9625 10159 9624
9625 10158 10159
10158 9625 9626
9626 9627 10157
9617 30291 9628
9629 9617 9628
9629 9502 9617
9630 9502 9629
9616 9502 9630
9631 9616 9630
9631 9501 9616
9632 9501 9631
9613 9633 30288
30293 9633 9629
30293 30288 9633
9634 30390 30291
9634 30391 30390
9517 30391 9634
9635 30392 9518
30393 9635 9636
9635 30393 30392
9508 30393 9636
30394 30395 30396
30397 30398 30399
30398 30397 30400
30401 30400 30397
30400 30401 30402
30403 30402 30401
30402 30403 30404
30396 30404 30403
30404 30396 30395
30405 30406 30407
30406 30405 30408
30405 30407 30409
30394 30410 30395
30407 30411 30409
30412 30413 30414
30415 30416 30417
30418 9637 9638
9637 30418 30419
30420 9638 9639
9638 30420 30418
30421 9639 9640
9639 30421 30420
30422 9640 9641
9640 30422 30421
9545 9641 9642
9641 9545 30422
9545 9642 30308
30296 9645 9646
9645 30296 30294
9643 9644 9519
30423 9520 9644
9513 9519 30424
30425 30347 30348
9649 30346 9650
30346 9649 9647
9552 9648 30425
9549 30313 30426
30341 9653 9654
9653 30341 9652
9549 30426 9550
30426 9651 9550
30348 9552 30425
30427 9648 9551
30428 30315 9651
30429 30430 30431
30430 30429 30432
30433 30434 30435
30434 30433 30412
30435 30432 30429
30432 30435 30434
30436 30416 30414
30416 30436 30417
30413 30437 30414
30438 30408 30436
30412 30433 30413
30438 30406 30408
30437 30438 30436
30437 30436 30414
30439 30430 30440
30430 30439 30441
30442 30440 30443
30440 30442 30439
30444 30443 30445
30443 30444 30442
30446 30444 30445
30444 30446 30447
30448 30447 30446
30447 30448 30449
30450 30448 30451
30448 30450 30449
30452 30431 30441
30453 9655 30454
9656 30454 9655
30454 9656 30455
30452 30455 30431
9656 9261 30455
9495 30431 30455
30431 30430 30441
9566 9575 9583
30431 9495 9274
30456 9658 9280
30456 9659 9658
9660 30169 30457
9660 30457 30458
9660 30458 30459
30459 9661 9660
9660 9661 9315
30455 9261 9495
9416 9665 9676
9415 9665 9416
9665 9415 9666
9500 9666 9319
9667 9663 9668
9663 9667 9662
9664 9668 9663
9668 9664 9669
9669 9665 9670
9665 9669 9664
9666 9670 9665
9670 9666 9671
9266 9265 9316
9671 9500 9316
9672 9319 9415
9313 9263 9262
9318 9668 9669
30165 30169 9319
9672 30165 9319
9415 9673 9672
9673 9415 9416
9416 9674 9673
9674 9416 9677
9439 9440 30281
9678 30460 9676
30460 9678 9679
9680 9678 9681
9678 9680 9679
9675 30461 10117
30461 9675 30462
9662 9678 9663
9678 9662 9681
9676 9663 9678
9663 9676 9664
9677 9675 9674
9675 9677 30462
9676 30460 9416
9676 9665 9664
9682 30463 30464
30463 9682 10119
9446 9252 9447
9438 30465 30466
9683 30467 30468
30467 9683 9684
9684 30469 30467
30469 9684 9685
9686 30469 9685
30469 9686 30470
9687 30470 9686
30470 9687 30471
9687 30472 30471
30472 9687 9688
9688 30464 30472
30464 9688 9689
30464 9690 9682
30464 9689 9690
30466 30473 9438
30474 9437 30475
30475 9437 30476
30476 9437 30473
30477 30478 9271
9436 30477 9271
9437 30479 9436
30479 9437 30480
30477 9436 30479
30480 9437 30474
9258 9438 9437
9437 9438 30473
9439 30281 30465
10067 9923 9705
9923 10067 10066
9904 9733 9734
9727 9736 9737
9736 9727 9926
9708 9704 9854
9925 9711 9924
9711 9925 9712
9926 9712 9925
9712 9926 9727
9851 9888 9885
9888 9851 9852
9848 9850 9847
9850 9848 9853
9702 9849 9846
9849 9702 9714
9714 9721 9722
9721 9714 9702
9715 30481 30482
30481 9715 9857
9860 9862 9859
9862 9860 9716
9887 9700 9886
9700 9887 9717
9862 9716 9718
9708 9855 9719
9720 30483 9856
30483 9720 30484
9722 30484 9720
30484 9722 9721
30485 9708 9719
30486 9723 30485
9715 30482 9725
9725 30482 9724
9726 9709 9710
9708 9726 9710
9726 9708 9723
30485 9723 9708
9731 9730 9703
9732 30487 9735
9874 9875 9692
9693 9882 9697
30488 9736 30489
30490 9737 30491
9871 9872 9696
9696 9869 9870
9740 9741 9745
9262 9739 9260
9739 9262 9740
9745 9739 9740
9739 9745 9738
30492 10079 30493
30492 10080 10079
10080 30492 30494
30494 10081 10080
10081 30494 30495
10082 30495 30496
30495 10082 10081
9741 9740 9263
9264 9741 9263
9741 9264 9744
9265 9744 9264
9744 9265 9743
9266 9742 9743
9742 9266 30497
9746 9842 10073
10077 9743 10078
9743 10077 9744
9744 10076 9741
10076 9744 10077
9745 9741 10076
10075 9738 9745
9738 10075 10074
9746 10068 30498
9713 9718 9747
30499 9867 9868
9696 30500 9869
9271 9863 9250
9698 9863 9864
9698 9865 9699
9863 9698 9250
9691 9878 9879
9878 9691 30501
9877 9878 30501
9694 9879 9880
9879 9694 9691
9881 9694 9880
9694 9881 9695
9773 9782 9903
9782 9773 9774
9784 9776 9783
9776 9784 9780
9844 9780 9784
9760 9832 9773
9769 9840 9774
9778 9763 9760
9765 9776 9780
9776 9765 9758
9780 9766 9765
30502 9764 9775
9920 9921 30502
9767 9779 9764
30503 9920 9781
9903 9775 9902
9775 9903 9782
9784 9783 9777
30504 9831 30505
9831 30504 9749
9748 30506 30507
30506 9748 9839
9751 9770 9750
9770 9751 9759
9750 30508 9752
30508 9750 9770
9749 30509 9753
30509 9749 30504
9751 30509 9759
30509 9751 9753
9754 30508 30510
30508 9754 9752
9755 30510 30511
30510 9755 9754
9841 30511 9785
30511 9841 9755
9789 9768 9804
9893 9891 9790
9792 9269 9268
9792 9802 9803
9802 9792 9796
9796 9801 9802
9801 9796 9794
9786 9268 9267
9268 9786 9792
9791 9794 9796
9794 9791 9787
9791 9792 9786
9792 9791 9796
9795 9804 9893
9789 9819 9799
9892 9793 9797
9893 9797 9795
9795 9802 9801
9802 9795 9797
9797 9803 9802
9272 9803 9793
9803 9272 9269
9805 30183 9270
30183 9805 30512
9806 30513 9807
30513 9806 30514
9807 30512 9805
30512 9807 30513
9808 9812 9788
9762 30515 30516
30516 30517 9762
30517 30516 30518
30518 9810 30517
9810 30518 9800
9798 9810 9800
9810 9798 9811
30519 9811 9798
9811 30519 30520
9818 9813 9814
9813 9818 9817
9816 9814 9813
9814 9816 9815
9819 9815 9816
9815 9819 9820
9822 30521 30522
30521 9822 9821
9794 9815 9801
9815 9794 9814
9813 30523 9816
30523 9813 30524
9817 30524 9813
30524 9817 30525
9787 9814 9794
9814 9787 9818
9799 9816 30523
9816 9799 9819
9820 9801 9815
9801 9820 9795
9808 30521 9821
30521 9808 9788
9822 30514 9806
30514 9822 30522
9819 9804 9820
9804 9819 9789
9804 9795 9820
9823 9825 9824
9827 30526 30527
30526 9827 9826
9823 30528 30529
30528 9824 30530
9809 30526 9826
30526 9809 30531
9810 9823 30529
9823 9810 9811
9811 9825 9823
9825 9811 30520
9812 9827 30527
9827 9812 9808
30529 30517 9810
30532 30533 9828
30534 30535 30536
30537 30538 30536
30535 30537 30536
30539 30212 9249
30540 30541 9845
30541 30539 9249
30540 30539 30541
30542 30532 9828
30543 9883 9884
30531 9809 30544
30538 30540 30536
30545 30543 9884
30546 9781 9772
9772 9838 30546
9830 9834 9835
9834 9830 30547
9756 30548 9757
9748 30505 9831
30505 9748 30507
9774 9832 9769
9773 9832 9774
9829 9836 9833
9836 9829 9756
30546 30549 30550
30551 30546 30552
9835 9833 9836
9833 9835 9834
30546 30551 30549
30547 9837 30553
30547 9830 9837
9756 9829 30548
30546 9838 30552
30546 30503 9781
9839 9757 30506
9757 9839 9756
9778 9760 9773
9703 30554 9709
9881 30545 9884
30545 9881 30555
9699 9865 9866
9876 9692 9875
9692 9876 9693
9742 9927 9743
9890 30556 30557
30556 9890 9889
9867 9699 9866
9699 9867 30499
9824 30528 9823
9780 9844 9766
30543 30542 9883
9828 9883 30542
30540 9845 30536
9848 9846 9849
9846 9848 9847
9735 30487 30558
9692 9696 9873
30486 30487 9732
9696 9872 9873
9852 9850 9853
9850 9852 9851
9728 30559 30560
9857 30483 30481
30483 9857 9856
9708 9854 9855
9717 9858 9700
9858 9717 9861
30561 9737 9736
9861 9859 9858
9859 9861 9860
9737 30561 30491
9696 9870 9871
9718 9713 9862
30562 9737 30490
30563 9867 30564
9867 30563 9868
30565 30500 30566
30500 30565 9869
30567 9869 30565
9869 30567 9870
9871 9870 30567
30567 30568 9871
9871 30569 30570
9872 30571 30572
30572 9873 9872
9873 30572 30573
30574 9873 30573
9874 30574 30575
30575 30576 9874
30576 9875 9874
9876 9875 30577
30577 30578 9876
9876 30578 30579
30579 9882 9876
9882 30580 30581
30581 30580 30582
30582 30583 30581
30584 30585 9877
30585 30586 9877
9877 30586 30587
9877 30587 30588
9877 30588 30589
30590 9877 30591
30592 9877 30590
30593 9877 30592
9877 30593 30594
30594 30595 9877
9877 30595 30596
9878 9877 30596
30596 30597 9878
9879 30597 30598
9880 9879 30598
30599 9880 30600
30555 9881 30599
30570 30601 9871
30576 30577 9875
9874 9873 30574
9878 30597 9879
9880 30598 30600
30580 9882 30579
9697 9882 30581
9876 9882 9693
9881 9880 30599
30602 9883 9828
9884 9883 30602
9881 9884 9695
9884 30602 9695
9871 30568 30569
30601 30603 9871
9888 9886 9885
9886 9888 9887
9729 30604 30489
30489 9736 9729
30605 30496 30606
9889 10124 10122
10124 9889 9890
30496 30605 30607
9867 30608 30564
9768 9891 9804
9891 9893 9804
9893 9892 9797
9892 9893 9790
9793 9803 9797
9792 9803 9269
9767 9771 9761
9894 30609 30610
9894 9777 9895
9777 9894 30610
9895 9783 9896
9783 9895 9777
9776 9896 9783
9896 9776 9897
9897 9758 30611
9758 9897 9776
9894 9771 30609
9771 9894 9761
9895 9761 9894
9761 9895 9898
9896 9898 9895
9898 9896 9899
9897 9899 9896
9899 9897 9900
9900 30611 30612
30611 9900 9897
9779 9767 9761
9779 9761 9898
9899 9779 9898
9779 9899 9901
9900 9901 9899
9901 9900 9778
9900 9763 9778
9763 9900 30612
9764 9779 9902
9901 9902 9779
9902 9901 9903
9903 9778 9773
9778 9903 9901
9924 9705 9923
9705 9924 9711
9726 9731 9709
9731 9726 9907
9723 9907 9726
9907 9723 9732
9723 30486 9732
9730 9904 9734
9908 9904 9731
9908 9907 9909
9907 9908 9731
9732 9909 9907
9909 9732 9735
9905 9733 9904
9910 9904 9908
9904 9910 9905
9910 9909 9911
9909 9910 9908
9735 9911 9909
9911 9735 9728
9735 30558 9728
30559 9728 30558
9730 9731 9904
9912 9733 9905
9733 9912 9706
9913 9912 9905
9913 9910 9914
9910 9913 9905
9911 9914 9910
9914 9911 9915
9915 9728 9916
9728 9915 9911
30560 9916 9728
9706 9906 9707
9906 9706 9912
9912 9917 9906
9917 9912 9913
9914 9917 9913
9917 9914 9918
9915 9918 9914
9918 9915 9919
9916 9919 9915
9919 9916 9729
9729 9916 30560
30604 9729 30560
9731 9703 9709
30502 9775 9920
9920 9782 9781
9782 9920 9775
9774 9781 9782
9781 9774 9772
9774 9840 9772
30613 9772 9840
30503 9921 9920
9709 30554 9710
9775 9764 9902
9772 30613 9838
10073 10078 9927
9707 9923 10066
9906 9923 9707
9924 9906 9917
9906 9924 9923
9918 9924 9917
9924 9918 9925
9919 9925 9918
9925 9919 9926
9919 9736 9926
9736 9919 9729
30561 9736 30488
10068 9927 9742
9746 9927 10068
9936 9951 9946
9951 9936 9950
9928 10038 10028
10038 9928 10037
9929 10036 10029
10036 9929 10035
9930 10034 10025
9932 10031 10032
9931 10030 10031
9949 9955 9952
9955 9949 9945
9506 9931 9957
9930 9932 10033
10031 9938 9931
9934 9931 9933
9937 9943 10052
9935 9953 9948
9944 10053 9943
10031 9932 9938
9506 10030 9931
9930 9942 9932
9933 9931 10046
9938 10046 9931
10046 9938 9932
10045 10046 9932
9932 9942 10045
9950 9945 9949
9945 9950 9936
9528 9946 9951
9946 9528 9511
9941 10025 10044
30614 30615 10026
10027 30614 10026
30614 10027 30616
30617 30616 10027
30616 30617 30618
10025 9941 9930
30619 9929 10029
30619 10039 9956
9954 9947 9953
9947 9954 9940
9948 30620 9935
10043 10040 10041
9954 9953 9935
9952 9935 30620
9935 9952 9955
10040 9956 10039
9956 10040 30621
9957 9931 9934
9958 30622 10054
30622 9958 30623
9939 10055 30624
10055 9939 9959
9961 30625 9960
30625 9961 30626
9962 30625 30627
30625 9962 9960
30628 30629 30630
30629 30628 9963
9964 30631 30632
30631 9964 9965
9965 30633 30631
30633 9965 9966
9963 30632 30629
30632 9963 9964
30634 30633 9966
30633 30634 30635
30636 30637 9967
9976 30638 30639
9976 9969 30638
10057 9973 9974
9970 30640 30641
30642 30643 9971
30644 10060 9972
30643 9970 9971
30645 9977 9978
9977 30645 30646
9979 30645 9978
30645 9979 30647
30648 30649 9980
30649 30648 30650
9981 30648 9980
30648 9981 30651
30652 30653 9982
30653 30652 30654
9983 30652 9982
30652 9983 9975
30655 30656 9984
30656 30655 30657
30658 30655 9984
30655 30658 30659
30660 30661 9985
30662 30663 9985
9985 30663 30664
30665 9985 30664
30666 30667 9985
9985 30661 30666
30665 30660 9985
30667 30662 9985
30668 10061 10062
10061 30668 30669
10063 9968 9986
9968 10063 30670
10056 30671 10058
30671 10056 30672
30673 10059 30674
10059 30673 30675
30676 30677 30639
30643 30640 9970
30677 9976 30639
9989 9576 9995
9576 9989 9568
9996 9989 9995
9989 9996 9990
9997 9990 9996
9990 9997 9991
9993 9997 9998
9997 9993 9991
9998 9987 9993
9987 9998 9999
9992 9999 10000
9999 9992 9987
10000 9988 9992
9988 10000 10001
9994 10001 10002
10024 30678 10023
30679 10017 10003
10017 30679 10018
30679 10004 30680
10004 30679 10003
30681 30682 30683
10021 30684 30685
30684 10021 10020
30686 30687 30688
30687 30686 30689
30690 30691 30692
30691 30690 30693
9588 30694 10005
30694 9588 30365
10005 30695 10006
30695 10005 30694
10006 30696 10007
30696 10006 30695
10007 30697 10008
30697 10007 30696
30689 30692 30687
30692 30689 30690
30697 30688 10008
30688 30697 30686
30698 9593 10009
9593 30698 30370
30699 10009 10010
10009 30699 30698
30700 10010 10011
10010 30700 30699
30701 10011 10012
10011 30701 30700
30702 10012 10013
10012 30702 30701
30703 10013 10014
10013 30703 30702
10015 30703 10014
30703 10015 30704
10016 30704 10015
30704 10016 30705
30706 30683 30682
30684 10019 30707
10019 30684 10020
10018 30708 10017
30708 10018 30709
30685 30710 10021
30710 30685 30711
30712 10022 30713
30712 30714 10022
30714 30712 30715
30682 30716 30706
30716 30682 30717
30678 30718 10023
30706 30719 30683
10023 10019 10024
10019 10023 30707
9969 30720 30638
30640 30721 30641
10032 10033 9932
10025 30619 10044
10025 9929 30619
10035 10025 10034
10025 10035 9929
10034 9930 10033
10028 30722 30723
30722 10028 10038
10064 9506 10151
10026 10043 10041
10042 10026 10041
10026 10042 10027
30724 10027 10042
10027 30724 30617
10037 10029 10036
10029 10037 9928
10064 10030 9506
10152 10030 10064
10030 10152 10031
10153 10031 10152
10031 10153 10032
10153 10033 10032
10033 10153 10154
10034 10033 10154
10035 10034 10155
10035 10156 10036
10156 10035 10155
10037 10036 10156
10037 10156 10065
10065 10038 10037
10038 10065 30725
10034 10154 10155
10029 10039 30619
10040 10039 10029
10040 10029 9928
10041 10040 9928
10028 10041 9928
10042 10041 10028
10042 10028 30723
30724 10042 30723
10026 30615 10043
30621 10040 10043
30621 10043 30615
10044 30619 30726
10044 30726 30727
9941 10044 30727
10045 9942 30728
10045 30729 10046
30729 10045 30728
9933 10046 30729
30730 30731 30732
30733 30398 30734
30398 30733 30399
30735 30734 30736
30734 30735 30733
30737 30736 30738
30736 30737 30735
30731 30738 30732
30738 30731 30737
30739 30740 30741
30740 30739 30742
30740 30743 30741
30730 30732 30744
30741 30743 30745
30746 30747 30748
30749 30750 30751
9637 30752 10047
30752 9637 30419
10047 30753 10048
30753 10047 30752
10048 30754 10049
30754 10048 30753
10049 30755 10050
30755 10049 30754
10050 9967 10051
9967 10050 30755
9967 30637 10051
10054 30624 10055
30624 10054 30622
10052 9943 10053
30756 10053 9944
9937 30757 9943
30758 30677 30676
10058 30675 10056
30675 10058 10059
9974 30758 10057
9971 30759 30642
10062 30670 10063
30670 10062 10061
9971 9972 30759
30759 9972 10060
30677 30758 9974
30760 9973 10057
30761 10060 30644
30762 30763 30764
30763 30762 30765
30766 30767 30746
30767 30766 30768
30768 30764 30767
30764 30768 30762
30769 30751 30750
30751 30769 30747
30748 30747 30770
30771 30769 30742
30746 30748 30766
30771 30742 30739
30770 30769 30771
30770 30747 30769
30763 30772 30773
30772 30763 30774
30773 30775 30776
30775 30773 30772
30776 30777 30778
30777 30776 30775
30779 30777 30780
30777 30779 30778
30781 30780 30782
30780 30781 30779
30781 30450 30451
30450 30781 30782
30783 30774 30765
30784 30785 30786
30787 30785 30788
30785 30787 30786
30783 30765 30788
30787 30788 30789
9922 30788 30765
30765 30774 30763
9988 10001 9994
30765 9701 9922
30790 9707 10066
30790 10066 10067
10068 30791 30498
10068 30792 30791
10068 30793 30792
30793 10068 30497
10068 9742 30497
30788 9922 30789
9843 10083 10072
10072 9842 9843
9842 10072 10073
9927 9746 10073
10070 10074 10075
10074 10070 10069
10075 10071 10070
10071 10075 10076
10072 10076 10077
10076 10072 10071
10077 10073 10072
10073 10077 10078
9266 9743 9265
10078 9743 9927
10079 9842 9746
9740 9262 9263
9745 10076 10075
30493 9746 30498
10079 9746 30493
10080 9842 10079
9842 10080 9843
9843 10081 10084
10081 9843 10080
9866 30608 9867
10085 30794 10086
30794 10085 10083
10085 10087 10088
10087 10085 10086
30795 10082 10121
10082 30795 30796
10085 10069 10070
10069 10085 10088
10070 10083 10085
10083 10070 10071
10082 10084 10081
10084 10082 30796
10083 9843 30794
10083 10071 10072
10089 30797 10123
30797 10089 30798
9873 9874 9692
9865 30799 30800
9683 30801 10090
30801 9683 30468
10090 30802 10091
30802 10090 30801
30802 10092 10091
10092 30802 30803
30803 10093 10092
10093 30803 30804
10093 30805 10094
30805 10093 30804
10094 30798 10095
30798 10094 30805
30798 10089 10096
30798 10096 10095
30799 9865 30806
30807 30808 9864
30808 30809 9864
30809 30806 9864
30810 9271 30478
9863 9271 30810
9864 9863 30811
30811 30812 9864
30810 30811 9863
30812 30807 9864
9698 9864 9865
9864 30806 9865
9865 30800 9866
10163 10182 10097
10172 10100 10171
10100 10172 10099
10173 10099 10172
10099 10173 10146
10174 30813 30814
30814 10136 10101
30815 10183 10137
10119 10118 30463
10118 10119 10120
10123 10122 10124
10122 10123 30797
9675 30280 30168
10121 10082 30607
10117 30280 9675
30607 10082 30496
30274 9444 30276
9445 30245 30276
30603 30571 9872
30603 9872 9871
9438 9439 30465
30800 30608 9866
10140 10116 10098
10127 10143 10126
10143 10127 10144
10134 10147 10141
10147 10134 10148
10126 10142 10135
10142 10126 10143
10220 10223 10212
10223 10220 10222
10201 10175 10176
10241 10242 10203
10180 10181 10197
30816 10248 10249
10248 30816 30817
30818 10249 10250
10249 30818 30816
10250 30819 30818
30819 10250 10251
10251 30820 30819
30820 10251 10252
30821 10252 10253
10252 30821 30820
10255 30822 10254
30822 10255 30823
10256 30823 10255
30823 10256 30824
10257 30824 10256
30824 10257 30825
10258 30825 10257
30825 10258 30826
10259 30826 10258
30826 10259 30827
30828 10259 30829
10259 30828 30827
10146 10174 10101
10174 10146 10173
10159 10160 9623
9657 9620 9621
30822 10253 10254
10253 30822 30821
10148 10142 10147
10142 10148 10135
10221 10227 10228
10227 10221 10214
10168 10169 10191
10116 10170 10098
10171 10098 10170
10098 10171 10100
10125 10064 10151
10064 10125 10102
10064 10115 10152
10115 10064 10102
10115 10153 10152
10153 10115 10114
10114 10154 10153
10154 10114 10113
10113 10155 10154
10155 10113 10112
10112 10156 10155
10156 10112 10110
10110 10065 10156
10065 10110 10111
10111 30725 10065
30725 10111 10109
30830 10158 10157
10158 30830 10108
10108 10159 10158
10159 10108 10107
10159 10106 10160
10106 10159 10107
10106 9657 10160
9657 10106 10105
10105 10161 9657
10161 10105 10104
10104 10162 10161
10162 10104 10103
10103 10151 10162
10151 10103 10125
10109 10164 10163
10110 10164 10111
10164 10110 10165
10165 10110 10112
10166 10165 10112
10112 10113 10166
10113 10167 10166
10115 10167 10114
10167 10115 10168
10115 10102 10168
10102 10169 10168
10102 10125 10169
10125 10103 10169
10103 10170 10169
10170 10103 10104
10171 10170 10104
10171 10104 10105
10106 10171 10105
10171 10106 10172
10107 10172 10106
10172 10107 10173
10173 10108 10174
10108 10173 10107
30813 10108 30830
10108 30813 10174
10213 10099 10175
10099 10213 10100
10146 10175 10099
10175 10146 10176
10101 10176 10146
10176 10101 10177
10177 10136 10178
10136 10177 10101
10137 30831 30815
10137 10180 10179
10180 10137 10138
10138 10181 10180
10181 10138 10139
10169 10170 10116
10174 30814 10101
10190 10116 10140
10184 10243 10244
10243 10184 10183
10188 10244 10245
10244 10188 10184
10190 10246 10247
10246 10190 10186
10186 10245 10246
10245 10186 10188
10164 10185 10182
10185 10164 10165
10187 10166 10167
10166 10187 10189
10191 10167 10168
10167 10191 10187
10149 10186 10190
10186 10149 10150
10138 10183 10184
10183 10138 10137
10188 10150 10139
10150 10188 10186
10184 10139 10138
10139 10184 10188
10189 10165 10166
10165 10189 10185
10097 10243 10183
10116 10247 10191
10097 10183 30815
10190 10140 10149
10163 10164 10182
10191 10169 10116
10109 10111 10164
10137 10179 30831
10113 10114 10167
10236 10201 10176
10200 10238 10207
10205 10239 10240
10239 10205 10199
10192 10221 10228
10131 10233 10132
10130 10204 10131
10129 10235 30832
10145 10222 10234
10197 10181 10192
10192 10203 10197
10203 10192 10202
10193 10205 10198
10205 10193 10204
30833 10206 10207
10206 30833 10194
10200 10208 10209
10208 10200 10195
10196 10175 10201
10202 10198 10203
10198 10202 10193
10204 10199 10205
10199 10204 30834
10195 10207 10206
10207 10195 10200
10196 10209 10208
10209 10196 10201
10209 10237 10200
10201 10236 10209
30835 10207 10238
10207 30835 30833
10198 10240 10241
10242 10197 10203
10197 10242 10180
30834 10204 10130
10131 10204 10193
30832 10206 10194
10235 10145 10234
10145 10235 10129
10139 10215 10181
10215 10139 10150
10210 10229 10218
10211 10210 10231
10214 10215 10232
10217 10216 10230
10231 10223 10224
10232 10226 10227
10229 10224 10225
10230 10225 10226
10210 10100 10213
10100 10210 10098
10216 10150 10149
10150 10216 10215
10149 10218 10216
10140 10210 10218
10210 10140 10098
10149 10140 10218
10175 10212 10213
10214 10181 10215
10220 10212 10175
10196 10220 10175
10192 10181 10221
10214 10221 10181
10222 10127 10223
10127 10222 10128
10223 10126 10224
10126 10223 10127
10224 10135 10225
10135 10224 10126
10226 10135 10148
10135 10226 10225
10227 10148 10134
10148 10227 10226
10228 10134 10133
10134 10228 10227
10210 10211 10229
10224 10229 10211
10230 10216 10218
10225 10230 10219
10231 10213 10212
10223 10231 10212
10232 10215 10216
10226 10232 10217
10218 10229 10219
10230 10218 10219
10231 10224 10211
10229 10225 10219
10230 10226 10217
10232 10227 10214
10232 10216 10217
10231 10210 10213
10145 10128 10222
10132 10228 10133
10233 10228 10132
10193 10202 10131
10233 10131 10202
10233 10202 10192
10192 10228 10233
10234 10220 10196
10196 10208 10234
10235 10234 10208
10235 10208 10195
10195 10206 10235
30832 10235 10206
10234 10222 10220
30725 30722 10038
10157 10158 9626
10176 10177 10236
10237 10236 10177
10177 10238 10237
10177 10178 10238
30835 10238 10178
30831 10240 10239
30831 10179 10240
10241 10240 10179
10179 10242 10241
10179 10180 10242
10241 10203 10198
10237 10238 10200
10205 10240 10198
10209 10236 10237
10182 10244 10243
10244 10182 10185
10185 10245 10244
10245 10185 10189
10189 10246 10245
10246 10189 10187
10187 10247 10246
10247 10187 10191
10116 10190 10247
10182 10243 10097
10130 10249 10248
10249 10130 10131
10131 10250 10249
10250 10131 10132
10250 10261 30836
10261 30837 30836
30837 10261 10141
30838 10141 10147
10141 30838 30837
10147 30839 30838
30839 10147 10142
10143 30839 10142
30839 10143 30840
10144 30840 10143
30840 10144 30841
30841 10260 30842
10260 30841 10144
10260 10258 30842
10145 10259 10258
10259 10145 10129
10129 30829 10259
30829 10129 30832
10144 10128 10260
10128 10144 10127
10260 10145 10258
10145 10260 10128
10132 10261 10250
10261 10132 10133
10133 10141 10261
10141 10133 10134
10265 10262 10269
10262 10265 10264
10269 10266 10265
10266 10269 10268
10266 10268 10267
10262 10264 10263
10271 30843 10272
30843 10271 30844
10272 30845 10273
30845 10272 30843
10273 30846 10270
30846 10273 30845
10270 30847 10274
30847 10270 30846
10274 30848 10275
30848 10274 30847
10275 30849 10276
30849 10275 30848
10276 30850 10277
30850 10276 30849
10277 30844 10271
30844 10277 30850
30851 30852 30853
30852 30851 30854
30855 30853 30852
30853 30855 30856
30855 30857 30856
30851 30858 30854
10281 10278 10285
10278 10281 10280
10285 10282 10281
10282 10285 10284
10282 10284 10283
10278 10280 10279
10287 30859 10288
30859 10287 30860
10288 30861 10289
30861 10288 30859
10289 30862 10286
30862 10289 30861
10286 30863 10290
30863 10286 30862
10290 30864 10291
30864 10290 30863
10291 30865 10292
30865 10291 30864
10292 30866 10293
30866 10292 30865
10293 30860 10287
30860 10293 30866
30867 30868 30869
30868 30867 30870
30871 30869 30868
30869 30871 30872
30871 30873 30872
30867 30874 30870
10297 10294 10301
10294 10297 10296
10301 10298 10297
10298 10301 10300
10298 10300 10299
10294 10296 10295
10303 30875 10304
30875 10303 30876
10304 30877 10305
30877 10304 30875
10305 30878 10302
30878 10305 30877
10302 30879 10306
30879 10302 30878
10306 30880 10307
30880 10306 30879
10307 30881 10308
30881 10307 30880
10308 30882 10309
30882 10308 30881
10309 30876 10303
30876 10309 30882
30883 30884 30885
30884 30883 30886
30887 30885 30884
30885 30887 30888
30887 30889 30888
30883 30890 30886
10313 10310 10317
10310 10313 10312
10317 10314 10313
10314 10317 10316
10314 10316 10315
10310 10312 10311
10319 30891 10320
30891 10319 30892
10320 30893 10321
30893 10320 30891
10321 30894 10318
30894 10321 30893
10318 30895 10322
30895 10318 30894
10322 30896 10323
30896 10322 30895
10323 30897 10324
30897 10323 30896
10324 30898 10325
30898 10324 30897
10325 30892 10319
30892 10325 30898
30899 30900 30901
30900 30899 30902
30903 30901 30900
30901 30903 30904
30903 30905 30904
30899 30906 30902
10326 10329 10333
10329 10326 10328
10330 10333 10329
10333 10330 10332
10330 10331 10332
10326 10327 10328
30907 10335 10336
10335 30907 30908
30909 10336 10337
10336 30909 30907
30910 10337 10334
10337 30910 30909
30911 10334 10338
10334 30911 30910
30912 10338 10339
10338 30912 30911
30913 10339 10340
10339 30913 30912
30914 10340 10341
10340 30914 30913
30908 10341 10335
10341 30908 30914
30915 30916 30917
30916 30915 30918
30917 30919 30915
30919 30917 30920
30919 30920 30921
30916 30918 30922
10342 10345 10349
10345 10342 10344
10346 10349 10345
10349 10346 10348
10346 10347 10348
10342 10343 10344
30923 10351 10352
10351 30923 30924
30925 10352 10353
10352 30925 30923
30926 10353 10350
10353 30926 30925
30927 10350 10354
10350 30927 30926
30928 10354 10355
10354 30928 30927
30929 10355 10356
10355 30929 30928
30930 10356 10357
10356 30930 30929
30924 10357 10351
10357 30924 30930
30931 30932 30933
30932 30931 30934
30933 30935 30931
30935 30933 30936
30935 30936 30937
30932 30934 30938
10358 10361 10365
10361 10358 10360
10362 10365 10361
10365 10362 10364
10362 10363 10364
10358 10359 10360
30939 10367 10368
10367 30939 30940
30941 10368 10369
10368 30941 30939
30942 10369 10366
10369 30942 30941
30943 10366 10370
10366 30943 30942
30944 10370 10371
10370 30944 30943
30945 10371 10372
10371 30945 30944
30946 10372 10373
10372 30946 30945
30940 10373 10367
10373 30940 30946
30947 30948 30949
30948 30947 30950
30949 30951 30947
30951 30949 30952
30951 30952 30953
30948 30950 30954
10374 10377 10381
10377 10374 10376
10378 10381 10377
10381 10378 10380
10378 10379 10380
10374 10375 10376
30955 10383 10384
10383 30955 30956
30957 10384 10385
10384 30957 30955
30958 10385 10382
10385 30958 30957
30959 10382 10386
10382 30959 30958
30960 10386 10387
10386 30960 30959
30961 10387 10388
10387 30961 30960
30962 10388 10389
10388 30962 30961
30956 10389 10383
10389 30956 30962
30963 30964 30965
30964 30963 30966
30965 30967 30963
30967 30965 30968
30967 30968 30969
30964 30966 30970
10394 10399 10393
10399 10396 10397
10396 10399 10400
10444 30971 10434
30971 10444 30972
10391 10437 10405
10400 10399 10394
30973 30974 10407
30974 10406 10407
10409 30975 10408
30975 10409 30976
10411 10395 10410
10395 10411 10401
10412 30977 30978
30977 10412 30979
30980 30973 30981
10401 10413 10404
10413 10401 10411
10435 30972 10444
10406 10390 10414
10390 10406 30974
30982 10436 30983
10408 10404 10413
10404 10408 30975
10436 10405 10437
30981 30973 10407
10394 10393 30984
10415 30985 10420
10420 10417 10421
10417 10420 10418
10443 10416 10442
10391 10426 10439
10421 10415 10420
30986 10428 30987
30987 10428 10427
30988 30989 10429
30989 30988 30990
30991 10431 10430
10431 30991 10422
10432 30992 30993
30992 10432 30994
30995 30996 30986
10422 10433 10431
10433 10422 10425
30997 10443 10441
30998 10427 30999
10427 30998 30987
31000 30997 10441
10425 10429 10433
10429 10425 30988
10426 31000 10440
10443 30997 10416
30996 10428 30986
10415 31001 30985
31002 31003 31004
31005 10403 10435
10403 31005 10398
10398 31005 31006
10398 31006 10402
10438 10402 31006
10438 10392 10402
31007 10423 31008
31009 10423 31007
10419 10423 31009
10419 31009 31010
10424 10419 31010
31011 10424 31010
31012 31013 31014
31013 31012 31015
31016 31012 31014
31015 10424 31011
31017 30983 31004
31004 31003 31017
10434 30980 30981
10391 31018 10437
10391 10439 31018
10436 30982 10405
10439 10426 10440
30982 30983 31017
31000 10441 10440
10435 10403 30972
31013 31015 31011
10445 10447 10446
10448 31019 31020
31021 10449 31022
31023 31024 31025
10450 31026 31027
31028 31029 31030
31031 31032 31033
31034 31035 31036
10456 10457 10451
10464 10470 10455
10470 10464 10458
10451 10457 31037
10474 10466 10465
10466 10474 10473
10451 10453 10456
31038 10455 10452
31038 10464 10455
10466 10461 10465
10458 10463 10470
10463 10458 10471
10475 10473 10474
10473 10475 10472
10478 31039 10479
10497 10494 10489
10485 10480 10492
10480 10485 10493
31039 10486 10479
10488 10496 10487
10496 10488 10495
31039 10478 31040
10492 31041 10477
31041 10492 10480
31042 31043 10477
31042 10477 31041
10488 10487 10483
10497 10495 10494
10495 10497 10496
10493 10491 10481
10491 10493 10485
10481 10484 10476
10484 10481 10491
10469 10471 10459
10471 10469 10463
10462 10459 10454
10459 10462 10469
10460 10462 10454
10462 10460 10468
10467 10468 10460
10468 10467 10475
10475 10467 10472
10482 10484 10490
10484 10482 10476
10489 10490 10497
10490 10489 10482
10498 10501 10500
10499 10498 10500
31044 10502 31045
31044 31046 10502
10508 10503 10509
10522 10516 10507
10516 10522 10510
10503 31047 10509
10518 10526 10517
10526 10518 10525
10503 10508 10505
31048 10504 10507
31048 10507 10516
10518 10517 10513
10515 10510 10522
10510 10515 10523
10527 10525 10524
10525 10527 10526
10530 10531 31049
10549 10541 10546
10532 10537 10544
10537 10532 10545
31049 10531 10538
10548 10540 10539
10540 10548 10547
31049 31050 10530
31051 10544 10529
10544 31051 10532
31052 10529 31053
31052 31051 10529
10540 10535 10539
10549 10547 10548
10547 10549 10546
10543 10545 10533
10545 10543 10537
10536 10533 10528
10533 10536 10543
10523 10521 10511
10521 10523 10515
10511 10514 10506
10514 10511 10521
10512 10514 10520
10514 10512 10506
10519 10520 10527
10520 10519 10512
10527 10524 10519
10534 10536 10528
10536 10534 10542
10541 10542 10534
10542 10541 10549
10550 10552 10553
10551 10552 10550
31054 31055 10554
31054 10554 31056
10578 10567 10571
10567 10578 10565
10566 10571 10568
10571 10566 10578
10582 10568 10572
10581 10570 10593
10581 10580 10573
10570 10573 10569
10581 10594 10580
10573 10574 10569
10567 10572 10571
10572 10567 10574
10582 10573 10585
10572 10568 10571
10591 10589 10576
10579 10592 10595
10565 10578 10575
10590 10566 10577
10575 10578 10590
10576 10590 10591
10594 10581 10593
31057 10583 31058
31059 10584 31060
10584 31061 31060
10584 31062 31063
10584 31063 31061
31064 31065 31066
31067 31068 31069
10583 31059 31058
31070 31066 31069
31057 31071 10583
10573 10570 10581
31068 31070 31069
10573 10572 10574
31070 31064 31066
10585 10573 10580
10572 10573 10582
31072 10588 10586
10588 31072 10587
31072 31073 10587
31074 10587 31073
31075 31076 31077
31078 31079 31080
31080 31076 31078
31076 31080 31077
31081 31079 31078
10596 10586 10588
10589 10592 10579
10584 31059 10583
10596 10588 31082
10566 10590 10578
10591 10590 10577
10577 10592 10591
31083 10592 10577
31084 10592 31083
10595 10592 31084
10576 10575 10590
10591 10592 10589
31085 10615 31086
10615 31085 10612
31087 10613 31088
10613 31087 10614
31086 31089 31090
31089 31086 10615
31091 31085 31092
31085 31091 10612
10629 10618 10616
10618 10629 10622
10617 10622 10629
10622 10617 10619
10633 10623 10619
10632 31093 10621
10632 10624 10631
10621 10620 10624
10632 10631 31094
10624 10620 10625
10618 10623 10625
10623 10618 10622
10633 10636 10624
10623 10622 10619
10642 10627 10640
10630 31095 10643
10616 10626 10629
10641 10628 10617
10626 10641 10629
10627 10642 10641
31094 31093 10632
31096 31097 10634
31098 31099 10635
10635 31099 31100
10635 31101 31102
10635 31100 31101
31103 31104 31105
31106 31107 31108
10634 31097 31098
31109 31107 31104
31096 10634 31110
10624 10632 10621
31108 31107 31109
10624 10625 10623
31109 31104 31103
10636 10631 10624
10623 10633 10624
10639 31111 10637
31111 10639 10638
31111 10638 31112
31113 31112 10638
31114 31115 31116
31117 31118 31119
31116 31118 31117
31118 31116 31115
31120 31117 31119
31121 10639 10637
10640 10630 10643
10635 10634 31098
31121 31122 10639
10617 10629 10641
10642 10628 10641
10628 10642 10643
31123 10628 10643
31124 31123 10643
31095 31124 10643
10627 10641 10626
10642 10640 10643
10657 10659 10663
10656 10655 10651
10655 10656 10660
10660 10652 10655
10652 10660 10658
10656 10651 10653
10652 10663 10662
10663 10661 10662
10656 10654 10650
10656 10653 10654
10658 10663 10652
10657 10663 10658
10671 31125 31126
10670 10669 10673
10669 10670 10665
10673 10666 10672
10666 10673 10669
10670 10667 10665
10666 10674 31125
31125 10674 31127
10670 10664 10668
10670 10668 10667
10672 10666 31125
10671 10672 31125
10685 10684 10683
10676 10681 10675
10682 10681 10676
10680 10687 10686
10679 10686 10688
10688 10690 10689
10678 10685 10683
10677 10678 10691
10676 10677 10682
10691 10687 10677
10686 10679 10680
10682 10680 10681
10677 10687 10682
10687 10680 10682
10683 10691 10678
10688 10689 10679
10702 10700 10701
10693 10692 10698
10699 10693 10698
10697 10703 10704
10696 10705 10703
10705 10706 10707
10695 10700 10702
10694 10708 10695
10693 10699 10694
10708 10694 10704
10703 10697 10696
10699 10698 10697
10694 10699 10704
10704 10699 10697
10700 10695 10708
10705 10696 10706
10733 10730 10732
10734 10731 31128
31129 31130 31131
31132 31133 31134
31135 10735 10877
31136 10736 10728
31137 10739 10727
31138 10726 10723
31136 10740 31138
10722 10727 10739
10727 10722 10721
31138 10740 10726
31137 10735 31135
31139 10736 31140
10737 31141 31142
31141 10737 10738
10727 10735 31137
31140 10736 31136
31143 10739 31137
10722 10739 31143
31144 10722 31143
10728 10740 31136
10728 10726 10740
10726 10728 10724
10741 31145 10742
31145 10741 31146
31147 10742 31145
10742 31147 10729
10748 10754 10774
10754 10748 10753
10750 10753 10749
10753 10750 10754
10755 10748 10774
10748 10755 10756
10756 10746 10745
10746 10756 10755
10744 10752 10743
10752 10744 10751
10749 10751 10750
10751 10749 10752
10755 10757 10772
10758 31148 31149
31148 10758 10759
10759 10747 31148
10747 10759 10760
10758 31150 10761
31150 10758 31149
10762 31150 31151
31150 10762 10761
10773 31152 31153
31152 10773 10763
10764 31152 10763
31152 10764 31154
10765 31155 10766
31155 10765 31156
10766 31157 10767
31157 10766 31155
10768 31158 31159
31158 10768 10769
10770 31158 10769
31158 10770 31160
10771 31157 31161
31157 10771 10767
31162 31161 31163
31161 31162 10771
31164 10757 10754
10772 10757 31164
31165 10773 31153
10773 31165 31166
10754 10757 10774
10755 10774 10757
10793 10787 10800
10787 10793 10784
10800 10785 10793
10785 10800 10794
10817 10800 10720
10800 10719 10720
10719 10800 10787
10779 10785 31167
10796 10781 10797
10781 10796 10795
10782 10795 10796
10778 10796 10797
10775 10799 10798
31168 10798 31169
10799 31169 10798
31169 10799 31170
10801 10786 10783
10801 31171 10786
31171 10801 31172
10776 31172 10801
31172 10776 31173
10801 10780 10776
10775 10789 10788
10789 10783 10788
10783 10789 10804
10799 10788 10802
10788 10799 10775
31170 10802 10790
10802 31170 10799
10790 10786 31171
10786 10790 10802
10786 10788 10783
10788 10786 10802
10803 10778 10797
10778 10803 10791
10793 10791 10803
10791 10793 10785
10784 10803 31174
10803 10784 10793
31174 10797 10781
10797 31174 10803
10792 10785 10779
10785 10792 10791
10778 10791 10792
10777 10783 10804
10783 10777 10780
10806 10810 10866
10810 10809 10808
10837 10806 10811
10806 10812 10811
10777 10813 10814
10813 10777 10812
10806 10867 10810
10776 31175 31176
31175 10776 10780
10780 10814 31175
10814 10780 10777
10837 10844 10868
10717 10819 10718
10819 10717 10816
10817 10819 10818
10819 10817 10718
10720 10718 10817
10800 10817 10794
10820 10805 10872
10710 10822 10709
10823 10743 10824
10824 10819 10816
31177 10821 10826
10821 31177 10825
10807 31178 10808
10807 10808 10809
10837 10811 10815
10828 31179 10827
31179 10828 31180
10829 31180 10828
31180 10829 31181
10831 31182 31183
31182 10831 10830
10831 31184 10832
31184 10831 31183
10830 31185 31182
31185 10830 10833
10833 31186 31185
31186 10833 10834
10835 31179 31187
31179 10835 10827
31188 31187 31189
31187 31188 10835
10836 31181 10829
31181 10836 31190
31191 31192 31193
31192 31191 10838
10838 31194 31192
31194 10838 10839
10839 31195 31194
31195 10839 10840
31196 31197 10841
10876 31197 10875
31197 10876 10841
31198 31199 10842
10845 31200 31201
31200 10845 10870
10842 31202 10843
31202 10842 31199
10869 31202 31203
31202 10869 10843
10874 31204 31205
10820 10871 31206
10844 10837 10871
10873 31201 31207
31201 10873 10845
10813 10812 10806
31208 31209 10846
31210 10846 31211
10846 31209 31211
31212 31213 31214
31210 31208 10846
31208 31213 31209
31211 31215 31216
31208 31214 31213
31211 31209 31215
31217 31216 31215
10817 31218 10794
10847 31219 31220
31219 10847 10848
10848 31221 31219
31221 10848 31222
31223 31184 31224
31184 31223 10832
10849 31225 10711
31225 10849 31226
10850 31226 10849
31226 10850 31227
31228 31229 10851
31229 31228 31230
31231 31229 31232
31229 31231 10851
31233 31227 10850
31227 31233 31234
10709 10822 10821
10822 10826 10821
31235 31236 10852
10712 31237 10853
31237 10712 31238
10852 31239 31235
31239 10852 10854
10855 31239 10854
31239 10855 31240
10853 31240 10855
31240 10853 31237
10856 31241 10861
31241 10856 31242
31243 31244 31245
31244 31243 10858
31246 31247 10859
31247 31246 31248
10858 31247 31244
31247 10858 10859
31249 31250 31251
31250 31249 10857
10801 10783 10780
31167 10794 31218
31167 10785 10794
10818 31218 10817
10825 10743 10823
10743 10825 31177
10824 10816 10823
31252 10864 31253
10863 10864 10862
31254 31255 31256
10864 31252 10862
31254 31256 10865
10865 31256 31257
10866 10810 10808
10857 31241 31250
31241 10857 10861
10807 10860 31178
10724 10860 10725
10860 10724 31178
10776 31176 31173
10870 31203 31200
31203 10870 10869
10867 10806 10868
10868 10806 10837
10871 10820 10872
10873 31204 10874
31204 10873 31207
10840 10875 31195
10875 10840 10876
31206 10871 10837
31206 10837 10815
10738 31258 31141
31258 10738 31259
10879 10878 10556
10555 10886 10881
10555 10878 10886
10878 10555 10556
10885 10890 10880
10881 10557 10558
10557 10881 10713
31260 10933 31261
10882 10919 10920
10887 10890 10889
10890 10887 10880
31262 31263 10888
10922 10921 10889
10890 10882 10884
10882 10890 10885
10891 31264 10894
31264 10891 31265
10880 10895 10891
10895 10880 10887
31266 31267 10892
10894 31268 10893
31269 31262 31270
10897 31271 31270
10894 10900 10891
10891 31272 31265
31272 10891 10895
10899 31273 31272
31266 10898 31268
31271 10897 10929
10898 10893 31268
10895 10899 31272
10926 10895 10887
10895 10926 10899
31267 10945 10892
10945 31267 31274
10900 10885 10880
10891 10900 10880
10894 10893 10900
31266 10896 10898
31264 31268 10894
10897 31262 10888
10713 10881 10928
31275 10931 10930
31275 10930 10929
10900 10893 10885
10909 10916 10898
10905 10909 10896
10893 10916 10885
10898 10916 10893
10896 10909 10898
10943 10932 10944
10932 10943 10902
10904 10905 10918
10910 10907 10913
10882 10878 10919
10878 10882 10908
10948 10881 10886
10911 10912 10908
10878 10908 10912
10907 10912 10911
10914 10909 10904
10886 10912 10910
10915 10914 10911
10907 10911 10904
10928 10881 10948
10917 10916 10914
10917 10915 10885
10885 10915 10882
10915 10908 10882
10917 10885 10916
10917 10914 10915
10901 10928 10910
10913 10906 10910
10910 10912 10907
10911 10908 10915
10904 10911 10914
10904 10909 10905
10914 10916 10909
10936 10918 10905
10902 10905 10932
10904 10918 10913
10921 10887 10889
10921 10926 10887
10890 10922 10889
10884 10923 10922
10920 10923 10884
10922 10890 10884
10919 10878 10879
10883 10919 10879
10883 10923 10920
10879 10556 10564
10564 10883 10879
10920 10919 10883
10897 31270 31262
31276 31277 31263
31277 10888 31263
10897 10888 31275
31275 10888 31278
31277 31278 10888
10881 10558 10555
10716 31279 10924
31279 10716 10715
10924 31280 31281
31280 10924 31279
10715 31282 31283
10715 31283 31279
31284 31282 10715
31285 31286 31287
31285 31288 31286
31288 31289 31286
31290 31291 31292
31290 31287 31286
31287 31290 31292
31293 31286 31289
31294 31293 31289
31295 31296 31297
10925 31298 31299
31299 31297 10925
31297 31299 31295
31300 31301 31302
31303 31301 31300
31303 31300 31304
31304 31297 31303
31297 31305 10925
31305 31297 31304
31305 31298 10925
31306 31296 31295
10882 10920 10884
10928 10901 10714
10910 10906 10901
10944 10892 10945
10892 10944 10932
10896 10892 10932
31271 10929 31274
31275 10929 10897
10942 10902 10943
10902 10942 10936
10905 10902 10936
10905 10896 10932
10935 10940 10939
10941 10940 10935
10941 10947 10942
10941 10946 10947
10901 10906 10946
10906 10913 10947
10901 10935 10934
31266 10892 10896
31307 31308 10937
10903 31307 10937
31307 10903 31260
10938 10933 10903
10940 10937 31308
10937 10940 10941
10942 10903 10941
10938 10943 10931
10943 10938 10942
10931 10944 10930
10944 10931 10943
10945 10930 10944
10930 10945 10929
31274 10929 10945
31309 10938 10931
31275 31310 10931
31309 31311 10933
10933 31311 31261
10947 10918 10936
10901 10946 10935
10947 10913 10918
10947 10936 10942
10935 10946 10941
10933 31260 10903
10938 31309 10933
10928 10948 10910
10910 10948 10886
31309 10931 31310
10903 10937 10941
10942 10938 10903
11013 11027 10996
11027 11013 11028
11029 10998 11030
10998 11029 11020
11030 10997 11031
10997 11030 10998
10995 11033 11032
11033 10995 10994
11014 10957 11015
10957 11014 10953
10951 10960 10961
10961 10955 10951
10955 10961 10964
10956 10958 10962
10958 10956 10954
10950 10962 10963
10962 10950 10956
10964 10953 10955
10953 10964 10957
10951 11019 10960
10966 10952 10959
10949 10952 10966
10962 10968 10969
10968 10962 10958
10963 10969 10970
10969 10963 10962
10964 10967 10957
10967 10964 10971
10965 10972 10960
10972 10965 10973
10975 10959 10974
10959 10975 10966
31312 10966 10975
10966 31312 31313
10961 10971 10964
10971 10961 10976
10969 10977 11023
10977 10969 10968
11017 10967 10978
10967 11017 11016
10980 10973 10979
10973 10980 10972
31314 10975 10991
10975 31314 31312
10987 11035 11034
11035 10987 10981
10970 11023 10989
11023 10970 10969
10980 10976 10972
10976 10980 10982
10971 10978 10967
10978 10971 10983
11036 10984 11037
10984 11036 11025
11039 11038 11021
11024 11041 11040
11041 11024 10985
10985 11034 11041
11034 10985 10987
10989 11010 11011
11010 10989 10988
10988 11038 11042
11035 11009 11043
11009 11035 10981
10991 10974 10990
10974 10991 10975
11044 10982 11045
11018 11046 11037
11018 10978 11047
10978 11018 11017
11022 10989 11023
10989 11022 10988
11015 10967 11016
10967 11015 10957
10976 10983 10971
10983 10976 10982
10960 10976 10961
10976 10960 10972
31314 10985 11024
10985 10991 10987
10991 10985 31314
10982 10986 11045
10987 10990 10981
10990 10987 10991
11047 10978 11044
31315 10965 10960
31313 10949 10966
10993 10956 10950
10956 10993 10994
10994 10954 10956
10954 10994 10995
11013 10953 11014
10953 11013 10996
10996 10955 10953
10955 10996 10997
10955 10998 10951
10998 10955 10997
11020 10951 10998
10951 11020 11019
10949 11000 10952
11000 10949 10999
11048 10999 11049
10999 11048 11000
11050 10994 10993
10994 11050 11033
11031 10996 11027
10996 11031 10997
11003 11001 11004
11001 11003 11002
11001 11052 11051
11052 11001 11002
11006 11004 11005
11004 11006 11003
11006 11007 11008
11007 11006 11005
11008 11011 11012
11011 11008 11007
11011 11009 11012
11009 11011 11010
11052 11000 11048
11000 11052 11002
10959 11003 11006
11003 10959 10952
11005 10950 10963
10950 11005 11004
10963 11007 11005
11007 10963 10970
11011 10970 10989
10970 11011 11007
10990 11008 11012
11008 10990 10974
10974 11006 11008
11006 10974 10959
10981 11012 11009
11012 10981 10990
11004 10993 10950
10993 11004 11001
10952 11002 11003
11002 10952 11000
11051 10993 11001
10993 11051 11050
11043 11010 11053
11010 11043 11009
11010 11026 11053
11013 11032 11028
11032 11013 10995
10995 11014 10954
11014 10995 11013
10954 11015 10958
11015 10954 11014
10958 11016 10968
11016 10958 11015
10968 11017 10977
11017 10968 11016
11018 10977 11017
10977 11018 10992
11018 10984 10992
10984 11018 11037
11019 31315 10960
11019 31316 31315
31316 11019 11020
11020 31317 31316
31317 11020 11029
11023 10992 11022
10992 11023 10977
11021 11025 11039
11025 11021 10984
10984 11022 10992
11022 10984 11021
10988 11021 11038
10986 10979 31318
10979 10986 10980
31318 11054 10986
11054 31318 31319
10988 11026 11010
11045 10986 11054
11044 10978 10983
10983 10982 11044
10988 11022 11021
11025 11036 11055
11055 11039 11025
10982 10980 10986
10988 11042 11026
11053 11026 11042
11047 11046 11018
11063 11064 11057
11066 11063 11065
11056 11198 11063
11057 11064 11061
11059 11061 11062
11061 11064 11199
11067 11069 11070
31320 11201 11179
11070 11069 31321
11071 11069 11067
11082 11083 11077
11227 11083 11081
31322 31323 11083
31322 11083 11082
11084 31324 31322
11078 11082 11073
11082 11078 11084
11074 11085 11078
31325 11232 11195
11080 31326 11079
31326 11075 11079
11080 11086 11087
11086 11080 11076
31327 11087 11086
31328 11087 31327
11083 31323 11081
11084 11085 31324
11089 11088 31329
31330 31331 31332
31333 31334 31335
31336 31337 31338
11092 11090 11091
31339 31340 11093
11094 31341 31342
31343 31344 31345
11095 31346 31347
31348 31349 31350
31351 31352 31353
31354 31355 31356
11098 11096 11097
31357 31358 11099
11100 31359 31360
31361 31362 31363
11110 11106 11105
11110 11105 31364
11108 31365 11109
11109 31365 31366
11101 11110 11108
11110 11101 11106
31365 11108 11104
11108 11215 11101
11107 31366 11235
11104 11108 11110
31367 11110 31364
31368 11115 31369
31370 31371 11115
11112 31370 11113
11115 11165 11111
31372 11060 11181
11119 31373 11204
11117 11118 11212
11120 11211 11121
11116 11117 11120
11116 11120 31374
11119 11117 11116
31375 31373 11119
31376 11126 11123
11126 11122 11125
11126 11125 11123
31377 11124 11126
11126 11124 11122
31378 11126 31379
11126 31380 31379
31380 11126 31376
11128 31381 11144
11128 11237 11133
11144 11239 11128
11239 11238 11130
11123 11145 11144
31382 11141 11138
31383 31384 11139
31382 11138 31384
11144 31376 11123
11140 11134 31383
11135 11139 11138
11143 11135 11138
11137 11143 11138
11141 11236 11142
11137 11138 11142
11147 31385 31386
31385 11147 11146
11147 31387 11148
31387 11147 31386
11148 31388 11149
31388 11148 31387
11149 31389 11150
31389 11149 31388
31389 31390 11150
11151 11131 11129
11131 11151 11152
11153 11131 11152
11131 11153 11127
11154 11129 11132
11129 11154 11151
11155 31391 31392
31391 11155 11156
11156 11132 31391
11132 11156 11154
11157 31393 31394
31393 11157 11158
11158 31395 31393
31395 11158 11159
11160 31395 11159
31395 11160 31396
31397 31396 11160
31396 31397 31398
11161 31399 31400
31399 11161 11162
11163 31401 31402
31401 11163 11182
11182 11114 31401
11114 11182 11164
31403 31399 11162
31399 31403 31404
11166 31400 31405
31400 11166 11161
11114 11166 31405
11166 11114 11164
31368 31372 11115
11115 31371 31369
31367 11104 11110
11119 11116 31375
31374 11120 31406
31378 31377 11126
31407 11165 11115
11111 11113 31370
31370 11115 11111
11061 11200 31408
31407 11115 31372
11063 11057 11065
11084 31322 11082
11057 11061 11059
11167 11170 31409
11170 11167 11172
11171 11058 11169
11058 11171 11168
31410 11176 11174
11176 31410 31411
31412 11173 11175
11173 31412 31413
11063 11198 11199
11172 11169 11170
11169 11172 11171
11175 11174 11176
11174 11175 11173
31408 11062 11061
11199 11064 11063
11199 11200 11061
11063 11066 11056
31328 31326 11087
11178 11068 11177
11068 11178 11072
31414 31415 11180
31415 31414 31416
11178 31415 11072
31415 11178 11180
11202 11179 11201
11179 11202 31417
31372 11181 31407
31377 31418 11124
11203 31417 11202
31417 11203 31419
31420 11222 11220
11222 31420 11183
11183 31421 11213
31421 11183 31420
11184 31422 31423
31422 11184 11214
11206 31423 11205
31423 11206 11184
11185 31424 11186
31424 11185 11102
11186 31425 11187
31425 11186 31424
11188 31426 11217
31426 11188 31427
11187 31427 11188
31427 11187 31425
11189 11216 31428
11216 11189 11218
11191 31429 31430
31429 11191 11190
11192 31431 11193
31431 11192 31432
11194 31431 31433
31431 11194 11193
31434 31433 31435
31433 31434 11194
11190 31436 31429
31436 11190 11196
11196 31437 31436
31437 11196 11197
31438 31439 31440
31441 31438 31440
31442 31443 31441
31438 31441 31443
31441 31444 31442
31445 31446 31447
31445 31448 31446
31449 31447 31450
31448 31444 31446
31447 31449 31445
31444 31441 31446
31450 31447 31451
31452 11198 11056
31453 11198 31452
11199 31453 31454
31455 11199 31454
31456 11200 31455
31408 11200 31456
31320 31321 11201
11201 31321 11069
11202 11201 11069
11069 11071 11202
11203 11202 11071
31457 11228 31458
31459 31460 31461
31462 31463 31461
31461 31464 31459
31463 31462 31465
31460 31462 31461
31463 31465 31466
31466 31451 31463
31463 31451 31447
31464 31461 31467
31467 31468 31464
31467 31469 31468
31470 31469 31471
31472 31470 31471
31469 31467 31471
31470 31472 31473
31474 31475 31476
31477 31478 31479
31477 31475 31478
31476 31480 31474
31476 31481 31480
31481 31476 11240
31479 31478 31482
31475 31477 31476
31385 11208 31483
11208 31385 11146
31484 31485 31486
31485 31487 31486
31488 31487 31489
31488 31489 31490
31487 31488 31486
31490 31491 31488
11207 31492 31493
11209 31494 31495
11119 31496 11118
11207 11205 31492
11205 11207 11206
11119 11204 31496
11208 11103 31483
11103 11208 11234
31494 11209 31497
11134 31498 31499
31497 11209 31500
31501 31484 31486
31484 31501 31502
31501 31503 31502
11140 31383 11139
11134 31499 31383
11209 31495 31504
11214 31421 31422
31421 11214 11213
11211 11117 11212
11120 11117 11211
11117 11119 11118
31505 31506 31507
31505 31507 31508
11210 31428 31509
31428 11210 11189
31500 31505 31508
31505 31500 11209
31510 31511 31512
31511 31513 31512
31514 31515 31512
31513 31514 31512
31516 31517 31512
31512 31518 31516
11217 11216 11218
11216 11217 31426
11215 11109 31519
31512 31515 31518
11109 11215 11108
31366 31519 11109
31366 31520 11235
11135 11140 11139
11219 11221 31521
11120 31522 31406
31523 11220 11222
11220 31523 31524
31505 31525 31506
31526 11120 11121
31522 11120 31526
31511 31510 31527
31366 11107 31519
31528 11225 31529
11225 31530 31529
31531 31530 31532
31530 11225 31532
11224 11102 11185
11102 11224 11223
31533 31527 31510
31528 31534 11225
31535 31536 31364
11229 31537 31534
31538 11226 31539
11226 31538 31540
11083 11227 31541
31534 31528 11229
31536 31535 31542
31543 31533 31510
31544 11223 11224
31545 31536 31542
11230 11231 31546
11230 11197 11231
11197 11230 31437
31547 31531 31532
31548 31547 31532
31540 31430 11226
31430 31540 11191
11083 31541 11077
11082 11077 11073
11087 31326 11080
31549 11233 31550
11078 11085 11084
11195 31551 31325
11085 11074 31550
31552 31553 31554
11074 31549 31550
31549 31555 11233
31556 31552 31554
31556 31557 31552
11103 11234 31558
31559 31503 31560
31560 31503 31501
11210 31509 31561
31562 31512 31517
31499 31498 31563
31382 31564 11141
31565 31390 11136
11142 11138 11141
11237 11239 11130
31566 11239 11144
31566 31567 11239
11239 31567 31568
11238 31568 31569
11144 31381 31376
11239 11237 11128
11240 31476 31570
31571 11248 11246
11242 31572 31573
31572 11241 31574
11241 31572 11243
11245 11247 31575
31573 11246 11242
31575 11247 31571
11250 31576 11249
31576 11250 31577
11251 31577 11250
31577 11251 31578
11253 11244 11252
11244 11253 31579
31580 11254 31581
11254 31580 31582
11256 31583 11255
31583 11256 31584
11255 31581 11254
31581 11255 31583
31585 11249 31576
11249 31585 31586
31573 31571 11246
11258 31587 11257
31587 11258 31588
11261 31589 11259
31589 11261 31590
31591 31592 31593
11245 31575 31594
31587 11260 11257
11260 31587 31595
11268 11265 11269
11265 11268 11264
11264 11266 11265
11266 11264 11267
11267 11263 11266
11263 11267 11262
31596 11269 31597
11269 31596 11268
31598 11271 11270
11271 31598 31599
31600 11273 11272
11273 31600 31601
31601 11274 11273
11274 31601 31602
31599 11272 11271
11272 31599 31600
31603 11277 31604
11277 31603 11276
31604 11275 11251
11275 31604 11277
31605 31606 11276
11276 31603 31605
11290 11279 11280
11279 11290 11289
11289 11282 11279
11282 11289 11288
11282 31607 31608
31607 11282 11288
11291 11280 11285
11280 11291 11290
11292 11285 11287
11285 11292 11291
31609 11283 31610
11283 31609 31611
31611 11278 11283
11278 31611 31612
31612 11281 11278
11281 31612 31613
31613 11284 11281
11284 31613 31614
31614 11286 11284
11286 31614 31615
31571 11247 11248
31616 31617 31618
31617 31616 31619
31620 31621 31622
31621 31620 31623
31622 31624 31625
31624 31622 31621
31625 31619 31616
31619 31625 31624
31626 31627 31628
31627 31626 31629
31630 31631 31632
31631 31630 31633
31629 31634 31635
31634 31629 31626
31635 31636 31637
31636 31635 31634
31637 31631 31633
31631 31637 31636
11243 31572 11242
31638 31630 31632
31639 31638 31632
31638 31639 31640
31641 31642 31643
31642 31641 31644
31638 31645 31630
31646 11294 31647
31648 31649 31650
11294 31646 31618
31651 31647 11293
31647 31651 31652
31652 31646 31647
31617 11294 31618
31650 31645 31638
11145 31566 11144
11238 11239 31568
11138 11139 31384
31390 31565 11150
31650 31649 31653
31650 31653 31645
11199 11198 31453
31455 11200 11199
11105 31535 31364
31552 11295 31553
31654 31655 31656
11298 11296 11297
31657 31658 11299
11300 31659 31660
31661 31662 31663
31664 31665 31666
31666 31665 31667
11780 11304 11305
11304 11780 11779
11307 11781 11547
11781 11307 11782
11309 11764 11331
11764 11309 11306
11310 31668 31669
31668 11310 11308
11856 11842 11843
11842 11856 11425
11317 11777 11570
11777 11317 11778
11320 11319 11316
11319 11320 11321
11765 31670 11322
31670 11765 31671
11393 11426 11314
11426 11393 11394
11325 11434 11324
11434 11325 11326
11324 11773 11772
11773 11324 11434
11310 11330 11334
11330 11310 31669
11309 11763 31672
11763 11309 11331
11332 11763 11331
11843 11329 11408
11329 11843 11842
11335 11336 11334
11336 11335 11333
11340 11786 11338
11786 11340 11787
31673 11339 31674
11339 31673 11785
11341 11787 11340
11787 11341 11788
11785 11343 11339
11343 11785 11792
11337 11322 31670
11322 11337 11766
11321 11344 31675
11344 11321 11320
11394 11347 11426
11347 11394 11397
11790 11348 11349
11348 11790 11789
11352 31676 31677
31676 11352 11791
11789 11341 11348
11341 11789 11788
11792 11352 11343
11352 11792 11791
11350 11353 11354
11353 11350 11351
11767 31678 11357
31678 11767 31679
11397 11369 11347
11369 11397 11356
11794 11359 11360
11359 11794 11793
11362 31680 31681
31680 11362 11795
11363 11795 11362
11795 11363 11796
11793 11365 11359
11365 11793 11800
31678 11768 11357
11768 31678 11361
11364 11354 11353
11354 11364 31682
11358 11357 11768
11368 11369 11380
11369 11368 11762
11374 11798 11371
11798 11374 11799
31683 11797 11373
11797 31683 31684
11373 11796 11363
11796 11373 11797
11800 11374 11365
11374 11800 11799
11377 11705 11367
11356 11380 11369
11380 11356 11378
11378 11876 11379
11383 11435 11436
11435 11383 11381
11382 11436 11470
11436 11382 11383
11385 11454 11384
11454 11385 11386
11390 11462 11387
11389 31685 11391
31685 11389 11388
11462 11382 11470
11382 11462 11390
11389 11391 11392
11860 11855 11849
11332 11700 11703
11408 11398 11407
11398 11408 11401
11400 11399 11401
11399 11400 11402
31686 11422 11403
11358 11404 11405
11847 11848 11861
11413 11411 11412
11411 11413 11301
11879 11878 11414
11356 11395 11857
11411 11701 11412
11415 11383 11382
11383 11415 11416
11416 11381 11383
11381 11416 11417
11415 11382 11390
11419 11384 11428
11384 11419 11385
11303 11406 11302
11406 11303 11420
11326 11703 11422
11703 11326 11325
11700 11332 11423
11700 11423 11424
11336 11310 11334
11312 11308 11310
11323 11426 11320
11346 11320 11426
11355 11353 11351
11399 11388 11389
11388 11399 11402
11401 11427 11400
11422 31686 11326
11852 11862 11851
11862 11852 11863
11327 11429 11328
11429 11327 11430
11401 11329 11427
11329 11401 11408
11431 11370 11372
11370 11431 11432
11433 11705 11377
11705 11433 11707
31687 11379 31688
11434 31689 11773
31689 11434 31690
11437 11438 11445
11437 11443 11438
11440 31691 11441
11442 11445 11438
11444 11438 11443
11438 11444 11442
11446 11480 11472
11480 11446 11447
11455 11448 31692
11838 11451 11839
11451 11838 11453
31693 11384 11454
11455 11457 11448
11457 11455 11456
11462 11834 11833
11458 11464 11476
11459 31694 11710
11442 11464 11458
11466 11480 11447
11480 11466 11471
11839 11467 11840
11467 11839 11451
11457 11468 11448
11468 11457 11469
11464 11444 11465
11444 11464 11442
31695 11467 11460
11467 31695 11840
11836 11470 11436
11470 11836 11835
11838 31696 11453
31696 11838 11837
11439 11481 11472
11462 11835 11834
11835 11462 11470
11711 11474 11477
11474 11711 31694
11465 31697 11476
11478 11711 11477
11711 11478 11712
11450 11712 11478
11712 11450 11713
31698 11713 11450
11713 31698 31691
11457 11450 11478
11450 11457 11456
11457 11477 11469
11477 11457 11478
11471 11473 31697
11469 11477 11474
11468 31692 11448
31698 11450 11456
11481 11446 11472
11471 11466 11473
11468 11469 31699
11455 31700 31701
11480 11443 11472
11443 11480 11444
11480 11465 11444
11465 11480 11471
11774 11327 11775
11327 11774 11430
31702 11773 31689
11714 11486 11536
11486 11714 11485
31703 11491 11483
11491 31703 11495
11803 11487 11804
11487 11803 11488
11488 11489 11487
11720 31704 11490
31704 11720 31705
11802 31704 31706
31704 11802 11490
11495 11492 11491
11492 11495 11494
11804 11496 11805
11496 11804 11487
11496 11522 11523
11522 11496 11487
11542 11497 11498
11497 11542 11532
31707 11503 11516
11501 11720 11490
11720 11501 11721
11801 11490 11802
11490 11801 11501
11327 11776 11775
11776 11327 11335
11725 11538 11537
11538 11725 11724
11330 11769 11334
11769 11330 11770
11508 11716 11509
11716 11508 11506
31708 11507 11513
11505 11507 31709
11507 11505 11504
31710 11509 11520
11509 31710 11508
11512 11722 11518
11722 11512 11510
31711 11511 11524
11511 11807 11806
11807 11511 31712
11512 11808 31713
11808 11512 11518
11494 11513 11507
11513 11494 11514
11511 11523 11524
11523 11511 11496
11496 11806 11805
11806 11496 11511
11542 11533 11529
11533 11542 11498
11722 11501 11518
11501 11722 11721
11518 11801 11808
11801 11518 11501
11776 11334 11769
11334 11776 11335
11538 11723 11539
11723 11538 11724
11489 11530 11526
11523 11526 11527
11526 11523 11522
11524 11527 11528
11527 11524 11523
11526 11530 11531
11529 11533 11534
31711 11524 11528
31714 11495 31703
11494 11493 11514
11493 11494 11495
11494 11504 11492
11504 11494 11507
11510 11539 11723
11539 11510 11535
31705 11537 31715
11537 31705 11725
11541 11537 11538
11537 11541 11540
11539 11541 11538
11541 11539 11521
11497 11532 11531
11528 11529 11534
31716 31717 11503
11539 11535 11521
11503 11541 11516
11541 11503 11540
11541 11515 11516
11515 11541 11521
31707 11516 11515
31715 11537 11540
11515 11521 31718
11542 11526 11532
11526 11542 11527
11528 11542 11529
11542 11528 11527
11732 11545 11563
11545 11732 11544
11546 31719 31720
31719 11546 11547
11549 11550 11548
31721 11594 11588
11594 31721 11731
31722 11726 31721
11726 31722 11561
11547 11553 11307
11553 11547 11546
11554 11556 11555
11556 11554 11548
11599 11557 11558
11557 11599 11590
11564 11579 31723
11731 11595 11594
11595 11731 11730
11561 11727 11726
11727 11561 11560
11304 11562 11563
11562 11304 11317
11569 11734 11581
11734 11569 11565
31724 11568 11566
11568 11567 11315
11567 11568 31725
11570 11569 11581
11569 11570 31726
11596 11572 11593
11572 11596 11729
11586 31727 11573
11577 11573 31727
11728 11574 11572
11574 11728 11575
11576 11568 11553
11568 11576 11566
11573 11554 11555
11554 11573 11577
11599 11591 11587
11591 11599 11558
11595 11729 11596
11729 11595 11730
11560 11728 11727
11728 11560 11575
11570 11562 11317
11562 11570 11581
11811 11735 11565
11735 11811 11810
31724 11566 11812
11736 11810 11809
11810 11736 11735
11552 11813 11576
11813 11552 11814
11584 11555 11556
11555 11584 11585
11555 11586 11573
11586 11555 11585
11584 11550 31728
11589 11584 31728
11587 11591 11592
31729 11546 31720
11553 11552 11576
11552 11553 11546
11563 11733 11732
11733 11563 11562
11581 11733 11562
11733 11581 11734
11598 11594 11595
11594 11598 11597
11596 11598 11595
11598 11596 11582
11590 11589 11557
11586 11587 11592
11564 31730 31731
11582 11596 11593
11564 11598 11579
11598 11564 11597
11578 11598 11582
11598 11578 11579
11814 31729 11815
31723 11579 11578
11594 11597 11588
11582 31732 11578
11590 11585 11584
11585 11590 11599
11587 11585 11599
11585 11587 11586
11738 11602 11618
11602 11738 11600
31733 11340 11338
11340 31733 11608
11820 31734 11821
11603 11605 11604
11744 31735 11606
31735 11744 31736
11743 31737 11600
31737 11743 11822
11609 11340 11608
11340 11609 11341
11607 11819 11627
11819 11607 11820
11637 11604 11636
11604 11637 11610
11652 11611 11613
11611 11652 11612
11619 11630 31738
11616 11744 11606
11744 11616 11745
11742 11822 11743
11822 11742 11823
11618 11343 11617
11343 11618 11339
11617 11738 11618
11738 11617 11739
11749 11648 11650
11648 11749 11748
11623 11740 11634
11740 11623 11620
31739 11622 11621
11349 11622 31740
11622 11349 11348
11352 11623 11634
11623 11352 31677
11626 11746 11632
11746 11626 11624
31741 11625 11638
31739 11621 11818
11817 11741 11620
11741 11817 11824
11627 11622 11609
11622 11627 11621
11625 11637 11638
11637 11625 11610
11819 11621 11627
11621 11819 11818
11652 11645 11628
11645 11652 11613
11746 11616 11632
11616 11746 11745
11824 11742 11741
11742 11824 11823
11634 11739 11617
11739 11634 11740
11352 11617 11343
11617 11352 11634
11648 11747 11649
11747 11648 11748
11605 11643 11640
11641 11636 11640
11636 11641 11637
11638 11641 11642
11641 11638 11637
11644 11640 11643
11628 11645 11646
31741 11638 11642
11602 11339 11618
11339 11602 31674
31734 11608 31733
11609 11607 11627
11607 11609 11608
11609 11348 11341
11348 11609 11622
11747 11647 11649
11647 11747 11624
31736 11650 31742
11650 31736 11749
11651 11650 11648
11650 11651 11653
11649 11651 11648
11651 11649 11635
11611 11612 11644
11642 11628 11646
31742 11650 11653
11649 11647 11635
11619 11651 11630
11651 11619 11653
11651 11629 11630
11629 11651 11635
11629 31738 11630
11629 11635 31743
11640 11652 11641
11652 11640 11612
11652 11642 11641
11642 11652 11628
11750 11360 11359
11360 11750 11654
11656 11657 11655
11756 31744 11667
31744 11756 31745
11829 11659 11658
11659 11829 11828
11660 11683 11684
11683 11660 11655
11699 11663 11664
11663 11699 11662
11661 11677 31746
11680 11756 11667
11756 11680 11757
11761 11695 11694
11695 11761 11760
11371 11752 11374
11752 11371 11669
31747 11373 11674
11672 11758 11679
11758 11672 11671
31748 11673 11685
31747 11674 11827
11826 11753 11669
11753 11826 11825
11363 11674 11373
11674 11363 11659
11685 11660 11684
11660 11685 11673
11699 11691 11675
11691 11699 11664
11679 11757 11680
11757 11679 11758
11825 11754 11753
11754 11825 11832
11695 11759 11696
11759 11695 11760
11657 11689 11686
11684 11686 11687
11686 11684 11683
11688 11684 11687
11684 11688 11685
11827 11659 11828
11659 11827 11674
11754 11831 11755
11831 11754 11832
11755 11830 11654
11830 11755 11831
31749 11829 31750
11686 11689 11690
11675 11691 11692
31748 11685 11688
31750 11362 31681
11363 11658 11659
11658 11363 11362
11759 11693 11696
11693 11759 11671
31751 11761 11694
11761 31751 31745
11698 11694 11695
11694 11698 11697
11698 11696 11682
11696 11698 11695
11663 11662 11690
11692 11688 11675
11661 31752 31753
11682 11696 11693
11661 11698 11677
11698 11661 11697
11698 11676 11677
11676 11698 11682
11676 31746 11677
31751 11694 11697
11676 11682 31754
11662 11687 11686
11687 11662 11699
11687 11675 11688
11675 11687 11699
11326 31690 11434
31690 11326 31755
31693 11428 11384
11428 31693 31756
11864 11409 11846
11863 11853 11865
11853 11863 11852
11407 11843 11408
11843 11407 11844
11394 11395 11397
11328 11842 11333
11842 11328 11329
11355 11347 11369
11347 11355 11704
11377 31757 11433
31757 11377 11376
11376 11367 11366
11367 11376 11377
31758 11436 11435
11453 11386 11451
11386 11453 11454
11460 11391 31685
11391 11460 11467
11467 11386 11391
11386 11467 11451
11536 11502 11706
11502 11536 11482
11706 11520 11509
11520 11706 11502
11482 11486 31759
11486 11482 11536
11304 11545 11305
11545 11304 11563
11315 11553 11568
11553 11315 11307
11809 11737 11736
11737 11809 11816
11737 31760 11544
31760 11737 11816
11813 11566 11576
11566 11813 11812
11379 11432 11431
11432 11379 31687
11332 11331 11764
11322 11424 11765
11716 11706 11509
11706 11716 11715
11536 11715 11714
11715 11536 11706
11752 11365 11374
11365 11752 11751
11750 11365 11751
11365 11750 11359
11709 11461 11710
11452 11709 11708
11323 11314 11426
11314 11323 11313
11318 11312 11313
11312 11318 11308
11323 11318 11313
11318 11323 11316
11327 11333 11335
11333 11327 11328
11342 11355 11351
11355 11342 11704
11346 11342 11344
11342 11346 11704
11431 11380 11379
11380 11431 11368
11372 11368 11431
11368 11372 11375
11422 11418 11403
11418 11422 11703
11418 11700 11702
11700 11418 11703
11347 11346 11426
11346 11347 11704
31761 11403 11390
11403 31761 31762
11415 11875 11409
31763 11547 11781
11547 31763 31719
11317 11779 11778
11779 11317 11304
11315 11784 11783
11784 11315 11567
31764 11570 11777
11570 31764 31726
11307 11783 11782
11783 11307 11315
11322 11766 11424
11767 11357 11358
11369 11762 11353
11358 11367 11404
11404 11700 11405
11407 11302 11406
11302 11407 11398
11392 11302 11389
11302 11392 11303
11302 11399 11389
11399 11302 11398
11329 11429 11427
11429 11329 11328
11862 31765 11851
11303 11385 11419
11385 11303 11392
11392 11386 11385
11386 11392 11391
11707 11412 11705
11412 11707 11413
11705 11701 11404
11701 11705 11412
11878 11857 11414
11857 11878 11877
11395 11356 11397
11857 11378 11356
11332 11703 11325
11619 31766 31767
11390 11418 11415
11418 11390 11403
31755 11326 31686
11700 11424 11405
11705 11404 11367
11708 11449 31691
11449 11709 11479
11709 11449 11708
11709 11475 11479
11475 11709 11710
31694 11475 11710
11711 11475 31694
11479 11711 11712
11711 11479 11475
11713 11479 11712
11479 11713 11449
11449 11713 31691
11485 11714 11484
11484 11715 11525
11715 11484 11714
11715 11519 11525
11519 11715 11716
11519 11716 11506
11717 11519 11506
11717 11525 11519
11525 11717 11718
11525 11719 11484
11719 11525 11718
11485 11484 11719
11720 11499 31705
11721 11499 11720
11499 11721 11500
11517 11721 11722
11721 11517 11500
11517 11722 11510
11723 11517 11510
11500 11723 11724
11723 11500 11517
11725 11500 11724
11500 11725 11499
11499 11725 31705
11726 11551 31721
11551 11727 11559
11727 11551 11726
11727 11571 11559
11571 11727 11728
11572 11571 11728
11572 11729 11571
11559 11729 11730
11729 11559 11571
11731 11559 11730
11559 11731 11551
11551 11731 31721
11544 11732 11543
11543 11733 11583
11733 11543 11732
11733 11580 11583
11580 11733 11734
11580 11734 11565
11735 11580 11565
11735 11583 11580
11583 11735 11736
11583 11737 11543
11737 11583 11736
11544 11543 11737
11600 11738 11601
11739 11601 11738
11601 11739 11639
11633 11739 11740
11739 11633 11639
11633 11740 11620
11741 11633 11620
11741 11639 11633
11639 11741 11742
11639 11743 11601
11743 11639 11742
11600 11601 11743
11744 11614 31736
11745 11614 11744
11614 11745 11615
11746 11615 11745
11615 11746 11631
11631 11746 11624
11747 11631 11624
11615 11747 11748
11747 11615 11631
11749 11615 11748
11615 11749 11614
11614 11749 31736
11654 11750 11668
11668 11751 11681
11751 11668 11750
11751 11670 11681
11670 11751 11752
11670 11752 11669
11753 11670 11669
11753 11681 11670
11681 11753 11754
11681 11755 11668
11755 11681 11754
11654 11668 11755
11756 11665 31745
11757 11665 11756
11665 11757 11666
11678 11757 11758
11757 11678 11666
11678 11758 11671
11759 11678 11671
11666 11759 11760
11759 11666 11678
11761 11666 11760
11666 11761 11665
11665 11761 31745
11323 11320 11316
11346 11344 11320
11336 11425 11310
11355 11369 11353
11762 11364 11353
11762 11375 11364
11375 11762 11368
11378 11379 11380
31672 11771 31768
11771 31672 11763
11763 11772 11771
11772 11763 11324
11324 11332 11325
11332 11324 11763
11423 11764 11311
11764 11423 11332
11781 11306 31763
11306 11781 11764
31671 11783 11784
11783 31671 11765
11765 11782 11783
11782 11765 11311
11765 11423 11311
11423 11765 11424
11424 11345 11405
11345 11424 11766
11767 11405 11345
11405 11767 11358
11366 11358 11768
11358 11366 11367
11770 11520 11769
11520 11770 31710
31768 11504 11505
11504 31768 11771
11771 11492 11504
11492 11771 11772
11772 11491 11492
11491 11772 11773
11773 11483 11491
11483 11773 31702
31759 11775 11482
11775 31759 11774
11482 11776 11502
11776 11482 11775
11502 11769 11520
11769 11502 11776
11316 11778 11318
11778 11316 11777
11778 11308 11318
11308 11778 11779
11779 31668 11308
31668 11779 11780
11764 11782 11311
11782 11764 11781
11777 11319 31764
11319 11777 11316
11785 31675 11344
31675 11785 31673
11337 11787 11766
11787 11337 11786
11766 11788 11345
11788 11766 11787
11788 11767 11345
11767 11788 11789
11789 31679 11767
31679 11789 11790
11350 11791 11351
11791 11350 31676
11791 11342 11351
11342 11791 11792
11792 11344 11342
11344 11792 11785
11793 31682 11364
31682 11793 11794
11361 11795 11768
11795 11361 31680
11768 11796 11366
11796 11768 11795
11797 11366 11796
11366 11797 11376
11376 31769 31757
31769 11376 11797
11798 11372 11370
11372 11798 11799
11799 11375 11372
11375 11799 11800
11800 11364 11375
11364 11800 11793
31684 31769 11797
11718 11802 11719
11802 11718 11801
11719 31706 11485
31706 11719 11802
11804 31714 11803
11493 11805 11514
11805 11493 11804
11805 11513 11514
11513 11805 11806
31708 11513 11806
31713 11717 11506
11717 31713 11808
11808 11718 11717
11718 11808 11801
11809 11575 11560
11575 11809 11810
11811 11575 11810
11575 11811 11574
11812 31770 31771
31770 11812 11577
11813 11577 11812
11577 11813 11554
11548 11813 11814
11813 11548 11554
11549 11814 11815
11814 11549 11548
11561 31760 11816
31760 11561 31722
11809 11561 11816
11561 11809 11560
11625 31772 11818
31772 11625 31773
11610 11818 11819
11818 11610 11625
11604 11819 11820
11819 11604 11610
11821 11604 11820
11604 11821 11603
11822 31735 31737
31735 11822 11606
11823 11606 11822
11606 11823 11616
11632 11823 11824
11823 11632 11616
11626 11824 11817
11824 11626 11632
11672 11825 11826
11825 11672 11679
11827 31774 31775
31774 11827 11673
11673 11828 11660
11828 11673 11827
11828 11655 11660
11655 11828 11829
31749 11655 11829
11655 31749 11656
11831 31744 11830
31744 11831 11667
11832 11667 11831
11667 11832 11680
11679 11832 11825
11832 11679 11680
11454 11453 31696
31693 11454 31696
11390 11387 31761
11462 31776 11387
31777 11834 11458
11834 31777 11833
11458 11835 11463
11835 11458 11834
11835 11445 11463
11445 11835 11836
11836 31778 11445
31778 11836 31758
11440 11837 11838
11837 11440 11441
11440 11839 11452
11839 11440 11838
11452 11840 11461
11840 11452 11839
31695 11461 11840
11461 31695 11459
11458 11476 31777
11440 11708 31691
11452 11708 11440
11442 11463 11445
11442 11458 11463
11709 11452 11461
11459 11710 11461
31714 11493 11495
11804 11493 31714
31708 31709 11507
11807 31708 11806
11489 11522 11487
11489 11526 11522
31711 31712 11511
31779 31711 11528
11550 11556 11548
11584 11556 11550
11577 31727 31770
11586 31780 31727
11605 11636 11604
11605 11640 11636
31741 31773 11625
31781 31741 11642
31729 11552 11546
11814 11552 31729
31724 31725 11568
31771 31724 11812
31734 11607 11608
11820 11607 31734
31739 31740 11622
31772 31739 11818
11657 11683 11655
11657 11686 11683
31748 31774 11673
31782 31748 11688
31750 11658 11362
11829 11658 31750
31747 31683 11373
31775 31747 11827
11462 11833 31776
31758 11836 11436
11437 11439 11443
31778 11437 11445
11464 11465 11476
11336 11842 11425
11842 11336 11333
11410 11864 11846
11702 11404 11701
11404 11702 11700
11398 11401 11399
11701 31783 11702
31784 31785 11411
11411 31786 31784
31786 11411 11301
31787 11414 31788
11395 11850 31788
11394 11850 11395
11394 11393 11850
11845 11841 11844
11406 11844 11407
11844 11406 11845
11420 11854 11406
11419 11420 11303
11420 11419 31789
11428 31789 11419
31789 11428 31790
11428 31791 31790
31791 11428 31756
11416 31792 11417
31792 11416 11421
11421 11415 11409
11415 11421 11416
31783 11409 11875
31793 31794 11866
31794 31793 31795
31794 11867 11866
11867 31794 11409
11864 11867 11409
11864 11410 11868
11847 11868 11410
11868 11847 11861
11874 11396 11860
11860 11849 11869
11870 31796 31797
11871 11870 31798
11871 31799 11872
11862 11873 31765
11872 31765 11873
31800 11872 31799
11406 11854 11845
31785 31783 11701
11414 31801 11879
11411 31785 11701
11870 31797 31798
11844 11856 11843
11856 11844 11841
31788 11414 11395
31765 11872 31800
11396 11855 11860
31801 11414 31787
11856 11841 11393
11856 11314 11425
11314 11856 11393
11314 11312 11425
11312 11314 11313
11312 11310 11425
11869 11849 31796
11871 31798 31799
11869 31796 11870
11857 11395 11414
11876 11857 11877
11857 11876 11378
11859 31802 31803
31802 11859 11858
31804 31805 31806
31805 31804 31807
31808 31809 31810
31809 31808 31811
31812 31809 31811
31809 31812 31813
31814 31815 31816
31815 31814 31817
31818 31817 31814
31817 31818 31819
31818 31820 31819
31820 31818 31821
31822 31823 31824
31823 31822 31825
31822 31805 31825
31805 31822 31806
31826 31827 31828
31827 31826 31829
31830 31827 31829
31827 31830 31831
31832 31833 31834
31833 31832 31835
31836 31835 31832
31835 31836 31837
31838 31810 31839
31810 31838 31808
31836 31839 31837
31839 31836 31838
31830 31840 31831
31840 31830 31841
31802 31826 31828
31826 31802 11858
31842 11396 11874
31843 31844 11880
11861 11848 31845
11418 11875 11415
31783 11875 11702
11418 11702 11875
11876 31688 11379
11877 31688 11876
31688 11877 31846
31846 11877 11878
31847 31846 11878
31801 31848 11879
11880 31842 31843
11879 31847 11878
31847 31848 31849
31848 31847 11879
11880 11396 31842
11890 11887 11881
11887 11890 11888
11885 11889 11888
11889 11885 11891
11888 11883 11887
11889 11883 11888
11888 11890 11884
11881 11887 11882
11891 11886 11889
11885 11888 31850
11898 11896 11897
11896 11898 11892
11895 11897 11889
11889 11899 11895
11897 11896 11883
11889 11897 11883
11897 11894 11898
11892 11893 11896
11899 11889 11886
11895 31851 11897
11908 11915 11914
11911 11906 11905
11906 11911 11910
11909 11912 11908
11904 11916 11903
11916 11904 11913
11912 11910 11911
11910 11912 11909
11913 11915 11916
11915 11913 11914
11902 11907 31852
11907 11902 31853
11900 31854 11901
31854 11900 31855
11902 31855 11900
31855 11902 31852
11917 31856 11919
31856 11917 11912
11908 11912 11917
11917 11916 11915
11916 11917 11919
11915 11908 11917
11918 11920 11919
31856 11923 11919
11920 11922 11919
11921 11918 11919
11922 11916 11919
11923 11921 11919
31857 31858 31859
31858 31857 31860
31861 31862 31863
31862 31861 31864
31865 31866 31867
31866 31865 31868
31869 31870 31871
31870 31869 31872
31873 31869 31874
31869 31873 31872
31875 31876 31877
31876 31875 31878
31879 31873 31874
31873 31879 31880
31878 31867 31876
31867 31878 31865
31881 31882 31883
31882 31881 31884
31885 31886 31887
31886 31885 31888
31886 31884 31881
31884 31886 31888
31889 11909 11908
31889 11908 11914
11927 11928 11924
11925 31890 31891
11926 31892 31893
31894 31895 31896
11958 12100 11956
11956 12100 12107
11948 12213 11962
11948 11962 12265
12069 12055 12052
12055 12069 12054
12067 12289 12068
12068 12054 12069
12054 12068 12053
11972 12290 22875
11970 31897 12065
31897 11970 11966
11971 11966 11970
11966 11971 11968
11972 11967 12023
31898 12022 11973
11974 31898 11973
31898 11974 31899
12065 11969 12245
12065 12054 11970
12054 12065 12055
12053 11970 12054
11970 12053 11971
12066 12289 12067
12289 12066 12288
11978 12058 11979
12235 11979 12058
11979 12235 12033
11991 11993 11989
11985 11994 11995
10560 10559 11988
12239 10560 11988
12239 11997 11996
11997 12239 12238
11991 11992 11994
12238 11998 11997
11998 12238 12237
11992 11995 11994
31900 11984 12024
31901 12233 12007
11983 11994 11985
12236 31902 11999
31902 12236 31903
11996 10561 10560
10561 11996 11989
11991 11996 11997
11996 11991 11989
11992 11997 11998
11997 11992 11991
11995 11998 11999
11998 11995 11992
11999 31904 11995
31904 11999 31902
11946 12005 12282
10559 10563 12002
12000 11986 11988
11986 12000 12001
12004 12282 12005
12282 12004 12283
12002 11988 10559
11988 12002 12000
12003 12242 12241
12001 11987 11986
11987 12001 12003
12237 11999 11998
11999 12237 12236
12233 31900 12234
10562 10561 11989
12007 12233 11983
11985 11995 31904
12057 11982 12064
12210 12208 11959
12245 12052 12055
12052 12245 12244
12012 22864 11951
22864 12012 22865
12021 12019 12013
22868 11930 22869
11930 22868 11929
12222 12223 12224
12287 11981 12016
11981 12287 12286
12018 12020 22884
12015 31905 31906
31905 12015 31907
12017 12214 11975
12214 12017 12215
12019 12021 22886
12088 11953 12093
12022 11967 11972
12022 11972 11973
12023 11968 11971
11972 12023 11971
12093 11953 12092
31908 31909 31910
31909 31908 31911
31912 31913 31914
31913 31912 31915
31916 31917 31918
31917 31916 31919
31920 31921 31922
31921 31920 31923
31921 31924 31922
31924 31921 31925
31918 31923 31920
31923 31918 31917
31915 31926 31913
31926 31915 31927
31909 31914 31910
31914 31909 31912
12234 31900 12024
12024 10562 11993
12026 31928 12025
31928 12026 31929
31930 31931 31932
31931 31930 31933
31934 31929 12026
31929 31934 31935
31936 31937 31938
31938 31937 31939
31940 12006 12240
11990 12241 12240
12242 12003 12001
12283 12004 12243
12031 12030 12004
31941 13912 13911
13912 31941 12285
12028 10601 12027
10601 12028 10603
12029 10603 12028
10603 12029 10602
31942 10602 12029
10602 31942 10599
31943 10599 31942
10599 31943 10600
12032 10600 31943
10600 12032 10597
10598 31944 11931
31944 10598 31945
12006 11990 12240
12284 31946 11965
31946 12284 31947
12056 31946 31948
31946 12056 11965
31949 31950 31951
31950 31949 31952
11980 31953 31954
31953 11980 12036
12062 12035 12060
12042 11961 12037
11960 11961 12042
12043 11960 12042
12040 12037 11961
12216 11978 11979
12040 11960 12045
11978 12216 12048
11977 12047 12051
11976 12050 31955
12043 12044 11979
11960 12043 11979
12045 11960 11979
12045 11979 12033
11949 12045 12033
12034 11949 12033
12034 12011 11949
12038 12011 12034
12035 12038 12034
12035 12008 12038
12062 12008 12035
12062 12061 12046
12046 12008 12062
12041 12039 12061
31956 31957 11950
31958 31954 31959
31954 31958 11980
12052 12244 12059
31948 31952 12056
31952 31948 31950
12244 31960 12060
12051 12050 11976
12049 12047 11977
12049 11978 12048
11978 12049 11977
12059 12033 12235
12033 12059 12034
12060 12034 12059
12034 12060 12035
11950 12041 31956
31957 31956 31961
31962 31961 31963
31961 31962 31957
12057 31964 11982
31964 12057 12063
12063 31965 31964
31965 12063 11969
12059 12235 12052
12061 12039 12046
12036 31951 31953
31951 12036 31949
31963 12064 31962
31963 12057 12064
31966 31967 31968
12245 12055 12065
31897 31969 12065
12066 31970 31971
31970 12066 11976
11976 12067 11977
12067 11976 12066
11977 12068 11978
12068 11977 12067
11978 12069 12058
12069 11978 12068
12052 12058 12069
12058 12052 12235
11976 11977 12051
11957 12070 12071
11963 12071 12081
11963 12072 12073
12267 12074 12266
12074 12267 12087
12271 12083 12270
12083 12271 12084
12083 12084 12265
12077 11948 12076
11948 12078 12086
12080 11957 12079
11962 12213 11963
12080 12070 11957
12079 11957 12086
11957 11948 12086
11963 12081 12072
12264 12074 12087
12087 12075 12264
12077 12078 11948
11963 11957 12071
11962 11964 12265
11963 12073 12264
12093 12260 12263
12088 12093 12089
12090 12089 12093
12093 12256 12090
12075 11962 12264
12265 11964 12083
11947 12094 11956
12274 11952 12096
11952 12274 12275
12094 11958 11956
11956 12209 12206
12009 12212 12207
12106 11959 12208
12212 12104 12096
11959 12105 12210
12114 12115 31972
12115 12108 12109
12108 12115 12114
12126 12111 12116
12116 12111 12277
12118 11932 12119
11932 12118 11934
12120 11936 11933
11936 12120 12122
12128 12113 12112
12128 12112 12248
12126 12109 12108
12110 12124 12277
12119 11937 12129
11937 12119 11932
12122 11935 11936
11935 12122 12121
11935 12129 11937
12129 11935 12121
12136 31973 31974
12139 12135 12143
12135 12139 12134
12143 12147 12144
12147 12143 12135
31974 12131 12136
12131 31974 31975
12133 12138 12137
12138 12133 12146
12281 12132 12133
12134 12139 12140
12150 12120 11933
12120 12150 12142
31976 31977 12148
12148 12145 12252
31975 12146 12131
12146 31975 12138
12280 12147 12132
12147 12280 12144
12152 12130 12140
12130 12152 12151
12150 12141 12142
12141 12150 12149
12149 12152 12141
12152 12149 12151
12167 12162 12218
12168 12158 12171
12158 12168 12167
12153 31978 12154
12156 12161 12160
12161 12156 12170
12160 12155 12156
11938 12217 12163
11940 12164 31979
12164 11940 12166
12172 12157 12159
12169 12257 12258
12170 12154 12161
12268 12171 12155
12171 12268 12168
11941 12163 12173
11940 12165 12166
12165 11940 11939
11939 12173 12165
12173 11939 11941
12182 12179 12178
12179 12182 12186
12190 12186 12187
12186 12190 12179
12175 31980 31981
12180 12189 12177
12189 12180 12181
12182 12174 12183
12174 12182 12178
12164 31982 31979
31982 12164 12185
12191 31983 31984
31984 12261 12191
12175 12181 31980
12181 12175 12189
12176 12187 12273
12187 12176 12190
12183 31985 12192
31985 12183 12174
12185 31986 31982
31986 12185 12184
31986 12192 31985
12192 31986 12184
31987 31988 31989
31988 31987 31990
31991 31992 31993
31992 31991 31994
31995 31992 31994
31992 31995 31996
12127 31997 12198
31997 12127 31998
31999 12197 32000
12197 31999 32001
31989 32002 32003
32002 31989 31988
31987 31993 31990
31993 31987 31991
31998 31996 31995
31996 31998 12127
32004 32005 32006
32005 32004 32007
32008 32009 32010
32009 32008 32011
32012 32013 32014
32013 32012 32015
32014 32016 32017
32016 32014 32013
32018 32019 32020
32019 32018 32021
32020 32005 32007
32005 32020 32019
32010 32015 32012
32015 32010 32009
32017 32021 32018
32021 32017 32016
32022 32006 32023
32006 32022 32004
32024 32025 32026
32025 32024 12219
32027 32028 12193
32028 32027 32029
12194 32028 32030
32028 12194 12193
12195 32031 32032
32031 12195 12196
12220 32032 32033
32032 12220 12195
32034 32035 32036
32034 32029 32027
32029 32034 32036
12196 32030 32031
32030 12196 12194
32037 32038 32039
32038 32037 32040
32041 32042 32043
32044 32045 32046
32045 32044 32047
32048 32045 32047
32045 32048 32049
32050 32051 32052
32051 32050 32053
32037 32053 32050
32053 32037 32039
32044 32043 32042
32043 32044 32046
32052 32049 32048
32049 32052 32051
32054 32038 32040
32038 32054 32055
11938 12163 11941
12095 32056 32057
32056 12095 12102
12095 32058 12101
32058 12095 32057
32059 32060 32061
32060 32059 32062
32063 32061 32064
32061 32063 32059
12103 32056 12102
32056 12103 12123
32065 12123 12103
12123 32065 32066
32067 32066 32065
32066 32067 32068
32069 12125 12276
12125 32069 32070
32070 32071 12125
32071 32070 32072
32072 32073 32071
32073 32072 32074
32062 32058 32060
32058 32062 12101
32075 32076 32077
32076 32075 32078
12099 32078 32075
32078 12099 32079
32080 32081 32082
32081 32080 32083
32084 32081 32083
32081 32084 32085
32086 32076 32087
32076 32086 32077
32086 32088 12098
32088 32086 32087
12279 32088 32089
32088 12279 12098
12278 32090 12097
32090 12278 32091
12010 32090 32092
32090 12010 12097
12010 32093 32094
32093 12010 32092
32080 32079 12099
32079 32080 32082
32095 32096 32097
32096 32095 32098
32098 32099 32096
32099 32098 32100
32101 32102 32103
32102 32101 32104
32105 32104 32101
32104 32105 32106
12082 32097 32107
32097 12082 32095
32108 32107 32109
32107 32108 12082
32110 32109 32111
32109 32110 32108
32112 32113 32114
32113 32112 12269
32114 32115 32116
32115 32114 32113
32116 32117 32118
32117 32116 32115
32100 32102 32099
32102 32100 32103
32119 32120 32121
32120 32119 32122
32123 32121 32124
32121 32123 32119
32125 32126 32127
32126 32125 32128
32129 32127 32130
32127 32129 32125
32122 32131 32120
32131 32122 12085
32132 32131 12085
32131 32132 32133
32134 32133 32132
32133 32134 32135
32136 12188 12272
12188 32136 32137
32137 32138 12188
32138 32137 32139
32139 32140 32138
32140 32139 32141
32123 32126 32128
32126 32123 32124
32142 32143 32144
32143 32142 32145
32146 32147 32148
32147 32146 32149
32150 32143 32145
32143 32150 32151
12091 32152 12255
32152 12091 32153
32154 32155 32156
32155 32154 32157
32158 12262 12259
12262 32158 32159
32160 32155 32161
32155 32160 32156
32162 32163 32164
32163 32162 32165
12118 32166 11934
32167 32168 12124
32000 12198 31997
12198 32000 12197
32166 32168 32167
32168 32166 12118
32167 12124 32169
12199 12117 12200
12117 12199 32170
12201 12247 12250
12247 12201 32171
32172 12117 32173
12117 32172 12200
12202 32174 32175
32174 12202 12249
32176 32177 32178
32177 32176 12203
12204 12251 32179
12251 12204 12254
32180 32177 12203
32177 32180 32181
32182 32183 12253
32183 32182 32184
12205 32185 32186
32186 32187 12205
32188 12205 32189
32190 12246 32191
32188 32185 12205
12205 32187 32192
32189 12205 32193
32169 12124 12110
32008 32194 32011
32195 12208 12107
12096 11952 12212
12212 12009 12104
11956 12107 12208
32196 12211 12105
11947 11956 12206
12009 12208 12210
12211 32196 32197
11956 12208 12209
32195 12106 12208
12130 12134 12140
12207 12209 12009
12209 12207 12206
12208 12009 12209
32198 12009 12210
12105 12211 12210
12211 32198 12210
32198 12211 32199
12206 32200 11947
32201 32200 12206
12207 32201 12206
32201 12207 32202
12212 32203 32202
32202 12207 12212
11952 32203 12212
12248 32204 12128
12252 31976 12148
12213 11957 11963
11948 11957 12213
12126 32205 12109
32205 12126 12116
12215 11981 12214
11981 12215 12016
11976 31955 31970
12216 12044 12048
12044 12216 11979
32033 12219 12220
12219 32033 32025
12217 12218 12162
12217 12162 12163
12158 12167 12218
11951 12223 12221
11951 12224 12223
11951 12221 12012
11955 32206 32207
32207 32208 32209
32210 32211 32212
32211 32210 32213
32206 11955 32212
12224 32214 12222
32212 11955 32210
11954 32215 32216
32213 32217 32211
32217 32213 32218
12170 12153 12154
12228 12225 12226
12225 12228 12227
12227 11943 11942
11943 12227 12228
12225 32219 12226
32219 12225 32220
32221 12230 12229
12230 32221 32222
12230 32223 11944
32223 12230 32222
32224 12229 32225
12229 32224 32221
12231 32226 32227
32226 12231 12232
12232 32228 32226
32228 12232 11945
12014 32227 32229
32227 12014 12231
32230 32231 32232
32231 32230 32233
32232 32234 32235
32234 32232 32231
32234 32236 32235
32236 32234 32237
11983 12233 11994
11994 12233 11993
11993 12234 12024
12236 11990 12006
11990 12236 12237
11987 12237 12238
12237 11987 11990
11986 12238 12239
12238 11986 11987
11986 12239 11988
12239 11996 10560
32238 32239 32240
32241 32238 32242
32243 32244 32241
32245 32244 32243
12243 32245 32243
32245 12243 12030
12004 12030 12243
12031 32246 32247
32246 12031 12004
32246 32248 32247
32248 32246 11946
12060 12059 12244
12244 32249 31960
32249 12244 12245
32249 12245 11969
12236 31940 31903
12236 12006 31940
12003 11990 11987
11990 12003 12241
12242 12001 12243
10562 11989 11993
11991 11994 11993
12233 12234 11993
12233 31901 31900
32240 32242 32238
32241 32244 32238
32250 12291 32251
12291 32250 32252
32253 32254 32255
32192 12246 12205
12246 32192 32191
32256 32204 12248
32256 12116 32257
32258 12281 12137
12145 12281 32258
32259 12246 32190
12246 32193 12205
32193 12246 32259
12247 12249 12250
12249 12247 32174
12253 12251 12254
12251 12253 32183
32256 32257 32204
12252 12145 32258
12093 12263 32260
12093 12092 32261
32262 32263 12261
32147 12255 32152
12255 32147 32149
32165 12262 32163
12262 32165 12259
32260 12256 12093
32261 12260 12093
12172 12169 12258
32262 32264 32263
12263 32265 32260
12260 32265 12263
12157 12172 12258
12261 32263 12191
12257 12169 32266
32262 12180 32264
12074 12264 32267
12073 32267 12264
12264 11962 11963
12265 12076 11948
32268 12076 12265
12084 32268 12265
12269 32110 32111
32110 12269 32112
12160 32266 12155
12176 12180 12177
12180 12176 12273
32135 32136 12272
32136 32135 32134
32264 12180 12273
12277 12111 12110
32269 32199 12211
12133 12137 12281
32067 12276 32068
12276 32067 32069
12278 32089 32091
32089 12278 12279
32257 12116 12277
12257 32266 12160
12211 32197 32269
12040 11961 11960
22884 11975 12018
32266 12268 12155
12281 12280 12132
12282 12002 10563
12000 12282 12283
12282 12000 12002
12001 12283 12243
12283 12001 12000
31969 11969 12065
32270 11969 32271
31965 11969 32270
32272 32273 32274
31971 12288 12066
12288 31971 32275
32276 11971 12053
12289 32276 12053
12289 12053 12068
32276 11972 11971
32277 32278 32279
12308 12307 12305
12309 32280 12306
32281 32282 32283
32284 32285 32286
32287 12452 12310
32288 12303 12311
32289 12302 12314
32290 12298 12301
32288 32290 12315
12297 12302 12296
12302 12297 12314
32290 12301 12315
32289 32287 12310
32291 32292 12311
12312 32293 12313
32293 12312 32294
12302 32289 12310
32292 32288 12311
32295 32289 12314
12297 32295 12314
32296 32295 12297
12303 32288 12315
12303 12301 12299
12301 12303 12315
32297 12316 12317
12316 32297 32298
12317 32299 32297
32299 12317 12304
12323 12329 12328
12329 12323 12349
12325 12328 12329
12328 12325 12324
12330 12323 12331
12323 12330 12349
12321 12331 12320
12331 12321 12330
12319 12327 12326
12327 12319 12318
12326 12324 12325
12324 12326 12327
12330 12347 12332
12333 32300 12334
32300 12333 32301
12334 12322 12335
12322 12334 32300
32302 12333 12336
12333 32302 32301
12337 32302 12336
32302 12337 32303
12348 32304 12338
32304 12348 32305
32304 12339 12338
12339 32304 32306
32307 12340 12341
12340 32307 32308
32309 12341 12342
12341 32309 32307
12343 32310 12344
32310 12343 32311
32310 12345 12344
12345 32310 32312
12346 32309 12342
32309 12346 32313
32314 32313 12346
32313 32314 32315
32316 12329 12332
12347 32316 12332
32317 12348 32318
12348 32317 32305
12329 12349 12332
12330 12332 12349
12362 12368 12375
12368 12362 12359
12375 12360 12369
12360 12375 12368
12392 12295 12375
12375 12294 12362
12294 12375 12295
12354 32319 12360
12371 12356 12370
12356 12371 12372
12357 12371 12370
12353 12372 12371
12350 12373 12374
32320 32321 12373
32321 12374 12373
12374 32321 32322
12376 12358 12361
12376 32323 32324
32323 12376 12361
32324 12351 12376
12351 32324 32325
12376 12351 12355
12350 12363 12364
12364 12358 12379
12358 12364 12363
12363 12374 12377
12374 12363 12350
12377 32322 12365
32322 12377 12374
12361 12365 32323
12365 12361 12377
12361 12363 12377
12363 12361 12358
12378 12353 12366
12353 12378 12372
12368 12366 12360
12366 12368 12378
12359 12378 12368
12378 12359 32326
32326 12372 12378
12372 32326 12356
12367 12360 12366
12360 12367 12354
12353 12367 12366
12352 12358 12355
12358 12352 12379
12381 12441 12385
12385 12383 12384
12412 12386 12381
12381 12386 12387
12388 12352 12389
12352 12388 12387
12381 12385 12442
12351 32327 12355
32327 12351 32328
12355 12389 12352
12389 12355 32327
12412 12443 12419
12394 12292 12293
12292 12394 12391
12394 12392 12393
12392 12394 12293
12295 12392 12293
12375 12369 12392
12395 12447 12380
10710 10709 12397
12398 12399 12318
12399 12391 12394
32329 12396 12400
12396 32329 12401
12382 12383 32330
12382 12384 12383
12412 12390 12386
32331 12403 12402
12403 32331 32332
32332 12404 12403
12404 32332 32333
12406 32334 12405
32334 12406 32335
32336 12406 12407
12406 32336 32335
12405 32337 12408
32337 12405 32334
12408 32338 12409
32338 12408 32337
12410 32331 12402
32331 12410 32339
32340 32339 12410
32339 32340 32341
32333 12411 12404
12411 32333 32342
32343 32344 12413
32344 32343 32345
12413 32346 12414
32346 12413 32344
12414 32347 12415
32347 12414 32346
32348 12416 32349
12451 32349 12416
32349 12451 12450
32350 12417 32351
32352 12420 32353
12420 32352 12445
32354 12417 12418
12417 32354 32351
12444 32354 12418
32354 12444 32355
12449 32356 32357
12395 32358 12446
12419 12446 12412
32353 12448 32359
12448 32353 12420
12388 12381 12387
32360 12421 32361
32362 32363 12421
12421 32363 32361
32364 32365 32366
32362 12421 32360
32360 32361 32366
32363 32367 32368
32360 32366 32365
32363 32368 32361
32369 32368 32367
12392 12369 32370
12422 32371 12423
32371 12422 32372
32373 12423 32371
12423 32373 32374
32375 32336 12407
32336 32375 32376
32377 12424 32378
12424 32377 32379
32379 12425 12424
12425 32379 32380
32381 32382 12426
32382 32381 32383
32381 32384 32385
32384 32381 12426
32380 32386 12425
32386 32380 32387
10709 12396 12397
12397 12396 12401
32388 12427 32389
32390 32391 12428
32391 32390 32392
12427 32393 12429
32393 12427 32388
32393 12430 12429
12430 32393 32394
32394 12428 12430
12428 32394 32390
32395 12431 12436
12431 32395 32396
32397 32398 12433
32398 32397 32399
32400 32401 12434
32401 32400 32402
12433 32400 12434
32400 12433 32398
32403 32404 12432
32404 32403 32405
12376 12355 12358
32319 32370 12369
32319 12369 12360
12393 12392 32370
12318 12400 12398
12400 12318 32329
12399 12398 12391
32406 32407 12439
12438 12437 12439
32408 32409 32410
12439 12437 32406
32408 12440 32409
12440 32411 32409
12441 12383 12385
32395 12432 32404
12432 32395 12436
12382 32330 12435
12299 12300 12435
12435 32330 12299
12351 32325 32328
12445 32355 12444
32355 12445 32352
12442 12443 12381
12443 12412 12381
12446 12447 12395
32357 12448 12449
12448 32357 32359
12450 12415 32347
12415 12450 12451
32358 12412 12446
32358 12390 12412
32412 12313 32293
12313 32412 32413
12454 10605 12453
10604 12456 12461
12453 10604 12461
10604 12453 10605
12460 12455 12465
12456 10557 10713
10557 12456 10606
32414 32415 12507
12457 12495 12494
12465 12462 12464
12462 12465 12455
32416 12463 32417
12497 12464 12496
12457 12465 12459
12465 12457 12460
12466 32418 32419
32418 12466 12469
12470 12455 12466
12455 12470 12462
32420 12467 32421
12469 12468 32422
32423 32424 32416
12472 32424 32425
12469 12466 12475
32426 12466 32419
12466 32426 12470
12474 32426 32427
32420 32422 12473
32425 12503 12472
12473 32422 12468
12470 32426 12474
12470 12501 12462
12501 12470 12474
32421 12517 32428
12517 32421 12467
12475 12455 12460
12466 12455 12475
12469 12475 12468
32420 12473 12471
32418 12469 32422
12472 12463 32416
10713 10927 12502
32429 12504 12505
32429 12503 12504
12475 12460 12468
12484 12473 12491
12480 12471 12484
12468 12460 12491
12473 12468 12491
12471 12473 12484
12506 12515 12516
12515 12506 12477
12479 12493 12480
12485 12488 12482
12453 12457 12494
12457 12453 12483
12520 12461 12456
12486 12483 12487
12461 12487 12453
12482 12486 12487
12489 12479 12484
12461 12485 12487
12490 12486 12489
12482 12479 12486
12502 12520 12456
12492 12489 12491
12492 12460 12490
12460 12457 12490
12490 12457 12483
12492 12491 12460
12492 12490 12489
12485 12502 12476
12488 12485 12481
12485 12482 12487
12486 12490 12483
12479 12489 12486
12479 12480 12484
12489 12484 12491
12509 12480 12493
12477 12506 12480
12479 12482 12488
12496 12464 12462
12496 12462 12501
12465 12464 12497
12459 12497 12498
12495 12459 12498
12497 12459 12465
12494 12454 12453
12458 12454 12494
12458 12495 12498
12454 10611 10605
10611 12454 12458
12495 12458 12494
12472 32416 32424
32430 32417 32431
32431 32417 12463
12472 32429 12463
32429 32432 12463
32431 12463 32432
12456 10604 10606
32433 32434 12499
32434 32433 10715
32435 12499 32436
12499 32435 32433
10715 32437 32438
10715 32433 32437
32439 10715 32438
32440 32441 32442
32440 32442 32443
32443 32442 32444
32445 32446 32447
32441 32445 32442
32445 32441 32446
32448 32444 32442
32449 32444 32448
32450 32451 32452
12500 32453 32454
32453 32451 32450
32451 32453 12500
32455 32456 32457
32458 32455 32457
32458 32459 32455
32459 32458 32451
32460 32451 12500
32451 32460 32459
32460 12500 32454
32461 32450 32452
12457 12459 12495
12502 10714 12476
12476 12481 12485
12516 12467 12506
12467 12516 12517
12471 12506 12467
32425 32428 12503
32429 12472 12503
12477 12514 12515
12514 12477 12509
12480 12509 12477
12480 12506 12471
12508 10939 12512
12513 12508 12512
12513 12514 12519
12513 12519 12518
12476 12518 12481
12518 12519 12481
12476 10934 12508
32420 12471 12467
32462 12510 31308
12478 12510 32462
32462 32414 12478
12511 12478 12507
12512 31308 12510
12510 12513 12512
12514 12513 12478
12515 12511 12505
12511 12515 12514
12505 12516 12515
12516 12505 12504
12504 12517 12516
12517 12504 12503
32428 12517 12503
32463 12505 12511
32429 12505 32464
32463 12507 32465
12507 32415 32465
12519 12509 12493
12476 12508 12518
12519 12493 12488
12519 12514 12509
12508 12513 12518
12507 12478 32414
12511 12507 32463
12502 12485 12520
12485 12461 12520
32463 32464 12505
12478 12513 12510
12514 12478 12511
12599 12585 12568
12585 12599 12600
12601 12570 12592
12570 12601 12602
12602 12569 12570
12569 12602 12603
12605 12567 12604
12567 12605 12566
12529 12586 12587
12586 12529 12525
12523 12533 12532
12533 12527 12536
12527 12533 12523
12528 12530 12526
12530 12528 12534
12522 12534 12528
12534 12522 12535
12525 12536 12527
12536 12525 12529
12523 12532 12591
12538 12531 12524
12521 12538 12524
12534 12540 12530
12540 12534 12541
12535 12541 12534
12541 12535 12542
12536 12539 12543
12539 12536 12529
12537 12544 12545
12544 12537 12532
12547 12531 12538
12531 12547 12546
32466 12538 32467
12538 32466 12547
12543 12533 12536
12533 12543 12548
12541 12549 12540
12549 12541 12595
12589 12539 12588
12539 12589 12550
12552 12545 12544
12545 12552 12551
32468 12547 32466
12547 32468 12563
12559 12607 12553
12607 12559 12606
12542 12595 12541
12595 12542 12561
12548 12552 12544
12552 12548 12554
12550 12543 12539
12543 12550 12555
12608 12556 12597
12556 12608 12609
12611 12593 12610
12613 12596 12612
12596 12613 12557
12606 12557 12613
12557 12606 12559
12582 12561 12583
12561 12582 12560
12560 12614 12610
12581 12607 12615
12607 12581 12553
12563 12546 12547
12546 12563 12562
12616 12617 12554
12590 12609 12618
12550 12590 12619
12590 12550 12589
12561 12594 12595
12594 12561 12560
12539 12587 12588
12587 12539 12529
12555 12548 12543
12548 12555 12554
12532 12548 12544
12548 12532 12533
32468 12596 12557
12563 12557 12559
12557 12563 32468
12554 12617 12558
12562 12559 12553
12559 12562 12563
12619 12616 12550
32469 12532 12537
32467 12538 12521
12528 12565 12522
12565 12528 12566
12526 12566 12528
12566 12526 12567
12525 12585 12586
12585 12525 12568
12527 12568 12525
12568 12527 12569
12527 12570 12569
12570 12527 12523
12523 12592 12570
12592 12523 12591
12521 12572 12571
12572 12521 12524
12571 12620 12621
12620 12571 12572
12622 12566 12605
12566 12622 12565
12568 12603 12599
12603 12568 12569
12575 12573 12574
12573 12575 12576
12624 12573 12623
12573 12624 12574
12578 12576 12575
12576 12578 12577
12579 12578 12580
12578 12579 12577
12583 12580 12584
12580 12583 12579
12583 12581 12582
12581 12583 12584
12624 12572 12574
12572 12624 12620
12531 12575 12524
12575 12531 12578
12522 12577 12535
12577 12522 12576
12535 12579 12542
12579 12535 12577
12542 12583 12561
12583 12542 12579
12562 12580 12546
12580 12562 12584
12546 12578 12531
12578 12546 12580
12584 12553 12581
12553 12584 12562
12576 12565 12573
12565 12576 12522
12524 12574 12572
12574 12524 12575
12565 12623 12573
12623 12565 12622
12615 12582 12581
12582 12615 12625
12582 12625 12598
12604 12585 12600
12585 12604 12567
12567 12586 12585
12586 12567 12526
12526 12587 12586
12587 12526 12530
12530 12588 12587
12588 12530 12540
12540 12589 12588
12589 12540 12549
12549 12590 12589
12590 12549 12564
12556 12590 12564
12590 12556 12609
12591 12532 32469
12591 32470 12592
32470 12591 32469
32471 12592 32470
12592 32471 12601
12595 12564 12549
12564 12595 12594
12593 12597 12556
12597 12593 12611
12556 12594 12593
12594 12556 12564
12560 12610 12593
12558 12551 12552
12551 12558 32472
12626 32472 12558
32472 12626 32473
12560 12582 12598
12617 12626 12558
12616 12555 12550
12555 12616 12554
12560 12593 12594
12597 12627 12608
12627 12597 12611
12554 12558 12552
12560 12598 12614
12625 12614 12598
12619 12590 12618
12635 12629 12636
12638 12637 12635
12628 12635 12762
12629 12633 12636
12631 12634 12633
12633 12763 12636
11067 12640 12639
32474 12744 12765
12640 32475 12639
11071 11067 12639
12650 12645 12651
12790 12649 12651
32476 12651 32477
32476 12650 12651
12652 32476 32478
12646 12650 12652
12650 12646 12642
12643 12646 12653
32479 12759 12795
12648 12647 32480
32480 12647 12644
11086 12648 12654
12648 11086 11076
31327 11086 12654
32481 31327 12654
12651 12649 32477
12652 32478 12653
12656 32482 12655
32483 32484 32485
32486 32487 32488
32489 32490 32491
12659 12658 12657
32492 12660 32493
12661 32494 32495
32496 32497 32498
12662 32499 32500
32501 32502 32503
32504 32505 32506
32507 32508 32509
12665 12664 12663
32510 12666 32511
12667 32512 32513
32514 32515 32516
12677 12672 12673
12677 32517 12672
12675 12676 32518
12676 32519 32518
12668 12677 12673
12677 12668 12675
32518 12671 12675
12675 12668 12778
12674 12797 32519
12671 12677 12675
32520 32517 12677
32521 32522 12682
32523 12682 32524
12679 12680 32523
12682 12678 12731
32525 12746 12632
12686 12767 32526
12684 12775 12685
12687 12688 12774
12683 12687 12684
12683 32527 12687
12686 12683 12684
32528 12686 32526
32529 12690 12693
12693 12692 12689
12693 12690 12692
32530 12693 12691
12693 12689 12691
32531 32532 12693
12693 32532 32533
32533 32529 12693
12695 12710 32534
12695 12700 12799
12710 12695 12801
12801 12697 12800
12690 12710 12711
32535 12704 12707
32536 12705 32537
32535 32537 12704
12710 12690 32529
12706 32536 12701
12702 12704 12705
12709 12704 12702
12703 12704 12709
12707 12708 12798
12703 12708 12704
12713 32538 12712
32538 12713 32539
32540 12713 12714
12713 32540 32539
32541 12714 12715
12714 32541 32540
32542 12715 12716
12715 32542 32541
32542 12716 32543
12717 12698 12718
12698 12717 12696
12698 12719 12718
12719 12698 12694
12720 12696 12717
12696 12720 12699
12721 32544 12722
32544 12721 32545
12722 12699 12720
12699 12722 32544
12723 32546 12724
32546 12723 32547
12724 32548 12725
32548 12724 32546
32548 12726 12725
12726 32548 32549
32549 32550 12726
32550 32549 32551
12727 32552 12728
32552 12727 32553
32554 12729 32555
12729 32554 12747
12747 12681 12730
12681 12747 32554
32552 32556 12728
32556 32552 32557
12732 32553 12727
32553 12732 32558
12681 12732 12730
12732 12681 32558
32521 12682 32525
12682 32522 32524
32520 12677 12671
12686 32528 12683
32527 32559 12687
32531 12693 32530
32560 12682 12731
12678 32523 12680
32523 12678 12682
12633 32561 12764
32560 32525 12682
12635 12637 12629
12652 12650 32476
12629 12631 12633
12736 12733 32562
12733 12736 12738
12737 12630 12734
12630 12737 12735
32563 12742 32564
12742 32563 12740
12739 32565 12741
32565 12739 32566
12635 12763 12762
12738 12735 12737
12735 12738 12736
12740 12741 12742
12741 12740 12739
32561 12633 12634
12763 12635 12636
12763 12633 12764
12635 12628 12638
32481 12654 32480
11068 12743 11177
12743 11068 12641
32567 32568 12745
32568 32567 32569
12743 32567 12745
32567 12743 12641
12766 12744 32570
12744 12766 12765
32525 32560 12746
32530 12691 32571
11203 32570 31419
32570 11203 12766
32572 12785 12748
12785 32572 12783
32573 12748 12776
12748 32573 32572
32574 12749 32575
12749 32574 12777
12769 32575 12749
32575 12769 12768
32576 12750 12751
12750 32576 12669
32577 12751 12752
12751 32577 32576
32578 12753 12780
12753 32578 32579
32579 12752 12753
12752 32579 32577
12779 12754 32580
12754 12779 12781
12756 32581 12755
32581 12756 32582
32583 11192 12757
11192 32583 31432
12758 32583 12757
32583 12758 32584
32585 32584 12758
32584 32585 32586
12755 32587 12760
32587 12755 32581
12760 32588 12761
32588 12760 32587
32589 31440 31439
32590 31440 32589
32591 32590 32592
32589 32592 32590
32590 32591 32593
32594 32595 32596
32594 32596 32597
32598 32599 32595
32597 32596 32593
32595 32594 32598
32593 32596 32590
32599 32600 32595
32601 12628 12762
32602 32601 12762
12763 32603 32602
32604 32603 12763
32605 32604 12764
32561 32605 12764
32474 12765 32475
12765 12639 32475
12766 12639 12765
12639 12766 11071
11203 11071 12766
32606 32607 12791
32608 32609 32610
32611 32609 32612
32609 32608 32613
32612 32614 32611
32610 32609 32611
32612 32615 32614
32615 32612 32600
32612 32595 32600
32613 32616 32609
32616 32613 32617
32616 32617 32618
32619 32620 32618
32621 32620 32619
32618 32620 32616
32619 32622 32621
32623 32624 32625
32626 32627 32628
32626 32628 32625
32624 32623 32629
32624 32629 32630
32630 12802 32624
32627 32631 32628
32625 32624 32626
12771 32538 32632
32538 12771 12712
32633 32634 32635
32635 32634 32636
32637 32638 32636
32637 32639 32638
32636 32634 32637
32639 32637 32640
12770 32641 32642
12772 32643 32644
12686 12685 32645
12770 12768 12769
12768 12770 32642
12686 32645 12767
12670 12771 32632
12771 12670 12796
32644 32646 12772
12701 32647 32648
32646 32649 12772
32650 32634 32633
32633 32651 32650
32650 32651 32652
12706 12705 32536
12701 32536 32647
12772 32653 32643
12777 32573 12776
32573 12777 32574
12774 12775 12684
12687 12774 12684
12684 12685 12686
32654 32655 32656
32654 32657 32655
12773 32580 12754
32580 12773 32658
32649 32657 32654
32654 12772 32649
32659 32660 32661
32661 32660 32662
32663 32660 32664
32662 32660 32663
32665 32660 32666
32660 32665 32667
12779 12780 12781
12780 12779 32578
12778 32668 12676
32660 32667 32664
12676 12675 12778
32519 12676 32668
32519 12797 32669
12702 12705 12706
12782 32670 12784
12687 32559 32671
12783 32672 12785
32672 12783 32673
32654 32656 32674
32675 12688 12687
32671 32675 12687
32661 32676 32659
32519 32668 12674
32677 32678 12788
12788 32678 32679
32680 32681 32679
32679 32681 12788
12787 12669 12786
12669 12787 12750
32682 32659 32676
32677 12788 32683
32684 32517 32685
12792 32683 32686
32687 12789 32688
12789 32687 32689
12651 32690 12790
32683 12792 32677
32685 32691 32684
32692 32659 32682
32693 12787 12786
32694 32691 32685
12793 32695 12794
12761 12793 12794
12793 12761 32588
32696 32681 32680
32697 32681 32696
32582 32688 12789
32688 32582 12756
12651 12645 32690
12650 12642 12645
12654 12648 32480
32698 32699 32700
12646 12652 12653
12759 32479 32701
12653 32699 12643
32702 32703 32704
12643 32699 32698
32698 32700 32705
32706 32703 32702
32706 32702 32707
12670 32708 12796
32709 32710 32652
32710 32650 32652
12773 32711 32658
32712 32666 32660
32647 32713 32648
32535 12707 32714
32715 32716 32543
12708 12707 12704
12799 12697 12801
32717 12710 12801
32717 12801 32718
12801 32719 32718
12800 32720 32719
12710 32529 32534
12801 12695 12799
12802 32721 32624
32722 12816 12808
12803 32723 32724
32724 32725 12804
32725 32724 32726
12806 32727 12807
32723 12803 12816
32727 32722 12807
12810 32728 32729
32728 12810 12809
32730 32729 32731
32729 32730 12810
12812 12805 32732
12805 12812 12811
32733 12814 32734
12814 32733 32735
12813 32736 32737
32736 12813 12815
12815 32735 32736
32735 12815 12814
12809 32738 32728
32738 12809 32739
32723 12816 32722
12818 32740 32741
32740 12818 12817
12821 32742 32743
32742 12821 12819
32744 32745 32746
12806 32747 32727
12820 32740 12817
32740 12820 32748
12823 12825 12827
12825 12823 12822
12822 12826 12824
12826 12822 12823
32749 12824 12826
12824 32749 32750
32751 12827 12825
12827 32751 32752
12829 32753 12828
32753 12829 32754
12831 32755 12830
32755 12831 32756
32757 32756 12831
32756 32757 32758
12830 32754 12829
32754 12830 32755
32759 12833 12832
12833 32759 32760
32760 32761 12833
32761 32760 32730
32762 12832 32763
12832 32762 32759
12844 12835 12843
12835 12844 12836
12838 12843 12835
12843 12838 12842
12838 32764 12842
32764 12838 32765
12845 12836 12844
12836 12845 12841
32766 12841 12845
12841 32766 32767
32768 12839 32769
12839 32768 32770
32769 12834 32771
12834 32769 12839
12837 32771 12834
32771 12837 32772
12840 32772 12837
32772 12840 32773
32774 32773 12840
32773 32774 32775
32722 12808 12807
32776 32777 32778
32777 32776 32779
32780 32781 32782
32781 32780 32783
32784 32782 32785
32782 32784 32780
32779 32785 32777
32785 32779 32784
31627 32786 31628
32786 31627 32787
32788 32789 32790
32789 32788 32791
32792 32787 32793
32787 32792 32786
32794 32793 32795
32793 32794 32792
32789 32795 32790
32795 32789 32794
12804 12803 32724
32796 32791 32788
32796 32797 32791
32797 32796 32798
32799 32800 32801
32800 32799 32802
32796 32788 32803
32804 32805 12846
32806 32807 32808
12846 32778 32804
32809 32805 32810
32805 32809 32811
32810 32805 32804
32776 32778 12846
32807 32796 32803
12711 12710 32717
12800 32719 12801
12704 32537 12705
32543 12716 32715
32807 32812 32808
32807 32803 32812
12763 32602 12762
32604 12763 12764
12672 32517 32684
32702 32704 32813
31654 32814 31655
12849 12848 12847
32815 12850 32816
12851 32817 32818
32819 32820 32821
32822 32823 32824
32823 32825 32824
12855 13331 12856
13331 12855 13330
12858 13332 13333
13332 12858 13098
12860 13315 12857
13315 12860 12882
12861 32826 12859
32826 12861 32827
13393 13407 13394
13407 13393 12976
12868 13328 13329
13328 12868 13121
12871 12870 12872
12870 12871 12867
13316 32828 32829
32828 13316 12873
12977 12944 12865
12944 12977 12945
12876 12985 12877
12985 12876 12875
13324 12875 13323
12875 13324 12985
12861 12881 32827
12881 12861 12885
13314 12860 32830
12860 13314 12882
12883 12882 13314
12880 13394 12959
13394 12880 13393
12887 12886 12885
12886 12887 12884
12891 13337 13338
13337 12891 12889
12890 32831 32832
32831 12890 13336
12892 13338 13339
13338 12892 12891
12894 13336 12890
13336 12894 13343
12873 12888 32828
12888 12873 13317
12895 12872 32833
12872 12895 12871
12945 12898 12948
12898 12945 12977
12899 13341 12900
13341 12899 13340
12903 32834 13342
32834 12903 32835
12892 13340 12899
13340 12892 13339
12903 13343 12894
13343 12903 13342
12901 12904 12902
12904 12901 12905
13318 32836 32837
32836 13318 12908
12920 12948 12898
12948 12920 12907
12910 13345 12911
13345 12910 13344
12913 32838 13346
32838 12913 32839
12914 13346 13347
13346 12914 12913
12916 13344 12910
13344 12916 13351
32836 13319 12912
13319 32836 12908
12905 12915 12904
12915 12905 32840
12909 13319 12908
12919 12920 13313
12920 12919 12931
12925 13349 13350
13349 12925 12922
32841 13348 32842
13348 32841 12924
12924 13347 13348
13347 12924 12914
13351 12925 13350
12925 13351 12916
12928 12918 13256
12907 12931 12929
12931 12907 12920
12929 12930 13427
12986 12934 12987
12934 12986 12932
12987 12933 13021
12933 12987 12934
12936 13005 12937
13005 12936 12935
12941 12938 13013
32843 12940 12942
12940 32843 12939
13013 12933 12941
12933 13013 13021
12940 12943 12942
13411 13400 13406
12883 13254 13251
12959 12949 12952
12949 12959 12958
12950 12951 12952
12951 12950 12953
32844 32845 12954
12909 12956 12955
13398 13412 13399
12964 12962 12852
12962 12964 12963
13430 12965 13429
12907 13408 12946
12962 12963 13252
12966 12934 12967
12934 12966 12933
12967 12932 12968
12932 12967 12934
12966 12941 12933
12970 12935 12936
12935 12970 12979
12854 12957 12971
12957 12854 12853
13254 12877 12973
12877 13254 12876
13251 12974 12883
13251 12975 12974
12887 12885 12861
12863 12861 12859
12874 12871 12977
12897 12977 12871
12906 12902 12904
12950 12939 12953
12939 12950 12940
12952 12951 12978
12973 12877 32844
13403 13413 13414
13413 13403 13402
12878 12980 12981
12980 12878 12879
12880 12952 12978
12952 12880 12959
12982 12921 12983
12921 12982 12923
13256 12984 12928
12984 13256 13258
32846 32847 12930
12985 32848 32849
32848 12985 13324
12988 12996 12989
12988 12989 12994
12991 12992 32850
12993 12989 12996
12995 12989 12993
12989 12995 12994
12997 13031 12998
13031 12997 13023
13006 32851 32852
13389 13002 13004
13002 13389 13390
32853 13005 12935
13006 13008 13007
13008 13006 12999
13013 13384 13385
13009 13027 13015
13010 13261 32854
12993 13009 13015
13017 13031 13022
13031 13017 12998
13390 13018 13002
13018 13390 13391
13008 13019 13020
13019 13008 12999
12995 13015 13016
13015 12995 12993
13018 32855 13011
32855 13018 13391
13387 13021 13386
13021 13387 12987
32856 13389 13004
13389 32856 13388
12994 13023 12990
13386 13013 13385
13013 13386 13021
13262 13025 32854
13025 13262 13028
13016 13027 32857
13029 13262 13263
13262 13029 13028
13001 13263 13264
13263 13001 13029
32858 13264 32850
13264 32858 13001
13001 13008 13029
13008 13001 13007
13008 13028 13029
13028 13008 13020
13022 13016 32857
13024 13025 13020
13019 32852 32859
13032 13007 32858
32860 13023 12997
13022 32861 13017
32859 13024 13019
13007 13032 13006
12994 13031 13023
13031 12994 12995
13031 13016 13022
13016 13031 12995
13325 12878 12981
12878 13325 13326
32862 32848 13324
13037 13265 13087
13265 13037 13036
13042 32863 13034
32863 13042 13046
13354 13038 13039
13038 13354 13355
13039 13038 13040
13271 32864 32865
32864 13271 13041
13353 32864 13041
32864 13353 32866
13043 13046 13042
13046 13043 13045
13355 13047 13038
13047 13355 13356
13073 13047 13074
13047 13073 13038
13048 13093 13049
13093 13048 13083
32867 13054 32868
13052 13271 13272
13271 13052 13041
13352 13041 13052
13041 13352 13353
13327 12878 13326
12878 13327 12886
13089 13276 13088
13276 13089 13275
12881 13320 13321
13320 12881 12885
13059 13267 13057
13267 13059 13060
32869 13064 13058
13056 13058 13055
13058 13056 32870
13060 32871 13071
32871 13060 13059
13063 13273 13061
13273 13063 13069
32872 13075 13062
13358 13062 13357
13062 13358 32873
13359 13063 32874
13063 13359 13069
13045 13064 13065
13064 13045 13058
13074 13062 13075
13062 13074 13047
13357 13047 13356
13047 13357 13062
13093 13084 13049
13084 13093 13080
13052 13273 13069
13273 13052 13272
13352 13069 13359
13069 13352 13052
12885 13327 13320
13327 12885 12886
13089 13274 13275
13274 13089 13090
13040 13077 13081
13077 13074 13078
13074 13077 13073
13078 13075 13079
13075 13078 13074
13077 13083 13082
13080 13085 13084
32872 13079 13075
32875 32863 13046
13044 13045 13065
13045 13044 13046
13045 13055 13058
13055 13045 13043
13090 13061 13274
13061 13090 13086
13088 32865 32876
32865 13088 13276
13092 13088 13091
13088 13092 13089
13092 13090 13089
13090 13092 13072
13048 13082 13083
13079 32877 13085
13054 13091 32878
13072 32879 13086
13054 13092 13091
13092 13054 13067
13092 13066 13072
13066 13092 13067
32867 32880 13066
32878 13091 32876
32880 32879 13066
13077 13093 13083
13093 13077 13078
13093 13079 13080
13079 13093 13078
13096 13283 13114
13283 13096 13095
13097 32881 13098
32881 13097 32882
13100 13099 13101
13145 32883 13139
32883 13145 13282
13277 32884 32883
32884 13277 13112
13098 13104 13097
13104 13098 12858
13105 13107 13099
13107 13105 13106
13108 13150 13109
13150 13108 13141
32885 32886 13115
13146 13282 13145
13282 13146 13281
13278 13112 13277
13112 13278 13111
12855 13113 12868
13113 12855 13114
13120 13285 13116
13285 13120 13132
32887 13117 13119
13119 13118 32888
13118 13119 12866
13121 13120 32889
13120 13121 13132
13147 13123 13280
13123 13147 13144
13137 13124 32890
13128 32890 13124
13279 13125 13126
13125 13279 13123
13119 13127 13104
13127 13119 13117
13105 13124 13106
13124 13105 13128
13150 13142 13109
13142 13150 13138
13146 13280 13281
13280 13146 13147
13279 13111 13278
13111 13279 13126
13121 13113 13132
13113 13121 12868
13286 13362 13116
13362 13286 13361
32887 13363 13117
13287 13361 13286
13361 13287 13360
13103 13364 13365
13364 13103 13127
13106 13135 13107
13135 13106 13136
13106 13137 13136
13137 13106 13124
13135 32891 13101
13140 13135 13141
13138 13143 13142
32892 32882 13097
13103 13104 13127
13104 13103 13097
13284 13114 13283
13114 13284 13113
13132 13284 13285
13284 13132 13113
13149 13145 13148
13145 13149 13146
13147 13149 13133
13149 13147 13146
13141 13108 13140
13137 32893 13143
13115 13148 32894
13133 32895 13144
13115 13149 13148
13149 13115 13130
13129 13149 13130
13149 13129 13133
13365 13366 32892
32886 32896 13129
13139 32894 13148
13129 32896 32895
13136 13141 13135
13141 13136 13150
13138 13136 13137
13136 13138 13150
13153 13289 13169
13289 13153 13151
12891 32897 12889
32897 12891 13159
13371 13372 32898
13154 13155 13156
13295 32899 32900
32899 13295 13157
13294 32901 13373
32901 13294 13151
12891 13160 13159
13160 12891 12892
13158 13370 13371
13370 13158 13178
13188 13155 13161
13155 13188 13187
13203 13162 13163
13162 13203 13164
13170 32902 32903
13167 13295 13296
13295 13167 13157
13293 13373 13374
13373 13293 13294
12894 13169 13168
13169 12894 12890
13168 13289 13290
13289 13168 13169
13199 13300 13201
13300 13199 13299
13174 13291 13171
13291 13174 13185
32904 13172 13173
12900 13173 12899
13173 12900 32905
12903 13174 32835
13174 12903 13185
13177 13297 13175
13297 13177 13183
32906 13189 13176
32904 13369 13172
13292 13368 13171
13368 13292 13375
13173 13178 13160
13178 13173 13172
13188 13176 13189
13176 13188 13161
13172 13370 13178
13370 13172 13369
13203 13196 13164
13196 13203 13179
13167 13297 13183
13297 13167 13296
13293 13375 13292
13375 13293 13374
13185 13290 13291
13290 13185 13168
12903 13168 13185
13168 12903 12894
13199 13298 13299
13298 13199 13200
13156 13191 13194
13192 13187 13188
13187 13192 13191
13192 13189 13193
13189 13192 13188
13195 13191 13163
13179 13197 13196
32906 13193 13189
13153 12890 32832
12890 13153 13169
32898 32897 13159
13158 13160 13178
13160 13158 13159
13160 12899 13173
12899 13160 12892
13298 13198 13175
13198 13298 13200
13201 32900 32907
32900 13201 13300
13202 13201 13204
13201 13202 13199
13200 13202 13186
13202 13200 13199
13162 13195 13163
13193 32908 13197
32909 13204 32907
13186 32910 13198
13170 13202 13204
13202 13170 13181
13202 13180 13186
13180 13202 13181
13180 32903 32911
32911 32910 13180
13191 13203 13163
13203 13191 13192
13193 13203 13192
13203 13193 13179
12911 13301 12910
13301 12911 13205
13207 13206 13208
13307 32912 32913
32912 13307 13218
13380 13210 13379
13210 13380 13209
13234 13211 13235
13211 13234 13206
13250 13214 13213
13214 13250 13215
13212 32914 32915
13231 13307 13308
13307 13231 13218
13246 13312 13245
13312 13246 13311
12922 13303 13220
13303 12922 12925
32916 13225 12924
13223 13309 13222
13309 13223 13230
32917 13236 13224
32916 13378 13225
13304 13377 13220
13377 13304 13376
12914 13225 13210
13225 12914 12924
13236 13211 13224
13211 13236 13235
13250 13242 13215
13242 13250 13226
13230 13308 13309
13308 13230 13231
13305 13376 13304
13376 13305 13383
13246 13310 13311
13310 13246 13247
13208 13237 13240
13237 13235 13238
13235 13237 13234
13239 13235 13236
13235 13239 13238
13378 13210 13225
13210 13378 13379
13382 13305 13306
13305 13382 13383
13381 13306 13205
13306 13381 13382
32918 32919 13380
13237 13213 13241
13226 13243 13242
32917 13239 13236
32919 32839 12913
13209 12914 13210
12914 13209 12913
13310 13244 13222
13244 13310 13247
32920 13312 32913
13312 32920 13245
13245 13249 13246
13249 13245 13248
13249 13247 13246
13247 13249 13233
13214 13241 13213
13243 13239 32921
13248 32922 13212
32923 13244 13233
13212 13249 13248
13249 13212 13228
13249 13227 13233
13227 13249 13228
13227 32915 32924
32922 13248 32920
32924 32923 13227
13213 13238 13250
13238 13213 13237
13238 13226 13250
13226 13238 13239
12877 32849 32925
32849 12877 12985
12979 32853 12935
32853 12979 32926
13415 13397 12960
13404 13414 13416
13414 13404 13403
12958 13394 13395
13394 12958 12959
12945 12948 12946
12879 13393 12880
13393 12879 12884
12898 12906 12920
12906 12898 13255
32927 12928 12984
12928 32927 12927
12927 12918 12928
12918 12927 12917
32928 12986 12987
13004 12937 13005
12937 13004 13002
12942 13011 32843
13011 12942 13018
13018 12937 13002
12937 13018 12942
13053 13087 13257
13087 13053 13033
13257 13071 13053
13071 13257 13060
13033 13037 13087
13037 13033 32929
12855 13096 13114
13096 12855 12856
12866 13104 12858
13104 12866 13119
13288 13360 13287
13360 13288 13367
13288 32930 13367
32930 13288 13095
13117 13364 13127
13364 13117 13363
12983 12930 12982
12930 12983 32846
12883 13315 12882
12873 13316 12975
13257 13267 13060
13267 13257 13266
13266 13087 13265
13087 13266 13257
12916 13303 12925
13303 12916 13302
13301 12916 12910
12916 13301 13302
13260 13261 13012
13003 13259 13260
12874 12865 12864
12865 12874 12977
12863 12869 12864
12869 12863 12859
12869 12874 12864
12874 12869 12867
12878 12884 12879
12884 12878 12886
12906 12893 12902
12893 12906 13255
12893 12897 12895
12897 12893 13255
12931 12982 12930
12982 12931 12919
12923 12919 12926
12919 12923 12982
12973 12969 13254
12969 12973 12954
12969 13251 13254
13251 12969 13253
12898 12897 13255
12897 12898 12977
12954 32931 12941
32931 12954 32845
12966 12960 13426
32932 13098 32881
13098 32932 13332
13330 12868 13329
12868 13330 12855
13335 12866 13334
12866 13335 13118
32933 13121 32889
13121 32933 13328
13334 12858 13333
12858 13334 12866
12873 12975 13317
13318 12909 12908
12920 12904 13313
12909 12955 12918
12955 12956 13251
12958 12853 12949
12853 12958 12957
12943 12853 12854
12853 12943 12940
12950 12853 12940
12853 12950 12949
12980 12880 12978
12880 12980 12879
13413 13402 32934
12936 12854 12970
12854 12936 12943
12937 12943 12936
12943 12937 12942
13258 12963 12964
12963 13258 13256
13256 13252 12963
13252 13256 12955
13408 13429 12965
13429 13408 13428
12946 12948 12907
13408 12907 12929
12883 12876 13254
13204 32909 13170
12969 12941 12966
12941 12969 12954
32925 32844 12877
13251 12956 12975
13256 12918 12955
13259 32850 13000
13000 13260 13259
13260 13000 13030
13260 13026 13261
13026 13260 13030
32854 13261 13026
13262 32854 13026
13262 13030 13263
13030 13262 13026
13264 13030 13000
13030 13264 13263
13000 32850 13264
13036 13035 13265
13035 13266 13265
13266 13035 13076
13266 13070 13267
13070 13266 13076
13070 13057 13267
13268 13057 13070
13076 13268 13070
13268 13076 13269
13076 13270 13269
13270 13076 13035
13036 13270 13035
13271 32865 13050
13272 13050 13051
13050 13272 13271
13272 13068 13273
13068 13272 13051
13068 13061 13273
13274 13061 13068
13274 13051 13275
13051 13274 13068
13276 13051 13050
13051 13276 13275
13050 32865 13276
13277 32883 13102
13102 13278 13277
13278 13102 13110
13122 13278 13110
13278 13122 13279
13123 13279 13122
13123 13122 13280
13280 13110 13281
13110 13280 13122
13282 13110 13102
13110 13282 13281
13102 32883 13282
13095 13094 13283
13094 13284 13283
13284 13094 13134
13284 13131 13285
13131 13284 13134
13131 13116 13285
13286 13116 13131
13134 13286 13131
13286 13134 13287
13134 13288 13287
13288 13134 13094
13095 13288 13094
13151 13152 13289
13290 13152 13190
13152 13290 13289
13290 13184 13291
13184 13290 13190
13184 13171 13291
13292 13171 13184
13190 13292 13184
13292 13190 13293
13190 13294 13293
13294 13190 13152
13151 13294 13152
13295 32900 13165
13296 13165 13166
13165 13296 13295
13297 13166 13182
13166 13297 13296
13182 13175 13297
13298 13175 13182
13298 13166 13299
13166 13298 13182
13300 13166 13165
13166 13300 13299
13165 32900 13300
13205 13219 13301
13219 13302 13301
13302 13219 13232
13302 13221 13303
13221 13302 13232
13221 13220 13303
13304 13220 13221
13232 13304 13221
13304 13232 13305
13232 13306 13305
13306 13232 13219
13205 13306 13219
13307 32913 13216
13308 13216 13217
13216 13308 13307
13308 13229 13309
13229 13308 13217
13229 13222 13309
13310 13222 13229
13310 13217 13311
13217 13310 13229
13312 13217 13216
13217 13312 13311
13216 32913 13312
12874 12867 12871
12897 12871 12895
12887 12861 12976
12906 12904 12920
13313 12904 12915
12926 13313 12915
13313 12926 12919
12929 12931 12930
13322 32830 32935
32830 13322 13314
13323 13314 13322
13314 13323 12875
12875 12883 13314
12883 12875 12876
13315 12974 12862
12974 13315 12883
13332 12857 13315
12857 13332 32932
13334 32829 13335
32829 13334 13316
13316 13333 12862
13333 13316 13334
12974 13316 12862
13316 12974 12975
12896 12975 12956
12975 12896 13317
13318 12956 12909
12956 13318 12896
12917 12909 12918
12909 12917 13319
13321 13071 32871
13071 13321 13320
32935 13055 13322
13055 32935 13056
13043 13322 13055
13322 13043 13323
13042 13323 13043
13323 13042 13324
13324 13034 32862
13034 13324 13042
32929 13326 13325
13326 32929 13033
13033 13327 13326
13327 13033 13053
13053 13320 13327
13320 13053 13071
12867 13329 13328
13329 12867 12869
13329 12859 13330
12859 13329 12869
32826 13330 12859
13330 32826 13331
13315 13333 13332
13333 13315 12862
12870 13328 32933
13328 12870 12867
13336 32833 32831
32833 13336 12895
12888 13338 13337
13338 12888 13317
13317 13339 13338
13339 13317 12896
13339 13318 13340
13318 13339 12896
13340 32837 13341
32837 13340 13318
12901 13342 32834
13342 12901 12902
13342 12893 13343
12893 13342 12902
13343 12895 13336
12895 13343 12893
32840 13344 12915
13344 32840 13345
12912 13346 32838
13346 12912 13319
13319 13347 13346
13347 13319 12917
12917 13348 13347
13348 12917 12927
12927 32936 13348
32936 12927 32927
12923 13349 12921
13349 12923 13350
13350 12926 13351
12926 13350 12923
13351 12915 13344
12915 13351 12926
32842 13348 32936
13269 13353 13352
13353 13269 13270
13270 32866 13353
32866 13270 13036
13355 13354 32875
13044 13356 13355
13356 13044 13065
13064 13356 13065
13356 13064 13357
32869 13357 13064
13268 32874 13057
32874 13268 13359
13269 13359 13268
13359 13269 13352
13360 13126 13361
13126 13360 13111
13362 13126 13125
13126 13362 13361
13363 32937 13128
32937 13363 32938
13364 13128 13105
13128 13364 13363
13364 13099 13365
13099 13364 13105
13365 13100 13366
13100 13365 13099
32930 13112 13367
13112 32930 32884
13360 13112 13111
13112 13360 13367
32939 13176 13369
13176 32939 32940
13369 13161 13370
13161 13369 13176
13370 13155 13371
13155 13370 13161
13372 13155 13154
13155 13372 13371
13373 32899 13157
32899 13373 32901
13374 13157 13167
13157 13374 13373
13374 13183 13375
13183 13374 13167
13375 13177 13368
13177 13375 13183
13376 13223 13377
13223 13376 13230
13378 32941 13224
32941 13378 32942
13224 13379 13378
13379 13224 13211
13206 13379 13211
13379 13206 13380
13206 32918 13380
32918 13206 13207
32912 13382 13381
13382 32912 13218
13218 13383 13382
13383 13218 13231
13383 13230 13376
13230 13383 13231
13005 32856 13004
32853 32856 13005
12941 32931 12938
13013 12938 32943
32944 13385 13384
13385 32944 13009
13009 13386 13385
13386 13009 13014
12996 13386 13014
13386 12996 13387
13387 32945 32928
32945 13387 12996
13388 12991 13389
12991 13388 12992
12991 13390 13389
13390 12991 13003
13003 13391 13390
13391 13003 13012
32855 13012 13010
13012 32855 13391
13009 32944 13027
12991 32850 13259
13003 12991 13259
12993 12996 13014
12993 13014 13009
13260 13012 13003
13010 13012 13261
32875 13046 13044
13355 32875 13044
32869 13058 32870
13358 13357 32869
13040 13038 13073
13040 13073 13077
32872 13062 32873
32877 13079 32872
13101 13099 13107
13135 13101 13107
13128 32937 32890
13137 32890 32893
13156 13155 13187
13156 13187 13191
32906 13176 32940
32908 13193 32906
32892 13097 13103
13365 32892 13103
32887 13119 32888
32938 13363 32887
32898 13159 13158
13371 32898 13158
32904 13173 32905
32939 13369 32904
13208 13206 13234
13208 13234 13237
32917 13224 32941
32921 13239 32917
32919 12913 13209
13380 32919 13209
32916 12924 32841
32942 13378 32916
13013 32943 13384
32928 12987 13387
12988 12994 12990
32945 12996 12988
13015 13027 13016
12887 13393 12884
13393 12887 12976
12961 13397 13415
12955 13253 13252
13253 12955 13251
12949 12950 12952
13252 13253 32946
32947 12962 32948
32949 12962 32947
12962 32949 12852
32950 32951 12965
12946 32951 13401
12945 12946 13401
12945 13401 12944
13396 13395 13392
12957 13395 13396
13395 12957 12958
12971 12957 13405
12971 12970 12854
12970 12971 32952
32952 12979 12970
12979 32952 32953
32954 12979 32953
12979 32954 32926
32955 12967 12968
12967 32955 12972
12966 12972 12960
12972 12966 12967
32946 13426 12960
32956 32957 32958
32957 32956 13417
32957 13418 12960
13418 32957 13417
13415 12960 13418
13415 13419 12961
13419 13398 12961
13398 13419 13412
13425 13411 12947
13411 13420 13400
13421 32959 32960
13422 32961 13421
13422 13423 32962
13413 32934 13424
13423 13424 32934
32963 32962 13423
12957 13396 13405
32948 13252 32946
12965 13430 32964
12962 13252 32948
13421 32961 32959
13407 13395 13394
13395 13407 13392
32951 12946 12965
32934 32963 13423
12947 13411 13406
32964 32950 12965
13407 12944 13392
13407 12865 12944
12865 13407 12976
12865 12863 12864
12863 12865 12976
12863 12976 12861
13420 32960 13400
13422 32962 32961
13420 13421 32960
13408 12965 12946
13408 13427 13428
13427 13408 12929
13410 32965 13409
32965 13410 32966
32967 32968 32969
32968 32967 32970
32971 32972 32973
32972 32971 32974
32972 32975 32973
32975 32972 32976
32977 32978 32979
32978 32977 32980
32980 32981 32978
32981 32980 32982
32981 32983 32984
32983 32981 32982
32985 32986 32987
32986 32985 32988
32986 32967 32969
32967 32986 32988
32989 32990 32991
32990 32989 32992
32990 32993 32991
32993 32990 32994
32995 32996 32997
32996 32995 32998
32998 32999 32996
32999 32998 33000
33001 32974 32971
32974 33001 33002
32999 33002 33001
33002 32999 33000
32993 33003 33004
33003 32993 32994
32965 32989 13409
32989 32965 32992
33005 13425 12947
33006 13431 33007
13412 33008 13399
12969 12966 13426
32946 13253 13426
12969 13426 13253
13427 12930 32847
13428 13427 32847
32847 33009 13428
33009 13429 13428
33010 13429 33009
32964 13430 33011
13431 33006 33005
13430 13429 33010
33010 33011 13430
33011 33010 33012
13431 33005 12947
13441 13432 13438
13438 13439 13441
13436 13439 13440
13440 13442 13436
13439 13438 13434
13440 13439 13434
13439 13435 13441
13432 13433 13438
13442 13440 13437
13436 33013 13439
13449 13448 13447
13447 13443 13449
13446 13440 13448
13440 13446 13450
13448 13434 13447
13440 13434 13448
13448 13449 13445
13443 13447 13444
13450 13437 13440
13446 13448 33014
13459 13465 13466
13457 13462 13456
13462 13457 13461
13460 13459 13463
13455 13467 13464
13467 13455 13454
13463 13461 13460
13461 13463 13462
13466 13464 13467
13464 13466 13465
13453 13458 33015
13458 13453 33016
33017 13451 13452
13451 33017 33018
33018 13453 13451
13453 33018 33016
13468 33019 13463
33019 13468 13470
13459 13468 13463
13468 13467 13470
13467 13468 13466
13466 13468 13459
13469 13470 13471
33019 13470 13474
13471 13470 13473
13472 13470 13469
13473 13470 13467
13474 13470 13472
33020 33021 33022
33021 33020 33023
33024 33025 33026
33025 33024 33027
33028 33029 33030
33029 33028 33031
33032 33033 33034
33033 33032 33035
33032 33036 33037
33036 33032 33034
33038 33039 33040
33039 33038 33041
33042 33036 33043
33036 33042 33037
33030 33041 33038
33041 33030 33029
33044 33045 33046
33045 33044 33047
33048 33049 33050
33049 33048 33051
33048 33046 33051
33046 33048 33044
33052 13459 13460
33052 13465 13459
13478 13475 13479
13476 33053 33054
13477 33055 33056
33057 33058 33059
13491 13489 13633
13489 13640 13633
13481 13495 13746
13481 13798 13495
13588 13602 13585
13602 13588 13587
13600 13601 13822
13587 13601 13602
13601 13587 13586
13505 13506 22881
33060 13503 13598
13503 33060 13499
13499 13504 13503
13504 13499 13501
13505 13556 13500
33061 13506 13555
33061 13507 13506
13507 33061 33062
13598 13778 13502
13587 13598 13503
13598 13587 13588
13503 13586 13587
13586 13503 13504
13599 13822 13821
13822 13599 13600
13511 13512 13591
13768 13512 13566
13512 13768 13591
13524 13522 13526
13518 13528 13527
10608 13521 10607
13772 13521 10608
13530 13772 13529
13772 13530 13771
13524 13527 13525
13531 13771 13530
13771 13531 13770
13525 13527 13528
33063 13557 13517
33064 13540 13766
13516 13518 13527
33065 13769 13532
13769 33065 33066
10609 13529 10608
13529 10609 13522
13529 13524 13530
13524 13529 13522
13530 13525 13531
13525 13530 13524
13531 13528 13532
13528 13531 13525
33067 13532 13528
13532 33067 33065
11946 13815 13538
10607 13535 10563
13533 13519 13534
13519 13533 13521
13537 13815 13816
13815 13537 13538
13535 13521 13533
13521 13535 10607
13536 13774 13775
13534 13520 13536
13520 13534 13519
13770 13532 13769
13532 13770 13531
13766 13767 33063
10610 13522 10609
13540 13516 13766
13518 33067 13528
13590 13597 13515
13743 13492 13741
13778 13585 13777
13585 13778 13588
22867 13487 13546
13487 22867 22866
13487 13552 13546
22871 13755 13547
13755 22871 22870
13757 13756 13755
13514 13820 13549
13820 13514 13819
22885 13553 13551
13548 33068 33069
33068 13548 33070
13550 13747 13748
13747 13550 13508
13553 13552 13551
13621 13626 13486
13555 13505 13500
13555 13506 13505
13556 13504 13501
13505 13504 13556
13626 13625 13486
33071 33072 33073
33072 33071 33074
33075 33076 33077
33076 33075 33078
33079 33080 33081
33080 33079 33082
33083 33084 33085
33084 33083 33086
33087 33084 33086
33084 33087 33088
33082 33085 33080
33085 33082 33083
33089 33078 33075
33078 33089 33090
33077 33072 33074
33072 33077 33076
13767 13557 33063
13557 13526 10610
13559 33091 33092
33091 13559 13558
33093 33094 33095
33094 33093 33096
33092 33097 13559
33097 33092 33098
33099 33100 33101
33100 33102 33101
33103 13773 13539
13523 13773 13774
13775 13534 13536
13816 13776 13537
13564 13537 13563
13560 13913 10647
13913 13560 13914
13561 10647 10649
10647 13561 13560
13562 10649 10648
10649 13562 13561
33104 10648 10645
10648 33104 13562
33105 10645 10646
10645 33105 33104
13565 10646 10644
10646 13565 33105
33106 33107 33108
33107 33106 33109
13539 13773 13523
33110 13817 13498
13817 33110 33111
33110 13589 33112
13589 33110 13498
33113 33114 33115
33114 33113 33116
13513 33117 13569
33117 13513 33118
13595 13593 13568
13575 13570 13494
13493 13575 13494
13576 13575 13493
13573 13494 13570
13749 13512 13511
13573 13578 13493
13511 13581 13749
13510 13584 13580
13509 33119 13583
13576 13512 13577
13493 13512 13576
13578 13512 13493
13578 13566 13512
13482 13566 13578
13567 13566 13482
13567 13482 13544
13571 13567 13544
13568 13567 13571
13568 13571 13541
13595 13568 13541
13595 13579 13594
13579 13595 13541
13574 13594 13572
33120 13483 33121
33118 33122 33123
33122 33118 13513
13585 13592 13777
33116 33112 13589
33112 33116 33113
13592 13593 33124
13584 13509 13583
13582 13510 13580
13582 13511 13510
13511 13582 13581
13592 13566 13567
13566 13592 13768
13567 13593 13592
13593 13567 13568
13483 33120 13574
33121 33125 33120
33125 33126 33127
33126 33125 33121
13590 33128 13596
33128 13590 13515
13596 33129 13502
33129 13596 33128
13592 13585 13768
13594 13579 13572
13569 33115 33114
33115 13569 33117
33127 33126 13597
33127 13597 13590
33130 33131 33132
13778 13598 13588
33060 13598 33133
13599 33134 13509
33134 13599 33135
13509 13600 13599
13600 13509 13510
13510 13601 13600
13601 13510 13511
13511 13602 13601
13602 13511 13591
13591 13585 13602
13585 13591 13768
13509 13584 13510
13490 13604 13603
13496 13614 13604
13496 13606 13605
13800 13607 13620
13607 13800 13799
13804 13616 13617
13616 13804 13803
13616 13798 13617
13610 13609 13481
13481 13619 13611
13613 13612 13490
13495 13496 13746
13613 13490 13603
13612 13619 13490
13490 13619 13481
13496 13605 13614
13797 13620 13607
13620 13797 13608
13610 13481 13611
13496 13604 13490
13495 13798 13497
13496 13797 13606
13626 13796 13793
13621 13622 13626
13623 13626 13622
13626 13623 13789
13608 13797 13495
13798 13616 13497
13480 13489 13627
13807 13485 13808
13485 13807 13629
13627 13489 13491
13489 13739 13742
13542 13740 13745
13639 13741 13492
13745 13629 13637
13492 13743 13638
13647 33136 13648
13648 13641 13647
13641 13648 13642
13659 13649 13644
13649 13810 13644
13651 33137 33138
33137 13651 13652
33139 13653 33140
13653 33139 13655
13661 13645 13646
13661 13781 13645
13659 13641 13642
13643 13810 13657
33141 13652 13662
13652 33141 33137
33142 13655 33139
13655 33142 13654
33142 13662 13654
13662 33142 33141
13669 33143 33144
13672 13668 13667
13668 13672 13676
13680 13676 13677
13676 13680 13668
33143 13664 33145
13664 33143 13669
13666 13671 13679
13671 13666 13670
13814 13666 13665
13667 13673 13672
13653 13683 33140
13683 13653 13675
33146 13681 33147
13681 13785 13678
33145 13679 13671
13679 33145 13664
13813 13680 13677
13680 13813 13665
13685 13663 13684
13663 13685 13673
13683 13674 13682
13674 13683 13675
13682 13685 13684
13685 13682 13674
13700 13751 13695
13701 13691 13700
13691 13701 13704
13686 13687 33148
13689 13694 13703
13694 13689 13693
13693 13689 13688
33149 13696 13750
13697 33150 33151
33150 13697 13699
13705 13692 13690
13702 13791 13790
13703 13694 13687
13801 13704 13701
13704 13801 13688
33152 13706 13696
33150 13698 33153
13698 33150 13699
33153 13706 33152
13706 33153 13698
13715 13712 13719
13712 13715 13711
13719 13723 13720
13723 13719 13712
13708 33154 33155
13722 13713 13710
13713 13722 13714
13715 13707 13711
13707 13715 13716
33156 13697 33151
13697 33156 13718
13724 33157 33158
33157 13724 13794
13714 13708 33155
13708 13714 13722
13720 13709 13806
13709 13720 13723
33159 13716 13725
13716 33159 13707
33160 13718 33156
13718 33160 13717
33160 13725 13717
13725 33160 33159
33161 33162 33163
33162 33161 33164
33165 33166 33167
33166 33165 33168
33166 33169 33167
33169 33166 33170
13660 33171 33172
33171 13660 13731
13730 33173 33174
33173 13730 33175
33176 33163 33177
33163 33176 33161
33162 33168 33165
33168 33162 33164
33170 33172 33169
33172 33170 13660
33178 33179 33180
33179 33178 33181
33182 33183 33184
33183 33182 33185
33186 33187 33188
33187 33186 33189
33190 33188 33191
33188 33190 33186
33192 33193 33194
33193 33192 33195
33179 33194 33180
33194 33179 33192
33189 33184 33187
33184 33189 33182
33195 33191 33193
33191 33195 33190
33196 33181 33178
33181 33196 33197
33198 33199 13752
33199 33198 33200
33201 33202 13726
33202 33201 33203
13727 33201 13726
33201 13727 33204
13728 33205 13729
33205 13728 33206
13753 33206 13728
33206 13753 33207
33208 33209 33210
33203 33208 33202
33208 33203 33209
13729 33204 13727
33204 13729 33205
33211 33212 33213
33212 33211 33214
33215 33216 33217
33218 33219 33220
33219 33218 33221
33219 33222 33220
33222 33219 33223
33224 33225 33226
33225 33224 33227
33227 33211 33225
33211 33227 33214
33216 33218 33217
33218 33216 33221
33223 33226 33222
33226 33223 33224
33212 33228 33213
33228 33212 33229
33149 33152 13696
13628 33230 13635
33230 13628 33231
33232 13628 13634
13628 33232 33231
33233 33234 33235
33234 33233 33236
33237 33236 33233
33236 33237 33238
33230 13636 13635
13636 33230 13656
13656 33239 13636
33239 13656 33240
33240 33241 33239
33241 33240 33242
33243 13658 33244
13658 33243 13809
33244 33245 33246
33245 33244 13658
33246 33247 33248
33247 33246 33245
33235 33232 13634
33232 33235 33234
33249 33250 33251
33250 33249 33252
33252 13632 33250
13632 33252 33253
33254 33255 33256
33255 33254 33257
33255 33258 33256
33258 33255 33259
33260 33249 33251
33249 33260 33261
33262 33260 13631
33260 33262 33261
13812 33262 13631
33262 13812 33263
33264 13811 13630
13811 33264 33265
13543 33264 13630
33264 13543 33266
33267 13543 33268
13543 33267 33266
33253 33254 13632
33254 33253 33257
33269 33270 33271
33270 33269 33272
33271 33273 33274
33273 33271 33270
33275 33276 33277
33276 33275 33278
33278 33279 33276
33279 33278 33280
13615 33272 33269
33272 13615 33281
33282 33281 13615
33281 33282 33283
33284 33283 33282
33283 33284 33285
33286 33287 33288
33287 33286 13802
33289 33288 33290
33288 33289 33286
33291 33290 33292
33290 33291 33289
33274 33275 33277
33275 33274 33273
33293 33294 33295
33294 33293 33296
33297 33296 33293
33296 33297 33298
33299 33300 33301
33300 33299 33302
33303 33302 33299
33302 33303 33304
33295 33305 13618
33305 33295 33294
33305 33306 13618
33306 33305 33307
33307 33308 33306
33308 33307 33309
33310 13721 33311
13721 33310 13805
33311 33312 33313
33312 33311 13721
33313 33314 33315
33314 33313 33312
33300 33297 33301
33297 33300 33298
33316 33317 33318
33317 33316 33319
33320 33321 33322
33321 33320 33323
33317 33324 33318
33324 33317 33325
33326 13624 13788
13624 33326 33327
33328 33329 33330
33329 33328 33331
13795 33332 13792
33332 13795 33333
33334 33328 33330
33328 33334 33335
33336 33337 33338
33337 33336 33339
13651 33138 33340
33341 13657 33342
13731 33174 33171
33174 13731 13730
33340 33341 33342
33342 13651 33340
33341 33343 13657
13650 13732 13733
13732 13650 33344
13780 13734 13783
13734 13780 33345
33346 13650 13733
13650 33346 33347
13735 33348 13782
33348 13735 33349
33350 33351 13736
33351 33350 33352
13737 13784 13787
13784 13737 33353
33351 33354 13736
33354 33351 33355
33356 33357 13786
33357 33356 33358
13738 33359 33360
33359 13738 33361
33362 33363 13738
33364 33365 13779
33362 13738 33360
13738 33366 33361
33363 33367 13738
33343 13643 13657
33183 33185 33368
33369 13640 13741
13629 13745 13485
13745 13637 13542
13489 13741 13640
33370 13638 13744
13480 13739 13489
13542 13743 13741
13744 33371 33370
13489 13742 13741
33369 13741 13639
13663 13673 13667
13740 13742 13739
13742 13740 13542
13741 13742 13542
33372 13743 13542
13638 13743 13744
13744 13743 33372
33372 33373 13744
13739 13480 33374
33375 13739 33374
13740 13739 33375
33375 33376 13740
13745 33376 33377
33376 13745 13740
13485 13745 33377
13781 13661 33378
13785 13681 33146
13746 13496 13490
13481 13746 13490
13659 13642 33379
33379 13649 13659
13748 13514 13549
13514 13748 13747
13509 33134 33119
13749 13581 13577
13577 13512 13749
13752 33207 13753
33207 13752 33199
13750 13695 13751
13750 13696 13695
13691 13751 13700
13488 13755 33380
13484 13754 13756
13484 13756 13757
13484 13545 13754
33381 33382 33383
33381 33384 33382
33385 33386 33387
33386 33385 33388
33383 33387 33381
13755 13488 13757
33387 33386 33381
33389 33390 33391
33389 33392 33390
33392 33389 33393
13703 13687 13686
13761 13758 13760
13758 13761 13759
33394 13760 33395
13760 33394 13761
13758 33396 33397
33396 13758 13759
13763 33398 13762
33398 13763 33399
13763 33400 33399
33400 13763 33401
13762 33402 33403
33402 13762 33398
13764 33404 13765
33404 13764 33405
13765 33406 33407
33406 13765 33404
33408 33405 13764
33405 33408 33409
33410 33411 33412
33411 33410 33413
33413 33414 33411
33414 33413 33415
33416 33414 33415
33414 33416 33417
13516 13527 13766
13527 13526 13766
13526 13557 13767
13523 13769 13539
13769 13523 13770
13770 13520 13771
13520 13770 13523
13771 13519 13772
13519 13771 13520
13519 13521 13772
13772 10608 13529
33418 13818 33419
33420 33421 33422
33423 33420 33424
33425 33423 33424
33425 13776 33423
13776 33425 13563
13537 13776 13563
13564 33426 13537
33426 13564 33427
33426 32248 11946
32248 33426 33427
13777 13592 33124
33428 13777 33124
13777 33428 13778
33428 13502 13778
13769 33066 33103
13769 33103 13539
13536 13523 13774
13523 13536 13520
13775 13776 13534
10610 13526 13522
13524 13526 13527
13766 13526 13767
13766 33063 33064
33418 33422 33421
33420 33422 33424
13824 33429 33430
33429 13824 33431
33432 33433 33434
33366 13779 33365
13779 33366 13738
33435 13781 33378
33435 33436 13649
33437 13670 13814
13678 33437 13814
33438 33364 13779
13779 33367 33438
33367 13779 13738
13782 13780 13783
13780 13782 33348
13786 13784 33356
13784 13786 13787
33435 33378 33436
13785 33437 13678
13626 33439 13796
13626 33440 13625
33441 13794 33442
33321 13788 33322
13788 33321 33326
13795 33338 33337
33338 13795 13792
33439 13626 13789
33440 13626 13793
13705 13791 13702
33441 33442 33443
13796 33439 33444
13793 13796 33444
13690 13791 13705
13794 13724 33442
13790 33445 13702
33441 33443 13713
13607 33446 13797
13606 13797 33446
13797 13496 13495
13798 13481 13609
33447 13798 13609
13617 13798 33447
13802 33284 33287
33284 13802 33285
13693 13688 33445
13709 13713 13806
13713 13709 13710
33309 33310 33308
33310 33309 13805
33443 13806 13713
13810 13643 13644
33448 13744 33373
13666 13814 13670
13809 33241 33242
33241 13809 33243
33263 13811 33265
13811 33263 13812
33436 13810 13649
13790 13693 33445
13744 33448 33371
13573 13493 13494
13508 13550 22885
33445 13688 13801
13814 13665 13813
10563 13535 13815
13815 13533 13816
13533 13815 13535
13816 13534 13776
13534 13816 13533
33133 13598 13502
33449 33450 13502
33129 33449 13502
33451 33452 33453
13821 33135 13599
33135 13821 33454
13823 13586 13504
13822 13586 13823
13822 13601 13586
13823 13504 13505
33455 33456 33457
33458 33459 13825
33460 33461 33462
33463 13826 33464
33465 33466 33467
33464 13826 33468
33469 13825 33470
33471 33472 33473
33474 33475 33476
33477 33478 33479
33475 33480 33476
13833 13828 13834
13828 13833 13829
13840 13835 13830
13835 13840 13836
13840 13831 13841
13831 13838 13837
13839 13838 13831
33481 13827 33482
33483 13827 33481
13827 33483 13832
13832 33484 33485
33484 13832 33483
33484 33486 33485
33487 33486 33488
33487 33489 33490
33489 33487 33491
33491 33492 33489
33492 33491 33493
33494 33495 33496
33497 33498 33499
33498 33497 33500
33501 33502 33503
33502 33501 33504
33499 33503 33502
33503 33499 33498
13828 13830 13835
13834 13828 13835
33504 33495 33494
33495 33504 33501
33487 33490 33486
13836 13840 13841
13831 13837 13841
33486 33484 33488
13842 33505 33506
33507 33508 33509
33510 13842 33506
33508 33511 33509
13839 13831 33512
33492 33493 33513
13843 33514 13847
33514 13843 33515
13848 13853 13844
13853 13848 13849
13853 13854 13845
13845 13850 13851
13852 13845 13851
33516 33517 33518
33519 33518 13846
33518 33519 33516
33520 13846 33521
13846 33520 33519
33520 33521 33522
33523 33524 33522
33525 33523 33526
33523 33525 33527
33527 33528 33529
33528 33527 33525
33530 33531 33532
33533 33534 33535
33534 33533 33536
33537 33538 33539
33538 33537 33540
33540 33536 33538
33536 33540 33534
13843 13848 13844
13847 13848 13843
33532 33539 33530
33539 33532 33537
33523 33522 33526
13849 13854 13853
13845 13854 13850
33522 33524 33520
33541 33542 33543
33544 33545 33546
33547 33542 33541
33546 33545 33548
13852 33549 13845
33528 33550 33529
31686 11403 31762
32844 12954 12973
11564 31731 11597
31732 33551 11578
13115 32894 32885
13133 13129 32895
13867 13865 13868
13866 33552 33553
13871 13864 13872
13872 13864 13882
13866 33554 33552
33554 13866 13873
13861 13868 13865
13868 13861 13869
33555 33556 13870
33556 33557 13870
33558 13856 33559
13856 33558 13855
13857 33560 33561
33560 13857 33562
13857 33563 13862
33563 13857 33561
33564 13863 33565
13863 33564 33566
13863 33567 13858
33567 13863 33566
33568 13859 33569
13859 33568 33570
13859 33571 13860
33571 13859 33570
33572 13856 33573
13856 33572 33559
33574 13875 13874
13875 33574 33575
33576 33577 13876
33577 33576 33578
33579 13879 13878
13879 33579 33580
33581 33582 13880
33582 33581 33583
13881 33574 13874
33574 13881 33584
33585 33582 33586
33582 33585 13880
13877 33579 13878
33579 13877 33587
33588 33577 33589
33577 33588 13876
33590 33591 33592
33591 33590 33593
33594 33595 33596
33597 33594 33598
33599 33600 33601
33602 33603 33599
33604 33605 33606
33605 33604 33607
33606 33605 33608
33590 33592 33609
33555 13870 33610
33611 13872 13882
33594 33597 33595
33603 33600 33599
13895 13896 13893
13894 33612 33613
13899 13900 13892
13900 13910 13892
13894 33614 13901
33614 13894 33613
13896 13889 13893
13889 13896 13897
33615 13898 33616
33616 13898 33617
33618 13884 13883
13884 33618 33619
33620 13885 33621
13885 33620 33622
13885 33623 33621
33623 13885 13890
13891 33624 33625
33624 13891 33626
13891 33627 33626
33627 13891 13886
33628 13887 33629
13887 33628 33630
13887 33631 33629
33631 13887 13888
13884 33632 33633
33632 13884 33619
13903 33634 13902
33634 13903 33635
33636 33637 33638
33637 33636 13904
13907 33639 13906
33639 13907 33640
33641 33642 33643
33642 33641 13908
13909 33634 33644
33634 13909 13902
33642 33645 33646
33645 33642 13908
13905 33639 33647
33639 13905 13906
33637 33648 33649
33648 33637 13904
33650 33651 33652
33651 33650 33653
33654 33655 33656
33657 33658 33654
33659 33660 33661
33662 33659 33663
33664 33665 33666
33665 33664 33667
33667 33668 33665
33651 33669 33652
33615 33670 13898
33671 13910 13900
33654 33656 33657
33663 33659 33661
13911 12027 10601
12027 13911 13912
13914 33672 13913
33672 13914 33673
32239 33674 32240
33422 33418 33419
14107 13932 13934
13932 14107 14109
13930 13940 13931
13940 13930 13939
13931 13938 13930
13938 13931 13937
13936 13940 13939
13940 13936 13935
13935 13936 13941
13943 14110 13933
14077 14034 13949
13921 13952 13919
13919 13947 13917
13947 13952 13948
13959 13948 13956
13957 13959 13956
13918 13949 13916
33675 13950 13920
13920 13950 13944
13954 13950 33676
13915 13951 13921
13952 13951 13953
13958 13948 13953
14077 13954 13945
13919 13952 13947
13956 13948 14175
13920 13944 13918
33676 13950 33675
13917 13947 13957
13957 13947 13959
13947 13948 13959
13954 14077 13950
13922 33677 13960
33677 13922 33678
13960 33679 14035
33679 13960 33677
13923 33680 33681
33680 13923 13963
13963 33682 33680
33682 13963 13964
13969 13988 13978
13978 13979 13969
13988 13969 13968
13967 13970 13981
13973 13971 13965
13972 13974 14133
13969 13979 13975
13968 13992 13966
13993 13991 13976
14080 13993 13976
13990 13977 13972
13971 13983 13990
33683 13990 13983
33684 14173 13974
13974 13972 13977
33685 13989 13977
13970 13987 13981
33685 13977 33683
13968 13970 13988
13989 13974 13977
13970 13993 13987
13967 13988 13970
13978 13988 13967
33684 13989 33685
13974 13989 33684
13977 13990 33683
13972 13971 13990
13993 14080 14081
13991 13968 13966
13993 13968 13991
13992 13969 13975
13968 13969 13992
13993 14081 13987
13968 13993 13970
13995 33686 33687
33686 13995 13996
13996 33688 33686
33688 13996 13997
13995 33689 13994
33689 13995 33687
33690 13998 33691
33692 33693 33694
33695 33696 33697
33698 33699 33700
13954 13946 13945
14084 13954 14078
33701 33702 13924
14074 13924 13962
14071 13924 33703
14004 14003 14024
14006 14007 14014
14019 14007 14002
33704 14014 14019
14003 33705 14001
14011 14009 14015
14009 14021 14015
14007 14015 14002
33706 14010 14016
14010 33706 33707
33707 14017 14010
14017 33707 14020
14017 14020 14008
14008 14010 14017
14010 14008 14003
14000 14011 14006
33704 14177 14176
14171 14009 14011
14013 14023 14009
33706 14016 33708
14007 14019 14014
14015 14021 14002
14087 14016 14004
33705 14008 33709
14003 14008 33705
14024 14003 14001
14004 14024 14005
14025 33710 33711
33710 14025 14026
14025 13938 13937
13938 14025 33711
14086 14087 14004
14010 14003 14004
14010 14004 14016
14028 33712 33713
33712 14028 14172
33714 33715 14030
33716 33717 33718
33719 33720 33721
33722 33723 33724
13954 14070 14073
33688 14082 33725
14082 33688 13997
13999 14068 14083
14426 13924 14074
33726 33727 33728
33727 33726 13955
13999 14083 14031
33729 33730 33731
33731 33732 33733
33733 33729 33731
33734 33731 33730
13961 14072 33735
14072 13961 33736
33737 13945 13946
14034 14077 13945
33703 13924 33702
14038 33738 33739
14039 14111 14040
14047 14039 14054
14050 14168 14041
14041 14045 14042
33740 14041 14042
14043 14049 14037
14045 14043 14037
14044 14036 14045
14045 14046 14043
14046 14045 14036
14046 14051 14043
33741 14038 33742
33741 14047 14038
33743 14039 14047
33743 14052 14039
14039 14052 14111
14042 14045 14037
33741 33743 14047
14053 33744 33745
33744 14053 14055
14053 33746 14112
33746 14053 33745
14055 13934 33744
13934 14055 14107
33738 14047 14054
14038 14047 33738
14054 14039 14040
14056 33747 33748
33747 14056 14057
33749 33750 14058
33751 33752 33753
33754 33755 33756
33757 33758 33759
13927 14059 14061
14059 13927 13926
14060 13925 33760
33761 14060 33760
33762 14060 33761
14063 33763 13928
33763 14063 33764
14067 33764 14063
33764 14067 14062
33765 14061 14059
13929 33766 14064
33766 13929 33767
33768 14065 33769
33770 33771 33772
33773 33774 33775
33776 33777 33778
33779 33780 14033
33780 33781 14033
33782 33783 13942
33784 33742 33785
14006 14011 14007
14009 14023 14021
33762 14066 14139
33786 33787 14433
33788 33786 14433
33789 33790 14079
33790 33789 33791
13955 13961 33735
13961 13955 33726
13962 13924 33792
13954 14084 14069
33791 33793 33790
33793 33791 33794
13954 14076 14070
33794 33795 33793
33795 33794 14075
13999 14032 33796
33792 13924 14071
33736 33679 14072
33679 33736 14035
14034 13945 33737
33727 33797 33728
33797 33727 33798
14075 33798 33795
33798 14075 33797
14032 13999 14426
33796 14068 13999
13954 14073 33799
13954 14069 14076
33799 13946 13954
13949 13944 14077
13944 13950 14077
14078 13954 13980
33800 13980 13986
13980 33800 14078
14085 14079 33801
33802 14081 14080
14081 33802 33803
33804 14081 33803
33731 33805 33732
14079 14085 33789
13987 14081 33804
13981 13987 33804
14078 33800 14084
33806 33725 14082
14031 33807 13999
33725 33806 33808
14018 14087 14086
14087 14018 14027
14027 33708 14087
14086 14004 14005
14089 13985 14095
13985 14089 33809
14091 33710 14026
33710 14091 33810
33810 14103 33811
14103 33810 14091
14090 14098 14099
14098 14090 14088
33809 13994 33689
13994 33809 14089
14092 14105 14102
14105 14092 14104
14088 14095 13985
14095 14088 14090
14105 14104 14096
14096 14104 14094
14094 14101 14096
14101 14094 14100
14097 14099 14098
14099 14097 14093
14100 14097 14101
14097 14100 14093
14106 14102 33812
14102 14106 14092
33813 33811 14103
33811 33813 33814
33815 33731 33816
33817 33731 33815
33816 33731 33734
33818 33819 33820
33821 33819 33822
33822 33819 33823
33823 33819 33818
33824 33819 33821
33825 14033 33826
33779 14033 33825
33826 14033 33827
33820 33819 33828
33828 33731 33817
33819 33731 33828
33829 13978 33830
33831 13979 33829
33832 13978 33833
33834 13978 33835
33830 13978 33834
33835 13978 33832
33833 13978 33836
13979 13978 33829
13979 33831 13975
33837 33836 13978
33838 33836 33837
14038 33785 33742
14087 33708 14016
33839 33709 14008
33840 33782 13942
14020 33841 33839
14008 14020 33839
33785 14038 33739
33842 14430 14033
33843 14033 33781
13936 33844 13941
33844 13936 33845
14109 13943 13932
13943 14109 14110
33844 33845 33846
33847 33848 14108
33849 33847 14108
14430 33842 33850
33849 14108 33851
14430 33850 33852
33851 33853 33854
33851 33854 33849
14112 14048 14113
14048 14112 33746
14115 14113 14048
33855 33856 14116
14067 33856 14114
14111 14052 33857
14117 14067 14114
14067 14117 14062
33858 33859 33860
33765 33858 33860
14061 33765 33860
33859 33861 33860
33848 33862 14108
33862 33863 14108
14118 33863 33864
33865 33866 33867
33868 33865 33867
33869 33870 33867
33870 33868 33867
14120 33871 14121
33871 14120 33872
33871 14135 14121
14135 33871 33873
14134 13984 14122
13984 14134 14132
14125 14123 33874
14123 14125 14124
33874 13964 14125
13964 33874 33682
14137 14127 14128
14127 14137 14136
14128 14130 14129
14130 14128 14127
14124 14130 14123
14130 14124 14129
13984 14131 14122
33875 33876 14126
14173 33684 14174
33877 33878 14435
14435 33879 33877
33880 33881 33882
33883 14435 33884
14432 33885 33886
14432 33886 33788
33885 14435 33883
33788 14433 14432
13974 33887 33888
14135 14132 14134
14132 14135 33873
33888 14133 13974
14435 33889 33879
14136 33875 14126
33875 14136 14137
14435 33878 33884
14434 14143 14119
14434 33890 33891
14434 33891 33889
14434 14119 33890
33704 14006 14014
14006 33704 14176
14012 14006 14022
13983 13971 33892
13971 13972 13965
13965 13972 14133
14060 33762 14139
33893 14141 14140
14141 33893 33894
33895 14142 13982
14142 33895 33896
13982 14120 33895
14120 13982 33872
14146 14144 14147
14144 14146 14145
14147 14148 14149
14148 14147 14144
33896 14148 14142
14148 33896 14149
33894 14138 14141
33897 33898 14150
14140 33713 33893
33713 14140 14028
14150 14146 33897
14146 14150 14145
14169 33899 14152
33899 14169 33900
14155 14153 33901
14153 14155 14154
33902 14155 33901
14155 33902 14029
14161 14157 33903
14157 14161 14156
14157 14158 14159
14158 14157 14156
14154 14158 14153
14158 14154 14159
33899 14160 14152
33903 33904 14161
14056 33905 14151
33905 14056 33748
14050 33740 33906
33907 33908 33909
33910 14162 33911
33912 14164 33913
14164 33912 14163
33914 14057 14165
14057 33914 33747
14166 33914 14165
14163 33912 14167
33766 14164 14064
14164 33766 33913
14166 14165 33915
33889 14435 14434
14143 14439 33916
33917 14439 33918
33919 14439 33920
33918 14439 33921
33920 14439 33917
14439 33919 33916
14438 33922 33923
14438 33924 33922
14438 33925 33924
33926 14021 14023
33927 33908 33928
33929 14021 33926
33908 33927 33909
14168 14044 14041
33900 14151 33905
14151 33900 14169
14162 33910 33930
14041 33740 14050
14051 14049 14043
14165 14170 33915
33931 14049 14051
33932 14049 33931
33911 14162 33933
33933 14162 33934
33935 33936 33937
33938 14446 33939
33940 14446 33938
33941 14446 33940
33942 33936 33943
14437 33936 33942
33943 33936 33944
33945 14162 33930
14170 33946 33915
33936 33947 33937
33947 14437 33941
33947 33936 14437
14437 14436 33941
33942 33925 14437
33923 14439 14438
14029 33712 14172
33712 14029 33902
33921 14439 33923
14171 14013 14009
14000 14171 14011
14000 14006 14012
14011 14015 14007
14173 33887 13974
33948 14173 14174
14173 33948 33887
33881 33949 33950
33881 33951 33949
33950 33882 33881
33952 33881 33953
33954 14175 33955
33955 14175 13958
13948 13958 14175
33881 33952 33951
14006 14176 14022
14176 33956 14022
33956 14176 14177
33957 33958 33959
33959 33958 33960
33960 33958 33961
33961 33958 33962
33963 33892 33964
33964 33892 33965
13971 13973 33892
33965 33892 13973
14044 14045 14041
14353 14180 14356
14180 14353 14182
14179 14188 14178
14188 14179 14189
14187 14179 14178
14179 14187 14186
14189 14185 14188
14185 14189 14183
33966 14190 14191
14190 33966 33967
14193 14181 14357
14325 14194 14199
13921 13919 14202
13919 13917 14197
14197 14198 14202
14209 14206 14198
14207 14206 14209
13918 13916 14199
33675 13920 14200
13920 14194 14200
14204 33968 14200
13921 14202 14201
14198 14203 14202
14208 14203 14198
14325 14195 14204
13919 14197 14202
14206 14421 14198
13920 13918 14194
33968 33675 14200
13917 14207 14197
14207 14209 14197
14197 14209 14198
14204 14200 14325
33969 13922 14210
13922 33969 33678
14283 14210 14284
14210 14283 33969
13923 33970 14213
33970 13923 33681
14213 33971 14214
33971 14213 33970
14425 14228 14227
14227 14237 14425
14217 14230 14219
14222 14215 14220
14221 14379 14223
14425 14218 14216
14242 14225 14240
14328 14225 14242
14239 14221 14226
14220 14239 14232
33972 14232 14239
33973 14223 14419
14223 14226 14221
33974 14226 14238
14219 14230 14236
33974 33972 14226
14218 14237 14219
14238 14226 14223
14219 14236 14242
14217 14219 14237
14227 14217 14237
33973 33974 14238
14223 33973 14238
14226 33972 14239
14221 14239 14220
14242 14329 14328
14240 14216 14218
14242 14240 14218
14241 14224 14228
14241 14228 14425
14242 14236 14329
14218 14219 14242
33975 14245 14244
14245 33975 33976
14245 33977 14246
33977 14245 33976
33978 14244 14243
14244 33978 33975
33979 33980 14247
33981 33982 33983
33984 33985 33986
33987 33988 33989
14204 14195 14196
14331 14326 14204
33701 13924 33990
14322 14212 13924
14319 33991 13924
14253 14273 14252
14255 14263 14256
14429 14251 14256
33992 14268 14263
14252 14250 33993
14260 14264 14258
14258 14264 14270
14256 14251 14264
33994 33995 14265
14259 33996 33994
33996 14259 14266
14266 14269 33996
14266 14257 14269
14257 14259 14252
14259 14257 14266
14249 14255 14260
33992 14422 14423
14417 14260 14258
14262 14258 14272
33995 33997 14265
14256 14263 14268
14264 14251 14270
14333 14253 14265
33993 33998 14257
14252 33993 14257
14273 14250 14252
14253 14254 14273
33999 14275 14274
14275 33999 34000
14186 33999 14274
33999 14186 14187
14332 14253 14333
14259 14253 14252
14259 14265 14253
34001 14418 14277
14418 34001 34002
34003 14279 34004
34005 34006 34007
34008 34009 34010
34011 34012 34013
14204 14321 14318
34014 14246 33977
14246 34014 14280
14248 14330 14316
14281 14322 13924
34015 34016 14205
34016 34015 34017
14248 34018 14330
34019 34020 34021
34020 34022 34023
34022 34020 34019
34024 34021 34020
34025 34026 14211
34026 34025 14320
34027 14196 14195
34028 14195 14325
33991 33990 13924
14287 34029 34030
14288 14289 14358
14296 14302 14288
14298 14290 14414
14290 14291 14294
34031 14291 14290
14292 14286 14297
14294 14286 14292
14293 14294 14285
14295 14294 14292
14294 14295 14285
14295 14292 14299
34032 34033 14287
34032 14287 14296
34034 14296 14288
34034 14288 14300
14288 14358 14300
14291 14286 14294
34032 14296 34034
34035 14301 34036
14301 34035 14303
14359 34036 14301
34036 14359 34037
14303 14182 14353
14182 14303 34035
34030 14302 14296
14287 34030 14296
14302 14289 14288
14304 34038 14305
34038 14304 34039
34040 14306 34041
34042 34043 34044
34045 34046 34047
34048 34049 34050
13927 14309 14307
14307 13926 13927
14308 33760 13925
34051 33760 14308
34052 34051 14308
33763 14311 13928
14311 33763 34053
34053 14315 14311
14315 34053 14310
34054 14307 14309
34055 13929 14312
13929 34055 33767
34056 34057 14313
34058 34059 34060
34061 34062 34063
34064 34065 34066
34067 14282 34068
34068 14282 34069
34033 14192 34070
34070 34071 34033
14255 14256 14260
14258 14270 14272
34052 14385 14314
34072 14433 33787
34073 14433 34072
34074 34075 14327
34075 34074 34076
14205 14211 34015
14211 14205 34025
14212 34077 13924
14204 14317 14331
34076 34078 34079
34078 34076 34074
14204 14318 14324
34080 34079 34078
34079 34080 14323
14248 14316 34081
34077 14319 13924
14320 14284 34026
14284 14320 14283
34028 34027 14195
34017 34082 34016
34082 34017 34083
34082 14323 34080
14323 34082 34083
13924 14248 14281
14281 14248 34081
14204 34084 14321
14204 14324 14317
34084 14204 14196
14199 34028 14325
14194 14325 14200
14326 14229 14204
14235 14326 34085
14326 14235 14229
34075 34086 14327
34087 14329 34088
14329 34087 14328
34089 34088 14329
14236 34089 14329
14230 34089 14236
14326 14331 34085
34014 34090 14280
14333 14267 14332
14267 14333 14276
14276 14333 33997
14332 14254 14253
14234 14335 14341
14335 14234 34091
34000 14337 14275
14337 34000 34092
34092 14349 14337
14349 34092 34093
14336 14344 14334
14344 14336 14345
34091 14243 14335
14243 34091 33978
14351 14338 14348
14338 14351 14350
14234 14336 14334
14336 14234 14341
14351 14342 14350
14342 14340 14350
14347 14340 14342
14340 14347 14346
14345 14343 14344
14343 14345 14339
14343 14346 14347
14346 14343 14339
14352 34094 14348
14348 14338 14352
34095 14349 34093
34093 34096 34095
34097 34098 34020
34099 34097 34020
34098 34024 34020
34100 34101 34102
34103 34104 34102
34104 34105 34102
34105 34100 34102
34106 34103 34102
34107 34108 14282
34067 34107 14282
34108 34109 14282
34101 34110 34102
34110 34099 34020
34102 34110 34020
34111 34112 14227
34113 34111 14228
34114 34115 14227
34116 34117 14227
34112 34116 14227
34117 34114 14227
34115 34118 14227
14228 34111 14227
14228 14224 34113
34119 14227 34118
34120 34119 34118
14287 34033 34071
14333 14265 33997
14257 33998 14269
34033 14184 14192
34033 34121 14184
14269 34122 34123
33998 34122 14269
34033 34124 34121
34071 34029 14287
14427 34125 34126
14427 34126 34069
34127 14357 34128
14357 34127 14355
14193 14356 14180
14356 14193 14357
14357 14181 34128
34129 14354 34130
34131 14354 34129
34132 34133 14354
34134 34125 34135
14354 34136 34132
14354 34137 34138
14354 34131 34137
14354 34138 34136
34069 14282 14427
14191 14355 34127
14355 14191 14190
14359 14362 34037
14362 14359 14361
14361 14424 14362
14315 14360 34139
14364 14360 14315
14315 14310 14364
34140 34141 34142
34054 34141 34140
14309 34141 34054
34142 34141 34143
34144 14300 14358
34130 14354 34145
14354 14428 34146
34147 33867 33866
34147 34148 34149
34149 14363 34147
33866 34148 34147
34146 34145 14354
14367 34150 14366
34150 14367 34151
14367 34152 34151
34152 14367 14381
14380 14233 14378
14233 14380 14368
14371 14369 14370
14369 14371 34153
34153 14214 33971
14214 34153 14371
14383 14373 14382
14373 14383 14374
14374 14376 14373
14376 14374 14375
14376 14370 14369
14370 14376 34154
14233 14368 14377
34155 14372 34156
14419 14420 33973
34157 34158 34159
34160 34161 14441
14441 34162 34160
34163 34164 14441
34073 34165 14440
14440 14433 34073
34166 34163 14441
34166 14441 14440
14223 34167 34168
14381 14378 34152
14378 14381 14380
34167 14223 14379
14441 34161 34169
14372 14383 14382
14383 14372 34155
14441 34164 34162
34170 14365 14442
14442 14441 34171
34169 34171 14441
34171 34170 14442
33992 14263 14255
14255 14422 33992
14261 14271 14255
14232 34172 14220
14220 14215 14221
14215 14379 14221
14308 14385 34052
14386 34173 34174
34173 14386 14387
34175 14388 14389
14388 34175 14231
14231 34176 34177
34176 14231 34175
14393 14391 14392
14391 14393 14390
14393 14394 14390
14394 14393 14395
14388 14395 14389
14395 14388 14394
34173 14387 14384
34178 14396 34179
34001 14386 34174
14386 34001 14277
14396 14392 14391
14392 14396 34178
14415 34180 34181
34180 14415 14398
14401 14399 14400
14399 14401 34182
34182 14278 34183
14278 34182 14401
14407 14403 14402
14403 14407 14398
14403 14404 14402
14404 14403 14405
34184 14400 14399
14400 34184 34185
34180 14398 14406
14398 14407 14406
14304 34186 34039
34186 14304 14397
14298 34187 34031
34187 34188 34031
34189 34190 14408
14410 34191 34192
34191 14410 14409
14305 34193 14411
34193 14305 34038
14412 14411 34193
14409 14413 34191
34055 14410 34192
14410 34055 14312
14412 34194 14411
34195 14443 14442
34195 34196 14443
34197 34198 14443
34199 34200 14443
34198 34201 14443
34200 34197 14443
14443 34196 34199
14444 14443 34202
34202 34203 14444
34203 34204 14444
34205 14272 14270
34206 34207 34031
34208 34205 14270
34031 34188 34206
14414 14290 14293
14397 34181 34186
34181 14397 14415
14408 34209 34189
14290 14298 34031
14299 14292 14297
14411 34194 14416
34210 14299 14297
34211 34210 14297
34190 34212 14408
34212 34213 14408
34214 34215 34216
34217 33939 14446
34218 34217 14446
14445 34219 34218
34220 34221 34216
14447 34220 34216
34221 34222 34216
34223 34209 14408
14416 34194 34224
34216 34215 34225
34225 34219 14447
34225 14447 34216
34218 14446 14445
34220 14447 34226
14418 34183 14278
34183 14418 34002
34201 34202 14443
14417 14258 14262
14249 14260 14417
14249 14261 14255
14260 14256 14264
14419 14223 34168
14419 34227 14420
34227 14419 34168
34228 34229 34158
34229 34230 34158
34231 34232 34158
34233 34234 14421
34234 14208 14421
14198 14421 14208
34158 34230 34231
14255 14271 14422
34235 14422 14271
14422 34235 14423
34236 34237 34172
34237 34238 34172
34238 34239 34172
34239 34240 34172
34240 34241 34172
34241 34242 34172
14220 34172 14222
34242 14222 34172
14293 14290 14294
14315 34139 34243
13948 13952 13953
13951 13952 13921
13915 13921 14201
14203 14201 14202
14363 34244 34147
34245 34243 34139
14067 14116 33856
14216 14241 14425
14237 14218 14425
13918 13944 13949
13918 14199 14194
14436 14446 33941
34165 34166 14440
14365 34195 14442
34226 14447 14444
34204 34226 14444
14447 34219 14445
33925 14438 14437
33885 14432 14435
14434 14439 14143
14074 14032 14426
33863 14118 14108
34135 34125 14427
34246 34146 14428
14265 14259 33994
14268 14429 14256
14033 34247 33842
14033 33843 34247
34228 34158 34157
34248 14431 34249
34250 14431 34248
34251 14431 34250
34249 14431 34252
34252 14431 34253
34253 14431 34254
34255 14431 34256
34256 14431 34257
34257 14431 34258
34254 14431 34255
34258 14431 34259
34259 14431 34251
14433 14448 14432
14435 14448 14434
14437 14448 14436
14439 14448 14438
14440 14448 14433
14441 14448 14440
14442 14448 14441
14443 14448 14442
14444 14448 14443
14446 14448 14445
14436 14448 14446
14447 14448 14444
14445 14448 14447
14438 14448 14437
14432 14448 14435
14434 14448 14439
14641 14466 14643
14466 14641 14468
14474 14464 14465
14464 14474 14473
14472 14465 14464
14465 14472 14471
14474 14470 14473
14470 14474 14469
14469 14475 14470
14477 14467 14644
14611 14483 14568
14455 14453 14486
14453 14451 14481
14481 14482 14486
14493 14490 14482
14491 14490 14493
14452 14450 14483
34260 14454 14484
14454 14478 14484
14488 34261 14484
14449 14455 14485
14486 14487 14485
14492 14487 14482
14611 14479 14488
14453 14481 14486
14490 14709 14482
14454 14452 14478
34261 34260 14484
14451 14491 14481
14491 14493 14481
14481 14493 14482
14488 14484 14611
34262 14456 14494
14456 34262 34263
34264 14494 14569
14494 34264 34262
14457 34265 14497
34265 14457 34266
14497 34267 14498
34267 14497 34265
14503 14512 14522
14512 14503 14513
14522 14502 14503
14501 14515 14504
14507 14499 14505
14506 14667 14508
14503 14509 14513
14502 14500 14526
14527 14510 14525
14614 14510 14527
14524 14506 14511
14505 14524 14517
34268 14517 14524
34269 14508 14707
14508 14511 14506
34270 14511 14523
14504 14515 14521
34270 34268 14511
14502 14522 14504
14523 14511 14508
14504 14521 14527
14501 14504 14522
14512 14501 14522
34269 34270 14523
14508 34269 14523
14511 34268 14524
14506 14524 14505
14527 14615 14614
14525 14500 14502
14527 14525 14502
14526 14509 14503
14502 14526 14503
14527 14521 14615
14502 14504 14527
14529 34271 14530
34271 14529 34272
14530 34273 14531
34273 14530 34271
34274 14529 14528
14529 34274 34272
34275 34276 14532
34277 34278 34279
34280 34281 34282
34283 34284 34285
14488 14479 14480
14618 14612 14488
34286 14458 34287
14608 14496 14458
14605 34288 14458
14538 14558 14537
14540 14548 14541
14553 14536 14541
34289 14553 14548
14537 14535 34290
14545 14549 14543
14543 14549 14555
14541 14536 14549
34291 14550 14544
14544 34292 34291
34292 14544 14551
14551 14554 34292
14551 14542 14554
14542 14544 14537
14544 14542 14551
14534 14540 14545
34289 14710 14711
14705 14545 14543
14547 14543 14557
34291 34293 14550
14541 14548 14553
14549 14536 14555
14621 14538 14550
34290 34294 14542
14537 34290 14542
14558 14535 14537
14538 14539 14558
14559 34295 14560
34295 14559 34296
14472 14559 14471
14559 14472 34296
14620 14538 14621
14544 14538 14537
14544 14550 14538
14562 34297 14706
34297 14562 34298
34299 14564 34300
34301 34302 34303
34304 34305 34306
34307 34308 34309
14488 14607 14604
34273 14616 14531
14616 34273 34310
14533 14617 14602
14960 14608 14458
34311 34312 14489
34312 34311 34313
14533 14565 14617
34314 34315 34316
34315 34317 34318
34317 34315 34314
34319 34316 34315
14606 14495 34320
14495 14606 34321
34322 14480 14479
14568 14479 14611
34288 34287 14458
14572 34323 34324
14573 14574 14645
14581 14588 14573
14584 14575 14702
14575 14576 14579
34325 14576 14575
14577 14571 14583
14579 14571 14577
14578 14579 14570
14580 14579 14577
14579 14580 14570
14580 14577 14585
34326 34327 14572
34326 14572 14581
34328 14581 14573
34328 14573 14586
14573 14645 14586
14576 14571 14579
34326 14581 34328
34329 14587 34330
14587 34329 14589
34331 14587 14646
14587 34331 34330
14589 14468 14641
14468 14589 34329
34324 14588 14581
14572 34324 14581
14588 14574 14573
14590 34332 14591
34332 14590 34333
34334 14592 34335
34336 34337 34338
34339 34340 34341
34342 34343 34344
14461 14595 14593
14593 14460 14461
14594 34345 14459
34346 34345 14594
34347 34346 14594
34348 14597 14462
14597 34348 34349
34349 14601 14597
14601 34349 14596
34350 14593 14595
34351 14463 14598
14463 34351 34352
34353 34354 14599
34355 34356 34357
34358 34359 34360
34361 34362 34363
34364 14567 34365
34365 14567 34366
34367 14476 34368
34369 34370 34327
14540 14541 14545
14543 14555 14557
34347 14673 14600
34371 14967 34372
34373 14967 34371
34374 34375 14613
34375 34374 34376
14489 14495 34311
14495 14489 34320
14496 34377 14458
14488 14603 14618
34376 34378 34379
34378 34376 34374
14488 14604 14610
34380 34379 34378
34379 34380 14609
14533 34381 14566
34377 14605 14458
34264 34321 14606
34321 34264 14569
14568 34322 14479
34312 34382 34383
34382 34312 34313
34383 14609 34380
14609 34383 34382
14566 14960 14533
34381 14533 14602
14488 34384 14607
14488 14610 14603
34384 14488 14480
14483 14611 14478
14478 14611 14484
14612 14514 14488
34385 14514 14612
14514 34385 14520
14619 34386 14613
34387 14615 34388
14615 34387 14614
34389 34388 14615
34315 34318 34390
14613 34375 14619
14521 34389 14615
14515 34389 14521
14612 14618 34385
34391 14616 34310
14565 14533 34392
34310 34393 34391
14621 14552 14620
14552 14621 14561
14561 14621 34293
14620 14539 14538
14519 14623 14629
14623 14519 34394
34295 14625 14560
14625 34295 34395
34395 14637 14625
14637 34395 34396
14624 14632 14622
14632 14624 14633
34394 14528 14623
14528 34394 34274
14639 14626 14636
14626 14639 14638
14622 14629 14624
14629 14622 14519
14639 14630 14638
14630 14628 14638
14635 14628 14630
14628 14635 14634
14633 14631 14632
14631 14633 14627
14631 14634 14635
14634 14631 14627
14640 34397 14636
14636 14626 14640
34398 14637 34396
34396 34399 34398
34400 34401 34315
34402 34400 34315
34401 34319 34315
34403 34404 34405
34406 34407 34405
34407 34408 34405
34408 34403 34405
34409 34406 34405
34410 34411 14567
34364 34410 14567
34411 34412 14567
34404 34413 34405
34413 34402 34315
34405 34413 34315
34414 34415 14512
34416 34414 14513
34417 34418 14512
34419 34420 14512
34415 34419 14512
34420 34417 14512
34418 34421 14512
14513 34414 14512
14513 14509 34416
34422 14512 34421
34423 34422 34421
14572 34327 34370
14621 14550 34293
34424 14542 34294
34425 14476 34367
14554 34424 34426
14542 34424 14554
34370 34323 14572
34427 14567 14964
34428 34366 14567
14470 34429 34430
34429 14470 14475
14477 14643 14466
14643 14477 14644
34429 34431 34430
34432 14642 34433
34434 14642 34432
14964 34435 34427
34434 34436 14642
14964 34437 34435
34436 34438 34439
34436 34434 34438
14646 14582 34331
14582 14646 14647
14649 14582 14647
34440 14650 34441
14601 14648 34441
14645 34442 14586
14651 14648 14601
14601 14596 14651
34443 34444 34445
34350 34444 34443
14595 34444 34350
34445 34444 34446
34433 14642 34447
34447 14642 34448
14652 34449 34448
34450 34451 34452
34453 34451 34450
34454 34451 34455
34455 34451 34453
14654 34456 34457
34456 14654 14655
34456 14669 34458
14669 34456 14655
14668 14518 14666
14518 14668 14656
14659 14657 14658
14657 14659 34459
34459 14498 34267
14498 34459 14659
14671 14661 14670
14661 14671 14662
14662 14664 14661
14664 14662 14663
14664 14658 14657
14658 14664 14663
14518 14656 14665
34460 14660 34461
14707 14708 34269
34462 14969 34463
14969 34462 34464
34465 34466 34467
34468 34469 14969
14966 34470 34471
14966 34373 34470
34471 34468 14969
34373 14966 14967
14508 34472 34473
14669 14666 34458
14666 14669 14668
34472 14508 14667
14969 34464 34474
34460 14670 14660
14670 34460 14671
14969 34469 34463
14968 14653 14677
14968 34475 34476
14968 34474 34475
14968 34476 14653
34289 14548 14540
14540 14710 34289
14546 14556 14540
14517 34477 14505
14505 14499 14506
14499 14667 14506
14594 14673 34347
14675 34478 14674
34478 14675 34479
34480 14676 34481
14676 34480 14516
14516 14654 34457
14654 14516 34480
14680 14678 14679
14678 14680 14681
14681 14682 14678
14682 14681 14683
14682 34481 14676
34481 14682 14683
34479 14675 14672
34482 14684 34483
34298 14674 34478
14674 34298 14562
14684 14680 14679
14680 14684 34482
14703 34484 34485
34484 14703 14686
14689 14687 14688
14687 14689 34486
14689 34487 34486
34487 14689 14563
14695 14691 14690
14691 14695 34488
14691 14692 14690
14692 14691 14693
14692 14688 14687
14688 14692 14693
34484 14686 14694
34488 14695 34489
14590 34490 34333
34490 14590 14685
14584 34491 34325
34492 34493 34494
34495 34496 14696
14698 34497 34498
34497 14698 14697
14591 34499 14699
34499 14591 34332
14700 14699 34499
14697 14701 34497
34351 14698 34498
14698 34351 14598
14700 34500 14699
34474 14968 14969
14677 34501 14973
34502 34503 14973
34504 34505 14973
34503 34506 14973
34505 34502 14973
14973 34501 34504
14972 34507 34508
14972 34508 34509
14972 34509 34510
34511 14557 14555
34512 34513 34494
34514 34511 14555
34494 34493 34512
14702 14575 14578
14685 34485 34490
34485 14685 14703
14696 34515 34495
14575 14584 34325
14585 14577 14583
14699 34500 14704
34516 14585 14583
34517 34516 14583
34496 34518 14696
34518 34519 14696
34520 34521 34522
34523 34524 14980
34525 34523 14980
34526 34525 14980
34527 34528 34522
14971 34527 34522
34528 34529 34522
34530 34515 14696
14704 34500 34531
34522 34521 34532
34532 34526 14971
34532 14971 34522
14971 34526 14970
34527 14971 34510
34507 14972 14973
34297 14563 14706
14563 34297 34487
34506 34507 14973
14705 14543 14547
14534 14545 14705
14534 14546 14540
14545 14541 14549
14707 14508 34473
14707 34533 14708
34533 14707 34473
34467 34534 34535
34467 34535 34536
34534 34467 34466
34537 34538 34467
34539 34540 14709
34540 14492 14709
14482 14709 14492
34467 34536 34537
14540 14556 14710
34541 14710 14556
14710 34541 14711
34542 34543 34544
34543 34545 34544
34545 34546 34544
34546 34547 34544
34548 34549 34477
34549 34550 34477
14505 34477 14507
34550 14507 34477
14578 14575 14579
14887 14714 14716
14714 14887 14890
14713 14722 14723
14722 14713 14712
14713 14721 14712
14721 14713 14720
14719 14723 14722
14723 14719 14717
14724 34551 14725
34551 14724 34552
14727 14891 14715
14859 14733 14728
14455 14736 14453
14453 14731 14451
14731 14736 14732
14743 14732 14740
14741 14743 14740
14452 14733 14450
34260 14734 14454
14454 14734 14728
14738 14734 34553
14455 14735 14736
14732 14736 14737
14742 14732 14737
14859 14738 14729
14453 14736 14731
14740 14732 14955
14454 14728 14452
34553 14734 34260
14451 14731 14741
14741 14731 14743
14731 14732 14743
14738 14859 14734
14456 34554 14744
34554 14456 34263
14744 14817 14818
14817 14744 34554
14457 34555 34266
34555 14457 14747
14747 34556 34555
34556 14747 14748
14959 14761 14762
14761 14959 14771
14751 14753 14764
14756 14754 14749
14755 14757 14913
14959 14750 14752
14776 14774 14759
14862 14776 14759
14773 14760 14755
14754 14766 14773
34557 14773 14766
34558 14953 14757
14757 14755 14760
34559 14772 14760
14753 14770 14764
34559 14760 34557
14752 14753 14771
14772 14757 14760
14753 14776 14770
14751 14771 14753
14761 14771 14751
34558 14772 34559
14757 14772 34558
14760 14773 34557
14755 14754 14773
14776 14862 14863
14774 14752 14750
14776 14752 14774
14775 14762 14758
14775 14959 14762
14776 14863 14770
14752 14776 14753
14779 34560 14778
34560 14779 34561
14779 34562 34561
34562 14779 14780
14778 34563 14777
34563 14778 34560
34564 14781 34565
34566 34567 34568
34569 34570 34571
34572 34573 34574
14738 14730 14729
14865 14738 14860
34286 34575 14458
14856 14458 14746
14853 14458 34576
14787 14786 14807
14789 14790 14797
14963 14790 14785
34577 14797 14802
14786 34578 14784
14794 14792 14798
14792 14804 14798
14790 14798 14785
34579 14799 34580
14793 34579 34581
34581 14800 14793
14800 34581 14803
14800 14803 14791
14791 14793 14800
14793 14791 14786
14783 14794 14789
34577 14957 14956
14951 14792 14794
14796 14806 14792
34580 14799 34582
14790 14802 14797
14798 14804 14785
14867 14799 14787
34578 14791 34583
14786 14791 34578
14807 14786 14784
14787 14807 14788
14809 34584 14808
34584 14809 34585
14720 34584 14721
34584 14720 14808
14866 14867 14787
14793 14786 14787
14793 14787 14799
14952 34586 14811
34586 14952 34587
34588 34589 14813
34590 34591 34592
34593 34594 34595
34596 34597 34598
14738 14852 14855
14780 34599 34562
34599 14780 14814
14782 14850 14864
14815 14458 14856
34600 34601 34602
34601 34600 14739
14782 14864 34603
34604 34605 34606
34606 34607 34608
34608 34604 34606
34609 34606 34605
34610 34611 14854
34611 34610 14745
34612 14729 14730
34613 14859 14729
34576 14458 34575
14821 34614 34615
14822 14892 14823
14830 14822 14836
14832 14948 14824
14824 14828 14825
34616 14824 14825
14826 14831 14820
14828 14826 14820
14827 14819 14828
14828 14829 14826
14829 14828 14819
14829 14833 14826
34617 14821 34618
34617 14830 14821
34619 14822 14830
34619 14834 14822
14822 14834 14892
14825 14828 14820
34617 34619 14830
14835 34620 34621
34620 14835 14837
14893 34621 34622
34621 14893 14835
14837 14716 34620
14716 14837 14887
34614 14830 14836
14821 14830 34614
14836 14822 14823
14838 34623 34624
34623 14838 14839
34625 34626 14840
34627 34628 34629
34630 34631 34632
34633 34634 34635
14461 14841 14843
14841 14461 14460
14842 14459 34345
34636 14842 34345
34637 14842 34636
14845 34348 14462
34348 14845 34638
14849 34638 14845
34638 14849 14844
34639 14843 14841
14463 34640 14846
34640 14463 34352
34641 14847 34642
34643 34644 34645
34646 34647 34648
34649 34650 34651
34652 34653 14816
34653 34654 14816
34618 34655 14726
34655 34618 34656
14789 14794 14790
14792 14806 14804
34637 14848 14919
34657 34372 14967
34658 34657 14967
34659 34660 14861
34660 34659 34661
14739 14745 34610
14745 14739 34600
14746 14458 34662
14738 14865 14851
34661 34663 34660
34663 34661 34664
14738 14858 14852
34664 34665 34663
34665 34664 14857
14782 34666 14850
34662 14458 14853
14854 14818 14817
14818 14854 34611
34613 14729 34612
34667 34602 34601
34602 34667 34668
14857 34667 34665
34667 14857 34668
14458 14815 14782
14815 34666 14782
14738 14855 34669
14738 14851 14858
34669 14730 14738
14733 14859 34613
14728 14734 14859
14860 14738 14763
14860 14769 34670
14769 14860 14763
34659 14861 34671
34672 14863 14862
14863 34672 34673
34674 14863 34673
14770 14863 34674
14764 14770 34674
14860 34670 14865
34599 14814 34675
14801 14867 14866
14867 14801 14810
14810 34582 14867
14866 14787 14788
14869 14768 14875
14768 14869 34676
14871 34585 14809
34585 14871 34677
34677 14883 34678
14883 34677 14871
14870 14878 14879
14878 14870 14868
34676 14777 34563
14777 34676 14869
14872 14885 14882
14885 14872 14884
14870 14768 14868
14768 14870 14875
14885 14884 14876
14876 14884 14874
14874 14881 14876
14881 14874 14880
14877 14879 14878
14879 14877 14873
14880 14877 14881
14877 14880 14873
14886 14882 34679
14882 14886 14872
34680 34678 14883
34678 34680 34681
34682 34606 34683
34684 34606 34682
34683 34606 34609
34685 34686 34687
34688 34686 34689
34689 34686 34690
34690 34686 34685
34691 34686 34688
34692 14816 34693
34652 14816 34692
34693 14816 34694
34687 34686 34695
34695 34606 34684
34686 34606 34695
34696 14761 34697
34698 14762 34696
34699 14761 34700
34701 14761 34702
34697 14761 34701
34702 14761 34699
34700 14761 34703
14762 14761 34696
14762 34698 14758
34704 34703 14761
34705 34703 34704
14821 34656 34618
14867 34582 14799
14791 14803 34583
34618 14726 14718
34618 14718 34706
14803 34707 34708
34583 14803 34708
34618 34706 34709
34656 14821 34615
14961 34710 34711
14961 34654 34710
14891 34712 34713
34712 14891 14889
14890 14727 14714
14727 14890 14891
14891 34713 14715
34714 34715 14888
34716 34714 14888
34717 14888 34718
34719 34720 34711
14888 34717 34721
14888 34722 34723
14888 34723 34716
14888 34721 34722
34654 14961 14816
14725 14889 14724
14889 14725 34712
14896 14893 34622
14893 14896 14895
14895 14896 14958
14849 34724 14894
14898 14849 14894
14849 14898 14844
34725 34726 34727
34639 34725 34727
14843 34639 34727
34726 34728 34727
34729 14892 14834
34715 34730 14888
14888 34731 14962
34732 34452 34451
34732 34733 34734
34733 34732 14897
34452 34732 34734
34731 14888 34730
34735 14901 14900
14901 34735 34736
34737 14901 34736
14901 34737 14915
14914 14767 14902
14767 14914 14912
14905 14903 34738
14903 14905 14904
34738 14748 14905
14748 34738 34556
14917 14907 14908
14907 14917 14916
14908 14910 14909
14910 14908 14907
14904 14910 14903
14910 14904 34739
14767 14911 14902
34740 34741 14906
14953 34558 14954
34742 34743 34744
34745 14975 34746
14975 34745 34747
34748 14975 34749
34658 14974 34750
14974 34658 14967
34751 14975 34748
34751 14974 14975
14757 34752 34753
14915 14912 14914
14912 14915 34737
34753 14913 14757
14975 34754 34746
14906 14917 34740
14917 14906 14916
14975 34747 34749
34755 14976 14899
14976 34756 14975
34754 14975 34756
34756 14976 34755
34577 14789 14797
14789 34577 14956
14795 14789 14805
14766 14754 34757
14754 14755 14749
14749 14755 14913
14842 34637 14919
14920 34758 14921
34758 14920 34759
34760 14922 14765
14922 34760 14923
14765 34761 34760
34761 14765 34762
14925 14927 14926
14927 14925 14924
14927 14928 14929
14928 14927 14924
14922 14929 14928
14929 14922 14923
34758 14918 14921
34763 34764 14930
14920 34586 34759
34586 14920 14811
14930 14926 34763
14926 14930 14925
14949 34765 14932
34765 14949 34766
14935 14933 34767
14933 14935 14934
34767 14812 14935
14812 34767 34768
14941 14937 14932
14937 14941 14936
14937 14938 14939
14938 14937 14936
14934 34769 14933
34769 14934 34770
34765 14940 14932
14932 14940 14941
14838 34771 14931
34771 14838 34624
14832 34616 34772
34772 34616 34773
34774 14942 34775
34776 14944 34777
14944 34776 14943
34778 14839 14945
14839 34778 34623
14946 34778 14945
14943 34776 14947
34640 14944 14846
14944 34640 34777
14946 14945 34779
34780 14976 14977
34780 14977 34781
34782 14977 34783
34784 14977 34785
34783 14977 34786
34785 14977 34782
14977 34784 34781
14978 34787 14977
34787 14978 34788
34788 14978 34789
34790 14804 14806
34791 34616 34792
34793 14804 34790
34616 34791 34773
14948 14827 14824
34766 14931 34771
14931 34766 14949
14942 34774 34794
14824 34616 14832
14833 14831 14826
14945 14950 34779
34795 14831 14833
34796 14831 34795
34775 14942 34797
34797 14942 34798
34799 34800 34801
34802 14980 34524
34803 14980 34802
14979 34803 34804
34805 34800 34806
14981 34800 34805
34806 34800 34807
34808 14942 34794
14950 34809 34779
34800 34810 34801
34810 14981 34804
34810 34800 14981
34803 14979 14980
34805 34811 14981
14952 34768 34587
34768 14952 14812
34786 14977 34787
14951 14796 14792
14783 14951 14794
14783 14789 14795
14794 14798 14790
14953 34752 14757
34812 14953 14954
14953 34812 34752
34813 34744 34814
34814 34744 34815
34816 34744 34817
34818 14955 34819
34819 14955 14742
14732 14742 14955
34744 34816 34815
14789 14956 14805
14956 34820 14805
34820 14956 14957
34821 34757 34822
34822 34757 34823
34823 34757 34824
34824 34757 34825
34825 34757 34826
34826 34757 34827
14754 14756 34757
34827 34757 14756
14827 14828 14824
14849 34828 34724
14482 14487 14486
14485 14455 14486
14449 14735 14455
14737 14736 14735
14897 34732 34829
34830 34724 34828
14601 34441 14650
14750 14959 14775
14771 14959 14752
14452 14483 14478
14452 14728 14733
14970 34526 14980
34750 14974 34751
14899 14976 34780
34811 14978 14981
34789 14978 34811
14981 14979 34804
34510 14971 14972
34471 14969 14966
14968 14677 14973
14608 14960 14566
34448 14642 14652
34720 14961 34711
34831 14962 34731
14799 34579 14793
14802 14790 14963
14567 34427 34832
14567 34832 34428
34813 34742 34744
34833 34834 14965
34835 34833 14965
34836 34835 14965
34834 34837 14965
34837 34838 14965
34838 34839 14965
34840 34841 14965
34841 34842 14965
34842 34843 14965
34839 34840 14965
34843 34844 14965
34844 34836 14965
14967 14966 14982
14969 14968 14982
14971 14970 14982
14973 14972 14982
14974 14967 14982
14975 14974 14982
14976 14975 14982
14977 14976 14982
14978 14977 14982
14980 14979 14982
14970 14980 14982
14981 14978 14982
14979 14981 14982
14972 14971 14982
14966 14969 14982
14968 14973 14982
11946 12282 10563
11946 10563 13815
10713 12502 12456
10713 10928 10927
10928 10714 10927
12502 10927 10714
10901 10934 10714
12476 10714 10934
10935 10939 10934
12508 10934 10939
10940 31308 10939
12512 10939 31308
10886 10878 10912
12487 12483 12453
10946 10906 10947
12519 12488 12481
10913 10907 10904
12488 12493 12479
11697 11661 31753
34845 11676 31754
31754 11682 11693
31753 31751 11697
32922 32914 13212
32923 13233 13227
13244 13247 13233
13248 13245 32920
11653 11619 31767
34846 11629 31743
32909 32902 13170
32910 13186 13180
11647 31743 11635
31767 31742 11653
13200 13186 13198
13204 13201 32907
11644 11612 11640
11642 11646 31781
13195 13194 13191
13193 13197 13179
11686 11690 11662
11692 31782 11688
13237 13241 13240
13243 13226 13239
11582 11593 31732
11597 31731 11588
13133 13144 13147
13145 13139 13148
11589 11590 11584
11586 11592 31780
13140 32891 13135
13137 13143 13138
31717 11540 11503
34847 11515 31718
11535 31718 11521
31717 31715 11540
32868 13054 32878
32879 13072 13066
13090 13072 13086
13091 13088 32876
11526 11531 11532
11528 11534 31779
13077 13082 13081
13079 13085 13080
31701 31698 11456
31699 11469 11474
13007 13001 32858
13025 13028 13020
11443 11439 11472
11471 31697 11465
13023 32860 12990
13022 32857 32861
11661 31746 31752
11676 34845 31746
13212 32915 13228
13227 13228 32915
11619 31738 31766
11629 34846 31738
13170 32903 13181
13180 13181 32903
11455 31692 31700
11468 34848 31692
13006 32852 12999
13019 12999 32852
31707 31716 11503
31707 11515 34847
32867 13067 13054
32867 13066 13067
31730 11564 31723
31723 11578 33551
32886 13130 13115
32886 13129 13130
11456 11455 31701
34848 11468 31699
13032 32851 13006
13024 13020 13019
15004 14990 14984
14990 15004 15003
34849 14991 15005
14991 34849 34850
15002 14988 14985
14988 15002 15001
15006 14989 15007
14989 15006 14987
15000 34851 34852
34851 15000 14983
34853 34854 34855
34854 34853 34856
34857 34858 34859
34858 34857 34860
34861 34862 34863
34862 34861 34864
15038 34865 15031
34865 15038 34866
34867 14994 14993
14994 34867 34868
34869 34870 14995
34870 34869 34871
34872 14996 34873
14996 34872 34874
34875 34876 14997
34876 34875 34877
34878 14998 34879
14998 34878 34880
34881 34882 14999
34882 34881 34883
34884 15037 34885
15021 15008 15022
15008 15021 15009
34886 15010 15011
15010 34886 34887
15040 15041 15012
34888 15039 34889
15016 15013 15015
15013 15016 15014
34890 15017 15018
15017 34890 34891
15020 34892 15019
34892 15020 34893
34894 34895 34896
34895 34894 34897
34888 34898 15039
34898 34888 14992
34899 15015 15013
15015 34899 34900
34891 34901 15017
34901 34891 34902
34903 15019 34892
15019 34903 34904
34897 34905 34895
34905 34897 34906
34907 15009 15021
15009 34907 34908
34887 34909 15010
34909 34887 34910
15042 15012 15041
15012 15042 34911
15011 14986 34886
15044 15043 15045
15046 34912 34913
15016 34914 15014
15018 34915 34890
15020 34916 34893
34896 34917 34894
15008 34918 15022
15023 15025 15024
15024 15027 15026
15026 15029 15028
15023 15028 15030
15026 15023 15024
15023 15026 15028
34919 34920 34921
34920 34919 34922
34923 34924 34925
34924 34923 34926
34927 34928 34929
34928 34927 34930
34931 34932 34933
34932 34931 34934
34935 34936 34937
34936 34935 34938
34939 34940 34941
34940 34939 34942
34943 34944 34945
34944 34943 34946
34947 34948 34949
34948 34947 34950
15032 34951 34952
34951 15032 34953
34952 15033 15032
15033 34952 34954
15034 34954 34955
34954 15034 15033
34956 34957 34958
34957 34956 15035
15035 34959 15036
34959 15035 34956
34960 15036 34959
15036 34960 34961
15048 34962 15047
34962 15048 34963
15047 34913 15048
34913 15047 15046
15044 15049 15050
15049 15044 15045
34964 15050 15049
15050 34964 34965
34966 34967 34968
34967 34966 34969
34970 34971 34972
34971 34970 34973
34974 34975 34976
34977 34978 34979
34979 34980 34977
34980 34979 34981
34973 34975 34971
34975 34973 34976
34968 34982 34983
34982 34968 34967
34984 34985 34986
34985 34984 34987
34988 34987 34984
34982 34989 34983
34865 34990 15031
34884 34991 15037
34991 34884 34992
34866 15038 34993
34992 34994 34991
15072 15058 15052
15058 15072 15071
34995 15059 15073
15059 34995 34996
15070 15056 15053
15056 15070 15069
15074 15057 15075
15057 15074 15055
15068 34997 34998
34997 15068 15051
34999 35000 35001
35000 34999 35002
35003 35004 35005
35004 35003 35006
35007 35008 35009
35008 35007 35010
15060 35011 15061
35011 15060 35012
35013 15062 35014
15062 35013 35015
35016 35017 15063
35017 35016 35018
35019 15064 35020
15064 35019 35021
35022 35023 15065
35023 35022 35024
35025 15066 35026
15066 35025 35027
35028 35029 15067
35029 35028 35030
35031 35032 35033
35032 35031 35034
15090 15076 15091
15076 15090 15077
35035 15078 15079
15078 35035 35036
15081 35037 15080
35037 15081 35038
35039 15082 15083
15082 35039 35040
15085 35041 15084
35041 15085 35042
35043 15086 15087
15086 35043 35044
15089 35045 15088
35045 15089 35046
35047 35048 35049
35048 35047 35050
35040 35051 15082
35051 35040 35052
35053 15084 35041
15084 35053 35054
35044 35055 15086
35055 35044 35056
35057 15088 35045
15088 35057 35058
35050 35059 35048
35059 35050 35060
35061 15077 15090
15077 35061 35062
35036 35063 15078
35063 35036 35064
35065 15080 35037
15080 35065 35066
15079 15054 35035
15081 35067 35038
15083 35068 35039
15085 35069 35042
15087 35070 35043
15089 35071 35046
35049 35072 35047
15076 35073 15091
15092 15094 15093
15093 15096 15095
15095 15098 15097
15092 15097 15099
15095 15092 15093
15092 15095 15097
35074 35075 35076
35075 35074 35077
35078 35079 35080
35079 35078 35081
35082 35083 35084
35083 35082 35085
35086 35087 35088
35087 35086 35089
35090 35091 35092
35091 35090 35093
35094 35095 35096
35095 35094 35097
35098 35099 35100
35099 35098 35101
35102 35103 35104
35103 35102 35105
15107 15103 15127
15103 15107 15100
15108 15127 15128
15127 15108 15107
15109 15128 15129
15128 15109 15108
15110 15129 15130
15129 15110 15109
15111 15130 15131
15130 15111 15110
15112 15131 15132
15131 15112 15111
15106 15132 15133
15132 15106 15112
15101 15114 15135
15114 15101 15113
15126 15113 15123
15113 15126 15114
15125 15115 15116
15115 15125 15124
15116 15117 15118
15117 15116 15115
15118 15119 15120
15119 15118 15117
15120 15121 15122
15121 15120 15119
15122 15104 15105
15104 15122 15121
35106 35107 35108
35107 35106 35109
35109 35110 35107
35110 35109 35111
35112 35113 35114
35113 35112 35115
35116 35112 35114
35112 35116 35117
35118 35117 35116
35117 35118 35119
35118 35120 35121
35115 35111 35113
35111 35115 35110
15123 15125 15126
15125 15123 15124
35122 35106 35108
15101 15135 15102
35119 35118 35121
35123 15139 15159
15139 35123 35124
15159 15140 15160
15140 15159 15139
15160 15141 15161
15141 15160 15140
15161 15142 15162
15142 15161 15141
15162 15143 15163
15143 15162 15142
15163 15144 15164
15144 15163 15143
15164 15138 15165
15138 15164 15144
35125 15146 15145
15146 35125 15167
15158 15145 15146
15145 15158 15155
15147 15157 15148
15157 15147 15156
15149 15148 15150
15148 15149 15147
15151 15150 15152
15150 15151 15149
15153 15152 15154
15152 15153 15151
15136 15154 15137
15154 15136 15153
35126 35106 35127
35106 35126 35128
35129 35128 35126
35128 35129 35130
35131 35132 35133
35132 35131 35134
35135 35132 35136
35132 35135 35133
35137 35136 35138
35136 35137 35135
35137 35139 35140
35134 35130 35129
35130 35134 35131
15157 15155 15158
15155 15157 15156
35122 35127 35106
35125 35141 15167
35138 35139 35137
15170 15173 15186
15173 15170 15168
15186 15174 15187
15174 15186 15173
15187 15175 15188
15175 15187 15174
15188 15176 15189
15176 15188 15175
15189 15177 15190
15177 15189 15176
15190 15178 15191
15178 15190 15177
15191 15172 15192
15172 15191 15178
15169 35142 15179
35142 15169 35143
35144 15179 35142
15179 35144 15184
15180 35145 35146
35145 15180 15185
15181 35146 35147
35146 15181 15180
15182 35147 35148
35147 15182 15181
15183 35148 35149
35148 15183 15182
15171 35149 35150
35149 15171 15183
35151 35152 35153
35152 35151 35154
35155 35154 35151
35154 35155 35156
35157 35158 35159
35158 35157 35160
35161 35158 35162
35158 35161 35159
35163 35162 35164
35162 35163 35161
35163 35165 35166
35160 35156 35155
35156 35160 35157
35145 15184 35144
15184 35145 15185
35167 35153 35152
15169 35168 35143
35164 35165 35163
15196 35169 15209
35169 15196 35170
15197 15209 15210
15209 15197 15196
15198 15210 15211
15210 15198 15197
15199 15211 15212
15211 15199 15198
15200 15212 15213
15212 15200 15199
15201 15213 15214
15213 15201 15200
15195 15214 15215
15214 15195 15201
35171 35172 35173
35172 35171 15202
35174 15202 15207
15202 35174 35172
35175 15203 35176
15203 35175 15208
35176 15204 35177
15204 35176 15203
35177 15205 35178
15205 35177 15204
35178 15206 35179
15206 35178 15205
35179 15194 35180
15194 35179 15206
35152 35181 35182
35181 35152 35183
35183 35184 35181
35184 35183 35185
35186 35187 35188
35187 35186 35189
35190 35186 35188
35186 35190 35191
35192 35191 35190
35191 35192 35193
35192 35194 35195
35189 35185 35187
35185 35189 35184
15207 35175 35174
35175 15207 15208
35167 35152 35182
35171 35173 35196
35193 35192 35195
35197 35198 35199
35198 35197 35200
15134 35201 15193
35201 15134 35202
35203 35204 35205
35204 35203 35206
35207 35208 35209
35208 35207 35210
35211 35209 35212
35209 35211 35207
35213 35212 35214
35212 35213 35211
35215 35214 35216
35214 35215 35213
35200 35216 35198
35216 35200 35215
15166 35217 15216
35217 15166 35218
35219 35220 35221
35220 35219 35222
35223 35224 35225
35224 35223 35226
35227 35225 35228
35225 35227 35223
35229 35228 35230
35228 35229 35227
35231 35230 35232
35230 35231 35229
35233 35232 35234
35232 35233 35231
35235 35234 35236
35234 35235 35233
15225 15406 15226
35237 15226 15406
15224 15227 15228
15228 35238 15224
15218 35239 35240
35239 15218 15217
15226 35241 15225
35241 15226 35242
15226 35243 35242
35243 15226 35237
35244 15221 35245
35246 15221 35244
35247 15221 35246
35245 15221 35248
15222 15233 35249
15233 15222 15234
15229 35248 15221
15233 15232 15223
15223 35249 15233
15230 35249 15223
15230 35250 35249
35251 35252 35253
35254 35255 35256
15223 15231 15230
15407 15220 15239
15220 15407 15219
15238 15242 15241
15242 15238 35257
35258 15240 35259
15240 35258 35260
35261 15240 35260
15240 35261 35262
35263 35264 15221
35265 35263 15221
35247 35265 15221
35264 35266 15221
15247 15222 35249
15222 15247 15248
15243 15221 35266
15237 15246 15247
15237 15249 15246
15237 35249 15244
15244 35249 35267
35268 35269 35270
35271 35272 35273
15237 15245 15250
15404 35274 15255
35274 15404 35275
15254 15258 15257
15258 15254 35276
35277 15256 35278
15256 35277 35279
35280 15256 35279
15256 35280 35281
35282 35283 15251
35284 35282 15251
35285 35284 15251
35283 35286 15251
15263 15252 35287
15252 15263 15264
15259 15251 35286
15253 15262 15263
15253 15265 15262
15253 35287 15260
15260 35287 35288
35289 35290 35291
35292 35293 35294
15261 15266 15253
15269 15405 15270
35295 15270 15405
15268 15271 15272
15272 35296 15268
35297 35298 35299
35298 35297 35300
15270 35301 15269
35301 15270 35302
15270 35303 35302
35303 15270 35295
35304 15251 35305
35306 15251 35304
35285 15251 35306
35305 15251 35307
15252 15277 35287
15277 15252 15278
15273 35307 15251
15277 15276 15267
15274 35287 15267
15274 35308 35287
35309 35310 35311
35312 35313 35314
15267 15275 15274
15263 35287 15253
15267 35287 15277
15260 15261 15253
15299 15300 15282
35315 35316 15301
15302 35317 35318
35319 35320 15303
35321 35322 15283
35323 35317 15302
15303 35320 35324
35325 35326 15284
35327 35328 15304
35328 35327 35329
35327 15305 35330
15305 35327 15304
35331 15305 35332
35333 15307 35334
15307 35333 15306
15308 35335 15285
35335 15308 35336
35337 15285 15286
15285 35337 15308
35337 15286 35338
15309 15287 15288
15287 15309 35339
35340 35341 35342
35340 35343 35344
35343 35340 35342
35345 35346 35347
35346 35348 35349
35348 35346 35345
35350 35341 35340
35343 35351 35344
35352 15287 35339
35353 15306 35333
15306 35353 35354
35355 15319 15310
35356 15307 15311
15307 35356 35334
15295 15297 15318
15297 15295 15281
15294 15312 15317
15312 15294 15289
15313 35357 15290
35357 15313 35358
35359 15291 15315
15291 35359 35360
15316 15292 15293
15292 15316 15314
15296 35361 35362
15296 35363 35364
15296 35365 35366
35367 35368 15298
15296 35364 35369
35368 35370 35371
15292 15315 15291
15315 15292 15314
15296 35366 35361
15317 15293 15294
15293 15317 15316
35362 35363 15296
15289 15318 15312
15318 15289 15295
15296 35369 35372
35373 35374 35375
35374 35373 35376
35377 35378 35379
35380 35381 35382
15305 35331 35330
35370 35349 35383
35368 35367 15320
35349 15320 35367
35355 15288 15319
35349 35370 15320
35368 15320 35370
35358 15313 35384
15335 15321 15336
35385 15337 35386
15338 35387 35388
35389 15339 35390
35391 15322 35392
35393 15338 35388
15339 35394 35390
35395 15323 35396
35397 35398 15340
35398 35397 35399
15341 35398 35400
35398 15341 15340
15236 35401 15341
15343 35402 35403
35402 15343 15342
35404 15344 15324
15344 35404 35405
15324 35406 15325
35406 15324 15344
35406 35407 15325
15326 15345 15327
15345 15326 35408
35409 35410 35411
35412 35409 35413
35409 35412 35410
35414 35415 35416
35417 35416 35418
35416 35417 35414
35419 35409 35411
35412 35413 35420
35421 35408 15326
15235 35402 15342
15342 35422 15235
35423 15346 15355
35424 15343 35403
15343 35424 15347
15334 35425 35426
35425 15334 15354
15333 15348 15328
15348 15333 15353
15349 35427 35428
35427 15349 15329
15330 35429 15351
35429 15330 35430
15352 15331 15350
15331 15352 15332
15296 35431 35432
15296 35433 35434
15296 35435 35436
35437 15298 35368
15296 35438 35433
35368 35439 35440
15331 15351 15350
15351 15331 15330
15296 35432 35435
15332 15353 15333
15353 15332 15352
35431 15296 35434
15328 15354 15334
15354 15328 15348
15296 35372 35438
35441 35442 35443
35442 35441 35444
35445 35446 35447
35448 35449 35450
15341 35400 15236
35440 35451 35418
35368 15356 35437
35418 35437 15356
35423 15355 15327
35418 15356 35440
35368 35440 15356
35428 35452 15349
15360 15361 35453
35454 35455 15362
15363 35456 35457
35458 35459 15364
35391 35460 15322
35461 35456 15363
15364 35459 35462
35463 35396 15323
35464 35465 15365
35465 35464 35466
35464 15366 35467
15366 35464 15365
35468 15366 35469
35470 15368 35471
15368 35470 15367
15369 35472 35473
35472 15369 35474
35475 35473 35476
35473 35475 15369
35475 35476 35477
15370 35478 35479
35478 15370 35480
35481 35482 35483
35481 35484 35485
35484 35481 35483
35486 35487 35488
35487 35489 35490
35489 35487 35486
35491 35482 35481
35484 35492 35485
35493 35478 35480
35494 15367 35470
15367 35494 35495
35496 15380 15371
35497 15368 15372
15368 35497 35471
35498 15358 15379
15358 35498 35499
35500 15373 15378
15373 35500 35501
15374 35502 35503
35502 15374 35504
35505 35506 15376
35506 35505 35507
15377 35508 35509
35508 15377 15375
15357 35510 35511
15357 35512 35513
15357 35514 35515
35516 35517 15359
15357 35513 35518
35517 35519 35520
35508 15376 35506
15376 35508 15375
15357 35515 35510
15378 35509 35500
35509 15378 15377
35511 35512 15357
35501 15379 15373
15379 35501 35498
15357 35518 35521
35522 35523 35524
35523 35522 35525
35526 35527 35528
35529 35530 35531
15366 35468 35467
35519 35490 35532
35517 35516 15381
35490 15381 35516
35496 35479 15380
35490 35519 15381
35517 15381 35519
35504 15374 35533
15382 35534 15383
35535 15384 35536
15385 35537 35538
35539 15386 35540
35321 15283 35541
35542 15385 35538
15386 35543 35540
35544 15284 35326
35545 35546 15387
35546 35545 35547
15388 35546 35548
35546 15388 15387
15280 35549 15388
15390 35550 35551
35550 15390 15389
35552 15391 35553
15391 35552 35554
35553 35555 35556
35555 35553 15391
35555 35557 35556
35558 15392 35559
15392 35558 35560
35561 35562 35563
35564 35561 35565
35561 35564 35562
35566 35567 35568
35569 35568 35570
35568 35569 35566
35571 35561 35563
35564 35565 35572
35573 35560 35558
15279 35550 15389
15389 35574 15279
35575 15393 15402
35576 15390 35551
15390 35576 15394
35577 35578 35579
35578 35577 15401
35580 15395 35581
15395 35580 15400
15396 35582 35583
35582 15396 35584
35585 35586 15398
35586 35585 35587
15399 35588 15397
35588 15399 35589
15357 35590 35591
15357 35592 35593
15357 35594 35595
35596 15359 35517
15357 35597 35592
35517 35598 35599
35588 15398 15397
15398 35588 35585
15357 35591 35594
35589 15400 35580
15400 35589 15399
35590 15357 35593
35581 15401 35577
15401 35581 15395
15357 35521 35597
35600 35601 35602
35601 35600 35603
35604 35605 35606
35607 35608 35609
15388 35548 15280
35599 35610 35570
35517 15403 35596
35570 35596 15403
35575 15402 35559
35570 15403 35599
35517 35599 15403
35583 35611 15396
35612 15256 35281
35278 15256 35612
35613 35614 35615
35614 35613 35616
35617 35618 35619
35618 35617 35620
35621 35622 35623
35622 35621 35624
35625 35626 35627
35626 35625 35628
35629 15240 35262
35259 15240 35629
15267 35630 15275
15276 35631 15267
15223 35632 15231
15232 35633 15223
15244 15245 15237
15247 35249 15237
15443 15544 15467
15542 15465 15430
15444 15541 15542
15539 15435 15538
15435 15539 15462
15534 15458 15434
15431 15533 15456
15454 15531 15532
15448 15530 15455
15447 15528 15529
15528 15447 15433
15452 15526 15527
15432 15525 15526
15525 15432 15450
15441 15522 15445
15446 15545 15522
15442 15535 15460
15540 15463 15439
15445 15523 15453
15446 15522 15441
15421 15428 15446
15527 15451 15438
15447 15530 15448
15530 15447 15529
15450 15524 15525
15524 15450 15449
15451 15528 15433
15452 15527 15438
15449 15523 15524
15523 15449 15453
15454 15532 15457
15455 15530 15531
15455 15531 15437
15456 15534 15434
15431 15532 15533
15532 15431 15457
15534 15459 15458
15459 15535 15442
15460 15536 15436
15537 15436 15536
15436 15537 15461
15538 15461 15537
15461 15538 15435
15439 15539 15540
15541 15444 15463
15540 15541 15463
15464 15542 15430
15542 15464 15444
15420 15544 15429
15544 15420 15467
15422 35634 15468
35634 15422 35635
15470 35636 35637
35636 15470 15469
15471 35637 35638
35637 15471 15470
15468 35636 15469
35636 15468 35634
15472 35639 15473
35639 15472 35640
15472 35641 35640
35641 15472 15474
15474 35638 35641
35638 15474 15471
15475 35642 15476
35642 15475 35643
15478 35644 35645
35644 15478 15477
15479 35646 15480
35646 15479 35647
15481 35648 15482
35648 15481 35649
15478 35649 15481
35649 15478 35645
15483 35646 35650
35646 15483 15480
15479 35648 35647
35648 15479 15482
15484 35642 35651
35642 15484 15476
15475 35650 35643
35650 15475 15483
15485 35652 15486
35652 15485 35651
15487 35653 15488
35653 15487 35654
35655 15490 15489
15491 35652 35656
35652 15491 15486
15491 35654 15487
35654 15491 35656
15489 35653 35655
35653 15489 15488
35657 35658 15492
35659 35660 15493
15494 35661 15495
35661 15494 35662
15496 35663 15497
35663 15496 35664
15493 35655 35665
35655 15493 15498
35665 35659 15493
35660 15550 15493
15495 35664 15496
35664 15495 35661
35663 35657 15497
15505 35666 15506
35666 15505 35667
15507 15466 15508
15466 15507 15440
15505 15466 35667
15466 15505 15508
15506 35668 15423
35668 15506 35666
35655 15498 15490
35651 15485 15484
15510 35669 15511
35669 15510 35639
15512 35670 15513
35670 15512 35671
15514 35670 35644
35670 15514 15513
15512 35669 35671
35669 15512 15511
35644 15477 15514
15473 35639 15510
35672 35673 15518
35674 35675 15517
35673 35676 15518
35675 35677 15517
35676 35674 15517
15424 15518 15515
15518 15517 15515
35678 35679 15426
35679 35680 15518
15518 15426 35679
15518 35680 35681
15518 35681 35682
35682 35683 15518
35684 35685 15517
15548 35685 35686
15521 35686 35687
15548 15521 15515
15549 35688 35689
35689 35690 15519
15518 35676 15517
35672 15518 35691
35692 35691 15518
35683 35692 15518
35677 35693 15517
35694 35695 15517
35693 35694 15517
35696 35697 15517
35697 35698 15517
35698 35684 15517
35699 35700 15517
35700 35701 15517
35695 35699 15517
35701 35702 15517
15426 15518 15424
15519 35703 35704
15519 35705 35703
35706 35707 15519
15551 35708 35709
35705 15519 35690
35707 35708 15519
15516 15519 15551
35688 15521 35687
15547 15521 15516
15515 15521 15547
35710 15520 35711
35712 35711 15520
35710 35713 15427
35714 35712 15520
15509 35714 15520
15520 35710 15427
15522 15545 35715
35716 15522 35715
15523 15522 35716
15524 15523 35716
35716 15525 15524
15526 15525 35716
15527 15526 35716
35716 15528 15527
15529 15528 35716
35716 15530 15529
15531 15530 35717
35718 15531 35717
15532 15531 35718
15533 15532 35718
15534 15533 35718
35718 15535 15534
35718 35719 15535
15536 15535 35719
15537 15536 35719
15538 15537 35719
15539 15538 35719
15540 15539 35719
15540 35720 15541
35720 15540 35719
35720 15542 15541
15542 35720 35721
35721 15543 15542
35722 15544 35723
15429 15544 35722
15446 15428 15545
35715 15545 15428
15527 15528 15451
15432 15526 15452
15445 15522 15523
15428 35724 35715
15534 15535 15459
15460 15535 15536
15462 15539 15439
15544 15563 35723
15534 15456 15533
15517 15548 15515
35685 15548 15517
35686 15521 15548
15516 15549 15519
35688 15549 15521
15519 15549 35689
15515 15410 15411
15417 15410 15547
15516 15416 15417
15409 15546 15425
15424 15515 15411
15515 15547 15410
15516 15546 15416
15546 15409 15416
15417 15547 15516
15409 15425 15408
35721 35725 15560
35721 15560 15543
15542 15543 15465
15519 35704 35706
15550 35662 15494
35662 15550 35660
15521 15549 15516
15425 15520 15427
35726 15499 15551
35709 35726 15551
35708 15551 15519
15552 15492 35658
15492 15552 35727
15502 15553 15554
15553 15502 15501
15553 15503 15555
15503 15553 15501
15556 15502 15554
15502 15556 15504
15500 15552 15557
15552 15500 35727
15507 15558 15559
15558 15507 35728
15558 15504 15556
15504 15558 35728
15503 15557 15555
15557 15503 15500
15507 15559 15440
15563 15564 35723
15411 15412 15424
15546 15562 15561
15546 15520 15425
15564 15565 35723
35729 15465 15543
15543 35730 35731
15543 35731 35729
35732 35733 15560
35733 35730 15560
15543 15560 35730
15516 15562 15546
15499 15562 15551
35734 35735 15562
15562 15499 35734
15516 15551 15562
35735 35736 15562
35736 35737 15561
15520 35737 35738
15509 15520 35738
15520 15546 15561
35737 15520 15561
15562 35736 15561
15565 15566 35723
35723 15560 35725
35723 15566 15560
15443 15563 15544
35739 15563 15443
35739 15564 15563
15565 35740 35741
35740 15565 15564
15566 35741 35742
35741 15566 15565
35742 35743 15566
35743 35732 15566
15560 15566 35732
35740 15564 35739
35717 15530 35716
15437 15531 15454
15497 35657 15492
15580 15604 15681
15679 15567 15602
15581 15679 15678
15676 15572 15599
15572 15676 15675
15671 15571 15595
15568 15593 15670
15591 15669 15668
15585 15592 15667
15665 15584 15666
15584 15665 15570
15589 15664 15663
15662 15569 15663
15569 15662 15587
15578 15582 15659
15583 15659 15682
15579 15597 15672
15677 15576 15600
15582 15590 15660
15583 15578 15659
15421 15583 15428
15664 15575 15588
15667 15584 15585
15584 15667 15666
15587 15661 15586
15661 15587 15662
15588 15570 15665
15589 15575 15664
15660 15586 15661
15586 15660 15590
15591 15594 15669
15592 15668 15667
15592 15574 15668
15593 15571 15671
15669 15568 15670
15568 15669 15594
15671 15595 15596
15596 15579 15672
15597 15573 15673
15674 15573 15598
15573 15674 15673
15675 15598 15572
15598 15675 15674
15576 15677 15676
15678 15600 15581
15677 15600 15678
15601 15567 15679
15679 15581 15601
15681 15420 15429
15420 15681 15604
35744 15422 15605
15422 35744 35635
15607 35745 15606
35745 15607 35746
15608 35746 15607
35746 15608 35747
35745 15605 15606
15605 35745 35744
35748 15609 15610
15609 35748 35749
15609 35750 15611
35750 15609 35749
15611 35747 15608
35747 15611 35750
35751 15612 15613
15612 35751 35752
15615 35753 15614
35753 15615 35754
35755 15616 15617
15616 35755 35756
35757 15618 15619
15618 35757 35758
35758 15615 15618
15615 35758 35754
15620 35755 15617
35755 15620 35759
15616 35757 15619
35757 15616 35756
15621 35751 15613
35751 15621 35760
15612 35759 15620
35759 15612 35752
35761 15622 15623
15622 35761 35760
35762 15624 15625
15624 35762 35763
35764 15626 15627
15628 35761 15623
35761 15628 35765
35763 15628 15624
15628 35763 35765
15626 35762 15625
35762 15626 35764
35766 15629 35767
35768 15630 35769
35770 15631 15632
15631 35770 35771
35772 15633 15634
15633 35772 35773
15630 35764 15635
35764 15630 35774
35774 15630 35768
35769 15630 15687
35773 15632 15633
15632 35773 35770
35772 15634 35766
35775 15642 15643
15642 35775 35776
15603 15644 15645
15644 15603 15577
15642 15603 15645
15603 15642 35776
35668 15643 15423
15643 35668 35775
35764 15627 15635
35760 15621 15622
35777 15647 15648
15647 35777 35748
35778 15649 15650
15649 35778 35779
15651 35778 15650
35778 15651 35753
15649 35777 15648
35777 15649 35779
35753 15651 15614
15610 15647 35748
35780 15655 35781
35782 15654 35783
35781 15655 35784
35783 15654 35785
35784 15654 35782
15424 15652 15655
15655 15652 15654
35678 15426 35786
35786 15655 35787
15655 35786 15426
15655 35788 35787
15655 35789 35788
35789 15655 35790
35791 15654 35792
15685 35793 35792
15658 35794 35793
15685 15652 15658
15686 35795 35796
35795 15656 35797
15655 15654 35784
35780 35798 15655
35799 15655 35798
35790 15655 35799
35785 15654 35800
35801 15654 35802
35800 15654 35801
35803 15654 35804
35804 15654 35805
35805 15654 35791
35806 15654 35807
35807 15654 35808
35802 15654 35806
35808 15654 35809
15426 15424 15655
15656 35810 35811
15656 35811 35812
35813 15656 35814
15688 35815 35816
35812 35797 15656
35814 15656 35816
15653 15688 15656
35796 35794 15658
15684 15653 15658
15652 15684 15658
35817 35818 15657
35819 15657 35818
35817 15427 35713
35820 15657 35819
15646 15657 35820
15657 15427 35817
15659 35821 15682
35822 35821 15659
15660 35822 15659
15661 35822 15660
35822 15661 15662
15663 35822 15662
15664 35822 15663
35822 15664 15665
15666 35822 15665
35822 15666 15667
15668 35823 15667
35824 35823 15668
15669 35824 15668
15670 35824 15669
15671 35824 15670
35824 15671 15672
35824 15672 35825
15673 35825 15672
15674 35825 15673
15675 35825 15674
15676 35825 15675
15677 35825 15676
15677 35826 35825
35826 15677 15678
35826 15679 35827
15679 35826 15678
35827 15679 15680
35722 35828 15681
15429 35722 15681
15583 15682 15428
35821 15428 15682
15664 15588 15665
15569 15589 15663
15582 15660 15659
15428 35821 35724
15671 15596 15672
15597 15673 15672
15599 15576 15676
15681 35828 15700
15671 15670 15593
15654 15652 15685
35792 15654 15685
35793 15685 15658
15653 15656 15686
35796 15658 15686
15656 35795 15686
15652 15418 15413
15414 15684 15413
15653 15414 15415
15419 15425 15683
15424 15412 15418
15652 15413 15684
15653 15415 15683
15683 15415 15419
15414 15653 15684
15419 15408 15425
35827 15697 35829
35827 15680 15697
15679 15602 15680
15656 35813 35810
35771 15687 15631
15687 35771 35769
15658 15653 15686
15425 15427 15657
35830 15688 15636
35815 15688 35830
35816 15656 15688
15689 15629 35831
15629 15689 35767
15690 15639 15691
15639 15690 15638
15690 15640 15638
15640 15690 15692
15693 15639 15641
15639 15693 15691
15689 15637 15694
15637 15689 35831
15695 15644 15696
15644 15695 35832
15695 15641 35832
15641 15695 15693
15694 15640 15692
15640 15694 15637
15644 15577 15696
15700 35828 15701
15418 15652 15424
15683 15698 15699
15683 15425 15657
15701 35828 15702
35833 15680 15602
15680 35834 35835
15680 35833 35834
35836 15697 35837
35837 15697 35835
15680 35835 15697
15653 15683 15699
15636 15688 15699
35838 15699 35839
15699 35838 15636
15653 15699 15688
35839 15699 35840
35840 15698 35841
15657 35842 35841
15646 35842 15657
15657 15698 15683
35841 15698 15657
15699 15698 35840
15702 35828 15703
35828 35829 15697
35828 15697 15703
15580 15681 15700
35843 15580 15700
35843 15700 15701
15702 35844 15701
35844 15702 35845
15703 35845 15702
35845 15703 35846
35846 15703 35847
35847 15703 35836
15697 35836 15703
35844 35843 15701
35823 35822 15667
15574 15591 15668
15634 15629 35766
15413 15418 15704
15419 15415 15704
15415 15414 15704
15412 15411 15704
15409 15408 15704
15411 15410 15704
15414 15413 15704
15417 15416 15704
15416 15409 15704
15410 15417 15704
15418 15412 15704
15408 15419 15704
15740 15764 15841
15839 15727 15762
15741 15839 15838
15836 15732 15759
15732 15836 15835
15831 15731 15755
15728 15753 15830
15751 15829 15828
15745 15752 15827
15825 15744 15826
15744 15825 15730
15749 15824 15823
15822 15729 15823
15729 15822 15747
15738 15742 15819
15743 15819 15842
15739 15757 15832
15837 15736 15760
15742 15750 15820
15743 15738 15819
15718 15743 15725
15824 15735 15748
15827 15744 15745
15744 15827 15826
15747 15821 15746
15821 15747 15822
15748 15730 15825
15749 15735 15824
15820 15746 15821
15746 15820 15750
15751 15754 15829
15752 15828 15827
15752 15734 15828
15753 15731 15831
15829 15728 15830
15728 15829 15754
15831 15755 15756
15756 15739 15832
15757 15733 15833
15834 15733 15758
15733 15834 15833
15835 15758 15732
15758 15835 15834
15736 15837 15836
15838 15760 15741
15837 15760 15838
15761 15727 15839
15839 15741 15761
15841 15717 15726
15717 15841 15764
35848 15719 15765
15719 35848 35849
15767 35850 15766
35850 15767 35851
15768 35851 15767
35851 15768 35852
35850 15765 15766
15765 35850 35848
35853 15769 15770
15769 35853 35854
15769 35855 15771
35855 15769 35854
15771 35852 15768
35852 15771 35855
35856 15772 15773
15772 35856 35857
15775 35858 15774
35858 15775 35859
35860 15776 15777
15776 35860 35861
35862 15778 15779
15778 35862 35863
35863 15775 15778
15775 35863 35859
15780 35860 15777
35860 15780 35864
15776 35862 15779
35862 15776 35861
15781 35856 15773
35856 15781 35865
15772 35864 15780
35864 15772 35857
35866 15782 15783
15782 35866 35865
35867 15784 15785
15784 35867 35868
35869 15786 15787
15788 35866 15783
35866 15788 35870
35868 15788 15784
15788 35868 35870
15786 35867 15785
35867 15786 35869
35871 15789 35872
35873 15790 35874
35875 15791 15792
15791 35875 35876
35877 15793 15794
15793 35877 35878
15790 35869 15795
35869 15790 35879
35879 15790 35873
35874 15790 15847
35878 15792 15793
15792 35878 35875
35877 15794 35871
35880 15802 15803
15802 35880 35881
15763 15804 15805
15804 15763 15737
15802 15763 15805
15763 15802 35881
35882 15803 15720
15803 35882 35880
35869 15787 15795
35865 15781 15782
35883 15807 15808
15807 35883 35853
35884 15809 15810
15809 35884 35885
15811 35884 15810
35884 15811 35858
15809 35883 15808
35883 15809 35885
35858 15811 15774
15770 15807 35853
35886 15815 35887
35888 15814 35889
35887 15815 35890
35889 15814 35891
35890 15814 35888
15721 15812 15815
15815 15812 15814
35892 15723 35893
35893 15815 35894
15815 35893 15723
15815 35895 35894
15815 35896 35895
35896 15815 35897
35898 15814 35899
15845 35900 35899
15818 35901 35900
15845 15812 15818
15846 35902 35903
35902 15816 35904
15815 15814 35890
35886 35905 15815
35906 15815 35905
35897 15815 35906
35891 15814 35907
35908 15814 35909
35907 15814 35908
35910 15814 35911
35911 15814 35912
35912 15814 35898
35913 15814 35914
35914 15814 35915
35909 15814 35913
35915 15814 35916
15723 15721 15815
15816 35917 35918
15816 35918 35919
35920 15816 35921
15848 35922 35923
35919 35904 15816
35921 15816 35923
15813 15848 15816
35903 35901 15818
15844 15813 15818
15812 15844 15818
35924 35925 15817
35926 15817 35925
35924 15724 35927
35928 15817 35926
15806 15817 35928
15817 15724 35924
15819 35929 15842
35930 35929 15819
15820 35930 15819
15821 35930 15820
35930 15821 15822
15823 35930 15822
15824 35930 15823
35930 15824 15825
15826 35930 15825
35930 15826 15827
15828 35931 15827
35932 35931 15828
15829 35932 15828
15830 35932 15829
15831 35932 15830
35932 15831 15832
35932 15832 35933
15833 35933 15832
15834 35933 15833
15835 35933 15834
15836 35933 15835
15837 35933 15836
15837 35934 35933
35934 15837 15838
35934 15839 35935
15839 35934 15838
35935 15839 15840
35936 35937 15841
15726 35936 15841
15743 15842 15725
35929 15725 15842
15824 15748 15825
15729 15749 15823
15742 15820 15819
15725 35929 35938
15831 15756 15832
15757 15833 15832
15759 15736 15836
15841 35937 15860
15831 15830 15753
15814 15812 15845
35899 15814 15845
35900 15845 15818
15813 15816 15846
35903 15818 15846
15816 35902 15846
15812 15708 15707
15714 15844 15707
15813 15714 15713
15706 15722 15843
15721 15708 15812
15812 15707 15844
15813 15713 15843
15843 15713 15706
15714 15813 15844
15706 15705 15722
35935 15857 35939
35935 15840 15857
15839 15762 15840
15816 35920 35917
35876 15847 15791
15847 35876 35874
15818 15813 15846
15722 15724 15817
35940 15848 15796
35922 15848 35940
35923 15816 15848
15849 15789 35941
15789 15849 35872
15850 15799 15851
15799 15850 15798
15850 15800 15798
15800 15850 15852
15853 15799 15801
15799 15853 15851
15849 15797 15854
15797 15849 35941
15855 15804 15856
15804 15855 35942
15855 15801 35942
15801 15855 15853
15854 15800 15852
15800 15854 15797
15804 15737 15856
15860 35937 15861
15708 15721 15709
15843 15858 15859
15843 15722 15817
15861 35937 15862
35943 15840 15762
15840 35944 35945
15840 35943 35944
35946 15857 35947
35947 15857 35945
15840 35945 15857
15813 15843 15859
15796 15848 15859
35948 15859 35949
15859 35948 15796
15813 15859 15848
35949 15859 35950
35950 15858 35951
15817 35952 35951
15806 35952 15817
15817 15858 15843
35951 15858 15817
15859 15858 35950
15862 35937 15863
35937 35939 15857
35937 15857 15863
15740 15841 15860
35953 15740 15860
35953 15860 15861
15862 35954 15861
35954 15862 35955
15863 35955 15862
35955 15863 35956
35956 15863 35957
35957 15863 35946
15857 35946 15863
35954 35953 15861
35931 35930 15827
15734 15751 15828
15794 15789 35871
15877 15978 15901
15976 15899 15864
15878 15975 15976
15973 15869 15972
15869 15973 15896
15968 15892 15868
15865 15967 15890
15888 15965 15966
15882 15964 15889
15881 15962 15963
15962 15881 15867
15886 15960 15961
15866 15959 15960
15959 15866 15884
15875 15956 15879
15880 15979 15956
15876 15969 15894
15974 15897 15873
15879 15957 15887
15880 15956 15875
15718 15725 15880
15961 15885 15872
15881 15964 15882
15964 15881 15963
15884 15958 15959
15958 15884 15883
15885 15962 15867
15886 15961 15872
15883 15957 15958
15957 15883 15887
15888 15966 15891
15889 15964 15965
15889 15965 15871
15890 15968 15868
15865 15966 15967
15966 15865 15891
15968 15893 15892
15893 15969 15876
15894 15970 15870
15971 15870 15970
15870 15971 15895
15972 15895 15971
15895 15972 15869
15873 15973 15974
15975 15878 15897
15974 15975 15897
15898 15976 15864
15976 15898 15878
15717 15978 15726
15978 15717 15901
15719 35958 15902
35958 15719 35849
15904 35959 35960
35959 15904 15903
15905 35960 35961
35960 15905 15904
15902 35959 15903
35959 15902 35958
15906 35962 15907
35962 15906 35963
15906 35964 35963
35964 15906 15908
15908 35961 35964
35961 15908 15905
15909 35965 15910
35965 15909 35966
15912 35967 35968
35967 15912 15911
15913 35969 15914
35969 15913 35970
15915 35971 15916
35971 15915 35972
15912 35972 15915
35972 15912 35968
15917 35969 35973
35969 15917 15914
15913 35971 35970
35971 15913 15916
15918 35965 35974
35965 15918 15910
15909 35973 35966
35973 15909 15917
15919 35975 15920
35975 15919 35974
15921 35976 15922
35976 15921 35977
35978 15924 15923
15925 35975 35979
35975 15925 15920
15925 35977 15921
35977 15925 35979
15923 35976 35978
35976 15923 15922
35980 35981 15926
35982 35983 15927
15928 35984 15929
35984 15928 35985
15930 35986 15931
35986 15930 35987
15927 35978 35988
35978 15927 15932
35988 35982 15927
35983 15984 15927
15929 35987 15930
35987 15929 35984
35986 35980 15931
15939 35989 15940
35989 15939 35990
15941 15900 15942
15900 15941 15874
15939 15900 35990
15900 15939 15942
15940 35882 15720
35882 15940 35989
35978 15932 15924
35974 15919 15918
15944 35991 15945
35991 15944 35962
15946 35992 15947
35992 15946 35993
15948 35992 35967
35992 15948 15947
15946 35991 35993
35991 15946 15945
35967 15911 15948
15907 35962 15944
35994 35995 15952
35996 35997 15951
35995 35998 15952
35997 35999 15951
35998 35996 15951
15721 15952 15949
15952 15951 15949
35892 36000 15723
36000 36001 15952
15952 15723 36000
15952 36001 36002
15952 36002 36003
36003 36004 15952
36005 36006 15951
15982 36006 36007
15955 36007 36008
15982 15955 15949
15983 36009 36010
36010 36011 15953
15952 35998 15951
35994 15952 36012
36013 36012 15952
36004 36013 15952
35999 36014 15951
36015 36016 15951
36014 36015 15951
36017 36018 15951
36018 36019 15951
36019 36005 15951
36020 36021 15951
36021 36022 15951
36016 36020 15951
36022 36023 15951
15723 15952 15721
15953 36024 36025
15953 36026 36024
36027 36028 15953
15985 36029 36030
36026 15953 36011
36028 36029 15953
15950 15953 15985
36009 15955 36008
15981 15955 15950
15949 15955 15981
36031 15954 36032
36033 36032 15954
36031 35927 15724
36034 36033 15954
15943 36034 15954
15954 36031 15724
15956 15979 36035
36036 15956 36035
15957 15956 36036
15958 15957 36036
36036 15959 15958
15960 15959 36036
15961 15960 36036
36036 15962 15961
15963 15962 36036
36036 15964 15963
15965 15964 36037
36038 15965 36037
15966 15965 36038
15967 15966 36038
15968 15967 36038
36038 15969 15968
36038 36039 15969
15970 15969 36039
15971 15970 36039
15972 15971 36039
15973 15972 36039
15974 15973 36039
15974 36040 15975
36040 15974 36039
36040 15976 15975
15976 36040 36041
36041 15977 15976
35936 15978 36042
15726 15978 35936
15880 15725 15979
36035 15979 15725
15961 15962 15885
15866 15960 15886
15879 15956 15957
15725 35938 36035
15968 15969 15893
15894 15969 15970
15896 15973 15873
15978 15997 36042
15968 15890 15967
15951 15982 15949
36006 15982 15951
36007 15955 15982
15950 15983 15953
36009 15983 15955
15953 15983 36010
15949 15710 15715
15711 15710 15981
15950 15712 15711
15716 15980 15722
15721 15715 15709
15949 15981 15710
15950 15980 15712
15980 15716 15712
15711 15981 15950
15716 15722 15705
36041 36043 15994
36041 15994 15977
15976 15977 15899
15953 36025 36027
15984 35985 15928
35985 15984 35983
15955 15983 15950
15722 15954 15724
36044 15933 15985
36030 36044 15985
36029 15985 15953
15986 15926 35981
15926 15986 36045
15936 15987 15988
15987 15936 15935
15987 15937 15989
15937 15987 15935
15990 15936 15988
15936 15990 15938
15934 15986 15991
15986 15934 36045
15941 15992 15993
15992 15941 36046
15992 15938 15990
15938 15992 36046
15937 15991 15989
15991 15937 15934
15941 15993 15874
15997 15998 36042
15715 15721 15949
15980 15996 15995
15980 15954 15722
15998 15999 36042
36047 15899 15977
15977 36048 36049
15977 36049 36047
36050 36051 15994
36051 36048 15994
15977 15994 36048
15950 15996 15980
15933 15996 15985
36052 36053 15996
15996 15933 36052
15950 15985 15996
36053 36054 15996
36054 36055 15995
15954 36055 36056
15943 15954 36056
15954 15980 15995
36055 15954 15995
15996 36054 15995
15999 16000 36042
36042 15994 36043
36042 16000 15994
15877 15997 15978
36057 15997 15877
36057 15998 15997
15999 36058 36059
36058 15999 15998
16000 36059 36060
36059 16000 15999
36060 36061 16000
36061 36050 16000
15994 16000 36050
36058 15998 36057
36037 15964 36036
15871 15965 15888
15931 35980 15926
15710 16001 15715
15716 16001 15712
15712 16001 15711
15709 16001 15708
15706 16001 15705
15708 16001 15707
15711 16001 15710
15714 16001 15713
15713 16001 15706
15707 16001 15714
15715 16001 15709
15705 16001 15716
32217 11954 32216
11954 32217 32218
22865 41080 22864
41080 22865 12013
33392 33388 33385
33388 33392 33393
22866 13545 13484
13545 22866 22867
11955 32207 32209
32214 41081 12222
12222 22869 41082
22869 12222 22868
33384 41083 33382
22870 41084 41085
41084 22870 22871
12289 41086 22874
22880 13822 41087
22873 22875 22874
22875 22873 22872
41088 22876 22877
22876 41088 41089
22883 22878 22882
22878 22883 22879
22881 41090 22880
41090 22881 41091
22872 11973 22875
11973 22872 11974
22877 31906 41088
31906 22877 12015
22876 12286 12287
12286 22876 41089
32275 22874 12288
22874 32275 22873
13506 41091 22881
41091 13506 13507
22882 33070 13548
33070 22882 22878
22883 13819 22879
13819 22883 13820
22880 33454 13821
33454 22880 41090
22874 22875 41092
22880 41093 22881
41092 12289 22874
22880 13821 13822
11972 22875 11973
13505 22881 41087
22884 12017 11975
13551 13508 22885
12020 12019 22886
22887 13554 13552
12020 12018 12019
13553 22887 13552
12019 41080 12013
13552 13554 13546
22895 22889 22888
22891 22890 41094
22893 41095 41096
41097 41098 22892
41099 22894 41100
41101 22896 41102
41103 41097 22892
22890 41104 41094
41105 22897 41106
22897 41107 41106
22905 22898 22899
22901 41108 22900
22903 41109 41110
41111 22902 41112
41113 41114 22904
41115 41116 22906
41117 22902 41111
22900 41108 41118
41119 41120 22907
22907 41120 41121
22965 22929 22930
23027 23041 22932
23041 23027 22925
22930 22934 22936
22934 22930 22929
22937 23033 23032
22935 22937 22969
22936 23041 22930
23041 22936 23031
41122 22935 41123
22937 22935 22939
22943 22908 22909
41124 22943 41125
22943 22942 22944
22942 22943 41124
22908 22944 22910
22944 22908 22943
41126 41125 22909
22941 41127 41128
41127 22941 41129
41130 22945 41131
22945 22946 41131
22940 22947 22931
23030 22931 22948
22937 22939 23034
41132 23038 22949
22950 41122 41133
23039 41134 23037
22951 41135 22954
22949 23035 22955
22939 22955 23035
23036 22940 22953
22940 23036 22947
22953 22949 23038
22939 22950 22955
23037 22955 22950
23038 23036 22953
23036 23038 41136
41135 41134 22954
41129 22963 41137
22963 41129 22941
22952 41138 22951
41138 22952 41139
41140 41123 22935
22961 22956 22960
22956 22961 22957
22959 22958 22966
22959 41141 22958
22912 22960 22911
22960 22912 22961
41142 22933 22967
22959 41143 41141
41143 22942 41144
22910 22961 22912
22961 22910 22944
22944 22957 22961
22957 22944 22942
41145 41146 41147
22926 23040 22927
41148 22926 41149
41130 41149 22962
22962 22926 22927
22948 22945 22962
22946 22945 22948
23025 22927 23040
23041 22925 23042
22962 41149 22926
41150 22963 22964
22963 41150 41137
22964 22950 41151
41122 22950 22939
22935 41122 22939
22941 22951 22963
22951 22941 22952
22954 22963 22951
22963 22954 22964
22954 22950 22964
41138 41135 22951
22954 41134 23039
41139 41145 41147
41145 41139 22952
22952 41128 41145
41128 22952 22941
22942 41143 22957
41124 41144 22942
22958 41141 41152
22943 22909 41125
41142 41153 22933
41142 23026 41152
41140 22933 41153
41151 22950 41133
22964 41151 41150
22927 22948 22962
22947 22948 22931
41136 41154 22946
41131 22946 41154
22948 22947 22946
22959 22957 41143
22966 22957 22959
22957 22966 22956
22958 41152 23026
22958 23026 22938
22933 41140 22935
22936 22934 22968
22936 22969 23032
23010 22911 22960
22911 23010 22921
22960 23011 23010
23011 22960 22956
22977 22976 22980
22977 22978 22979
22978 22915 22916
22979 22916 23018
22971 22972 22980
22971 22976 22979
22917 22918 22982
22978 22982 22918
22983 22987 22984
23016 22984 22985
23017 22919 22986
23022 22922 23021
22922 23022 22924
22986 22914 22975
22914 22986 22920
22972 22971 23019
22975 23016 22986
23016 22975 22973
23019 22974 23020
22985 22986 23016
22919 22920 22986
22989 22988 22981
22972 22990 22989
22987 22991 22990
22983 22992 22987
22988 22989 22993
22993 22990 22994
22994 22991 22995
22995 22992 22996
22997 23013 22992
22973 22997 22983
22998 22996 23001
22996 22998 22995
23000 22995 22998
22995 23000 22994
22994 23000 22999
23000 23003 23045
23003 22998 23004
22998 23003 23000
23004 23001 23005
23001 23004 22998
23005 23007 23004
23007 23005 23006
23004 23008 23003
23008 23004 23007
23008 23044 23003
22935 22968 23006
23008 23007 22929
22929 22928 23043
22956 22966 23012
22921 22975 22914
22975 22921 23010
23010 22973 22975
22973 23010 23011
22973 23011 23012
22997 23012 23014
23014 23012 22966
23001 22996 23013
23013 23014 22938
23001 23015 23005
22967 23015 22938
23023 22933 23024
22933 22935 23024
23015 22967 23023
22984 23016 22983
22983 23016 22973
23018 22974 22979
23022 23020 22974
22985 23017 22986
23018 22916 22923
22984 23019 23020
22985 23020 23021
23017 23021 22922
23019 22984 22987
22972 23019 22987
22974 23018 23022
23017 22922 22919
22974 22971 22979
23019 22971 22974
23017 22985 23021
22984 23020 22985
22997 22992 22983
22913 23018 22923
23020 23022 23021
23018 22924 23022
22924 23018 22913
22976 22971 22980
22992 22991 22987
23013 22996 22992
23013 22938 23015
23014 22958 22938
23006 22968 22934
23015 23023 23005
23023 23006 23005
23006 23023 23024
22935 23006 23024
23011 22956 23012
23014 22966 22958
22967 22938 23026
23031 22932 23041
22932 23031 23032
23033 22970 23032
22940 22931 23033
22953 22940 23034
22949 22953 23035
22946 22947 23036
41136 22946 23036
22940 23033 23034
23037 22949 22955
23038 41132 41136
22954 23039 22950
22950 23039 23037
22977 22979 22976
22978 22916 22979
22980 22981 22977
22982 22978 22977
22918 22915 22978
22972 22989 22980
22981 22980 22989
22987 22990 22972
22995 22991 22992
22994 22990 22991
22993 22989 22990
41130 22962 22945
23031 22936 23032
22932 23032 22970
23033 22931 22970
22969 22937 23032
23033 22937 23034
22969 22968 22935
22967 23026 41142
23034 23035 22953
23034 22939 23035
22936 22968 22969
22997 22973 23012
23013 22997 23014
23013 23015 23001
23023 22967 22933
23037 41134 41155
22949 23037 41155
41156 22949 41155
41132 22949 41156
22934 23007 23006
23007 22934 22929
23029 23025 23028
22927 23025 23029
22927 23029 23030
22927 23030 22948
22932 23028 23027
23028 22932 23029
22970 23029 22932
23029 22970 23030
22931 23030 22970
22930 23042 22965
22965 22928 22929
22930 23041 23042
23008 23043 23009
23008 22929 23043
23044 23002 23003
23008 23009 23044
22999 23000 23045
23003 23002 23045
22993 22994 22999
23139 41157 23212
41157 23139 23215
23057 23054 23108
23140 23221 23142
23221 23140 23222
23168 23142 23169
23142 23168 23140
23062 23063 23055
23109 23219 23188
23219 23109 23220
23141 23217 23147
23217 23141 23218
23171 23147 23172
23147 23171 23141
23170 23188 23187
23188 23170 23109
23055 23057 23108
23142 23220 23109
23220 23142 23221
23169 23109 23170
23109 23169 23142
23112 23059 23110
23059 23112 23071
23111 23112 23110
23143 23120 23113
23120 23143 23116
23113 23128 23114
23122 23115 23184
23185 23115 23060
23115 23185 23184
23117 23060 23115
23060 23117 23121
23115 23061 23117
23118 23121 23117
23121 23118 23064
23123 23117 23061
23117 23123 23118
23186 23060 23058
23060 23186 23185
23053 23116 23119
23116 23053 23120
23071 23052 23059
23052 23071 23072
23056 23064 23065
23064 23056 23121
23054 23057 23114
23057 23122 23114
23061 23063 23123
23063 23061 23055
23122 23055 23061
23121 23058 23060
23058 23121 23056
23124 41158 41159
23124 23063 23062
23124 23123 23063
23123 23124 23144
41159 23144 23124
23144 41159 41160
23145 23064 23118
23064 23145 23125
23144 23118 23123
23118 23144 23145
41160 23145 23144
23145 41160 41161
41161 23125 23145
23125 41161 41162
23125 23065 23064
23065 23125 23126
41162 23126 23125
23126 41162 41163
41164 23146 23127
23146 41164 41165
41165 23223 23146
23223 41165 41166
23222 23146 23223
23146 23222 23140
23140 23127 23146
23127 23140 23168
23054 23070 23214
23128 23070 23054
23199 23113 23120
23113 23199 23198
23112 23111 23128
23200 23120 23053
23120 23200 23199
23147 23216 23202
23216 23147 23217
23172 23202 23201
23202 23172 23147
23072 23174 23052
23174 23072 23173
23201 23053 23172
23053 23201 23200
23170 23056 23169
23056 23170 23058
23126 23168 23065
23168 23126 23127
41163 23127 23126
23127 41163 41164
23148 23093 23152
23093 23148 23084
23083 23230 23075
23230 23083 23231
23149 23206 23205
23206 23149 23129
23074 23225 23204
23225 23074 23226
23130 23192 23191
23192 23130 23079
23150 23129 23149
23129 23150 23157
23106 23226 23074
23226 23106 23227
23078 23228 23190
23228 23078 23229
23095 23131 23085
23131 23095 23153
23153 23137 23131
23137 23153 23076
23195 23090 23132
23090 23195 23194
23132 23196 23195
23196 23132 23080
23081 23151 23182
23151 23081 23133
23133 23134 23151
23134 23133 23091
23210 23133 23081
23133 23210 23209
23209 23091 23133
23091 23209 23208
23076 23136 23137
23136 23076 23094
23091 23138 23134
23138 23091 23092
23194 23089 23090
23089 23194 23193
23208 23092 23091
23092 23208 23207
23152 23079 23130
23079 23152 23093
23075 23229 23078
23229 23075 23230
23094 23090 23089
23090 23094 23076
23080 23153 23095
23153 23080 23132
23076 23132 23090
23132 23076 23153
23095 23180 23048
23180 23095 23085
23080 23048 23049
23048 23080 23095
23047 23182 23181
23182 23047 23081
23211 23081 23047
23081 23211 23210
23096 23046 23082
23046 23096 23050
23086 23097 23099
23097 23086 23135
23135 23082 23097
23082 23135 23096
23098 23099 23088
23099 23098 23086
23154 23077 23162
23077 23154 23104
23100 23175 23051
23175 23100 23176
23085 23051 23180
23051 23085 23100
23178 23155 23101
23155 23178 23177
23155 23176 23100
23176 23155 23177
23131 23100 23085
23100 23131 23155
23131 23101 23155
23101 23131 23137
23137 23102 23101
23102 23137 23136
23183 23101 23102
23101 23183 23178
41167 23158 23156
23158 41167 23179
23156 23084 23148
23084 23156 23158
23103 23231 23083
23231 23103 23232
41168 23232 23103
23232 41168 41169
23104 23088 23077
23088 23104 23098
23129 23207 23206
23207 23129 23092
23193 23079 23089
23079 23193 23192
23092 23157 23138
23157 23092 23129
23093 23089 23079
23089 23093 23094
23094 23084 23136
23084 23094 23093
23179 23102 23158
23102 23179 23183
23136 23158 23102
23158 23136 23084
41170 23066 41171
23066 41170 23203
23105 41171 23066
41171 23105 41172
41173 23067 41174
23067 41173 23189
23068 41174 23067
41174 23068 41175
23069 41175 23068
41175 23069 41176
23107 41176 23069
41176 23107 41177
41178 41177 23107
41177 41178 41179
23062 41158 23124
41180 41181 41182
41182 41183 41184
41183 41182 41181
41185 41186 41187
41186 41185 41188
41189 41186 41188
41186 41189 41190
41187 23159 41185
23159 41187 41191
23160 41192 41193
41192 23160 23163
23164 41194 23165
41194 23164 41195
23165 41196 23166
41196 23165 41194
23160 41197 23161
41197 23160 41193
23167 41196 41198
41196 23167 23166
23161 41195 23164
41195 23161 41197
41199 41200 41201
41200 41199 41202
41203 41202 41199
41202 41203 41204
41201 41190 41189
41190 41201 41200
23128 23111 23070
23054 23114 23128
23122 23057 23055
23128 23113 23198
41205 23087 23224
23108 23062 23055
23169 23065 23168
23065 23169 23056
23187 23058 23170
23058 23187 23186
23172 23119 23171
23119 23172 23053
23213 41206 41207
41206 23213 41208
23197 23080 23049
23080 23197 23196
23143 23114 23184
23184 23116 23143
23116 23184 23185
23119 23185 23186
23185 23119 23116
23171 23186 23187
23186 23171 23119
23187 23141 23171
23141 23187 23188
23188 23218 23141
23218 23188 23219
41172 23189 41173
23189 41172 23105
23190 23227 23106
23227 23190 23228
23191 23157 23150
23157 23191 23192
23192 23138 23157
23138 23192 23193
23134 23193 23194
23193 23134 23138
23194 23151 23134
23151 23194 23195
23195 23182 23151
23182 23195 23196
23181 23196 23197
23196 23181 23182
23114 23122 23184
23198 23071 23112
23071 23198 23199
23199 23072 23071
23072 23199 23200
23200 23173 23072
23173 23200 23201
23201 23139 23173
23139 23201 23202
23202 23215 23139
23215 23202 23216
41209 23203 41170
23204 23224 23087
23224 23204 23225
23205 23104 23154
23104 23205 23206
23206 23098 23104
23098 23206 23207
23207 23086 23098
23086 23207 23208
23208 23135 23086
23135 23208 23209
23209 23096 23135
23096 23209 23210
23050 23210 23211
23210 23050 23096
41210 23073 41209
23173 23212 23174
23212 23173 23139
23213 41191 41208
41191 23213 23159
23112 23128 23198
23113 23114 23143
41184 41204 41203
41204 41184 41183
23108 23054 23214
41211 41157 23215
23216 41212 23215
41212 23216 41213
23217 41213 23216
41213 23217 41214
23218 41214 23217
41214 23218 41215
23219 41215 23218
41215 23219 41216
23220 41216 23219
41216 23220 41217
23221 41217 23220
41217 23221 41218
23222 41218 23221
41218 23222 41219
41219 23223 41220
23223 41219 23222
41166 41220 23223
41220 41166 41221
41222 23163 41223
23163 41222 41192
23224 23162 41224
23162 23224 23154
23225 23154 23224
23154 23225 23205
23226 23205 23225
23205 23226 23149
23227 23149 23226
23149 23227 23150
23228 23150 23227
23150 23228 23191
23229 23191 23228
23191 23229 23130
23230 23130 23229
23130 23230 23152
23231 23152 23230
23152 23231 23148
23232 23148 23231
23148 23232 23156
41169 23156 23232
23156 41169 41167
41225 41226 41227
41228 41229 41230
41229 41228 41231
41232 41233 41234
41233 41232 41235
41234 41236 41237
41236 41234 41233
41230 41238 41239
41238 41230 41229
41239 41235 41232
41235 41239 41238
41240 41241 41242
41243 41244 41240
41226 41245 41246
41245 41226 41225
41237 41236 41247
41246 41248 41242
41248 41246 41245
41244 41231 41228
41231 41244 41243
41247 41249 41237
41247 41250 41249
23115 23122 23061
41240 41242 41248
41244 41241 41240
23273 23238 23237
23349 23335 23240
23335 23349 23233
23238 23242 23237
23242 23238 23244
23245 23340 23341
23243 23277 23245
23349 23244 23238
23244 23349 23339
41251 41252 23243
23245 23247 23243
23251 22909 22908
41253 41254 23251
23251 23250 41253
23250 23251 23252
22908 23252 23251
23252 22908 22910
41126 22909 41254
41255 23249 41256
23249 41255 41257
41258 41259 23253
23253 41259 23254
23248 23239 23255
23338 23256 23239
23245 23342 23247
41260 23257 23346
23258 41261 41251
23347 23345 41262
23259 23262 41263
23257 23263 23343
23247 23343 23263
23248 23344 23261
23344 23248 23255
23261 23346 23257
23247 23263 23258
23345 23258 23263
23344 23346 23261
23346 23344 41264
41263 23262 41262
23271 41257 41265
41257 23271 23249
23260 41266 41267
41266 23260 23259
41268 23243 41252
23269 23264 23265
23264 23269 23268
23267 23274 23266
23267 23266 41269
22912 23268 23269
23268 22912 22911
41270 23275 23241
23267 41269 41271
41271 41272 23250
22910 23269 23252
23269 22910 22912
23252 23265 23250
23265 23252 23269
41273 41274 41275
23234 23235 23348
41276 41277 23234
41258 23270 41277
23270 23235 23234
23256 23270 23253
23254 23256 23253
23333 23348 23235
23349 23350 23233
23270 23234 41277
23271 41278 23272
41278 23271 41265
23272 41279 23258
41251 23247 23258
23243 23247 41251
23259 23249 23271
23249 23259 23260
23271 23262 23259
23262 23271 23272
23262 23272 23258
41266 23259 41263
23262 23347 41262
41267 41273 23260
41273 41267 41274
41256 23260 41273
23260 41256 23249
23250 23265 41271
41253 23250 41272
23266 41280 41269
23251 41254 22909
41270 23241 41281
41270 41280 23334
41268 41281 23241
41279 41261 23258
23272 41278 41279
23235 23270 23256
23255 23239 23256
41264 23254 41282
41259 41282 23254
23256 23254 23255
23267 41271 23265
23274 23265 23264
23265 23274 23267
23266 23334 41280
23266 23246 23334
23241 23243 41268
23244 23276 23242
23244 23340 23277
22911 23318 23268
23318 22911 22921
23319 23268 23318
23268 23319 23264
23285 23288 23284
23285 23287 23286
23286 41283 41284
23287 23326 41283
23279 23288 23280
23279 23287 23284
41285 23290 41286
23286 41286 23290
23291 23292 23295
23324 23293 23292
23325 23294 22919
22922 23330 23329
23330 22922 22924
23294 22914 22920
22914 23294 23283
23280 23327 23279
23283 23324 23281
23324 23283 23294
23327 23328 23282
23293 23324 23294
22919 23294 22920
23297 23289 23296
23280 23297 23298
23295 23298 23299
23291 23295 23300
23296 23301 23297
23301 23302 23298
23302 23303 23299
23303 23304 23300
23305 23300 23321
23281 23291 23305
23306 23304 23303
23304 23306 23309
23303 23308 23306
23308 23303 23302
23302 23307 23308
23308 23353 23311
23306 23311 23312
23311 23306 23308
23312 23309 23306
23309 23312 23313
23313 23315 23314
23315 23313 23312
23312 23316 23315
23316 23312 23311
23316 23311 23352
23243 23314 23276
23316 23237 23315
23237 23351 23236
23264 23320 23274
22921 23283 23318
23283 22921 22914
23281 23318 23283
23318 23281 23319
23281 23320 23319
23305 23322 23320
23322 23274 23320
23309 23321 23304
23321 23246 23322
23309 23313 23323
23275 23246 23323
23331 23332 23241
23241 23332 23243
23323 23331 23275
23292 23291 23324
23291 23281 23324
23326 23287 23282
23330 23282 23328
23293 23294 23325
23326 22923 41283
23292 23328 23327
23293 23329 23328
23325 22922 23329
23327 23295 23292
23280 23295 23327
23282 23330 23326
23325 22919 22922
23282 23287 23279
23327 23282 23279
23325 23329 23293
23292 23293 23328
23305 23291 23300
22913 22923 23326
23328 23329 23330
22924 23326 23330
23326 22924 22913
23284 23288 23279
23300 23295 23299
23321 23300 23304
23321 23323 23246
23322 23246 23266
23314 23242 23276
23323 23313 23331
23331 23314 23332
23314 23331 23313
23243 23332 23314
23319 23320 23264
23322 23266 23274
23275 23334 23246
23339 23349 23240
23240 23340 23339
23341 23340 23278
23248 23341 23239
23261 23342 23248
23257 23343 23261
23254 23344 23255
41264 23344 23254
23248 23342 23341
23345 23263 23257
23346 41264 41260
23262 23258 23347
23258 23345 23347
23285 23284 23287
23286 23287 41283
23288 23285 23289
23290 23285 23286
41286 23286 41284
23280 23288 23297
23289 23297 23288
23295 23280 23298
23303 23300 23299
23302 23299 23298
23301 23298 23297
41258 23253 23270
23339 23340 23244
23240 23278 23340
23341 23278 23239
23277 23340 23245
23341 23342 23245
23277 23243 23276
23275 41270 23334
23342 23261 23343
23342 23343 23247
23244 23277 23276
23305 23320 23281
23321 23322 23305
23321 23309 23323
23331 23241 23275
23345 41287 41262
23257 41287 23345
41288 41287 23257
41260 41288 23257
23242 23314 23315
23315 23237 23242
23337 23336 23333
23235 23337 23333
23235 23338 23337
23235 23256 23338
23240 23335 23336
23336 23337 23240
23278 23240 23337
23337 23338 23278
23239 23278 23338
23238 23273 23350
23273 23237 23236
23238 23350 23349
23316 23317 23351
23316 23351 23237
23352 23311 23310
23316 23352 23317
23307 23353 23308
23311 23353 23310
23301 23307 23302
23441 41289 23511
41289 23441 23508
23359 23410 23356
23442 23517 23518
23517 23442 23444
23444 23469 23470
23469 23444 23442
23364 23357 23365
23411 23515 23516
23515 23411 23486
23443 23513 23514
23513 23443 23449
23449 23472 23473
23472 23449 23443
23486 23471 23485
23471 23486 23411
23357 23410 23359
23444 23516 23517
23516 23444 23411
23411 23470 23471
23470 23411 23444
23361 23414 23412
23414 23361 23373
23413 23412 23414
23445 23422 23418
23422 23445 23415
23415 23416 23430
23424 23482 23417
23417 23483 23362
23483 23417 23482
23419 23362 23423
23362 23419 23417
23417 23419 23363
23420 23423 23366
23423 23420 23419
23425 23419 23420
23419 23425 23363
23362 23484 23360
23484 23362 23483
23418 23355 23421
23355 23418 23422
23354 23373 23361
23373 23354 23374
23366 23358 23367
23358 23366 23423
23356 23416 23359
23359 23416 23424
23365 23363 23425
23363 23365 23357
23424 23363 23357
23423 23360 23358
23360 23423 23362
23426 41290 41291
23426 23364 23365
23426 23425 23446
23425 23426 23365
23446 41290 23426
41290 23446 41292
23447 23366 23427
23366 23447 23420
23446 23420 23447
23420 23446 23425
23447 41292 23446
41292 23447 41293
23427 41293 23447
41293 23427 41294
23427 23367 23428
23367 23427 23366
23428 41294 23427
41294 23428 41295
23448 41296 23429
41296 23448 41297
41297 23519 41298
23519 41297 23448
23518 23448 23442
23448 23518 23519
23442 23429 23469
23429 23442 23448
23356 23510 23372
23430 23356 23372
23415 23496 23422
23496 23415 23495
23414 23430 23413
23422 23497 23355
23497 23422 23496
23449 23512 23513
23512 23449 23499
23499 23473 23498
23473 23499 23449
23475 23374 23354
23374 23475 23474
23498 23355 23497
23355 23498 23473
23471 23358 23360
23358 23471 23470
23469 23428 23367
23428 23469 23429
23429 41295 23428
41295 23429 41296
23395 23450 23454
23450 23395 23386
23385 23526 23527
23526 23385 23377
23503 23451 23502
23451 23503 23431
23376 23521 23522
23521 23376 23501
23490 23432 23489
23432 23490 23381
23431 23452 23451
23452 23431 23459
23408 23522 23523
23522 23408 23376
23380 23524 23525
23524 23380 23488
23397 23433 23455
23433 23397 23387
23455 23439 23378
23439 23455 23433
23493 23392 23492
23392 23493 23434
23494 23434 23493
23434 23494 23382
23383 23453 23435
23453 23383 23480
23435 23436 23393
23436 23435 23453
23435 23507 23383
23507 23435 23506
23393 23506 23435
23506 23393 23505
23438 23378 23439
23378 23438 23396
23440 23393 23436
23393 23440 23394
23391 23492 23392
23492 23391 23491
23394 23505 23393
23505 23394 23504
23381 23454 23432
23454 23381 23395
23377 23525 23526
23525 23377 23380
23392 23396 23391
23396 23392 23378
23455 23382 23397
23382 23455 23434
23434 23378 23392
23378 23434 23455
41299 23397 41300
23397 41299 23387
41300 23382 41301
23382 41300 23397
41302 23480 23383
23480 41302 41303
41304 23383 23507
23383 41304 41302
41305 23398 23384
23398 41305 41306
23399 23388 23401
23388 23399 23437
23384 23437 23399
23437 23384 23398
23401 23400 23390
23400 23401 23388
23379 23456 23464
23456 23379 23406
23402 41307 23476
41307 23402 41308
41308 23387 41299
23387 41308 23402
23457 23478 23403
23478 23457 23477
23457 23476 23477
23476 23457 23402
23402 23433 23387
23433 23402 23457
23433 23403 23439
23403 23433 23457
23404 23439 23403
23439 23404 23438
23403 23481 23404
23481 23403 23478
23460 41309 23458
41309 23460 23479
23386 23458 23450
23458 23386 23460
23405 23527 23528
23527 23405 23385
41310 23528 41311
23528 41310 23405
23390 23406 23379
23406 23390 23400
23504 23431 23503
23431 23504 23394
23491 23381 23490
23381 23491 23391
23394 23459 23431
23459 23394 23440
23391 23395 23381
23395 23391 23396
23396 23386 23395
23386 23396 23438
23404 23479 23460
23479 23404 23481
23438 23460 23386
23460 23438 23404
23368 41312 41313
41312 23368 23500
23407 41313 41314
41313 23407 23368
23369 41315 41316
41315 23369 23487
23370 41316 41317
41316 23370 23369
23371 41317 41318
41317 23371 23370
23409 41318 41319
41318 23409 23371
41319 41320 23409
41320 41319 41321
23364 23426 41291
41322 41323 41324
41325 41323 41326
41323 41325 41324
41327 41328 41329
41328 41327 41330
41328 41331 41329
41331 41328 41332
41330 23461 41333
23461 41330 41327
23462 41334 23465
41334 23462 41335
41336 23466 23467
23466 41336 41337
41338 23467 23468
23467 41338 41336
41339 23462 23463
23462 41339 41335
41340 41338 23468
41338 41340 41341
41337 23463 23466
23463 41337 41339
41342 41343 41344
41343 41342 41345
41345 41346 41343
41346 41345 41347
41332 41344 41331
41344 41332 41342
23430 23372 23413
23356 23430 23416
23424 23357 23359
23430 23495 23415
23410 23357 23364
23367 23470 23469
23470 23367 23358
23360 23485 23471
23485 23360 23484
23421 23473 23472
23473 23421 23355
41348 23509 41349
23509 41348 41350
41351 23382 23494
23382 41351 41301
23445 23482 23416
23482 23418 23483
23418 23482 23445
23483 23421 23484
23421 23483 23418
23484 23472 23485
23472 23484 23421
23443 23485 23472
23485 23443 23486
23486 23514 23515
23514 23486 23443
23487 41314 41315
41314 23487 23407
23488 23523 23524
23523 23488 23408
23459 23489 23452
23489 23459 23490
23440 23490 23459
23490 23440 23491
23491 23436 23492
23436 23491 23440
23453 23492 23436
23492 23453 23493
23480 23493 23453
23493 23480 23494
41303 23494 23480
23494 41303 41351
23416 23482 23424
23495 23373 23496
23373 23495 23414
23496 23374 23497
23374 23496 23373
23474 23497 23374
23497 23474 23498
23441 23498 23474
23498 23441 23499
23499 23511 23512
23511 23499 23441
23500 23375 41352
23501 23520 23521
23520 23501 23389
23406 23502 23456
23502 23406 23503
23400 23503 23406
23503 23400 23504
23504 23388 23505
23388 23504 23400
23505 23437 23506
23437 23505 23388
23506 23398 23507
23398 23506 23437
41306 23507 23398
23507 41306 41304
23508 23474 23475
23474 23508 23441
23509 41333 23461
41333 23509 41350
23414 23495 23430
23415 23445 23416
41347 41326 41346
41326 41347 41325
23410 23510 23356
41353 23512 23511
23512 41353 41354
41354 23513 23512
23513 41354 41355
41355 23514 23513
23514 41355 41356
41356 23515 23514
23515 41356 41357
41357 23516 23515
23516 41357 41358
41358 23517 23516
23517 41358 41359
41359 23518 23517
23518 41359 41360
41360 23519 23518
23519 41360 41361
41361 41298 23519
41298 41361 41362
23465 41363 41364
41363 23465 41334
23464 23520 41365
23520 23464 23456
23456 23521 23520
23521 23456 23502
23502 23522 23521
23522 23502 23451
23451 23523 23522
23523 23451 23452
23452 23524 23523
23524 23452 23489
23489 23525 23524
23525 23489 23432
23432 23526 23525
23526 23432 23454
23454 23527 23526
23527 23454 23450
23450 23528 23527
23528 23450 23458
23458 41311 23528
41311 23458 41309
41366 41367 41368
41369 41370 41371
41370 41369 41372
41373 41374 41375
41374 41373 41376
41376 41377 41374
41377 41376 41378
41372 41379 41370
41379 41372 41380
41380 41375 41379
41375 41380 41373
41381 41382 41383
41384 41381 41385
41368 41386 41366
41386 41368 41387
41378 41388 41377
41387 41389 41386
41389 41387 41382
41385 41371 41384
41371 41385 41369
41388 41378 41390
41388 41390 41391
23417 23363 23424
41381 41389 41382
41385 41381 41383
41392 41393 41209
41353 23511 41394
41352 23375 41395
41396 41352 41397
41365 23520 41398
41209 23073 23203
41392 41209 41170
41396 41312 41352
41312 23500 41352
41224 41205 23224
41212 41211 23215
23520 23389 41398
23511 41289 41394
41399 41400 41401
23533 41402 41403
41402 23533 23532
41404 23537 41405
41406 23536 41407
23536 41406 23537
23533 41408 23534
41408 23533 41403
41409 23534 41408
23534 41409 23535
23530 41410 41411
41410 23530 23529
23535 41407 23536
41407 23535 41409
41412 23532 23531
23532 41412 41402
41411 23531 23530
23531 41411 41412
41400 41410 23529
41413 41404 41405
23529 41414 41401
41414 23530 41415
23530 41414 23529
41415 23531 41416
23531 41415 23530
41416 23532 41417
23532 41416 23531
23533 41417 23532
41417 23533 41418
23533 41419 41418
41419 23533 23534
23534 41420 41419
41420 23534 23535
23535 41421 41420
41421 23535 23536
41422 23536 23537
23536 41422 41421
41404 41422 23537
41400 23529 41401
23537 41406 41405
23712 23706 23705
23725 23713 23708
23713 23725 23724
23710 23714 23719
23720 41503 23735
23716 41504 41505
41506 23707 23718
41506 23718 23715
23716 41507 41508
41509 23711 41510
23711 41509 23722
23715 41511 41506
41511 23715 23717
23719 23720 23721
23716 41505 23717
23731 23712 23732
23712 23731 23706
41512 41513 23733
23728 23725 23729
23725 23728 23724
23709 41514 23723
23709 23723 23727
41515 23729 23726
23729 41515 23728
23709 23730 41514
23734 41509 41514
23726 23732 41515
23732 23726 23731
23727 41512 23733
41512 23727 23723
23734 23722 41509
23730 23734 41514
23721 23710 23719
41516 23720 23735
23716 41508 41504
41516 23735 41517
41518 41519 23736
23739 23750 23737
23750 23739 23749
41520 23744 41521
23745 23758 41522
23741 41523 41524
41525 23743 41526
41525 23740 23743
23741 41527 41528
23738 41529 41530
41529 23738 23747
23740 41531 23742
41531 23740 41525
23744 23746 23745
23741 23742 41523
41518 23755 23756
23755 41518 23736
41532 41533 41534
23750 23752 23753
23752 23750 23749
41535 23748 41536
41535 41537 23748
41538 23753 23752
23753 41538 23751
41535 41536 23754
23757 41536 41529
23751 23756 23755
23756 23751 41538
41532 41537 41533
41537 41532 23748
23757 41529 23747
23754 41536 23757
23746 23744 41520
41539 23758 23745
23741 41524 41527
41539 41540 23758
23759 41541 41542
41543 23760 41544
23760 41543 23764
41545 23761 23762
41546 41547 23769
41548 41549 41550
41551 41552 41553
41551 41553 41554
41548 41555 41556
41557 41558 41559
41558 41557 41560
41554 41561 41551
41561 41554 41562
23762 41546 41563
41548 41550 41562
41564 23759 23767
23759 41564 41541
41565 41566 23768
23766 41543 41567
41543 23766 23764
41568 41569 23763
41568 23763 23765
41570 41567 41571
41567 41570 23766
41568 41572 41569
41573 41557 41569
41571 23767 41570
23767 41571 41564
23765 41565 23768
41565 23765 23763
41573 41560 41557
41572 41573 41569
41563 41545 23762
41574 41546 23769
41548 41556 41549
41574 23769 41575
41576 41577 41578
23770 41579 41580
41579 23770 23773
41581 23771 41582
41583 23776 41584
41585 41586 41587
41588 41589 41590
41588 41591 41589
41585 41592 41593
41594 41595 41596
41595 41594 41597
41591 41598 41599
41598 41591 41588
23771 41600 41583
41585 41599 41586
41576 41601 23775
41601 41576 41578
41602 41603 41604
41579 23774 41605
23774 41579 23773
41606 23772 41607
41606 41608 23772
41609 41605 23774
41605 41609 41610
41606 41607 41611
41612 41607 41595
41610 23775 41601
23775 41610 41609
41602 41608 41603
41608 41602 23772
41612 41595 41597
41611 41607 41612
41600 23771 41581
41613 23776 41583
41585 41587 41592
41613 41614 23776
