byte offset: 0
first index: 105087
index count: 17160
topology: trianglelist
format: DXGI_FORMAT_R16_UINT

16366 36141 36142
36143 36144 36145
36143 36145 36146
36147 36143 36146
36148 16366 36142
36149 36150 36151
36152 36153 36154
36152 36155 36153
36156 36155 36152
36157 36150 36149
16367 36158 36159
36160 36161 36162
36160 36163 36161
36164 36163 36160
36165 36158 16367
36166 36167 36168
36169 36170 36171
36169 36171 36172
36173 36169 36172
36174 36166 36168
16368 16371 36175
36176 36177 16370
16369 36178 36179
16370 36180 36181
16371 36182 36175
36183 36184 36185
36186 16369 36179
36177 36180 16370
16372 36175 16374
36187 16373 36188
36189 36190 36191
16373 36192 36193
16374 36175 36182
36194 36195 36196
36197 36190 36189
36188 16373 36193
36198 36199 36200
36201 36202 36203
36204 36205 36206
36207 36208 36209
16375 36210 16378
36211 16377 36212
16376 36213 36214
16377 36215 36216
16378 36210 36217
36218 36219 36220
36221 36213 16376
36212 16377 36216
16379 16381 36210
36222 36223 16380
36224 36225 36226
16380 36227 36228
16381 36217 36210
36229 36230 36231
36232 36224 36226
36223 36227 16380
36233 36234 36235
36236 36237 36238
36239 36240 36241
36242 36243 36244
16387 36245 36246
16382 36247 36248
16384 36249 36250
16383 16386 16384
16385 16384 16388
16384 16385 36249
36251 36252 36253
36254 36255 36256
36257 36258 36259
16388 16384 16386
36260 36261 36262
36247 36263 36264
16382 36263 36247
36265 36266 36245
36265 36245 16387
16391 36267 36268
36269 36270 36271
16384 36250 36272
16383 16384 16390
16389 16392 16384
16384 36272 16389
36273 36274 36275
36276 36277 36278
36279 36280 36281
16392 16390 16384
36282 36283 36284
36271 36285 36286
36269 36271 36286
36287 36268 36288
36287 16391 36268
36289 36290 36291
36292 36293 36294
36295 16393 36296
36297 36298 36299
36300 36301 36302
36303 36304 36305
36306 36307 16394
36308 36309 36310
36311 36312 36313
36314 36315 36316
36317 36318 16395
36319 36320 36321
36322 36323 36324
36325 36326 36327
36328 16396 36329
36330 36331 36332
36333 36334 36335
36336 36337 36338
16398 16397 16399
16400 16406 16401
16403 36339 36340
16404 16402 36341
36342 36343 36344
36345 36346 16407
36347 36348 16405
36349 36350 36351
36352 36353 36354
16406 36355 16401
36356 36345 16407
36350 36357 36351
36358 16404 36341
16411 16413 16409
16410 36359 16412
16412 36359 36360
16408 16413 16411
36361 36362 36363
36364 36365 36366
36365 36367 36368
36367 36365 36364
16415 16416 16414
16417 16418 16423
16420 36369 36370
16421 36371 16419
36372 36373 36374
36375 16424 36376
36377 16422 36378
36379 36380 36381
36382 36383 36384
16423 16418 36385
36386 16424 36375
36381 36380 36387
36388 36371 16421
16428 16426 16430
16427 16429 36389
16429 36390 36389
16425 16428 16430
36391 36392 36393
36394 36395 36396
36397 36396 36398
36396 36397 36394
16432 16539 16438
16539 16471 16438
16471 16441 16447
16441 16471 16472
16473 16487 16493
16487 16473 16448
16467 36399 16498
36399 16467 36400
36400 16467 16474
16455 16474 16459
16474 16487 16448
16488 16475 16494
16475 16488 16450
16499 36401 16466
36401 16499 36402
16553 16457 16466
16553 16488 16481
16468 16469 16437
16449 16476 16444
16476 16449 36403
16434 16476 36403
16470 16477 16433
16477 16452 16439
16452 16477 16470
16440 16490 16483
16490 16440 16482
16483 16478 16451
16478 16483 16490
16552 16453 16484
16453 16552 36404
16484 16549 16552
16444 16491 16449
16449 16491 16479
16451 16491 16483
16491 16451 16479
16483 16485 16440
16485 16483 16491
16484 16480 16492
16480 16484 16453
16445 16492 16486
16492 16445 16484
16474 36405 16487
36406 36405 16474
16493 36407 36408
36407 16493 16487
16481 16488 36409
36409 16494 36410
16494 36409 16488
16468 16455 16469
16455 16468 36406
16489 36411 16443
36411 16489 16469
16541 16469 16489
16469 16541 16436
36412 16461 16454
16461 36412 16554
16554 16446 16461
16446 16554 16555
16495 16456 16460
16456 16495 16462
16463 16462 16495
16462 16463 16442
16443 16496 16464
16442 16496 16462
16496 16442 16464
16462 36413 16456
36413 16462 16496
16443 36411 16496
16461 16465 16497
16465 16461 16446
16454 16497 16458
16497 16454 16461
36414 16466 16457
36415 16459 16467
16498 36415 16467
36415 16498 36416
16466 36417 16499
36417 16466 36414
16435 36418 36419
36419 36420 36421
36420 36419 36418
36418 16435 36422
16469 36423 16437
16501 16502 16503
16502 16501 16500
36424 16509 16508
16509 36424 36425
16505 16502 16504
16502 16505 16503
16512 16506 16513
16506 16512 16507
16509 36426 16508
36426 16509 36427
16511 16517 16516
16517 16511 16510
36428 16512 16513
16512 36428 36429
16514 16516 16517
16516 16514 16515
36426 16493 16508
16493 36426 16473
16498 16507 16512
16507 16498 36399
16494 36427 16509
36427 16494 16475
16506 16499 16513
16499 16506 36402
16490 16500 16478
16500 16490 16502
16482 16502 16490
16502 16482 16504
16486 16503 16505
16503 16486 16492
16492 16501 16503
16501 16492 16480
16508 36408 36424
36408 16508 16493
36410 16509 36425
16509 36410 16494
16515 16495 16516
16495 16515 16463
16516 16460 16511
16460 16516 16495
16514 16497 16465
16497 16514 16517
16458 16517 16510
16517 16458 16497
16512 36416 16498
36416 16512 36429
16513 36417 36428
36417 16513 16499
16519 36430 16518
36430 16519 36431
16520 36431 16519
36431 16520 36432
36433 16521 16551
16521 36433 36434
36435 16550 16522
16550 36435 16548
16524 36436 16523
36436 16524 36437
16518 36437 16524
36437 16518 36430
36438 16525 36439
36438 16522 16525
16522 36438 36435
36440 16540 36441
36442 16526 16527
16526 36442 36443
16528 36444 16556
36444 16528 36445
36446 36447 16529
36447 36446 36448
16529 36449 16530
36449 16529 36447
36450 16532 16531
16532 36450 36451
36451 16533 16532
16533 36451 36452
36453 16531 16534
16531 36453 36450
36449 16534 16530
16534 36449 36453
36454 36455 36456
36436 36455 16523
36455 36436 36456
36434 16535 16521
16535 36434 36457
16536 36445 16528
36445 16536 36458
36457 16537 16535
16537 36457 36459
36460 16536 16538
16536 36460 36458
16537 36432 16520
36432 16537 36459
16533 36460 16538
36460 16533 36452
36455 36454 36461
36441 16526 36443
16526 36441 16540
36446 16431 36448
36446 36462 16431
16541 36463 16436
16471 16539 16472
16470 16433 36464
16474 16455 36406
36465 16434 36403
36466 36467 16543
36468 36466 16543
16544 36469 16542
36470 36471 36472
36467 36470 36472
36473 36474 16544
36475 36476 36471
36477 36478 36479
36478 36480 36479
36481 36468 16543
16543 36467 36472
36470 36475 36471
16546 36482 16545
36483 36484 16547
36485 36486 36487
36488 36489 36490
36489 36491 36490
36487 36488 36490
36486 36485 36492
36493 36483 16547
36494 36493 16547
36495 36494 16547
36496 36497 16545
36498 36499 36492
36482 36496 16545
36499 36486 36492
16547 36484 16546
36487 36490 36485
36479 36500 36477
16551 16548 36433
16548 16551 16550
36501 16552 16549
16542 36469 36500
16552 16439 16452
36404 16552 16452
36421 16553 16481
36420 16457 16553
16447 16554 36412
16441 16555 16554
36474 36469 16544
36444 16527 16556
16527 36444 36442
36482 16546 36484
16487 36405 36407
16439 16552 36501
16484 16445 16549
16542 36500 36479
16553 16466 36401
16450 16488 16553
16444 16485 16491
16496 36411 36413
36420 16553 36421
16441 16554 16447
16474 16467 16459
36502 36503 16657
16657 36503 16589
16559 16589 16565
16589 16559 16590
16605 16591 16611
16591 16605 16566
16585 36504 36505
36504 16585 16616
36505 16592 16585
16573 16577 16592
16592 16566 16605
16606 16593 16568
16593 16606 16612
16617 36506 36507
36506 16617 16584
16671 16584 16575
16671 16599 16606
16586 36508 16587
16594 16567 16562
16567 16594 36509
36510 36509 16594
16588 36511 16595
16595 16570 16588
16570 16595 16557
16558 16608 16600
16608 16558 16601
16601 16596 16608
16596 16601 16569
16670 16571 36512
16571 16670 16602
16602 16670 16667
16562 16567 16609
16567 16597 16609
16569 16609 16597
16609 16569 16601
16601 16603 16609
16603 16601 16558
16598 16602 16610
16602 16598 16571
16610 16563 16604
16563 16610 16602
16592 16605 36513
36514 16592 36513
16611 36515 16605
36515 16611 36516
16599 36517 16606
36517 16612 16606
16612 36517 36518
16573 16586 16587
16586 16573 36514
16607 36519 16587
36519 16607 16561
16659 16607 16587
16587 36520 16659
16579 36521 16572
36521 16579 16672
16564 16672 16579
16672 16564 16673
16613 16574 16580
16574 16613 16578
16581 16580 16560
16580 16581 16613
16561 16582 16614
16614 16560 16580
16560 16614 16582
36522 16580 16574
16580 36522 16614
16561 16614 36519
16579 16583 16564
16583 16579 16615
16572 16615 16579
16615 16572 16576
36523 16575 16584
36524 16585 16577
36524 16616 16585
16616 36524 36525
36526 16584 16617
16584 36526 36523
16435 36527 36528
36529 36527 36530
36527 36529 36528
36528 36422 16435
16587 36508 36531
16620 16619 16621
16619 16620 16618
16627 36532 16626
36532 16627 36533
16623 16620 16621
16620 16623 16622
16630 16624 16625
16624 16630 16631
16627 36534 36535
36534 16627 16626
16635 16629 16634
16629 16635 16628
16630 36536 16631
36536 16630 36537
16634 16632 16635
16632 16634 16633
16611 36534 16626
36534 16611 16591
16616 16625 36504
16625 16616 16630
16612 36535 16593
36535 16612 16627
16617 16624 16631
16624 16617 36507
16608 16618 16620
16618 16608 16596
16600 16620 16622
16620 16600 16608
16621 16604 16623
16604 16621 16610
16619 16610 16621
16610 16619 16598
16626 36516 16611
36516 16626 36532
36518 16627 16612
16627 36518 36533
16633 16613 16581
16613 16633 16634
16634 16578 16613
16578 16634 16629
16615 16632 16583
16632 16615 16635
16576 16635 16615
16635 16576 16628
36525 16630 16616
16630 36525 36537
16631 36526 16617
36526 16631 36536
16637 36538 36539
36538 16637 16636
16638 36539 36540
36539 16638 16637
16639 36541 16669
36541 16639 36542
16668 36543 16640
36543 16668 16666
16642 36544 36545
36544 16642 16641
16636 36545 36538
36545 16636 16642
36546 36547 16643
16640 36546 16643
36546 16640 36543
36548 36549 16658
16644 36550 16645
36550 16644 36551
16646 36552 36553
36552 16646 16674
36554 36555 36556
36555 36554 16647
16647 36557 36555
36557 16647 16648
16650 36558 16649
36558 16650 36559
16651 36559 16650
36559 16651 36560
16649 36561 16652
36561 16649 36558
16652 36557 16648
36557 16652 36561
36562 36563 36564
36564 36544 16641
36544 36564 36563
16653 36542 16639
36542 16653 36565
16654 36553 36566
36553 16654 16646
16655 36565 16653
36565 16655 36567
16654 36568 16656
36568 16654 36566
16655 36540 36567
36540 16655 16638
16651 36568 36560
36568 16651 16656
36564 36569 36562
16644 36549 36551
36549 16644 16658
36554 36556 36570
36554 36570 36571
16659 36520 36572
16589 16590 16657
16588 36573 36511
16592 36514 16573
36574 36509 36510
36575 16661 36576
36577 16661 36575
16662 16660 36578
36579 36580 36581
36576 36580 36579
36582 16662 36583
36584 36581 36585
36586 36587 36588
36588 36587 36589
36590 16661 36577
16661 36580 36576
36579 36581 36584
16664 16663 36591
36592 16665 36593
36594 36595 36596
36597 36598 36599
36599 36598 36600
36595 36598 36597
36596 36601 36594
36602 16665 36592
36603 16665 36602
36604 16665 36603
36605 16663 36606
36607 36601 36608
36591 16663 36605
36608 36601 36596
16665 16664 36593
36595 36594 36598
36587 36586 36609
16669 16666 16668
16666 16669 36541
36610 16667 16670
16660 36609 36578
16670 16570 16557
36512 16570 16670
36530 16599 16671
36529 16671 16575
16565 36521 16672
16559 16672 16673
36583 16662 36578
16645 36552 16674
36552 16645 36550
36591 36593 16664
16605 36515 36513
16557 36610 16670
16602 16667 16563
16660 36587 36609
16671 36506 16584
16568 16671 16606
16562 16609 16603
16614 36522 36519
36529 36530 16671
16559 16565 16672
16592 16577 16585
16678 16676 16680
16677 16679 36611
16679 36612 36611
16675 16678 16680
36613 16683 16681
36614 36615 16682
16682 36615 36616
36617 16683 36613
36618 36619 36620
36619 36621 36622
36621 36619 36618
36623 36621 36624
36621 36623 36622
36623 36624 36625
16687 16689 16685
16686 36626 16688
16688 36626 36627
16684 16689 16687
36628 16690 16692
36629 16691 36630
16691 36631 36630
36632 36628 16692
36633 36634 36635
36636 36635 36637
36635 36636 36633
36636 36638 36639
36638 36636 36637
36638 36640 36639
16696 16693 16702
16698 16697 16694
36641 16701 16703
16701 36641 16695
16701 16705 16703
16697 16696 16702
16703 36642 36641
36642 16703 16700
16704 16700 16703
16705 16699 16704
16705 16704 16703
16708 16706 16710
16707 16709 36643
16709 36644 36643
36645 16708 16710
36646 36647 36648
36649 36648 36647
16698 16696 16697
36650 16697 16702
16712 36651 36652
16714 16711 16713
36653 36654 16717
36654 36653 36655
36653 16717 36656
16713 36651 16712
36657 16717 36654
16717 36657 16716
16718 16717 16716
36656 16718 16715
36656 16717 16718
36658 16721 16719
36659 36660 16720
16720 36660 36661
36662 16721 36658
36663 36664 36665
36666 36665 36664
16714 16713 16712
36667 36651 16713
36668 36669 36670
36671 36672 36673
36672 36671 36674
36675 36668 36670
36668 36675 36676
36677 36674 36671
36674 36677 36678
36679 36680 36678
36681 36679 36682
36679 36681 36683
36677 36679 36678
36679 36677 36682
36677 36684 36682
36683 36681 36685
36673 36676 36675
36676 36673 36672
16725 16723 16727
16724 16726 36686
16726 36687 36686
16722 16725 16727
16728 36688 36689
36690 36691 36692
36692 36691 36693
36694 36688 16728
36695 16731 16729
36696 36697 16730
16730 36697 36698
36699 16731 36695
36700 36701 36702
36703 36704 36705
36704 36706 36705
36707 36700 36702
16732 16735 16733
16734 36708 36709
36710 36711 16736
36712 36713 36714
36715 16737 36716
36717 36718 36719
36720 36721 36722
36723 36724 36725
16743 16769 16738
16745 16739 16740
16739 16745 16738
16740 16741 16745
16741 16757 16746
16757 16741 16740
16742 16747 16748
16742 16748 16759
16752 36726 16751
36726 16752 36727
16760 36728 16750
36728 16760 36729
36728 36730 16750
16754 36731 16753
36731 16754 36732
16755 16757 16758
16744 16755 16758
16755 16746 16757
16756 36733 16749
36733 16756 36734
16751 36734 16756
36734 16751 36726
36733 16760 16749
16760 36733 36729
16742 16759 16744
16744 16758 16742
36735 16947 16986
16763 16741 16764
16741 16763 16745
16761 16764 16762
16764 16761 16763
36736 16765 36737
16765 36736 36738
36738 16767 16765
16767 36738 36739
36740 16766 16768
16766 36740 36741
36741 36742 16766
36742 36741 36743
16769 16739 16738
36744 16770 36745
16775 16774 16771
16777 16773 16772
36746 36747 36748
16775 16771 36749
36748 36747 16776
16779 16783 16782
16785 16781 36750
36751 36752 16784
16780 36753 36754
36755 36756 36757
36758 36759 36760
36759 36758 36761
16779 36762 16783
16778 16779 16782
16796 36763 16786
16793 16791 16790
16792 16794 36764
16788 36765 36766
16787 36767 16789
36768 16812 36769
36770 16803 16795
36771 36772 36773
36774 36775 36776
16798 16807 16801
16807 16798 16806
16799 16801 16802
16801 16799 16798
36777 16809 16800
36778 36779 16809
36780 16805 36781
36769 36782 36768
36782 36783 36768
36784 36785 36786
36787 36788 36789
16804 16802 36790
16802 16804 16799
16808 16807 16806
16807 16808 36791
16797 36791 16808
36791 16797 36792
36778 16809 36777
36793 36794 36779
36793 36779 36778
36780 36781 36794
36780 36794 36793
36795 16805 36780
36796 16810 36797
36798 36792 16797
36799 36800 16811
36801 36802 36803
16821 16823 16813
16820 16817 16818
16819 36804 36805
16815 36806 36807
16814 16816 36808
36809 36810 16835
16834 16822 16827
36811 36812 36813
36814 36815 36816
16829 36817 16825
36817 16829 36818
16825 36819 16826
36819 16825 36817
36820 16824 16830
36821 16830 36822
36823 36824 16828
36809 36825 36810
16835 36826 36809
36827 36828 36829
36830 36831 36832
36833 16826 36819
16826 36833 36834
16829 36835 36818
36835 16829 36836
36836 36837 36835
36837 36836 36838
36821 36820 16830
36839 36822 36840
36839 36821 36822
36823 36840 36824
36823 36839 36840
36841 36823 16828
36820 36842 16824
36843 16831 36796
16823 16832 16813
16833 36844 36845
16840 16841 16839
16838 16836 16837
16836 16838 16839
16842 36846 36847
36846 16842 36848
16843 36848 16842
36848 16843 36849
16849 16845 16844
16847 16848 16850
16848 16847 16846
16851 16846 16847
16846 16844 16845
16844 16846 16851
16848 16852 16853
16848 16853 16860
16855 36850 16854
36850 16855 36851
16856 36851 16855
36851 16856 36852
16857 36852 16856
36852 16857 36853
16861 36854 16859
36854 16861 36855
36854 36856 16859
16854 36850 36855
16848 16860 16850
16861 16858 16854
16854 36855 16861
36857 16863 16862
16865 16866 16867
16866 16865 16864
16868 16864 16865
16864 16862 16863
16862 16864 16868
16866 16869 16870
16866 16870 16873
36858 36859 16871
36859 36858 36860
36861 36860 36858
36860 36861 36862
36863 36862 36861
36862 36863 36864
16874 36865 16872
36865 16874 36866
36865 36867 16872
16871 36859 36866
16866 16873 16867
16874 36868 16871
16871 36866 16874
36869 36870 36871
36872 16875 16876
16875 36872 36873
16877 16875 36873
36873 36870 16877
36870 36873 36871
36872 16878 36874
36872 16882 16878
16880 36875 36876
36875 16880 16879
16881 36876 36877
36876 16881 16880
36878 36877 36879
36877 36878 16881
36880 36881 36882
36881 36880 36883
36881 36883 36884
16879 36882 36875
36872 16876 16882
36880 16879 36885
16879 36880 36882
36886 16883 36887
36888 36889 16884
36890 36891 36892
36886 36893 16883
36891 36894 36892
16885 36895 36896
36897 16884 36889
36898 36899 36900
16885 36896 36901
36900 36899 36902
36903 16906 16886
16892 16887 16888
16887 16892 16886
16888 16889 16892
16889 16898 16893
16898 16889 16888
16890 16894 16895
16890 16895 16900
36904 36905 36906
36905 36904 36907
16901 36908 16914
36908 16901 36909
36908 36910 16914
36911 36912 36913
36912 36911 36914
16897 16898 16899
16891 16897 16899
16897 16893 16898
36915 36916 16896
36916 36915 36917
36906 36917 36915
36917 36906 36905
36916 16901 16896
16901 36916 36909
16890 16900 16891
16891 16899 16890
16989 16917 16913
16917 16989 16988
16904 16889 16905
16889 16904 16892
16902 16905 16903
16905 16902 16904
36912 36918 36913
36918 36912 36919
36919 36920 36918
36920 36919 36921
36922 36923 36924
36923 36922 36925
36925 36904 36923
36904 36925 36907
16906 16887 16886
36926 16907 36927
36928 36929 16920
36930 16910 36931
16910 36930 36929
36931 16910 16908
36932 16908 16911
16908 36932 36931
36933 16912 36934
36933 16916 16912
36935 36936 36937
36936 36935 36938
36939 36940 36941
36940 36939 36942
36940 36942 36943
36944 36945 36946
36945 36944 36947
16915 36948 36932
16909 36948 16915
16915 36932 16911
36949 36950 36951
36950 36949 36952
36938 36951 36936
36951 36938 36949
36950 36939 36941
36939 36950 36952
36933 16909 16916
16909 36933 36948
36953 16917 16988
16918 16908 16910
16908 16918 16919
16761 16919 16918
16919 16761 16762
36954 36945 36947
36945 36954 36955
36956 36955 36954
36955 36956 36957
36958 36959 36960
36959 36958 36961
36935 36961 36958
36961 36935 36937
16920 36929 36930
36962 36927 16907
36963 36964 16922
36965 36966 16921
36967 16923 36968
36969 36970 36971
36972 36973 36974
36759 36975 36760
36975 36759 36976
36963 16922 36977
36978 36964 36963
36979 16926 16925
16928 16924 36980
36981 36982 16927
36983 36984 36985
36986 36987 36988
36989 36990 36991
36990 36989 36992
36979 36993 16926
36994 36979 16925
36995 36996 36997
36998 16929 16930
16929 36998 36999
16931 16929 36999
36999 36996 16931
36996 36999 36997
36998 16932 37000
36998 16934 16932
37001 37002 37003
37002 37001 37004
16933 37003 37005
37003 16933 37001
37006 37005 37007
37005 37006 16933
37008 37009 37010
37009 37008 37011
37009 37011 37012
37004 37010 37002
36998 16930 16934
37008 37004 37013
37004 37008 37010
37014 37015 37016
37017 16937 37018
16937 37017 37015
37018 16937 16935
37019 16935 16938
16935 37019 37018
37020 16939 37021
37020 16946 16939
16942 37022 37023
37022 16942 16941
37024 37025 37026
37025 37024 37027
37025 37027 37028
37029 37030 37031
37030 37029 16943
16944 37032 37019
16936 37032 16944
16944 37019 16938
16945 37033 37034
37033 16945 16940
16941 37034 37022
37034 16941 16945
37033 37024 37026
37024 37033 16940
37020 16936 16946
16936 37020 37032
16985 37035 16987
16948 16935 16937
16935 16948 16949
16902 16949 16948
16949 16902 16903
16950 37036 37037
37036 16950 37038
37039 37038 16950
37038 37039 37040
16951 37041 37042
37041 16951 37043
37044 37043 16951
37043 37044 37045
37016 37015 37017
37046 36745 16770
37047 37048 37049
16952 16772 16773
37050 37051 37052
37047 37053 37048
37051 37054 37052
37055 37056 37057
16958 16957 16956
37058 37059 37060
16954 37061 37062
16953 37063 16955
37064 37065 16835
37066 37067 37068
37069 37070 37071
37072 37073 37074
16959 16965 16962
16965 16959 16964
16960 16962 16963
16962 16960 16959
37075 16967 16961
37076 37077 16967
37078 37079 37080
16835 36810 37064
36810 37081 37064
37082 37083 37084
37085 37086 37087
37088 16963 37089
16963 37088 16960
16966 16965 16964
16965 16966 37090
37091 37090 16966
37090 37091 37092
37076 16967 37075
37093 37094 37077
37093 37077 37076
37078 37080 37094
37078 37094 37093
37095 37079 37078
37075 16961 37096
37097 37092 37091
37057 37056 37098
16833 37099 36844
37100 37101 37102
16973 16971 16972
37103 37104 37105
16969 37106 37107
16968 16970 37108
37109 36782 36769
37110 37111 37112
37113 37114 37115
37116 37117 37118
16977 37119 16975
37119 16977 37120
16975 37121 16976
37121 16975 37119
37122 16974 16978
37123 16978 37124
37125 37126 37127
37109 37128 36782
36769 37129 37109
37130 37131 37132
37133 37134 37135
37136 16976 37121
16976 37136 37137
16977 37138 37120
37138 16977 37139
37139 37140 37138
37140 37139 37141
37123 37122 16978
37142 37124 37143
37142 37123 37124
37125 37143 37126
37125 37142 37143
37144 37125 37127
37140 37141 37145
37146 37147 16985
37148 37149 37150
36801 36803 37151
37152 37153 37154
16979 37155 37156
37155 16979 37154
16980 37157 37158
37157 16980 37159
37160 37159 16980
37159 37160 37161
37162 37163 37164
16981 37165 37162
37165 16981 37166
37167 37168 37169
37168 37167 37170
37171 37169 37172
37169 37171 37167
37173 37174 16982
37175 37176 37177
37178 16983 37179
37180 37181 37182
37183 37184 37185
36990 37186 36991
37186 36990 37187
37173 16982 37188
37189 37174 37173
37190 37191 37192
16984 37193 37190
37193 16984 37194
37195 37196 37197
37196 37195 37198
37199 37197 37200
37197 37199 37195
16979 37152 37154
16981 37162 37164
16838 16840 16839
16984 37190 37192
37122 37201 16974
36777 16800 37202
36837 36838 37203
16985 37204 37205
16987 16947 37206
16947 16987 16986
36796 37207 16989
36796 16913 16810
16831 37207 36796
16985 37147 37035
37206 37204 16985
16987 37208 16986
37208 16987 37035
16989 37209 16988
37209 16989 37207
16913 36796 16989
36953 16988 37209
36735 16986 37208
37206 16985 16987
16995 16990 17021
16991 16997 16992
16997 16991 16990
16992 16997 16993
17009 16993 16998
16993 17009 16992
16994 17000 16999
16994 17011 17000
17004 37210 37211
37210 17004 17003
17012 37212 37213
37212 17012 17002
37212 17002 37214
17006 37215 37216
37215 17006 17005
17007 17010 17009
16996 17010 17007
17007 17009 16998
17008 37217 37218
37217 17008 17001
17003 37218 37210
37218 17003 17008
37217 17012 37213
17012 37217 17001
16994 16996 17011
16996 16994 17010
37219 17238 17199
17015 16993 16997
16993 17015 17016
17013 17016 17015
17016 17013 17014
17017 37220 37221
37220 17017 37222
17019 37222 17017
37222 17019 37223
17018 37224 17020
37224 17018 37225
37226 37225 17018
37225 37226 37227
17021 16990 16991
37228 37229 17022
17027 17023 17026
17029 17024 17025
37230 37231 37232
17027 37233 17023
37231 17028 37232
17031 17034 17035
17037 37234 17033
37235 17036 37236
17032 37237 37238
37239 37240 37241
37242 37243 37244
37243 37242 37245
17031 17035 37246
17030 17034 17031
17048 17038 37247
17045 17042 17043
17044 37248 17046
17040 37249 37250
17039 17041 37251
37252 37253 17064
37254 17047 17055
37255 37256 37257
37258 37259 37260
17059 17050 17053
17050 17059 17058
17053 17051 17054
17051 17053 17050
37261 17052 17061
37262 17061 37263
37264 37265 17057
37253 37252 37266
37266 37252 37267
37268 37269 37270
37271 37272 37273
17056 17054 17051
17054 17056 37274
17059 17060 17058
17060 17059 37275
37275 17049 17060
17049 37275 37276
37262 37261 17061
37277 37263 37278
37277 37262 37263
37264 37278 37265
37264 37277 37278
37279 37264 17057
37280 37281 17062
37282 17049 37276
37283 17063 37284
37285 37286 37287
17073 17065 17075
17072 17070 17069
17071 37288 37289
17067 37290 37291
17066 37292 17068
37293 17087 37294
17086 17079 17074
37295 37296 37297
37298 37299 37300
37301 17081 17077
17081 37301 37302
37303 17077 17078
17077 37303 37301
37304 17082 17076
37305 37306 17082
37307 17080 37308
37293 37294 37309
17087 37293 37310
37311 37312 37313
37314 37315 37316
37317 17078 37318
17078 37317 37303
37319 17081 37302
17081 37319 37320
37321 37320 37319
37320 37321 37322
37305 17082 37304
37323 37324 37306
37323 37306 37305
37307 37308 37324
37307 37324 37323
37325 17080 37307
37304 17076 37326
37327 37280 17083
17075 17065 17084
17085 37328 37329
17092 17091 17093
17090 17088 17091
17088 17090 17089
17094 37330 37331
37330 17094 37332
17095 37331 37333
37331 17095 17094
17101 17096 17097
17100 17099 17102
17099 17100 17098
17103 17099 17098
17098 17096 17103
17096 17098 17097
17100 17105 17104
17100 17112 17105
17107 37334 37335
37334 17107 17106
17108 37335 37336
37335 17108 17107
17109 37336 37337
37336 17109 17108
17113 37338 37339
37338 17113 17111
37338 17111 37340
17106 37339 37334
17100 17102 17112
17113 17106 17110
17106 17113 37339
37341 17114 17115
17118 17117 17119
17117 17118 17116
17120 17117 17116
17116 17114 17120
17114 17116 17115
17118 17122 17121
17118 17125 17122
37342 37343 37344
37343 37342 17123
37345 37344 37346
37344 37345 37342
37347 37346 37348
37346 37347 37345
17126 37349 37350
37349 17126 17124
37349 17124 37351
17123 37350 37343
17118 17119 17125
17126 17123 37352
17123 17126 37350
37353 37354 37355
17127 37356 17128
37356 17127 37357
17129 37357 17127
37357 37355 37354
37355 37357 17129
37356 37358 17130
37356 17130 17134
17132 37359 17131
37359 17132 37360
17133 37360 17132
37360 17133 37361
37362 37361 17133
37361 37362 37363
37364 37365 37366
37365 37364 37367
37365 37368 37366
17131 37359 37367
37356 17134 17128
37364 37369 17131
17131 37367 37364
37370 37371 17135
37372 17136 37373
37374 37375 37376
37370 17135 37377
37376 37375 37378
17137 37379 37380
37381 37373 17136
37382 37383 37384
17137 37385 37379
37383 37386 37384
37387 17138 17158
17139 17144 17140
17144 17139 17138
17140 17144 17141
17150 17141 17145
17141 17150 17140
17142 17147 17146
17142 17152 17147
37388 37389 37390
37389 37388 37391
17153 37392 37393
37392 17153 17166
37392 17166 37394
37395 37396 37397
37396 37395 37398
17149 17151 17150
17143 17151 17149
17149 17150 17145
37399 37400 37401
37400 37399 17148
37391 37401 37389
37401 37391 37399
37400 17153 37393
17153 37400 17148
17142 17143 17152
17143 17142 17151
17169 17241 17165
17241 17169 17240
17156 17141 17144
17141 17156 17157
17154 17157 17156
17157 17154 17155
37402 37396 37398
37396 37402 37403
37404 37403 37402
37403 37404 37405
37406 37407 37408
37407 37406 37409
37388 37409 37406
37409 37388 37390
17158 17138 17139
37410 37411 17159
37412 17172 37413
17162 37414 37415
37414 17162 37413
37415 17160 17162
17160 37416 17163
37416 17160 37415
37417 37418 17164
37417 17164 17168
37419 37420 37421
37420 37419 37422
37423 37424 37425
37424 37423 37426
37424 37427 37425
37428 37429 37430
37429 37428 37431
17167 37416 37432
17161 17167 37432
17167 17163 37416
37433 37434 37435
37434 37433 37436
37421 37436 37433
37436 37421 37420
37434 37423 37435
37423 37434 37426
37417 17168 17161
17161 37432 37417
37437 17240 17169
17170 17160 17171
17160 17170 17162
17013 17171 17014
17171 17013 17170
37429 37438 37430
37438 37429 37439
37439 37440 37438
37440 37439 37441
37442 37443 37444
37443 37442 37445
37445 37419 37443
37419 37445 37422
17172 37414 37413
37446 17159 37411
37447 17174 37448
37449 17173 37450
37451 37452 17175
37453 37454 37455
37456 37457 37458
37459 37242 37244
37242 37459 37460
37447 37461 17174
37462 37447 37448
37463 17177 17178
17180 37464 17176
37465 17179 37466
37467 37468 37469
37470 37471 37472
37473 37474 37475
37474 37473 37476
37463 17178 37477
37478 17177 37463
37479 37480 37481
17181 37482 17182
37482 17181 37483
17183 37483 17181
37483 37481 37480
37481 37483 17183
37482 37484 17184
37482 17184 17186
37485 37486 37487
37486 37485 37488
17185 37488 37485
37488 17185 37489
37490 37489 17185
37489 37490 37491
37492 37493 37494
37493 37492 37495
37493 37496 37494
37487 37486 37495
37482 17186 17182
37492 37497 37487
37487 37495 37492
37498 37499 37500
17189 37501 37502
37501 17189 37500
37502 17187 17189
17187 37503 17190
37503 17187 37502
37504 37505 17191
37504 17191 17198
17194 37506 17193
37506 17194 37507
37508 37509 37510
37509 37508 37511
37509 37512 37510
37513 37514 17195
37514 37513 37515
17196 37503 37516
17188 17196 37516
17196 17190 37503
17197 37517 17192
37517 17197 37518
17193 37518 17197
37518 17193 37506
37517 37508 17192
37508 37517 37511
37504 17198 17188
17188 37516 37504
17237 17239 37519
17200 17187 17201
17187 17200 17189
17154 17201 17155
17201 17154 17200
37520 17202 37521
17202 37520 37522
37522 37523 17202
37523 37522 37524
37525 17203 37526
17203 37525 37527
37527 37528 17203
37528 37527 37529
37499 37501 37500
37530 17022 37229
37531 37532 37533
17204 17025 17024
37534 37535 37536
37531 37533 37537
37536 37535 37538
37539 37540 37541
17210 17208 17209
37542 37543 37544
17206 37545 37546
17205 17207 37547
37548 17087 37549
37550 37551 37552
37553 37554 37555
37556 37557 37558
17217 17211 17214
17211 17217 17216
17214 17212 17215
17212 17214 17211
37559 17213 17219
37560 17219 37561
37562 37563 37564
17087 37548 37294
37294 37548 37565
37566 37567 37568
37569 37570 37571
37572 17215 17212
17215 37572 37573
17217 17218 17216
17218 17217 37574
37574 37575 17218
37575 37574 37576
37560 37559 17219
37577 37561 37578
37577 37560 37561
37562 37578 37563
37562 37577 37578
37579 37562 37564
37559 37580 17213
37581 37575 37576
37540 37582 37541
17085 37329 37583
37584 37585 37586
17225 17224 17223
37587 37588 37589
17221 37590 37591
17220 37592 17222
37593 37253 37266
37594 37595 37596
37597 37598 37599
37600 37601 37602
37603 17229 17227
17229 37603 37604
37605 17227 17228
17227 37605 37603
37606 17230 17226
37607 37608 17230
37609 37610 37611
37593 37266 37612
37253 37593 37613
37614 37615 37616
37617 37618 37619
37620 17228 37621
17228 37620 37605
37622 17229 37604
17229 37622 37623
37624 37623 37622
37623 37624 37625
37607 17230 37606
37626 37627 37608
37626 37608 37607
37609 37611 37627
37609 37627 37626
37628 37610 37609
37624 37629 37625
37630 17237 37631
37632 37633 37634
37285 37635 37286
37636 37637 37638
17231 37639 37637
37639 17231 37640
17232 37641 37642
37641 17232 37643
37644 37642 37645
37642 37644 17232
37646 37647 37648
17233 37649 37650
37649 17233 37646
37651 37652 37653
37652 37651 37654
37655 37654 37651
37654 37655 37656
37657 17234 37658
37659 37660 37661
37662 37663 17235
37664 37665 37666
37667 37668 37669
37670 37473 37475
37473 37670 37671
37657 37672 17234
37673 37657 37658
37674 37675 37676
17236 37677 37678
37677 17236 37674
37679 37680 37681
37680 37679 37682
37683 37682 37679
37682 37683 37684
17231 37637 37636
17233 37647 37646
17090 17091 17092
17236 37675 37674
37606 17226 37685
37261 37686 17052
37321 37687 37322
17237 37688 37689
17199 17239 37690
17239 17199 17238
37280 17241 37691
37280 17062 17165
17083 37280 37691
17237 37519 37631
37690 17237 37689
37692 17239 17238
17239 37692 37519
37693 17241 17240
17241 37693 37691
17165 17241 37280
37437 37693 17240
37219 37692 17238
37690 17239 17237
17273 17255 17254
17247 17275 17271
17258 17266 17259
17266 17258 17265
17261 17258 17259
17258 17261 17260
17263 17268 17269
17268 17263 17262
17249 17262 17263
17262 17249 17248
37694 17276 17270
37695 17264 37696
17264 37695 17251
17251 37697 17252
37697 17251 37695
37698 17267 37699
17267 37698 17253
37700 37701 17278
37702 17253 37698
17253 37702 17243
37703 17272 17242
17272 37703 37704
37705 37706 37707
37708 17277 37709
37710 17257 37711
17250 37696 17264
37696 17250 17256
17266 37712 37713
37712 17266 17265
17252 37699 17267
37699 17252 37697
17269 17260 17261
17260 17269 17268
37714 37715 37716
37717 37718 37719
37720 37721 37722
37706 37705 37723
37724 37725 37726
17274 37727 17246
37713 17271 37728
17271 37713 37712
37704 17250 17272
17250 37704 17256
17245 17273 17244
17273 17245 17255
37729 37730 37731
17274 17270 37727
17271 17275 37728
37732 37730 37729
37733 37734 37735
17257 37736 37711
37737 37738 37739
37740 37741 37742
37694 17270 17274
37743 37744 37745
37746 17278 37747
17247 37748 17275
17284 17302 17283
37749 17300 17304
17295 17287 17288
17287 17295 17294
17290 17287 17289
17287 17290 17288
17292 17297 17291
17297 17292 17298
17249 17291 17248
17291 17249 17292
37750 17299 17305
37751 17293 17280
17293 37751 37752
37753 17280 17281
17280 37753 37751
37754 17296 17282
17296 37754 37755
37756 17307 37757
17282 37702 37754
37702 17282 17243
17301 37758 37759
37758 17301 37760
37761 37762 37763
37764 37765 17306
37766 37767 17286
37752 17279 17293
17279 37752 17285
17295 37768 17294
37768 17295 37769
37755 17281 17296
17281 37755 37753
17298 17289 17297
17289 17298 17290
37770 37771 37772
37773 37774 37775
17286 37776 37766
37763 37777 37761
37778 37779 37780
17303 37781 37782
17300 37769 37783
37769 17300 37768
17279 37760 17301
37760 17279 17285
17245 17302 17284
17302 17245 17244
37784 37785 37786
17303 37782 17299
17300 37783 17304
37787 37784 37786
37788 37789 37790
17286 37767 37791
37792 37793 37794
37795 37796 37797
37750 17303 17299
37798 37799 37800
37746 37747 17307
37749 17304 37801
17330 17314 17315
17311 17329 17331
17325 17318 17319
17318 17325 17324
17321 17318 17320
17318 17321 17319
17323 17326 17322
17326 17323 17327
17313 17322 17312
17322 17313 17323
37802 17328 17332
37803 37804 37805
37804 37803 37806
37807 37805 37808
37805 37807 37803
37809 37810 37811
37810 37809 37812
37813 17334 37814
37811 37815 37809
37815 37811 37816
37817 37818 37819
37818 37817 37820
37821 37822 37823
37824 37825 17333
37826 37827 17317
37806 37828 37804
37828 37806 17316
17325 37829 17324
37829 17325 37830
37812 37808 37810
37808 37812 37807
17327 17320 17326
17320 17327 17321
37831 37814 17334
37832 37833 37834
17317 37835 37826
37823 37836 37821
37837 37838 37839
17310 37840 37802
17329 37830 37841
37830 17329 37829
37828 37820 37817
37820 37828 17316
17330 17309 17308
17309 17330 17315
37842 37843 37844
17329 37841 17331
37845 37846 37847
17317 37827 37848
37849 37850 37851
37852 37853 37854
37840 17328 37802
37855 37856 37857
37813 37858 37859
17311 17331 37860
17336 17335 17351
37861 17352 17350
17339 17346 17340
17346 17339 17345
17342 17339 17340
17339 17342 17341
17344 17347 17348
17347 17344 17343
17313 17343 17344
17343 17313 17312
37862 17353 17349
37863 37864 37865
37864 37863 37866
37866 37867 37868
37867 37866 37863
37869 37870 37871
37870 37869 37872
37873 37874 17355
37815 37872 37869
37872 37815 37816
37875 37876 37877
37876 37875 37878
37879 37880 37881
37882 17354 37883
37884 17338 37885
37886 37865 37864
37865 37886 17337
17346 37887 37888
37887 17346 17345
37868 37871 37870
37871 37868 37867
17348 17341 17342
17341 17348 17347
37889 17355 37874
37890 37891 37892
17338 37884 37893
37880 37879 37894
37895 37896 37897
37862 37898 37899
37888 17350 37900
17350 37888 37887
37878 37886 37876
37886 37878 17337
17309 17351 17308
17351 17309 17336
37901 37902 37903
17350 17352 37900
37904 37905 37906
17338 37907 37885
37908 37909 37910
37911 37912 37913
37862 17349 37898
37914 37915 37916
37873 37917 37918
37861 37919 17352
17360 17358 17357
17363 17359 17362
17359 17363 37920
17361 37921 17365
17366 17362 17364
17362 17366 17363
37922 17368 17367
37923 17364 17369
17364 37923 17366
17370 37924 37925
17369 37926 37923
37926 17369 17371
17359 37927 17356
37927 17359 37920
37922 37928 17368
37929 37930 37931
37932 37933 37934
37935 37936 37937
17373 17374 17372
17374 17373 17375
37938 17376 37939
17376 37938 37940
37941 17377 37942
37939 17378 37943
17378 37939 17376
37944 17379 17380
37943 37945 37946
37945 37943 17378
17381 37947 37948
37949 37946 37945
37946 37949 37950
37951 37938 37952
37938 37951 37940
37953 37954 37955
37944 17380 37956
37957 37958 37959
37960 37961 37962
37955 37963 37953
37936 37935 37964
17383 37965 17384
17382 17386 17385
17386 17382 37966
37967 17388 37968
17385 17389 17387
17389 17385 17386
37969 37970 17390
17387 37971 17391
37971 17387 17389
37972 37973 37974
37926 17391 37971
17391 37926 17371
37975 17382 37976
17382 37975 37966
37969 17390 37977
37978 37979 37980
37981 37982 37983
37984 37985 37936
37986 17392 17393
17392 37986 37987
17394 37988 37989
37988 17394 37990
37991 37992 17395
17396 37989 37993
37989 17396 17394
37994 17397 37995
37996 37993 37997
37993 37996 17396
37998 37999 38000
37997 37949 37996
37949 37997 37950
37988 38001 38002
38001 37988 37990
38003 37955 37954
37994 38004 17397
38005 38006 38007
38008 38009 38010
37955 38003 38011
37936 37964 37984
17411 17414 17417
17414 17411 17412
17405 17416 17406
17416 17405 17412
38012 17413 38013
17413 38012 17410
38014 17418 17415
38015 38016 38017
38018 17410 38012
17410 38018 17399
17408 17413 17407
17413 17408 38013
17402 38019 38020
17409 38021 38022
17412 17411 17416
17414 38023 17417
38023 17414 38024
17400 38025 17422
38025 17400 38026
17421 38027 17401
38023 17420 38028
17420 38023 38024
38029 38030 38031
38032 17419 38033
17419 38032 38034
17419 17404 38033
17404 17419 17398
17420 17403 38028
17403 17420 38035
38036 38037 38038
38039 38019 17402
38025 38040 17422
38040 38025 38041
38042 38043 38044
38045 38046 38047
38048 38027 17421
17428 17431 17429
17431 17428 17434
17433 17405 17406
17405 17433 17429
17430 38049 38050
38049 17430 17427
38051 17432 17435
38052 38053 38054
17427 38055 38049
38055 17427 38056
17430 17425 17424
17425 17430 38050
38057 38058 38059
17426 38060 38061
17429 17433 17428
38062 17431 17434
17431 38062 38063
17400 38064 38026
38064 17400 17439
17438 17423 38065
38062 17437 38063
17437 38062 38066
38067 38068 38069
38070 17436 38071
17436 38070 38072
17436 38073 38074
38073 17436 38072
17403 17437 38066
17437 17403 38035
38075 38076 38077
38078 38057 38059
38064 38079 38080
38079 38064 17439
38081 38082 38083
38084 38085 38086
38087 17438 38065
38088 38089 38090
38089 38091 38092
38091 38089 38088
38093 38091 38094
38091 38093 38092
38095 38094 38096
38094 38095 38093
38095 38096 38097
17444 17442 17447
17440 38098 38099
38100 17441 17446
17448 17443 38101
38102 17445 38103
38104 17448 38101
38105 38100 17446
38106 17445 38102
38107 38108 38109
38108 38107 38110
38111 38108 38112
38108 38111 38109
38111 38112 38113
38110 38107 38114
17453 17451 17456
17449 17453 17456
38115 17450 17455
17457 17452 38116
38117 17454 38118
38119 17457 38116
38120 38115 17455
38121 17454 38117
38122 38123 38124
38123 38122 38125
38125 38122 38126
38127 38123 38128
38123 38127 38124
38127 38128 38129
17463 17464 17461
17462 38130 38131
38132 38133 17465
17466 38134 38135
38136 38137 38138
38139 38140 38141
17481 17472 17479
17479 17471 17480
17481 17480 17473
17472 17470 17468
17470 17481 17469
17481 17473 17459
17474 17482 17483
17482 38142 38143
17483 38143 38144
17475 38145 17484
38146 17477 17484
17486 17477 17478
17477 17486 17484
17486 17476 38147
17483 17477 38146
38148 17474 17483
17483 38144 17478
17486 38149 17484
17484 38150 17485
17484 17485 17475
38144 17476 17478
17484 38145 38146
38146 38148 17483
17482 38143 17483
17487 17467 17476
38151 38147 17476
38144 17487 17476
17476 17486 17478
38147 38149 17486
38149 38150 17484
17481 17470 17472
17483 17478 17477
17472 17468 38152
17468 38153 38152
38151 17467 38154
17488 17482 17489
17482 17488 38142
17489 17474 17490
17474 17489 17482
17491 17473 17492
17473 17491 17459
17473 17493 17492
17493 17473 17480
17480 38155 17493
38155 17480 17471
38145 17494 38156
17494 17475 17495
17475 17494 38145
17490 38148 17496
38148 17490 17474
38157 17496 38148
17495 17485 17497
17485 17495 17475
17485 38158 17497
38158 17485 38150
17459 17491 17460
38159 38160 38161
38162 38160 38159
38163 38164 38165
38166 38164 38163
38161 38164 38166
38167 38168 38169
38170 38168 38167
38171 38160 38162
38169 38168 38160
38168 38172 38173
38172 38168 38170
38165 38174 38163
38160 38164 38161
38169 38160 38171
38174 38165 38175
38151 17476 17467
17481 17459 17458
17481 17458 17469
17481 17479 17480
17499 17498 17509
38176 17502 17501
17502 38176 38177
17500 38178 38179
38178 17500 17503
17505 17507 38180
38181 17508 17506
38182 38181 17506
38183 38182 17506
17507 17504 38184
17507 38184 38180
38185 17499 17509
17513 17512 17514
17510 38186 38187
38188 17511 38189
17511 38188 38190
38191 38192 38193
38192 38191 38194
38195 38196 38197
38198 38199 38200
38201 38199 38198
38202 38199 38201
38197 38203 38204
38197 38196 38203
38205 38186 17510
38206 38207 38208
38207 38206 38209
17515 17519 17516
17519 17515 17518
17549 17517 17548
17517 17549 17520
38210 17525 17522
17546 17547 17523
38211 38212 38213
38214 17521 17526
38215 38212 38211
17541 17537 17540
17537 17541 17536
17542 17534 17535
17534 17542 17543
38216 17544 17533
17544 38216 38217
17536 17551 17552
17551 17536 17541
17538 17540 17537
17540 17538 17539
38218 17532 38219
17532 38218 17528
17527 38219 17532
38219 17527 38220
38220 17550 38221
17550 38220 17527
38222 17531 17529
17531 38222 38223
38224 17530 38225
17530 38224 38226
38227 17544 38228
17544 38227 17533
17525 17530 17522
17530 17525 38225
38229 17549 17548
17549 38229 38230
17522 38231 38210
17547 38232 17524
38232 17547 17546
17524 38231 17545
38231 17524 38232
38233 38234 38235
38235 38234 38236
17522 17545 38231
38221 17531 38223
17531 38221 17550
17535 17551 17542
17551 17535 17552
38237 17554 38238
17554 38237 17553
38239 17577 17576
17577 38239 38240
38241 17555 17557
38242 38243 17575
38244 38245 38246
38247 17558 38248
38249 38244 38246
17568 17570 17569
17570 17568 17567
17571 17565 17572
17565 17571 17566
17573 38250 17564
38250 17573 38251
17579 17567 17580
17567 17579 17570
17569 38252 17568
38252 17569 38253
38254 17563 38255
17563 38254 38256
17559 38256 38257
38256 17559 17563
38257 17578 17559
17578 38257 38258
17562 38259 17560
38259 17562 38260
38261 17561 38262
17561 38261 38263
17573 38264 38265
38264 17573 17564
17561 17557 17555
17557 17561 38263
38266 17577 38267
17577 38266 17576
17555 38241 38268
17575 38269 38242
38269 17575 17556
17556 38268 38269
38268 17556 17574
38233 38270 38234
38270 38271 38234
17555 38268 17574
38258 17562 17578
17562 38258 38260
17579 17566 17571
17566 17579 17580
17581 17585 17582
17585 17581 17584
17596 17583 17595
17583 17596 17586
38272 17587 38273
17594 38274 38275
38276 38277 38278
38279 38280 38281
38282 38283 38284
17590 38285 17589
38285 17590 38286
17591 38287 38288
38287 17591 17592
38289 17593 38290
17593 38289 38291
38286 17597 38292
17597 38286 17590
38293 17589 38285
17589 38293 17588
38294 38295 38296
38295 38294 38297
38298 38296 38295
38296 38298 38299
38299 38300 38301
38300 38299 38298
38302 38303 38304
38303 38302 38305
38306 38307 38308
38307 38306 38309
38310 17593 38311
17593 38310 38290
17587 38307 38273
38307 17587 38308
38312 17596 17595
17596 38312 38313
38273 38314 38272
38274 38315 38316
38315 38274 17594
38316 38314 38317
38314 38316 38315
38318 38319 38320
38320 38319 38321
38273 38317 38314
38301 38303 38305
38303 38301 38300
38288 17597 17591
17597 38288 38292
38322 17599 38323
17599 38322 17598
38324 17607 17606
17607 38324 38325
38326 38327 17600
38328 38329 38330
38331 38332 38333
38334 38335 38336
38337 38338 38339
38340 17602 17601
17602 38340 38341
17603 38342 17604
38342 17603 38343
17605 38344 38345
38344 17605 38346
17608 38341 38347
38341 17608 17602
17601 38348 38340
38348 17601 38349
38350 38351 38352
38351 38350 38353
38354 38353 38355
38353 38354 38351
38355 38356 38354
38356 38355 38357
38358 38359 38360
38359 38358 38361
38362 38363 38364
38363 38362 38365
17605 38366 38367
38366 17605 38345
38363 17600 38327
17600 38363 38365
38368 17607 38369
17607 38368 17606
38327 38326 38370
38330 38371 38328
38371 38330 38372
38372 38370 38371
38370 38372 38373
38318 38374 38319
38374 38375 38319
38327 38370 38373
38357 38358 38356
38358 38357 38361
17608 38343 17603
38343 17608 38347
17609 17610 17611
38376 38377 17612
38376 17612 17613
17609 38378 17614
17609 17614 17610
17610 17616 17611
38377 17617 17612
17612 17618 17613
38378 17619 17614
17614 17615 17610
17610 17615 17616
38377 38379 17617
17612 17617 17618
17613 17618 38380
17614 17619 17615
17615 17620 17616
38379 38381 17617
17617 38381 17618
17618 38381 38380
17619 17620 17615
17626 17621 17622
17627 17623 17624
17623 17627 17625
38382 17628 17629
17628 38382 38383
38384 38385 38386
17630 17631 17632
17623 17632 17624
17632 17623 17630
17630 17621 17631
17621 17630 17622
38383 17633 17628
17633 38383 38387
38388 17635 17634
17635 38388 38389
38389 38390 17635
38391 38392 17636
38392 38391 38393
17639 17638 17637
17642 17640 17643
17640 17642 17641
38394 17643 17640
17643 38394 38395
17641 17637 17638
17637 17641 17642
17642 17644 17637
38396 38397 38398
17644 38397 38396
38397 17644 17642
38396 38398 38399
38400 17645 38401
17649 17646 17648
17646 17649 17647
17650 38402 17651
38402 17650 38403
38404 38405 38406
17652 17654 17653
17646 17654 17652
17654 17646 17647
17652 38401 17645
38401 17652 17653
17655 38403 17650
38403 17655 38407
38408 38409 38410
38409 38408 38411
38411 38408 38412
38413 38414 38415
38414 38413 38416
38417 38418 17656
17657 17659 17660
17659 17657 17658
38419 17660 38420
17660 38419 17657
17658 38418 17659
38418 17658 17656
17659 38418 38421
38422 38423 38424
38421 38424 17659
38424 38421 38422
38422 38425 38423
38426 38427 17661
17663 38428 38429
38428 17663 17662
17664 38430 38431
38430 17664 38432
38433 38434 38435
38436 17666 17665
38428 17666 38436
17666 38428 17662
38436 17661 38427
17661 38436 17665
17667 38432 17664
38432 17667 38437
17669 38438 17668
38438 17669 38439
38439 17669 38440
38441 38442 38443
38442 38441 17670
38444 17671 38445
38446 17672 17673
17672 38446 38447
38448 17673 38449
17673 38448 38446
38447 17671 17672
17671 38447 38445
17672 17671 17674
38450 38451 38452
17674 38452 17672
38452 17674 38450
38450 38453 38451
38454 38455 38456
17676 38457 17675
38457 17676 38458
38459 17677 38460
17677 38459 38461
38462 38463 38464
38465 17678 17679
38457 17679 17675
17679 38457 38465
38465 38455 17678
38455 38465 38456
38461 17680 17677
17680 38461 38466
38467 38468 38469
38468 38467 38470
38470 38471 38468
38472 38473 38474
38473 38472 38475
38476 38477 38478
17681 38479 17682
38479 17681 38480
38481 17682 38479
17682 38481 38482
38480 38478 38477
38478 38480 17681
17681 38483 38478
38484 38485 38486
38483 38485 38484
38485 38483 17681
38484 38486 38487
17687 17685 17688
17686 17690 17689
17690 17686 38488
38489 17692 38490
17689 17693 17691
17693 17689 17690
38491 17694 17695
17691 38492 17696
38492 17691 17693
17697 38493 38494
38495 17696 38492
17696 38495 17698
17684 17686 17683
17686 17684 38488
38491 17695 38496
38497 38498 38499
38500 38501 38502
38503 38504 38505
17700 17701 17702
17701 17700 17699
17703 38506 38507
38506 17703 38508
38509 38510 17704
17705 38507 38511
38507 17705 17703
38512 17707 17706
38513 38511 38514
38511 38513 17705
17708 38515 38516
38514 38517 38513
38517 38514 38518
38506 38519 38520
38519 38506 38508
38521 38522 38523
38512 38524 17707
38525 38526 38527
38528 38529 38530
38522 38521 38531
38505 38532 38503
38533 38534 17710
17713 17709 17712
17709 17713 38535
17711 38536 17715
17716 17712 17714
17712 17716 17713
38537 17717 38538
38539 17714 17718
17714 38539 17716
38540 38541 38542
17718 38495 38539
38495 17718 17698
17709 38543 38544
38543 17709 38535
38537 38545 17717
38546 38547 38548
38549 38550 38551
38552 38505 38553
38554 17719 38555
17719 38554 17720
38556 17721 38557
17721 38556 38558
38559 17722 38560
38557 17723 38561
17723 38557 17721
38562 38563 17724
38561 38564 38565
38564 38561 17723
38566 38567 38568
38517 38565 38564
38565 38517 38518
38569 38556 38570
38556 38569 38558
38571 38523 38522
38562 17724 38572
38573 38574 38575
38576 38577 38578
38522 38579 38571
38505 38552 38532
17738 17741 17739
17741 17738 17744
17743 17732 17733
17732 17743 17739
17740 38580 38581
38580 17740 17737
38582 17742 17745
38583 38584 38585
17737 38586 38580
38586 17737 17726
17740 17735 17734
17735 17740 38581
17729 38587 38588
17736 38589 38590
17739 17743 17738
38591 17741 17744
17741 38591 38592
17727 38593 38594
38593 17727 17749
17748 17728 38595
38591 17747 38592
17747 38591 38596
38597 38598 38599
38600 17746 38601
17746 38600 38602
17746 17731 17725
17731 17746 38602
17730 17747 38596
17747 17730 38603
38604 38605 38606
38607 17729 38588
38593 38608 38609
38608 38593 17749
38610 38611 38612
38613 38614 38615
38616 17748 38595
17755 17758 17761
17758 17755 17756
17732 17760 17733
17760 17732 17756
38617 17757 38618
17757 38617 17754
38619 17762 17759
38620 38621 38622
38623 17754 38617
17754 38623 38624
17752 17757 17751
17757 17752 38618
38625 38626 38627
17753 38628 38629
17756 17755 17760
17758 38630 17761
38630 17758 38631
17727 38632 17766
38632 17727 38594
17765 38633 17750
38630 17764 38634
17764 38630 38631
38635 38636 38637
38638 17763 38639
17763 38638 38640
17763 38641 38639
38641 17763 38642
17764 17730 38634
17730 17764 38603
38643 38644 38645
38646 38626 38625
38632 38647 17766
38647 38632 38648
38649 38650 38651
38652 38653 38654
38655 38633 17765
38656 38657 38658
38659 38658 38660
38658 38659 38656
38659 38661 38662
38661 38659 38660
38662 38663 38664
38663 38662 38661
38663 38665 38664
17767 17770 17769
17772 17771 17768
38666 17773 38667
38668 38669 38670
38671 38672 38673
17778 17781 17776
17774 38674 38675
38676 17780 17775
17782 38677 17777
38678 38679 17779
38680 38677 17782
38681 17780 38676
38682 38678 17779
38683 38684 38685
38684 38683 38686
38683 38687 38688
38687 38683 38685
38687 38689 38688
38686 38690 38684
17787 17790 17785
17783 17790 17787
38691 17789 17784
17791 38692 17786
38693 38694 17788
38695 38692 17791
38696 17789 38691
38697 38693 17788
38698 38699 38700
38699 38698 38701
38701 38702 38699
38698 38703 38704
38703 38698 38700
38703 38705 38704
17795 17793 17796
17794 38706 38707
38708 17797 38709
17798 38710 38711
38712 38713 38714
38715 38716 38717
17809 17807 17800
17807 17808 17799
17809 17801 17808
17800 17468 17470
17470 17469 17809
17809 17792 17801
17802 17811 17810
17810 38718 38719
17811 38720 38718
17803 17812 38721
38722 17812 17805
17805 17814 17806
17814 17805 17812
17814 38723 17804
17811 38722 17805
38724 17811 17802
17811 17806 38720
17814 17812 38725
17812 17813 38726
17812 17803 17813
38720 17806 17804
17812 38722 38721
38722 17811 38724
17810 17811 38718
17815 17804 38727
38728 17804 38723
38720 17804 17815
17804 17806 17814
38723 17814 38725
38725 17812 38726
17809 17800 17470
17811 17805 17806
17800 38729 17468
17468 38729 38153
38728 38730 38727
17816 17810 38719
17810 17816 17817
17817 17802 17810
17802 17817 17818
17819 17801 17792
17801 17819 17820
17821 17801 17820
17801 17821 17808
38731 17808 17821
17808 38731 17799
38721 38732 17822
17822 17803 38721
17803 17822 17823
17818 38724 17802
38724 17818 17824
38733 38724 17824
17823 17813 17803
17813 17823 17825
38734 17813 17825
17813 38734 38726
17792 38735 17819
38736 38737 38738
38739 38736 38738
38740 38741 38742
38743 38742 38741
38737 38743 38741
38744 38745 38746
38747 38744 38746
38748 38739 38738
38745 38738 38746
38746 38749 38747
38749 38746 38750
38742 38751 38740
38738 38737 38741
38745 38748 38738
38751 38752 38740
38728 38727 17804
17809 17458 17792
17809 17469 17458
17809 17808 17807
17827 17837 17826
38753 17830 38754
17830 38753 17829
38755 17828 38756
17828 38755 17831
17833 38757 17835
38758 17834 17836
38759 17834 38758
38760 17834 38759
17835 38761 17832
17835 38757 38761
38762 17837 17827
38763 17842 17841
17842 38763 38764
17838 38765 38766
38767 17839 38768
17839 38767 38769
38770 38771 38772
38771 38770 38773
17840 38774 38775
38776 38777 38778
38779 38776 38778
38780 38779 38778
38774 38781 38782
38774 38782 38775
38783 17838 38766
38784 38785 38786
17843 17847 17846
17847 17843 17844
17845 17877 17876
17877 17845 17848
38787 17850 17853
17874 17851 17875
38788 38789 38790
38791 17854 17849
38792 38788 38790
17865 17869 17868
17869 17865 17864
17870 17862 17871
17862 17870 17863
17872 38793 17861
38793 17872 38794
17879 17864 17880
17864 17879 17869
17868 17866 17865
17866 17868 17867
38795 17860 17856
17860 38795 38796
17855 38796 38797
38796 17855 17860
38797 17878 17855
17878 38797 38798
17859 38799 17857
38799 17859 38800
38801 17858 38802
17858 38801 38803
17872 38804 38805
38804 17872 17861
17858 17853 17850
17853 17858 38803
38806 17877 38807
17877 38806 17876
17850 38787 38808
17875 38809 17874
38809 17875 17852
17852 38808 38809
38808 17852 17873
38810 38811 38812
38811 38813 38812
17850 38808 17873
38798 17859 17878
17859 38798 38800
17879 17863 17870
17863 17879 17880
38814 17882 17881
17882 38814 38815
17905 38816 17904
38816 17905 38817
38818 17885 17883
38819 17903 38820
38821 38822 38823
38824 38825 17886
38826 38822 38821
17898 17896 17897
17896 17898 17895
17899 17893 17894
17893 17899 17900
38827 17901 17892
17901 38827 38828
17895 17907 17908
17907 17895 17898
38829 17897 17896
17897 38829 38830
38831 17891 38832
17891 38831 38833
17887 38832 17891
38832 17887 38834
38834 17906 38835
17906 38834 17887
38836 17890 17888
17890 38836 38837
38838 17889 38839
17889 38838 38840
38841 17901 38842
17901 38841 17892
17885 17889 17883
17889 17885 38839
38843 17905 17904
17905 38843 38844
17883 38845 38818
17903 38846 17884
38846 17903 38819
17884 38845 17902
38845 17884 38846
38810 38812 38847
38847 38812 38848
17883 17902 38845
38835 17890 38837
17890 38835 17906
17894 17907 17899
17907 17894 17908
17909 17913 17912
17913 17909 17910
17911 17924 17923
17924 17911 17914
38849 38850 17915
17922 38851 38852
38853 38854 38855
38856 38857 38858
38859 38860 38861
38862 17918 17917
17918 38862 38863
17919 38864 17920
38864 17919 38865
17921 38866 38867
38866 17921 38868
17925 38863 38869
38863 17925 17918
17917 38870 38862
38870 17917 17916
38871 38872 38873
38872 38871 38874
38875 38874 38876
38874 38875 38872
38876 38877 38875
38877 38876 38878
38879 38880 38881
38880 38879 38882
38883 38884 38885
38884 38883 38886
17921 38887 38888
38887 17921 38867
38884 17915 38850
17915 38884 38886
38889 17924 38890
17924 38889 17923
38850 38849 38891
38852 38892 17922
38892 38852 38893
38893 38891 38892
38891 38893 38894
38895 38896 38897
38896 38898 38897
38850 38891 38894
38878 38879 38877
38879 38878 38882
17925 38865 17919
38865 17925 38869
38899 17927 17926
17927 38899 38900
17935 38901 17934
38901 17935 38902
38903 17928 38904
38905 38906 38907
38908 38909 38910
38911 38912 38913
38914 38915 38916
17930 38917 17929
38917 17930 38918
17931 38919 38920
38919 17931 17932
38921 17933 38922
17933 38921 38923
38918 17936 38924
17936 38918 17930
38925 17929 38917
17929 38925 38926
38927 38928 38929
38928 38927 38930
38931 38929 38928
38929 38931 38932
38932 38933 38934
38933 38932 38931
38935 38936 38937
38936 38935 38938
38939 38940 38941
38940 38939 38942
38943 17933 38944
17933 38943 38922
17928 38940 38904
38940 17928 38941
38945 17935 17934
17935 38945 38946
38904 38947 38903
38906 38948 38949
38948 38906 38905
38949 38947 38950
38947 38949 38948
38895 38897 38951
38951 38897 38952
38904 38950 38947
38934 38936 38938
38936 38934 38933
38920 17936 17931
17936 38920 38924
17937 17939 17938
38953 17940 38954
38953 17941 17940
17937 17942 38955
17937 17938 17942
17938 17939 17944
38954 17940 17945
17940 17941 17946
38955 17942 17947
17942 17938 17943
17938 17944 17943
38954 17945 38956
17940 17946 17945
17941 38957 17946
17942 17943 17947
17943 17944 17948
38956 17945 38958
17945 17946 38958
17946 38957 38958
17947 17943 17948
17954 17950 17949
17955 17951 17953
17951 17955 17952
17956 38959 17957
38959 17956 38960
38961 38962 38963
17958 17960 17959
17951 17960 17958
17960 17951 17952
17958 17949 17950
17949 17958 17959
17961 38960 17956
38960 17961 38964
17963 38965 17962
38965 17963 38966
38966 17963 38967
38968 38969 38970
38969 38968 17964
17967 17965 17966
17968 17970 17971
17970 17968 17969
38971 17971 38972
17971 38971 17968
17969 17965 17970
17965 17969 17966
17970 17965 17972
38973 38974 38975
17972 38975 17970
38975 17972 38973
38973 38976 38974
38977 38978 17973
17977 17974 17975
17974 17977 17976
38979 17978 17979
17978 38979 38980
38981 38982 38983
17980 17981 17982
17974 17982 17975
17982 17974 17980
17980 38978 17981
38978 17980 17973
38980 17983 17978
17983 38980 38984
38985 38986 38987
38986 38985 38988
38988 38989 38986
38990 38991 38992
38991 38990 38993
38994 17984 38995
17987 17985 17988
17985 17987 17986
38996 17988 17985
17988 38996 38997
17986 38995 17984
38995 17986 17987
17987 38998 38995
38999 39000 39001
38998 39000 38999
39000 38998 17987
38999 39001 39002
39003 17989 39004
17991 39005 17990
39005 17991 39006
39007 17992 39008
17992 39007 39009
39010 39011 39012
39013 17993 17994
39005 17994 17990
17994 39005 39013
39013 17989 17993
17989 39013 39004
39009 17995 17992
17995 39009 39014
39015 17997 17996
17997 39015 39016
39016 39017 17997
39018 39019 17998
39019 39018 39020
39021 39022 17999
18000 39023 18001
39023 18000 39024
39025 18001 39023
18001 39025 39026
39024 17999 39022
17999 39024 18000
18000 18002 17999
39027 39028 39029
18002 39028 39027
39028 18002 18000
39027 39029 39030
39031 39032 39033
18004 39034 39035
39034 18004 18003
18005 39036 39037
39036 18005 39038
39039 39040 39041
39042 18007 18006
39034 18007 39042
18007 39034 18003
39042 39033 39032
39033 39042 18006
18008 39038 18005
39038 18008 39043
39044 39045 39046
39045 39044 39047
39047 39044 39048
39049 39050 39051
39050 39049 39052
39053 39054 39055
39056 18009 18010
18009 39056 39057
39058 18010 39059
18010 39058 39056
39057 39054 18009
39054 39057 39055
18009 39054 39060
39061 39062 39063
39060 39063 18009
39063 39060 39061
39061 39064 39062
18025 18029 18024
18029 18025 18032
18020 18026 18019
18026 18020 18031
18028 39065 39066
39065 18028 18023
39067 18030 18033
18023 39068 39065
39068 18023 18027
39069 39070 39071
18027 39072 39068
39072 18027 18013
18028 18021 18011
18021 18028 39066
18016 39073 39074
18022 39075 39076
18031 18024 18026
18024 18031 18025
39077 18029 18032
18029 39077 39078
39079 18015 39080
18015 39079 18014
39077 18034 39078
18034 39077 18035
39081 39082 39083
39084 18012 39085
18012 39084 39086
18018 18055 18054
18017 18034 18035
18034 18017 39087
39083 39082 39088
39089 18016 39074
39079 39090 18014
39091 39092 39093
39094 39095 39096
39097 39098 39099
18012 18018 18054
18018 18012 39086
18043 18047 18050
18047 18043 18042
39100 18044 18049
18044 39100 39101
39102 18046 39103
18046 39102 18041
39104 18051 18048
18041 39105 18045
39105 18041 39102
39106 39107 39108
39109 18045 39105
18045 39109 39110
18039 18046 18036
18046 18039 39103
39111 39112 39113
18040 39114 39115
18049 18042 18043
18042 18049 18044
18047 39116 18050
39116 18047 39117
18038 39118 39119
39118 18038 18014
39116 18052 18053
18052 39116 39117
39120 39121 39122
39123 18037 39124
18037 39123 39125
39126 18056 39127
18052 39128 18053
39128 18052 39129
39121 39130 39122
39131 39112 39111
39118 18014 39090
39132 39133 39134
39135 39136 39137
39138 39139 39140
18037 39126 39124
39126 18037 18056
39141 39142 39143
39142 39141 39144
39145 39146 39147
39141 39145 39147
39145 39141 39143
39148 39142 39144
39142 39148 39149
39148 39150 39149
39150 39148 39151
39150 39152 39153
39152 39150 39151
39154 39153 39152
18062 18058 18061
18058 18062 18060
39155 18059 39156
18059 39155 18057
18064 39157 39158
39159 18063 39160
18063 39159 39161
39162 39163 39164
39163 39162 39165
39158 39166 18064
39167 39168 39169
39169 39170 39167
18067 18066 39171
18066 18067 18068
18065 39172 39173
39174 39175 39176
18069 39177 39178
39174 39179 39180
39179 39174 39176
39181 39182 39183
17772 18070 17771
18074 18073 18072
18072 18075 18074
39184 39185 39186
18076 39187 18077
39188 39176 39175
39189 18079 18078
39190 39191 18071
39192 39193 39194
39188 39195 39176
39195 39188 39196
39197 39198 39199
39200 39201 39202
39189 18078 39203
39204 39205 39206
18083 18091 18094
18091 18083 18081
18091 18095 18094
18095 18091 18092
39207 18093 18096
18093 39207 39208
18093 18084 18096
18084 18093 18082
39209 18080 39210
39211 18080 39209
39212 18080 39211
39213 18080 39212
18088 18105 18087
18101 18108 18100
18098 39214 39215
39214 18098 39216
18086 39217 39218
39217 18086 18102
39219 18099 18089
18099 39219 39220
18109 18085 18090
18085 18109 18107
18099 39221 39222
39221 18099 39220
18097 39223 39224
39223 18097 18106
39225 18098 39226
18098 39225 39216
18104 39227 39228
39227 18104 18103
39229 18101 18100
39230 39231 39232
18104 18102 18103
18102 18104 39217
18107 39223 18106
39223 18107 18109
39229 39233 18105
18108 39230 39232
18105 39233 18087
39230 39234 39231
39229 18100 39233
18108 39232 18100
19108 39235 39236
19108 39237 39235
39237 19108 19105
39237 19105 39238
39239 18110 39240
18110 39239 18113
18114 18110 18113
18110 18114 18111
39241 18112 39242
18112 39241 18115
39243 18112 18115
18112 39243 39244
39245 39210 18080
39246 39245 18080
39247 39246 18080
39213 39247 18080
39248 39249 18124
18120 18119 18127
18117 39250 39251
39250 18117 39252
39253 39254 18121
39254 39253 39255
18118 39256 39257
39256 18118 39258
18128 39259 18126
39259 18128 39260
18118 39261 39258
39261 18118 39262
18116 39263 18125
39263 18116 39264
18117 39265 39266
39265 18117 39251
18123 39267 18122
39267 18123 39268
39269 18119 18120
39270 39271 39272
18121 18123 18122
18123 18121 39254
18126 39263 18128
39263 18126 18125
39269 18124 39273
18127 39271 39270
18124 39249 39273
39270 39272 39274
39269 39273 18119
18127 18119 39271
19108 39236 39275
19108 39276 19107
39276 19108 39275
39276 39277 19107
18177 18143 18157
18143 18145 18179
18150 18154 18153
18154 18150 18149
18144 18146 18181
18162 18189 18159
18150 18151 18183
18174 18152 18175
18153 18154 18185
18158 18155 18172
18160 18161 18187
39278 18163 18180
18163 39278 39279
39280 18164 18182
18164 39280 39281
39282 18166 39283
39284 18165 18184
18165 39284 18148
18178 18156 18167
18156 18178 39285
39283 18166 18186
39286 18188 39287
18188 39286 18168
39288 18190 39289
18190 39288 18169
18173 39290 18170
39290 18173 39291
39292 39293 18176
39294 18157 18171
39291 18167 18156
18167 39291 18173
18155 18174 18175
18174 18155 18158
18176 39290 39292
39290 18176 18170
39285 18163 39279
18163 39285 18178
39281 18180 18164
18180 39281 39278
39280 18165 18148
18165 39280 18182
18166 39282 39295
18177 18145 18143
39294 18177 18157
18144 18179 18146
18144 18143 18179
18151 18181 39296
18151 18144 18181
18149 18150 18183
18151 39296 18183
39294 18171 18172
18171 18158 18172
39297 18168 39286
18168 39297 18186
39287 18169 39288
18169 39287 18188
18190 18147 39289
18185 18161 18160
18153 18185 18160
18187 18162 18159
18160 18187 18159
18189 39298 18159
39283 18186 39297
18256 18236 18223
18223 18258 18225
18233 18230 18232
18230 18233 18229
18224 18260 18226
18241 18238 18268
18230 18262 18231
18253 18254 18132
18232 18264 18233
18237 18251 18234
18239 18266 18240
18242 39299 18259
39299 18242 39300
18243 39301 18261
39301 18243 39302
39303 39304 18245
18244 39305 18263
39305 18244 18228
18257 18235 39306
18235 18257 18246
39304 18265 18245
18267 39307 39308
39307 18267 18247
18269 39309 39310
39309 18269 18248
18252 39311 39312
39311 18252 18249
39313 18255 39314
39315 18250 18236
18246 39312 18235
39312 18246 18252
18253 18234 18254
18234 18253 18237
18255 39311 18249
39311 18255 39313
18242 39306 39300
39306 18242 18257
39302 18259 39299
18259 39302 18243
18244 39301 18228
39301 18244 18261
18245 39316 39303
18256 18223 18225
39315 18236 18256
18224 18226 18258
18224 18258 18223
18231 39317 18260
18231 18260 18224
18229 18262 18230
18231 18262 39317
39315 18251 18250
18250 18251 18237
18247 39318 39307
39318 18247 18265
18248 39308 39309
39308 18248 18267
18269 39310 18227
18264 18239 18240
18232 18239 18264
18266 18238 18241
18239 18238 18266
18268 18238 39319
39304 39318 18265
18280 18472 18381
39320 18298 18299
18298 39320 39321
39321 18300 18298
18300 39321 39322
39323 18299 18301
18299 39323 39320
18301 39324 39323
18308 18322 18307
18303 18310 18302
18310 18303 18313
39325 18302 18304
18302 39325 18303
18316 18306 18305
39322 18304 18300
18304 39322 39325
18306 18320 18305
18309 18308 18319
18129 18317 18318
18311 18310 18323
18317 18316 18321
39326 39327 18134
39328 39329 39330
18141 39331 39332
39331 18141 18131
39333 39334 39335
39334 39333 39336
39330 39337 39328
39337 39330 39338
39339 18312 39340
18312 39339 39341
18130 39342 18142
39342 18130 18314
18318 18317 39343
18314 18134 39327
18134 18314 18130
18135 39344 18136
39344 18135 39345
18137 39345 18135
39345 18137 39346
18138 39346 18137
39346 18138 39347
18136 39348 18139
39348 18136 39344
39336 39349 39334
39349 39336 18140
18140 39332 39349
39332 18140 18141
39331 18133 18315
18133 39331 18131
18315 18142 39342
18142 18315 18133
39341 39335 18312
39335 39341 39333
39338 39340 39337
39340 39338 39339
18322 18311 39350
18308 18311 18322
18319 18308 18307
18320 18309 18319
18306 18309 18320
18316 18305 39351
18321 18316 39351
18317 18321 39343
18323 18310 18313
18311 18323 39350
39352 39347 18138
18139 39348 39353
18325 18217 18206
18217 18325 18336
18328 18206 18209
18206 18328 18325
18326 18208 18207
18208 18326 18329
18324 18207 18205
18207 18324 18326
18221 18330 18211
18330 18221 18338
18204 18334 18215
18334 18204 18327
18327 18218 18335
18218 18327 18204
18216 18339 18220
18339 18216 18333
18337 18209 18219
18209 18337 18328
18330 18210 18211
18324 18205 18341
18332 18214 18213
18214 18340 18222
18340 18214 18332
18333 18215 18334
18215 18333 18216
18217 18335 18218
18335 18217 18336
18329 18219 18208
18219 18329 18337
18338 18220 18339
18220 18338 18221
18222 18331 18212
18331 18222 18340
18341 18212 18331
18341 18205 18212
18345 18276 18346
18276 18345 18270
18277 18346 18276
18346 18277 18347
39354 18347 18277
18347 39354 39355
18344 39356 18278
39356 18344 39357
18275 18343 18279
18343 18275 18342
18344 18279 18343
18279 18344 18278
39358 18346 39359
18346 39358 18345
18347 39359 18346
39359 18347 39360
39355 39360 18347
39360 39355 39361
39362 18271 39363
18271 39362 18350
39364 18351 39365
18351 39364 18272
18272 18350 18351
18350 18272 18271
39366 18349 18273
18349 39366 39367
39368 18348 39369
18348 39368 18274
18349 18274 18273
18274 18349 18348
39370 18350 39362
18350 39370 39371
39371 39372 18351
39372 39365 18351
39365 39372 39373
39374 18352 39375
18352 39374 18353
39375 18354 39376
18354 39375 18352
39377 18353 39374
18353 39377 18355
18355 39377 39378
18362 18361 18376
18357 18364 18367
18364 18357 18356
39379 18356 18357
18356 39379 18358
18370 18359 18360
39376 18358 39379
18358 39376 18354
18360 18359 18374
18363 18373 18362
18191 18372 18371
18365 18377 18364
18371 18375 18370
39380 18195 39381
39382 39383 39384
18202 39385 18193
39385 18202 39386
39387 39388 39389
39388 39387 39390
39383 39391 39392
39391 39383 39382
39393 18366 39394
18366 39393 39395
39396 18192 18203
18192 39396 18368
18372 39397 18371
18368 18195 18192
18195 18368 39381
39398 18196 18197
18196 39398 39399
39399 18198 18196
18198 39399 39400
39400 18199 18198
18199 39400 39401
39402 18197 18200
18197 39402 39398
39403 39389 39388
39389 39403 18201
39386 18201 39403
18201 39386 18202
39385 18194 18193
18194 39385 18369
18369 18203 18194
18203 18369 39396
39390 39394 18366
39394 39390 39387
39395 39392 39391
39392 39395 39393
18376 39404 18365
18362 18376 18365
18373 18361 18362
18374 18373 18363
18360 18374 18363
18370 39405 18359
18375 39405 18370
18371 39397 18375
18377 18367 18364
18365 39404 18377
39406 18199 39401
18200 39407 39402
18282 39408 39409
39408 18282 39410
18284 39409 39411
39409 18284 18282
18283 39412 39413
39412 18283 18285
18378 39414 39415
39416 39417 39418
18379 39419 39420
39419 18379 18383
18382 39421 39422
18380 18385 18393
39423 39424 39425
39424 39423 39422
39418 39421 39426
18285 39411 39412
39411 18285 18284
18383 39427 39419
18385 18392 18384
18380 18396 18385
18395 18387 18386
39428 39429 39430
39429 39428 39431
39432 39431 39428
39431 39432 39433
18287 39434 18286
39434 18287 39435
18288 39435 18287
39435 18288 39436
39437 18286 39434
18286 39437 18297
18390 39438 39439
39438 18390 18389
39440 39441 18289
39441 39440 39442
39415 18389 18378
18389 39415 39438
39430 39442 39440
39442 39430 39429
18289 39436 18288
39436 18289 39441
18290 18391 18293
18391 18290 18388
18291 39443 18294
39443 18291 39444
18292 39445 18295
39445 18292 39446
39446 18292 18281
18378 39420 39414
39420 18378 18379
39416 39427 39417
39417 39427 18383
39447 18293 18391
18293 39447 18296
18387 39448 39449
18388 18294 39443
18294 18388 18290
18387 39449 18392
18387 18392 18385
39444 18295 39445
18295 39444 18291
18393 18385 18384
39450 18394 39451
18390 39439 39452
18390 39452 18386
18394 18296 39447
18296 18394 39450
18395 18386 39452
39448 18387 18395
39453 39433 39432
39416 39418 39426
39426 39421 18382
18382 39422 39423
18380 39454 18396
18297 39437 39455
18410 18417 18399
18417 18410 18428
18399 18420 18402
18420 18399 18417
18401 18418 18400
18418 18401 18421
18400 18416 18398
18416 18400 18418
18414 18422 18430
18422 18414 18404
18397 18426 18419
18426 18397 18408
18411 18419 18427
18419 18411 18397
18409 18431 18425
18431 18409 18413
18429 18402 18420
18402 18429 18412
18422 18404 18403
18416 18433 18398
18424 18406 18407
18407 18432 18424
18432 18407 18415
18408 18425 18426
18425 18408 18409
18427 18410 18411
18410 18427 18428
18412 18421 18401
18421 18412 18429
18413 18430 18431
18430 18413 18414
18415 18423 18432
18423 18415 18405
18433 18423 18405
18433 18405 18398
39456 18436 39457
18436 39456 18434
39457 18438 39458
18438 39457 18436
39459 18437 39460
18437 39459 18439
18452 39461 39462
39463 39464 39465
39466 18453 39467
18453 39466 18457
18456 39468 39469
18454 18467 18459
39470 18455 39471
18455 39470 39468
39464 39472 39469
18439 39458 18438
39458 18439 39459
18457 39466 39473
18459 18458 18466
18454 18459 18470
18469 18460 18461
39474 39475 39476
39475 39474 39477
39477 39478 39475
39478 39477 39479
39480 18441 18440
18441 39480 39481
39481 18442 18441
18442 39481 39482
39483 18440 18451
18440 39483 39480
39484 18473 18474
18473 39484 39485
18464 39486 18463
39486 18464 39487
39488 39489 18443
39489 39488 39490
18463 39461 18452
39461 18463 39486
39490 39476 39489
39476 39490 39474
39482 18443 18442
18443 39482 39488
18465 18444 18447
18444 18465 18462
39491 18445 18448
18445 39491 39492
39493 18446 18449
18446 39493 39494
39494 18435 18446
39467 18452 39462
18452 39467 18453
39463 39465 39473
39465 18457 39473
39495 18447 18450
18447 39495 18465
18461 39496 39497
18462 18448 18444
18448 18462 39491
18461 18466 39496
18461 18459 18466
39492 18449 18445
18449 39492 39493
18467 18458 18459
39498 39499 18468
18464 39500 39487
18464 18460 39500
18468 39501 39498
39501 18468 39502
18469 39500 18460
39497 18469 18461
39503 39478 39479
39463 39472 39464
39472 18456 39469
18456 18455 39468
18454 18470 39504
18451 39505 39483
39506 39507 39508
39509 39485 39510
39509 18473 39485
18381 18471 39508
18471 18381 18472
39506 39508 18471
39511 39484 18474
18506 18556 18513
18556 18506 18555
39512 18510 18511
18510 39512 39513
18507 18513 18514
18513 18507 18506
18508 18514 18515
18514 18508 18507
18478 18517 18477
18511 18509 39512
18475 18518 18519
18518 18475 18476
18476 18517 18518
18517 18476 18477
18508 18515 39514
39515 39516 18516
39515 18510 39513
18510 39515 18516
39517 39518 39519
39518 39517 18479
18479 39520 18480
39520 18479 39517
18480 39521 18481
39521 18480 39520
18481 39521 39522
39523 39524 39525
39524 39523 39526
39527 39525 39528
39525 39527 39523
18530 18553 18554
18553 18530 18522
18551 18558 18523
18522 18552 18553
18552 18522 18524
18526 18551 18523
18551 18526 18550
18527 18550 18526
18550 18527 18549
18549 18528 18548
18528 18549 18527
18489 18548 18528
18554 18531 18530
18531 18554 18529
18529 18537 18531
18537 18529 18536
18520 18533 18532
18533 18520 18521
18521 18534 18533
18534 18521 18525
18485 18534 18525
39529 18505 18492
39530 39529 18503
39531 39530 18504
39532 39531 18494
39533 39534 39535
39534 39533 18495
18502 39536 39537
39536 18502 18491
18535 39535 39538
39535 18535 39533
39539 39540 18546
39540 39539 39541
39542 18546 18547
18546 39542 39539
39543 18540 18541
18540 39543 39544
39545 18541 18542
18541 39545 39543
18512 18542 18543
18542 18512 39545
39527 39546 18557
39546 39527 39528
18536 18532 18537
18532 18536 18520
39544 18547 18540
18547 39544 39542
18538 39538 39547
39538 18538 18535
18539 39547 39548
39547 18539 18538
39549 18544 18545
18544 39549 39550
18545 39551 39549
39551 18545 39552
39552 39553 39551
39553 39552 39554
18475 39555 18501
39555 18475 18519
39556 39548 39557
39548 39556 18539
39558 39557 39559
39557 39558 39556
18478 39524 39526
39560 39561 39562
39563 39561 39564
39561 39563 39562
39564 39550 39563
39550 39564 18544
18487 39565 18488
39565 18487 39566
39566 18486 39567
18486 39566 18487
39567 18483 39568
18483 39567 18486
39569 18483 18484
18483 39569 39568
39570 18484 18482
18484 39570 39569
39571 18482 18490
18482 39571 39570
18499 39571 18490
39571 18499 39572
18488 39565 39573
18496 39574 39575
39574 18496 18497
18497 39576 39574
39576 18497 18498
18500 39572 18499
39572 18500 39577
18496 39577 18500
39577 18496 39575
39576 18498 39578
39579 39558 39559
39580 39519 39518
18555 39581 18556
39581 18555 18509
18557 18512 18543
18512 18557 39546
39554 39555 39553
39555 39554 18501
39540 39541 39582
18495 39537 39534
39537 18495 18502
18558 18552 18524
18551 18552 18558
39581 18509 18511
18503 39529 18492
39530 18503 18493
18504 39530 18493
39531 18504 18494
18505 39583 39584
39529 39583 18505
18635 18560 18570
18560 18635 18634
39585 18567 39586
18567 39585 18568
18570 18562 18571
18562 18570 18560
18571 18564 18572
18564 18571 18562
18565 18563 18577
18568 39585 18566
18559 18578 18561
18578 18559 18579
18561 18577 18563
18577 18561 18578
18564 39587 18572
39588 18573 39589
18567 39588 39586
39588 18567 18573
39590 39591 18574
39591 39590 39592
39593 18574 18575
18574 39593 39590
39594 18575 18576
18575 39594 39593
18576 39595 39594
39596 39597 39598
39597 39596 39599
39600 39599 39596
39599 39600 39601
18599 18627 18583
18627 18599 18628
18625 18585 18638
18583 18626 18587
18626 18583 18627
18625 18591 18585
18591 18625 18624
18624 18593 18591
18593 18624 18623
18623 18595 18593
18595 18623 18622
18596 18595 18622
18628 18600 18597
18600 18628 18599
18597 18611 18610
18611 18597 18600
18580 18602 18581
18602 18580 18601
18603 18581 18602
18581 18603 18589
18588 18589 18603
39602 18605 18642
39603 18640 39602
39604 18641 39603
39605 18607 39604
39606 39607 18608
39607 39606 39608
18639 39609 18604
39609 18639 39610
18609 39608 39606
39608 18609 39611
39612 39613 39614
39613 39612 18620
39615 18620 39612
18620 39615 18621
39616 18614 39617
18614 39616 18615
39618 18615 39616
18615 39618 18616
18569 18616 39618
18616 18569 18617
39600 39619 39601
39619 39600 18636
18610 18601 18580
18601 18610 18611
39617 18621 39615
18621 39617 18614
18612 39611 18609
39611 18612 39620
18613 39620 18612
39620 18613 39621
39622 18618 39623
18618 39622 18619
18619 39624 39625
39624 18619 39622
39626 39625 39624
39625 39626 39627
39628 18559 18637
18559 39628 18579
39629 39621 18613
39621 39629 39630
39631 39630 39629
39630 39631 39632
18565 39598 39597
39633 39634 39635
39636 39635 39634
39635 39636 39637
39637 39623 18618
39623 39637 39636
39638 18592 18594
18592 39638 39639
18590 39639 39640
39639 18590 18592
18584 39640 39641
39640 18584 18590
39642 18584 39641
18584 39642 18586
39643 18586 39642
18586 39643 18582
39644 18582 39643
18582 39644 18598
39644 18632 18598
18632 39644 39645
18594 39646 39638
18629 39647 18630
39647 18629 39648
18630 39649 18631
39649 18630 39647
39645 18633 18632
18633 39645 39650
39650 18629 18633
18629 39650 39648
39649 39651 18631
39652 39632 39631
39653 39591 39592
18634 39654 18566
39654 18634 18635
18636 18569 39619
18569 18636 18617
39628 39627 39626
39627 39628 18637
39613 39655 39614
39610 18608 39607
18608 39610 18639
18638 18587 18626
18625 18638 18626
39654 18568 18566
18640 18605 39602
39603 18606 18640
18641 18606 39603
39604 18607 18641
18642 39656 39657
39602 18642 39657
18283 39413 39658
39659 39580 39518
18437 39660 39460
39661 39662 39663
18666 18655 18643
18643 18667 18645
18652 18649 18651
18649 18652 18648
18644 18668 18646
18660 18657 18672
18649 18669 18650
18664 18665 39664
18651 18670 18652
18656 18663 18653
18658 18671 18659
39665 39666 39667
39666 39665 39668
39669 39670 39671
39670 39669 39672
39673 39674 18661
39675 39676 39677
39676 39675 18647
39678 18654 39679
18654 39678 39680
39674 39681 18661
39682 39683 39684
39683 39682 39685
39686 39687 39688
39687 39686 39689
39690 39691 39692
39691 39690 39693
39694 39695 39696
39697 18662 18655
39680 39692 18654
39692 39680 39690
18664 18653 18665
18653 18664 18656
39695 39691 39693
39691 39695 39694
39665 39679 39668
39679 39665 39678
39672 39667 39666
39667 39672 39669
39675 39670 18647
39670 39675 39671
18661 39698 39673
18666 18643 18645
39697 18655 18666
18644 18646 18667
18644 18667 18643
18650 39699 18668
18650 18668 18644
18648 18669 18649
18650 18669 39699
39697 18663 18662
18662 18663 18656
39685 39700 39683
39700 39685 39681
39689 39684 39687
39684 39689 39682
39686 39688 39701
18670 18658 18659
18651 18658 18670
18671 18657 18660
18658 18657 18671
18672 18657 39702
39674 39700 39681
18696 18673 18685
18673 18675 18697
18679 18682 18681
18682 18679 18678
18674 18676 18698
18690 18702 18687
18679 18680 18699
18694 39703 18695
18681 18682 18700
18686 18683 18693
18688 18689 18701
39704 39705 39706
39705 39704 39707
39708 39709 39710
39709 39708 39711
39712 18691 39713
39714 39715 39716
39715 39714 18677
39717 18684 39718
18684 39717 39719
39713 18691 39720
39721 39722 39723
39722 39721 39724
39725 39726 39727
39726 39725 39728
39729 39730 39731
39730 39729 39732
39733 39734 39735
39736 18685 18692
39732 39718 18684
39718 39732 39729
18683 18694 18695
18694 18683 18686
39735 39730 39733
39730 39735 39731
39719 39705 39707
39705 39719 39717
39711 39706 39709
39706 39711 39704
39708 39715 18677
39715 39708 39710
18691 39712 39737
18696 18675 18673
39736 18696 18685
18674 18697 18676
18674 18673 18697
18680 18698 39738
18680 18674 18698
18678 18679 18699
18680 39738 18699
39736 18692 18693
18692 18686 18693
39739 39724 39721
39724 39739 39720
39723 39728 39725
39728 39723 39722
39726 39740 39727
18700 18689 18688
18681 18700 18688
18701 18690 18687
18688 18701 18687
18702 39741 18687
39713 39720 39739
18280 18786 18472
39742 18703 39743
18703 39742 18704
39743 18705 39744
18705 39743 18703
39745 18704 39742
18704 39745 18706
18706 39745 39746
18713 18712 18727
18708 18715 18718
18715 18708 18707
39747 18707 18708
18707 39747 18709
18721 18710 18711
39744 18709 39747
18709 39744 18705
18711 18710 18725
18714 18724 18713
39748 18723 18722
18716 18728 18715
18722 18726 18721
39749 39750 39751
39752 39753 39754
39755 39756 39757
39756 39755 39758
39759 39760 39761
39760 39759 39762
39753 39763 39764
39763 39753 39752
39765 18717 39766
18717 39765 39767
39768 39769 39770
39769 39768 18719
18723 39771 18722
18719 39750 39769
39750 18719 39751
39772 18135 18136
18135 39772 39773
39773 18137 18135
18137 39773 39774
39774 18138 18137
18138 39774 39775
39776 18136 18139
18136 39776 39772
39777 39761 39760
39761 39777 39778
39758 39778 39777
39778 39758 39755
39756 39779 39757
39779 39756 18720
18720 39770 39779
39770 18720 39768
39762 39766 18717
39766 39762 39759
39767 39764 39763
39764 39767 39765
18727 39780 18716
18713 18727 18716
18724 18712 18713
18725 18724 18714
18711 18725 18714
18721 39781 18710
18726 39781 18721
18722 39771 18726
18728 18718 18715
18716 39780 18728
39782 18138 39775
18139 39353 39776
39783 18730 39784
18730 39783 18741
39784 18733 39785
18733 39784 18730
39786 18731 39787
18731 39786 18734
39787 18729 39788
18729 39787 18731
39789 18735 18743
18735 39789 39790
39791 18739 18732
18739 39791 39792
39793 18732 18740
18732 39793 39791
39794 18744 18738
18744 39794 39795
18742 39785 18733
39785 18742 39796
18735 39790 39797
18729 18746 39788
18737 39798 39799
39799 18745 18737
18745 39799 39800
39792 18738 18739
18738 39792 39794
18740 39783 39793
39783 18740 18741
39796 18734 39786
18734 39796 18742
39795 18743 18744
18743 39795 39789
39800 18736 18745
18736 39800 39801
18746 18736 39801
18746 39801 39788
18750 39802 39803
39802 18750 18751
39804 18752 39805
18752 39804 39806
39806 18751 18752
18751 39806 39802
39807 18749 39808
18749 39807 39809
39810 18748 18747
18748 39810 39811
39811 18749 18748
18749 39811 39808
39812 18751 18750
18751 39812 39813
39813 18752 18751
18752 39813 39814
39814 39805 18752
39805 39814 39815
39816 39817 18755
39817 39816 39818
39819 18755 39817
18755 39819 18756
39820 18756 39819
18756 39820 39821
18754 39822 39823
39822 18754 39824
39825 18753 39826
18753 39825 39827
18754 39826 18753
39826 18754 39823
39828 18755 39829
18755 39828 39816
39829 18755 18756
39821 39830 18756
39830 39821 39831
39832 18757 18758
18757 39832 39833
39833 18759 18757
18759 39833 39834
39835 18758 18760
18758 39835 39832
18760 39836 39835
18767 18781 18766
18762 18769 18761
18769 18762 18772
39837 18761 18763
18761 39837 18762
18775 18765 18764
39834 18763 18759
18763 39834 39837
18765 18779 18764
18768 18767 18778
39838 18776 18777
18770 18769 18782
18776 18775 18780
39839 39840 39841
39842 39843 39844
39845 39846 39847
39846 39845 39848
39849 39850 39851
39850 39849 39852
39844 39853 39842
39853 39844 39854
39855 18771 39856
18771 39855 39857
39858 39859 39860
39859 39858 18773
18777 18776 39861
18773 39841 39840
39841 18773 39858
18196 39862 18197
39862 18196 39863
18198 39863 18196
39863 18198 39864
18199 39864 18198
39864 18199 39865
18197 39866 18200
39866 18197 39862
39852 39867 39850
39867 39852 39868
39868 39847 39867
39847 39868 39845
39846 39869 18774
39869 39846 39848
18774 39860 39859
39860 18774 39869
39857 39851 18771
39851 39857 39849
39854 39856 39853
39856 39854 39855
18781 18770 39870
18767 18770 18781
18778 18767 18766
18779 18768 18778
18765 18768 18779
18775 18764 39871
18780 18775 39871
18776 18780 39861
18782 18769 18772
18770 18782 39870
39872 39865 18199
18200 39866 39407
39873 39874 39875
39874 39873 39876
39875 39877 39878
39877 39875 39874
39879 39880 39881
39880 39879 39882
18783 39883 39884
39885 39886 39887
39888 18784 39889
18784 39888 18788
18787 39890 39891
18785 18798 18790
39892 39893 39894
39893 39892 39890
39886 39895 39891
39882 39878 39877
39878 39882 39879
18788 39888 39896
18790 18789 18797
18785 18790 18801
18800 18791 18792
39897 39898 39899
39898 39897 39900
39900 39901 39898
39901 39900 39902
39903 39904 39905
39904 39903 39906
39906 39907 39904
39907 39906 39908
39909 39905 39910
39905 39909 39903
18795 39911 18794
39911 18795 39912
39913 39914 39915
39914 39913 39916
18794 39883 18783
39883 18794 39911
39916 39899 39914
39899 39916 39897
39908 39915 39907
39915 39908 39913
18796 39917 39918
39917 18796 18793
39919 39920 39921
39920 39919 39922
39923 39924 39925
39924 39923 39926
39926 39927 39924
39889 18783 39884
18783 39889 18784
39885 39887 39896
39887 18788 39896
39928 39918 39929
39918 39928 18796
18792 39930 39931
18793 39921 39917
39921 18793 39919
18792 18797 39930
18792 18790 18797
39922 39925 39920
39925 39922 39923
18798 18789 18790
39932 39933 18799
18795 39934 39912
18795 18791 39934
18799 39929 39932
39929 18799 39928
18800 39934 18791
39931 18800 18792
39935 39901 39902
39885 39895 39886
39895 18787 39891
18787 39893 39890
18785 18801 39936
39910 39937 39909
18803 39938 39939
39938 18803 18814
18806 39939 39940
39939 18806 18803
18804 39941 39942
39941 18804 18807
18802 39942 39943
39942 18802 18804
39944 18808 39945
18808 39944 18816
39946 18812 39947
18812 39946 18805
18805 39948 18813
39948 18805 39946
39949 18817 39950
18817 39949 18811
18815 39940 39951
39940 18815 18806
18808 39952 39945
18802 39943 18819
18810 39953 39954
39953 18818 39955
18818 39953 18810
18811 39947 18812
39947 18811 39949
39938 18813 39948
18813 39938 18814
18807 39951 39941
39951 18807 18815
18816 39950 18817
39950 18816 39944
39955 18809 39956
18809 39955 18818
18819 39956 18809
18819 39943 39956
39957 39958 39959
39958 39957 39960
39961 39959 39962
39959 39961 39957
39963 39964 39965
39964 39963 39966
18820 39967 39968
39969 39970 39971
18821 39972 39973
39972 18821 18825
18824 39974 39975
18822 18827 18835
18823 39976 39977
39976 18823 39975
39971 39974 39978
39966 39962 39964
39962 39966 39961
18825 39979 39972
18827 18834 18826
18822 18838 18827
18837 18829 18828
39980 39981 39982
39981 39980 39983
39984 39983 39980
39983 39984 39985
39986 39987 39988
39987 39986 39989
39990 39989 39986
39989 39990 39991
39992 39988 39987
39988 39992 39993
39994 18473 39995
18473 39994 18474
18832 39996 39997
39996 18832 18831
39998 39999 40000
39999 39998 40001
39968 18831 18820
18831 39968 39996
39982 40001 39998
40001 39982 39981
40000 39991 39990
39991 40000 39999
40002 18833 40003
18833 40002 18830
40004 40005 40006
40005 40004 40007
40008 40009 40010
40009 40008 40011
40011 40008 40012
18820 39973 39967
39973 18820 18821
39969 39979 39970
39970 39979 18825
40013 40003 18833
40003 40013 40014
18829 40015 40016
18830 40006 40005
40006 18830 40002
18829 40016 18834
18829 18834 18827
40007 40010 40009
40010 40007 40004
18835 18827 18826
40017 18836 40018
18832 39997 40019
18832 40019 18828
18836 40020 40021
40020 18836 40017
18837 18828 40019
40015 18829 18837
40022 39985 39984
39969 39971 39978
39978 39974 18824
18824 39975 18823
18822 40023 18838
39993 39992 40024
40025 40026 40027
40028 40029 39995
40028 39995 18473
18471 18786 40026
18786 18471 18472
40025 18471 40026
39511 18474 39994
18889 18839 18846
18839 18889 18888
40030 18843 40031
18843 40030 18844
18846 18840 18847
18840 18846 18839
18847 18841 18848
18841 18847 18840
40032 40033 18850
18844 40030 18842
40034 18851 40035
18851 40034 18852
40035 18850 40033
18850 40035 18851
18841 40036 18848
40037 18849 40038
18843 40037 40031
40037 18843 18849
40039 40040 40041
40040 40039 40042
40043 40041 40044
40041 40043 40039
40045 40044 40046
40044 40045 40043
40046 40047 40045
40048 40049 40050
40049 40048 40051
40052 40051 40048
40051 40052 40053
18863 18886 18855
18886 18863 18887
18884 18856 18891
18855 18885 18857
18885 18855 18886
18884 18859 18856
18859 18884 18883
18883 18860 18859
18860 18883 18882
18882 18861 18860
18861 18882 18881
40054 18861 18881
18887 18864 18862
18864 18887 18863
18862 18870 18869
18870 18862 18864
18853 18866 18854
18866 18853 18865
18867 18854 18866
18854 18867 18858
40055 18858 18867
40056 40057 40058
40059 40060 40056
40061 40062 40059
40063 40064 40061
40065 40066 40067
40066 40065 40068
40069 40070 40071
40070 40069 40072
18868 40068 40065
40068 18868 40073
40074 40075 40076
40075 40074 18879
40077 18879 40074
18879 40077 18880
40078 18873 40079
18873 40078 18874
40080 18874 40078
18874 40080 18875
18845 18875 40080
18875 18845 18876
40052 40081 40053
40081 40052 18890
18869 18865 18853
18865 18869 18870
40079 18880 40077
18880 40079 18873
18871 40073 18868
40073 18871 40082
18872 40082 18871
40082 18872 40083
40084 18877 40085
18877 40084 18878
18878 40086 40087
40086 18878 40084
40088 40087 40086
40087 40088 40089
40090 40034 40091
40034 40090 18852
40092 40083 18872
40083 40092 40093
40094 40093 40092
40093 40094 40095
40032 40050 40049
40096 40097 40098
40099 40098 40097
40098 40099 40100
40100 40085 18877
40085 40100 40099
40101 40102 40103
40102 40101 40104
40105 40104 40106
40104 40105 40102
40107 40106 40108
40106 40107 40105
40109 40107 40108
40107 40109 40110
40111 40110 40109
40110 40111 40112
40113 40112 40111
40112 40113 40114
40113 18499 40114
18499 40113 40115
40103 40116 40101
18496 40117 18497
40117 18496 40118
18497 40119 18498
40119 18497 40117
40115 18500 18499
18500 40115 40120
40120 18496 18500
18496 40120 40118
40119 39578 18498
40121 40095 40094
40122 40040 40042
18888 40123 18842
40123 18888 18889
18890 18845 40081
18845 18890 18876
40090 40089 40088
40089 40090 40091
40075 40124 40076
40072 40067 40066
40067 40072 40069
18891 18857 18885
18884 18891 18885
40123 18844 18842
40060 40057 40056
40059 40125 40060
40062 40125 40059
40061 40064 40062
40058 40126 40127
40056 40058 40127
18892 18942 18899
18942 18892 18941
40128 18896 18897
18896 40128 40129
18893 18899 18900
18899 18893 18892
18894 18900 18901
18900 18894 18893
40130 18903 40131
18897 18895 40128
40132 18904 18905
18904 40132 40133
40133 18903 18904
18903 40133 40131
18894 18901 40134
40135 40136 18902
40135 18896 40129
18896 40135 18902
40137 40138 40139
40138 40137 40140
40140 40141 40142
40141 40140 40137
40142 40143 40144
40143 40142 40141
40144 40143 40145
40146 40147 40148
40147 40146 40149
40150 40148 40151
40148 40150 40146
18916 18939 18940
18939 18916 18908
18937 18944 18909
18908 18938 18939
18938 18908 18910
18912 18937 18909
18937 18912 18936
18913 18936 18912
18936 18913 18935
18935 18914 18934
18914 18935 18913
40152 18934 18914
18940 18917 18916
18917 18940 18915
18915 18923 18917
18923 18915 18922
18906 18919 18918
18919 18906 18907
18907 18920 18919
18920 18907 18911
40153 18920 18911
40154 40155 40156
40157 40154 40158
40159 40157 40160
40161 40159 40162
40163 40164 40165
40164 40163 40166
40167 40168 40169
40168 40167 40170
18921 40165 40171
40165 18921 40163
40172 40173 18932
40173 40172 40174
40175 18932 18933
18932 40175 40172
40176 18926 18927
18926 40176 40177
40178 18927 18928
18927 40178 40176
18898 18928 18929
18928 18898 40178
40150 40179 18943
40179 40150 40151
18922 18918 18923
18918 18922 18906
40177 18933 18926
18933 40177 40175
18924 40171 40180
40171 18924 18921
18925 40180 40181
40180 18925 18924
40182 18930 18931
18930 40182 40183
18931 40184 40182
40184 18931 40185
40185 40186 40184
40186 40185 40187
40132 40188 40189
40188 40132 18905
40190 40181 40191
40181 40190 18925
40192 40191 40193
40191 40192 40190
40130 40147 40149
40194 40195 40196
40197 40195 40198
40195 40197 40196
40198 40183 40197
40183 40198 18930
40199 40200 40201
40200 40199 40202
40202 40203 40204
40203 40202 40199
40204 40205 40206
40205 40204 40203
40207 40205 40208
40205 40207 40206
40209 40208 40210
40208 40209 40207
40211 40210 40212
40210 40211 40209
18632 40211 40212
40211 18632 40213
40201 40200 40214
18629 40215 40216
40215 18629 18630
18630 40217 40215
40217 18630 18631
18633 40213 18632
40213 18633 40218
18629 40218 18633
40218 18629 40216
40217 18631 39651
40219 40192 40193
40220 40139 40138
18941 40221 18942
40221 18941 18895
18943 18898 18929
18898 18943 40179
40187 40188 40186
40188 40187 40189
40173 40174 40222
40166 40169 40164
40169 40166 40167
18944 18938 18910
18937 18938 18944
40221 18895 18897
40158 40154 40156
40157 40158 40223
40160 40157 40223
40159 40160 40162
40155 40224 40225
40154 40224 40155
39880 40226 39881
40227 40040 40122
39963 39965 40228
40229 40230 40231
18945 18947 18948
18945 18948 18946
18953 18955 18954
18955 18953 18956
18956 18949 18955
18949 18956 18950
18952 18957 18958
18950 18952 18949
18958 18957 18959
18959 18957 18951
18962 18956 18953
18956 18962 18961
18961 18950 18956
18950 18961 18960
18960 18957 18950
18957 18960 18963
18951 18963 18964
18957 18952 18950
18951 18957 18963
18965 40232 40233
40232 18965 18966
18967 40234 18968
40234 18967 40235
18966 40234 40232
40234 18966 18968
18969 40233 40236
40233 18969 18965
18971 18965 18970
18965 18971 18966
18967 18968 40237
18971 18968 18966
18968 18971 40237
18970 18965 18969
18962 18954 18972
18954 18962 18953
40238 18975 40239
18975 40238 18976
18976 40240 18973
40240 18976 40238
40241 18978 18977
18973 40240 40241
18978 18979 18977
18979 18974 18977
18982 18976 18981
18976 18982 18975
18981 18973 18980
18973 18981 18976
18980 18977 18983
18977 18980 18973
18974 18984 18983
18977 18973 40241
18974 18983 18977
18985 40242 18986
40242 18985 40243
40244 40245 18987
40245 40244 40246
18986 40244 18987
40244 18986 40242
18988 40243 18985
40243 18988 40247
18985 18990 18989
18990 18985 18986
40245 18991 18987
18990 18987 18991
18987 18990 18986
18989 18988 18985
40239 18982 40248
18982 40239 18975
18996 18998 18997
18998 18996 18999
18999 18992 18998
18992 18999 18993
18995 19000 19001
18993 18995 18992
19001 19000 19002
19002 19000 18994
19005 18999 18996
18999 19005 19004
19004 18993 18999
18993 19004 19003
19003 19000 18993
19000 19003 19006
18994 19006 19007
19000 18995 18993
18994 19000 19006
19008 40249 40250
40249 19008 19009
40251 40252 19010
40252 40251 40253
19009 40252 40249
40252 19009 19010
19011 40250 40254
40250 19011 19008
19013 19008 19012
19008 19013 19009
40251 19010 40255
19013 19010 19009
19010 19013 40255
19012 19008 19011
19005 18997 40256
18997 19005 18996
40257 19016 40258
19016 40257 19017
19017 40259 19014
40259 19017 40257
40260 19019 19018
19014 40259 40260
19019 19020 19018
19020 19015 19018
40261 19017 40262
19017 40261 19016
40262 19014 40263
19014 40262 19017
40263 19018 40264
19018 40263 19014
19015 40265 40264
19018 19014 40260
19015 40264 19018
19021 40266 19022
40266 19021 40267
40268 40269 19023
40269 40268 40270
19022 40268 19023
40268 19022 40266
40271 40267 19021
40267 40271 40272
19021 40273 40274
40273 19021 19022
40269 40275 19023
40273 19023 40275
19023 40273 19022
40274 40271 19021
40258 40261 40276
40261 40258 19016
40277 40278 40279
40277 40280 40278
40281 19025 19024
40281 40282 19025
19032 19030 19031
19030 19032 19033
19033 19026 19027
19026 19033 19032
19029 19035 19034
19027 19026 19029
19035 19036 19034
19036 19028 19034
19039 19033 19038
19033 19039 19030
19038 19027 19037
19027 19038 19033
19037 19034 19040
19034 19037 19027
19028 19041 19040
19034 19027 19029
19028 19040 19034
19042 40283 19043
40283 19042 40284
40285 19044 19045
19044 40285 40286
19043 40285 19045
40285 19043 40283
19046 40284 19042
40284 19046 40287
19042 19048 19047
19048 19042 19043
19044 40288 19045
19048 19045 40288
19045 19048 19043
19047 19046 19042
19031 19039 40289
19039 19031 19030
19051 40290 40291
40290 19051 19052
19052 40292 40290
40292 19052 19049
40293 19053 19054
19049 40293 40292
19054 19053 19055
19055 19053 19050
40294 19052 19051
19052 40294 40295
40295 19049 19052
19049 40295 40296
40296 19053 19049
19053 40296 40297
19050 40297 40298
19053 40293 19049
19050 19053 40297
19056 40299 40300
40299 19056 19057
40301 40302 19058
40302 40301 40303
19057 40302 40299
40302 19057 19058
40304 40300 40305
40300 40304 19056
40306 19056 40307
19056 40306 19057
40301 19058 40308
40306 19058 19057
19058 40306 40308
40307 19056 40304
40294 40291 40309
40291 40294 19051
19065 19063 19064
19063 19065 19066
19066 19059 19060
19059 19066 19065
19062 19068 19067
19060 19059 19062
19068 19069 19067
19069 19061 19067
40310 19066 40311
19066 40310 19063
40311 19060 40312
19060 40311 19066
40312 19067 40313
19067 40312 19060
19061 40314 40313
19067 19060 19062
19061 40313 19067
19070 40315 19071
40315 19070 40316
40317 40318 19072
40318 40317 40319
19071 40317 19072
40317 19071 40315
40320 40316 19070
40316 40320 40321
19070 40322 40323
40322 19070 19071
40318 40324 19072
40322 19072 40324
19072 40322 19071
40323 40320 19070
19064 40310 40325
40310 19064 19063
19075 40326 40327
40326 19075 19076
19076 40328 40326
40328 19076 19073
40329 19077 19078
19073 40329 40328
19078 19077 19079
19079 19077 19074
40330 19076 19075
19076 40330 40331
40331 19073 19076
19073 40331 40332
40332 19077 19073
19077 40332 40333
19074 40333 40334
19077 40329 19073
19074 19077 40333
19080 40335 40336
40335 19080 19081
40337 40338 19082
40338 40337 40339
19081 40338 40335
40338 19081 19082
40340 40336 40341
40336 40340 19080
40342 19080 40343
19080 40342 19081
40337 19082 40344
40342 19082 19081
19082 40342 40344
40343 19080 40340
40330 40327 40345
40327 40330 19075
40346 40347 40348
40346 40348 40349
19085 19086 19083
19084 40350 40351
19087 40352 40353
40354 40355 40356
19088 19094 19091
40357 19090 19095
19089 40357 19092
19093 40358 19091
19094 19093 19091
40357 19095 19092
40359 40360 19099
40361 19100 19096
40362 19097 40361
19098 40360 40363
19099 40360 19098
40361 19097 19100
40364 40365 19101
40366 40367 40368
40369 40370 40371
40372 40373 40374
40375 19102 40376
40377 40378 40379
40380 40381 40377
40382 19102 40383
40376 19102 40382
40377 40381 40378
40384 40385 40386
40387 40388 40389
40390 40387 40391
40392 40393 40386
40385 40392 40386
40387 40389 40391
40394 19103 19104
40395 40396 40397
40398 40399 40400
40401 40402 40403
40404 40405 40406
40407 40408 40409
18351 18350 39371
18756 39830 39829
38207 40410 38208
17514 38206 17513
38206 17514 38209
38786 38763 38784
38763 38786 38764
17842 40411 17841
40412 40413 40414
40415 40416 40417
40418 40419 40420
40421 40422 40423
19105 40424 39238
19105 40425 40424
40425 19105 19109
40425 19109 40426
40427 40426 19109
40427 19107 40428
19107 40427 19109
39277 40428 19107
19108 19106 19105
19107 19106 19108
19107 19109 19106
19106 19109 19105
19150 19153 19151
19151 19155 19154
19156 40429 40430
19158 19161 19159
19158 19159 19163
19164 19167 19165
19164 19165 19169
19170 19173 19171
19170 19171 19175
19168 19169 19177
19176 19152 19153
19162 19163 19179
19178 19166 19167
19174 19175 19181
19180 19160 19161
19182 19185 40431
19182 19172 19173
19186 19146 19187
40432 19188 19154
19150 19154 19188
19155 40433 19154
19186 19187 40434
19150 19151 19154
19139 19138 19120
19138 19149 19148
19111 40435 40436
19141 19140 19124
19141 19115 19140
19143 19142 19122
19143 19117 19142
19129 19128 19126
19129 19119 19128
19131 19130 19116
19131 19121 19130
19133 19132 19114
19133 19123 19132
19135 19134 19118
19135 19125 19134
19136 19113 40437
19137 19127 19136
40438 19112 40437
19144 19149 19147
19139 19147 19149
19148 19149 19145
19139 19149 19138
40439 40440 40441
40440 40439 40442
40443 40444 40445
40444 40443 40446
40442 40447 40440
40447 40442 40448
40449 40450 40451
40450 40449 19110
40452 40453 40454
40453 40452 40455
40456 40457 19157
40457 40456 40458
40459 40460 40461
40460 40459 40462
40463 40464 40465
40464 40463 40466
40467 40465 40468
40465 40467 40463
40462 40469 40460
40469 40462 40470
40471 40472 40473
40472 40471 40474
40475 40476 40477
40476 40475 40478
40479 40477 40480
40477 40479 40475
40474 40481 40472
40481 40474 40482
40483 40484 40485
40484 40483 40486
40487 40488 40489
40488 40487 40490
40491 40489 40492
40489 40491 40487
40486 40493 40484
40493 40486 40494
40482 40495 40481
40495 40482 40496
40497 40480 40498
40480 40497 40479
40446 40498 40444
40498 40446 40497
40496 40441 40495
40441 40496 40439
40470 40499 40469
40499 40470 40500
40501 40468 40502
40468 40501 40467
40478 40502 40476
40502 40478 40501
40500 40473 40499
40473 40500 40471
40494 40503 40493
40503 40494 40504
40505 40492 40506
40492 40505 40491
40466 40506 40464
40506 40466 40505
40504 40461 40503
40461 40504 40459
40507 19183 19184
19183 40507 40508
40509 40510 40511
40510 40509 40512
40490 40511 40488
40511 40490 40509
40508 40485 19183
40485 40508 40483
40513 40514 40515
40516 40517 40518
40512 40451 40510
40451 40512 40449
40458 19184 40457
19184 40458 40507
40519 40520 40521
40520 40519 40522
40443 40520 40522
40520 40443 40445
40448 40523 40447
40523 40448 40524
40525 40526 40527
40525 40527 40528
19137 19136 40437
40431 40529 40530
19182 40431 40530
19137 40437 19112
40431 19185 40430
40531 40529 40431
40436 40437 19113
40532 40531 40533
40534 40438 40535
40536 40537 40538
40537 40536 40539
19230 19231 19232
19230 19233 19234
19235 40540 40541
19238 19239 19240
19237 19241 19242
19244 19245 19246
19243 19247 19248
19250 19251 19252
19249 19253 19254
19255 19256 19247
19255 19231 19256
19257 19258 19241
19257 19245 19258
19259 19260 19253
19259 19239 19260
19261 40542 19264
19261 19251 19262
19265 19266 19225
40543 19233 19267
19229 19267 19233
19234 19233 40544
19265 40545 19266
19229 19233 19230
19199 19200 19217
19217 19227 19228
19190 40546 40547
19203 19204 19219
19220 19194 19193
19201 19202 19221
19222 19196 19195
19205 19206 19207
19208 19198 19197
19195 19196 19209
19210 19200 19199
19193 19194 19211
19212 19202 19201
19197 19198 19213
19214 19204 19203
19215 40548 19192
19216 19206 19205
40549 40548 19191
19223 19226 19228
19218 19228 19226
19227 19224 19228
19218 19217 19228
40550 40551 40552
40551 40550 40553
40554 40555 40556
40555 40554 40557
40558 40553 40550
40553 40558 40559
40560 40561 40562
40561 40560 19189
40563 40564 40565
40564 40563 40566
40567 40568 19236
40568 40567 40569
40570 40571 40572
40571 40570 40573
40574 40575 40576
40575 40574 40577
40576 40578 40579
40578 40576 40575
40580 40573 40570
40573 40580 40581
40582 40583 40584
40583 40582 40585
40586 40587 40588
40587 40586 40589
40588 40590 40591
40590 40588 40587
40592 40585 40582
40585 40592 40593
40594 40595 40596
40595 40594 40597
40598 40599 40600
40599 40598 40601
40600 40602 40603
40602 40600 40599
40604 40597 40594
40597 40604 40605
40606 40593 40592
40593 40606 40607
40591 40608 40609
40608 40591 40590
40609 40557 40554
40557 40609 40608
40552 40607 40606
40607 40552 40551
40610 40581 40580
40581 40610 40611
40579 40612 40613
40612 40579 40578
40613 40589 40586
40589 40613 40612
40584 40611 40610
40611 40584 40583
40614 40605 40604
40605 40614 40615
40603 40616 40617
40616 40603 40602
40617 40577 40574
40577 40617 40616
40572 40615 40614
40615 40572 40571
40618 40619 19263
40619 40618 40620
40621 40622 40623
40622 40621 40624
40623 40601 40598
40601 40623 40622
40596 40620 40618
40620 40596 40595
40625 40626 40627
40628 40629 40630
40562 40624 40621
40624 40562 40561
19263 40569 40567
40569 19263 40619
40631 40632 40633
40632 40631 40634
40631 40555 40634
40555 40631 40556
40635 40559 40558
40559 40635 40636
40637 40638 40639
40637 40640 40638
19216 40548 19215
40542 19262 40641
19261 19262 40542
19216 19191 40548
40542 40540 19264
40642 40542 40641
40546 19192 40548
40643 40644 40642
40645 40646 40549
40647 40648 40649
40648 40647 40650
19138 19121 19120
19153 19152 19151
19218 19199 19217
19229 19230 19232
19131 19120 19121
19176 19177 19152
19210 19209 19200
19255 19232 19231
19130 19117 19116
19176 19168 19177
19210 19195 19209
19256 19248 19247
19143 19116 19117
19164 19169 19168
19222 19221 19196
19243 19248 19244
19142 19123 19122
19167 19166 19165
19222 19201 19221
19243 19244 19246
19133 19122 19123
19178 19179 19166
19212 19211 19202
19257 19246 19245
19132 19115 19114
19178 19162 19179
19212 19193 19211
19258 19242 19241
19141 19114 19115
19158 19163 19162
19220 19219 19194
19237 19242 19238
19140 19125 19124
19161 19160 19159
19220 19203 19219
19237 19238 19240
19135 19124 19125
19180 19181 19160
19214 19213 19204
19259 19240 19239
19134 19119 19118
19180 19174 19181
19214 19197 19213
19260 19254 19253
19129 19118 19119
19170 19175 19174
19208 19207 19198
19249 19254 19250
19128 19127 19126
19173 19172 19171
19208 19205 19207
19249 19250 19252
19137 19126 19127
19182 40530 19172
19216 19215 19206
19261 19252 19251
