byte offset: 0
first index: 32436
index count: 46761
topology: trianglelist
format: DXGI_FORMAT_R16_UINT

5608 5601 5600
5601 5608 5609
5610 5605 5611
5605 5610 5602
5612 5604 5613
5604 5612 5603
5615 5607 5614
5607 5615 5606
5624 5617 5625
5617 5624 5616
5621 5626 5627
5626 5621 5618
5620 5628 5629
5628 5620 5619
5623 5631 5630
5631 5623 5622
5632 5690 5634
5635 5636 5637
5639 5694 5638
5694 5639 5693
5695 5640 5641
5640 5695 5696
5695 5638 5694
5638 5695 5641
5636 5698 5637
5698 5636 5697
5645 5697 5636
5697 5645 5699
5632 5644 5691
5693 5647 5700
5647 5693 5639
5640 5649 5641
5649 5640 5648
5651 5701 5702
5701 5651 5650
5645 5652 5653
5698 5650 5637
5650 5698 5701
5654 5655 5656
5699 5653 5703
5653 5699 5645
5657 5658 5652
5648 5659 5660
5659 5648 5640
5696 5659 5640
5659 5696 5704
5638 5649 5661
5649 5638 5641
5638 5661 5639
5683 5662 5663
5662 5683 23512
5664 5665 5653
5652 5636 5635
5645 5636 5652
5664 5653 5652
5665 5703 5653
5703 5665 5705
5654 5706 5707
5654 5660 5659
5660 5654 5666
5680 5642 5663
5652 5658 5664
5668 5669 5670
5672 23513 5671
23513 5672 23514
5673 23515 5674
23516 23517 5673
5675 5676 23516
5655 5654 5707
23515 5656 5655
5677 5662 23512
5666 5656 23518
5656 5666 5654
23518 5677 23519
5677 23518 5656
5677 23512 23519
5656 23515 5677
5685 23520 23521
23522 5687 23523
5687 23522 5633
23523 5687 23524
5675 5678 5676
23525 5686 5643
23526 23527 5667
23527 23526 23528
5635 5657 5652
23529 23530 5679
23530 23529 23531
5650 23532 5637
23533 5650 5651
5647 5639 5681
5639 5661 5681
5662 5677 23534
5673 23535 23515
5668 23513 5669
23513 5668 5671
23535 5673 23517
23534 5677 23515
5646 5687 5688
23532 5650 23533
5689 5632 5684
23530 5667 5679
5667 23530 23526
23536 5680 23537
5680 23536 5642
23514 23531 23529
23531 23514 5672
5678 5675 5658
5658 5657 5678
23515 5655 5674
23516 5673 5675
5664 5708 5665
5708 5705 5665
5647 5702 5700
5702 5647 5651
5646 5651 5647
5692 5651 5646
5659 5706 5654
5685 5682 5633
5687 5646 5647
5683 5663 5642
23528 23538 23527
5686 23525 23538
23539 23540 23541
23540 23539 23542
23543 23539 23541
23539 23543 23544
5633 23522 5685
23520 5685 23545
5685 23522 23545
5659 5704 5706
23538 23528 5686
5637 23532 5635
5647 23546 5687
23546 23547 5687
23524 5687 23547
5633 23544 23543
23544 5633 5682
5688 5687 5633
23548 5632 5689
5632 23548 5690
5685 23521 5682
23542 5643 23540
5643 23542 23525
23533 5651 5692
5632 5691 5684
5709 5711 5767
5712 5714 5713
5771 5716 5715
5716 5771 5770
5717 5772 5718
5772 5717 5773
5772 5715 5718
5715 5772 5771
5775 5713 5714
5713 5775 5774
5774 5722 5713
5722 5774 5776
5709 5768 5721
5724 5770 5777
5770 5724 5716
5726 5717 5718
5717 5726 5725
5778 5728 5779
5728 5778 5727
5722 5730 5729
5775 5727 5778
5727 5775 5714
5731 5733 5732
5730 5776 5780
5776 5730 5722
5734 5729 5735
5736 5725 5737
5725 5736 5717
5736 5773 5717
5773 5736 5781
5715 5726 5718
5726 5715 5738
5715 5716 5738
5739 5760 5740
5760 5739 23549
5741 5730 5742
5729 5712 5713
5722 5729 5713
5741 5729 5730
5742 5780 5782
5780 5742 5730
5731 5784 5783
5737 5731 5736
5731 5737 5743
5757 5740 5719
5729 5741 5735
5745 5747 5746
23550 5749 5748
5749 23550 23551
5750 5751 23552
23553 5750 23554
5752 23553 5753
5732 5784 5731
23552 5732 5733
5754 23549 5739
5733 5743 23555
5743 5733 5731
5754 23555 23556
23555 5754 5733
5754 23556 23549
5733 5754 23552
5762 23557 23558
23559 23560 5764
5764 5710 23559
23560 23561 5764
5752 5753 5755
23562 5720 5763
23563 23564 23565
23564 23563 5744
5712 5729 5734
23566 23567 5756
23567 23566 23568
5727 5714 23569
23570 5728 5727
5724 5758 5716
5716 5758 5738
5739 23571 5754
5750 23552 23572
5745 23550 5748
23550 5745 5746
23572 23554 5750
23571 23552 5754
5723 5765 5764
23569 23570 5727
5766 5761 5709
5744 23566 5756
23566 5744 23563
5757 23573 23574
23573 5757 5719
23568 23551 23567
23551 23568 5749
5755 5735 5752
5735 5755 5734
23552 5751 5732
23553 5752 5750
5741 5742 5785
5785 5742 5782
5779 5724 5777
5724 5779 5728
5723 5724 5728
5769 5723 5728
5736 5731 5783
5762 5710 5759
5764 5724 5723
5760 5719 5740
23565 23564 23575
5763 23575 23562
23576 23577 23578
23577 23576 23579
23580 23577 23581
23577 23580 23578
5710 5762 23559
23558 23582 5762
5762 23582 23559
5736 5783 5781
23575 5763 23565
5714 5712 23569
5724 5764 23583
23583 5764 23584
23561 23584 5764
5710 23581 5759
23581 5710 23580
5765 5710 5764
23585 5766 5709
5709 5767 23585
5762 5759 23557
5720 23579 23576
23579 5720 23562
23570 5769 5728
5709 5761 5768
5786 5787 5788
5791 5789 5790
5789 5791 5792
5790 5793 5791
5793 5790 5794
5797 5795 5796
5795 5797 5786
5787 5786 5797
5798 5797 6016
6017 5797 5796
5797 6017 6016
6018 5798 6016
6020 5792 5791
5792 6020 6019
6021 5791 5793
5791 6021 6020
5798 5787 5797
5795 5792 5796
5792 5795 5789
6019 5796 5792
5796 6019 6017
5799 5801 5802
5803 5804 5805
5804 5806 5807
5807 5808 5809
5812 5810 5811
5810 5812 5813
5814 5815 5816
5817 5818 5819
5820 5821 5822
5823 5821 5824
5809 5825 5826
5825 5809 5808
5827 5828 5829
5819 5830 5831
5832 5833 5788
5834 5835 5836
5824 5820 5838
5836 5835 5830
5839 5840 5841
5842 5832 5843
5833 5844 5845
5846 5845 5847
5846 5848 5849
6026 5850 5851
5845 5786 5788
6023 6022 5852
5832 5842 5833
6025 5853 5854
5854 5852 6025
5855 5840 5851
5854 5856 5857
5858 5850 5852
5853 6025 6024
6022 6025 5852
5841 5844 5842
5847 5844 5840
5847 5858 5848
5861 5862 5824
5851 5839 6027
5838 5860 5861
5816 5811 5814
5811 5816 5812
5863 5819 5818
5843 5832 5835
5820 5824 5821
5824 5838 5861
5803 5805 5815
5860 5864 5861
5861 5864 5862
5865 5863 5864
5859 5863 5865
5865 5864 5860
5823 5824 5862
5817 5823 5862
5864 5818 5862
5851 6027 6026
5808 5807 5806
5866 5826 5825
5826 5866 5867
5864 5863 5818
5819 5863 5836
5817 5862 5818
6023 5852 5850
5834 5836 5863
6028 5869 6029
5802 5867 5866
5830 5819 5836
5854 5857 5848
5852 5854 5858
5854 5848 5858
5835 5832 5830
5829 5830 5827
5842 5844 5833
5830 5829 5831
5827 5830 5832
5832 5788 5827
6026 6023 5850
5850 5858 5855
5855 5851 5850
5840 5844 5841
5855 5858 5847
5847 5840 5855
5859 5834 5863
5845 5788 5833
5856 5854 5853
5847 5845 5844
5839 5851 5840
5849 5848 5857
5848 5846 5847
5868 5801 5800
5837 5860 5838
5871 5856 5870
5856 5871 5857
5849 5857 5871
5822 5872 5873
5822 5821 5872
5821 5803 5872
5823 5803 5821
5823 5806 5804
5823 5817 5806
5817 5874 5875
5819 5874 5817
5874 5819 6015
6015 5831 5799
6015 5819 5831
5831 5800 5799
5829 5800 5831
5869 5829 6029
5800 5829 5869
5828 6029 5829
5823 5804 5803
5806 5817 5875
5873 5811 5810
5814 5811 5872
5872 5803 5814
5814 5803 5815
5849 5789 5846
5790 5849 5871
5849 5790 5789
5871 5794 5790
5794 5871 5870
6031 5828 5787
5828 6031 6030
5787 5828 5827
6029 5828 6030
6032 6034 6018
5798 6034 6033
5787 6033 6031
6033 5787 5798
6032 6035 6036
6036 6035 6037
5788 5787 5827
5846 5786 5845
5846 5795 5786
6036 6034 6032
5846 5789 5795
5798 6018 6034
5804 5807 5805
5873 5872 5811
5808 5874 5825
5874 5808 5875
5866 5825 5874
5806 5875 5808
5868 5800 5869
5876 6035 6038
5876 6037 6035
6037 5876 23586
6028 5868 5869
5799 5800 5801
5866 5799 5802
5877 5879 5878
5882 5880 5883
5880 5882 5881
5881 5793 5794
5793 5881 5882
5886 5884 5877
5884 5886 5885
5878 5886 5877
5887 6040 5886
6039 5886 6040
5886 6039 5885
6041 6040 5887
6042 5883 6043
5883 6042 5882
6021 5882 6042
5882 6021 5793
5887 5886 5878
5884 5883 5880
5883 5884 5885
5885 6043 5883
6043 5885 6039
5888 5891 5890
5892 5894 5893
5893 5896 5895
5896 5898 5897
5900 5810 5813
5810 5900 5899
5901 5903 5902
5904 5906 5905
5820 5822 5907
5908 5909 5907
5910 5898 5911
5898 5910 5897
5912 5914 5913
5906 5916 5915
5917 6046 5918
6044 5919 6045
5920 5879 5921
5922 5924 5923
5925 5927 5926
5929 5924 5956
6046 5917 6044
5930 5932 5931
5928 5932 5933
5961 5934 5837
5934 5935 5837
5909 5838 5820
5927 5915 5926
5936 5938 5937
5939 5940 5920
5921 5942 5941
5943 5944 5942
5943 5946 5945
5947 5948 6050
6054 5950 5949
5942 5879 5877
6047 5951 6048
5920 5921 5939
5924 5929 5925
6049 5952 5853
5922 5923 5953
5952 6049 5951
5954 5950 5937
5952 5955 5856
5956 5922 5947
5947 5922 5948
5957 5951 5949
5853 6024 6049
6048 5951 6049
5958 5925 5929
5959 5923 5940
5938 5939 5941
5944 5937 5941
5944 5945 5957
5923 5926 5940
5931 5932 5960
5930 5933 5932
5930 5961 5970
5962 5909 5963
5950 6053 5936
5838 5962 5961
5899 5903 5901
5903 5899 5900
5964 5905 5906
5934 6013 5965
5966 5947 5919
5923 5924 5926
5940 5926 5920
5922 5956 5924
5947 5966 5956
5820 5907 5909
5909 5962 5838
5892 5902 5894
5958 5929 5933
5967 6044 5917
5919 6044 5967
5968 5928 5956
5961 5962 5969
5962 5963 5969
5970 5933 5930
5928 5933 5929
5933 5970 5958
5956 5928 5929
5970 5969 5964
5958 5970 5964
5970 5961 5969
5925 5926 5924
5908 5963 5909
5904 5963 5908
5969 5963 5905
6050 5948 6051
5922 5953 5948
5953 5971 6051
5953 5923 5959
5953 6051 5948
6050 6045 5947
5971 5936 6052
5971 5959 5938
5959 5940 5939
5971 6052 6051
5971 5953 5959
5950 6054 6053
5897 5895 5896
5972 5911 5973
5911 5972 5910
5969 5905 5964
5906 5927 5964
5904 5905 5963
5936 5971 5938
5936 6053 6052
5938 5959 5939
6047 5949 5951
5925 5964 5927
6056 6055 5975
5972 5973 5891
5915 5927 5906
5952 5945 5955
5951 5957 5952
5952 5957 5945
5926 5915 5920
5914 5912 5915
5939 5921 5941
5915 5916 5914
5912 5920 5915
5920 5912 5879
6054 5949 6047
5949 5954 5957
5954 5949 5950
5937 5938 5941
5954 5944 5957
5944 5954 5937
5958 5964 5925
5942 5921 5879
5856 5853 5952
5944 5941 5942
5936 5937 5950
5946 5955 5945
5945 5944 5943
5974 5889 5890
5934 5930 6013
5934 5961 5930
5837 5838 5961
5976 5965 6013
5928 5968 5932
5977 5967 5917
5977 5917 5918
5978 5960 5979
5960 5976 6013
5932 5980 5960
5977 5979 5967
5979 5981 5967
5981 5966 5919
5978 5976 5960
5919 5967 5981
5977 5978 5979
5947 6045 5919
5981 5979 5980
5968 5956 5966
5968 5980 5932
5968 5966 5981
5968 5981 5980
5979 5960 5980
5856 5982 5870
5982 5856 5955
5946 5982 5955
5822 5873 5983
5822 5983 5907
5907 5983 5892
5908 5907 5892
5908 5893 5895
5908 5895 5904
5904 5985 5984
5906 5904 5984
5972 6014 5984
5888 5916 6014
6014 5972 5888
5916 5888 5889
5914 5916 5889
5975 6055 5914
5889 5975 5914
5913 5914 6055
5908 5892 5893
5895 5985 5904
5873 5810 5899
5901 5983 5899
5983 5901 5892
5901 5902 5892
5946 5943 5880
5946 5881 5982
5881 5946 5880
5794 5982 5881
5982 5794 5870
6057 5878 5913
5913 6058 6057
5878 5912 5913
6055 6058 5913
6059 6041 6060
5887 6061 6060
5878 6061 5887
6061 5878 6057
6064 6062 6059
6064 6063 6062
5879 5912 5878
5943 5942 5877
5943 5877 5884
6059 6060 6064
5943 5884 5880
5887 6060 6041
5893 5894 5896
5873 5899 5983
6046 6065 5918
5984 5897 5910
5897 5984 5985
5972 5984 5910
5895 5897 5985
5974 5975 5889
5986 6066 6062
5986 6062 6063
6063 23587 5986
6056 5975 5974
5888 5890 5889
5891 5888 5972
5987 23588 6069
6068 6067 5988
5989 5990 5991
6002 5991 5993
6069 6068 5987
5994 5995 5996
5992 5997 5996
23589 23590 5998
5998 23590 23591
5999 6071 6000
23592 5993 5991
5989 6001 5990
6002 5999 5989
5999 6000 5989
23593 5993 23592
6003 23594 5990
5990 23594 23595
5995 6004 5996
5994 5996 5997
23596 23589 5994
23597 6012 5998
6005 5988 5999
5990 23595 5991
5989 5991 6002
5999 6002 6005
23593 5997 5993
6006 5987 6068
5988 6006 6068
6007 6002 5992
5994 5997 23596
5992 5993 5997
5997 23593 23596
5993 5992 6002
5991 23595 23592
6071 6070 6000
5989 6000 6001
6001 6070 6008
6001 6003 5990
6001 6000 6070
6071 5999 6067
6008 6072 23598
6008 23599 6003
6003 23600 23594
6008 6070 6072
6008 6003 6001
23598 23599 6008
23598 6072 23601
23599 23600 6003
6012 5994 5998
5998 5994 23589
23602 6012 23597
5992 5996 6007
23603 5987 6006
23603 23588 5987
23604 6009 6004
6012 23602 6004
5996 6004 6010
23603 6006 6009
6009 6006 6011
6011 5988 6005
23604 6004 23602
5988 6011 6006
23603 6009 23604
5999 5988 6067
6011 6010 6009
6007 6005 6002
6007 5996 6010
6007 6011 6005
6007 6010 6011
6009 6010 6004
6069 23588 23605
5994 6012 5995
6004 5995 6012
6013 5931 5960
5930 5931 6013
6014 5906 5984
5916 5906 6014
5866 5874 6015
5799 5866 6015
5934 5965 5935
23597 5998 23591
23606 6073 23607
6073 23606 6074
23608 23609 6075
6076 6075 23609
23610 23611 23612
6079 23613 6078
23613 6079 23614
23613 6073 6078
6073 23613 23607
6081 23615 6080
23615 6081 23616
23617 6079 6082
6079 23617 23614
6080 23609 23618
23619 6083 23620
6083 23619 6084
6082 23621 23611
6079 23622 23621
23622 6074 23618
6074 6081 23618
6076 23623 6075
23623 6076 23624
6075 23620 6083
23620 6075 23623
23624 6080 23615
6080 23624 6076
23608 23625 23626
6077 6082 23611
23622 6079 6078
6082 6079 23621
6073 23622 6078
6073 6074 23622
6080 6076 23609
23608 6075 6083
23617 6082 23627
6084 23608 6083
23628 23625 23629
23629 6084 23619
6084 23629 23625
23625 23608 6084
6074 23616 6081
23616 6074 23606
23618 6081 6080
23611 23610 6077
23627 6082 6077
6077 23610 23627
23630 6085 6086
6085 23630 23631
23632 6087 23633
6088 23633 6087
23634 23635 23636
23637 6091 6090
6091 23637 23638
23637 6085 23631
6085 23637 6090
6093 23639 23640
23639 6093 6092
6091 23641 6094
23641 6091 23638
6092 23642 23633
23643 6095 6096
6095 23643 23644
6094 23636 23645
6091 23645 23646
23646 23642 6086
6086 23642 6093
6088 23647 23648
23647 6088 6087
6087 23644 23647
23644 6087 6095
23648 6092 6088
6092 23648 23639
23632 23649 23650
6089 23636 6094
23646 6090 6091
6094 23645 6091
6085 6090 23646
6085 23646 6086
6092 23633 6088
23632 6095 6087
23641 23651 6094
6096 6095 23632
23652 23653 23650
6096 23653 23643
23653 6096 23650
23650 6096 23632
6086 23640 23630
23640 6086 6093
23642 6092 6093
23636 6089 23634
23651 6089 6094
6089 23651 23634
23654 6097 23655
23655 6097 23656
23657 6097 23658
23659 6097 23657
23658 6097 23654
23656 6097 23660
23660 6097 23661
23661 6097 23662
23663 6097 23664
23665 6097 23663
23666 6097 23667
23667 6097 23659
23664 6097 23666
23668 6097 23665
23669 6097 23668
23670 6097 23669
6099 6098 6102
6101 6100 6099
23671 6101 6099
6101 23671 6103
6102 23671 6099
23671 6102 6104
23672 6103 23671
23671 6104 23673
23674 6106 6109
6108 6106 23674
6110 6108 23674
23674 6109 6111
6112 6110 23674
23674 6111 6113
6114 6107 23674
23674 6105 6115
6107 6112 23674
23674 6113 6105
6116 6114 23674
23674 6115 6117
6118 6116 23674
23674 6117 6119
23675 6118 23674
23674 6119 23676
6135 6136 6138
23677 23678 6137
23679 23680 6139
23681 23682 23683
23684 23685 23686
23684 23686 23687
6141 6144 6145
6144 6141 6142
6143 23688 23689
23688 6143 6140
6147 23690 23691
23690 6147 6148
23692 23693 23694
23693 23692 6146
23695 6149 6150
6149 23695 23696
23697 6151 23698
6151 23697 23699
23700 23701 23702
23701 23700 23703
23704 23705 23706
23705 23704 23707
23708 23709 23710
23709 23708 23711
23712 23713 23714
23713 23712 23715
6152 6154 6153
6155 23716 6156
23717 23718 23719
23720 23721 23722
6157 6159 6158
6160 6157 6158
6157 6162 6161
6159 6164 6163
6165 6167 6166
6168 6167 6169
6168 6158 6170
6170 6158 6171
6173 6175 6174
6175 6173 6172
6177 6173 6174
6173 6177 6176
6178 6160 6169
6171 6175 6172
6179 6180 6161
6159 6157 6161
6161 6181 6164
6169 6160 6168
6170 6171 6172
6178 6157 6160
6162 6179 6161
6164 6159 6161
6160 6158 6168
6157 6178 6162
6165 6178 6169
6167 6165 6169
6183 23723 23724
23723 6183 6182
6185 23725 23726
23725 6185 6184
23725 6186 23727
6186 23725 6184
6188 23728 6189
23728 6188 6187
6182 23726 23723
23726 6182 6185
6191 23729 23730
23729 6191 6190
6193 23731 23732
23731 6193 6192
6194 23733 6195
6196 23733 6194
6199 6197 6200
6197 6199 6198
6194 6201 23734
6202 6200 6203
6200 6202 6199
6195 6205 6204
6202 6207 6206
6207 6202 6203
6206 6209 6208
6209 6206 6207
6208 6211 6210
6211 6208 6209
23735 23736 6198
6199 6212 6198
6199 6202 23733
6202 23737 23733
6206 6208 23738
6208 6210 23739
6198 23740 6197
23740 6198 23736
23741 6212 6196
23737 6206 23738
23742 6201 6213
6195 6201 6194
6213 6201 6214
6212 6199 6196
6202 6206 23737
23741 6196 6194
23734 6201 23742
6204 6201 6195
6196 6199 23733
6194 23734 23741
23735 6212 23741
6198 6212 23735
23743 23744 23745
23744 23743 23746
23747 23748 23749
23748 23747 23750
23751 23752 23753
23752 23751 23754
6215 23755 23756
23755 6215 23757
23732 6187 6193
6187 23732 23728
23757 23758 23755
23758 23757 23759
23760 23761 23762
23761 23760 23763
23764 23762 23765
23762 23764 23760
23730 6192 6191
6192 23730 23731
23752 23764 23765
23764 23752 23754
6214 6201 6204
6180 6181 6161
6216 6218 6217
6219 6218 6216
6216 6221 6220
6217 6223 6222
6224 6226 6225
6227 6228 6225
6227 6229 6218
6229 6230 6218
6232 6234 6233
6234 6232 6231
6235 6234 6236
6234 6235 6233
6237 6228 6219
6230 6231 6232
6238 6221 6239
6217 6221 6216
6221 6222 6240
6228 6227 6219
6229 6231 6230
6237 6219 6216
6220 6221 6238
6222 6221 6217
6219 6227 6218
6216 6220 6237
6224 6228 6237
6225 6228 6224
6241 23766 6242
23766 6241 23767
6243 23768 6244
23768 6243 23769
23768 6245 6244
6245 23768 23770
23771 6248 6247
6248 23771 6246
23769 6242 23766
6242 23769 6243
23772 6250 23773
6250 23772 6249
23774 6252 23775
6252 23774 6251
6255 6253 6254
6254 23776 6255
6257 6259 6258
6259 6257 6256
6253 23777 6260
6262 6257 6258
6257 6262 6261
6254 6264 6263
6265 6262 6266
6262 6265 6261
6267 6266 6268
6266 6267 6265
6269 6268 6270
6268 6269 6267
23778 6259 23779
6258 6259 6271
23780 6262 6258
6258 23776 23780
6266 23781 23782
6268 23782 23783
6256 23779 6259
23779 6256 23784
6253 6255 6271
6262 23780 23781
23785 6272 6260
6254 6253 6260
6272 6273 6260
6271 6255 6258
23781 6266 6262
6271 23786 6253
23777 23785 6260
6264 6254 6260
6255 23776 6258
6253 23786 23777
23778 23786 6271
6259 23778 6271
23787 23788 23789
23788 23787 23790
23791 23792 23793
23792 23791 23794
23795 23796 23797
23796 23795 23798
6274 23799 23800
23799 6274 23801
23775 6246 23771
6246 23775 6252
23800 23802 23803
23802 23800 23799
23804 23805 23806
23805 23804 23807
23807 23808 23809
23808 23807 23804
23773 6251 23774
6251 23773 6250
23796 23808 23797
23808 23796 23809
6273 6264 6260
6239 6221 6240
6276 6278 6277
6278 6276 6275
6280 6282 6281
6282 6280 6279
6283 6281 6284
6281 6283 6280
6285 6284 6286
6284 6285 6283
6288 6285 6286
6285 6288 6287
6287 6290 6289
6292 6294 6293
6294 6292 6291
6295 6294 6296
6294 6295 6293
23810 6275 6276
6275 23810 23811
6299 6297 6300
6297 6299 6298
23812 6301 23813
6301 23812 6302
6302 6303 6301
6303 6302 6304
6304 6305 6303
6305 6304 6306
6308 6305 6306
6305 6308 6307
6309 6307 6308
6310 6309 6311
6312 6310 6311
6314 6312 6311
6312 6314 6313
6314 6315 6313
6315 6314 6316
6317 6315 6316
6317 6316 6318
6319 6317 6318
6322 6320 6319
6320 6322 6321
6324 6320 6321
6320 6324 6323
6324 6300 6323
6300 6324 6299
23814 6325 23815
6325 23814 6326
6328 23816 23817
23816 6328 6327
6327 23818 23816
23818 6327 6329
6330 23818 6329
23818 6330 23819
6331 23819 6330
23819 6331 23820
6333 23821 23822
23821 6333 6332
23823 6335 6334
6337 23824 23825
23824 6337 6336
6336 23826 23824
23826 6336 6338
6338 23827 23826
23827 6338 6339
6339 23828 23827
23828 6339 6340
6343 6341 6344
6341 6343 6342
6345 23828 6340
23828 6345 23829
6326 23830 6325
23830 6326 23831
6328 23832 23833
23832 6328 23817
6347 6299 6324
6299 6347 6346
6348 6324 6321
6324 6348 6347
6349 6321 6322
6321 6349 6348
6349 6318 6350
6318 6349 6322
6350 6316 6351
6316 6350 6318
6351 6314 6352
6314 6351 6316
6353 6314 6311
6314 6353 6352
6354 6311 6309
6311 6354 6353
6355 6309 6308
6309 6355 6354
6355 6306 6356
6306 6355 6308
6356 6304 6357
6304 6356 6306
6357 6302 6358
6302 6357 6304
6358 23812 6359
23812 6358 6302
6346 6298 6299
6298 6346 23834
6361 6363 6362
6363 6361 6360
6364 6360 6365
6360 6364 6363
6367 6364 6365
6364 6367 6366
6369 6366 6367
6366 6369 6368
6370 6369 6371
6369 6370 6368
6373 6370 6371
6370 6373 6372
6375 6372 6373
6372 6375 6374
6377 6374 6375
6374 6377 6376
6378 6377 6379
6377 6378 6376
6380 6379 6381
6379 6380 6378
6382 6381 6383
6381 6382 6380
6384 6383 6385
6383 6384 6382
6386 6385 6387
6385 6386 6384
23835 6387 23836
6387 23835 6386
23837 6364 23838
6364 23837 6363
23839 6364 6366
6364 23839 23838
23839 6368 23840
6368 23839 6366
23840 6370 23841
6370 23840 6368
23841 6372 23842
6372 23841 6370
6372 6374 23843
6374 6376 23844
23845 6376 6378
6376 23845 23846
23847 6378 6380
6378 23847 23845
23848 6380 6382
6380 23848 23847
23849 6382 6384
6382 23849 23848
6384 23850 23849
23851 23835 23852
23835 23851 6386
23853 6362 6363
6362 23853 23854
6326 23814 6275
23855 23856 6390
23857 23858 6391
23858 23857 23859
6391 23860 6392
6392 23822 6393
6394 23861 23862
23861 6394 6393
23863 23864 6288
23865 6294 6291
6296 6342 6343
6342 6296 6294
23811 6326 6275
6326 23811 23831
6396 6276 6397
6276 6396 23810
23866 6293 6295
6293 23866 6398
6398 6292 6293
6292 6398 6399
6400 6287 6289
6402 6404 6403
6404 6402 6401
6405 6402 6406
6402 6405 6401
6405 6408 6407
23867 6279 23868
6397 6277 6409
6277 6397 6276
23833 6397 6328
6397 23833 6396
6345 6398 23866
6398 6345 6340
6340 6399 6398
6399 6340 6339
6339 23869 6399
23869 6339 6338
6338 6410 23869
6410 6338 6336
6337 6410 6336
6410 6337 6400
23870 6403 6404
6331 23867 23820
23867 6331 6411
6331 6412 6411
6412 6331 6330
6329 6412 6330
6412 6329 6413
6327 6413 6329
6413 6327 6409
6328 6409 6327
6409 6328 6397
6319 6318 6322
6310 6307 6309
6414 6411 6412
6389 6279 6414
6282 6389 23871
6335 23823 23872
23873 23874 23875
6384 6386 23850
6374 23844 23876
23844 6376 23846
23876 23844 23877
6393 23822 23861
6333 23822 6392
23851 23850 6386
23850 23851 23878
6341 23865 23879
23865 6341 6342
6294 23865 6342
6291 23880 23865
23876 23843 6374
6332 23860 23881
23860 6332 6333
6392 23860 6333
23853 23837 23882
6363 23837 23853
23883 6278 6275
23884 23843 23876
6372 23843 23842
6290 6287 6288
6279 6389 6282
23858 23860 6391
23885 23886 23887
23886 23885 23888
23889 23890 23891
23890 23889 23892
23893 23887 23894
23887 23893 23885
23895 23892 23889
23892 23895 23896
23893 23897 23898
23897 23893 23894
23895 23899 23896
23899 23895 23900
23900 23901 23899
23901 23900 23902
23898 23903 23904
23903 23898 23897
23870 6312 6403
6312 23870 6310
6313 6403 6312
6403 6313 6402
6313 6406 6402
6406 6313 6315
6315 6408 6406
6408 6315 6317
23905 6335 23872
6335 23905 23906
6279 23867 6411
6400 6289 6410
6414 6279 6411
23870 6404 23907
6406 6408 6405
6415 6361 6416
6361 6415 6360
6417 6360 6415
6360 6417 6365
6418 6365 6417
6365 6418 6367
6418 6369 6367
6369 6418 6419
6419 6371 6369
6371 6419 6420
6420 6373 6371
6373 6420 6421
6421 6375 6373
6375 6421 6422
6423 6375 6422
6375 6423 6377
6424 6377 6423
6377 6424 6379
6425 6379 6424
6379 6425 6381
6426 6381 6425
6381 6426 6383
6426 6385 6383
6385 6426 6427
6427 6387 6385
6387 6427 6428
23908 6387 6428
6387 23908 23836
6430 23909 23910
23909 6430 6429
6429 23911 23909
23911 6429 6431
6431 23912 23911
23912 6431 6432
6432 23913 23912
23913 6432 6433
23914 6433 6434
23915 23914 6435
23916 23915 6436
6437 23916 6436
23916 6437 23917
6438 23917 6437
23917 6438 23918
6438 23919 23918
23919 6438 6439
6439 23920 23919
23920 6439 6440
6440 23921 23920
23921 6440 6441
6441 23922 23921
23922 6441 6442
6442 23923 23922
23923 6442 23924
6436 23915 6435
6435 23914 6434
23914 23913 6433
6444 23925 23926
23925 6444 6443
6445 23926 23927
23926 6445 6444
6446 23927 23928
23927 6446 6445
6447 23928 23929
23928 6447 6446
6447 23930 6448
23930 6447 23929
6448 23931 6449
23931 6448 23930
6449 23932 6450
23932 6449 23931
6450 23933 6451
23933 6450 23932
6451 23934 6452
23934 6451 23933
6452 23935 6453
23935 6452 23934
6453 23936 6454
23936 6453 23935
6454 23937 6455
23937 6454 23936
6456 23937 23938
23937 6456 6455
6443 23939 23925
23939 6443 23940
6412 6457 6414
6457 6412 6413
6457 6389 6414
6389 6457 6458
6459 6278 6458
6278 6459 6277
6409 6459 6413
6459 6409 6277
6460 23941 23942
23943 23944 23945
23946 23947 23948
23949 23950 23951
6388 6389 6458
6278 6388 6458
6399 23952 6292
23952 6399 23869
23952 6291 6292
6291 23952 23953
23954 6290 23953
6290 23954 6289
6410 23954 23869
23954 6410 6289
6395 6291 23953
6290 6395 23953
6266 23782 6268
6268 23783 6270
6208 23739 23738
6210 23955 23739
6278 23956 6388
23956 6278 23883
23956 6389 6388
6389 23956 23871
6290 23957 6395
23957 6290 23864
23957 6291 6395
6291 23957 23880
23871 23958 6282
23864 6290 6288
6275 23814 23883
6474 6476 6475
6476 6474 6473
6479 6477 6480
6477 6479 6478
6480 6482 6481
6482 6480 6477
6477 6478 6483
6484 6480 6485
6480 6484 6479
6485 6481 6486
6481 6485 6480
6489 6487 6490
6487 6489 6488
6492 23959 23960
23959 6492 6491
6494 6496 6495
6496 6494 6493
6497 6498 23961
6486 6495 6485
6495 6486 6499
6495 6484 6485
6484 6495 6496
6490 6501 6489
6501 6490 6500
6503 6481 6482
6481 6503 6502
6486 6502 6504
6502 6486 6481
6506 6499 6507
6499 6506 6505
6504 6499 6486
6499 6504 6507
6509 6511 6510
6511 6509 6508
23962 6512 23963
6512 23962 6513
6515 6510 6511
6510 6515 6514
6514 6517 6516
6517 6514 6515
6519 6518 6520
6518 6519 6473
6502 6522 6521
6522 6502 6503
6501 6523 6524
6523 6501 6500
6482 6525 6526
6525 6482 6477
6526 6527 6528
6527 6526 6525
23964 6529 23965
6529 23964 6530
6495 6505 6494
6505 6495 6499
6530 6527 6529
6527 6530 6528
6526 6531 6532
6531 6526 6528
6531 6530 6533
6530 6531 6528
6533 23964 23966
23964 6533 6530
6482 6532 6503
6532 6482 6526
6534 6503 6532
6503 6534 23967
23968 6535 23969
6535 23968 23970
23971 6535 23970
6535 23971 6536
6488 6537 6521
6537 6488 6489
6537 6501 6524
6501 6537 6489
6488 6522 6487
6522 6488 6521
6524 6506 6507
6506 6524 6523
6534 23960 23967
23960 6534 6492
23966 23972 6533
23972 23966 23973
6535 23974 23969
23974 6535 23975
6538 6535 6536
6535 6538 23975
6513 6520 6512
6520 6513 6519
23976 23959 6491
23959 23976 23977
23977 23972 23973
23972 23977 23976
6504 6521 6537
6521 6504 6502
6537 6507 6504
6507 6537 6524
6539 6473 6474
6473 6539 6518
6473 6540 6476
6540 6473 6519
6541 6516 6542
6516 6541 6514
23978 6516 6517
6516 23978 23979
6543 6513 23962
6510 23980 6509
23980 6510 6544
6514 6544 6510
6544 6514 6541
6519 6545 6540
6545 6519 6513
6497 23965 6546
6497 6548 6498
6548 6497 6547
6483 6548 6547
6548 6483 6549
6550 6529 6527
6529 6550 6546
6550 6525 6551
6525 6550 6527
6547 6551 6483
6551 6547 6550
6547 6546 6550
6546 6547 6497
6477 6551 6525
6477 6483 6551
6546 23965 6529
6483 6478 6549
6497 23961 23965
6554 6552 6555
6552 6554 6553
6558 6556 6559
6556 6558 6557
6561 23981 23982
23981 6561 6560
6563 6560 6561
6560 6563 6562
6564 6555 6565
6555 6564 6554
6559 6566 6558
6566 6559 6567
6569 6571 6570
6571 6569 6568
23983 6573 6572
6573 23983 23984
6574 6576 6575
6577 23985 6578
23985 6577 23986
6562 6572 6573
6572 6562 6563
6567 6578 6566
6578 6567 6577
6569 6565 6568
6565 6569 6564
6579 6553 6554
6582 6580 6583
6580 6582 6581
6582 6583 6584
6585 23987 23988
6587 23988 23989
23988 6587 6586
6582 6589 6581
6589 6582 6588
6591 6588 6582
6588 6591 6590
6592 6595 6594
23990 6596 23991
6598 6596 23990
6596 6598 6597
6592 23992 6595
23992 6592 6599
6601 6603 6602
6603 6601 6600
6586 6604 6605
6604 6586 6587
6601 6606 6607
6606 6601 6602
23993 6608 23994
6608 23993 6593
6609 6611 6610
6612 23995 6572
6613 6615 6614
6616 23996 6617
6619 6617 6620
6617 6619 6618
6621 23997 6622
23997 6621 23998
6563 6612 6572
6612 6563 6623
6588 6616 6617
6616 6588 6590
6617 6589 6588
6589 6617 6618
6625 6597 6598
6597 6625 6624
6624 6625 6626
6627 23999 24000
6627 23992 6599
23992 6627 24000
6603 6629 6602
6629 6603 6614
6604 6622 6605
6622 6604 6621
6608 24001 23994
24001 6608 6628
6629 6606 6602
6606 6629 6630
6584 6632 6631
6631 6590 6591
6590 6631 6633
6634 6590 6633
6590 6634 6616
23995 6612 6618
6635 23998 6621
23998 6635 6609
6621 6636 6635
6636 6621 6604
6623 6618 6612
6618 6623 6589
6587 6636 6604
6636 6587 6637
6581 6623 6638
6623 6581 6589
23989 6637 6587
6637 23989 6639
24002 6581 6638
6632 6596 6631
6596 6632 23991
6561 24002 6638
6638 6563 6561
6563 6638 6623
6564 6579 6554
6579 6564 6640
6641 6629 6615
6629 6641 6630
23996 6616 6634
6585 6605 6642
6605 6585 6586
6613 6605 6622
6605 6613 6642
6601 24003 23987
24003 6601 6607
24003 24004 6594
24004 24003 6607
6608 24005 24006
24005 6608 6593
24007 6608 24006
6608 24007 6628
24008 6624 6626
6624 24008 6634
24009 6641 23999
6641 24009 6630
6597 6631 6596
6631 6597 6633
6624 6633 6597
6633 6624 6634
6564 6610 6640
6610 6564 6569
6643 6635 6636
6635 6643 6611
6643 6637 6644
6637 6643 6636
6640 6644 6579
6644 6640 6643
6640 6611 6643
6611 6640 6610
6639 6644 6637
6579 6644 6639
6609 6610 6570
6609 6635 6611
6579 6639 6553
6570 6610 6569
6600 6642 6603
6642 6600 6585
6642 6614 6603
6614 6642 6613
23987 6600 6601
23987 6585 6600
6615 6613 23997
6614 6615 6629
6585 23988 6586
23997 6613 6622
6647 6645 6648
6645 6647 6646
6649 6645 6650
6651 6648 6652
6648 6651 6647
6655 6653 6656
6653 6655 6654
6654 6658 6653
6658 6654 6657
6659 6652 6660
6652 6659 6651
6662 6664 6663
6664 6662 6661
6666 6661 6662
6661 6666 6665
6667 6669 6668
6670 6672 6671
6674 6676 6675
6676 6674 6673
6678 6680 6679
6680 6678 6677
6681 6682 6679
6683 6679 6684
6679 6683 6681
6687 6685 6688
6685 6687 6686
6682 6678 6679
24010 6689 24011
6692 6690 6693
6690 6692 6691
6691 6683 6690
6683 6691 6681
6694 6691 6695
6691 6694 6681
6696 6685 6697
6685 6696 6688
6698 6695 6691
24012 6699 24013
6700 6702 6701
6703 6702 6704
6702 6703 6701
6703 6689 6701
6701 24010 6700
6705 24012 6706
24012 6705 6699
24013 6708 6707
6699 6710 6709
6713 6711 6714
6711 6713 6712
6712 6709 6711
6709 6712 6708
6712 6707 6708
6707 6712 6715
6712 6716 6715
24014 6717 24015
24014 24016 6717
6718 24015 6717
6719 6717 6720
6717 6719 6718
6718 6575 6721
6575 6718 6719
6542 6666 6541
6666 6542 6722
6544 6723 23980
6723 6544 6662
6541 6662 6544
6662 6541 6666
6724 6726 6725
6726 6724 6663
6728 24017 24018
24017 6728 6727
6672 6729 6671
6731 6669 6732
6669 6731 6730
6674 6731 6673
6731 6674 6730
6734 6673 6731
6673 6734 6733
6737 6735 6733
6735 6737 6736
6676 6733 6735
6733 6676 6673
6738 6545 6727
6736 6659 6735
6659 6736 6739
6735 6660 6676
6660 6735 6659
6731 6732 6734
6740 6741 6729
6742 6476 6540
6738 6540 6545
6540 6738 6742
6661 6743 6664
6743 6661 6744
6746 6475 6476
6475 6746 6745
6727 6747 6738
6748 6750 6749
24019 6686 6687
6751 6696 6697
6752 6753 24020
24021 6727 6545
6727 24021 24017
6742 6738 6754
6733 6755 6737
6755 6733 6734
6665 6722 6756
6722 6665 6666
6722 24022 6756
24022 6722 24023
6758 6665 6756
6665 6758 6757
6650 6744 6759
6645 6743 6744
6758 6761 6760
6763 6765 6764
6765 6763 6762
24024 6704 6702
6704 24024 24025
6762 6766 6765
6766 6762 6767
6704 24025 24026
6770 6768 6771
6768 6770 6769
24027 6772 6773
6772 24027 24028
6774 6775 24027
6777 6779 6778
6779 6777 6776
6780 6781 24029
6783 24029 24030
24029 6783 6782
6769 6784 6768
6784 6769 6785
6778 6786 6777
6786 6778 6787
6788 6790 6789
6791 6790 6792
6790 6791 6789
24031 6793 6794
6793 24031 24032
6796 6798 6797
6798 6796 6795
6782 6799 6800
6799 6782 6783
6802 6767 6762
6767 6802 6801
6804 6773 6772
6773 6804 6803
6806 6796 6797
6796 6806 6805
6807 24033 6808
24033 6807 24034
6811 6809 6812
6809 6811 6810
6813 24035 6814
24035 6813 24036
6817 6815 6689
6815 6817 6816
6818 24037 24038
24037 6818 6749
6810 6820 6819
6821 6823 6822
6825 6827 6826
6827 6825 6824
24039 6828 24040
6828 24039 6829
6785 6814 6784
6814 6785 6813
6786 6824 6825
6824 6786 6787
6791 6830 6831
6830 6791 6792
6831 6830 6832
6797 6822 6833
6822 6797 6798
6799 6829 6800
6829 6799 6828
6801 6749 6818
6749 6801 6802
6812 6803 6804
6803 6812 6809
6807 6835 24034
6835 6807 6834
6806 6833 6836
6833 6806 6797
6837 24041 6838
6837 6839 6841
6839 6837 6840
6843 6839 6840
6839 6843 6842
24042 6844 6825
6845 6825 6844
6825 6845 6786
6846 6783 6847
6783 6846 6799
6777 6845 6848
6845 6777 6786
6847 24030 6775
24030 6847 6783
6777 24043 6776
6838 6789 6837
6789 6838 6788
6803 6774 6773
6774 6803 6849
6849 6809 6819
6809 6849 6803
6850 6833 6823
6833 6850 6836
24044 6842 6843
6780 6800 6851
6800 6780 6782
6800 6821 6851
6821 6800 6829
6796 24045 6781
24045 6796 6805
6805 24046 24045
24046 6805 24047
24048 6807 6808
6807 24048 24049
24050 6807 24049
6807 24050 6834
6831 24051 6843
24051 6831 6832
24052 6836 6850
6836 24052 24053
24054 24053 24052
24053 24054 24055
24047 24032 24046
24032 24047 6793
24031 24055 24054
24055 24031 6794
6837 6791 6840
6791 6837 6789
6791 6843 6840
6843 6791 6831
6852 6854 6853
6542 23979 24023
6756 6855 6758
6855 6756 24022
6738 6747 6856
6857 6754 6856
6858 6859 6741
6860 6862 6861
6676 6863 6675
6672 6746 6740
6864 6675 6865
6675 6864 6674
6866 6675 6863
6866 6863 6867
6654 6868 6657
6869 6654 6870
6759 6760 6871
6760 6759 6757
6872 6663 6664
6663 6872 6726
6872 6743 6873
6743 6872 6664
6873 6743 6646
6646 6874 6875
6874 6646 6647
6876 6874 6647
6651 6877 6876
6651 6739 6877
6739 6651 6659
6878 6750 6748
6686 24019 24056
6685 6686 24056
24057 6880 6879
6881 6883 6882
6567 6559 24058
24040 6884 6820
6884 24040 6828
6846 6828 6799
6828 6846 6884
6886 6884 6846
6884 6886 6885
6886 6847 6887
6847 6886 6846
6878 6748 6888
6749 6888 6748
6888 6749 6802
6762 6888 6802
6888 6762 6763
6889 6882 6883
6889 6890 6891
6890 6889 6883
6752 6891 6753
6891 6752 6889
24059 6879 6880
6892 6760 6893
6760 6892 6871
6854 6894 6895
6894 6854 6852
6669 6896 6668
6896 6669 6730
6665 6744 6661
24060 6670 6897
6758 24061 6761
24061 6758 6855
6893 6761 6898
6761 6893 6760
6860 6859 6862
6738 6856 6754
6860 6861 6734
6734 6861 6755
6671 6732 6669
6860 6729 6741
6729 6860 6732
6858 6741 6857
6741 6859 6860
6857 6741 6754
6663 6723 6662
6723 6663 6724
6774 6886 6887
6886 6774 6849
6819 6886 6849
6886 6819 6885
6775 6887 6847
6775 6774 6887
6885 6820 6884
6819 6820 6885
6810 6819 6809
6774 24027 6773
6795 6851 6798
6851 6795 6780
6822 6851 6821
6851 6822 6798
6781 6795 6796
6781 6780 6795
6823 6821 24039
6822 6823 6833
6780 24029 6782
24039 6821 6829
6848 6785 6769
6785 6848 6845
6769 6770 24043
6785 6844 6813
6844 6785 6845
6813 6844 24042
6787 6842 6824
6842 6787 6839
24041 6778 6779
6824 6842 24044
6787 6841 6839
6841 6787 6778
24062 24019 6687
24019 24062 24063
24037 6750 24064
6750 24037 6749
24065 6696 6751
6696 24065 24066
6753 24067 24020
24067 6753 24068
6881 24069 6890
24069 6881 24070
6881 6890 6883
6559 6556 24071
6705 6710 6699
6710 6705 6899
24072 6712 6713
6712 24072 6716
6698 6692 24073
6692 6698 6691
6684 6680 6900
6680 6684 6679
6720 24016 24074
24016 6720 6717
6721 6575 6576
24075 6689 6815
6689 24075 24011
6896 6674 6864
6674 6896 6730
24068 6901 24076
6901 24068 6753
6902 6753 6891
6753 6902 6901
24077 6890 24069
6890 24077 6903
6903 6891 6890
6891 6903 6902
6905 6907 6906
6907 6905 6904
6908 6909 6906
24078 6911 6910
6911 24078 24079
6914 6912 6915
6912 6914 6913
6912 6913 6916
6917 24080 24081
6919 24081 24082
24081 6919 6918
6910 6920 6921
6920 6910 6911
6922 6912 6923
6912 6922 6915
6925 6923 6912
6923 6925 6924
6927 6929 6928
6929 6927 6926
24083 24084 6930
6932 6930 24084
6930 6932 6931
6933 6929 6926
6929 6933 24085
6935 6937 6936
6937 6935 6934
6918 6938 6939
6938 6918 6919
6940 6904 6941
6904 6940 6907
6935 6942 6943
6942 6935 6936
6944 24086 24087
24086 6944 24088
6945 6947 6946
6948 24089 6949
6952 6950 6949
6950 6952 6951
6953 24090 6954
24090 6953 24091
6955 6957 6956
6958 24092 6959
6959 6960 6962
6960 6959 6961
6963 24093 6964
24093 6963 24094
6949 6921 6920
6921 6949 6950
6920 6948 6949
6948 6920 6965
6923 6958 6959
6958 6923 6924
6923 6962 6922
6962 6923 6959
6931 6966 6967
6966 6931 6932
6968 6967 6966
6969 24095 6970
24095 6969 24096
24085 6970 24095
6970 24085 6933
6937 6971 6936
6971 6937 6957
6938 6964 6939
6964 6938 6963
6941 6954 6940
6954 6941 6953
24097 6944 24098
6944 24097 24088
6971 6942 6936
6942 6971 6972
6973 6974 6916
6924 6974 6975
6974 6924 6925
6958 6975 6976
6975 6958 6924
6977 24094 6963
24094 6977 6947
6963 6978 6977
6978 6963 6938
24083 6974 6973
6974 24083 6930
6911 24079 24099
6911 6965 6920
6965 6911 6979
6980 6971 6955
6971 6980 6972
6976 24092 6958
6939 6917 6918
6917 6939 6981
6956 6939 6964
6939 6956 6981
24100 6935 6943
6935 24100 24080
6943 6928 24100
6928 6943 6927
24101 6944 24087
6944 24101 24102
6944 24103 24098
24103 6944 24102
6976 6968 24104
6968 6976 6967
24096 6972 6980
6972 24096 6969
6974 6931 6975
6931 6974 6930
6967 6975 6931
6975 6967 6976
6945 6940 6954
6940 6945 6982
6908 6940 6982
6940 6908 6907
6984 6985 6978
6985 6984 6983
6977 6985 6946
6985 6977 6978
24089 6948 6962
6948 6922 6962
6922 6948 6965
6919 6978 6938
6978 6919 6984
6979 6922 6965
6922 6979 6915
6984 24082 6909
24082 6984 6919
24099 6914 6915
6983 6982 6985
6982 6983 6908
6946 6982 6945
6982 6946 6985
6909 6983 6984
6908 6983 6909
6947 6945 24090
6946 6947 6977
6908 6906 6907
24090 6945 6954
6934 6981 6937
6981 6934 6917
6956 6937 6981
6937 6956 6957
24080 6934 6935
24080 6917 6934
6955 6956 24093
6955 6971 6957
6917 24081 6918
24093 6956 6964
6986 24062 6687
24062 6986 24105
6987 6687 6688
6687 6987 6986
24066 6988 6696
6988 24066 24106
6987 6696 6988
6696 6987 6688
6990 6992 6991
6992 6990 6989
24107 6993 6994
6993 24107 24108
6995 6996 6990
6997 6999 6998
24109 24110 7000
7002 6994 6993
6994 7002 7001
7005 7003 6997
7003 7005 7004
7006 7009 7008
24111 7010 24112
7011 24111 7012
24111 7011 7010
24113 7006 7013
7006 24113 7009
7015 7000 7016
7000 7015 7014
6992 7018 6991
7018 6992 7017
7021 7019 7022
7019 7021 7020
7023 24114 7007
24114 7023 24115
7026 7024 7027
7024 7026 7025
24116 7029 24117
7029 24116 7028
7030 7032 7031
7033 24118 7026
7034 7036 7035
7037 7039 7038
7002 7027 7001
7027 7002 7026
7026 7040 7033
7040 7026 7002
7036 7003 7004
7003 7036 7034
7012 7042 7011
7042 7012 7041
7043 7042 7041
24119 7045 24120
7045 24113 7013
24113 7045 24119
7037 7015 7039
7015 7037 7014
7029 7018 7017
7018 7029 7028
7023 24121 24115
24121 7023 7044
7019 7046 7047
7046 7019 7020
6998 7049 7048
7048 7004 7005
7004 7048 7050
7004 7051 7036
7051 7004 7050
7038 7052 7053
7052 7038 7039
24122 7034 24123
7034 24122 7054
7053 7055 7032
7055 7053 7052
7056 7052 7057
7052 7056 7055
6997 7059 7058
7059 6997 7003
7010 7049 24112
7049 7010 7048
6993 24108 24124
6993 7040 7002
7040 6993 7060
6991 7061 6995
7061 6991 7018
7061 7028 7030
7028 7061 7018
7046 7062 7047
7062 7046 24125
7035 7036 7051
7021 7064 7020
7064 7021 7063
24125 7065 7037
7046 7064 7065
7064 7046 7020
7021 24126 24109
24126 7021 7022
24126 24127 7008
24127 24126 7022
24128 7023 7007
7023 24128 24129
7023 24130 7044
24130 7023 24129
7042 24131 7051
24131 7042 7043
7062 24132 7047
24132 7062 24120
6997 7066 6999
7066 6997 7058
7050 7010 7011
7042 7050 7011
7057 7039 7015
7039 7057 7052
7057 7016 7067
7016 7057 7015
7067 24110 24133
24110 7067 7016
7059 7034 7054
7034 7059 7003
7068 7055 7056
7055 7068 7031
7056 7070 7068
7070 7056 7069
24118 7033 7054
7054 7040 7059
7040 7054 7033
7067 7056 7057
7056 7067 7069
7060 7059 7040
7059 7060 7058
7069 24133 6996
24133 7069 7067
24124 7066 7058
6995 7068 7070
7068 6995 7061
7030 7068 7061
7068 7030 7031
6996 7070 7069
6996 6995 7070
7032 7030 24116
7031 7032 7055
6995 6990 6991
24116 7030 7028
7063 7014 7064
7014 7063 7000
7065 7014 7037
7014 7065 7064
24109 7063 7021
24109 7000 7063
24125 7046 7065
7000 24110 7016
7037 7038 24125
7042 7051 7050
7048 7010 7050
6853 6854 7071
6670 6671 6667
24060 6672 6670
6761 7072 6898
7072 6761 24061
7074 6853 7071
6853 7074 7073
6559 24071 24058
6542 6516 23979
6542 24023 6722
6543 24021 6545
6543 6545 6513
6769 24043 6848
6777 6848 24043
6813 24042 24036
24042 6825 6826
6993 24124 7060
24124 7058 7060
6824 24044 6827
24044 6843 24051
24041 6841 6778
6837 6841 24041
6997 6998 7005
6998 7048 7005
24123 7034 7035
7035 7051 24131
24118 7025 7026
24118 7054 24122
6911 24099 6979
24099 6915 6979
24089 6952 6949
24089 6962 6960
6912 6916 6925
6974 6925 6916
24092 6961 6959
6976 24104 24092
6582 6584 6591
6584 6631 6591
23996 6620 6617
23996 6634 24008
24002 6580 6581
6561 23982 24002
23995 23983 6572
23995 6618 6619
6647 6651 6876
6870 6654 6655
7077 7075 7078
7075 7077 7076
7079 7077 7080
7077 7079 7076
7079 7082 7081
7082 7079 7080
7083 7082 7084
7082 7083 7081
7085 7084 7086
7084 7085 7083
7088 7090 7089
7090 7088 7087
7089 7092 7091
7092 7089 7090
7091 7094 7093
7094 7091 7092
24134 7096 7095
7096 24134 24135
6645 6744 6650
6742 6746 6476
6740 6746 6742
6676 6660 6863
6675 6866 6865
6667 6671 6669
6671 6729 6732
6740 6729 6672
6703 6817 6689
6699 6709 6708
24013 6699 6708
6681 6694 6682
6864 7098 7097
6864 6865 7098
6866 7098 6865
7099 7098 6866
6873 6646 6875
6646 6743 6645
24136 7100 24137
7100 24136 7101
7104 7102 7105
7102 7104 7103
7107 7109 7108
7109 7107 7106
7111 24138 7112
24138 7111 7110
24139 7113 24140
7113 24139 7114
7116 7118 7117
7118 7116 7115
7100 7120 24137
7120 7100 7119
7121 7104 7122
7104 7121 7103
24141 7123 24142
7123 24141 7124
7127 7125 7128
7125 7127 7126
7130 7132 7131
7132 7130 7129
7134 24143 24144
24143 7134 7133
24145 7111 7112
7111 24145 7135
7106 7137 7109
7137 7106 7136
24146 7138 24147
7138 24146 7139
7141 7143 7142
7143 7141 7140
24148 7101 24136
7101 24148 24149
7102 7145 7105
7145 7102 7144
7146 24141 24150
24141 7146 7124
7128 7147 7148
7147 7128 7125
7138 24145 24147
24145 7138 7135
7137 7141 7142
7141 7137 7136
7132 7107 7108
7107 7132 7129
7110 24144 24138
24144 7110 7134
7115 7150 7118
7150 7115 7149
24151 7114 24139
7114 24151 7151
7149 7131 7150
7131 7149 7130
7133 24151 24143
24151 7133 7151
7119 24146 7120
24146 7119 7139
7143 7121 7122
7121 7143 7140
7152 24150 24152
24150 7152 7146
7147 7154 7148
7154 7147 7153
7156 7116 7117
7116 7156 7155
7113 24153 24140
24153 7113 7157
7159 7155 7156
7155 7159 7158
7157 24154 24153
24154 7157 7160
7162 7158 7159
7158 7162 7161
7160 24155 24154
24155 7160 7163
7153 7162 7154
7162 7153 7161
7163 24152 24155
24152 7163 7152
24156 24157 24158
24157 24156 24159
24160 24161 24162
24161 24160 24163
24164 24165 24166
24165 24164 24167
24168 24169 24170
24169 24168 24171
24172 24173 24174
24170 24172 24174
24172 24170 24169
24163 24168 24161
24168 24163 24171
24167 24162 24165
24162 24167 24160
24175 24166 24176
24166 24175 24164
24177 24176 24178
24176 24177 24175
24179 24180 24181
24180 24179 24182
24182 24178 24180
24178 24182 24177
24183 24181 24184
24181 24183 24179
24185 24186 24187
24186 24185 24188
24186 24184 24187
24184 24186 24183
24189 24188 24185
24188 24189 24190
24159 24190 24189
24190 24159 24156
24158 24191 24192
24191 24158 24157
24192 24193 24194
24193 24192 24191
7165 6557 6558
6557 7165 7164
6558 7166 7165
7166 6558 6566
7167 6566 6578
6566 7167 7166
7168 6578 23985
6578 7168 7167
6574 7169 24195
7169 6574 6575
6719 7169 6575
7169 6719 7170
7170 6720 7171
6720 7170 6719
7171 24074 24196
24074 7171 6720
24197 24198 24194
24199 7144 24200
7144 24199 7145
24201 24202 24173
24197 24194 24193
24172 24201 24173
6736 24203 6739
24204 6861 6862
6861 24204 24205
6747 24206 6856
24206 6747 24207
6728 24207 6747
24207 6728 24208
24018 24208 6728
24208 24018 24209
6872 24210 6726
24210 6872 24211
6873 24211 6872
24211 6873 24212
6875 24212 6873
24213 24214 24215
24216 24217 24218
24215 24214 24219
24216 24220 24217
6745 6672 24060
6672 6745 6746
6649 6652 6648
7095 7078 7075
7078 7095 7096
24221 7172 7173
7172 24221 24222
24223 7175 24224
7175 24223 7174
24225 7173 7176
7173 24225 24221
24223 7177 7174
7177 24223 24226
24227 7176 7178
7176 24227 24225
24228 7177 24226
7177 24228 7179
24229 7178 7180
7178 24229 24227
24230 7179 24228
7179 24230 7181
24229 7182 24231
7182 24229 7180
24230 7183 7181
7183 24230 24232
24233 7185 24234
7185 24233 7184
24235 7186 7187
7186 24235 24236
24237 7185 7188
7185 24237 24234
24238 7186 24236
7186 24238 7189
24239 7188 7190
7188 24239 24237
24240 7189 24238
7189 24240 7191
24241 7192 24242
7192 24241 24243
24244 7193 24245
7193 24244 24246
24242 7172 24222
7172 24242 7192
24246 7175 7193
7175 24246 24224
24247 7195 24248
7195 24247 7194
24249 6462 24250
6462 24249 6461
7196 24251 24248
6472 6461 24249
24251 7197 24252
7197 24251 7196
24253 6472 24254
6472 24253 6471
24252 7198 24255
7198 24252 7197
24256 6471 24253
6471 24256 6470
24255 7199 24257
7199 24255 7198
24256 6469 6470
6469 24256 24258
24258 6468 6469
6468 24258 7200
24259 6468 7200
6468 24259 6467
24260 7201 7202
7201 24260 24261
6467 24259 24262
24263 7202 7203
7202 24263 24260
6466 24262 24264
24263 7204 24265
7204 24263 7203
24266 6465 24264
6465 24266 6464
24267 7205 24268
7205 24267 24269
24270 6463 24271
6463 24270 24272
24268 7194 24247
7194 24268 7205
24272 6462 6463
6462 24272 24250
6658 7206 7207
7206 6658 6657
6868 7206 6657
6863 6652 6867
6660 6652 6863
6759 6744 6757
6652 6649 6867
6654 6869 6868
6759 6871 6650
6645 6649 6648
6665 6757 6744
6758 6760 6757
6889 6752 24273
6752 24020 24273
6751 6697 24274
6685 24274 6697
6734 6732 6860
6740 6754 6741
6742 6754 6740
6728 6747 6727
24275 6656 6653
6656 24275 24276
6658 24275 6653
24275 6658 24277
6658 7207 7208
24278 24279 24280
6898 24281 7209
7072 24282 24281
24283 7071 24284
7071 24283 7074
24284 6854 24285
6854 24284 7071
24285 6895 24286
6895 24285 6854
24287 24286 7210
7211 24287 7210
24287 7211 24288
24289 7097 24290
24290 7099 24291
7099 24290 7098
6875 24292 24293
24292 6875 6874
6874 24294 24292
24294 6874 6876
6876 24295 24294
24295 6876 6877
6877 24296 24295
24296 6877 6739
24203 24296 6739
24297 24203 6736
6736 24298 24297
24298 6736 6737
6737 24299 24298
24299 6737 6755
6755 24205 24299
24205 6755 6861
6862 24300 24204
24300 6862 6859
6858 24300 6859
24300 6858 24301
6857 24301 6858
24301 6857 24302
6856 24302 6857
24302 6856 24206
6726 24303 6725
24303 6726 24210
6875 24293 24212
7212 6498 7213
6498 7212 23961
6548 7213 6498
7213 6548 7214
7214 6549 7215
6549 7214 6548
6549 7216 7215
7216 6549 6478
6478 7217 7216
7217 6478 6479
7218 6479 6484
6479 7218 7217
7219 6484 6496
6484 7219 7218
24304 6496 6493
6496 24304 7219
24305 24306 24307
24306 24305 24308
24309 24310 24311
24310 24309 24312
24305 24310 24312
24310 24305 24307
24313 24314 24315
24314 24313 24316
24317 24318 24319
24318 24317 24320
24321 24322 24323
24322 24321 24324
24319 24324 24321
24324 24319 24318
24325 24326 24327
24326 24325 24328
24329 24314 24316
24314 24329 24330
24331 24328 24325
24328 24331 24332
24333 24334 24335
24334 24333 24336
24337 24338 24339
24338 24337 24340
24339 24332 24331
24332 24339 24338
24341 24320 24317
24320 24341 24342
24343 24306 24308
24306 24343 24344
24345 24346 24347
24346 24345 24348
24348 24349 24346
24349 24348 24350
24351 24352 24353
24352 24351 24354
24350 24353 24349
24353 24350 24351
24355 24356 24357
24356 24355 24358
24358 24359 24356
24359 24358 24360
24361 24362 24363
24362 24361 24364
24363 24359 24360
24359 24363 24362
24336 24315 24334
24315 24336 24313
24365 24366 24367
24366 24365 24368
24368 24369 24366
24369 24368 24370
24370 24371 24369
24371 24370 24372
24372 24373 24371
24373 24372 24374
24375 24376 24377
24376 24375 24378
24379 24378 24375
24378 24379 24380
24381 24380 24379
24380 24381 24382
24383 24382 24381
24382 24383 24384
24385 24386 24387
24386 24385 24388
24389 24390 24391
24390 24389 24392
24385 24393 24394
24393 24385 24387
24394 24395 24396
24395 24394 24393
24397 24398 24399
24398 24397 24400
24397 24390 24392
24390 24397 24399
24400 24401 24398
24401 24400 24402
24396 24403 24404
24403 24396 24395
24405 24406 24407
24406 24405 24408
24409 24410 24411
24410 24409 24412
24413 24414 24415
24414 24413 24416
24278 24417 24418
24417 24278 24280
24412 7220 24410
7220 24412 24419
24420 24421 24422
24421 24420 24423
24419 7221 7220
7221 24419 24424
24409 24423 24420
24423 24409 24411
24425 24426 24427
24426 24425 24428
24429 24425 24427
24430 24431 24432
24433 24434 24435
24434 24436 24435
24436 24434 24437
24413 24438 24416
24438 24413 24439
24405 24440 24408
24440 24405 24441
7209 6893 6898
7208 24277 6658
24442 6893 7209
24443 24444 7222
7223 7086 7224
7086 7223 7085
7088 7224 7087
7224 7088 7223
24231 24445 24446
24445 24231 7182
24232 24447 7183
24447 24232 24448
24233 24445 7184
24445 24233 24446
24235 24447 24448
24447 24235 7187
24443 7222 24257
7222 24444 24261
6893 24442 6892
7225 7227 7226
24449 7228 24450
24451 7229 24452
24453 24454 24455
24456 24457 7230
24458 24459 24460
24461 24462 24463
24464 24465 24466
7231 7233 7232
24467 7234 24468
24469 7235 24470
24471 24472 24473
24474 24475 7236
24476 24477 24478
24479 24480 24481
24482 24483 24484
7237 7239 7238
24485 7240 24486
24487 7241 24488
24489 24490 24491
24492 24493 7242
24494 24495 24496
24497 24498 24499
24500 24501 24502
7243 7245 7244
24503 7246 24504
24505 7247 24506
24507 24508 24509
24510 24511 7248
24512 24513 24514
24515 24516 24517
24518 24519 24520
7249 7251 7250
24521 7252 24522
24521 7253 7252
7254 7256 7255
7255 7256 7257
7260 7258 7261
7258 7260 7259
7263 7265 7264
7265 7263 7262
7256 7254 7252
7255 7267 7254
7267 7255 7266
7268 7264 7269
7270 7272 7271
7274 7276 7275
7276 7274 7273
24522 7252 7254
7277 7259 7260
7279 7261 7258
7261 7279 7278
7280 7270 7281
7249 7278 7251
7251 7278 7279
7282 7269 7264
7269 7282 7266
7262 7260 7265
7260 7262 7277
7263 7264 7268
7272 7270 7280
7275 7272 7280
7272 7275 7276
7266 7282 7267
7285 7283 7286
7283 7285 7284
7257 7256 7287
7288 24523 24524
7289 7291 7290
7292 7294 7293
7294 7292 7290
24525 24526 7295
24525 7295 24527
7296 7298 7297
7298 7299 7297
7301 24528 24529
24528 7301 7300
7303 7305 7304
7305 7303 7302
7297 7295 7296
7307 7298 7296
7298 7307 7306
7308 7309 7304
7310 7312 7311
7314 7316 7315
7316 7314 7313
24526 7296 7295
24529 7317 7301
7300 24530 24528
24530 7300 7318
7319 7320 7310
7288 24524 7318
24524 24530 7318
7321 7309 7306
7309 7321 7304
7301 7302 7303
7302 7301 7317
7305 7308 7304
7311 7319 7310
7311 7315 7319
7315 7311 7314
7306 7307 7321
7290 7292 7289
7299 7322 7297
7323 7286 7324
7286 7323 7285
24531 24532 24533
24532 24531 24534
24535 24536 24537
24536 24535 24538
24539 24540 24541
24540 24539 24542
24543 24544 24545
24544 24543 24546
24547 24548 24549
24548 24547 24550
24551 24536 24552
24536 24551 24537
24553 24554 24555
24554 24553 24556
24534 24540 24532
24540 24534 24541
24546 24554 24544
24554 24546 24555
24557 24558 24559
24558 24557 24560
24561 24562 24563
24562 24561 24564
24565 24566 24567
24566 24565 24568
24569 24570 24571
24570 24569 24572
24573 24574 24575
24574 24573 24576
24577 24578 24579
24578 24577 24580
24581 24558 24560
24558 24581 24582
24580 24570 24578
24570 24580 24571
24563 24574 24576
24574 24563 24562
7326 24583 7327
24583 7326 7325
7328 24583 24584
24583 7328 7327
7330 24585 24586
24585 7330 7329
7332 24587 24588
24587 7332 7331
24589 7333 24590
7333 24589 7334
7334 24591 7335
24591 7334 24589
24592 24593 7336
24593 24592 24594
7337 24595 7338
24595 7337 24596
7338 24597 7339
24597 7338 24595
7340 24598 7341
24598 7340 24599
24600 24601 7342
24601 24600 24602
7332 24603 7343
24603 7332 24588
7330 24587 7331
24587 7330 24586
7344 24584 24604
24584 7344 7328
7344 24605 24606
24605 7344 24604
7339 24599 7340
24599 7339 24597
24607 24608 24609
24608 24607 7345
7346 24608 7345
24608 7346 24610
7347 24611 7348
24611 7347 24612
7349 24613 7350
24613 7349 24614
7351 24615 7352
24615 7351 24616
24617 24618 24619
24618 24617 7353
24620 24621 24622
24621 24620 7354
7356 24623 24624
24623 7356 7355
7355 24625 24623
24625 7355 7357
7358 24626 7359
24626 7358 24627
24628 24629 24630
24629 24628 24631
7360 24614 7349
24614 7360 24632
7347 24613 24612
24613 7347 7350
7361 24610 7346
24610 7361 24633
7361 24634 24633
24634 7361 24635
7357 24626 24625
24626 7357 7359
24636 24637 24638
24637 24636 24639
24640 24641 24642
24641 24640 24643
7362 24644 24645
24644 7362 24646
24647 24648 24649
24650 7259 7277
24651 7317 24529
24652 24653 7363
24644 24646 24654
24655 7364 24656
24648 7363 24653
7363 24648 24647
24657 7363 24658
7363 24657 24659
7362 7364 24660
24646 7362 24661
24658 7363 24647
7364 24662 24663
24660 7364 24663
24652 7364 24655
24652 7363 7364
24656 7362 24645
24656 7364 7362
24662 7363 24659
24664 24657 24665
24657 24664 24659
24666 7362 24667
7362 24666 24661
24668 24669 24670
24668 24670 24671
24672 24670 24673
24670 24672 24671
24674 24666 24667
24666 24674 24675
24676 24674 24677
24674 24676 24675
24678 24677 24679
24680 24678 24679
24678 24680 24681
7364 7363 24662
7362 24660 24667
7365 7367 7366
7368 7370 7369
7371 7373 7372
7374 7370 7368
7376 7377 7371
7377 7376 7375
7379 7378 7380
7378 7379 7374
7381 7374 7368
7374 7381 7378
7382 7371 7383
7371 7382 7376
7371 7377 7373
7372 7383 7371
7384 7365 7372
7372 7380 7378
7380 7372 7373
7384 7378 7381
7378 7384 7372
7372 7365 7383
7366 7383 7365
7383 7366 7382
7365 7384 7385
7365 7386 7367
7385 7386 7365
7387 7389 7388
7390 7392 7391
7393 7394 7373
7395 7390 7391
7377 7396 7393
7396 7377 7375
7379 7397 7395
7397 7379 7380
7395 7398 7390
7398 7395 7397
7400 7393 7396
7393 7400 7399
7393 7373 7377
7394 7393 7399
7401 7394 7387
7380 7394 7397
7394 7380 7373
7397 7401 7398
7401 7397 7394
7394 7399 7387
7399 7389 7387
7389 7399 7400
7387 7402 7401
7387 7388 7403
7402 7387 7403
24682 7405 24683
7405 24682 7404
24684 7407 24685
7407 24684 7406
24686 7408 24687
7408 24686 24688
24689 7409 24690
7409 24689 24691
24692 7410 7411
7410 24692 24693
24691 7412 7409
7412 24691 24694
24687 7413 24695
7413 24687 7408
24696 7410 24693
7410 24696 7414
24697 7413 7415
7413 24697 24695
24683 7414 24696
7414 24683 7405
24698 7415 7416
7415 24698 24697
24699 24700 24701
24700 24699 7417
24702 7416 24703
7416 24702 24698
24704 7418 7419
7418 24704 24705
24706 7420 7421
7420 24706 24707
24708 24709 7422
24709 24708 24710
24711 7423 24712
7423 24711 24713
24714 7424 24715
7424 24714 24716
24712 7412 24694
7412 24712 7423
24707 7425 7420
7425 24707 24717
24715 7426 24718
7426 24715 7424
24719 7425 24717
7425 24719 7427
24705 7426 7418
7426 24705 24718
24720 7427 24719
7427 24720 7428
24721 24722 7429
24722 24721 24723
24724 7428 24720
7428 24724 24725
24726 7430 24727
24728 7431 24729
24730 24731 24732
24731 24730 24733
24728 24734 7432
24729 7431 24726
24735 24736 24737
24738 7432 24739
7432 24738 7431
24738 7430 7431
7430 24738 24736
24739 24740 24741
24742 24743 24744
24743 24742 24745
24732 7432 24734
7432 24732 24746
24746 24732 24731
24740 7432 24746
24739 7432 24740
24747 24741 24748
24741 24747 24739
24749 7430 24735
24745 24749 24743
24745 7430 24749
7430 24745 24727
24735 7430 24736
24750 24737 24736
24737 24750 24751
7433 7435 7434
7435 7433 7436
7437 7439 7438
7438 7440 7437
24752 24753 24754
24753 24752 24755
24756 24757 24758
24757 24756 24759
24760 24761 24762
24761 24760 24763
24764 24765 24766
24765 24764 24767
7442 7444 7443
7444 7442 7441
7446 7448 7447
7448 7446 7445
7447 7441 7442
7441 7447 7448
7450 7448 7445
7448 7450 7449
7449 7452 7451
7451 7441 7449
7441 7451 7444
7452 7449 7450
7447 7454 7446
7454 7447 7453
7453 7456 7455
7442 7456 7453
7456 7442 7443
7455 7454 7453
7458 7460 7459
7460 7458 7457
7457 7462 7461
7464 7462 7457
7462 7464 7463
7461 7460 7457
24768 7466 7465
7466 24768 24769
24770 7468 24771
7468 24770 7467
24769 7468 7466
7468 24769 24771
7470 7468 7467
7468 7470 7469
7469 7472 7471
7471 7466 7469
7466 7471 7465
7472 7469 7470
24772 24773 24774
24773 24772 24775
24776 24777 24778
24777 24776 24779
24780 24781 24782
24781 24780 24783
24784 24785 24786
24785 24784 24787
24788 24789 24790
24789 24788 24791
24792 24793 24794
24793 24792 24795
24796 24789 24797
24789 24796 24790
24798 24786 24799
24786 24798 24784
24800 24801 24802
24801 24800 24803
24804 24805 24806
24805 24804 24807
24808 24809 24810
24809 24808 24811
24812 24813 24814
24813 24812 24815
24816 24817 24818
24817 24816 24819
24820 24817 24819
24817 24820 24821
24822 24823 24824
24823 24822 24825
24826 24811 24808
24811 24826 24827
7473 7475 7474
7475 7473 7476
7477 7479 7478
7478 7480 7477
24828 24829 24830
24829 24828 24831
24832 24833 24834
24833 24832 24835
24836 24837 24838
24837 24836 24839
24840 24841 24842
24841 24840 24843
7284 7287 7283
7287 7284 7257
24669 24664 24665
24664 24669 24668
7333 24603 24590
24603 7333 7343
24632 7352 24615
7352 24632 7360
7322 7291 7289
7291 7322 7299
24676 24677 24678
24430 24844 24845
24844 24430 24432
7210 24846 7211
24846 7210 24847
6895 24847 7210
24847 6895 6894
7481 7483 7482
7485 7486 7481
7486 7487 7488
7487 7486 7485
7487 7490 7488
7490 7487 7489
7489 7492 7490
7492 7489 7491
7493 7494 7491
7493 7496 7494
7496 7493 7495
7497 7498 7495
7497 7500 7498
7500 7497 7499
7503 7501 7504
7501 7503 7502
24848 7505 24849
7505 24848 7506
7507 7486 7508
7486 7507 7484
7509 7484 7507
7484 7509 7483
7511 7483 7509
7483 7511 7510
7512 7511 7513
7513 7514 7512
7514 7513 7515
7515 7516 7514
7516 7515 7517
7517 7518 7516
7518 7517 7519
7519 7504 7518
7504 7519 7503
7506 7520 7505
7520 7506 7521
7523 7520 7521
7520 7523 7522
7524 7522 7523
7522 7524 7492
7525 7492 7524
7492 7525 7490
7526 7490 7525
7490 7526 7488
7508 7488 7526
7488 7508 7486
7510 7482 7483
7482 7510 7527
7512 7527 7510
7527 7512 7528
7528 7530 7529
7532 7529 7530
7529 7532 7531
7534 7531 7532
7531 7534 7533
7537 7535 7533
7535 7537 7536
7504 7539 7538
7539 7504 7501
7542 7540 7543
7540 7542 7541
7544 7541 7545
7541 7544 7540
7546 7545 7547
7545 7546 7544
7542 7549 7548
7549 7542 7543
7548 7551 7550
7551 7548 7549
7550 7553 7552
7553 7550 7551
7552 7555 7554
7555 7552 7553
7554 7557 7556
7557 7554 7555
7559 7561 7560
7561 7559 7558
7562 24850 7563
24850 7562 24851
7565 7567 7566
7567 7565 7564
24852 7569 7568
7569 24852 24853
7568 7571 7570
7571 7568 7569
7566 7573 7572
7573 7566 7567
7576 7574 7577
7574 7576 7575
7578 7575 7579
7575 7578 7574
7580 7579 7581
7579 7580 7578
7576 7583 7582
7583 7576 7577
7582 7585 7584
7585 7582 7583
7584 7587 7586
7587 7584 7585
7586 7589 7588
7589 7586 7587
7588 7570 7571
7570 7588 7589
7590 7573 7591
7573 7590 7572
7592 7591 7593
7591 7592 7590
7594 7593 7595
7593 7594 7592
7581 7595 7580
7595 7581 7594
7596 7547 7597
7547 7596 7546
7598 7597 7599
7597 7598 7596
7600 7599 7601
7599 7600 7598
7602 7601 7603
7601 7602 7600
7563 7603 7562
7603 7563 7602
7605 24854 24855
24854 7605 7604
7604 24856 24854
24856 7604 7606
7606 24857 24856
24857 7606 7607
7608 24857 7607
24857 7608 24858
24859 24860 7609
7610 24859 7609
24859 7610 24861
24862 24861 7611
7612 24862 7611
24862 7612 24863
24864 7613 24865
7613 24864 7614
24866 7615 24867
7615 24866 24868
7604 24869 7606
7604 24870 24871
24870 7604 7605
7605 24872 24870
24872 7605 7616
24872 7617 24873
7617 24872 7616
24873 7618 24874
7618 24873 7617
24874 7619 24875
7619 24874 7618
24875 7620 24876
7620 24875 7619
24876 7614 24864
7614 24876 7620
24867 7621 24877
7621 24867 7615
7621 24878 24877
24878 7621 7622
7622 24879 24878
24879 7622 7623
7623 24880 24879
24880 7623 7608
7608 24881 24880
24881 7608 7607
7607 24869 24881
24869 7607 7606
24855 7616 7605
7616 24855 24882
7617 24882 24883
24882 7617 7616
24883 24884 7624
7625 24884 24885
24884 7625 7624
7625 7627 7626
7627 7625 24885
7628 24886 24887
24886 7628 7627
7629 7614 7630
7614 7629 7613
7541 7482 7545
7482 7541 7481
7541 7485 7481
7485 7541 7542
7542 7487 7485
7487 7542 7548
7548 7489 7487
7489 7548 7550
7550 7491 7489
7491 7550 7552
7552 7493 7491
7493 7552 7554
7554 7495 7493
7495 7554 7556
7556 7497 7495
7497 7556 7559
7559 7499 7497
7499 7559 7560
7569 7502 7503
7502 7569 24853
7565 7506 24848
7506 7565 7566
7575 7508 7579
7508 7575 7507
7576 7507 7575
7507 7576 7509
7582 7509 7576
7509 7582 7511
7582 7513 7511
7513 7582 7584
7584 7515 7513
7515 7584 7586
7586 7517 7515
7517 7586 7588
7588 7519 7517
7519 7588 7571
7571 7503 7519
7503 7571 7569
7566 7521 7506
7521 7566 7572
7590 7521 7572
7521 7590 7523
7590 7524 7523
7524 7590 7592
7594 7524 7592
7524 7594 7525
7581 7525 7594
7525 7581 7526
7579 7526 7581
7526 7579 7508
7545 7527 7547
7527 7545 7482
7547 7528 7597
7528 7547 7527
7597 7529 7599
7529 7597 7528
7599 7531 7601
7531 7599 7529
7603 7536 7562
7536 7603 7535
24851 7536 24888
7536 24851 7562
7491 7522 7492
7522 7491 7494
7494 7520 7522
7520 7494 7496
7496 7505 7520
7505 7496 7631
7631 24849 7505
24849 7631 24889
7530 7512 7514
7512 7530 7528
7532 7514 7516
7514 7532 7530
7534 7516 7518
7516 7534 7532
7538 7518 7504
7518 7538 7534
7538 24890 7537
24890 7538 7539
7623 24858 7608
24858 7623 24860
7609 7623 7622
7623 7609 24860
7610 7622 7621
7622 7610 7609
7615 7610 7621
7610 7615 7632
24868 7632 7615
7632 24868 24891
7617 7624 7618
7624 7617 24883
7618 7625 7619
7625 7618 7624
7619 7626 7620
7626 7619 7625
7620 7630 7614
7630 7620 7626
24892 7630 7628
7630 24892 7629
7495 7631 7496
7631 7495 7498
7498 24889 7631
24889 7498 7500
7533 7535 7531
7537 7534 7538
7534 7537 7533
7556 7558 7559
7558 7556 7557
7632 24861 7610
24861 7632 7611
24891 7611 7632
7611 24891 7612
24885 24886 7627
7626 7628 7630
7628 7626 7627
7601 7535 7603
7535 7601 7531
7536 24890 24888
24890 7536 7537
24892 24887 24893
24887 24892 7628
7633 7635 7634
24894 24895 7636
24896 24897 7637
24898 24899 24900
24901 7638 24902
24903 24904 24905
24906 24907 24908
24909 24910 24911
7639 7641 7640
24912 24913 7642
24914 24915 7643
24916 24917 24918
24919 7644 24920
24921 24922 24923
24924 24925 24926
24927 24928 24929
7645 7647 7646
24930 24931 7648
24932 24933 7649
24934 24935 24936
24937 7650 24938
24939 24940 24941
24942 24943 24944
24945 24946 24947
7652 7654 7653
7654 7652 7651
7657 7655 7658
7655 7657 7656
7659 7656 7660
7656 7659 7655
7655 7661 7658
7663 7656 7657
7656 7663 7662
7662 7660 7656
7660 7662 7664
7667 7665 7668
7665 7667 7666
7669 24948 7670
24948 7669 24949
7672 7674 7673
7674 7672 7671
7675 24950 7676
7664 7673 7677
7673 7664 7662
7663 7673 7662
7673 7663 7672
7679 7666 7667
7666 7679 7678
7680 7660 7681
7660 7680 7659
7664 7681 7660
7681 7664 7682
7677 7685 7684
7685 7677 7683
7682 7677 7684
7677 7682 7664
7687 7689 7688
7689 7687 7686
24951 7691 24952
7691 24951 7690
7692 7688 7693
7688 7692 7687
7694 7693 7695
7693 7694 7692
7698 7696 7651
7696 7698 7697
7699 7681 7700
7681 7699 7680
7679 7701 7678
7701 7679 7702
7659 7703 7655
7703 7659 7704
7704 7705 7703
7705 7704 7706
24953 7707 7708
7707 24953 24954
7683 7673 7674
7673 7683 7677
7708 7705 7706
7705 7708 7707
7704 7709 7706
7709 7704 7710
7709 7708 7706
7708 7709 7711
24953 7711 24955
7711 24953 7708
7710 7659 7680
7659 7710 7704
7712 7680 24956
7680 7712 7710
7713 7710 7712
7710 7713 7709
7711 7713 7714
7713 7711 7709
7715 7668 7700
7668 7715 7667
7679 7715 7702
7715 7679 7667
7668 7699 7700
7699 7668 7665
7685 7702 7684
7702 7685 7701
7712 24949 7669
24949 7712 24956
7714 24955 7711
24955 7714 24957
7713 7669 7670
7669 7713 7712
7713 7716 7714
7716 7713 7670
7691 7697 7698
7697 7691 7690
7716 24948 24958
24948 7716 7670
24958 7714 7716
7714 24958 24957
7682 7700 7681
7700 7682 7715
7715 7684 7702
7684 7715 7682
7717 7651 7696
7651 7717 7654
7718 7651 7652
7651 7718 7698
7695 7720 7719
7720 7695 7693
24959 7695 24960
7695 24959 7694
7721 24952 7691
7688 24961 7722
24961 7688 7689
7722 7693 7688
7693 7722 7720
7723 7698 7718
7698 7723 7691
7675 7724 24954
7726 7675 7676
7675 7726 7725
7725 7727 7661
7727 7725 7726
7705 7724 7728
7724 7705 7707
7728 7703 7705
7703 7728 7729
7729 7725 7661
7725 7729 7728
7725 7724 7675
7724 7725 7728
7655 7703 7729
7655 7729 7661
7724 7707 24954
7661 7727 7658
7675 24954 24950
7732 7730 7733
7730 7732 7731
7736 7734 7737
7734 7736 7735
24962 7738 7739
7738 24962 24963
7738 7741 7739
7741 7738 7740
7732 7743 7742
7743 7732 7733
7736 7745 7735
7745 7736 7744
7748 7746 7749
7746 7748 7747
7750 7748 7751
7748 7750 7747
7752 7754 7753
24964 7756 7755
7756 24964 24965
7740 7751 7741
7751 7740 7750
7745 7755 7756
7755 7745 7744
7749 7742 7743
7742 7749 7746
7757 7759 7758
7762 7760 7763
7760 7762 7761
7764 7762 7770
7762 7764 7761
7765 24966 24967
7766 24966 7767
24966 7766 24968
7763 7768 7762
7768 7763 7769
7770 7768 7771
7768 7770 7762
7772 7775 7774
7773 24969 7776
7776 7778 7773
7772 7777 7779
7777 7772 24970
7781 7783 7782
7783 7781 7780
7767 7784 7766
7784 7767 7785
7783 7786 7782
7786 7783 7787
7772 7788 7775
7788 7772 7779
7789 7791 7790
24971 7793 7829
7793 24971 7792
7794 7796 7795
24972 7798 7799
7798 24972 7797
7800 7798 7801
7798 7800 7799
7803 24973 24974
24973 7803 7802
7804 7741 7751
7768 7797 7771
7797 7768 7798
7769 7798 7768
7798 7769 7801
7778 7806 7805
7806 7807 7805
7808 24975 7809
7777 7808 7779
7808 7777 24976
7781 7810 7796
7810 7781 7782
7784 7802 7803
7802 7784 7785
7808 7788 7779
7788 7808 7809
7782 7811 7810
7811 7782 7786
7813 7764 7770
7764 7813 7812
7813 7771 7814
7771 7813 7770
7815 7771 7797
7771 7815 7814
7801 24971 7800
24971 7801 7792
7816 24974 7789
24974 7816 7803
7803 7817 7784
7817 7803 7816
7818 7801 7769
7801 7818 7792
7766 7817 7819
7817 7766 7784
7818 7763 7820
7763 7818 7769
24968 7819 7821
7819 24968 7766
24977 7763 7760
7763 24977 7820
7776 7812 7813
7812 7776 24969
7822 24977 24978
24977 7822 7820
7739 7741 7804
7823 7743 7733
7824 7810 7811
7810 7824 7795
7815 24972 24979
24972 7815 7797
7765 7785 7767
7785 7765 7825
7794 7785 7825
7785 7794 7802
7783 24980 7787
24980 7783 24967
7774 7787 24980
7787 7774 7775
7786 7775 7788
7775 7786 7787
7786 7809 7811
7809 7786 7788
7806 24979 7807
24979 7806 7815
7809 7824 7811
7824 7809 24975
7778 7813 7814
7813 7778 7776
7778 7815 7806
7815 7778 7814
7749 7743 7823
7826 7816 7790
7816 7826 7817
7826 7819 7817
7819 7826 7827
7827 7828 7757
7828 7827 7826
7828 7790 7791
7790 7828 7826
7821 7819 7827
7757 7821 7827
7789 24981 7791
7789 7790 7816
7757 7758 7821
24981 7830 7791
7780 7825 7765
7825 7780 7781
7825 7796 7794
7796 7825 7781
24967 7783 7780
24967 7780 7765
7795 24973 7794
7796 7810 7795
7765 7767 24966
24973 7802 7794
7833 7831 7834
7831 7833 7832
7835 7836 7831
7838 7832 7833
7832 7838 7837
7840 7842 7841
7842 7840 7839
7844 7842 7839
7842 7844 7843
7846 7837 7838
7837 7846 7845
7848 7850 7849
7850 7848 7847
7851 7847 7852
7847 7851 7850
7853 7855 7854
7858 7856 7855
7856 7858 7857
7859 7861 7860
7864 7862 7865
7862 7864 7863
7867 7869 7868
7869 7867 7866
7870 7868 7871
7874 7872 7875
7872 7874 7873
7871 7868 7869
7871 7869 7876
7877 7879 7878
7879 7877 7870
7881 7872 7873
7872 7881 7880
7882 7877 7878
7882 7878 7883
7884 7886 7885
7886 7871 7876
7888 7882 7883
7882 7888 7887
7878 7890 7889
7890 7892 7889
7892 7890 7891
7892 7891 7893
7893 7891 7894
7893 7894 24982
7895 7894 7891
7897 7894 7895
7894 7897 7896
7895 7754 7897
7754 7895 7898
7719 7851 7899
7851 7719 7720
7722 7900 7850
7900 7722 24961
7850 7720 7722
7720 7850 7851
7901 7903 7902
7903 7901 7849
24983 7905 24984
7905 24983 7904
7860 7861 7906
7908 7854 7909
7854 7908 7907
7865 7908 7909
7908 7865 7862
7862 7911 7908
7911 7862 7910
7913 7912 7914
7912 7913 7910
7910 7863 7912
7863 7910 7862
7915 7904 7723
7914 7846 7916
7846 7914 7912
7912 7845 7846
7845 7912 7863
7908 7911 7907
7917 7906 7918
7919 7718 7652
7915 7718 7919
7718 7915 7723
7847 7920 7921
7920 7847 7848
7922 7653 7923
7653 7922 7652
7904 7915 7924
7925 7927 7926
7926 7874 7875
7928 7880 7881
7929 7928 7930
7904 24985 7723
24985 7904 24983
7919 7931 7915
7910 7932 7911
7932 7910 7913
7899 7852 7933
7852 7899 7851
7899 24986 24987
24986 7899 7933
7852 7935 7933
7935 7852 7934
7836 7936 7921
7831 7921 7920
7935 7938 7937
7940 7942 7941
7942 7940 7939
24988 24989 24990
7944 7946 7945
7946 7944 7943
24991 7947 24992
7947 24991 7948
7949 24991 7950
7952 7954 7953
7954 7952 7951
7955 24993 7956
7957 24993 7958
24993 7957 24994
7946 7959 7960
7959 7946 7943
7953 7961 7962
7961 7953 7954
7963 7965 7964
7965 7967 7964
7966 7968 24995
7968 7966 7969
7971 7973 7972
7973 7971 7970
7958 7974 7957
7974 7958 7975
7976 7948 7977
7948 7976 7947
7978 7973 7979
7973 7978 7972
7981 7968 7969
7968 7981 7980
7984 7982 7985
7982 7984 7983
7987 24996 24997
24996 7987 7986
7986 7988 24996
7988 7986 24998
24999 7983 7984
7983 24999 25000
7985 7990 7989
7991 7993 7992
7995 7997 7996
7997 7995 7994
25001 7998 7999
7998 25001 25002
7960 7986 7987
7986 7960 7959
7994 7961 7997
7961 7994 7962
8000 7967 8001
8001 8002 8000
7993 7972 8003
7972 7993 7971
7999 7974 7975
7974 7999 7998
7983 7977 7982
7977 7983 7976
8005 7981 7969
7981 8005 8004
8006 7972 7978
7972 8006 8003
8007 8008 25003
8007 8009 8011
8009 8007 8010
8011 8012 8013
8012 8011 8009
25004 7997 8014
8015 7997 7961
7997 8015 8014
8017 7957 7974
7957 8017 8016
8015 7954 8018
7954 8015 7961
24994 8016 7950
7954 7951 25005
7965 8008 8007
8008 7965 7963
8019 7977 7949
7977 8019 7990
8020 8003 8006
8003 8020 7992
25006 8013 8012
7955 7975 7958
7975 7955 8021
7975 7991 7999
7991 7975 8021
7973 25007 7979
25007 7973 7956
25008 7979 25007
7979 25008 7980
7979 7981 7978
7981 7979 7980
7978 8004 8006
8004 7978 7981
25009 8001 8013
8001 25009 8002
25010 8006 8004
8006 25010 8020
8004 8005 25010
7968 25008 24995
8005 7966 25011
7966 8005 7969
7967 8007 8011
8007 7967 7965
8013 7967 8011
7967 8013 8001
7853 7859 8022
7719 24987 24960
7935 24986 7933
24986 7935 8023
7915 8024 7924
8025 8024 7931
8026 7918 8027
8028 8030 8029
7863 7864 8031
7860 7917 7922
7864 8033 8032
8033 7864 7865
7841 8031 7864
7841 8034 8031
7842 7843 7836
7835 8034 7842
8035 7934 7936
7934 8035 7938
7848 7901 8036
7901 7848 7849
8036 7920 7848
7920 8036 8037
8037 7834 7920
7834 8038 7833
8038 7834 8039
8040 7833 8038
7838 8040 8041
7838 7916 7846
7916 7838 8041
8042 7925 7926
7875 8042 7926
7872 8042 7875
25012 8044 8043
8045 8047 8046
7745 8047 7735
8048 25002 7989
8017 7998 8048
7998 8017 7974
8049 8048 8050
8048 8049 8017
8049 8016 8017
8016 8049 8051
8042 8052 7925
8052 7927 7925
7927 8052 8053
7939 8052 7942
8052 7939 8053
8054 8046 8047
8054 8055 8046
8055 8054 8056
7929 8056 8054
8056 7929 7930
25013 8043 8044
7938 8035 8057
8022 7855 7853
7855 8022 7858
7854 7856 7909
7856 7854 7855
7852 7847 7921
25014 8058 7859
7937 8023 7935
8023 7937 25015
8059 7938 8057
7938 8059 7937
8028 8029 8027
7915 7931 8024
8028 7911 8030
7911 7932 8030
7861 7854 7907
7906 8028 7918
8028 7906 7907
8026 8025 7918
7918 8028 8027
8025 7931 7918
7849 7900 7903
7900 7849 7850
8051 8019 7949
8019 8051 8049
8019 8050 7990
8050 8019 8049
7950 8016 8051
7950 8051 7949
8050 8048 7989
7990 8050 7989
7985 7982 7990
7949 7948 24991
7970 8021 7955
8021 7970 7971
7993 8021 7971
8021 7993 7991
7956 7973 7970
7956 7970 7955
7992 25001 7991
7993 8003 7992
7955 7958 24993
25001 7999 7991
8018 7960 8015
7960 8018 7946
7946 25005 7945
7960 8014 8015
8014 7960 7987
7987 25004 8014
7962 8012 8009
8012 7962 7994
25003 7952 7953
7994 25006 8012
7962 8010 7953
8010 7962 8009
25016 7874 7926
7874 25016 25017
7926 25018 25016
25018 7926 7927
7881 25019 7928
25019 7881 8060
25019 7930 7928
7930 25019 25020
8061 8045 8055
8045 8061 7734
8045 8046 8055
7735 8045 7734
24982 7892 7893
7892 24982 25021
25022 7882 7887
7882 25022 7877
7896 24982 7894
24982 7896 25023
7898 7753 7754
7866 7876 7869
7876 7866 25024
7865 7856 8033
7856 7865 7909
8033 7857 8062
7857 8033 7856
8065 8063 8066
8063 8065 8064
8067 8069 8068
8071 25025 25026
25025 8071 8070
8073 8075 8074
8075 8073 8072
8072 8076 8075
8077 25027 25028
8078 25027 8079
25027 8078 25029
8081 8070 8071
8070 8081 8080
8082 8073 8083
8073 8082 8072
8084 8082 8085
8082 8084 8072
8086 8089 8088
25030 8090 8087
8090 8092 8087
8086 8091 8093
8091 8086 25031
8095 8097 8096
8097 8095 8094
8079 8098 8078
8098 8079 8099
8064 8101 8063
8101 8064 8100
8103 8096 8097
8096 8103 8102
8104 8086 8093
8086 8104 8089
8105 8107 8106
8108 8109 25032
8112 8110 8113
8110 8112 8111
8115 8112 8113
8112 8115 8114
8116 8118 8117
8119 8120 25033
8120 8121 8123
8121 8120 8122
8125 25034 25035
25034 8125 8124
8111 8081 8110
8081 8111 8080
8108 8127 8109
8127 8108 8126
8120 8085 8082
8085 8120 8119
8082 8122 8120
8122 8082 8083
8128 8092 8129
8130 8128 8129
25036 8132 8131
8131 8091 25037
8091 8131 8093
8095 8133 8117
8133 8095 8096
8098 8124 8125
8124 8098 8099
8101 8114 8115
8114 8101 8100
8104 8131 8132
8131 8104 8093
8096 8134 8133
8134 8096 8102
8135 8076 8136
8085 8136 8084
8136 8085 8137
8138 8085 8119
8085 8138 8137
8139 25035 8106
25035 8139 8125
8125 8140 8098
8140 8125 8139
25030 8136 8090
8136 25030 8135
8141 25038 25039
8127 8142 8141
8142 8127 8126
8143 8133 8134
8133 8143 8116
8138 8119 25033
8099 8077 8144
8077 8099 8079
8118 8099 8144
8099 8118 8124
25040 8097 25028
8097 25040 8103
8088 8103 25040
8103 8088 8089
8089 8102 8103
8102 8089 8104
8132 8102 8104
8102 8132 8134
8138 8130 8129
8130 8138 25041
8134 25036 8143
25036 8134 8132
8136 8092 8090
8092 8136 8137
8129 8137 8138
8137 8129 8092
8146 8105 8147
8105 8146 8145
8146 8067 8145
8067 8146 8148
8150 8151 8140
8151 8150 8149
8139 8150 8140
8150 8139 8107
25032 8122 8108
8108 8083 8126
8083 8108 8122
8078 8140 8151
8140 8078 8098
8083 8142 8126
8142 8083 8073
8151 25029 8078
25029 8151 8068
25038 8073 8074
8149 8145 8067
8145 8149 8150
8107 8145 8150
8145 8107 8105
8068 8151 8149
8067 8068 8149
8106 8152 8105
8107 8139 8106
8067 8148 8069
8152 8147 8105
8094 8144 8077
8144 8094 8095
8095 8118 8144
8118 8095 8117
25028 8097 8094
25028 8094 8077
8116 25034 8118
8116 8117 8133
8077 8079 25027
25034 8124 8118
8155 8153 8156
8153 8155 8154
8158 25042 25043
25042 8158 8157
8159 8161 8160
8162 8164 8163
25044 8165 25045
8167 8157 8158
8157 8167 8166
8162 8170 8169
8170 8162 8168
8171 8174 8173
8172 25046 8175
8175 8177 8176
8171 25047 8178
25047 8171 25048
8180 8165 8181
8165 8180 8179
8154 8183 8153
8183 8154 8182
8186 8184 8187
8184 8186 8185
8188 8171 8178
8171 8188 8174
8191 8189 8192
8189 8191 8190
8194 8191 8192
8191 8194 8193
8195 8197 8196
8198 8199 25049
8200 8202 8201
8203 8205 8204
8190 8167 8189
8167 8190 8166
8198 8207 8199
8207 8198 8206
8201 8168 8200
8168 8201 8170
8176 8177 8209
8210 8208 8209
25050 8212 8211
8211 25047 25051
25047 8211 8178
8204 8181 8203
8181 8204 8180
8183 8193 8194
8193 8183 8182
8188 8211 8212
8211 8188 8178
8214 8187 8184
8187 8214 8213
8164 8216 8215
8170 8216 8169
8216 8170 8217
8170 8218 8217
8218 8170 8201
8205 8219 8204
8219 8205 8220
25052 8200 8221
8200 25052 25053
8220 8222 8219
8222 8220 8196
8224 8219 8222
8219 8224 8223
8226 8168 8162
8168 8226 8225
8215 8175 25046
8175 8215 8216
8227 25054 25055
8207 8228 8227
8228 8207 8206
8159 8231 8230
8231 8159 8229
8195 8231 8229
8231 8195 8232
8213 8233 25056
8233 8213 8214
8202 8218 8201
8235 8186 8187
8186 8235 8234
25056 8203 8236
8213 8235 8187
8235 8213 8236
8186 25057 8185
25057 8186 25044
25057 8174 8185
8174 25057 8173
8174 8184 8185
8184 8174 8188
8212 8184 8188
8184 8212 8214
8218 8210 8209
8210 8218 25058
8212 8233 8214
8233 8212 25050
8162 8237 8226
8237 8162 8163
8177 8216 8217
8216 8177 8175
8177 8218 8209
8218 8177 8217
8223 8204 8219
8204 8223 8180
8238 8180 8223
8180 8238 8179
8238 25045 8179
25045 8238 25059
8221 8168 8225
8168 8221 8200
8239 8222 8197
8222 8239 8224
8241 8224 8239
8224 8241 8240
25049 8221 8198
8225 8198 8221
8198 8225 8206
8238 8224 8240
8224 8238 8223
8225 8228 8206
8228 8225 8226
8240 25059 8238
25059 8240 8160
25054 8226 8237
8159 8239 8229
8239 8159 8241
8239 8195 8229
8195 8239 8197
8160 8240 8241
8160 8241 8159
8196 8242 8195
8197 8222 8196
8159 8230 8161
8242 8232 8195
8235 8165 8234
8165 8235 8181
8236 8181 8235
8181 8236 8203
25044 8186 8234
25044 8234 8165
25056 8236 8213
8165 8179 25045
8203 25056 8205
7859 8243 8022
7859 7853 7861
25014 7859 7860
8059 25015 7937
25015 8059 8244
7859 25060 8243
25060 7859 8058
7735 8047 8045
7719 24960 7695
7719 7899 24987
7721 7723 24985
7721 7691 7723
7946 8018 25005
7954 25005 8018
7987 24997 25004
25004 7996 7997
8227 8228 25054
25054 8228 8226
7994 7995 25006
25006 25009 8013
25003 7953 8010
8007 25003 8010
8162 8169 8164
8164 8169 8216
25053 8202 8200
8202 25058 8218
25049 8199 25061
25049 25052 8221
8141 8142 25038
25038 8142 8073
25032 8109 25062
25032 8121 8122
8072 8084 8076
8136 8076 8084
25033 8120 8123
8138 25033 25041
7833 8040 7838
8034 7841 7842
7831 7836 7921
7919 7652 7922
7917 7919 7922
7863 8031 7845
7864 8032 7841
7853 7854 7861
7861 7907 7906
7917 7860 7906
7878 7889 7883
7870 7871 7879
8032 8033 8062
8062 8245 8032
8246 7841 8032
7840 7841 8246
8037 8039 7834
7834 7831 7920
25063 8247 8248
8247 25063 25064
8251 8249 8252
8249 8251 8250
8254 8256 8255
8256 8254 8253
25065 8259 8258
8259 25065 8257
25066 8260 8261
8260 25066 25067
8263 8265 8264
8265 8263 8262
8267 8247 25064
8247 8267 8266
8251 8269 8268
8269 8251 8252
25068 8270 8271
8270 25068 25069
8274 8272 8275
8272 8274 8273
8277 8279 8278
8279 8277 8276
25070 8280 8281
8280 25070 25071
25072 8259 8282
8259 25072 8258
8284 8253 8254
8253 8284 8283
25073 8285 8286
8285 25073 25074
8288 8290 8289
8290 8288 8287
25075 8248 25076
8248 25075 25063
8292 8249 8250
8249 8292 8291
25068 8293 25077
8293 25068 8271
8273 8294 8272
8294 8273 8295
25072 8285 25074
8285 25072 8282
8284 8290 8283
8290 8284 8289
8277 8256 8276
8256 8277 8255
25070 8257 25065
8257 25070 8281
8297 8262 8263
8262 8297 8296
25078 8261 8298
8261 25078 25066
8278 8296 8297
8296 8278 8279
25078 8280 25071
8280 25078 8298
25073 8266 8267
8266 25073 8286
8288 8269 8287
8269 8288 8268
25077 8299 25079
8299 25077 8293
8301 8294 8295
8294 8301 8300
8302 8265 8303
8265 8302 8264
25080 8260 25067
8260 25080 8304
8305 8303 8306
8303 8305 8302
25081 8304 25080
8304 25081 8307
8308 8306 8309
8306 8308 8305
25082 8307 25081
8307 25082 8310
8301 8309 8300
8309 8301 8308
25079 8310 25082
8310 25079 8299
25083 25084 25085
25084 25083 25086
25087 25088 25089
25088 25087 25090
25091 25092 25093
25092 25091 25094
25095 25096 25097
25096 25095 25098
25099 25100 25101
25098 25099 25096
25099 25098 25100
25095 25090 25087
25090 25095 25097
25089 25094 25091
25094 25089 25088
25093 25102 25103
25102 25093 25092
25103 25104 25105
25104 25103 25102
25106 25107 25108
25107 25106 25109
25105 25109 25106
25109 25105 25104
25108 25110 25111
25110 25108 25107
25112 25113 25114
25113 25112 25115
25111 25113 25115
25113 25111 25110
25116 25114 25117
25114 25116 25112
25086 25117 25084
25117 25086 25116
25085 25118 25083
25118 25085 25119
25119 25120 25118
25120 25119 25121
25122 25121 25123
25124 8291 8292
8291 25124 25125
25126 25101 25127
25122 25120 25121
25099 25101 25126
7914 7916 25128
8030 25129 8029
25129 8030 25130
7924 25131 25132
25131 7924 8024
7905 25132 25133
25132 7905 7924
24984 25133 25134
25133 24984 7905
8036 25135 25136
25135 8036 7901
8037 25136 25137
25136 8037 8036
8039 8037 25137
25138 25139 25140
25141 25142 25143
25139 25144 25140
25141 25143 25145
7860 7923 25014
7923 7860 7922
8034 7835 7832
8312 7857 7858
7857 8312 8311
7857 8313 8062
8313 7857 8311
8313 8314 8245
8315 7840 8246
7840 8316 7839
8316 7840 8315
7839 8317 7844
8317 7839 8316
8319 8244 8059
8244 8319 8318
25146 8243 25060
8243 25146 8320
8320 8022 8243
8022 8320 8321
8321 7858 8022
7858 8321 8312
8035 7844 8057
7936 7836 7843
8031 8034 7837
7845 8031 7837
7936 7934 7921
7832 7837 8034
7842 7836 7835
7843 8035 7936
7831 7832 7835
7852 7921 7934
7935 7934 7938
8054 25147 7929
7929 25147 7928
7928 25147 7880
7872 7880 25147
7911 8028 7907
7917 7918 7931
7919 7917 7931
7905 7904 7924
8039 25148 8038
25148 8039 25149
8038 25150 8040
25150 8038 25148
8040 25151 8041
25151 8040 25150
8041 25152 7916
25152 8041 25151
25128 7916 25152
25153 7914 25128
7914 25154 7913
25154 7914 25153
7913 25155 7932
25155 7913 25154
7932 25130 8030
25130 7932 25155
8029 25156 8027
25156 8029 25129
25156 8026 8027
8026 25156 25157
25157 8025 8026
8025 25157 25158
25158 8024 8025
8024 25158 25131
25159 7901 7902
7901 25159 25135
8039 25137 25149
7676 25160 25161
25160 7676 24950
25161 7726 7676
7726 25161 25162
7727 25162 25163
25162 7727 7726
7727 25164 7658
25164 7727 25163
7658 25165 7657
25165 7658 25164
25166 7657 25165
7657 25166 7663
7672 25166 25167
25166 7672 7663
7671 25167 25168
25167 7671 7672
8167 25169 25170
25169 8167 8158
25171 8189 25172
8189 25171 8192
8167 25172 8189
25172 8167 25170
25173 7943 24990
7943 25173 7959
8081 25174 25175
25174 8081 8071
25176 8110 25177
8110 25176 8113
25177 8081 25175
8081 25177 8110
24992 25178 25179
25178 24992 7947
7943 24988 24990
24988 7943 7944
7947 25180 25178
25180 7947 7976
7976 25000 25180
25000 7976 7983
8071 25181 25174
25181 8071 25026
8158 25182 25169
25182 8158 25043
25183 8063 25184
8063 25183 8066
25184 8101 25185
8101 25184 8063
8113 25186 8115
25186 8113 25176
8115 25185 8101
25185 8115 25186
25187 8153 25188
8153 25187 8156
25188 8183 25189
8183 25188 8153
8192 25190 8194
25190 8192 25171
8183 25190 25189
25190 8183 8194
7959 24998 7986
24998 7959 25173
25191 7732 25192
7732 25191 7731
25192 7742 25193
7742 25192 7732
25193 7746 25194
7746 25193 7742
25194 7747 25195
7747 25194 7746
25195 7750 25196
7750 25195 7747
7750 25197 25196
25197 7750 7740
7740 25198 25197
25198 7740 7738
7738 25199 25198
25199 7738 24963
7844 8322 8057
8322 7844 8317
8319 8057 8322
8057 8319 8059
8232 8242 8323
8324 8161 8230
8227 25055 25200
25201 25061 8199
8147 8152 8325
8326 8069 8148
25039 25202 8141
25203 25062 8109
7830 24981 8327
7791 8328 7828
8328 7791 7830
7757 8328 7759
8328 7757 7828
8329 7758 7759
7822 24978 25204
8330 7820 7822
7820 8330 7818
7792 8330 7793
8330 7792 7818
25205 7829 7793
25206 25207 25208
25207 25206 25209
25208 25210 25211
25210 25208 25207
25210 25212 25211
25212 25210 25213
25213 25214 25212
25214 25213 25215
25216 25217 25218
25217 25216 25219
25218 25220 25221
25220 25218 25217
25221 25222 25223
25222 25221 25220
25222 25224 25223
25224 25222 25225
25226 25227 25228
25227 25226 25229
25228 25230 25231
25230 25228 25227
25232 25233 25234
25233 25232 25235
25235 25236 25233
25236 25235 25237
25238 25239 25240
25239 25238 25241
25240 25242 25243
25242 25240 25239
25244 25245 25246
25245 25244 25247
25247 25248 25245
25248 25247 25249
25250 25251 25252
25251 25250 25253
25252 25254 25255
25254 25252 25251
25254 25256 25255
25256 25254 25257
25257 25258 25256
25258 25257 25259
25260 25261 25262
25261 25260 25263
25261 25264 25262
25264 25261 25265
25266 25267 25268
25267 25266 25269
25269 25270 25267
25270 25269 25271
24994 7957 8016
8048 7998 25002
7977 7948 7949
7982 7977 7990
8245 8062 8313
8032 8245 8246
8246 8245 8314
8315 8246 8314
8035 7843 7844
8333 8331 8334
8331 8333 8332
8332 8333 8335
8336 8334 8331
8337 8339 8338
8339 8337 8336
8340 8338 8341
8338 8340 8337
8342 8341 8343
8341 8342 8340
8345 8342 8343
8342 8345 8344
8344 8346 8342
8346 8344 8347
8340 8348 8337
8348 8340 8349
8351 8341 8338
8341 8351 8350
8353 8345 8343
8345 8353 8352
8349 8342 8346
8342 8349 8340
8350 8343 8341
8343 8350 8353
8348 8336 8337
8336 8348 8334
8354 8338 8339
8338 8354 8351
8357 8355 8358
8355 8357 8356
8358 8359 8357
8360 8355 8356
8361 8363 8362
8363 8361 8360
8362 8365 8364
8365 8362 8363
8364 8367 8366
8367 8364 8365
8368 8367 8369
8367 8368 8366
8369 8370 8371
8370 8369 8367
8365 8372 8373
8372 8365 8363
8364 8375 8362
8375 8364 8374
8368 8377 8366
8377 8368 8376
8367 8373 8370
8373 8367 8365
8366 8374 8364
8374 8366 8377
8372 8360 8356
8360 8372 8363
8362 8378 8361
8378 8362 8375
25272 25273 25274
25273 25272 25275
25276 25277 25278
25277 25276 25279
25280 25281 25282
25281 25280 25283
25284 25285 25286
25285 25284 25287
25288 25277 25289
25277 25288 25278
25290 25289 25291
25289 25290 25288
25292 25293 25294
25293 25292 25295
25296 25297 25298
25297 25296 25299
25300 25301 25302
25301 25300 25303
25304 25305 25306
25305 25304 25307
25296 25293 25299
25293 25296 25294
25302 25305 25307
25305 25302 25301
25275 25297 25273
25297 25275 25298
25308 25291 25309
25291 25308 25290
25310 25303 25300
25303 25310 25311
8381 8379 8382
8379 8381 8380
8382 8383 8381
8384 8379 8380
8385 8387 8386
8387 8385 8384
8386 8389 8388
8389 8386 8387
8388 8391 8390
8391 8388 8389
8345 8391 8344
8391 8345 8390
8344 8392 8347
8392 8344 8391
8389 8393 8394
8393 8389 8387
8388 8396 8386
8396 8388 8395
8345 8397 8390
8397 8345 8352
8391 8394 8392
8394 8391 8389
8390 8395 8388
8395 8390 8397
8393 8384 8380
8384 8393 8387
8386 8398 8385
8398 8386 8396
8401 8399 8402
8399 8401 8400
8400 8401 8403
8404 8402 8399
8405 8407 8406
8407 8405 8404
8408 8406 8409
8406 8408 8405
8410 8409 8411
8409 8410 8408
8368 8410 8411
8410 8368 8369
8369 8412 8410
8412 8369 8371
8408 8413 8405
8413 8408 8414
8416 8409 8406
8409 8416 8415
8417 8368 8411
8368 8417 8376
8414 8410 8412
8410 8414 8408
8415 8411 8409
8411 8415 8417
8413 8404 8405
8404 8413 8402
8418 8406 8407
8406 8418 8416
25312 25313 25314
25313 25312 25315
25316 25317 25318
25317 25316 25319
25320 25321 25322
25321 25320 25323
25324 25325 25326
25325 25324 25327
25328 25316 25318
25316 25328 25329
25330 25329 25328
25329 25330 25331
25332 25333 25334
25333 25332 25335
25336 25337 25338
25337 25336 25339
25340 25341 25342
25341 25340 25343
25304 25344 25345
25344 25304 25306
25337 25332 25334
25332 25337 25339
25344 25342 25345
25342 25344 25340
25314 25336 25338
25336 25314 25313
25346 25331 25330
25331 25346 25347
25343 25348 25341
25348 25343 25349
8419 8421 8420
8422 8424 8423
8425 8427 8426
8428 8422 8423
8430 8431 8425
8431 8430 8429
8434 8432 8428
8432 8434 8433
8428 8435 8422
8435 8428 8432
8437 8425 8431
8425 8437 8436
8425 8426 8430
8427 8425 8436
8438 8427 8419
8433 8427 8432
8427 8433 8426
8432 8438 8435
8438 8432 8427
8427 8436 8419
8436 8421 8419
8421 8436 8437
8419 8439 8438
8419 8420 8440
8439 8419 8440
8441 8443 8442
8444 8446 8445
8447 8426 8448
8449 8446 8444
8450 8430 8447
8430 8450 8429
8434 8451 8433
8451 8434 8449
8452 8449 8444
8449 8452 8451
8453 8447 8454
8447 8453 8450
8447 8430 8426
8448 8454 8447
8455 8441 8448
8448 8433 8451
8433 8448 8426
8455 8451 8452
8451 8455 8448
8448 8441 8454
8442 8454 8441
8454 8442 8453
8441 8455 8456
8441 8457 8443
8456 8457 8441
8459 25350 25351
25350 8459 8458
8461 25352 25353
25352 8461 8460
8462 25354 25355
25354 8462 25356
25357 8463 25358
8463 25357 25359
25360 8464 25361
8464 25360 8465
25358 8466 25362
8466 25358 8463
8467 25355 25363
25355 8467 8462
8464 25364 25361
25364 8464 8468
25365 8467 25363
8467 25365 8469
8468 25351 25364
25351 8468 8459
25366 8469 25365
8469 25366 8470
25367 25368 25369
25368 25367 8471
25370 8470 25366
8470 25370 25371
25372 8472 25373
8472 25372 8473
25374 8474 25375
8474 25374 8475
25376 25377 25378
25377 25376 8476
8477 25379 25380
25379 8477 25381
8478 25382 25383
25382 8478 25384
8466 25380 25362
25380 8466 8477
25375 8479 25385
8479 25375 8474
8480 25383 25386
25383 8480 8478
8479 25387 25385
25387 8479 8481
25373 8480 25386
8480 25373 8472
8481 25388 25387
25388 8481 8482
25389 25390 25391
25390 25389 8483
8482 25392 25388
25392 8482 25393
25394 25395 8484
8486 25396 25397
25396 8486 8485
25398 25399 25400
25399 25398 25401
25396 8485 25402
8486 25394 8484
25394 8486 25397
25403 25404 25405
8485 25406 25407
25406 8485 8486
25406 8484 25405
8484 25406 8486
25407 25408 25409
25410 25411 25412
25411 25410 25413
8485 25401 25402
25401 8485 25414
25414 25399 25401
25409 25414 8485
25407 25409 8485
25408 25415 25416
25415 25408 25407
25417 25403 8484
25413 25410 25417
8484 25413 25417
25413 8484 25395
25403 25405 8484
25418 25404 25419
25404 25418 25405
8487 8489 8488
8492 8490 8493
8490 8492 8491
8495 8489 8487
8489 8495 8494
8494 8496 8489
8496 8494 8497
8499 8497 8494
8497 8499 8498
8499 8495 8500
8495 8499 8494
8501 8500 8502
8500 8501 8499
8501 8498 8499
8498 8501 8503
8501 8491 8492
8491 8501 8502
8503 8492 8493
8492 8503 8501
8496 8504 8489
8504 8496 8505
8489 8504 8488
8506 8508 8507
8509 8490 8510
8490 8509 8493
8511 8507 8512
8507 8511 8506
8512 8496 8497
8496 8512 8507
8497 8513 8512
8513 8497 8498
8511 8513 8514
8513 8511 8512
8516 8514 8513
8514 8516 8515
8516 8498 8503
8498 8516 8513
8509 8515 8516
8515 8509 8510
8503 8509 8516
8509 8503 8493
8496 8517 8505
8517 8496 8507
8507 8508 8517
8518 8520 8519
8523 8521 8524
8521 8523 8522
8525 8519 8526
8519 8525 8518
8526 8527 8528
8527 8526 8519
8528 8530 8526
8530 8528 8529
8525 8530 8531
8530 8525 8526
8533 8531 8530
8531 8533 8532
8533 8529 8534
8529 8533 8530
8533 8524 8532
8524 8533 8523
8534 8523 8533
8523 8534 8522
8527 8535 8536
8535 8527 8519
8519 8520 8535
8537 8539 8538
8541 8521 8522
8521 8541 8540
8543 8539 8537
8539 8543 8542
8542 8527 8539
8527 8542 8528
8544 8528 8542
8528 8544 8529
8544 8543 8545
8543 8544 8542
8546 8545 8547
8545 8546 8544
8546 8529 8544
8529 8546 8534
8546 8540 8541
8540 8546 8547
8534 8541 8522
8541 8534 8546
8527 8548 8539
8548 8527 8536
8539 8548 8538
25420 25421 25422
25421 25420 25423
25424 25425 25426
25425 25424 25427
25421 25428 25422
25428 25421 25429
25428 25430 25431
25430 25428 25429
25430 25432 25431
25432 25430 25433
25432 25427 25424
25427 25432 25433
25434 25435 25436
25435 25434 25437
25435 25438 25436
25438 25435 25439
25440 25441 25442
25441 25440 25443
25425 25444 25426
25444 25425 25445
25446 25440 25442
25440 25446 25447
25448 25447 25446
25447 25448 25449
25450 25449 25448
25449 25450 25451
25445 25450 25444
25450 25445 25451
25452 25434 25453
25434 25452 25437
25454 25452 25453
25452 25454 25455
8549 8551 8550
25456 25457 8552
25458 25459 8553
25460 25461 25462
25463 8554 25464
25465 25466 25467
25468 25469 25470
25471 25472 25473
8555 8557 8556
8558 8560 8559
8557 8555 8561
8558 8562 8560
8563 8565 8564
8565 8563 8566
8567 8569 8568
8570 8572 8571
8559 8573 8558
8574 8575 8567
8576 8555 8556
8555 8576 8571
8566 8561 8565
8570 8577 8572
8562 8572 8577
8568 8569 8564
8568 8574 8567
8578 8573 8559
8579 8581 8580
8582 8584 8583
8585 8583 8586
8587 8589 8588
8590 8592 8591
8593 8595 8594
8594 8596 8593
8597 8586 8583
8582 8583 8585
8592 8599 8598
25474 8581 8579
8600 25475 8589
8589 8587 8600
25476 8586 8597
8601 25477 8590
8591 8601 8590
8602 8584 8603
8590 8599 8592
8603 8584 8582
8598 8599 8604
25478 25479 25480
25479 25478 25481
25482 25483 25484
25483 25482 25485
25486 25487 25488
25489 25490 25491
25492 25493 25494
25493 25492 25495
25496 25497 25498
25497 25496 25499
25500 25501 25502
25501 25500 25503
25504 25505 25506
25505 25504 25507
25508 25509 25510
25509 25508 25511
25512 25484 25513
25484 25512 25482
25514 25515 25516
25515 25514 25517
25501 25518 25502
25518 25501 25519
25520 25507 25504
25507 25520 25521
25522 25523 25511
25499 25480 25497
25480 25499 25478
25486 25494 25524
25494 25486 25492
25505 25513 25506
25513 25505 25512
25525 25510 25489
25510 25525 25508
25526 25496 25498
25496 25526 25527
25528 25493 25495
25485 25529 25483
25529 25485 25530
25531 25532 25533
25534 25527 25526
25527 25534 25535
25532 25514 25516
25514 25532 25531
25536 25535 25534
25535 25536 25537
25538 25518 25519
8566 8557 8561
8576 8570 8571
8562 8577 8560
8569 8563 8564
8594 8595 25539
25540 25475 8600
8593 8596 25541
25542 25477 8601
8605 8607 8606
8608 8610 8609
8613 8611 8614
8611 8613 8612
8616 8618 8617
8618 8616 8615
8619 8621 8620
8622 8624 8623
8625 8627 8626
8627 8625 8628
8629 8631 8630
8632 8634 8633
8617 8636 8635
8636 8617 8618
8637 8639 8638
8640 8642 8641
8643 8634 8632
8644 8632 8645
8632 8644 8643
8646 8648 8647
8649 8629 8650
8652 8651 8653
8651 8652 8642
8638 8653 8651
8654 8637 8651
8655 8657 8656
8658 8657 8655
8659 8657 8658
8660 8662 8661
8663 8660 8664
8665 8667 8666
8668 8670 8669
8624 8671 8625
8628 8625 8672
8675 8673 8676
8673 8675 8674
8645 8632 8635
8606 8677 8605
8678 8679 8664
8667 8680 8666
8646 8655 8656
8655 8646 8650
8681 8682 8659
8640 8654 8651
8683 8654 8640
8684 8686 8685
8686 8684 8643
8643 8687 8686
8687 8643 8644
8634 8643 8684
8685 8683 8684
8684 8683 8640
8684 8641 8634
8633 8635 8632
8641 8688 8634
8688 8641 8689
8652 8690 8689
8641 8642 8689
8641 8684 8640
8642 8640 8651
8634 8688 8633
25543 8691 25544
8621 8693 8692
25545 25546 25547
8694 8696 8695
8675 8698 8697
8698 8675 8676
8611 8612 8699
8700 8702 8701
8703 8704 8611
8611 8704 8705
8706 8708 8707
8709 8706 8707
8668 8669 8710
8666 8668 8711
8665 8666 8712
25545 8713 25546
8621 8692 8714
8715 8716 8701
8708 8705 8717
8705 8708 8614
8699 8701 8611
8697 8612 8675
8718 8682 8681
8623 8624 8626
8701 8702 8703
8624 8625 8626
8627 8628 8719
8611 8705 8614
8698 8694 8697
8694 8698 8696
8701 8699 8720
8609 8606 8607
8636 8645 8635
8721 8665 8712
8714 8620 8621
8660 8663 8662
8670 8668 8666
8615 8630 8631
8630 8615 8616
8675 8613 8674
8613 8675 8612
8722 8625 8671
8712 8666 8711
8692 8622 8723
8650 8646 8649
8721 25548 8665
8622 8623 8723
8609 8607 8724
8607 8619 8620
8619 8607 8605
8659 8725 8681
8671 8726 8722
8625 8727 8672
8727 8625 8722
8658 8725 8659
8701 8703 8611
8718 8728 8682
8715 8701 8720
8607 8620 8724
8716 8700 8701
8692 8723 8714
8609 8724 8608
8646 8647 8649
25549 25550 25551
25550 25549 25552
25553 25554 25555
25554 25553 25556
25557 25558 25559
25558 25557 25560
25561 25562 25563
25562 25561 25564
25565 25566 25567
25566 25565 25568
25569 8730 8729
8730 25569 25570
25558 8731 25559
8731 25558 25571
25572 25573 25574
25573 25572 25575
25576 25577 25578
25577 25576 25579
25580 25581 25582
25581 25580 25583
25581 25584 25585
25584 25581 25583
25586 25561 25563
25561 25586 25587
25588 25589 25590
25589 25588 25591
25592 25588 25590
25588 25592 25593
25594 25595 25596
25595 25594 25597
25598 25549 25551
25549 25598 25599
25600 25586 25601
25586 25600 25587
25602 25603 25604
25603 25602 25605
8732 25564 25606
25564 8732 25562
25578 25580 25582
25580 25578 25577
25571 8729 8731
8729 25571 25569
25568 25602 25566
25602 25568 25605
25575 25607 25573
25607 25575 25608
25552 25555 25550
25555 25552 25553
25608 25596 25607
25596 25608 25594
25597 25576 25595
25576 25597 25579
8651 8637 8638
8652 8689 8642
25609 8734 8733
8734 25609 25610
25611 8736 8735
8736 25611 25612
25613 8735 8737
8735 25613 25611
25614 8737 8738
8737 25614 25613
25615 8738 8739
8738 25615 25614
25616 8741 8740
8741 25616 25617
8742 25609 8733
25609 8742 25618
8743 25619 8744
25619 8743 25620
25621 8745 8744
25622 8746 8745
25622 8747 8746
8747 25622 25623
8748 25624 8749
25624 8748 25625
8750 25626 8751
25626 8750 25627
25628 8753 8752
8753 25628 25629
25630 8755 8754
8755 25630 25631
8756 25632 25633
25632 8756 25634
25635 25616 8740
25616 25635 25636
25637 8748 25638
8748 25637 25625
25623 8750 8747
8750 25623 25627
8749 25618 8742
25618 8749 25624
25610 8757 8734
8757 25610 25639
8753 25640 25641
25640 8753 25629
25617 8739 8741
8739 25617 25615
25642 8758 25643
25644 8760 8759
25645 25646 25647
25646 25645 25648
25649 25650 8761
8762 25648 25645
8762 25651 25652
8761 25650 25653
25643 8758 8763
25642 8764 8758
25654 8765 25655
8765 25654 25656
8765 25657 25658
25657 8765 25656
25658 25593 25592
25593 25658 25657
25659 25660 8766
25660 25659 25661
25662 25663 25664
25663 25662 25665
25660 25665 25662
25665 25660 25661
25666 25667 25668
25667 25666 25669
25668 25670 25671
25670 25668 25667
25672 25673 25674
25673 25672 25675
25666 25676 25669
25676 25666 25677
25678 8710 8669
25670 25674 25671
25674 25670 25672
25679 25680 25681
8732 25682 25683
25682 8732 25606
25645 25651 8762
8762 25684 25685
8761 25653 8767
8767 25653 25686
8767 25686 25687
25688 25686 25689
25686 25688 25687
25690 25691 25688
8760 25692 8768
25692 8760 25693
25612 6120 8736
6120 25612 25694
8679 8663 8664
25695 8698 8676
25695 8696 8698
8696 25695 25696
25696 8695 8696
8695 25696 25697
25690 25688 25689
25698 25691 25690
25663 25655 25664
25655 25663 25654
8661 8662 8728
8666 8680 8670
8661 8728 8718
8665 25699 8667
25700 8770 8769
8771 8773 8772
8776 8774 8777
8774 8776 8775
8779 8781 8780
8781 8779 8778
25701 8783 8782
8784 8786 8785
8787 8789 8788
8788 8790 8787
8791 8793 8792
8794 8796 8795
8797 8780 8798
8780 8797 8779
8799 25702 25703
8800 8802 8801
8803 8794 8795
8804 8805 8794
8794 8803 8804
8806 8808 8807
8792 8809 8791
25704 8810 8801
8810 25704 25705
25702 8810 25705
8811 8810 8799
8812 8814 8813
8815 8812 8813
8816 8815 8813
8817 8819 8818
8820 8821 8817
8665 8823 8822
8824 8826 8825
8785 8787 8827
8790 8828 8787
8831 8829 8832
8829 8831 8830
8805 8798 8794
8770 25700 25706
25707 8821 25708
8822 8823 8833
8806 8812 8793
8812 8806 8814
8834 8816 8835
8800 8810 8811
8836 8800 8811
8837 8839 8838
8839 8837 8803
8840 8803 8837
8803 8840 8804
8795 8839 8803
8838 8839 8836
8839 8800 8836
8839 8795 8802
8796 8794 8798
8802 8795 8841
8841 8842 8802
25704 8842 25709
8802 8842 8801
8802 8800 8839
8801 8810 8800
8795 8796 8841
25710 25711 25712
8782 8844 8843
25713 25714 25715
8845 8695 8846
8847 8831 8848
8831 8847 8830
8774 8849 8777
8850 8852 8851
8853 8774 8854
8774 8855 8854
8856 8858 8857
8859 8856 8860
8824 8861 8826
8823 8862 8824
8665 8863 8823
25713 25715 25716
8782 8864 8844
8865 8852 8866
8857 8855 8775
8855 8857 8858
8849 8774 8852
8848 8831 8777
8867 8834 8835
8786 8789 8785
8852 8853 8851
8785 8789 8787
8788 8868 8790
8774 8775 8855
8847 8845 8846
8845 8847 8848
8852 8869 8849
8773 8769 8770
8797 8798 8805
8870 8863 8665
8864 8782 8783
8817 8818 8820
8825 8823 8824
8778 8792 8781
8792 8778 8809
8831 8776 8777
8776 8831 8832
8871 8827 8787
8863 8862 8823
8844 8872 8784
8793 8873 8806
8870 8665 25548
8784 8872 8786
8773 8874 8769
25701 8769 8783
8769 25701 25700
8816 8834 8875
8827 8871 8876
8787 8828 8877
8877 8871 8787
8815 8816 8875
8852 8774 8853
8867 8835 8878
8865 8869 8852
8769 8874 8783
8866 8852 8850
8844 8864 8872
8773 8771 8874
8806 8873 8808
25717 25718 25719
25718 25717 25720
25721 25722 25723
25722 25721 25724
25725 25726 25727
25726 25725 25728
25729 25730 25731
25730 25729 25732
25733 25734 25735
25734 25733 25736
8730 25737 8879
25737 8730 25570
8880 25726 25728
25726 8880 25738
25739 25740 25741
25740 25739 25742
25743 25744 25745
25744 25743 25746
25747 25748 25749
25748 25747 25750
25747 25751 25750
25751 25747 25752
25753 25730 25754
25730 25753 25731
25755 25756 25757
25756 25755 25758
25759 25756 25760
25756 25759 25757
25761 25762 25763
25762 25761 25764
25765 25718 25766
25718 25765 25719
25753 25767 25768
25767 25753 25754
25769 25770 25771
25770 25769 25772
8881 25732 25729
25732 8881 25773
25746 25748 25744
25748 25746 25749
8879 25738 8880
25738 8879 25737
25769 25736 25733
25736 25769 25771
25774 25742 25739
25742 25774 25775
25723 25720 25717
25720 25723 25722
25763 25775 25774
25775 25763 25762
25743 25764 25761
25764 25743 25745
8810 25702 8799
25704 8801 8842
8882 25776 8883
25776 8882 25777
6121 25778 6122
25778 6121 25779
6122 25780 6123
25780 6122 25778
6124 25780 25781
25780 6124 6123
6124 25782 6125
25782 6124 25781
6126 25783 8884
25783 6126 25784
8885 25776 25785
25776 8885 8883
25786 25787 25788
25787 25786 8886
25789 25787 8886
25790 25789 8887
8889 25790 8888
25790 8889 25791
8891 25792 25793
25792 8891 8890
8893 25794 25795
25794 8893 8892
8894 25796 8895
25796 8894 25797
8896 25798 8897
25798 8896 25799
8898 25800 25801
25800 8898 25802
25803 25783 25804
25783 25803 8884
8891 25805 25806
25805 8891 25793
8893 25791 8889
25791 8893 25795
8890 25785 25792
25785 8890 8885
8895 25777 8882
25777 8895 25796
8899 25807 25808
25807 8899 25809
6125 25784 6126
25784 6125 25782
25642 25810 8900
25811 8902 8901
25812 25813 25814
25813 25812 25815
8903 25813 25815
8903 25816 25817
25810 8904 8900
25642 8900 8764
25818 8905 25819
8905 25818 25820
8905 25821 25819
25821 8905 25822
25822 25760 25821
25760 25822 25759
25823 25824 25825
25824 25823 25826
25827 25828 25829
25828 25827 25830
25823 25829 25826
25829 25823 25827
25831 25832 25833
25832 25831 25834
25831 25835 25834
25835 25831 25836
25837 25838 25839
25838 25837 25840
25841 25833 25832
25833 25841 25842
25843 8826 8861
25839 25835 25836
25835 25839 25838
25844 25845 25846
8881 25847 25773
25847 8881 25848
25813 8903 25817
25815 25849 8903
8901 25850 25851
25850 8901 8906
25852 25779 6121
25779 25852 25853
25708 8821 8820
25854 8830 8847
25854 8846 25855
8846 25854 8847
25855 8695 25697
8695 25855 8846
25820 25828 25830
25828 25820 25818
8819 8878 8818
8823 8825 8833
8819 8867 8878
8665 8822 25699
25639 8752 8757
8752 25639 25628
8899 25797 8894
25797 8899 25808
8630 8650 8629
25648 8762 25685
8873 8793 8791
25849 25856 8903
8907 25857 25858
25859 8909 8908
8912 8910 8913
8910 8912 8911
8914 8913 8915
8913 8914 8912
8914 8917 8916
8917 8914 8915
8918 8920 8919
8923 8921 8924
8921 8923 8922
8925 8924 8926
8924 8925 8923
8927 25860 25861
8928 8927 25861
8928 8930 8929
8932 8934 8933
8934 8932 8931
8936 8931 8932
8931 8936 8935
8928 25862 8937
8933 8928 8937
8938 8933 8939
8933 8938 8932
8940 8932 8938
8932 8940 8936
8919 8942 8941
8943 8945 8944
8948 8946 8949
8946 8948 8947
8941 8942 8950
8942 8919 8951
8908 8918 8941
8953 8955 8954
8955 8953 8952
8956 8915 8957
8915 8956 8917
8915 8958 8957
8913 8910 8959
8960 8910 8911
8933 8930 8928
8913 8961 8958
8915 8913 8958
25857 8907 8909
25858 8962 8907
8963 8921 8964
8964 8921 8922
8941 8918 8919
8952 8966 8955
8966 8952 8965
8949 8954 8948
8954 8949 8953
25857 8909 25859
8927 8962 25858
25858 25860 8927
8927 8929 8962
8929 8927 8928
8928 25861 25862
8937 25862 25863
25863 8967 8937
8939 8937 8967
8937 8939 8933
8934 8930 8933
25859 8908 8941
8968 25864 25865
25865 8969 8968
8969 25865 25866
25867 25868 25869
25868 25867 25870
25871 25870 25867
25870 25871 25872
25873 25874 25875
25874 25873 25876
25876 25877 25874
25877 25876 25878
25879 25880 8970
25880 25879 25881
25882 25880 25883
25880 25882 8970
25878 25883 25877
25883 25878 25882
25871 25875 25872
25875 25871 25873
25879 25884 25881
25884 25879 25885
25886 25884 25885
25884 25886 25887
25864 8968 25888
25889 25890 25891
25890 25889 25892
25893 25864 25888
25864 25893 25894
6128 25895 6129
25895 6128 25896
25897 25898 25899
25898 25897 25900
6130 25896 6128
25896 6130 25901
25899 25902 25903
25902 25899 25898
6129 25904 6131
25904 6129 25895
25904 6132 6131
6132 25904 25905
25865 25864 25906
25907 8950 8971
25908 25909 8972
8974 25910 25911
25910 8974 8973
8947 25911 8946
25911 8947 8974
6127 25910 8973
25900 8972 25909
8972 25900 25897
25912 6130 6133
6130 25912 25901
25913 6134 25914
8941 25907 25859
8950 25907 8941
25910 25907 8971
8975 25915 25916
25917 8977 8976
8980 8978 8981
8978 8980 8979
8983 8979 8980
8979 8983 8982
8917 8983 8916
8983 8917 8982
8984 8986 8985
8989 8987 8990
8987 8989 8988
8925 8988 8989
8988 8925 8926
8991 25918 25919
8992 25918 8991
8992 8994 8993
8996 8998 8997
8998 8996 8995
8995 8936 8998
8936 8995 8935
8992 8999 25920
8997 8999 8992
8997 9001 9000
9001 8997 8998
8998 8940 9001
8940 8998 8936
8966 9002 9003
9002 8966 8965
9003 9004 9005
9004 9003 9002
8986 9007 9006
9008 9010 9009
9012 9005 9004
9005 9012 9011
9011 9013 9014
9013 9011 9012
9007 9015 9006
9006 9016 8986
8977 9007 8984
8982 8956 9017
8956 8982 8917
8982 9017 9018
8979 9019 8978
9020 9022 9021
8997 8992 8993
8979 9018 9023
8982 9018 8979
25916 8976 8975
25915 8975 9024
9020 9025 8987
9025 8990 8987
9007 8986 8984
25916 25917 8976
8991 25915 9024
25915 8991 25919
8991 8994 8992
8994 8991 9024
8992 25920 25918
8999 9026 25921
25921 25920 8999
8999 9000 9026
9000 8999 8997
8996 8997 8993
25917 9007 8977
9027 25922 25923
25922 25924 25925
25924 25922 9027
25868 25926 25869
25926 25868 25927
25927 25928 25926
25928 25927 25929
25930 25931 25932
25931 25930 25933
25932 25934 25935
25934 25932 25931
25936 25937 25938
25937 25936 25939
25940 25938 9028
25938 25940 25936
25935 25940 9028
25940 25935 25934
25928 25933 25930
25933 25928 25929
25937 25941 25942
25941 25937 25939
25941 25943 25942
25943 25941 25944
25923 25945 9027
25946 25947 25948
25947 25946 25949
25923 25950 25945
25950 25923 25951
25952 25953 25954
25953 25952 25955
25947 25954 25948
25954 25947 25952
25922 25956 25923
25957 9029 9015
25958 9030 25959
9031 25960 9032
25960 9031 25961
25962 9034 9033
9034 25962 25963
9014 25961 9031
25961 9014 9013
25964 9032 25960
25955 9030 25953
9030 25955 25959
9007 25917 25957
9015 9007 25957
25965 9029 25957
25966 9036 9035
9036 25966 25967
25968 9035 9037
9035 25968 25966
25969 9037 9038
9037 25969 25968
25970 9038 9039
9038 25970 25969
9040 25971 9041
25971 9040 25972
9041 25973 9042
25973 9041 25971
9042 25974 9043
25974 9042 25973
9043 25970 9039
25970 9043 25974
25975 25976 25977
25978 25979 25980
9044 8912 9045
8912 9044 8911
9045 8914 9046
8914 9045 8912
9046 8916 9047
8916 9046 8914
8916 9048 9047
9048 8916 8983
8983 9049 9048
9049 8983 8980
8980 9022 9049
9022 8980 8981
8963 9045 8921
9045 8963 9044
8921 9046 8924
9046 8921 9045
8924 9047 8926
9047 8924 9046
9047 8988 8926
8988 9047 9048
9048 8987 8988
8987 9048 9049
9049 9020 8987
9020 9049 9022
9021 8981 25981
8981 9021 9022
8981 8978 25981
8911 25982 8960
25982 8911 9044
8963 25982 9044
9008 9012 9004
9010 9004 9002
8965 25983 9002
25983 8965 25984
8965 25985 25984
25985 8965 8952
8944 25985 8952
8943 8944 8953
8943 8953 8949
9008 9004 9010
8944 8952 8953
9010 9002 25983
25986 25987 25988
25989 25990 25991
25990 25989 25992
25993 25994 9050
25995 25994 25993
25996 25997 25994
25996 25989 25997
25989 25996 25992
25998 25999 9051
26000 9052 9050
25990 25988 25987
9054 25986 26001
25986 9054 9053
8906 26001 25850
26001 8906 9054
6134 25912 6133
25912 6134 25913
9034 26002 9055
26002 9034 25963
9057 26003 26004
26003 9057 9056
9056 26005 26003
26005 9056 9058
6132 26006 9059
26006 6132 25905
9058 26006 26005
26006 9058 9059
9057 25962 9033
25962 9057 26004
26002 26007 9055
26008 26009 26010
26011 26012 26013
26012 26011 26014
26015 26013 26016
26013 26015 26011
26017 26018 26019
26016 26017 26020
26014 26021 26012
26021 26014 26022
26021 26010 26009
26010 26021 26022
26008 25687 26009
25687 26008 8767
8708 8717 8707
8860 8856 8857
8979 9023 9019
8913 8959 8961
8760 9060 8763
8759 26023 25644
9061 26023 8759
9062 26024 9061
8760 25644 25693
8768 9060 8760
8902 8904 8901
8902 25811 26025
26025 26026 9063
9063 26026 9062
8901 25851 25811
8901 9051 8906
25987 25986 9053
25991 25990 25987
25994 26000 9050
9052 26000 9060
25993 9052 26027
9052 25993 9050
26027 8768 25692
8768 26027 9052
25994 25995 25996
9054 25999 9053
8906 9051 9054
8758 8759 8763
9061 8764 9062
8764 9061 8758
8902 9063 8900
8764 9063 9062
9063 8764 8900
25999 9054 9051
9060 8768 9052
26028 25643 8763
9051 25810 25998
25810 9051 8904
26000 26028 9060
25999 25987 9053
8760 8763 8759
8904 9051 8901
8758 9061 8759
8904 8902 8900
9061 26024 26023
8902 26025 9063
9062 26029 26024
26026 26029 9062
8175 8176 8172
8208 8176 8209
24444 7201 24261
7199 24443 24257
7195 7196 24248
7097 7098 24290
24286 6895 7210
7072 24281 6898
7431 7430 24726
24728 7432 7431
6465 6466 24264
6466 6467 24262
6472 24249 24254
7481 7484 7483
7486 7484 7481
7512 7510 7511
7006 7008 24127
7045 24132 24120
6592 6594 24004
6627 24009 23999
9060 26028 8763
6701 6689 24010
7886 7884 7871
25525 25489 25491
25528 26030 25493
7778 26031 7773
7778 7805 26031
8092 26032 8087
8128 26032 8092
8171 8173 25048
25051 25050 8211
8086 8088 25031
25037 25036 8131
7772 7774 24970
7808 24976 24975
7967 26033 7964
8000 26033 7967
7968 7980 25008
8005 25011 25010
25523 25509 25511
25486 25524 25487
26020 26017 26019
26015 26016 26020
25789 8886 8887
25790 8887 8888
25621 8744 25619
25622 8745 25621
7604 24871 24869
9065 9067 9066
9067 9065 9064
9069 26034 26035
26034 9069 9068
9070 9065 9066
9070 9072 9065
9072 9070 9071
9073 26035 26036
26035 9073 9069
9074 9075 9071
9076 9071 9075
9071 9076 9072
9077 26036 26037
26036 9077 9073
9074 9078 9075
9079 9075 9080
9075 9079 9076
9081 26037 26038
26037 9081 9077
9077 9083 9082
9083 9077 9081
9080 9086 9085
9086 9080 9084
9087 9080 9085
9080 9087 9079
9088 26038 26039
26038 9088 9081
9089 9088 9090
9088 9089 9081
9089 9090 9091
26040 9093 9092
9093 26040 26041
9086 26042 9085
9087 9095 9094
9095 9087 9085
9096 26039 26043
26039 9096 9088
9088 9097 9090
9097 9088 9096
9090 26044 9091
9100 9098 9101
9098 9100 9099
9095 26045 9102
26045 9095 26046
9094 9102 9103
9102 9094 9095
9104 26043 26047
26043 9104 9096
9096 9105 9097
9105 9096 9104
26048 9097 9105
9097 26048 26049
9106 9101 9107
9101 9106 9100
9102 26050 9108
26050 9102 26045
9103 9108 9109
9108 9103 9102
9104 26051 9110
26051 9104 26047
9104 9111 9105
9111 9104 9110
26052 9105 9111
9105 26052 26048
9112 9107 9113
9107 9112 9106
9108 26053 9114
26053 9108 26050
9109 9114 9115
9114 9109 9108
9110 26054 9116
26054 9110 26051
9110 9117 9111
9117 9110 9116
26055 9111 9117
9111 26055 26052
9118 9113 9119
9113 9118 9112
9114 26056 9120
26056 9114 26053
9115 9120 9121
9120 9115 9114
9116 26057 9122
26057 9116 26054
9116 9123 9117
9123 9116 9122
26058 9117 9123
9117 26058 26055
9124 9119 9125
9119 9124 9118
9120 26059 9126
26059 9120 26056
9121 9126 9127
9126 9121 9120
9122 26060 9128
26060 9122 26057
9122 9129 9123
9129 9122 9128
26061 9123 9129
9123 26061 26058
9125 9130 9124
26059 26062 9126
9126 26062 9127
26060 26063 9128
26063 9129 9128
9129 26063 26061
9074 9071 9131
9073 9082 9132
9082 9073 9077
9069 9132 9133
9132 9069 9073
9069 9133 9068
9135 9137 9136
9137 9135 9134
26064 26065 9138
26034 9134 9135
9134 26034 9068
9138 9064 26064
9064 9138 9067
9139 9141 9140
9139 9140 9142
9139 9142 9143
9139 9143 9144
26066 26067 9145
26066 9145 9146
26066 9146 26068
9147 9141 9148
9141 9147 9140
9142 9147 9149
9147 9142 9140
9143 9149 9150
9149 9143 9142
9144 9150 9151
9150 9144 9143
9152 26067 26069
26067 9152 9145
9146 9152 9153
9152 9146 9145
26068 9153 26070
9153 26068 9146
9154 9148 9155
9148 9154 9147
9149 9154 9156
9154 9149 9147
9150 9156 9157
9156 9150 9149
9151 9157 9158
9157 9151 9150
9159 26069 26071
26069 9159 9152
9153 9159 9160
9159 9153 9152
26070 9160 26072
9160 26070 9153
9161 9155 9162
9155 9161 9154
9156 9161 9163
9161 9156 9154
9157 9163 9164
9163 9157 9156
9158 9164 9165
9164 9158 9157
9166 26071 26073
26071 9166 9159
9160 9166 9167
9166 9160 9159
26072 9167 26074
9167 26072 9160
9168 9162 9169
9162 9168 9161
9163 9168 9170
9168 9163 9161
9171 9163 9170
9163 9171 9164
9165 9171 9172
9171 9165 9164
9173 26073 26075
26073 9173 9166
9167 9173 9174
9173 9167 9166
26074 9174 26076
9174 26074 9167
9171 9176 9175
9176 9171 9170
9177 9171 9175
9171 9177 9172
9178 26075 26077
26075 9178 9173
9174 9178 9179
9178 9174 9173
26076 9179 9180
9179 26076 9174
9176 9181 9175
9175 9182 9177
9178 9184 9183
9184 9178 26077
9179 9183 9185
9183 9179 9178
9186 9179 9185
9179 9186 9180
9176 9187 9181
26078 9188 9189
9188 26078 9182
9183 26079 9190
26079 9183 9184
9185 9190 9191
9190 9185 9183
9192 9185 9191
9185 9192 9186
9193 9189 9188
9190 26080 9194
26080 9190 26079
9195 9190 9194
9190 9195 9191
9192 9195 9196
9195 9192 9191
9194 9198 9197
9198 9194 26080
9199 9194 9197
9194 9199 9195
9195 9199 9200
9197 9202 9201
9202 9197 9198
9203 9197 9201
9197 9203 9199
9204 9203 9205
9203 9204 9199
9201 9207 9206
9207 9201 9202
9208 9201 9206
9201 9208 9203
9205 9208 9209
9208 9205 9203
9206 9211 9210
9211 9206 9207
9208 9210 9212
9210 9208 9206
9208 9212 9213
9211 9214 9210
9210 9214 9212
9212 9214 9213
9215 9217 9216
26081 9216 9218
26082 26083 9219
26084 26085 9220
26084 9220 9221
26084 9221 26086
9222 9224 9223
9223 9226 9225
9226 9223 9224
9222 9227 9224
26087 26088 9228
26089 9230 9229
9232 9229 9233
9229 9232 9231
26090 9232 9233
9236 9234 9237
9234 9236 9235
9238 9236 9239
9236 9238 9235
9240 26091 26092
26091 9240 26093
9241 26094 9242
26094 9241 9230
9243 9237 9244
9237 9243 9236
9239 9243 9245
9243 9239 9236
9240 26095 9246
26095 9240 26092
9242 26096 9247
26096 9242 26094
9248 9247 9249
9247 9248 9242
26097 9249 26098
9249 26097 9248
9250 9244 9251
9244 9250 9243
9245 9250 9252
9250 9245 9243
9246 26099 9253
26099 9246 26095
9254 26096 26100
26096 9254 9247
9255 9247 9254
9247 9255 9249
26098 9255 26101
9255 26098 9249
9256 9251 9257
9251 9256 9250
9258 9250 9256
9250 9258 9252
9253 26102 9259
26102 9253 26099
9260 26100 26103
26100 9260 9254
9261 9254 9260
9254 9261 9255
26101 9261 26104
9261 26101 9255
9262 9257 9263
9257 9262 9256
9256 9262 9264
26102 26105 9259
9265 9260 9266
9260 9265 9261
26104 9265 26106
9265 26104 9261
9267 9263 9268
9263 9267 9262
9269 9262 9267
9262 9269 9264
9265 9271 9270
9271 9265 9266
26107 9265 9270
9265 26107 26106
9267 9273 9272
9273 9267 9268
9274 9267 9272
9267 9274 9269
9270 9276 9275
9276 9270 9271
26108 9270 9275
9270 26108 26107
9272 9278 9277
9278 9272 9273
9276 9279 9275
9275 9279 26108
9278 26109 9277
9260 9280 9266
9280 9260 26103
9266 9281 9271
9281 9266 9280
9282 9271 9281
9283 9285 9284
9283 9284 9286
9283 9286 9287
9283 9287 9288
26110 26111 9289
26110 9289 9290
26110 9290 26112
9291 9285 9292
9285 9291 9284
9293 9284 9291
9284 9293 9286
9294 9286 9293
9286 9294 9287
9288 9294 9295
9294 9288 9287
9296 26111 26113
26111 9296 9289
9290 9296 9297
9296 9290 9289
26112 9297 26114
9297 26112 9290
9298 9292 9299
9292 9298 9291
9300 9291 9298
9291 9300 9293
9301 9293 9300
9293 9301 9294
9295 9301 9302
9301 9295 9294
9303 26113 26115
26113 9303 9296
9304 9296 9303
9296 9304 9297
26114 9304 26116
9304 26114 9297
9305 9299 9306
9299 9305 9298
9307 9298 9305
9298 9307 9300
9308 9300 9307
9300 9308 9301
9302 9308 9309
9308 9302 9301
9310 26115 26117
26115 9310 9303
9311 9303 9310
9303 9311 9304
26116 9311 26118
9311 26116 9304
9312 9306 9313
9306 9312 9305
9314 9305 9312
9305 9314 9307
9315 9307 9314
9307 9315 9308
9309 9315 9316
9315 9309 9308
9317 26117 26119
26117 9317 9310
9318 9310 9317
9310 9318 9311
26118 9318 26120
9318 26118 9311
9319 9313 9320
9313 9319 9312
9321 9312 9319
9312 9321 9314
9322 9314 9321
9314 9322 9315
9316 9322 9323
9322 9316 9315
9324 26119 26121
26119 9324 9317
9325 9317 9324
9317 9325 9318
26120 9325 26122
9325 26120 9318
9326 9320 9327
9320 9326 9319
9328 9319 9326
9319 9328 9321
9329 9321 9328
9321 9329 9322
9330 9322 9329
9322 9330 9323
9331 26121 26123
26121 9331 9324
9332 9324 9331
9324 9332 9325
26122 9332 26124
9332 26122 9325
26125 26126 9333
9328 9333 9334
9333 9328 9326
9335 9328 9334
9328 9335 9329
9336 9329 9335
9329 9336 9330
9337 26123 26127
26123 9337 9331
9338 9331 9337
9331 9338 9332
9339 26126 9340
26126 9339 9333
9334 9339 9341
9339 9334 9333
26128 9334 9341
9334 26128 9335
26128 26129 9342
9337 26130 9343
26130 9337 26127
9344 9337 9343
9337 9344 9338
9345 26131 9346
26131 26132 9346
9343 26133 9347
26133 9343 26130
9348 9343 9347
9343 9348 9344
9349 9347 9350
9347 9349 9348
9347 26134 9350
26134 9347 26133
9351 26134 26135
26136 26137 26138
9256 9264 9258
9336 26128 9342
26128 9336 9335
26139 9349 26140
9349 26139 9348
26141 9348 26139
9348 26141 9344
9338 9344 26142
26143 26144 26124
26125 9333 9326
9338 26142 26143
9344 26141 26142
26143 9332 9338
9332 26143 26124
9327 26125 9326
9195 9200 9196
9199 9204 9200
9352 9354 9353
9352 9353 9355
26145 26146 9356
26145 9356 9357
26145 9357 9358
9352 26147 9354
9359 9354 9360
9354 9359 9353
9355 9359 9361
9359 9355 9353
9362 26146 26148
26146 9362 9356
9363 9356 9362
9356 9363 9357
9358 9363 9364
9363 9358 9357
9360 26147 26149
26147 9360 9354
9359 9366 9365
9366 9359 9360
9361 9365 9367
9365 9361 9359
9368 26148 26150
26148 9368 9362
9369 9362 9368
9362 9369 9363
9364 9369 9370
9369 9364 9363
9366 26149 26151
26149 9366 9360
9365 9372 9371
9372 9365 9366
9367 9371 9373
9371 9367 9365
9374 26150 26152
26150 9374 9368
9375 9368 9374
9368 9375 9369
9370 9375 9376
9375 9370 9369
9372 26151 26153
26151 9372 9366
9371 9378 9377
9378 9371 9372
9377 9379 9373
9380 26152 26154
26152 9380 9374
9381 9374 9380
9374 9381 9375
9382 9375 9381
9375 9382 9376
26153 9378 9372
9383 26154 9384
26154 9383 9380
9385 9380 9383
9380 9385 9381
9381 9385 9386
9387 9384 9388
9384 9387 9383
9385 9387 9389
9387 9385 9383
9390 9389 9391
9389 9390 9385
9392 9388 9393
9388 9392 9387
9389 9392 9394
9392 9389 9387
9391 9394 9395
9394 9391 9389
9392 9397 9396
9397 9392 9393
9398 9392 9396
9392 9398 9394
9395 9398 9399
9398 9395 9394
9396 9401 9400
9401 9396 9397
9398 9400 9402
9400 9398 9396
9399 9402 9403
9402 9399 9398
9400 9405 9404
9405 9400 9401
9402 9404 9406
9404 9402 9400
26155 26156 9408
9407 9404 9408
9404 9407 9406
9408 26157 9409
26157 9408 26156
9410 9408 9409
9408 9410 9407
9411 9410 9412
9410 9411 9407
9409 26158 9413
26158 9409 26157
9410 9413 9414
9413 9410 9409
9414 9417 9416
9417 9414 9415
26158 26159 9413
9414 26159 9415
26159 9414 9413
9406 9403 9402
9403 9406 9418
9381 9386 9382
9385 9390 9386
9419 9421 9420
26160 9422 26161
26162 9421 9423
9421 26162 9420
9422 9386 9424
9386 9422 26160
9423 9425 26162
9424 9390 9426
9390 9424 9386
9390 9427 9426
9427 9390 9391
9395 9427 9391
9404 9405 26155
26159 26163 9415
9425 9428 26162
9422 26164 26165
26164 9422 9424
9424 26166 26164
26166 9424 9426
26166 9427 26167
9427 26166 9426
9395 9399 9429
9422 26165 26161
9377 9430 9379
26168 9431 26169
9431 26168 9432
26169 9433 26170
9433 26169 9431
26171 26170 9433
26172 26173 9434
9434 9169 26172
9169 9434 9168
9170 9434 9176
9434 9170 9168
9435 9437 9436
9438 9440 9439
9438 9439 9441
9442 9437 9443
9437 9442 9436
9444 9446 9445
9443 9447 9442
9442 9447 9448
9444 9450 9449
9443 9451 9447
26174 9453 9452
9453 26174 9447
9454 9450 26175
9450 9454 9449
9453 9456 9455
9456 9453 9451
9452 9455 9457
9455 9452 9453
9458 26175 26176
26175 9458 9454
9456 9459 9455
9457 9459 9461
9459 9457 9455
9462 26176 26177
26176 9462 9458
9460 9464 9463
9466 9468 9467
9468 9466 9465
9469 9467 9470
9467 9469 9466
9472 9469 9470
9469 9472 9471
9474 26178 26179
26178 9474 9473
9475 9474 9476
9474 9475 9473
9467 9478 9477
9478 9467 9468
9470 9477 9479
9477 9470 9467
9480 9470 9479
9470 9480 9472
9481 26179 26180
26179 9481 9474
9482 9474 9481
9474 9482 9476
26181 9476 9482
9476 26181 9483
9477 9485 9484
9485 9477 9478
9479 9484 9486
9484 9479 9477
9487 9479 9486
9479 9487 9480
9488 26180 26182
26180 9488 9481
9489 9481 9488
9481 9489 9482
26183 9482 9489
9482 26183 26181
9484 9491 9490
9491 9484 9485
9486 9490 9492
9490 9486 9484
9493 9486 9492
9486 9493 9487
9488 26184 9494
26184 9488 26182
9495 9488 9494
9488 9495 9489
26185 9489 9495
9489 26185 26183
9491 9496 9490
9490 9496 9492
9492 9496 9493
26184 26186 9494
9494 26186 9495
9495 26186 26185
9499 9497 9500
9497 9499 9498
9502 9458 9462
9458 9502 9501
9503 9458 9501
9458 9503 9454
9504 9454 9503
9454 9504 9449
9505 9449 9504
9449 9505 9446
9441 9446 9505
9446 9441 9439
9506 9508 9507
9511 9509 9512
9509 9511 9510
9509 9513 9512
9513 9509 9514
9517 9515 9518
9515 9517 9516
9519 9521 9520
9521 9519 26187
9523 9525 9524
9525 9523 9522
9526 26188 26189
9527 9525 9528
9525 9527 9524
9529 9526 9530
9531 9528 9532
9528 9531 9527
26190 26191 9533
9534 9532 9535
9532 9534 9531
26191 26192 9533
9536 9538 9537
9541 9539 9542
9539 9541 9540
9543 9540 9541
9540 9543 9535
9544 9535 9543
9535 9544 9534
9541 9546 9545
9546 9541 9542
9547 9541 9545
9541 9547 9543
9548 9543 9547
9543 9548 9544
9550 26193 26194
26193 9550 9549
26195 9550 26196
9550 26195 9549
9545 9552 9551
9552 9545 9546
9553 9545 9551
9545 9553 9547
9554 9547 9553
9547 9554 9548
9550 26197 9555
26197 9550 26194
9550 26198 26196
26198 9550 9555
9551 9557 9556
9557 9551 9552
9558 9551 9556
9551 9558 9553
9559 9553 9558
9553 9559 9554
9555 26199 9560
26199 9555 26197
9555 26200 26198
26200 9555 9560
9556 9562 9561
9562 9556 9557
9558 9561 9563
9561 9558 9556
9564 9558 9563
9558 9564 9559
9565 26199 26201
26199 9565 9560
9560 26202 26200
26202 9560 9565
9562 9566 9561
9561 9566 9563
9563 9566 9564
26201 26203 9565
26203 26202 9565
9568 9570 9569
9570 9568 9567
9571 9525 9522
9571 9528 9525
9528 9571 9572
9572 9532 9528
9532 9572 9573
9573 9535 9532
9535 9573 9540
9574 9539 9540
9539 9574 26204
9521 26205 9575
26205 9521 26206
26187 26206 9521
9571 9519 9520
9519 9571 9522
9516 9570 9576
9570 9516 9517
9577 9579 9578
9580 26207 9581
26207 9580 26208
26207 26209 9581
26209 26207 26210
9582 9581 9583
9581 9582 9580
9581 9584 9583
9584 9581 26209
9582 9586 9585
9586 9582 9583
26211 26212 9587
9583 9588 9586
9588 9583 9584
9585 9590 9589
9590 9585 9586
26213 9591 26214
9591 26213 26215
9586 26216 9590
26216 9586 9588
9589 9593 9592
9593 9589 9590
26215 26217 9594
26217 26215 26218
9595 26215 9594
26215 9595 9591
9590 26219 9593
26219 9590 26216
9592 9597 9596
9597 9592 9593
9598 26217 26220
26217 9598 9594
9599 9594 9598
9594 9599 9595
9593 26221 9597
26221 9593 26219
9596 9601 9600
9601 9596 9597
9602 26220 26222
26220 9602 9598
9603 9598 9602
9598 9603 9599
9597 26223 9601
26223 9597 26221
9600 9605 9604
9605 9600 9601
9606 26222 26224
26222 9606 9602
9607 9602 9606
9602 9607 9603
9601 26225 9605
26225 9601 26223
9604 9609 9608
9609 9604 9605
9610 26224 26226
26224 9610 9606
9611 9606 9610
9606 9611 9607
9605 26227 9609
26227 9605 26225
9609 9612 9608
26226 26228 9610
9610 26228 9611
26227 9612 9609
26229 26218 26215
26218 26229 26230
26229 26231 26230
26231 26229 26232
26233 26231 26232
26234 26233 26232
9613 26235 9614
26235 9613 26236
9614 26237 9615
26237 9614 26235
9615 9616 26238
9616 26237 26239
26237 9616 9615
9617 9616 9618
9616 9617 26238
26240 26241 26242
9619 26243 26244
9618 26239 26245
26239 9618 9616
9620 9618 9621
9618 9620 9617
26246 26247 26242
26244 9622 9619
9622 26244 26247
9618 26248 9621
26248 9618 26245
9623 9621 9624
9621 9623 9620
26247 26249 9625
26249 26247 26246
9626 26247 9625
26247 9626 9622
9621 26250 9624
26250 9621 26248
9627 9624 9628
9624 9627 9623
9625 26251 9629
26251 9625 26249
9630 9625 9629
9625 9630 9626
9628 26250 26252
26250 9628 9624
9628 9631 9627
26251 26253 9629
9629 26253 9630
26252 9631 9628
26241 26246 26242
26181 26254 9483
9438 9441 9632
9578 9508 9577
9549 26192 26193
26192 9549 9533
9529 26188 9526
9634 9635 26255
9635 9634 9633
9637 26256 26257
26256 9637 9636
9639 9641 9640
9641 9639 9638
9642 9640 9643
9640 9642 9639
26258 9643 26259
9643 26258 9642
9646 9644 9647
9644 9646 9645
9648 9646 9649
9646 9648 9645
26260 9649 26261
9649 26260 9648
9650 9647 9651
9647 9650 9646
9652 9646 9650
9646 9652 9649
26261 9652 26262
9652 26261 9649
9655 9653 9656
9653 9655 9654
9657 9655 9658
9655 9657 9654
9659 9658 9660
9658 9659 9657
9663 9661 9664
9661 9663 9662
9665 9663 9666
9663 9665 9662
9667 9666 9668
9666 9667 9665
9669 9664 9670
9664 9669 9663
9666 9669 9671
9669 9666 9663
9672 9670 9673
9670 9672 9669
9674 9669 9672
9669 9674 9671
9675 9677 9676
9678 9673 9679
9673 9678 9672
9680 9672 9678
9672 9680 9674
9677 9681 9682
9681 9677 9675
9683 9679 9684
9679 9683 9678
9685 9678 9683
9678 9685 9680
9682 9686 9687
9686 9682 9681
9688 26263 26264
9683 9690 9689
9690 9683 9684
9691 9683 9689
9683 9691 9685
9686 9693 9687
9693 9686 9692
9689 9695 9694
9695 9689 9690
9696 9689 9694
9689 9696 9691
9696 9697 9692
9694 9699 9698
9699 9694 9695
9700 9694 9698
9694 9700 9696
9701 9696 9700
9696 9701 9697
9698 9703 9702
9703 9698 9699
9704 9698 9702
9698 9704 9700
9705 9700 9704
9700 9705 9701
9702 9707 9706
9707 9702 9703
9708 9702 9706
9702 9708 9704
9709 9704 9708
9704 9709 9705
9706 9711 9710
9711 9706 9707
9712 9706 9710
9706 9712 9708
9713 9708 9712
9708 9713 9709
9714 26265 9715
26265 9714 26266
26267 9714 9715
9714 26267 26268
9710 9717 9716
9717 9710 9711
9718 9710 9716
9710 9718 9712
9719 9712 9718
9712 9719 9713
9715 26269 9720
26269 9715 26265
26270 9715 9720
9715 26270 26267
9716 9722 9721
9722 9716 9717
9723 9716 9721
9716 9723 9718
9724 9718 9723
9718 9724 9719
9720 26271 9725
26271 9720 26269
26272 9720 9725
9720 26272 26270
9721 9727 9726
9727 9721 9722
9723 9726 9728
9726 9723 9721
9729 9723 9728
9723 9729 9724
9725 26273 9730
26273 9725 26271
26274 9725 9730
9725 26274 26272
9727 9731 9726
9726 9731 9728
9728 9731 9729
26273 26275 9730
9730 26275 26274
9697 9693 9692
26276 9666 9671
9666 26276 9668
26277 9732 26278
9732 26277 26279
26280 9732 26279
26278 9734 9733
9734 26278 9732
26280 9734 9732
9734 26280 26281
9733 9736 9735
9736 9733 9734
26281 9736 9734
9736 26281 26282
9735 9738 9737
9738 9735 9736
26282 9738 9736
9738 26282 26283
9739 9738 9740
9738 9739 9737
26284 26285 9741
26285 26284 26286
26287 9741 9742
9741 26287 26284
9740 26283 26288
26283 9740 9738
9743 9740 9744
9740 9743 9739
9741 26289 9745
26289 9741 26285
9742 9745 9746
9745 9742 9741
9744 26288 26290
26288 9744 9740
9747 9744 9748
9744 9747 9743
9745 26291 9749
26291 9745 26289
9750 9745 9749
9745 9750 9746
9744 26292 9748
26292 9744 26290
9751 9748 9752
9748 9751 9747
9749 26293 9753
26293 9749 26291
9754 9749 9753
9749 9754 9750
9748 26294 9752
26294 9748 26292
9755 9752 9756
9752 9755 9751
9753 26295 9757
26295 9753 26293
9758 9753 9757
9753 9758 9754
9752 26296 9756
26296 9752 26294
9756 9759 9755
26295 26297 9757
9757 26297 9758
26296 9759 9756
26298 26286 26284
26286 26298 26299
26300 26299 26298
26299 26300 26301
26302 26301 26300
9696 9692 9691
9688 26303 26263
26303 9760 26304
9760 26303 9688
26305 26304 9760
26306 10613 10610
10613 26306 26305
26268 10610 9714
10610 26268 26306
10610 26266 9714
26266 10610 26307
9762 10613 9761
10613 9762 26308
26309 26310 9762
26311 26312 9763
26313 9764 9763
9766 26314 26315
26314 9766 9765
9973 10618 9974
10618 9973 10619
9767 26316 9768
26316 9767 26317
9971 10616 9972
10616 9971 10617
9769 10614 9770
10614 9769 9771
26318 9772 26319
9772 9773 26319
9770 10612 10611
26319 9773 10612
9778 9779 9780
9775 9782 9781
9782 9775 9776
9783 9775 9781
9775 9783 9777
9784 9777 9783
9777 9784 26320
9780 26321 9785
26321 9780 9779
9786 9787 9782
9789 9782 9787
9782 9789 9781
9790 9781 9789
9781 9790 9783
9791 9783 9790
9783 9791 9784
9785 26322 9792
26322 9785 26321
9793 9788 9794
9788 9793 9787
9789 9793 9795
9793 9789 9787
9796 9789 9795
9789 9796 9790
9797 9790 9796
9790 9797 9791
26322 26323 9798
9799 9801 9800
9801 9799 9798
26324 26325 9802
9793 9804 9803
9804 9793 9794
9795 9803 9805
9803 9795 9793
9806 9795 9805
9795 9806 9796
9807 9796 9806
9796 9807 9797
9801 26326 9808
26326 9801 26323
9800 9808 9809
9808 9800 9801
26327 9800 9809
9800 26327 26324
9803 9811 9810
9811 9803 9804
9805 9810 9812
9810 9805 9803
9813 9805 9812
9805 9813 9806
9814 9806 9813
9806 9814 9807
9815 26326 26328
26326 9815 9808
9809 9815 9816
9815 9809 9808
26329 9809 9816
9809 26329 26327
9810 9818 9817
9818 9810 9811
9812 9817 9819
9817 9812 9810
9820 9812 9819
9812 9820 9813
9821 9813 9820
9813 9821 9814
9822 26328 26330
26328 9822 9815
9815 9822 9816
26329 9822 26331
9822 26329 9816
9818 9823 9817
9817 9823 9819
9819 9823 9820
9820 9823 9821
26330 26332 9822
9822 26332 26331
9786 9782 9776
26333 26334 26335
26336 26337 26338
26337 26336 26339
9824 26340 9825
26340 9824 26341
26342 9826 26343
26344 9826 26342
26345 26346 9827
26346 26345 26344
26347 9827 9828
9827 26347 26345
26348 9828 9829
9828 26348 26347
26349 9829 9830
9829 26349 26348
9831 9830 9832
9830 9831 26349
26349 9831 26350
9833 9832 9834
9832 9833 9831
9831 9833 26350
9835 9834 9836
9834 9835 9833
26351 9835 26352
9835 26351 9833
9837 9836 9838
9836 9837 9835
26353 9835 9837
9835 26353 26352
9839 9838 9840
9838 9839 9837
9841 9837 9839
9837 9841 26353
26354 9843 9842
9843 26354 9841
9844 9840 9845
9840 9844 9839
9843 9839 9844
9839 9843 9841
9846 9843 9847
9843 9846 9842
9848 9850 9849
9851 9845 9852
9845 9851 9844
9847 9844 9851
9844 9847 9843
9847 9853 9846
9854 26355 9855
9853 9852 26356
9852 9853 9851
9851 9853 9847
26357 9841 26354
26358 26359 9770
26360 9976 9975
26311 26361 26312
26337 26341 26338
26341 26337 26340
9637 9633 9636
9633 9637 9635
26362 9827 26346
26362 9828 9827
9828 26362 26363
26363 9829 9828
9829 26363 9856
9829 9857 9830
9857 9829 9856
9858 9830 9857
9830 9858 9832
9832 9859 9834
9859 9832 9858
9834 9860 9836
9860 9834 9859
9836 9861 9838
9861 9836 9860
9838 9862 9840
9862 9838 9861
9862 9845 9840
9845 9862 26364
26364 9852 9845
9852 26364 26356
9850 9848 26365
26355 9854 26366
9863 26367 26368
26367 9848 9849
9848 26367 9863
26365 9848 26369
9864 9437 9435
9865 9866 9864
9866 9437 9864
9867 9866 9865
9443 9867 9451
9867 9443 9866
9868 9867 9869
9451 9868 9456
9868 9451 9867
9868 9871 9870
9868 9872 9456
9872 9868 9870
9871 9873 9870
9873 9872 9870
9872 9873 9874
9875 9877 9876
9878 9880 9879
9880 9878 9877
9876 9881 9875
9875 9880 9877
9880 9875 9882
9881 9884 9883
9884 9886 9883
9886 9884 9885
26370 9887 9888
9887 26370 26371
9889 9891 9890
9893 9895 9894
9895 9893 9892
9891 9896 9890
26372 9898 26373
9898 26372 9897
9899 9901 9900
9902 26374 9903
26374 9902 26375
9901 9904 9900
9906 9908 9907
9908 9906 9905
26375 9909 26376
9909 26375 9902
9909 9912 9911
9912 9909 9910
26376 9911 26377
9911 26376 9909
9914 26378 26379
26378 9914 9913
9911 9916 9915
9916 9911 9912
26377 9915 9917
9915 26377 9911
9913 26380 26378
26380 9913 9918
9915 9920 9919
9920 9915 9916
9917 9919 9921
9919 9917 9915
9922 9917 9921
9917 9922 26381
9923 26381 9922
26381 9923 26382
9918 9924 9926
9924 9918 9925
9918 26383 26380
26383 9918 9926
9919 9928 9927
9928 9919 9920
9921 9927 9929
9927 9921 9919
9930 9921 9929
9921 9930 9922
9931 9922 9930
9922 9931 9923
9926 9932 9933
9932 9926 9924
9926 26384 26383
26384 9926 9933
9927 9935 9934
9935 9927 9928
9929 9934 9936
9934 9929 9927
9937 9929 9936
9929 9937 9930
9938 9930 9937
9930 9938 9931
26385 26386 9939
26386 26385 26387
9933 26388 9940
26388 9933 9932
9933 26389 26384
26389 9933 9940
9934 9942 9941
9942 9934 9935
9934 9941 9936
9943 9936 9941
9936 9943 9937
9944 9937 9943
9937 9944 9938
9939 26390 9945
26390 9939 26386
9940 26391 9946
26391 9940 26388
9940 26392 26389
26392 9940 9946
9942 9947 9941
9941 9947 9943
9943 9947 9944
26390 26393 9945
26394 9946 26391
26394 26392 9946
9903 26395 9948
26395 9903 26374
26396 9903 9948
26397 26398 26399
26398 26397 26400
26401 26399 26402
26399 26401 26397
9949 26403 26404
26403 9949 26405
9887 26406 9888
26406 9887 26407
9897 9951 9898
9951 9897 9950
9953 9898 9951
9898 9953 9952
26408 26409 9954
9956 9955 9952
9955 9956 9948
26410 9957 9959
9957 26410 9958
9961 9963 9962
9963 9961 9960
9965 9961 9962
9961 9965 9964
26411 9967 9966
9967 26411 26412
26413 26414 26415
26414 26413 26416
9963 9968 9962
9962 9968 9965
26417 9967 26412
26418 26414 26416
26419 26420 26421
26420 26419 9969
9970 26422 26423
26422 9970 26424
26395 26373 9955
9961 26419 9960
26419 9961 9969
26425 9961 9964
9961 26425 9969
26411 26424 9970
26424 26411 9966
9958 26415 9957
26415 9958 26413
9955 9948 26395
26381 26377 9917
26377 26381 26426
9802 9799 9800
9800 26324 9802
26322 9798 9792
26323 9801 9798
9833 26351 26350
10612 26359 26319
26427 26405 9949
26428 26429 26430
26431 26429 26428
26360 9975 26432
9977 26433 26434
9979 26435 26436
26435 9979 9978
9980 26436 26437
26436 9980 9979
9981 26438 9982
26438 9981 26439
9982 26440 9983
26440 9982 26438
9983 26441 9984
26441 9983 26440
9984 9985 9986
9985 9984 26441
9986 9988 9987
9988 9986 9985
9987 9990 9989
9990 9987 9988
9992 9994 9993
9994 9992 9991
9995 9997 9996
9998 9997 9995
9997 9998 26442
9993 26443 9999
26443 9993 9994
9996 10001 10000
10002 9995 10000
9995 10002 9998
9999 26444 10003
26444 9999 26443
10000 10004 10005
10004 10000 10001
10006 10000 10005
10000 10006 10002
10003 26445 10007
26445 10003 26444
10005 10008 10009
10008 10005 10004
10010 10005 10009
10005 10010 10006
10007 26446 10011
26446 10007 26445
10012 10009 10008
10009 10012 10010
26446 26447 10011
10013 9982 10014
9982 10013 9981
10014 9983 10015
9983 10014 9982
10015 9984 10016
9984 10015 9983
10016 9986 10017
9986 10016 9984
10017 9987 10018
9987 10017 9986
10018 9989 10019
9989 10018 9987
10020 10022 10021
10022 10020 9992
9992 10023 10022
10023 9992 9993
9993 10024 10023
10024 9993 9999
9999 26448 10024
26448 9999 10003
10003 26449 26448
26449 10003 10007
10007 26450 26449
26450 10007 10011
26451 26452 26453
10026 10028 10027
10028 10026 10025
9979 10029 10030
10029 9979 9980
10030 9978 9979
26454 26455 10031
26454 10032 26456
9997 26442 26457
10035 10033 10036
10033 10035 10034
10037 10039 10038
10039 10037 26458
10038 10041 10040
10041 10038 10039
10043 10044 9925
10044 10043 10042
10044 9924 9925
10045 10041 10046
10041 10045 10040
10042 10048 10047
9924 10049 9932
10049 9924 10044
10046 10052 10051
10052 10046 10050
10053 10046 10051
10046 10053 10045
10054 10056 10055
10055 10056 10047
10049 10058 9932
10058 10049 10057
26459 10059 26460
10051 10059 10060
10059 10051 10052
10061 10051 10060
10051 10061 10053
26461 10062 10064
10062 26461 10063
10066 10067 10056
10067 10066 10065
10057 10069 10058
10069 10057 10068
10059 26462 10070
26462 10059 26459
10060 10070 10071
10070 10060 10059
10072 10060 10071
10060 10072 10061
26463 10073 26464
10073 26463 10064
10067 10074 10075
10074 10067 10065
10076 10068 10077
10068 10076 10069
10070 26465 10078
26465 10070 26462
10071 10078 10079
10078 10071 10070
10080 10071 10079
10071 10080 10072
26466 10073 10081
10073 26466 26464
10075 10082 10083
10082 10075 10074
10084 10077 10085
10077 10084 10076
10078 26467 10086
26467 10078 26465
10079 10086 10087
10086 10079 10078
10088 10079 10087
10079 10088 10080
26468 10081 10089
10081 26468 26466
10083 10090 10091
10090 10083 10082
10092 10085 10093
10085 10092 10084
10086 26469 10094
26469 10086 26467
10087 10094 10095
10094 10087 10086
10096 10087 10095
10087 10096 10088
26470 10089 10097
10089 26470 26468
10091 10098 10099
10098 10091 10090
10100 10093 10101
10093 10100 10092
10094 26471 10102
26471 10094 26469
10095 10102 10103
10102 10095 10094
10104 10095 10103
10095 10104 10096
26472 10097 10105
10097 26472 26470
10099 10106 10107
10106 10099 10098
10108 10101 10109
10101 10108 10100
26473 10105 10110
10105 26473 26472
10112 10107 10106
10107 10112 10111
10113 10109 10114
10109 10113 10108
26474 10110 10115
10110 26474 26473
10112 10116 10111
10111 10116 10114
10114 10116 10113
10115 26475 26474
10118 10062 10063
10062 10118 10117
10120 10117 10118
10117 10120 10119
26476 10123 10122
10123 26476 10121
26477 10121 26476
10124 26478 26479
26480 26481 26482
26481 26480 26483
26484 10052 10050
10052 26484 26460
26475 10115 10125
10104 10126 10127
10126 10104 10103
10127 10128 10125
10128 10127 10126
26485 26475 10128
10129 26485 10128
26485 10129 26486
26486 10102 26471
10102 26486 10129
10128 10126 10129
10129 10103 10102
10129 10126 10103
26477 10037 10121
10037 26477 10130
10121 10038 10123
10038 10121 10037
10123 10040 10119
10040 10123 10038
10119 10045 10117
10045 10119 10040
10045 10062 10117
10062 10045 10053
10053 10064 10062
10064 10053 10061
10061 10073 10064
10073 10061 10072
10072 10081 10073
10081 10072 10080
10080 10089 10081
10089 10080 10088
10088 10097 10089
10097 10088 10096
10096 10105 10097
10105 10096 10104
10104 10110 10105
10110 10104 10127
10127 10115 10110
10115 10127 10125
26475 10125 10128
10133 10131 9925
10131 10133 10132
10043 9925 10131
10049 10056 10057
10056 10049 10047
26487 26488 10134
10135 10137 10136
10136 10043 10131
10043 10136 10137
10140 10138 10141
10138 10140 10139
10142 10141 10143
10141 10142 10140
10144 26489 10145
26489 10144 26490
10144 10048 10042
10048 10144 10145
10138 26491 26492
26491 10138 10139
10147 10149 10148
10149 10147 10146
10147 10151 10150
10151 10147 10148
10152 26493 10153
26493 10152 26494
10152 10154 10055
10154 10152 10153
10055 10154 10054
10149 26495 26496
26495 10149 10146
10156 10158 10157
10158 10156 10155
10160 10156 10157
10156 10160 10159
10161 26497 10162
26497 10161 26498
10161 10164 10163
10164 10161 10162
10165 10164 10166
10164 10165 10163
10155 26499 10158
26499 10155 26500
10157 10168 10167
10168 10157 10158
10169 10157 10167
10157 10169 10160
10162 26501 10170
26501 10162 26497
10162 10171 10164
10171 10162 10170
10166 10171 10172
10171 10166 10164
10158 26502 10168
26502 10158 26499
10167 10173 10169
26501 26503 10170
26503 10171 10170
10171 26503 10172
26502 10173 10168
26504 10140 10142
10140 26504 10174
26487 10175 26505
26506 10039 26458
10039 26507 10041
26507 10039 26506
26508 10041 26507
10041 26508 10046
26509 26484 10050
26484 26509 26510
26508 10050 10046
10050 26508 26509
10177 10179 10178
10179 10177 10176
10178 9865 9864
9865 10178 10179
10179 9869 9865
9869 10179 10180
10182 9869 10180
9869 10182 10181
10183 9871 10181
10184 10185 9876
10185 10184 10183
10186 9876 10185
9876 10186 9881
10187 10186 10188
10186 10187 9881
10187 10189 10190
10189 10187 10188
10191 26511 10192
26511 10191 26512
10192 26513 10193
26513 10192 26511
10193 26514 10194
26514 10193 26513
10192 10193 10195
10194 26515 10196
26515 10194 26514
10197 10196 10198
10196 10197 10194
10199 26516 26517
10200 10199 10198
10199 10200 26518
26519 10201 26520
10202 10196 26520
10198 10196 10202
10200 10203 26521
10033 10204 10132
10204 10033 10205
26519 10206 10201
10206 26519 26522
10207 10201 10206
10201 10207 10202
10209 10202 10207
10202 10209 10208
10211 10208 10209
10208 10211 10210
10212 26523 10213
26523 10212 26524
10214 10132 10204
10132 10214 10131
26522 10215 10206
10215 26522 26525
10207 10215 10216
10215 10207 10206
10209 10216 10217
10216 10209 10207
10211 10217 10218
10217 10211 10209
10213 26526 10219
26526 10213 26523
10136 10131 10214
10215 26527 10220
26527 10215 26525
10216 10220 10221
10220 10216 10215
10217 10221 10222
10221 10217 10216
10218 10222 10223
10222 10218 10217
10219 26528 10224
26528 10219 26526
10225 10219 10224
10219 10225 10136
10136 10225 10135
10226 10227 10220
10228 10220 10227
10220 10228 10221
10222 10228 10229
10228 10222 10221
10223 10229 10230
10229 10223 10222
10224 26529 10231
26529 10224 26528
10225 10231 10232
10231 10225 10224
10135 10232 10233
10232 10135 10225
26530 10234 26531
10234 26530 26532
10235 26533 10236
26533 10235 10227
10237 10227 10235
10227 10237 10228
10229 10237 10238
10237 10229 10228
10230 10238 10239
10238 10230 10229
10231 26534 10240
26534 10231 26529
10232 10240 10241
10240 10232 10231
10242 10232 10241
10232 10242 10233
10234 26535 26536
26535 10234 26532
10243 10236 10244
10236 10243 10235
10237 10243 10245
10243 10237 10235
10238 10245 10246
10245 10238 10237
10239 10246 10247
10246 10239 10238
10240 26537 10248
26537 10240 26534
10249 10240 10248
10240 10249 10241
10250 10241 10249
10241 10250 10242
26538 26535 26539
26535 26538 26536
10251 10244 10252
10244 10251 10243
10245 10251 10253
10251 10245 10243
10246 10253 10254
10253 10246 10245
10247 10254 10255
10254 10247 10246
10248 26540 10256
26540 10248 26537
10257 10248 10256
10248 10257 10249
10258 10249 10257
10249 10258 10250
26541 26539 26542
26539 26541 26538
10259 10252 10260
10252 10259 10251
10253 10259 10261
10259 10253 10251
10254 10261 10262
10261 10254 10253
10255 10262 10263
10262 10255 10254
10256 26543 10264
26543 10256 26540
10265 10256 10264
10256 10265 10257
26544 10257 10265
10257 26544 10258
26542 26545 26541
10260 10266 10259
10259 10266 10261
10261 10266 10262
10262 10266 10263
26543 26546 10264
10264 26546 10265
10265 26546 26544
10267 26512 10191
26512 10267 26547
10268 10270 10269
10268 10269 10271
26548 10273 10272
26548 10272 10274
26549 10270 10268
10275 10270 10276
10270 10275 10269
10271 10275 10277
10275 10271 10269
10278 10277 10279
10277 10278 10271
10272 10281 10280
10281 10272 10273
10274 10280 10282
10280 10274 10272
26549 10276 10270
10276 26549 26550
10283 10276 10284
10276 10283 10275
10277 10283 10285
10283 10277 10275
10279 10285 10286
10285 10279 10277
10280 10288 10287
10288 10280 10281
10282 10287 10289
10287 10282 10280
26550 10284 10276
10284 26550 26551
10290 10284 10291
10284 10290 10283
10286 10293 10292
10293 10286 10285
10287 10295 10294
10295 10287 10288
10289 10294 10296
10294 10289 10287
26551 10291 10284
10291 26551 26552
10297 10291 10298
10291 10297 10290
10292 10300 10299
10300 10292 10293
10296 10302 10301
10302 10296 10294
26552 10298 10291
10298 26552 26553
10303 10298 10304
10298 10303 10297
10299 10306 10305
10306 10299 10300
10302 10307 10301
26553 10304 10298
10304 26553 10308
10309 10304 10310
10304 10309 10303
10305 10311 26554
10311 10305 10306
26555 10312 10314
10312 26555 10313
10308 10310 10304
10310 10308 26556
10315 10310 10316
10310 10315 10309
26557 10311 10317
10311 26557 26554
10314 10318 10319
10318 10314 10312
26556 10316 10310
10316 26556 26558
10320 10316 10321
10316 10320 10315
10323 26559 10324
26559 10323 10322
10319 10325 10326
10325 10319 10318
26558 10321 10316
10321 26558 26560
10320 10328 10327
10328 10320 10321
10329 10326 10325
26560 10328 10321
10328 26560 26561
10330 10328 10331
10328 10330 10327
10322 26562 26559
10328 10332 10331
10332 10328 26561
10333 10331 10334
10331 10333 10330
26563 10330 10333
10330 26563 26562
10332 10334 10331
10334 10332 10335
10336 10334 10337
10334 10336 10333
10336 26564 26565
26566 10337 10334
10336 26567 10338
26567 10336 10337
10336 26568 26564
10338 26569 26570
26569 10338 26567
26570 26571 26572
26571 26570 26569
26571 26573 26572
26574 10281 10273
10281 26574 26575
10281 26576 10288
26576 10281 26575
10288 26577 10295
26577 10288 26576
26577 10339 10295
10339 26577 26578
26579 10340 26578
10268 10271 10278
26574 10273 26548
10285 10290 10293
10290 10285 10283
10293 10297 10300
10297 10293 10290
10300 10303 10306
10303 10300 10297
10306 10309 10311
10309 10306 10303
10311 10315 10317
10315 10311 10309
10317 10320 10323
10320 10317 10315
10323 10327 10322
10327 10323 10320
10327 26562 10322
26562 10327 10330
10341 10343 10342
10341 10342 10344
10341 10344 10345
26580 10347 10346
26580 10346 26581
10348 10342 10349
10342 10348 10344
10350 10344 10348
10344 10350 10345
10346 10352 10351
10352 10346 10347
10343 10349 10342
10349 10343 10353
10354 10349 10355
10349 10354 10348
10356 10348 10354
10348 10356 10350
10351 10358 10357
10358 10351 10352
10353 10355 10349
10355 10353 10359
10360 10355 10361
10355 10360 10354
10362 10354 10360
10354 10362 10356
10357 10364 10363
10364 10357 10358
10359 10361 10355
10361 10359 10365
10366 10361 10367
10361 10366 10360
10368 10360 10366
10360 10368 10362
10363 26582 26583
26582 10363 10364
10367 10365 10369
10365 10367 10361
10370 10367 10371
10367 10370 10366
10372 10366 10370
10366 10372 10368
10371 10369 10373
10369 10371 10367
10374 10371 10375
10371 10374 10370
10376 10370 10374
10370 10376 10372
10377 10371 10373
10371 10377 10375
10378 10375 10379
10375 10378 10374
10380 10374 10378
10374 10380 10376
10375 26584 10379
10381 10379 10382
10379 10381 10378
10383 10378 10381
10378 10383 10380
10382 26585 26586
26585 10382 10379
10384 10382 10385
10382 10384 10381
10381 10384 26587
10385 26586 26588
26586 10385 10382
26589 10385 10386
10385 26589 10384
10384 26590 26587
10386 26588 26591
26588 10386 10385
10387 26591 10388
26591 10387 10386
10389 10388 10390
10388 10389 10387
10391 10392 26592
10393 10391 10394
10391 10393 10392
10395 10394 10396
10394 10395 10393
10396 10397 10395
26593 10398 10400
10398 26593 10399
10401 26594 10397
10345 10402 10341
10403 10347 26595
10347 10403 10352
10404 10352 10403
10352 10404 10358
10405 10358 10404
10358 10405 10364
10364 26596 26582
26596 10364 10405
10407 26597 26596
26597 10407 10406
26598 26597 10406
26599 26600 26601
26599 26601 26602
26603 10383 26604
10383 26603 10380
26605 10380 26603
10380 26605 10376
26606 10376 26605
10376 26606 10372
26607 10372 26606
10372 26607 10368
26608 10368 26607
10368 26608 10362
26609 10362 26608
10362 26609 10356
26610 10356 26609
10356 26610 10350
10402 10350 26610
10350 10402 10345
10347 26580 26595
10386 26611 26589
26587 26612 10383
10294 10339 10302
10339 10294 10295
10338 26568 10336
26570 26568 10338
10408 26592 26613
26614 10408 26613
26615 26583 26616
26583 26615 26617
26617 10363 26583
10363 26617 26618
26618 10357 10363
10357 26618 26619
26619 10351 10357
10351 26619 26620
26620 10346 10351
10346 26620 26581
26611 10387 26621
10387 26611 10386
26621 10389 26622
10389 26621 10387
26622 10409 26623
10409 26622 10389
26623 10410 26624
10410 26623 10409
10411 26624 10410
26624 10411 26625
26625 10400 26626
10400 26625 10411
10398 26626 10400
26626 10398 26627
26596 10405 10407
26628 26361 26311
26629 26630 26631
26567 10337 26566
26632 26566 10335
10334 10335 26566
9449 9446 9444
10412 10413 9435
9279 9435 10413
26633 10414 26634
10415 26634 10414
26635 10415 10416
26633 10417 10414
10415 10419 10418
10419 10415 10414
10416 10418 10420
10418 10416 10415
10421 26636 26108
10417 10423 10419
10418 10425 10424
10425 10418 10419
10420 10424 10426
10424 10420 10418
10422 26637 26636
10427 10423 10428
10423 10427 10425
10424 10427 10429
10427 10424 10425
10424 10429 10426
10430 26638 26637
10431 10428 10432
10428 10431 10427
10429 10431 10433
10431 10429 10427
10429 10433 10434
26638 10435 26639
10435 26638 10430
10431 10437 10436
10437 10431 10432
10433 10436 10438
10436 10433 10431
10435 26640 26639
10436 10440 10439
10440 10436 10437
10438 10439 10441
10439 10438 10436
10442 26641 26640
10439 10444 10443
10444 10439 10440
10441 10443 10445
10443 10441 10439
26642 10442 10446
10442 26642 26641
10443 10448 10447
10448 10443 10444
10445 10447 10449
10447 10445 10443
26643 10446 10450
10446 26643 26642
10447 10452 10451
10452 10447 10448
10449 10451 10453
10451 10449 10447
26644 10450 10454
10450 26644 26643
10451 10456 10455
10456 10451 10452
10453 10455 10457
10455 10453 10451
26645 10454 10458
10454 26645 26644
10455 10460 10459
10460 10455 10456
10461 10455 10459
10455 10461 10457
26646 26647 10462
26648 10458 10463
10458 26648 26645
10459 10465 10464
10465 10459 10460
10459 10464 10461
26647 10490 10462
10490 26647 26649
26648 10466 26650
10466 26648 10463
10465 10467 10464
10466 26651 26650
10413 10422 10421
10413 10430 10422
10430 10413 10412
10468 10420 10469
10420 10468 10416
10468 26652 26653
10469 10426 10470
10426 10469 10420
10469 10471 26652
10472 10426 10434
10426 10472 10470
10473 10434 10474
10434 10473 10472
10475 10474 10476
10474 10475 10473
10475 10478 10477
10478 10475 10476
10446 10442 9448
10477 10480 10479
10480 10477 10478
10481 10477 10479
10477 10481 26654
26174 10450 10446
10450 26174 26655
10479 10483 10482
10483 10479 10480
10484 10479 10482
10479 10484 10481
26655 10454 10450
10454 26655 26656
10485 10483 10457
10483 10485 10482
10486 10482 10485
10482 10486 10484
26656 10458 10454
10458 26656 26657
10485 26658 10487
26658 10485 10457
10488 10485 10487
10485 10488 10486
26657 10463 10458
10463 26657 26659
10487 26660 10489
26660 10487 26658
10491 10487 10489
10487 10491 10488
10463 26661 10466
26661 10463 26659
10489 10493 10492
10493 10489 26660
10494 10489 10492
10489 10494 10491
26651 26661 26662
26661 26651 10466
10493 10495 10492
10492 10495 10494
26662 26663 26651
26664 26665 26666
10490 26664 26666
26664 10490 26649
10433 10474 10434
10474 10433 10438
10474 10441 10476
10441 10474 10438
10476 10445 10478
10445 10476 10441
10445 10480 10478
10480 10445 10449
10449 10483 10480
10483 10449 10453
10457 10483 10453
10429 10434 10426
10468 26635 10416
10413 10421 9279
26653 26635 10468
10421 26108 9279
26667 10477 26654
10477 26667 10475
10473 10475 26667
10473 26667 26668
26669 10470 10472
10470 26669 26670
9579 10496 9578
10498 9509 9510
9509 10498 10497
10499 9509 10497
9509 10499 9514
10501 10499 10497
10499 10501 10500
26671 9614 26672
9614 26671 10502
10503 9613 10502
26236 10504 26673
10504 26236 9613
9613 9614 10502
10505 26674 26675
26676 10506 26677
10507 10509 10508
10510 10512 10511
10513 10510 10514
10510 10513 10512
26678 26679 26680
10516 10515 10517
10515 10516 10510
10518 10510 10516
10510 10518 10514
26678 26681 26679
10516 10520 10519
10520 10516 10517
10521 10516 10519
10516 10521 10518
26679 26681 26682
10519 10523 10522
10523 10519 10520
10524 10519 10522
10519 10524 10521
10525 26683 10526
26683 10525 26682
10522 10528 10527
10528 10522 10523
10529 10522 10527
10522 10529 10524
10526 26684 10530
26684 10526 26683
10528 10531 10527
10527 10531 10529
26684 26685 10530
26685 26686 10530
26676 10533 10532
26676 10532 10506
26687 26688 26689
10507 10535 10509
10535 10507 10534
26690 26691 26692
10509 10537 10536
10537 10509 10535
10538 10537 10539
10537 10538 10536
10536 10538 10540
26693 26692 26694
26692 26693 26695
10541 10539 10542
10539 10541 10538
10540 10541 10511
10541 10540 10538
10541 10544 10543
10544 10541 10542
10515 10541 10543
10541 10515 10511
26696 10545 26697
10545 26696 26694
10543 10547 10546
10547 10543 10544
10548 10543 10546
10543 10548 10515
10545 26698 10549
26698 10545 26699
26700 10545 10549
10545 26700 26697
10547 10550 10546
10546 10550 10548
26698 26701 10549
10549 26701 26700
10515 10510 10511
10512 10540 10511
26691 26690 26702
26692 26695 26690
10545 26694 26703
26704 26705 26706
26705 26704 26707
10525 26708 26709
10525 26710 26708
26710 10525 10526
10526 26686 26710
26686 10526 10530
9613 10503 10504
26699 10545 26703
26706 26705 26711
26694 26696 26693
10540 10512 10536
10525 26709 26679
26459 26460 26712
10059 10052 26460
10389 26713 10409
26713 10389 10390
26713 10410 10409
10410 26713 26714
26714 10411 10410
10411 26714 26715
26715 10400 10411
10400 26715 26593
26716 26717 26615
9889 10190 10189
26718 26719 26720
26719 26718 10551
10551 26721 26719
9276 10552 9279
9435 9279 10552
10031 10032 26454
9972 10615 26722
10615 9972 10616
26316 26723 9768
10025 9981 10013
9981 10025 10026
9981 10553 26439
10553 9981 10026
9973 10620 10619
10620 9973 26724
10026 10555 10553
10555 10026 10027
26724 10621 10620
10621 26724 26725
10554 26726 26727
26726 10554 10556
26727 9765 10554
9765 26727 26314
26728 26547 10267
26315 9767 9766
9767 26315 26317
10617 9974 10618
9974 10617 9971
10615 9771 26722
9771 10615 10614
10124 26481 26478
26481 10124 26482
10195 10194 10197
10194 10195 10193
10208 10200 10198
26520 10196 26515
10019 26729 26730
26729 10019 9989
9989 10557 26729
10557 9989 9990
10558 26731 26483
26480 10558 26483
10558 26480 9774
9770 26732 9769
10198 10202 10208
10377 26584 10375
26615 26616 26716
26584 26585 10379
26716 26733 26717
9071 9070 9131
9080 9078 9084
9078 9080 9075
10199 26518 26516
10200 26521 26518
10383 26612 26602
10383 26602 26604
26601 26604 26602
10340 10339 26578
10381 26587 10383
10301 10313 26555
10313 10301 10307
10384 26589 26590
9187 26734 9181
26627 26735 26736
26735 26627 10398
10399 26735 10398
26735 10399 10559
10176 26594 10401
26594 10176 26737
10180 10176 10401
10176 10180 10179
10559 26738 26735
26738 10559 10560
26739 10176 10177
10176 26739 26737
26740 26738 10560
10177 9276 26739
10178 9864 10552
9276 10178 10552
10178 9276 10177
9416 9410 9414
9410 9416 9412
26256 9642 26258
9642 26256 9636
9636 9639 9642
9639 9636 9633
9633 9638 9639
9638 9633 9634
26335 10561 26741
10561 26335 26334
9506 10562 26742
10562 9506 9507
9507 10563 10562
10563 9507 10564
26743 10565 26744
10565 26743 10508
10509 10565 10508
9635 26745 26746
9637 26745 9635
26745 9637 26257
9415 26163 9417
9349 26747 26140
9349 9351 26747
9351 9349 9350
26134 9351 9350
26747 26136 26138
26136 26747 9351
26136 9351 26135
9272 9277 9274
9341 26748 26128
9341 9345 9346
9345 9341 9339
9341 9346 26748
9346 26132 26748
9227 9234 9235
9233 26749 26090
10566 26750 26749
10567 26741 10561
26741 10567 26751
10568 26742 10562
26742 10568 26752
10563 10568 10562
10568 10563 26753
26744 10512 10513
10512 26744 10565
10512 10565 10536
26259 9648 26260
9648 26259 9643
9643 9645 9648
9645 9643 9640
9640 9644 9645
9644 9640 9641
26751 26339 26336
26339 26751 10567
26752 9510 9511
9510 26752 10568
9510 26753 10498
26753 9510 10568
9578 9507 9508
10496 9507 9578
9507 10496 10564
10506 26743 26677
26743 10506 10508
10506 10507 10508
10507 10506 10532
10532 10534 10507
10534 10532 10533
26688 26702 26689
26702 26688 26691
26675 9632 10505
9632 26675 9438
26670 10469 10470
10469 26670 10471
26754 26678 26680
9418 9407 9411
9407 9418 9406
10509 10536 10565
26262 10569 26755
10569 26262 9652
9650 10569 9652
10569 9650 10570
10570 9651 26756
9651 10570 9650
26757 9514 10571
9514 26757 9513
9514 10572 10571
10572 9514 10499
10500 10572 10499
10572 10500 10573
26758 9614 9615
9614 26758 26672
26167 9395 9429
9395 26167 9427
26755 10574 26759
10574 26755 10569
10570 10574 10569
10574 10570 10575
10575 26756 10576
26756 10575 10570
9825 26760 9824
26760 9825 10577
10571 26761 26757
26761 10571 10578
10578 10572 9569
10572 10578 10571
10572 9568 9569
9568 10572 10573
9615 26238 26758
26759 9657 9659
9657 26759 10574
9657 10575 9654
10575 9657 10574
9654 10576 9653
10576 9654 10575
26762 26763 26764
26763 26762 26765
10577 26763 26760
26763 10577 26764
9518 10578 9517
10578 9518 26761
9517 9569 9570
9569 9517 10578
9567 9576 9570
9576 9567 26766
26765 26343 9826
26343 26765 26762
9523 9516 9522
9516 9523 9515
9576 9522 9516
9522 9576 9519
9519 26766 26187
26766 9519 9576
26346 26344 26342
9435 9436 10412
10446 9448 26174
9448 10442 10579
9436 9442 10579
10579 10435 10412
9436 10579 10412
10435 10430 10412
9442 9448 10579
10579 10442 10435
26668 10472 10473
10472 26668 26669
9445 9439 9440
9439 9445 9446
26709 26707 26704
26679 26682 10525
26708 26707 26709
9475 9499 9473
9499 9475 9498
9473 10580 26178
10580 9473 9499
9471 10581 9469
10581 9471 26767
10581 9466 9469
9466 10581 9463
9463 9465 9466
9465 9463 9464
26400 26430 26398
26430 26400 26768
10582 9499 9500
9499 10582 10580
10583 26767 26769
26767 10583 10581
10583 9463 10581
9463 10583 9460
9502 9500 9497
9500 9502 9462
26177 9500 9462
9500 26177 10582
9461 10583 26769
10583 9461 9459
9460 10583 9459
9575 10584 26770
10584 9575 26205
9483 26254 26771
9529 26772 26188
9587 26214 26211
26214 9587 26213
26770 26204 9574
26204 26770 10584
9536 9537 26773
26370 9897 26372
9897 26370 9888
9888 9950 9897
9950 9888 26406
9893 26774 9892
26774 9893 10585
10585 26775 26774
26775 10585 10586
9899 9896 9891
10586 26776 26775
26776 10586 10587
9898 9952 9955
26373 9898 9955
9952 26777 9956
26777 9952 9953
26778 9954 26779
9954 26778 26408
9907 9908 26776
26780 9969 26425
9969 26780 26420
26396 26781 9903
9903 10588 9902
10588 9903 26781
9906 26782 9905
26782 9906 10589
9904 10034 10035
10034 9904 9901
9902 9910 9909
9910 9902 10588
10589 26379 26782
26379 10589 9914
9874 9878 9879
9878 9874 9873
9877 9878 10184
10590 26195 26783
26195 10590 9549
26784 9887 26371
9887 26784 10591
9887 10592 26407
10592 9887 10591
26785 9894 9895
9894 26785 10593
9538 26783 9537
26783 9538 10590
26427 10591 26784
10591 26427 9949
10591 26404 10592
26404 10591 9949
9885 10593 26785
10593 9885 9884
9536 9529 9530
9529 9536 26773
26405 26402 26403
26402 26405 26401
9882 9883 9886
9883 9882 9875
9881 9883 9875
10034 10205 10033
10205 10034 10594
10020 9991 9992
9991 10020 26786
26731 10130 26477
10130 26731 10558
26458 10130 26787
10130 26458 10037
26488 10174 10134
10174 26488 10595
10122 10119 10120
10119 10122 10123
10595 26491 10139
26491 10595 26788
10595 10140 10174
10140 10595 10139
10144 10135 26490
10135 10144 10137
10137 10042 10043
10042 10137 10144
10044 10047 10049
10047 10044 10042
26492 10146 10138
10146 26492 26495
10146 10141 10138
10141 10146 10147
10141 10150 10143
10150 10141 10147
26494 10145 26489
10145 26494 10152
10145 10055 10048
10055 10145 10152
10054 10163 10165
10163 10054 10154
10153 10163 10154
10163 10153 10161
10153 26498 10161
26498 10153 26493
10151 10156 10159
10156 10151 10148
10148 10155 10156
10155 10148 10149
10149 26500 10155
26500 10149 26496
26788 26488 26789
26488 26788 10595
10134 10175 26487
10168 10173 10167
26455 26790 9996
9996 10031 26455
10000 9995 9996
9996 26790 10001
10064 26463 26461
10054 10066 10056
10048 10055 10047
9889 9890 10190
10033 10133 10036
10133 10033 10132
10214 10219 10136
10219 10214 10213
10204 10213 10214
10213 10204 10212
10205 10212 10204
10212 10205 10551
10594 10551 10205
10551 10594 26721
26721 10594 10596
26791 10596 10597
10596 26791 26792
26791 10597 26793
26793 10598 26794
10599 26794 10598
26794 10599 26795
10599 26614 26795
26614 10599 10600
10600 10408 26614
10408 10600 10601
10601 10391 10408
10391 10601 10602
10602 10394 10391
10394 10602 10603
10603 10396 10394
10396 10603 10182
10182 10401 10396
10401 10182 10180
9901 10594 10034
10594 9901 10596
9899 10596 9901
10596 9899 10597
9891 10597 9899
10597 9891 10598
10598 9889 10599
9889 10598 9891
10189 10599 9889
10599 10189 10600
10600 10188 10601
10601 10188 10186
10601 10186 10602
10603 10185 10183
10185 10603 10602
10182 10183 10181
10183 10182 10603
10067 10057 10056
10057 10067 10068
10068 10075 10077
10075 10068 10067
10077 10083 10085
10083 10077 10075
10085 10091 10093
10091 10085 10083
10093 10099 10101
10099 10093 10091
10101 10107 10109
10107 10101 10099
10109 10111 10114
10111 10109 10107
10593 9884 10187
9894 10593 10190
9893 9894 10190
10585 9893 9890
10586 10585 9896
9907 10587 9900
9904 9907 9900
9907 9904 9906
10035 9906 9904
9906 10035 10589
10035 9914 10589
9914 10035 10036
10036 9913 9914
9913 10036 10133
10133 9918 9913
9918 10133 9925
9899 9900 9896
9900 10587 10586
10587 9907 26776
10585 9890 9896
9893 10190 9890
10593 10187 10190
10184 9876 9877
9871 10183 10184
9873 10184 9878
10184 9873 9871
9871 9868 10181
10181 9868 9869
9869 9867 9865
10396 10401 10397
26750 9248 26097
9248 26750 10566
10566 9242 9248
9242 10566 9241
9233 10566 26749
9233 9241 10566
9241 9233 9229
9230 9241 9229
26088 26091 26093
9238 9224 9235
9224 9238 9226
9227 9235 9224
9223 9217 9222
9217 9223 9216
9225 9216 9223
9216 9225 9218
9228 26083 26087
26083 9228 9219
9220 26089 9231
26089 9220 26085
9221 9231 9232
9231 9221 9220
26086 9232 26090
9232 26086 9221
26089 9229 9231
26088 26093 9228
9182 26078 9177
10333 26565 26563
26434 9978 9977
9978 26434 26435
10029 10604 26796
10604 10029 9980
10604 26437 10605
26437 10604 9980
9976 10622 26797
10622 9976 26360
10607 9763 26312
9763 10607 10606
9660 10608 26798
10608 9660 9658
9658 10609 10608
10609 9658 9655
10609 9656 26799
9656 10609 9655
10324 10317 10323
10317 10324 26557
26796 10027 10028
10027 26796 10604
10027 10605 10555
10605 10027 10604
26725 10622 10621
10622 26725 26797
10607 10556 10606
10556 10607 26726
26798 9665 9667
9665 26798 10608
10608 9662 9665
9662 10608 10609
9662 26799 9661
26799 9662 10609
9763 9764 26311
26631 9378 26629
26168 9430 9432
9430 26168 9379
9975 26800 26432
10333 10336 26565
26313 9763 10606
10226 26533 10227
26527 10226 10220
26531 26801 26530
10597 10598 26793
9089 9083 9081
9083 9089 9091
26721 10596 26792
9085 26046 9095
26046 9085 26042
9099 9093 9098
9093 9099 9092
26044 9097 26049
9097 26044 9090
9900 10586 9896
10212 26718 26524
26718 10212 10551
10210 10200 10208
10200 10210 10203
10468 10469 26652
9849 9854 9855
9854 9849 9850
9850 26366 9854
26366 9850 26365
9864 9435 10552
9866 9443 9437
10422 10430 26637
9447 26174 9448
9451 9453 9447
10435 10442 26640
10415 26635 26634
10417 10419 10414
10423 10425 10419
10186 10185 10602
10600 10189 10188
10408 10391 26592
26614 26613 26802
9884 9881 10187
10558 26787 10130
26787 10558 9774
26307 10613 26308
10613 26307 10610
9770 10611 26732
10611 26803 26732
26803 9777 26320
9777 26803 10611
10611 9775 9777
9775 10611 10612
9775 9773 9776
9773 9775 10612
10613 26305 9760
26308 9762 26310
9770 26359 10612
9786 9788 9787
9761 10613 9760
26358 9770 10614
10615 26358 10614
26358 10615 26723
9768 10615 10616
10615 9768 26723
9767 10616 10617
10616 9767 9768
10617 9766 9767
9766 10617 10618
9765 10618 10619
10618 9765 9766
10554 10619 10620
10619 10554 9765
10556 10620 10621
10620 10556 10554
10621 10606 10556
10606 10621 10622
26313 10622 26360
10622 26313 10606
26153 26629 9378
9371 9377 9373
10201 10202 26520
10421 10422 26636
26155 9408 9404
26804 26740 10560
9282 9276 9271
26805 26806 26807
26806 26808 26807
26809 26810 10623
26811 26810 26809
26810 26811 26812
26813 26811 25691
26813 26812 26811
25698 26813 25691
10623 26808 26806
26810 26808 10623
26814 26815 10624
26816 26817 26818
26817 26816 26819
26817 26820 26821
26820 26817 26819
26822 26823 26821
26823 26822 26019
26822 26821 26820
26824 26818 26825
26818 26824 26816
26814 26825 26815
26825 26814 26824
26809 10624 26815
10624 26809 10623
10664 10625 10655
10626 26826 26827
10625 10658 10655
10635 10643 10660
10637 10642 10645
10635 10634 10653
10653 10643 10635
10660 10636 10635
10653 10634 10644
10663 10644 10654
10634 10654 10644
10636 10660 10642
10645 10638 10637
10638 10645 10665
10647 10639 10646
10639 10647 10640
10648 10640 10647
10640 10648 10641
10628 10648 10662
10648 10628 10641
10628 10662 10661
10629 10649 10630
10630 10650 10631
10650 10630 10649
10651 10631 10650
10631 10651 10632
10632 10651 10652
10657 10633 10652
10632 10652 10633
10649 10629 10661
10654 10626 10663
10658 10656 10655
10656 10658 10659
10633 10657 10627
10656 10627 10657
10659 10627 10656
10642 10637 10636
10638 10665 10639
10665 10646 10639
10663 10626 26827
10628 10661 10629
10669 10670 10667
26828 26829 10668
26830 10666 26831
26832 26833 26834
10699 10698 10701
10698 10699 10700
10702 10701 10698
10701 10702 10703
10705 10702 10704
10702 10705 10703
10707 10704 10706
10704 10707 10705
10709 10706 10708
10706 10709 10707
10819 10708 10818
10708 10819 10709
10713 10710 10712
10710 10713 10711
10715 10712 10714
10712 10715 10713
10820 10715 10714
10715 10820 10821
10718 10717 10716
10717 10718 10719
10720 10719 10718
10719 10720 10721
10723 10720 10722
10720 10723 10721
10724 10723 10722
10723 10724 10725
26835 10724 26836
10724 26835 10725
10673 10755 10823
10778 10823 10675
10675 10757 10676
10676 10758 10677
10758 10676 10757
10678 10758 10759
10758 10678 10677
10759 10760 10679
10760 10761 10680
10761 10681 10680
10764 10765 10683
26837 10766 10671
26838 26839 26840
26839 26838 26841
26840 26842 26843
26842 26840 26839
26844 10686 10685
10686 26844 26845
26846 26842 26847
26842 26846 26843
26845 10687 10686
10687 26845 26848
26849 26847 26850
26847 26849 26846
26848 10688 10687
10688 26848 26851
26852 26850 26853
26850 26852 26849
26854 10688 26851
10688 26854 10689
26855 26856 26857
26856 26855 26858
26859 10694 10693
10694 26859 26860
26857 26861 26862
26861 26857 26856
26863 10694 26860
10694 26863 10695
26864 26861 26865
26861 26864 26862
26866 10695 26863
10695 26866 10696
26867 26865 26868
26865 26867 26864
26869 10696 26866
10696 26869 10697
26870 26868 26871
26868 26870 26867
10672 10751 10727
10728 10750 10751
10729 10738 10750
10738 10739 10631
10739 10740 10630
10740 10741 10629
10770 10629 10741
10641 10814 10806
10814 10641 10628
10641 10815 10640
10815 10641 10806
10771 10639 10640
10639 10745 10638
10638 10746 10637
10637 10747 10636
10636 10748 10635
10635 10749 10634
10752 10634 10749
10654 10736 10626
10736 10737 10626
26872 10726 10658
10671 10727 10726
10671 10672 10727
10817 10767 10774
10767 10816 10785
10752 10683 10736
10736 10684 10737
26873 10726 26872
26872 10658 10625
10626 10737 26826
10684 10736 10683
26873 10671 10726
10726 10659 10658
10752 10736 10654
10730 10731 10740
10741 10769 10742
10768 10732 10744
10732 10745 10744
10733 10746 10745
10748 10735 10749
10634 10752 10654
10738 10632 10750
10751 10633 10627
10727 10627 10659
10627 10727 10751
10726 10727 10659
10749 10682 10752
10683 10752 10682
26874 26875 10754
26875 26876 10755
26876 10756 10755
10690 10757 10756
10690 10691 10757
10691 10759 10758
10692 10760 10759
10692 26877 10760
26877 26878 10761
26878 26879 10762
10809 10807 26880
10811 10810 10812
10768 10744 10743
10777 10769 10731
10731 10769 10741
10639 10771 10744
10743 10744 10771
10741 10742 10770
10629 10770 10628
10812 10809 26880
10786 10768 10784
10807 10813 10808
26881 10795 10824
26882 10797 26883
10766 10783 10672
10782 10753 10803
10753 10754 10673
11161 10681 10762
10682 10764 10683
26884 10685 26885
10685 26884 26844
26886 10697 26869
10697 26886 26887
10729 10804 10805
10802 10674 10780
10823 10778 10674
10675 10676 10776
10768 10786 10732
10732 10788 10733
10788 10773 10733
10738 10781 10739
10781 10730 10739
10773 10747 10746
10773 10734 10747
10681 10800 10772
10733 10773 10746
10796 10783 10766
26888 10753 10782
26879 26889 10763
10790 10792 10764
10765 10792 10794
10792 10765 10764
10766 26890 10796
26890 10766 26837
10769 10777 10775
10779 10731 10730
10781 10779 10730
10728 10783 10804
10816 10787 10785
10679 10789 10787
10680 10772 10789
10763 10791 10801
10793 26889 26881
26889 10793 10791
10824 10793 26881
26883 26891 26882
10797 26888 10782
26888 10797 26882
10729 10781 10738
10728 10729 10750
10751 10672 10728
10783 10728 10672
10822 10798 10790
10734 10798 10735
10799 10734 10773
10822 10735 10798
10674 10802 10673
10805 10781 10729
10804 10729 10728
10762 10763 11161
10766 10672 10671
10790 10764 10822
10739 10730 10740
10732 10733 10745
10814 26892 10806
26892 10814 10811
26892 10815 10806
10815 26892 10808
10681 11161 10800
10763 26889 10791
10803 10673 10802
26888 26874 10753
10680 10681 10772
10780 10674 10778
10778 10675 10776
10679 10680 10789
10755 10756 10823
10762 26879 10763
10740 10731 10741
10731 10779 10777
10776 10817 10774
10678 10679 10787
10788 10732 10786
26893 26894 26895
26896 26893 26897
26893 26896 26898
26899 26900 26901
26900 26899 26902
26903 26904 26905
26904 26903 26906
26907 26904 26908
26904 26907 26905
26906 26909 26904
26893 26910 26897
26910 26893 26895
26911 26912 26913
26912 26911 26914
26915 26916 26917
26918 26917 26919
26917 26918 26915
26920 26921 26922
26923 26922 26921
26922 26923 26924
10816 10677 10678
10677 10816 10767
10678 10787 10816
10776 10676 10817
10817 10677 10767
10677 10817 10676
10755 10673 10754
26874 10754 10753
26875 10755 10754
10681 10761 10762
10751 10750 10633
10735 10682 10749
26837 10671 26873
10683 10765 10684
10740 10629 10630
10744 10745 10639
10746 10747 10637
10745 10746 10638
10739 10630 10631
10738 10631 10632
10750 10632 10633
10747 10734 10748
10747 10748 10636
10734 10735 10748
10748 10749 10635
10760 10680 10679
10759 10679 10678
10673 10803 10753
10812 26925 10811
10812 26880 26925
26880 10807 26926
26926 10807 10808
26892 26926 10808
10811 26925 26892
26876 10690 10756
10757 10691 10758
10691 10692 10759
10760 26877 10761
10761 26878 10762
10711 10818 10710
10818 10711 10819
10716 10821 10820
10821 10716 10717
10799 10798 10734
10822 10764 10682
10735 10822 10682
10673 10823 10674
10675 10823 10756
10757 10675 10756
26927 26928 26929
26928 26927 26930
26931 26927 26932
26927 26931 26930
26931 26933 26934
26933 26931 26932
26935 26936 26937
26936 26935 26938
26939 26936 26938
26936 26939 26940
26941 26939 26942
26939 26941 26940
26943 26942 26944
26942 26943 26941
26945 26944 26946
26944 26945 26943
26947 26948 26949
26948 26947 26950
26947 26951 26952
26951 26947 26949
26952 26953 26954
26953 26952 26951
26953 26955 26954
26955 26953 26956
26955 26957 26958
26957 26955 26956
26959 26960 26961
26960 26959 26962
26962 26963 26960
26963 26962 26964
26964 26965 26963
26965 26964 26966
26967 26968 26969
26970 26971 26972
26973 26974 26975
26974 26973 26976
26977 26978 26979
26978 26977 26980
26973 26981 26982
26981 26973 26975
26977 26983 26980
26983 26977 26984
26981 26985 26982
26986 26987 26983
26968 26974 26976
26978 26971 26970
26985 26988 26989
26987 26986 26990
10826 10827 10825
26986 26983 26984
26978 26970 26979
26968 26967 26974
26981 26988 26985
10834 10833 10835
10836 10834 10835
10828 10830 10832
26991 26992 10829
26992 10831 10829
10830 26993 10832
26994 26995 26996
26995 26994 26997
26998 26999 27000
26999 26998 27001
27002 27003 27004
27003 27002 27005
27006 27007 27008
27007 27006 27009
10851 10843 10859
10843 10851 10844
10842 10843 10844
10843 10842 10841
10850 10838 10840
10838 10850 10858
10838 10839 10840
10839 10838 10837
27010 10853 27011
10853 27010 10856
27012 10845 10848
10845 27012 27013
27014 27015 27016
27015 27014 27017
27018 27019 27020
27019 27018 27021
27022 27023 27024
27023 27022 27025
27026 27027 27028
27027 27026 27029
27030 10846 10847
10846 27030 27031
10852 27032 27033
27032 10852 10849
27034 27035 27036
27035 27034 10854
10855 27037 27038
27037 10855 27039
10857 10850 27040
10850 10857 10858
10859 27041 10851
27041 10859 10860
10837 27036 10839
27036 10837 27034
27037 10841 10842
10841 27037 27039
27042 27043 27044
27043 27042 27045
27046 27047 27048
27047 27046 27049
27035 10857 27040
10857 27035 10854
27050 27051 27052
27051 27050 27053
10855 27041 10860
27041 10855 27038
27054 27055 27056
27055 27054 27057
10875 10867 10868
10867 10875 10883
10867 10866 10868
10866 10867 10865
10874 10862 10882
10862 10874 10864
10863 10862 10864
10862 10863 10861
10877 27058 27059
27058 10877 10880
10869 27060 10872
27060 10869 27061
10881 10879 10878
10879 10881 10884
10873 10871 10876
10871 10873 10870
27062 27063 27064
27063 27062 27065
27066 27067 27068
27067 27066 27069
27070 27071 27072
27071 27070 27073
27074 27075 27076
27075 27074 27077
27078 27079 27080
27079 27078 27081
27082 27083 27084
27083 27082 27085
27086 27087 27088
27087 27086 27089
27090 27091 27092
27091 27090 27093
10874 27094 27095
27094 10874 10882
27096 10883 10875
10883 27096 27097
27088 10861 10863
10861 27088 27087
10865 27090 10866
27090 10865 27093
27095 27089 27086
27089 27095 27094
27097 27092 27091
27092 27097 27096
27098 27099 27100
27099 27098 27101
27102 27103 27104
27103 27102 27105
10891 10892 10890
10893 10892 10891
10885 10889 10887
27106 10886 27107
27107 10886 10888
10887 10889 27108
27109 27110 27111
27110 27109 27112
27113 27114 27115
27114 27113 27116
27117 27118 27119
27118 27117 27120
27121 27122 27123
27122 27121 27124
27125 10919 10929
10930 10920 10914
10923 27126 10921
27126 10923 27127
10915 10924 10922
10924 10915 10916
27128 10923 10925
10923 27128 27127
10924 10917 10926
10917 10924 10916
27128 10925 10931
10932 10917 10918
10929 10921 27126
10915 10930 10914
10931 10927 27129
10918 10928 10932
10933 10825 10827
10932 10926 10917
10915 10922 10930
10929 27126 27125
27128 10931 27129
10941 10942 10940
10943 10942 10941
10935 10939 10937
27130 10936 27131
27131 10936 10938
10937 10939 27132
27133 27134 27135
27134 27133 27136
27137 27138 27139
27138 27137 27140
27141 27142 27143
27142 27141 27144
27145 27146 27147
27146 27145 27148
10958 10950 10951
10950 10958 10966
10950 10949 10951
10949 10950 10948
10957 10945 10965
10945 10957 10947
10946 10945 10947
10945 10946 10944
10960 27149 27150
27149 10960 10963
10952 27151 10955
27151 10952 27152
27153 27154 27155
27154 27153 27156
27157 27158 27159
27158 27157 27160
27161 27162 27163
27162 27161 27164
27165 27166 27167
27166 27165 27168
10953 27169 10954
27169 10953 27170
27171 10959 27172
10959 27171 10956
27173 27174 27175
27174 27173 10961
27176 10962 27177
10962 27176 27178
10957 10964 27179
10964 10957 10965
27180 10966 10958
10966 27180 10967
27175 10944 10946
10944 27175 27174
10948 27176 10949
27176 10948 27178
27181 27182 27183
27182 27181 27184
27185 27186 27187
27186 27185 27188
10964 27173 27179
27173 10964 10961
27189 27190 27191
27190 27189 27192
27180 10962 10967
10962 27180 27177
27193 27194 27195
27194 27193 27196
10982 10974 10990
10974 10982 10975
10973 10974 10975
10974 10973 10972
10981 10969 10971
10969 10981 10989
10969 10970 10971
10970 10969 10968
27197 10984 27198
10984 27197 10987
27199 10976 10979
10976 27199 27200
10986 10988 10985
10988 10986 10991
10978 10980 10983
10980 10978 10977
27201 27202 27203
27202 27201 27204
27205 27206 27207
27206 27205 27208
27209 27210 27211
27210 27209 27212
27213 27214 27215
27214 27213 27216
27217 27218 27219
27218 27217 27220
27221 27222 27223
27222 27221 27224
27225 27226 27227
27226 27225 27228
27229 27230 27231
27230 27229 27232
27233 10981 27234
10981 27233 10989
10990 27235 10982
27235 10990 27236
10968 27227 10970
27227 10968 27225
27230 10972 10973
10972 27230 27232
27228 27234 27226
27234 27228 27233
27231 27236 27229
27236 27231 27235
27237 27238 27239
27238 27237 27240
27241 27242 27243
27242 27241 27244
10998 10997 10999
11000 10998 10999
10992 10994 10996
27245 27246 10993
27246 10995 10993
10994 27247 10996
27248 27249 27250
27249 27248 27251
27252 27253 27254
27253 27252 27255
27256 27257 27258
27257 27256 27259
27260 27261 27262
27261 27260 27263
10912 10906 11001
11002 27264 27265
11001 10906 11019
11011 10909 10895
11013 10897 10894
11011 10905 11010
10905 11011 10895
10909 11011 11012
10905 10896 11010
10911 11018 10896
11010 10896 11018
11012 10894 10909
10897 11013 11014
11014 10913 10897
10899 11015 11016
11015 10899 10898
10900 11016 11017
11016 10900 10899
10900 11004 10934
11004 10900 11017
11004 10910 10934
11005 11006 10901
11006 10902 10901
10902 11006 11007
10903 11007 11008
11007 10903 10902
11008 10904 10903
10908 10904 11009
11008 11009 10904
10901 10910 11005
11018 10911 11002
11019 10907 11020
10907 11019 10906
11009 11003 10908
10907 10908 11003
11020 10907 11003
10894 11012 11013
11014 11015 10913
10913 11015 10898
10911 27264 11002
11004 11005 10910
11024 11022 11025
27266 11023 27267
27268 27269 11021
27270 27271 27272
11049 11048 11050
11048 11049 11051
11052 11051 11053
11051 11052 11048
11052 11055 11054
11055 11052 11053
11054 11057 11056
11057 11054 11055
11056 27273 27274
27273 11056 11057
27274 27275 27276
27275 27274 27273
27277 27278 27279
27278 27277 27280
27279 27281 27282
27281 27279 27278
27283 27281 27284
27281 27283 27282
11058 27285 11059
27285 11058 27286
11060 11059 11061
11059 11060 11058
11060 11063 11062
11063 11060 11061
11064 11063 11065
11063 11064 11062
11064 27287 27288
27287 11064 11065
11028 11159 11095
11118 11030 11159
11030 11031 11097
11098 11031 11032
11031 11098 11097
11033 11098 11032
11098 11033 11099
11099 11034 11100
11100 11035 11101
11101 11035 11036
11104 11038 11105
27289 11026 11106
27290 27291 27292
27291 27290 27293
27294 27292 27295
27292 27294 27290
27296 11041 27297
11041 27296 11040
27298 27295 27299
27295 27298 27294
27297 11042 27300
11042 27297 11041
27301 27299 27302
27299 27301 27298
27300 11043 27303
11043 27300 11042
27304 27301 27302
27301 27304 27305
11043 27306 27303
27306 11043 27307
27308 27309 27310
27309 27308 27311
27312 11044 27313
11044 27312 27314
27315 27308 27310
27308 27315 27316
11044 27317 27313
27317 11044 11045
27318 27316 27315
27316 27318 27319
11045 27320 27317
27320 11045 11046
27321 27319 27318
27319 27321 27322
11046 27323 27320
27323 11046 11047
27324 27322 27321
27322 27324 27325
11027 11067 11091
11068 11091 11090
11069 11090 11078
11078 11007 11079
11079 11006 11080
11080 11005 11081
11110 11081 11005
11154 11017 11146
11017 11154 11004
11017 11155 11146
11155 11017 11016
11111 11016 11015
11015 11014 11085
11014 11013 11086
11013 11012 11087
11012 11011 11088
11011 11010 11089
11092 11089 11010
11018 11002 11076
11076 11002 11077
27326 11019 11066
11026 11066 11067
11026 11067 11027
11157 11114 11107
11107 11125 11156
11092 11076 11038
11076 11077 11039
27327 27326 11066
27326 11001 11019
11002 27265 11077
11039 11038 11076
27327 11066 11026
11066 11019 11020
11092 11018 11076
11070 11080 11071
11081 11082 11109
11108 11084 11072
11072 11084 11085
11073 11085 11086
11088 11089 11075
11010 11018 11092
11078 11090 11008
11091 11003 11009
11067 11020 11003
11003 11091 11067
11066 11020 11067
11089 11092 11037
11038 11037 11092
27328 11094 27329
27329 11095 27330
27330 11095 11096
27331 11096 11097
27331 11097 27332
27332 11098 11099
27333 11099 11100
27333 11100 27334
27334 11101 27335
27335 11102 27336
11149 27337 11147
11151 11152 11150
11108 11083 11084
11117 11071 11109
11071 11081 11109
11015 11084 11111
11083 11111 11084
11081 11110 11082
11005 11004 11110
11152 27337 11149
11126 11124 11108
11147 11148 11153
27338 11160 11135
27339 27340 11137
11106 11027 11123
11122 11143 11093
11093 11028 11094
11141 11103 11162
11037 11038 11104
27341 11040 27296
11040 27341 27342
11047 27343 27323
27343 11047 27344
11069 11145 11144
11142 11120 11029
11159 11029 11118
11030 11116 11031
11108 11072 11126
11072 11073 11128
11128 11073 11113
11078 11079 11121
11121 11079 11070
11113 11086 11087
11113 11087 11074
11036 11112 11140
11073 11086 11113
11136 11106 11123
27345 11122 11093
27336 11103 27346
11130 11104 11132
11105 11132 11104
11132 11105 11134
11106 27347 27289
27347 11106 11136
11109 11115 11117
11119 11070 11071
11121 11070 11119
11068 11144 11123
11156 11125 11127
11034 11127 11129
11035 11129 11112
11103 11141 11131
11133 27346 11131
27346 11133 27338
11160 27338 11133
27340 27339 27348
27345 11137 11122
11137 27345 27339
11069 11078 11121
11068 11090 11069
11091 11068 11027
11123 11027 11068
11158 11130 11138
11074 11075 11138
11139 11113 11074
11158 11138 11075
11029 11028 11142
11145 11069 11121
11144 11068 11069
11162 11103 11102
11106 11026 11027
11130 11158 11104
11079 11080 11070
11072 11085 11073
11154 27349 11151
27349 11154 11146
27349 11155 11148
11155 27349 11146
11140 11141 11162
11103 11131 27346
11143 11142 11028
27345 11093 27328
11035 11112 11036
11120 11118 11029
11118 11116 11030
11034 11129 11035
11095 11159 11096
11102 11103 27336
11080 11081 11071
11071 11117 11119
11116 11114 11157
11033 11127 11034
11128 11126 11072
27350 27351 27352
27350 27353 27354
27353 27350 27355
27356 27357 27358
27357 27356 27359
27360 27361 27362
27361 27360 27363
27364 27361 27363
27361 27364 27365
27362 27361 27366
27367 27350 27354
27350 27367 27351
27368 27369 27370
27369 27368 27371
27372 27373 27374
27375 27373 27372
27373 27375 27376
27377 27378 27379
27378 27380 27379
27380 27378 27381
11156 11032 11107
11032 11156 11033
11033 11156 11127
11116 11157 11031
11032 11157 11107
11157 11032 11031
11095 11094 11028
27328 11093 11094
27329 11094 11095
11036 11102 11101
11091 11009 11090
11075 11089 11037
27289 27327 11026
11038 11039 11105
11080 11006 11005
11084 11015 11085
11086 11013 11087
11085 11014 11086
11079 11007 11006
11078 11008 11007
11090 11009 11008
11087 11088 11074
11087 11012 11088
11074 11088 11075
11088 11011 11089
11100 11034 11035
11099 11033 11034
11028 11093 11143
11152 11151 27382
11152 27382 27337
27337 27383 11147
27383 11148 11147
27349 11148 27383
11151 27349 27382
27330 11096 27331
11097 11098 27332
27332 11099 27333
11100 11101 27334
11101 11102 27335
27276 27280 27277
27280 27276 27275
27286 27284 27285
27284 27286 27283
11139 11074 11138
11158 11037 11104
11075 11037 11158
11028 11029 11159
11030 11096 11159
11097 11096 11030
27384 27385 27386
27385 27384 27387
27384 27388 27389
27388 27384 27386
27388 27390 27389
27390 27388 27391
27392 27393 27394
27393 27392 27395
27392 27396 27395
27396 27392 27397
27396 27398 27399
27398 27396 27397
27399 27400 27401
27400 27399 27398
27401 27402 27403
27402 27401 27400
27404 27405 27406
27405 27404 27407
27405 27408 27406
27408 27405 27409
27409 27410 27408
27410 27409 27411
27412 27410 27411
27410 27412 27413
27412 27414 27413
27414 27412 27415
27416 27417 27418
27417 27416 27419
27420 27419 27416
27419 27420 27421
27422 27421 27420
27421 27422 27423
11161 10801 10800
10801 11161 10763
11036 11140 11162
11102 11036 11162
11168 11170 11173
27424 11169 11171
27425 27426 11172
11163 11167 11164
11167 11163 11166
11164 11167 11165
27427 27428 27429
27428 27427 27430
27431 27432 27433
27432 27431 27434
27435 27436 27437
27436 27435 27438
27439 27440 27441
27440 27439 27442
27443 27444 27445
27444 27443 27446
27447 27448 27449
27450 27451 27452
11187 11185 11186
11185 11187 11184
11184 11188 11185
11188 11184 11189
11191 11187 11186
11187 11191 11190
11190 11193 11192
11193 11190 11191
11175 11177 11176
11177 11175 11178
11178 11174 11179
11174 11178 11175
11177 11181 11176
11181 11177 11182
11182 11180 11181
11180 11182 11183
27453 27454 27455
27454 27453 27456
27457 27458 27459
27458 27457 27460
27461 27462 27463
27462 27461 27464
27465 27466 27467
27466 27465 27468
27469 27470 27471
27470 27469 27472
27473 27474 27475
27474 27473 27476
27477 27478 27479
27478 27477 27480
27481 27482 27483
27482 27481 27484
11213 11214 11215
11220 11746 11216
11750 11216 11219
11223 11243 11235
11225 11221 11219
11221 11225 11224
11746 11220 11217
27485 11226 27486
27487 11742 27488
11230 11745 11228
11246 11231 11247
27489 11247 11231
11230 27489 11231
27489 11230 27490
11742 27487 11228
11229 11233 11234
11213 27491 11214
27492 11226 27485
11221 11750 11219
11750 11221 11223
11229 11231 11233
11231 11229 11230
11225 11219 11749
27490 11228 27487
11231 11239 11233
11224 11225 11232
11234 11233 11751
11241 11200 11194
27493 11245 27494
11238 27493 11212
11240 11200 11241
11206 11211 11199
11212 11208 11204
27495 11209 27496
11209 27495 11195
11197 27497 11747
27497 11197 27498
11237 27499 11236
27499 11237 27500
27501 11210 27502
11210 27501 27503
11227 11743 11201
11743 11227 27504
27505 11203 11744
11203 27505 27506
27507 27508 27509
27508 27507 11222
27500 27510 27499
27510 27500 11752
27511 11203 27506
11203 27511 11207
11218 11209 11196
11209 11218 27496
27512 11210 27503
11210 27512 27513
27498 11748 27514
11748 27498 11197
27515 27516 27517
27516 27515 27518
27519 11244 27520
11244 27519 27521
27522 11198 11205
11198 27522 27523
27524 11235 11243
27525 11237 11236
11237 27525 11242
27526 27519 27520
27519 27526 27527
27528 11221 11224
11211 27529 11199
27530 11221 27528
27493 11238 27531
11246 11239 11231
11247 27532 27533
11242 27517 27516
27517 11242 27525
27507 11244 27521
11244 27507 27509
27529 11200 11240
11243 11223 11221
27493 27531 11245
11221 27530 11243
11247 27489 27532
27534 27491 11213
27535 11226 27492
11200 27529 11211
11238 11212 11204
11391 11389 11390
11389 11391 11388
11390 11392 11393
11392 11390 11389
11393 11394 27536
11394 11393 11392
11396 11394 11395
11394 11396 27536
11398 11395 11397
11395 11398 11396
11400 11397 11399
11397 11400 11398
11400 27537 27538
11671 11670 11669
11670 11671 11672
11676 11674 11675
11674 11676 11673
11675 11677 11678
11677 11675 11674
11680 11677 11679
11677 11680 11678
11682 11679 11681
11679 11682 11680
11685 11683 11684
11683 11685 11686
27539 11388 11391
11411 11721 11756
11721 11411 11720
11412 11720 11735
11414 11735 11736
11417 11414 11737
11417 11737 11734
11418 11733 11734
11733 11418 11757
11732 11733 11758
11731 11760 11730
11760 11731 11759
11730 11424 11729
11424 11730 11760
11729 11425 11728
11727 11762 11426
11726 11764 11650
11725 11726 11650
11651 11724 11725
11724 11651 11753
11753 11723 11724
11723 11753 11754
11755 11756 11721
11432 11718 11434
11718 11432 11717
11431 11436 11430
11436 11431 11435
11429 11436 11437
11436 11429 11430
11429 11438 11427
11438 11429 11437
11427 11439 11428
11439 11427 11438
11428 11440 11441
11440 11428 11439
11443 11440 11442
11440 11443 11441
11445 11442 11444
11442 11445 11443
11447 11444 11446
11444 11447 11445
11421 11449 11419
11449 11421 11448
11417 11449 11450
11449 11417 11419
11414 11450 11451
11450 11414 11417
11414 11452 11412
11452 11414 11451
11453 27540 11454
27541 11455 27542
11455 27543 27542
11658 11462 11463
11462 11453 11454
11776 11466 11467
11468 11466 11465
11466 11468 11469
11470 11469 11468
11469 11470 11471
11472 11471 11470
11471 11472 11473
11472 11475 11473
11475 11472 11474
11474 11477 11475
11477 11474 11476
11477 11774 11478
11478 11479 11480
11479 11478 11774
11483 11481 11775
11481 11483 11482
11483 11776 11467
11776 11483 11775
11814 11484 11813
11484 11814 11777
11813 11485 11815
11485 11813 11484
11815 11486 11816
11486 11815 11485
11817 11486 11487
11486 11817 11816
11818 11487 11488
11487 11818 11817
11819 11488 11782
11488 11819 11818
11820 11782 11781
11782 11820 11819
11821 11781 11780
11781 11821 11820
11822 11778 11823
11778 11822 11779
11823 11777 11814
11777 11823 11778
11813 11799 11814
11799 11813 11798
11815 11798 11813
11798 11815 11800
11816 11800 11815
11800 11816 11801
11817 11801 11816
11801 11817 11802
11818 11802 11817
11802 11818 11803
11818 11804 11803
11804 11818 11819
11819 11805 11804
11805 11819 11820
11820 11806 11805
11806 11820 11821
11821 11807 11806
11807 11821 11824
11824 11808 11807
11808 11824 11825
11825 11489 11808
11489 11825 11826
11827 11810 11809
11810 11827 11828
11828 11811 11810
11811 11828 11822
11823 11811 11822
11811 11823 11812
11814 11812 11823
11812 11814 11799
11798 11491 11799
11491 11798 11490
11800 11490 11798
11490 11800 11492
11801 11492 11800
11492 11801 11493
11801 11494 11493
11494 11801 11802
11802 11495 11494
11495 11802 11803
11803 11496 11495
11496 11803 11804
11804 11497 11496
11497 11804 11805
11805 11498 11497
11498 11805 11806
11806 11499 11498
11499 11806 11807
11807 11500 11499
11500 11807 11808
11503 11502 11809
11811 11505 11810
11505 11811 11504
11812 11504 11811
11504 11812 11506
11799 11506 11812
11506 11799 11491
11508 11509 11510
11511 11512 11513
11514 11515 11516
11517 11518 11519
11517 11520 11518
11521 11522 11523
11510 11521 11508
11521 11510 11522
11526 11524 11525
11524 11526 11527
11525 11529 11526
11529 11525 11528
11531 11528 11530
11528 11531 11529
11533 27544 11532
27544 11533 27545
11533 11534 11535
11534 11533 11532
11535 11536 11537
11536 11535 11534
11537 11538 11539
11538 11537 11536
11539 11540 11541
11540 11539 11538
11541 11542 11543
11545 11544 11546
11547 11548 11549
11549 11550 11551
11527 11550 11524
11550 11527 11551
11553 27546 11552
27546 11553 27547
11554 27546 27548
27546 11554 11552
11555 27548 27549
27548 11555 11554
27550 27551 11556
27551 27550 27552
11557 27551 27553
27551 11557 11556
11558 27553 27554
27553 11558 11557
11558 27555 11559
27555 11558 27554
11559 27556 11560
27556 11559 27555
27556 11561 11560
27557 11562 11561
11507 11564 11563
27558 27559 11565
11566 27559 27560
27559 11566 11567
11553 27560 27547
27560 11553 11566
11389 11568 11569
11568 11389 11388
11392 11569 11570
11569 11392 11389
11394 11570 11571
11570 11394 11392
11395 11571 11572
11571 11395 11394
11397 11572 11573
11572 11397 11395
11399 11573 11574
11573 11399 11397
11399 11575 27537
11575 11399 11574
11401 11577 11662
11577 11401 11576
11388 11585 11568
11585 11388 27539
11543 11586 11515
11530 11554 11555
11554 11530 11528
27544 11556 11532
11556 27544 27550
11528 11552 11554
11552 11528 11525
11465 11464 11454
27561 11468 11465
11468 27561 27562
27562 11470 11468
11470 27562 27563
27564 11470 27563
11470 27564 11472
11459 27565 27566
27567 11458 11476
11463 11464 11773
11466 11777 11467
11777 11466 11484
11469 11484 11466
11484 11469 11485
11486 11469 11471
11469 11486 11485
11486 11473 11487
11473 11486 11471
11488 11473 11475
11473 11488 11487
11782 11475 11477
11475 11782 11488
11782 11478 11781
11478 11782 11477
11781 11480 11780
11480 11781 11478
11824 11780 11793
11780 11824 11821
11778 11482 11483
11482 11778 11779
11777 11483 11467
11483 11777 11778
11594 11595 11596
27543 11455 11597
27568 27543 11597
11598 11460 11661
11404 11460 11598
11460 11404 11599
11403 11599 11404
11599 11403 11600
11405 11600 11403
11600 11405 11601
11405 11602 11601
11602 11405 11406
11406 11603 11602
11603 11406 11407
11738 11569 11568
11569 11738 11740
11570 11740 11607
11740 11570 11569
11571 11607 11608
11607 11571 11570
11572 11608 11609
11608 11572 11571
11739 11573 11741
11573 11739 11574
11610 11574 11739
11574 11610 11575
11576 11612 11577
11612 11576 11611
11577 11613 11578
11613 11577 11612
11578 11614 11579
11614 11578 11613
11579 11615 11580
11615 11579 11614
11581 11615 11616
11615 11581 11580
11582 11616 11617
11616 11582 11581
11583 11617 11618
11617 11583 11582
11584 11618 11619
11618 11584 11583
11620 11568 11585
11568 11620 11738
11596 27569 11594
27570 11621 11455
11706 11689 11688
11622 11391 11595
11391 11622 27571
11604 11409 11605
11686 11681 11683
11681 11686 11682
11672 11673 11676
11673 11672 11671
11623 11400 27538
11400 11623 11597
11398 11400 11621
11621 11396 11398
11393 11596 11390
11391 11596 11595
27572 11594 27573
11661 11625 11624
11691 11690 11692
11456 27574 27575
11658 11463 11593
11592 11658 11593
11695 11693 11694
11693 11695 11696
11696 11697 11693
11697 11696 11698
11700 11697 11698
11697 11700 11699
11702 11699 11700
11699 11702 11701
11704 11701 11702
11701 11704 11703
11704 11692 11703
11594 27569 27576
27568 11597 11623
11402 11598 11624
11541 11515 11511
11513 11541 11511
11541 11513 11539
11626 11539 11513
11539 11626 11537
11627 11537 11626
11537 11627 11535
11628 11535 11627
11535 11628 11533
11629 11533 11628
11533 11629 27545
27577 11529 11531
11529 27577 11630
11630 11526 11529
11526 11630 11509
11509 11527 11526
11527 11509 11508
11508 11551 11527
11551 11508 11521
11521 11549 11551
11549 11521 11631
11547 11549 11517
11632 11633 11634
11586 11516 11515
27578 11669 11670
11669 27578 27579
27580 11684 27581
11684 27580 11685
27582 27583 27584
27583 27582 27585
27586 27587 27588
27587 27586 11722
27589 27590 27591
27590 27589 27592
27593 27594 27595
27594 27593 27596
27597 27598 27599
27598 27597 27600
27601 27602 27603
27602 27601 27604
27605 27606 27607
27606 27605 11408
27608 11691 27609
11691 27608 11690
27604 27610 27602
27610 27604 27611
27607 27612 27613
27612 27607 27606
27614 27615 27616
27615 27614 27617
27618 27619 27620
27619 27618 27621
27622 27623 27624
27623 27622 27625
27618 27626 27627
27626 27618 27620
27539 11391 27571
11391 11390 11596
11621 11400 11597
11597 11455 11621
11594 27572 11595
11611 11636 11612
11636 11611 11635
11613 11636 11637
11636 11613 11612
11613 11638 11614
11638 11613 11637
11614 11639 11615
11639 11614 11638
11615 11640 11616
11640 11615 11639
11616 11641 11617
11641 11616 11640
11618 11641 11642
11641 11618 11617
11642 11643 11619
27628 27613 27612
27613 27628 11644
27629 11738 11620
11738 27629 11645
11740 11738 11645
11646 11607 11740
11607 11647 11608
11647 11609 11608
11739 11741 11719
11719 11610 11739
11610 11719 11649
27630 27610 27611
27610 27630 27631
27630 27594 27631
27594 27630 27595
11449 11649 11719
11649 11449 11448
11450 11719 11648
11719 11450 11449
11451 11648 11647
11648 11451 11450
11452 11647 11646
11647 11452 11451
11434 11645 27629
11645 11434 11718
11644 27590 27592
27590 11644 27628
11435 11642 11436
11642 11435 11643
11437 11642 11641
11642 11437 11436
11437 11640 11438
11640 11437 11641
11438 11639 11439
11639 11438 11640
11439 11638 11440
11638 11439 11639
11442 11638 11637
11638 11442 11440
11444 11637 11636
11637 11444 11442
11446 11636 11635
11636 11446 11444
11654 11513 11653
11513 11654 11626
11627 11626 11654
11564 11634 11633
11565 11548 11634
11567 11566 11655
11524 11566 11553
11566 11524 11550
11525 11553 11552
11553 11525 11524
11534 11558 11536
11558 11534 11557
11536 11559 11538
11559 11536 11558
11559 11540 11538
11560 11542 11540
11544 11562 11546
11532 11557 11534
11557 11532 11556
11598 11661 11624
27632 11501 11656
27633 11808 11489
11810 11503 11809
11503 11810 11505
11511 11514 11512
11541 11543 11515
11543 11545 11586
11517 11549 11631
11520 11517 11631
11631 11523 11520
11544 11545 11543
11519 11632 11547
11548 11547 11634
11562 27557 27632
11562 11656 11657
11564 11507 27634
11564 27558 11565
11563 11564 11633
11562 11544 11561
11521 11523 11631
11515 11514 11511
11513 11512 11653
27558 11564 27634
11634 11564 11565
11656 11562 27632
11546 11562 11657
11542 11561 11544
11543 11542 11544
11540 11542 11541
11560 11561 11542
11548 11567 11655
11549 11548 11655
11565 11567 11548
11632 11634 11547
11519 11547 11517
11655 11566 11550
11565 27559 11567
27556 27557 11561
11559 11560 11540
11655 11550 11549
27635 11357 27636
27635 11359 11358
11359 27635 27637
27638 11360 11359
27639 11361 27640
27641 11362 11361
27642 11363 11362
11248 27642 27643
27636 11357 11256
27644 11257 11258
27645 11258 11259
27646 11259 11260
27646 11260 11261
27647 11261 11262
27648 11262 11263
11264 27649 11263
27649 11264 27650
27651 11264 11265
11264 27651 27650
27652 11265 11266
11265 27652 27651
27653 11266 11267
11266 27653 27652
11268 27653 11267
27653 11268 27654
27655 27656 11269
27656 27655 27657
11270 27655 11269
27655 11270 27658
27658 11270 11271
27659 11271 11272
27660 11272 11257
11258 11273 11274
11273 11258 11257
11259 11274 11275
11274 11259 11258
11260 11275 11276
11275 11260 11259
11277 11260 11276
11260 11277 11261
11278 11261 11277
11261 11278 11262
11279 11262 11278
11262 11279 11263
11280 11263 11279
11263 11280 11264
11281 11264 11280
11264 11281 11265
11282 11265 11281
11265 11282 11266
11376 11266 11282
11266 11376 11267
11283 11268 11267
27656 11284 11269
11269 11284 11715
11271 11285 11286
11285 11271 11270
11272 11286 11287
11286 11272 11271
11257 11287 11273
11287 11257 11272
27661 11288 11289
11288 27661 27662
27663 11289 11290
11289 27663 27661
11291 27663 11290
27663 11291 27664
11292 27664 11291
27664 11292 27665
27666 11292 11293
11292 27666 27665
11294 27666 11293
27666 11294 27667
11295 27667 11294
27667 11295 27668
27669 11295 11296
11295 27669 27668
27670 11296 11709
11296 27670 27669
11710 27670 11709
27670 11710 27671
11299 11713 11714
11713 11299 11379
11301 11712 11300
11302 27672 11301
27672 11302 27673
11288 27673 11302
27673 11288 27662
11364 11303 11304
11350 11351 11311
11383 11312 11349
11354 11355 11313
11831 11313 11380
11352 11314 11315
11303 11352 11315
11352 11303 11364
11317 11369 11316
11369 11317 11370
11318 11370 11317
11370 11318 11346
11319 11346 11318
11346 11319 11347
11348 11319 11320
11319 11348 11347
11371 11320 11321
11320 11371 11348
11372 11321 11322
11321 11372 11371
11373 11322 11323
11322 11373 11372
11374 11323 11836
11323 11374 11373
11374 11835 11386
11381 11326 11375
11387 11832 11329
11329 11330 11368
11316 11368 11330
11368 11316 11369
11289 11331 11332
11331 11289 11288
11333 11289 11332
11289 11333 11290
11334 11290 11333
11290 11334 11291
11335 11291 11334
11291 11335 11292
11336 11292 11335
11292 11336 11293
11337 11293 11336
11293 11337 11294
11295 11337 11338
11337 11295 11294
11296 11338 11339
11338 11296 11295
11296 11339 11340
11297 11340 11385
11342 11384 11379
11300 11343 11301
11345 11301 11344
11301 11345 11302
11331 11302 11345
11302 11331 11288
11325 11349 11356
11347 11333 11346
11333 11347 11334
11335 11347 11348
11347 11335 11334
11346 11332 11370
11332 11346 11333
11323 11351 11324
11323 11365 11351
11365 11323 11322
11322 11308 11365
11308 11322 11321
11321 11307 11308
11307 11321 11320
11320 11306 11307
11306 11320 11319
11306 11318 11305
11318 11306 11319
11305 11317 11304
11317 11305 11318
11304 11316 11364
11316 11304 11317
11330 11364 11316
11364 11330 11352
11329 11829 11330
11829 11832 11830
11382 11366 11327
11356 11349 11312
27674 11763 11252
11254 11253 27675
11255 27675 27676
27676 11256 11255
27677 11761 11251
11250 27677 11251
27678 11250 11249
11249 27643 27678
11309 11351 11365
11351 11309 11310
11308 11309 11365
11384 11327 11366
11343 11366 11387
11344 11367 11345
11369 11345 11368
11345 11369 11331
11370 11331 11369
11331 11370 11332
11337 11371 11372
11371 11337 11336
11338 11372 11373
11372 11338 11337
11338 11373 11374
11339 11374 11386
11375 11326 11385
11348 11336 11335
11336 11348 11371
11710 11716 27671
11713 11300 11712
11300 11713 11379
11376 27679 11267
11270 11378 11285
11378 11270 11269
11350 11311 11383
11324 11834 11835
11325 11356 11381
11353 11380 11314
11380 11353 11831
11375 11325 11381
11355 11328 11382
11387 11366 11328
11385 11377 11297
11341 11298 11377
11299 11342 11379
11384 11343 11300
11342 11327 11384
11385 11340 11375
11352 11353 11314
11383 11833 11350
11351 11310 11311
11300 11379 11384
11366 11343 11384
11385 11341 11377
11326 11341 11385
11835 11374 11836
11339 11386 11340
11387 11367 11344
11329 11367 11387
11343 11387 11344
11382 11328 11366
11355 11354 11328
11367 11368 11345
11343 11344 11301
11296 11340 11297
11338 11374 11339
11367 11329 11368
11410 27680 27681
27680 11410 27682
27681 27683 11413
27683 27681 27680
11413 27684 11415
27684 11413 27683
11416 27684 27685
27684 11416 11415
27686 27685 27687
27685 27686 11416
11420 27687 27688
27687 11420 27686
11420 27689 11422
27689 11420 27688
11423 27690 27691
27690 11423 27692
11423 27693 27694
27693 11423 27691
27695 27693 27696
27693 27695 27694
27697 27696 27698
27696 27697 27695
11410 27699 27682
27699 11410 11433
27700 27701 27702
27701 27700 27703
27704 27705 27706
27705 27704 27707
27708 27709 27710
27709 27708 27711
27712 27713 27714
27713 27712 27715
27716 27717 27718
27717 27716 27719
27720 27721 27722
27721 27720 27723
27724 27725 27726
27725 27724 27727
27728 27729 27730
27729 27728 27731
27714 27731 27728
27731 27714 27713
27732 27733 27734
27733 27732 27735
27736 27737 27738
27737 27736 27739
27740 27737 27741
27737 27740 27738
27740 27742 27743
27742 27740 27741
27712 27742 27715
27742 27712 27743
27744 27745 27746
27745 27744 27747
27748 27749 27750
27749 27748 27751
27752 27753 27754
27753 27752 27755
27756 27757 27758
27757 27756 27759
11652 27758 27760
27758 11652 27756
11652 27761 27762
27761 11652 27760
27763 27764 27765
27764 27763 27766
27736 27765 27739
27765 27736 27763
27767 11711 27768
27716 27769 27770
27769 27716 27718
27748 27734 27751
27734 27748 27732
27730 27727 27724
27727 27730 27729
27720 27747 27744
27747 27720 27722
27771 27772 27773
27772 27771 27774
27708 27775 27711
27775 27708 27776
27776 27745 27775
27745 27776 27746
27766 27769 27764
27769 27766 27770
27773 27733 27735
27733 27773 27772
11706 11705 11687
27567 11476 11474
11465 11454 27561
11476 11458 11765
11462 11454 11463
11463 11454 11464
11707 11694 11705
11694 11707 11695
11705 11706 11707
11689 11706 11687
27777 11688 11689
11688 27777 27778
11595 27572 27779
11407 11461 11603
11461 11407 11604
11659 11461 11604
11659 11604 11605
11605 11606 11659
27617 27780 27781
27780 27617 27614
11595 27779 11622
11660 11588 11587
11458 11660 11587
11660 11458 11457
27567 11457 11458
11456 11457 27567
11708 11703 11692
11690 11708 11692
11662 11578 11663
11578 11662 11577
11579 11663 11578
11663 11579 11664
11580 11664 11579
11664 11580 11665
11580 11666 11665
11666 11580 11581
11581 11667 11666
11667 11581 11582
11582 11668 11667
11668 11582 11583
11583 27782 11668
27782 11583 11584
11399 27537 11400
27783 27784 27785
27784 27783 27786
27787 27788 27789
27788 27787 27790
27791 27792 27793
27792 27791 27794
27795 27796 27797
27796 27795 27798
27793 27799 27800
27799 27793 27792
27798 27801 27796
27801 27798 27802
27803 27799 27804
27799 27803 27800
27805 27801 27802
27801 27805 27806
27807 27804 27808
27804 27807 27803
27809 27806 27805
27806 27809 27810
27811 27812 27813
27812 27811 27814
27815 27816 27817
27816 27815 27818
27811 27808 27814
27808 27811 27807
27809 27817 27810
27817 27809 27815
27783 27794 27791
27794 27783 27785
27787 27797 27790
27797 27787 27795
27819 27784 27786
27784 27819 27820
27821 27788 27822
27788 27821 27789
27823 27812 27824
27812 27823 27813
27825 27816 27818
27816 27825 27826
27827 27828 27829
27828 27827 27830
27831 27832 27833
27832 27831 27834
27835 27836 27837
27836 27835 27838
27839 11591 27840
11591 27839 27841
27838 27842 27836
27842 27838 27843
27840 11590 27844
11590 27840 11591
27845 27842 27843
27842 27845 27846
27844 11589 27847
11589 27844 11590
27848 27846 27845
27846 27848 27849
27850 11589 27851
11589 27850 27847
27852 27849 27848
27849 27852 27853
27850 27854 27855
27854 27850 27851
27831 27854 27834
27854 27831 27855
27856 27832 27857
27832 27856 27833
27858 27859 27860
27859 27858 27861
27830 27862 27828
27862 27830 27863
27863 27837 27862
27837 27863 27835
27839 27864 27841
27864 27839 27865
27865 27866 27864
27866 27865 27867
27867 27868 27866
27868 27867 27869
27870 27868 27869
27868 27870 27871
27872 27829 27873
27829 27872 27827
27874 27853 27852
27853 27874 27875
27860 27875 27874
27875 27860 27859
11596 11393 27876
11396 11621 27877
11297 11710 11709
11710 11297 11377
11710 11298 27878
11298 11710 11377
27771 11711 27774
11711 27771 27768
27879 11712 27880
11712 27879 11713
27881 11714 27882
27710 27709 27883
11709 11296 11297
11301 27880 11712
27880 11301 27672
27884 27634 11507
27645 11259 27646
27644 11258 27645
27660 11257 27644
27659 11272 27660
27658 11271 27659
27647 11262 27648
27646 11261 27647
27648 11263 27649
27540 11453 27885
27567 11474 27886
27886 11472 27564
11472 27886 11474
11596 27876 27569
27877 11621 27570
27576 27887 27888
27887 27576 27569
27889 27890 27891
11393 27536 27876
27536 11396 27877
27882 11714 11713
11269 11715 11378
11716 27878 27892
11267 27679 11283
27882 11713 27879
11710 27878 11716
11717 11452 11718
11452 11717 11412
11718 11646 11645
11646 11718 11452
11412 11717 11720
27893 11721 11717
11722 27591 27587
27591 11722 27589
11724 11431 11430
11431 11724 11723
11725 11430 11429
11430 11725 11724
11726 11429 11427
11429 11726 11725
11427 11727 11726
11441 11727 11428
11441 11729 11728
11729 11441 11443
11445 11729 11443
11729 11445 11730
11447 11730 11445
11730 11447 11731
27596 27585 27582
27585 27596 27593
11419 11732 11421
11419 11734 11733
27894 11720 11411
11720 27894 11735
27895 11735 27894
11735 27895 11736
27895 11737 11736
11737 27895 27896
27896 11734 11737
11734 27896 11418
11572 11741 11573
11741 11572 11609
11648 11741 11609
11740 11645 11646
11646 11647 11607
11647 11648 11609
11719 11741 11648
27504 11202 11743
11202 27504 27897
27888 27887 27898
27897 11744 11202
11744 27897 27505
27899 11747 27497
11747 27899 27900
27889 27541 27890
27541 27889 27570
11198 27514 11748
27514 11198 27523
11749 11219 11216
27488 11742 27901
11746 11217 27902
11229 11745 11230
11228 27490 11230
11216 11750 11220
27570 11455 27541
11594 27576 27573
27527 27903 27904
27903 27527 27526
27905 27906 27907
11224 11232 27908
27574 11456 27567
11720 11717 11721
11414 11412 11735
11737 11414 11736
11419 11417 11734
11753 11651 27909
27909 11754 11753
11754 27909 27910
27586 27588 27911
11755 27912 11756
27912 11755 27913
11411 11756 27912
11757 11418 27914
27914 11758 11757
11758 27914 27915
27916 27584 27583
11759 27917 11760
27917 11759 27918
27917 11424 11760
27753 27697 27698
27697 27753 27755
27757 27752 27754
27752 27757 27759
11425 11762 11728
11727 11764 11726
11764 11727 11426
11762 11727 11728
11253 11763 27674
27677 27919 11761
11419 11733 11732
27893 11717 11432
11758 11733 11757
11755 11721 27893
11424 11425 11729
11725 11650 11651
11587 11765 11458
11765 11587 11766
11766 11588 11767
11588 11766 11587
11767 27920 11768
27920 11767 11588
11768 27921 11769
27921 11768 27920
11770 27921 27922
27921 11770 11769
11771 27922 11592
27922 11771 11770
11592 11772 11771
11772 11592 11593
11773 11593 11463
11593 11773 11772
11766 11774 11765
11774 11766 11479
11772 11775 11481
11775 11772 11773
11775 11464 11776
11464 11775 11773
11464 11465 11776
11479 11767 11783
11767 11479 11766
11783 11768 11784
11768 11783 11767
11784 11769 11785
11769 11784 11768
11786 11769 11770
11769 11786 11785
11787 11770 11771
11770 11787 11786
11481 11771 11772
11771 11481 11787
11479 11788 11480
11788 11479 11783
11783 11789 11788
11789 11783 11784
11784 11790 11789
11790 11784 11785
11785 11791 11790
11791 11785 11786
11786 11792 11791
11792 11786 11787
11787 11482 11792
11482 11787 11481
11774 11477 11476
11476 11765 11774
11465 11466 11776
11480 11793 11780
11793 11480 11788
11788 11794 11793
11794 11788 11789
11789 11795 11794
11795 11789 11790
11790 11796 11795
11796 11790 11791
11792 11796 11791
11796 11792 11797
11797 11482 11779
11482 11797 11792
11826 11809 11489
11809 11826 11827
27633 11500 11808
11809 11502 11489
11793 11825 11824
11825 11793 11794
11794 11826 11825
11826 11794 11795
11796 11826 11795
11826 11796 11827
11796 11828 11827
11828 11796 11797
11797 11822 11828
11822 11797 11779
27675 11253 27674
11761 27919 27923
11248 27643 11249
27642 11248 11363
27635 11358 11357
11256 27676 27636
27638 11359 27637
27641 11361 27639
11832 11829 11329
11354 11831 11830
11313 11831 11354
11330 11829 11352
11328 11354 11830
11328 11832 11387
11328 11830 11832
11352 11829 11353
11349 11833 11383
11834 11833 11349
11325 11834 11349
11835 11834 11325
11386 11835 11325
11325 11375 11386
11340 11386 11375
11836 11323 11324
11835 11836 11324
11324 11351 11350
11837 27924 27925
27926 27927 27928
27929 27930 27931
27932 27933 27934
11838 27935 27936
27937 27938 27939
27940 27941 27942
27943 27944 27945
11642 11619 11618
11856 11848 11849
11850 11852 11851
11852 11850 11847
27946 27947 11853
11854 27948 11855
27948 11854 27949
27950 27951 27952
11849 27953 11856
11857 27954 11858
27954 11857 27955
27956 27957 27958
27959 27960 27961
27960 27959 27962
27963 27964 27965
11839 11845 11840
11844 11841 11846
11841 11844 11842
11844 11843 11842
27966 27967 27968
27967 27966 27969
27970 27971 27972
27971 27970 27973
27974 27975 27976
27975 27974 27977
27978 27979 27980
27979 27978 27981
27982 27983 27984
27983 27982 27985
27986 27987 27988
27987 27986 27989
27990 27991 27992
27991 27990 27993
27994 27995 27996
27995 27994 27997
11840 11846 11841
11846 11840 11845
11876 11868 11869
11870 11872 11871
11872 11870 11867
27998 27999 11873
11874 28000 11875
28000 11874 28001
28002 28003 28004
11869 28005 11876
11877 28006 11878
28006 11877 28007
28008 28009 28010
28011 28012 28013
28012 28011 28014
28015 28016 28017
11859 11865 11860
11864 11861 11866
11861 11864 11862
11864 11863 11862
28018 28019 28020
28019 28018 28021
28022 28023 28024
28023 28022 28025
28026 28027 28028
28027 28026 28029
28030 28031 28032
28031 28030 28033
28034 28035 28036
28035 28034 28037
28038 28039 28040
28039 28038 28041
28042 28043 28044
28043 28042 28045
28046 28047 28048
28047 28046 28049
11860 11866 11861
11866 11860 11865
11896 11889 11888
11892 11890 11891
11890 11892 11887
28050 11893 28051
28052 11894 11895
11894 28052 28053
28054 28055 28056
11889 11896 28057
28058 11897 11898
11897 28058 28059
28060 28061 28062
28063 28064 28065
28064 28063 28066
28067 28068 28069
11879 11880 11885
11881 11884 11886
11884 11881 11882
11884 11882 11883
28070 28071 28072
28071 28070 28073
28074 28075 28076
28075 28074 28077
28078 28079 28080
28079 28078 28081
28082 28083 28084
28083 28082 28085
28086 28087 28088
28087 28086 28089
28090 28091 28092
28091 28090 28093
28094 28095 28096
28095 28094 28097
28098 28099 28100
28099 28098 28101
11886 11880 11881
11880 11886 11885
11916 11909 11908
11912 11910 11911
11910 11912 11907
28102 11913 28103
28104 11914 11915
11914 28104 28105
28106 28107 28108
11909 11916 28109
28110 11917 11918
11917 28110 28111
28112 28113 28114
28115 28116 28117
28116 28115 28118
28119 28120 28121
11899 11900 11905
11901 11904 11906
11904 11901 11902
11904 11902 11903
28122 28123 28124
28123 28122 28125
28126 28127 28128
28127 28126 28129
28130 28131 28132
28131 28130 28133
28134 28135 28136
28135 28134 28137
28138 28139 28140
28139 28138 28141
28142 28143 28144
28143 28142 28145
28146 28147 28148
28147 28146 28149
28150 28151 28152
28151 28150 28153
11906 11900 11901
11900 11906 11905
11986 11981 11985
11989 11994 11987
11990 11988 11991
11984 11983 11991
11992 11993 11983
11990 11994 11988
11986 11995 11982
11991 11993 11996
11996 11997 11991
11997 11990 11991
11994 11989 11988
11998 11982 11988
11982 11998 11999
11982 11999 12000
11988 11982 11984
11989 12001 11988
11981 11986 11982
11993 11991 11983
11988 11984 11991
11982 12000 11981
12003 12002 11982
12005 12011 12007
12008 12009 12007
11984 12009 11983
28154 11983 12010
12008 12007 12011
12003 11982 28155
12009 12010 11983
12012 12009 12013
12013 12009 12008
12011 12005 12006
11982 12015 12007
12015 11982 12014
11982 12016 12014
12017 12007 12015
12005 12007 12017
12002 12003 12004
12010 12009 12012
12007 12009 11984
11982 12002 12016
11952 11944 11948
11935 11936 11927
11921 11948 11931
11924 11939 11940
11942 11943 11930
11925 11934 28156
28157 11934 11935
11919 11932 11933
11930 11943 11946
11946 11951 11930
11925 28158 11938
11931 11950 11920
11933 11941 11926
11937 11953 11934
11953 11935 11934
11926 11953 11937
11937 11934 11925
11938 28158 28159
11925 28156 28158
11951 11939 11930
11933 11932 11941
11936 11941 11929
28157 11935 11927
11945 11943 11942
11944 11943 11928
11941 11932 11929
11935 11941 11936
11928 11943 11945
11946 11943 11944
11947 11946 11922
11944 11954 11922
11949 11944 11928
11944 11949 11948
11950 11948 11949
11931 11948 11950
11946 11944 11922
11947 11951 11946
11951 11947 11923
11923 11939 11951
11939 11923 11940
11952 11948 11921
11945 11942 28160
11941 11953 11926
11935 11953 11941
28156 11934 28157
11944 11952 11954
11978 11976 11973
11965 28161 28162
11955 11962 11976
11958 11969 11968
11971 11961 11972
11959 28163 11964
28164 11965 11964
28165 11963 28166
11961 11974 11972
11974 11961 11977
11959 11967 28167
11962 28168 28169
11963 11960 11970
11966 11964 11979
11979 11964 11965
11960 11966 11979
11966 11959 11964
11967 28170 28167
11959 28167 28163
11977 11961 11968
28166 11970 28171
28162 28171 11970
28164 28161 11965
28172 11971 11972
11973 28173 11972
11970 28166 11963
11965 28162 11970
28173 28172 11972
11974 11973 11972
11975 11956 11974
11973 11956 11980
28174 28173 11973
11973 11976 28174
28169 28174 11976
11962 28169 11976
11974 11956 11973
11977 11975 11974
11975 11977 11957
11968 11957 11977
11957 11968 11969
11978 11955 11976
28172 28175 11971
11970 11960 11979
11965 11970 11979
28163 28164 11964
11973 11980 11978
28176 28177 28178
28177 28176 28179
28180 28181 28182
28181 28180 28183
28184 28185 28186
28185 28184 28187
28188 28189 28190
28189 28188 28191
28179 28192 28177
28192 28179 28193
28186 28194 28195
28194 28186 28185
28195 28196 28197
28196 28195 28194
28197 28191 28188
28191 28197 28196
28189 28198 28190
28198 28189 28199
28200 28201 28202
28201 28200 28203
28203 28204 28201
28204 28203 28205
28206 28200 28202
28200 28206 28207
28181 28206 28182
28206 28181 28207
28208 28209 28210
28209 28208 28211
28205 28210 28204
28210 28205 28208
28212 28213 28214
28213 28212 28215
28216 28217 28218
28217 28216 28219
28220 28221 28222
28221 28220 28223
28224 28225 28226
28225 28224 28227
28228 28215 28212
28215 28228 28229
28230 28222 28231
28222 28230 28220
28232 28231 28233
28231 28232 28230
28227 28233 28225
28233 28227 28232
28234 28224 28226
28224 28234 28235
28236 28237 28238
28237 28236 28239
28240 28239 28236
28239 28240 28241
28238 28242 28243
28242 28238 28237
28243 28216 28218
28216 28243 28242
28244 28245 28246
28245 28244 28247
28246 28241 28240
28241 28246 28245
12001 11998 11988
11982 12007 11984
12018 12019 12021
28248 28249 12020
28250 28251 12022
28252 28253 28254
28255 28256 28257
28258 28259 28260
12074 12076 12075
12077 12079 12078
12075 12080 12074
12082 12081 12075
12082 12084 12083
12087 12085 12088
12085 12087 12086
12089 12091 12090
12088 12085 12077
12092 12093 12075
12076 12094 12075
12088 12090 12087
12090 12088 12089
12086 12095 12096
12095 12086 12087
12090 12098 12097
12098 12090 12080
12080 12099 12098
12099 12080 12081
12100 12101 12083
12087 12097 12095
12097 12087 12090
12078 12088 12077
12078 12089 12088
12091 12080 12090
12093 12082 12075
12094 12092 12075
12082 12083 12081
12083 12099 12081
12099 12083 12101
12100 12102 12101
12084 12100 12083
12091 12074 12080
12104 12105 12103
12107 12108 12106
12105 12110 12109
12111 12105 12109
12111 12113 12112
12116 12114 12117
12114 12116 12115
12119 12120 12118
12115 12107 12114
12122 12105 12121
12103 12105 12123
12120 12115 12116
12115 12120 12119
12117 28261 12116
28261 12117 28262
28263 12120 28264
12120 28263 12110
28265 12110 28263
12110 28265 12109
12124 12113 28266
12116 28264 12120
28264 12116 28261
12108 12107 12115
12108 12115 12119
12118 12120 12110
12121 12105 12111
12123 12105 12122
12111 12109 12113
28265 12113 12109
12113 28265 28266
12124 28266 28267
12112 12113 12124
12118 12110 12104
12031 12035 12029
12044 12045 12023
12040 12031 12039
12031 12040 12035
12027 12035 12040
12027 12049 12041
12038 12024 12037
12024 12038 12036
12030 12042 12046
12036 12044 12024
12028 12035 12047
12029 12035 12048
12042 12036 12038
12036 12042 12030
12037 12034 12038
12034 12037 12025
12032 12042 12043
12042 12032 12039
12032 12040 12039
12040 12032 12033
12051 12049 12050
12038 12043 12042
12043 12038 12034
12045 12044 12036
12045 12036 12030
12046 12042 12039
12047 12035 12027
12048 12035 12028
12027 12040 12049
12033 12049 12040
12049 12033 12050
12051 12050 12026
12041 12049 12051
12046 12039 12031
12058 12056 12059
12067 12052 12068
12058 12064 12063
12064 12058 12059
12054 12064 12059
12054 12065 12072
12062 12053 12060
12053 12062 12061
12057 12069 12066
12060 12053 12067
12055 12070 12059
12056 12071 12059
12060 12066 12062
12066 12060 12057
12061 28268 28269
28268 12061 12062
12066 28270 28271
28270 12066 12063
28270 12064 28272
12064 28270 12063
12073 28273 12072
12062 28271 28268
28271 12062 12066
12068 12060 12067
12068 12057 12060
12069 12063 12066
12070 12054 12059
12071 12055 12059
12054 12072 12064
12072 28272 12064
28272 12072 28273
12073 28274 28273
12065 12073 12072
12069 12058 12063
28275 28276 28277
28276 28275 28278
28279 28280 28281
28280 28279 28282
28283 28284 28285
28284 28283 28286
28287 28288 28289
28288 28287 28290
28291 28292 28293
28292 28291 28294
28295 28296 28297
28296 28295 28298
28292 28283 28293
28283 28292 28286
28299 28300 28301
28300 28299 28302
28276 28303 28277
28303 28276 28304
28305 28294 28291
28294 28305 28306
28282 28297 28280
28297 28282 28295
28300 28290 28287
28290 28300 28302
28303 28307 28308
28307 28303 28304
28309 28310 28311
28310 28309 28312
28289 28309 28311
28309 28289 28288
28296 28278 28275
28278 28296 28298
28313 28314 28315
28314 28313 28316
28317 28318 28319
28318 28317 28320
28321 28322 28323
28322 28321 28324
28325 28326 28327
28326 28325 28328
28329 28330 28331
28330 28329 28332
28333 28334 28335
28334 28333 28336
28320 28331 28318
28331 28320 28329
28337 28338 28339
28338 28337 28340
28341 28313 28315
28313 28341 28342
28332 28343 28330
28343 28332 28344
28335 28324 28321
28324 28335 28334
28326 28340 28337
28340 28326 28328
28345 28341 28346
28341 28345 28342
28347 28348 28349
28348 28347 28350
28348 28327 28349
28327 28348 28325
28316 28333 28314
28333 28316 28336
12150 12149 12151
12153 12152 12154
12155 12156 12157
12150 12151 12157
12158 12159 28351
12159 12158 12160
12161 28352 28353
28354 28352 12162
12151 12149 12163
12164 28353 28355
12155 12167 12165
28354 12158 28351
12167 12155 12154
12149 12150 12168
12161 28353 12164
12169 12152 12170
28356 28351 12159
12152 12167 12154
12159 12160 12171
12155 12165 12156
12157 12156 12150
12162 28352 12161
28354 12162 12166
12167 12152 12169
12158 28354 12166
12161 12164 12172
12147 12138 12137
12125 12140 12141
12131 12132 12143
12147 12132 12138
12146 28357 12142
12142 12135 12146
12148 28358 28359
28360 12144 28359
12138 12126 12137
12139 28361 28358
12131 12145 12140
28360 12146 12134
12145 12131 12128
12137 12127 12147
12148 12139 28358
12129 12130 12141
28362 12142 28357
12141 12140 12145
12142 12136 12135
12131 12143 12128
12132 12147 12143
12144 12148 28359
28360 12134 12144
12145 12129 12141
12146 28360 28357
12148 12133 12139
28363 28364 28365
28364 28363 28366
28367 28368 28369
28368 28367 28370
28371 28372 28373
28372 28371 28374
28375 28376 28377
28376 28375 28378
28379 28380 28381
28380 28379 28382
28383 28384 28385
28384 28383 28386
28387 28372 28374
28372 28387 28388
28389 28364 28390
28364 28389 28365
28391 28392 28393
28392 28391 28394
28395 28396 28397
28396 28395 28398
28399 28368 28400
28368 28399 28369
28401 28396 28398
28396 28401 28402
28403 28380 28404
28380 28403 28381
28386 28404 28384
28404 28386 28403
28405 28406 28407
28406 28405 28408
28407 28409 28410
28409 28407 28406
28379 28392 28382
28392 28379 28393
28367 28409 28370
28409 28367 28410
28411 28376 28412
28376 28411 28377
28413 28408 28405
28408 28413 28414
12194 12186 12184
12186 12194 12193
12187 28415 28416
28415 12187 12195
12189 12188 12199
28417 28418 12190
12188 12203 12191
28418 28419 12205
12173 12185 12178
28420 12174 28421
12183 12181 12192
28422 12196 28423
12181 12197 12175
12182 12201 12180
28424 12177 12202
12182 12204 28425
28426 28427 28422
28428 12183 28429
28430 28431 28432
28431 28430 28433
12179 28434 28435
28434 12179 28436
28437 28438 12198
28438 28437 12176
28439 28440 28441
28440 28439 12200
28442 28443 28444
28443 28442 28445
28446 28447 28448
28447 28446 28449
28430 28450 28433
12193 28421 12174
28421 12193 12194
12195 12185 28415
12185 12195 12178
28451 28434 28436
28431 12198 28432
12198 28431 28437
12186 28452 12199
12187 28416 28417
12200 12179 28435
12179 12200 28439
28452 12189 12199
28417 12190 28453
12199 12184 12186
28417 28453 12187
28442 28454 28455
28454 28442 28444
28446 28456 28457
28456 28446 28448
12188 12189 12203
12190 28418 12205
12192 12181 12175
12183 12192 28429
28427 12196 28422
28423 12196 28458
12197 28424 28459
12181 28424 12197
28458 12201 28423
28423 12201 12182
28424 12202 28459
12180 12204 12182
12219 12227 12217
12227 12219 12226
12220 28460 12228
28460 12220 28461
12222 12232 12221
28462 12223 28463
12221 12224 12236
28463 12238 28464
12206 12211 12218
28465 28466 12207
12214 12225 12208
28467 12216 12229
12214 12230 12215
12234 28468 28469
12215 12209 12235
12213 28469 12237
28470 12216 28467
28471 28472 28473
28474 28475 28476
28475 28474 28477
12212 28478 28479
28478 12212 28480
28481 28482 12231
28482 28481 28483
28484 28485 28486
28485 28484 12233
28487 28488 28489
28488 28487 12210
28490 28491 28492
28491 28490 28493
28474 28476 28494
12226 28466 12227
28466 12226 12207
12218 12228 28460
12228 12218 12211
28495 28479 28478
28475 12231 28482
12231 28475 28477
12232 12219 12217
28462 12220 28496
12233 12212 28485
12212 12233 28480
28497 12232 12222
28462 28496 12223
12219 12232 28497
12220 28462 28461
28498 28488 28499
28488 28498 28489
28500 28491 28501
28491 28500 28492
12221 12236 12222
12223 12238 28463
28473 28472 12225
28473 12225 12214
12229 28468 28502
12229 12216 28468
12214 12208 12230
12215 12230 12209
12234 28469 12213
28502 28468 12234
12215 12235 28503
12237 28469 28504
12075 12081 12080
12105 12104 12110
11255 11254 27675
27642 11362 27641
27678 27677 11250
11727 11427 11428
11727 11441 11728
12244 12249 12246
28505 12247 12245
28506 12248 28507
12243 12239 12240
12239 12243 12242
12240 12241 12243
28508 28509 28510
28509 28508 28511
28512 28513 28514
28513 28512 28515
28516 28517 28518
28517 28516 28519
28520 28521 28522
28521 28520 28523
28524 28525 28526
28525 28524 28527
28528 28529 28530
28531 28532 28533
12261 12263 12262
12263 12261 12260
12260 12264 12265
12264 12260 12261
12263 12267 12262
12267 12263 12266
12266 12269 12267
12269 12266 12268
12253 12251 12252
12251 12253 12254
12254 12250 12251
12250 12254 12255
12257 12253 12252
12253 12257 12258
12258 12256 12259
12256 12258 12257
28534 28535 28536
28535 28534 28537
28538 28539 28540
28539 28538 28541
28542 28543 28544
28543 28542 28545
28546 28547 28548
28547 28546 28549
28550 28551 28552
28551 28550 28553
28554 28555 28556
28555 28554 28557
28558 28559 28560
28559 28558 28561
28562 28563 28564
28563 28562 28565
12289 12291 12290
12296 12292 12822
12826 12295 12292
12299 12311 12319
12301 12297 12300
12297 12301 12295
12822 12293 12296
28566 28567 12302
28568 28569 12818
12306 12304 12821
12322 12323 12307
28570 12307 12323
12306 28570 28571
28570 12306 12307
12818 12304 28568
12305 12310 12309
12289 12290 28572
28573 28566 12302
12826 12297 12295
12297 12826 12299
12307 12305 12309
12305 12307 12306
12301 12825 12295
28571 28568 12304
12307 12309 12315
12300 12308 12301
12310 12827 12309
12317 12270 12276
28574 28575 12321
12314 12288 28574
12316 12317 12276
12282 12275 12287
12288 12280 12284
12285 28576 28577
28576 12285 12271
12273 28578 28579
28578 12273 12823
12313 28580 28581
28580 12313 12312
28582 12286 28583
12286 28582 28584
12819 12303 12277
12303 12819 28585
28586 12279 28587
12279 28586 12820
28588 28589 12298
28589 28588 28590
28581 28591 12828
28591 28581 28580
12279 28592 28587
28592 12279 12283
12294 12285 28577
12285 12294 12272
12286 28593 28583
28593 12286 28594
12824 28579 28595
28579 12824 12273
28596 28597 28598
28597 28596 28599
12320 28600 28601
28600 12320 28602
28603 12274 28604
12274 28603 12281
28605 12319 12311
28606 12313 12318
12313 28606 12312
28607 28600 28608
28600 28607 28601
28609 12300 12297
12287 12275 28610
28611 28609 12297
28574 28612 12314
12322 12307 12315
12323 28613 28614
28599 12318 28597
12318 28599 28606
12320 28588 28602
28588 12320 28590
28610 12316 12276
12319 12297 12299
28574 12321 28612
12297 12319 28611
12323 28614 28570
28615 12289 28572
28616 28573 12302
12276 12287 28610
12314 12280 12288
12465 12467 12466
12467 12465 12464
12468 12466 12469
12466 12468 12465
12470 12469 28617
12469 12470 12468
12472 12470 28617
12470 12472 12471
12474 12471 12472
12471 12474 12473
12476 12473 12474
12473 12476 12475
12476 28618 28619
12747 12746 12748
12746 12747 12745
12750 12752 12751
12752 12750 12749
12753 12751 12754
12751 12753 12750
12756 12753 12754
12753 12756 12755
12758 12755 12756
12755 12758 12757
12761 12759 12762
12759 12761 12760
28620 12467 12464
12797 12487 12832
12487 12797 12796
12488 12811 12796
12490 12812 12811
12493 12813 12490
12493 12810 12813
12494 12809 12833
12809 12494 12810
12808 12834 12809
12836 12807 12806
12807 12836 12835
12500 12806 12805
12806 12500 12836
12805 12804 12501
12803 12502 12838
12802 12726 12840
12801 12726 12802
12727 12800 12829
12800 12727 12801
12829 12799 12830
12799 12829 12800
12831 12797 12832
12508 12794 12793
12794 12508 12510
12512 12507 12506
12507 12512 12511
12505 12512 12506
12512 12505 12513
12514 12505 12503
12505 12514 12513
12515 12503 12504
12503 12515 12514
12516 12504 12517
12504 12516 12515
12519 12516 12517
12516 12519 12518
12521 12518 12519
12518 12521 12520
12523 12520 12521
12520 12523 12522
12525 12497 12495
12497 12525 12524
12525 12493 12526
12493 12525 12495
12490 12526 12493
12526 12490 12527
12528 12490 12488
12490 12528 12527
12529 12530 28621
28622 28623 12531
12531 28623 28624
12734 12539 12538
12538 12530 12529
12852 12543 12542
12542 12544 12541
12544 12542 12545
12545 12546 12544
12546 12545 12547
12547 12548 12546
12548 12547 12549
12548 12551 12550
12551 12548 12549
12550 12553 12552
12553 12550 12551
12553 12554 12850
12555 12554 12556
12554 12555 12850
12559 12557 12558
12557 12559 12851
12852 12559 12543
12559 12852 12851
12560 12890 12889
12890 12560 12853
12561 12889 12891
12889 12561 12560
12562 12891 12892
12891 12562 12561
12893 12562 12892
12562 12893 12563
12894 12563 12893
12563 12894 12564
12895 12564 12894
12564 12895 12858
12896 12858 12895
12858 12896 12857
12897 12857 12896
12857 12897 12856
12854 12898 12899
12898 12854 12855
12853 12899 12890
12899 12853 12854
12875 12889 12890
12889 12875 12874
12874 12891 12889
12891 12874 12876
12876 12892 12891
12892 12876 12877
12877 12893 12892
12893 12877 12878
12878 12894 12893
12894 12878 12879
12894 12880 12895
12880 12894 12879
12895 12881 12896
12881 12895 12880
12896 12882 12897
12882 12896 12881
12897 12883 12900
12883 12897 12882
12900 12884 12901
12884 12900 12883
12901 12565 12902
12565 12901 12884
12903 12886 12904
12886 12903 12885
12904 12887 12898
12887 12904 12886
12887 12899 12898
12899 12887 12888
12888 12890 12899
12890 12888 12875
12567 12874 12875
12874 12567 12566
12566 12876 12874
12876 12566 12568
12568 12877 12876
12877 12568 12569
12877 12570 12878
12570 12877 12569
12878 12571 12879
12571 12878 12570
12879 12572 12880
12572 12879 12571
12880 12573 12881
12573 12880 12572
12881 12574 12882
12574 12881 12573
12882 12575 12883
12575 12882 12574
12883 12576 12884
12576 12883 12575
12579 12885 12578
12581 12887 12886
12887 12581 12580
12580 12888 12887
12888 12580 12582
12582 12875 12888
12875 12582 12567
12584 12586 12585
12587 12589 12588
12590 12592 12591
12593 12595 12594
12593 12594 12596
12597 12599 12598
12586 12597 12598
12597 12586 12584
12602 12600 12603
12600 12602 12601
12605 12601 12602
12601 12605 12604
12607 12604 12605
12604 12607 12606
12609 28625 28626
28625 12609 12608
12610 12609 12611
12609 12610 12608
12612 12611 12613
12611 12612 12610
12614 12613 12615
12613 12614 12612
12616 12615 12617
12615 12616 12614
12617 12619 12618
12621 12622 12620
12623 12625 12624
12625 12627 12626
12603 12626 12627
12626 12603 12600
28627 12629 12628
12629 28627 28628
12630 28627 12628
28627 12630 28629
12631 28629 12630
28629 12631 28630
28631 28632 12632
28632 28631 28633
12633 28631 12632
28631 12633 28634
12634 28634 12633
28634 12634 28635
28636 12634 12635
12634 28636 28635
28637 12635 12636
12635 28637 28636
28637 12636 12637
28638 12637 12638
12583 12639 12640
28639 12641 28640
12642 28640 12643
28640 12642 28641
12629 28641 12642
28641 12629 28628
12465 12644 12464
12644 12465 12645
12468 12645 12465
12645 12468 12646
12470 12646 12468
12646 12470 12647
12471 12647 12470
12647 12471 12648
12473 12648 12471
12648 12473 12649
12475 12649 12473
12649 12475 12650
12651 12475 28619
12475 12651 12650
12653 12477 12738
12477 12653 12652
12464 12661 28620
12661 12464 12644
12619 12591 12662
12606 12630 12604
12630 12606 12631
12632 28625 12608
28625 12632 28632
12604 12628 12601
12628 12604 12630
12541 12530 12540
28642 12544 28643
12544 28642 12541
28643 12546 28644
12546 28643 12544
12546 28645 28644
28645 12546 12548
12535 28646 28647
28648 12552 12534
12539 12849 12540
12542 12853 12560
12853 12542 12543
12545 12560 12561
12560 12545 12542
12562 12545 12561
12545 12562 12547
12549 12562 12563
12562 12549 12547
12564 12549 12563
12549 12564 12551
12858 12551 12564
12551 12858 12553
12554 12858 12857
12858 12554 12553
12556 12857 12856
12857 12556 12554
12900 12856 12897
12856 12900 12869
12854 12558 12855
12558 12854 12559
12853 12559 12854
12559 12853 12543
12670 12672 12671
28624 12673 12531
28649 12673 28624
12674 12737 12536
12536 12480 12674
12480 12536 12675
12675 12479 12480
12479 12675 12676
12676 12481 12479
12481 12676 12677
12481 12678 12482
12678 12481 12677
12482 12679 12483
12679 12482 12678
12814 12645 12816
12645 12814 12644
12816 12646 12683
12646 12816 12645
12647 12683 12646
12683 12647 12684
12648 12684 12647
12684 12648 12685
12815 12649 12650
12649 12815 12817
12686 12650 12651
12650 12686 12815
12688 12652 12653
12652 12688 12687
12689 12653 12654
12653 12689 12688
12690 12654 12655
12654 12690 12689
12691 12655 12656
12655 12691 12690
12657 12691 12656
12691 12657 12692
12658 12692 12657
12692 12658 12693
12659 12693 12658
12693 12659 12694
12660 12694 12659
12694 12660 12695
12696 12644 12814
12644 12696 12661
12672 12670 28650
28651 12531 12697
12782 12764 12765
12467 12698 12671
12698 12467 28652
12680 12681 12485
12762 12757 12758
12757 12762 12759
12749 12748 12752
12748 12749 12747
12699 12476 12673
12476 12699 28618
12474 12697 12476
12697 12474 12472
12469 12466 12672
12467 12671 12672
28653 28654 12670
12737 12700 12701
12767 12768 12766
12532 28655 28656
12734 12669 12539
12668 12669 12734
12771 12769 12772
12769 12771 12770
12772 12773 12774
12773 12772 12769
12773 12776 12774
12776 12773 12775
12775 12778 12776
12778 12775 12777
12777 12780 12778
12780 12777 12779
12780 12779 12768
12670 28657 28650
28649 12699 12673
12478 12700 12674
12617 12587 12591
12617 12589 12587
12589 12617 12615
12615 12702 12589
12702 12615 12613
12613 12703 12702
12703 12613 12611
12611 12704 12703
12704 12611 12609
12609 12705 12704
12705 12609 28626
28658 12605 12706
12605 28658 12607
12706 12602 12585
12602 12706 12605
12585 12603 12584
12603 12585 12602
12627 12584 12603
12584 12627 12597
12597 12625 12707
12625 12597 12627
12623 12593 12625
12708 12710 12709
12662 12591 12592
12745 28659 12746
28659 12745 28660
12760 28661 28662
28661 12760 12761
28663 28664 28665
28664 28663 28666
28667 28668 28669
28668 28667 12798
28670 28671 28672
28671 28670 28673
28674 28675 28676
28675 28674 28677
28678 28679 28680
28679 28678 28681
28682 28683 28684
28683 28682 28685
28686 28687 28688
28687 28686 12484
12767 28689 28690
28689 12767 12766
28691 28684 28683
28684 28691 28692
28693 28688 28694
28688 28693 28686
28695 28696 28697
28696 28695 28698
28699 28700 28701
28700 28699 28702
28703 28704 28705
28704 28703 28706
28707 28699 28708
28699 28707 28702
28620 28652 12467
12467 12672 12466
12697 12673 12476
12673 12697 12531
12670 12671 28653
12712 12687 12688
12687 12712 12711
12689 12712 12688
12712 12689 12713
12714 12689 12690
12689 12714 12713
12715 12690 12691
12690 12715 12714
12716 12691 12692
12691 12716 12715
12717 12692 12693
12692 12717 12716
12694 12717 12693
12717 12694 12718
12718 12695 12719
28709 28694 12720
28694 28709 28693
28710 12814 12721
12814 28710 12696
12816 12721 12814
12722 12816 12683
12683 12684 12723
12723 12684 12685
12815 12795 12817
12795 12686 12725
12686 12795 12815
28691 28711 28692
28711 28691 28712
28674 28711 28712
28711 28674 28676
12525 12725 12524
12725 12525 12795
12795 12526 12724
12526 12795 12525
12527 12724 12526
12724 12527 12723
12528 12723 12527
12723 12528 12722
12510 12721 12794
12721 12510 28710
28670 12720 28673
12720 28670 28709
12718 12511 12512
12511 12718 12719
12513 12718 12512
12718 12513 12717
12716 12513 12514
12513 12716 12717
12715 12514 12515
12514 12715 12716
12714 12515 12516
12515 12714 12715
12518 12714 12516
12714 12518 12713
12520 12713 12518
12713 12520 12712
12522 12712 12520
12712 12522 12711
12730 12589 12702
12589 12730 12729
12703 12730 12702
12640 12709 12710
12641 12710 12624
12643 12731 12642
12600 12642 12626
12642 12600 12629
12601 12629 12600
12629 12601 12628
12634 12610 12612
12610 12634 12633
12635 12612 12614
12612 12635 12634
12635 12614 12616
12636 12616 12618
12620 12622 12638
12608 12633 12632
12633 12608 12610
12674 12700 12737
28713 12732 12577
28714 12565 12884
12579 12886 12885
12886 12579 12581
12587 12588 12590
12617 12591 12619
12619 12662 12621
12593 12707 12625
12596 12707 12593
12707 12596 12599
12620 12619 12621
12595 12623 12708
12624 12710 12623
12638 28713 28638
12638 12733 12732
12640 28715 12583
12640 12641 28639
12639 12709 12640
12638 12637 12620
12597 12707 12599
12591 12587 12590
12589 12729 12588
28639 28715 12640
12710 12641 12640
12732 28713 12638
12622 12733 12638
12618 12620 12637
12619 12620 12618
12616 12617 12618
12636 12618 12637
12624 12731 12643
12625 12731 12624
12641 12624 12643
12708 12623 12710
12595 12593 12623
12731 12626 12642
12641 12643 28640
28637 12637 28638
12635 12616 12636
12731 12625 12626
28716 28717 12433
12435 28716 12434
28716 12435 28718
28719 12435 12436
28720 28721 12437
28722 12437 12438
28723 12438 12439
12324 28724 28723
28717 12332 12433
28725 12334 12333
28726 12335 12334
28727 12336 12335
28727 12337 12336
28728 12338 12337
28729 12339 12338
12340 28730 28731
28730 12340 12339
12340 28732 12341
28732 12340 28731
12341 28733 12342
28733 12341 28732
12342 28734 12343
28734 12342 28733
12344 28734 28735
28734 12344 12343
28736 28737 12345
28737 28736 28738
12346 28737 28739
28737 12346 12345
28739 12347 12346
28740 12348 12347
28741 12333 12348
12349 12334 12350
12334 12349 12333
12350 12335 12351
12335 12350 12334
12351 12336 12352
12336 12351 12335
12353 12336 12337
12336 12353 12352
12354 12337 12338
12337 12354 12353
12355 12338 12339
12338 12355 12354
12356 12339 12340
12339 12356 12355
12357 12340 12341
12340 12357 12356
12358 12341 12342
12341 12358 12357
12452 12342 12343
12342 12452 12358
12359 12343 12344
28736 12345 12360
12345 12791 12360
12361 12347 12362
12347 12361 12346
12362 12348 12363
12348 12362 12347
12363 12333 12349
12333 12363 12348
12364 28742 12365
28742 12364 28743
12365 28744 12366
28744 12365 28742
12367 28744 28745
28744 12367 12366
12368 28745 28746
28745 12368 12367
12368 28747 12369
28747 12368 28746
12370 28747 28748
28747 12370 12369
12371 28748 28749
28748 12371 12370
12371 28750 12372
28750 12371 28749
12372 28751 12785
28751 12372 28750
12786 28751 28752
28751 12786 12785
12375 12789 12455
12789 12375 12790
12377 12376 12788
12378 28753 28754
28753 12378 12377
12364 28754 28743
28754 12364 12378
12440 12380 12379
12426 12387 12427
12459 12425 12388
12430 12389 12431
12907 12456 12389
12428 12391 12390
12379 12428 12440
12428 12379 12391
12393 12445 12446
12445 12393 12392
12446 12394 12393
12394 12446 12422
12395 12422 12423
12422 12395 12394
12395 12424 12396
12424 12395 12423
12396 12447 12397
12447 12396 12424
12397 12448 12398
12448 12397 12447
12398 12449 12399
12449 12398 12448
12399 12450 12912
12450 12399 12449
12450 12462 12911
12457 12451 12402
12463 12405 12908
12405 12444 12406
12392 12444 12445
12444 12392 12406
12407 12365 12408
12365 12407 12364
12409 12365 12366
12365 12409 12408
12410 12366 12367
12366 12410 12409
12411 12367 12368
12367 12411 12410
12412 12368 12369
12368 12412 12411
12413 12369 12370
12369 12413 12412
12413 12371 12414
12371 12413 12370
12414 12372 12415
12372 12414 12371
12372 12416 12415
12373 12461 12416
12418 12455 12460
12376 12377 12419
12421 12377 12378
12377 12421 12420
12407 12378 12364
12378 12407 12421
12401 12432 12425
12423 12409 12410
12409 12423 12422
12423 12411 12424
12411 12423 12410
12422 12408 12409
12408 12422 12446
12399 12400 12427
12441 12399 12427
12399 12441 12398
12384 12398 12441
12398 12384 12397
12383 12397 12384
12397 12383 12396
12382 12396 12383
12396 12382 12395
12382 12394 12395
12394 12382 12381
12381 12393 12394
12393 12381 12380
12380 12392 12393
12392 12380 12440
12440 12406 12392
12406 12440 12428
12405 12406 12905
12905 12906 12908
12458 12403 12442
12432 12388 12425
28755 12328 12839
12330 28756 12329
12331 28757 28756
28757 12331 12332
28758 12327 12837
12326 12327 28758
28759 12325 12326
12325 28759 28724
12385 12427 12386
12427 12385 12441
12384 12441 12385
12460 12442 12403
12419 12463 12442
12420 12421 12443
12445 12421 12407
12421 12445 12444
12446 12407 12408
12407 12446 12445
12447 12413 12448
12413 12447 12412
12448 12414 12449
12414 12448 12413
12414 12450 12449
12415 12462 12450
12451 12461 12402
12424 12412 12447
12412 12424 12411
12786 28752 12792
12376 12789 12788
12789 12376 12455
12452 12343 28760
12454 12346 12361
12346 12454 12345
12426 12459 12387
12400 12911 12910
12401 12457 12432
12429 12390 12456
12456 12907 12429
12451 12457 12401
12431 12458 12404
12463 12404 12442
12461 12373 12453
12417 12453 12374
12375 12455 12418
12460 12376 12419
12418 12460 12403
12461 12451 12416
12428 12390 12429
12459 12426 12909
12427 12387 12386
12376 12460 12455
12442 12460 12419
12461 12453 12417
12402 12461 12417
12911 12912 12450
12415 12416 12462
12463 12420 12443
12405 12463 12443
12419 12420 12463
12458 12442 12404
12431 12404 12430
12443 12421 12444
12419 12377 12420
12372 12373 12416
12414 12415 12450
12443 12444 12405
28761 12486 28762
12486 28761 28763
28764 28762 12489
28762 28764 28761
28765 12489 12491
12489 28765 28764
12492 28765 12491
28765 12492 28766
28767 28766 12492
28766 28767 28768
12496 28768 28767
28768 12496 28769
28770 12496 12498
12496 28770 28769
12499 28771 28772
28771 12499 28773
28774 12499 28775
12499 28774 28773
28776 28774 28775
28774 28776 28777
28778 28777 28776
28777 28778 28779
12486 28780 12509
28780 12486 28763
28781 28782 28783
28782 28781 28784
28785 28786 28787
28786 28785 28788
28789 28790 28791
28790 28789 28792
28793 28794 28795
28794 28793 28796
28797 28798 28799
28798 28797 28800
28801 28802 28803
28802 28801 28804
28805 28806 28807
28806 28805 28808
28809 28810 28811
28810 28809 28812
28812 28795 28810
28795 28812 28793
28813 28814 28815
28814 28813 28816
28817 28818 28819
28818 28817 28820
28821 28817 28819
28817 28821 28822
28823 28821 28824
28821 28823 28822
28794 28823 28824
28823 28794 28796
28825 28826 28827
28826 28825 28828
28829 28830 28831
28830 28829 28832
28833 28834 28835
28834 28833 28836
28837 28838 28839
28838 28837 28840
12728 28840 28837
28840 12728 28841
28842 12728 28843
12728 28842 28841
28844 28845 28846
28845 28844 28847
28818 28847 28844
28847 28818 28820
28848 28849 12787
28850 28797 28851
28797 28850 28800
28830 28816 28813
28816 28830 28832
28808 28811 28806
28811 28808 28809
28828 28801 28826
28801 28828 28804
28852 28853 28854
28853 28852 28855
28790 28856 28857
28856 28790 28792
28857 28825 28827
28825 28857 28856
28846 28850 28851
28850 28846 28845
28814 28854 28815
28854 28814 28852
12782 12763 12781
28648 12550 12552
12541 28642 12530
12552 12841 12534
12538 12539 12530
12539 12540 12530
12783 12770 12771
12770 12783 12781
12781 12783 12782
12765 12763 12782
12764 28858 12765
28858 12764 28859
12671 28860 28653
12483 12537 12680
12537 12483 12679
12735 12680 12537
12735 12681 12680
12681 12735 12682
28698 28861 28696
28861 28698 28862
12671 12698 28860
12736 12663 12664
12534 12736 12533
12736 12534 12663
28648 12534 12533
12532 28648 12533
12784 12768 12779
12766 12768 12784
12738 12654 12653
12654 12738 12739
12739 12655 12654
12655 12739 12740
12740 12656 12655
12656 12740 12741
12656 12742 12657
12742 12656 12741
12657 12743 12658
12743 12657 12742
12744 12658 12743
12658 12744 12659
12659 28863 12660
28863 12659 12744
12475 12476 28619
28864 28865 28866
28865 28864 28867
28868 28869 28870
28869 28868 28871
28872 28873 28874
28873 28872 28875
28876 28877 28878
28877 28876 28879
28880 28874 28881
28874 28880 28872
28878 28882 28883
28882 28878 28877
28884 28880 28881
28880 28884 28885
28882 28886 28883
28886 28882 28887
28888 28885 28884
28885 28888 28889
28887 28890 28886
28890 28887 28891
28892 28893 28894
28893 28892 28895
28896 28897 28898
28897 28896 28899
28893 28889 28888
28889 28893 28895
28890 28899 28896
28899 28890 28891
28875 28864 28873
28864 28875 28867
28869 28879 28876
28879 28869 28871
28865 28900 28866
28900 28865 28901
28902 28868 28870
28868 28902 28903
28904 28892 28894
28892 28904 28905
28897 28906 28898
28906 28897 28907
28908 28909 28910
28909 28908 28911
28912 28913 28914
28913 28912 28915
28916 28917 28918
28917 28916 28919
12667 28920 28921
28920 12667 28922
28918 28923 28924
28923 28918 28917
12666 28921 28925
28921 12666 12667
28923 28926 28924
28926 28923 28927
12665 28925 28928
28925 12665 12666
28927 28929 28926
28929 28927 28930
28931 12665 28928
12665 28931 28932
28930 28933 28929
28933 28930 28934
28935 28931 28936
28931 28935 28932
28913 28935 28936
28935 28913 28915
28937 28912 28914
28912 28937 28938
28939 28940 28941
28940 28939 28942
28910 28943 28944
28943 28910 28909
28944 28919 28916
28919 28944 28943
28920 28945 28946
28945 28920 28922
28946 28947 28948
28947 28946 28945
28948 28949 28950
28949 28948 28947
28949 28951 28950
28951 28949 28952
28953 28911 28908
28911 28953 28954
28934 28955 28933
28955 28934 28956
28956 28941 28955
28941 28956 28939
12672 28957 12469
12472 28958 12697
12373 12786 12453
12786 12373 12785
12374 12786 28959
12786 12374 12453
12787 28853 28855
28853 12787 28849
12788 28960 28961
28960 12788 12789
28962 28963 12790
28791 28964 28789
12785 12373 12372
12377 28961 28753
28961 12377 12788
28965 12583 28715
28726 28727 12335
28725 28726 12334
28741 28725 12333
28740 28741 12348
28739 28740 12347
28728 28729 12338
28727 28728 12337
28729 28730 12339
28621 28966 12529
28648 28967 12550
12548 28967 28645
28967 12548 12550
12672 28650 28957
28958 28651 12697
28968 28657 28969
28657 28968 28650
28970 28971 28972
12469 28957 28617
28617 28958 12472
28963 12789 12790
12345 12454 12791
12792 28973 28959
12343 12359 28760
28963 28960 12789
12786 12792 28959
12793 12528 12488
12528 12793 12794
12794 12722 12528
12722 12794 12721
12488 12796 12793
28974 12793 12797
28672 12798 28667
12798 28672 28671
12800 12507 12799
12507 12800 12506
12801 12506 12800
12506 12801 12505
12802 12505 12801
12505 12802 12503
12503 12802 12803
12517 12504 12803
12517 12805 12519
12805 12517 12804
12805 12521 12519
12521 12805 12806
12806 12523 12521
12523 12806 12807
28677 28665 28675
28665 28677 28663
12495 12497 12808
12495 12809 12810
12796 28975 12487
28975 12796 12811
12811 28976 28975
28976 12811 12812
28976 12813 28977
12813 28976 12812
28977 12810 12494
12810 28977 12813
12817 12648 12649
12648 12817 12685
12724 12685 12817
12816 12722 12721
12722 12683 12723
12723 12685 12724
12795 12724 12817
28585 12278 28978
12278 28585 12819
28969 28979 28968
12820 28978 12278
28978 12820 28586
12823 28980 28578
28980 12823 28981
28970 28622 28651
28622 28970 28972
12274 28595 28604
28595 12274 12824
12825 12292 12295
28569 28982 12818
12822 28983 12293
12305 12306 12821
12304 12306 28571
12292 12296 12826
28651 28622 12531
12670 28654 28657
28608 28984 28607
28984 28608 28985
28986 28987 28988
12300 28989 12308
28656 28648 12532
12796 12797 12793
12490 12811 12488
12813 12812 12490
12495 12810 12493
12829 28990 12727
28990 12830 28991
12830 28990 12829
28668 28992 28669
12831 28993 28994
28993 12831 12832
12487 28993 12832
12833 28995 12494
28995 12834 28996
12834 28995 12833
28997 28664 28666
28998 12835 12836
12835 28998 28999
28998 12836 12500
28834 28778 28835
28778 28834 28779
28838 28833 28839
28833 28838 28836
12501 12804 12838
12803 12802 12840
12840 12502 12803
12838 12804 12803
12329 28755 12839
28758 12837 29000
12495 12808 12809
28974 12508 12793
12834 12833 12809
12831 28974 12797
12500 12805 12501
12801 12727 12726
12663 12841 12842
12841 12663 12534
12664 12842 12843
12842 12664 12663
29001 12843 12844
12843 29001 12664
29002 12844 12845
12844 29002 29001
12846 29002 12845
29002 12846 29003
12847 29003 12846
29003 12847 12668
12668 12848 12669
12848 12668 12847
12849 12669 12848
12669 12849 12539
12850 12842 12841
12842 12850 12555
12851 12848 12557
12848 12851 12849
12540 12851 12852
12851 12540 12849
12540 12852 12541
12843 12555 12859
12555 12843 12842
12844 12859 12860
12859 12844 12843
12845 12860 12861
12860 12845 12844
12862 12845 12861
12845 12862 12846
12863 12846 12862
12846 12863 12847
12557 12847 12863
12847 12557 12848
12555 12864 12859
12864 12555 12556
12859 12865 12860
12865 12859 12864
12860 12866 12861
12866 12860 12865
12861 12867 12862
12867 12861 12866
12862 12868 12863
12868 12862 12867
12558 12863 12868
12863 12558 12557
12850 12552 12553
12552 12850 12841
12541 12852 12542
12556 12869 12864
12869 12556 12856
12864 12870 12865
12870 12864 12869
12865 12871 12866
12871 12865 12870
12866 12872 12867
12872 12866 12871
12872 12868 12867
12868 12872 12873
12873 12558 12868
12558 12873 12855
12902 12885 12903
12885 12902 12565
28714 12884 12576
12885 12565 12578
12869 12901 12870
12901 12869 12900
12870 12902 12871
12902 12870 12901
12902 12872 12871
12872 12902 12903
12872 12904 12873
12904 12872 12903
12873 12898 12855
12898 12873 12904
28756 28755 12329
12837 29004 29000
12324 12325 28724
28723 12439 12324
28716 12433 12434
12332 28717 28757
28719 28718 12435
28722 28720 12437
12908 12405 12905
12430 12906 12907
12389 12430 12907
12406 12428 12905
12404 12906 12430
12404 12463 12908
12404 12908 12906
12428 12429 12905
12425 12459 12909
12910 12425 12909
12401 12425 12910
12911 12401 12910
12462 12401 12911
12401 12462 12451
12416 12451 12462
12912 12400 12399
12911 12400 12912
12400 12426 12427
12913 29005 29006
29007 29008 29009
29010 29011 29012
29013 29014 29015
12914 29016 29017
29018 29019 29020
29021 29022 29023
29024 29025 29026
12718 12694 12695
12932 12925 12924
12928 12926 12927
12926 12928 12923
29027 12929 29028
29029 12930 12931
12930 29029 29030
29031 29032 29033
12925 12932 29034
29035 12933 12934
12933 29035 29036
29037 29038 29039
29040 29041 29042
29041 29040 29043
29044 29045 29046
12915 12916 12921
12917 12920 12922
12920 12917 12918
12920 12918 12919
29047 29048 29049
29048 29047 29050
29051 29052 29053
29052 29051 29054
29055 29056 29057
29056 29055 29058
29059 29060 29061
29060 29059 29062
29063 29064 29065
29064 29063 29066
29067 29068 29069
29068 29067 29070
29071 29072 29073
29072 29071 29074
29075 29076 29077
29076 29075 29078
12922 12916 12917
12916 12922 12921
12952 12945 12944
12948 12946 12947
12946 12948 12943
29079 12949 29080
29081 12950 12951
12950 29081 29082
29083 29084 29085
12945 12952 29086
29087 12953 12954
12953 29087 29088
29089 29090 29091
29092 29093 29094
29093 29092 29095
29096 29097 29098
12935 12936 12941
12937 12940 12942
12940 12937 12938
12940 12938 12939
29099 29100 29101
29100 29099 29102
29103 29104 29105
29104 29103 29106
29107 29108 29109
29108 29107 29110
29111 29112 29113
29112 29111 29114
29115 29116 29117
29116 29115 29118
29119 29120 29121
29120 29119 29122
29123 29124 29125
29124 29123 29126
29127 29128 29129
29128 29127 29130
12942 12936 12937
12936 12942 12941
12972 12964 12965
12966 12968 12967
12968 12966 12963
29131 29132 12969
12970 29133 12971
29133 12970 29134
29135 29136 29137
12965 29138 12972
12973 29139 12974
29139 12973 29140
29141 29142 29143
29144 29145 29146
29145 29144 29147
29148 29149 29150
12955 12961 12956
12960 12957 12962
12957 12960 12958
12960 12959 12958
29151 29152 29153
29152 29151 29154
29155 29156 29157
29156 29155 29158
29159 29160 29161
29160 29159 29162
29163 29164 29165
29164 29163 29166
29167 29168 29169
29168 29167 29170
29171 29172 29173
29172 29171 29174
29175 29176 29177
29176 29175 29178
29179 29180 29181
29180 29179 29182
12956 12962 12957
12962 12956 12961
12992 12984 12985
12986 12988 12987
12988 12986 12983
29183 29184 12989
12990 29185 12991
29185 12990 29186
29187 29188 29189
12985 29190 12992
12993 29191 12994
29191 12993 29192
29193 29194 29195
29196 29197 29198
29197 29196 29199
29200 29201 29202
12975 12981 12976
12980 12977 12982
12977 12980 12978
12980 12979 12978
29203 29204 29205
29204 29203 29206
29207 29208 29209
29208 29207 29210
29211 29212 29213
29212 29211 29214
29215 29216 29217
29216 29215 29218
29219 29220 29221
29220 29219 29222
29223 29224 29225
29224 29223 29226
29227 29228 29229
29228 29227 29230
29231 29232 29233
29232 29231 29234
12976 12982 12977
12982 12976 12981
13062 13061 13057
13065 13063 13070
13066 13067 13064
13060 13067 13059
13068 13059 13069
13066 13064 13070
13062 13058 13071
13067 13072 13069
13072 13067 13073
13073 13067 13066
13070 13064 13065
13058 13074 13064
13074 13058 13075
13058 13076 13075
13064 13060 13058
13065 13064 13077
13057 13058 13062
13069 13059 13067
13064 13067 13060
13058 13057 13076
13079 13058 13078
13081 13083 13087
13084 13083 13085
13060 13059 13085
29235 13086 13059
13084 13087 13083
13079 29236 13058
13085 13059 13086
13088 13089 13085
13089 13084 13085
13087 13082 13081
13091 13058 13083
13058 13091 13090
13058 13090 13092
13093 13091 13083
13081 13093 13083
13078 13080 13079
13086 13088 13085
13083 13060 13085
13058 13092 13078
13028 13024 13020
13011 13003 13012
12997 13007 13024
13000 13016 13015
13018 13006 13019
13001 29237 13010
29238 13011 13010
12995 13009 13008
13006 13022 13019
13022 13006 13027
13001 13014 29239
13007 12996 13026
13009 13002 13017
13013 13010 13029
13029 13010 13011
13002 13013 13029
13013 13001 13010
13014 29240 29239
13001 29239 29237
13027 13006 13015
13009 13017 13008
13012 13005 13017
29238 13003 13011
13021 13018 13019
13020 13004 13019
13017 13005 13008
13011 13012 13017
13004 13021 13019
13022 13020 13019
13023 12998 13022
13020 12998 13030
13025 13004 13020
13020 13024 13025
13026 13025 13024
13007 13026 13024
13022 12998 13020
13027 13023 13022
13023 13027 12999
13015 12999 13027
12999 13015 13016
13028 12997 13024
13021 29241 13018
13017 13002 13029
13011 13017 13029
29237 29238 13010
13020 13030 13028
13054 13049 13052
13041 29242 29243
13031 13052 13038
13034 13044 13045
13047 13048 13037
13035 13040 29244
29245 13040 13041
29246 29247 13039
13037 13048 13050
13050 13053 13037
13035 29248 13043
13038 29249 29250
13039 13046 13036
13042 13055 13040
13055 13041 13040
13036 13055 13042
13042 13040 13035
13043 29248 29251
13035 29244 29248
13053 13044 13037
29247 29252 13046
29242 13046 29252
29245 13041 29243
29253 13048 13047
13049 13048 29254
13046 13039 29247
13041 13046 29242
29254 13048 29253
13050 13048 13049
13051 13050 13032
13049 13056 13032
29255 13049 29254
13049 29255 13052
29249 13052 29255
13038 13052 29249
13050 13049 13032
13051 13053 13050
13053 13051 13033
13033 13044 13053
13044 13033 13045
13054 13052 13031
29253 13047 29256
13046 13055 13036
13041 13055 13046
29244 13040 29245
13049 13054 13056
29257 29258 29259
29258 29257 29260
29261 29262 29263
29262 29261 29264
29265 29266 29267
29266 29265 29268
29269 29270 29271
29270 29269 29272
29273 29260 29257
29260 29273 29274
29268 29275 29266
29275 29268 29276
29276 29277 29275
29277 29276 29278
29278 29271 29277
29271 29278 29269
29279 29270 29272
29270 29279 29280
29281 29282 29283
29282 29281 29284
29285 29284 29281
29284 29285 29286
29287 29282 29288
29282 29287 29283
29287 29262 29264
29262 29287 29288
29289 29290 29291
29290 29289 29292
29291 29286 29285
29286 29291 29290
29293 29294 29295
29294 29293 29296
29297 29298 29299
29298 29297 29300
29301 29302 29303
29302 29301 29304
29305 29306 29307
29306 29305 29308
29309 29295 29310
29295 29309 29293
29303 29311 29312
29311 29303 29302
29312 29313 29314
29313 29312 29311
29314 29308 29305
29308 29314 29313
29315 29306 29316
29306 29315 29307
29317 29318 29319
29318 29317 29320
29321 29319 29322
29319 29321 29317
29320 29323 29318
29323 29320 29324
29324 29298 29323
29298 29324 29299
29325 29326 29327
29326 29325 29328
29328 29322 29326
29322 29328 29321
13077 13064 13074
13058 13060 13083
13094 13097 13095
29329 13096 29330
29331 13098 29332
29333 29334 29335
29336 29337 29338
29339 29340 29341
13150 13151 13152
13153 13154 13155
13151 13150 13156
13158 13151 13157
13158 13159 13160
13163 13161 13162
13161 13163 13164
13165 13166 13167
13164 13153 13161
13168 13151 13169
13152 13151 13170
13166 13164 13163
13164 13166 13165
13162 13171 13163
13171 13162 13172
13174 13166 13173
13166 13174 13156
13175 13156 13174
13156 13175 13157
13176 13159 13177
13163 13173 13166
13173 13163 13171
13154 13153 13164
13154 13164 13165
13167 13166 13156
13169 13151 13158
13170 13151 13168
13158 13157 13159
13175 13159 13157
13159 13175 13177
13176 13177 13178
13160 13159 13176
13167 13156 13150
13180 13179 13181
13183 13182 13184
13181 13185 13186
13187 13185 13181
13187 13188 13189
13192 13190 13191
13190 13192 13193
13195 13194 13196
13191 13190 13183
13198 13197 13181
13179 13199 13181
13191 13196 13192
13196 13191 13195
13193 29342 29343
29342 13193 13192
13196 29344 29345
29344 13196 13186
13186 29346 29344
29346 13186 13185
13200 29347 13189
13192 29345 29342
29345 13192 13196
13184 13191 13183
13184 13195 13191
13194 13186 13196
13197 13187 13181
13199 13198 13181
13187 13189 13185
13189 29346 13185
29346 13189 29347
13200 29348 29347
13188 13200 13189
13194 13180 13186
13107 13105 13111
13120 13099 13121
13107 13116 13115
13116 13107 13111
13103 13116 13111
13103 13117 13125
13114 13100 13112
13100 13114 13113
13106 13122 13118
13112 13100 13120
13104 13123 13111
13105 13124 13111
13112 13118 13114
13118 13112 13106
13113 13110 13101
13110 13113 13114
13118 13108 13119
13108 13118 13115
13108 13116 13109
13116 13108 13115
13127 13126 13125
13114 13119 13110
13119 13114 13118
13121 13112 13120
13121 13106 13112
13122 13115 13118
13123 13103 13111
13124 13104 13111
13103 13125 13116
13125 13109 13116
13109 13125 13126
13127 13102 13126
13117 13127 13125
13122 13107 13115
13134 13135 13132
13143 13144 13128
13140 13134 13139
13134 13140 13135
13130 13135 13140
13130 13148 13141
13138 13129 13137
13129 13138 13136
13133 13142 13145
13136 13143 13129
13131 13135 13146
13132 13135 13147
13142 13136 13138
13136 13142 13133
13137 29349 13138
29349 13137 29350
29351 13142 29352
13142 29351 13139
29351 13140 13139
13140 29351 29353
13149 13148 29354
13138 29352 13142
29352 13138 29349
13144 13143 13136
13144 13136 13133
13145 13142 13139
13146 13135 13130
13147 13135 13131
13130 13140 13148
29353 13148 13140
13148 29353 29354
13149 29354 29355
13141 13148 13149
13145 13139 13134
29356 29357 29358
29357 29356 29359
29360 29361 29362
29361 29360 29363
29364 29365 29366
29365 29364 29367
29368 29369 29370
29369 29368 29371
29372 29373 29374
29373 29372 29375
29376 29377 29378
29377 29376 29379
29364 29373 29375
29373 29364 29366
29380 29381 29382
29381 29380 29383
29384 29357 29359
29357 29384 29385
29386 29374 29387
29374 29386 29372
29378 29363 29360
29363 29378 29377
29380 29370 29383
29370 29380 29368
29384 29388 29385
29388 29384 29389
29390 29391 29392
29391 29390 29393
29371 29391 29369
29391 29371 29392
29376 29358 29379
29358 29376 29356
29394 29395 29396
29395 29394 29397
29398 29399 29400
29399 29398 29401
29402 29403 29404
29403 29402 29405
29406 29407 29408
29407 29406 29409
29410 29411 29412
29411 29410 29413
29414 29415 29416
29415 29414 29417
29412 29401 29398
29401 29412 29411
29418 29419 29420
29419 29418 29421
29422 29395 29423
29395 29422 29396
29424 29413 29410
29413 29424 29425
29417 29404 29415
29404 29417 29402
29406 29420 29409
29420 29406 29418
29422 29426 29427
29426 29422 29423
29428 29429 29430
29429 29428 29431
29408 29429 29431
29429 29408 29407
29414 29397 29394
29397 29414 29416
13226 13227 13225
13229 13230 13228
13231 13233 13232
13226 13233 13227
13234 29432 13235
13235 13236 13234
13237 29433 29434
29435 13238 29434
13227 13239 13225
13240 29436 29433
13231 13241 13243
29435 29432 13234
13243 13230 13231
13225 13244 13226
13237 13240 29433
13245 13246 13228
29437 13235 29432
13228 13230 13243
13235 13247 13236
13231 13232 13241
13233 13226 13232
13238 13237 29434
29435 13242 13238
13243 13245 13228
13234 13242 29435
13237 13248 13240
13223 13213 13214
13201 13217 13216
13207 13219 13208
13223 13214 13208
13222 13218 29438
13218 13222 13211
13224 29439 29440
29441 29439 13220
13214 13213 13202
13215 29440 29442
13207 13216 13221
29441 13210 13222
13221 13204 13207
13213 13223 13203
13224 29440 13215
13205 13217 13206
29443 29438 13218
13217 13221 13216
13218 13211 13212
13207 13204 13219
13208 13219 13223
13220 29439 13224
29441 13220 13210
13221 13217 13205
13222 29438 29441
13224 13215 13209
29444 29445 29446
29445 29444 29447
29448 29449 29450
29449 29448 29451
29452 29453 29454
29453 29452 29455
29456 29457 29458
29457 29456 29459
29460 29461 29462
29461 29460 29463
29464 29465 29466
29465 29464 29467
29453 29468 29454
29468 29453 29469
29470 29444 29446
29444 29470 29471
29472 29473 29474
29473 29472 29475
29476 29477 29478
29477 29476 29479
29480 29448 29450
29448 29480 29481
29477 29482 29478
29482 29477 29483
29484 29460 29462
29460 29484 29485
29466 29485 29484
29485 29466 29465
29486 29487 29488
29487 29486 29489
29490 29488 29491
29488 29490 29486
29461 29472 29474
29472 29461 29463
29449 29490 29491
29490 29449 29451
29492 29456 29458
29456 29492 29493
29489 29494 29487
29494 29489 29495
13262 13270 13260
13270 13262 13269
13263 29496 13271
29496 13263 29497
13265 13275 13264
29498 13266 29499
13264 13267 13279
29499 13281 29500
13249 13254 13261
29501 29502 13250
13259 13268 13257
29503 29504 13272
13257 13251 13273
13258 13256 13277
29505 13278 13253
13258 29506 13280
29507 29503 29508
29509 29510 13259
29511 29512 29513
29512 29511 29514
13255 29515 29516
29515 13255 29517
29518 29519 13274
29519 29518 13252
29520 29521 29522
29521 29520 13276
29523 29524 29525
29524 29523 29526
29527 29528 29529
29528 29527 29530
29511 29513 29531
13269 29502 13270
29502 13269 13250
13261 13271 29496
13271 13261 13254
29532 29516 29515
29512 13274 29519
13274 29512 29514
13262 13275 29533
13263 29498 29497
13276 13255 29521
13255 13276 29517
29533 13275 13265
29498 29534 13266
13275 13262 13260
29498 13263 29534
29535 29524 29536
29524 29535 29525
29537 29528 29538
29528 29537 29529
13264 13279 13265
13266 13281 29499
13268 13251 13257
13259 29510 13268
29508 29503 13272
29504 29539 13272
13273 29540 29505
13257 13273 29505
29539 29504 13277
29504 13258 13277
29505 29540 13278
13256 13258 13280
13303 13295 13293
13295 13303 13302
13296 29541 29542
29541 13296 13304
13298 13297 13308
29543 29544 13299
13297 13312 13300
29544 29545 13314
13282 13294 13287
29546 13283 29547
13290 13284 13301
29548 13305 13292
13290 13291 13306
13310 29549 29550
13291 13311 13285
13289 13313 29549
29551 29548 13292
29552 29553 29554
29555 29556 29557
29556 29555 29558
13288 29559 29560
29559 13288 29561
29562 29563 13307
29563 29562 29564
29565 29566 29567
29566 29565 13309
29568 29569 29570
29569 29568 13286
29571 29572 29573
29572 29571 29574
29555 29575 29558
13302 29547 13283
29547 13302 13303
13304 13294 29541
13294 13304 13287
29576 29559 29561
29556 13307 29557
13307 29556 29562
13308 13293 13295
29543 29577 13296
13309 13288 29560
13288 13309 29565
29578 13298 13308
29543 13299 29577
13295 29578 13308
13296 29542 29543
29568 29579 29580
29579 29568 29570
29571 29581 29582
29581 29571 29573
13297 13298 13312
13299 29544 13314
29553 13301 29554
29553 13290 13301
13305 29583 29550
13305 29550 13292
13290 13306 13284
13291 13285 13306
13310 13289 29549
29583 13310 29550
13291 29584 13311
13313 29585 29549
13151 13156 13157
13181 13186 13180
12331 28756 12330
28723 28722 12438
28759 12326 28758
12803 12504 12503
12803 12804 12517
6134 29586 25914
25914 29586 29587
13317 13315 13318
13315 13317 13316
13320 13322 13321
13322 13320 13319
13325 13323 13326
13323 13325 13324
13318 13327 13317
13327 13318 13328
13331 13329 13332
13329 13331 13330
13333 13335 13334
13338 13336 13339
13336 13338 13337
13340 13342 13341
13343 13346 13344
13347 29588 13348
13349 13351 13350
13352 13353 29589
29590 13354 13352
13356 13358 13357
13358 13356 13355
13359 29591 29592
13360 13362 13361
13321 13363 13364
13363 13321 13322
13325 13366 13365
13368 13370 13369
13370 13368 13367
13372 13374 13373
13374 13372 13371
13352 13376 13375
13378 13380 13379
13380 13378 13377
13377 29593 13380
13382 13337 13338
13337 13382 13381
29594 13383 29595
29594 13384 13383
29596 13386 13385
13389 13387 13390
13387 13389 13388
13339 13391 13392
13391 13339 13336
13384 29597 13393
13395 13329 13330
13329 13395 13394
13397 13399 13398
13399 13397 13396
13400 13356 13401
13356 13400 13355
13402 13404 13403
13405 13502 13406
29598 13407 13402
13407 29598 29599
13410 13408 13411
13408 13410 13409
13412 13404 13408
29589 13353 29600
13414 13416 13415
13416 13414 13413
29601 29596 13385
13417 13419 13418
13398 13340 13418
13340 13421 13420
13420 13422 13340
13423 13425 13424
13426 13427 13414
13427 13428 13414
13428 13429 13413
13431 13412 13409
13412 13431 13430
13419 13417 13348
13394 13400 13329
13400 13394 13355
13433 13420 13421
13420 13433 13432
13422 13435 13434
13364 13436 13341
29602 13438 13437
13329 13439 13332
13439 13329 13400
13440 13334 13335
13372 13373 13441
13443 13400 13401
13400 13443 13439
13403 13445 13444
13446 29588 29601
13419 13389 13418
13418 13397 13398
13434 13342 13422
13495 13321 13364
13449 13447 13450
13447 13449 13448
13414 13425 13426
29603 13452 13451
13353 13375 13438
13375 13353 13352
29588 13347 29604
13451 29605 29603
13343 13344 13453
29606 13438 29602
13368 13369 13374
13455 13394 13395
13394 13455 13454
13358 13394 13454
13394 13358 13355
13421 13399 13433
13399 13421 13398
13456 13322 13457
13341 13418 13340
13419 29588 13446
13389 13396 13397
13396 13389 13390
13382 13454 13455
13454 13382 13338
13338 13358 13454
13358 13338 13339
13358 13392 13357
13392 13358 13339
13389 13397 13418
13458 13333 13334
13425 13414 13415
13425 13459 13426
13425 13423 13459
13340 13398 13421
13435 13432 13460
13432 13435 13420
13332 13333 13331
13333 13332 13335
13332 13440 13335
13440 13332 13439
13461 13439 13443
13439 13461 13440
13425 13462 13424
13462 13425 13415
13418 13341 13417
13413 13359 13416
13359 13429 13463
13429 13359 13413
13384 13391 13336
13336 13383 13384
13383 13336 13337
13381 13383 13337
13383 13381 13464
13385 13387 13388
13388 13446 13385
13446 13388 13419
29588 13419 13348
13465 13423 13424
13420 13435 13422
13437 13438 13466
13437 13467 29607
29604 13452 29603
13364 13341 13342
13436 13417 13341
13347 13417 13436
13328 13469 13468
13411 13471 13470
13471 13472 13470
13472 13471 13473
13473 13315 13472
13315 13473 13474
13328 13475 13469
13475 13328 13318
13318 13474 13475
13474 13318 13315
13345 13476 13406
13477 13407 13478
13407 13477 13404
29599 13478 13407
13478 29599 29608
13479 13411 13480
13481 13345 13346
13477 13408 13404
13408 13477 13480
13342 13340 13422
13327 13346 13343
13482 13327 13483
13457 13319 13484
13319 13457 13322
13485 13343 13453
13362 13486 13458
13488 13410 13489
13410 13488 13487
13488 13489 13490
13492 13493 13316
13493 13492 13491
13489 13411 13470
13411 13489 13410
13434 13361 13494
13493 13470 13472
13470 13493 13489
13472 13316 13493
13316 13472 13315
13494 13495 13434
13495 13320 13321
13320 13495 13496
13487 13409 13410
13409 13487 13431
13482 13492 13317
13368 13465 13424
13424 13367 13368
13367 13424 13462
13497 29607 13467
29607 13497 29609
13467 13349 13497
13349 13467 13498
13500 13349 13498
13349 13500 13499
13461 13465 13371
13497 13350 13501
13350 13497 13349
29610 13497 13501
13497 29610 29609
13384 29594 29597
29595 13383 13464
13386 29595 13464
13417 13347 13348
13452 13447 13451
13447 13452 13450
13502 13345 13406
13468 13346 13328
13324 13504 13503
13505 13324 13503
13324 13505 13323
13325 13506 13366
13326 13499 13325
13344 13507 13453
13508 13343 13485
13344 13502 13507
13509 13377 13378
13377 13509 13354
13510 13380 13451
13380 13510 13379
29590 13377 13354
13377 29590 29593
13380 29605 13451
13380 29593 29605
13450 13347 13436
13376 13354 13509
13354 13376 13352
13510 13451 13447
13482 13484 13319
13484 13482 13483
13508 13323 13505
13323 13508 13485
13453 13323 13485
13453 13351 13326
13501 13350 13511
13512 13501 13511
29610 13501 13512
13444 13370 29611
13370 13444 13369
13369 13444 13445
13430 13442 13373
13442 13430 13431
13487 13362 13431
13361 13362 13487
13487 13488 13361
13494 13361 13488
13490 13496 13494
13496 13490 13491
13320 13491 13492
13491 13320 13496
13319 13492 13482
13492 13319 13320
13511 13405 13512
29611 13402 13444
13402 29611 29598
13387 13386 13464
13390 13381 13382
13381 13390 13387
13396 13382 13455
13382 13396 13390
13455 13399 13396
13399 13455 13395
13433 13395 13330
13395 13433 13399
13330 13432 13433
13432 13330 13331
13331 13460 13432
13460 13331 13333
13391 13463 13429
13391 13428 13392
13428 13391 13429
13357 13428 13427
13428 13357 13392
13427 13356 13357
13356 13427 13426
13356 13459 13401
13459 13356 13426
13423 13401 13459
13401 13423 13443
13465 13443 13423
13443 13465 13461
13441 13440 13461
13435 13486 13360
13441 13461 13372
29595 13386 29596
13463 29597 29591
13351 13507 13350
13502 13511 13507
13345 13481 13476
13513 13510 13514
13365 13504 13324
13499 13500 13506
13460 13458 13486
13480 13411 13408
13385 13386 13387
29601 13385 13446
13435 13460 13486
13490 13494 13488
13463 29591 13359
13445 13373 13374
13373 13445 13430
13403 13430 13445
13430 13403 13412
13343 13508 13327
13412 13408 13409
13403 13404 13412
13359 29592 13416
13350 13507 13511
13349 13499 13351
13344 13345 13502
13481 13346 13468
13434 13495 13342
13490 13493 13491
13490 13489 13493
13479 13471 13411
13327 13482 13317
13506 13325 13499
13388 13389 13419
13428 13413 13414
13434 13360 13361
13364 13342 13495
13347 13452 29604
13327 13328 13346
13403 13444 13402
13402 13407 13404
13333 13458 13460
13442 13458 13334
13441 13442 13334
13440 13441 13334
13352 29589 29590
13434 13435 13360
13494 13496 13495
13486 13362 13360
29600 13353 29606
13463 13393 29597
13503 13456 13457
13505 13457 13484
13505 13484 13483
13483 13327 13508
13387 13464 13381
13384 13393 13391
13391 13393 13463
29612 13480 13477
13480 29612 29613
13478 29612 13477
29612 13478 29614
29614 29608 29615
29608 29614 13478
29616 13481 29617
13481 29616 13476
29617 13468 29618
13468 29617 13481
29618 13469 29619
13469 29618 13468
13469 29620 29619
29620 13469 13475
29621 13475 13474
13475 29621 29620
29622 13474 13473
13474 29622 29621
13473 29623 29622
13471 13479 29623
29624 29623 13479
13479 29613 29624
29613 13479 13480
13473 13471 29623
13466 13467 13437
13467 13466 13498
13498 13515 13500
13500 13516 13506
13516 13500 13515
13506 13516 13366
13513 13365 13366
13514 13504 13365
13514 13456 13504
13456 13514 13448
13363 13456 13449
13449 13364 13363
13364 13449 13436
29607 29602 13437
13375 13515 13466
13376 13515 13375
13515 13376 13516
13509 13516 13376
13517 13509 13378
13379 13513 13517
13513 13379 13510
13436 13449 13450
13447 13448 13514
13450 13452 13347
29606 13353 13438
13456 13448 13449
13373 13442 13441
13461 13371 13372
13362 13442 13431
13442 13362 13458
13503 13504 13456
13365 13513 13514
13511 13502 13405
13368 13374 13371
13368 13371 13465
13508 13505 13483
13505 13503 13457
13325 13365 13324
13453 13507 13351
13326 13351 13499
13375 13466 13438
13498 13466 13515
13517 13516 13509
13517 13378 13379
13492 13316 13317
13369 13445 13374
13346 13345 13344
13453 13326 13323
13447 13514 13510
13513 13366 13517
13516 13517 13366
13456 13363 13322
9456 9460 9459
26255 9635 26746
9208 9213 9209
26428 26430 26768
