stride: 84
first vertex: 0
vertex count: 1920
topology: trianglelist
element[0]:
  SemanticName: POSITION
  SemanticIndex: 0
  Format: R32G32B32_FLOAT
  InputSlot: 0
  AlignedByteOffset: 0
  InputSlotClass: per-vertex
  InstanceDataStepRate: 0
element[1]:
  SemanticName: NORMAL
  SemanticIndex: 0
  Format: R32G32B32_FLOAT
  InputSlot: 0
  AlignedByteOffset: 12
  InputSlotClass: per-vertex
  InstanceDataStepRate: 0
element[2]:
  SemanticName: TANGENT
  SemanticIndex: 0
  Format: R32G32B32A32_FLOAT
  InputSlot: 0
  AlignedByteOffset: 24
  InputSlotClass: per-vertex
  InstanceDataStepRate: 0
element[3]:
  SemanticName: BLENDWEIGHTS
  SemanticIndex: 0
  Format: R32G32B32A32_FLOAT
  InputSlot: 0
  AlignedByteOffset: 40
  InputSlotClass: per-vertex
  InstanceDataStepRate: 0
element[4]:
  SemanticName: BLENDINDICES
  SemanticIndex: 0
  Format: R32G32B32A32_UINT
  InputSlot: 0
  AlignedByteOffset: 56
  InputSlotClass: per-vertex
  InstanceDataStepRate: 0
element[5]:
  SemanticName: COLOR
  SemanticIndex: 0
  Format: R8G8B8A8_UNORM
  InputSlot: 0
  AlignedByteOffset: 72
  InputSlotClass: per-vertex
  InstanceDataStepRate: 0
element[6]:
  SemanticName: TEXCOORD
  SemanticIndex: 0
  Format: R32G32_FLOAT
  InputSlot: 0
  AlignedByteOffset: 76
  InputSlotClass: per-vertex
  InstanceDataStepRate: 0

vertex-data:

vb0[0]+000 POSITION: 0.08000735193490982, 1.8713289499282837, 0.05630442500114441
vb0[0]+012 NORMAL: 0.8799902200698853, -0.006087976042181253, 0.4749527871608734
vb0[0]+024 TANGENT: 0.9674047827720642, 0.04766213893890381, 0.24870920181274414, -1.0
vb0[0]+040 BLENDWEIGHTS: 1.0, 0.0, 0.0, 0.0
vb0[0]+056 BLENDINDICES: 0, 0, 0, 0
vb0[0]+072 COLOR: 1.0, 0.5019607843137255, 0.5019607843137255, 0.30196078431372547
vb0[0]+076 TEXCOORD: 0.6866159439086914, 0.6704176664352417

vb0[1]+000 POSITION: 0.07727666199207306, 1.8762474060058594, 0.06358734518289566
vb0[1]+012 NORMAL: 0.8424838781356812, 0.04119076579809189, 0.5371444821357727
vb0[1]+024 TANGENT: 0.9244301319122314, 0.21704472601413727, 0.31356123089790344, -1.0
vb0[1]+040 BLENDWEIGHTS: 1.0, 0.0, 0.0, 0.0
vb0[1]+056 BLENDINDICES: 0, 0, 0, 0
vb0[1]+072 COLOR: 1.0, 0.5019607843137255, 0.5019607843137255, 0.10196078431372549
vb0[1]+076 TEXCOORD: 0.6779782772064209, 0.6644517779350281

vb0[2]+000 POSITION: 0.07980717718601227, 1.8695719242095947, 0.05748587101697922
vb0[2]+012 NORMAL: 0.8777340650558472, -0.015703488141298294, 0.47889071702957153
vb0[2]+024 TANGENT: 0.8008337020874023, 0.5082778930664062, -0.3167317509651184, -1.0
vb0[2]+040 BLENDWEIGHTS: 0.9980000257492065, 0.0020000000949949026, 0.0, 0.0
vb0[2]+056 BLENDINDICES: 0, 11, 0, 0
vb0[2]+072 COLOR: 1.0, 0.5019607843137255, 0.5019607843137255, 0.0
vb0[2]+076 TEXCOORD: 0.6878938674926758, 0.6683815717697144

vb0[3]+000 POSITION: 0.080917127430439, 1.862946629524231, 0.05217449367046356
vb0[3]+012 NORMAL: 0.8540101051330566, -0.1205340325832367, 0.5061010718345642
vb0[3]+024 TANGENT: 0.81586092710495, 0.33101940155029297, -0.47412770986557007, -1.0
vb0[3]+040 BLENDWEIGHTS: 1.0, 0.0, 0.0, 0.0
vb0[3]+056 BLENDINDICES: 0, 0, 0, 0
vb0[3]+072 COLOR: 1.0, 0.5019607843137255, 0.5019607843137255, 0.0
vb0[3]+076 TEXCOORD: 0.6972436904907227, 0.670660674571991

vb0[4]+000 POSITION: 0.08171110600233078, 1.8662339448928833, 0.048394497483968735
vb0[4]+012 NORMAL: 0.9070722460746765, -0.034781232476234436, 0.4195355474948883
vb0[4]+024 TANGENT: 0.9778098464012146, 0.0345611572265625, 0.20662391185760498, -1.0
vb0[4]+040 BLENDWEIGHTS: 1.0, 0.0, 0.0, 0.0
vb0[4]+056 BLENDINDICES: 0, 0, 0, 0
vb0[4]+072 COLOR: 1.0, 0.5019607843137255, 0.5019607843137255, 0.30196078431372547
vb0[4]+076 TEXCOORD: 0.6958317756652832, 0.6762186288833618

vb0[5]+000 POSITION: 0.0831441879272461, 1.855254888534546, 0.04452051222324371
vb0[5]+012 NORMAL: 0.8756741285324097, -0.16667065024375916, 0.4532281160354614
vb0[5]+024 TANGENT: 0.8957850933074951, -0.1416875720024109, 0.42130008339881897, -1.0
vb0[5]+040 BLENDWEIGHTS: 1.0, 0.0, 0.0, 0.0
vb0[5]+056 BLENDINDICES: 0, 0, 0, 0
vb0[5]+072 COLOR: 1.0, 0.5019607843137255, 0.5019607843137255, 0.5019607843137255
vb0[5]+076 TEXCOORD: 0.7091717720031738, 0.6747437119483948

vb0[6]+000 POSITION: 0.07449567317962646, 1.8555059432983398, 0.05486267805099487
vb0[6]+012 NORMAL: 0.7571929097175598, -0.2430250644683838, 0.6062983870506287
vb0[6]+024 TANGENT: 0.6033627986907959, -0.4211917817592621, 0.67716383934021, -1.0
vb0[6]+040 BLENDWEIGHTS: 0.921999990940094, 0.07800000160932541, 0.0, 0.0
vb0[6]+056 BLENDINDICES: 0, 7, 0, 0
vb0[6]+072 COLOR: 1.0, 0.5019607843137255, 0.5019607843137255, 0.5019607843137255
vb0[6]+076 TEXCOORD: 0.7029409408569336, 0.6606926321983337

vb0[7]+000 POSITION: 0.07542286068201065, 1.8505939245224, 0.050922878086566925
vb0[7]+012 NORMAL: 0.7728720307350159, -0.28223755955696106, 0.5683402419090271
vb0[7]+024 TANGENT: 0.6769823431968689, -0.3560878038406372, 0.6441245079040527, -1.0
vb0[7]+040 BLENDWEIGHTS: 0.953000009059906, 0.04699999839067459, 0.0, 0.0
vb0[7]+056 BLENDINDICES: 0, 7, 0, 0
vb0[7]+072 COLOR: 1.0, 0.5019607843137255, 0.5019607843137255, 0.5019607843137255
vb0[7]+076 TEXCOORD: 0.7099366188049316, 0.6621807217597961

vb0[8]+000 POSITION: 0.07678253203630447, 1.8456569910049438, 0.04677813872694969
vb0[8]+012 NORMAL: 0.7962511777877808, -0.3048939108848572, 0.5225167274475098
vb0[8]+024 TANGENT: 0.7306410074234009, -0.3307182788848877, 0.5973182916641235, -1.0
vb0[8]+040 BLENDWEIGHTS: 0.9760000109672546, 0.024000000208616257, 0.0, 0.0
vb0[8]+056 BLENDINDICES: 0, 7, 0, 0
vb0[8]+072 COLOR: 1.0, 0.5019607843137255, 0.5019607843137255, 0.2
vb0[8]+076 TEXCOORD: 0.7170319557189941, 0.6640906929969788

vb0[9]+000 POSITION: 0.08571389317512512, 1.8494919538497925, 0.03786417841911316
vb0[9]+012 NORMAL: 0.9033417105674744, -0.1880151927471161, 0.38551780581474304
vb0[9]+024 TANGENT: 0.9147480130195618, -0.08636611700057983, 0.394685834646225, -1.0
vb0[9]+040 BLENDWEIGHTS: 0.9570000171661377, 0.0430000014603138, 0.0, 0.0
vb0[9]+056 BLENDINDICES: 0, 11, 0, 0
vb0[9]+072 COLOR: 1.0, 0.5019607843137255, 0.5019607843137255, 0.5019607843137255
vb0[9]+076 TEXCOORD: 0.7187919616699219, 0.67903071641922

vb0[10]+000 POSITION: 0.07897651195526123, 1.8395229578018188, 0.03996957838535309
vb0[10]+012 NORMAL: 0.8094428181648254, -0.35565313696861267, 0.46724000573158264
vb0[10]+024 TANGENT: 0.09849710017442703, -0.7266635894775391, 0.6798958778381348, -1.0
vb0[10]+040 BLENDWEIGHTS: 0.9769999980926514, 0.023000000044703484, 0.0, 0.0
vb0[10]+056 BLENDINDICES: 0, 11, 0, 0
vb0[10]+072 COLOR: 1.0, 0.5019607843137255, 0.5019607843137255, 0.5019607843137255
vb0[10]+076 TEXCOORD: 0.7267665863037109, 0.6677806973457336

vb0[11]+000 POSITION: 0.07438050210475922, 1.8582651615142822, 0.057045139372348785
vb0[11]+012 NORMAL: 0.7539480328559875, -0.2381458878517151, 0.6122490763664246
vb0[11]+024 TANGENT: 0.5649081468582153, -0.7928708791732788, -0.22854872047901154, -1.0
vb0[11]+040 BLENDWEIGHTS: 0.9279999732971191, 0.07199999690055847, 0.0, 0.0
vb0[11]+056 BLENDINDICES: 0, 7, 0, 0
vb0[11]+072 COLOR: 1.0, 0.5019607843137255, 0.5019607843137255, 0.0
vb0[11]+076 TEXCOORD: 0.6990017890930176, 0.6601818203926086

vb0[12]+000 POSITION: 0.08369650691747665, 1.8606079816818237, 0.039800409227609634
vb0[12]+012 NORMAL: 0.9331443905830383, -0.06011326611042023, 0.3544403910636902
vb0[12]+024 TANGENT: 0.9775826334953308, 0.10732699930667877, 0.18114425241947174, -1.0
vb0[12]+040 BLENDWEIGHTS: 1.0, 0.0, 0.0, 0.0
vb0[12]+056 BLENDINDICES: 0, 0, 0, 0
vb0[12]+072 COLOR: 1.0, 0.5019607843137255, 0.5019607843137255, 0.30196078431372547
vb0[12]+076 TEXCOORD: 0.7061276435852051, 0.682232677936554

vb0[13]+000 POSITION: 0.08504384011030197, 1.8561909198760986, 0.031940560787916183
vb0[13]+012 NORMAL: 0.9585590362548828, -0.05511525645852089, 0.27951186895370483
vb0[13]+024 TANGENT: 0.9550948143005371, 0.29360079765319824, 0.03990626335144043, -1.0
vb0[13]+040 BLENDWEIGHTS: 1.0, 0.0, 0.0, 0.0
vb0[13]+056 BLENDINDICES: 0, 0, 0, 0
vb0[13]+072 COLOR: 1.0, 0.5019607843137255, 0.5019607843137255, 0.10196078431372549
vb0[13]+076 TEXCOORD: 0.7146139144897461, 0.6881757378578186

vb0[14]+000 POSITION: 0.08805210143327713, 1.8449459075927734, 0.0323173888027668
vb0[14]+012 NORMAL: 0.9051716923713684, -0.22121357917785645, 0.36294445395469666
vb0[14]+024 TANGENT: 0.9056031107902527, -0.02797323279082775, 0.4232025742530823, -1.0
vb0[14]+040 BLENDWEIGHTS: 0.8330000042915344, 0.16699999570846558, 0.0, 0.0
vb0[14]+056 BLENDINDICES: 0, 11, 0, 0
vb0[14]+072 COLOR: 1.0, 0.5019607843137255, 0.5019607843137255, 0.5019607843137255
vb0[14]+076 TEXCOORD: 0.7266240119934082, 0.6828086972236633

vb0[15]+000 POSITION: 0.08672813326120377, 1.8508155345916748, 0.02668880857527256
vb0[15]+012 NORMAL: 0.9810555577278137, -0.027238065376877785, 0.19180214405059814
vb0[15]+024 TANGENT: 0.8240945339202881, 0.5414042472839355, -0.1665824055671692, -1.0
vb0[15]+040 BLENDWEIGHTS: 0.9710000157356262, 0.028999999165534973, 0.0, 0.0
vb0[15]+056 BLENDINDICES: 0, 11, 0, 0
vb0[15]+072 COLOR: 1.0, 0.5019607843137255, 0.5019607843137255, 0.5019607843137255
vb0[15]+076 TEXCOORD: 0.7227742671966553, 0.6915292739868164

vb0[16]+000 POSITION: 0.09115379303693771, 1.8405649662017822, 0.026261938735842705
vb0[16]+012 NORMAL: 0.9023178219795227, -0.2586030662059784, 0.34488677978515625
vb0[16]+024 TANGENT: 0.8740813136100769, 0.025402547791600227, 0.48511508107185364, -1.0
vb0[16]+040 BLENDWEIGHTS: 0.6359999775886536, 0.36399999260902405, 0.0, 0.0
vb0[16]+056 BLENDINDICES: 0, 11, 0, 0
vb0[16]+072 COLOR: 1.0, 0.5019607843137255, 0.5019607843137255, 0.5019607843137255
vb0[16]+076 TEXCOORD: 0.7348837852478027, 0.6870318055152893

vb0[17]+000 POSITION: 0.08458005636930466, 1.8317790031433105, 0.028707779943943024
vb0[17]+012 NORMAL: 0.8385257124900818, -0.36272889375686646, 0.4065738022327423
vb0[17]+024 TANGENT: 0.13058125972747803, -0.875569760799408, 0.4651086628437042, -1.0
vb0[17]+040 BLENDWEIGHTS: 0.7879999876022339, 0.21199999749660492, 0.0, 0.0
vb0[17]+056 BLENDINDICES: 0, 11, 0, 0
vb0[17]+072 COLOR: 1.0, 0.5019607843137255, 0.5019607843137255, 0.5019607843137255
vb0[17]+076 TEXCOORD: 0.7407426834106445, 0.6755568385124207

vb0[18]+000 POSITION: 0.08113573491573334, 1.8355928659439087, 0.03506829962134361
vb0[18]+012 NORMAL: 0.8169783353805542, -0.36224985122680664, 0.4486885368824005
vb0[18]+024 TANGENT: 0.1680130511522293, -0.7637562155723572, 0.6232560276985168, -1.0
vb0[18]+040 BLENDWEIGHTS: 0.9359999895095825, 0.06400000303983688, 0.0, 0.0
vb0[18]+056 BLENDINDICES: 0, 11, 0, 0
vb0[18]+072 COLOR: 1.0, 0.5019607843137255, 0.5019607843137255, 0.5019607843137255
vb0[18]+076 TEXCOORD: 0.7333178520202637, 0.6708057522773743

vb0[19]+000 POSITION: 0.09010670334100723, 1.8456449508666992, 0.021360279992222786
vb0[19]+012 NORMAL: 0.9907758831977844, -0.01066843792796135, 0.13509050011634827
vb0[19]+024 TANGENT: 0.7490224242210388, 0.6569987535476685, -0.08554577082395554, -1.0
vb0[19]+040 BLENDWEIGHTS: 0.7300000190734863, 0.27000001072883606, 0.0, 0.0
vb0[19]+056 BLENDINDICES: 0, 11, 0, 0
vb0[19]+072 COLOR: 1.0, 0.5019607843137255, 0.5019607843137255, 0.5019607843137255
vb0[19]+076 TEXCOORD: 0.7318019866943359, 0.6947017312049866

vb0[20]+000 POSITION: 0.08962590247392654, 1.8291549682617188, 0.02231558971107006
vb0[20]+012 NORMAL: 0.8594189882278442, -0.3547534644603729, 0.36816996335983276
vb0[20]+024 TANGENT: 0.18573148548603058, -0.8949640393257141, 0.40563932061195374, -1.0
vb0[20]+040 BLENDWEIGHTS: 0.5680000185966492, 0.4320000112056732, 0.0, 0.0
vb0[20]+056 BLENDINDICES: 0, 11, 0, 0
vb0[20]+072 COLOR: 1.0, 0.5019607843137255, 0.5019607843137255, 0.5019607843137255
vb0[20]+076 TEXCOORD: 0.7475166320800781, 0.6815257668495178

vb0[21]+000 POSITION: 0.09431692957878113, 1.837615966796875, 0.020987169817090034
vb0[21]+012 NORMAL: 0.9115952253341675, -0.2571055293083191, 0.3207659125328064
vb0[21]+024 TANGENT: 0.8439165353775024, 0.08402062207460403, 0.5298542380332947, -1.0
vb0[21]+040 BLENDWEIGHTS: 0.5410000085830688, 0.45899999141693115, 0.0, 0.0
vb0[21]+056 BLENDINDICES: 11, 0, 0, 0
vb0[21]+072 COLOR: 1.0, 0.5019607843137255, 0.5019607843137255, 0.5019607843137255
vb0[21]+076 TEXCOORD: 0.7416396141052246, 0.6909917593002319

vb0[22]+000 POSITION: 0.09376096725463867, 1.8416118621826172, 0.016928039491176605
vb0[22]+012 NORMAL: 0.9941686391830444, -0.013641870580613613, 0.1069701537489891
vb0[22]+024 TANGENT: 0.7165250778198242, 0.6966438293457031, -0.035764988511800766, -1.0
vb0[22]+040 BLENDWEIGHTS: 0.5329999923706055, 0.46700000762939453, 0.0, 0.0
vb0[22]+056 BLENDINDICES: 0, 11, 0, 0
vb0[22]+072 COLOR: 1.0, 0.5019607843137255, 0.5019607843137255, 0.5019607843137255
vb0[22]+076 TEXCOORD: 0.7396178245544434, 0.6972846984863281

vb0[23]+000 POSITION: 0.08837615698575974, 1.8418558835983276, 0.010946759954094887
vb0[23]+012 NORMAL: 0.9992019534111023, 0.007800226099789143, -0.03917486593127251
vb0[23]+024 TANGENT: -0.09145569801330566, 0.4966621398925781, -0.8631121516227722, -1.0
vb0[23]+040 BLENDWEIGHTS: 0.5609999895095825, 0.4390000104904175, 0.0, 0.0
vb0[23]+056 BLENDINDICES: 0, 11, 0, 0
vb0[23]+072 COLOR: 1.0, 0.5019607843137255, 0.5019607843137255, 0.5019607843137255
vb0[23]+076 TEXCOORD: 0.7377018928527832, 0.7064287662506104

vb0[24]+000 POSITION: 0.08355244249105453, 1.846121072769165, 0.013528939336538315
vb0[24]+012 NORMAL: 0.99955815076828, 0.028997236862778664, 0.00653494568541646
vb0[24]+024 TANGENT: -0.08110702782869339, 0.4956108629703522, -0.8647494316101074, -1.0
vb0[24]+040 BLENDWEIGHTS: 0.7519999742507935, 0.24799999594688416, 0.0, 0.0
vb0[24]+056 BLENDINDICES: 0, 11, 0, 0
vb0[24]+072 COLOR: 1.0, 0.5019607843137255, 0.5019607843137255, 0.5019607843137255
vb0[24]+076 TEXCOORD: 0.7298479080200195, 0.7063899040222168

vb0[25]+000 POSITION: 0.09835954755544662, 1.8342739343643188, 0.01565948873758316
vb0[25]+012 NORMAL: 0.9163470268249512, -0.26213547587394714, 0.30264368653297424
vb0[25]+024 TANGENT: 0.8135808110237122, 0.09259414672851562, 0.5740318298339844, -1.0
vb0[25]+040 BLENDWEIGHTS: 0.7110000252723694, 0.289000004529953, 0.0, 0.0
vb0[25]+056 BLENDINDICES: 11, 0, 0, 0
vb0[25]+072 COLOR: 1.0, 0.5019607843137255, 0.5019607843137255, 0.5019607843137255
vb0[25]+076 TEXCOORD: 0.7493505477905273, 0.6946757435798645

vb0[26]+000 POSITION: 0.09753189980983734, 1.8378050327301025, 0.012622679583728313
vb0[26]+012 NORMAL: 0.9965429902076721, -0.011435729451477528, 0.0822877436876297
vb0[26]+024 TANGENT: 0.6659039258956909, 0.7460265755653381, 0.004017710220068693, -1.0
vb0[26]+040 BLENDWEIGHTS: 0.6470000147819519, 0.3529999852180481, 0.0, 0.0
vb0[26]+056 BLENDINDICES: 11, 0, 0, 0
vb0[26]+072 COLOR: 1.0, 0.5019607843137255, 0.5019607843137255, 0.5019607843137255
vb0[26]+076 TEXCOORD: 0.7472958564758301, 0.699725866317749

vb0[27]+000 POSITION: 0.10156659781932831, 1.8347219228744507, 0.008554589934647083
vb0[27]+012 NORMAL: 0.9965879917144775, -0.001700286171399057, 0.08251991868019104
vb0[27]+024 TANGENT: 0.5941564440727234, 0.8022410869598389, 0.05820227414369583, -1.0
vb0[27]+040 BLENDWEIGHTS: 0.7900000214576721, 0.20999999344348907, 0.0, 0.0
vb0[27]+056 BLENDINDICES: 11, 0, 0, 0
vb0[27]+072 COLOR: 1.0, 0.5019607843137255, 0.5019607843137255, 0.4
vb0[27]+076 TEXCOORD: 0.7546195983886719, 0.7017658948898315

vb0[28]+000 POSITION: 0.1024458035826683, 1.8318299055099487, 0.010706160217523575
vb0[28]+012 NORMAL: 0.9258633255958557, -0.26211753487586975, 0.2721608579158783
vb0[28]+024 TANGENT: 0.7856165766716003, 0.08388638496398926, 0.6130004525184631, -1.0
vb0[28]+040 BLENDWEIGHTS: 0.8389999866485596, 0.16099999845027924, 0.0, 0.0
vb0[28]+056 BLENDINDICES: 11, 0, 0, 0
vb0[28]+072 COLOR: 1.0, 0.5019607843137255, 0.5019607843137255, 0.4
vb0[28]+076 TEXCOORD: 0.7563595771789551, 0.6979167461395264

vb0[29]+000 POSITION: 0.10011090338230133, 1.8274478912353516, 0.010766420513391495
vb0[29]+012 NORMAL: 0.8831608295440674, -0.3729354441165924, 0.28450995683670044
vb0[29]+024 TANGENT: 0.258683979511261, -0.9188580513000488, 0.29796385765075684, -1.0
vb0[29]+040 BLENDWEIGHTS: 0.7730000019073486, 0.22699999809265137, 0.0, 0.0
vb0[29]+056 BLENDINDICES: 11, 0, 0, 0
vb0[29]+072 COLOR: 1.0, 0.5019607843137255, 0.5019607843137255, 0.4
vb0[29]+076 TEXCOORD: 0.7588620185852051, 0.6929797530174255

vb0[30]+000 POSITION: 0.0948314368724823, 1.8279088735580444, 0.016436640173196793
vb0[30]+012 NORMAL: 0.8748553395271301, -0.35511988401412964, 0.3294207453727722
vb0[30]+024 TANGENT: 0.23555265367031097, -0.904449462890625, 0.3556486964225769, -1.0
vb0[30]+040 BLENDWEIGHTS: 0.6150000095367432, 0.38499999046325684, 0.0, 0.0
vb0[30]+056 BLENDINDICES: 11, 0, 0, 0
vb0[30]+072 COLOR: 1.0, 0.5019607843137255, 0.5019607843137255, 0.5019607843137255
vb0[30]+076 TEXCOORD: 0.753267765045166, 0.6874257922172546

vb0[31]+000 POSITION: 0.09883185476064682, 1.834678053855896, 0.005340329837054014
vb0[31]+012 NORMAL: 0.9964381456375122, 0.02525268867611885, -0.08045779168605804
vb0[31]+024 TANGENT: -0.14400815963745117, 0.5872250199317932, -0.7965102195739746, -1.0
vb0[31]+040 BLENDWEIGHTS: 0.7580000162124634, 0.24199999868869781, 0.0, 0.0
vb0[31]+056 BLENDINDICES: 11, 0, 0, 0
vb0[31]+072 COLOR: 1.0, 0.5019607843137255, 0.5019607843137255, 0.4
vb0[31]+076 TEXCOORD: 0.7536416053771973, 0.7065068483352661

vb0[32]+000 POSITION: 0.09355393052101135, 1.8378009796142578, 0.00825536996126175
vb0[32]+012 NORMAL: 0.9984118938446045, 0.012046288698911667, -0.05503330007195473
vb0[32]+024 TANGENT: -0.11920821666717529, 0.5303555727005005, -0.8393523097038269, -1.0
vb0[32]+040 BLENDWEIGHTS: 0.6119999885559082, 0.3880000114440918, 0.0, 0.0
vb0[32]+056 BLENDINDICES: 11, 0, 0, 0
vb0[32]+072 COLOR: 1.0, 0.5019607843137255, 0.5019607843137255, 0.5019607843137255
vb0[32]+076 TEXCOORD: 0.7458209991455078, 0.706467866897583

vb0[33]+000 POSITION: 0.10573690384626389, 1.8324599266052246, 0.004716669674962759
vb0[33]+012 NORMAL: 0.9978511333465576, 0.009669163264334202, 0.06480461359024048
vb0[33]+024 TANGENT: 0.5099643468856812, 0.8553274869918823, 0.0913851261138916, -1.0
vb0[33]+040 BLENDWEIGHTS: 0.8920000195503235, 0.1080000028014183, 0.0, 0.0
vb0[33]+056 BLENDINDICES: 11, 0, 0, 0
vb0[33]+072 COLOR: 1.0, 0.5019607843137255, 0.5019607843137255, 0.30196078431372547
vb0[33]+076 TEXCOORD: 0.7614707946777344, 0.7035188674926758

vb0[34]+000 POSITION: 0.10642129927873611, 1.8302369117736816, 0.006327389739453793
vb0[34]+012 NORMAL: 0.9308593273162842, -0.26951083540916443, 0.24670785665512085
vb0[34]+024 TANGENT: 0.7602611184120178, 0.03867781162261963, 0.6484651565551758, -1.0
vb0[34]+040 BLENDWEIGHTS: 0.9190000295639038, 0.08100000023841858, 0.0, 0.0
vb0[34]+056 BLENDINDICES: 11, 0, 0, 0
vb0[34]+072 COLOR: 1.0, 0.5019607843137255, 0.5019607843137255, 0.30196078431372547
vb0[34]+076 TEXCOORD: 0.7625918388366699, 0.7005938291549683

vb0[35]+000 POSITION: 0.11062569171190262, 1.8294439315795898, 0.0017941599944606423
vb0[35]+012 NORMAL: 0.933894157409668, -0.2737405300140381, 0.23001708090305328
vb0[35]+024 TANGENT: 0.733830988407135, 0.028339624404907227, 0.6787406206130981, -1.0
vb0[35]+040 BLENDWEIGHTS: 0.9670000076293945, 0.032999999821186066, 0.0, 0.0
vb0[35]+056 BLENDINDICES: 11, 0, 0, 0
vb0[35]+072 COLOR: 1.0, 0.5019607843137255, 0.5019607843137255, 0.2
vb0[35]+076 TEXCOORD: 0.7688717842102051, 0.7033798694610596

vb0[36]+000 POSITION: 0.10974609851837158, 1.8280179500579834, 0.001220869948156178
vb0[36]+012 NORMAL: 0.8759973049163818, -0.43706652522087097, 0.2039647102355957
vb0[36]+024 TANGENT: 0.2496815323829651, -0.9538162350654602, 0.1670137643814087, -1.0
vb0[36]+040 BLENDWEIGHTS: 0.9580000042915344, 0.041999999433755875, 0.0, 0.0
vb0[36]+056 BLENDINDICES: 11, 0, 0, 0
vb0[36]+072 COLOR: 1.0, 0.5019607843137255, 0.5019607843137255, 0.2
vb0[36]+076 TEXCOORD: 0.7696819305419922, 0.701589822769165

vb0[37]+000 POSITION: 0.10486309975385666, 1.8275798559188843, 0.00578235974535346
vb0[37]+012 NORMAL: 0.881872296333313, -0.4059852063655853, 0.23974406719207764
vb0[37]+024 TANGENT: 0.2509590983390808, -0.9403459429740906, 0.2297152429819107, -1.0
vb0[37]+040 BLENDWEIGHTS: 0.8840000033378601, 0.11599999666213989, 0.0, 0.0
vb0[37]+056 BLENDINDICES: 11, 0, 0, 0
vb0[37]+072 COLOR: 1.0, 0.5019607843137255, 0.5019607843137255, 0.30196078431372547
vb0[37]+076 TEXCOORD: 0.7641177177429199, 0.6974947452545166

vb0[38]+000 POSITION: 0.11014389991760254, 1.8305180072784424, 0.000958039949182421
vb0[38]+012 NORMAL: 0.9981756210327148, 0.02461089752614498, 0.05513395741581917
vb0[38]+024 TANGENT: 0.4210203289985657, 0.8973513245582581, 0.13229654729366302, -1.0
vb0[38]+040 BLENDWEIGHTS: 0.9580000042915344, 0.041999999433755875, 0.0, 0.0
vb0[38]+056 BLENDINDICES: 11, 0, 0, 0
vb0[38]+072 COLOR: 1.0, 0.5019607843137255, 0.5019607843137255, 0.2
vb0[38]+076 TEXCOORD: 0.7683539390563965, 0.7048828601837158

vb0[39]+000 POSITION: 0.1091654971241951, 1.8303279876708984, -0.00026411001454107463
vb0[39]+012 NORMAL: 0.9906960725784302, 0.05107443034648895, -0.1261458545923233
vb0[39]+024 TANGENT: -0.2092961072921753, 0.6496901512145996, -0.7308200001716614, -1.0
vb0[39]+040 BLENDWEIGHTS: 0.953000009059906, 0.04699999839067459, 0.0, 0.0
vb0[39]+056 BLENDINDICES: 11, 0, 0, 0
vb0[39]+072 COLOR: 1.0, 0.5019607843137255, 0.5019607843137255, 0.2
vb0[39]+076 TEXCOORD: 0.7680425643920898, 0.7065768241882324

vb0[40]+000 POSITION: 0.10387679934501648, 1.8320919275283813, 0.002698819851502776
vb0[40]+012 NORMAL: 0.994327962398529, 0.03799278289079666, -0.09934011846780777
vb0[40]+024 TANGENT: -0.18104566633701324, 0.6192354559898376, -0.7640484571456909, -1.0
vb0[40]+040 BLENDWEIGHTS: 0.8679999709129333, 0.13199999928474426, 0.0, 0.0
vb0[40]+056 BLENDINDICES: 11, 0, 0, 0
vb0[40]+072 COLOR: 1.0, 0.5019607843137255, 0.5019607843137255, 0.30196078431372547
vb0[40]+076 TEXCOORD: 0.7608518600463867, 0.7065408229827881

vb0[41]+000 POSITION: 0.11593209952116013, 1.8289389610290527, -0.0036122098099440336
vb0[41]+012 NORMAL: 0.9799275398254395, -0.12361425161361694, 0.15640154480934143
vb0[41]+024 TANGENT: 0.8228546380996704, -0.05688357725739479, -0.5653976798057556, -1.0
vb0[41]+040 BLENDWEIGHTS: 1.0, 0.0, 0.0, 0.0
vb0[41]+056 BLENDINDICES: 11, 0, 0, 0
vb0[41]+072 COLOR: 1.0, 0.5019607843137255, 0.5019607843137255, 0.10196078431372549
vb0[41]+076 TEXCOORD: 0.7766857147216797, 0.7066189050674438

vb0[42]+000 POSITION: 0.0757492408156395, 1.8385009765625, 0.04525907710194588
vb0[42]+012 NORMAL: 0.8099079728126526, -0.3209417462348938, 0.49096378684043884
vb0[42]+024 TANGENT: 0.8433906435966492, -0.23009471595287323, 0.4855395257472992, -1.0
vb0[42]+040 BLENDWEIGHTS: 0.9649999737739563, 0.03500000014901161, 0.0, 0.0
vb0[42]+056 BLENDINDICES: 0, 7, 0, 0
vb0[42]+072 COLOR: 1.0, 0.5019607843137255, 0.5019607843137255, 0.5019607843137255
vb0[42]+076 TEXCOORD: 0.38191962242126465, 0.6874881982803345

vb0[43]+000 POSITION: 0.0693720206618309, 1.8417778015136719, 0.05282672122120857
vb0[43]+012 NORMAL: 0.7264194488525391, -0.31745487451553345, 0.6095384955406189
vb0[43]+024 TANGENT: -0.3152827024459839, -0.28890034556388855, 0.903954267501831, -1.0
vb0[43]+040 BLENDWEIGHTS: 0.9679999947547913, 0.03200000151991844, 0.0, 0.0
vb0[43]+056 BLENDINDICES: 0, 7, 0, 0
vb0[43]+072 COLOR: 1.0, 0.5019607843137255, 0.5019607843137255, 0.4
vb0[43]+076 TEXCOORD: 0.3935675621032715, 0.6902850270271301

vb0[44]+000 POSITION: 0.06914038211107254, 1.836369276046753, 0.051090601831674576
vb0[44]+012 NORMAL: 0.7289993762969971, -0.3299280107021332, 0.599756121635437
vb0[44]+024 TANGENT: -0.293840616941452, -0.22464458644390106, 0.9290814995765686, -1.0
vb0[44]+040 BLENDWEIGHTS: 0.9610000252723694, 0.039000000804662704, 0.0, 0.0
vb0[44]+056 BLENDINDICES: 0, 7, 0, 0
vb0[44]+072 COLOR: 1.0, 0.5019607843137255, 0.5019607843137255, 0.5019607843137255
vb0[44]+076 TEXCOORD: 0.3917539119720459, 0.6837277412414551

vb0[45]+000 POSITION: 0.07678253203630447, 1.8456569910049438, 0.04677813872694969
vb0[45]+012 NORMAL: 0.7962511777877808, -0.3048939108848572, 0.5225167274475098
vb0[45]+024 TANGENT: 0.7306410074234009, -0.3307182788848877, 0.5973182916641235, -1.0
vb0[45]+040 BLENDWEIGHTS: 0.9760000109672546, 0.024000000208616257, 0.0, 0.0
vb0[45]+056 BLENDINDICES: 0, 7, 0, 0
vb0[45]+072 COLOR: 1.0, 0.5019607843137255, 0.5019607843137255, 0.2
vb0[45]+076 TEXCOORD: 0.38306617736816406, 0.6957643032073975

vb0[46]+000 POSITION: 0.07779853045940399, 1.8394389152526855, 0.038234010338783264
vb0[46]+012 NORMAL: 0.8751333951950073, -0.3081645667552948, 0.37306299805641174
vb0[46]+024 TANGENT: 0.3629665970802307, -0.7155247926712036, 0.5968915224075317, -1.0
vb0[46]+040 BLENDWEIGHTS: 0.9769999980926514, 0.023000000044703484, 0.0, 0.0
vb0[46]+056 BLENDINDICES: 0, 11, 0, 0
vb0[46]+072 COLOR: 1.0, 0.5019607843137255, 0.5019607843137255, 0.0
vb0[46]+076 TEXCOORD: 0.37358784675598145, 0.6888789534568787

vb0[47]+000 POSITION: 0.07654958963394165, 1.8322348594665527, 0.03790460154414177
vb0[47]+012 NORMAL: 0.8598722219467163, -0.3211802542209625, 0.396816223859787
vb0[47]+024 TANGENT: 0.8777259588241577, -0.20740264654159546, 0.43195053935050964, -1.0
vb0[47]+040 BLENDWEIGHTS: 0.9380000233650208, 0.06199999898672104, 0.0, 0.0
vb0[47]+056 BLENDINDICES: 0, 7, 0, 0
vb0[47]+072 COLOR: 1.0, 0.5019607843137255, 0.5019607843137255, 0.5019607843137255
vb0[47]+076 TEXCOORD: 0.3735833168029785, 0.6805703043937683

vb0[48]+000 POSITION: 0.07858283072710037, 1.832108974456787, 0.034719549119472504
vb0[48]+012 NORMAL: 0.893310010433197, -0.3119538426399231, 0.3235461413860321
vb0[48]+024 TANGENT: 0.9820076823234558, -0.17961658537387848, 0.05830086022615433, -1.0
vb0[48]+040 BLENDWEIGHTS: 0.949999988079071, 0.05000000074505806, 0.0, 0.0
vb0[48]+056 BLENDINDICES: 0, 7, 0, 0
vb0[48]+072 COLOR: 1.0, 0.5019607843137255, 0.5019607843137255, 0.30196078431372547
vb0[48]+076 TEXCOORD: 0.36923646926879883, 0.6809682250022888

vb0[49]+000 POSITION: 0.0754907950758934, 1.8264058828353882, 0.03682689741253853
vb0[49]+012 NORMAL: 0.8491180539131165, -0.3211873471736908, 0.41932961344718933
vb0[49]+024 TANGENT: 0.8336083292961121, -0.22747573256492615, 0.5033408999443054, -1.0
vb0[49]+040 BLENDWEIGHTS: 0.8759999871253967, 0.12399999797344208, 0.0, 0.0
vb0[49]+056 BLENDINDICES: 0, 7, 0, 0
vb0[49]+072 COLOR: 1.0, 0.5019607843137255, 0.5019607843137255, 0.5019607843137255
vb0[49]+076 TEXCOORD: 0.3724644184112549, 0.6738527417182922

vb0[50]+000 POSITION: 0.07794033735990524, 1.826475977897644, 0.034248508512973785
vb0[50]+012 NORMAL: 0.8962752819061279, -0.30270546674728394, 0.32412949204444885
vb0[50]+024 TANGENT: 0.9857757091522217, -0.14202328026294708, 0.08986533433198929, -1.0
vb0[50]+040 BLENDWEIGHTS: 0.8899999856948853, 0.10999999940395355, 0.0, 0.0
vb0[50]+056 BLENDINDICES: 0, 7, 0, 0
vb0[50]+072 COLOR: 1.0, 0.5019607843137255, 0.5019607843137255, 0.30196078431372547
vb0[50]+076 TEXCOORD: 0.3687567710876465, 0.6747207641601562

vb0[51]+000 POSITION: 0.07684590667486191, 1.8316489458084106, 0.03182905912399292
vb0[51]+012 NORMAL: 0.9327222108840942, -0.3435962498188019, 0.1094115599989891
vb0[51]+024 TANGENT: 0.8278074860572815, -0.16455388069152832, -0.5363364815711975, -1.0
vb0[51]+040 BLENDWEIGHTS: 0.9620000123977661, 0.03799999877810478, 0.0, 0.0
vb0[51]+056 BLENDINDICES: 0, 7, 0, 0
vb0[51]+072 COLOR: 1.0, 0.5019607843137255, 0.5019607843137255, 0.30196078431372547
vb0[51]+076 TEXCOORD: 0.36538171768188477, 0.6801100969314575

vb0[52]+000 POSITION: 0.07913914322853088, 1.8360718488693237, 0.034098170697689056
vb0[52]+012 NORMAL: 0.9252368211746216, -0.33290842175483704, 0.18195824325084686
vb0[52]+024 TANGENT: 0.34480348229408264, -0.9050477743148804, 0.24899637699127197, -1.0
vb0[52]+040 BLENDWEIGHTS: 0.9769999980926514, 0.023000000044703484, 0.0, 0.0
vb0[52]+056 BLENDINDICES: 0, 11, 0, 0
vb0[52]+072 COLOR: 1.0, 0.5019607843137255, 0.5019607843137255, 0.0
vb0[52]+076 TEXCOORD: 0.3684577941894531, 0.6855216026306152

vb0[53]+000 POSITION: 0.07326962798833847, 1.8375779390335083, 0.023148249834775925
vb0[53]+012 NORMAL: 0.9360960721969604, -0.34937530755996704, 0.040755074471235275
vb0[53]+024 TANGENT: -0.6170108914375305, -0.3802065849304199, -0.6890142560005188, -1.0
vb0[53]+040 BLENDWEIGHTS: 1.0, 0.0, 0.0, 0.0
vb0[53]+056 BLENDINDICES: 0, 0, 0, 0
vb0[53]+072 COLOR: 1.0, 0.5019607843137255, 0.5019607843137255, 0.10196078431372549
vb0[53]+076 TEXCOORD: 0.35393476486206055, 0.6858107447624207

vb0[54]+000 POSITION: 0.07250645756721497, 1.83309006690979, 0.02445324882864952
vb0[54]+012 NORMAL: 0.9322149753570557, -0.35546350479125977, 0.06797848641872406
vb0[54]+024 TANGENT: 0.052393972873687744, -0.23313993215560913, -0.9710307121276855, -1.0
vb0[54]+040 BLENDWEIGHTS: 0.9890000224113464, 0.010999999940395355, 0.0, 0.0
vb0[54]+056 BLENDINDICES: 0, 7, 0, 0
vb0[54]+072 COLOR: 1.0, 0.5019607843137255, 0.5019607843137255, 0.30196078431372547
vb0[54]+076 TEXCOORD: 0.35540270805358887, 0.6805197596549988

vb0[55]+000 POSITION: 0.07618553191423416, 1.8264919519424438, 0.031665999442338943
vb0[55]+012 NORMAL: 0.9376516938209534, -0.3371889293193817, 0.08433908969163895
vb0[55]+024 TANGENT: 0.7412366271018982, -0.10359369963407516, -0.6632018089294434, -1.0
vb0[55]+040 BLENDWEIGHTS: 0.9139999747276306, 0.0860000029206276, 0.0, 0.0
vb0[55]+056 BLENDINDICES: 0, 7, 0, 0
vb0[55]+072 COLOR: 1.0, 0.5019607843137255, 0.5019607843137255, 0.10196078431372549
vb0[55]+076 TEXCOORD: 0.36554956436157227, 0.6743539571762085

vb0[56]+000 POSITION: 0.07143943011760712, 1.8276969194412231, 0.025938808917999268
vb0[56]+012 NORMAL: 0.9248972535133362, -0.37704232335090637, 0.04903178662061691
vb0[56]+024 TANGENT: 0.010120570659637451, -0.249589204788208, -0.9682989120483398, -1.0
vb0[56]+040 BLENDWEIGHTS: 0.9570000171661377, 0.0430000014603138, 0.0, 0.0
vb0[56]+056 BLENDINDICES: 0, 7, 0, 0
vb0[56]+072 COLOR: 1.0, 0.5019607843137255, 0.5019607843137255, 0.4
vb0[56]+076 TEXCOORD: 0.35704684257507324, 0.67409747838974

vb0[57]+000 POSITION: 0.07448361814022064, 1.8316630125045776, 0.043913185596466064
vb0[57]+012 NORMAL: 0.8131241202354431, -0.3310893476009369, 0.47875770926475525
vb0[57]+024 TANGENT: 0.8325418829917908, -0.2508355379104614, 0.4939185678958893, -1.0
vb0[57]+040 BLENDWEIGHTS: 0.9359999895095825, 0.06400000303983688, 0.0, 0.0
vb0[57]+056 BLENDINDICES: 0, 7, 0, 0
vb0[57]+072 COLOR: 1.0, 0.5019607843137255, 0.5019607843137255, 0.5019607843137255
vb0[57]+076 TEXCOORD: 0.38082027435302734, 0.6793909072875977

vb0[58]+000 POSITION: 0.06872501969337463, 1.8307489156723022, 0.04943906515836716
vb0[58]+012 NORMAL: 0.7427695989608765, -0.3347412049770355, 0.5798634886741638
vb0[58]+024 TANGENT: -0.2686108350753784, -0.21670305728912354, 0.9385563135147095, -1.0
vb0[58]+040 BLENDWEIGHTS: 0.9369999766349792, 0.06300000101327896, 0.0, 0.0
vb0[58]+056 BLENDINDICES: 0, 7, 0, 0
vb0[58]+072 COLOR: 1.0, 0.5019607843137255, 0.5019607843137255, 0.5019607843137255
vb0[58]+076 TEXCOORD: 0.38983917236328125, 0.6768020391464233

vb0[59]+000 POSITION: 0.07295668870210648, 1.8257049322128296, 0.04306299239397049
vb0[59]+012 NORMAL: 0.8115413188934326, -0.32746049761772156, 0.48391154408454895
vb0[59]+024 TANGENT: 0.8133995532989502, -0.2573784589767456, 0.5216681361198425, -1.0
vb0[59]+040 BLENDWEIGHTS: 0.8880000114440918, 0.1120000034570694, 0.0, 0.0
vb0[59]+056 BLENDINDICES: 0, 7, 0, 0
vb0[59]+072 COLOR: 1.0, 0.5019607843137255, 0.5019607843137255, 0.5019607843137255
vb0[59]+076 TEXCOORD: 0.3800961971282959, 0.6721553206443787

vb0[60]+000 POSITION: 0.06808363646268845, 1.8255928754806519, 0.048038650304079056
vb0[60]+012 NORMAL: 0.7471235990524292, -0.3297001123428345, 0.5771518349647522
vb0[60]+024 TANGENT: -0.25520458817481995, -0.17669256031513214, 0.9506053328514099, -1.0
vb0[60]+040 BLENDWEIGHTS: 0.8960000276565552, 0.10400000214576721, 0.0, 0.0
vb0[60]+056 BLENDINDICES: 0, 7, 0, 0
vb0[60]+072 COLOR: 1.0, 0.5019607843137255, 0.5019607843137255, 0.5019607843137255
vb0[60]+076 TEXCOORD: 0.3880445957183838, 0.6703141927719116

vb0[61]+000 POSITION: 0.0702366754412651, 1.8227689266204834, 0.027606287971138954
vb0[61]+012 NORMAL: 0.9155053496360779, -0.3992263674736023, 0.04968162998557091
vb0[61]+024 TANGENT: -0.04056716337800026, -0.31785428524017334, -0.9472713470458984, -1.0
vb0[61]+040 BLENDWEIGHTS: 0.9160000085830688, 0.08399999886751175, 0.0, 0.0
vb0[61]+056 BLENDINDICES: 0, 7, 0, 0
vb0[61]+072 COLOR: 1.0, 0.5019607843137255, 0.5019607843137255, 0.5019607843137255
vb0[61]+076 TEXCOORD: 0.35899782180786133, 0.6682943105697632

vb0[62]+000 POSITION: 0.07480151206254959, 1.8233169317245483, 0.032153137028217316
vb0[62]+012 NORMAL: 0.9117991924285889, -0.4019533097743988, 0.08399935811758041
vb0[62]+024 TANGENT: 0.04328519105911255, -0.14730477333068848, -0.9881435036659241, -1.0
vb0[62]+040 BLENDWEIGHTS: 0.8809999823570251, 0.11900000274181366, 0.0, 0.0
vb0[62]+056 BLENDINDICES: 0, 7, 0, 0
vb0[62]+072 COLOR: 1.0, 0.5019607843137255, 0.5019607843137255, 0.0
vb0[62]+076 TEXCOORD: 0.36611032485961914, 0.6705047488212585

vb0[63]+000 POSITION: 0.073445625603199, 1.8199119567871094, 0.03251475840806961
vb0[63]+012 NORMAL: 0.9047120809555054, -0.4128800928592682, 0.10500453412532806
vb0[63]+024 TANGENT: 0.08448487520217896, -0.5415312647819519, -0.8364246487617493, -1.0
vb0[63]+040 BLENDWEIGHTS: 0.8420000076293945, 0.15800000727176666, 0.0, 0.0
vb0[63]+056 BLENDINDICES: 0, 7, 0, 0
vb0[63]+072 COLOR: 1.0, 0.5019607843137255, 0.5019607843137255, 0.0
vb0[63]+076 TEXCOORD: 0.36639952659606934, 0.6664676070213318

vb0[64]+000 POSITION: 0.06901992857456207, 1.8183159828186035, 0.029351068660616875
vb0[64]+012 NORMAL: 0.9045345187187195, -0.4170091152191162, 0.08899815380573273
vb0[64]+024 TANGENT: -0.06194328889250755, -0.3823434114456177, -0.9219417572021484, -1.0
vb0[64]+040 BLENDWEIGHTS: 0.8709999918937683, 0.1289999932050705, 0.0, 0.0
vb0[64]+056 BLENDINDICES: 0, 7, 0, 0
vb0[64]+072 COLOR: 1.0, 0.5019607843137255, 0.5019607843137255, 0.5019607843137255
vb0[64]+076 TEXCOORD: 0.3609011173248291, 0.6629388928413391

vb0[65]+000 POSITION: 0.07139987498521805, 1.820165991783142, 0.0425785668194294
vb0[65]+012 NORMAL: 0.8123121857643127, -0.32010436058044434, 0.4875265657901764
vb0[65]+024 TANGENT: 0.7939688563346863, -0.2701711654663086, 0.5446292757987976, -1.0
vb0[65]+040 BLENDWEIGHTS: 0.8349999785423279, 0.16500000655651093, 0.0, 0.0
vb0[65]+056 BLENDINDICES: 0, 7, 0, 0
vb0[65]+072 COLOR: 1.0, 0.5019607843137255, 0.5019607843137255, 0.5019607843137255
vb0[65]+076 TEXCOORD: 0.3792409896850586, 0.6654240489006042

vb0[66]+000 POSITION: 0.07498528808355331, 1.8202948570251465, 0.035226400941610336
vb0[66]+012 NORMAL: 0.8538349270820618, -0.32439351081848145, 0.40710538625717163
vb0[66]+024 TANGENT: 0.759764552116394, -0.41145241260528564, 0.5034528970718384, -1.0
vb0[66]+040 BLENDWEIGHTS: 0.8230000138282776, 0.1770000010728836, 0.0, 0.0
vb0[66]+056 BLENDINDICES: 0, 7, 0, 0
vb0[66]+072 COLOR: 1.0, 0.5019607843137255, 0.5019607843137255, 0.10196078431372549
vb0[66]+076 TEXCOORD: 0.3700113296508789, 0.6673377752304077

vb0[67]+000 POSITION: 0.06720966100692749, 1.8205316066741943, 0.046907853335142136
vb0[67]+012 NORMAL: 0.7498125433921814, -0.31689468026161194, 0.5808261632919312
vb0[67]+024 TANGENT: -0.24310004711151123, -0.1150851845741272, 0.963149905204773, -1.0
vb0[67]+040 BLENDWEIGHTS: 0.8450000286102295, 0.1550000011920929, 0.0, 0.0
vb0[67]+056 BLENDINDICES: 0, 7, 0, 0
vb0[67]+072 COLOR: 1.0, 0.5019607843137255, 0.5019607843137255, 0.5019607843137255
vb0[67]+076 TEXCOORD: 0.3861048221588135, 0.6639435291290283

vb0[68]+000 POSITION: 0.07212623208761215, 1.8138340711593628, 0.03606003150343895
vb0[68]+012 NORMAL: 0.8800978064537048, -0.3507329523563385, 0.3200223445892334
vb0[68]+024 TANGENT: 0.8635774850845337, -0.4851636588573456, -0.13729609549045563, -1.0
vb0[68]+040 BLENDWEIGHTS: 0.7900000214576721, 0.20999999344348907, 0.0, 0.0
vb0[68]+056 BLENDINDICES: 0, 7, 0, 0
vb0[68]+072 COLOR: 1.0, 0.5019607843137255, 0.5019607843137255, 0.30196078431372547
vb0[68]+076 TEXCOORD: 0.3703782558441162, 0.6595119833946228

vb0[69]+000 POSITION: 0.06982431560754776, 1.815593957901001, 0.042594198137521744
vb0[69]+012 NORMAL: 0.8114839792251587, -0.30968424677848816, 0.49556964635849
vb0[69]+024 TANGENT: 0.7792772054672241, -0.28134262561798096, 0.5599762201309204, -1.0
vb0[69]+040 BLENDWEIGHTS: 0.7870000004768372, 0.21299999952316284, 0.0, 0.0
vb0[69]+056 BLENDINDICES: 0, 7, 0, 0
vb0[69]+072 COLOR: 1.0, 0.5019607843137255, 0.5019607843137255, 0.5019607843137255
vb0[69]+076 TEXCOORD: 0.37879323959350586, 0.6597563028335571

vb0[70]+000 POSITION: 0.06618300825357437, 1.8162950277328491, 0.046211447566747665
vb0[70]+012 NORMAL: 0.7492223381996155, -0.29750508069992065, 0.5917403697967529
vb0[70]+024 TANGENT: -0.2562425136566162, -0.04330331087112427, 0.9656420946121216, -1.0
vb0[70]+040 BLENDWEIGHTS: 0.7929999828338623, 0.2070000022649765, 0.0, 0.0
vb0[70]+056 BLENDINDICES: 0, 7, 0, 0
vb0[70]+072 COLOR: 1.0, 0.5019607843137255, 0.5019607843137255, 0.5019607843137255
vb0[70]+076 TEXCOORD: 0.3847849369049072, 0.6585289239883423

vb0[71]+000 POSITION: 0.06935285776853561, 1.8085659742355347, 0.03823399916291237
vb0[71]+012 NORMAL: 0.869925856590271, -0.361751914024353, 0.33520829677581787
vb0[71]+024 TANGENT: 0.8278034329414368, -0.5483808517456055, -0.11840613186359406, -1.0
vb0[71]+040 BLENDWEIGHTS: 0.7269999980926514, 0.27300000190734863, 0.0, 0.0
vb0[71]+056 BLENDINDICES: 0, 7, 0, 0
vb0[71]+072 COLOR: 1.0, 0.5019607843137255, 0.5019607843137255, 0.4
vb0[71]+076 TEXCOORD: 0.37206602096557617, 0.6527449488639832

vb0[72]+000 POSITION: 0.06745760142803192, 1.81331205368042, 0.03182025998830795
vb0[72]+012 NORMAL: 0.8971644639968872, -0.4260507822036743, 0.11651874333620071
vb0[72]+024 TANGENT: -0.0743786096572876, -0.46273499727249146, -0.8833708763122559, -1.0
vb0[72]+040 BLENDWEIGHTS: 0.8140000104904175, 0.1860000044107437, 0.0, 0.0
vb0[72]+056 BLENDINDICES: 0, 7, 0, 0
vb0[72]+072 COLOR: 1.0, 0.5019607843137255, 0.5019607843137255, 0.5019607843137255
vb0[72]+076 TEXCOORD: 0.3635401725769043, 0.6568254828453064

vb0[73]+000 POSITION: 0.0656118392944336, 1.8083659410476685, 0.03508172929286957
vb0[73]+012 NORMAL: 0.8783420324325562, -0.4459564685821533, 0.1721571981906891
vb0[73]+024 TANGENT: -0.11474847793579102, -0.5386011600494385, -0.8347104787826538, -1.0
vb0[73]+040 BLENDWEIGHTS: 0.7509999871253967, 0.24899999797344208, 0.0, 0.0
vb0[73]+056 BLENDINDICES: 0, 7, 0, 0
vb0[73]+072 COLOR: 1.0, 0.5019607843137255, 0.5019607843137255, 0.4
vb0[73]+076 TEXCOORD: 0.3668184280395508, 0.65056973695755

vb0[74]+000 POSITION: 0.06776135414838791, 1.8104948997497559, 0.042961638420820236
vb0[74]+012 NORMAL: 0.7992597222328186, -0.2891503572463989, 0.5268548130989075
vb0[74]+024 TANGENT: 0.7734557390213013, -0.2625945806503296, 0.576897144317627, -1.0
vb0[74]+040 BLENDWEIGHTS: 0.722000002861023, 0.27799999713897705, 0.0, 0.0
vb0[74]+056 BLENDINDICES: 0, 7, 0, 0
vb0[74]+072 COLOR: 1.0, 0.5019607843137255, 0.5019607843137255, 0.4
vb0[74]+076 TEXCOORD: 0.3783440589904785, 0.6532918214797974

vb0[75]+000 POSITION: 0.06488490104675293, 1.8114149570465088, 0.04575901851058006
vb0[75]+012 NORMAL: 0.7494581341743469, -0.27493274211883545, 0.6022660136222839
vb0[75]+024 TANGENT: -0.26235055923461914, 0.02185702510178089, 0.964725136756897, -1.0
vb0[75]+040 BLENDWEIGHTS: 0.7319999933242798, 0.2680000066757202, 0.0, 0.0
vb0[75]+056 BLENDINDICES: 0, 7, 0, 0
vb0[75]+072 COLOR: 1.0, 0.5019607843137255, 0.5019607843137255, 0.4
vb0[75]+076 TEXCOORD: 0.38309192657470703, 0.6524021625518799

vb0[76]+000 POSITION: 0.06644576042890549, 1.8038920164108276, 0.040841057896614075
vb0[76]+012 NORMAL: 0.8563317656517029, -0.3814755976200104, 0.3480980694293976
vb0[76]+024 TANGENT: 0.8002044558525085, -0.5921958684921265, -0.09474658966064453, -1.0
vb0[76]+040 BLENDWEIGHTS: 0.6650000214576721, 0.33500000834465027, 0.0, 0.0
vb0[76]+056 BLENDINDICES: 0, 7, 0, 0
vb0[76]+072 COLOR: 1.0, 0.5019607843137255, 0.5019607843137255, 0.30196078431372547
vb0[76]+076 TEXCOORD: 0.37394142150878906, 0.6463161110877991

vb0[77]+000 POSITION: 0.06564874202013016, 1.8055909872055054, 0.04361322894692421
vb0[77]+012 NORMAL: 0.7965549826622009, -0.26287218928337097, 0.544424831867218
vb0[77]+024 TANGENT: 0.7738497853279114, -0.24205274879932404, 0.5852922201156616, -1.0
vb0[77]+040 BLENDWEIGHTS: 0.6570000052452087, 0.34299999475479126, 0.0, 0.0
vb0[77]+056 BLENDINDICES: 0, 7, 0, 0
vb0[77]+072 COLOR: 1.0, 0.5019607843137255, 0.5019607843137255, 0.30196078431372547
vb0[77]+076 TEXCOORD: 0.3778057098388672, 0.6469830274581909

vb0[78]+000 POSITION: 0.06390354037284851, 1.8003859519958496, 0.043195247650146484
vb0[78]+012 NORMAL: 0.8478250503540039, -0.3788596987724304, 0.37102317810058594
vb0[78]+024 TANGENT: 0.7686693668365479, -0.6332212686538696, -0.09043311327695847, -1.0
vb0[78]+040 BLENDWEIGHTS: 0.6100000143051147, 0.38999998569488525, 0.0, 0.0
vb0[78]+056 BLENDINDICES: 0, 7, 0, 0
vb0[78]+072 COLOR: 1.0, 0.5019607843137255, 0.5019607843137255, 0.2
vb0[78]+076 TEXCOORD: 0.3753085136413574, 0.6410824656486511

vb0[79]+000 POSITION: 0.06356921046972275, 1.8014839887619019, 0.044894762337207794
vb0[79]+012 NORMAL: 0.7912596464157104, -0.24090522527694702, 0.5620257258415222
vb0[79]+024 TANGENT: 0.7733296155929565, -0.2247961014509201, 0.5928137302398682, -1.0
vb0[79]+040 BLENDWEIGHTS: 0.6039999723434448, 0.3959999978542328, 0.0, 0.0
vb0[79]+056 BLENDINDICES: 0, 7, 0, 0
vb0[79]+072 COLOR: 1.0, 0.5019607843137255, 0.5019607843137255, 0.2
vb0[79]+076 TEXCOORD: 0.3776826858520508, 0.6413944363594055

vb0[80]+000 POSITION: 0.0634499117732048, 1.8062739372253418, 0.04571068659424782
vb0[80]+012 NORMAL: 0.7524974346160889, -0.2361549586057663, 0.6147996187210083
vb0[80]+024 TANGENT: -0.250698447227478, 0.1249004676938057, 0.9599741101264954, -1.0
vb0[80]+040 BLENDWEIGHTS: 0.6679999828338623, 0.3319999873638153, 0.0, 0.0
vb0[80]+056 BLENDINDICES: 0, 7, 0, 0
vb0[80]+072 COLOR: 1.0, 0.5019607843137255, 0.5019607843137255, 0.30196078431372547
vb0[80]+076 TEXCOORD: 0.38132572174072266, 0.646019458770752

vb0[81]+000 POSITION: 0.062020931392908096, 1.8018049001693726, 0.04617924243211746
vb0[81]+012 NORMAL: 0.7352527379989624, -0.19558720290660858, 0.6489599347114563
vb0[81]+024 TANGENT: -0.23697303235530853, 0.2755684554576874, 0.9316145777702332, -1.0
vb0[81]+040 BLENDWEIGHTS: 0.6129999756813049, 0.3869999945163727, 0.0, 0.0
vb0[81]+056 BLENDINDICES: 0, 7, 0, 0
vb0[81]+072 COLOR: 1.0, 0.5019607843137255, 0.5019607843137255, 0.2
vb0[81]+076 TEXCOORD: 0.3797616958618164, 0.6403592228889465

vb0[82]+000 POSITION: 0.06220283731818199, 1.8003668785095215, 0.04168888181447983
vb0[82]+012 NORMAL: 0.8512580394744873, -0.45401111245155334, 0.2631228268146515
vb0[82]+024 TANGENT: -0.08975338935852051, -0.6524193286895752, -0.7525246739387512, -1.0
vb0[82]+040 BLENDWEIGHTS: 0.628000020980835, 0.3720000088214874, 0.0, 0.0
vb0[82]+056 BLENDINDICES: 0, 7, 0, 0
vb0[82]+072 COLOR: 1.0, 0.5019607843137255, 0.5019607843137255, 0.2
vb0[82]+076 TEXCOORD: 0.3728294372558594, 0.6402045488357544

vb0[83]+000 POSITION: 0.06383317708969116, 1.8040709495544434, 0.03848782926797867
vb0[83]+012 NORMAL: 0.8687906265258789, -0.4509221017360687, 0.20462679862976074
vb0[83]+024 TANGENT: -0.11106585711240768, -0.5920705795288086, -0.7981959581375122, -1.0
vb0[83]+040 BLENDWEIGHTS: 0.6869999766349792, 0.31299999356269836, 0.0, 0.0
vb0[83]+056 BLENDINDICES: 0, 7, 0, 0
vb0[83]+072 COLOR: 1.0, 0.5019607843137255, 0.5019607843137255, 0.30196078431372547
vb0[83]+076 TEXCOORD: 0.37008142471313477, 0.6450368762016296

vb0[84]+000 POSITION: 0.06126046180725098, 1.7977309226989746, 0.04669363051652908
vb0[84]+012 NORMAL: 0.7745307087898254, -0.2205348163843155, 0.5928462147712708
vb0[84]+024 TANGENT: 0.7667152881622314, -0.19334067404270172, 0.6121822595596313, -1.0
vb0[84]+040 BLENDWEIGHTS: 0.5559999942779541, 0.4440000057220459, 0.0, 0.0
vb0[84]+056 BLENDINDICES: 0, 7, 0, 0
vb0[84]+072 COLOR: 1.0, 0.5019607843137255, 0.5019607843137255, 0.10196078431372549
vb0[84]+076 TEXCOORD: 0.37753868103027344, 0.6358304619789124

vb0[85]+000 POSITION: 0.06050971895456314, 1.7979220151901245, 0.047106947749853134
vb0[85]+012 NORMAL: 0.7195637226104736, -0.14349210262298584, 0.6794394850730896
vb0[85]+024 TANGENT: -0.23710432648658752, 0.4333222508430481, 0.8694903254508972, -1.0
vb0[85]+040 BLENDWEIGHTS: 0.5630000233650208, 0.43700000643730164, 0.0, 0.0
vb0[85]+056 BLENDINDICES: 0, 7, 0, 0
vb0[85]+072 COLOR: 1.0, 0.5019607843137255, 0.5019607843137255, 0.10196078431372549
vb0[85]+076 TEXCOORD: 0.37836647033691406, 0.6353162527084351

vb0[86]+000 POSITION: 0.06132586672902107, 1.7971270084381104, 0.045649126172065735
vb0[86]+012 NORMAL: 0.8262859582901001, -0.3818746507167816, 0.4140327274799347
vb0[86]+024 TANGENT: 0.7195496559143066, -0.6828258037567139, -0.12648016214370728, -1.0
vb0[86]+040 BLENDWEIGHTS: 0.5540000200271606, 0.44600000977516174, 0.0, 0.0
vb0[86]+056 BLENDINDICES: 0, 7, 0, 0
vb0[86]+072 COLOR: 1.0, 0.5019607843137255, 0.5019607843137255, 0.10196078431372549
vb0[86]+076 TEXCOORD: 0.37618327140808105, 0.6358558535575867

vb0[87]+000 POSITION: 0.06054282188415527, 1.7972320318222046, 0.04498770087957382
vb0[87]+012 NORMAL: 0.8234881162643433, -0.4697283208370209, 0.31815508008003235
vb0[87]+024 TANGENT: -0.07303142547607422, -0.7009221315383911, -0.7094889879226685, -1.0
vb0[87]+040 BLENDWEIGHTS: 0.5680000185966492, 0.4320000112056732, 0.0, 0.0
vb0[87]+056 BLENDINDICES: 0, 7, 0, 0
vb0[87]+072 COLOR: 1.0, 0.5019607843137255, 0.5019607843137255, 0.10196078431372549
vb0[87]+076 TEXCOORD: 0.3750319480895996, 0.635678768157959

vb0[88]+000 POSITION: 0.05834813788533211, 1.7934210300445557, 0.049156222492456436
vb0[88]+012 NORMAL: 0.8024522066116333, -0.3125559985637665, 0.5083102583885193
vb0[88]+024 TANGENT: -0.4044414460659027, -0.7276333570480347, 0.554054856300354, -1.0
vb0[88]+040 BLENDWEIGHTS: 0.5080000162124634, 0.492000013589859, 0.0, 0.0
vb0[88]+056 BLENDINDICES: 7, 0, 0, 0
vb0[88]+072 COLOR: 1.0, 0.5019607843137255, 0.5019607843137255, 0.0
vb0[88]+076 TEXCOORD: 0.3767123222351074, 0.6293323040008545

vb0[89]+000 POSITION: 0.07326962798833847, 1.8375779390335083, 0.023148249834775925
vb0[89]+012 NORMAL: -0.7976402044296265, -0.007956265471875668, -0.6030810475349426
vb0[89]+024 TANGENT: -0.6170108914375305, -0.3802065849304199, -0.6890142560005188, -1.0
vb0[89]+040 BLENDWEIGHTS: 1.0, 0.0, 0.0, 0.0
vb0[89]+056 BLENDINDICES: 0, 0, 0, 0
vb0[89]+072 COLOR: 1.0, 0.5019607843137255, 0.5019607843137255, 0.10196078431372549
vb0[89]+076 TEXCOORD: 0.540379524230957, 0.5742269158363342

vb0[90]+000 POSITION: 0.06812270730733871, 1.83748197555542, 0.029704788699746132
vb0[90]+012 NORMAL: -0.9191988706588745, 0.07843147218227386, -0.3859039545059204
vb0[90]+024 TANGENT: -0.9169985055923462, 0.0756542757153511, -0.3916504979133606, -1.0
vb0[90]+040 BLENDWEIGHTS: 1.0, 0.0, 0.0, 0.0
vb0[90]+056 BLENDINDICES: 0, 0, 0, 0
vb0[90]+072 COLOR: 1.0, 0.5019607843137255, 0.5019607843137255, 0.5019607843137255
vb0[90]+076 TEXCOORD: 0.5469112396240234, 0.5726596713066101

vb0[91]+000 POSITION: 0.06897149235010147, 1.8436598777770996, 0.029011990875005722
vb0[91]+012 NORMAL: -0.9306148886680603, 0.17978906631469727, -0.31879743933677673
vb0[91]+024 TANGENT: -0.9318071603775024, 0.17918121814727783, -0.31564152240753174, -1.0
vb0[91]+040 BLENDWEIGHTS: 1.0, 0.0, 0.0, 0.0
vb0[91]+056 BLENDINDICES: 0, 0, 0, 0
vb0[91]+072 COLOR: 1.0, 0.5019607843137255, 0.5019607843137255, 0.30196078431372547
vb0[91]+076 TEXCOORD: 0.5449342727661133, 0.5681209564208984

vb0[92]+000 POSITION: 0.06744401156902313, 1.8425190448760986, 0.04145544022321701
vb0[92]+012 NORMAL: -0.9916050434112549, 0.1274815797805786, -0.021629339084029198
vb0[92]+024 TANGENT: -0.9943004846572876, 0.10631704330444336, -0.00795513391494751, -1.0
vb0[92]+040 BLENDWEIGHTS: 1.0, 0.0, 0.0, 0.0
vb0[92]+056 BLENDINDICES: 0, 0, 0, 0
vb0[92]+072 COLOR: 1.0, 0.5019607843137255, 0.5019607843137255, 0.5019607843137255
vb0[92]+076 TEXCOORD: 0.5550045967102051, 0.5661444067955017

vb0[93]+000 POSITION: 0.07056780904531479, 1.8494939804077148, 0.034820556640625
vb0[93]+012 NORMAL: -0.9366198182106018, 0.3066325783729553, -0.1694687455892563
vb0[93]+024 TANGENT: -0.9349815845489502, 0.3210715055465698, -0.15074032545089722, -1.0
vb0[93]+040 BLENDWEIGHTS: 1.0, 0.0, 0.0, 0.0
vb0[93]+056 BLENDINDICES: 0, 0, 0, 0
vb0[93]+072 COLOR: 1.0, 0.5019607843137255, 0.5019607843137255, 0.0
vb0[93]+076 TEXCOORD: 0.547760009765625, 0.562045156955719

vb0[94]+000 POSITION: 0.06671048700809479, 1.8367500305175781, 0.04040122032165527
vb0[94]+012 NORMAL: -0.9948531985282898, 0.08637595176696777, 0.05297470465302467
vb0[94]+024 TANGENT: -0.9948679208755493, 0.08710718154907227, 0.05148029327392578, -1.0
vb0[94]+040 BLENDWEIGHTS: 0.9800000190734863, 0.019999999552965164, 0.0, 0.0
vb0[94]+056 BLENDINDICES: 0, 7, 0, 0
vb0[94]+072 COLOR: 1.0, 0.5019607843137255, 0.5019607843137255, 0.5019607843137255
vb0[94]+076 TEXCOORD: 0.5555036067962646, 0.5708884596824646

vb0[95]+000 POSITION: 0.06914038211107254, 1.836369276046753, 0.051090601831674576
vb0[95]+012 NORMAL: -0.9753962755203247, 0.03551851212978363, 0.21757872402668
vb0[95]+024 TANGENT: -0.293840616941452, -0.22464458644390106, 0.9290814995765686, -1.0
vb0[95]+040 BLENDWEIGHTS: 0.9610000252723694, 0.039000000804662704, 0.0, 0.0
vb0[95]+056 BLENDINDICES: 0, 7, 0, 0
vb0[95]+072 COLOR: 1.0, 0.5019607843137255, 0.5019607843137255, 0.5019607843137255
vb0[95]+076 TEXCOORD: 0.5641803741455078, 0.5686202645301819

vb0[96]+000 POSITION: 0.0693720206618309, 1.8417778015136719, 0.05282672122120857
vb0[96]+012 NORMAL: -0.9834260940551758, -0.022276338189840317, 0.17993579804897308
vb0[96]+024 TANGENT: -0.3152827024459839, -0.28890034556388855, 0.903954267501831, -1.0
vb0[96]+040 BLENDWEIGHTS: 0.9679999947547913, 0.03200000151991844, 0.0, 0.0
vb0[96]+056 BLENDINDICES: 0, 7, 0, 0
vb0[96]+072 COLOR: 1.0, 0.5019607843137255, 0.5019607843137255, 0.4
vb0[96]+076 TEXCOORD: 0.5641670227050781, 0.5639860033988953

vb0[97]+000 POSITION: 0.06765452772378922, 1.84975004196167, 0.045379117131233215
vb0[97]+012 NORMAL: -0.9979838132858276, -0.02950640581548214, 0.0561932697892189
vb0[97]+024 TANGENT: -0.9983062744140625, -0.032219648361206055, 0.048441290855407715, -1.0
vb0[97]+040 BLENDWEIGHTS: 1.0, 0.0, 0.0, 0.0
vb0[97]+056 BLENDINDICES: 0, 0, 0, 0
vb0[97]+072 COLOR: 1.0, 0.5019607843137255, 0.5019607843137255, 0.0
vb0[97]+076 TEXCOORD: 0.5563936233520508, 0.5596961379051208

vb0[98]+000 POSITION: 0.06872501969337463, 1.8307489156723022, 0.04943906515836716
vb0[98]+012 NORMAL: -0.9653131365776062, 0.05302667245268822, 0.2556535005569458
vb0[98]+024 TANGENT: -0.2686108350753784, -0.21670305728912354, 0.9385563135147095, -1.0
vb0[98]+040 BLENDWEIGHTS: 0.9369999766349792, 0.06300000101327896, 0.0, 0.0
vb0[98]+056 BLENDINDICES: 0, 7, 0, 0
vb0[98]+072 COLOR: 1.0, 0.5019607843137255, 0.5019607843137255, 0.5019607843137255
vb0[98]+076 TEXCOORD: 0.5641937255859375, 0.5734253525733948

vb0[99]+000 POSITION: 0.06613335758447647, 1.8312668800354004, 0.039664220064878464
vb0[99]+012 NORMAL: -0.9919824004173279, 0.0998501405119896, 0.0774645060300827
vb0[99]+024 TANGENT: -0.9920070171356201, 0.10056089609861374, 0.07621967792510986, -1.0
vb0[99]+040 BLENDWEIGHTS: 0.9419999718666077, 0.057999998331069946, 0.0, 0.0
vb0[99]+056 BLENDINDICES: 0, 7, 0, 0
vb0[99]+072 COLOR: 1.0, 0.5019607843137255, 0.5019607843137255, 0.5019607843137255
vb0[99]+076 TEXCOORD: 0.5561447143554688, 0.5753152966499329

vb0[100]+000 POSITION: 0.06708674877882004, 1.8314489126205444, 0.030695877969264984
vb0[100]+012 NORMAL: -0.8877489566802979, 0.051292505115270615, -0.45746129751205444
vb0[100]+024 TANGENT: -0.9120669364929199, 0.06811380386352539, -0.40434443950653076, -1.0
vb0[100]+040 BLENDWEIGHTS: 0.9679999947547913, 0.03200000151991844, 0.0, 0.0
vb0[100]+056 BLENDINDICES: 0, 7, 0, 0
vb0[100]+072 COLOR: 1.0, 0.5019607843137255, 0.5019607843137255, 0.5019607843137255
vb0[100]+076 TEXCOORD: 0.5490453243255615, 0.5770558714866638

vb0[101]+000 POSITION: 0.07250645756721497, 1.83309006690979, 0.02445324882864952
vb0[101]+012 NORMAL: -0.7606542706489563, -0.020345648750662804, -0.6488382816314697
vb0[101]+024 TANGENT: 0.052393972873687744, -0.23313993215560913, -0.9710307121276855, -1.0
vb0[101]+040 BLENDWEIGHTS: 0.9890000224113464, 0.010999999940395355, 0.0, 0.0
vb0[101]+056 BLENDINDICES: 0, 7, 0, 0
vb0[101]+072 COLOR: 1.0, 0.5019607843137255, 0.5019607843137255, 0.30196078431372547
vb0[101]+076 TEXCOORD: 0.5423469543457031, 0.5774062275886536

vb0[102]+000 POSITION: 0.06808363646268845, 1.8255928754806519, 0.048038650304079056
vb0[102]+012 NORMAL: -0.9545186758041382, 0.09249671548604965, 0.2834404706954956
vb0[102]+024 TANGENT: -0.25520458817481995, -0.17669256031513214, 0.9506053328514099, -1.0
vb0[102]+040 BLENDWEIGHTS: 0.8960000276565552, 0.10400000214576721, 0.0, 0.0
vb0[102]+056 BLENDINDICES: 0, 7, 0, 0
vb0[102]+072 COLOR: 1.0, 0.5019607843137255, 0.5019607843137255, 0.5019607843137255
vb0[102]+076 TEXCOORD: 0.5642075538635254, 0.5778794884681702

vb0[103]+000 POSITION: 0.06547575443983078, 1.826233983039856, 0.039131227880716324
vb0[103]+012 NORMAL: -0.9874069094657898, 0.1216273307800293, 0.10116571187973022
vb0[103]+024 TANGENT: -0.9879742860794067, 0.12293100357055664, 0.09377992153167725, -1.0
vb0[103]+040 BLENDWEIGHTS: 0.9010000228881836, 0.0989999994635582, 0.0, 0.0
vb0[103]+056 BLENDINDICES: 0, 7, 0, 0
vb0[103]+072 COLOR: 1.0, 0.5019607843137255, 0.5019607843137255, 0.5019607843137255
vb0[103]+076 TEXCOORD: 0.5567660331726074, 0.5793845057487488

vb0[104]+000 POSITION: 0.06599657237529755, 1.8255119323730469, 0.03190195932984352
vb0[104]+012 NORMAL: -0.8814051747322083, 0.038386270403862, -0.47079864144325256
vb0[104]+024 TANGENT: -0.9091705083847046, 0.05695629119873047, -0.4125106632709503, -1.0
vb0[104]+040 BLENDWEIGHTS: 0.9229999780654907, 0.07699999958276749, 0.0, 0.0
vb0[104]+056 BLENDINDICES: 0, 7, 0, 0
vb0[104]+072 COLOR: 1.0, 0.5019607843137255, 0.5019607843137255, 0.5019607843137255
vb0[104]+076 TEXCOORD: 0.5512185096740723, 0.581346333026886

vb0[105]+000 POSITION: 0.07143943011760712, 1.8276969194412231, 0.025938808917999268
vb0[105]+012 NORMAL: -0.7390052676200867, -0.029557744041085243, -0.6730508208274841
vb0[105]+024 TANGENT: 0.010120570659637451, -0.249589204788208, -0.9682989120483398, -1.0
vb0[105]+040 BLENDWEIGHTS: 0.9570000171661377, 0.0430000014603138, 0.0, 0.0
vb0[105]+056 BLENDINDICES: 0, 7, 0, 0
vb0[105]+072 COLOR: 1.0, 0.5019607843137255, 0.5019607843137255, 0.4
vb0[105]+076 TEXCOORD: 0.5446429252624512, 0.5811659097671509

vb0[106]+000 POSITION: 0.06720966100692749, 1.8205316066741943, 0.046907853335142136
vb0[106]+012 NORMAL: -0.9426774978637695, 0.14653129875659943, 0.2998129725456238
vb0[106]+024 TANGENT: -0.24310004711151123, -0.1150851845741272, 0.963149905204773, -1.0
vb0[106]+040 BLENDWEIGHTS: 0.8450000286102295, 0.1550000011920929, 0.0, 0.0
vb0[106]+056 BLENDINDICES: 0, 7, 0, 0
vb0[106]+072 COLOR: 1.0, 0.5019607843137255, 0.5019607843137255, 0.5019607843137255
vb0[106]+076 TEXCOORD: 0.5641708374023438, 0.5822994709014893

vb0[107]+000 POSITION: 0.06474880129098892, 1.8206828832626343, 0.03921889886260033
vb0[107]+012 NORMAL: -0.9815558791160583, 0.15004749596118927, 0.11846455931663513
vb0[107]+024 TANGENT: -0.9822576642036438, 0.14957940578460693, 0.11311876028776169, -1.0
vb0[107]+040 BLENDWEIGHTS: 0.8519999980926514, 0.14800000190734863, 0.0, 0.0
vb0[107]+056 BLENDINDICES: 0, 7, 0, 0
vb0[107]+072 COLOR: 1.0, 0.5019607843137255, 0.5019607843137255, 0.5019607843137255
vb0[107]+076 TEXCOORD: 0.5577893257141113, 0.5837765336036682

vb0[108]+000 POSITION: 0.0650014653801918, 1.8198609352111816, 0.033281367272138596
vb0[108]+012 NORMAL: -0.9128397107124329, 0.03403753787279129, -0.40689703822135925
vb0[108]+024 TANGENT: -0.909035325050354, 0.03004634380340576, -0.41563448309898376, -1.0
vb0[108]+040 BLENDWEIGHTS: 0.8669999837875366, 0.13300000131130219, 0.0, 0.0
vb0[108]+056 BLENDINDICES: 0, 7, 0, 0
vb0[108]+072 COLOR: 1.0, 0.5019607843137255, 0.5019607843137255, 0.5019607843137255
vb0[108]+076 TEXCOORD: 0.5532739162445068, 0.5854335427284241

vb0[109]+000 POSITION: 0.06901992857456207, 1.8183159828186035, 0.029351068660616875
vb0[109]+012 NORMAL: -0.7164653539657593, -0.08493639528751373, -0.6924328207969666
vb0[109]+024 TANGENT: -0.06194328889250755, -0.3823434114456177, -0.9219417572021484, -1.0
vb0[109]+040 BLENDWEIGHTS: 0.8709999918937683, 0.1289999932050705, 0.0, 0.0
vb0[109]+056 BLENDINDICES: 0, 7, 0, 0
vb0[109]+072 COLOR: 1.0, 0.5019607843137255, 0.5019607843137255, 0.5019607843137255
vb0[109]+076 TEXCOORD: 0.549142599105835, 0.5875760316848755

vb0[110]+000 POSITION: 0.0702366754412651, 1.8227689266204834, 0.027606287971138954
vb0[110]+012 NORMAL: -0.7234264016151428, -0.05524799972772598, -0.6881874203681946
vb0[110]+024 TANGENT: -0.04056716337800026, -0.31785428524017334, -0.9472713470458984, -1.0
vb0[110]+040 BLENDWEIGHTS: 0.9160000085830688, 0.08399999886751175, 0.0, 0.0
vb0[110]+056 BLENDINDICES: 0, 7, 0, 0
vb0[110]+072 COLOR: 1.0, 0.5019607843137255, 0.5019607843137255, 0.5019607843137255
vb0[110]+076 TEXCOORD: 0.5469419956207275, 0.584558367729187

vb0[111]+000 POSITION: 0.06618300825357437, 1.8162950277328491, 0.046211447566747665
vb0[111]+012 NORMAL: -0.9326774477958679, 0.1970006674528122, 0.30216488242149353
vb0[111]+024 TANGENT: -0.2562425136566162, -0.04330331087112427, 0.9656420946121216, -1.0
vb0[111]+040 BLENDWEIGHTS: 0.7929999828338623, 0.2070000022649765, 0.0, 0.0
vb0[111]+056 BLENDINDICES: 0, 7, 0, 0
vb0[111]+072 COLOR: 1.0, 0.5019607843137255, 0.5019607843137255, 0.5019607843137255
vb0[111]+076 TEXCOORD: 0.5642309188842773, 0.5860089659690857

vb0[112]+000 POSITION: 0.06405477970838547, 1.8162809610366821, 0.039700329303741455
vb0[112]+012 NORMAL: -0.9751923084259033, 0.18169723451137543, 0.12643647193908691
vb0[112]+024 TANGENT: -0.9758510589599609, 0.18073008954524994, 0.12268375605344772, -1.0
vb0[112]+040 BLENDWEIGHTS: 0.8069999814033508, 0.19300000369548798, 0.0, 0.0
vb0[112]+056 BLENDINDICES: 0, 7, 0, 0
vb0[112]+072 COLOR: 1.0, 0.5019607843137255, 0.5019607843137255, 0.5019607843137255
vb0[112]+076 TEXCOORD: 0.5587997436523438, 0.5872320532798767

vb0[113]+000 POSITION: 0.06416061520576477, 1.8152719736099243, 0.03485807031393051
vb0[113]+012 NORMAL: -0.9168156385421753, 0.00970302801579237, -0.39919307827949524
vb0[113]+024 TANGENT: -0.9130427837371826, 0.005640864837914705, -0.4078247547149658, -1.0
vb0[113]+040 BLENDWEIGHTS: 0.8190000057220459, 0.1809999942779541, 0.0, 0.0
vb0[113]+056 BLENDINDICES: 0, 7, 0, 0
vb0[113]+072 COLOR: 1.0, 0.5019607843137255, 0.5019607843137255, 0.5019607843137255
vb0[113]+076 TEXCOORD: 0.555121898651123, 0.5887253880500793

vb0[114]+000 POSITION: 0.06745760142803192, 1.81331205368042, 0.03182025998830795
vb0[114]+012 NORMAL: -0.7131433486938477, -0.14249905943870544, -0.6863823533058167
vb0[114]+024 TANGENT: -0.0743786096572876, -0.46273499727249146, -0.8833708763122559, -1.0
vb0[114]+040 BLENDWEIGHTS: 0.8140000104904175, 0.1860000044107437, 0.0, 0.0
vb0[114]+056 BLENDINDICES: 0, 7, 0, 0
vb0[114]+072 COLOR: 1.0, 0.5019607843137255, 0.5019607843137255, 0.5019607843137255
vb0[114]+076 TEXCOORD: 0.5518894195556641, 0.5909416675567627

vb0[115]+000 POSITION: 0.06488490104675293, 1.8114149570465088, 0.04575901851058006
vb0[115]+012 NORMAL: -0.9279165863990784, 0.23105216026306152, 0.29255053400993347
vb0[115]+024 TANGENT: -0.26235055923461914, 0.02185702510178089, 0.964725136756897, -1.0
vb0[115]+040 BLENDWEIGHTS: 0.7319999933242798, 0.2680000066757202, 0.0, 0.0
vb0[115]+056 BLENDINDICES: 0, 7, 0, 0
vb0[115]+072 COLOR: 1.0, 0.5019607843137255, 0.5019607843137255, 0.4
vb0[115]+076 TEXCOORD: 0.5642426013946533, 0.5903432965278625

vb0[116]+000 POSITION: 0.0631984993815422, 1.8112179040908813, 0.04060875624418259
vb0[116]+012 NORMAL: -0.9691193699836731, 0.20793847739696503, 0.1325492262840271
vb0[116]+024 TANGENT: -0.9699625968933105, 0.20639464259147644, 0.1287388652563095, -1.0
vb0[116]+040 BLENDWEIGHTS: 0.75, 0.25, 0.0, 0.0
vb0[116]+056 BLENDINDICES: 0, 7, 0, 0
vb0[116]+072 COLOR: 1.0, 0.5019607843137255, 0.5019607843137255, 0.4
vb0[116]+076 TEXCOORD: 0.559985876083374, 0.5912196040153503

vb0[117]+000 POSITION: 0.06313631683588028, 1.8100990056991577, 0.03715651109814644
vb0[117]+012 NORMAL: -0.9201560616493225, -0.01238629687577486, -0.391355961561203
vb0[117]+024 TANGENT: -0.9170222878456116, -0.016343416646122932, -0.3985009789466858, -1.0
vb0[117]+040 BLENDWEIGHTS: 0.7559999823570251, 0.24400000274181366, 0.0, 0.0
vb0[117]+056 BLENDINDICES: 0, 7, 0, 0
vb0[117]+072 COLOR: 1.0, 0.5019607843137255, 0.5019607843137255, 0.4
vb0[117]+076 TEXCOORD: 0.5573654174804688, 0.5924720168113708

vb0[118]+000 POSITION: 0.0656118392944336, 1.8083659410476685, 0.03508172929286957
vb0[118]+012 NORMAL: -0.7000889182090759, -0.20175637304782867, -0.6849598288536072
vb0[118]+024 TANGENT: -0.11474847793579102, -0.5386011600494385, -0.8347104787826538, -1.0
vb0[118]+040 BLENDWEIGHTS: 0.7509999871253967, 0.24899999797344208, 0.0, 0.0
vb0[118]+056 BLENDINDICES: 0, 7, 0, 0
vb0[118]+072 COLOR: 1.0, 0.5019607843137255, 0.5019607843137255, 0.4
vb0[118]+076 TEXCOORD: 0.555030107498169, 0.594245433807373

vb0[119]+000 POSITION: 0.06383317708969116, 1.8040709495544434, 0.03848782926797867
vb0[119]+012 NORMAL: -0.6625091433525085, -0.271270751953125, -0.6982075572013855
vb0[119]+024 TANGENT: -0.11106585711240768, -0.5920705795288086, -0.7981959581375122, -1.0
vb0[119]+040 BLENDWEIGHTS: 0.6869999766349792, 0.31299999356269836, 0.0, 0.0
vb0[119]+056 BLENDINDICES: 0, 7, 0, 0
vb0[119]+072 COLOR: 1.0, 0.5019607843137255, 0.5019607843137255, 0.30196078431372547
vb0[119]+076 TEXCOORD: 0.5578737258911133, 0.5972373485565186

vb0[120]+000 POSITION: 0.06204020977020264, 1.8052289485931396, 0.03969805687665939
vb0[120]+012 NORMAL: -0.9212040901184082, -0.027060484513640404, -0.388137549161911
vb0[120]+024 TANGENT: -0.9164638519287109, -0.034709516912698746, -0.39860931038856506, -1.0
vb0[120]+040 BLENDWEIGHTS: 0.6890000104904175, 0.3109999895095825, 0.0, 0.0
vb0[120]+056 BLENDINDICES: 0, 7, 0, 0
vb0[120]+072 COLOR: 1.0, 0.5019607843137255, 0.5019607843137255, 0.30196078431372547
vb0[120]+076 TEXCOORD: 0.5594644546508789, 0.5961176753044128

vb0[121]+000 POSITION: 0.06220283731818199, 1.8003668785095215, 0.04168888181447983
vb0[121]+012 NORMAL: -0.6019127368927002, -0.36506885290145874, -0.7102294564247131
vb0[121]+024 TANGENT: -0.08975338935852051, -0.6524193286895752, -0.7525246739387512, -1.0
vb0[121]+040 BLENDWEIGHTS: 0.628000020980835, 0.3720000088214874, 0.0, 0.0
vb0[121]+056 BLENDINDICES: 0, 7, 0, 0
vb0[121]+072 COLOR: 1.0, 0.5019607843137255, 0.5019607843137255, 0.2
vb0[121]+076 TEXCOORD: 0.5601696968078613, 0.6000481843948364

vb0[122]+000 POSITION: 0.0609758086502552, 1.8011000156402588, 0.04237022623419762
vb0[122]+012 NORMAL: -0.9196087718009949, -0.04427722468972206, -0.39033210277557373
vb0[122]+024 TANGENT: -0.9141433238983154, -0.05469679832458496, -0.4016841948032379, -1.0
vb0[122]+040 BLENDWEIGHTS: 0.6290000081062317, 0.3709999918937683, 0.0, 0.0
vb0[122]+056 BLENDINDICES: 0, 7, 0, 0
vb0[122]+072 COLOR: 1.0, 0.5019607843137255, 0.5019607843137255, 0.2
vb0[122]+076 TEXCOORD: 0.5612325668334961, 0.5994157195091248

vb0[123]+000 POSITION: 0.061289627104997635, 1.801900029182434, 0.043558139353990555
vb0[123]+012 NORMAL: -0.930766761302948, 0.3292260468006134, 0.15900741517543793
vb0[123]+024 TANGENT: -0.9351869225502014, 0.31959012150764465, 0.15260280668735504, -1.0
vb0[123]+040 BLENDWEIGHTS: 0.6330000162124634, 0.367000013589859, 0.0, 0.0
vb0[123]+056 BLENDINDICES: 0, 7, 0, 0
vb0[123]+072 COLOR: 1.0, 0.5019607843137255, 0.5019607843137255, 0.2
vb0[123]+076 TEXCOORD: 0.562208890914917, 0.5987854599952698

vb0[124]+000 POSITION: 0.06231776252388954, 1.8062719106674194, 0.041870467364788055
vb0[124]+012 NORMAL: -0.9561216831207275, 0.25537312030792236, 0.14358294010162354
vb0[124]+024 TANGENT: -0.9582013487815857, 0.25021830201148987, 0.1387120485305786, -1.0
vb0[124]+040 BLENDWEIGHTS: 0.6940000057220459, 0.3059999942779541, 0.0, 0.0
vb0[124]+056 BLENDINDICES: 0, 7, 0, 0
vb0[124]+072 COLOR: 1.0, 0.5019607843137255, 0.5019607843137255, 0.30196078431372547
vb0[124]+076 TEXCOORD: 0.5611305236816406, 0.5951700806617737

vb0[125]+000 POSITION: 0.0634499117732048, 1.8062739372253418, 0.04571068659424782
vb0[125]+012 NORMAL: -0.91862952709198, 0.28262701630592346, 0.2761189043521881
vb0[125]+024 TANGENT: -0.250698447227478, 0.1249004676938057, 0.9599741101264954, -1.0
vb0[125]+040 BLENDWEIGHTS: 0.6679999828338623, 0.3319999873638153, 0.0, 0.0
vb0[125]+056 BLENDINDICES: 0, 7, 0, 0
vb0[125]+072 COLOR: 1.0, 0.5019607843137255, 0.5019607843137255, 0.30196078431372547
vb0[125]+076 TEXCOORD: 0.5642566680908203, 0.594898521900177

vb0[126]+000 POSITION: 0.062020931392908096, 1.8018049001693726, 0.04617924243211746
vb0[126]+012 NORMAL: -0.8921818733215332, 0.3640727996826172, 0.2673248052597046
vb0[126]+024 TANGENT: -0.23697303235530853, 0.2755684554576874, 0.9316145777702332, -1.0
vb0[126]+040 BLENDWEIGHTS: 0.6129999756813049, 0.3869999945163727, 0.0, 0.0
vb0[126]+056 BLENDINDICES: 0, 7, 0, 0
vb0[126]+072 COLOR: 1.0, 0.5019607843137255, 0.5019607843137255, 0.2
vb0[126]+076 TEXCOORD: 0.5642678737640381, 0.598906934261322

vb0[127]+000 POSITION: 0.06054282188415527, 1.7972320318222046, 0.04498770087957382
vb0[127]+012 NORMAL: -0.512607991695404, -0.4719715416431427, -0.7172697186470032
vb0[127]+024 TANGENT: -0.07303142547607422, -0.7009221315383911, -0.7094889879226685, -1.0
vb0[127]+040 BLENDWEIGHTS: 0.5680000185966492, 0.4320000112056732, 0.0, 0.0
vb0[127]+056 BLENDINDICES: 0, 7, 0, 0
vb0[127]+072 COLOR: 1.0, 0.5019607843137255, 0.5019607843137255, 0.10196078431372549
vb0[127]+076 TEXCOORD: 0.5621733665466309, 0.6027851104736328

vb0[128]+000 POSITION: 0.05988331511616707, 1.7974789142608643, 0.045227788388729095
vb0[128]+012 NORMAL: -0.9090973138809204, -0.06648004055023193, -0.411245197057724
vb0[128]+024 TANGENT: -0.9012302756309509, -0.08522331714630127, -0.42487770318984985, -1.0
vb0[128]+040 BLENDWEIGHTS: 0.5690000057220459, 0.4309999942779541, 0.0, 0.0
vb0[128]+056 BLENDINDICES: 0, 7, 0, 0
vb0[128]+072 COLOR: 1.0, 0.5019607843137255, 0.5019607843137255, 0.10196078431372549
vb0[128]+076 TEXCOORD: 0.5627255439758301, 0.6026201248168945

vb0[129]+000 POSITION: 0.06013301759958267, 1.797926902770996, 0.04595545679330826
vb0[129]+012 NORMAL: -0.8932960033416748, 0.41704508662223816, 0.1676173061132431
vb0[129]+024 TANGENT: -0.8975802063941956, 0.40834933519363403, 0.16613398492336273, -1.0
vb0[129]+040 BLENDWEIGHTS: 0.5759999752044678, 0.42399999499320984, 0.0, 0.0
vb0[129]+056 BLENDINDICES: 0, 7, 0, 0
vb0[129]+072 COLOR: 1.0, 0.5019607843137255, 0.5019607843137255, 0.10196078431372549
vb0[129]+076 TEXCOORD: 0.5633735656738281, 0.6023621559143066

vb0[130]+000 POSITION: 0.06050971895456314, 1.7979220151901245, 0.047106947749853134
vb0[130]+012 NORMAL: -0.8451199531555176, 0.4623011648654938, 0.2684212923049927
vb0[130]+024 TANGENT: -0.23710432648658752, 0.4333222508430481, 0.8694903254508972, -1.0
vb0[130]+040 BLENDWEIGHTS: 0.5630000233650208, 0.43700000643730164, 0.0, 0.0
vb0[130]+056 BLENDINDICES: 0, 7, 0, 0
vb0[130]+072 COLOR: 1.0, 0.5019607843137255, 0.5019607843137255, 0.10196078431372549
vb0[130]+076 TEXCOORD: 0.5642781257629395, 0.6025130152702332

vb0[131]+000 POSITION: 0.05834813788533211, 1.7934210300445557, 0.049156222492456436
vb0[131]+012 NORMAL: -0.9692822694778442, 0.17594991624355316, -0.17185281217098236
vb0[131]+024 TANGENT: -0.4044414460659027, -0.7276333570480347, 0.554054856300354, -1.0
vb0[131]+040 BLENDWEIGHTS: 0.5080000162124634, 0.492000013589859, 0.0, 0.0
vb0[131]+056 BLENDINDICES: 7, 0, 0, 0
vb0[131]+072 COLOR: 1.0, 0.5019607843137255, 0.5019607843137255, 0.0
vb0[131]+076 TEXCOORD: 0.5642910003662109, 0.6068210005760193

vb0[132]+000 POSITION: 0.0754907950758934, 1.8264058828353882, 0.03682689741253853
vb0[132]+012 NORMAL: 0.8491180539131165, -0.3211873471736908, 0.41932961344718933
vb0[132]+024 TANGENT: 0.8336083292961121, -0.22747573256492615, 0.5033408999443054, -1.0
vb0[132]+040 BLENDWEIGHTS: 0.8759999871253967, 0.12399999797344208, 0.0, 0.0
vb0[132]+056 BLENDINDICES: 0, 7, 0, 0
vb0[132]+072 COLOR: 1.0, 0.5019607843137255, 0.5019607843137255, 0.5019607843137255
vb0[132]+076 TEXCOORD: 0.36211681365966797, 0.6505535840988159

vb0[133]+000 POSITION: 0.07756903767585754, 1.821094036102295, 0.03310265764594078
vb0[133]+012 NORMAL: 0.8961982131004333, -0.27744412422180176, 0.346198707818985
vb0[133]+024 TANGENT: 0.9864270091056824, -0.0764462947845459, 0.14531934261322021, -1.0
vb0[133]+040 BLENDWEIGHTS: 0.824999988079071, 0.17499999701976776, 0.0, 0.0
vb0[133]+056 BLENDINDICES: 0, 7, 0, 0
vb0[133]+072 COLOR: 1.0, 0.5019607843137255, 0.5019607843137255, 0.30196078431372547
vb0[133]+076 TEXCOORD: 0.35796689987182617, 0.6437975168228149

vb0[134]+000 POSITION: 0.07794033735990524, 1.826475977897644, 0.034248508512973785
vb0[134]+012 NORMAL: 0.8962752819061279, -0.30270546674728394, 0.32412949204444885
vb0[134]+024 TANGENT: 0.9857757091522217, -0.14202328026294708, 0.08986533433198929, -1.0
vb0[134]+040 BLENDWEIGHTS: 0.8899999856948853, 0.10999999940395355, 0.0, 0.0
vb0[134]+056 BLENDINDICES: 0, 7, 0, 0
vb0[134]+072 COLOR: 1.0, 0.5019607843137255, 0.5019607843137255, 0.30196078431372547
vb0[134]+076 TEXCOORD: 0.3580770492553711, 0.6501955986022949

vb0[135]+000 POSITION: 0.07498528808355331, 1.8202948570251465, 0.035226400941610336
vb0[135]+012 NORMAL: 0.8538349270820618, -0.32439351081848145, 0.40710538625717163
vb0[135]+024 TANGENT: 0.759764552116394, -0.41145241260528564, 0.5034528970718384, -1.0
vb0[135]+040 BLENDWEIGHTS: 0.8230000138282776, 0.1770000010728836, 0.0, 0.0
vb0[135]+056 BLENDINDICES: 0, 7, 0, 0
vb0[135]+072 COLOR: 1.0, 0.5019607843137255, 0.5019607843137255, 0.10196078431372549
vb0[135]+076 TEXCOORD: 0.36196184158325195, 0.6433465480804443

vb0[136]+000 POSITION: 0.07618553191423416, 1.8264919519424438, 0.031665999442338943
vb0[136]+012 NORMAL: 0.9376516938209534, -0.3371889293193817, 0.08433908969163895
vb0[136]+024 TANGENT: 0.7412366271018982, -0.10359369963407516, -0.6632018089294434, -1.0
vb0[136]+040 BLENDWEIGHTS: 0.9139999747276306, 0.0860000029206276, 0.0, 0.0
vb0[136]+056 BLENDINDICES: 0, 7, 0, 0
vb0[136]+072 COLOR: 1.0, 0.5019607843137255, 0.5019607843137255, 0.10196078431372549
vb0[136]+076 TEXCOORD: 0.35462284088134766, 0.6495095491409302

vb0[137]+000 POSITION: 0.07600295543670654, 1.8219748735427856, 0.03089330904185772
vb0[137]+012 NORMAL: 0.9698124527931213, -0.22757619619369507, 0.0875943973660469
vb0[137]+024 TANGENT: 0.12819987535476685, 0.2299664169549942, -0.9647176861763, -1.0
vb0[137]+040 BLENDWEIGHTS: 0.8560000061988831, 0.14399999380111694, 0.0, 0.0
vb0[137]+056 BLENDINDICES: 0, 7, 0, 0
vb0[137]+072 COLOR: 1.0, 0.5019607843137255, 0.5019607843137255, 0.30196078431372547
vb0[137]+076 TEXCOORD: 0.35462284088134766, 0.6442065238952637

vb0[138]+000 POSITION: 0.07550501823425293, 1.8164139986038208, 0.033192228525877
vb0[138]+012 NORMAL: 0.8152784705162048, -0.3160191476345062, 0.4852348864078522
vb0[138]+024 TANGENT: -0.13696134090423584, -0.5496554374694824, 0.8240876197814941, -1.0
vb0[138]+040 BLENDWEIGHTS: 0.7760000228881836, 0.2240000069141388, 0.0, 0.0
vb0[138]+056 BLENDINDICES: 0, 7, 0, 0
vb0[138]+072 COLOR: 1.0, 0.5019607843137255, 0.5019607843137255, 0.30196078431372547
vb0[138]+076 TEXCOORD: 0.3607499599456787, 0.6386065483093262

vb0[139]+000 POSITION: 0.07768628746271133, 1.8174569606781006, 0.03153787925839424
vb0[139]+012 NORMAL: 0.9132534265518188, -0.25063592195510864, 0.32116952538490295
vb0[139]+024 TANGENT: 0.9886243343353271, -0.0018470288487151265, 0.15039455890655518, -1.0
vb0[139]+040 BLENDWEIGHTS: 0.7739999890327454, 0.22599999606609344, 0.0, 0.0
vb0[139]+056 BLENDINDICES: 0, 7, 0, 0
vb0[139]+072 COLOR: 1.0, 0.5019607843137255, 0.5019607843137255, 0.30196078431372547
vb0[139]+076 TEXCOORD: 0.35741400718688965, 0.6392145156860352

vb0[140]+000 POSITION: 0.07626915723085403, 1.8185029029846191, 0.02983247861266136
vb0[140]+012 NORMAL: 0.9805555939674377, -0.17035526037216187, 0.09741540998220444
vb0[140]+024 TANGENT: 0.12841981649398804, 0.3535161018371582, -0.9265714287757874, -1.0
vb0[140]+040 BLENDWEIGHTS: 0.8050000071525574, 0.19499999284744263, 0.0, 0.0
vb0[140]+056 BLENDINDICES: 0, 7, 0, 0
vb0[140]+072 COLOR: 1.0, 0.5019607843137255, 0.5019607843137255, 0.30196078431372547
vb0[140]+076 TEXCOORD: 0.35462284088134766, 0.639926552772522

vb0[141]+000 POSITION: 0.07647629827260971, 1.8132989406585693, 0.030940858647227287
vb0[141]+012 NORMAL: 0.836432695388794, -0.31016460061073303, 0.45186078548431396
vb0[141]+024 TANGENT: -0.0910874679684639, -0.6703291535377502, 0.7364522814750671, -1.0
vb0[141]+040 BLENDWEIGHTS: 0.7369999885559082, 0.2630000114440918, 0.0, 0.0
vb0[141]+056 BLENDINDICES: 0, 7, 0, 0
vb0[141]+072 COLOR: 1.0, 0.5019607843137255, 0.5019607843137255, 0.30196078431372547
vb0[141]+076 TEXCOORD: 0.3593311309814453, 0.6345605850219727

vb0[142]+000 POSITION: 0.07807503640651703, 1.8143869638442993, 0.029827730730175972
vb0[142]+012 NORMAL: 0.9232151508331299, -0.22022025287151337, 0.31492358446121216
vb0[142]+024 TANGENT: 0.9825366139411926, 0.07538354396820068, 0.17011523246765137, -1.0
vb0[142]+040 BLENDWEIGHTS: 0.7329999804496765, 0.2669999897480011, 0.0, 0.0
vb0[142]+056 BLENDINDICES: 0, 7, 0, 0
vb0[142]+072 COLOR: 1.0, 0.5019607843137255, 0.5019607843137255, 0.30196078431372547
vb0[142]+076 TEXCOORD: 0.3568439483642578, 0.6351145505905151

vb0[143]+000 POSITION: 0.07787103950977325, 1.8107709884643555, 0.028290919959545135
vb0[143]+012 NORMAL: 0.8521852493286133, -0.3088654577732086, 0.4223536252975464
vb0[143]+024 TANGENT: 0.007842003367841244, -0.7834424376487732, 0.6214148998260498, -1.0
vb0[143]+040 BLENDWEIGHTS: 0.699999988079071, 0.30000001192092896, 0.0, 0.0
vb0[143]+056 BLENDINDICES: 0, 7, 0, 0
vb0[143]+072 COLOR: 1.0, 0.5019607843137255, 0.5019607843137255, 0.2
vb0[143]+076 TEXCOORD: 0.35776185989379883, 0.6306775808334351

vb0[144]+000 POSITION: 0.07880780100822449, 1.8119109869003296, 0.027710849419236183
vb0[144]+012 NORMAL: 0.9374194145202637, -0.1837213784456253, 0.2957894206047058
vb0[144]+024 TANGENT: 0.970526933670044, 0.2039254903793335, 0.12842094898223877, -1.0
vb0[144]+040 BLENDWEIGHTS: 0.6980000138282776, 0.3019999861717224, 0.0, 0.0
vb0[144]+056 BLENDINDICES: 0, 7, 0, 0
vb0[144]+072 COLOR: 1.0, 0.5019607843137255, 0.5019607843137255, 0.2
vb0[144]+076 TEXCOORD: 0.35607385635375977, 0.6313085556030273

vb0[145]+000 POSITION: 0.07781297713518143, 1.8123430013656616, 0.02696984075009823
vb0[145]+012 NORMAL: 0.9937039017677307, -0.04740754887461662, 0.10151411592960358
vb0[145]+024 TANGENT: 0.03109716810286045, 0.5662381649017334, -0.82365483045578, -1.0
vb0[145]+040 BLENDWEIGHTS: 0.7070000171661377, 0.2930000126361847, 0.0, 0.0
vb0[145]+056 BLENDINDICES: 0, 7, 0, 0
vb0[145]+072 COLOR: 1.0, 0.5019607843137255, 0.5019607843137255, 0.2
vb0[145]+076 TEXCOORD: 0.35462284088134766, 0.631698489189148

vb0[146]+000 POSITION: 0.0768476203083992, 1.8151719570159912, 0.028497640043497086
vb0[146]+012 NORMAL: 0.9885392785072327, -0.11120692640542984, 0.10209370404481888
vb0[146]+024 TANGENT: 0.09054136276245117, 0.4572124183177948, -0.8847367167472839, -1.0
vb0[146]+040 BLENDWEIGHTS: 0.753000020980835, 0.24699999392032623, 0.0, 0.0
vb0[146]+056 BLENDINDICES: 0, 7, 0, 0
vb0[146]+072 COLOR: 1.0, 0.5019607843137255, 0.5019607843137255, 0.30196078431372547
vb0[146]+076 TEXCOORD: 0.35462284088134766, 0.6356475353240967

vb0[147]+000 POSITION: 0.07936656475067139, 1.8089359998703003, 0.02551645040512085
vb0[147]+012 NORMAL: 0.8735393285751343, -0.3014126420021057, 0.3822034001350403
vb0[147]+024 TANGENT: 0.061867717653512955, -0.8535863757133484, 0.517264723777771, -1.0
vb0[147]+040 BLENDWEIGHTS: 0.6650000214576721, 0.33500000834465027, 0.0, 0.0
vb0[147]+056 BLENDINDICES: 0, 7, 0, 0
vb0[147]+072 COLOR: 1.0, 0.5019607843137255, 0.5019607843137255, 0.2
vb0[147]+076 TEXCOORD: 0.3561720848083496, 0.6270345449447632

vb0[148]+000 POSITION: 0.07980959117412567, 1.809464931488037, 0.02524295076727867
vb0[148]+012 NORMAL: 0.9542144536972046, -0.14567351341247559, 0.26125460863113403
vb0[148]+024 TANGENT: 0.9391652345657349, 0.3102545738220215, 0.1473456621170044, -1.0
vb0[148]+040 BLENDWEIGHTS: 0.6620000004768372, 0.33799999952316284, 0.0, 0.0
vb0[148]+056 BLENDINDICES: 0, 7, 0, 0
vb0[148]+072 COLOR: 1.0, 0.5019607843137255, 0.5019607843137255, 0.2
vb0[148]+076 TEXCOORD: 0.3553450107574463, 0.627172589302063

vb0[149]+000 POSITION: 0.08122651278972626, 1.8073879480361938, 0.022270340472459793
vb0[149]+012 NORMAL: 0.9578308463096619, -0.1190301775932312, 0.2615182101726532
vb0[149]+024 TANGENT: 0.4723411798477173, -0.48454412817955017, -0.7362818121910095, -1.0
vb0[149]+040 BLENDWEIGHTS: 0.625, 0.375, 0.0, 0.0
vb0[149]+056 BLENDINDICES: 0, 7, 0, 0
vb0[149]+072 COLOR: 1.0, 0.5019607843137255, 0.5019607843137255, 0.0
vb0[149]+076 TEXCOORD: 0.35462284088134766, 0.6227855682373047

vb0[150]+000 POSITION: 0.0792635902762413, 1.8095879554748535, 0.024919359013438225
vb0[150]+012 NORMAL: 0.9972681999206543, 0.007855010218918324, 0.07344658672809601
vb0[150]+024 TANGENT: -0.03673863038420677, 0.6788037419319153, -0.7334000468254089, -1.0
vb0[150]+040 BLENDWEIGHTS: 0.6639999747276306, 0.335999995470047, 0.0, 0.0
vb0[150]+056 BLENDINDICES: 0, 7, 0, 0
vb0[150]+072 COLOR: 1.0, 0.5019607843137255, 0.5019607843137255, 0.2
vb0[150]+076 TEXCOORD: 0.35462284088134766, 0.6273255348205566

vb0[151]+000 POSITION: 0.07647629827260971, 1.8132989406585693, 0.030940858647227287
vb0[151]+012 NORMAL: -0.8670647740364075, -0.4899440407752991, 0.09029724448919296
vb0[151]+024 TANGENT: -0.0910874679684639, -0.6703291535377502, 0.7364522814750671, -1.0
vb0[151]+040 BLENDWEIGHTS: 0.7369999885559082, 0.2630000114440918, 0.0, 0.0
vb0[151]+056 BLENDINDICES: 0, 7, 0, 0
vb0[151]+072 COLOR: 1.0, 0.5019607843137255, 0.5019607843137255, 0.30196078431372547
vb0[151]+076 TEXCOORD: 0.46505212783813477, 0.3890766501426697

vb0[152]+000 POSITION: 0.07690172642469406, 1.8114299774169922, 0.02733710967004299
vb0[152]+012 NORMAL: -0.8734977841377258, -0.2700888514518738, -0.4050353169441223
vb0[152]+024 TANGENT: -0.8736525177955627, -0.3132055699825287, -0.3723351061344147, -1.0
vb0[152]+040 BLENDWEIGHTS: 0.7089999914169312, 0.29100000858306885, 0.0, 0.0
vb0[152]+056 BLENDINDICES: 0, 7, 0, 0
vb0[152]+072 COLOR: 1.0, 0.5019607843137255, 0.5019607843137255, 0.2
vb0[152]+076 TEXCOORD: 0.4675407409667969, 0.3871535658836365

vb0[153]+000 POSITION: 0.07787103950977325, 1.8107709884643555, 0.028290919959545135
vb0[153]+012 NORMAL: -0.8154197931289673, -0.5786576867103577, -0.015679702162742615
vb0[153]+024 TANGENT: 0.007842003367841244, -0.7834424376487732, 0.6214148998260498, -1.0
vb0[153]+040 BLENDWEIGHTS: 0.699999988079071, 0.30000001192092896, 0.0, 0.0
vb0[153]+056 BLENDINDICES: 0, 7, 0, 0
vb0[153]+072 COLOR: 1.0, 0.5019607843137255, 0.5019607843137255, 0.2
vb0[153]+076 TEXCOORD: 0.46633243560791016, 0.38659733533859253

vb0[154]+000 POSITION: 0.0753668025135994, 1.8139688968658447, 0.029325779527425766
vb0[154]+012 NORMAL: -0.9174212217330933, -0.22894549369812012, -0.3254570960998535
vb0[154]+024 TANGENT: -0.9227362275123596, -0.2519756853580475, -0.29166099429130554, -1.0
vb0[154]+040 BLENDWEIGHTS: 0.7540000081062317, 0.2460000067949295, 0.0, 0.0
vb0[154]+056 BLENDINDICES: 0, 7, 0, 0
vb0[154]+072 COLOR: 1.0, 0.5019607843137255, 0.5019607843137255, 0.30196078431372547
vb0[154]+076 TEXCOORD: 0.4668393135070801, 0.38952577114105225

vb0[155]+000 POSITION: 0.07781297713518143, 1.8123430013656616, 0.02696984075009823
vb0[155]+012 NORMAL: -0.7143000960350037, 0.10831949859857559, -0.6914060711860657
vb0[155]+024 TANGENT: 0.03109716810286045, 0.5662381649017334, -0.82365483045578, -1.0
vb0[155]+040 BLENDWEIGHTS: 0.7070000171661377, 0.2930000126361847, 0.0, 0.0
vb0[155]+056 BLENDINDICES: 0, 7, 0, 0
vb0[155]+072 COLOR: 1.0, 0.5019607843137255, 0.5019607843137255, 0.2
vb0[155]+076 TEXCOORD: 0.46872901916503906, 0.38744211196899414

vb0[156]+000 POSITION: 0.0768476203083992, 1.8151719570159912, 0.028497640043497086
vb0[156]+012 NORMAL: -0.7481907606124878, 0.08325348049402237, -0.6582396626472473
vb0[156]+024 TANGENT: 0.09054136276245117, 0.4572124183177948, -0.8847367167472839, -1.0
vb0[156]+040 BLENDWEIGHTS: 0.753000020980835, 0.24699999392032623, 0.0, 0.0
vb0[156]+056 BLENDINDICES: 0, 7, 0, 0
vb0[156]+072 COLOR: 1.0, 0.5019607843137255, 0.5019607843137255, 0.30196078431372547
vb0[156]+076 TEXCOORD: 0.4686741828918457, 0.3899274468421936

vb0[157]+000 POSITION: 0.07435578852891922, 1.8168249130249023, 0.030924370512366295
vb0[157]+012 NORMAL: -0.9218772053718567, -0.12278740108013153, -0.36751261353492737
vb0[157]+024 TANGENT: -0.9549207091331482, -0.16184145212173462, -0.24886494874954224, -1.0
vb0[157]+040 BLENDWEIGHTS: 0.7990000247955322, 0.20100000500679016, 0.0, 0.0
vb0[157]+056 BLENDINDICES: 0, 7, 0, 0
vb0[157]+072 COLOR: 1.0, 0.5019607843137255, 0.5019607843137255, 0.30196078431372547
vb0[157]+076 TEXCOORD: 0.4662599563598633, 0.39190322160720825

vb0[158]+000 POSITION: 0.07550501823425293, 1.8164139986038208, 0.033192228525877
vb0[158]+012 NORMAL: -0.901996374130249, -0.397114634513855, 0.16941773891448975
vb0[158]+024 TANGENT: -0.13696134090423584, -0.5496554374694824, 0.8240876197814941, -1.0
vb0[158]+040 BLENDWEIGHTS: 0.7760000228881836, 0.2240000069141388, 0.0, 0.0
vb0[158]+056 BLENDINDICES: 0, 7, 0, 0
vb0[158]+072 COLOR: 1.0, 0.5019607843137255, 0.5019607843137255, 0.30196078431372547
vb0[158]+076 TEXCOORD: 0.4639558792114258, 0.3917914628982544

vb0[159]+000 POSITION: 0.073445625603199, 1.8199119567871094, 0.03251475840806961
vb0[159]+012 NORMAL: -0.823663055896759, -0.02586163766682148, -0.566489577293396
vb0[159]+024 TANGENT: 0.08448487520217896, -0.5415312647819519, -0.8364246487617493, -1.0
vb0[159]+040 BLENDWEIGHTS: 0.8420000076293945, 0.15800000727176666, 0.0, 0.0
vb0[159]+056 BLENDINDICES: 0, 7, 0, 0
vb0[159]+072 COLOR: 1.0, 0.5019607843137255, 0.5019607843137255, 0.0
vb0[159]+076 TEXCOORD: 0.46553516387939453, 0.3945755362510681

vb0[160]+000 POSITION: 0.07498528808355331, 1.8202948570251465, 0.035226400941610336
vb0[160]+012 NORMAL: -0.9671440720558167, -0.23035027086734772, -0.10756916552782059
vb0[160]+024 TANGENT: 0.759764552116394, -0.41145241260528564, 0.5034528970718384, -1.0
vb0[160]+040 BLENDWEIGHTS: 0.8230000138282776, 0.1770000010728836, 0.0, 0.0
vb0[160]+056 BLENDINDICES: 0, 7, 0, 0
vb0[160]+072 COLOR: 1.0, 0.5019607843137255, 0.5019607843137255, 0.10196078431372549
vb0[160]+076 TEXCOORD: 0.46283626556396484, 0.3952644467353821

vb0[161]+000 POSITION: 0.07626915723085403, 1.8185029029846191, 0.02983247861266136
vb0[161]+012 NORMAL: -0.7847758531570435, 0.07400209456682205, -0.6153458952903748
vb0[161]+024 TANGENT: 0.12841981649398804, 0.3535161018371582, -0.9265714287757874, -1.0
vb0[161]+040 BLENDWEIGHTS: 0.8050000071525574, 0.19499999284744263, 0.0, 0.0
vb0[161]+056 BLENDINDICES: 0, 7, 0, 0
vb0[161]+072 COLOR: 1.0, 0.5019607843137255, 0.5019607843137255, 0.30196078431372547
vb0[161]+076 TEXCOORD: 0.4686150550842285, 0.3925975561141968

vb0[162]+000 POSITION: 0.0788947269320488, 1.8093159198760986, 0.02500487118959427
vb0[162]+012 NORMAL: -0.8375411629676819, -0.2673124670982361, -0.47651728987693787
vb0[162]+024 TANGENT: -0.8312570452690125, -0.2953002154827118, -0.47096648812294006, -1.0
vb0[162]+040 BLENDWEIGHTS: 0.6700000166893005, 0.33000001311302185, 0.0, 0.0
vb0[162]+056 BLENDINDICES: 0, 7, 0, 0
vb0[162]+072 COLOR: 1.0, 0.5019607843137255, 0.5019607843137255, 0.2
vb0[162]+076 TEXCOORD: 0.46837472915649414, 0.3847184181213379

vb0[163]+000 POSITION: 0.07936656475067139, 1.8089359998703003, 0.02551645040512085
vb0[163]+012 NORMAL: -0.8477269411087036, -0.43649235367774963, -0.30138590931892395
vb0[163]+024 TANGENT: 0.061867717653512955, -0.8535863757133484, 0.517264723777771, -1.0
vb0[163]+040 BLENDWEIGHTS: 0.6650000214576721, 0.33500000834465027, 0.0, 0.0
vb0[163]+056 BLENDINDICES: 0, 7, 0, 0
vb0[163]+072 COLOR: 1.0, 0.5019607843137255, 0.5019607843137255, 0.2
vb0[163]+076 TEXCOORD: 0.46770524978637695, 0.38447219133377075

vb0[164]+000 POSITION: 0.08122651278972626, 1.8073879480361938, 0.022270340472459793
vb0[164]+012 NORMAL: -0.82900470495224, -0.2703486680984497, -0.4895537495613098
vb0[164]+024 TANGENT: 0.4723411798477173, -0.48454412817955017, -0.7362818121910095, -1.0
vb0[164]+040 BLENDWEIGHTS: 0.625, 0.375, 0.0, 0.0
vb0[164]+056 BLENDINDICES: 0, 7, 0, 0
vb0[164]+072 COLOR: 1.0, 0.5019607843137255, 0.5019607843137255, 0.0
vb0[164]+076 TEXCOORD: 0.46884894371032715, 0.38200807571411133

vb0[165]+000 POSITION: 0.0792635902762413, 1.8095879554748535, 0.024919359013438225
vb0[165]+012 NORMAL: -0.7750684022903442, -0.08366795629262924, -0.6263135671615601
vb0[165]+024 TANGENT: -0.03673863038420677, 0.6788037419319153, -0.7334000468254089, -1.0
vb0[165]+040 BLENDWEIGHTS: 0.6639999747276306, 0.335999995470047, 0.0, 0.0
vb0[165]+056 BLENDINDICES: 0, 7, 0, 0
vb0[165]+072 COLOR: 1.0, 0.5019607843137255, 0.5019607843137255, 0.2
vb0[165]+076 TEXCOORD: 0.46878933906555176, 0.38473451137542725

vb0[166]+000 POSITION: 0.07600295543670654, 1.8219748735427856, 0.03089330904185772
vb0[166]+012 NORMAL: -0.67828369140625, 0.14301764965057373, -0.7207476496696472
vb0[166]+024 TANGENT: 0.12819987535476685, 0.2299664169549942, -0.9647176861763, -1.0
vb0[166]+040 BLENDWEIGHTS: 0.8560000061988831, 0.14399999380111694, 0.0, 0.0
vb0[166]+056 BLENDINDICES: 0, 7, 0, 0
vb0[166]+072 COLOR: 1.0, 0.5019607843137255, 0.5019607843137255, 0.30196078431372547
vb0[166]+076 TEXCOORD: 0.46855854988098145, 0.39518946409225464

vb0[167]+000 POSITION: 0.07480151206254959, 1.8233169317245483, 0.032153137028217316
vb0[167]+012 NORMAL: -0.7065851092338562, 0.08074159920215607, -0.7030066847801208
vb0[167]+024 TANGENT: 0.04328519105911255, -0.14730477333068848, -0.9881435036659241, -1.0
vb0[167]+040 BLENDWEIGHTS: 0.8809999823570251, 0.11900000274181366, 0.0, 0.0
vb0[167]+056 BLENDINDICES: 0, 7, 0, 0
vb0[167]+072 COLOR: 1.0, 0.5019607843137255, 0.5019607843137255, 0.0
vb0[167]+076 TEXCOORD: 0.46714305877685547, 0.3964475393295288

vb0[168]+000 POSITION: 0.07618553191423416, 1.8264919519424438, 0.031665999442338943
vb0[168]+012 NORMAL: -0.6666814684867859, 0.10040359944105148, -0.7385492920875549
vb0[168]+024 TANGENT: 0.7412366271018982, -0.10359369963407516, -0.6632018089294434, -1.0
vb0[168]+040 BLENDWEIGHTS: 0.9139999747276306, 0.0860000029206276, 0.0, 0.0
vb0[168]+056 BLENDINDICES: 0, 7, 0, 0
vb0[168]+072 COLOR: 1.0, 0.5019607843137255, 0.5019607843137255, 0.10196078431372549
vb0[168]+076 TEXCOORD: 0.4684898853302002, 0.39829736948013306

vb0[169]+000 POSITION: 0.07678253203630447, 1.8456569910049438, 0.04677813872694969
vb0[169]+012 NORMAL: -0.5852230191230774, -0.6871536374092102, 0.43050429224967957
vb0[169]+024 TANGENT: 0.7306410074234009, -0.3307182788848877, 0.5973182916641235, -1.0
vb0[169]+040 BLENDWEIGHTS: 0.9760000109672546, 0.024000000208616257, 0.0, 0.0
vb0[169]+056 BLENDINDICES: 0, 7, 0, 0
vb0[169]+072 COLOR: 1.0, 0.5019607843137255, 0.5019607843137255, 0.2
vb0[169]+076 TEXCOORD: 0.9838962554931641, 0.9178310632705688

vb0[170]+000 POSITION: 0.07779853045940399, 1.8394389152526855, 0.038234010338783264
vb0[170]+012 NORMAL: -0.5282850861549377, -0.7289963960647583, 0.43529200553894043
vb0[170]+024 TANGENT: 0.3629665970802307, -0.7155247926712036, 0.5968915224075317, -1.0
vb0[170]+040 BLENDWEIGHTS: 0.9769999980926514, 0.023000000044703484, 0.0, 0.0
vb0[170]+056 BLENDINDICES: 0, 11, 0, 0
vb0[170]+072 COLOR: 1.0, 0.5019607843137255, 0.5019607843137255, 0.0
vb0[170]+076 TEXCOORD: 0.9838027954101562, 0.9263421297073364

vb0[171]+000 POSITION: 0.07897651195526123, 1.8395229578018188, 0.03996957838535309
vb0[171]+012 NORMAL: -0.5282850861549377, -0.7289963960647583, 0.4352920651435852
vb0[171]+024 TANGENT: 0.09849710017442703, -0.7266635894775391, 0.6798958778381348, -1.0
vb0[171]+040 BLENDWEIGHTS: 0.9769999980926514, 0.023000000044703484, 0.0, 0.0
vb0[171]+056 BLENDINDICES: 0, 11, 0, 0
vb0[171]+072 COLOR: 1.0, 0.5019607843137255, 0.5019607843137255, 0.5019607843137255
vb0[171]+076 TEXCOORD: 0.985114336013794, 0.9252884387969971

vb0[172]+000 POSITION: 0.08113573491573334, 1.8355928659439087, 0.03506829962134361
vb0[172]+012 NORMAL: -0.4195214807987213, -0.8231147527694702, 0.38273200392723083
vb0[172]+024 TANGENT: 0.1680130511522293, -0.7637562155723572, 0.6232560276985168, -1.0
vb0[172]+040 BLENDWEIGHTS: 0.9359999895095825, 0.06400000303983688, 0.0, 0.0
vb0[172]+056 BLENDINDICES: 0, 11, 0, 0
vb0[172]+072 COLOR: 1.0, 0.5019607843137255, 0.5019607843137255, 0.5019607843137255
vb0[172]+076 TEXCOORD: 0.9862217903137207, 0.9304988384246826

vb0[173]+000 POSITION: 0.07913914322853088, 1.8360718488693237, 0.034098170697689056
vb0[173]+012 NORMAL: -0.44882169365882874, -0.8441615700721741, 0.29317277669906616
vb0[173]+024 TANGENT: 0.34480348229408264, -0.9050477743148804, 0.24899637699127197, -1.0
vb0[173]+040 BLENDWEIGHTS: 0.9769999980926514, 0.023000000044703484, 0.0, 0.0
vb0[173]+056 BLENDINDICES: 0, 11, 0, 0
vb0[173]+072 COLOR: 1.0, 0.5019607843137255, 0.5019607843137255, 0.0
vb0[173]+076 TEXCOORD: 0.9844107627868652, 0.9307103157043457

vb0[174]+000 POSITION: 0.08458005636930466, 1.8317790031433105, 0.028707779943943024
vb0[174]+012 NORMAL: -0.44005855917930603, -0.8875904083251953, 0.13613130152225494
vb0[174]+024 TANGENT: 0.13058125972747803, -0.875569760799408, 0.4651086628437042, -1.0
vb0[174]+040 BLENDWEIGHTS: 0.7879999876022339, 0.21199999749660492, 0.0, 0.0
vb0[174]+056 BLENDINDICES: 0, 11, 0, 0
vb0[174]+072 COLOR: 1.0, 0.5019607843137255, 0.5019607843137255, 0.5019607843137255
vb0[174]+076 TEXCOORD: 0.9878988265991211, 0.9368423223495483

vb0[175]+000 POSITION: 0.07326962798833847, 1.8375779390335083, 0.023148249834775925
vb0[175]+012 NORMAL: -0.7123898267745972, -0.4398895502090454, -0.546807050704956
vb0[175]+024 TANGENT: -0.6170108914375305, -0.3802065849304199, -0.6890142560005188, -1.0
vb0[175]+040 BLENDWEIGHTS: 1.0, 0.0, 0.0, 0.0
vb0[175]+056 BLENDINDICES: 0, 0, 0, 0
vb0[175]+072 COLOR: 1.0, 0.5019607843137255, 0.5019607843137255, 0.10196078431372549
vb0[175]+076 TEXCOORD: 0.9766383171081543, 0.9371949434280396

vb0[176]+000 POSITION: 0.07772021740674973, 1.835115909576416, 0.019786838442087173
vb0[176]+012 NORMAL: -0.6426642537117004, -0.6165798306465149, -0.45476579666137695
vb0[176]+024 TANGENT: -0.6441918611526489, -0.6222962141036987, -0.4447070062160492, -1.0
vb0[176]+040 BLENDWEIGHTS: 0.8379999995231628, 0.16200000047683716, 0.0, 0.0
vb0[176]+056 BLENDINDICES: 0, 11, 0, 0
vb0[176]+072 COLOR: 1.0, 0.5019607843137255, 0.5019607843137255, 0.5019607843137255
vb0[176]+076 TEXCOORD: 0.9795117378234863, 0.9411211013793945

vb0[177]+000 POSITION: 0.08404882997274399, 1.8324509859085083, 0.015337539836764336
vb0[177]+012 NORMAL: -0.5831592679023743, -0.6089847683906555, -0.5376456379890442
vb0[177]+024 TANGENT: -0.584746241569519, -0.6195856928825378, -0.5236271023750305, -1.0
vb0[177]+040 BLENDWEIGHTS: 0.6150000095367432, 0.38499999046325684, 0.0, 0.0
vb0[177]+056 BLENDINDICES: 0, 11, 0, 0
vb0[177]+072 COLOR: 1.0, 0.5019607843137255, 0.5019607843137255, 0.5019607843137255
vb0[177]+076 TEXCOORD: 0.9831662178039551, 0.9464490413665771

vb0[178]+000 POSITION: 0.08355244249105453, 1.846121072769165, 0.013528939336538315
vb0[178]+012 NORMAL: -0.5942801833152771, -0.1404685229063034, -0.7918962240219116
vb0[178]+024 TANGENT: -0.08110702782869339, 0.4956108629703522, -0.8647494316101074, -1.0
vb0[178]+040 BLENDWEIGHTS: 0.7519999742507935, 0.24799999594688416, 0.0, 0.0
vb0[178]+056 BLENDINDICES: 0, 11, 0, 0
vb0[178]+072 COLOR: 1.0, 0.5019607843137255, 0.5019607843137255, 0.5019607843137255
vb0[178]+076 TEXCOORD: 0.9727106094360352, 0.9499671459197998

vb0[179]+000 POSITION: 0.08837615698575974, 1.8418558835983276, 0.010946759954094887
vb0[179]+012 NORMAL: -0.5708070993423462, -0.11448454111814499, -0.8130636811256409
vb0[179]+024 TANGENT: -0.09145569801330566, 0.4966621398925781, -0.8631121516227722, -1.0
vb0[179]+040 BLENDWEIGHTS: 0.5609999895095825, 0.4390000104904175, 0.0, 0.0
vb0[179]+056 BLENDINDICES: 0, 11, 0, 0
vb0[179]+072 COLOR: 1.0, 0.5019607843137255, 0.5019607843137255, 0.5019607843137255
vb0[179]+076 TEXCOORD: 0.9773097038269043, 0.95325767993927

vb0[180]+000 POSITION: 0.08962590247392654, 1.8291549682617188, 0.02231558971107006
vb0[180]+012 NORMAL: -0.4079214632511139, -0.9087068438529968, -0.08861196786165237
vb0[180]+024 TANGENT: 0.18573148548603058, -0.8949640393257141, 0.40563932061195374, -1.0
vb0[180]+040 BLENDWEIGHTS: 0.5680000185966492, 0.4320000112056732, 0.0, 0.0
vb0[180]+056 BLENDINDICES: 0, 11, 0, 0
vb0[180]+072 COLOR: 1.0, 0.5019607843137255, 0.5019607843137255, 0.5019607843137255
vb0[180]+076 TEXCOORD: 0.9901447296142578, 0.9434365034103394

vb0[181]+000 POSITION: 0.09071052074432373, 1.830599069595337, 0.010757779702544212
vb0[181]+012 NORMAL: -0.5279319882392883, -0.5935193300247192, -0.6074722409248352
vb0[181]+024 TANGENT: -0.5272819399833679, -0.6042419075965881, -0.5973823070526123, -1.0
vb0[181]+040 BLENDWEIGHTS: 0.5879999995231628, 0.41200000047683716, 0.0, 0.0
vb0[181]+056 BLENDINDICES: 11, 0, 0, 0
vb0[181]+072 COLOR: 1.0, 0.5019607843137255, 0.5019607843137255, 0.5019607843137255
vb0[181]+076 TEXCOORD: 0.9864802360534668, 0.9520796537399292

vb0[182]+000 POSITION: 0.09355393052101135, 1.8378009796142578, 0.00825536996126175
vb0[182]+012 NORMAL: -0.5467684268951416, -0.07664992660284042, -0.8337679505348206
vb0[182]+024 TANGENT: -0.11920821666717529, 0.5303555727005005, -0.8393523097038269, -1.0
vb0[182]+040 BLENDWEIGHTS: 0.6119999885559082, 0.3880000114440918, 0.0, 0.0
vb0[182]+056 BLENDINDICES: 11, 0, 0, 0
vb0[182]+072 COLOR: 1.0, 0.5019607843137255, 0.5019607843137255, 0.5019607843137255
vb0[182]+076 TEXCOORD: 0.9819478988647461, 0.9567480087280273

vb0[183]+000 POSITION: 0.09690789133310318, 1.8295978307724, 0.006623359862715006
vb0[183]+012 NORMAL: -0.4833126366138458, -0.5691670179367065, -0.6651750206947327
vb0[183]+024 TANGENT: -0.48539260029792786, -0.5737817883491516, -0.6596730351448059, -1.0
vb0[183]+040 BLENDWEIGHTS: 0.7580000162124634, 0.24199999868869781, 0.0, 0.0
vb0[183]+056 BLENDINDICES: 11, 0, 0, 0
vb0[183]+072 COLOR: 1.0, 0.5019607843137255, 0.5019607843137255, 0.4
vb0[183]+076 TEXCOORD: 0.9891858100891113, 0.9573564529418945

vb0[184]+000 POSITION: 0.09883185476064682, 1.834678053855896, 0.005340329837054014
vb0[184]+012 NORMAL: -0.5156329274177551, -0.01914701983332634, -0.8565955758094788
vb0[184]+024 TANGENT: -0.14400815963745117, 0.5872250199317932, -0.7965102195739746, -1.0
vb0[184]+040 BLENDWEIGHTS: 0.7580000162124634, 0.24199999868869781, 0.0, 0.0
vb0[184]+056 BLENDINDICES: 11, 0, 0, 0
vb0[184]+072 COLOR: 1.0, 0.5019607843137255, 0.5019607843137255, 0.4
vb0[184]+076 TEXCOORD: 0.9860193729400635, 0.9605042934417725

vb0[185]+000 POSITION: 0.10011090338230133, 1.8274478912353516, 0.010766420513391495
vb0[185]+012 NORMAL: -0.2866556644439697, -0.9254783391952515, -0.24762548506259918
vb0[185]+024 TANGENT: 0.258683979511261, -0.9188580513000488, 0.29796385765075684, -1.0
vb0[185]+040 BLENDWEIGHTS: 0.7730000019073486, 0.22699999809265137, 0.0, 0.0
vb0[185]+056 BLENDINDICES: 11, 0, 0, 0
vb0[185]+072 COLOR: 1.0, 0.5019607843137255, 0.5019607843137255, 0.4
vb0[185]+076 TEXCOORD: 0.9934525489807129, 0.955790638923645

vb0[186]+000 POSITION: 0.0948314368724823, 1.8279088735580444, 0.016436640173196793
vb0[186]+012 NORMAL: -0.3406107425689697, -0.921390175819397, -0.18714813888072968
vb0[186]+024 TANGENT: 0.23555265367031097, -0.904449462890625, 0.3556486964225769, -1.0
vb0[186]+040 BLENDWEIGHTS: 0.6150000095367432, 0.38499999046325684, 0.0, 0.0
vb0[186]+056 BLENDINDICES: 11, 0, 0, 0
vb0[186]+072 COLOR: 1.0, 0.5019607843137255, 0.5019607843137255, 0.5019607843137255
vb0[186]+076 TEXCOORD: 0.9919524192810059, 0.949658989906311

vb0[187]+000 POSITION: 0.10266996920108795, 1.828967571258545, 0.003070373088121414
vb0[187]+012 NORMAL: -0.4424659311771393, -0.5395498275756836, -0.7163168787956238
vb0[187]+024 TANGENT: -0.44361916184425354, -0.5461848974227905, -0.7105520367622375, -1.0
vb0[187]+040 BLENDWEIGHTS: 0.8799999952316284, 0.11999999731779099, 0.0, 0.0
vb0[187]+056 BLENDINDICES: 11, 0, 0, 0
vb0[187]+072 COLOR: 1.0, 0.5019607843137255, 0.5019607843137255, 0.30196078431372547
vb0[187]+076 TEXCOORD: 0.9916869401931763, 0.9621449112892151

vb0[188]+000 POSITION: 0.10387679934501648, 1.8320919275283813, 0.002698819851502776
vb0[188]+012 NORMAL: -0.48288869857788086, 0.0554032139480114, -0.8739272952079773
vb0[188]+024 TANGENT: -0.18104566633701324, 0.6192354559898376, -0.7640484571456909, -1.0
vb0[188]+040 BLENDWEIGHTS: 0.8679999709129333, 0.13199999928474426, 0.0, 0.0
vb0[188]+056 BLENDINDICES: 11, 0, 0, 0
vb0[188]+072 COLOR: 1.0, 0.5019607843137255, 0.5019607843137255, 0.30196078431372547
vb0[188]+076 TEXCOORD: 0.989661693572998, 0.9640505313873291

vb0[189]+000 POSITION: 0.10857077687978745, 1.828707218170166, -0.00019587729184422642
vb0[189]+012 NORMAL: -0.38608068227767944, -0.5186191201210022, -0.7628734111785889
vb0[189]+024 TANGENT: -0.39129403233528137, -0.5231274962425232, -0.7571173310279846, -1.0
vb0[189]+040 BLENDWEIGHTS: 0.9629999995231628, 0.03700000047683716, 0.0, 0.0
vb0[189]+056 BLENDINDICES: 11, 0, 0, 0
vb0[189]+072 COLOR: 1.0, 0.5019607843137255, 0.5019607843137255, 0.2
vb0[189]+076 TEXCOORD: 0.9940313100814819, 0.9669719338417053

vb0[190]+000 POSITION: 0.1091654971241951, 1.8303279876708984, -0.00026411001454107463
vb0[190]+012 NORMAL: -0.4460490942001343, 0.10706901550292969, -0.8885810971260071
vb0[190]+024 TANGENT: -0.2092961072921753, 0.6496901512145996, -0.7308200001716614, -1.0
vb0[190]+040 BLENDWEIGHTS: 0.953000009059906, 0.04699999839067459, 0.0, 0.0
vb0[190]+056 BLENDINDICES: 11, 0, 0, 0
vb0[190]+072 COLOR: 1.0, 0.5019607843137255, 0.5019607843137255, 0.2
vb0[190]+076 TEXCOORD: 0.9929530620574951, 0.9679490327835083

vb0[191]+000 POSITION: 0.10486309975385666, 1.8275798559188843, 0.00578235974535346
vb0[191]+012 NORMAL: -0.23383145034313202, -0.929131805896759, -0.2864210307598114
vb0[191]+024 TANGENT: 0.2509590983390808, -0.9403459429740906, 0.2297152429819107, -1.0
vb0[191]+040 BLENDWEIGHTS: 0.8840000033378601, 0.11599999666213989, 0.0, 0.0
vb0[191]+056 BLENDINDICES: 11, 0, 0, 0
vb0[191]+072 COLOR: 1.0, 0.5019607843137255, 0.5019607843137255, 0.30196078431372547
vb0[191]+076 TEXCOORD: 0.9944877624511719, 0.9612864255905151

vb0[192]+000 POSITION: 0.10974609851837158, 1.8280179500579834, 0.001220869948156178
vb0[192]+012 NORMAL: -0.16732408106327057, -0.9313491582870483, -0.32340583205223083
vb0[192]+024 TANGENT: 0.2496815323829651, -0.9538162350654602, 0.1670137643814087, -1.0
vb0[192]+040 BLENDWEIGHTS: 0.9580000042915344, 0.041999999433755875, 0.0, 0.0
vb0[192]+056 BLENDINDICES: 11, 0, 0, 0
vb0[192]+072 COLOR: 1.0, 0.5019607843137255, 0.5019607843137255, 0.2
vb0[192]+076 TEXCOORD: 0.9954655170440674, 0.9666262865066528

vb0[193]+000 POSITION: 0.11593209952116013, 1.8289389610290527, -0.0036122098099440336
vb0[193]+012 NORMAL: -0.34801530838012695, -0.5130394101142883, -0.7846500873565674
vb0[193]+024 TANGENT: 0.8228546380996704, -0.05688357725739479, -0.5653976798057556, -1.0
vb0[193]+040 BLENDWEIGHTS: 1.0, 0.0, 0.0, 0.0
vb0[193]+056 BLENDINDICES: 11, 0, 0, 0
vb0[193]+072 COLOR: 1.0, 0.5019607843137255, 0.5019607843137255, 0.10196078431372549
vb0[193]+076 TEXCOORD: 0.9966635704040527, 0.9728698134422302

vb0[194]+000 POSITION: 0.07864353805780411, 1.8502709865570068, 0.016096679493784904
vb0[194]+012 NORMAL: -0.6542503237724304, -0.124794602394104, -0.7459107637405396
vb0[194]+024 TANGENT: -0.30174505710601807, 0.29722118377685547, -0.9058749675750732, -1.0
vb0[194]+040 BLENDWEIGHTS: 0.9179999828338623, 0.06700000166893005, 0.014999999664723873, 0.0
vb0[194]+056 BLENDINDICES: 0, 11, 8, 0
vb0[194]+072 COLOR: 1.0, 0.5019607843137255, 0.5019607843137255, 0.0
vb0[194]+076 TEXCOORD: 0.9682803153991699, 0.9465370178222656

vb0[195]+000 POSITION: 0.07425540685653687, 1.8521538972854614, 0.020200788974761963
vb0[195]+012 NORMAL: -0.7014858722686768, -0.09537604451179504, -0.7062726020812988
vb0[195]+024 TANGENT: -0.8160389065742493, 0.02171027846634388, -0.577589213848114, -1.0
vb0[195]+040 BLENDWEIGHTS: 0.9760000109672546, 0.024000000208616257, 0.0, 0.0
vb0[195]+056 BLENDINDICES: 0, 8, 0, 0
vb0[195]+072 COLOR: 1.0, 0.5019607843137255, 0.5019607843137255, 0.0
vb0[195]+076 TEXCOORD: 0.9656920433044434, 0.9421923160552979

vb0[196]+000 POSITION: 0.06946192681789398, 1.8479887247085571, 0.05478527024388313
vb0[196]+012 NORMAL: -0.9803134799003601, -0.11383341997861862, 0.16133011877536774
vb0[196]+024 TANGENT: -0.35141468048095703, -0.38728535175323486, 0.8523601293563843, -1.0
vb0[196]+040 BLENDWEIGHTS: 0.9649999737739563, 0.03500000014901161, 0.0, 0.0
vb0[196]+056 BLENDINDICES: 0, 7, 0, 0
vb0[196]+072 COLOR: 1.0, 0.5019607843137255, 0.5019607843137255, 0.30196078431372547
vb0[196]+076 TEXCOORD: 0.5641520023345947, 0.5586317181587219

vb0[197]+000 POSITION: 0.06723340600728989, 1.8559938669204712, 0.04987227916717529
vb0[197]+012 NORMAL: -0.9337819814682007, -0.34411653876304626, 0.0981583222746849
vb0[197]+024 TANGENT: -0.9448509812355042, -0.3091771900653839, 0.10801006853580475, -1.0
vb0[197]+040 BLENDWEIGHTS: 1.0, 0.0, 0.0, 0.0
vb0[197]+056 BLENDINDICES: 0, 0, 0, 0
vb0[197]+072 COLOR: 1.0, 0.5019607843137255, 0.5019607843137255, 0.0
vb0[197]+076 TEXCOORD: 0.5580780506134033, 0.5537996888160706

vb0[198]+000 POSITION: 0.06845442950725555, 1.8546369075775146, 0.05728442594408989
vb0[198]+012 NORMAL: -0.9337819814682007, -0.3441165089607239, 0.0981583371758461
vb0[198]+024 TANGENT: -0.956903874874115, -0.24184052646160126, -0.1607731431722641, -1.0
vb0[198]+040 BLENDWEIGHTS: 0.9300000071525574, 0.07000000029802322, 0.0, 0.0
vb0[198]+056 BLENDINDICES: 0, 7, 0, 0
vb0[198]+072 COLOR: 1.0, 0.5019607843137255, 0.5019607843137255, 0.0
vb0[198]+076 TEXCOORD: 0.5641350746154785, 0.5529160499572754

vb0[199]+000 POSITION: 0.0631997361779213, 1.8636188507080078, 0.05494252219796181
vb0[199]+012 NORMAL: -0.8678602576255798, -0.49402758479118347, 0.05249188095331192
vb0[199]+024 TANGENT: -0.9220035076141357, -0.38715583086013794, -0.004451096057891846, -1.0
vb0[199]+040 BLENDWEIGHTS: 1.0, 0.0, 0.0, 0.0
vb0[199]+056 BLENDINDICES: 0, 0, 0, 0
vb0[199]+072 COLOR: 1.0, 0.5019607843137255, 0.5019607843137255, 0.0
vb0[199]+076 TEXCOORD: 0.5593581199645996, 0.5461581945419312

vb0[200]+000 POSITION: 0.06946192681789398, 1.8479887247085571, 0.05478527024388313
vb0[200]+012 NORMAL: 0.7043800950050354, -0.2937075197696686, 0.6462078094482422
vb0[200]+024 TANGENT: -0.35141468048095703, -0.38728535175323486, 0.8523601293563843, -1.0
vb0[200]+040 BLENDWEIGHTS: 0.9649999737739563, 0.03500000014901161, 0.0, 0.0
vb0[200]+056 BLENDINDICES: 0, 7, 0, 0
vb0[200]+072 COLOR: 1.0, 0.5019607843137255, 0.5019607843137255, 0.30196078431372547
vb0[200]+076 TEXCOORD: 0.3956761360168457, 0.6979124546051025

vb0[201]+000 POSITION: 0.07542286068201065, 1.8505939245224, 0.050922878086566925
vb0[201]+012 NORMAL: 0.7728720307350159, -0.28223755955696106, 0.5683402419090271
vb0[201]+024 TANGENT: 0.6769823431968689, -0.3560878038406372, 0.6441245079040527, -1.0
vb0[201]+040 BLENDWEIGHTS: 0.953000009059906, 0.04699999839067459, 0.0, 0.0
vb0[201]+056 BLENDINDICES: 0, 7, 0, 0
vb0[201]+072 COLOR: 1.0, 0.5019607843137255, 0.5019607843137255, 0.5019607843137255
vb0[201]+076 TEXCOORD: 0.387540340423584, 0.7014325857162476

vb0[202]+000 POSITION: 0.07449567317962646, 1.8555059432983398, 0.05486267805099487
vb0[202]+012 NORMAL: 0.7571929097175598, -0.2430250644683838, 0.6062983870506287
vb0[202]+024 TANGENT: 0.6033627986907959, -0.4211917817592621, 0.67716383934021, -1.0
vb0[202]+040 BLENDWEIGHTS: 0.921999990940094, 0.07800000160932541, 0.0, 0.0
vb0[202]+056 BLENDINDICES: 0, 7, 0, 0
vb0[202]+072 COLOR: 1.0, 0.5019607843137255, 0.5019607843137255, 0.5019607843137255
vb0[202]+076 TEXCOORD: 0.3908987045288086, 0.7076254487037659

vb0[203]+000 POSITION: 0.07117260992527008, 1.8555679321289062, 0.05674673244357109
vb0[203]+012 NORMAL: 0.6770336031913757, -0.23652687668800354, 0.6969078779220581
vb0[203]+024 TANGENT: 0.7772922515869141, -0.49674683809280396, -0.3860819935798645, -1.0
vb0[203]+040 BLENDWEIGHTS: 0.8339999914169312, 0.16599999368190765, 0.0, 0.0
vb0[203]+056 BLENDINDICES: 0, 7, 0, 0
vb0[203]+072 COLOR: 1.0, 0.5019607843137255, 0.5019607843137255, 0.0
vb0[203]+076 TEXCOORD: 0.3951239585876465, 0.7074272036552429

vb0[204]+000 POSITION: 0.07438050210475922, 1.8582651615142822, 0.057045139372348785
vb0[204]+012 NORMAL: 0.7539480328559875, -0.2381458878517151, 0.6122490763664246
vb0[204]+024 TANGENT: 0.5649081468582153, -0.7928708791732788, -0.22854872047901154, -1.0
vb0[204]+040 BLENDWEIGHTS: 0.9279999732971191, 0.07199999690055847, 0.0, 0.0
vb0[204]+056 BLENDINDICES: 0, 7, 0, 0
vb0[204]+072 COLOR: 1.0, 0.5019607843137255, 0.5019607843137255, 0.0
vb0[204]+076 TEXCOORD: 0.39248228073120117, 0.7113450765609741

vb0[205]+000 POSITION: 0.06845442950725555, 1.8546369075775146, 0.05728442594408989
vb0[205]+012 NORMAL: 0.6365644931793213, -0.24159322679042816, 0.7324058413505554
vb0[205]+024 TANGENT: -0.956903874874115, -0.24184052646160126, -0.1607731431722641, -1.0
vb0[205]+040 BLENDWEIGHTS: 0.9300000071525574, 0.07000000029802322, 0.0, 0.0
vb0[205]+056 BLENDINDICES: 0, 7, 0, 0
vb0[205]+072 COLOR: 1.0, 0.5019607843137255, 0.5019607843137255, 0.0
vb0[205]+076 TEXCOORD: 0.3979332447052002, 0.7060726284980774

vb0[206]+000 POSITION: 0.07425540685653687, 1.8521538972854614, 0.020200788974761963
vb0[206]+012 NORMAL: -0.9106599688529968, 0.18148262798786163, -0.3711636960506439
vb0[206]+024 TANGENT: -0.8160389065742493, 0.02171027846634388, -0.577589213848114, -1.0
vb0[206]+040 BLENDWEIGHTS: 0.9760000109672546, 0.024000000208616257, 0.0, 0.0
vb0[206]+056 BLENDINDICES: 0, 8, 0, 0
vb0[206]+072 COLOR: 1.0, 0.5019607843137255, 0.5019607843137255, 0.0
vb0[206]+076 TEXCOORD: 0.5353507995605469, 0.5633605122566223

vb0[207]+000 POSITION: 0.07425540685653687, 1.8521538972854614, 0.020200788974761963
vb0[207]+012 NORMAL: -0.7014858722686768, -0.09537604451179504, -0.7062726020812988
vb0[207]+024 TANGENT: -0.8160389065742493, 0.02171027846634388, -0.577589213848114, -1.0
vb0[207]+040 BLENDWEIGHTS: 0.9760000109672546, 0.024000000208616257, 0.0, 0.0
vb0[207]+056 BLENDINDICES: 0, 8, 0, 0
vb0[207]+072 COLOR: 1.0, 0.5019607843137255, 0.5019607843137255, 0.0
vb0[207]+076 TEXCOORD: 0.5353507995605469, 0.5633605122566223

vb0[208]+000 POSITION: 0.07326962798833847, 1.8375779390335083, 0.023148249834775925
vb0[208]+012 NORMAL: -0.7123898267745972, -0.4398895502090454, -0.546807050704956
vb0[208]+024 TANGENT: -0.6170108914375305, -0.3802065849304199, -0.6890142560005188, -1.0
vb0[208]+040 BLENDWEIGHTS: 1.0, 0.0, 0.0, 0.0
vb0[208]+056 BLENDINDICES: 0, 0, 0, 0
vb0[208]+072 COLOR: 1.0, 0.5019607843137255, 0.5019607843137255, 0.10196078431372549
vb0[208]+076 TEXCOORD: 0.540379524230957, 0.5742269158363342

vb0[209]+000 POSITION: 0.07864353805780411, 1.8502709865570068, 0.016096679493784904
vb0[209]+012 NORMAL: 0.9992949962615967, 0.033910706639289856, 0.016113024204969406
vb0[209]+024 TANGENT: -0.30174505710601807, 0.29722118377685547, -0.9058749675750732, -1.0
vb0[209]+040 BLENDWEIGHTS: 0.9179999828338623, 0.06700000166893005, 0.014999999664723873, 0.0
vb0[209]+056 BLENDINDICES: 0, 11, 8, 0
vb0[209]+072 COLOR: 1.0, 0.5019607843137255, 0.5019607843137255, 0.0
vb0[209]+076 TEXCOORD: 0.7221765518188477, 0.7063517570495605

vb0[210]+000 POSITION: 0.08273837715387344, 1.8522720336914062, 0.023019829764962196
vb0[210]+012 NORMAL: 0.9993411898612976, -0.009697752073407173, 0.034971654415130615
vb0[210]+024 TANGENT: 0.6710272431373596, 0.5286592841148376, -0.5198479890823364, -1.0
vb0[210]+040 BLENDWEIGHTS: 1.0, 0.0, 0.0, 0.0
vb0[210]+056 BLENDINDICES: 0, 0, 0, 0
vb0[210]+072 COLOR: 1.0, 0.5019607843137255, 0.5019607843137255, 0.0
vb0[210]+076 TEXCOORD: 0.7204418182373047, 0.6973657608032227

vb0[211]+000 POSITION: -0.018447352573275566, 1.9126445055007935, 0.10893575102090836
vb0[211]+012 NORMAL: -0.2673303186893463, 0.3678461015224457, 0.8906310200691223
vb0[211]+024 TANGENT: -0.4989852011203766, 0.4606519937515259, 0.7340391874313354, -1.0
vb0[211]+040 BLENDWEIGHTS: 1.0, 0.0, 0.0, 0.0
vb0[211]+056 BLENDINDICES: 0, 0, 0, 0
vb0[211]+072 COLOR: 1.0, 0.5019607843137255, 0.5019607843137255, 0.2
vb0[211]+076 TEXCOORD: 0.9675631523132324, 0.4397154450416565

vb0[212]+000 POSITION: -0.02049216628074646, 1.9205493927001953, 0.1021043211221695
vb0[212]+012 NORMAL: -0.23192186653614044, 0.46295595169067383, 0.855502188205719
vb0[212]+024 TANGENT: 0.36656224727630615, -0.42808032035827637, 0.8260625600814819, -1.0
vb0[212]+040 BLENDWEIGHTS: 0.9950000047683716, 0.004999999888241291, 0.0, 0.0
vb0[212]+056 BLENDINDICES: 0, 4, 0, 0
vb0[212]+072 COLOR: 1.0, 0.5019607843137255, 0.5019607843137255, 0.0
vb0[212]+076 TEXCOORD: 0.9773478507995605, 0.4472644329071045

vb0[213]+000 POSITION: -0.027292286977171898, 1.9155759811401367, 0.10388831049203873
vb0[213]+012 NORMAL: -0.2852923572063446, 0.37105873227119446, 0.8836988806724548
vb0[213]+024 TANGENT: 0.8993961215019226, 0.19153130054473877, 0.3929406702518463, -1.0
vb0[213]+040 BLENDWEIGHTS: 0.9129999876022339, 0.08699999749660492, 0.0, 0.0
vb0[213]+056 BLENDINDICES: 0, 4, 0, 0
vb0[213]+072 COLOR: 1.0, 0.5019607843137255, 0.5019607843137255, 0.0
vb0[213]+076 TEXCOORD: 0.9796838760375977, 0.43756943941116333

vb0[214]+000 POSITION: -0.015367593616247177, 1.9195057153701782, 0.1067936047911644
vb0[214]+012 NORMAL: -0.25251054763793945, 0.4440707266330719, 0.8596742153167725
vb0[214]+024 TANGENT: -0.5100739002227783, 0.5747039318084717, 0.6399531364440918, -1.0
vb0[214]+040 BLENDWEIGHTS: 1.0, 0.0, 0.0, 0.0
vb0[214]+056 BLENDINDICES: 0, 0, 0, 0
vb0[214]+072 COLOR: 1.0, 0.5019607843137255, 0.5019607843137255, 0.2
vb0[214]+076 TEXCOORD: 0.9693598747253418, 0.4485924243927002

vb0[215]+000 POSITION: -0.013476555235683918, 1.9227794408798218, 0.10430227220058441
vb0[215]+012 NORMAL: -0.22667302191257477, 0.5218520760536194, 0.8223683834075928
vb0[215]+024 TANGENT: -0.4450191557407379, 0.7453447580337524, 0.496406227350235, -1.0
vb0[215]+040 BLENDWEIGHTS: 1.0, 0.0, 0.0, 0.0
vb0[215]+056 BLENDINDICES: 0, 0, 0, 0
vb0[215]+072 COLOR: 1.0, 0.5019607843137255, 0.5019607843137255, 0.2
vb0[215]+076 TEXCOORD: 0.9710640907287598, 0.4535444378852844

vb0[216]+000 POSITION: -0.011081963777542114, 1.91939377784729, 0.11012514680624008
vb0[216]+012 NORMAL: -0.15212340652942657, 0.4156480133533478, 0.8967136144638062
vb0[216]+024 TANGENT: -0.2473468780517578, 0.5238521099090576, 0.8151064515113831, -1.0
vb0[216]+040 BLENDWEIGHTS: 1.0, 0.0, 0.0, 0.0
vb0[216]+056 BLENDINDICES: 0, 0, 0, 0
vb0[216]+072 COLOR: 1.0, 0.5019607843137255, 0.5019607843137255, 0.5019607843137255
vb0[216]+076 TEXCOORD: 0.9633889198303223, 0.4505494236946106

vb0[217]+000 POSITION: -0.008747803047299385, 1.924187421798706, 0.10719037055969238
vb0[217]+012 NORMAL: -0.1327165812253952, 0.5048283338546753, 0.8529564142227173
vb0[217]+024 TANGENT: -0.2401503324508667, 0.7049084901809692, 0.6674068570137024, -1.0
vb0[217]+040 BLENDWEIGHTS: 1.0, 0.0, 0.0, 0.0
vb0[217]+056 BLENDINDICES: 0, 0, 0, 0
vb0[217]+072 COLOR: 1.0, 0.5019607843137255, 0.5019607843137255, 0.5019607843137255
vb0[217]+076 TEXCOORD: 0.9654989242553711, 0.4570194184780121

vb0[218]+000 POSITION: -0.012219799682497978, 1.9244506359100342, 0.1023208275437355
vb0[218]+012 NORMAL: -0.2228391021490097, 0.5897898077964783, 0.7762027382850647
vb0[218]+024 TANGENT: -0.4393881857395172, 0.8410137295722961, 0.3156485855579376, -1.0
vb0[218]+040 BLENDWEIGHTS: 0.9929999709129333, 0.007000000216066837, 0.0, 0.0
vb0[218]+056 BLENDINDICES: 0, 4, 0, 0
vb0[218]+072 COLOR: 1.0, 0.5019607843137255, 0.5019607843137255, 0.5019607843137255
vb0[218]+076 TEXCOORD: 0.9723520278930664, 0.456635445356369

vb0[219]+000 POSITION: -0.0068918680772185326, 1.9267630577087402, 0.10405544936656952
vb0[219]+012 NORMAL: -0.12575605511665344, 0.5886977910995483, 0.7985113859176636
vb0[219]+024 TANGENT: -0.24341022968292236, 0.8531071543693542, 0.4614754021167755, -1.0
vb0[219]+040 BLENDWEIGHTS: 1.0, 0.0, 0.0, 0.0
vb0[219]+056 BLENDINDICES: 0, 0, 0, 0
vb0[219]+072 COLOR: 1.0, 0.5019607843137255, 0.5019607843137255, 0.5019607843137255
vb0[219]+076 TEXCOORD: 0.9673471450805664, 0.46156442165374756

vb0[220]+000 POSITION: -0.004697731696069241, 1.923964500427246, 0.10725247114896774
vb0[220]+012 NORMAL: -0.10902669280767441, 0.48644790053367615, 0.8668803572654724
vb0[220]+024 TANGENT: -0.17341196537017822, 0.6738519072532654, 0.7182283401489258, -1.0
vb0[220]+040 BLENDWEIGHTS: 1.0, 0.0, 0.0, 0.0
vb0[220]+056 BLENDINDICES: 0, 0, 0, 0
vb0[220]+072 COLOR: 1.0, 0.5019607843137255, 0.5019607843137255, 0.30196078431372547
vb0[220]+076 TEXCOORD: 0.9620170593261719, 0.46013644337654114

vb0[221]+000 POSITION: -0.0028698735404759645, 1.9270845651626587, 0.10389798879623413
vb0[221]+012 NORMAL: -0.1046612411737442, 0.5710224509239197, 0.8142354488372803
vb0[221]+024 TANGENT: -0.20414994657039642, 0.8366128206253052, 0.5083322525024414, -1.0
vb0[221]+040 BLENDWEIGHTS: 1.0, 0.0, 0.0, 0.0
vb0[221]+056 BLENDINDICES: 0, 0, 0, 0
vb0[221]+072 COLOR: 1.0, 0.5019607843137255, 0.5019607843137255, 0.30196078431372547
vb0[221]+076 TEXCOORD: 0.9646329879760742, 0.465429425239563

vb0[222]+000 POSITION: -0.00721580907702446, 1.9186232089996338, 0.11033972352743149
vb0[222]+012 NORMAL: -0.12142350524663925, 0.408780962228775, 0.9045189023017883
vb0[222]+024 TANGENT: -0.1698295921087265, 0.49452894926071167, 0.8524077534675598, -1.0
vb0[222]+040 BLENDWEIGHTS: 1.0, 0.0, 0.0, 0.0
vb0[222]+056 BLENDINDICES: 0, 0, 0, 0
vb0[222]+072 COLOR: 1.0, 0.5019607843137255, 0.5019607843137255, 0.30196078431372547
vb0[222]+076 TEXCOORD: 0.9593520164489746, 0.45271843671798706

vb0[223]+000 POSITION: -0.010878837667405605, 1.9258177280426025, 0.099820576608181
vb0[223]+012 NORMAL: -0.224129319190979, 0.6404637098312378, 0.7345558404922485
vb0[223]+024 TANGENT: 0.4860333800315857, 0.22702884674072266, 0.8439368009567261, -1.0
vb0[223]+040 BLENDWEIGHTS: 1.0, 0.0, 0.0, 0.0
vb0[223]+056 BLENDINDICES: 0, 0, 0, 0
vb0[223]+072 COLOR: 1.0, 0.5019607843137255, 0.5019607843137255, 0.0
vb0[223]+076 TEXCOORD: 0.9740338325500488, 0.4598914384841919

vb0[224]+000 POSITION: -0.005044715479016304, 1.928736686706543, 0.10047508776187897
vb0[224]+012 NORMAL: -0.13414296507835388, 0.6951849460601807, 0.7062036395072937
vb0[224]+024 TANGENT: -0.25454434752464294, 0.9665096402168274, 0.0326535664498806, -1.0
vb0[224]+040 BLENDWEIGHTS: 1.0, 0.0, 0.0, 0.0
vb0[224]+056 BLENDINDICES: 0, 0, 0, 0
vb0[224]+072 COLOR: 1.0, 0.5019607843137255, 0.5019607843137255, 0.5019607843137255
vb0[224]+076 TEXCOORD: 0.9695191383361816, 0.4659184217453003

vb0[225]+000 POSITION: 0.0006285900017246604, 1.9284589290618896, 0.09508858621120453
vb0[225]+012 NORMAL: -0.08543553203344345, 0.7615554332733154, 0.6424438953399658
vb0[225]+024 TANGENT: 0.07884370535612106, 0.7189167737960815, 0.6906100511550903, -1.0
vb0[225]+040 BLENDWEIGHTS: 1.0, 0.0, 0.0, 0.0
vb0[225]+056 BLENDINDICES: 0, 0, 0, 0
vb0[225]+072 COLOR: 1.0, 0.5019607843137255, 0.5019607843137255, 0.0
vb0[225]+076 TEXCOORD: 0.970919132232666, 0.47355642914772034

vb0[226]+000 POSITION: -0.0011743423528969288, 1.9288779497146606, 0.10041243582963943
vb0[226]+012 NORMAL: -0.1418137103319168, 0.6853888630867004, 0.7142345309257507
vb0[226]+024 TANGENT: -0.2814135253429413, 0.954681932926178, 0.09689567983150482, -1.0
vb0[226]+040 BLENDWEIGHTS: 1.0, 0.0, 0.0, 0.0
vb0[226]+056 BLENDINDICES: 0, 0, 0, 0
vb0[226]+072 COLOR: 1.0, 0.5019607843137255, 0.5019607843137255, 0.30196078431372547
vb0[226]+076 TEXCOORD: 0.9675121307373047, 0.46977242827415466

vb0[227]+000 POSITION: -0.010539448820054531, 1.9109172821044922, 0.11312207579612732
vb0[227]+012 NORMAL: -0.0325251966714859, 0.2884356677532196, 0.9569466710090637
vb0[227]+024 TANGENT: -0.178023099899292, 0.3647364377975464, 0.9139338731765747, -1.0
vb0[227]+040 BLENDWEIGHTS: 0.9860000014305115, 0.014000000432133675, 0.0, 0.0
vb0[227]+056 BLENDINDICES: 0, 1, 0, 0
vb0[227]+072 COLOR: 1.0, 0.5019607843137255, 0.5019607843137255, 0.30196078431372547
vb0[227]+076 TEXCOORD: 0.9565048217773438, 0.442812442779541

vb0[228]+000 POSITION: -0.014403613284230232, 1.9119654893875122, 0.1133459061384201
vb0[228]+012 NORMAL: -0.18233658373355865, 0.33901044726371765, 0.9229437708854675
vb0[228]+024 TANGENT: -0.2680409252643585, 0.3882339596748352, 0.8817190527915955, -1.0
vb0[228]+040 BLENDWEIGHTS: 1.0, 0.0, 0.0, 0.0
vb0[228]+056 BLENDINDICES: 0, 0, 0, 0
vb0[228]+072 COLOR: 1.0, 0.5019607843137255, 0.5019607843137255, 0.5019607843137255
vb0[228]+076 TEXCOORD: 0.9607691764831543, 0.4409974217414856

vb0[229]+000 POSITION: -0.01450422964990139, 1.9012283086776733, 0.11536397784948349
vb0[229]+012 NORMAL: -0.05092644318938255, 0.1941915601491928, 0.9796409010887146
vb0[229]+024 TANGENT: -0.20124901831150055, 0.23065508902072906, 0.9519963264465332, -1.0
vb0[229]+040 BLENDWEIGHTS: 0.8730000257492065, 0.12700000405311584, 0.0, 0.0
vb0[229]+056 BLENDINDICES: 0, 1, 0, 0
vb0[229]+072 COLOR: 1.0, 0.5019607843137255, 0.5019607843137255, 0.30196078431372547
vb0[229]+076 TEXCOORD: 0.9535651206970215, 0.43071743845939636

vb0[230]+000 POSITION: -0.018482955172657967, 1.9024391174316406, 0.11567879468202591
vb0[230]+012 NORMAL: -0.21457013487815857, 0.2572920024394989, 0.9422104358673096
vb0[230]+024 TANGENT: -0.3054293394088745, 0.2785905599594116, 0.9105494618415833, -1.0
vb0[230]+040 BLENDWEIGHTS: 0.9200000166893005, 0.07999999821186066, 0.0, 0.0
vb0[230]+056 BLENDINDICES: 0, 1, 0, 0
vb0[230]+072 COLOR: 1.0, 0.5019607843137255, 0.5019607843137255, 0.5019607843137255
vb0[230]+076 TEXCOORD: 0.9581351280212402, 0.42919641733169556

vb0[231]+000 POSITION: -0.017579102888703346, 1.892962098121643, 0.11610966175794601
vb0[231]+012 NORMAL: -0.07258132845163345, 0.10987872630357742, 0.9912914037704468
vb0[231]+024 TANGENT: -0.28945112228393555, -0.005972444545477629, 0.9571741223335266, -1.0
vb0[231]+040 BLENDWEIGHTS: 0.7409999966621399, 0.2590000033378601, 0.0, 0.0
vb0[231]+056 BLENDINDICES: 0, 1, 0, 0
vb0[231]+072 COLOR: 1.0, 0.5019607843137255, 0.5019607843137255, 0.0
vb0[231]+076 TEXCOORD: 0.9512600898742676, 0.4207064211368561

vb0[232]+000 POSITION: -0.022297386080026627, 1.8942011594772339, 0.11645025759935379
vb0[232]+012 NORMAL: -0.25253644585609436, 0.17766354978084564, 0.9511367082595825
vb0[232]+024 TANGENT: -0.35867980122566223, 0.16350150108337402, 0.9190300107002258, -1.0
vb0[232]+040 BLENDWEIGHTS: 0.7950000166893005, 0.20499999821186066, 0.0, 0.0
vb0[232]+056 BLENDINDICES: 0, 1, 0, 0
vb0[232]+072 COLOR: 1.0, 0.5019607843137255, 0.5019607843137255, 0.4
vb0[232]+076 TEXCOORD: 0.9566731452941895, 0.41883042454719543

vb0[233]+000 POSITION: -0.02228887565433979, 1.9035784006118774, 0.11106971651315689
vb0[233]+012 NORMAL: -0.291909396648407, 0.28155627846717834, 0.9140650629997253
vb0[233]+024 TANGENT: -0.545871376991272, 0.3591885566711426, 0.7569729089736938, -1.0
vb0[233]+040 BLENDWEIGHTS: 0.9470000267028809, 0.05299999937415123, 0.0, 0.0
vb0[233]+056 BLENDINDICES: 0, 1, 0, 0
vb0[233]+072 COLOR: 1.0, 0.5019607843137255, 0.5019607843137255, 0.2
vb0[233]+076 TEXCOORD: 0.965080976486206, 0.4282534420490265

vb0[234]+000 POSITION: -0.025663908571004868, 1.8955272436141968, 0.11165221035480499
vb0[234]+012 NORMAL: -0.30800190567970276, 0.19738507270812988, 0.9306846857070923
vb0[234]+024 TANGENT: -0.5985564589500427, 0.2631280720233917, 0.7566332221031189, -1.0
vb0[234]+040 BLENDWEIGHTS: 0.8529999852180481, 0.1469999998807907, 0.0, 0.0
vb0[234]+056 BLENDINDICES: 0, 1, 0, 0
vb0[234]+072 COLOR: 1.0, 0.5019607843137255, 0.5019607843137255, 0.0
vb0[234]+076 TEXCOORD: 0.9636430740356445, 0.41816043853759766

vb0[235]+000 POSITION: -0.031489744782447815, 1.9067268371582031, 0.10556549578905106
vb0[235]+012 NORMAL: -0.3279353380203247, 0.289959579706192, 0.899100661277771
vb0[235]+024 TANGENT: -0.46090131998062134, 0.32230183482170105, 0.8268563151359558, -1.0
vb0[235]+040 BLENDWEIGHTS: 1.0, 0.0, 0.0, 0.0
vb0[235]+056 BLENDINDICES: 0, 0, 0, 0
vb0[235]+072 COLOR: 1.0, 0.5019607843137255, 0.5019607843137255, 0.5019607843137255
vb0[235]+076 TEXCOORD: 0.9778239727020264, 0.4262424409389496

vb0[236]+000 POSITION: -0.035283032804727554, 1.89812433719635, 0.10652141273021698
vb0[236]+012 NORMAL: -0.3681699335575104, 0.2079826295375824, 0.9061976075172424
vb0[236]+024 TANGENT: -0.508065938949585, 0.20644605159759521, 0.8362112045288086, -1.0
vb0[236]+040 BLENDWEIGHTS: 1.0, 0.0, 0.0, 0.0
vb0[236]+056 BLENDINDICES: 0, 0, 0, 0
vb0[236]+072 COLOR: 1.0, 0.5019607843137255, 0.5019607843137255, 0.5019607843137255
vb0[236]+076 TEXCOORD: 0.9763178825378418, 0.415524423122406

vb0[237]+000 POSITION: -0.043249331414699554, 1.9021399021148682, 0.09899551421403885
vb0[237]+012 NORMAL: -0.48170551657676697, 0.26064378023147583, 0.8366747498512268
vb0[237]+024 TANGENT: -0.7126410007476807, 0.2866535186767578, 0.6402909755706787, -1.0
vb0[237]+040 BLENDWEIGHTS: 1.0, 0.0, 0.0, 0.0
vb0[237]+056 BLENDINDICES: 0, 0, 0, 0
vb0[237]+072 COLOR: 1.0, 0.5019607843137255, 0.5019607843137255, 0.5019607843137255
vb0[237]+076 TEXCOORD: 0.9897980690002441, 0.414950430393219

vb0[238]+000 POSITION: -0.039156440645456314, 1.9103461503982544, 0.09907945245504379
vb0[238]+012 NORMAL: -0.4286442697048187, 0.3313904404640198, 0.8405025601387024
vb0[238]+024 TANGENT: -0.632561206817627, 0.37695538997650146, 0.676587700843811, -1.0
vb0[238]+040 BLENDWEIGHTS: 1.0, 0.0, 0.0, 0.0
vb0[238]+056 BLENDINDICES: 0, 0, 0, 0
vb0[238]+072 COLOR: 1.0, 0.5019607843137255, 0.5019607843137255, 0.5019607843137255
vb0[238]+076 TEXCOORD: 0.9902009963989258, 0.42546144127845764

vb0[239]+000 POSITION: -0.0460326187312603, 1.9039585590362549, 0.09312013536691666
vb0[239]+012 NORMAL: -0.5527160167694092, 0.2961280643939972, 0.7789821624755859
vb0[239]+024 TANGENT: -0.7133064270019531, 0.23428748548030853, 0.660532534122467, -1.0
vb0[239]+040 BLENDWEIGHTS: 1.0, 0.0, 0.0, 0.0
vb0[239]+056 BLENDINDICES: 0, 0, 0, 0
vb0[239]+072 COLOR: 1.0, 0.5019607843137255, 0.5019607843137255, 0.10196078431372549
vb0[239]+076 TEXCOORD: 0.9975528717041016, 0.4148344397544861

vb0[240]+000 POSITION: -0.04189503565430641, 1.912921667098999, 0.09388033300638199
vb0[240]+012 NORMAL: -0.5010825395584106, 0.36801135540008545, 0.7832521796226501
vb0[240]+024 TANGENT: -0.24717438220977783, -0.450496643781662, 0.8578797578811646, -1.0
vb0[240]+040 BLENDWEIGHTS: 0.9959999918937683, 0.004000000189989805, 0.0, 0.0
vb0[240]+056 BLENDINDICES: 0, 4, 0, 0
vb0[240]+072 COLOR: 1.0, 0.5019607843137255, 0.5019607843137255, 0.0
vb0[240]+076 TEXCOORD: 0.9975340366363525, 0.42643943428993225

vb0[241]+000 POSITION: -0.03377493470907211, 1.9188003540039062, 0.09831319749355316
vb0[241]+012 NORMAL: -0.37045931816101074, 0.3856315612792969, 0.8450137972831726
vb0[241]+024 TANGENT: -0.08349800854921341, -0.42968273162841797, 0.8991111516952515, -1.0
vb0[241]+040 BLENDWEIGHTS: 0.9559999704360962, 0.04399999976158142, 0.0, 0.0
vb0[241]+056 BLENDINDICES: 0, 4, 0, 0
vb0[241]+072 COLOR: 1.0, 0.5019607843137255, 0.5019607843137255, 0.0
vb0[241]+076 TEXCOORD: 0.9903359413146973, 0.43701642751693726

vb0[242]+000 POSITION: -0.029983121901750565, 1.921459436416626, 0.10027579218149185
vb0[242]+012 NORMAL: -0.35344982147216797, 0.3513526916503906, 0.8669627904891968
vb0[242]+024 TANGENT: -0.4925585091114044, -0.8688900470733643, 0.04915463924407959, -1.0
vb0[242]+040 BLENDWEIGHTS: 0.9190000295639038, 0.08100000023841858, 0.0, 0.0
vb0[242]+056 BLENDINDICES: 0, 4, 0, 0
vb0[242]+072 COLOR: 1.0, 0.5019607843137255, 0.5019607843137255, 0.0
vb0[242]+076 TEXCOORD: 0.9874129295349121, 0.4417514204978943

vb0[243]+000 POSITION: -0.0467262864112854, 1.8934739828109741, 0.09836506843566895
vb0[243]+012 NORMAL: -0.5234485268592834, 0.18234270811080933, 0.8323177099227905
vb0[243]+024 TANGENT: -0.769900381565094, 0.20352135598659515, 0.604840874671936, -1.0
vb0[243]+040 BLENDWEIGHTS: 1.0, 0.0, 0.0, 0.0
vb0[243]+056 BLENDINDICES: 0, 0, 0, 0
vb0[243]+072 COLOR: 1.0, 0.5019607843137255, 0.5019607843137255, 0.5019607843137255
vb0[243]+076 TEXCOORD: 0.9891159534454346, 0.40428242087364197

vb0[244]+000 POSITION: -0.03866240754723549, 1.8897536993026733, 0.10596724599599838
vb0[244]+012 NORMAL: -0.4034573435783386, 0.12988388538360596, 0.905733048915863
vb0[244]+024 TANGENT: -0.543901801109314, 0.09456515312194824, 0.8338035345077515, -1.0
vb0[244]+040 BLENDWEIGHTS: 0.9670000076293945, 0.032999999821186066, 0.0, 0.0
vb0[244]+056 BLENDINDICES: 0, 1, 0, 0
vb0[244]+072 COLOR: 1.0, 0.5019607843137255, 0.5019607843137255, 0.5019607843137255
vb0[244]+076 TEXCOORD: 0.9756510257720947, 0.40525344014167786

vb0[245]+000 POSITION: -0.04291363060474396, 1.879134178161621, 0.1037878766655922
vb0[245]+012 NORMAL: -0.43765950202941895, 0.030142702162265778, 0.8986354470252991
vb0[245]+024 TANGENT: -0.5673254132270813, -0.028733372688293457, 0.8229923844337463, -1.0
vb0[245]+040 BLENDWEIGHTS: 1.0, 0.0, 0.0, 0.0
vb0[245]+056 BLENDINDICES: 0, 0, 0, 0
vb0[245]+072 COLOR: 1.0, 0.5019607843137255, 0.5019607843137255, 0.5019607843137255
vb0[245]+076 TEXCOORD: 0.9758248329162598, 0.3921394348144531

vb0[246]+000 POSITION: -0.05047464370727539, 1.8828529119491577, 0.0962580069899559
vb0[246]+012 NORMAL: -0.5721957683563232, 0.09584026038646698, 0.8144977688789368
vb0[246]+024 TANGENT: -0.8137682676315308, 0.12190581113100052, 0.568260669708252, -1.0
vb0[246]+040 BLENDWEIGHTS: 1.0, 0.0, 0.0, 0.0
vb0[246]+056 BLENDINDICES: 0, 0, 0, 0
vb0[246]+072 COLOR: 1.0, 0.5019607843137255, 0.5019607843137255, 0.5019607843137255
vb0[246]+076 TEXCOORD: 0.9888010025024414, 0.39117541909217834

vb0[247]+000 POSITION: -0.04947931692004204, 1.895180106163025, 0.09173431247472763
vb0[247]+012 NORMAL: -0.6095693707466125, 0.22307060658931732, 0.7607001662254333
vb0[247]+024 TANGENT: -0.7517493367195129, 0.17592178285121918, 0.6355504393577576, -1.0
vb0[247]+040 BLENDWEIGHTS: 1.0, 0.0, 0.0, 0.0
vb0[247]+056 BLENDINDICES: 0, 0, 0, 0
vb0[247]+072 COLOR: 1.0, 0.5019607843137255, 0.5019607843137255, 0.10196078431372549
vb0[247]+076 TEXCOORD: 0.997607946395874, 0.40360942482948303

vb0[248]+000 POSITION: -0.052844829857349396, 1.8850153684616089, 0.08942104130983353
vb0[248]+012 NORMAL: -0.648533284664154, 0.13645292818546295, 0.7488559484481812
vb0[248]+024 TANGENT: -0.747383713722229, 0.08003652095794678, 0.659554123878479, -1.0
vb0[248]+040 BLENDWEIGHTS: 1.0, 0.0, 0.0, 0.0
vb0[248]+056 BLENDINDICES: 0, 0, 0, 0
vb0[248]+072 COLOR: 1.0, 0.5019607843137255, 0.5019607843137255, 0.10196078431372549
vb0[248]+076 TEXCOORD: 0.997459888458252, 0.3906094431877136

vb0[249]+000 POSITION: -0.053505729883909225, 1.8722617626190186, 0.09339802712202072
vb0[249]+012 NORMAL: -0.6029323935508728, 0.0002799501526169479, 0.7977923154830933
vb0[249]+024 TANGENT: -0.8405323028564453, 0.03600787743926048, 0.5405634641647339, -1.0
vb0[249]+040 BLENDWEIGHTS: 1.0, 0.0, 0.0, 0.0
vb0[249]+056 BLENDINDICES: 0, 0, 0, 0
vb0[249]+072 COLOR: 1.0, 0.5019607843137255, 0.5019607843137255, 0.5019607843137255
vb0[249]+076 TEXCOORD: 0.9882378578186035, 0.3781154453754425

vb0[250]+000 POSITION: -0.05553504824638367, 1.8746098279953003, 0.08688634634017944
vb0[250]+012 NORMAL: -0.6880461573600769, 0.05079998821020126, 0.7238866090774536
vb0[250]+024 TANGENT: -0.7521964907646179, 0.018774988129734993, 0.6586714386940002, -1.0
vb0[250]+040 BLENDWEIGHTS: 1.0, 0.0, 0.0, 0.0
vb0[250]+056 BLENDINDICES: 0, 0, 0, 0
vb0[250]+072 COLOR: 1.0, 0.5019607843137255, 0.5019607843137255, 0.10196078431372549
vb0[250]+076 TEXCOORD: 0.9964909553527832, 0.3774654269218445

vb0[251]+000 POSITION: -0.05554758384823799, 1.8632749319076538, 0.08992373198270798
vb0[251]+012 NORMAL: -0.6349976658821106, -0.08475087583065033, 0.7678510546684265
vb0[251]+024 TANGENT: -0.8598085045814514, -0.054107245057821274, 0.5077419877052307, -1.0
vb0[251]+040 BLENDWEIGHTS: 1.0, 0.0, 0.0, 0.0
vb0[251]+056 BLENDINDICES: 0, 0, 0, 0
vb0[251]+072 COLOR: 1.0, 0.5019607843137255, 0.5019607843137255, 0.5019607843137255
vb0[251]+076 TEXCOORD: 0.9879889488220215, 0.36672142148017883

vb0[252]+000 POSITION: -0.05012546107172966, 1.8600775003433228, 0.09514321386814117
vb0[252]+012 NORMAL: -0.5134297013282776, -0.15368138253688812, 0.8442582488059998
vb0[252]+024 TANGENT: -0.6160798668861389, -0.23531094193458557, 0.7517143487930298, -1.0
vb0[252]+040 BLENDWEIGHTS: 1.0, 0.0, 0.0, 0.0
vb0[252]+056 BLENDINDICES: 0, 0, 0, 0
vb0[252]+072 COLOR: 1.0, 0.5019607843137255, 0.5019607843137255, 0.5019607843137255
vb0[252]+076 TEXCOORD: 0.9785029888153076, 0.36720842123031616

vb0[253]+000 POSITION: -0.04675787687301636, 1.8687474727630615, 0.0998758003115654
vb0[253]+012 NORMAL: -0.4729515016078949, -0.06894238293170929, 0.8783869743347168
vb0[253]+024 TANGENT: -0.5894168019294739, -0.14016959071159363, 0.7955754399299622, -1.0
vb0[253]+040 BLENDWEIGHTS: 1.0, 0.0, 0.0, 0.0
vb0[253]+056 BLENDINDICES: 0, 0, 0, 0
vb0[253]+072 COLOR: 1.0, 0.5019607843137255, 0.5019607843137255, 0.5019607843137255
vb0[253]+076 TEXCOORD: 0.9768340587615967, 0.37892043590545654

vb0[254]+000 POSITION: -0.0572776198387146, 1.865378975868225, 0.08449365198612213
vb0[254]+012 NORMAL: -0.7063301205635071, -0.034338854253292084, 0.7070491909980774
vb0[254]+024 TANGENT: -0.7478526830673218, -0.062495410442352295, 0.6609165668487549, -1.0
vb0[254]+040 BLENDWEIGHTS: 1.0, 0.0, 0.0, 0.0
vb0[254]+056 BLENDINDICES: 0, 0, 0, 0
vb0[254]+072 COLOR: 1.0, 0.5019607843137255, 0.5019607843137255, 0.10196078431372549
vb0[254]+076 TEXCOORD: 0.9948370456695557, 0.3659554421901703

vb0[255]+000 POSITION: -0.0524262897670269, 1.8533270359039307, 0.09051147103309631
vb0[255]+012 NORMAL: -0.5399218201637268, -0.21823112666606903, 0.8129327297210693
vb0[255]+024 TANGENT: -0.6470105051994324, -0.30568239092826843, 0.6985240578651428, -1.0
vb0[255]+040 BLENDWEIGHTS: 1.0, 0.0, 0.0, 0.0
vb0[255]+056 BLENDINDICES: 0, 0, 0, 0
vb0[255]+072 COLOR: 1.0, 0.5019607843137255, 0.5019607843137255, 0.5019607843137255
vb0[255]+076 TEXCOORD: 0.9799840450286865, 0.3576464354991913

vb0[256]+000 POSITION: -0.0567692369222641, 1.8560470342636108, 0.08611930906772614
vb0[256]+012 NORMAL: -0.647487998008728, -0.16243876516819, 0.7445622682571411
vb0[256]+024 TANGENT: -0.8782585859298706, -0.12800119817256927, 0.46073588728904724, -1.0
vb0[256]+040 BLENDWEIGHTS: 1.0, 0.0, 0.0, 0.0
vb0[256]+056 BLENDINDICES: 0, 0, 0, 0
vb0[256]+072 COLOR: 1.0, 0.5019607843137255, 0.5019607843137255, 0.4
vb0[256]+076 TEXCOORD: 0.9879779815673828, 0.3571944236755371

vb0[257]+000 POSITION: -0.054615795612335205, 1.8470820188522339, 0.08530652523040771
vb0[257]+012 NORMAL: -0.5802980661392212, -0.27791109681129456, 0.7655192613601685
vb0[257]+024 TANGENT: -0.6833683252334595, -0.35702401399612427, 0.636821448802948, -1.0
vb0[257]+040 BLENDWEIGHTS: 1.0, 0.0, 0.0, 0.0
vb0[257]+056 BLENDINDICES: 0, 0, 0, 0
vb0[257]+072 COLOR: 1.0, 0.5019607843137255, 0.5019607843137255, 0.5019607843137255
vb0[257]+076 TEXCOORD: 0.9819679260253906, 0.3482544422149658

vb0[258]+000 POSITION: -0.057802941650152206, 1.849463939666748, 0.0815635472536087
vb0[258]+012 NORMAL: -0.6575318574905396, -0.22322063148021698, 0.7196001410484314
vb0[258]+024 TANGENT: -0.913840115070343, -0.1381601244211197, 0.38184836506843567, -1.0
vb0[258]+040 BLENDWEIGHTS: 0.9710000157356262, 0.028999999165534973, 0.0, 0.0
vb0[258]+056 BLENDINDICES: 0, 6, 0, 0
vb0[258]+072 COLOR: 1.0, 0.5019607843137255, 0.5019607843137255, 0.30196078431372547
vb0[258]+076 TEXCOORD: 0.988461971282959, 0.3478854298591614

vb0[259]+000 POSITION: -0.058029450476169586, 1.8577510118484497, 0.082197405397892
vb0[259]+012 NORMAL: -0.7151799201965332, -0.1116352379322052, 0.6899676322937012
vb0[259]+024 TANGENT: -0.736964225769043, -0.15074700117111206, 0.6589075326919556, -1.0
vb0[259]+040 BLENDWEIGHTS: 1.0, 0.0, 0.0, 0.0
vb0[259]+056 BLENDINDICES: 0, 0, 0, 0
vb0[259]+072 COLOR: 1.0, 0.5019607843137255, 0.5019607843137255, 0.10196078431372549
vb0[259]+076 TEXCOORD: 0.9929561614990234, 0.35656943917274475

vb0[260]+000 POSITION: -0.058212339878082275, 1.850667953491211, 0.07969639450311661
vb0[260]+012 NORMAL: -0.7403368949890137, -0.1729559302330017, 0.6496055722236633
vb0[260]+024 TANGENT: -0.7445858716964722, -0.18116582930088043, 0.6424723863601685, -1.0
vb0[260]+040 BLENDWEIGHTS: 0.968999981880188, 0.03099999949336052, 0.0, 0.0
vb0[260]+056 BLENDINDICES: 0, 6, 0, 0
vb0[260]+072 COLOR: 1.0, 0.5019607843137255, 0.5019607843137255, 0.10196078431372549
vb0[260]+076 TEXCOORD: 0.9910368919372559, 0.34787243604660034

vb0[261]+000 POSITION: -0.05845408886671066, 1.8429670333862305, 0.07692913711071014
vb0[261]+012 NORMAL: -0.6705836057662964, -0.28545206785202026, 0.6847151517868042
vb0[261]+024 TANGENT: -0.595920741558075, -0.2822287976741791, 0.7518147826194763, -1.0
vb0[261]+040 BLENDWEIGHTS: 0.9139999747276306, 0.0860000029206276, 0.0, 0.0
vb0[261]+056 BLENDINDICES: 0, 6, 0, 0
vb0[261]+072 COLOR: 1.0, 0.5019607843137255, 0.5019607843137255, 0.0
vb0[261]+076 TEXCOORD: 0.988469123840332, 0.33860743045806885

vb0[262]+000 POSITION: -0.0561809204518795, 1.8415719270706177, 0.0800698772072792
vb0[262]+012 NORMAL: -0.578158438205719, -0.3590506315231323, 0.7326769232749939
vb0[262]+024 TANGENT: -0.6273993253707886, -0.4834136962890625, 0.6104761958122253, -1.0
vb0[262]+040 BLENDWEIGHTS: 0.9670000076293945, 0.032999999821186066, 0.0, 0.0
vb0[262]+056 BLENDINDICES: 0, 6, 0, 0
vb0[262]+072 COLOR: 1.0, 0.5019607843137255, 0.5019607843137255, 0.5019607843137255
vb0[262]+076 TEXCOORD: 0.9838008880615234, 0.33953243494033813

vb0[263]+000 POSITION: -0.059204068034887314, 1.8386759757995605, 0.07398515939712524
vb0[263]+012 NORMAL: -0.6330376267433167, -0.3578876256942749, 0.6864253878593445
vb0[263]+024 TANGENT: 0.5311893224716187, -0.7382681965827942, 0.415689617395401, -1.0
vb0[263]+040 BLENDWEIGHTS: 0.8840000033378601, 0.11599999666213989, 0.0, 0.0
vb0[263]+056 BLENDINDICES: 0, 6, 0, 0
vb0[263]+072 COLOR: 1.0, 0.5019607843137255, 0.5019607843137255, 0.0
vb0[263]+076 TEXCOORD: 0.988612174987793, 0.33251744508743286

vb0[264]+000 POSITION: -0.04274141788482666, 1.8572715520858765, 0.09833605587482452
vb0[264]+012 NORMAL: -0.4283960163593292, -0.18618132174015045, 0.8842021822929382
vb0[264]+024 TANGENT: -0.5191316604614258, -0.28235292434692383, 0.8067088723182678, -1.0
vb0[264]+040 BLENDWEIGHTS: 1.0, 0.0, 0.0, 0.0
vb0[264]+056 BLENDINDICES: 0, 0, 0, 0
vb0[264]+072 COLOR: 1.0, 0.5019607843137255, 0.5019607843137255, 0.5019607843137255
vb0[264]+076 TEXCOORD: 0.968782901763916, 0.3675484359264374

vb0[265]+000 POSITION: -0.03861237317323685, 1.86503005027771, 0.10323861986398697
vb0[265]+012 NORMAL: -0.38310545682907104, -0.10921024531126022, 0.9172258377075195
vb0[265]+024 TANGENT: -0.47901633381843567, -0.20307250320911407, 0.8539935946464539, -1.0
vb0[265]+040 BLENDWEIGHTS: 1.0, 0.0, 0.0, 0.0
vb0[265]+056 BLENDINDICES: 0, 0, 0, 0
vb0[265]+072 COLOR: 1.0, 0.5019607843137255, 0.5019607843137255, 0.5019607843137255
vb0[265]+076 TEXCOORD: 0.9658939838409424, 0.37866443395614624

vb0[266]+000 POSITION: -0.033100564032793045, 1.875322937965393, 0.10803680121898651
vb0[266]+012 NORMAL: -0.3299323320388794, -0.024587564170360565, 0.9436842799186707
vb0[266]+024 TANGENT: -0.41992270946502686, -0.11529939621686935, 0.9002060890197754, -1.0
vb0[266]+040 BLENDWEIGHTS: 1.0, 0.0, 0.0, 0.0
vb0[266]+056 BLENDINDICES: 0, 0, 0, 0
vb0[266]+072 COLOR: 1.0, 0.5019607843137255, 0.5019607843137255, 0.5019607843137255
vb0[266]+076 TEXCOORD: 0.9627828598022461, 0.3927324414253235

vb0[267]+000 POSITION: -0.028690673410892487, 1.8850802183151245, 0.11087954044342041
vb0[267]+012 NORMAL: -0.3006400465965271, 0.07877010107040405, 0.95047926902771
vb0[267]+024 TANGENT: -0.9909654855728149, -0.025238392874598503, -0.13172107934951782, -1.0
vb0[267]+040 BLENDWEIGHTS: 0.796999990940094, 0.2029999941587448, 0.0, 0.0
vb0[267]+056 BLENDINDICES: 0, 1, 0, 0
vb0[267]+072 COLOR: 1.0, 0.5019607843137255, 0.5019607843137255, 0.0
vb0[267]+076 TEXCOORD: 0.9615731239318848, 0.4055304229259491

vb0[268]+000 POSITION: -0.051390890032052994, 1.8460170030593872, 0.08723457157611847
vb0[268]+012 NORMAL: -0.47683191299438477, -0.33979475498199463, 0.8106607794761658
vb0[268]+024 TANGENT: -0.3521329164505005, -0.6049744486808777, 0.7141486406326294, -1.0
vb0[268]+040 BLENDWEIGHTS: 1.0, 0.0, 0.0, 0.0
vb0[268]+056 BLENDINDICES: 0, 0, 0, 0
vb0[268]+072 COLOR: 1.0, 0.5019607843137255, 0.5019607843137255, 0.5019607843137255
vb0[268]+076 TEXCOORD: 0.9774830341339111, 0.3487444221973419

vb0[269]+000 POSITION: -0.053110215812921524, 1.8409359455108643, 0.08117056638002396
vb0[269]+012 NORMAL: -0.47358614206314087, -0.4395551085472107, 0.763221800327301
vb0[269]+024 TANGENT: 0.5709403157234192, -0.8185752034187317, 0.06294286251068115, -1.0
vb0[269]+040 BLENDWEIGHTS: 1.0, 0.0, 0.0, 0.0
vb0[269]+056 BLENDINDICES: 0, 0, 0, 0
vb0[269]+072 COLOR: 1.0, 0.5019607843137255, 0.5019607843137255, 0.4
vb0[269]+076 TEXCOORD: 0.9799540042877197, 0.339743435382843

vb0[270]+000 POSITION: -0.057859908789396286, 1.836912989616394, 0.07426558434963226
vb0[270]+012 NORMAL: -0.5991694331169128, -0.3950347900390625, 0.6963788866996765
vb0[270]+024 TANGENT: 0.3926096558570862, -0.9085696935653687, 0.14268410205841064, -1.0
vb0[270]+040 BLENDWEIGHTS: 0.9190000295639038, 0.08100000023841858, 0.0, 0.0
vb0[270]+056 BLENDINDICES: 0, 6, 0, 0
vb0[270]+072 COLOR: 1.0, 0.5019607843137255, 0.5019607843137255, 0.30196078431372547
vb0[270]+076 TEXCOORD: 0.9864201545715332, 0.33115142583847046

vb0[271]+000 POSITION: -0.060324788093566895, 1.834886908531189, 0.06994739919900894
vb0[271]+012 NORMAL: -0.6379789710044861, -0.3812146782875061, 0.6690726280212402
vb0[271]+024 TANGENT: 0.9224092364311218, 0.11216796189546585, -0.3695668578147888, -1.0
vb0[271]+040 BLENDWEIGHTS: 0.8009999990463257, 0.19900000095367432, 0.0, 0.0
vb0[271]+056 BLENDINDICES: 0, 6, 0, 0
vb0[271]+072 COLOR: 1.0, 0.5019607843137255, 0.5019607843137255, 0.0
vb0[271]+076 TEXCOORD: 0.9900960922241211, 0.3261704444885254

vb0[272]+000 POSITION: -0.048054039478302, 1.845639944076538, 0.08731463551521301
vb0[272]+012 NORMAL: -0.3689897954463959, -0.4349961280822754, 0.8213555216789246
vb0[272]+024 TANGENT: 0.6904640793800354, -0.7230660915374756, -0.02084880881011486, -1.0
vb0[272]+040 BLENDWEIGHTS: 1.0, 0.0, 0.0, 0.0
vb0[272]+056 BLENDINDICES: 0, 0, 0, 0
vb0[272]+072 COLOR: 1.0, 0.5019607843137255, 0.5019607843137255, 0.5019607843137255
vb0[272]+076 TEXCOORD: 0.9736030101776123, 0.34846943616867065

vb0[273]+000 POSITION: -0.04567594826221466, 1.8507719039916992, 0.0937710553407669
vb0[273]+012 NORMAL: -0.41281071305274963, -0.29920458793640137, 0.8602696657180786
vb0[273]+024 TANGENT: -0.20148932933807373, -0.6370883584022522, 0.7439894676208496, -1.0
vb0[273]+040 BLENDWEIGHTS: 1.0, 0.0, 0.0, 0.0
vb0[273]+056 BLENDINDICES: 0, 0, 0, 0
vb0[273]+072 COLOR: 1.0, 0.5019607843137255, 0.5019607843137255, 0.5019607843137255
vb0[273]+076 TEXCOORD: 0.970829963684082, 0.35802242159843445

vb0[274]+000 POSITION: -0.043290819972753525, 1.850443959236145, 0.09293114393949509
vb0[274]+012 NORMAL: -0.24822202324867249, -0.4285528361797333, 0.8687509298324585
vb0[274]+024 TANGENT: 0.7581902742385864, -0.6448371410369873, -0.09660512208938599, -1.0
vb0[274]+040 BLENDWEIGHTS: 1.0, 0.0, 0.0, 0.0
vb0[274]+056 BLENDINDICES: 0, 0, 0, 0
vb0[274]+072 COLOR: 1.0, 0.5019607843137255, 0.5019607843137255, 0.5019607843137255
vb0[274]+076 TEXCOORD: 0.9680030345916748, 0.3571544289588928

vb0[275]+000 POSITION: -0.04046493023633957, 1.855929970741272, 0.09955602139234543
vb0[275]+012 NORMAL: -0.29464641213417053, -0.2955408990383148, 0.9087568521499634
vb0[275]+024 TANGENT: -0.12203073501586914, -0.5918431878089905, 0.7967623472213745, -1.0
vb0[275]+040 BLENDWEIGHTS: 1.0, 0.0, 0.0, 0.0
vb0[275]+056 BLENDINDICES: 0, 0, 0, 0
vb0[275]+072 COLOR: 1.0, 0.5019607843137255, 0.5019607843137255, 0.5019607843137255
vb0[275]+076 TEXCOORD: 0.9654698371887207, 0.3673044443130493

vb0[276]+000 POSITION: -0.03807244822382927, 1.8561440706253052, 0.09813299775123596
vb0[276]+012 NORMAL: -0.15980450809001923, -0.3717992305755615, 0.9144549369812012
vb0[276]+024 TANGENT: 0.7975622415542603, -0.5931949615478516, -0.10960978269577026, -1.0
vb0[276]+040 BLENDWEIGHTS: 1.0, 0.0, 0.0, 0.0
vb0[276]+056 BLENDINDICES: 0, 0, 0, 0
vb0[276]+072 COLOR: 1.0, 0.5019607843137255, 0.5019607843137255, 0.5019607843137255
vb0[276]+076 TEXCOORD: 0.9623289108276367, 0.36664342880249023

vb0[277]+000 POSITION: -0.035776637494564056, 1.8627392053604126, 0.1043473407626152
vb0[277]+012 NORMAL: -0.235184907913208, -0.229338601231575, 0.9445061683654785
vb0[277]+024 TANGENT: -0.04202878847718239, -0.5004777908325195, 0.8647286295890808, -1.0
vb0[277]+040 BLENDWEIGHTS: 1.0, 0.0, 0.0, 0.0
vb0[277]+056 BLENDINDICES: 0, 0, 0, 0
vb0[277]+072 COLOR: 1.0, 0.5019607843137255, 0.5019607843137255, 0.5019607843137255
vb0[277]+076 TEXCOORD: 0.9616899490356445, 0.3774714171886444

vb0[278]+000 POSITION: -0.03291809558868408, 1.8628580570220947, 0.1025281473994255
vb0[278]+012 NORMAL: -0.08936122059822083, -0.28595781326293945, 0.9540663957595825
vb0[278]+024 TANGENT: 0.8345839977264404, -0.5453628897666931, -0.07777446508407593, -1.0
vb0[278]+040 BLENDWEIGHTS: 1.0, 0.0, 0.0, 0.0
vb0[278]+056 BLENDINDICES: 0, 0, 0, 0
vb0[278]+072 COLOR: 1.0, 0.5019607843137255, 0.5019607843137255, 0.5019607843137255
vb0[278]+076 TEXCOORD: 0.957819938659668, 0.3770124316215515

vb0[279]+000 POSITION: -0.03112674318253994, 1.8706938028335571, 0.10833249986171722
vb0[279]+012 NORMAL: -0.1642749160528183, -0.1521972268819809, 0.9746023416519165
vb0[279]+024 TANGENT: 0.006144643295556307, -0.3960859179496765, 0.9181929230690002, -1.0
vb0[279]+040 BLENDWEIGHTS: 0.9629999995231628, 0.03700000047683716, 0.0, 0.0
vb0[279]+056 BLENDINDICES: 0, 1, 0, 0
vb0[279]+072 COLOR: 1.0, 0.5019607843137255, 0.5019607843137255, 0.4
vb0[279]+076 TEXCOORD: 0.959151029586792, 0.3868864178657532

vb0[280]+000 POSITION: -0.028484182432293892, 1.8695284128189087, 0.10569804161787033
vb0[280]+012 NORMAL: -0.05204969644546509, -0.20746693015098572, 0.9768562912940979
vb0[280]+024 TANGENT: 0.8350918889045715, -0.5489399433135986, -0.03586989641189575, -1.0
vb0[280]+040 BLENDWEIGHTS: 0.9750000238418579, 0.02500000037252903, 0.0, 0.0
vb0[280]+056 BLENDINDICES: 0, 1, 0, 0
vb0[280]+072 COLOR: 1.0, 0.5019607843137255, 0.5019607843137255, 0.5019607843137255
vb0[280]+076 TEXCOORD: 0.9546308517456055, 0.38670942187309265

vb0[281]+000 POSITION: -0.02406495437026024, 1.8771594762802124, 0.10822968184947968
vb0[281]+012 NORMAL: -0.004374821204692125, -0.13694526255130768, 0.9905688762664795
vb0[281]+024 TANGENT: 0.8396798968315125, -0.5428566336631775, 0.01562786102294922, -1.0
vb0[281]+040 BLENDWEIGHTS: 0.902999997138977, 0.09700000286102295, 0.0, 0.0
vb0[281]+056 BLENDINDICES: 0, 1, 0, 0
vb0[281]+072 COLOR: 1.0, 0.5019607843137255, 0.5019607843137255, 0.4
vb0[281]+076 TEXCOORD: 0.9520483016967773, 0.3972369134426117

vb0[282]+000 POSITION: -0.027179813012480736, 1.8779910802841187, 0.11076710373163223
vb0[282]+012 NORMAL: -0.14486722648143768, -0.07918542623519897, 0.9862774014472961
vb0[282]+024 TANGENT: 0.06876266002655029, -0.3194797933101654, 0.9450948238372803, -1.0
vb0[282]+040 BLENDWEIGHTS: 0.8379999995231628, 0.16200000047683716, 0.0, 0.0
vb0[282]+056 BLENDINDICES: 0, 1, 0, 0
vb0[282]+072 COLOR: 1.0, 0.5019607843137255, 0.5019607843137255, 0.30196078431372547
vb0[282]+076 TEXCOORD: 0.9562268257141113, 0.39791280031204224

vb0[283]+000 POSITION: -0.024659041315317154, 1.8824961185455322, 0.11178990453481674
vb0[283]+012 NORMAL: -0.060484204441308975, -0.059648096561431885, 0.9963853359222412
vb0[283]+024 TANGENT: 0.8105119466781616, -0.5468528866767883, 0.20981505513191223, -1.0
vb0[283]+040 BLENDWEIGHTS: 0.7120000123977661, 0.2879999876022339, 0.0, 0.0
vb0[283]+056 BLENDINDICES: 0, 1, 0, 0
vb0[283]+072 COLOR: 1.0, 0.5019607843137255, 0.5019607843137255, 0.0
vb0[283]+076 TEXCOORD: 0.9551582336425781, 0.40362873673439026

vb0[284]+000 POSITION: -0.019376171752810478, 1.8856818675994873, 0.11019109189510345
vb0[284]+012 NORMAL: 0.03637868911027908, -0.045341260731220245, 0.9983090162277222
vb0[284]+024 TANGENT: 0.8388857245445251, -0.5335296988487244, 0.1077815368771553, -1.0
vb0[284]+040 BLENDWEIGHTS: 0.8389999866485596, 0.16099999845027924, 0.0, 0.0
vb0[284]+056 BLENDINDICES: 0, 1, 0, 0
vb0[284]+072 COLOR: 1.0, 0.5019607843137255, 0.5019607843137255, 0.30196078431372547
vb0[284]+076 TEXCOORD: 0.9498858451843262, 0.40790992975234985

vb0[285]+000 POSITION: -0.02242804318666458, 1.8863986730575562, 0.11261381953954697
vb0[285]+012 NORMAL: 0.021698404103517532, -0.04547283798456192, 0.9987298846244812
vb0[285]+024 TANGENT: 0.8305303454399109, -0.5206796526908875, 0.1977677345275879, -1.0
vb0[285]+040 BLENDWEIGHTS: 0.7360000014305115, 0.2639999985694885, 0.0, 0.0
vb0[285]+056 BLENDINDICES: 0, 1, 0, 0
vb0[285]+072 COLOR: 1.0, 0.5019607843137255, 0.5019607843137255, 0.0
vb0[285]+076 TEXCOORD: 0.953406810760498, 0.4082280099391937

vb0[286]+000 POSITION: -0.015288066118955612, 1.8929977416992188, 0.11052046716213226
vb0[286]+012 NORMAL: 0.07590416073799133, 0.018753867596387863, 0.9969388246536255
vb0[286]+024 TANGENT: 0.4008543789386749, -0.45456957817077637, -0.7954132556915283, -1.0
vb0[286]+040 BLENDWEIGHTS: 0.7599999904632568, 0.23999999463558197, 0.0, 0.0
vb0[286]+056 BLENDINDICES: 0, 1, 0, 0
vb0[286]+072 COLOR: 1.0, 0.5019607843137255, 0.5019607843137255, 0.0
vb0[286]+076 TEXCOORD: 0.946897029876709, 0.41626518964767456

vb0[287]+000 POSITION: -0.016382817178964615, 1.8964765071868896, 0.10587192326784134
vb0[287]+012 NORMAL: 0.4694555699825287, -0.47116053104400635, -0.7467390298843384
vb0[287]+024 TANGENT: 0.6179636716842651, -0.7332628965377808, 0.28363072872161865, -1.0
vb0[287]+040 BLENDWEIGHTS: 0.949999988079071, 0.05000000074505806, 0.0, 0.0
vb0[287]+056 BLENDINDICES: 0, 1, 0, 0
vb0[287]+072 COLOR: 1.0, 0.5019607843137255, 0.5019607843137255, 0.0
vb0[287]+076 TEXCOORD: 0.7969355583190918, 0.7791956067085266

vb0[288]+000 POSITION: -0.01014662254601717, 1.89983332157135, 0.10902542620897293
vb0[288]+012 NORMAL: 0.3758796155452728, -0.4721492826938629, -0.7973642349243164
vb0[288]+024 TANGENT: 0.4200165271759033, -0.54230797290802, -0.7276594042778015, -1.0
vb0[288]+040 BLENDWEIGHTS: 0.9950000047683716, 0.004999999888241291, 0.0, 0.0
vb0[288]+056 BLENDINDICES: 0, 1, 0, 0
vb0[288]+072 COLOR: 1.0, 0.5019607843137255, 0.5019607843137255, 0.5019607843137255
vb0[288]+076 TEXCOORD: 0.7910423278808594, 0.7772003412246704

vb0[289]+000 POSITION: -0.015288066118955612, 1.8929977416992188, 0.11052046716213226
vb0[289]+012 NORMAL: 0.08758822083473206, -0.2664090692996979, -0.9598720669746399
vb0[289]+024 TANGENT: 0.4008543789386749, -0.45456957817077637, -0.7954132556915283, -1.0
vb0[289]+040 BLENDWEIGHTS: 0.7599999904632568, 0.23999999463558197, 0.0, 0.0
vb0[289]+056 BLENDINDICES: 0, 1, 0, 0
vb0[289]+072 COLOR: 1.0, 0.5019607843137255, 0.5019607843137255, 0.0
vb0[289]+076 TEXCOORD: 0.7974529266357422, 0.7745110392570496

vb0[290]+000 POSITION: -0.003266990650445223, 1.9072206020355225, 0.10662471503019333
vb0[290]+012 NORMAL: 0.592951774597168, -0.6107184886932373, -0.5248153209686279
vb0[290]+024 TANGENT: 0.7112812995910645, -0.702534019947052, -0.02290641888976097, -1.0
vb0[290]+040 BLENDWEIGHTS: 1.0, 0.0, 0.0, 0.0
vb0[290]+056 BLENDINDICES: 0, 0, 0, 0
vb0[290]+072 COLOR: 1.0, 0.5019607843137255, 0.5019607843137255, 0.0
vb0[290]+076 TEXCOORD: 0.7833967208862305, 0.7803870439529419

vb0[291]+000 POSITION: -0.019376171752810478, 1.8856818675994873, 0.11019109189510345
vb0[291]+012 NORMAL: 0.5008995532989502, -0.31163808703422546, -0.8074536919593811
vb0[291]+024 TANGENT: 0.8388857245445251, -0.5335296988487244, 0.1077815368771553, -1.0
vb0[291]+040 BLENDWEIGHTS: 0.8389999866485596, 0.16099999845027924, 0.0, 0.0
vb0[291]+056 BLENDINDICES: 0, 1, 0, 0
vb0[291]+072 COLOR: 1.0, 0.5019607843137255, 0.5019607843137255, 0.30196078431372547
vb0[291]+076 TEXCOORD: 0.8038733005523682, 0.7725130319595337

vb0[292]+000 POSITION: -0.024959001690149307, 1.890014410018921, 0.10230041295289993
vb0[292]+012 NORMAL: 0.586231529712677, -0.35788023471832275, -0.7268111109733582
vb0[292]+024 TANGENT: 0.48552146553993225, -0.860285758972168, 0.15549050271511078, -1.0
vb0[292]+040 BLENDWEIGHTS: 1.0, 0.0, 0.0, 0.0
vb0[292]+056 BLENDINDICES: 0, 0, 0, 0
vb0[292]+072 COLOR: 1.0, 0.5019607843137255, 0.5019607843137255, 0.0
vb0[292]+076 TEXCOORD: 0.8058607578277588, 0.7807560563087463

vb0[293]+000 POSITION: -0.02406495437026024, 1.8771594762802124, 0.10822968184947968
vb0[293]+012 NORMAL: 0.6341347694396973, -0.27325767278671265, -0.7233280539512634
vb0[293]+024 TANGENT: 0.8396798968315125, -0.5428566336631775, 0.01562786102294922, -1.0
vb0[293]+040 BLENDWEIGHTS: 0.902999997138977, 0.09700000286102295, 0.0, 0.0
vb0[293]+056 BLENDINDICES: 0, 1, 0, 0
vb0[293]+072 COLOR: 1.0, 0.5019607843137255, 0.5019607843137255, 0.4
vb0[293]+076 TEXCOORD: 0.8116331100463867, 0.7708464860916138

vb0[294]+000 POSITION: -0.032189615070819855, 1.8847440481185913, 0.0989086925983429
vb0[294]+012 NORMAL: 0.5807877779006958, -0.27025315165519714, -0.7678859233856201
vb0[294]+024 TANGENT: 0.5715569257736206, -0.8127229809761047, -0.11315500736236572, -1.0
vb0[294]+040 BLENDWEIGHTS: 1.0, 0.0, 0.0, 0.0
vb0[294]+056 BLENDINDICES: 0, 0, 0, 0
vb0[294]+072 COLOR: 1.0, 0.5019607843137255, 0.5019607843137255, 0.0
vb0[294]+076 TEXCOORD: 0.8133351802825928, 0.7823746800422668

vb0[295]+000 POSITION: -0.028484182432293892, 1.8695284128189087, 0.10569804161787033
vb0[295]+012 NORMAL: 0.644323468208313, -0.18449167907238007, -0.7421658635139465
vb0[295]+024 TANGENT: 0.8350918889045715, -0.5489399433135986, -0.03586989641189575, -1.0
vb0[295]+040 BLENDWEIGHTS: 0.9750000238418579, 0.02500000037252903, 0.0, 0.0
vb0[295]+056 BLENDINDICES: 0, 1, 0, 0
vb0[295]+072 COLOR: 1.0, 0.5019607843137255, 0.5019607843137255, 0.5019607843137255
vb0[295]+076 TEXCOORD: 0.8189172744750977, 0.769782304763794

vb0[296]+000 POSITION: -0.04003463312983513, 1.87686026096344, 0.09566225856542587
vb0[296]+012 NORMAL: 0.660956621170044, -0.2323131561279297, -0.7135593295097351
vb0[296]+024 TANGENT: 0.6817686557769775, -0.26041772961616516, -0.683647632598877, -1.0
vb0[296]+040 BLENDWEIGHTS: 1.0, 0.0, 0.0, 0.0
vb0[296]+056 BLENDINDICES: 0, 0, 0, 0
vb0[296]+072 COLOR: 1.0, 0.5019607843137255, 0.5019607843137255, 0.5019607843137255
vb0[296]+076 TEXCOORD: 0.8225674629211426, 0.782844603061676

vb0[297]+000 POSITION: -0.03291809558868408, 1.8628580570220947, 0.1025281473994255
vb0[297]+012 NORMAL: 0.661823034286499, -0.08327384293079376, -0.7450206279754639
vb0[297]+024 TANGENT: 0.8345839977264404, -0.5453628897666931, -0.07777446508407593, -1.0
vb0[297]+040 BLENDWEIGHTS: 1.0, 0.0, 0.0, 0.0
vb0[297]+056 BLENDINDICES: 0, 0, 0, 0
vb0[297]+072 COLOR: 1.0, 0.5019607843137255, 0.5019607843137255, 0.5019607843137255
vb0[297]+076 TEXCOORD: 0.8258695602416992, 0.7695019245147705

vb0[298]+000 POSITION: -0.04400352016091347, 1.8715554475784302, 0.09297528117895126
vb0[298]+012 NORMAL: 0.721388041973114, -0.12430919706821442, -0.6812829971313477
vb0[298]+024 TANGENT: 0.7217729687690735, -0.1514236330986023, -0.6753625869750977, -1.0
vb0[298]+040 BLENDWEIGHTS: 1.0, 0.0, 0.0, 0.0
vb0[298]+056 BLENDINDICES: 0, 0, 0, 0
vb0[298]+072 COLOR: 1.0, 0.5019607843137255, 0.5019607843137255, 0.5019607843137255
vb0[298]+076 TEXCOORD: 0.8282499313354492, 0.7829664945602417

vb0[299]+000 POSITION: -0.03807244822382927, 1.8561440706253052, 0.09813299775123596
vb0[299]+012 NORMAL: 0.7110308408737183, -0.04457714781165123, -0.70174640417099
vb0[299]+024 TANGENT: 0.7975622415542603, -0.5931949615478516, -0.10960978269577026, -1.0
vb0[299]+040 BLENDWEIGHTS: 1.0, 0.0, 0.0, 0.0
vb0[299]+056 BLENDINDICES: 0, 0, 0, 0
vb0[299]+072 COLOR: 1.0, 0.5019607843137255, 0.5019607843137255, 0.5019607843137255
vb0[299]+076 TEXCOORD: 0.8335838317871094, 0.7700936198234558

vb0[300]+000 POSITION: -0.0456041619181633, 1.8815538883209229, 0.08528103679418564
vb0[300]+012 NORMAL: 0.6133102178573608, -0.25105684995651245, -0.7488797307014465
vb0[300]+024 TANGENT: 0.7261402606964111, -0.4045882225036621, -0.5559034943580627, -1.0
vb0[300]+040 BLENDWEIGHTS: 1.0, 0.0, 0.0, 0.0
vb0[300]+056 BLENDINDICES: 0, 0, 0, 0
vb0[300]+072 COLOR: 1.0, 0.5019607843137255, 0.5019607843137255, 0.0
vb0[300]+076 TEXCOORD: 0.8253445625305176, 0.792861819267273

vb0[301]+000 POSITION: -0.050351712852716446, 1.8788878917694092, 0.08076194673776627
vb0[301]+012 NORMAL: 0.7705577611923218, -0.1822972595691681, -0.6107441782951355
vb0[301]+024 TANGENT: 0.8277652859687805, -0.22812053561210632, -0.5126068592071533, -1.0
vb0[301]+040 BLENDWEIGHTS: 1.0, 0.0, 0.0, 0.0
vb0[301]+056 BLENDINDICES: 0, 0, 0, 0
vb0[301]+072 COLOR: 1.0, 0.5019607843137255, 0.5019607843137255, 0.5019607843137255
vb0[301]+076 TEXCOORD: 0.8308444023132324, 0.7958167791366577

vb0[302]+000 POSITION: -0.04921919107437134, 1.8645960092544556, 0.08830895274877548
vb0[302]+012 NORMAL: 0.7792750597000122, -0.08420586585998535, -0.6209989786148071
vb0[302]+024 TANGENT: 0.7780738472938538, -0.08150243759155273, -0.6228630542755127, -1.0
vb0[302]+040 BLENDWEIGHTS: 1.0, 0.0, 0.0, 0.0
vb0[302]+056 BLENDINDICES: 0, 0, 0, 0
vb0[302]+072 COLOR: 1.0, 0.5019607843137255, 0.5019607843137255, 0.5019607843137255
vb0[302]+076 TEXCOORD: 0.8360650539398193, 0.7837144136428833

vb0[303]+000 POSITION: -0.05614589899778366, 1.8731340169906616, 0.07185214757919312
vb0[303]+012 NORMAL: 0.8445653319358826, -0.13079915940761566, -0.5192311406135559
vb0[303]+024 TANGENT: 0.8958588242530823, -0.15530331432819366, -0.4163147509098053, -1.0
vb0[303]+040 BLENDWEIGHTS: 1.0, 0.0, 0.0, 0.0
vb0[303]+056 BLENDINDICES: 0, 0, 0, 0
vb0[303]+072 COLOR: 1.0, 0.5019607843137255, 0.5019607843137255, 0.5019607843137255
vb0[303]+076 TEXCOORD: 0.8399105072021484, 0.7997348308563232

vb0[304]+000 POSITION: -0.0538717582821846, 1.857924461364746, 0.08265837281942368
vb0[304]+012 NORMAL: 0.8267325758934021, -0.043665289878845215, -0.5608980655670166
vb0[304]+024 TANGENT: 0.825973629951477, -0.04681015387177467, -0.5617618560791016, -1.0
vb0[304]+040 BLENDWEIGHTS: 1.0, 0.0, 0.0, 0.0
vb0[304]+056 BLENDINDICES: 0, 0, 0, 0
vb0[304]+072 COLOR: 1.0, 0.5019607843137255, 0.5019607843137255, 0.5019607843137255
vb0[304]+076 TEXCOORD: 0.8438882827758789, 0.7848789691925049

vb0[305]+000 POSITION: -0.043290819972753525, 1.850443959236145, 0.09293114393949509
vb0[305]+012 NORMAL: 0.7586256861686707, -0.005950818303972483, -0.6514995694160461
vb0[305]+024 TANGENT: 0.7581902742385864, -0.6448371410369873, -0.09660512208938599, -1.0
vb0[305]+040 BLENDWEIGHTS: 1.0, 0.0, 0.0, 0.0
vb0[305]+056 BLENDINDICES: 0, 0, 0, 0
vb0[305]+072 COLOR: 1.0, 0.5019607843137255, 0.5019607843137255, 0.5019607843137255
vb0[305]+076 TEXCOORD: 0.8410158157348633, 0.7716917395591736

vb0[306]+000 POSITION: -0.048054039478302, 1.845639944076538, 0.08731463551521301
vb0[306]+012 NORMAL: 0.7957800626754761, 0.026626547798514366, -0.6050001382827759
vb0[306]+024 TANGENT: 0.6904640793800354, -0.7230660915374756, -0.02084880881011486, -1.0
vb0[306]+040 BLENDWEIGHTS: 1.0, 0.0, 0.0, 0.0
vb0[306]+056 BLENDINDICES: 0, 0, 0, 0
vb0[306]+072 COLOR: 1.0, 0.5019607843137255, 0.5019607843137255, 0.5019607843137255
vb0[306]+076 TEXCOORD: 0.8478903770446777, 0.7738658785820007

vb0[307]+000 POSITION: -0.05778476595878601, 1.8518924713134766, 0.07695133984088898
vb0[307]+012 NORMAL: 0.8495835065841675, -0.007916642352938652, -0.527394711971283
vb0[307]+024 TANGENT: 0.856751561164856, -0.029445292428135872, -0.5148879885673523, -1.0
vb0[307]+040 BLENDWEIGHTS: 1.0, 0.0, 0.0, 0.0
vb0[307]+056 BLENDINDICES: 0, 0, 0, 0
vb0[307]+072 COLOR: 1.0, 0.5019607843137255, 0.5019607843137255, 0.5019607843137255
vb0[307]+076 TEXCOORD: 0.8511223793029785, 0.7861424088478088

vb0[308]+000 POSITION: -0.0596432238817215, 1.8694099187850952, 0.06466451287269592
vb0[308]+012 NORMAL: 0.8837276697158813, -0.08963589370250702, -0.4593375325202942
vb0[308]+024 TANGENT: 0.9379865527153015, -0.13821418583393097, -0.31792783737182617, -1.0
vb0[308]+040 BLENDWEIGHTS: 1.0, 0.0, 0.0, 0.0
vb0[308]+056 BLENDINDICES: 0, 0, 0, 0
vb0[308]+072 COLOR: 1.0, 0.5019607843137255, 0.5019607843137255, 0.5019607843137255
vb0[308]+076 TEXCOORD: 0.8463239669799805, 0.8029410243034363

vb0[309]+000 POSITION: -0.060492660850286484, 1.8479459285736084, 0.07213481515645981
vb0[309]+012 NORMAL: 0.8889742493629456, -0.029638387262821198, -0.4569970369338989
vb0[309]+024 TANGENT: 0.9040938019752502, -0.018008530139923096, -0.42695438861846924, -1.0
vb0[309]+040 BLENDWEIGHTS: 1.0, 0.0, 0.0, 0.0
vb0[309]+056 BLENDINDICES: 0, 0, 0, 0
vb0[309]+072 COLOR: 1.0, 0.5019607843137255, 0.5019607843137255, 0.5019607843137255
vb0[309]+076 TEXCOORD: 0.8563849925994873, 0.7876245975494385

vb0[310]+000 POSITION: -0.053110215812921524, 1.8409359455108643, 0.08117056638002396
vb0[310]+012 NORMAL: 0.8413786292076111, 0.033595453947782516, -0.5394008755683899
vb0[310]+024 TANGENT: 0.5709403157234192, -0.8185752034187317, 0.06294286251068115, -1.0
vb0[310]+040 BLENDWEIGHTS: 1.0, 0.0, 0.0, 0.0
vb0[310]+056 BLENDINDICES: 0, 0, 0, 0
vb0[310]+072 COLOR: 1.0, 0.5019607843137255, 0.5019607843137255, 0.4
vb0[310]+076 TEXCOORD: 0.8549151420593262, 0.7766585350036621

vb0[311]+000 POSITION: -0.057859908789396286, 1.836912989616394, 0.07426558434963226
vb0[311]+012 NORMAL: 0.89360511302948, 0.07561218738555908, -0.442439466714859
vb0[311]+024 TANGENT: 0.3926096558570862, -0.9085696935653687, 0.14268410205841064, -1.0
vb0[311]+040 BLENDWEIGHTS: 0.9190000295639038, 0.08100000023841858, 0.0, 0.0
vb0[311]+056 BLENDINDICES: 0, 6, 0, 0
vb0[311]+072 COLOR: 1.0, 0.5019607843137255, 0.5019607843137255, 0.30196078431372547
vb0[311]+076 TEXCOORD: 0.8616542816162109, 0.780058741569519

vb0[312]+000 POSITION: -0.06311705708503723, 1.8438619375228882, 0.06567052006721497
vb0[312]+012 NORMAL: 0.9012715220451355, -0.0016764096217229962, -0.43325158953666687
vb0[312]+024 TANGENT: 0.936663031578064, 0.012334585189819336, -0.3500146269798279, -1.0
vb0[312]+040 BLENDWEIGHTS: 0.9369999766349792, 0.06300000101327896, 0.0, 0.0
vb0[312]+056 BLENDINDICES: 0, 6, 0, 0
vb0[312]+072 COLOR: 1.0, 0.5019607843137255, 0.5019607843137255, 0.5019607843137255
vb0[312]+076 TEXCOORD: 0.8624649047851562, 0.7899305820465088

vb0[313]+000 POSITION: -0.060324788093566895, 1.834886908531189, 0.06994739919900894
vb0[313]+012 NORMAL: 0.8978350758552551, 0.11237192153930664, -0.4257518947124481
vb0[313]+024 TANGENT: 0.9224092364311218, 0.11216796189546585, -0.3695668578147888, -1.0
vb0[313]+040 BLENDWEIGHTS: 0.8009999990463257, 0.19900000095367432, 0.0, 0.0
vb0[313]+056 BLENDINDICES: 0, 6, 0, 0
vb0[313]+072 COLOR: 1.0, 0.5019607843137255, 0.5019607843137255, 0.0
vb0[313]+076 TEXCOORD: 0.8654015064239502, 0.7821998000144958

vb0[314]+000 POSITION: -0.06278128176927567, 1.8641200065612793, 0.05444756895303726
vb0[314]+012 NORMAL: 0.9333444833755493, -0.05710938945412636, -0.35441023111343384
vb0[314]+024 TANGENT: 0.9286359548568726, -0.19860154390335083, -0.3133571743965149, -1.0
vb0[314]+040 BLENDWEIGHTS: 1.0, 0.0, 0.0, 0.0
vb0[314]+056 BLENDINDICES: 0, 0, 0, 0
vb0[314]+072 COLOR: 1.0, 0.5019607843137255, 0.5019607843137255, 0.0
vb0[314]+076 TEXCOORD: 0.8551411628723145, 0.8071431517601013

vb0[315]+000 POSITION: -0.06263282895088196, 1.830878734588623, 0.06077053025364876
vb0[315]+012 NORMAL: 0.8464672565460205, 0.06335510313510895, -0.5286581516265869
vb0[315]+024 TANGENT: 0.8388991951942444, 0.06843793392181396, -0.5399670600891113, -1.0
vb0[315]+040 BLENDWEIGHTS: 0.652999997138977, 0.34700000286102295, 0.0, 0.0
vb0[315]+056 BLENDINDICES: 0, 6, 0, 0
vb0[315]+072 COLOR: 1.0, 0.5019607843137255, 0.5019607843137255, 0.5019607843137255
vb0[315]+076 TEXCOORD: 0.8728200197219849, 0.785813570022583

vb0[316]+000 POSITION: -0.06481140851974487, 1.839255928993225, 0.057696808129549026
vb0[316]+012 NORMAL: 0.9270080327987671, 0.0016225429717451334, -0.37503790855407715
vb0[316]+024 TANGENT: 0.8998540639877319, -0.015680968761444092, -0.4359091818332672, -1.0
vb0[316]+040 BLENDWEIGHTS: 0.7910000085830688, 0.20900000631809235, 0.0, 0.0
vb0[316]+056 BLENDINDICES: 0, 6, 0, 0
vb0[316]+072 COLOR: 1.0, 0.5019607843137255, 0.5019607843137255, 0.30196078431372547
vb0[316]+076 TEXCOORD: 0.8695785999298096, 0.7925964593887329

vb0[317]+000 POSITION: -0.06705302745103836, 1.8491098880767822, 0.054668549448251724
vb0[317]+012 NORMAL: 0.9374505877494812, -0.06517737358808517, -0.3419622480869293
vb0[317]+024 TANGENT: 0.9302724599838257, -0.0924881175160408, -0.3550199270248413, -1.0
vb0[317]+040 BLENDWEIGHTS: 0.9380000233650208, 0.06199999898672104, 0.0, 0.0
vb0[317]+056 BLENDINDICES: 0, 6, 0, 0
vb0[317]+072 COLOR: 1.0, 0.5019607843137255, 0.5019607843137255, 0.5019607843137255
vb0[317]+076 TEXCOORD: 0.8649001121520996, 0.7998784780502319

vb0[318]+000 POSITION: -0.07205180823802948, 1.8569200038909912, 0.03576621785759926
vb0[318]+012 NORMAL: 0.8868834972381592, -0.06704513728618622, -0.4571024477481842
vb0[318]+024 TANGENT: 0.952147364616394, -0.06335610151290894, -0.29900068044662476, -1.0
vb0[318]+040 BLENDWEIGHTS: 1.0, 0.0, 0.0, 0.0
vb0[318]+056 BLENDINDICES: 0, 0, 0, 0
vb0[318]+072 COLOR: 1.0, 0.5019607843137255, 0.5019607843137255, 0.0
vb0[318]+076 TEXCOORD: 0.8693833351135254, 0.8163307905197144

vb0[319]+000 POSITION: -0.0702153742313385, 1.8430309295654297, 0.04374708980321884
vb0[319]+012 NORMAL: 0.9663642644882202, -0.027122510597109795, -0.2557428777217865
vb0[319]+024 TANGENT: 0.968255877494812, -0.04869121313095093, -0.24517285823822021, -1.0
vb0[319]+040 BLENDWEIGHTS: 0.8029999732971191, 0.19699999690055847, 0.0, 0.0
vb0[319]+056 BLENDINDICES: 0, 6, 0, 0
vb0[319]+072 COLOR: 1.0, 0.5019607843137255, 0.5019607843137255, 0.5019607843137255
vb0[319]+076 TEXCOORD: 0.874173641204834, 0.8042861819267273

vb0[320]+000 POSITION: -0.07362987101078033, 1.8315949440002441, 0.05159479007124901
vb0[320]+012 NORMAL: 0.9792532920837402, 0.08504052460193634, -0.18393220007419586
vb0[320]+024 TANGENT: -0.3952162563800812, -0.5746203660964966, 0.7166697382926941, -1.0
vb0[320]+040 BLENDWEIGHTS: 0.5479999780654907, 0.4519999921321869, 0.0, 0.0
vb0[320]+056 BLENDINDICES: 0, 6, 0, 0
vb0[320]+072 COLOR: 1.0, 0.5019607843137255, 0.5019607843137255, 0.10196078431372549
vb0[320]+076 TEXCOORD: 0.880061149597168, 0.7947577238082886

vb0[321]+000 POSITION: -0.0716070756316185, 1.827765941619873, 0.05293385684490204
vb0[321]+012 NORMAL: 0.891299307346344, 0.021654268726706505, -0.4528981149196625
vb0[321]+024 TANGENT: -0.3329724371433258, -0.5340287089347839, -0.7771375775337219, -1.0
vb0[321]+040 BLENDWEIGHTS: 0.5099999904632568, 0.49000000953674316, 0.0, 0.0
vb0[321]+056 BLENDINDICES: 0, 6, 0, 0
vb0[321]+072 COLOR: 1.0, 0.5019607843137255, 0.5019607843137255, 0.30196078431372547
vb0[321]+076 TEXCOORD: 0.8810052871704102, 0.7913262844085693

vb0[322]+000 POSITION: -0.0688219889998436, 1.8231539726257324, 0.05484768748283386
vb0[322]+012 NORMAL: 0.7479826807975769, 0.03529328480362892, -0.6627792119979858
vb0[322]+024 TANGENT: -0.2498181015253067, -0.5767046213150024, -0.7778192758560181, -1.0
vb0[322]+040 BLENDWEIGHTS: 0.5569999814033508, 0.4429999887943268, 0.0, 0.0
vb0[322]+056 BLENDINDICES: 6, 0, 0, 0
vb0[322]+072 COLOR: 1.0, 0.5019607843137255, 0.5019607843137255, 0.4
vb0[322]+076 TEXCOORD: 0.8820233345031738, 0.7869231104850769

vb0[323]+000 POSITION: -0.06070088595151901, 1.8252211809158325, 0.06315372884273529
vb0[323]+012 NORMAL: 0.8594288229942322, 0.10422065109014511, -0.500519871711731
vb0[323]+024 TANGENT: 0.8508610129356384, 0.09755922108888626, -0.5162535309791565, -1.0
vb0[323]+040 BLENDWEIGHTS: 0.550000011920929, 0.44999998807907104, 0.0, 0.0
vb0[323]+056 BLENDINDICES: 0, 6, 0, 0
vb0[323]+072 COLOR: 1.0, 0.5019607843137255, 0.5019607843137255, 0.5019607843137255
vb0[323]+076 TEXCOORD: 0.8747420310974121, 0.7809473276138306

vb0[324]+000 POSITION: -0.06597980856895447, 1.8188179731369019, 0.05731591954827309
vb0[324]+012 NORMAL: 0.7724972367286682, 0.056397996842861176, -0.6325086951255798
vb0[324]+024 TANGENT: -0.16655969619750977, -0.6817126870155334, -0.7124082446098328, -1.0
vb0[324]+040 BLENDWEIGHTS: 0.6169999837875366, 0.382999986410141, 0.0, 0.0
vb0[324]+056 BLENDINDICES: 6, 0, 0, 0
vb0[324]+072 COLOR: 1.0, 0.5019607843137255, 0.5019607843137255, 0.5019607843137255
vb0[324]+076 TEXCOORD: 0.8827271461486816, 0.7824360728263855

vb0[325]+000 POSITION: -0.06300774216651917, 1.815247893333435, 0.06016981974244118
vb0[325]+012 NORMAL: 0.8071509599685669, 0.0577460452914238, -0.5875140428543091
vb0[325]+024 TANGENT: -0.07304155826568604, -0.7441853284835815, -0.6639677286148071, -1.0
vb0[325]+040 BLENDWEIGHTS: 0.671999990940094, 0.328000009059906, 0.0, 0.0
vb0[325]+056 BLENDINDICES: 6, 0, 0, 0
vb0[325]+072 COLOR: 1.0, 0.5019607843137255, 0.5019607843137255, 0.5019607843137255
vb0[325]+076 TEXCOORD: 0.8828334808349609, 0.7781189680099487

vb0[326]+000 POSITION: -0.05868152156472206, 1.820626139640808, 0.06567317992448807
vb0[326]+012 NORMAL: 0.8778175711631775, 0.13634531199932098, -0.4591800570487976
vb0[326]+024 TANGENT: 0.8649563789367676, 0.1308290958404541, -0.48449385166168213, -1.0
vb0[326]+040 BLENDWEIGHTS: 0.5450000166893005, 0.45500001311302185, 0.0, 0.0
vb0[326]+056 BLENDINDICES: 6, 0, 0, 0
vb0[326]+072 COLOR: 1.0, 0.5019607843137255, 0.5019607843137255, 0.5019607843137255
vb0[326]+076 TEXCOORD: 0.875941276550293, 0.7765436768531799

vb0[327]+000 POSITION: -0.05974489077925682, 1.8120930194854736, 0.06384699046611786
vb0[327]+012 NORMAL: 0.8250988125801086, 0.08552885055541992, -0.5584772229194641
vb0[327]+024 TANGENT: 0.01390236709266901, -0.7985326051712036, -0.6017910838127136, -1.0
vb0[327]+040 BLENDWEIGHTS: 0.7350000143051147, 0.26499998569488525, 0.0, 0.0
vb0[327]+056 BLENDINDICES: 6, 0, 0, 0
vb0[327]+072 COLOR: 1.0, 0.5019607843137255, 0.5019607843137255, 0.5019607843137255
vb0[327]+076 TEXCOORD: 0.882319450378418, 0.7735136151313782

vb0[328]+000 POSITION: -0.05669020488858223, 1.816652774810791, 0.06814642995595932
vb0[328]+012 NORMAL: 0.9055392742156982, 0.24415449798107147, -0.3469685912132263
vb0[328]+024 TANGENT: 0.8880918025970459, 0.18907319009304047, -0.41898006200790405, -1.0
vb0[328]+040 BLENDWEIGHTS: 0.6420000195503235, 0.3580000102519989, 0.0, 0.0
vb0[328]+056 BLENDINDICES: 6, 0, 0, 0
vb0[328]+072 COLOR: 1.0, 0.5019607843137255, 0.5019607843137255, 0.5019607843137255
vb0[328]+076 TEXCOORD: 0.8767845630645752, 0.7724976539611816

vb0[329]+000 POSITION: -0.05600424483418465, 1.8090460300445557, 0.06859967112541199
vb0[329]+012 NORMAL: 0.8533920049667358, 0.13591215014457703, -0.5032395124435425
vb0[329]+024 TANGENT: 0.07091003656387329, -0.8453588485717773, -0.5294716358184814, -1.0
vb0[329]+040 BLENDWEIGHTS: 0.8059999942779541, 0.1940000057220459, 0.0, 0.0
vb0[329]+056 BLENDINDICES: 6, 0, 0, 0
vb0[329]+072 COLOR: 1.0, 0.5019607843137255, 0.5019607843137255, 0.4
vb0[329]+076 TEXCOORD: 0.8812570571899414, 0.7682353258132935

vb0[330]+000 POSITION: -0.054066162556409836, 1.81284499168396, 0.07142173498868942
vb0[330]+012 NORMAL: 0.9078074097633362, 0.3448696732521057, -0.2386433482170105
vb0[330]+024 TANGENT: 0.883415162563324, 0.29653823375701904, -0.36282604932785034, -1.0
vb0[330]+040 BLENDWEIGHTS: 0.765999972820282, 0.23399999737739563, 0.0, 0.0
vb0[330]+056 BLENDINDICES: 6, 0, 0, 0
vb0[330]+072 COLOR: 1.0, 0.5019607843137255, 0.5019607843137255, 0.4
vb0[330]+076 TEXCOORD: 0.8771517276763916, 0.7679204344749451

vb0[331]+000 POSITION: -0.052569430321455, 1.8068989515304565, 0.07322611659765244
vb0[331]+012 NORMAL: 0.8292667865753174, 0.09671396017074585, -0.5504207611083984
vb0[331]+024 TANGENT: 0.09756486862897873, -0.8807371854782104, -0.46344679594039917, -1.0
vb0[331]+040 BLENDWEIGHTS: 0.8610000014305115, 0.13899999856948853, 0.0, 0.0
vb0[331]+056 BLENDINDICES: 6, 0, 0, 0
vb0[331]+072 COLOR: 1.0, 0.5019607843137255, 0.5019607843137255, 0.30196078431372547
vb0[331]+076 TEXCOORD: 0.8798689842224121, 0.7635316252708435

vb0[332]+000 POSITION: -0.0513070672750473, 1.8095120191574097, 0.07481294870376587
vb0[332]+012 NORMAL: 0.8732976317405701, 0.32657119631767273, -0.36152803897857666
vb0[332]+024 TANGENT: 0.8683574199676514, 0.30919525027275085, -0.3877546191215515, -1.0
vb0[332]+040 BLENDWEIGHTS: 0.8489999771118164, 0.1509999930858612, 0.0, 0.0
vb0[332]+056 BLENDINDICES: 6, 0, 0, 0
vb0[332]+072 COLOR: 1.0, 0.5019607843137255, 0.5019607843137255, 0.30196078431372547
vb0[332]+076 TEXCOORD: 0.877216100692749, 0.7634880542755127

vb0[333]+000 POSITION: -0.049197129905223846, 1.8051068782806396, 0.07784444838762283
vb0[333]+012 NORMAL: 0.8346309661865234, 0.19424381852149963, -0.5154225826263428
vb0[333]+024 TANGENT: 0.0770769789814949, -0.9127678871154785, -0.4011407196521759, -1.0
vb0[333]+040 BLENDWEIGHTS: 0.9120000004768372, 0.08799999952316284, 0.0, 0.0
vb0[333]+056 BLENDINDICES: 6, 0, 0, 0
vb0[333]+072 COLOR: 1.0, 0.5019607843137255, 0.5019607843137255, 0.2
vb0[333]+076 TEXCOORD: 0.8783388137817383, 0.7589764595031738

vb0[334]+000 POSITION: -0.04856355860829353, 1.8064320087432861, 0.07842813432216644
vb0[334]+012 NORMAL: 0.8488233685493469, 0.3007095158100128, -0.4348249137401581
vb0[334]+024 TANGENT: 0.8472118377685547, 0.28644856810569763, -0.44741395115852356, -1.0
vb0[334]+040 BLENDWEIGHTS: 0.9129999876022339, 0.08699999749660492, 0.0, 0.0
vb0[334]+056 BLENDINDICES: 6, 0, 0, 0
vb0[334]+072 COLOR: 1.0, 0.5019607843137255, 0.5019607843137255, 0.2
vb0[334]+076 TEXCOORD: 0.87701416015625, 0.7590839862823486

vb0[335]+000 POSITION: -0.049054816365242004, 1.8075159788131714, 0.07967148721218109
vb0[335]+012 NORMAL: 0.8472287654876709, 0.40327298641204834, -0.3457951843738556
vb0[335]+024 TANGENT: 0.12617133557796478, 0.6520201563835144, 0.7476298213005066, -1.0
vb0[335]+040 BLENDWEIGHTS: 0.9100000262260437, 0.09000000357627869, 0.0, 0.0
vb0[335]+056 BLENDINDICES: 6, 0, 0, 0
vb0[335]+072 COLOR: 1.0, 0.5019607843137255, 0.5019607843137255, 0.2
vb0[335]+076 TEXCOORD: 0.8756389617919922, 0.7591814994812012

vb0[336]+000 POSITION: -0.052483126521110535, 1.8113219738006592, 0.07721321284770966
vb0[336]+012 NORMAL: 0.8432468771934509, 0.49772629141807556, -0.20298607647418976
vb0[336]+024 TANGENT: 0.15358133614063263, 0.5601971745491028, 0.8139975070953369, -1.0
vb0[336]+040 BLENDWEIGHTS: 0.8360000252723694, 0.164000004529953, 0.0, 0.0
vb0[336]+056 BLENDINDICES: 6, 0, 0, 0
vb0[336]+072 COLOR: 1.0, 0.5019607843137255, 0.5019607843137255, 0.30196078431372547
vb0[336]+076 TEXCOORD: 0.8746390342712402, 0.7636122107505798

vb0[337]+000 POSITION: -0.04445333778858185, 1.8030965328216553, 0.08353722095489502
vb0[337]+012 NORMAL: 0.8473936915397644, 0.2983781397342682, -0.4391974210739136
vb0[337]+024 TANGENT: 0.6248966455459595, -0.4350053071975708, 0.6482858657836914, -1.0
vb0[337]+040 BLENDWEIGHTS: 0.984000027179718, 0.01600000075995922, 0.0, 0.0
vb0[337]+056 BLENDINDICES: 6, 0, 0, 0
vb0[337]+072 COLOR: 1.0, 0.5019607843137255, 0.5019607843137255, 0.10196078431372549
vb0[337]+076 TEXCOORD: 0.876131534576416, 0.7532352209091187

vb0[338]+000 POSITION: -0.055639300495386124, 1.8156260251998901, 0.07518196105957031
vb0[338]+012 NORMAL: 0.870481550693512, 0.4860858917236328, -0.07734590768814087
vb0[338]+024 TANGENT: 0.23105065524578094, 0.4522751569747925, 0.8614306449890137, -1.0
vb0[338]+040 BLENDWEIGHTS: 0.7459999918937683, 0.2540000081062317, 0.0, 0.0
vb0[338]+056 BLENDINDICES: 6, 0, 0, 0
vb0[338]+072 COLOR: 1.0, 0.5019607843137255, 0.5019607843137255, 0.4
vb0[338]+076 TEXCOORD: 0.873180627822876, 0.7679026126861572

vb0[339]+000 POSITION: -0.05852636694908142, 1.8204069137573242, 0.07381636649370193
vb0[339]+012 NORMAL: 0.896605908870697, 0.442669153213501, 0.011909591034054756
vb0[339]+024 TANGENT: 0.25766420364379883, 0.28992509841918945, 0.921711802482605, -1.0
vb0[339]+040 BLENDWEIGHTS: 0.640999972820282, 0.35899999737739563, 0.0, 0.0
vb0[339]+056 BLENDINDICES: 6, 0, 0, 0
vb0[339]+072 COLOR: 1.0, 0.5019607843137255, 0.5019607843137255, 0.4
vb0[339]+076 TEXCOORD: 0.8710827827453613, 0.7719739675521851

vb0[340]+000 POSITION: -0.0571463480591774, 1.8186030387878418, 0.07097681611776352
vb0[340]+012 NORMAL: 0.9289952516555786, 0.3475261330604553, -0.1272534728050232
vb0[340]+024 TANGENT: 0.9340952634811401, 0.33480608463287354, 0.12397933751344681, -1.0
vb0[340]+040 BLENDWEIGHTS: 0.6140000224113464, 0.38600000739097595, 0.0, 0.0
vb0[340]+056 BLENDINDICES: 6, 0, 0, 0
vb0[340]+072 COLOR: 1.0, 0.5019607843137255, 0.5019607843137255, 0.10196078431372549
vb0[340]+076 TEXCOORD: 0.8739893436431885, 0.7721028327941895

vb0[341]+000 POSITION: -0.05778009817004204, 1.8240848779678345, 0.07165227830410004
vb0[341]+012 NORMAL: 0.9401729702949524, 0.2975218594074249, -0.16599862277507782
vb0[341]+024 TANGENT: 0.7349473834037781, 0.04291665181517601, 0.6767646670341492, -1.0
vb0[341]+040 BLENDWEIGHTS: 0.5170000195503235, 0.4830000102519989, 0.0, 0.0
vb0[341]+056 BLENDINDICES: 0, 6, 0, 0
vb0[341]+072 COLOR: 1.0, 0.5019607843137255, 0.5019607843137255, 0.30196078431372547
vb0[341]+076 TEXCOORD: 0.870614767074585, 0.7749455571174622

vb0[342]+000 POSITION: -0.05824965238571167, 1.8295997381210327, 0.07267948985099792
vb0[342]+012 NORMAL: 0.9304649829864502, 0.18276628851890564, -0.3175394833087921
vb0[342]+024 TANGENT: 0.7576339840888977, -0.04445112124085426, 0.6511642932891846, -1.0
vb0[342]+040 BLENDWEIGHTS: 0.6480000019073486, 0.35199999809265137, 0.0, 0.0
vb0[342]+056 BLENDINDICES: 0, 6, 0, 0
vb0[342]+072 COLOR: 1.0, 0.5019607843137255, 0.5019607843137255, 0.4
vb0[342]+076 TEXCOORD: 0.8669266700744629, 0.7774540185928345

vb0[343]+000 POSITION: -0.058529190719127655, 1.8361159563064575, 0.07454020529985428
vb0[343]+012 NORMAL: 0.9075911045074463, 0.15124724805355072, -0.39166656136512756
vb0[343]+024 TANGENT: 0.7757502794265747, -0.16822440922260284, 0.6082040071487427, -1.0
vb0[343]+040 BLENDWEIGHTS: 0.7850000262260437, 0.2150000035762787, 0.0, 0.0
vb0[343]+056 BLENDINDICES: 0, 6, 0, 0
vb0[343]+072 COLOR: 1.0, 0.5019607843137255, 0.5019607843137255, 0.30196078431372547
vb0[343]+076 TEXCOORD: 0.8627424240112305, 0.778735876083374

vb0[344]+000 POSITION: -0.059204068034887314, 1.8386759757995605, 0.07398515939712524
vb0[344]+012 NORMAL: 0.8910918831825256, 0.1260717809200287, -0.43596014380455017
vb0[344]+024 TANGENT: 0.5311893224716187, -0.7382681965827942, 0.415689617395401, -1.0
vb0[344]+040 BLENDWEIGHTS: 0.8840000033378601, 0.11599999666213989, 0.0, 0.0
vb0[344]+056 BLENDINDICES: 0, 6, 0, 0
vb0[344]+072 COLOR: 1.0, 0.5019607843137255, 0.5019607843137255, 0.0
vb0[344]+076 TEXCOORD: 0.86112380027771, 0.7795203924179077

vb0[345]+000 POSITION: -0.05845408886671066, 1.8429670333862305, 0.07692913711071014
vb0[345]+012 NORMAL: 0.8996962904930115, 0.1478620320558548, -0.41071099042892456
vb0[345]+024 TANGENT: -0.595920741558075, -0.2822287976741791, 0.7518147826194763, -1.0
vb0[345]+040 BLENDWEIGHTS: 0.9139999747276306, 0.0860000029206276, 0.0, 0.0
vb0[345]+056 BLENDINDICES: 0, 6, 0, 0
vb0[345]+072 COLOR: 1.0, 0.5019607843137255, 0.5019607843137255, 0.0
vb0[345]+076 TEXCOORD: 0.8578214645385742, 0.7772623300552368

vb0[346]+000 POSITION: -0.027042459696531296, 1.8798737525939941, 0.09616659581661224
vb0[346]+012 NORMAL: -0.01614212617278099, 0.10914164781570435, 0.9938951134681702
vb0[346]+024 TANGENT: 0.9719333648681641, 0.16212846338748932, -0.17047011852264404, -1.0
vb0[346]+040 BLENDWEIGHTS: 1.0, 0.0, 0.0, 0.0
vb0[346]+056 BLENDINDICES: 0, 0, 0, 0
vb0[346]+072 COLOR: 1.0, 0.5019607843137255, 0.5019607843137255, 0.2
vb0[346]+076 TEXCOORD: 0.4792766571044922, 0.3292936682701111

vb0[347]+000 POSITION: -0.028763186186552048, 1.8798707723617554, 0.09752573817968369
vb0[347]+012 NORMAL: -0.25709277391433716, -0.07971422374248505, 0.9630934000015259
vb0[347]+024 TANGENT: -0.04771459475159645, -0.3217853009700775, 0.9456096291542053, -1.0
vb0[347]+040 BLENDWEIGHTS: 1.0, 0.0, 0.0, 0.0
vb0[347]+056 BLENDINDICES: 0, 0, 0, 0
vb0[347]+072 COLOR: 1.0, 0.5019607843137255, 0.5019607843137255, 0.5019607843137255
vb0[347]+076 TEXCOORD: 0.4813704490661621, 0.32963138818740845

vb0[348]+000 POSITION: -0.025838419795036316, 1.8762747049331665, 0.09655758738517761
vb0[348]+012 NORMAL: -0.27328068017959595, -0.11891374737024307, 0.9545560479164124
vb0[348]+024 TANGENT: 0.6010609269142151, -0.7972275614738464, 0.056159257888793945, -1.0
vb0[348]+040 BLENDWEIGHTS: 1.0, 0.0, 0.0, 0.0
vb0[348]+056 BLENDINDICES: 0, 0, 0, 0
vb0[348]+072 COLOR: 1.0, 0.5019607843137255, 0.5019607843137255, 0.0
vb0[348]+076 TEXCOORD: 0.47922253608703613, 0.32564038038253784

vb0[349]+000 POSITION: -0.030775250867009163, 1.8798884153366089, 0.09492367506027222
vb0[349]+012 NORMAL: -0.407809317111969, -0.14579027891159058, 0.9013527631759644
vb0[349]+024 TANGENT: -0.34583580493927, -0.8483361005783081, -0.40090328454971313, -1.0
vb0[349]+040 BLENDWEIGHTS: 1.0, 0.0, 0.0, 0.0
vb0[349]+056 BLENDINDICES: 0, 0, 0, 0
vb0[349]+072 COLOR: 1.0, 0.5019607843137255, 0.5019607843137255, 0.2
vb0[349]+076 TEXCOORD: 0.48386096954345703, 0.3280946612358093

vb0[350]+000 POSITION: -0.02731304056942463, 1.8833403587341309, 0.09580521285533905
vb0[350]+012 NORMAL: -0.21143284440040588, -0.06434433162212372, 0.9752722382545471
vb0[350]+024 TANGENT: 0.7559891939163208, -0.5376846790313721, -0.373330295085907, -1.0
vb0[350]+040 BLENDWEIGHTS: 1.0, 0.0, 0.0, 0.0
vb0[350]+056 BLENDINDICES: 0, 0, 0, 0
vb0[350]+072 COLOR: 1.0, 0.5019607843137255, 0.5019607843137255, 0.0
vb0[350]+076 TEXCOORD: 0.47864294052124023, 0.33259230852127075

vb0[351]+000 POSITION: -0.032189615070819855, 1.8847440481185913, 0.0989086925983429
vb0[351]+012 NORMAL: -0.2775779664516449, -0.13439491391181946, 0.9512562155723572
vb0[351]+024 TANGENT: 0.5715569257736206, -0.8127229809761047, -0.11315500736236572, -1.0
vb0[351]+040 BLENDWEIGHTS: 1.0, 0.0, 0.0, 0.0
vb0[351]+056 BLENDINDICES: 0, 0, 0, 0
vb0[351]+072 COLOR: 1.0, 0.5019607843137255, 0.5019607843137255, 0.0
vb0[351]+076 TEXCOORD: 0.4838752746582031, 0.3349072337150574

vb0[352]+000 POSITION: -0.024959001690149307, 1.890014410018921, 0.10230041295289993
vb0[352]+012 NORMAL: -0.23893782496452332, -0.03828456997871399, 0.97027987241745
vb0[352]+024 TANGENT: 0.48552146553993225, -0.860285758972168, 0.15549050271511078, -1.0
vb0[352]+040 BLENDWEIGHTS: 1.0, 0.0, 0.0, 0.0
vb0[352]+056 BLENDINDICES: 0, 0, 0, 0
vb0[352]+072 COLOR: 1.0, 0.5019607843137255, 0.5019607843137255, 0.0
vb0[352]+076 TEXCOORD: 0.47773265838623047, 0.3415561318397522

vb0[353]+000 POSITION: -0.035315122455358505, 1.8827590942382812, 0.09244552254676819
vb0[353]+012 NORMAL: -0.4158318042755127, -0.15920782089233398, 0.8953976631164551
vb0[353]+024 TANGENT: 0.13188129663467407, -0.9272026419639587, -0.350574791431427, -1.0
vb0[353]+040 BLENDWEIGHTS: 1.0, 0.0, 0.0, 0.0
vb0[353]+056 BLENDINDICES: 0, 0, 0, 0
vb0[353]+072 COLOR: 1.0, 0.5019607843137255, 0.5019607843137255, 0.25098039215686274
vb0[353]+076 TEXCOORD: 0.489408016204834, 0.3299562335014343

vb0[354]+000 POSITION: -0.0456041619181633, 1.8815538883209229, 0.08528103679418564
vb0[354]+012 NORMAL: -0.49244460463523865, -0.17025376856327057, 0.8535290956497192
vb0[354]+024 TANGENT: 0.7261402606964111, -0.4045882225036621, -0.5559034943580627, -1.0
vb0[354]+040 BLENDWEIGHTS: 1.0, 0.0, 0.0, 0.0
vb0[354]+056 BLENDINDICES: 0, 0, 0, 0
vb0[354]+072 COLOR: 1.0, 0.5019607843137255, 0.5019607843137255, 0.0
vb0[354]+076 TEXCOORD: 0.5020542144775391, 0.32933586835861206

vb0[355]+000 POSITION: -0.018971825018525124, 1.8844382762908936, 0.10140267014503479
vb0[355]+012 NORMAL: -0.20193414390087128, -0.04404652863740921, 0.9784080982208252
vb0[355]+024 TANGENT: -0.04400801658630371, -0.41392508149147034, 0.909246563911438, -1.0
vb0[355]+040 BLENDWEIGHTS: 1.0, 0.0, 0.0, 0.0
vb0[355]+056 BLENDINDICES: 0, 0, 0, 0
vb0[355]+072 COLOR: 1.0, 0.5019607843137255, 0.5019607843137255, 0.5019607843137255
vb0[355]+076 TEXCOORD: 0.47051334381103516, 0.3382032513618469

vb0[356]+000 POSITION: -0.018992215394973755, 1.8767367601394653, 0.09909297525882721
vb0[356]+012 NORMAL: -0.2721903920173645, -0.05375593900680542, 0.9607406258583069
vb0[356]+024 TANGENT: 0.200941264629364, -0.979095458984375, -0.031538430601358414, -1.0
vb0[356]+040 BLENDWEIGHTS: 1.0, 0.0, 0.0, 0.0
vb0[356]+056 BLENDINDICES: 0, 0, 0, 0
vb0[356]+072 COLOR: 1.0, 0.5019607843137255, 0.5019607843137255, 0.0
vb0[356]+076 TEXCOORD: 0.46816372871398926, 0.3308534026145935

vb0[357]+000 POSITION: -0.01633572205901146, 1.8847887516021729, 0.10025600343942642
vb0[357]+012 NORMAL: -0.14239490032196045, -0.05135803669691086, 0.9884766340255737
vb0[357]+024 TANGENT: 0.45524126291275024, -0.8746452331542969, -0.1665864735841751, -1.0
vb0[357]+040 BLENDWEIGHTS: 1.0, 0.0, 0.0, 0.0
vb0[357]+056 BLENDINDICES: 0, 0, 0, 0
vb0[357]+072 COLOR: 1.0, 0.5019607843137255, 0.5019607843137255, 0.30196078431372547
vb0[357]+076 TEXCOORD: 0.46781253814697266, 0.33900171518325806

vb0[358]+000 POSITION: -0.01293967105448246, 1.891540288925171, 0.1042213961482048
vb0[358]+012 NORMAL: -0.0795215591788292, 0.04337119311094284, 0.9958891272544861
vb0[358]+024 TANGENT: 0.006273031234741211, -0.28599709272384644, 0.9582099914550781, -1.0
vb0[358]+040 BLENDWEIGHTS: 0.996999979019165, 0.003000000026077032, 0.0, 0.0
vb0[358]+056 BLENDINDICES: 0, 1, 0, 0
vb0[358]+072 COLOR: 1.0, 0.5019607843137255, 0.5019607843137255, 0.5019607843137255
vb0[358]+076 TEXCOORD: 0.46739912033081055, 0.3472287058830261

vb0[359]+000 POSITION: -0.016382817178964615, 1.8964765071868896, 0.10587192326784134
vb0[359]+012 NORMAL: -0.09111233055591583, 0.06572534143924713, 0.993669331073761
vb0[359]+024 TANGENT: 0.6179636716842651, -0.7332628965377808, 0.28363072872161865, -1.0
vb0[359]+040 BLENDWEIGHTS: 0.949999988079071, 0.05000000074505806, 0.0, 0.0
vb0[359]+056 BLENDINDICES: 0, 1, 0, 0
vb0[359]+072 COLOR: 1.0, 0.5019607843137255, 0.5019607843137255, 0.0
vb0[359]+076 TEXCOORD: 0.47228002548217773, 0.3506259322166443

vb0[360]+000 POSITION: -0.011676604859530926, 1.879912257194519, 0.10054583102464676
vb0[360]+012 NORMAL: -0.16524381935596466, -0.03602965176105499, 0.9855944514274597
vb0[360]+024 TANGENT: -0.4996446371078491, -0.848882257938385, -0.1724940538406372, -1.0
vb0[360]+040 BLENDWEIGHTS: 1.0, 0.0, 0.0, 0.0
vb0[360]+056 BLENDINDICES: 0, 0, 0, 0
vb0[360]+072 COLOR: 1.0, 0.5019607843137255, 0.5019607843137255, 0.30196078431372547
vb0[360]+076 TEXCOORD: 0.4617190361022949, 0.33702486753463745

vb0[361]+000 POSITION: -0.003266990650445223, 1.9072206020355225, 0.10662471503019333
vb0[361]+012 NORMAL: 0.10612083226442337, 0.1719086617231369, 0.9793803095817566
vb0[361]+024 TANGENT: 0.7112812995910645, -0.702534019947052, -0.02290641888976097, -1.0
vb0[361]+040 BLENDWEIGHTS: 1.0, 0.0, 0.0, 0.0
vb0[361]+056 BLENDINDICES: 0, 0, 0, 0
vb0[361]+072 COLOR: 1.0, 0.5019607843137255, 0.5019607843137255, 0.0
vb0[361]+076 TEXCOORD: 0.46517324447631836, 0.3648689389228821

vb0[362]+000 POSITION: -0.008167324587702751, 1.883719563484192, 0.10237180441617966
vb0[362]+012 NORMAL: -0.08809543401002884, 0.01206824742257595, 0.9960389137268066
vb0[362]+024 TANGENT: -0.10342562198638916, -0.20606595277786255, 0.9730570316314697, -1.0
vb0[362]+040 BLENDWEIGHTS: 1.0, 0.0, 0.0, 0.0
vb0[362]+056 BLENDINDICES: 0, 0, 0, 0
vb0[362]+072 COLOR: 1.0, 0.5019607843137255, 0.5019607843137255, 0.5019607843137255
vb0[362]+076 TEXCOORD: 0.4601259231567383, 0.34206610918045044

vb0[363]+000 POSITION: -0.00478395726531744, 1.876192331314087, 0.10171086341142654
vb0[363]+012 NORMAL: -0.05558999255299568, -0.026784701272845268, 0.998094379901886
vb0[363]+024 TANGENT: 0.21088165044784546, -0.9768909811973572, 0.034826040267944336, -1.0
vb0[363]+040 BLENDWEIGHTS: 1.0, 0.0, 0.0, 0.0
vb0[363]+056 BLENDINDICES: 0, 0, 0, 0
vb0[363]+072 COLOR: 1.0, 0.5019607843137255, 0.5019607843137255, 0.0
vb0[363]+076 TEXCOORD: 0.4542078971862793, 0.33675915002822876

vb0[364]+000 POSITION: -0.002353798132389784, 1.8921457529067993, 0.1036708652973175
vb0[364]+012 NORMAL: 0.056282974779605865, 0.07715713232755661, 0.9954290390014648
vb0[364]+024 TANGENT: 0.2583619952201843, -0.134901225566864, 0.9565828442573547, -1.0
vb0[364]+040 BLENDWEIGHTS: 1.0, 0.0, 0.0, 0.0
vb0[364]+056 BLENDINDICES: 0, 0, 0, 0
vb0[364]+072 COLOR: 1.0, 0.5019607843137255, 0.5019607843137255, 0.5019607843137255
vb0[364]+076 TEXCOORD: 0.4582247734069824, 0.35190290212631226

vb0[365]+000 POSITION: -0.002220385242253542, 1.8802103996276855, 0.10155032575130463
vb0[365]+012 NORMAL: 0.055816806852817535, -0.004119358025491238, 0.998432457447052
vb0[365]+024 TANGENT: 0.768599271774292, -0.6340654492378235, -0.08494716137647629, -1.0
vb0[365]+040 BLENDWEIGHTS: 1.0, 0.0, 0.0, 0.0
vb0[365]+056 BLENDINDICES: 0, 0, 0, 0
vb0[365]+072 COLOR: 1.0, 0.5019607843137255, 0.5019607843137255, 0.2
vb0[365]+076 TEXCOORD: 0.4535863399505615, 0.3413204550743103

vb0[366]+000 POSITION: 0.007562450133264065, 1.900620937347412, 0.09909341484308243
vb0[366]+012 NORMAL: 0.20683729648590088, 0.15407349169254303, 0.9661675691604614
vb0[366]+024 TANGENT: -0.2527306377887726, 0.23905232548713684, 0.9375399947166443, -1.0
vb0[366]+040 BLENDWEIGHTS: 1.0, 0.0, 0.0, 0.0
vb0[366]+056 BLENDINDICES: 0, 0, 0, 0
vb0[366]+072 COLOR: 1.0, 0.5019607843137255, 0.5019607843137255, 0.0
vb0[366]+076 TEXCOORD: 0.4519319534301758, 0.36294329166412354

vb0[367]+000 POSITION: 0.003750500036403537, 1.8903728723526, 0.10048186779022217
vb0[367]+012 NORMAL: 0.1611444354057312, 0.10579502582550049, 0.9812440276145935
vb0[367]+024 TANGENT: -0.23055396974086761, 0.16897177696228027, 0.9582762122154236, -1.0
vb0[367]+040 BLENDWEIGHTS: 1.0, 0.0, 0.0, 0.0
vb0[367]+056 BLENDINDICES: 0, 0, 0, 0
vb0[367]+072 COLOR: 1.0, 0.5019607843137255, 0.5019607843137255, 0.0
vb0[367]+076 TEXCOORD: 0.45187830924987793, 0.35247522592544556

vb0[368]+000 POSITION: 0.00601173983886838, 1.9152568578720093, 0.10119295865297318
vb0[368]+012 NORMAL: 0.24421381950378418, 0.21495786309242249, 0.9455965161323547
vb0[368]+024 TANGENT: 0.7112703323364258, -0.34255900979042053, 0.6137977838516235, -1.0
vb0[368]+040 BLENDWEIGHTS: 1.0, 0.0, 0.0, 0.0
vb0[368]+056 BLENDINDICES: 0, 0, 0, 0
vb0[368]+072 COLOR: 1.0, 0.5019607843137255, 0.5019607843137255, 0.0
vb0[368]+076 TEXCOORD: 0.4596714973449707, 0.3755188584327698

vb0[369]+000 POSITION: 0.011517690494656563, 1.9093459844589233, 0.09714324027299881
vb0[369]+012 NORMAL: 0.2539415657520294, 0.22346501052379608, 0.9410510659217834
vb0[369]+024 TANGENT: -0.21766577661037445, 0.3322097063064575, 0.9177463054656982, -1.0
vb0[369]+040 BLENDWEIGHTS: 1.0, 0.0, 0.0, 0.0
vb0[369]+056 BLENDINDICES: 0, 0, 0, 0
vb0[369]+072 COLOR: 1.0, 0.5019607843137255, 0.5019607843137255, 0.0
vb0[369]+076 TEXCOORD: 0.45102691650390625, 0.37334883213043213

vb0[370]+000 POSITION: 0.012877370230853558, 1.9209519624710083, 0.09678350389003754
vb0[370]+012 NORMAL: 0.3007097840309143, 0.25894564390182495, 0.9178893566131592
vb0[370]+024 TANGENT: 0.6724115610122681, -0.23658205568790436, 0.7013498544692993, -1.0
vb0[370]+040 BLENDWEIGHTS: 1.0, 0.0, 0.0, 0.0
vb0[370]+056 BLENDINDICES: 0, 0, 0, 0
vb0[370]+072 COLOR: 1.0, 0.5019607843137255, 0.5019607843137255, 0.0
vb0[370]+076 TEXCOORD: 0.4552168846130371, 0.3834928870201111

vb0[371]+000 POSITION: 0.015302679501473904, 1.917968988418579, 0.09489981085062027
vb0[371]+012 NORMAL: 0.2950986623764038, 0.2836800813674927, 0.9123827815055847
vb0[371]+024 TANGENT: -0.1568164825439453, 0.3555944263935089, 0.9213908910751343, -1.0
vb0[371]+040 BLENDWEIGHTS: 1.0, 0.0, 0.0, 0.0
vb0[371]+056 BLENDINDICES: 0, 0, 0, 0
vb0[371]+072 COLOR: 1.0, 0.5019607843137255, 0.5019607843137255, 0.0
vb0[371]+076 TEXCOORD: 0.45122575759887695, 0.3825874924659729

vb0[372]+000 POSITION: 0.020656099542975426, 1.925899863243103, 0.09125814586877823
vb0[372]+012 NORMAL: 0.3549431264400482, 0.2656298279762268, 0.8963571786880493
vb0[372]+024 TANGENT: -0.10768674314022064, 0.3280806243419647, 0.9384916424751282, -1.0
vb0[372]+040 BLENDWEIGHTS: 1.0, 0.0, 0.0, 0.0
vb0[372]+056 BLENDINDICES: 0, 0, 0, 0
vb0[372]+072 COLOR: 1.0, 0.5019607843137255, 0.5019607843137255, 0.0
vb0[372]+076 TEXCOORD: 0.45122575759887695, 0.39245671033859253

vb0[373]+000 POSITION: 0.0015297140926122665, 1.882707118988037, 0.10133221745491028
vb0[373]+012 NORMAL: 0.09068845957517624, 0.027499567717313766, 0.9954995512962341
vb0[373]+024 TANGENT: -0.8112725019454956, -0.5014607310295105, -0.30062270164489746, -1.0
vb0[373]+040 BLENDWEIGHTS: 1.0, 0.0, 0.0, 0.0
vb0[373]+056 BLENDINDICES: 0, 0, 0, 0
vb0[373]+072 COLOR: 1.0, 0.5019607843137255, 0.5019607843137255, 0.0
vb0[373]+076 TEXCOORD: 0.45122575759887695, 0.3450278639793396

vb0[374]+000 POSITION: -0.025663908571004868, 1.8955272436141968, 0.11165221035480499
vb0[374]+012 NORMAL: -0.30800190567970276, 0.19738507270812988, 0.9306846857070923
vb0[374]+024 TANGENT: -0.5985564589500427, 0.2631280720233917, 0.7566332221031189, -1.0
vb0[374]+040 BLENDWEIGHTS: 0.8529999852180481, 0.1469999998807907, 0.0, 0.0
vb0[374]+056 BLENDINDICES: 0, 1, 0, 0
vb0[374]+072 COLOR: 1.0, 0.5019607843137255, 0.5019607843137255, 0.0
vb0[374]+076 TEXCOORD: 0.9822118282318115, 0.45209354162216187

vb0[375]+000 POSITION: -0.025200828909873962, 1.8875821828842163, 0.11614084988832474
vb0[375]+012 NORMAL: -0.27414241433143616, 0.1119939386844635, 0.9551456570625305
vb0[375]+024 TANGENT: -0.38346174359321594, 0.07358253747224808, 0.920620858669281, -1.0
vb0[375]+040 BLENDWEIGHTS: 0.6489999890327454, 0.35100001096725464, 0.0, 0.0
vb0[375]+056 BLENDINDICES: 0, 1, 0, 0
vb0[375]+072 COLOR: 1.0, 0.5019607843137255, 0.5019607843137255, 0.4
vb0[375]+076 TEXCOORD: 0.9909055233001709, 0.4589568078517914

vb0[376]+000 POSITION: -0.022297386080026627, 1.8942011594772339, 0.11645025759935379
vb0[376]+012 NORMAL: -0.25253644585609436, 0.17766354978084564, 0.9511367082595825
vb0[376]+024 TANGENT: -0.35867980122566223, 0.16350150108337402, 0.9190300107002258, -1.0
vb0[376]+040 BLENDWEIGHTS: 0.7950000166893005, 0.20499999821186066, 0.0, 0.0
vb0[376]+056 BLENDINDICES: 0, 1, 0, 0
vb0[376]+072 COLOR: 1.0, 0.5019607843137255, 0.5019607843137255, 0.4
vb0[376]+076 TEXCOORD: 0.990084171295166, 0.45085659623146057

vb0[377]+000 POSITION: -0.028285976499319077, 1.8892648220062256, 0.11138930171728134
vb0[377]+012 NORMAL: -0.41538524627685547, 0.18769040703773499, 0.8900716304779053
vb0[377]+024 TANGENT: -0.8722330331802368, 0.3705469071865082, -0.31922486424446106, -1.0
vb0[377]+040 BLENDWEIGHTS: 0.7379999756813049, 0.2619999945163727, 0.0, 0.0
vb0[377]+056 BLENDINDICES: 0, 1, 0, 0
vb0[377]+072 COLOR: 1.0, 0.5019607843137255, 0.5019607843137255, 0.30196078431372547
vb0[377]+076 TEXCOORD: 0.9840002059936523, 0.45984384417533875

vb0[378]+000 POSITION: -0.02113979682326317, 1.886021375656128, 0.11544562131166458
vb0[378]+012 NORMAL: -0.10093676298856735, 0.03154180943965912, 0.9943926334381104
vb0[378]+024 TANGENT: 0.7578759789466858, -0.4441303014755249, 0.47788310050964355, -1.0
vb0[378]+040 BLENDWEIGHTS: 0.6840000152587891, 0.3160000145435333, 0.0, 0.0
vb0[378]+056 BLENDINDICES: 0, 1, 0, 0
vb0[378]+072 COLOR: 1.0, 0.5019607843137255, 0.5019607843137255, 0.30196078431372547
vb0[378]+076 TEXCOORD: 0.9960892200469971, 0.4586351811885834

vb0[379]+000 POSITION: -0.017579102888703346, 1.892962098121643, 0.11610966175794601
vb0[379]+012 NORMAL: -0.07258132845163345, 0.10987872630357742, 0.9912914037704468
vb0[379]+024 TANGENT: -0.28945112228393555, -0.005972444545477629, 0.9571741223335266, -1.0
vb0[379]+040 BLENDWEIGHTS: 0.7409999966621399, 0.2590000033378601, 0.0, 0.0
vb0[379]+056 BLENDINDICES: 0, 1, 0, 0
vb0[379]+072 COLOR: 1.0, 0.5019607843137255, 0.5019607843137255, 0.0
vb0[379]+076 TEXCOORD: 0.9960658550262451, 0.4496297538280487

vb0[380]+000 POSITION: -0.030550552532076836, 1.8835108280181885, 0.11096781492233276
vb0[380]+012 NORMAL: -0.43470320105552673, 0.14694982767105103, 0.8885037302970886
vb0[380]+024 TANGENT: -0.8143344521522522, 0.3357751667499542, -0.47340744733810425, -1.0
vb0[380]+040 BLENDWEIGHTS: 0.5950000286102295, 0.4050000011920929, 0.0, 0.0
vb0[380]+056 BLENDINDICES: 0, 1, 0, 0
vb0[380]+072 COLOR: 1.0, 0.5019607843137255, 0.5019607843137255, 0.30196078431372547
vb0[380]+076 TEXCOORD: 0.9856753349304199, 0.4670942425727844

vb0[381]+000 POSITION: -0.02801474556326866, 1.8816590309143066, 0.115228570997715
vb0[381]+012 NORMAL: -0.3084566295146942, 0.0657891184091568, 0.9489606618881226
vb0[381]+024 TANGENT: -0.4170433580875397, 0.0172727108001709, 0.908722460269928, -1.0
vb0[381]+040 BLENDWEIGHTS: 0.5040000081062317, 0.4959999918937683, 0.0, 0.0
vb0[381]+056 BLENDINDICES: 0, 1, 0, 0
vb0[381]+072 COLOR: 1.0, 0.5019607843137255, 0.5019607843137255, 0.4
vb0[381]+076 TEXCOORD: 0.9915299415588379, 0.46631184220314026

vb0[382]+000 POSITION: -0.02445135824382305, 1.8800122737884521, 0.11467630416154861
vb0[382]+012 NORMAL: -0.1279038041830063, -0.02297602780163288, 0.9915204644203186
vb0[382]+024 TANGENT: 0.7137124538421631, -0.49948200583457947, 0.49105215072631836, -1.0
vb0[382]+040 BLENDWEIGHTS: 0.546999990940094, 0.453000009059906, 0.0, 0.0
vb0[382]+056 BLENDINDICES: 0, 1, 0, 0
vb0[382]+072 COLOR: 1.0, 0.5019607843137255, 0.5019607843137255, 0.4
vb0[382]+076 TEXCOORD: 0.9960005283355713, 0.4661600589752197

vb0[383]+000 POSITION: -0.030625535175204277, 1.8765228986740112, 0.11380469053983688
vb0[383]+012 NORMAL: -0.33781591057777405, 0.022272175177931786, 0.9409486651420593
vb0[383]+024 TANGENT: -0.47019901871681213, -0.033834099769592285, 0.8819116950035095, -1.0
vb0[383]+040 BLENDWEIGHTS: 0.6269999742507935, 0.37299999594688416, 0.0, 0.0
vb0[383]+056 BLENDINDICES: 1, 0, 0, 0
vb0[383]+072 COLOR: 1.0, 0.5019607843137255, 0.5019607843137255, 0.4
vb0[383]+076 TEXCOORD: 0.9921224117279053, 0.47296804189682007

vb0[384]+000 POSITION: -0.03268582373857498, 1.878482460975647, 0.11017387360334396
vb0[384]+012 NORMAL: -0.45138269662857056, 0.10887069255113602, 0.8856640458106995
vb0[384]+024 TANGENT: -0.7720125913619995, 0.4226759374141693, -0.4747016131877899, -1.0
vb0[384]+040 BLENDWEIGHTS: 0.5389999747276306, 0.460999995470047, 0.0, 0.0
vb0[384]+056 BLENDINDICES: 1, 0, 0, 0
vb0[384]+072 COLOR: 1.0, 0.5019607843137255, 0.5019607843137255, 0.4
vb0[384]+076 TEXCOORD: 0.9871838092803955, 0.4736275374889374

vb0[385]+000 POSITION: -0.027518847957253456, 1.8750572204589844, 0.1135096400976181
vb0[385]+012 NORMAL: -0.17920763790607452, -0.06946460902690887, 0.9813558459281921
vb0[385]+024 TANGENT: 0.6310148239135742, -0.5747398138046265, 0.521051287651062, -1.0
vb0[385]+040 BLENDWEIGHTS: 0.5789999961853027, 0.42100000381469727, 0.0, 0.0
vb0[385]+056 BLENDINDICES: 1, 0, 0, 0
vb0[385]+072 COLOR: 1.0, 0.5019607843137255, 0.5019607843137255, 0.4
vb0[385]+076 TEXCOORD: 0.9959375858306885, 0.4725787937641144

vb0[386]+000 POSITION: -0.030464930459856987, 1.8708596229553223, 0.11203685402870178
vb0[386]+012 NORMAL: -0.2239074558019638, -0.10392595082521439, 0.9690535068511963
vb0[386]+024 TANGENT: 0.5553987622261047, -0.6350418925285339, 0.5368928909301758, -1.0
vb0[386]+040 BLENDWEIGHTS: 0.6980000138282776, 0.3019999861717224, 0.0, 0.0
vb0[386]+056 BLENDINDICES: 1, 0, 0, 0
vb0[386]+072 COLOR: 1.0, 0.5019607843137255, 0.5019607843137255, 0.4
vb0[386]+076 TEXCOORD: 0.9958577156066895, 0.47837793827056885

vb0[387]+000 POSITION: -0.03303927928209305, 1.8721747398376465, 0.11201740801334381
vb0[387]+012 NORMAL: -0.364286333322525, -0.01136751938611269, 0.9312175512313843
vb0[387]+024 TANGENT: -0.5179827809333801, -0.05632752180099487, 0.8535345196723938, -1.0
vb0[387]+040 BLENDWEIGHTS: 0.7390000224113464, 0.26100000739097595, 0.0, 0.0
vb0[387]+056 BLENDINDICES: 1, 0, 0, 0
vb0[387]+072 COLOR: 1.0, 0.5019607843137255, 0.5019607843137255, 0.4
vb0[387]+076 TEXCOORD: 0.9926660060882568, 0.47890710830688477

vb0[388]+000 POSITION: -0.03311815857887268, 1.8674570322036743, 0.11044033616781235
vb0[388]+012 NORMAL: -0.26262709498405457, -0.1299033910036087, 0.9561130404472351
vb0[388]+024 TANGENT: 0.486185759305954, -0.6914210319519043, 0.5343785285949707, -1.0
vb0[388]+040 BLENDWEIGHTS: 0.7879999876022339, 0.21199999749660492, 0.0, 0.0
vb0[388]+056 BLENDINDICES: 1, 0, 0, 0
vb0[388]+072 COLOR: 1.0, 0.5019607843137255, 0.5019607843137255, 0.4
vb0[388]+076 TEXCOORD: 0.9957900047302246, 0.48348143696784973

vb0[389]+000 POSITION: -0.03525116667151451, 1.8685812950134277, 0.11032810062170029
vb0[389]+012 NORMAL: -0.386955589056015, -0.03670966997742653, 0.9213672876358032
vb0[389]+024 TANGENT: -0.5528122186660767, -0.0671302080154419, 0.8305975198745728, -1.0
vb0[389]+040 BLENDWEIGHTS: 0.8209999799728394, 0.17900000512599945, 0.0, 0.0
vb0[389]+056 BLENDINDICES: 1, 0, 0, 0
vb0[389]+072 COLOR: 1.0, 0.5019607843137255, 0.5019607843137255, 0.4
vb0[389]+076 TEXCOORD: 0.9931354522705078, 0.4840784966945648

vb0[390]+000 POSITION: -0.036377571523189545, 1.8704856634140015, 0.10811074078083038
vb0[390]+012 NORMAL: -0.4822220206260681, 0.05330377444624901, 0.8744258880615234
vb0[390]+024 TANGENT: -0.725658118724823, 0.5345602631568909, -0.4332038462162018, -1.0
vb0[390]+040 BLENDWEIGHTS: 0.7639999985694885, 0.23600000143051147, 0.0, 0.0
vb0[390]+056 BLENDINDICES: 1, 0, 0, 0
vb0[390]+072 COLOR: 1.0, 0.5019607843137255, 0.5019607843137255, 0.4
vb0[390]+076 TEXCOORD: 0.9896538257598877, 0.484322726726532

vb0[391]+000 POSITION: -0.03452477604150772, 1.8742443323135376, 0.10925232619047165
vb0[391]+012 NORMAL: -0.46262380480766296, 0.07692334055900574, 0.8832111358642578
vb0[391]+024 TANGENT: -0.7540006637573242, 0.4730088710784912, -0.4557912051677704, -1.0
vb0[391]+040 BLENDWEIGHTS: 0.6639999747276306, 0.335999995470047, 0.0, 0.0
vb0[391]+056 BLENDINDICES: 1, 0, 0, 0
vb0[391]+072 COLOR: 1.0, 0.5019607843137255, 0.5019607843137255, 0.4
vb0[391]+076 TEXCOORD: 0.9884727001190186, 0.47920867800712585

vb0[392]+000 POSITION: -0.03833414241671562, 1.8668514490127563, 0.10666476935148239
vb0[392]+012 NORMAL: -0.5004098415374756, 0.035289205610752106, 0.8650690913200378
vb0[392]+024 TANGENT: -0.6839278340339661, 0.5785876512527466, -0.4443860650062561, -1.0
vb0[392]+040 BLENDWEIGHTS: 0.843999981880188, 0.15600000321865082, 0.0, 0.0
vb0[392]+056 BLENDINDICES: 1, 0, 0, 0
vb0[392]+072 COLOR: 1.0, 0.5019607843137255, 0.5019607843137255, 0.30196078431372547
vb0[392]+076 TEXCOORD: 0.9908339977264404, 0.4894368350505829

vb0[393]+000 POSITION: -0.03762628883123398, 1.8652596473693848, 0.10836656391620636
vb0[393]+012 NORMAL: -0.420908123254776, -0.05296260118484497, 0.905555784702301
vb0[393]+024 TANGENT: -0.6016436815261841, -0.05348647013306618, 0.7969717979431152, -1.0
vb0[393]+040 BLENDWEIGHTS: 0.8830000162124634, 0.11699999868869781, 0.0, 0.0
vb0[393]+056 BLENDINDICES: 1, 0, 0, 0
vb0[393]+072 COLOR: 1.0, 0.5019607843137255, 0.5019607843137255, 0.30196078431372547
vb0[393]+076 TEXCOORD: 0.9936172962188721, 0.48932793736457825

vb0[394]+000 POSITION: -0.04033631086349487, 1.8633052110671997, 0.10507751256227493
vb0[394]+012 NORMAL: -0.5225507616996765, 0.026670532301068306, 0.8521909117698669
vb0[394]+024 TANGENT: -0.6283743381500244, 0.6136634349822998, -0.47808244824409485, -1.0
vb0[394]+040 BLENDWEIGHTS: 0.9070000052452087, 0.09300000220537186, 0.0, 0.0
vb0[394]+056 BLENDINDICES: 1, 0, 0, 0
vb0[394]+072 COLOR: 1.0, 0.5019607843137255, 0.5019607843137255, 0.2
vb0[394]+076 TEXCOORD: 0.9920167922973633, 0.4945589005947113

vb0[395]+000 POSITION: -0.04005374759435654, 1.8621701002120972, 0.10627663135528564
vb0[395]+012 NORMAL: -0.4438040852546692, -0.06891179084777832, 0.8934702277183533
vb0[395]+024 TANGENT: -0.6476461291313171, -0.013950766995549202, 0.7618135809898376, -1.0
vb0[395]+040 BLENDWEIGHTS: 0.925000011920929, 0.07500000298023224, 0.0, 0.0
vb0[395]+056 BLENDINDICES: 1, 0, 0, 0
vb0[395]+072 COLOR: 1.0, 0.5019607843137255, 0.5019607843137255, 0.2
vb0[395]+076 TEXCOORD: 0.9938929080963135, 0.4945327937602997

vb0[396]+000 POSITION: -0.042192064225673676, 1.8603801727294922, 0.10374028980731964
vb0[396]+012 NORMAL: -0.5408600568771362, 0.030770020559430122, 0.840549647808075
vb0[396]+024 TANGENT: -0.5859053134918213, 0.6506515145301819, -0.4830813705921173, -1.0
vb0[396]+040 BLENDWEIGHTS: 0.9480000138282776, 0.052000001072883606, 0.0, 0.0
vb0[396]+056 BLENDINDICES: 1, 0, 0, 0
vb0[396]+072 COLOR: 1.0, 0.5019607843137255, 0.5019607843137255, 0.2
vb0[396]+076 TEXCOORD: 0.9930438995361328, 0.49900689721107483

vb0[397]+000 POSITION: -0.0423332154750824, 1.8593809604644775, 0.10433308035135269
vb0[397]+012 NORMAL: -0.459873765707016, -0.08618517220020294, 0.883791983127594
vb0[397]+024 TANGENT: -0.6651461124420166, 0.00434267520904541, 0.746700644493103, -1.0
vb0[397]+040 BLENDWEIGHTS: 0.9580000042915344, 0.041999999433755875, 0.0, 0.0
vb0[397]+056 BLENDINDICES: 1, 0, 0, 0
vb0[397]+072 COLOR: 1.0, 0.5019607843137255, 0.5019607843137255, 0.2
vb0[397]+076 TEXCOORD: 0.9943959712982178, 0.4994243085384369

vb0[398]+000 POSITION: -0.04465493559837341, 1.8571431636810303, 0.10188780725002289
vb0[398]+012 NORMAL: -0.5626632571220398, 0.01957828551530838, 0.8264543414115906
vb0[398]+024 TANGENT: -0.5153411626815796, 0.7192907929420471, -0.46588006615638733, -1.0
vb0[398]+040 BLENDWEIGHTS: 0.9819999933242798, 0.017999999225139618, 0.0, 0.0
vb0[398]+056 BLENDINDICES: 1, 0, 0, 0
vb0[398]+072 COLOR: 1.0, 0.5019607843137255, 0.5019607843137255, 0.2
vb0[398]+076 TEXCOORD: 0.9943017959594727, 0.5044571161270142

vb0[399]+000 POSITION: -0.04468272253870964, 1.8566477298736572, 0.10225637257099152
vb0[399]+012 NORMAL: -0.48371922969818115, -0.09911305457353592, 0.8695932030677795
vb0[399]+024 TANGENT: -0.6484833359718323, -0.02270960621535778, 0.7608899474143982, -1.0
vb0[399]+040 BLENDWEIGHTS: 0.984000027179718, 0.01600000075995922, 0.0, 0.0
vb0[399]+056 BLENDINDICES: 1, 0, 0, 0
vb0[399]+072 COLOR: 1.0, 0.5019607843137255, 0.5019607843137255, 0.2
vb0[399]+076 TEXCOORD: 0.9951224327087402, 0.5045064687728882

vb0[400]+000 POSITION: -0.035850293934345245, 1.8642840385437012, 0.1085767075419426
vb0[400]+012 NORMAL: -0.3076111376285553, -0.14884550869464874, 0.9397979974746704
vb0[400]+024 TANGENT: 0.43769899010658264, -0.7368998527526855, 0.5151680111885071, -1.0
vb0[400]+040 BLENDWEIGHTS: 0.859000027179718, 0.14100000262260437, 0.0, 0.0
vb0[400]+056 BLENDINDICES: 1, 0, 0, 0
vb0[400]+072 COLOR: 1.0, 0.5019607843137255, 0.5019607843137255, 0.30196078431372547
vb0[400]+076 TEXCOORD: 0.995746374130249, 0.4887067973613739

vb0[401]+000 POSITION: -0.038668885827064514, 1.8612645864486694, 0.10655678808689117
vb0[401]+012 NORMAL: -0.34067296981811523, -0.16519761085510254, 0.9255547523498535
vb0[401]+024 TANGENT: 0.38994452357292175, -0.7736499309539795, 0.49940869212150574, -1.0
vb0[401]+040 BLENDWEIGHTS: 0.9150000214576721, 0.08500000089406967, 0.0, 0.0
vb0[401]+056 BLENDINDICES: 1, 0, 0, 0
vb0[401]+072 COLOR: 1.0, 0.5019607843137255, 0.5019607843137255, 0.2
vb0[401]+076 TEXCOORD: 0.9957079887390137, 0.49398890137672424

vb0[402]+000 POSITION: -0.04141891747713089, 1.8587580919265747, 0.10446777939796448
vb0[402]+012 NORMAL: -0.362600177526474, -0.187095046043396, 0.9129712581634521
vb0[402]+024 TANGENT: 0.36607688665390015, -0.8117274045944214, 0.4550674259662628, -1.0
vb0[402]+040 BLENDWEIGHTS: 0.9480000138282776, 0.052000001072883606, 0.0, 0.0
vb0[402]+056 BLENDINDICES: 1, 0, 0, 0
vb0[402]+072 COLOR: 1.0, 0.5019607843137255, 0.5019607843137255, 0.2
vb0[402]+076 TEXCOORD: 0.9956729412078857, 0.4990173876285553

vb0[403]+000 POSITION: -0.044261276721954346, 1.8563463687896729, 0.10226788371801376
vb0[403]+012 NORMAL: -0.38330209255218506, -0.21587418019771576, 0.8980411887168884
vb0[403]+024 TANGENT: 0.38251712918281555, -0.846215009689331, 0.37094593048095703, -1.0
vb0[403]+040 BLENDWEIGHTS: 0.9760000109672546, 0.024000000208616257, 0.0, 0.0
vb0[403]+056 BLENDINDICES: 1, 0, 0, 0
vb0[403]+072 COLOR: 1.0, 0.5019607843137255, 0.5019607843137255, 0.2
vb0[403]+076 TEXCOORD: 0.9956493377685547, 0.5043679475784302

vb0[404]+000 POSITION: -0.048159342259168625, 1.8534449338912964, 0.09921342879533768
vb0[404]+012 NORMAL: -0.514117956161499, -0.10235060006380081, 0.8515909910202026
vb0[404]+024 TANGENT: -0.6460157632827759, -0.5740810632705688, -0.5030851364135742, -1.0
vb0[404]+040 BLENDWEIGHTS: 1.0, 0.0, 0.0, 0.0
vb0[404]+056 BLENDINDICES: 1, 0, 0, 0
vb0[404]+072 COLOR: 1.0, 0.5019607843137255, 0.5019607843137255, 0.2
vb0[404]+076 TEXCOORD: 0.9955787658691406, 0.509983479976654

vb0[405]+000 POSITION: -0.02242804318666458, 1.8863986730575562, 0.11261381953954697
vb0[405]+012 NORMAL: 0.09400811046361923, -0.16156786680221558, 0.982373833656311
vb0[405]+024 TANGENT: 0.8305303454399109, -0.5206796526908875, 0.1977677345275879, -1.0
vb0[405]+040 BLENDWEIGHTS: 0.7360000014305115, 0.2639999985694885, 0.0, 0.0
vb0[405]+056 BLENDINDICES: 0, 1, 0, 0
vb0[405]+072 COLOR: 1.0, 0.5019607843137255, 0.5019607843137255, 0.0
vb0[405]+076 TEXCOORD: 0.737602710723877, 0.904399037361145

vb0[406]+000 POSITION: -0.015288066118955612, 1.8929977416992188, 0.11052046716213226
vb0[406]+012 NORMAL: 0.1501549780368805, -0.10618261992931366, 0.9829438328742981
vb0[406]+024 TANGENT: 0.4008543789386749, -0.45456957817077637, -0.7954132556915283, -1.0
vb0[406]+040 BLENDWEIGHTS: 0.7599999904632568, 0.23999999463558197, 0.0, 0.0
vb0[406]+056 BLENDINDICES: 0, 1, 0, 0
vb0[406]+072 COLOR: 1.0, 0.5019607843137255, 0.5019607843137255, 0.0
vb0[406]+076 TEXCOORD: 0.7320044040679932, 0.8992236852645874

vb0[407]+000 POSITION: -0.017579102888703346, 1.892962098121643, 0.11610966175794601
vb0[407]+012 NORMAL: 0.1399562507867813, -0.11293458938598633, 0.9836961030960083
vb0[407]+024 TANGENT: -0.28945112228393555, -0.005972444545477629, 0.9571741223335266, -1.0
vb0[407]+040 BLENDWEIGHTS: 0.7409999966621399, 0.2590000033378601, 0.0, 0.0
vb0[407]+056 BLENDINDICES: 0, 1, 0, 0
vb0[407]+072 COLOR: 1.0, 0.5019607843137255, 0.5019607843137255, 0.0
vb0[407]+076 TEXCOORD: 0.7307529449462891, 0.9037295579910278

vb0[408]+000 POSITION: -0.024659041315317154, 1.8824961185455322, 0.11178990453481674
vb0[408]+012 NORMAL: 0.5440775752067566, -0.25677648186683655, -0.7987774014472961
vb0[408]+024 TANGENT: 0.8105119466781616, -0.5468528866767883, 0.20981505513191223, -1.0
vb0[408]+040 BLENDWEIGHTS: 0.7120000123977661, 0.2879999876022339, 0.0, 0.0
vb0[408]+056 BLENDINDICES: 0, 1, 0, 0
vb0[408]+072 COLOR: 1.0, 0.5019607843137255, 0.5019607843137255, 0.0
vb0[408]+076 TEXCOORD: 0.7410445213317871, 0.905470073223114

vb0[409]+000 POSITION: -0.02113979682326317, 1.886021375656128, 0.11544562131166458
vb0[409]+012 NORMAL: 0.8153350353240967, -0.3971298038959503, -0.42132726311683655
vb0[409]+024 TANGENT: 0.7578759789466858, -0.4441303014755249, 0.47788310050964355, -1.0
vb0[409]+040 BLENDWEIGHTS: 0.6840000152587891, 0.3160000145435333, 0.0, 0.0
vb0[409]+056 BLENDINDICES: 0, 1, 0, 0
vb0[409]+072 COLOR: 1.0, 0.5019607843137255, 0.5019607843137255, 0.30196078431372547
vb0[409]+076 TEXCOORD: 0.7363104820251465, 0.9062504172325134

vb0[410]+000 POSITION: -0.02445135824382305, 1.8800122737884521, 0.11467630416154861
vb0[410]+012 NORMAL: 0.8237704038619995, -0.41669681668281555, -0.38440367579460144
vb0[410]+024 TANGENT: 0.7137124538421631, -0.49948200583457947, 0.49105215072631836, -1.0
vb0[410]+040 BLENDWEIGHTS: 0.546999990940094, 0.453000009059906, 0.0, 0.0
vb0[410]+056 BLENDINDICES: 0, 1, 0, 0
vb0[410]+072 COLOR: 1.0, 0.5019607843137255, 0.5019607843137255, 0.4
vb0[410]+076 TEXCOORD: 0.741217851638794, 0.9084469079971313

vb0[411]+000 POSITION: -0.02242804318666458, 1.8863986730575562, 0.11261381953954697
vb0[411]+012 NORMAL: 0.8153350353240967, -0.3971298336982727, -0.42132726311683655
vb0[411]+024 TANGENT: 0.8305303454399109, -0.5206796526908875, 0.1977677345275879, -1.0
vb0[411]+040 BLENDWEIGHTS: 0.7360000014305115, 0.2639999985694885, 0.0, 0.0
vb0[411]+056 BLENDINDICES: 0, 1, 0, 0
vb0[411]+072 COLOR: 1.0, 0.5019607843137255, 0.5019607843137255, 0.0
vb0[411]+076 TEXCOORD: 0.737602710723877, 0.904399037361145

vb0[412]+000 POSITION: -0.02788851410150528, 1.8765931129455566, 0.11064580827951431
vb0[412]+012 NORMAL: 0.576029896736145, -0.19507479667663574, -0.7938106656074524
vb0[412]+024 TANGENT: 0.5961413383483887, -0.18880444765090942, -0.7803642749786377, -1.0
vb0[412]+040 BLENDWEIGHTS: 0.5090000033378601, 0.4909999966621399, 0.0, 0.0
vb0[412]+056 BLENDINDICES: 0, 1, 0, 0
vb0[412]+072 COLOR: 1.0, 0.5019607843137255, 0.5019607843137255, 0.2
vb0[412]+076 TEXCOORD: 0.7460002899169922, 0.9073939323425293

vb0[413]+000 POSITION: -0.017579102888703346, 1.892962098121643, 0.11610966175794601
vb0[413]+012 NORMAL: 0.8158639669418335, -0.3889886736869812, -0.42784786224365234
vb0[413]+024 TANGENT: -0.28945112228393555, -0.005972444545477629, 0.9571741223335266, -1.0
vb0[413]+040 BLENDWEIGHTS: 0.7409999966621399, 0.2590000033378601, 0.0, 0.0
vb0[413]+056 BLENDINDICES: 0, 1, 0, 0
vb0[413]+072 COLOR: 1.0, 0.5019607843137255, 0.5019607843137255, 0.0
vb0[413]+076 TEXCOORD: 0.7307529449462891, 0.9037295579910278

vb0[414]+000 POSITION: -0.027518847957253456, 1.8750572204589844, 0.1135096400976181
vb0[414]+012 NORMAL: 0.8283877968788147, -0.45595136284828186, -0.3253951370716095
vb0[414]+024 TANGENT: 0.6310148239135742, -0.5747398138046265, 0.521051287651062, -1.0
vb0[414]+040 BLENDWEIGHTS: 0.5789999961853027, 0.42100000381469727, 0.0, 0.0
vb0[414]+056 BLENDINDICES: 1, 0, 0, 0
vb0[414]+072 COLOR: 1.0, 0.5019607843137255, 0.5019607843137255, 0.4
vb0[414]+076 TEXCOORD: 0.7455930709838867, 0.9099218845367432

vb0[415]+000 POSITION: -0.03074559196829796, 1.8718122243881226, 0.1093987375497818
vb0[415]+012 NORMAL: 0.5972058773040771, -0.19287461042404175, -0.778552770614624
vb0[415]+024 TANGENT: 0.620453953742981, -0.19283652305603027, -0.7601650953292847, -1.0
vb0[415]+040 BLENDWEIGHTS: 0.6510000228881836, 0.3490000069141388, 0.0, 0.0
vb0[415]+056 BLENDINDICES: 1, 0, 0, 0
vb0[415]+072 COLOR: 1.0, 0.5019607843137255, 0.5019607843137255, 0.30196078431372547
vb0[415]+076 TEXCOORD: 0.7502188682556152, 0.9087901711463928

vb0[416]+000 POSITION: -0.030464930459856987, 1.8708596229553223, 0.11203685402870178
vb0[416]+012 NORMAL: 0.8197169899940491, -0.492688924074173, -0.2920988202095032
vb0[416]+024 TANGENT: 0.5553987622261047, -0.6350418925285339, 0.5368928909301758, -1.0
vb0[416]+040 BLENDWEIGHTS: 0.6980000138282776, 0.3019999861717224, 0.0, 0.0
vb0[416]+056 BLENDINDICES: 1, 0, 0, 0
vb0[416]+072 COLOR: 1.0, 0.5019607843137255, 0.5019607843137255, 0.4
vb0[416]+076 TEXCOORD: 0.7496180534362793, 0.9109085202217102

vb0[417]+000 POSITION: -0.03311815857887268, 1.8674570322036743, 0.11044033616781235
vb0[417]+012 NORMAL: 0.7997280359268188, -0.5277820825576782, -0.2861488163471222
vb0[417]+024 TANGENT: 0.486185759305954, -0.6914210319519043, 0.5343785285949707, -1.0
vb0[417]+040 BLENDWEIGHTS: 0.7879999876022339, 0.21199999749660492, 0.0, 0.0
vb0[417]+056 BLENDINDICES: 1, 0, 0, 0
vb0[417]+072 COLOR: 1.0, 0.5019607843137255, 0.5019607843137255, 0.4
vb0[417]+076 TEXCOORD: 0.7531516551971436, 0.9114553332328796

vb0[418]+000 POSITION: -0.033326324075460434, 1.868406057357788, 0.1080968827009201
vb0[418]+012 NORMAL: 0.6049175262451172, -0.18324165046215057, -0.7749175429344177
vb0[418]+024 TANGENT: 0.6180036067962646, -0.17602390050888062, -0.7662161588668823, -1.0
vb0[418]+040 BLENDWEIGHTS: 0.7680000066757202, 0.23199999332427979, 0.0, 0.0
vb0[418]+056 BLENDINDICES: 1, 0, 0, 0
vb0[418]+072 COLOR: 1.0, 0.5019607843137255, 0.5019607843137255, 0.30196078431372547
vb0[418]+076 TEXCOORD: 0.7536158561706543, 0.9095277786254883

vb0[419]+000 POSITION: -0.036377571523189545, 1.8704856634140015, 0.10811074078083038
vb0[419]+012 NORMAL: 0.17070649564266205, 0.2338780164718628, -0.9571626782417297
vb0[419]+024 TANGENT: -0.725658118724823, 0.5345602631568909, -0.4332038462162018, -1.0
vb0[419]+040 BLENDWEIGHTS: 0.7639999985694885, 0.23600000143051147, 0.0, 0.0
vb0[419]+056 BLENDINDICES: 1, 0, 0, 0
vb0[419]+072 COLOR: 1.0, 0.5019607843137255, 0.5019607843137255, 0.4
vb0[419]+076 TEXCOORD: 0.7543883323669434, 0.9067487716674805

vb0[420]+000 POSITION: -0.03452477604150772, 1.8742443323135376, 0.10925232619047165
vb0[420]+012 NORMAL: 0.15008817613124847, 0.17949272692203522, -0.9722426533699036
vb0[420]+024 TANGENT: -0.7540006637573242, 0.4730088710784912, -0.4557912051677704, -1.0
vb0[420]+040 BLENDWEIGHTS: 0.6639999747276306, 0.335999995470047, 0.0, 0.0
vb0[420]+056 BLENDINDICES: 1, 0, 0, 0
vb0[420]+072 COLOR: 1.0, 0.5019607843137255, 0.5019607843137255, 0.4
vb0[420]+076 TEXCOORD: 0.7512805461883545, 0.9054412841796875

vb0[421]+000 POSITION: -0.035850293934345245, 1.8642840385437012, 0.1085767075419426
vb0[421]+012 NORMAL: 0.7856311202049255, -0.5358512997627258, -0.3092684745788574
vb0[421]+024 TANGENT: 0.43769899010658264, -0.7368998527526855, 0.5151680111885071, -1.0
vb0[421]+040 BLENDWEIGHTS: 0.859000027179718, 0.14100000262260437, 0.0, 0.0
vb0[421]+056 BLENDINDICES: 1, 0, 0, 0
vb0[421]+072 COLOR: 1.0, 0.5019607843137255, 0.5019607843137255, 0.30196078431372547
vb0[421]+076 TEXCOORD: 0.7567012310028076, 0.9117319583892822

vb0[422]+000 POSITION: -0.03597298637032509, 1.865175485610962, 0.1067129373550415
vb0[422]+012 NORMAL: 0.6107016801834106, -0.16764138638973236, -0.7739120125770569
vb0[422]+024 TANGENT: 0.6237407326698303, -0.16466903686523438, -0.7640888094902039, -1.0
vb0[422]+040 BLENDWEIGHTS: 0.8560000061988831, 0.14399999380111694, 0.0, 0.0
vb0[422]+056 BLENDINDICES: 1, 0, 0, 0
vb0[422]+072 COLOR: 1.0, 0.5019607843137255, 0.5019607843137255, 0.30196078431372547
vb0[422]+076 TEXCOORD: 0.756988525390625, 0.9101388454437256

vb0[423]+000 POSITION: -0.038668885827064514, 1.8612645864486694, 0.10655678808689117
vb0[423]+012 NORMAL: 0.768032968044281, -0.54444420337677, -0.3372032046318054
vb0[423]+024 TANGENT: 0.38994452357292175, -0.7736499309539795, 0.49940869212150574, -1.0
vb0[423]+040 BLENDWEIGHTS: 0.9150000214576721, 0.08500000089406967, 0.0, 0.0
vb0[423]+056 BLENDINDICES: 1, 0, 0, 0
vb0[423]+072 COLOR: 1.0, 0.5019607843137255, 0.5019607843137255, 0.2
vb0[423]+076 TEXCOORD: 0.7602717876434326, 0.9118767976760864

vb0[424]+000 POSITION: -0.03874506428837776, 1.8620858192443848, 0.10511693358421326
vb0[424]+012 NORMAL: 0.6073123812675476, -0.16539344191551208, -0.7770564556121826
vb0[424]+024 TANGENT: 0.6164324283599854, -0.16024678945541382, -0.7709293365478516, -1.0
vb0[424]+040 BLENDWEIGHTS: 0.9240000247955322, 0.07599999755620956, 0.0, 0.0
vb0[424]+056 BLENDINDICES: 1, 0, 0, 0
vb0[424]+072 COLOR: 1.0, 0.5019607843137255, 0.5019607843137255, 0.2
vb0[424]+076 TEXCOORD: 0.7604236602783203, 0.9105896353721619

vb0[425]+000 POSITION: -0.04033631086349487, 1.8633052110671997, 0.10507751256227493
vb0[425]+012 NORMAL: 0.22623372077941895, 0.27361351251602173, -0.9348549842834473
vb0[425]+024 TANGENT: -0.6283743381500244, 0.6136634349822998, -0.47808244824409485, -1.0
vb0[425]+040 BLENDWEIGHTS: 0.9070000052452087, 0.09300000220537186, 0.0, 0.0
vb0[425]+056 BLENDINDICES: 1, 0, 0, 0
vb0[425]+072 COLOR: 1.0, 0.5019607843137255, 0.5019607843137255, 0.2
vb0[425]+076 TEXCOORD: 0.760767936706543, 0.909063458442688

vb0[426]+000 POSITION: -0.03833414241671562, 1.8668514490127563, 0.10666476935148239
vb0[426]+012 NORMAL: 0.20235344767570496, 0.2646934688091278, -0.9428629279136658
vb0[426]+024 TANGENT: -0.6839278340339661, 0.5785876512527466, -0.4443860650062561, -1.0
vb0[426]+040 BLENDWEIGHTS: 0.843999981880188, 0.15600000321865082, 0.0, 0.0
vb0[426]+056 BLENDINDICES: 1, 0, 0, 0
vb0[426]+072 COLOR: 1.0, 0.5019607843137255, 0.5019607843137255, 0.30196078431372547
vb0[426]+076 TEXCOORD: 0.7575619220733643, 0.9079495072364807

vb0[427]+000 POSITION: -0.03268582373857498, 1.878482460975647, 0.11017387360334396
vb0[427]+012 NORMAL: 0.1338128298521042, 0.11587762832641602, -0.9842085242271423
vb0[427]+024 TANGENT: -0.7720125913619995, 0.4226759374141693, -0.4747016131877899, -1.0
vb0[427]+040 BLENDWEIGHTS: 0.5389999747276306, 0.460999995470047, 0.0, 0.0
vb0[427]+056 BLENDINDICES: 1, 0, 0, 0
vb0[427]+072 COLOR: 1.0, 0.5019607843137255, 0.5019607843137255, 0.4
vb0[427]+076 TEXCOORD: 0.7479946613311768, 0.903840184211731

vb0[428]+000 POSITION: -0.042192064225673676, 1.8603801727294922, 0.10374028980731964
vb0[428]+012 NORMAL: 0.25584521889686584, 0.28457871079444885, -0.9238820672035217
vb0[428]+024 TANGENT: -0.5859053134918213, 0.6506515145301819, -0.4830813705921173, -1.0
vb0[428]+040 BLENDWEIGHTS: 0.9480000138282776, 0.052000001072883606, 0.0, 0.0
vb0[428]+056 BLENDINDICES: 1, 0, 0, 0
vb0[428]+072 COLOR: 1.0, 0.5019607843137255, 0.5019607843137255, 0.2
vb0[428]+076 TEXCOORD: 0.7635359764099121, 0.9098976850509644

vb0[429]+000 POSITION: -0.04143092408776283, 1.8592886924743652, 0.10360326617956161
vb0[429]+012 NORMAL: 0.6009637117385864, -0.1526145339012146, -0.7845708727836609
vb0[429]+024 TANGENT: 0.6141935586929321, -0.15694677829742432, -0.7733912467956543, -1.0
vb0[429]+040 BLENDWEIGHTS: 0.9629999995231628, 0.03700000047683716, 0.0, 0.0
vb0[429]+056 BLENDINDICES: 1, 0, 0, 0
vb0[429]+072 COLOR: 1.0, 0.5019607843137255, 0.5019607843137255, 0.2
vb0[429]+076 TEXCOORD: 0.763648509979248, 0.910934567451477

vb0[430]+000 POSITION: -0.04465493559837341, 1.8571431636810303, 0.10188780725002289
vb0[430]+012 NORMAL: 0.31164491176605225, 0.30569955706596375, -0.8996806740760803
vb0[430]+024 TANGENT: -0.5153411626815796, 0.7192907929420471, -0.46588006615638733, -1.0
vb0[430]+040 BLENDWEIGHTS: 0.9819999933242798, 0.017999999225139618, 0.0, 0.0
vb0[430]+056 BLENDINDICES: 1, 0, 0, 0
vb0[430]+072 COLOR: 1.0, 0.5019607843137255, 0.5019607843137255, 0.2
vb0[430]+076 TEXCOORD: 0.7669379711151123, 0.9106277227401733

vb0[431]+000 POSITION: -0.04432498663663864, 1.8567267656326294, 0.10186675190925598
vb0[431]+012 NORMAL: 0.6030409336090088, -0.1007484495639801, -0.7913224697113037
vb0[431]+024 TANGENT: 0.6088240742683411, -0.10239380598068237, -0.7866693735122681, -1.0
vb0[431]+040 BLENDWEIGHTS: 0.9800000190734863, 0.019999999552965164, 0.0, 0.0
vb0[431]+056 BLENDINDICES: 1, 0, 0, 0
vb0[431]+072 COLOR: 1.0, 0.5019607843137255, 0.5019607843137255, 0.2
vb0[431]+076 TEXCOORD: 0.7669556140899658, 0.9110422730445862

vb0[432]+000 POSITION: -0.044261276721954346, 1.8563463687896729, 0.10226788371801376
vb0[432]+012 NORMAL: 0.7366085648536682, -0.48150089383125305, -0.4749365746974945
vb0[432]+024 TANGENT: 0.38251712918281555, -0.846215009689331, 0.37094593048095703, -1.0
vb0[432]+040 BLENDWEIGHTS: 0.9760000109672546, 0.024000000208616257, 0.0, 0.0
vb0[432]+056 BLENDINDICES: 1, 0, 0, 0
vb0[432]+072 COLOR: 1.0, 0.5019607843137255, 0.5019607843137255, 0.2
vb0[432]+076 TEXCOORD: 0.7669475078582764, 0.9113859534263611

vb0[433]+000 POSITION: -0.04141891747713089, 1.8587580919265747, 0.10446777939796448
vb0[433]+012 NORMAL: 0.7479812502861023, -0.5396003127098083, -0.38646557927131653
vb0[433]+024 TANGENT: 0.36607688665390015, -0.8117274045944214, 0.4550674259662628, -1.0
vb0[433]+040 BLENDWEIGHTS: 0.9480000138282776, 0.052000001072883606, 0.0, 0.0
vb0[433]+056 BLENDINDICES: 1, 0, 0, 0
vb0[433]+072 COLOR: 1.0, 0.5019607843137255, 0.5019607843137255, 0.2
vb0[433]+076 TEXCOORD: 0.7635931968688965, 0.9117258787155151

vb0[434]+000 POSITION: -0.048159342259168625, 1.8534449338912964, 0.09921342879533768
vb0[434]+012 NORMAL: 0.6039019823074341, -0.06716643273830414, -0.7942236065864563
vb0[434]+024 TANGENT: -0.6460157632827759, -0.5740810632705688, -0.5030851364135742, -1.0
vb0[434]+040 BLENDWEIGHTS: 1.0, 0.0, 0.0, 0.0
vb0[434]+056 BLENDINDICES: 1, 0, 0, 0
vb0[434]+072 COLOR: 1.0, 0.5019607843137255, 0.5019607843137255, 0.2
vb0[434]+076 TEXCOORD: 0.7714054584503174, 0.9110247492790222

vb0[435]+000 POSITION: -0.030550552532076836, 1.8835108280181885, 0.11096781492233276
vb0[435]+012 NORMAL: 0.053349561989307404, 0.03059258870780468, -0.9981071949005127
vb0[435]+024 TANGENT: -0.8143344521522522, 0.3357751667499542, -0.47340744733810425, -1.0
vb0[435]+040 BLENDWEIGHTS: 0.5950000286102295, 0.4050000011920929, 0.0, 0.0
vb0[435]+056 BLENDINDICES: 0, 1, 0, 0
vb0[435]+072 COLOR: 1.0, 0.5019607843137255, 0.5019607843137255, 0.30196078431372547
vb0[435]+076 TEXCOORD: 0.7441372871398926, 0.9019312858581543

vb0[436]+000 POSITION: -0.028690673410892487, 1.8850802183151245, 0.11087954044342041
vb0[436]+012 NORMAL: -0.1008094921708107, 0.023887021467089653, -0.9946188926696777
vb0[436]+024 TANGENT: -0.9909654855728149, -0.025238392874598503, -0.13172107934951782, -1.0
vb0[436]+040 BLENDWEIGHTS: 0.796999990940094, 0.2029999941587448, 0.0, 0.0
vb0[436]+056 BLENDINDICES: 0, 1, 0, 0
vb0[436]+072 COLOR: 1.0, 0.5019607843137255, 0.5019607843137255, 0.0
vb0[436]+076 TEXCOORD: 0.7422711849212646, 0.9018604159355164

vb0[437]+000 POSITION: -0.028285976499319077, 1.8892648220062256, 0.11138930171728134
vb0[437]+012 NORMAL: -0.19658923149108887, 0.12695924937725067, -0.9722315073013306
vb0[437]+024 TANGENT: -0.8722330331802368, 0.3705469071865082, -0.31922486424446106, -1.0
vb0[437]+040 BLENDWEIGHTS: 0.7379999756813049, 0.2619999945163727, 0.0, 0.0
vb0[437]+056 BLENDINDICES: 0, 1, 0, 0
vb0[437]+072 COLOR: 1.0, 0.5019607843137255, 0.5019607843137255, 0.30196078431372547
vb0[437]+076 TEXCOORD: 0.7400233745574951, 0.8994646668434143

vb0[438]+000 POSITION: -0.025663908571004868, 1.8955272436141968, 0.11165221035480499
vb0[438]+012 NORMAL: -0.23336340487003326, 0.1298961192369461, -0.9636744856834412
vb0[438]+024 TANGENT: -0.5985564589500427, 0.2631280720233917, 0.7566332221031189, -1.0
vb0[438]+040 BLENDWEIGHTS: 0.8529999852180481, 0.1469999998807907, 0.0, 0.0
vb0[438]+056 BLENDINDICES: 0, 1, 0, 0
vb0[438]+072 COLOR: 1.0, 0.5019607843137255, 0.5019607843137255, 0.0
vb0[438]+076 TEXCOORD: 0.7353687286376953, 0.8969283699989319

vb0[439]+000 POSITION: -0.07575564086437225, 1.8537139892578125, 0.02524593099951744
vb0[439]+012 NORMAL: 0.33733823895454407, 0.002644233638420701, -0.9413797855377197
vb0[439]+024 TANGENT: 0.6138843894004822, 0.007483839988708496, -0.7893604040145874, -1.0
vb0[439]+040 BLENDWEIGHTS: 1.0, 0.0, 0.0, 0.0
vb0[439]+056 BLENDINDICES: 0, 0, 0, 0
vb0[439]+072 COLOR: 1.0, 0.5019607843137255, 0.5019607843137255, 0.0
vb0[439]+076 TEXCOORD: 0.6442875862121582, 0.6580860018730164

vb0[440]+000 POSITION: -0.07193863391876221, 1.8428289890289307, 0.036925800144672394
vb0[440]+012 NORMAL: 0.8918869495391846, -0.0762535035610199, -0.44578367471694946
vb0[440]+024 TANGENT: 0.9633815288543701, -0.037202056497335434, -0.26554086804389954, -1.0
vb0[440]+040 BLENDWEIGHTS: 0.847000002861023, 0.15299999713897705, 0.0, 0.0
vb0[440]+056 BLENDINDICES: 0, 6, 0, 0
vb0[440]+072 COLOR: 1.0, 0.5019607843137255, 0.5019607843137255, 0.5019607843137255
vb0[440]+076 TEXCOORD: 0.6537125110626221, 0.6676639914512634

vb0[441]+000 POSITION: -0.07502816617488861, 1.8439888954162598, 0.026001259684562683
vb0[441]+012 NORMAL: 0.4747513234615326, -0.026415444910526276, -0.8797234296798706
vb0[441]+024 TANGENT: 0.5882642865180969, -0.04965037479996681, -0.8071431517601013, -1.0
vb0[441]+040 BLENDWEIGHTS: 0.8289999961853027, 0.17100000381469727, 0.0, 0.0
vb0[441]+056 BLENDINDICES: 0, 6, 0, 0
vb0[441]+072 COLOR: 1.0, 0.5019607843137255, 0.5019607843137255, 0.5019607843137255
vb0[441]+076 TEXCOORD: 0.6519715785980225, 0.658557116985321

vb0[442]+000 POSITION: -0.07205180823802948, 1.8569200038909912, 0.03576621785759926
vb0[442]+012 NORMAL: 0.8868834972381592, -0.06704513728618622, -0.4571024477481842
vb0[442]+024 TANGENT: 0.952147364616394, -0.06335610151290894, -0.29900068044662476, -1.0
vb0[442]+040 BLENDWEIGHTS: 1.0, 0.0, 0.0, 0.0
vb0[442]+056 BLENDINDICES: 0, 0, 0, 0
vb0[442]+072 COLOR: 1.0, 0.5019607843137255, 0.5019607843137255, 0.0
vb0[442]+076 TEXCOORD: 0.6421875953674316, 0.6669301390647888

vb0[443]+000 POSITION: -0.0754869282245636, 1.8359860181808472, 0.02634716033935547
vb0[443]+012 NORMAL: 0.5393944382667542, -0.09247834235429764, -0.8369595408439636
vb0[443]+024 TANGENT: 0.5846133232116699, -0.08331400156021118, -0.8070229887962341, -1.0
vb0[443]+040 BLENDWEIGHTS: 0.675000011920929, 0.32499998807907104, 0.0, 0.0
vb0[443]+056 BLENDINDICES: 0, 6, 0, 0
vb0[443]+072 COLOR: 1.0, 0.5019607843137255, 0.5019607843137255, 0.5019607843137255
vb0[443]+076 TEXCOORD: 0.6581435203552246, 0.6579880118370056

vb0[444]+000 POSITION: -0.07274394482374191, 1.8333479166030884, 0.03647726774215698
vb0[444]+012 NORMAL: 0.8878077864646912, -0.16223719716072083, -0.43066972494125366
vb0[444]+024 TANGENT: 0.9269958734512329, -0.10306262969970703, -0.360633909702301, -1.0
vb0[444]+040 BLENDWEIGHTS: 0.6069999933242798, 0.3930000066757202, 0.0, 0.0
vb0[444]+056 BLENDINDICES: 0, 6, 0, 0
vb0[444]+072 COLOR: 1.0, 0.5019607843137255, 0.5019607843137255, 0.0
vb0[444]+076 TEXCOORD: 0.6616134643554688, 0.6666571497917175

vb0[445]+000 POSITION: -0.0702153742313385, 1.8430309295654297, 0.04374708980321884
vb0[445]+012 NORMAL: 0.9663642644882202, -0.027122510597109795, -0.2557428777217865
vb0[445]+024 TANGENT: 0.968255877494812, -0.04869121313095093, -0.24517285823822021, -1.0
vb0[445]+040 BLENDWEIGHTS: 0.8029999732971191, 0.19699999690055847, 0.0, 0.0
vb0[445]+056 BLENDINDICES: 0, 6, 0, 0
vb0[445]+072 COLOR: 1.0, 0.5019607843137255, 0.5019607843137255, 0.5019607843137255
vb0[445]+076 TEXCOORD: 0.6537303924560547, 0.6733359694480896

vb0[446]+000 POSITION: -0.08459722995758057, 1.836387038230896, 0.026755549013614655
vb0[446]+012 NORMAL: 0.12876281142234802, -0.03389652073383331, -0.991096019744873
vb0[446]+024 TANGENT: -0.5505474209785461, -0.06738238781690598, -0.8320799469947815, -1.0
vb0[446]+040 BLENDWEIGHTS: 0.6790000200271606, 0.32100000977516174, 0.0, 0.0
vb0[446]+056 BLENDINDICES: 0, 6, 0, 0
vb0[446]+072 COLOR: 1.0, 0.5019607843137255, 0.5019607843137255, 0.4
vb0[446]+076 TEXCOORD: 0.6575474739074707, 0.6503049731254578

vb0[447]+000 POSITION: -0.08524762094020844, 1.843574047088623, 0.02676478959619999
vb0[447]+012 NORMAL: 0.12742921710014343, 0.019828693941235542, -0.9916493892669678
vb0[447]+024 TANGENT: -0.5791507363319397, -0.006097256671637297, -0.8151976466178894, -1.0
vb0[447]+040 BLENDWEIGHTS: 0.8209999799728394, 0.17900000512599945, 0.0, 0.0
vb0[447]+056 BLENDINDICES: 0, 6, 0, 0
vb0[447]+072 COLOR: 1.0, 0.5019607843137255, 0.5019607843137255, 0.30196078431372547
vb0[447]+076 TEXCOORD: 0.6520304679870605, 0.6503049731254578

vb0[448]+000 POSITION: -0.08523501455783844, 1.8509989976882935, 0.02775103971362114
vb0[448]+012 NORMAL: 0.058705948293209076, 0.01536209974437952, -0.9981570839881897
vb0[448]+024 TANGENT: -0.7291767597198486, 0.11423338204622269, -0.6747236251831055, -1.0
vb0[448]+040 BLENDWEIGHTS: 0.875, 0.0820000022649765, 0.0430000014603138, 0.0
vb0[448]+056 BLENDINDICES: 0, 9, 6, 0
vb0[448]+072 COLOR: 1.0, 0.5019607843137255, 0.5019607843137255, 0.10196078431372549
vb0[448]+076 TEXCOORD: 0.6463046073913574, 0.6503049731254578

vb0[449]+000 POSITION: -0.08389193564653397, 1.828926920890808, 0.026955658569931984
vb0[449]+012 NORMAL: 0.1412198692560196, -0.05232922360301018, -0.9885942935943604
vb0[449]+024 TANGENT: -0.5567337870597839, -0.05375313013792038, -0.8289499282836914, -1.0
vb0[449]+040 BLENDWEIGHTS: 0.5289999842643738, 0.47099998593330383, 0.0, 0.0
vb0[449]+056 BLENDINDICES: 0, 6, 0, 0
vb0[449]+072 COLOR: 1.0, 0.5019607843137255, 0.5019607843137255, 0.5019607843137255
vb0[449]+076 TEXCOORD: 0.6632254123687744, 0.6503049731254578

vb0[450]+000 POSITION: -0.07714629173278809, 1.826956868171692, 0.026567211374640465
vb0[450]+012 NORMAL: 0.5766758918762207, -0.15313805639743805, -0.8024922013282776
vb0[450]+024 TANGENT: 0.5487079620361328, -0.1271524429321289, -0.8262879848480225, -1.0
vb0[450]+040 BLENDWEIGHTS: 0.5090000033378601, 0.4909999966621399, 0.0, 0.0
vb0[450]+056 BLENDINDICES: 6, 0, 0, 0
vb0[450]+072 COLOR: 1.0, 0.5019607843137255, 0.5019607843137255, 0.5019607843137255
vb0[450]+076 TEXCOORD: 0.6648125648498535, 0.6560971140861511

vb0[451]+000 POSITION: -0.08360256999731064, 1.8216559886932373, 0.027046779170632362
vb0[451]+012 NORMAL: 0.112797811627388, -0.049874160438776016, -0.9923654198646545
vb0[451]+024 TANGENT: -0.5435729026794434, 0.01520693302154541, -0.8392241597175598, -1.0
vb0[451]+040 BLENDWEIGHTS: 0.6159999966621399, 0.3840000033378601, 0.0, 0.0
vb0[451]+056 BLENDINDICES: 6, 0, 0, 0
vb0[451]+072 COLOR: 1.0, 0.5019607843137255, 0.5019607843137255, 0.5019607843137255
vb0[451]+076 TEXCOORD: 0.6687865257263184, 0.6503049731254578

vb0[452]+000 POSITION: -0.0787038654088974, 1.8206489086151123, 0.026718638837337494
vb0[452]+012 NORMAL: 0.5397738814353943, -0.191005140542984, -0.8198543787002563
vb0[452]+024 TANGENT: 0.5202881693840027, -0.1607433706521988, -0.8387263417243958, -1.0
vb0[452]+040 BLENDWEIGHTS: 0.6340000033378601, 0.3659999966621399, 0.0, 0.0
vb0[452]+056 BLENDINDICES: 6, 0, 0, 0
vb0[452]+072 COLOR: 1.0, 0.5019607843137255, 0.5019607843137255, 0.5019607843137255
vb0[452]+076 TEXCOORD: 0.6694755554199219, 0.6545221209526062

vb0[453]+000 POSITION: -0.07652658969163895, 1.819506049156189, 0.03266508877277374
vb0[453]+012 NORMAL: 0.9063575863838196, -0.34975162148475647, -0.23704341053962708
vb0[453]+024 TANGENT: 0.9344581365585327, -0.3435799479484558, -0.09349256008863449, -1.0
vb0[453]+040 BLENDWEIGHTS: 0.6510000228881836, 0.3490000069141388, 0.0, 0.0
vb0[453]+056 BLENDINDICES: 6, 0, 0, 0
vb0[453]+072 COLOR: 1.0, 0.5019607843137255, 0.5019607843137255, 0.5019607843137255
vb0[453]+076 TEXCOORD: 0.6713836193084717, 0.6594180464744568

vb0[454]+000 POSITION: -0.07455349713563919, 1.8255879878997803, 0.03439515829086304
vb0[454]+012 NORMAL: 0.8076642155647278, -0.31278327107429504, -0.4998451769351959
vb0[454]+024 TANGENT: 0.96247798204422, -0.2624284625053406, -0.06904727220535278, -1.0
vb0[454]+040 BLENDWEIGHTS: 0.5400000214576721, 0.46000000834465027, 0.0, 0.0
vb0[454]+056 BLENDINDICES: 6, 0, 0, 0
vb0[454]+072 COLOR: 1.0, 0.5019607843137255, 0.5019607843137255, 0.5019607843137255
vb0[454]+076 TEXCOORD: 0.6672356128692627, 0.6625410914421082

vb0[455]+000 POSITION: -0.07613161951303482, 1.8246979713439941, 0.04059759899973869
vb0[455]+012 NORMAL: 0.7902572154998779, -0.3644185960292816, -0.4926384687423706
vb0[455]+024 TANGENT: -0.5378636121749878, -0.8427953124046326, -0.01997065544128418, -1.0
vb0[455]+040 BLENDWEIGHTS: 0.5590000152587891, 0.4410000145435333, 0.0, 0.0
vb0[455]+056 BLENDINDICES: 6, 0, 0, 0
vb0[455]+072 COLOR: 1.0, 0.5019607843137255, 0.5019607843137255, 0.0
vb0[455]+076 TEXCOORD: 0.6701295375823975, 0.6667839884757996

vb0[456]+000 POSITION: -0.0706196203827858, 1.8253092765808105, 0.03965828940272331
vb0[456]+012 NORMAL: 0.8139705657958984, -0.22785228490829468, -0.5343549847602844
vb0[456]+024 TANGENT: 0.494880348443985, -0.22003929316997528, -0.8406402468681335, -1.0
vb0[456]+040 BLENDWEIGHTS: 0.5709999799728394, 0.42899999022483826, 0.0, 0.0
vb0[456]+056 BLENDINDICES: 6, 0, 0, 0
vb0[456]+072 COLOR: 1.0, 0.5019607843137255, 0.5019607843137255, 0.30196078431372547
vb0[456]+076 TEXCOORD: 0.6680331230163574, 0.6704136729240417

vb0[457]+000 POSITION: -0.06863430887460709, 1.8332780599594116, 0.04552352800965309
vb0[457]+012 NORMAL: 0.9620823860168457, -0.037981562316417694, -0.2701016068458557
vb0[457]+024 TANGENT: 0.9712541103363037, 0.1874532699584961, 0.14672040939331055, -1.0
vb0[457]+040 BLENDWEIGHTS: 0.5910000205039978, 0.4090000092983246, 0.0, 0.0
vb0[457]+056 BLENDINDICES: 0, 6, 0, 0
vb0[457]+072 COLOR: 1.0, 0.5019607843137255, 0.5019607843137255, 0.5019607843137255
vb0[457]+076 TEXCOORD: 0.6616075038909912, 0.6754991412162781

vb0[458]+000 POSITION: -0.07362987101078033, 1.8315949440002441, 0.05159479007124901
vb0[458]+012 NORMAL: 0.9792532920837402, 0.08504052460193634, -0.18393220007419586
vb0[458]+024 TANGENT: -0.3952162563800812, -0.5746203660964966, 0.7166697382926941, -1.0
vb0[458]+040 BLENDWEIGHTS: 0.5479999780654907, 0.4519999921321869, 0.0, 0.0
vb0[458]+056 BLENDINDICES: 0, 6, 0, 0
vb0[458]+072 COLOR: 1.0, 0.5019607843137255, 0.5019607843137255, 0.10196078431372549
vb0[458]+076 TEXCOORD: 0.6617884635925293, 0.6827191710472107

vb0[459]+000 POSITION: -0.07789438962936401, 1.8188968896865845, 0.03752820938825607
vb0[459]+012 NORMAL: 0.8544005751609802, -0.494705468416214, -0.15895318984985352
vb0[459]+024 TANGENT: 0.2475549280643463, -0.4957256317138672, 0.8324498534202576, -1.0
vb0[459]+040 BLENDWEIGHTS: 0.6510000228881836, 0.3490000069141388, 0.0, 0.0
vb0[459]+056 BLENDINDICES: 6, 0, 0, 0
vb0[459]+072 COLOR: 1.0, 0.5019607843137255, 0.5019607843137255, 0.4
vb0[459]+076 TEXCOORD: 0.6737244129180908, 0.6627110838890076

vb0[460]+000 POSITION: -0.08009573072195053, 1.813372015953064, 0.03459244966506958
vb0[460]+012 NORMAL: 0.8728508353233337, -0.48090001940727234, 0.08286529034376144
vb0[460]+024 TANGENT: 0.22974303364753723, -0.5358534455299377, 0.812452495098114, -1.0
vb0[460]+040 BLENDWEIGHTS: 0.7459999918937683, 0.2540000081062317, 0.0, 0.0
vb0[460]+056 BLENDINDICES: 6, 0, 0, 0
vb0[460]+072 COLOR: 1.0, 0.5019607843137255, 0.5019607843137255, 0.4
vb0[460]+076 TEXCOORD: 0.6769964694976807, 0.6589249968528748

vb0[461]+000 POSITION: -0.07880956679582596, 1.814303994178772, 0.03113451972603798
vb0[461]+012 NORMAL: 0.8641882538795471, -0.43135201930999756, -0.25906410813331604
vb0[461]+024 TANGENT: 0.8970956802368164, -0.4247846305370331, -0.12156230211257935, -1.0
vb0[461]+040 BLENDWEIGHTS: 0.7390000224113464, 0.26100000739097595, 0.0, 0.0
vb0[461]+056 BLENDINDICES: 6, 0, 0, 0
vb0[461]+072 COLOR: 1.0, 0.5019607843137255, 0.5019607843137255, 0.4
vb0[461]+076 TEXCOORD: 0.6748886108398438, 0.6567630171775818

vb0[462]+000 POSITION: -0.08255352824926376, 1.8088349103927612, 0.03202670067548752
vb0[462]+012 NORMAL: 0.8204675316810608, -0.5686116218566895, 0.05927736312150955
vb0[462]+024 TANGENT: 0.18716920912265778, -0.5798448324203491, 0.7929360866546631, -1.0
vb0[462]+040 BLENDWEIGHTS: 0.8209999799728394, 0.17900000512599945, 0.0, 0.0
vb0[462]+056 BLENDINDICES: 6, 0, 0, 0
vb0[462]+072 COLOR: 1.0, 0.5019607843137255, 0.5019607843137255, 0.30196078431372547
vb0[462]+076 TEXCOORD: 0.6796596050262451, 0.6559399962425232

vb0[463]+000 POSITION: -0.08176106214523315, 1.8090859651565552, 0.029633719474077225
vb0[463]+012 NORMAL: 0.8099308609962463, -0.5181397199630737, -0.2748512327671051
vb0[463]+024 TANGENT: 0.8443764448165894, -0.517311155796051, -0.1393471360206604, -1.0
vb0[463]+040 BLENDWEIGHTS: 0.8299999833106995, 0.17000000178813934, 0.0, 0.0
vb0[463]+056 BLENDINDICES: 6, 0, 0, 0
vb0[463]+072 COLOR: 1.0, 0.5019607843137255, 0.5019607843137255, 0.30196078431372547
vb0[463]+076 TEXCOORD: 0.67850661277771, 0.6543161273002625

vb0[464]+000 POSITION: -0.0806729793548584, 1.8153709173202515, 0.026695379987359047
vb0[464]+012 NORMAL: 0.4954729378223419, -0.22477063536643982, -0.8390378952026367
vb0[464]+024 TANGENT: 0.45818737149238586, -0.18274158239364624, -0.8698676824569702, -1.0
vb0[464]+040 BLENDWEIGHTS: 0.7319999933242798, 0.2680000066757202, 0.0, 0.0
vb0[464]+056 BLENDINDICES: 6, 0, 0, 0
vb0[464]+072 COLOR: 1.0, 0.5019607843137255, 0.5019607843137255, 0.4
vb0[464]+076 TEXCOORD: 0.6734216213226318, 0.653106153011322

vb0[465]+000 POSITION: -0.08296310156583786, 1.8102079629898071, 0.026697149500250816
vb0[465]+012 NORMAL: 0.4571443498134613, -0.2695392370223999, -0.8475657105445862
vb0[465]+024 TANGENT: 0.41602668166160583, -0.20999561250209808, -0.8847731947898865, -1.0
vb0[465]+040 BLENDWEIGHTS: 0.8199999928474426, 0.18000000715255737, 0.0, 0.0
vb0[465]+056 BLENDINDICES: 6, 0, 0, 0
vb0[465]+072 COLOR: 1.0, 0.5019607843137255, 0.5019607843137255, 0.30196078431372547
vb0[465]+076 TEXCOORD: 0.6773865222930908, 0.6519700884819031

vb0[466]+000 POSITION: -0.08496449887752533, 1.8111579418182373, 0.027113549411296844
vb0[466]+012 NORMAL: 0.05810072273015976, -0.03642420843243599, -0.9976460337638855
vb0[466]+024 TANGENT: -0.5256316661834717, 0.1421249955892563, -0.8387560248374939, -1.0
vb0[466]+040 BLENDWEIGHTS: 0.8019999861717224, 0.1979999989271164, 0.0, 0.0
vb0[466]+056 BLENDINDICES: 6, 0, 0, 0
vb0[466]+072 COLOR: 1.0, 0.5019607843137255, 0.5019607843137255, 0.30196078431372547
vb0[466]+076 TEXCOORD: 0.6769015789031982, 0.6503049731254578

vb0[467]+000 POSITION: -0.08399447053670883, 1.8163858652114868, 0.02716475911438465
vb0[467]+012 NORMAL: 0.07764820009469986, -0.04219908267259598, -0.9960873126983643
vb0[467]+024 TANGENT: -0.5329840183258057, 0.08055305480957031, -0.8422821760177612, -1.0
vb0[467]+040 BLENDWEIGHTS: 0.7110000252723694, 0.289000004529953, 0.0, 0.0
vb0[467]+056 BLENDINDICES: 6, 0, 0, 0
vb0[467]+072 COLOR: 1.0, 0.5019607843137255, 0.5019607843137255, 0.4
vb0[467]+076 TEXCOORD: 0.6728456020355225, 0.6503049731254578

vb0[468]+000 POSITION: -0.08534251898527145, 1.8047970533370972, 0.029500529170036316
vb0[468]+012 NORMAL: 0.7678796052932739, -0.6128466725349426, -0.186493381857872
vb0[468]+024 TANGENT: 0.14648322761058807, -0.6255537271499634, 0.7663062214851379, -1.0
vb0[468]+040 BLENDWEIGHTS: 0.8849999904632568, 0.11500000208616257, 0.0, 0.0
vb0[468]+056 BLENDINDICES: 6, 0, 0, 0
vb0[468]+072 COLOR: 1.0, 0.5019607843137255, 0.5019607843137255, 0.2
vb0[468]+076 TEXCOORD: 0.6821584701538086, 0.653253972530365

vb0[469]+000 POSITION: -0.08501110225915909, 1.80497407913208, 0.028304800391197205
vb0[469]+012 NORMAL: 0.7231853604316711, -0.5594958662986755, -0.4049288332462311
vb0[469]+024 TANGENT: 0.7815089225769043, -0.608267605304718, -0.13875995576381683, -1.0
vb0[469]+040 BLENDWEIGHTS: 0.890999972820282, 0.10899999737739563, 0.0, 0.0
vb0[469]+056 BLENDINDICES: 6, 0, 0, 0
vb0[469]+072 COLOR: 1.0, 0.5019607843137255, 0.5019607843137255, 0.2
vb0[469]+076 TEXCOORD: 0.6816325187683105, 0.6524071097373962

vb0[470]+000 POSITION: -0.08890063315629959, 1.8008708953857422, 0.02676127851009369
vb0[470]+012 NORMAL: 0.6004164218902588, -0.49673470854759216, -0.6267014741897583
vb0[470]+024 TANGENT: -0.5310556888580322, -0.8187170028686523, -0.21836255490779877, -1.0
vb0[470]+040 BLENDWEIGHTS: 0.9419999718666077, 0.057999998331069946, 0.0, 0.0
vb0[470]+056 BLENDINDICES: 6, 0, 0, 0
vb0[470]+072 COLOR: 1.0, 0.5019607843137255, 0.5019607843137255, 0.10196078431372549
vb0[470]+076 TEXCOORD: 0.6851146221160889, 0.6503049731254578

vb0[471]+000 POSITION: -0.08546732366085052, 1.8052878379821777, 0.026791619136929512
vb0[471]+012 NORMAL: 0.5031472444534302, -0.38737788796424866, -0.772516131401062
vb0[471]+024 TANGENT: 0.4298122525215149, -0.2903718054294586, -0.8549537062644958, -1.0
vb0[471]+040 BLENDWEIGHTS: 0.8949999809265137, 0.10499999672174454, 0.0, 0.0
vb0[471]+056 BLENDINDICES: 6, 0, 0, 0
vb0[471]+072 COLOR: 1.0, 0.5019607843137255, 0.5019607843137255, 0.2
vb0[471]+076 TEXCOORD: 0.6812705993652344, 0.651220977306366

vb0[472]+000 POSITION: -0.08654224127531052, 1.8058419227600098, 0.026939669623970985
vb0[472]+012 NORMAL: 0.32562771439552307, -0.28319254517555237, -0.9020912647247314
vb0[472]+024 TANGENT: -0.4869302809238434, 0.2119961977005005, -0.8473231792449951, -1.0
vb0[472]+040 BLENDWEIGHTS: 0.8799999952316284, 0.11999999731779099, 0.0, 0.0
vb0[472]+056 BLENDINDICES: 6, 0, 0, 0
vb0[472]+072 COLOR: 1.0, 0.5019607843137255, 0.5019607843137255, 0.2
vb0[472]+076 TEXCOORD: 0.6810855865478516, 0.6503049731254578

vb0[473]+000 POSITION: -0.06746722757816315, 1.8271089792251587, 0.04683266952633858
vb0[473]+012 NORMAL: 0.9868147373199463, 0.1598968803882599, 0.025092056021094322
vb0[473]+024 TANGENT: 0.9620620012283325, 0.21871605515480042, 0.16309547424316406, -1.0
vb0[473]+040 BLENDWEIGHTS: 0.5479999780654907, 0.4519999921321869, 0.0, 0.0
vb0[473]+056 BLENDINDICES: 6, 0, 0, 0
vb0[473]+072 COLOR: 1.0, 0.5019607843137255, 0.5019607843137255, 0.5019607843137255
vb0[473]+076 TEXCOORD: 0.6666195392608643, 0.6769699454307556

vb0[474]+000 POSITION: -0.07218141853809357, 1.8264399766921997, 0.05156977102160454
vb0[474]+012 NORMAL: 0.9232886433601379, 0.19259105622768402, 0.3323352634906769
vb0[474]+024 TANGENT: -0.031167389824986458, 0.01660025306046009, 0.9993763566017151, -1.0
vb0[474]+040 BLENDWEIGHTS: 0.5569999814033508, 0.4429999887943268, 0.0, 0.0
vb0[474]+056 BLENDINDICES: 6, 0, 0, 0
vb0[474]+072 COLOR: 1.0, 0.5019607843137255, 0.5019607843137255, 0.30196078431372547
vb0[474]+076 TEXCOORD: 0.6659414768218994, 0.6827191710472107

vb0[475]+000 POSITION: -0.07038372755050659, 1.8217790126800537, 0.05163494870066643
vb0[475]+012 NORMAL: 0.7507665753364563, 0.33511072397232056, 0.5692542195320129
vb0[475]+024 TANGENT: -0.06248868256807327, 0.040586359798908234, 0.9972201585769653, -1.0
vb0[475]+040 BLENDWEIGHTS: 0.656000018119812, 0.3440000116825104, 0.0, 0.0
vb0[475]+056 BLENDINDICES: 6, 0, 0, 0
vb0[475]+072 COLOR: 1.0, 0.5019607843137255, 0.5019607843137255, 0.4
vb0[475]+076 TEXCOORD: 0.6698274612426758, 0.6827191710472107

vb0[476]+000 POSITION: -0.06639790534973145, 1.8222830295562744, 0.04808921739459038
vb0[476]+012 NORMAL: 0.9751439094543457, 0.2068490833044052, 0.07942242920398712
vb0[476]+024 TANGENT: 0.9396333694458008, 0.28326547145843506, 0.19196295738220215, -1.0
vb0[476]+040 BLENDWEIGHTS: 0.652999997138977, 0.34700000286102295, 0.0, 0.0
vb0[476]+056 BLENDINDICES: 6, 0, 0, 0
vb0[476]+072 COLOR: 1.0, 0.5019607843137255, 0.5019607843137255, 0.5019607843137255
vb0[476]+076 TEXCOORD: 0.6705605983734131, 0.6782841086387634

vb0[477]+000 POSITION: -0.06884285062551498, 1.8204669952392578, 0.042042940855026245
vb0[477]+012 NORMAL: 0.4831544756889343, -0.29921990633010864, -0.8228178024291992
vb0[477]+024 TANGENT: 0.5203511714935303, -0.24738709628582, -0.8173336386680603, -1.0
vb0[477]+040 BLENDWEIGHTS: 0.675000011920929, 0.32499998807907104, 0.0, 0.0
vb0[477]+056 BLENDINDICES: 6, 0, 0, 0
vb0[477]+072 COLOR: 1.0, 0.5019607843137255, 0.5019607843137255, 0.4
vb0[477]+076 TEXCOORD: 0.6717996597290039, 0.6729714274406433

vb0[478]+000 POSITION: -0.06666987389326096, 1.8155889511108398, 0.045045409351587296
vb0[478]+012 NORMAL: 0.6297304630279541, -0.2612009048461914, -0.7315829992294312
vb0[478]+024 TANGENT: 0.5397734642028809, -0.28589874505996704, -0.7917742133140564, -1.0
vb0[478]+040 BLENDWEIGHTS: 0.7839999794960022, 0.2160000056028366, 0.0, 0.0
vb0[478]+056 BLENDINDICES: 6, 0, 0, 0
vb0[478]+072 COLOR: 1.0, 0.5019607843137255, 0.5019607843137255, 0.4
vb0[478]+076 TEXCOORD: 0.6756505966186523, 0.6756989359855652

vb0[479]+000 POSITION: -0.06944289058446884, 1.8147748708724976, 0.04577454924583435
vb0[479]+012 NORMAL: 0.2043641358613968, -0.493039608001709, -0.845663845539093
vb0[479]+024 TANGENT: -0.4809814989566803, -0.7241263389587402, -0.49426504969596863, -1.0
vb0[479]+040 BLENDWEIGHTS: 0.765999972820282, 0.23399999737739563, 0.0, 0.0
vb0[479]+056 BLENDINDICES: 6, 0, 0, 0
vb0[479]+072 COLOR: 1.0, 0.5019607843137255, 0.5019607843137255, 0.4
vb0[479]+076 TEXCOORD: 0.6769335269927979, 0.6738571524620056

vb0[480]+000 POSITION: -0.06613346934318542, 1.8109469413757324, 0.048791129142045975
vb0[480]+012 NORMAL: 0.28148332238197327, -0.52695232629776, -0.801927924156189
vb0[480]+024 TANGENT: -0.40344834327697754, -0.7948938012123108, -0.45318132638931274, -1.0
vb0[480]+040 BLENDWEIGHTS: 0.8489999771118164, 0.1509999930858612, 0.0, 0.0
vb0[480]+056 BLENDINDICES: 6, 0, 0, 0
vb0[480]+072 COLOR: 1.0, 0.5019607843137255, 0.5019607843137255, 0.30196078431372547
vb0[480]+076 TEXCOORD: 0.6798825263977051, 0.6766480803489685

vb0[481]+000 POSITION: -0.06424704939126968, 1.8117849826812744, 0.048291705548763275
vb0[481]+012 NORMAL: 0.7130118012428284, -0.22578474879264832, -0.6638038158416748
vb0[481]+024 TANGENT: 0.5983352661132812, -0.28104883432388306, -0.750337541103363, -1.0
vb0[481]+040 BLENDWEIGHTS: 0.8600000143051147, 0.14000000059604645, 0.0, 0.0
vb0[481]+056 BLENDINDICES: 6, 0, 0, 0
vb0[481]+072 COLOR: 1.0, 0.5019607843137255, 0.5019607843137255, 0.30196078431372547
vb0[481]+076 TEXCOORD: 0.6789305210113525, 0.6779970526695251

vb0[482]+000 POSITION: -0.06293515115976334, 1.8078579902648926, 0.051917459815740585
vb0[482]+012 NORMAL: 0.681361198425293, -0.2937164604663849, -0.6704307794570923
vb0[482]+024 TANGENT: -0.30604836344718933, -0.8487434983253479, -0.4312410354614258, -1.0
vb0[482]+040 BLENDWEIGHTS: 0.9169999957084656, 0.08299999684095383, 0.0, 0.0
vb0[482]+056 BLENDINDICES: 6, 0, 0, 0
vb0[482]+072 COLOR: 1.0, 0.5019607843137255, 0.5019607843137255, 0.2
vb0[482]+076 TEXCOORD: 0.6827166080474854, 0.6790570616722107

vb0[483]+000 POSITION: -0.06173420697450638, 1.808532953262329, 0.0517389178276062
vb0[483]+012 NORMAL: 0.8633898496627808, -0.0726354792714119, -0.4992815852165222
vb0[483]+024 TANGENT: 0.6754139065742493, -0.2588183283805847, -0.6905282139778137, -1.0
vb0[483]+040 BLENDWEIGHTS: 0.9200000166893005, 0.07999999821186066, 0.0, 0.0
vb0[483]+056 BLENDINDICES: 6, 0, 0, 0
vb0[483]+072 COLOR: 1.0, 0.5019607843137255, 0.5019607843137255, 0.2
vb0[483]+076 TEXCOORD: 0.6821644306182861, 0.680010974407196

vb0[484]+000 POSITION: -0.06342824548482895, 1.813660979270935, 0.05091550573706627
vb0[484]+012 NORMAL: 0.9139837026596069, 0.38194361329078674, 0.13694128394126892
vb0[484]+024 TANGENT: 0.870756983757019, 0.45511385798454285, 0.18615484237670898, -1.0
vb0[484]+040 BLENDWEIGHTS: 0.8320000171661377, 0.1679999977350235, 0.0, 0.0
vb0[484]+056 BLENDINDICES: 6, 0, 0, 0
vb0[484]+072 COLOR: 1.0, 0.5019607843137255, 0.5019607843137255, 0.30196078431372547
vb0[484]+076 TEXCOORD: 0.6779365539550781, 0.6803211569786072

vb0[485]+000 POSITION: -0.06145782768726349, 1.8095959424972534, 0.05312579125165939
vb0[485]+012 NORMAL: 0.9468175172805786, 0.3217690885066986, 0.0011145374737679958
vb0[485]+024 TANGENT: 0.8159742951393127, 0.5390191078186035, 0.20891247689723969, -1.0
vb0[485]+040 BLENDWEIGHTS: 0.9089999794960022, 0.09099999815225601, 0.0, 0.0
vb0[485]+056 BLENDINDICES: 6, 0, 0, 0
vb0[485]+072 COLOR: 1.0, 0.5019607843137255, 0.5019607843137255, 0.2
vb0[485]+076 TEXCOORD: 0.6817195415496826, 0.6812950968742371

vb0[486]+000 POSITION: -0.06574063003063202, 1.8128669261932373, 0.05290669947862625
vb0[486]+012 NORMAL: 0.6141952276229858, 0.5231394171714783, 0.5908377170562744
vb0[486]+024 TANGENT: -0.17777693271636963, 0.15338706970214844, 0.9720431566238403, -1.0
vb0[486]+040 BLENDWEIGHTS: 0.8450000286102295, 0.1550000011920929, 0.0, 0.0
vb0[486]+056 BLENDINDICES: 6, 0, 0, 0
vb0[486]+072 COLOR: 1.0, 0.5019607843137255, 0.5019607843137255, 0.30196078431372547
vb0[486]+076 TEXCOORD: 0.6777164936065674, 0.6827191710472107

vb0[487]+000 POSITION: -0.06291259825229645, 1.8090319633483887, 0.05419335886836052
vb0[487]+012 NORMAL: 0.8439653515815735, 0.46081438660621643, 0.27454057335853577
vb0[487]+024 TANGENT: -0.2600727379322052, 0.194919615983963, 0.9457105994224548, -1.0
vb0[487]+040 BLENDWEIGHTS: 0.9229999780654907, 0.07699999958276749, 0.0, 0.0
vb0[487]+056 BLENDINDICES: 6, 0, 0, 0
vb0[487]+072 COLOR: 1.0, 0.5019607843137255, 0.5019607843137255, 0.2
vb0[487]+076 TEXCOORD: 0.6815764904022217, 0.6827191710472107

vb0[488]+000 POSITION: -0.058597538620233536, 1.8042958974838257, 0.05678077042102814
vb0[488]+012 NORMAL: 0.9669814705848694, 0.11701463162899017, -0.22639413177967072
vb0[488]+024 TANGENT: 0.5428748726844788, -0.6317276358604431, 0.553359866142273, -1.0
vb0[488]+040 BLENDWEIGHTS: 1.0, 0.0, 0.0, 0.0
vb0[488]+056 BLENDINDICES: 6, 0, 0, 0
vb0[488]+072 COLOR: 1.0, 0.5019607843137255, 0.5019607843137255, 0.10196078431372549
vb0[488]+076 TEXCOORD: 0.6869964599609375, 0.6827191710472107

vb0[489]+000 POSITION: -0.06816060841083527, 1.8170589208602905, 0.05203133076429367
vb0[489]+012 NORMAL: 0.6908309459686279, 0.42413461208343506, 0.5855446457862854
vb0[489]+024 TANGENT: -0.11236118525266647, 0.09445023536682129, 0.9891684055328369, -1.0
vb0[489]+040 BLENDWEIGHTS: 0.7570000290870667, 0.24300000071525574, 0.0, 0.0
vb0[489]+056 BLENDINDICES: 6, 0, 0, 0
vb0[489]+072 COLOR: 1.0, 0.5019607843137255, 0.5019607843137255, 0.4
vb0[489]+076 TEXCOORD: 0.6738955974578857, 0.6827191710472107

vb0[490]+000 POSITION: -0.06500816345214844, 1.8176919221878052, 0.049435775727033615
vb0[490]+012 NORMAL: 0.9492328763008118, 0.2925885319709778, 0.11553757637739182
vb0[490]+024 TANGENT: 0.9102087020874023, 0.3651411831378937, 0.1954280138015747, -1.0
vb0[490]+040 BLENDWEIGHTS: 0.7480000257492065, 0.25200000405311584, 0.0, 0.0
vb0[490]+056 BLENDINDICES: 6, 0, 0, 0
vb0[490]+072 COLOR: 1.0, 0.5019607843137255, 0.5019607843137255, 0.4
vb0[490]+076 TEXCOORD: 0.6744225025177002, 0.6794440150260925

vb0[491]+000 POSITION: -0.07241509109735489, 1.8189579248428345, 0.04316471889615059
vb0[491]+012 NORMAL: 0.10336638242006302, -0.46270349621772766, -0.8804662823677063
vb0[491]+024 TANGENT: -0.5219576358795166, -0.6511654257774353, -0.5509480834007263, -1.0
vb0[491]+040 BLENDWEIGHTS: 0.6769999861717224, 0.3230000138282776, 0.0, 0.0
vb0[491]+056 BLENDINDICES: 6, 0, 0, 0
vb0[491]+072 COLOR: 1.0, 0.5019607843137255, 0.5019607843137255, 0.4
vb0[491]+076 TEXCOORD: 0.6739325523376465, 0.6709560751914978

vb0[492]+000 POSITION: -0.07486133277416229, 1.8228049278259277, 0.041354987770318985
vb0[492]+012 NORMAL: 0.3909681439399719, -0.4190579056739807, -0.8194720149040222
vb0[492]+024 TANGENT: -0.551561176776886, -0.6053981184959412, -0.5738233923912048, -1.0
vb0[492]+040 BLENDWEIGHTS: 0.5979999899864197, 0.4020000100135803, 0.0, 0.0
vb0[492]+056 BLENDINDICES: 6, 0, 0, 0
vb0[492]+072 COLOR: 1.0, 0.5019607843137255, 0.5019607843137255, 0.30196078431372547
vb0[492]+076 TEXCOORD: 0.6713085174560547, 0.6682309508323669

vb0[493]+000 POSITION: -0.0874679908156395, 1.8433829545974731, 0.03133365884423256
vb0[493]+012 NORMAL: -0.9286876320838928, -0.24444587528705597, 0.2789004147052765
vb0[493]+024 TANGENT: -0.9971681237220764, -0.06955050677061081, 0.02860831841826439, -1.0
vb0[493]+040 BLENDWEIGHTS: 0.7990000247955322, 0.20100000500679016, 0.0, 0.0
vb0[493]+056 BLENDINDICES: 0, 6, 0, 0
vb0[493]+072 COLOR: 1.0, 0.5019607843137255, 0.5019607843137255, 0.5019607843137255
vb0[493]+076 TEXCOORD: 0.6511712074279785, 0.7280200123786926

vb0[494]+000 POSITION: -0.0834239050745964, 1.8489370346069336, 0.039302099496126175
vb0[494]+012 NORMAL: -0.8767045140266418, -0.20482538640499115, 0.4352419674396515
vb0[494]+024 TANGENT: -0.9653235077857971, -0.07887965440750122, 0.2488546520471573, -1.0
vb0[494]+040 BLENDWEIGHTS: 0.8489999771118164, 0.1509999930858612, 0.0, 0.0
vb0[494]+056 BLENDINDICES: 0, 6, 0, 0
vb0[494]+072 COLOR: 1.0, 0.5019607843137255, 0.5019607843137255, 0.4
vb0[494]+076 TEXCOORD: 0.6615138053894043, 0.7335026860237122

vb0[495]+000 POSITION: -0.08750487864017487, 1.8502188920974731, 0.03227353096008301
vb0[495]+012 NORMAL: -0.9433868527412415, -0.17722578346729279, 0.28037887811660767
vb0[495]+024 TANGENT: -0.9996114373207092, 0.008952141739428043, 0.026399735361337662, -1.0
vb0[495]+040 BLENDWEIGHTS: 0.9139999747276306, 0.0860000029206276, 0.0, 0.0
vb0[495]+056 BLENDINDICES: 0, 6, 0, 0
vb0[495]+072 COLOR: 1.0, 0.5019607843137255, 0.5019607843137255, 0.5019607843137255
vb0[495]+076 TEXCOORD: 0.6582343578338623, 0.7245596051216125

vb0[496]+000 POSITION: -0.08265291899442673, 1.8422728776931763, 0.03899146988987923
vb0[496]+012 NORMAL: -0.8581206202507019, -0.26985979080200195, 0.4368118345737457
vb0[496]+024 TANGENT: -0.9475525617599487, -0.16945141553878784, 0.2709803283214569, -1.0
vb0[496]+040 BLENDWEIGHTS: 0.7540000081062317, 0.2460000067949295, 0.0, 0.0
vb0[496]+056 BLENDINDICES: 0, 6, 0, 0
vb0[496]+072 COLOR: 1.0, 0.5019607843137255, 0.5019607843137255, 0.4
vb0[496]+076 TEXCOORD: 0.6547999382019043, 0.737701952457428

vb0[497]+000 POSITION: -0.08659887313842773, 1.8361010551452637, 0.030758628621697426
vb0[497]+012 NORMAL: -0.9133760333061218, -0.29665932059288025, 0.2788145840167999
vb0[497]+024 TANGENT: -0.9896829128265381, -0.13882207870483398, 0.03544294834136963, -1.0
vb0[497]+040 BLENDWEIGHTS: 0.6589999794960022, 0.3409999907016754, 0.0, 0.0
vb0[497]+056 BLENDINDICES: 0, 6, 0, 0
vb0[497]+072 COLOR: 1.0, 0.5019607843137255, 0.5019607843137255, 0.5019607843137255
vb0[497]+076 TEXCOORD: 0.6436209678649902, 0.731737494468689

vb0[498]+000 POSITION: -0.0823904275894165, 1.8350470066070557, 0.037448327988386154
vb0[498]+012 NORMAL: -0.8434046506881714, -0.30412548780441284, 0.44291797280311584
vb0[498]+024 TANGENT: -0.7695713639259338, -0.1710612028837204, 0.6152218580245972, -1.0
vb0[498]+040 BLENDWEIGHTS: 0.6230000257492065, 0.37700000405311584, 0.0, 0.0
vb0[498]+056 BLENDINDICES: 0, 6, 0, 0
vb0[498]+072 COLOR: 1.0, 0.5019607843137255, 0.5019607843137255, 0.5019607843137255
vb0[498]+076 TEXCOORD: 0.6464838981628418, 0.7403852939605713

vb0[499]+000 POSITION: -0.08030486106872559, 1.8347748517990112, 0.039363160729408264
vb0[499]+012 NORMAL: -0.8012033104896545, -0.3164639174938202, 0.5078620910644531
vb0[499]+024 TANGENT: -0.8851643800735474, -0.28306376934051514, 0.3692682981491089, -1.0
vb0[499]+040 BLENDWEIGHTS: 0.609000027179718, 0.39100000262260437, 0.0, 0.0
vb0[499]+056 BLENDINDICES: 0, 6, 0, 0
vb0[499]+072 COLOR: 1.0, 0.5019607843137255, 0.5019607843137255, 0.30196078431372547
vb0[499]+076 TEXCOORD: 0.6475479602813721, 0.7434893250465393

vb0[500]+000 POSITION: -0.08523501455783844, 1.8509989976882935, 0.02775103971362114
vb0[500]+012 NORMAL: -0.9829828143119812, -0.1558428406715393, 0.09725222736597061
vb0[500]+024 TANGENT: -0.7291767597198486, 0.11423338204622269, -0.6747236251831055, -1.0
vb0[500]+040 BLENDWEIGHTS: 0.875, 0.0820000022649765, 0.0430000014603138, 0.0
vb0[500]+056 BLENDINDICES: 0, 9, 6, 0
vb0[500]+072 COLOR: 1.0, 0.5019607843137255, 0.5019607843137255, 0.10196078431372549
vb0[500]+076 TEXCOORD: 0.6561284065246582, 0.7188133001327515

vb0[501]+000 POSITION: -0.08524762094020844, 1.843574047088623, 0.02676478959619999
vb0[501]+012 NORMAL: -0.9663681387901306, -0.2490963339805603, 0.06390330940485
vb0[501]+024 TANGENT: -0.5791507363319397, -0.006097256671637297, -0.8151976466178894, -1.0
vb0[501]+040 BLENDWEIGHTS: 0.8209999799728394, 0.17900000512599945, 0.0, 0.0
vb0[501]+056 BLENDINDICES: 0, 6, 0, 0
vb0[501]+072 COLOR: 1.0, 0.5019607843137255, 0.5019607843137255, 0.30196078431372547
vb0[501]+076 TEXCOORD: 0.6483769416809082, 0.7232356667518616

vb0[502]+000 POSITION: -0.08459722995758057, 1.836387038230896, 0.026755549013614655
vb0[502]+012 NORMAL: -0.9523204565048218, -0.29832854866981506, 0.06391985714435577
vb0[502]+024 TANGENT: -0.5505474209785461, -0.06738238781690598, -0.8320799469947815, -1.0
vb0[502]+040 BLENDWEIGHTS: 0.6790000200271606, 0.32100000977516174, 0.0, 0.0
vb0[502]+056 BLENDINDICES: 0, 6, 0, 0
vb0[502]+072 COLOR: 1.0, 0.5019607843137255, 0.5019607843137255, 0.4
vb0[502]+076 TEXCOORD: 0.6412405967712402, 0.7273047566413879

vb0[503]+000 POSITION: -0.08366615325212479, 1.857005000114441, 0.04027380794286728
vb0[503]+012 NORMAL: -0.8916531801223755, -0.1296563595533371, 0.43375545740127563
vb0[503]+024 TANGENT: -0.9722403287887573, -0.013239562511444092, 0.23360943794250488, -1.0
vb0[503]+040 BLENDWEIGHTS: 0.9390000104904175, 0.061000000685453415, 0.0, 0.0
vb0[503]+056 BLENDINDICES: 0, 6, 0, 0
vb0[503]+072 COLOR: 1.0, 0.5019607843137255, 0.5019607843137255, 0.4
vb0[503]+076 TEXCOORD: 0.6699972152709961, 0.7293656468391418

vb0[504]+000 POSITION: -0.0870002806186676, 1.8585940599441528, 0.03388642147183418
vb0[504]+012 NORMAL: -0.9530101418495178, -0.08717484772205353, 0.2901243269443512
vb0[504]+024 TANGENT: -0.9966040849685669, 0.07856535911560059, 0.024652600288391113, -1.0
vb0[504]+040 BLENDWEIGHTS: 0.9819999933242798, 0.017999999225139618, 0.0, 0.0
vb0[504]+056 BLENDINDICES: 0, 6, 0, 0
vb0[504]+072 COLOR: 1.0, 0.5019607843137255, 0.5019607843137255, 0.5019607843137255
vb0[504]+076 TEXCOORD: 0.667363166809082, 0.7212573885917664

vb0[505]+000 POSITION: -0.08324701339006424, 1.8660699129104614, 0.041792649775743484
vb0[505]+012 NORMAL: -0.9008636474609375, -0.04251186549663544, 0.43201568722724915
vb0[505]+024 TANGENT: -0.9723801612854004, 0.060386184602975845, 0.22545577585697174, -1.0
vb0[505]+040 BLENDWEIGHTS: 1.0, 0.0, 0.0, 0.0
vb0[505]+056 BLENDINDICES: 0, 0, 0, 0
vb0[505]+072 COLOR: 1.0, 0.5019607843137255, 0.5019607843137255, 0.5019607843137255
vb0[505]+076 TEXCOORD: 0.6798858642578125, 0.725422739982605

vb0[506]+000 POSITION: -0.08571328967809677, 1.8676879405975342, 0.036303501576185226
vb0[506]+012 NORMAL: -0.945114016532898, -0.00750057864934206, 0.3266546428203583
vb0[506]+024 TANGENT: -0.9882281422615051, 0.14233122766017914, 0.05609738826751709, -1.0
vb0[506]+040 BLENDWEIGHTS: 1.0, 0.0, 0.0, 0.0
vb0[506]+056 BLENDINDICES: 0, 0, 0, 0
vb0[506]+072 COLOR: 1.0, 0.5019607843137255, 0.5019607843137255, 0.5019607843137255
vb0[506]+076 TEXCOORD: 0.6778700351715088, 0.718563973903656

vb0[507]+000 POSITION: -0.08366017788648605, 1.8762519359588623, 0.03922957926988602
vb0[507]+012 NORMAL: -0.9324623942375183, 0.06476327776908875, 0.3554145395755768
vb0[507]+024 TANGENT: -0.975987434387207, 0.1825178861618042, 0.11889362335205078, -1.0
vb0[507]+040 BLENDWEIGHTS: 0.9879999756813049, 0.012000000104308128, 0.0, 0.0
vb0[507]+056 BLENDINDICES: 0, 10, 0, 0
vb0[507]+072 COLOR: 1.0, 0.5019607843137255, 0.5019607843137255, 0.5019607843137255
vb0[507]+076 TEXCOORD: 0.6884033679962158, 0.7167410850524902

vb0[508]+000 POSITION: -0.08202191442251205, 1.8748259544372559, 0.0438888780772686
vb0[508]+012 NORMAL: -0.8932235240936279, 0.034115154296159744, 0.4483165740966797
vb0[508]+024 TANGENT: -0.9656552076339722, 0.12881946563720703, 0.2256448119878769, -1.0
vb0[508]+040 BLENDWEIGHTS: 1.0, 0.0, 0.0, 0.0
vb0[508]+056 BLENDINDICES: 0, 0, 0, 0
vb0[508]+072 COLOR: 1.0, 0.5019607843137255, 0.5019607843137255, 0.5019607843137255
vb0[508]+076 TEXCOORD: 0.6899962425231934, 0.7223933935165405

vb0[509]+000 POSITION: -0.084281787276268, 1.8681288957595825, 0.03286029025912285
vb0[509]+012 NORMAL: -0.9857417345046997, 0.032113876193761826, 0.16517239809036255
vb0[509]+024 TANGENT: -0.9222181439399719, 0.23395512998104095, -0.30786144733428955, -1.0
vb0[509]+040 BLENDWEIGHTS: 1.0, 0.0, 0.0, 0.0
vb0[509]+056 BLENDINDICES: 0, 0, 0, 0
vb0[509]+072 COLOR: 1.0, 0.5019607843137255, 0.5019607843137255, 0.30196078431372547
vb0[509]+076 TEXCOORD: 0.6766114234924316, 0.714430034160614

vb0[510]+000 POSITION: -0.08505018055438995, 1.8593709468841553, 0.029784778133034706
vb0[510]+012 NORMAL: -0.9910731911659241, -0.05276411399245262, 0.12243272364139557
vb0[510]+024 TANGENT: -0.9026160836219788, 0.17102502286434174, -0.39501211047172546, -1.0
vb0[510]+040 BLENDWEIGHTS: 1.0, 0.0, 0.0, 0.0
vb0[510]+056 BLENDINDICES: 0, 0, 0, 0
vb0[510]+072 COLOR: 1.0, 0.5019607843137255, 0.5019607843137255, 0.30196078431372547
vb0[510]+076 TEXCOORD: 0.6658644676208496, 0.7161242961883545

vb0[511]+000 POSITION: -0.07786295562982559, 1.8288079500198364, 0.039932169020175934
vb0[511]+012 NORMAL: -0.7883208990097046, -0.31386563181877136, 0.5291866660118103
vb0[511]+024 TANGENT: -0.8717865943908691, -0.31675049662590027, 0.37370753288269043, -1.0
vb0[511]+040 BLENDWEIGHTS: 0.5080000162124634, 0.492000013589859, 0.0, 0.0
vb0[511]+056 BLENDINDICES: 6, 0, 0, 0
vb0[511]+072 COLOR: 1.0, 0.5019607843137255, 0.5019607843137255, 0.30196078431372547
vb0[511]+076 TEXCOORD: 0.6420717239379883, 0.7485800981521606

vb0[512]+000 POSITION: -0.08216947317123413, 1.8276870250701904, 0.035747259855270386
vb0[512]+012 NORMAL: -0.8414050340652466, -0.30317628383636475, 0.4473496377468109
vb0[512]+024 TANGENT: -0.7749136090278625, -0.15331308543682098, 0.613191545009613, -1.0
vb0[512]+040 BLENDWEIGHTS: 0.5170000195503235, 0.4830000102519989, 0.0, 0.0
vb0[512]+056 BLENDINDICES: 6, 0, 0, 0
vb0[512]+072 COLOR: 1.0, 0.5019607843137255, 0.5019607843137255, 0.5019607843137255
vb0[512]+076 TEXCOORD: 0.637939453125, 0.7426533699035645

vb0[513]+000 POSITION: -0.07613161951303482, 1.8246979713439941, 0.04059759899973869
vb0[513]+012 NORMAL: -0.7840918302536011, -0.3039901852607727, 0.5411007404327393
vb0[513]+024 TANGENT: -0.5378636121749878, -0.8427953124046326, -0.01997065544128418, -1.0
vb0[513]+040 BLENDWEIGHTS: 0.5590000152587891, 0.4410000145435333, 0.0, 0.0
vb0[513]+056 BLENDINDICES: 6, 0, 0, 0
vb0[513]+072 COLOR: 1.0, 0.5019607843137255, 0.5019607843137255, 0.0
vb0[513]+076 TEXCOORD: 0.6385469436645508, 0.7524229288101196

vb0[514]+000 POSITION: -0.08252348005771637, 1.8209569454193115, 0.03410794958472252
vb0[514]+012 NORMAL: -0.8512992858886719, -0.2817559242248535, 0.4426094591617584
vb0[514]+024 TANGENT: -0.7732261419296265, -0.10351252555847168, 0.6256248950958252, -1.0
vb0[514]+040 BLENDWEIGHTS: 0.6420000195503235, 0.3580000102519989, 0.0, 0.0
vb0[514]+056 BLENDINDICES: 6, 0, 0, 0
vb0[514]+072 COLOR: 1.0, 0.5019607843137255, 0.5019607843137255, 0.5019607843137255
vb0[514]+076 TEXCOORD: 0.630103588104248, 0.7444774508476257

vb0[515]+000 POSITION: -0.07789438962936401, 1.8188968896865845, 0.03752820938825607
vb0[515]+012 NORMAL: -0.8029972314834595, -0.29266852140426636, 0.5191729068756104
vb0[515]+024 TANGENT: 0.2475549280643463, -0.4957256317138672, 0.8324498534202576, -1.0
vb0[515]+040 BLENDWEIGHTS: 0.6510000228881836, 0.3490000069141388, 0.0, 0.0
vb0[515]+056 BLENDINDICES: 6, 0, 0, 0
vb0[515]+072 COLOR: 1.0, 0.5019607843137255, 0.5019607843137255, 0.4
vb0[515]+076 TEXCOORD: 0.6308498382568359, 0.7515667080879211

vb0[516]+000 POSITION: -0.08009573072195053, 1.813372015953064, 0.03459244966506958
vb0[516]+012 NORMAL: -0.8122762441635132, -0.27187275886535645, 0.5160354971885681
vb0[516]+024 TANGENT: 0.22974303364753723, -0.5358534455299377, 0.812452495098114, -1.0
vb0[516]+040 BLENDWEIGHTS: 0.7459999918937683, 0.2540000081062317, 0.0, 0.0
vb0[516]+056 BLENDINDICES: 6, 0, 0, 0
vb0[516]+072 COLOR: 1.0, 0.5019607843137255, 0.5019607843137255, 0.4
vb0[516]+076 TEXCOORD: 0.6234841346740723, 0.7508169412612915

vb0[517]+000 POSITION: -0.0832655131816864, 1.8151938915252686, 0.03257196769118309
vb0[517]+012 NORMAL: -0.8578052520751953, -0.257377564907074, 0.4448898434638977
vb0[517]+024 TANGENT: -0.7514693737030029, -0.06505918502807617, 0.6565523743629456, -1.0
vb0[517]+040 BLENDWEIGHTS: 0.7450000047683716, 0.2549999952316284, 0.0, 0.0
vb0[517]+056 BLENDINDICES: 6, 0, 0, 0
vb0[517]+072 COLOR: 1.0, 0.5019607843137255, 0.5019607843137255, 0.4
vb0[517]+076 TEXCOORD: 0.6233563423156738, 0.7459468841552734

vb0[518]+000 POSITION: -0.08255352824926376, 1.8088349103927612, 0.03202670067548752
vb0[518]+012 NORMAL: -0.8295850157737732, -0.25724780559539795, 0.49559280276298523
vb0[518]+024 TANGENT: 0.18716920912265778, -0.5798448324203491, 0.7929360866546631, -1.0
vb0[518]+040 BLENDWEIGHTS: 0.8209999799728394, 0.17900000512599945, 0.0, 0.0
vb0[518]+056 BLENDINDICES: 6, 0, 0, 0
vb0[518]+072 COLOR: 1.0, 0.5019607843137255, 0.5019607843137255, 0.30196078431372547
vb0[518]+076 TEXCOORD: 0.6172103881835938, 0.7499309182167053

vb0[519]+000 POSITION: -0.08449751883745193, 1.810167908668518, 0.030778368934988976
vb0[519]+012 NORMAL: -0.8659310936927795, -0.2305457592010498, 0.4438602328300476
vb0[519]+024 TANGENT: -0.7282015085220337, -0.026932477951049805, 0.6848337650299072, -1.0
vb0[519]+040 BLENDWEIGHTS: 0.8299999833106995, 0.17000000178813934, 0.0, 0.0
vb0[519]+056 BLENDINDICES: 6, 0, 0, 0
vb0[519]+072 COLOR: 1.0, 0.5019607843137255, 0.5019607843137255, 0.30196078431372547
vb0[519]+076 TEXCOORD: 0.6171631813049316, 0.7468621730804443

vb0[520]+000 POSITION: -0.08534251898527145, 1.8047970533370972, 0.029500529170036316
vb0[520]+012 NORMAL: -0.8436468839645386, -0.2325820028781891, 0.4839065968990326
vb0[520]+024 TANGENT: 0.14648322761058807, -0.6255537271499634, 0.7663062214851379, -1.0
vb0[520]+040 BLENDWEIGHTS: 0.8849999904632568, 0.11500000208616257, 0.0, 0.0
vb0[520]+056 BLENDINDICES: 6, 0, 0, 0
vb0[520]+072 COLOR: 1.0, 0.5019607843137255, 0.5019607843137255, 0.2
vb0[520]+076 TEXCOORD: 0.6112716197967529, 0.7491388320922852

vb0[521]+000 POSITION: -0.08632442355155945, 1.8054280281066895, 0.028851119801402092
vb0[521]+012 NORMAL: -0.8743433356285095, -0.20140774548053741, 0.44154128432273865
vb0[521]+024 TANGENT: -0.6974928379058838, 0.022230984643101692, 0.7162468433380127, -1.0
vb0[521]+040 BLENDWEIGHTS: 0.8920000195503235, 0.1080000028014183, 0.0, 0.0
vb0[521]+056 BLENDINDICES: 6, 0, 0, 0
vb0[521]+072 COLOR: 1.0, 0.5019607843137255, 0.5019607843137255, 0.2
vb0[521]+076 TEXCOORD: 0.6110692024230957, 0.747640073299408

vb0[522]+000 POSITION: -0.08890063315629959, 1.8008708953857422, 0.02676127851009369
vb0[522]+012 NORMAL: -0.9218221306800842, -0.14490249752998352, 0.3595098853111267
vb0[522]+024 TANGENT: -0.5310556888580322, -0.8187170028686523, -0.21836255490779877, -1.0
vb0[522]+040 BLENDWEIGHTS: 0.9419999718666077, 0.057999998331069946, 0.0, 0.0
vb0[522]+056 BLENDINDICES: 6, 0, 0, 0
vb0[522]+072 COLOR: 1.0, 0.5019607843137255, 0.5019607843137255, 0.10196078431372549
vb0[522]+076 TEXCOORD: 0.6047415733337402, 0.7481968402862549

vb0[523]+000 POSITION: -0.08705922961235046, 1.8060158491134644, 0.027788499370217323
vb0[523]+012 NORMAL: -0.9558812379837036, -0.141457200050354, 0.2574508488178253
vb0[523]+024 TANGENT: -0.9630817770957947, 0.2653505504131317, 0.04541492089629173, -1.0
vb0[523]+040 BLENDWEIGHTS: 0.8830000162124634, 0.11699999868869781, 0.0, 0.0
vb0[523]+056 BLENDINDICES: 6, 0, 0, 0
vb0[523]+072 COLOR: 1.0, 0.5019607843137255, 0.5019607843137255, 0.2
vb0[523]+076 TEXCOORD: 0.6107497215270996, 0.7460643649101257

vb0[524]+000 POSITION: -0.08483001589775085, 1.8219850063323975, 0.029633888974785805
vb0[524]+012 NORMAL: -0.9265037775039673, -0.26013118028640747, 0.2718866467475891
vb0[524]+024 TANGENT: -0.9997534155845642, -0.014920949004590511, 0.016448022797703743, -1.0
vb0[524]+040 BLENDWEIGHTS: 0.625, 0.375, 0.0, 0.0
vb0[524]+056 BLENDINDICES: 6, 0, 0, 0
vb0[524]+072 COLOR: 1.0, 0.5019607843137255, 0.5019607843137255, 0.5019607843137255
vb0[524]+076 TEXCOORD: 0.6283836364746094, 0.7386084198951721

vb0[525]+000 POSITION: -0.0852665975689888, 1.8287229537963867, 0.030188819393515587
vb0[525]+012 NORMAL: -0.9150155186653137, -0.2956230640411377, 0.2745061218738556
vb0[525]+024 TANGENT: -0.9930784106254578, -0.11278872936964035, 0.03276991471648216, -1.0
vb0[525]+040 BLENDWEIGHTS: 0.5080000162124634, 0.492000013589859, 0.0, 0.0
vb0[525]+056 BLENDINDICES: 0, 6, 0, 0
vb0[525]+072 COLOR: 1.0, 0.5019607843137255, 0.5019607843137255, 0.5019607843137255
vb0[525]+076 TEXCOORD: 0.6356418132781982, 0.7353612780570984

vb0[526]+000 POSITION: -0.08389193564653397, 1.828926920890808, 0.026955658569931984
vb0[526]+012 NORMAL: -0.9523126482963562, -0.2966502606868744, 0.07140791416168213
vb0[526]+024 TANGENT: -0.5567337870597839, -0.05375313013792038, -0.8289499282836914, -1.0
vb0[526]+040 BLENDWEIGHTS: 0.5289999842643738, 0.47099998593330383, 0.0, 0.0
vb0[526]+056 BLENDINDICES: 0, 6, 0, 0
vb0[526]+072 COLOR: 1.0, 0.5019607843137255, 0.5019607843137255, 0.5019607843137255
vb0[526]+076 TEXCOORD: 0.63376784324646, 0.7315768003463745

vb0[527]+000 POSITION: -0.08360256999731064, 1.8216559886932373, 0.027046779170632362
vb0[527]+012 NORMAL: -0.9639630317687988, -0.25728121399879456, 0.06768665462732315
vb0[527]+024 TANGENT: -0.5435729026794434, 0.01520693302154541, -0.8392241597175598, -1.0
vb0[527]+040 BLENDWEIGHTS: 0.6159999966621399, 0.3840000033378601, 0.0, 0.0
vb0[527]+056 BLENDINDICES: 6, 0, 0, 0
vb0[527]+072 COLOR: 1.0, 0.5019607843137255, 0.5019607843137255, 0.5019607843137255
vb0[527]+076 TEXCOORD: 0.6264581680297852, 0.7357648015022278

vb0[528]+000 POSITION: -0.0852183997631073, 1.8161649703979492, 0.02899867855012417
vb0[528]+012 NORMAL: -0.9367349743843079, -0.22162672877311707, 0.2709411382675171
vb0[528]+024 TANGENT: -0.9963887929916382, 0.08328807353973389, -0.0165098886936903, -1.0
vb0[528]+040 BLENDWEIGHTS: 0.7289999723434448, 0.2709999978542328, 0.0, 0.0
vb0[528]+056 BLENDINDICES: 6, 0, 0, 0
vb0[528]+072 COLOR: 1.0, 0.5019607843137255, 0.5019607843137255, 0.4
vb0[528]+076 TEXCOORD: 0.6219782829284668, 0.7412657141685486

vb0[529]+000 POSITION: -0.08399447053670883, 1.8163858652114868, 0.02716475911438465
vb0[529]+012 NORMAL: -0.9743547439575195, -0.21939334273338318, 0.049994613975286484
vb0[529]+024 TANGENT: -0.5329840183258057, 0.08055305480957031, -0.8422821760177612, -1.0
vb0[529]+040 BLENDWEIGHTS: 0.7110000252723694, 0.289000004529953, 0.0, 0.0
vb0[529]+056 BLENDINDICES: 6, 0, 0, 0
vb0[529]+072 COLOR: 1.0, 0.5019607843137255, 0.5019607843137255, 0.4
vb0[529]+076 TEXCOORD: 0.6211495399475098, 0.7388041615486145

vb0[530]+000 POSITION: -0.08496449887752533, 1.8111579418182373, 0.027113549411296844
vb0[530]+012 NORMAL: -0.9836200475692749, -0.17521247267723083, 0.042333487421274185
vb0[530]+024 TANGENT: -0.5256316661834717, 0.1421249955892563, -0.8387560248374939, -1.0
vb0[530]+040 BLENDWEIGHTS: 0.8019999861717224, 0.1979999989271164, 0.0, 0.0
vb0[530]+056 BLENDINDICES: 6, 0, 0, 0
vb0[530]+072 COLOR: 1.0, 0.5019607843137255, 0.5019607843137255, 0.30196078431372547
vb0[530]+076 TEXCOORD: 0.6157793998718262, 0.7418813705444336

vb0[531]+000 POSITION: -0.08587425202131271, 1.811018943786621, 0.0285049881786108
vb0[531]+012 NORMAL: -0.9446802735328674, -0.18139208853244781, 0.2732691168785095
vb0[531]+024 TANGENT: -0.9857907295227051, 0.16764044761657715, 0.010639549233019352, -1.0
vb0[531]+040 BLENDWEIGHTS: 0.8119999766349792, 0.18799999356269836, 0.0, 0.0
vb0[531]+056 BLENDINDICES: 6, 0, 0, 0
vb0[531]+072 COLOR: 1.0, 0.5019607843137255, 0.5019607843137255, 0.30196078431372547
vb0[531]+076 TEXCOORD: 0.6163597106933594, 0.74373459815979

vb0[532]+000 POSITION: -0.08654224127531052, 1.8058419227600098, 0.026939669623970985
vb0[532]+012 NORMAL: -0.9910818338394165, -0.12659509479999542, 0.04160013422369957
vb0[532]+024 TANGENT: -0.4869302809238434, 0.2119961977005005, -0.8473231792449951, -1.0
vb0[532]+040 BLENDWEIGHTS: 0.8799999952316284, 0.11999999731779099, 0.0, 0.0
vb0[532]+056 BLENDINDICES: 6, 0, 0, 0
vb0[532]+072 COLOR: 1.0, 0.5019607843137255, 0.5019607843137255, 0.2
vb0[532]+076 TEXCOORD: 0.6102077960968018, 0.74507075548172

vb0[533]+000 POSITION: -0.07256915420293808, 1.901261568069458, 0.05878019332885742
vb0[533]+012 NORMAL: -0.8061093688011169, 0.28030115365982056, 0.5211706757545471
vb0[533]+024 TANGENT: -0.9111011028289795, 0.2716635465621948, 0.3099898397922516, -1.0
vb0[533]+040 BLENDWEIGHTS: 0.8870000243186951, 0.11299999803304672, 0.0, 0.0
vb0[533]+056 BLENDINDICES: 0, 10, 0, 0
vb0[533]+072 COLOR: 1.0, 0.5019607843137255, 0.5019607843137255, 0.0
vb0[533]+076 TEXCOORD: 0.7267887592315674, 0.7240396738052368

vb0[534]+000 POSITION: -0.07655704021453857, 1.8924964666366577, 0.05272655934095383
vb0[534]+012 NORMAL: -0.8596291542053223, 0.2245943248271942, 0.45890623331069946
vb0[534]+024 TANGENT: -0.9352680444717407, 0.27524495124816895, 0.2225172519683838, -1.0
vb0[534]+040 BLENDWEIGHTS: 0.925000011920929, 0.07500000298023224, 0.0, 0.0
vb0[534]+056 BLENDINDICES: 0, 10, 0, 0
vb0[534]+072 COLOR: 1.0, 0.5019607843137255, 0.5019607843137255, 0.0
vb0[534]+076 TEXCOORD: 0.7137060165405273, 0.7221128344535828

vb0[535]+000 POSITION: -0.07541249692440033, 1.8920680284500122, 0.057689398527145386
vb0[535]+012 NORMAL: -0.8403182625770569, 0.20319728553295135, 0.5025694370269775
vb0[535]+024 TANGENT: -0.9337635040283203, 0.24848271906375885, 0.2575697898864746, -1.0
vb0[535]+040 BLENDWEIGHTS: 1.0, 0.0, 0.0, 0.0
vb0[535]+056 BLENDINDICES: 0, 0, 0, 0
vb0[535]+072 COLOR: 1.0, 0.5019607843137255, 0.5019607843137255, 0.5019607843137255
vb0[535]+076 TEXCOORD: 0.7161922454833984, 0.7274078130722046

vb0[536]+000 POSITION: -0.07256453484296799, 1.8917019367218018, 0.06765485554933548
vb0[536]+012 NORMAL: -0.7606031894683838, 0.1862008273601532, 0.6219421625137329
vb0[536]+024 TANGENT: -0.850866436958313, 0.23034189641475677, 0.4721958339214325, -1.0
vb0[536]+040 BLENDWEIGHTS: 1.0, 0.0, 0.0, 0.0
vb0[536]+056 BLENDINDICES: 0, 0, 0, 0
vb0[536]+072 COLOR: 1.0, 0.5019607843137255, 0.5019607843137255, 0.5019607843137255
vb0[536]+076 TEXCOORD: 0.7219829559326172, 0.7378389239311218

vb0[537]+000 POSITION: -0.07596640288829803, 1.8809579610824585, 0.0668039321899414
vb0[537]+012 NORMAL: -0.786523163318634, 0.09310653805732727, 0.6105018258094788
vb0[537]+024 TANGENT: -0.8815605044364929, 0.15489639341831207, 0.4459352493286133, -1.0
vb0[537]+040 BLENDWEIGHTS: 1.0, 0.0, 0.0, 0.0
vb0[537]+056 BLENDINDICES: 0, 0, 0, 0
vb0[537]+072 COLOR: 1.0, 0.5019607843137255, 0.5019607843137255, 0.5019607843137255
vb0[537]+076 TEXCOORD: 0.7100706100463867, 0.7425299882888794

vb0[538]+000 POSITION: -0.07764448970556259, 1.8820469379425049, 0.056437477469444275
vb0[538]+012 NORMAL: -0.8570522665977478, 0.11402804404497147, 0.5024529695510864
vb0[538]+024 TANGENT: -0.9283057451248169, 0.1484295129776001, 0.3409063518047333, -1.0
vb0[538]+040 BLENDWEIGHTS: 1.0, 0.0, 0.0, 0.0
vb0[538]+056 BLENDINDICES: 0, 0, 0, 0
vb0[538]+072 COLOR: 1.0, 0.5019607843137255, 0.5019607843137255, 0.5019607843137255
vb0[538]+076 TEXCOORD: 0.7050269842147827, 0.7313606142997742

vb0[539]+000 POSITION: -0.0672999694943428, 1.8782299757003784, 0.07657383382320404
vb0[539]+012 NORMAL: -0.68394935131073, 0.06567281484603882, 0.7265675067901611
vb0[539]+024 TANGENT: -0.7703382968902588, 0.08891856670379639, 0.6314050555229187, -1.0
vb0[539]+040 BLENDWEIGHTS: 1.0, 0.0, 0.0, 0.0
vb0[539]+056 BLENDINDICES: 0, 0, 0, 0
vb0[539]+072 COLOR: 1.0, 0.5019607843137255, 0.5019607843137255, 0.5019607843137255
vb0[539]+076 TEXCOORD: 0.7161059379577637, 0.7565031051635742

vb0[540]+000 POSITION: -0.06478457152843475, 1.8892909288406372, 0.07724172621965408
vb0[540]+012 NORMAL: -0.6638322472572327, 0.15249378979206085, 0.7321696281433105
vb0[540]+024 TANGENT: -0.7768885493278503, 0.1760392040014267, 0.6045281291007996, -1.0
vb0[540]+040 BLENDWEIGHTS: 1.0, 0.0, 0.0, 0.0
vb0[540]+056 BLENDINDICES: 0, 0, 0, 0
vb0[540]+072 COLOR: 1.0, 0.5019607843137255, 0.5019607843137255, 0.5019607843137255
vb0[540]+076 TEXCOORD: 0.7279326915740967, 0.7508669495582581

vb0[541]+000 POSITION: -0.07781917601823807, 1.8702329397201538, 0.06632956862449646
vb0[541]+012 NORMAL: -0.8078023195266724, -0.001739666098728776, 0.5894508957862854
vb0[541]+024 TANGENT: -0.8955552577972412, 0.05672871321439743, 0.4413190484046936, -1.0
vb0[541]+040 BLENDWEIGHTS: 1.0, 0.0, 0.0, 0.0
vb0[541]+056 BLENDINDICES: 0, 0, 0, 0
vb0[541]+072 COLOR: 1.0, 0.5019607843137255, 0.5019607843137255, 0.5019607843137255
vb0[541]+076 TEXCOORD: 0.6991863250732422, 0.7480098009109497

vb0[542]+000 POSITION: -0.06850168108940125, 1.8679879903793335, 0.07564613968133926
vb0[542]+012 NORMAL: -0.6849220395088196, -0.03145012632012367, 0.7279373407363892
vb0[542]+024 TANGENT: -0.7497043609619141, -0.0037931206170469522, 0.661761999130249, -1.0
vb0[542]+040 BLENDWEIGHTS: 1.0, 0.0, 0.0, 0.0
vb0[542]+056 BLENDINDICES: 0, 0, 0, 0
vb0[542]+072 COLOR: 1.0, 0.5019607843137255, 0.5019607843137255, 0.5019607843137255
vb0[542]+076 TEXCOORD: 0.7054591178894043, 0.7619029879570007

vb0[543]+000 POSITION: -0.0782906785607338, 1.8613399267196655, 0.06569807976484299
vb0[543]+012 NORMAL: -0.8122288584709167, -0.09137888997793198, 0.5761371850967407
vb0[543]+024 TANGENT: -0.9003567099571228, -0.05094403401017189, 0.4321603775024414, -1.0
vb0[543]+040 BLENDWEIGHTS: 1.0, 0.0, 0.0, 0.0
vb0[543]+056 BLENDINDICES: 0, 0, 0, 0
vb0[543]+072 COLOR: 1.0, 0.5019607843137255, 0.5019607843137255, 0.5019607843137255
vb0[543]+076 TEXCOORD: 0.6904153823852539, 0.7527071237564087

vb0[544]+000 POSITION: -0.0797891914844513, 1.8629989624023438, 0.05310861021280289
vb0[544]+012 NORMAL: -0.8748600482940674, -0.08402151614427567, 0.4770328104496002
vb0[544]+024 TANGENT: -0.9263728260993958, -0.04812026023864746, 0.37352097034454346, -1.0
vb0[544]+040 BLENDWEIGHTS: 1.0, 0.0, 0.0, 0.0
vb0[544]+056 BLENDINDICES: 0, 0, 0, 0
vb0[544]+072 COLOR: 1.0, 0.5019607843137255, 0.5019607843137255, 0.30196078431372547
vb0[544]+076 TEXCOORD: 0.684145450592041, 0.7395468950271606

vb0[545]+000 POSITION: -0.07924214750528336, 1.8721619844436646, 0.0546184778213501
vb0[545]+012 NORMAL: -0.8766719102859497, 0.012193483300507069, 0.4809340238571167
vb0[545]+024 TANGENT: -0.9341636896133423, 0.05941103771328926, 0.35186418890953064, -1.0
vb0[545]+040 BLENDWEIGHTS: 1.0, 0.0, 0.0, 0.0
vb0[545]+056 BLENDINDICES: 0, 0, 0, 0
vb0[545]+072 COLOR: 1.0, 0.5019607843137255, 0.5019607843137255, 0.4
vb0[545]+076 TEXCOORD: 0.694023609161377, 0.7353309988975525

vb0[546]+000 POSITION: -0.06874430179595947, 1.8596186637878418, 0.07488234341144562
vb0[546]+012 NORMAL: -0.6803929209709167, -0.11278492212295532, 0.7241167426109314
vb0[546]+024 TANGENT: -0.7232260704040527, -0.0916975736618042, 0.6844966411590576, -1.0
vb0[546]+040 BLENDWEIGHTS: 1.0, 0.0, 0.0, 0.0
vb0[546]+056 BLENDINDICES: 0, 0, 0, 0
vb0[546]+072 COLOR: 1.0, 0.5019607843137255, 0.5019607843137255, 0.5019607843137255
vb0[546]+076 TEXCOORD: 0.696918249130249, 0.7665572166442871

vb0[547]+000 POSITION: -0.08333291113376617, 1.8644999265670776, 0.048410337418317795
vb0[547]+012 NORMAL: -0.8970683217048645, -0.056891776621341705, 0.43821415305137634
vb0[547]+024 TANGENT: -0.9501228332519531, 0.018382428213953972, 0.31133362650871277, -1.0
vb0[547]+040 BLENDWEIGHTS: 1.0, 0.0, 0.0, 0.0
vb0[547]+056 BLENDINDICES: 0, 0, 0, 0
vb0[547]+072 COLOR: 1.0, 0.5019607843137255, 0.5019607843137255, 0.5019607843137255
vb0[547]+076 TEXCOORD: 0.6821298599243164, 0.7328685522079468

vb0[548]+000 POSITION: -0.08192102611064911, 1.873216986656189, 0.05045865848660469
vb0[548]+012 NORMAL: -0.8866759538650513, 0.029486147686839104, 0.4614502489566803
vb0[548]+024 TANGENT: -0.9443544745445251, 0.10151959210634232, 0.31287136673927307, -1.0
vb0[548]+040 BLENDWEIGHTS: 1.0, 0.0, 0.0, 0.0
vb0[548]+056 BLENDINDICES: 0, 0, 0, 0
vb0[548]+072 COLOR: 1.0, 0.5019607843137255, 0.5019607843137255, 0.5019607843137255
vb0[548]+076 TEXCOORD: 0.6920371055603027, 0.7299003601074219

vb0[549]+000 POSITION: -0.08324701339006424, 1.8660699129104614, 0.041792649775743484
vb0[549]+012 NORMAL: -0.9475706815719604, -0.020379522815346718, 0.31889569759368896
vb0[549]+024 TANGENT: -0.9723801612854004, 0.060386184602975845, 0.22545577585697174, -1.0
vb0[549]+040 BLENDWEIGHTS: 1.0, 0.0, 0.0, 0.0
vb0[549]+056 BLENDINDICES: 0, 0, 0, 0
vb0[549]+072 COLOR: 1.0, 0.5019607843137255, 0.5019607843137255, 0.5019607843137255
vb0[549]+076 TEXCOORD: 0.6798858642578125, 0.725422739982605

vb0[550]+000 POSITION: -0.08202191442251205, 1.8748259544372559, 0.0438888780772686
vb0[550]+012 NORMAL: -0.9296104907989502, 0.06523355841636658, 0.36272433400154114
vb0[550]+024 TANGENT: -0.9656552076339722, 0.12881946563720703, 0.2256448119878769, -1.0
vb0[550]+040 BLENDWEIGHTS: 1.0, 0.0, 0.0, 0.0
vb0[550]+056 BLENDINDICES: 0, 0, 0, 0
vb0[550]+072 COLOR: 1.0, 0.5019607843137255, 0.5019607843137255, 0.5019607843137255
vb0[550]+076 TEXCOORD: 0.6899962425231934, 0.7223933935165405

vb0[551]+000 POSITION: -0.07929139584302902, 1.8543760776519775, 0.05196728929877281
vb0[551]+012 NORMAL: -0.8878847360610962, -0.17235326766967773, 0.42656198143959045
vb0[551]+024 TANGENT: -0.9089899063110352, -0.1276499629020691, 0.39679062366485596, -1.0
vb0[551]+040 BLENDWEIGHTS: 0.9340000152587891, 0.06599999964237213, 0.0, 0.0
vb0[551]+056 BLENDINDICES: 0, 6, 0, 0
vb0[551]+072 COLOR: 1.0, 0.5019607843137255, 0.5019607843137255, 0.30196078431372547
vb0[551]+076 TEXCOORD: 0.6751813888549805, 0.744140088558197

vb0[552]+000 POSITION: -0.07741042971611023, 1.8531540632247925, 0.06530162692070007
vb0[552]+012 NORMAL: -0.803289532661438, -0.1739218831062317, 0.5696290135383606
vb0[552]+024 TANGENT: -0.888109028339386, -0.14231126010417938, 0.43704673647880554, -1.0
vb0[552]+040 BLENDWEIGHTS: 0.949999988079071, 0.05000000074505806, 0.0, 0.0
vb0[552]+056 BLENDINDICES: 0, 6, 0, 0
vb0[552]+072 COLOR: 1.0, 0.5019607843137255, 0.5019607843137255, 0.5019607843137255
vb0[552]+076 TEXCOORD: 0.6827044486999512, 0.7577927708625793

vb0[553]+000 POSITION: -0.07823295146226883, 1.8461458683013916, 0.051402319222688675
vb0[553]+012 NORMAL: -0.8676402568817139, -0.26428768038749695, 0.4211321771144867
vb0[553]+024 TANGENT: -0.8877641558647156, -0.18669617176055908, 0.42073652148246765, -1.0
vb0[553]+040 BLENDWEIGHTS: 0.8169999718666077, 0.18299999833106995, 0.0, 0.0
vb0[553]+056 BLENDINDICES: 0, 6, 0, 0
vb0[553]+072 COLOR: 1.0, 0.5019607843137255, 0.5019607843137255, 0.30196078431372547
vb0[553]+076 TEXCOORD: 0.667017936706543, 0.7492679953575134

vb0[554]+000 POSITION: -0.07579585164785385, 1.845255732536316, 0.06522064656019211
vb0[554]+012 NORMAL: -0.7764776349067688, -0.24688075482845306, 0.5797691941261292
vb0[554]+024 TANGENT: -0.8713920712471008, -0.1941504180431366, 0.45053476095199585, -1.0
vb0[554]+040 BLENDWEIGHTS: 0.8309999704360962, 0.16899999976158142, 0.0, 0.0
vb0[554]+056 BLENDINDICES: 0, 6, 0, 0
vb0[554]+072 COLOR: 1.0, 0.5019607843137255, 0.5019607843137255, 0.5019607843137255
vb0[554]+076 TEXCOORD: 0.675530195236206, 0.7633205652236938

vb0[555]+000 POSITION: -0.07633858174085617, 1.8385859727859497, 0.051398590207099915
vb0[555]+012 NORMAL: -0.8431092500686646, -0.3378676474094391, 0.4183446168899536
vb0[555]+024 TANGENT: -0.8630200028419495, -0.25561797618865967, 0.4357244670391083, -1.0
vb0[555]+040 BLENDWEIGHTS: 0.6919999718666077, 0.30799999833106995, 0.0, 0.0
vb0[555]+056 BLENDINDICES: 0, 6, 0, 0
vb0[555]+072 COLOR: 1.0, 0.5019607843137255, 0.5019607843137255, 0.30196078431372547
vb0[555]+076 TEXCOORD: 0.6598861217498779, 0.754846453666687

vb0[556]+000 POSITION: -0.07402471452951431, 1.838304042816162, 0.0654110535979271
vb0[556]+012 NORMAL: -0.7588226199150085, -0.3202703297138214, 0.5671112537384033
vb0[556]+024 TANGENT: -0.8514865636825562, -0.26022887229919434, 0.45524898171424866, -1.0
vb0[556]+040 BLENDWEIGHTS: 0.718999981880188, 0.2809999883174896, 0.0, 0.0
vb0[556]+056 BLENDINDICES: 0, 6, 0, 0
vb0[556]+072 COLOR: 1.0, 0.5019607843137255, 0.5019607843137255, 0.5019607843137255
vb0[556]+076 TEXCOORD: 0.6693274974822998, 0.768555760383606

vb0[557]+000 POSITION: -0.07362987101078033, 1.8315949440002441, 0.05159479007124901
vb0[557]+012 NORMAL: -0.8247979879379272, -0.3759438693523407, 0.4223438799381256
vb0[557]+024 TANGENT: -0.3952162563800812, -0.5746203660964966, 0.7166697382926941, -1.0
vb0[557]+040 BLENDWEIGHTS: 0.5479999780654907, 0.4519999921321869, 0.0, 0.0
vb0[557]+056 BLENDINDICES: 0, 6, 0, 0
vb0[557]+072 COLOR: 1.0, 0.5019607843137255, 0.5019607843137255, 0.10196078431372549
vb0[557]+076 TEXCOORD: 0.6534011363983154, 0.7606165409088135

vb0[558]+000 POSITION: -0.07095379382371902, 1.831119179725647, 0.06629333645105362
vb0[558]+012 NORMAL: -0.7248086333274841, -0.3531493842601776, 0.5915555357933044
vb0[558]+024 TANGENT: -0.8194827437400818, -0.3277026414871216, 0.4701690673828125, -1.0
vb0[558]+040 BLENDWEIGHTS: 0.5870000123977661, 0.4129999876022339, 0.0, 0.0
vb0[558]+056 BLENDINDICES: 0, 6, 0, 0
vb0[558]+072 COLOR: 1.0, 0.5019607843137255, 0.5019607843137255, 0.5019607843137255
vb0[558]+076 TEXCOORD: 0.6633081436157227, 0.7751803398132324

vb0[559]+000 POSITION: -0.06708119809627533, 1.8437299728393555, 0.07303670793771744
vb0[559]+012 NORMAL: -0.6386770009994507, -0.27700403332710266, 0.7178861498832703
vb0[559]+024 TANGENT: -0.6318626999855042, -0.20961102843284607, 0.7461989521980286, -1.0
vb0[559]+040 BLENDWEIGHTS: 0.8259999752044678, 0.17399999499320984, 0.0, 0.0
vb0[559]+056 BLENDINDICES: 0, 6, 0, 0
vb0[559]+072 COLOR: 1.0, 0.5019607843137255, 0.5019607843137255, 0.10196078431372549
vb0[559]+076 TEXCOORD: 0.6808090209960938, 0.776140034198761

vb0[560]+000 POSITION: -0.06822076439857483, 1.8517909049987793, 0.0740555003285408
vb0[560]+012 NORMAL: -0.6717325448989868, -0.18816320598125458, 0.7164984345436096
vb0[560]+024 TANGENT: -0.6847384572029114, -0.16559968888759613, 0.7097252011299133, -1.0
vb0[560]+040 BLENDWEIGHTS: 0.9330000281333923, 0.06700000166893005, 0.0, 0.0
vb0[560]+056 BLENDINDICES: 0, 6, 0, 0
vb0[560]+072 COLOR: 1.0, 0.5019607843137255, 0.5019607843137255, 0.4
vb0[560]+076 TEXCOORD: 0.6890153884887695, 0.7711881995201111

vb0[561]+000 POSITION: -0.0716070756316185, 1.827765941619873, 0.05293385684490204
vb0[561]+012 NORMAL: -0.8024566173553467, -0.3946438431739807, 0.44757068157196045
vb0[561]+024 TANGENT: -0.3329724371433258, -0.5340287089347839, -0.7771375775337219, -1.0
vb0[561]+040 BLENDWEIGHTS: 0.5099999904632568, 0.49000000953674316, 0.0, 0.0
vb0[561]+056 BLENDINDICES: 0, 6, 0, 0
vb0[561]+072 COLOR: 1.0, 0.5019607843137255, 0.5019607843137255, 0.30196078431372547
vb0[561]+076 TEXCOORD: 0.6507835388183594, 0.7651692032814026

vb0[562]+000 POSITION: -0.0688219889998436, 1.8231539726257324, 0.05484768748283386
vb0[562]+012 NORMAL: -0.7926556468009949, -0.39574238657951355, 0.463772714138031
vb0[562]+024 TANGENT: -0.2498181015253067, -0.5767046213150024, -0.7778192758560181, -1.0
vb0[562]+040 BLENDWEIGHTS: 0.5569999814033508, 0.4429999887943268, 0.0, 0.0
vb0[562]+056 BLENDINDICES: 6, 0, 0, 0
vb0[562]+072 COLOR: 1.0, 0.5019607843137255, 0.5019607843137255, 0.4
vb0[562]+076 TEXCOORD: 0.6477501392364502, 0.7709612846374512

vb0[563]+000 POSITION: -0.06733611226081848, 1.824460744857788, 0.06765871495008469
vb0[563]+012 NORMAL: -0.6981673836708069, -0.36705416440963745, 0.614681601524353
vb0[563]+024 TANGENT: -0.7963938117027283, -0.36971184611320496, 0.4786125123500824, -1.0
vb0[563]+040 BLENDWEIGHTS: 0.5429999828338623, 0.4569999873638153, 0.0, 0.0
vb0[563]+056 BLENDINDICES: 6, 0, 0, 0
vb0[563]+072 COLOR: 1.0, 0.5019607843137255, 0.5019607843137255, 0.5019607843137255
vb0[563]+076 TEXCOORD: 0.6578307151794434, 0.7820714712142944

vb0[564]+000 POSITION: -0.06281029433012009, 1.8298814296722412, 0.07271840423345566
vb0[564]+012 NORMAL: -0.619175374507904, -0.31638258695602417, 0.7186959981918335
vb0[564]+024 TANGENT: 0.26937752962112427, 0.15989696979522705, 0.9496676325798035, -1.0
vb0[564]+040 BLENDWEIGHTS: 0.5569999814033508, 0.4429999887943268, 0.0, 0.0
vb0[564]+056 BLENDINDICES: 0, 6, 0, 0
vb0[564]+072 COLOR: 1.0, 0.5019607843137255, 0.5019607843137255, 0.4
vb0[564]+076 TEXCOORD: 0.6673848628997803, 0.7875645756721497

vb0[565]+000 POSITION: -0.06512011587619781, 1.836195945739746, 0.07261662185192108
vb0[565]+012 NORMAL: -0.6318349242210388, -0.3057079315185547, 0.712269127368927
vb0[565]+024 TANGENT: 0.27402248978614807, 0.08246802538633347, 0.958180844783783, -1.0
vb0[565]+040 BLENDWEIGHTS: 0.6919999718666077, 0.30799999833106995, 0.0, 0.0
vb0[565]+056 BLENDINDICES: 0, 6, 0, 0
vb0[565]+072 COLOR: 1.0, 0.5019607843137255, 0.5019607843137255, 0.30196078431372547
vb0[565]+076 TEXCOORD: 0.6736345291137695, 0.7822462916374207

vb0[566]+000 POSITION: -0.06066156551241875, 1.8247449398040771, 0.07316429913043976
vb0[566]+012 NORMAL: -0.6014138460159302, -0.31062260270118713, 0.7360808849334717
vb0[566]+024 TANGENT: 0.25386908650398254, 0.2233790010213852, 0.9410910606384277, -1.0
vb0[566]+040 BLENDWEIGHTS: 0.5490000247955322, 0.45100000500679016, 0.0, 0.0
vb0[566]+056 BLENDINDICES: 6, 0, 0, 0
vb0[566]+072 COLOR: 1.0, 0.5019607843137255, 0.5019607843137255, 0.4
vb0[566]+076 TEXCOORD: 0.662050724029541, 0.7921015024185181

vb0[567]+000 POSITION: -0.06402137875556946, 1.819642424583435, 0.06922870129346848
vb0[567]+012 NORMAL: -0.6888615489006042, -0.37915992736816406, 0.6178249716758728
vb0[567]+024 TANGENT: -0.7689878940582275, -0.40056300163269043, 0.4982038140296936, -1.0
vb0[567]+040 BLENDWEIGHTS: 0.6430000066757202, 0.3569999933242798, 0.0, 0.0
vb0[567]+056 BLENDINDICES: 6, 0, 0, 0
vb0[567]+072 COLOR: 1.0, 0.5019607843137255, 0.5019607843137255, 0.5019607843137255
vb0[567]+076 TEXCOORD: 0.6539530754089355, 0.7878051996231079

vb0[568]+000 POSITION: -0.05852636694908142, 1.8204069137573242, 0.07381636649370193
vb0[568]+012 NORMAL: -0.5952638387680054, -0.3014373779296875, 0.7448466420173645
vb0[568]+024 TANGENT: 0.25766420364379883, 0.28992509841918945, 0.921711802482605, -1.0
vb0[568]+040 BLENDWEIGHTS: 0.640999972820282, 0.35899999737739563, 0.0, 0.0
vb0[568]+056 BLENDINDICES: 6, 0, 0, 0
vb0[568]+072 COLOR: 1.0, 0.5019607843137255, 0.5019607843137255, 0.4
vb0[568]+076 TEXCOORD: 0.657371997833252, 0.7960833311080933

vb0[569]+000 POSITION: -0.060881927609443665, 1.8157529830932617, 0.0708325058221817
vb0[569]+012 NORMAL: -0.6716625690460205, -0.38114044070243835, 0.6352962255477905
vb0[569]+024 TANGENT: -0.7534221410751343, -0.4248301684856415, 0.5018709897994995, -1.0
vb0[569]+040 BLENDWEIGHTS: 0.7300000190734863, 0.27000001072883606, 0.0, 0.0
vb0[569]+056 BLENDINDICES: 6, 0, 0, 0
vb0[569]+072 COLOR: 1.0, 0.5019607843137255, 0.5019607843137255, 0.5019607843137255
vb0[569]+076 TEXCOORD: 0.6508603096008301, 0.79292893409729

vb0[570]+000 POSITION: -0.055639300495386124, 1.8156260251998901, 0.07518196105957031
vb0[570]+012 NORMAL: -0.5913819074630737, -0.2878984212875366, 0.7532474994659424
vb0[570]+024 TANGENT: 0.23105065524578094, 0.4522751569747925, 0.8614306449890137, -1.0
vb0[570]+040 BLENDWEIGHTS: 0.7459999918937683, 0.2540000081062317, 0.0, 0.0
vb0[570]+056 BLENDINDICES: 6, 0, 0, 0
vb0[570]+072 COLOR: 1.0, 0.5019607843137255, 0.5019607843137255, 0.4
vb0[570]+076 TEXCOORD: 0.651841402053833, 0.8007881045341492

vb0[571]+000 POSITION: -0.057260096073150635, 1.8120849132537842, 0.07295775413513184
vb0[571]+012 NORMAL: -0.6452419757843018, -0.3703119158744812, 0.6682303547859192
vb0[571]+024 TANGENT: -0.7467874884605408, -0.43552324175834656, 0.502621054649353, -1.0
vb0[571]+040 BLENDWEIGHTS: 0.8080000281333923, 0.19200000166893005, 0.0, 0.0
vb0[571]+056 BLENDINDICES: 6, 0, 0, 0
vb0[571]+072 COLOR: 1.0, 0.5019607843137255, 0.5019607843137255, 0.4
vb0[571]+076 TEXCOORD: 0.6472935676574707, 0.7981200814247131

vb0[572]+000 POSITION: -0.05600424483418465, 1.8090460300445557, 0.06859967112541199
vb0[572]+012 NORMAL: -0.6727331876754761, -0.41810399293899536, 0.6104254126548767
vb0[572]+024 TANGENT: 0.07091003656387329, -0.8453588485717773, -0.5294716358184814, -1.0
vb0[572]+040 BLENDWEIGHTS: 0.8059999942779541, 0.1940000057220459, 0.0, 0.0
vb0[572]+056 BLENDINDICES: 6, 0, 0, 0
vb0[572]+072 COLOR: 1.0, 0.5019607843137255, 0.5019607843137255, 0.4
vb0[572]+076 TEXCOORD: 0.6413283348083496, 0.7959569096565247

vb0[573]+000 POSITION: -0.05974489077925682, 1.8120930194854736, 0.06384699046611786
vb0[573]+012 NORMAL: -0.7147988677024841, -0.4113054871559143, 0.5655884146690369
vb0[573]+024 TANGENT: 0.01390236709266901, -0.7985326051712036, -0.6017910838127136, -1.0
vb0[573]+040 BLENDWEIGHTS: 0.7350000143051147, 0.26499998569488525, 0.0, 0.0
vb0[573]+056 BLENDINDICES: 6, 0, 0, 0
vb0[573]+072 COLOR: 1.0, 0.5019607843137255, 0.5019607843137255, 0.5019607843137255
vb0[573]+076 TEXCOORD: 0.6425094604492188, 0.7889825701713562

vb0[574]+000 POSITION: -0.06300774216651917, 1.815247893333435, 0.06016981974244118
vb0[574]+012 NORMAL: -0.7488417029380798, -0.4053771197795868, 0.5243143439292908
vb0[574]+024 TANGENT: -0.07304155826568604, -0.7441853284835815, -0.6639677286148071, -1.0
vb0[574]+040 BLENDWEIGHTS: 0.671999990940094, 0.328000009059906, 0.0, 0.0
vb0[574]+056 BLENDINDICES: 6, 0, 0, 0
vb0[574]+072 COLOR: 1.0, 0.5019607843137255, 0.5019607843137255, 0.5019607843137255
vb0[574]+076 TEXCOORD: 0.6435720920562744, 0.7827749848365784

vb0[575]+000 POSITION: -0.052569430321455, 1.8068989515304565, 0.07322611659765244
vb0[575]+012 NORMAL: -0.6311108469963074, -0.4163331389427185, 0.6544966101646423
vb0[575]+024 TANGENT: 0.09756486862897873, -0.8807371854782104, -0.46344679594039917, -1.0
vb0[575]+040 BLENDWEIGHTS: 0.8610000014305115, 0.13899999856948853, 0.0, 0.0
vb0[575]+056 BLENDINDICES: 6, 0, 0, 0
vb0[575]+072 COLOR: 1.0, 0.5019607843137255, 0.5019607843137255, 0.30196078431372547
vb0[575]+076 TEXCOORD: 0.6402297019958496, 0.8019858002662659

vb0[576]+000 POSITION: -0.0534614697098732, 1.8089499473571777, 0.0757950097322464
vb0[576]+012 NORMAL: -0.6131251454353333, -0.3549453020095825, 0.705755889415741
vb0[576]+024 TANGENT: -0.7414935231208801, -0.42384085059165955, 0.5201407074928284, -1.0
vb0[576]+040 BLENDWEIGHTS: 0.8740000128746033, 0.12600000202655792, 0.0, 0.0
vb0[576]+056 BLENDINDICES: 6, 0, 0, 0
vb0[576]+072 COLOR: 1.0, 0.5019607843137255, 0.5019607843137255, 0.30196078431372547
vb0[576]+076 TEXCOORD: 0.6437397003173828, 0.8035178780555725

vb0[577]+000 POSITION: -0.049197129905223846, 1.8051068782806396, 0.07784444838762283
vb0[577]+012 NORMAL: -0.6009579300880432, -0.40941548347473145, 0.6864608526229858
vb0[577]+024 TANGENT: 0.0770769789814949, -0.9127678871154785, -0.4011407196521759, -1.0
vb0[577]+040 BLENDWEIGHTS: 0.9120000004768372, 0.08799999952316284, 0.0, 0.0
vb0[577]+056 BLENDINDICES: 6, 0, 0, 0
vb0[577]+072 COLOR: 1.0, 0.5019607843137255, 0.5019607843137255, 0.2
vb0[577]+076 TEXCOORD: 0.6383204460144043, 0.8077635765075684

vb0[578]+000 POSITION: -0.04956215247511864, 1.8061316013336182, 0.07898112386465073
vb0[578]+012 NORMAL: -0.5892153382301331, -0.3366076648235321, 0.7345206141471863
vb0[578]+024 TANGENT: -0.7348559498786926, -0.4082314670085907, 0.5416029095649719, -1.0
vb0[578]+040 BLENDWEIGHTS: 0.9259999990463257, 0.07400000095367432, 0.0, 0.0
vb0[578]+056 BLENDINDICES: 6, 0, 0, 0
vb0[578]+072 COLOR: 1.0, 0.5019607843137255, 0.5019607843137255, 0.2
vb0[578]+076 TEXCOORD: 0.6397371292114258, 0.8086851239204407

vb0[579]+000 POSITION: -0.049054816365242004, 1.8075159788131714, 0.07967148721218109
vb0[579]+012 NORMAL: -0.5635978579521179, -0.2516098916530609, 0.7867972254753113
vb0[579]+024 TANGENT: 0.12617133557796478, 0.6520201563835144, 0.7476298213005066, -1.0
vb0[579]+040 BLENDWEIGHTS: 0.9100000262260437, 0.09000000357627869, 0.0, 0.0
vb0[579]+056 BLENDINDICES: 6, 0, 0, 0
vb0[579]+072 COLOR: 1.0, 0.5019607843137255, 0.5019607843137255, 0.2
vb0[579]+076 TEXCOORD: 0.6411857604980469, 0.809844970703125

vb0[580]+000 POSITION: -0.052483126521110535, 1.8113219738006592, 0.07721321284770966
vb0[580]+012 NORMAL: -0.5776321887969971, -0.2673173248767853, 0.7712862491607666
vb0[580]+024 TANGENT: 0.15358133614063263, 0.5601971745491028, 0.8139975070953369, -1.0
vb0[580]+040 BLENDWEIGHTS: 0.8360000252723694, 0.164000004529953, 0.0, 0.0
vb0[580]+056 BLENDINDICES: 6, 0, 0, 0
vb0[580]+072 COLOR: 1.0, 0.5019607843137255, 0.5019607843137255, 0.30196078431372547
vb0[580]+076 TEXCOORD: 0.6463847160339355, 0.8054270148277283

vb0[581]+000 POSITION: -0.04445333778858185, 1.8030965328216553, 0.08353722095489502
vb0[581]+012 NORMAL: -0.5472418665885925, -0.3128449022769928, 0.7763082385063171
vb0[581]+024 TANGENT: 0.6248966455459595, -0.4350053071975708, 0.6482858657836914, -1.0
vb0[581]+040 BLENDWEIGHTS: 0.984000027179718, 0.01600000075995922, 0.0, 0.0
vb0[581]+056 BLENDINDICES: 6, 0, 0, 0
vb0[581]+072 COLOR: 1.0, 0.5019607843137255, 0.5019607843137255, 0.10196078431372549
vb0[581]+076 TEXCOORD: 0.6346192359924316, 0.8154188990592957

vb0[582]+000 POSITION: -0.06597980856895447, 1.8188179731369019, 0.05731591954827309
vb0[582]+012 NORMAL: -0.7668368220329285, -0.40337100625038147, 0.4992525577545166
vb0[582]+024 TANGENT: -0.16655969619750977, -0.6817126870155334, -0.7124082446098328, -1.0
vb0[582]+040 BLENDWEIGHTS: 0.6169999837875366, 0.382999986410141, 0.0, 0.0
vb0[582]+056 BLENDINDICES: 6, 0, 0, 0
vb0[582]+072 COLOR: 1.0, 0.5019607843137255, 0.5019607843137255, 0.5019607843137255
vb0[582]+076 TEXCOORD: 0.6453216075897217, 0.7769826650619507

vb0[583]+000 POSITION: -0.08265291899442673, 1.8422728776931763, 0.03899146988987923
vb0[583]+012 NORMAL: -0.9134376645088196, -0.3003632724285126, 0.2746151089668274
vb0[583]+024 TANGENT: -0.9475525617599487, -0.16945141553878784, 0.2709803283214569, -1.0
vb0[583]+040 BLENDWEIGHTS: 0.7540000081062317, 0.2460000067949295, 0.0, 0.0
vb0[583]+056 BLENDINDICES: 0, 6, 0, 0
vb0[583]+072 COLOR: 1.0, 0.5019607843137255, 0.5019607843137255, 0.4
vb0[583]+076 TEXCOORD: 0.6547999382019043, 0.737701952457428

vb0[584]+000 POSITION: -0.08354000747203827, 1.8480329513549805, 0.045562975108623505
vb0[584]+012 NORMAL: -0.8927292227745056, -0.21209673583507538, 0.39755430817604065
vb0[584]+024 TANGENT: -0.942473828792572, -0.11057151854038239, 0.3154633045196533, -1.0
vb0[584]+040 BLENDWEIGHTS: 0.8669999837875366, 0.13300000131130219, 0.0, 0.0
vb0[584]+056 BLENDINDICES: 0, 6, 0, 0
vb0[584]+072 COLOR: 1.0, 0.5019607843137255, 0.5019607843137255, 0.5019607843137255
vb0[584]+076 TEXCOORD: 0.6645770072937012, 0.7401596307754517

vb0[585]+000 POSITION: -0.0834239050745964, 1.8489370346069336, 0.039302099496126175
vb0[585]+012 NORMAL: -0.9357881546020508, -0.20473134517669678, 0.2870291471481323
vb0[585]+024 TANGENT: -0.9653235077857971, -0.07887965440750122, 0.2488546520471573, -1.0
vb0[585]+040 BLENDWEIGHTS: 0.8489999771118164, 0.1509999930858612, 0.0, 0.0
vb0[585]+056 BLENDINDICES: 0, 6, 0, 0
vb0[585]+072 COLOR: 1.0, 0.5019607843137255, 0.5019607843137255, 0.4
vb0[585]+076 TEXCOORD: 0.6615138053894043, 0.7335026860237122

vb0[586]+000 POSITION: -0.08279859274625778, 1.842355728149414, 0.045176971703767776
vb0[586]+012 NORMAL: -0.8754168748855591, -0.2821268141269684, 0.3924916386604309
vb0[586]+024 TANGENT: -0.9299200773239136, -0.1925087571144104, 0.31335127353668213, -1.0
vb0[586]+040 BLENDWEIGHTS: 0.7730000019073486, 0.22699999809265137, 0.0, 0.0
vb0[586]+056 BLENDINDICES: 0, 6, 0, 0
vb0[586]+072 COLOR: 1.0, 0.5019607843137255, 0.5019607843137255, 0.5019607843137255
vb0[586]+076 TEXCOORD: 0.658970832824707, 0.7434711456298828

vb0[587]+000 POSITION: -0.0811765193939209, 1.8359500169754028, 0.04544766619801521
vb0[587]+012 NORMAL: -0.8435604572296143, -0.33715543150901794, 0.4180096685886383
vb0[587]+024 TANGENT: -0.9032016396522522, -0.2801131308078766, 0.32521307468414307, -1.0
vb0[587]+040 BLENDWEIGHTS: 0.6639999747276306, 0.335999995470047, 0.0, 0.0
vb0[587]+056 BLENDINDICES: 0, 6, 0, 0
vb0[587]+072 COLOR: 1.0, 0.5019607843137255, 0.5019607843137255, 0.5019607843137255
vb0[587]+076 TEXCOORD: 0.6531381607055664, 0.7481617331504822

vb0[588]+000 POSITION: -0.08030486106872559, 1.8347748517990112, 0.039363160729408264
vb0[588]+012 NORMAL: -0.8926821947097778, -0.360583633184433, 0.2703664302825928
vb0[588]+024 TANGENT: -0.8851643800735474, -0.28306376934051514, 0.3692682981491089, -1.0
vb0[588]+040 BLENDWEIGHTS: 0.609000027179718, 0.39100000262260437, 0.0, 0.0
vb0[588]+056 BLENDINDICES: 0, 6, 0, 0
vb0[588]+072 COLOR: 1.0, 0.5019607843137255, 0.5019607843137255, 0.30196078431372547
vb0[588]+076 TEXCOORD: 0.6475479602813721, 0.7434893250465393

vb0[589]+000 POSITION: -0.07888485491275787, 1.8298699855804443, 0.045994967222213745
vb0[589]+012 NORMAL: -0.8240545988082886, -0.3531535863876343, 0.44296351075172424
vb0[589]+024 TANGENT: -0.8801386952400208, -0.3392101228237152, 0.33210283517837524, -1.0
vb0[589]+040 BLENDWEIGHTS: 0.5450000166893005, 0.45500001311302185, 0.0, 0.0
vb0[589]+056 BLENDINDICES: 0, 6, 0, 0
vb0[589]+072 COLOR: 1.0, 0.5019607843137255, 0.5019607843137255, 0.5019607843137255
vb0[589]+076 TEXCOORD: 0.647817850112915, 0.7532051801681519

vb0[590]+000 POSITION: -0.07633858174085617, 1.8385859727859497, 0.051398590207099915
vb0[590]+012 NORMAL: -0.7609433531761169, -0.30678579211235046, 0.5717060565948486
vb0[590]+024 TANGENT: -0.8630200028419495, -0.25561797618865967, 0.4357244670391083, -1.0
vb0[590]+040 BLENDWEIGHTS: 0.6919999718666077, 0.30799999833106995, 0.0, 0.0
vb0[590]+056 BLENDINDICES: 0, 6, 0, 0
vb0[590]+072 COLOR: 1.0, 0.5019607843137255, 0.5019607843137255, 0.30196078431372547
vb0[590]+076 TEXCOORD: 0.6598861217498779, 0.754846453666687

vb0[591]+000 POSITION: -0.07362987101078033, 1.8315949440002441, 0.05159479007124901
vb0[591]+012 NORMAL: -0.7468313574790955, -0.32422351837158203, 0.5806220173835754
vb0[591]+024 TANGENT: -0.3952162563800812, -0.5746203660964966, 0.7166697382926941, -1.0
vb0[591]+040 BLENDWEIGHTS: 0.5479999780654907, 0.4519999921321869, 0.0, 0.0
vb0[591]+056 BLENDINDICES: 0, 6, 0, 0
vb0[591]+072 COLOR: 1.0, 0.5019607843137255, 0.5019607843137255, 0.10196078431372549
vb0[591]+076 TEXCOORD: 0.6534011363983154, 0.7606165409088135

vb0[592]+000 POSITION: -0.07786295562982559, 1.8288079500198364, 0.039932169020175934
vb0[592]+012 NORMAL: -0.8759221434593201, -0.3839249312877655, 0.2921678423881531
vb0[592]+024 TANGENT: -0.8717865943908691, -0.31675049662590027, 0.37370753288269043, -1.0
vb0[592]+040 BLENDWEIGHTS: 0.5080000162124634, 0.492000013589859, 0.0, 0.0
vb0[592]+056 BLENDINDICES: 6, 0, 0, 0
vb0[592]+072 COLOR: 1.0, 0.5019607843137255, 0.5019607843137255, 0.30196078431372547
vb0[592]+076 TEXCOORD: 0.6420717239379883, 0.7485800981521606

vb0[593]+000 POSITION: -0.07823295146226883, 1.8461458683013916, 0.051402319222688675
vb0[593]+012 NORMAL: -0.78626948595047, -0.2507375478744507, 0.564721941947937
vb0[593]+024 TANGENT: -0.8877641558647156, -0.18669617176055908, 0.42073652148246765, -1.0
vb0[593]+040 BLENDWEIGHTS: 0.8169999718666077, 0.18299999833106995, 0.0, 0.0
vb0[593]+056 BLENDINDICES: 0, 6, 0, 0
vb0[593]+072 COLOR: 1.0, 0.5019607843137255, 0.5019607843137255, 0.30196078431372547
vb0[593]+076 TEXCOORD: 0.667017936706543, 0.7492679953575134

vb0[594]+000 POSITION: -0.08375386148691177, 1.8558499813079834, 0.04674094170331955
vb0[594]+012 NORMAL: -0.8974698185920715, -0.13433784246444702, 0.42012056708335876
vb0[594]+024 TANGENT: -0.9479349255561829, -0.0506516732275486, 0.3144102096557617, -1.0
vb0[594]+040 BLENDWEIGHTS: 0.9589999914169312, 0.04100000113248825, 0.0, 0.0
vb0[594]+056 BLENDINDICES: 0, 6, 0, 0
vb0[594]+072 COLOR: 1.0, 0.5019607843137255, 0.5019607843137255, 0.5019607843137255
vb0[594]+076 TEXCOORD: 0.6727378368377686, 0.7364102005958557

vb0[595]+000 POSITION: -0.08366615325212479, 1.857005000114441, 0.04027380794286728
vb0[595]+012 NORMAL: -0.9466758966445923, -0.11686725914478302, 0.30024462938308716
vb0[595]+024 TANGENT: -0.9722403287887573, -0.013239562511444092, 0.23360943794250488, -1.0
vb0[595]+040 BLENDWEIGHTS: 0.9390000104904175, 0.061000000685453415, 0.0, 0.0
vb0[595]+056 BLENDINDICES: 0, 6, 0, 0
vb0[595]+072 COLOR: 1.0, 0.5019607843137255, 0.5019607843137255, 0.4
vb0[595]+076 TEXCOORD: 0.6699972152709961, 0.7293656468391418

vb0[596]+000 POSITION: -0.07929139584302902, 1.8543760776519775, 0.05196728929877281
vb0[596]+012 NORMAL: -0.809059739112854, -0.1639152467250824, 0.5644059777259827
vb0[596]+024 TANGENT: -0.9089899063110352, -0.1276499629020691, 0.39679062366485596, -1.0
vb0[596]+040 BLENDWEIGHTS: 0.9340000152587891, 0.06599999964237213, 0.0, 0.0
vb0[596]+056 BLENDINDICES: 0, 6, 0, 0
vb0[596]+072 COLOR: 1.0, 0.5019607843137255, 0.5019607843137255, 0.30196078431372547
vb0[596]+076 TEXCOORD: 0.6751813888549805, 0.744140088558197

vb0[597]+000 POSITION: -0.07627478241920471, 1.8245508670806885, 0.04678765684366226
vb0[597]+012 NORMAL: -0.8030436635017395, -0.3554191589355469, 0.4783284664154053
vb0[597]+024 TANGENT: -0.8539058566093445, -0.3960375189781189, 0.33763739466667175, -1.0
vb0[597]+040 BLENDWEIGHTS: 0.5720000267028809, 0.42800000309944153, 0.0, 0.0
vb0[597]+056 BLENDINDICES: 6, 0, 0, 0
vb0[597]+072 COLOR: 1.0, 0.5019607843137255, 0.5019607843137255, 0.5019607843137255
vb0[597]+076 TEXCOORD: 0.6433210372924805, 0.7581605911254883

vb0[598]+000 POSITION: -0.07218141853809357, 1.8264399766921997, 0.05156977102160454
vb0[598]+012 NORMAL: -0.743776798248291, -0.323243111371994, 0.5850725769996643
vb0[598]+024 TANGENT: -0.031167389824986458, 0.01660025306046009, 0.9993763566017151, -1.0
vb0[598]+040 BLENDWEIGHTS: 0.5569999814033508, 0.4429999887943268, 0.0, 0.0
vb0[598]+056 BLENDINDICES: 6, 0, 0, 0
vb0[598]+072 COLOR: 1.0, 0.5019607843137255, 0.5019607843137255, 0.30196078431372547
vb0[598]+076 TEXCOORD: 0.6482436656951904, 0.7641233801841736

vb0[599]+000 POSITION: -0.07376667857170105, 1.8204200267791748, 0.047860898077487946
vb0[599]+012 NORMAL: -0.7930404543876648, -0.37042099237442017, 0.4836064577102661
vb0[599]+024 TANGENT: -0.8220741152763367, -0.45393621921539307, 0.3437093496322632, -1.0
vb0[599]+040 BLENDWEIGHTS: 0.6650000214576721, 0.33500000834465027, 0.0, 0.0
vb0[599]+056 BLENDINDICES: 6, 0, 0, 0
vb0[599]+072 COLOR: 1.0, 0.5019607843137255, 0.5019607843137255, 0.5019607843137255
vb0[599]+076 TEXCOORD: 0.6400465965270996, 0.7627128958702087

vb0[600]+000 POSITION: -0.07486133277416229, 1.8228049278259277, 0.041354987770318985
vb0[600]+012 NORMAL: -0.8506132960319519, -0.4225732982158661, 0.31287187337875366
vb0[600]+024 TANGENT: -0.551561176776886, -0.6053981184959412, -0.5738233923912048, -1.0
vb0[600]+040 BLENDWEIGHTS: 0.5979999899864197, 0.4020000100135803, 0.0, 0.0
vb0[600]+056 BLENDINDICES: 6, 0, 0, 0
vb0[600]+072 COLOR: 1.0, 0.5019607843137255, 0.5019607843137255, 0.30196078431372547
vb0[600]+076 TEXCOORD: 0.6373457908630371, 0.7550061941146851

vb0[601]+000 POSITION: -0.07038372755050659, 1.8217790126800537, 0.05163494870066643
vb0[601]+012 NORMAL: -0.7309964299201965, -0.3208107650279999, 0.602266252040863
vb0[601]+024 TANGENT: -0.06248868256807327, 0.040586359798908234, 0.9972201585769653, -1.0
vb0[601]+040 BLENDWEIGHTS: 0.656000018119812, 0.3440000116825104, 0.0, 0.0
vb0[601]+056 BLENDINDICES: 6, 0, 0, 0
vb0[601]+072 COLOR: 1.0, 0.5019607843137255, 0.5019607843137255, 0.4
vb0[601]+076 TEXCOORD: 0.6434388160705566, 0.7676878571510315

vb0[602]+000 POSITION: -0.07241509109735489, 1.8189579248428345, 0.04316471889615059
vb0[602]+012 NORMAL: -0.8401318192481995, -0.42854809761047363, 0.3324529230594635
vb0[602]+024 TANGENT: -0.5219576358795166, -0.6511654257774353, -0.5509480834007263, -1.0
vb0[602]+040 BLENDWEIGHTS: 0.6769999861717224, 0.3230000138282776, 0.0, 0.0
vb0[602]+056 BLENDINDICES: 6, 0, 0, 0
vb0[602]+072 COLOR: 1.0, 0.5019607843137255, 0.5019607843137255, 0.4
vb0[602]+076 TEXCOORD: 0.6349868774414062, 0.760075032711029

vb0[603]+000 POSITION: -0.07613161951303482, 1.8246979713439941, 0.04059759899973869
vb0[603]+012 NORMAL: -0.8676501512527466, -0.3932623863220215, 0.3041839897632599
vb0[603]+024 TANGENT: -0.5378636121749878, -0.8427953124046326, -0.01997065544128418, -1.0
vb0[603]+040 BLENDWEIGHTS: 0.5590000152587891, 0.4410000145435333, 0.0, 0.0
vb0[603]+056 BLENDINDICES: 6, 0, 0, 0
vb0[603]+072 COLOR: 1.0, 0.5019607843137255, 0.5019607843137255, 0.0
vb0[603]+076 TEXCOORD: 0.6385469436645508, 0.7524229288101196

vb0[604]+000 POSITION: -0.0701846182346344, 1.81574285030365, 0.04950813576579094
vb0[604]+012 NORMAL: -0.7898110151290894, -0.38095366954803467, 0.48070043325424194
vb0[604]+024 TANGENT: -0.7954988479614258, -0.4865303933620453, 0.3612057864665985, -1.0
vb0[604]+040 BLENDWEIGHTS: 0.7730000019073486, 0.22699999809265137, 0.0, 0.0
vb0[604]+056 BLENDINDICES: 6, 0, 0, 0
vb0[604]+072 COLOR: 1.0, 0.5019607843137255, 0.5019607843137255, 0.4
vb0[604]+076 TEXCOORD: 0.6359879970550537, 0.7684423327445984

vb0[605]+000 POSITION: -0.06816060841083527, 1.8170589208602905, 0.05203133076429367
vb0[605]+012 NORMAL: -0.7278803586959839, -0.31053462624549866, 0.6113578081130981
vb0[605]+024 TANGENT: -0.11236118525266647, 0.09445023536682129, 0.9891684055328369, -1.0
vb0[605]+040 BLENDWEIGHTS: 0.7570000290870667, 0.24300000071525574, 0.0, 0.0
vb0[605]+056 BLENDINDICES: 6, 0, 0, 0
vb0[605]+072 COLOR: 1.0, 0.5019607843137255, 0.5019607843137255, 0.4
vb0[605]+076 TEXCOORD: 0.6384320259094238, 0.7715930938720703

vb0[606]+000 POSITION: -0.06667406857013702, 1.8116700649261475, 0.05159865692257881
vb0[606]+012 NORMAL: -0.7685437202453613, -0.38132229447364807, 0.5137448906898499
vb0[606]+024 TANGENT: -0.7687311768531799, -0.5094349980354309, 0.38668912649154663, -1.0
vb0[606]+040 BLENDWEIGHTS: 0.8629999756813049, 0.13699999451637268, 0.0, 0.0
vb0[606]+056 BLENDINDICES: 6, 0, 0, 0
vb0[606]+072 COLOR: 1.0, 0.5019607843137255, 0.5019607843137255, 0.30196078431372547
vb0[606]+076 TEXCOORD: 0.6321706771850586, 0.7738959789276123

vb0[607]+000 POSITION: -0.06574063003063202, 1.8128669261932373, 0.05290669947862625
vb0[607]+012 NORMAL: -0.7248954772949219, -0.2938484847545624, 0.6230406165122986
vb0[607]+024 TANGENT: -0.17777693271636963, 0.15338706970214844, 0.9720431566238403, -1.0
vb0[607]+040 BLENDWEIGHTS: 0.8450000286102295, 0.1550000011920929, 0.0, 0.0
vb0[607]+056 BLENDINDICES: 6, 0, 0, 0
vb0[607]+072 COLOR: 1.0, 0.5019607843137255, 0.5019607843137255, 0.30196078431372547
vb0[607]+076 TEXCOORD: 0.6338424682617188, 0.775447428226471

vb0[608]+000 POSITION: -0.06323176622390747, 1.808271884918213, 0.0534660704433918
vb0[608]+012 NORMAL: -0.7545881867408752, -0.3849688172340393, 0.5314092040061951
vb0[608]+024 TANGENT: -0.7457411885261536, -0.5533480644226074, 0.3710469901561737, -1.0
vb0[608]+040 BLENDWEIGHTS: 0.9359999895095825, 0.06400000303983688, 0.0, 0.0
vb0[608]+056 BLENDINDICES: 6, 0, 0, 0
vb0[608]+072 COLOR: 1.0, 0.5019607843137255, 0.5019607843137255, 0.2
vb0[608]+076 TEXCOORD: 0.6283338069915771, 0.7785446643829346

vb0[609]+000 POSITION: -0.06293515115976334, 1.8078579902648926, 0.051917459815740585
vb0[609]+012 NORMAL: -0.7736248970031738, -0.43267711997032166, 0.4629201591014862
vb0[609]+024 TANGENT: -0.30604836344718933, -0.8487434983253479, -0.4312410354614258, -1.0
vb0[609]+040 BLENDWEIGHTS: 0.9169999957084656, 0.08299999684095383, 0.0, 0.0
vb0[609]+056 BLENDINDICES: 6, 0, 0, 0
vb0[609]+072 COLOR: 1.0, 0.5019607843137255, 0.5019607843137255, 0.2
vb0[609]+076 TEXCOORD: 0.6270017623901367, 0.77723228931427

vb0[610]+000 POSITION: -0.06613346934318542, 1.8109469413757324, 0.048791129142045975
vb0[610]+012 NORMAL: -0.7941329479217529, -0.43046823143959045, 0.4290105998516083
vb0[610]+024 TANGENT: -0.40344834327697754, -0.7948938012123108, -0.45318132638931274, -1.0
vb0[610]+040 BLENDWEIGHTS: 0.8489999771118164, 0.1509999930858612, 0.0, 0.0
vb0[610]+056 BLENDINDICES: 6, 0, 0, 0
vb0[610]+072 COLOR: 1.0, 0.5019607843137255, 0.5019607843137255, 0.30196078431372547
vb0[610]+076 TEXCOORD: 0.6295521259307861, 0.7717519402503967

vb0[611]+000 POSITION: -0.06291259825229645, 1.8090319633483887, 0.05419335886836052
vb0[611]+012 NORMAL: -0.7077751159667969, -0.2918340265750885, 0.6433407068252563
vb0[611]+024 TANGENT: -0.2600727379322052, 0.194919615983963, 0.9457105994224548, -1.0
vb0[611]+040 BLENDWEIGHTS: 0.9229999780654907, 0.07699999958276749, 0.0, 0.0
vb0[611]+056 BLENDINDICES: 6, 0, 0, 0
vb0[611]+072 COLOR: 1.0, 0.5019607843137255, 0.5019607843137255, 0.2
vb0[611]+076 TEXCOORD: 0.6293094158172607, 0.7793666124343872

vb0[612]+000 POSITION: -0.058597538620233536, 1.8042958974838257, 0.05678077042102814
vb0[612]+012 NORMAL: -0.7292913794517517, -0.3872627019882202, 0.564058244228363
vb0[612]+024 TANGENT: 0.5428748726844788, -0.6317276358604431, 0.553359866142273, -1.0
vb0[612]+040 BLENDWEIGHTS: 1.0, 0.0, 0.0, 0.0
vb0[612]+056 BLENDINDICES: 6, 0, 0, 0
vb0[612]+072 COLOR: 1.0, 0.5019607843137255, 0.5019607843137255, 0.10196078431372549
vb0[612]+076 TEXCOORD: 0.6234269142150879, 0.7849136590957642

vb0[613]+000 POSITION: -0.06944289058446884, 1.8147748708724976, 0.04577454924583435
vb0[613]+012 NORMAL: -0.822553813457489, -0.42428356409072876, 0.3786669671535492
vb0[613]+024 TANGENT: -0.4809814989566803, -0.7241263389587402, -0.49426504969596863, -1.0
vb0[613]+040 BLENDWEIGHTS: 0.765999972820282, 0.23399999737739563, 0.0, 0.0
vb0[613]+056 BLENDINDICES: 6, 0, 0, 0
vb0[613]+072 COLOR: 1.0, 0.5019607843137255, 0.5019607843137255, 0.4
vb0[613]+076 TEXCOORD: 0.632300853729248, 0.7658458352088928

vb0[614]+000 POSITION: -0.062033090740442276, 1.8982219696044922, 0.07794124633073807
vb0[614]+012 NORMAL: -0.6553230881690979, 0.2225709706544876, 0.7218128442764282
vb0[614]+024 TANGENT: -0.23750139772891998, -0.6458394527435303, 0.7255925536155701, -1.0
vb0[614]+040 BLENDWEIGHTS: 1.0, 0.0, 0.0, 0.0
vb0[614]+056 BLENDINDICES: 0, 0, 0, 0
vb0[614]+072 COLOR: 1.0, 0.5019607843137255, 0.5019607843137255, 0.0
vb0[614]+076 TEXCOORD: 0.7378988265991211, 0.7467454671859741

vb0[615]+000 POSITION: -0.06880485266447067, 1.9009369611740112, 0.06876618415117264
vb0[615]+012 NORMAL: -0.742192268371582, 0.25819501280784607, 0.6184545159339905
vb0[615]+024 TANGENT: -0.4428490996360779, 0.40440633893013, -0.8002126216888428, -1.0
vb0[615]+040 BLENDWEIGHTS: 0.9330000281333923, 0.06700000166893005, 0.0, 0.0
vb0[615]+056 BLENDINDICES: 0, 10, 0, 0
vb0[615]+072 COLOR: 1.0, 0.5019607843137255, 0.5019607843137255, 0.0
vb0[615]+076 TEXCOORD: 0.7329659461975098, 0.7343234419822693

vb0[616]+000 POSITION: -0.06017064303159714, 1.887091040611267, 0.08500603586435318
vb0[616]+012 NORMAL: -0.6117109060287476, 0.11923681199550629, 0.7820436358451843
vb0[616]+024 TANGENT: -0.6882418990135193, 0.08783233910799026, 0.7201449275016785, -1.0
vb0[616]+040 BLENDWEIGHTS: 1.0, 0.0, 0.0, 0.0
vb0[616]+056 BLENDINDICES: 0, 0, 0, 0
vb0[616]+072 COLOR: 1.0, 0.5019607843137255, 0.5019607843137255, 0.5019607843137255
vb0[616]+076 TEXCOORD: 0.7316765785217285, 0.7607924938201904

vb0[617]+000 POSITION: -0.05612683668732643, 1.8981660604476929, 0.08626100420951843
vb0[617]+012 NORMAL: -0.5871769785881042, 0.21069683134555817, 0.7815561890602112
vb0[617]+024 TANGENT: -0.7089739441871643, 0.1974746137857437, 0.6770227551460266, -1.0
vb0[617]+040 BLENDWEIGHTS: 1.0, 0.0, 0.0, 0.0
vb0[617]+056 BLENDINDICES: 0, 0, 0, 0
vb0[617]+072 COLOR: 1.0, 0.5019607843137255, 0.5019607843137255, 0.4
vb0[617]+076 TEXCOORD: 0.7444944381713867, 0.7561856508255005

vb0[618]+000 POSITION: -0.054948627948760986, 1.9034725427627563, 0.0852789580821991
vb0[618]+012 NORMAL: -0.59830242395401, 0.2799043655395508, 0.7507913112640381
vb0[618]+024 TANGENT: -0.272161602973938, -0.5495187044143677, 0.7899096012115479, -1.0
vb0[618]+040 BLENDWEIGHTS: 1.0, 0.0, 0.0, 0.0
vb0[618]+056 BLENDINDICES: 0, 0, 0, 0
vb0[618]+072 COLOR: 1.0, 0.5019607843137255, 0.5019607843137255, 0.0
vb0[618]+076 TEXCOORD: 0.749537467956543, 0.75228351354599

vb0[619]+000 POSITION: -0.04947931692004204, 1.895180106163025, 0.09173431247472763
vb0[619]+012 NORMAL: -0.5032294392585754, 0.1695389598608017, 0.8473586440086365
vb0[619]+024 TANGENT: -0.7517493367195129, 0.17592178285121918, 0.6355504393577576, -1.0
vb0[619]+040 BLENDWEIGHTS: 1.0, 0.0, 0.0, 0.0
vb0[619]+056 BLENDINDICES: 0, 0, 0, 0
vb0[619]+072 COLOR: 1.0, 0.5019607843137255, 0.5019607843137255, 0.10196078431372549
vb0[619]+076 TEXCOORD: 0.7480783462524414, 0.7658830881118774

vb0[620]+000 POSITION: -0.0495336651802063, 1.907487154006958, 0.08996138721704483
vb0[620]+012 NORMAL: -0.5016738772392273, 0.25176137685775757, 0.8276106715202332
vb0[620]+024 TANGENT: -0.1214897558093071, -0.5522119998931885, 0.8248043060302734, -1.0
vb0[620]+040 BLENDWEIGHTS: 1.0, 0.0, 0.0, 0.0
vb0[620]+056 BLENDINDICES: 0, 0, 0, 0
vb0[620]+072 COLOR: 1.0, 0.5019607843137255, 0.5019607843137255, 0.0
vb0[620]+076 TEXCOORD: 0.7581973075866699, 0.7556709051132202

vb0[621]+000 POSITION: -0.0460326187312603, 1.9039585590362549, 0.09312013536691666
vb0[621]+012 NORMAL: -0.4713895618915558, 0.23172451555728912, 0.8509381413459778
vb0[621]+024 TANGENT: -0.7133064270019531, 0.23428748548030853, 0.660532534122467, -1.0
vb0[621]+040 BLENDWEIGHTS: 1.0, 0.0, 0.0, 0.0
vb0[621]+056 BLENDINDICES: 0, 0, 0, 0
vb0[621]+072 COLOR: 1.0, 0.5019607843137255, 0.5019607843137255, 0.10196078431372549
vb0[621]+076 TEXCOORD: 0.7585587501525879, 0.7624083161354065

vb0[622]+000 POSITION: -0.04189503565430641, 1.912921667098999, 0.09388033300638199
vb0[622]+012 NORMAL: -0.43213146924972534, 0.30126020312309265, 0.8500027060508728
vb0[622]+024 TANGENT: -0.24717438220977783, -0.450496643781662, 0.8578797578811646, -1.0
vb0[622]+040 BLENDWEIGHTS: 0.9959999918937683, 0.004000000189989805, 0.0, 0.0
vb0[622]+056 BLENDINDICES: 0, 4, 0, 0
vb0[622]+072 COLOR: 1.0, 0.5019607843137255, 0.5019607843137255, 0.0
vb0[622]+076 TEXCOORD: 0.7693967819213867, 0.7588139772415161

vb0[623]+000 POSITION: -0.06252659857273102, 1.8765828609466553, 0.08342614769935608
vb0[623]+012 NORMAL: -0.6249100565910339, 0.019038762897253036, 0.7804644703865051
vb0[623]+024 TANGENT: -0.6634197235107422, -0.0074308509938418865, 0.7482105493545532, -1.0
vb0[623]+040 BLENDWEIGHTS: 1.0, 0.0, 0.0, 0.0
vb0[623]+056 BLENDINDICES: 0, 0, 0, 0
vb0[623]+072 COLOR: 1.0, 0.5019607843137255, 0.5019607843137255, 0.5019607843137255
vb0[623]+076 TEXCOORD: 0.7200107574462891, 0.765454113483429

vb0[624]+000 POSITION: -0.05553504824638367, 1.8746098279953003, 0.08688634634017944
vb0[624]+012 NORMAL: -0.5226259827613831, -0.0159778855741024, 0.8524123430252075
vb0[624]+024 TANGENT: -0.7521964907646179, 0.018774988129734993, 0.6586714386940002, -1.0
vb0[624]+040 BLENDWEIGHTS: 1.0, 0.0, 0.0, 0.0
vb0[624]+056 BLENDINDICES: 0, 0, 0, 0
vb0[624]+072 COLOR: 1.0, 0.5019607843137255, 0.5019607843137255, 0.10196078431372549
vb0[624]+076 TEXCOORD: 0.7233362197875977, 0.7740896344184875

vb0[625]+000 POSITION: -0.052844829857349396, 1.8850153684616089, 0.08942104130983353
vb0[625]+012 NORMAL: -0.5016838312149048, 0.06157955899834633, 0.862856388092041
vb0[625]+024 TANGENT: -0.747383713722229, 0.08003652095794678, 0.659554123878479, -1.0
vb0[625]+040 BLENDWEIGHTS: 1.0, 0.0, 0.0, 0.0
vb0[625]+056 BLENDINDICES: 0, 0, 0, 0
vb0[625]+072 COLOR: 1.0, 0.5019607843137255, 0.5019607843137255, 0.10196078431372549
vb0[625]+076 TEXCOORD: 0.735865592956543, 0.769933819770813

vb0[626]+000 POSITION: -0.0572776198387146, 1.865378975868225, 0.08449365198612213
vb0[626]+012 NORMAL: -0.5216012001037598, -0.09635450690984726, 0.8477311134338379
vb0[626]+024 TANGENT: -0.7478526830673218, -0.062495410442352295, 0.6609165668487549, -1.0
vb0[626]+040 BLENDWEIGHTS: 1.0, 0.0, 0.0, 0.0
vb0[626]+056 BLENDINDICES: 0, 0, 0, 0
vb0[626]+072 COLOR: 1.0, 0.5019607843137255, 0.5019607843137255, 0.10196078431372549
vb0[626]+076 TEXCOORD: 0.7122204303741455, 0.7777750492095947

vb0[627]+000 POSITION: -0.06382151693105698, 1.8666610717773438, 0.08152618259191513
vb0[627]+012 NORMAL: -0.622305691242218, -0.06847377866506577, 0.7797735929489136
vb0[627]+024 TANGENT: -0.6271219253540039, -0.09330570697784424, 0.7733124494552612, -1.0
vb0[627]+040 BLENDWEIGHTS: 1.0, 0.0, 0.0, 0.0
vb0[627]+056 BLENDINDICES: 0, 0, 0, 0
vb0[627]+072 COLOR: 1.0, 0.5019607843137255, 0.5019607843137255, 0.5019607843137255
vb0[627]+076 TEXCOORD: 0.7090554237365723, 0.7699002623558044

vb0[628]+000 POSITION: -0.058029450476169586, 1.8577510118484497, 0.082197405397892
vb0[628]+012 NORMAL: -0.5118163824081421, -0.1719670444726944, 0.8417073488235474
vb0[628]+024 TANGENT: -0.736964225769043, -0.15074700117111206, 0.6589075326919556, -1.0
vb0[628]+040 BLENDWEIGHTS: 1.0, 0.0, 0.0, 0.0
vb0[628]+056 BLENDINDICES: 0, 0, 0, 0
vb0[628]+072 COLOR: 1.0, 0.5019607843137255, 0.5019607843137255, 0.10196078431372549
vb0[628]+076 TEXCOORD: 0.7030196189880371, 0.7808260917663574

vb0[629]+000 POSITION: -0.06430087238550186, 1.8584249019622803, 0.0798017680644989
vb0[629]+012 NORMAL: -0.6084190607070923, -0.14899061620235443, 0.7795050144195557
vb0[629]+024 TANGENT: -0.5769441723823547, -0.18040071427822113, 0.7966122031211853, -1.0
vb0[629]+040 BLENDWEIGHTS: 1.0, 0.0, 0.0, 0.0
vb0[629]+056 BLENDINDICES: 0, 0, 0, 0
vb0[629]+072 COLOR: 1.0, 0.5019607843137255, 0.5019607843137255, 0.5019607843137255
vb0[629]+076 TEXCOORD: 0.6999788284301758, 0.773675799369812

vb0[630]+000 POSITION: -0.058212339878082275, 1.850667953491211, 0.07969639450311661
vb0[630]+012 NORMAL: -0.5086749792098999, -0.24234919250011444, 0.8261456489562988
vb0[630]+024 TANGENT: -0.7445858716964722, -0.18116582930088043, 0.6424723863601685, -1.0
vb0[630]+040 BLENDWEIGHTS: 0.968999981880188, 0.03099999949336052, 0.0, 0.0
vb0[630]+056 BLENDINDICES: 0, 6, 0, 0
vb0[630]+072 COLOR: 1.0, 0.5019607843137255, 0.5019607843137255, 0.10196078431372549
vb0[630]+076 TEXCOORD: 0.6944689750671387, 0.7836623787879944

vb0[631]+000 POSITION: -0.06400369107723236, 1.851040005683899, 0.07777880132198334
vb0[631]+012 NORMAL: -0.5846171975135803, -0.22338402271270752, 0.7799502015113831
vb0[631]+024 TANGENT: -0.5087310075759888, -0.24472425878047943, 0.8254107236862183, -1.0
vb0[631]+040 BLENDWEIGHTS: 0.9300000071525574, 0.07000000029802322, 0.0, 0.0
vb0[631]+056 BLENDINDICES: 0, 6, 0, 0
vb0[631]+072 COLOR: 1.0, 0.5019607843137255, 0.5019607843137255, 0.5019607843137255
vb0[631]+076 TEXCOORD: 0.6917223930358887, 0.7771670818328857

vb0[632]+000 POSITION: -0.05845408886671066, 1.8429670333862305, 0.07692913711071014
vb0[632]+012 NORMAL: -0.49335333704948425, -0.30732461810112, 0.8137284517288208
vb0[632]+024 TANGENT: -0.595920741558075, -0.2822287976741791, 0.7518147826194763, -1.0
vb0[632]+040 BLENDWEIGHTS: 0.9139999747276306, 0.0860000029206276, 0.0, 0.0
vb0[632]+056 BLENDINDICES: 0, 6, 0, 0
vb0[632]+072 COLOR: 1.0, 0.5019607843137255, 0.5019607843137255, 0.0
vb0[632]+076 TEXCOORD: 0.6852281093597412, 0.7867265939712524

vb0[633]+000 POSITION: -0.06344494223594666, 1.8431788682937622, 0.07562388479709625
vb0[633]+012 NORMAL: -0.5585080981254578, -0.2941552996635437, 0.7755910158157349
vb0[633]+024 TANGENT: -0.44554924964904785, -0.2813979983329773, 0.849882960319519, -1.0
vb0[633]+040 BLENDWEIGHTS: 0.8230000138282776, 0.1770000010728836, 0.0, 0.0
vb0[633]+056 BLENDINDICES: 0, 6, 0, 0
vb0[633]+072 COLOR: 1.0, 0.5019607843137255, 0.5019607843137255, 0.5019607843137255
vb0[633]+076 TEXCOORD: 0.6829633712768555, 0.781063973903656

vb0[634]+000 POSITION: -0.058529190719127655, 1.8361159563064575, 0.07454020529985428
vb0[634]+012 NORMAL: -0.48472002148628235, -0.34371456503868103, 0.8043051958084106
vb0[634]+024 TANGENT: 0.7757502794265747, -0.16822440922260284, 0.6082040071487427, -1.0
vb0[634]+040 BLENDWEIGHTS: 0.7850000262260437, 0.2150000035762787, 0.0, 0.0
vb0[634]+056 BLENDINDICES: 0, 6, 0, 0
vb0[634]+072 COLOR: 1.0, 0.5019607843137255, 0.5019607843137255, 0.30196078431372547
vb0[634]+076 TEXCOORD: 0.6771259307861328, 0.7894131541252136

vb0[635]+000 POSITION: -0.06285306066274643, 1.836169958114624, 0.07346116006374359
vb0[635]+012 NORMAL: -0.5474889278411865, -0.3375108540058136, 0.7657299041748047
vb0[635]+024 TANGENT: -0.41964396834373474, -0.28757110238075256, 0.8609307408332825, -1.0
vb0[635]+040 BLENDWEIGHTS: 0.7009999752044678, 0.29899999499320984, 0.0, 0.0
vb0[635]+056 BLENDINDICES: 0, 6, 0, 0
vb0[635]+072 COLOR: 1.0, 0.5019607843137255, 0.5019607843137255, 0.4
vb0[635]+076 TEXCOORD: 0.6752405166625977, 0.7845542430877686

vb0[636]+000 POSITION: -0.0649823397397995, 1.836290955543518, 0.07188490033149719
vb0[636]+012 NORMAL: -0.6168964505195618, -0.32906439900398254, 0.71495121717453
vb0[636]+024 TANGENT: 0.345610648393631, 0.020302295684814453, 0.938158392906189, -1.0
vb0[636]+040 BLENDWEIGHTS: 0.6919999718666077, 0.30799999833106995, 0.0, 0.0
vb0[636]+056 BLENDINDICES: 0, 6, 0, 0
vb0[636]+072 COLOR: 1.0, 0.5019607843137255, 0.5019607843137255, 0.0
vb0[636]+076 TEXCOORD: 0.6738889217376709, 0.7817838788032532

vb0[637]+000 POSITION: -0.062458865344524384, 1.8296890258789062, 0.07160932570695877
vb0[637]+012 NORMAL: -0.5181795954704285, -0.33767780661582947, 0.7857885360717773
vb0[637]+024 TANGENT: 0.48865455389022827, 0.10572721064090729, 0.8660476803779602, -1.0
vb0[637]+040 BLENDWEIGHTS: 0.5590000152587891, 0.4410000145435333, 0.0, 0.0
vb0[637]+056 BLENDINDICES: 0, 6, 0, 0
vb0[637]+072 COLOR: 1.0, 0.5019607843137255, 0.5019607843137255, 0.0
vb0[637]+076 TEXCOORD: 0.6680054664611816, 0.7871806025505066

vb0[638]+000 POSITION: -0.05824965238571167, 1.8295997381210327, 0.07267948985099792
vb0[638]+012 NORMAL: -0.48528000712394714, -0.3336910903453827, 0.8081791400909424
vb0[638]+024 TANGENT: 0.7576339840888977, -0.04445112124085426, 0.6511642932891846, -1.0
vb0[638]+040 BLENDWEIGHTS: 0.6480000019073486, 0.35199999809265137, 0.0, 0.0
vb0[638]+056 BLENDINDICES: 0, 6, 0, 0
vb0[638]+072 COLOR: 1.0, 0.5019607843137255, 0.5019607843137255, 0.4
vb0[638]+076 TEXCOORD: 0.6695489883422852, 0.7919260859489441

vb0[639]+000 POSITION: -0.059978339821100235, 1.8241419792175293, 0.07131113111972809
vb0[639]+012 NORMAL: -0.4911251664161682, -0.31188300251960754, 0.8133419752120972
vb0[639]+024 TANGENT: 0.5127146244049072, 0.20220816135406494, 0.8344073295593262, -1.0
vb0[639]+040 BLENDWEIGHTS: 0.5680000185966492, 0.4320000112056732, 0.0, 0.0
vb0[639]+056 BLENDINDICES: 6, 0, 0, 0
vb0[639]+072 COLOR: 1.0, 0.5019607843137255, 0.5019607843137255, 0.0
vb0[639]+076 TEXCOORD: 0.6626996994018555, 0.7915306687355042

vb0[640]+000 POSITION: -0.05778009817004204, 1.8240848779678345, 0.07165227830410004
vb0[640]+012 NORMAL: -0.4806947708129883, -0.3096615672111511, 0.8203915953636169
vb0[640]+024 TANGENT: 0.7349473834037781, 0.04291665181517601, 0.6767646670341492, -1.0
vb0[640]+040 BLENDWEIGHTS: 0.5170000195503235, 0.4830000102519989, 0.0, 0.0
vb0[640]+056 BLENDINDICES: 0, 6, 0, 0
vb0[640]+072 COLOR: 1.0, 0.5019607843137255, 0.5019607843137255, 0.30196078431372547
vb0[640]+076 TEXCOORD: 0.6633200645446777, 0.7939906120300293

vb0[641]+000 POSITION: -0.0571463480591774, 1.8186030387878418, 0.07097681611776352
vb0[641]+012 NORMAL: -0.47243523597717285, -0.290165513753891, 0.832231342792511
vb0[641]+024 TANGENT: 0.9340952634811401, 0.33480608463287354, 0.12397933751344681, -1.0
vb0[641]+040 BLENDWEIGHTS: 0.6140000224113464, 0.38600000739097595, 0.0, 0.0
vb0[641]+056 BLENDINDICES: 6, 0, 0, 0
vb0[641]+072 COLOR: 1.0, 0.5019607843137255, 0.5019607843137255, 0.10196078431372549
vb0[641]+076 TEXCOORD: 0.6577383875846863, 0.7967752814292908

vb0[642]+000 POSITION: -0.06066156551241875, 1.8247449398040771, 0.07316429913043976
vb0[642]+012 NORMAL: 0.8902356028556824, 0.42385029792785645, 0.1668281853199005
vb0[642]+024 TANGENT: 0.25386908650398254, 0.2233790010213852, 0.9410910606384277, -1.0
vb0[642]+040 BLENDWEIGHTS: 0.5490000247955322, 0.45100000500679016, 0.0, 0.0
vb0[642]+056 BLENDINDICES: 6, 0, 0, 0
vb0[642]+072 COLOR: 1.0, 0.5019607843137255, 0.5019607843137255, 0.4
vb0[642]+076 TEXCOORD: 0.858248233795166, 0.773195743560791

vb0[643]+000 POSITION: -0.05852636694908142, 1.8204069137573242, 0.07381636649370193
vb0[643]+012 NORMAL: 0.896605908870697, 0.442669153213501, 0.011909591034054756
vb0[643]+024 TANGENT: 0.25766420364379883, 0.28992509841918945, 0.921711802482605, -1.0
vb0[643]+040 BLENDWEIGHTS: 0.640999972820282, 0.35899999737739563, 0.0, 0.0
vb0[643]+056 BLENDINDICES: 6, 0, 0, 0
vb0[643]+072 COLOR: 1.0, 0.5019607843137255, 0.5019607843137255, 0.4
vb0[643]+076 TEXCOORD: 0.8621072769165039, 0.774603009223938

vb0[644]+000 POSITION: -0.059978339821100235, 1.8241419792175293, 0.07131113111972809
vb0[644]+012 NORMAL: 0.9224086999893188, 0.38291996717453003, 0.05034228786826134
vb0[644]+024 TANGENT: 0.5127146244049072, 0.20220816135406494, 0.8344073295593262, -1.0
vb0[644]+040 BLENDWEIGHTS: 0.5680000185966492, 0.4320000112056732, 0.0, 0.0
vb0[644]+056 BLENDINDICES: 6, 0, 0, 0
vb0[644]+072 COLOR: 1.0, 0.5019607843137255, 0.5019607843137255, 0.0
vb0[644]+076 TEXCOORD: 0.8592708110809326, 0.771984338760376

vb0[645]+000 POSITION: -0.0571463480591774, 1.8186030387878418, 0.07097681611776352
vb0[645]+012 NORMAL: 0.9289952516555786, 0.3475261330604553, -0.1272534728050232
vb0[645]+024 TANGENT: 0.9340952634811401, 0.33480608463287354, 0.12397933751344681, -1.0
vb0[645]+040 BLENDWEIGHTS: 0.6140000224113464, 0.38600000739097595, 0.0, 0.0
vb0[645]+056 BLENDINDICES: 6, 0, 0, 0
vb0[645]+072 COLOR: 1.0, 0.5019607843137255, 0.5019607843137255, 0.10196078431372549
vb0[645]+076 TEXCOORD: 0.8646059036254883, 0.7729858160018921

vb0[646]+000 POSITION: -0.062458865344524384, 1.8296890258789062, 0.07160932570695877
vb0[646]+012 NORMAL: 0.9425758123397827, 0.3262363076210022, 0.07155923545360565
vb0[646]+024 TANGENT: 0.48865455389022827, 0.10572721064090729, 0.8660476803779602, -1.0
vb0[646]+040 BLENDWEIGHTS: 0.5590000152587891, 0.4410000145435333, 0.0, 0.0
vb0[646]+056 BLENDINDICES: 0, 6, 0, 0
vb0[646]+072 COLOR: 1.0, 0.5019607843137255, 0.5019607843137255, 0.0
vb0[646]+076 TEXCOORD: 0.8540570735931396, 0.7710059881210327

vb0[647]+000 POSITION: -0.06281029433012009, 1.8298814296722412, 0.07271840423345566
vb0[647]+012 NORMAL: 0.9094955921173096, 0.35952821373939514, 0.2087034285068512
vb0[647]+024 TANGENT: 0.26937752962112427, 0.15989696979522705, 0.9496676325798035, -1.0
vb0[647]+040 BLENDWEIGHTS: 0.5569999814033508, 0.4429999887943268, 0.0, 0.0
vb0[647]+056 BLENDINDICES: 0, 6, 0, 0
vb0[647]+072 COLOR: 1.0, 0.5019607843137255, 0.5019607843137255, 0.4
vb0[647]+076 TEXCOORD: 0.8535761833190918, 0.7718764543533325

vb0[648]+000 POSITION: -0.0649823397397995, 1.836290955543518, 0.07188490033149719
vb0[648]+012 NORMAL: 0.9305607676506042, 0.2965165376663208, 0.21478933095932007
vb0[648]+024 TANGENT: 0.345610648393631, 0.020302295684814453, 0.938158392906189, -1.0
vb0[648]+040 BLENDWEIGHTS: 0.6919999718666077, 0.30799999833106995, 0.0, 0.0
vb0[648]+056 BLENDINDICES: 0, 6, 0, 0
vb0[648]+072 COLOR: 1.0, 0.5019607843137255, 0.5019607843137255, 0.0
vb0[648]+076 TEXCOORD: 0.8480002880096436, 0.7698693871498108

vb0[649]+000 POSITION: -0.06512011587619781, 1.836195945739746, 0.07261662185192108
vb0[649]+012 NORMAL: 0.9305607676506042, 0.2965165674686432, 0.21478933095932007
vb0[649]+024 TANGENT: 0.27402248978614807, 0.08246802538633347, 0.958180844783783, -1.0
vb0[649]+040 BLENDWEIGHTS: 0.6919999718666077, 0.30799999833106995, 0.0, 0.0
vb0[649]+056 BLENDINDICES: 0, 6, 0, 0
vb0[649]+072 COLOR: 1.0, 0.5019607843137255, 0.5019607843137255, 0.30196078431372547
vb0[649]+076 TEXCOORD: 0.8478837013244629, 0.7704169750213623

vb0[650]+000 POSITION: -0.06708119809627533, 1.8437299728393555, 0.07303670793771744
vb0[650]+012 NORMAL: 0.9327561259269714, 0.2875377833843231, 0.21745815873146057
vb0[650]+024 TANGENT: -0.6318626999855042, -0.20961102843284607, 0.7461989521980286, -1.0
vb0[650]+040 BLENDWEIGHTS: 0.8259999752044678, 0.17399999499320984, 0.0, 0.0
vb0[650]+056 BLENDINDICES: 0, 6, 0, 0
vb0[650]+072 COLOR: 1.0, 0.5019607843137255, 0.5019607843137255, 0.10196078431372549
vb0[650]+076 TEXCOORD: 0.8413212299346924, 0.7686164379119873

vb0[651]+000 POSITION: -0.08193296194076538, 1.8827909231185913, 0.038724422454833984
vb0[651]+012 NORMAL: -0.9266912937164307, 0.14899973571300507, 0.3450249433517456
vb0[651]+024 TANGENT: -0.9576107859611511, 0.26216697692871094, 0.11937331408262253, -1.0
vb0[651]+040 BLENDWEIGHTS: 0.9760000109672546, 0.024000000208616257, 0.0, 0.0
vb0[651]+056 BLENDINDICES: 0, 10, 0, 0
vb0[651]+072 COLOR: 1.0, 0.5019607843137255, 0.5019607843137255, 0.0
vb0[651]+076 TEXCOORD: 0.6952884197235107, 0.7131710052490234

vb0[652]+000 POSITION: -0.08317794650793076, 1.8769019842147827, 0.03605518862605095
vb0[652]+012 NORMAL: -0.9670661091804504, 0.10179881751537323, 0.23328137397766113
vb0[652]+024 TANGENT: -0.9529755115509033, 0.250685453414917, -0.17027783393859863, -1.0
vb0[652]+040 BLENDWEIGHTS: 0.9879999756813049, 0.012000000104308128, 0.0, 0.0
vb0[652]+056 BLENDINDICES: 0, 10, 0, 0
vb0[652]+072 COLOR: 1.0, 0.5019607843137255, 0.5019607843137255, 0.30196078431372547
vb0[652]+076 TEXCOORD: 0.6874771118164062, 0.7135092616081238

vb0[653]+000 POSITION: -0.07980789244174957, 1.8851277828216553, 0.046644434332847595
vb0[653]+012 NORMAL: -0.9079492688179016, 0.15761186182498932, 0.3883123993873596
vb0[653]+024 TANGENT: -0.9599243402481079, 0.22847962379455566, 0.16230283677577972, -1.0
vb0[653]+040 BLENDWEIGHTS: 0.9670000076293945, 0.032999999821186066, 0.0, 0.0
vb0[653]+056 BLENDINDICES: 0, 10, 0, 0
vb0[653]+072 COLOR: 1.0, 0.5019607843137255, 0.5019607843137255, 0.0
vb0[653]+076 TEXCOORD: 0.7018635272979736, 0.7189260721206665

vb0[654]+000 POSITION: -0.07935584336519241, 1.8830945491790771, 0.05287294089794159
vb0[654]+012 NORMAL: -0.8725055456161499, 0.12269213050603867, 0.47294881939888
vb0[654]+024 TANGENT: -0.9339290857315063, 0.1825730800628662, 0.30731654167175293, -1.0
vb0[654]+040 BLENDWEIGHTS: 1.0, 0.0, 0.0, 0.0
vb0[654]+056 BLENDINDICES: 0, 0, 0, 0
vb0[654]+072 COLOR: 1.0, 0.5019607843137255, 0.5019607843137255, 0.5019607843137255
vb0[654]+076 TEXCOORD: 0.7035388946533203, 0.7267399430274963

vb0[655]+000 POSITION: -0.06568475812673569, 1.9113540649414062, 0.07052581012248993
vb0[655]+012 NORMAL: -0.7402494549751282, 0.32278162240982056, 0.5897819995880127
vb0[655]+024 TANGENT: -0.6019976139068604, 0.3049689531326294, -0.7379653453826904, -1.0
vb0[655]+040 BLENDWEIGHTS: 0.9419999718666077, 0.057999998331069946, 0.0, 0.0
vb0[655]+056 BLENDINDICES: 0, 10, 0, 0
vb0[655]+072 COLOR: 1.0, 0.5019607843137255, 0.5019607843137255, 0.0
vb0[655]+076 TEXCOORD: 0.745124340057373, 0.7305008769035339

vb0[656]+000 POSITION: -0.06928184628486633, 1.9073050022125244, 0.06297633796930313
vb0[656]+012 NORMAL: -0.7744036912918091, 0.3035999536514282, 0.5550909042358398
vb0[656]+024 TANGENT: -0.9122949838638306, 0.23598551750183105, 0.33470678329467773, -1.0
vb0[656]+040 BLENDWEIGHTS: 0.8489999771118164, 0.1509999930858612, 0.0, 0.0
vb0[656]+056 BLENDINDICES: 0, 10, 0, 0
vb0[656]+072 COLOR: 1.0, 0.5019607843137255, 0.5019607843137255, 0.0
vb0[656]+076 TEXCOORD: 0.7359472513198853, 0.725220263004303

vb0[657]+000 POSITION: -0.027042459696531296, 1.8798737525939941, 0.09616659581661224
vb0[657]+012 NORMAL: 0.3748016357421875, -0.12136325240135193, -0.9191270470619202
vb0[657]+024 TANGENT: 0.9719333648681641, 0.16212846338748932, -0.17047011852264404, -1.0
vb0[657]+040 BLENDWEIGHTS: 1.0, 0.0, 0.0, 0.0
vb0[657]+056 BLENDINDICES: 0, 0, 0, 0
vb0[657]+072 COLOR: 1.0, 0.5019607843137255, 0.5019607843137255, 0.2
vb0[657]+076 TEXCOORD: 0.5673441886901855, 0.5352895855903625

vb0[658]+000 POSITION: -0.034459538757801056, 1.8847897052764893, 0.09204862266778946
vb0[658]+012 NORMAL: 0.4402593672275543, -0.1909433901309967, -0.8773325085639954
vb0[658]+024 TANGENT: 0.4295866787433624, -0.29150837659835815, -0.8546801805496216, -1.0
vb0[658]+040 BLENDWEIGHTS: 1.0, 0.0, 0.0, 0.0
vb0[658]+056 BLENDINDICES: 0, 0, 0, 0
vb0[658]+072 COLOR: 1.0, 0.5019607843137255, 0.5019607843137255, 0.0
vb0[658]+076 TEXCOORD: 0.5697660446166992, 0.5379924178123474

vb0[659]+000 POSITION: -0.02731304056942463, 1.8833403587341309, 0.09580521285533905
vb0[659]+012 NORMAL: 0.42687588930130005, -0.21239829063415527, -0.8790130615234375
vb0[659]+024 TANGENT: 0.7559891939163208, -0.5376846790313721, -0.373330295085907, -1.0
vb0[659]+040 BLENDWEIGHTS: 1.0, 0.0, 0.0, 0.0
vb0[659]+056 BLENDINDICES: 0, 0, 0, 0
vb0[659]+072 COLOR: 1.0, 0.5019607843137255, 0.5019607843137255, 0.0
vb0[659]+076 TEXCOORD: 0.5686235427856445, 0.535176694393158

vb0[660]+000 POSITION: -0.030775250867009163, 1.8798884153366089, 0.09492367506027222
vb0[660]+012 NORMAL: 0.39868420362472534, -0.12673021852970123, -0.9082897305488586
vb0[660]+024 TANGENT: -0.34583580493927, -0.8483361005783081, -0.40090328454971313, -1.0
vb0[660]+040 BLENDWEIGHTS: 1.0, 0.0, 0.0, 0.0
vb0[660]+056 BLENDINDICES: 0, 0, 0, 0
vb0[660]+072 COLOR: 1.0, 0.5019607843137255, 0.5019607843137255, 0.2
vb0[660]+076 TEXCOORD: 0.5672821998596191, 0.5365906953811646

vb0[661]+000 POSITION: -0.035315122455358505, 1.8827590942382812, 0.09244552254676819
vb0[661]+012 NORMAL: 0.532146155834198, -0.24942094087600708, -0.8090794682502747
vb0[661]+024 TANGENT: 0.13188129663467407, -0.9272026419639587, -0.350574791431427, -1.0
vb0[661]+040 BLENDWEIGHTS: 1.0, 0.0, 0.0, 0.0
vb0[661]+056 BLENDINDICES: 0, 0, 0, 0
vb0[661]+072 COLOR: 1.0, 0.5019607843137255, 0.5019607843137255, 0.25098039215686274
vb0[661]+076 TEXCOORD: 0.5685644149780273, 0.5384238362312317

vb0[662]+000 POSITION: -0.0456041619181633, 1.8815538883209229, 0.08528103679418564
vb0[662]+012 NORMAL: 0.6133102178573608, -0.25105684995651245, -0.7488797307014465
vb0[662]+024 TANGENT: 0.7261402606964111, -0.4045882225036621, -0.5559034943580627, -1.0
vb0[662]+040 BLENDWEIGHTS: 1.0, 0.0, 0.0, 0.0
vb0[662]+056 BLENDINDICES: 0, 0, 0, 0
vb0[662]+072 COLOR: 1.0, 0.5019607843137255, 0.5019607843137255, 0.0
vb0[662]+076 TEXCOORD: 0.5697431564331055, 0.543128252029419

vb0[663]+000 POSITION: -0.025838419795036316, 1.8762747049331665, 0.09655758738517761
vb0[663]+012 NORMAL: 0.36492693424224854, -0.11568258702754974, -0.9238213300704956
vb0[663]+024 TANGENT: 0.6010609269142151, -0.7972275614738464, 0.056159257888793945, -1.0
vb0[663]+040 BLENDWEIGHTS: 1.0, 0.0, 0.0, 0.0
vb0[663]+056 BLENDINDICES: 0, 0, 0, 0
vb0[663]+072 COLOR: 1.0, 0.5019607843137255, 0.5019607843137255, 0.0
vb0[663]+076 TEXCOORD: 0.5659599304199219, 0.5350788831710815

vb0[664]+000 POSITION: -0.027147598564624786, 1.8867199420928955, 0.0951855257153511
vb0[664]+012 NORMAL: 0.36726731061935425, -0.2202989161014557, -0.9036498665809631
vb0[664]+024 TANGENT: 0.36818936467170715, -0.18508853018283844, -0.911141574382782, -1.0
vb0[664]+040 BLENDWEIGHTS: 1.0, 0.0, 0.0, 0.0
vb0[664]+056 BLENDINDICES: 0, 0, 0, 0
vb0[664]+072 COLOR: 1.0, 0.5019607843137255, 0.5019607843137255, 0.0
vb0[664]+076 TEXCOORD: 0.5698752403259277, 0.5349738597869873

vb0[665]+000 POSITION: -0.016300829127430916, 1.8884339332580566, 0.09857039898633957
vb0[665]+012 NORMAL: 0.270548939704895, -0.18344835937023163, -0.9450660943984985
vb0[665]+024 TANGENT: 0.2569309175014496, -0.3889942765235901, -0.884686291217804, -1.0
vb0[665]+040 BLENDWEIGHTS: 1.0, 0.0, 0.0, 0.0
vb0[665]+056 BLENDINDICES: 0, 0, 0, 0
vb0[665]+072 COLOR: 1.0, 0.5019607843137255, 0.5019607843137255, 0.0
vb0[665]+076 TEXCOORD: 0.5697660446166992, 0.5307413935661316

vb0[666]+000 POSITION: -0.01633572205901146, 1.8847887516021729, 0.10025600343942642
vb0[666]+012 NORMAL: 0.24144825339317322, -0.15390148758888245, -0.9581320285797119
vb0[666]+024 TANGENT: 0.45524126291275024, -0.8746452331542969, -0.1665864735841751, -1.0
vb0[666]+040 BLENDWEIGHTS: 1.0, 0.0, 0.0, 0.0
vb0[666]+056 BLENDINDICES: 0, 0, 0, 0
vb0[666]+072 COLOR: 1.0, 0.5019607843137255, 0.5019607843137255, 0.30196078431372547
vb0[666]+076 TEXCOORD: 0.5682868957519531, 0.5307794213294983

vb0[667]+000 POSITION: -0.006779426708817482, 1.8883174657821655, 0.0999680906534195
vb0[667]+012 NORMAL: 0.09924178570508957, -0.17657606303691864, -0.9792711734771729
vb0[667]+024 TANGENT: 0.06324762105941772, -0.16881811618804932, -0.9836159348487854, -1.0
vb0[667]+040 BLENDWEIGHTS: 1.0, 0.0, 0.0, 0.0
vb0[667]+056 BLENDINDICES: 0, 0, 0, 0
vb0[667]+072 COLOR: 1.0, 0.5019607843137255, 0.5019607843137255, 0.0
vb0[667]+076 TEXCOORD: 0.5695490837097168, 0.5272457003593445

vb0[668]+000 POSITION: -0.011676604859530926, 1.879912257194519, 0.10054583102464676
vb0[668]+012 NORMAL: 0.14798061549663544, -0.17333124577999115, -0.9736827611923218
vb0[668]+024 TANGENT: -0.4996446371078491, -0.848882257938385, -0.1724940538406372, -1.0
vb0[668]+040 BLENDWEIGHTS: 1.0, 0.0, 0.0, 0.0
vb0[668]+056 BLENDINDICES: 0, 0, 0, 0
vb0[668]+072 COLOR: 1.0, 0.5019607843137255, 0.5019607843137255, 0.30196078431372547
vb0[668]+076 TEXCOORD: 0.5664739608764648, 0.5290950536727905

vb0[669]+000 POSITION: -0.00478395726531744, 1.876192331314087, 0.10171086341142654
vb0[669]+012 NORMAL: 0.0832110345363617, -0.1378096044063568, -0.9869571924209595
vb0[669]+024 TANGENT: 0.21088165044784546, -0.9768909811973572, 0.034826040267944336, -1.0
vb0[669]+040 BLENDWEIGHTS: 1.0, 0.0, 0.0, 0.0
vb0[669]+056 BLENDINDICES: 0, 0, 0, 0
vb0[669]+072 COLOR: 1.0, 0.5019607843137255, 0.5019607843137255, 0.0
vb0[669]+076 TEXCOORD: 0.5650253295898438, 0.5265696048736572

vb0[670]+000 POSITION: -0.002220385242253542, 1.8802103996276855, 0.10155032575130463
vb0[670]+012 NORMAL: 0.058075983077287674, -0.15289247035980225, -0.9865348935127258
vb0[670]+024 TANGENT: 0.768599271774292, -0.6340654492378235, -0.08494716137647629, -1.0
vb0[670]+040 BLENDWEIGHTS: 1.0, 0.0, 0.0, 0.0
vb0[670]+056 BLENDINDICES: 0, 0, 0, 0
vb0[670]+072 COLOR: 1.0, 0.5019607843137255, 0.5019607843137255, 0.2
vb0[670]+076 TEXCOORD: 0.5665369033813477, 0.5256220698356628

vb0[671]+000 POSITION: -0.018992215394973755, 1.8767367601394653, 0.09909297525882721
vb0[671]+012 NORMAL: 0.31209596991539, -0.1896817535161972, -0.9309226274490356
vb0[671]+024 TANGENT: 0.200941264629364, -0.979095458984375, -0.031538430601358414, -1.0
vb0[671]+040 BLENDWEIGHTS: 1.0, 0.0, 0.0, 0.0
vb0[671]+056 BLENDINDICES: 0, 0, 0, 0
vb0[671]+072 COLOR: 1.0, 0.5019607843137255, 0.5019607843137255, 0.0
vb0[671]+076 TEXCOORD: 0.5655961036682129, 0.5324122905731201

vb0[672]+000 POSITION: 0.0015297140926122665, 1.882707118988037, 0.10133221745491028
vb0[672]+012 NORMAL: -0.024575846269726753, -0.1464645117521286, -0.9889105558395386
vb0[672]+024 TANGENT: -0.8112725019454956, -0.5014607310295105, -0.30062270164489746, -1.0
vb0[672]+040 BLENDWEIGHTS: 1.0, 0.0, 0.0, 0.0
vb0[672]+056 BLENDINDICES: 0, 0, 0, 0
vb0[672]+072 COLOR: 1.0, 0.5019607843137255, 0.5019607843137255, 0.0
vb0[672]+076 TEXCOORD: 0.5674867630004883, 0.5241973996162415

vb0[673]+000 POSITION: 0.0027132336981594563, 1.8883953094482422, 0.10023180395364761
vb0[673]+012 NORMAL: -0.10860065370798111, -0.1478327363729477, -0.9830317497253418
vb0[673]+024 TANGENT: -0.05772078037261963, -0.17555218935012817, -0.9827765226364136, -1.0
vb0[673]+040 BLENDWEIGHTS: 1.0, 0.0, 0.0, 0.0
vb0[673]+056 BLENDINDICES: 0, 0, 0, 0
vb0[673]+072 COLOR: 1.0, 0.5019607843137255, 0.5019607843137255, 0.0
vb0[673]+076 TEXCOORD: 0.5695347785949707, 0.5237817168235779

vb0[674]+000 POSITION: 0.00730342511087656, 1.879555583000183, 0.10101628303527832
vb0[674]+012 NORMAL: -0.11106052994728088, -0.13520976901054382, -0.9845729470252991
vb0[674]+024 TANGENT: 0.6111857891082764, -0.7595468759536743, -0.22257673740386963, -1.0
vb0[674]+040 BLENDWEIGHTS: 1.0, 0.0, 0.0, 0.0
vb0[674]+056 BLENDINDICES: 0, 0, 0, 0
vb0[674]+072 COLOR: 1.0, 0.5019607843137255, 0.5019607843137255, 0.30196078431372547
vb0[674]+076 TEXCOORD: 0.5663042068481445, 0.5221028923988342

vb0[675]+000 POSITION: 0.015272329561412334, 1.8839759826660156, 0.09955774992704391
vb0[675]+012 NORMAL: -0.21657130122184753, -0.12111742794513702, -0.9687246084213257
vb0[675]+024 TANGENT: -0.9117724895477295, -0.41021302342414856, -0.019904794171452522, -1.0
vb0[675]+040 BLENDWEIGHTS: 1.0, 0.0, 0.0, 0.0
vb0[675]+056 BLENDINDICES: 0, 0, 0, 0
vb0[675]+072 COLOR: 1.0, 0.5019607843137255, 0.5019607843137255, 0.0
vb0[675]+076 TEXCOORD: 0.5679440498352051, 0.5191321969032288

vb0[676]+000 POSITION: 0.0016149388393387198, 1.8794666528701782, 0.10167818516492844
vb0[676]+012 NORMAL: -0.08889543265104294, -0.13115836679935455, -0.9873678088188171
vb0[676]+024 TANGENT: -0.9741268754005432, -0.18693731725215912, -0.12700843811035156, -1.0
vb0[676]+040 BLENDWEIGHTS: 1.0, 0.0, 0.0, 0.0
vb0[676]+056 BLENDINDICES: 0, 0, 0, 0
vb0[676]+072 COLOR: 1.0, 0.5019607843137255, 0.5019607843137255, 0.2
vb0[676]+076 TEXCOORD: 0.566195011138916, 0.5241796374320984

vb0[677]+000 POSITION: 0.002504108240827918, 1.8753585815429688, 0.10202255845069885
vb0[677]+012 NORMAL: -0.1153263971209526, -0.11846267431974411, -0.9862385988235474
vb0[677]+024 TANGENT: -0.31447768211364746, -0.9482406377792358, 0.04408550634980202, -1.0
vb0[677]+040 BLENDWEIGHTS: 1.0, 0.0, 0.0, 0.0
vb0[677]+056 BLENDINDICES: 0, 0, 0, 0
vb0[677]+072 COLOR: 1.0, 0.5019607843137255, 0.5019607843137255, 0.0
vb0[677]+076 TEXCOORD: 0.5647091865539551, 0.523902416229248

vb0[678]+000 POSITION: 0.01696682907640934, 1.8894959688186646, 0.09823890775442123
vb0[678]+012 NORMAL: -0.2782268524169922, -0.12608690559864044, -0.9522036910057068
vb0[678]+024 TANGENT: -0.24233578145503998, -0.1631753295660019, -0.9563718438148499, -1.0
vb0[678]+040 BLENDWEIGHTS: 1.0, 0.0, 0.0, 0.0
vb0[678]+056 BLENDINDICES: 0, 0, 0, 0
vb0[678]+072 COLOR: 1.0, 0.5019607843137255, 0.5019607843137255, 0.0
vb0[678]+076 TEXCOORD: 0.570037841796875, 0.5185316205024719

vb0[679]+000 POSITION: 0.024476639926433563, 1.8832049369812012, 0.09667793661355972
vb0[679]+012 NORMAL: -0.30773359537124634, -0.10743627697229385, -0.9453875422477722
vb0[679]+024 TANGENT: 0.36630621552467346, -0.9058389067649841, -0.21278083324432373, -1.0
vb0[679]+040 BLENDWEIGHTS: 1.0, 0.0, 0.0, 0.0
vb0[679]+056 BLENDINDICES: 0, 0, 0, 0
vb0[679]+072 COLOR: 1.0, 0.5019607843137255, 0.5019607843137255, 0.30196078431372547
vb0[679]+076 TEXCOORD: 0.5679240226745605, 0.5155537724494934

vb0[680]+000 POSITION: 0.01902220956981182, 1.87995183467865, 0.09863124042749405
vb0[680]+012 NORMAL: -0.275997519493103, -0.10595156997442245, -0.9553008079528809
vb0[680]+024 TANGENT: 0.4539530277252197, -0.8479271531105042, -0.2737627923488617, -1.0
vb0[680]+040 BLENDWEIGHTS: 1.0, 0.0, 0.0, 0.0
vb0[680]+056 BLENDINDICES: 0, 0, 0, 0
vb0[680]+072 COLOR: 1.0, 0.5019607843137255, 0.5019607843137255, 0.2
vb0[680]+076 TEXCOORD: 0.566563606262207, 0.5175963640213013

vb0[681]+000 POSITION: 0.014195142313838005, 1.8761564493179321, 0.10050126165151596
vb0[681]+012 NORMAL: -0.25989553332328796, -0.10858270525932312, -0.9595123529434204
vb0[681]+024 TANGENT: -0.4688464105129242, -0.8695043921470642, 0.15538716316223145, -1.0
vb0[681]+040 BLENDWEIGHTS: 1.0, 0.0, 0.0, 0.0
vb0[681]+056 BLENDINDICES: 0, 0, 0, 0
vb0[681]+072 COLOR: 1.0, 0.5019607843137255, 0.5019607843137255, 0.0
vb0[681]+076 TEXCOORD: 0.5650196075439453, 0.5193830728530884

vb0[682]+000 POSITION: 0.03070352040231228, 1.8864459991455078, 0.09422207623720169
vb0[682]+012 NORMAL: -0.3588414192199707, -0.09801331162452698, -0.9282382726669312
vb0[682]+024 TANGENT: -0.8823724389076233, -0.3511541485786438, -0.31322458386421204, -1.0
vb0[682]+040 BLENDWEIGHTS: 1.0, 0.0, 0.0, 0.0
vb0[682]+056 BLENDINDICES: 0, 0, 0, 0
vb0[682]+072 COLOR: 1.0, 0.5019607843137255, 0.5019607843137255, 0.0
vb0[682]+076 TEXCOORD: 0.5693116188049316, 0.5131701827049255

vb0[683]+000 POSITION: 0.03180332109332085, 1.8917537927627563, 0.09210328757762909
vb0[683]+012 NORMAL: -0.4459429979324341, -0.10960886627435684, -0.8883246779441833
vb0[683]+024 TANGENT: -0.4262998402118683, -0.2845860719680786, -0.8586496710777283, -1.0
vb0[683]+040 BLENDWEIGHTS: 1.0, 0.0, 0.0, 0.0
vb0[683]+056 BLENDINDICES: 0, 0, 0, 0
vb0[683]+072 COLOR: 1.0, 0.5019607843137255, 0.5019607843137255, 0.0
vb0[683]+076 TEXCOORD: 0.5713286399841309, 0.5125606656074524

vb0[684]+000 POSITION: 0.03565957024693489, 1.8828078508377075, 0.09225042909383774
vb0[684]+012 NORMAL: -0.41854867339134216, -0.0955192893743515, -0.9031572937965393
vb0[684]+024 TANGENT: 0.26407328248023987, -0.91650390625, -0.30047607421875, -1.0
vb0[684]+040 BLENDWEIGHTS: 1.0, 0.0, 0.0, 0.0
vb0[684]+056 BLENDINDICES: 0, 0, 0, 0
vb0[684]+072 COLOR: 1.0, 0.5019607843137255, 0.5019607843137255, 0.2
vb0[684]+076 TEXCOORD: 0.5677247047424316, 0.5110551118850708

vb0[685]+000 POSITION: 0.04095630720257759, 1.8853602409362793, 0.08919898420572281
vb0[685]+012 NORMAL: -0.5440230965614319, -0.09880200028419495, -0.8332328796386719
vb0[685]+024 TANGENT: -0.8135435581207275, -0.5704083442687988, 0.11305368691682816, -1.0
vb0[685]+040 BLENDWEIGHTS: 0.9909999966621399, 0.008999999612569809, 0.0, 0.0
vb0[685]+056 BLENDINDICES: 0, 5, 0, 0
vb0[685]+072 COLOR: 1.0, 0.5019607843137255, 0.5019607843137255, 0.25098039215686274
vb0[685]+076 TEXCOORD: 0.5683081150054932, 0.5091390013694763

vb0[686]+000 POSITION: 0.030908601358532906, 1.8800913095474243, 0.09461245685815811
vb0[686]+012 NORMAL: -0.38714858889579773, -0.05988633260130882, -0.920070469379425
vb0[686]+024 TANGENT: 0.3752739131450653, -0.844886302947998, -0.38123053312301636, -1.0
vb0[686]+040 BLENDWEIGHTS: 1.0, 0.0, 0.0, 0.0
vb0[686]+056 BLENDINDICES: 0, 0, 0, 0
vb0[686]+072 COLOR: 1.0, 0.5019607843137255, 0.5019607843137255, 0.2
vb0[686]+076 TEXCOORD: 0.5666446685791016, 0.5130453109741211

vb0[687]+000 POSITION: 0.028149455785751343, 1.8815319538116455, 0.09551261365413666
vb0[687]+012 NORMAL: -0.364966481924057, -0.06860820204019547, -0.9284892678260803
vb0[687]+024 TANGENT: -0.9124205112457275, 0.37269794940948486, -0.16907109320163727, -1.0
vb0[687]+040 BLENDWEIGHTS: 1.0, 0.0, 0.0, 0.0
vb0[687]+056 BLENDINDICES: 0, 0, 0, 0
vb0[687]+072 COLOR: 1.0, 0.5019607843137255, 0.5019607843137255, 0.30196078431372547
vb0[687]+076 TEXCOORD: 0.5673837661743164, 0.514055073261261

vb0[688]+000 POSITION: 0.025777369737625122, 1.8762269020080566, 0.09671858698129654
vb0[688]+012 NORMAL: -0.37488722801208496, -0.052583202719688416, -0.9255779981613159
vb0[688]+024 TANGENT: -0.5994580388069153, -0.776424765586853, 0.19445978105068207, -1.0
vb0[688]+040 BLENDWEIGHTS: 1.0, 0.0, 0.0, 0.0
vb0[688]+056 BLENDINDICES: 0, 0, 0, 0
vb0[688]+072 COLOR: 1.0, 0.5019607843137255, 0.5019607843137255, 0.0
vb0[688]+076 TEXCOORD: 0.5653200149536133, 0.5147674083709717

vb0[689]+000 POSITION: 0.044962551444768906, 1.8885467052459717, 0.08399224281311035
vb0[689]+012 NORMAL: -0.6626052260398865, -0.08699224144220352, -0.7438996434211731
vb0[689]+024 TANGENT: -0.580241322517395, -0.3716563582420349, -0.7247010469436646, -1.0
vb0[689]+040 BLENDWEIGHTS: 0.9670000076293945, 0.032999999821186066, 0.0, 0.0
vb0[689]+056 BLENDINDICES: 0, 5, 0, 0
vb0[689]+072 COLOR: 1.0, 0.5019607843137255, 0.5019607843137255, 0.0
vb0[689]+076 TEXCOORD: 0.5709352493286133, 0.5068425536155701

vb0[690]+000 POSITION: 0.040836986154317856, 1.881554365158081, 0.08911670744419098
vb0[690]+012 NORMAL: -0.752784013748169, -0.129827618598938, -0.6453378200531006
vb0[690]+024 TANGENT: -0.47421500086784363, -0.8547238111495972, 0.21110975742340088, -1.0
vb0[690]+040 BLENDWEIGHTS: 1.0, 0.0, 0.0, 0.0
vb0[690]+056 BLENDINDICES: 0, 0, 0, 0
vb0[690]+072 COLOR: 1.0, 0.5019607843137255, 0.5019607843137255, 0.30196078431372547
vb0[690]+076 TEXCOORD: 0.5682916641235352, 0.5070803761482239

vb0[691]+000 POSITION: 0.04774630069732666, 1.8854202032089233, 0.08342798054218292
vb0[691]+012 NORMAL: -0.5361418128013611, -0.33775150775909424, -0.7736122012138367
vb0[691]+024 TANGENT: 0.02181893400847912, -0.9761155247688293, -0.21615342795848846, -1.0
vb0[691]+040 BLENDWEIGHTS: 0.9779999852180481, 0.02199999988079071, 0.0, 0.0
vb0[691]+056 BLENDINDICES: 0, 5, 0, 0
vb0[691]+072 COLOR: 1.0, 0.5019607843137255, 0.5019607843137255, 0.30196078431372547
vb0[691]+076 TEXCOORD: 0.5680903196334839, 0.5048394203186035

vb0[692]+000 POSITION: 0.051506683230400085, 1.885461688041687, 0.08033189922571182
vb0[692]+012 NORMAL: -0.8493176102638245, -0.1385585367679596, -0.5093734264373779
vb0[692]+024 TANGENT: -0.5476855039596558, -0.8362613916397095, -0.026598334312438965, -1.0
vb0[692]+040 BLENDWEIGHTS: 0.9769999980926514, 0.023000000044703484, 0.0, 0.0
vb0[692]+056 BLENDINDICES: 0, 5, 0, 0
vb0[692]+072 COLOR: 1.0, 0.5019607843137255, 0.5019607843137255, 0.30196078431372547
vb0[692]+076 TEXCOORD: 0.5679807662963867, 0.5036197900772095

vb0[693]+000 POSITION: 0.05362068489193916, 1.887935757637024, 0.07427414506673813
vb0[693]+012 NORMAL: -0.8592321872711182, -0.16436654329299927, -0.4844623804092407
vb0[693]+024 TANGENT: -0.8458642959594727, -0.35457301139831543, -0.398486465215683, -1.0
vb0[693]+040 BLENDWEIGHTS: 0.9649999737739563, 0.03500000014901161, 0.0, 0.0
vb0[693]+056 BLENDINDICES: 0, 5, 0, 0
vb0[693]+072 COLOR: 1.0, 0.5019607843137255, 0.5019607843137255, 0.0
vb0[693]+076 TEXCOORD: 0.570065975189209, 0.5012932419776917

vb0[694]+000 POSITION: 0.05689298361539841, 1.8816295862197876, 0.07069201022386551
vb0[694]+012 NORMAL: -0.9321789145469666, -0.17910856008529663, -0.31458336114883423
vb0[694]+024 TANGENT: -0.914326548576355, -0.38050633668899536, -0.1386430263519287, -1.0
vb0[694]+040 BLENDWEIGHTS: 0.984000027179718, 0.01600000075995922, 0.0, 0.0
vb0[694]+056 BLENDINDICES: 0, 5, 0, 0
vb0[694]+072 COLOR: 1.0, 0.5019607843137255, 0.5019607843137255, 0.30196078431372547
vb0[694]+076 TEXCOORD: 0.5676584243774414, 0.4992997348308563

vb0[695]+000 POSITION: 0.061784517019987106, 1.8726049661636353, 0.05983136221766472
vb0[695]+012 NORMAL: -0.9323407411575317, -0.24609921872615814, -0.26490724086761475
vb0[695]+024 TANGENT: -0.9577063322067261, -0.2803975045681, -0.06462138891220093, -1.0
vb0[695]+040 BLENDWEIGHTS: 1.0, 0.0, 0.0, 0.0
vb0[695]+056 BLENDINDICES: 0, 0, 0, 0
vb0[695]+072 COLOR: 1.0, 0.5019607843137255, 0.5019607843137255, 0.0
vb0[695]+076 TEXCOORD: 0.5673141479492188, 0.49477189779281616

vb0[696]+000 POSITION: 0.007193310186266899, 1.8881598711013794, 0.10370761901140213
vb0[696]+012 NORMAL: -0.021312830969691277, 0.0825885459780693, 0.9963558912277222
vb0[696]+024 TANGENT: 0.1851058155298233, -0.17421364784240723, 0.9671533107757568, -1.0
vb0[696]+040 BLENDWEIGHTS: 1.0, 0.0, 0.0, 0.0
vb0[696]+056 BLENDINDICES: 0, 0, 0, 0
vb0[696]+072 COLOR: 1.0, 0.5019607843137255, 0.5019607843137255, 0.5019607843137255
vb0[696]+076 TEXCOORD: 0.6579794883728027, 0.8115233182907104

vb0[697]+000 POSITION: 0.005322750192135572, 1.8894959688186646, 0.10328832268714905
vb0[697]+012 NORMAL: -0.12216359376907349, 0.1359773725271225, 0.9831510782241821
vb0[697]+024 TANGENT: -0.5495595335960388, 0.12218093127012253, 0.8264721632003784, -1.0
vb0[697]+040 BLENDWEIGHTS: 1.0, 0.0, 0.0, 0.0
vb0[697]+056 BLENDINDICES: 0, 0, 0, 0
vb0[697]+072 COLOR: 1.0, 0.5019607843137255, 0.5019607843137255, 0.30196078431372547
vb0[697]+076 TEXCOORD: 0.6585078239440918, 0.8141910433769226

vb0[698]+000 POSITION: 0.002504108240827918, 1.8753585815429688, 0.10202255845069885
vb0[698]+012 NORMAL: -0.08446920663118362, 0.008509316481649876, 0.9963898062705994
vb0[698]+024 TANGENT: -0.31447768211364746, -0.9482406377792358, 0.04408550634980202, -1.0
vb0[698]+040 BLENDWEIGHTS: 1.0, 0.0, 0.0, 0.0
vb0[698]+056 BLENDINDICES: 0, 0, 0, 0
vb0[698]+072 COLOR: 1.0, 0.5019607843137255, 0.5019607843137255, 0.0
vb0[698]+076 TEXCOORD: 0.6727731227874756, 0.8047530651092529

vb0[699]+000 POSITION: 0.0016149388393387198, 1.8794666528701782, 0.10167818516492844
vb0[699]+012 NORMAL: -0.10742729157209396, 0.04148139804601669, 0.9933472871780396
vb0[699]+024 TANGENT: -0.9741268754005432, -0.18693731725215912, -0.12700843811035156, -1.0
vb0[699]+040 BLENDWEIGHTS: 1.0, 0.0, 0.0, 0.0
vb0[699]+056 BLENDINDICES: 0, 0, 0, 0
vb0[699]+072 COLOR: 1.0, 0.5019607843137255, 0.5019607843137255, 0.2
vb0[699]+076 TEXCOORD: 0.6701793670654297, 0.8089335560798645

vb0[700]+000 POSITION: 0.0015297140926122665, 1.882707118988037, 0.10133221745491028
vb0[700]+012 NORMAL: -0.17976877093315125, 0.10496750473976135, 0.9780925512313843
vb0[700]+024 TANGENT: -0.8112725019454956, -0.5014607310295105, -0.30062270164489746, -1.0
vb0[700]+040 BLENDWEIGHTS: 1.0, 0.0, 0.0, 0.0
vb0[700]+056 BLENDINDICES: 0, 0, 0, 0
vb0[700]+072 COLOR: 1.0, 0.5019607843137255, 0.5019607843137255, 0.0
vb0[700]+076 TEXCOORD: 0.6677711009979248, 0.8124400973320007

vb0[701]+000 POSITION: 0.011198320426046848, 1.8979558944702148, 0.1048140600323677
vb0[701]+012 NORMAL: 0.020714497193694115, 0.14003793895244598, 0.9899294972419739
vb0[701]+024 TANGENT: 0.23830156028270721, -0.21427224576473236, 0.9472590684890747, -1.0
vb0[701]+040 BLENDWEIGHTS: 1.0, 0.0, 0.0, 0.0
vb0[701]+056 BLENDINDICES: 0, 0, 0, 0
vb0[701]+072 COLOR: 1.0, 0.5019607843137255, 0.5019607843137255, 0.5019607843137255
vb0[701]+076 TEXCOORD: 0.6465804576873779, 0.8166980147361755

vb0[702]+000 POSITION: 0.009371359832584858, 1.8991609811782837, 0.10464656352996826
vb0[702]+012 NORMAL: -0.17057375609874725, 0.27182939648628235, 0.9471079707145691
vb0[702]+024 TANGENT: -0.5982922315597534, 0.1962803453207016, 0.7768657207489014, -1.0
vb0[702]+040 BLENDWEIGHTS: 1.0, 0.0, 0.0, 0.0
vb0[702]+056 BLENDINDICES: 0, 0, 0, 0
vb0[702]+072 COLOR: 1.0, 0.5019607843137255, 0.5019607843137255, 0.4
vb0[702]+076 TEXCOORD: 0.6471989154815674, 0.8191733360290527

vb0[703]+000 POSITION: 0.003750500036403537, 1.8903728723526, 0.10048186779022217
vb0[703]+012 NORMAL: -0.24703845381736755, 0.23129425942897797, 0.9409967660903931
vb0[703]+024 TANGENT: -0.23055396974086761, 0.16897177696228027, 0.9582762122154236, -1.0
vb0[703]+040 BLENDWEIGHTS: 1.0, 0.0, 0.0, 0.0
vb0[703]+056 BLENDINDICES: 0, 0, 0, 0
vb0[703]+072 COLOR: 1.0, 0.5019607843137255, 0.5019607843137255, 0.0
vb0[703]+076 TEXCOORD: 0.6600337028503418, 0.8175866603851318

vb0[704]+000 POSITION: 0.007562450133264065, 1.900620937347412, 0.09909341484308243
vb0[704]+012 NORMAL: -0.2454339563846588, 0.34753119945526123, 0.9049774408340454
vb0[704]+024 TANGENT: -0.2527306377887726, 0.23905232548713684, 0.9375399947166443, -1.0
vb0[704]+040 BLENDWEIGHTS: 1.0, 0.0, 0.0, 0.0
vb0[704]+056 BLENDINDICES: 0, 0, 0, 0
vb0[704]+072 COLOR: 1.0, 0.5019607843137255, 0.5019607843137255, 0.0
vb0[704]+076 TEXCOORD: 0.6501767635345459, 0.8255228996276855

vb0[705]+000 POSITION: 0.013594169169664383, 1.907931923866272, 0.1056993156671524
vb0[705]+012 NORMAL: -0.16036705672740936, 0.35660162568092346, 0.9203899502754211
vb0[705]+024 TANGENT: -0.6281161308288574, 0.27155232429504395, 0.7291977405548096, -1.0
vb0[705]+040 BLENDWEIGHTS: 1.0, 0.0, 0.0, 0.0
vb0[705]+056 BLENDINDICES: 0, 0, 0, 0
vb0[705]+072 COLOR: 1.0, 0.5019607843137255, 0.5019607843137255, 0.5019607843137255
vb0[705]+076 TEXCOORD: 0.6370997428894043, 0.8235469460487366

vb0[706]+000 POSITION: 0.011517690494656563, 1.9093459844589233, 0.09714324027299881
vb0[706]+012 NORMAL: -0.2036670297384262, 0.4351247251033783, 0.8770325779914856
vb0[706]+024 TANGENT: -0.21766577661037445, 0.3322097063064575, 0.9177463054656982, -1.0
vb0[706]+040 BLENDWEIGHTS: 1.0, 0.0, 0.0, 0.0
vb0[706]+056 BLENDINDICES: 0, 0, 0, 0
vb0[706]+072 COLOR: 1.0, 0.5019607843137255, 0.5019607843137255, 0.0
vb0[706]+076 TEXCOORD: 0.6405463218688965, 0.8330601453781128

vb0[707]+000 POSITION: 0.015401279553771019, 1.9064229726791382, 0.10603142529726028
vb0[707]+012 NORMAL: 0.029798099771142006, 0.1942041516304016, 0.9805083870887756
vb0[707]+024 TANGENT: 0.25581738352775574, -0.26128828525543213, 0.9307448863983154, -1.0
vb0[707]+040 BLENDWEIGHTS: 1.0, 0.0, 0.0, 0.0
vb0[707]+056 BLENDINDICES: 0, 0, 0, 0
vb0[707]+072 COLOR: 1.0, 0.5019607843137255, 0.5019607843137255, 0.5019607843137255
vb0[707]+076 TEXCOORD: 0.6367897987365723, 0.8209611177444458

vb0[708]+000 POSITION: 0.02076452039182186, 1.9136419296264648, 0.10774187743663788
vb0[708]+012 NORMAL: 0.04746999219059944, 0.23875197768211365, 0.9699196219444275
vb0[708]+024 TANGENT: 0.194582000374794, -0.4925749599933624, 0.8482380509376526, -1.0
vb0[708]+040 BLENDWEIGHTS: 1.0, 0.0, 0.0, 0.0
vb0[708]+056 BLENDINDICES: 0, 0, 0, 0
vb0[708]+072 COLOR: 1.0, 0.5019607843137255, 0.5019607843137255, 0.5019607843137255
vb0[708]+076 TEXCOORD: 0.6268930435180664, 0.8220288157463074

vb0[709]+000 POSITION: 0.019814779981970787, 1.9158298969268799, 0.10737720876932144
vb0[709]+012 NORMAL: -0.05940614268183708, 0.4046633243560791, 0.9125341773033142
vb0[709]+024 TANGENT: -0.5228902101516724, 0.3950296640396118, 0.7553392648696899, -1.0
vb0[709]+040 BLENDWEIGHTS: 1.0, 0.0, 0.0, 0.0
vb0[709]+056 BLENDINDICES: 0, 0, 0, 0
vb0[709]+072 COLOR: 1.0, 0.5019607843137255, 0.5019607843137255, 0.5019607843137255
vb0[709]+076 TEXCOORD: 0.6261909008026123, 0.824600338935852

vb0[710]+000 POSITION: 0.019354598596692085, 1.9183259010314941, 0.10333987325429916
vb0[710]+012 NORMAL: -0.10526105016469955, 0.5339947938919067, 0.8389098048210144
vb0[710]+024 TANGENT: -0.6499335765838623, 0.684294581413269, 0.3306466341018677, -1.0
vb0[710]+040 BLENDWEIGHTS: 1.0, 0.0, 0.0, 0.0
vb0[710]+056 BLENDINDICES: 0, 0, 0, 0
vb0[710]+072 COLOR: 1.0, 0.5019607843137255, 0.5019607843137255, 0.5019607843137255
vb0[710]+076 TEXCOORD: 0.625476598739624, 0.8300354480743408

vb0[711]+000 POSITION: 0.019706038758158684, 1.919880986213684, 0.09902460128068924
vb0[711]+012 NORMAL: -0.08976788073778152, 0.5827056765556335, 0.8077102303504944
vb0[711]+024 TANGENT: -0.5024829506874084, 0.42408594489097595, 0.7534334063529968, -1.0
vb0[711]+040 BLENDWEIGHTS: 1.0, 0.0, 0.0, 0.0
vb0[711]+056 BLENDINDICES: 0, 0, 0, 0
vb0[711]+072 COLOR: 1.0, 0.5019607843137255, 0.5019607843137255, 0.2
vb0[711]+076 TEXCOORD: 0.6245450973510742, 0.8353337049484253

vb0[712]+000 POSITION: 0.02249015122652054, 1.9143850803375244, 0.108220174908638
vb0[712]+012 NORMAL: 0.05390862748026848, 0.26122692227363586, 0.9637709259986877
vb0[712]+024 TANGENT: -0.14439058303833008, -0.6324170231819153, 0.7610520124435425, -1.0
vb0[712]+040 BLENDWEIGHTS: 1.0, 0.0, 0.0, 0.0
vb0[712]+056 BLENDINDICES: 0, 0, 0, 0
vb0[712]+072 COLOR: 1.0, 0.5019607843137255, 0.5019607843137255, 0.5019607843137255
vb0[712]+076 TEXCOORD: 0.6247892379760742, 0.8213031888008118

vb0[713]+000 POSITION: 0.022126929834485054, 1.9167269468307495, 0.10797528177499771
vb0[713]+012 NORMAL: 0.03542691096663475, 0.4502171277999878, 0.8922160267829895
vb0[713]+024 TANGENT: -0.3213399648666382, 0.47094467282295227, 0.82155442237854, -1.0
vb0[713]+040 BLENDWEIGHTS: 1.0, 0.0, 0.0, 0.0
vb0[713]+056 BLENDINDICES: 0, 0, 0, 0
vb0[713]+072 COLOR: 1.0, 0.5019607843137255, 0.5019607843137255, 0.5019607843137255
vb0[713]+076 TEXCOORD: 0.6237306594848633, 0.823781430721283

vb0[714]+000 POSITION: 0.022419199347496033, 1.9197978973388672, 0.10438401997089386
vb0[714]+012 NORMAL: 0.039810627698898315, 0.5653834342956543, 0.8238669037818909
vb0[714]+024 TANGENT: -0.32732176780700684, 0.8274166584014893, 0.4563356339931488, -1.0
vb0[714]+040 BLENDWEIGHTS: 1.0, 0.0, 0.0, 0.0
vb0[714]+056 BLENDINDICES: 0, 0, 0, 0
vb0[714]+072 COLOR: 1.0, 0.5019607843137255, 0.5019607843137255, 0.5019607843137255
vb0[714]+076 TEXCOORD: 0.6217949390411377, 0.8286749720573425

vb0[715]+000 POSITION: 0.023553458973765373, 1.9218279123306274, 0.09962011873722076
vb0[715]+012 NORMAL: 0.05888359621167183, 0.6146942377090454, 0.7865645885467529
vb0[715]+024 TANGENT: -0.2682071924209595, 0.5018222332000732, 0.8223377466201782, -1.0
vb0[715]+040 BLENDWEIGHTS: 1.0, 0.0, 0.0, 0.0
vb0[715]+056 BLENDINDICES: 0, 0, 0, 0
vb0[715]+072 COLOR: 1.0, 0.5019607843137255, 0.5019607843137255, 0.2
vb0[715]+076 TEXCOORD: 0.6191534996032715, 0.8340048789978027

vb0[716]+000 POSITION: 0.025925738736987114, 1.9199188947677612, 0.1052907258272171
vb0[716]+012 NORMAL: 0.22672714293003082, 0.5225148797035217, 0.8219324946403503
vb0[716]+024 TANGENT: 0.11499703675508499, 0.8066056370735168, 0.579795777797699, -1.0
vb0[716]+040 BLENDWEIGHTS: 1.0, 0.0, 0.0, 0.0
vb0[716]+056 BLENDINDICES: 0, 0, 0, 0
vb0[716]+072 COLOR: 1.0, 0.5019607843137255, 0.5019607843137255, 0.5019607843137255
vb0[716]+076 TEXCOORD: 0.6184802055358887, 0.8263189792633057

vb0[717]+000 POSITION: 0.027211640030145645, 1.9223389625549316, 0.10010547190904617
vb0[717]+012 NORMAL: 0.2516455054283142, 0.5696905851364136, 0.7823854684829712
vb0[717]+024 TANGENT: 0.06131785735487938, 0.4483278691768646, 0.8917635083198547, -1.0
vb0[717]+040 BLENDWEIGHTS: 1.0, 0.0, 0.0, 0.0
vb0[717]+056 BLENDINDICES: 0, 0, 0, 0
vb0[717]+072 COLOR: 1.0, 0.5019607843137255, 0.5019607843137255, 0.2
vb0[717]+076 TEXCOORD: 0.6147298812866211, 0.8317292332649231

vb0[718]+000 POSITION: 0.024655990302562714, 1.9165449142456055, 0.10864453762769699
vb0[718]+012 NORMAL: 0.17118245363235474, 0.4175623953342438, 0.8923778533935547
vb0[718]+024 TANGENT: -0.039963480085134506, 0.45752906799316406, 0.8882961869239807, -1.0
vb0[718]+040 BLENDWEIGHTS: 1.0, 0.0, 0.0, 0.0
vb0[718]+056 BLENDINDICES: 0, 0, 0, 0
vb0[718]+072 COLOR: 1.0, 0.5019607843137255, 0.5019607843137255, 0.5019607843137255
vb0[718]+076 TEXCOORD: 0.6215305328369141, 0.8220299482345581

vb0[719]+000 POSITION: 0.02440979890525341, 1.9140870571136475, 0.1088150292634964
vb0[719]+012 NORMAL: 0.09998149424791336, 0.2703132927417755, 0.9575669169425964
vb0[719]+024 TANGENT: -0.4146678149700165, -0.5379620790481567, 0.7339260578155518, -1.0
vb0[719]+040 BLENDWEIGHTS: 1.0, 0.0, 0.0, 0.0
vb0[719]+056 BLENDINDICES: 0, 0, 0, 0
vb0[719]+072 COLOR: 1.0, 0.5019607843137255, 0.5019607843137255, 0.5019607843137255
vb0[719]+076 TEXCOORD: 0.622795581817627, 0.819746196269989

vb0[720]+000 POSITION: 0.028903929516673088, 1.913206934928894, 0.109412282705307
vb0[720]+012 NORMAL: 0.2501956522464752, 0.3573150634765625, 0.8998489379882812
vb0[720]+024 TANGENT: 0.17391294240951538, 0.3598998785018921, 0.9166386127471924, -1.0
vb0[720]+040 BLENDWEIGHTS: 0.9810000061988831, 0.01899999938905239, 0.0, 0.0
vb0[720]+056 BLENDINDICES: 0, 5, 0, 0
vb0[720]+072 COLOR: 1.0, 0.5019607843137255, 0.5019607843137255, 0.5019607843137255
vb0[720]+076 TEXCOORD: 0.6185617446899414, 0.8164599537849426

vb0[721]+000 POSITION: 0.027715180069208145, 1.9110839366912842, 0.10966888815164566
vb0[721]+012 NORMAL: 0.15919756889343262, 0.26244473457336426, 0.9517241716384888
vb0[721]+024 TANGENT: -0.6054180264472961, -0.4403369724750519, 0.6630025506019592, -1.0
vb0[721]+040 BLENDWEIGHTS: 0.9800000190734863, 0.019999999552965164, 0.0, 0.0
vb0[721]+056 BLENDINDICES: 0, 5, 0, 0
vb0[721]+072 COLOR: 1.0, 0.5019607843137255, 0.5019607843137255, 0.5019607843137255
vb0[721]+076 TEXCOORD: 0.6205611228942871, 0.8145083785057068

vb0[722]+000 POSITION: 0.03243149816989899, 1.909348964691162, 0.10985063016414642
vb0[722]+012 NORMAL: 0.29451045393943787, 0.30821678042411804, 0.9045805931091309
vb0[722]+024 TANGENT: 0.28325918316841125, 0.30765774846076965, 0.908356249332428, -1.0
vb0[722]+040 BLENDWEIGHTS: 0.9100000262260437, 0.09000000357627869, 0.0, 0.0
vb0[722]+056 BLENDINDICES: 0, 5, 0, 0
vb0[722]+072 COLOR: 1.0, 0.5019607843137255, 0.5019607843137255, 0.5019607843137255
vb0[722]+076 TEXCOORD: 0.6155667304992676, 0.8108160495758057

vb0[723]+000 POSITION: 0.030532848089933395, 1.9073150157928467, 0.11032754927873611
vb0[723]+012 NORMAL: 0.21252663433551788, 0.24264568090438843, 0.9465492367744446
vb0[723]+024 TANGENT: -0.6282721757888794, -0.3703421950340271, 0.68419349193573, -1.0
vb0[723]+040 BLENDWEIGHTS: 0.9259999990463257, 0.07400000095367432, 0.0, 0.0
vb0[723]+056 BLENDINDICES: 0, 5, 0, 0
vb0[723]+072 COLOR: 1.0, 0.5019607843137255, 0.5019607843137255, 0.5019607843137255
vb0[723]+076 TEXCOORD: 0.6181206703186035, 0.8087977766990662

vb0[724]+000 POSITION: 0.03581969067454338, 1.9044339656829834, 0.1099773570895195
vb0[724]+012 NORMAL: 0.3355593681335449, 0.2556993067264557, 0.9066519737243652
vb0[724]+024 TANGENT: 0.36452561616897583, 0.24688661098480225, 0.8978686332702637, -1.0
vb0[724]+040 BLENDWEIGHTS: 0.8069999814033508, 0.19300000369548798, 0.0, 0.0
vb0[724]+056 BLENDINDICES: 0, 5, 0, 0
vb0[724]+072 COLOR: 1.0, 0.5019607843137255, 0.5019607843137255, 0.5019607843137255
vb0[724]+076 TEXCOORD: 0.6120896339416504, 0.8042243719100952

vb0[725]+000 POSITION: 0.033344220370054245, 1.9025739431381226, 0.11083409935235977
vb0[725]+012 NORMAL: 0.26093295216560364, 0.21167893707752228, 0.9418630599975586
vb0[725]+024 TANGENT: -0.6293531656265259, -0.3149600327014923, 0.710432767868042, -1.0
vb0[725]+040 BLENDWEIGHTS: 0.847000002861023, 0.15299999713897705, 0.0, 0.0
vb0[725]+056 BLENDINDICES: 0, 5, 0, 0
vb0[725]+072 COLOR: 1.0, 0.5019607843137255, 0.5019607843137255, 0.5019607843137255
vb0[725]+076 TEXCOORD: 0.6152598857879639, 0.8021034598350525

vb0[726]+000 POSITION: 0.038897208869457245, 1.8988429307937622, 0.10985474288463593
vb0[726]+012 NORMAL: 0.36705055832862854, 0.19411005079746246, 0.9097225666046143
vb0[726]+024 TANGENT: 0.4266843795776367, 0.1616499423980713, 0.8898369073867798, -1.0
vb0[726]+040 BLENDWEIGHTS: 0.6880000233650208, 0.31200000643730164, 0.0, 0.0
vb0[726]+056 BLENDINDICES: 0, 5, 0, 0
vb0[726]+072 COLOR: 1.0, 0.5019607843137255, 0.5019607843137255, 0.5019607843137255
vb0[726]+076 TEXCOORD: 0.6082472801208496, 0.7972502112388611

vb0[727]+000 POSITION: 0.03560378775000572, 1.8972779512405396, 0.11110003292560577
vb0[727]+012 NORMAL: 0.30394262075424194, 0.1651478111743927, 0.9382671117782593
vb0[727]+024 TANGENT: -0.640861988067627, -0.24701499938964844, 0.7268283367156982, -1.0
vb0[727]+040 BLENDWEIGHTS: 0.7490000128746033, 0.25099998712539673, 0.0, 0.0
vb0[727]+056 BLENDINDICES: 0, 5, 0, 0
vb0[727]+072 COLOR: 1.0, 0.5019607843137255, 0.5019607843137255, 0.5019607843137255
vb0[727]+076 TEXCOORD: 0.612271785736084, 0.795097827911377

vb0[728]+000 POSITION: 0.04178406670689583, 1.8913203477859497, 0.10914970934391022
vb0[728]+012 NORMAL: 0.3904251158237457, 0.12307563424110413, 0.9123708605766296
vb0[728]+024 TANGENT: 0.4591813087463379, 0.0638517215847969, 0.8860449194908142, -1.0
vb0[728]+040 BLENDWEIGHTS: 0.5490000247955322, 0.45100000500679016, 0.0, 0.0
vb0[728]+056 BLENDINDICES: 0, 5, 0, 0
vb0[728]+072 COLOR: 1.0, 0.5019607843137255, 0.5019607843137255, 0.5019607843137255
vb0[728]+076 TEXCOORD: 0.6033134460449219, 0.78862065076828

vb0[729]+000 POSITION: 0.0374925397336483, 1.8899412155151367, 0.11096727102994919
vb0[729]+012 NORMAL: 0.3451204299926758, 0.10455993562936783, 0.9327160120010376
vb0[729]+024 TANGENT: -0.6620688438415527, -0.22160077095031738, 0.7159315347671509, -1.0
vb0[729]+040 BLENDWEIGHTS: 0.6029999852180481, 0.3970000147819519, 0.0, 0.0
vb0[729]+056 BLENDINDICES: 0, 5, 0, 0
vb0[729]+072 COLOR: 1.0, 0.5019607843137255, 0.5019607843137255, 0.5019607843137255
vb0[729]+076 TEXCOORD: 0.6084964275360107, 0.7862309217453003

vb0[730]+000 POSITION: 0.04429766908288002, 1.883542776107788, 0.1078042984008789
vb0[730]+012 NORMAL: 0.4215075373649597, 0.05740240961313248, 0.9050062298774719
vb0[730]+024 TANGENT: 0.47601187229156494, -0.041526079177856445, 0.8784579038619995, -1.0
vb0[730]+040 BLENDWEIGHTS: 0.5720000267028809, 0.42800000309944153, 0.0, 0.0
vb0[730]+056 BLENDINDICES: 5, 0, 0, 0
vb0[730]+072 COLOR: 1.0, 0.5019607843137255, 0.5019607843137255, 0.10196078431372549
vb0[730]+076 TEXCOORD: 0.5981183052062988, 0.78007572889328

vb0[731]+000 POSITION: 0.0388791449368, 1.8819626569747925, 0.11045297235250473
vb0[731]+012 NORMAL: 0.37295883893966675, 0.041905853897333145, 0.9269009828567505
vb0[731]+024 TANGENT: -0.6685805916786194, -0.190145343542099, 0.7189192175865173, -1.0
vb0[731]+040 BLENDWEIGHTS: 0.5419999957084656, 0.4580000042915344, 0.0, 0.0
vb0[731]+056 BLENDINDICES: 5, 0, 0, 0
vb0[731]+072 COLOR: 1.0, 0.5019607843137255, 0.5019607843137255, 0.5019607843137255
vb0[731]+076 TEXCOORD: 0.6046319007873535, 0.7771264314651489

vb0[732]+000 POSITION: 0.03542765974998474, 1.9117629528045654, 0.10673853754997253
vb0[732]+012 NORMAL: 0.40449967980384827, 0.38857701420783997, 0.8278815746307373
vb0[732]+024 TANGENT: 0.5801649689674377, 0.5167167782783508, 0.6296128034591675, -1.0
vb0[732]+040 BLENDWEIGHTS: 0.9309999942779541, 0.0689999982714653, 0.0, 0.0
vb0[732]+056 BLENDINDICES: 0, 5, 0, 0
vb0[732]+072 COLOR: 1.0, 0.5019607843137255, 0.5019607843137255, 0.5019607843137255
vb0[732]+076 TEXCOORD: 0.6106102466583252, 0.8136790990829468

vb0[733]+000 POSITION: 0.030959609895944595, 1.9164990186691284, 0.10620389878749847
vb0[733]+012 NORMAL: 0.33351853489875793, 0.45151200890541077, 0.8275883197784424
vb0[733]+024 TANGENT: 0.4549179673194885, 0.6356037855148315, 0.6237447261810303, -1.0
vb0[733]+040 BLENDWEIGHTS: 1.0, 0.0, 0.0, 0.0
vb0[733]+056 BLENDINDICES: 0, 0, 0, 0
vb0[733]+072 COLOR: 1.0, 0.5019607843137255, 0.5019607843137255, 0.5019607843137255
vb0[733]+076 TEXCOORD: 0.614476203918457, 0.8203922510147095

vb0[734]+000 POSITION: 0.04898243397474289, 1.8856366872787476, 0.1051715612411499
vb0[734]+012 NORMAL: 0.53926020860672, 0.11316046863794327, 0.8345018029212952
vb0[734]+024 TANGENT: 0.7165679931640625, 0.11224234104156494, 0.6884270906448364, -1.0
vb0[734]+040 BLENDWEIGHTS: 0.5460000038146973, 0.45399999618530273, 0.0, 0.0
vb0[734]+056 BLENDINDICES: 5, 0, 0, 0
vb0[734]+072 COLOR: 1.0, 0.5019607843137255, 0.5019607843137255, 0.5019607843137255
vb0[734]+076 TEXCOORD: 0.5924978256225586, 0.7835053205490112

vb0[735]+000 POSITION: 0.05152808129787445, 1.8758491277694702, 0.10343500226736069
vb0[735]+012 NORMAL: 0.5559884309768677, 0.029217418283224106, 0.8306763172149658
vb0[735]+024 TANGENT: 0.718315064907074, 0.013646603561937809, 0.695584237575531, -1.0
vb0[735]+040 BLENDWEIGHTS: 0.6790000200271606, 0.32100000977516174, 0.0, 0.0
vb0[735]+056 BLENDINDICES: 5, 0, 0, 0
vb0[735]+072 COLOR: 1.0, 0.5019607843137255, 0.5019607843137255, 0.5019607843137255
vb0[735]+076 TEXCOORD: 0.586721658706665, 0.7731192708015442

vb0[736]+000 POSITION: 0.05257212370634079, 1.8878568410873413, 0.097232885658741
vb0[736]+012 NORMAL: 0.6082766652107239, 0.14823505282402039, 0.7797601819038391
vb0[736]+024 TANGENT: 0.8362570405006409, 0.18631066381931305, 0.515715479850769, -1.0
vb0[736]+040 BLENDWEIGHTS: 0.699999988079071, 0.30000001192092896, 0.0, 0.0
vb0[736]+056 BLENDINDICES: 0, 5, 0, 0
vb0[736]+072 COLOR: 1.0, 0.5019607843137255, 0.5019607843137255, 0.5019607843137255
vb0[736]+076 TEXCOORD: 0.5831847190856934, 0.7884080410003662

vb0[737]+000 POSITION: 0.055153679102659225, 1.8780860900878906, 0.09548355638980865
vb0[737]+012 NORMAL: 0.6289868950843811, 0.0632302463054657, 0.7748401761054993
vb0[737]+024 TANGENT: 0.8653019070625305, 0.06975924968719482, 0.4963730573654175, -1.0
vb0[737]+040 BLENDWEIGHTS: 0.6359999775886536, 0.36399999260902405, 0.0, 0.0
vb0[737]+056 BLENDINDICES: 0, 5, 0, 0
vb0[737]+072 COLOR: 1.0, 0.5019607843137255, 0.5019607843137255, 0.2
vb0[737]+076 TEXCOORD: 0.577214241027832, 0.7779700756072998

vb0[738]+000 POSITION: 0.05610407888889313, 1.870006799697876, 0.09438256174325943
vb0[738]+012 NORMAL: 0.655788242816925, -0.0073523554019629955, 0.754909098148346
vb0[738]+024 TANGENT: 0.6290709376335144, 0.1369534730911255, -0.7651885151863098, -1.0
vb0[738]+040 BLENDWEIGHTS: 0.5239999890327454, 0.47600001096725464, 0.0, 0.0
vb0[738]+056 BLENDINDICES: 5, 0, 0, 0
vb0[738]+072 COLOR: 1.0, 0.5019607843137255, 0.5019607843137255, 0.30196078431372547
vb0[738]+076 TEXCOORD: 0.5737881660461426, 0.7691835761070251

vb0[739]+000 POSITION: 0.05276712402701378, 1.8681596517562866, 0.10198117047548294
vb0[739]+012 NORMAL: 0.5698235630989075, -0.04000230133533478, 0.8207928538322449
vb0[739]+024 TANGENT: 0.7228788137435913, -0.05771786719560623, 0.6885600090026855, -1.0
vb0[739]+040 BLENDWEIGHTS: 0.7559999823570251, 0.24400000274181366, 0.0, 0.0
vb0[739]+056 BLENDINDICES: 5, 0, 0, 0
vb0[739]+072 COLOR: 1.0, 0.5019607843137255, 0.5019607843137255, 0.5019607843137255
vb0[739]+076 TEXCOORD: 0.5827579498291016, 0.764920711517334

vb0[740]+000 POSITION: 0.046442072838544846, 1.8741108179092407, 0.10576873272657394
vb0[740]+012 NORMAL: 0.4285891056060791, -0.018070008605718613, 0.9033188223838806
vb0[740]+024 TANGENT: -0.476853609085083, -0.27029818296432495, 0.8363907933235168, -1.0
vb0[740]+040 BLENDWEIGHTS: 0.6069999933242798, 0.3930000066757202, 0.0, 0.0
vb0[740]+056 BLENDINDICES: 5, 0, 0, 0
vb0[740]+072 COLOR: 1.0, 0.5019607843137255, 0.5019607843137255, 0.30196078431372547
vb0[740]+076 TEXCOORD: 0.5922284126281738, 0.769859790802002

vb0[741]+000 POSITION: 0.04776870086789131, 1.8667818307876587, 0.10416246205568314
vb0[741]+012 NORMAL: 0.42715978622436523, -0.07533570379018784, 0.9010322093963623
vb0[741]+024 TANGENT: -0.4952024817466736, -0.24585779011249542, 0.8332637548446655, -1.0
vb0[741]+040 BLENDWEIGHTS: 0.6980000138282776, 0.3019999861717224, 0.0, 0.0
vb0[741]+056 BLENDINDICES: 5, 0, 0, 0
vb0[741]+072 COLOR: 1.0, 0.5019607843137255, 0.5019607843137255, 0.5019607843137255
vb0[741]+076 TEXCOORD: 0.5883588790893555, 0.7617478370666504

vb0[742]+000 POSITION: 0.05319735407829285, 1.8618621826171875, 0.10066383332014084
vb0[742]+012 NORMAL: 0.5736018419265747, -0.09429045766592026, 0.8136892914772034
vb0[742]+024 TANGENT: 0.731867253780365, -0.10668123513460159, 0.6730449795722961, -1.0
vb0[742]+040 BLENDWEIGHTS: 0.8100000023841858, 0.1899999976158142, 0.0, 0.0
vb0[742]+056 BLENDINDICES: 5, 0, 0, 0
vb0[742]+072 COLOR: 1.0, 0.5019607843137255, 0.5019607843137255, 0.5019607843137255
vb0[742]+076 TEXCOORD: 0.5796151161193848, 0.7581746578216553

vb0[743]+000 POSITION: 0.04836375638842583, 1.8608084917068481, 0.10293456166982651
vb0[743]+012 NORMAL: 0.4294487237930298, -0.11720483005046844, 0.8954533338546753
vb0[743]+024 TANGENT: -0.5010666251182556, -0.218740314245224, 0.8373081088066101, -1.0
vb0[743]+040 BLENDWEIGHTS: 0.765999972820282, 0.23399999737739563, 0.0, 0.0
vb0[743]+056 BLENDINDICES: 5, 0, 0, 0
vb0[743]+072 COLOR: 1.0, 0.5019607843137255, 0.5019607843137255, 0.5019607843137255
vb0[743]+076 TEXCOORD: 0.585139274597168, 0.7551999092102051

vb0[744]+000 POSITION: 0.0530255101621151, 1.8557249307632446, 0.09964295476675034
vb0[744]+012 NORMAL: 0.5695523619651794, -0.14524070918560028, 0.8090211749076843
vb0[744]+024 TANGENT: 0.7246703505516052, -0.14733056724071503, 0.6731615662574768, -1.0
vb0[744]+040 BLENDWEIGHTS: 0.8569999933242798, 0.14300000667572021, 0.0, 0.0
vb0[744]+056 BLENDINDICES: 5, 0, 0, 0
vb0[744]+072 COLOR: 1.0, 0.5019607843137255, 0.5019607843137255, 0.5019607843137255
vb0[744]+076 TEXCOORD: 0.5769274234771729, 0.7514419555664062

vb0[745]+000 POSITION: 0.0486886203289032, 1.8552000522613525, 0.10172200202941895
vb0[745]+012 NORMAL: 0.43098947405815125, -0.1555575579404831, 0.8888475298881531
vb0[745]+024 TANGENT: -0.5025684833526611, -0.19449013471603394, 0.842376708984375, -1.0
vb0[745]+040 BLENDWEIGHTS: 0.8199999928474426, 0.18000000715255737, 0.0, 0.0
vb0[745]+056 BLENDINDICES: 5, 0, 0, 0
vb0[745]+072 COLOR: 1.0, 0.5019607843137255, 0.5019607843137255, 0.5019607843137255
vb0[745]+076 TEXCOORD: 0.5819511413574219, 0.7490299940109253

vb0[746]+000 POSITION: 0.052480220794677734, 1.8493648767471313, 0.09861453622579575
vb0[746]+012 NORMAL: 0.5626805424690247, -0.2058476358652115, 0.800635576248169
vb0[746]+024 TANGENT: 0.720425546169281, -0.1950473040342331, 0.6655399203300476, -1.0
vb0[746]+040 BLENDWEIGHTS: 0.8920000195503235, 0.1080000028014183, 0.0, 0.0
vb0[746]+056 BLENDINDICES: 5, 0, 0, 0
vb0[746]+072 COLOR: 1.0, 0.5019607843137255, 0.5019607843137255, 0.4
vb0[746]+076 TEXCOORD: 0.5739006996154785, 0.7443661093711853

vb0[747]+000 POSITION: 0.04873967170715332, 1.849269986152649, 0.10047949850559235
vb0[747]+012 NORMAL: 0.4302652180194855, -0.2022937685251236, 0.8797436952590942
vb0[747]+024 TANGENT: -0.5054842233657837, -0.16348795592784882, 0.8472055792808533, -1.0
vb0[747]+040 BLENDWEIGHTS: 0.8730000257492065, 0.12700000405311584, 0.0, 0.0
vb0[747]+056 BLENDINDICES: 5, 0, 0, 0
vb0[747]+072 COLOR: 1.0, 0.5019607843137255, 0.5019607843137255, 0.4
vb0[747]+076 TEXCOORD: 0.5782942771911621, 0.7424507141113281

vb0[748]+000 POSITION: 0.05119248852133751, 1.84335196018219, 0.0978805422782898
vb0[748]+012 NORMAL: 0.5472546815872192, -0.26185572147369385, 0.794948935508728
vb0[748]+024 TANGENT: 0.6995991468429565, -0.2468516081571579, 0.6705410480499268, -1.0
vb0[748]+040 BLENDWEIGHTS: 0.9269999861717224, 0.0729999989271164, 0.0, 0.0
vb0[748]+056 BLENDINDICES: 5, 0, 0, 0
vb0[748]+072 COLOR: 1.0, 0.5019607843137255, 0.5019607843137255, 0.30196078431372547
vb0[748]+076 TEXCOORD: 0.5711421966552734, 0.7374460697174072

vb0[749]+000 POSITION: 0.04841431975364685, 1.8437330722808838, 0.09942388534545898
vb0[749]+012 NORMAL: 0.4282674193382263, -0.2447931170463562, 0.8698639869689941
vb0[749]+024 TANGENT: -0.5093026161193848, -0.11792321503162384, 0.8524699807167053, -1.0
vb0[749]+040 BLENDWEIGHTS: 0.9089999794960022, 0.09099999815225601, 0.0, 0.0
vb0[749]+056 BLENDINDICES: 5, 0, 0, 0
vb0[749]+072 COLOR: 1.0, 0.5019607843137255, 0.5019607843137255, 0.30196078431372547
vb0[749]+076 TEXCOORD: 0.5746610164642334, 0.7363210916519165

vb0[750]+000 POSITION: 0.04749702662229538, 1.8376468420028687, 0.09829103201627731
vb0[750]+012 NORMAL: 0.4205746352672577, -0.2907348573207855, 0.8594127297401428
vb0[750]+024 TANGENT: -0.5307707786560059, -0.055027544498443604, 0.8457270860671997, -1.0
vb0[750]+040 BLENDWEIGHTS: 0.9480000138282776, 0.052000001072883606, 0.0, 0.0
vb0[750]+056 BLENDINDICES: 5, 0, 0, 0
vb0[750]+072 COLOR: 1.0, 0.5019607843137255, 0.5019607843137255, 0.2
vb0[750]+076 TEXCOORD: 0.5707159042358398, 0.729560911655426

vb0[751]+000 POSITION: 0.04937373846769333, 1.837230920791626, 0.09721247106790543
vb0[751]+012 NORMAL: 0.5204943418502808, -0.3181344270706177, 0.7923862934112549
vb0[751]+024 TANGENT: 0.6794177889823914, -0.30617648363113403, 0.6668188571929932, -1.0
vb0[751]+040 BLENDWEIGHTS: 0.953000009059906, 0.04699999839067459, 0.0, 0.0
vb0[751]+056 BLENDINDICES: 5, 0, 0, 0
vb0[751]+072 COLOR: 1.0, 0.5019607843137255, 0.5019607843137255, 0.2
vb0[751]+076 TEXCOORD: 0.5682868957519531, 0.7302863001823425

vb0[752]+000 POSITION: 0.04736810922622681, 1.8322994709014893, 0.09679704159498215
vb0[752]+012 NORMAL: 0.5035535097122192, -0.3593350052833557, 0.7856922149658203
vb0[752]+024 TANGENT: 0.6662908792495728, -0.3563539683818817, 0.6550331711769104, -1.0
vb0[752]+040 BLENDWEIGHTS: 0.9750000238418579, 0.02500000037252903, 0.0, 0.0
vb0[752]+056 BLENDINDICES: 5, 0, 0, 0
vb0[752]+072 COLOR: 1.0, 0.5019607843137255, 0.5019607843137255, 0.10196078431372549
vb0[752]+076 TEXCOORD: 0.5657033920288086, 0.7242894768714905

vb0[753]+000 POSITION: 0.04620608687400818, 1.832563877105713, 0.09743382036685944
vb0[753]+012 NORMAL: 0.40914005041122437, -0.31996220350265503, 0.8545341491699219
vb0[753]+024 TANGENT: -0.5535085797309875, 0.04546332731842995, 0.8316016793251038, -1.0
vb0[753]+040 BLENDWEIGHTS: 0.9760000109672546, 0.024000000208616257, 0.0, 0.0
vb0[753]+056 BLENDINDICES: 5, 0, 0, 0
vb0[753]+072 COLOR: 1.0, 0.5019607843137255, 0.5019607843137255, 0.10196078431372549
vb0[753]+076 TEXCOORD: 0.5671334266662598, 0.7238042950630188

vb0[754]+000 POSITION: 0.04384293034672737, 1.8258702754974365, 0.09667462855577469
vb0[754]+012 NORMAL: 0.4925588369369507, -0.3841930627822876, 0.7808849811553955
vb0[754]+024 TANGENT: -0.43558746576309204, -0.8989937901496887, 0.04553962126374245, -1.0
vb0[754]+040 BLENDWEIGHTS: 1.0, 0.0, 0.0, 0.0
vb0[754]+056 BLENDINDICES: 5, 0, 0, 0
vb0[754]+072 COLOR: 1.0, 0.5019607843137255, 0.5019607843137255, 0.0
vb0[754]+076 TEXCOORD: 0.5620527267456055, 0.7158522605895996

vb0[755]+000 POSITION: 0.05621184781193733, 1.8637304306030273, 0.09365585446357727
vb0[755]+012 NORMAL: 0.6586899757385254, -0.07332799583673477, 0.7488328218460083
vb0[755]+024 TANGENT: 0.6107913851737976, 0.08077967166900635, -0.7876600623130798, -1.0
vb0[755]+040 BLENDWEIGHTS: 0.6470000147819519, 0.3529999852180481, 0.0, 0.0
vb0[755]+056 BLENDINDICES: 5, 0, 0, 0
vb0[755]+072 COLOR: 1.0, 0.5019607843137255, 0.5019607843137255, 0.4
vb0[755]+076 TEXCOORD: 0.5715131759643555, 0.7622643113136292

vb0[756]+000 POSITION: 0.05595662072300911, 1.8570685386657715, 0.09333430230617523
vb0[756]+012 NORMAL: 0.6540868878364563, -0.13217732310295105, 0.744781494140625
vb0[756]+024 TANGENT: 0.628343403339386, -0.02692931517958641, -0.7774698138237, -1.0
vb0[756]+040 BLENDWEIGHTS: 0.7509999871253967, 0.24899999797344208, 0.0, 0.0
vb0[756]+056 BLENDINDICES: 5, 0, 0, 0
vb0[756]+072 COLOR: 1.0, 0.5019607843137255, 0.5019607843137255, 0.4
vb0[756]+076 TEXCOORD: 0.5695295333862305, 0.7548133134841919

vb0[757]+000 POSITION: 0.05490872636437416, 1.850395917892456, 0.09338796138763428
vb0[757]+012 NORMAL: 0.6412361264228821, -0.20185032486915588, 0.7403192520141602
vb0[757]+024 TANGENT: 0.6166244745254517, -0.13384556770324707, -0.775796115398407, -1.0
vb0[757]+040 BLENDWEIGHTS: 0.8339999914169312, 0.16599999368190765, 0.0, 0.0
vb0[757]+056 BLENDINDICES: 5, 0, 0, 0
vb0[757]+072 COLOR: 1.0, 0.5019607843137255, 0.5019607843137255, 0.4
vb0[757]+076 TEXCOORD: 0.5678844451904297, 0.7471311688423157

vb0[758]+000 POSITION: 0.05332431569695473, 1.8438059091567993, 0.09375672787427902
vb0[758]+012 NORMAL: 0.6200200915336609, -0.26746436953544617, 0.7375892400741577
vb0[758]+024 TANGENT: 0.6140097975730896, -0.23574447631835938, -0.7532705664634705, -1.0
vb0[758]+040 BLENDWEIGHTS: 0.9020000100135803, 0.09799999743700027, 0.0, 0.0
vb0[758]+056 BLENDINDICES: 5, 0, 0, 0
vb0[758]+072 COLOR: 1.0, 0.5019607843137255, 0.5019607843137255, 0.30196078431372547
vb0[758]+076 TEXCOORD: 0.5663175582885742, 0.7393916249275208

vb0[759]+000 POSITION: 0.050903987139463425, 1.837337851524353, 0.0943405032157898
vb0[759]+012 NORMAL: 0.5915283560752869, -0.3351874053478241, 0.7333099842071533
vb0[759]+024 TANGENT: 0.5917003154754639, -0.3254368007183075, -0.7375510931015015, -1.0
vb0[759]+040 BLENDWEIGHTS: 0.949999988079071, 0.05000000074505806, 0.0, 0.0
vb0[759]+056 BLENDINDICES: 5, 0, 0, 0
vb0[759]+072 COLOR: 1.0, 0.5019607843137255, 0.5019607843137255, 0.2
vb0[759]+076 TEXCOORD: 0.5648870468139648, 0.7314937710762024

vb0[760]+000 POSITION: 0.04806913807988167, 1.8321369886398315, 0.09507331997156143
vb0[760]+012 NORMAL: 0.560802161693573, -0.3834248185157776, 0.7338163256645203
vb0[760]+024 TANGENT: 0.5114330053329468, -0.43331313133239746, -0.7420754432678223, -1.0
vb0[760]+040 BLENDWEIGHTS: 0.9750000238418579, 0.02500000037252903, 0.0, 0.0
vb0[760]+056 BLENDINDICES: 5, 0, 0, 0
vb0[760]+072 COLOR: 1.0, 0.5019607843137255, 0.5019607843137255, 0.10196078431372549
vb0[760]+076 TEXCOORD: 0.5636582374572754, 0.7246872186660767

vb0[761]+000 POSITION: 0.028149455785751343, 1.8815319538116455, 0.09551261365413666
vb0[761]+012 NORMAL: 0.0375017449259758, 0.20952661335468292, 0.9770835041999817
vb0[761]+024 TANGENT: -0.9124205112457275, 0.37269794940948486, -0.16907109320163727, -1.0
vb0[761]+040 BLENDWEIGHTS: 1.0, 0.0, 0.0, 0.0
vb0[761]+056 BLENDINDICES: 0, 0, 0, 0
vb0[761]+072 COLOR: 1.0, 0.5019607843137255, 0.5019607843137255, 0.30196078431372547
vb0[761]+076 TEXCOORD: 0.06523299217224121, 0.536827027797699

vb0[762]+000 POSITION: 0.025777369737625122, 1.8762269020080566, 0.09671858698129654
vb0[762]+012 NORMAL: 0.2996441721916199, -0.04021109268069267, 0.9532032608985901
vb0[762]+024 TANGENT: -0.5994580388069153, -0.776424765586853, 0.19445978105068207, -1.0
vb0[762]+040 BLENDWEIGHTS: 1.0, 0.0, 0.0, 0.0
vb0[762]+056 BLENDINDICES: 0, 0, 0, 0
vb0[762]+072 COLOR: 1.0, 0.5019607843137255, 0.5019607843137255, 0.0
vb0[762]+076 TEXCOORD: 0.07126903533935547, 0.5354490280151367

vb0[763]+000 POSITION: 0.029119355604052544, 1.8807765245437622, 0.09643084555864334
vb0[763]+012 NORMAL: 0.26608753204345703, 0.0071915206499397755, 0.9639220833778381
vb0[763]+024 TANGENT: 0.06112867221236229, 0.008651734329760075, 0.9980923533439636, -1.0
vb0[763]+040 BLENDWEIGHTS: 1.0, 0.0, 0.0, 0.0
vb0[763]+056 BLENDINDICES: 0, 0, 0, 0
vb0[763]+072 COLOR: 1.0, 0.5019607843137255, 0.5019607843137255, 0.5019607843137255
vb0[763]+076 TEXCOORD: 0.06534695625305176, 0.5353170037269592

vb0[764]+000 POSITION: 0.030908601358532906, 1.8800913095474243, 0.09461245685815811
vb0[764]+012 NORMAL: 0.3701508343219757, -0.07169657200574875, 0.926200807094574
vb0[764]+024 TANGENT: 0.3752739131450653, -0.844886302947998, -0.38123053312301636, -1.0
vb0[764]+040 BLENDWEIGHTS: 1.0, 0.0, 0.0, 0.0
vb0[764]+056 BLENDINDICES: 0, 0, 0, 0
vb0[764]+072 COLOR: 1.0, 0.5019607843137255, 0.5019607843137255, 0.2
vb0[764]+076 TEXCOORD: 0.06593513488769531, 0.5325040221214294

vb0[765]+000 POSITION: 0.03232215717434883, 1.8850551843643188, 0.09639579802751541
vb0[765]+012 NORMAL: 0.32710742950439453, 0.00420145969837904, 0.9449778199195862
vb0[765]+024 TANGENT: 0.029203059151768684, 0.008083701133728027, 0.9995408058166504, -1.0
vb0[765]+040 BLENDWEIGHTS: 1.0, 0.0, 0.0, 0.0
vb0[765]+056 BLENDINDICES: 0, 0, 0, 0
vb0[765]+072 COLOR: 1.0, 0.5019607843137255, 0.5019607843137255, 0.5019607843137255
vb0[765]+076 TEXCOORD: 0.05944013595581055, 0.5347350239753723

vb0[766]+000 POSITION: 0.03070352040231228, 1.8864459991455078, 0.09422207623720169
vb0[766]+012 NORMAL: 0.05755552649497986, 0.25266045331954956, 0.9658416509628296
vb0[766]+024 TANGENT: -0.8823724389076233, -0.3511541485786438, -0.31322458386421204, -1.0
vb0[766]+040 BLENDWEIGHTS: 1.0, 0.0, 0.0, 0.0
vb0[766]+056 BLENDINDICES: 0, 0, 0, 0
vb0[766]+072 COLOR: 1.0, 0.5019607843137255, 0.5019607843137255, 0.0
vb0[766]+076 TEXCOORD: 0.05918312072753906, 0.5379649996757507

vb0[767]+000 POSITION: 0.03863940015435219, 1.8936799764633179, 0.09627499431371689
vb0[767]+012 NORMAL: 0.3631347119808197, 0.02515966258943081, 0.9313968420028687
vb0[767]+024 TANGENT: 0.32554370164871216, -0.3439090847969055, 0.8807654976844788, -1.0
vb0[767]+040 BLENDWEIGHTS: 1.0, 0.0, 0.0, 0.0
vb0[767]+056 BLENDINDICES: 0, 0, 0, 0
vb0[767]+072 COLOR: 1.0, 0.5019607843137255, 0.5019607843137255, 0.5019607843137255
vb0[767]+076 TEXCOORD: 0.04798102378845215, 0.5333380103111267

vb0[768]+000 POSITION: 0.04095630720257759, 1.8853602409362793, 0.08919898420572281
vb0[768]+012 NORMAL: 0.44199132919311523, -0.05403413996100426, 0.8953903913497925
vb0[768]+024 TANGENT: -0.8135435581207275, -0.5704083442687988, 0.11305368691682816, -1.0
vb0[768]+040 BLENDWEIGHTS: 0.9909999966621399, 0.008999999612569809, 0.0, 0.0
vb0[768]+056 BLENDINDICES: 0, 5, 0, 0
vb0[768]+072 COLOR: 1.0, 0.5019607843137255, 0.5019607843137255, 0.25098039215686274
vb0[768]+076 TEXCOORD: 0.05798232555389404, 0.523094654083252

vb0[769]+000 POSITION: 0.03565957024693489, 1.8828078508377075, 0.09225042909383774
vb0[769]+012 NORMAL: 0.40926337242126465, -0.0564480721950531, 0.9106684923171997
vb0[769]+024 TANGENT: 0.26407328248023987, -0.91650390625, -0.30047607421875, -1.0
vb0[769]+040 BLENDWEIGHTS: 1.0, 0.0, 0.0, 0.0
vb0[769]+056 BLENDINDICES: 0, 0, 0, 0
vb0[769]+072 COLOR: 1.0, 0.5019607843137255, 0.5019607843137255, 0.2
vb0[769]+076 TEXCOORD: 0.06115579605102539, 0.5280404686927795

vb0[770]+000 POSITION: 0.04810391739010811, 1.8944419622421265, 0.09261585772037506
vb0[770]+012 NORMAL: 0.4533573389053345, 0.0008821432129479945, 0.8913283944129944
vb0[770]+024 TANGENT: -0.5022283792495728, -0.800676703453064, 0.32662442326545715, -1.0
vb0[770]+040 BLENDWEIGHTS: 1.0, 0.0, 0.0, 0.0
vb0[770]+056 BLENDINDICES: 0, 0, 0, 0
vb0[770]+072 COLOR: 1.0, 0.5019607843137255, 0.5019607843137255, 0.0
vb0[770]+076 TEXCOORD: 0.04225301742553711, 0.5236089825630188

vb0[771]+000 POSITION: 0.040836986154317856, 1.881554365158081, 0.08911670744419098
vb0[771]+012 NORMAL: 0.4662650525569916, -0.08740527182817459, 0.8803165555000305
vb0[771]+024 TANGENT: -0.47421500086784363, -0.8547238111495972, 0.21110975742340088, -1.0
vb0[771]+040 BLENDWEIGHTS: 1.0, 0.0, 0.0, 0.0
vb0[771]+056 BLENDINDICES: 0, 0, 0, 0
vb0[771]+072 COLOR: 1.0, 0.5019607843137255, 0.5019607843137255, 0.30196078431372547
vb0[771]+076 TEXCOORD: 0.056584835052490234, 0.5173100233078003

vb0[772]+000 POSITION: 0.04774630069732666, 1.8854202032089233, 0.08342798054218292
vb0[772]+012 NORMAL: 0.624530553817749, -0.5692775845527649, 0.5346818566322327
vb0[772]+024 TANGENT: 0.02181893400847912, -0.9761155247688293, -0.21615342795848846, -1.0
vb0[772]+040 BLENDWEIGHTS: 0.9779999852180481, 0.02199999988079071, 0.0, 0.0
vb0[772]+056 BLENDINDICES: 0, 5, 0, 0
vb0[772]+072 COLOR: 1.0, 0.5019607843137255, 0.5019607843137255, 0.30196078431372547
vb0[772]+076 TEXCOORD: 0.05626539885997772, 0.5106925964355469

vb0[773]+000 POSITION: 0.04308493062853813, 1.9005459547042847, 0.09640105813741684
vb0[773]+012 NORMAL: 0.37256667017936707, 0.09893018752336502, 0.9227171540260315
vb0[773]+024 TANGENT: -0.4971630275249481, -0.7423794865608215, 0.44911208748817444, -1.0
vb0[773]+040 BLENDWEIGHTS: 1.0, 0.0, 0.0, 0.0
vb0[773]+056 BLENDINDICES: 0, 0, 0, 0
vb0[773]+072 COLOR: 1.0, 0.5019607843137255, 0.5019607843137255, 0.0
vb0[773]+076 TEXCOORD: 0.039031028747558594, 0.5322909951210022

vb0[774]+000 POSITION: 0.0381755493581295, 1.9048240184783936, 0.09923963993787766
vb0[774]+012 NORMAL: 0.3183245360851288, 0.13460716605186462, 0.9383764863014221
vb0[774]+024 TANGENT: -0.5575656294822693, -0.6959086060523987, 0.4525836110115051, -1.0
vb0[774]+040 BLENDWEIGHTS: 0.9900000095367432, 0.009999999776482582, 0.0, 0.0
vb0[774]+056 BLENDINDICES: 0, 5, 0, 0
vb0[774]+072 COLOR: 1.0, 0.5019607843137255, 0.5019607843137255, 0.0
vb0[774]+076 TEXCOORD: 0.03644609451293945, 0.5393490195274353

vb0[775]+000 POSITION: 0.028351180255413055, 1.9005858898162842, 0.10038700699806213
vb0[775]+012 NORMAL: 0.22334429621696472, 0.13923464715480804, 0.964743971824646
vb0[775]+024 TANGENT: 0.0630832239985466, -0.07633953541517258, 0.9950842261314392, -1.0
vb0[775]+040 BLENDWEIGHTS: 1.0, 0.0, 0.0, 0.0
vb0[775]+056 BLENDINDICES: 0, 0, 0, 0
vb0[775]+072 COLOR: 1.0, 0.5019607843137255, 0.5019607843137255, 0.5019607843137255
vb0[775]+076 TEXCOORD: 0.045310020446777344, 0.5471839904785156

vb0[776]+000 POSITION: 0.022389769554138184, 1.8916409015655518, 0.10033328086137772
vb0[776]+012 NORMAL: 0.19020210206508636, 0.07179701328277588, 0.9791161417961121
vb0[776]+024 TANGENT: 0.0987018272280693, -0.10948723554611206, 0.9890755414962769, -1.0
vb0[776]+040 BLENDWEIGHTS: 1.0, 0.0, 0.0, 0.0
vb0[776]+056 BLENDINDICES: 0, 0, 0, 0
vb0[776]+072 COLOR: 1.0, 0.5019607843137255, 0.5019607843137255, 0.5019607843137255
vb0[776]+076 TEXCOORD: 0.05625200271606445, 0.5502870082855225

vb0[777]+000 POSITION: 0.019121520221233368, 1.8937339782714844, 0.09952123463153839
vb0[777]+012 NORMAL: 0.17163972556591034, 0.10781385749578476, 0.9792425632476807
vb0[777]+024 TANGENT: 0.0609942190349102, -0.03778356686234474, 0.9974228143692017, -1.0
vb0[777]+040 BLENDWEIGHTS: 1.0, 0.0, 0.0, 0.0
vb0[777]+056 BLENDINDICES: 0, 0, 0, 0
vb0[777]+072 COLOR: 1.0, 0.5019607843137255, 0.5019607843137255, 0.2
vb0[777]+076 TEXCOORD: 0.05519700050354004, 0.5545039772987366

vb0[778]+000 POSITION: 0.01833207905292511, 1.884644865989685, 0.10026819258928299
vb0[778]+012 NORMAL: 0.18482665717601776, 0.03893294930458069, 0.9819996356964111
vb0[778]+024 TANGENT: 0.11040293425321579, -0.06648904085159302, 0.9916604161262512, -1.0
vb0[778]+040 BLENDWEIGHTS: 1.0, 0.0, 0.0, 0.0
vb0[778]+056 BLENDINDICES: 0, 0, 0, 0
vb0[778]+072 COLOR: 1.0, 0.5019607843137255, 0.5019607843137255, 0.5019607843137255
vb0[778]+076 TEXCOORD: 0.06457805633544922, 0.5524430274963379

vb0[779]+000 POSITION: 0.024476639926433563, 1.8832049369812012, 0.09667793661355972
vb0[779]+012 NORMAL: 0.3184810280799866, -0.01010657474398613, 0.9478753805160522
vb0[779]+024 TANGENT: 0.36630621552467346, -0.9058389067649841, -0.21278083324432373, -1.0
vb0[779]+040 BLENDWEIGHTS: 1.0, 0.0, 0.0, 0.0
vb0[779]+056 BLENDINDICES: 0, 0, 0, 0
vb0[779]+072 COLOR: 1.0, 0.5019607843137255, 0.5019607843137255, 0.30196078431372547
vb0[779]+076 TEXCOORD: 0.06440305709838867, 0.544471025466919

vb0[780]+000 POSITION: 0.01902220956981182, 1.87995183467865, 0.09863124042749405
vb0[780]+012 NORMAL: 0.2818813621997833, -0.02547919750213623, 0.9591108560562134
vb0[780]+024 TANGENT: 0.4539530277252197, -0.8479271531105042, -0.2737627923488617, -1.0
vb0[780]+040 BLENDWEIGHTS: 1.0, 0.0, 0.0, 0.0
vb0[780]+056 BLENDINDICES: 0, 0, 0, 0
vb0[780]+072 COLOR: 1.0, 0.5019607843137255, 0.5019607843137255, 0.2
vb0[780]+076 TEXCOORD: 0.06926798820495605, 0.5498449802398682

vb0[781]+000 POSITION: 0.014195142313838005, 1.8761564493179321, 0.10050126165151596
vb0[781]+012 NORMAL: 0.17409425973892212, -0.013949709944427013, 0.9846301674842834
vb0[781]+024 TANGENT: -0.4688464105129242, -0.8695043921470642, 0.15538716316223145, -1.0
vb0[781]+040 BLENDWEIGHTS: 1.0, 0.0, 0.0, 0.0
vb0[781]+056 BLENDINDICES: 0, 0, 0, 0
vb0[781]+072 COLOR: 1.0, 0.5019607843137255, 0.5019607843137255, 0.0
vb0[781]+076 TEXCOORD: 0.07448005676269531, 0.5542420148849487

vb0[782]+000 POSITION: 0.015272329561412334, 1.8839759826660156, 0.09955774992704391
vb0[782]+012 NORMAL: 0.1392703354358673, 0.05219857767224312, 0.9888777136802673
vb0[782]+024 TANGENT: -0.9117724895477295, -0.41021302342414856, -0.019904794171452522, -1.0
vb0[782]+040 BLENDWEIGHTS: 1.0, 0.0, 0.0, 0.0
vb0[782]+056 BLENDINDICES: 0, 0, 0, 0
vb0[782]+072 COLOR: 1.0, 0.5019607843137255, 0.5019607843137255, 0.0
vb0[782]+076 TEXCOORD: 0.06615900993347168, 0.5555490255355835

vb0[783]+000 POSITION: 0.024029290303587914, 1.9032490253448486, 0.0997152179479599
vb0[783]+012 NORMAL: 0.1945921629667282, 0.16672150790691376, 0.9666114449501038
vb0[783]+024 TANGENT: 0.06736743450164795, -0.08553940802812576, 0.9940547347068787, -1.0
vb0[783]+040 BLENDWEIGHTS: 1.0, 0.0, 0.0, 0.0
vb0[783]+056 BLENDINDICES: 0, 0, 0, 0
vb0[783]+072 COLOR: 1.0, 0.5019607843137255, 0.5019607843137255, 0.2
vb0[783]+076 TEXCOORD: 0.0444951057434082, 0.5526000261306763

vb0[784]+000 POSITION: 0.014409279450774193, 1.896638035774231, 0.10142489522695541
vb0[784]+012 NORMAL: 0.2324032336473465, 0.07808554172515869, 0.9694799780845642
vb0[784]+024 TANGENT: 0.4614697992801666, -0.2551479935646057, 0.8496735095977783, -1.0
vb0[784]+040 BLENDWEIGHTS: 1.0, 0.0, 0.0, 0.0
vb0[784]+056 BLENDINDICES: 0, 0, 0, 0
vb0[784]+072 COLOR: 1.0, 0.5019607843137255, 0.5019607843137255, 0.5019607843137255
vb0[784]+076 TEXCOORD: 0.05338096618652344, 0.5607100129127502

vb0[785]+000 POSITION: 0.018550420179963112, 1.9054960012435913, 0.10196345299482346
vb0[785]+012 NORMAL: 0.29682162404060364, 0.10351070761680603, 0.949306309223175
vb0[785]+024 TANGENT: 0.4976678788661957, -0.3046911954879761, 0.8120898604393005, -1.0
vb0[785]+040 BLENDWEIGHTS: 1.0, 0.0, 0.0, 0.0
vb0[785]+056 BLENDINDICES: 0, 0, 0, 0
vb0[785]+072 COLOR: 1.0, 0.5019607843137255, 0.5019607843137255, 0.5019607843137255
vb0[785]+076 TEXCOORD: 0.04333686828613281, 0.559486985206604

vb0[786]+000 POSITION: 0.01024863962084055, 1.8866339921951294, 0.10099777579307556
vb0[786]+012 NORMAL: 0.19825345277786255, 0.03173787146806717, 0.9796367287635803
vb0[786]+024 TANGENT: 0.42248985171318054, -0.1926335096359253, 0.8856605291366577, -1.0
vb0[786]+040 BLENDWEIGHTS: 1.0, 0.0, 0.0, 0.0
vb0[786]+056 BLENDINDICES: 0, 0, 0, 0
vb0[786]+072 COLOR: 1.0, 0.5019607843137255, 0.5019607843137255, 0.5019607843137255
vb0[786]+076 TEXCOORD: 0.06477212905883789, 0.5617780089378357

vb0[787]+000 POSITION: 0.033058758825063705, 1.909609079360962, 0.1002492755651474
vb0[787]+012 NORMAL: 0.25181812047958374, 0.2107928991317749, 0.9445390105247498
vb0[787]+024 TANGENT: -0.5502753257751465, -0.6109769344329834, 0.5691258311271667, -1.0
vb0[787]+040 BLENDWEIGHTS: 0.9869999885559082, 0.013000000268220901, 0.0, 0.0
vb0[787]+056 BLENDINDICES: 0, 5, 0, 0
vb0[787]+072 COLOR: 1.0, 0.5019607843137255, 0.5019607843137255, 0.0
vb0[787]+076 TEXCOORD: 0.03481912612915039, 0.5464509725570679

vb0[788]+000 POSITION: 0.029440999031066895, 1.9128459692001343, 0.10068336129188538
vb0[788]+012 NORMAL: 0.21704666316509247, 0.20707720518112183, 0.9539443850517273
vb0[788]+024 TANGENT: -0.4173539876937866, -0.7063919901847839, 0.5716869831085205, -1.0
vb0[788]+040 BLENDWEIGHTS: 0.9850000143051147, 0.014999999664723873, 0.0, 0.0
vb0[788]+056 BLENDINDICES: 0, 5, 0, 0
vb0[788]+072 COLOR: 1.0, 0.5019607843137255, 0.5019607843137255, 0.0
vb0[788]+076 TEXCOORD: 0.03410601615905762, 0.550881028175354

vb0[789]+000 POSITION: 0.025573989376425743, 1.9144859313964844, 0.10173563659191132
vb0[789]+012 NORMAL: 0.2508566379547119, 0.18776795268058777, 0.9496389627456665
vb0[789]+024 TANGENT: -0.019728781655430794, -0.8212191462516785, 0.5702718496322632, -1.0
vb0[789]+040 BLENDWEIGHTS: 1.0, 0.0, 0.0, 0.0
vb0[789]+056 BLENDINDICES: 0, 0, 0, 0
vb0[789]+072 COLOR: 1.0, 0.5019607843137255, 0.5019607843137255, 0.0
vb0[789]+076 TEXCOORD: 0.03383803367614746, 0.5547800064086914

vb0[790]+000 POSITION: 0.007193310186266899, 1.8881598711013794, 0.10370761901140213
vb0[790]+012 NORMAL: 0.22772806882858276, 0.008042140863835812, 0.9736915826797485
vb0[790]+024 TANGENT: 0.1851058155298233, -0.17421364784240723, 0.9671533107757568, -1.0
vb0[790]+040 BLENDWEIGHTS: 1.0, 0.0, 0.0, 0.0
vb0[790]+056 BLENDINDICES: 0, 0, 0, 0
vb0[790]+072 COLOR: 1.0, 0.5019607843137255, 0.5019607843137255, 0.5019607843137255
vb0[790]+076 TEXCOORD: 0.06376886367797852, 0.5663769841194153

vb0[791]+000 POSITION: 0.011198320426046848, 1.8979558944702148, 0.1048140600323677
vb0[791]+012 NORMAL: 0.28012892603874207, 0.05298494175076485, 0.958499014377594
vb0[791]+024 TANGENT: 0.23830156028270721, -0.21427224576473236, 0.9472590684890747, -1.0
vb0[791]+040 BLENDWEIGHTS: 1.0, 0.0, 0.0, 0.0
vb0[791]+056 BLENDINDICES: 0, 0, 0, 0
vb0[791]+072 COLOR: 1.0, 0.5019607843137255, 0.5019607843137255, 0.5019607843137255
vb0[791]+076 TEXCOORD: 0.052304983139038086, 0.5659310221672058

vb0[792]+000 POSITION: 0.015401279553771019, 1.9064229726791382, 0.10603142529726028
vb0[792]+012 NORMAL: 0.3394972085952759, 0.07224365323781967, 0.9378286600112915
vb0[792]+024 TANGENT: 0.25581738352775574, -0.26128828525543213, 0.9307448863983154, -1.0
vb0[792]+040 BLENDWEIGHTS: 1.0, 0.0, 0.0, 0.0
vb0[792]+056 BLENDINDICES: 0, 0, 0, 0
vb0[792]+072 COLOR: 1.0, 0.5019607843137255, 0.5019607843137255, 0.5019607843137255
vb0[792]+076 TEXCOORD: 0.041723012924194336, 0.5650529861450195

vb0[793]+000 POSITION: 0.00730342511087656, 1.879555583000183, 0.10101628303527832
vb0[793]+012 NORMAL: 0.1678943783044815, -0.02905011549592018, 0.9853768944740295
vb0[793]+024 TANGENT: 0.6111857891082764, -0.7595468759536743, -0.22257673740386963, -1.0
vb0[793]+040 BLENDWEIGHTS: 1.0, 0.0, 0.0, 0.0
vb0[793]+056 BLENDINDICES: 0, 0, 0, 0
vb0[793]+072 COLOR: 1.0, 0.5019607843137255, 0.5019607843137255, 0.30196078431372547
vb0[793]+076 TEXCOORD: 0.07279109954833984, 0.5628740191459656

vb0[794]+000 POSITION: 0.002504108240827918, 1.8753585815429688, 0.10202255845069885
vb0[794]+012 NORMAL: 0.14855355024337769, -0.0687866061925888, 0.9865090250968933
vb0[794]+024 TANGENT: -0.31447768211364746, -0.9482406377792358, 0.04408550634980202, -1.0
vb0[794]+040 BLENDWEIGHTS: 1.0, 0.0, 0.0, 0.0
vb0[794]+056 BLENDINDICES: 0, 0, 0, 0
vb0[794]+072 COLOR: 1.0, 0.5019607843137255, 0.5019607843137255, 0.0
vb0[794]+076 TEXCOORD: 0.07845783233642578, 0.5668249726295471

vb0[795]+000 POSITION: 0.023074040189385414, 1.914639949798584, 0.10292765498161316
vb0[795]+012 NORMAL: 0.27286702394485474, 0.16901294887065887, 0.9470893144607544
vb0[795]+024 TANGENT: 0.36273837089538574, -0.8216991424560547, 0.43958088755607605, -1.0
vb0[795]+040 BLENDWEIGHTS: 1.0, 0.0, 0.0, 0.0
vb0[795]+056 BLENDINDICES: 0, 0, 0, 0
vb0[795]+072 COLOR: 1.0, 0.5019607843137255, 0.5019607843137255, 0.0
vb0[795]+076 TEXCOORD: 0.03358602523803711, 0.5572019815444946

vb0[796]+000 POSITION: 0.023074040189385414, 1.914639949798584, 0.10292765498161316
vb0[796]+012 NORMAL: 0.41947004199028015, 0.10812739282846451, 0.9013064503669739
vb0[796]+024 TANGENT: 0.36273837089538574, -0.8216991424560547, 0.43958088755607605, -1.0
vb0[796]+040 BLENDWEIGHTS: 1.0, 0.0, 0.0, 0.0
vb0[796]+056 BLENDINDICES: 0, 0, 0, 0
vb0[796]+072 COLOR: 1.0, 0.5019607843137255, 0.5019607843137255, 0.0
vb0[796]+076 TEXCOORD: 0.03358602523803711, 0.5572019815444946

vb0[797]+000 POSITION: 0.02076452039182186, 1.9136419296264648, 0.10774187743663788
vb0[797]+012 NORMAL: 0.4020461142063141, 0.09031517803668976, 0.9111542105674744
vb0[797]+024 TANGENT: 0.194582000374794, -0.4925749599933624, 0.8482380509376526, -1.0
vb0[797]+040 BLENDWEIGHTS: 1.0, 0.0, 0.0, 0.0
vb0[797]+056 BLENDINDICES: 0, 0, 0, 0
vb0[797]+072 COLOR: 1.0, 0.5019607843137255, 0.5019607843137255, 0.5019607843137255
vb0[797]+076 TEXCOORD: 0.03161001205444336, 0.5618330240249634

vb0[798]+000 POSITION: 0.051506683230400085, 1.885461688041687, 0.08033189922571182
vb0[798]+012 NORMAL: 0.5550237894058228, -0.14172357320785522, 0.8196724057197571
vb0[798]+024 TANGENT: -0.5476855039596558, -0.8362613916397095, -0.026598334312438965, -1.0
vb0[798]+040 BLENDWEIGHTS: 0.9769999980926514, 0.023000000044703484, 0.0, 0.0
vb0[798]+056 BLENDINDICES: 0, 5, 0, 0
vb0[798]+072 COLOR: 1.0, 0.5019607843137255, 0.5019607843137255, 0.30196078431372547
vb0[798]+076 TEXCOORD: 0.0560915470123291, 0.5070911049842834

vb0[799]+000 POSITION: 0.05689298361539841, 1.8816295862197876, 0.07069201022386551
vb0[799]+012 NORMAL: 0.6333289742469788, -0.18388041853904724, 0.75171959400177
vb0[799]+024 TANGENT: -0.914326548576355, -0.38050633668899536, -0.1386430263519287, -1.0
vb0[799]+040 BLENDWEIGHTS: 0.984000027179718, 0.01600000075995922, 0.0, 0.0
vb0[799]+056 BLENDINDICES: 0, 5, 0, 0
vb0[799]+072 COLOR: 1.0, 0.5019607843137255, 0.5019607843137255, 0.30196078431372547
vb0[799]+076 TEXCOORD: 0.05919075012207031, 0.49555790424346924

vb0[800]+000 POSITION: 0.054044779390096664, 1.8840181827545166, 0.0802445262670517
vb0[800]+012 NORMAL: 0.5688236355781555, -0.11800120770931244, 0.8139505982398987
vb0[800]+024 TANGENT: -0.8092988729476929, -0.5860371589660645, 0.03994739428162575, -1.0
vb0[800]+040 BLENDWEIGHTS: 1.0, 0.0, 0.0, 0.0
vb0[800]+056 BLENDINDICES: 0, 0, 0, 0
vb0[800]+072 COLOR: 1.0, 0.5019607843137255, 0.5019607843137255, 0.0
vb0[800]+076 TEXCOORD: 0.05083799362182617, 0.5054879784584045

vb0[801]+000 POSITION: 0.05305550992488861, 1.8877495527267456, 0.08630586415529251
vb0[801]+012 NORMAL: 0.5139685273170471, -0.053882621228694916, 0.8561151027679443
vb0[801]+024 TANGENT: -0.8481742739677429, -0.5279024243354797, 0.04381144419312477, -1.0
vb0[801]+040 BLENDWEIGHTS: 1.0, 0.0, 0.0, 0.0
vb0[801]+056 BLENDINDICES: 0, 0, 0, 0
vb0[801]+072 COLOR: 1.0, 0.5019607843137255, 0.5019607843137255, 0.0
vb0[801]+076 TEXCOORD: 0.04652690887451172, 0.5133100152015686

vb0[802]+000 POSITION: 0.027715180069208145, 1.9110839366912842, 0.10966888815164566
vb0[802]+012 NORMAL: -0.6298831701278687, -0.7398896813392639, -0.23624233901500702
vb0[802]+024 TANGENT: -0.6054180264472961, -0.4403369724750519, 0.6630025506019592, -1.0
vb0[802]+040 BLENDWEIGHTS: 0.9800000190734863, 0.019999999552965164, 0.0, 0.0
vb0[802]+056 BLENDINDICES: 0, 5, 0, 0
vb0[802]+072 COLOR: 1.0, 0.5019607843137255, 0.5019607843137255, 0.5019607843137255
vb0[802]+076 TEXCOORD: 0.02526092529296875, 0.5535799860954285

vb0[803]+000 POSITION: 0.02440979890525341, 1.9140870571136475, 0.1088150292634964
vb0[803]+012 NORMAL: -0.4173060953617096, -0.8904832601547241, -0.18137036263942719
vb0[803]+024 TANGENT: -0.4146678149700165, -0.5379620790481567, 0.7339260578155518, -1.0
vb0[803]+040 BLENDWEIGHTS: 1.0, 0.0, 0.0, 0.0
vb0[803]+056 BLENDINDICES: 0, 0, 0, 0
vb0[803]+072 COLOR: 1.0, 0.5019607843137255, 0.5019607843137255, 0.5019607843137255
vb0[803]+076 TEXCOORD: 0.02780294418334961, 0.5584719777107239

vb0[804]+000 POSITION: 0.028250250965356827, 1.911889910697937, 0.10598953068256378
vb0[804]+012 NORMAL: -0.558988094329834, -0.7978613972663879, -0.2257196307182312
vb0[804]+024 TANGENT: -0.6394082307815552, -0.7236128449440002, -0.25988736748695374, -1.0
vb0[804]+040 BLENDWEIGHTS: 0.9679999947547913, 0.03200000151991844, 0.0, 0.0
vb0[804]+056 BLENDINDICES: 0, 5, 0, 0
vb0[804]+072 COLOR: 1.0, 0.5019607843137255, 0.5019607843137255, 0.5019607843137255
vb0[804]+076 TEXCOORD: 0.02884387969970703, 0.5524929761886597

vb0[805]+000 POSITION: 0.025280097499489784, 1.9142909049987793, 0.10444938391447067
vb0[805]+012 NORMAL: -0.3110105097293854, -0.9390160441398621, -0.14670152962207794
vb0[805]+024 TANGENT: -0.32919371128082275, -0.935200035572052, -0.13050788640975952, -1.0
vb0[805]+040 BLENDWEIGHTS: 1.0, 0.0, 0.0, 0.0
vb0[805]+056 BLENDINDICES: 0, 0, 0, 0
vb0[805]+072 COLOR: 1.0, 0.5019607843137255, 0.5019607843137255, 0.5019607843137255
vb0[805]+076 TEXCOORD: 0.031358957290649414, 0.5558189749717712

vb0[806]+000 POSITION: 0.02249015122652054, 1.9143850803375244, 0.108220174908638
vb0[806]+012 NORMAL: -0.08334103971719742, -0.9923921823501587, -0.09062005579471588
vb0[806]+024 TANGENT: -0.14439058303833008, -0.6324170231819153, 0.7610520124435425, -1.0
vb0[806]+040 BLENDWEIGHTS: 1.0, 0.0, 0.0, 0.0
vb0[806]+056 BLENDINDICES: 0, 0, 0, 0
vb0[806]+072 COLOR: 1.0, 0.5019607843137255, 0.5019607843137255, 0.5019607843137255
vb0[806]+076 TEXCOORD: 0.029612064361572266, 0.5603110194206238

vb0[807]+000 POSITION: 0.029440999031066895, 1.9128459692001343, 0.10068336129188538
vb0[807]+012 NORMAL: -0.49374738335609436, -0.8423587083816528, -0.21597544848918915
vb0[807]+024 TANGENT: -0.4173539876937866, -0.7063919901847839, 0.5716869831085205, -1.0
vb0[807]+040 BLENDWEIGHTS: 0.9850000143051147, 0.014999999664723873, 0.0, 0.0
vb0[807]+056 BLENDINDICES: 0, 5, 0, 0
vb0[807]+072 COLOR: 1.0, 0.5019607843137255, 0.5019607843137255, 0.0
vb0[807]+076 TEXCOORD: 0.03410601615905762, 0.550881028175354

vb0[808]+000 POSITION: 0.03135525807738304, 1.9080870151519775, 0.1065768226981163
vb0[808]+012 NORMAL: -0.7264358401298523, -0.6071850061416626, -0.32189634442329407
vb0[808]+024 TANGENT: -0.7363442182540894, -0.5951650142669678, -0.32183194160461426, -1.0
vb0[808]+040 BLENDWEIGHTS: 0.9240000247955322, 0.07599999755620956, 0.0, 0.0
vb0[808]+056 BLENDINDICES: 0, 5, 0, 0
vb0[808]+072 COLOR: 1.0, 0.5019607843137255, 0.5019607843137255, 0.5019607843137255
vb0[808]+076 TEXCOORD: 0.027750015258789062, 0.5475220084190369

vb0[809]+000 POSITION: 0.033058758825063705, 1.909609079360962, 0.1002492755651474
vb0[809]+012 NORMAL: -0.6812276244163513, -0.645219624042511, -0.34586217999458313
vb0[809]+024 TANGENT: -0.5502753257751465, -0.6109769344329834, 0.5691258311271667, -1.0
vb0[809]+040 BLENDWEIGHTS: 0.9869999885559082, 0.013000000268220901, 0.0, 0.0
vb0[809]+056 BLENDINDICES: 0, 5, 0, 0
vb0[809]+072 COLOR: 1.0, 0.5019607843137255, 0.5019607843137255, 0.0
vb0[809]+076 TEXCOORD: 0.03481912612915039, 0.5464509725570679

vb0[810]+000 POSITION: 0.030532848089933395, 1.9073150157928467, 0.11032754927873611
vb0[810]+012 NORMAL: -0.7529277205467224, -0.5849753618240356, -0.30150216817855835
vb0[810]+024 TANGENT: -0.6282721757888794, -0.3703421950340271, 0.68419349193573, -1.0
vb0[810]+040 BLENDWEIGHTS: 0.9259999990463257, 0.07400000095367432, 0.0, 0.0
vb0[810]+056 BLENDINDICES: 0, 5, 0, 0
vb0[810]+072 COLOR: 1.0, 0.5019607843137255, 0.5019607843137255, 0.5019607843137255
vb0[810]+076 TEXCOORD: 0.023906946182250977, 0.5484570264816284

vb0[811]+000 POSITION: 0.03451924026012421, 1.90304696559906, 0.10694035142660141
vb0[811]+012 NORMAL: -0.7826862931251526, -0.4823029935359955, -0.3934284448623657
vb0[811]+024 TANGENT: -0.7825330495834351, -0.48788002133369446, -0.38680118322372437, -1.0
vb0[811]+040 BLENDWEIGHTS: 0.8560000061988831, 0.14399999380111694, 0.0, 0.0
vb0[811]+056 BLENDINDICES: 0, 5, 0, 0
vb0[811]+072 COLOR: 1.0, 0.5019607843137255, 0.5019607843137255, 0.5019607843137255
vb0[811]+076 TEXCOORD: 0.026664018630981445, 0.5415670275688171

vb0[812]+000 POSITION: 0.033344220370054245, 1.9025739431381226, 0.11083409935235977
vb0[812]+012 NORMAL: -0.8160239458084106, -0.4645770192146301, -0.34390848875045776
vb0[812]+024 TANGENT: -0.6293531656265259, -0.3149600327014923, 0.710432767868042, -1.0
vb0[812]+040 BLENDWEIGHTS: 0.847000002861023, 0.15299999713897705, 0.0, 0.0
vb0[812]+056 BLENDINDICES: 0, 5, 0, 0
vb0[812]+072 COLOR: 1.0, 0.5019607843137255, 0.5019607843137255, 0.5019607843137255
vb0[812]+076 TEXCOORD: 0.022305965423583984, 0.5428550243377686

vb0[813]+000 POSITION: 0.03695213049650192, 1.8981640338897705, 0.10703481733798981
vb0[813]+012 NORMAL: -0.7998660206794739, -0.36975258588790894, -0.4727550745010376
vb0[813]+024 TANGENT: -0.8156050443649292, -0.3537929058074951, -0.4578416347503662, -1.0
vb0[813]+040 BLENDWEIGHTS: 0.7960000038146973, 0.20399999618530273, 0.0, 0.0
vb0[813]+056 BLENDINDICES: 0, 5, 0, 0
vb0[813]+072 COLOR: 1.0, 0.5019607843137255, 0.5019607843137255, 0.5019607843137255
vb0[813]+076 TEXCOORD: 0.02550196647644043, 0.536005973815918

vb0[814]+000 POSITION: 0.03560378775000572, 1.8972779512405396, 0.11110003292560577
vb0[814]+012 NORMAL: -0.8521736264228821, -0.344256728887558, -0.39406511187553406
vb0[814]+024 TANGENT: -0.640861988067627, -0.24701499938964844, 0.7268283367156982, -1.0
vb0[814]+040 BLENDWEIGHTS: 0.7490000128746033, 0.25099998712539673, 0.0, 0.0
vb0[814]+056 BLENDINDICES: 0, 5, 0, 0
vb0[814]+072 COLOR: 1.0, 0.5019607843137255, 0.5019607843137255, 0.5019607843137255
vb0[814]+076 TEXCOORD: 0.020655155181884766, 0.5370699763298035

vb0[815]+000 POSITION: 0.03908953815698624, 1.890737533569336, 0.10686952620744705
vb0[815]+012 NORMAL: -0.7816246747970581, -0.2307979017496109, -0.57947838306427
vb0[815]+024 TANGENT: -0.8075122833251953, -0.23631946742534637, -0.5404415130615234, -1.0
vb0[815]+040 BLENDWEIGHTS: 0.6690000295639038, 0.3310000002384186, 0.0, 0.0
vb0[815]+056 BLENDINDICES: 0, 5, 0, 0
vb0[815]+072 COLOR: 1.0, 0.5019607843137255, 0.5019607843137255, 0.30196078431372547
vb0[815]+076 TEXCOORD: 0.023405075073242188, 0.5281100273132324

vb0[816]+000 POSITION: 0.0374925397336483, 1.8899412155151367, 0.11096727102994919
vb0[816]+012 NORMAL: -0.8529552817344666, -0.2250526398420334, -0.4709762632846832
vb0[816]+024 TANGENT: -0.6620688438415527, -0.22160077095031738, 0.7159315347671509, -1.0
vb0[816]+040 BLENDWEIGHTS: 0.6029999852180481, 0.3970000147819519, 0.0, 0.0
vb0[816]+056 BLENDINDICES: 0, 5, 0, 0
vb0[816]+072 COLOR: 1.0, 0.5019607843137255, 0.5019607843137255, 0.5019607843137255
vb0[816]+076 TEXCOORD: 0.018455982208251953, 0.529371976852417

vb0[817]+000 POSITION: 0.040885891765356064, 1.8830264806747437, 0.10643448680639267
vb0[817]+012 NORMAL: -0.7473875880241394, -0.11193853616714478, -0.6548904180526733
vb0[817]+024 TANGENT: -0.7154816389083862, -0.055585745722055435, -0.6964167356491089, -1.0
vb0[817]+040 BLENDWEIGHTS: 0.5099999904632568, 0.49000000953674316, 0.0, 0.0
vb0[817]+056 BLENDINDICES: 0, 5, 0, 0
vb0[817]+072 COLOR: 1.0, 0.5019607843137255, 0.5019607843137255, 0.30196078431372547
vb0[817]+076 TEXCOORD: 0.021216869354248047, 0.5199159979820251

vb0[818]+000 POSITION: 0.0388791449368, 1.8819626569747925, 0.11045297235250473
vb0[818]+012 NORMAL: -0.8395154476165771, -0.09722921252250671, -0.5345655083656311
vb0[818]+024 TANGENT: -0.6685805916786194, -0.190145343542099, 0.7189192175865173, -1.0
vb0[818]+040 BLENDWEIGHTS: 0.5419999957084656, 0.4580000042915344, 0.0, 0.0
vb0[818]+056 BLENDINDICES: 5, 0, 0, 0
vb0[818]+072 COLOR: 1.0, 0.5019607843137255, 0.5019607843137255, 0.5019607843137255
vb0[818]+076 TEXCOORD: 0.0160980224609375, 0.5211210250854492

vb0[819]+000 POSITION: 0.04145302623510361, 1.874111294746399, 0.10575439035892487
vb0[819]+012 NORMAL: -0.7103745341300964, 0.004169595427811146, -0.703811526298523
vb0[819]+024 TANGENT: -0.7105221152305603, 0.04297971725463867, -0.7023611664772034, -1.0
vb0[819]+040 BLENDWEIGHTS: 0.6710000038146973, 0.32899999618530273, 0.0, 0.0
vb0[819]+056 BLENDINDICES: 5, 0, 0, 0
vb0[819]+072 COLOR: 1.0, 0.5019607843137255, 0.5019607843137255, 0.30196078431372547
vb0[819]+076 TEXCOORD: 0.018157005310058594, 0.5110819935798645

vb0[820]+000 POSITION: 0.0394757017493248, 1.8737030029296875, 0.10960754752159119
vb0[820]+012 NORMAL: -0.8477426171302795, -0.012737700715661049, -0.5302548408508301
vb0[820]+024 TANGENT: -0.6752503514289856, -0.1145903617143631, 0.7286329865455627, -1.0
vb0[820]+040 BLENDWEIGHTS: 0.6660000085830688, 0.33399999141693115, 0.0, 0.0
vb0[820]+056 BLENDINDICES: 5, 0, 0, 0
vb0[820]+072 COLOR: 1.0, 0.5019607843137255, 0.5019607843137255, 0.5019607843137255
vb0[820]+076 TEXCOORD: 0.013694047927856445, 0.512703001499176

vb0[821]+000 POSITION: 0.04107894003391266, 1.8664475679397583, 0.10517150908708572
vb0[821]+012 NORMAL: -0.7123329639434814, 0.06917934864759445, -0.6984239220619202
vb0[821]+024 TANGENT: -0.7002430558204651, 0.1066751554608345, -0.7058896422386169, -1.0
vb0[821]+040 BLENDWEIGHTS: 0.7910000085830688, 0.20900000631809235, 0.0, 0.0
vb0[821]+056 BLENDINDICES: 5, 0, 0, 0
vb0[821]+072 COLOR: 1.0, 0.5019607843137255, 0.5019607843137255, 0.30196078431372547
vb0[821]+076 TEXCOORD: 0.015148162841796875, 0.5037479996681213

vb0[822]+000 POSITION: 0.03937356546521187, 1.8658616542816162, 0.10861297696828842
vb0[822]+012 NORMAL: -0.8427717685699463, 0.0685085877776146, -0.5338934659957886
vb0[822]+024 TANGENT: -0.6707217693328857, -0.051092978566884995, 0.7399471998214722, -1.0
vb0[822]+040 BLENDWEIGHTS: 0.777999997138977, 0.22200000286102295, 0.0, 0.0
vb0[822]+056 BLENDINDICES: 5, 0, 0, 0
vb0[822]+072 COLOR: 1.0, 0.5019607843137255, 0.5019607843137255, 0.5019607843137255
vb0[822]+076 TEXCOORD: 0.011415958404541016, 0.504725992679596

vb0[823]+000 POSITION: 0.0402640774846077, 1.8602350950241089, 0.10477703809738159
vb0[823]+012 NORMAL: -0.7042747139930725, 0.12815411388874054, -0.6982646584510803
vb0[823]+024 TANGENT: -0.689437210559845, 0.16144323348999023, -0.7061248421669006, -1.0
vb0[823]+040 BLENDWEIGHTS: 0.8569999933242798, 0.14300000667572021, 0.0, 0.0
vb0[823]+056 BLENDINDICES: 5, 0, 0, 0
vb0[823]+072 COLOR: 1.0, 0.5019607843137255, 0.5019607843137255, 0.30196078431372547
vb0[823]+076 TEXCOORD: 0.012650012969970703, 0.49768000841140747

vb0[824]+000 POSITION: 0.038685888051986694, 1.8598817586898804, 0.10778088122606277
vb0[824]+012 NORMAL: -0.8353449702262878, 0.13981683552265167, -0.5316483974456787
vb0[824]+024 TANGENT: -0.6819509267807007, -0.011338411830365658, 0.7313100099563599, -1.0
vb0[824]+040 BLENDWEIGHTS: 0.8550000190734863, 0.14499999582767487, 0.0, 0.0
vb0[824]+056 BLENDINDICES: 5, 0, 0, 0
vb0[824]+072 COLOR: 1.0, 0.5019607843137255, 0.5019607843137255, 0.4
vb0[824]+076 TEXCOORD: 0.009631156921386719, 0.4984770119190216

vb0[825]+000 POSITION: 0.03901110962033272, 1.8544862270355225, 0.10453439503908157
vb0[825]+012 NORMAL: -0.6985461115837097, 0.18138261139392853, -0.6921948790550232
vb0[825]+024 TANGENT: -0.6873873472213745, 0.207429900765419, -0.6960398554801941, -1.0
vb0[825]+040 BLENDWEIGHTS: 0.9010000228881836, 0.0989999994635582, 0.0, 0.0
vb0[825]+056 BLENDINDICES: 5, 0, 0, 0
vb0[825]+072 COLOR: 1.0, 0.5019607843137255, 0.5019607843137255, 0.30196078431372547
vb0[825]+076 TEXCOORD: 0.01023101806640625, 0.4918220043182373

vb0[826]+000 POSITION: 0.03777376562356949, 1.8542603254318237, 0.10690294206142426
vb0[826]+012 NORMAL: -0.8250250220298767, 0.20461614429950714, -0.5267503261566162
vb0[826]+024 TANGENT: -0.6825332641601562, 0.0335237979888916, 0.7300852537155151, -1.0
vb0[826]+040 BLENDWEIGHTS: 0.9010000228881836, 0.0989999994635582, 0.0, 0.0
vb0[826]+056 BLENDINDICES: 5, 0, 0, 0
vb0[826]+072 COLOR: 1.0, 0.5019607843137255, 0.5019607843137255, 0.30196078431372547
vb0[826]+076 TEXCOORD: 0.007892131805419922, 0.49239298701286316

vb0[827]+000 POSITION: 0.04390527307987213, 1.8839975595474243, 0.10470940172672272
vb0[827]+012 NORMAL: -0.756588876247406, -0.18937067687511444, -0.6258690357208252
vb0[827]+024 TANGENT: -0.645413875579834, -0.12454885989427567, -0.7536103129386902, -1.0
vb0[827]+040 BLENDWEIGHTS: 0.5920000076293945, 0.40799999237060547, 0.0, 0.0
vb0[827]+056 BLENDINDICES: 0, 5, 0, 0
vb0[827]+072 COLOR: 1.0, 0.5019607843137255, 0.5019607843137255, 0.5019607843137255
vb0[827]+076 TEXCOORD: 0.025063037872314453, 0.5189059972763062

vb0[828]+000 POSITION: 0.044948261231184006, 1.8800803422927856, 0.1040521040558815
vb0[828]+012 NORMAL: -0.6897390484809875, -0.10038226842880249, -0.7170658111572266
vb0[828]+024 TANGENT: -0.6714833378791809, -0.14724867045879364, -0.7262422442436218, -1.0
vb0[828]+040 BLENDWEIGHTS: 0.5350000262260437, 0.4650000035762787, 0.0, 0.0
vb0[828]+056 BLENDINDICES: 0, 5, 0, 0
vb0[828]+072 COLOR: 1.0, 0.5019607843137255, 0.5019607843137255, 0.0
vb0[828]+076 TEXCOORD: 0.024551868438720703, 0.5144889950752258

vb0[829]+000 POSITION: 0.037548840045928955, 1.849540114402771, 0.10436142981052399
vb0[829]+012 NORMAL: -0.6916854977607727, 0.23177142441272736, -0.6839979887008667
vb0[829]+024 TANGENT: -0.6803060173988342, 0.24753011763095856, -0.6898642778396606, -1.0
vb0[829]+040 BLENDWEIGHTS: 0.9330000281333923, 0.06700000166893005, 0.0, 0.0
vb0[829]+056 BLENDINDICES: 5, 0, 0, 0
vb0[829]+072 COLOR: 1.0, 0.5019607843137255, 0.5019607843137255, 0.30196078431372547
vb0[829]+076 TEXCOORD: 0.00801706314086914, 0.48648300766944885

vb0[830]+000 POSITION: 0.036570336669683456, 1.849366545677185, 0.10609351843595505
vb0[830]+012 NORMAL: -0.8110998272895813, 0.26915591955184937, -0.5192996859550476
vb0[830]+024 TANGENT: -0.6901509761810303, 0.0878225564956665, 0.7183166742324829, -1.0
vb0[830]+040 BLENDWEIGHTS: 0.9340000152587891, 0.06599999964237213, 0.0, 0.0
vb0[830]+056 BLENDINDICES: 5, 0, 0, 0
vb0[830]+072 COLOR: 1.0, 0.5019607843137255, 0.5019607843137255, 0.30196078431372547
vb0[830]+076 TEXCOORD: 0.006278038024902344, 0.48673900961875916

vb0[831]+000 POSITION: 0.035936709493398666, 1.845412254333496, 0.10432309657335281
vb0[831]+012 NORMAL: -0.6832729578018188, 0.27628380060195923, -0.6758737564086914
vb0[831]+024 TANGENT: -0.670423150062561, 0.2873026132583618, -0.684097945690155, -1.0
vb0[831]+040 BLENDWEIGHTS: 0.9570000171661377, 0.0430000014603138, 0.0, 0.0
vb0[831]+056 BLENDINDICES: 5, 0, 0, 0
vb0[831]+072 COLOR: 1.0, 0.5019607843137255, 0.5019607843137255, 0.2
vb0[831]+076 TEXCOORD: 0.006024837493896484, 0.48146000504493713

vb0[832]+000 POSITION: 0.03537147864699364, 1.8454002141952515, 0.1054619774222374
vb0[832]+012 NORMAL: -0.7453628778457642, 0.29351526498794556, -0.5985674858093262
vb0[832]+024 TANGENT: -0.6720429062843323, 0.13510870933532715, 0.7280824184417725, -1.0
vb0[832]+040 BLENDWEIGHTS: 0.9580000042915344, 0.041999999433755875, 0.0, 0.0
vb0[832]+056 BLENDINDICES: 5, 0, 0, 0
vb0[832]+072 COLOR: 1.0, 0.5019607843137255, 0.5019607843137255, 0.2
vb0[832]+076 TEXCOORD: 0.004829883575439453, 0.48166999220848083

vb0[833]+000 POSITION: 0.033016134053468704, 1.8397201299667358, 0.10457406938076019
vb0[833]+012 NORMAL: -0.6816343665122986, 0.2820720672607422, -0.6751371026039124
vb0[833]+024 TANGENT: -0.5024465322494507, -0.8645931482315063, -0.005113661754876375, -1.0
vb0[833]+040 BLENDWEIGHTS: 0.9850000143051147, 0.014999999664723873, 0.0, 0.0
vb0[833]+056 BLENDINDICES: 5, 0, 0, 0
vb0[833]+072 COLOR: 1.0, 0.5019607843137255, 0.5019607843137255, 0.0
vb0[833]+076 TEXCOORD: 0.0021190643310546875, 0.47218000888824463

vb0[834]+000 POSITION: 0.03698284924030304, 1.8451007604599, 0.10370343178510666
vb0[834]+012 NORMAL: -0.6147481799125671, 0.2540271282196045, -0.7466959953308105
vb0[834]+024 TANGENT: 0.4680815637111664, -0.39232274889945984, -0.7918222546577454, -1.0
vb0[834]+040 BLENDWEIGHTS: 0.9570000171661377, 0.0430000014603138, 0.0, 0.0
vb0[834]+056 BLENDINDICES: 5, 0, 0, 0
vb0[834]+072 COLOR: 1.0, 0.5019607843137255, 0.5019607843137255, 0.2
vb0[834]+076 TEXCOORD: 0.007203102111816406, 0.48123699426651

vb0[835]+000 POSITION: 0.04502233862876892, 1.8745214939117432, 0.10381564497947693
vb0[835]+012 NORMAL: -0.6127275228500366, 0.003184868721291423, -0.7902879118919373
vb0[835]+024 TANGENT: 0.5887447595596313, 0.025715826079249382, -0.8079098463058472, -1.0
vb0[835]+040 BLENDWEIGHTS: 0.6710000038146973, 0.32899999618530273, 0.0, 0.0
vb0[835]+056 BLENDINDICES: 5, 0, 0, 0
vb0[835]+072 COLOR: 1.0, 0.5019607843137255, 0.5019607843137255, 0.30196078431372547
vb0[835]+076 TEXCOORD: 0.022104978561401367, 0.5092610120773315

vb0[836]+000 POSITION: 0.04333125054836273, 1.8598439693450928, 0.10329406708478928
vb0[836]+012 NORMAL: -0.543159544467926, 0.11016643047332764, -0.8323706984519958
vb0[836]+024 TANGENT: 0.6201362013816833, -0.15135043859481812, -0.7697559595108032, -1.0
vb0[836]+040 BLENDWEIGHTS: 0.8510000109672546, 0.14900000393390656, 0.0, 0.0
vb0[836]+056 BLENDINDICES: 5, 0, 0, 0
vb0[836]+072 COLOR: 1.0, 0.5019607843137255, 0.5019607843137255, 0.4
vb0[836]+076 TEXCOORD: 0.015450000762939453, 0.4962010085582733

vb0[837]+000 POSITION: 0.04450536519289017, 1.8664170503616333, 0.10350937396287918
vb0[837]+012 NORMAL: -0.5515724420547485, 0.06553860753774643, -0.831548273563385
vb0[837]+024 TANGENT: 0.6135537624359131, -0.04921579360961914, -0.7881177663803101, -1.0
vb0[837]+040 BLENDWEIGHTS: 0.7839999794960022, 0.2160000056028366, 0.0, 0.0
vb0[837]+056 BLENDINDICES: 5, 0, 0, 0
vb0[837]+072 COLOR: 1.0, 0.5019607843137255, 0.5019607843137255, 0.4
vb0[837]+076 TEXCOORD: 0.018496036529541016, 0.5020110011100769

vb0[838]+000 POSITION: 0.03929658234119415, 1.8490089178085327, 0.10333827883005142
vb0[838]+012 NORMAL: -0.5426799654960632, 0.18497388064861298, -0.8193186521530151
vb0[838]+024 TANGENT: 0.5416989922523499, -0.30695840716362, -0.7825207114219666, -1.0
vb0[838]+040 BLENDWEIGHTS: 0.9330000281333923, 0.06700000166893005, 0.0, 0.0
vb0[838]+056 BLENDINDICES: 5, 0, 0, 0
vb0[838]+072 COLOR: 1.0, 0.5019607843137255, 0.5019607843137255, 0.30196078431372547
vb0[838]+076 TEXCOORD: 0.009727954864501953, 0.48573800921440125

vb0[839]+000 POSITION: 0.041410673409700394, 1.8540884256362915, 0.10320389270782471
vb0[839]+012 NORMAL: -0.5412839651107788, 0.14998069405555725, -0.8273557424545288
vb0[839]+024 TANGENT: 0.5779582262039185, -0.22795981168746948, -0.7835806608200073, -1.0
vb0[839]+040 BLENDWEIGHTS: 0.9010000228881836, 0.0989999994635582, 0.0, 0.0
vb0[839]+056 BLENDINDICES: 5, 0, 0, 0
vb0[839]+072 COLOR: 1.0, 0.5019607843137255, 0.5019607843137255, 0.30196078431372547
vb0[839]+076 TEXCOORD: 0.012542963027954102, 0.4908269941806793

vb0[840]+000 POSITION: 0.05366342514753342, 1.876028060913086, 0.09595594555139542
vb0[840]+012 NORMAL: -0.8625897169113159, -0.13301904499530792, -0.48810335993766785
vb0[840]+024 TANGENT: -0.8152041435241699, -0.21381422877311707, -0.5382617115974426, -1.0
vb0[840]+040 BLENDWEIGHTS: 0.628000020980835, 0.3720000088214874, 0.0, 0.0
vb0[840]+056 BLENDINDICES: 0, 5, 0, 0
vb0[840]+072 COLOR: 1.0, 0.5019607843137255, 0.5019607843137255, 0.10196078431372549
vb0[840]+076 TEXCOORD: 0.03301286697387695, 0.5050489902496338

vb0[841]+000 POSITION: 0.04647276923060417, 1.8741283416748047, 0.10240454226732254
vb0[841]+012 NORMAL: -0.7275020480155945, -0.06594432890415192, -0.6829289793968201
vb0[841]+024 TANGENT: -0.9025264382362366, -0.14393334090709686, -0.4058682918548584, -1.0
vb0[841]+040 BLENDWEIGHTS: 0.5569999814033508, 0.4429999887943268, 0.0, 0.0
vb0[841]+056 BLENDINDICES: 5, 0, 0, 0
vb0[841]+072 COLOR: 1.0, 0.5019607843137255, 0.5019607843137255, 0.30196078431372547
vb0[841]+076 TEXCOORD: 0.023112058639526367, 0.5080829858779907

vb0[842]+000 POSITION: 0.04760831594467163, 1.8675804138183594, 0.10101022571325302
vb0[842]+012 NORMAL: -0.6545290946960449, 0.014822917990386486, -0.7558914422988892
vb0[842]+024 TANGENT: -0.9015281200408936, -0.05376255512237549, -0.42936772108078003, -1.0
vb0[842]+040 BLENDWEIGHTS: 0.6549999713897705, 0.3449999988079071, 0.0, 0.0
vb0[842]+056 BLENDINDICES: 5, 0, 0, 0
vb0[842]+072 COLOR: 1.0, 0.5019607843137255, 0.5019607843137255, 0.4
vb0[842]+076 TEXCOORD: 0.021384000778198242, 0.5011240243911743

vb0[843]+000 POSITION: 0.05610407888889313, 1.870006799697876, 0.09438256174325943
vb0[843]+012 NORMAL: -0.7218004465103149, -0.021608447656035423, -0.6917638182640076
vb0[843]+024 TANGENT: 0.6290709376335144, 0.1369534730911255, -0.7651885151863098, -1.0
vb0[843]+040 BLENDWEIGHTS: 0.5239999890327454, 0.47600001096725464, 0.0, 0.0
vb0[843]+056 BLENDINDICES: 5, 0, 0, 0
vb0[843]+072 COLOR: 1.0, 0.5019607843137255, 0.5019607843137255, 0.30196078431372547
vb0[843]+076 TEXCOORD: 0.032672882080078125, 0.4980260133743286

vb0[844]+000 POSITION: 0.05621184781193733, 1.8637304306030273, 0.09365585446357727
vb0[844]+012 NORMAL: -0.6214169263839722, 0.06246303766965866, -0.7809861302375793
vb0[844]+024 TANGENT: 0.6107913851737976, 0.08077967166900635, -0.7876600623130798, -1.0
vb0[844]+040 BLENDWEIGHTS: 0.6470000147819519, 0.3529999852180481, 0.0, 0.0
vb0[844]+056 BLENDINDICES: 5, 0, 0, 0
vb0[844]+072 COLOR: 1.0, 0.5019607843137255, 0.5019607843137255, 0.4
vb0[844]+076 TEXCOORD: 0.030086994171142578, 0.49195200204849243

vb0[845]+000 POSITION: 0.04822211712598801, 1.8619191646575928, 0.09979232400655746
vb0[845]+012 NORMAL: -0.6214169263839722, 0.06246303766965866, -0.7809861302375793
vb0[845]+024 TANGENT: -0.900464653968811, 0.0, -0.4349290430545807, -1.0
vb0[845]+040 BLENDWEIGHTS: 0.7390000224113464, 0.26100000739097595, 0.0, 0.0
vb0[845]+056 BLENDINDICES: 5, 0, 0, 0
vb0[845]+072 COLOR: 1.0, 0.5019607843137255, 0.5019607843137255, 0.5019607843137255
vb0[845]+076 TEXCOORD: 0.019729137420654297, 0.4951150119304657

vb0[846]+000 POSITION: 0.05595662072300911, 1.8570685386657715, 0.09333430230617523
vb0[846]+012 NORMAL: -0.6008523106575012, 0.08600648492574692, -0.7947196960449219
vb0[846]+024 TANGENT: 0.628343403339386, -0.02692931517958641, -0.7774698138237, -1.0
vb0[846]+040 BLENDWEIGHTS: 0.7509999871253967, 0.24899999797344208, 0.0, 0.0
vb0[846]+056 BLENDINDICES: 5, 0, 0, 0
vb0[846]+072 COLOR: 1.0, 0.5019607843137255, 0.5019607843137255, 0.4
vb0[846]+076 TEXCOORD: 0.026990890502929688, 0.48573601245880127

vb0[847]+000 POSITION: 0.04855174571275711, 1.85617995262146, 0.09877392649650574
vb0[847]+012 NORMAL: -0.600852370262146, 0.08600649237632751, -0.7947196364402771
vb0[847]+024 TANGENT: -0.8984706401824951, 0.026899099349975586, -0.4382086992263794, -1.0
vb0[847]+040 BLENDWEIGHTS: 0.8140000104904175, 0.1860000044107437, 0.0, 0.0
vb0[847]+056 BLENDINDICES: 5, 0, 0, 0
vb0[847]+072 COLOR: 1.0, 0.5019607843137255, 0.5019607843137255, 0.5019607843137255
vb0[847]+076 TEXCOORD: 0.017786026000976562, 0.4891499876976013

vb0[848]+000 POSITION: 0.05490872636437416, 1.850395917892456, 0.09338796138763428
vb0[848]+012 NORMAL: -0.5798195600509644, 0.10344439744949341, -0.8081513047218323
vb0[848]+024 TANGENT: 0.6166244745254517, -0.13384556770324707, -0.775796115398407, -1.0
vb0[848]+040 BLENDWEIGHTS: 0.8339999914169312, 0.16599999368190765, 0.0, 0.0
vb0[848]+056 BLENDINDICES: 5, 0, 0, 0
vb0[848]+072 COLOR: 1.0, 0.5019607843137255, 0.5019607843137255, 0.4
vb0[848]+076 TEXCOORD: 0.023246049880981445, 0.4798229932785034

vb0[849]+000 POSITION: 0.048663266003131866, 1.850098967552185, 0.09786710888147354
vb0[849]+012 NORMAL: -0.5798195600509644, 0.10344439744949341, -0.8081513047218323
vb0[849]+024 TANGENT: -0.8921216130256653, 0.06359469890594482, -0.447297066450119, -1.0
vb0[849]+040 BLENDWEIGHTS: 0.875, 0.125, 0.0, 0.0
vb0[849]+056 BLENDINDICES: 5, 0, 0, 0
vb0[849]+072 COLOR: 1.0, 0.5019607843137255, 0.5019607843137255, 0.4
vb0[849]+076 TEXCOORD: 0.015606880187988281, 0.48290500044822693

vb0[850]+000 POSITION: 0.05332431569695473, 1.8438059091567993, 0.09375672787427902
vb0[850]+012 NORMAL: -0.5549389123916626, 0.12646260857582092, -0.8222226500511169
vb0[850]+024 TANGENT: 0.6140097975730896, -0.23574447631835938, -0.7532705664634705, -1.0
vb0[850]+040 BLENDWEIGHTS: 0.9020000100135803, 0.09799999743700027, 0.0, 0.0
vb0[850]+056 BLENDINDICES: 5, 0, 0, 0
vb0[850]+072 COLOR: 1.0, 0.5019607843137255, 0.5019607843137255, 0.30196078431372547
vb0[850]+076 TEXCOORD: 0.019176006317138672, 0.47417300939559937

vb0[851]+000 POSITION: 0.04843572899699211, 1.844141960144043, 0.09711948037147522
vb0[851]+012 NORMAL: -0.5549389123916626, 0.12646260857582092, -0.8222226500511169
vb0[851]+024 TANGENT: -0.8747032284736633, 0.12245775014162064, -0.46893322467803955, -1.0
vb0[851]+040 BLENDWEIGHTS: 0.9150000214576721, 0.08500000089406967, 0.0, 0.0
vb0[851]+056 BLENDINDICES: 5, 0, 0, 0
vb0[851]+072 COLOR: 1.0, 0.5019607843137255, 0.5019607843137255, 0.30196078431372547
vb0[851]+076 TEXCOORD: 0.013430118560791016, 0.4767810106277466

vb0[852]+000 POSITION: 0.050903987139463425, 1.837337851524353, 0.0943405032157898
vb0[852]+012 NORMAL: -0.5321057438850403, 0.14173154532909393, -0.834730863571167
vb0[852]+024 TANGENT: 0.5917003154754639, -0.3254368007183075, -0.7375510931015015, -1.0
vb0[852]+040 BLENDWEIGHTS: 0.949999988079071, 0.05000000074505806, 0.0, 0.0
vb0[852]+056 BLENDINDICES: 5, 0, 0, 0
vb0[852]+072 COLOR: 1.0, 0.5019607843137255, 0.5019607843137255, 0.2
vb0[852]+076 TEXCOORD: 0.014790058135986328, 0.46863800287246704

vb0[853]+000 POSITION: 0.047610387206077576, 1.837939977645874, 0.0964696854352951
vb0[853]+012 NORMAL: -0.5321057438850403, 0.14173154532909393, -0.8347308039665222
vb0[853]+024 TANGENT: -0.8422483205795288, 0.1909923553466797, -0.5041226148605347, -1.0
vb0[853]+040 BLENDWEIGHTS: 0.9520000219345093, 0.04800000041723251, 0.0, 0.0
vb0[853]+056 BLENDINDICES: 5, 0, 0, 0
vb0[853]+072 COLOR: 1.0, 0.5019607843137255, 0.5019607843137255, 0.2
vb0[853]+076 TEXCOORD: 0.01104593276977539, 0.4704200029373169

vb0[854]+000 POSITION: 0.04806913807988167, 1.8321369886398315, 0.09507331997156143
vb0[854]+012 NORMAL: -0.5185925960540771, 0.14401161670684814, -0.8428062200546265
vb0[854]+024 TANGENT: 0.5114330053329468, -0.43331313133239746, -0.7420754432678223, -1.0
vb0[854]+040 BLENDWEIGHTS: 0.9750000238418579, 0.02500000037252903, 0.0, 0.0
vb0[854]+056 BLENDINDICES: 5, 0, 0, 0
vb0[854]+072 COLOR: 1.0, 0.5019607843137255, 0.5019607843137255, 0.10196078431372549
vb0[854]+076 TEXCOORD: 0.010785102844238281, 0.4641000032424927

vb0[855]+000 POSITION: 0.046487919986248016, 1.8328558206558228, 0.09615006297826767
vb0[855]+012 NORMAL: -0.5185925960540771, 0.14401161670684814, -0.8428062200546265
vb0[855]+024 TANGENT: -0.8030440211296082, 0.235209122300148, -0.5475373268127441, -1.0
vb0[855]+040 BLENDWEIGHTS: 0.9750000238418579, 0.02500000037252903, 0.0, 0.0
vb0[855]+056 BLENDINDICES: 5, 0, 0, 0
vb0[855]+072 COLOR: 1.0, 0.5019607843137255, 0.5019607843137255, 0.10196078431372549
vb0[855]+076 TEXCOORD: 0.008960962295532227, 0.46522998809814453

vb0[856]+000 POSITION: 0.04384293034672737, 1.8258702754974365, 0.09667462855577469
vb0[856]+012 NORMAL: -0.5136933922767639, 0.14733614027500153, -0.8452284932136536
vb0[856]+024 TANGENT: -0.43558746576309204, -0.8989937901496887, 0.04553962126374245, -1.0
vb0[856]+040 BLENDWEIGHTS: 1.0, 0.0, 0.0, 0.0
vb0[856]+056 BLENDINDICES: 5, 0, 0, 0
vb0[856]+072 COLOR: 1.0, 0.5019607843137255, 0.5019607843137255, 0.0
vb0[856]+076 TEXCOORD: 0.005488872528076172, 0.45809000730514526

vb0[857]+000 POSITION: 0.044662222266197205, 1.8741832971572876, 0.1067018210887909
vb0[857]+012 NORMAL: 0.5008518099784851, -0.007554382551461458, 0.8655000925064087
vb0[857]+024 TANGENT: 0.8282121419906616, -0.0686827301979065, 0.556190013885498, -1.0
vb0[857]+040 BLENDWEIGHTS: 0.7120000123977661, 0.2879999876022339, 0.0, 0.0
vb0[857]+056 BLENDINDICES: 5, 0, 0, 0
vb0[857]+072 COLOR: 1.0, 0.5019607843137255, 0.5019607843137255, 0.4
vb0[857]+076 TEXCOORD: 0.6227631568908691, 0.8602631688117981

vb0[858]+000 POSITION: 0.0388791449368, 1.8819626569747925, 0.11045297235250473
vb0[858]+012 NORMAL: 0.37295883893966675, 0.041905853897333145, 0.9269009828567505
vb0[858]+024 TANGENT: -0.6685805916786194, -0.190145343542099, 0.7189192175865173, -1.0
vb0[858]+040 BLENDWEIGHTS: 0.5419999957084656, 0.4580000042915344, 0.0, 0.0
vb0[858]+056 BLENDINDICES: 5, 0, 0, 0
vb0[858]+072 COLOR: 1.0, 0.5019607843137255, 0.5019607843137255, 0.5019607843137255
vb0[858]+076 TEXCOORD: 0.6209895610809326, 0.872226357460022

vb0[859]+000 POSITION: 0.0394757017493248, 1.8737030029296875, 0.10960754752159119
vb0[859]+012 NORMAL: 0.38813212513923645, -0.019752830266952515, 0.921392023563385
vb0[859]+024 TANGENT: -0.6752503514289856, -0.1145903617143631, 0.7286329865455627, -1.0
vb0[859]+040 BLENDWEIGHTS: 0.6660000085830688, 0.33399999141693115, 0.0, 0.0
vb0[859]+056 BLENDINDICES: 5, 0, 0, 0
vb0[859]+072 COLOR: 1.0, 0.5019607843137255, 0.5019607843137255, 0.5019607843137255
vb0[859]+076 TEXCOORD: 0.6277141571044922, 0.8649455904960632

vb0[860]+000 POSITION: 0.04429766908288002, 1.883542776107788, 0.1078042984008789
vb0[860]+012 NORMAL: 0.4215075373649597, 0.05740240961313248, 0.9050062298774719
vb0[860]+024 TANGENT: 0.47601187229156494, -0.041526079177856445, 0.8784579038619995, -1.0
vb0[860]+040 BLENDWEIGHTS: 0.5720000267028809, 0.42800000309944153, 0.0, 0.0
vb0[860]+056 BLENDINDICES: 5, 0, 0, 0
vb0[860]+072 COLOR: 1.0, 0.5019607843137255, 0.5019607843137255, 0.10196078431372549
vb0[860]+076 TEXCOORD: 0.6151232719421387, 0.8681829571723938

vb0[861]+000 POSITION: 0.04400316998362541, 1.8660744428634644, 0.1060209795832634
vb0[861]+012 NORMAL: 0.4998225271701813, -0.07824934273958206, 0.8625859618186951
vb0[861]+024 TANGENT: 0.8103432655334473, -0.15414607524871826, 0.5653165578842163, -1.0
vb0[861]+040 BLENDWEIGHTS: 0.8009999990463257, 0.19900000095367432, 0.0, 0.0
vb0[861]+056 BLENDINDICES: 5, 0, 0, 0
vb0[861]+072 COLOR: 1.0, 0.5019607843137255, 0.5019607843137255, 0.4
vb0[861]+076 TEXCOORD: 0.629669189453125, 0.8538216352462769

vb0[862]+000 POSITION: 0.03937356546521187, 1.8658616542816162, 0.10861297696828842
vb0[862]+012 NORMAL: 0.3918016850948334, -0.07721202820539474, 0.9168040752410889
vb0[862]+024 TANGENT: -0.6707217693328857, -0.051092978566884995, 0.7399471998214722, -1.0
vb0[862]+040 BLENDWEIGHTS: 0.777999997138977, 0.22200000286102295, 0.0, 0.0
vb0[862]+056 BLENDINDICES: 5, 0, 0, 0
vb0[862]+072 COLOR: 1.0, 0.5019607843137255, 0.5019607843137255, 0.5019607843137255
vb0[862]+076 TEXCOORD: 0.6341896057128906, 0.8579323887825012

vb0[863]+000 POSITION: 0.04273980110883713, 1.8598334789276123, 0.10553816705942154
vb0[863]+012 NORMAL: 0.4815951883792877, -0.14352303743362427, 0.864561915397644
vb0[863]+024 TANGENT: 0.7775307297706604, -0.23895950615406036, 0.5816737413406372, -1.0
vb0[863]+040 BLENDWEIGHTS: 0.859000027179718, 0.14100000262260437, 0.0, 0.0
vb0[863]+056 BLENDINDICES: 5, 0, 0, 0
vb0[863]+072 COLOR: 1.0, 0.5019607843137255, 0.5019607843137255, 0.4
vb0[863]+076 TEXCOORD: 0.6352114677429199, 0.8490079045295715

vb0[864]+000 POSITION: 0.038685888051986694, 1.8598817586898804, 0.10778088122606277
vb0[864]+012 NORMAL: 0.38592031598091125, -0.13108626008033752, 0.9131714105606079
vb0[864]+024 TANGENT: -0.6819509267807007, -0.011338411830365658, 0.7313100099563599, -1.0
vb0[864]+040 BLENDWEIGHTS: 0.8550000190734863, 0.14499999582767487, 0.0, 0.0
vb0[864]+056 BLENDINDICES: 5, 0, 0, 0
vb0[864]+072 COLOR: 1.0, 0.5019607843137255, 0.5019607843137255, 0.4
vb0[864]+076 TEXCOORD: 0.6391491889953613, 0.8525641560554504

vb0[865]+000 POSITION: 0.04084828868508339, 1.8539308309555054, 0.10520172864198685
vb0[865]+012 NORMAL: 0.466169536113739, -0.1986268311738968, 0.8621098399162292
vb0[865]+024 TANGENT: 0.7425850033760071, -0.30692172050476074, 0.5952869653701782, -1.0
vb0[865]+040 BLENDWEIGHTS: 0.9020000100135803, 0.09799999743700027, 0.0, 0.0
vb0[865]+056 BLENDINDICES: 5, 0, 0, 0
vb0[865]+072 COLOR: 1.0, 0.5019607843137255, 0.5019607843137255, 0.30196078431372547
vb0[865]+076 TEXCOORD: 0.6408686637878418, 0.844687819480896

vb0[866]+000 POSITION: 0.03777376562356949, 1.8542603254318237, 0.10690294206142426
vb0[866]+012 NORMAL: 0.3756512403488159, -0.17521892488002777, 0.9100464582443237
vb0[866]+024 TANGENT: -0.6825332641601562, 0.0335237979888916, 0.7300852537155151, -1.0
vb0[866]+040 BLENDWEIGHTS: 0.9010000228881836, 0.0989999994635582, 0.0, 0.0
vb0[866]+056 BLENDINDICES: 5, 0, 0, 0
vb0[866]+072 COLOR: 1.0, 0.5019607843137255, 0.5019607843137255, 0.30196078431372547
vb0[866]+076 TEXCOORD: 0.6438207626342773, 0.8475051522254944

vb0[867]+000 POSITION: 0.038749005645513535, 1.8488329648971558, 0.10493572056293488
vb0[867]+012 NORMAL: 0.4497259855270386, -0.2513841688632965, 0.8570603728294373
vb0[867]+024 TANGENT: 0.7099576592445374, -0.3727473020553589, 0.5975109934806824, -1.0
vb0[867]+040 BLENDWEIGHTS: 0.9350000023841858, 0.06499999761581421, 0.0, 0.0
vb0[867]+056 BLENDINDICES: 5, 0, 0, 0
vb0[867]+072 COLOR: 1.0, 0.5019607843137255, 0.5019607843137255, 0.30196078431372547
vb0[867]+076 TEXCOORD: 0.6459341049194336, 0.8409290313720703

vb0[868]+000 POSITION: 0.036570336669683456, 1.849366545677185, 0.10609351843595505
vb0[868]+012 NORMAL: 0.36002081632614136, -0.21624596416950226, 0.9075366258621216
vb0[868]+024 TANGENT: -0.6901509761810303, 0.0878225564956665, 0.7183166742324829, -1.0
vb0[868]+040 BLENDWEIGHTS: 0.9340000152587891, 0.06599999964237213, 0.0, 0.0
vb0[868]+056 BLENDINDICES: 5, 0, 0, 0
vb0[868]+072 COLOR: 1.0, 0.5019607843137255, 0.5019607843137255, 0.30196078431372547
vb0[868]+076 TEXCOORD: 0.6479291915893555, 0.8430579900741577

vb0[869]+000 POSITION: 0.03664201870560646, 1.8449506759643555, 0.10477101057767868
vb0[869]+012 NORMAL: 0.42967739701271057, -0.3018439710140228, 0.8510391116142273
vb0[869]+024 TANGENT: 0.6750776171684265, -0.44539666175842285, 0.588126003742218, -1.0
vb0[869]+040 BLENDWEIGHTS: 0.9580000042915344, 0.041999999433755875, 0.0, 0.0
vb0[869]+056 BLENDINDICES: 5, 0, 0, 0
vb0[869]+072 COLOR: 1.0, 0.5019607843137255, 0.5019607843137255, 0.2
vb0[869]+076 TEXCOORD: 0.6501250267028809, 0.8381240963935852

vb0[870]+000 POSITION: 0.03537147864699364, 1.8454002141952515, 0.1054619774222374
vb0[870]+012 NORMAL: 0.343259334564209, -0.2531217932701111, 0.9044901728630066
vb0[870]+024 TANGENT: -0.6720429062843323, 0.13510870933532715, 0.7280824184417725, -1.0
vb0[870]+040 BLENDWEIGHTS: 0.9580000042915344, 0.041999999433755875, 0.0, 0.0
vb0[870]+056 BLENDINDICES: 5, 0, 0, 0
vb0[870]+072 COLOR: 1.0, 0.5019607843137255, 0.5019607843137255, 0.2
vb0[870]+076 TEXCOORD: 0.651308536529541, 0.839396059513092

vb0[871]+000 POSITION: 0.033016134053468704, 1.8397201299667358, 0.10457406938076019
vb0[871]+012 NORMAL: 0.38876083493232727, -0.3407689332962036, 0.8560032248497009
vb0[871]+024 TANGENT: -0.5024465322494507, -0.8645931482315063, -0.005113661754876375, -1.0
vb0[871]+040 BLENDWEIGHTS: 0.9850000143051147, 0.014999999664723873, 0.0, 0.0
vb0[871]+056 BLENDINDICES: 5, 0, 0, 0
vb0[871]+072 COLOR: 1.0, 0.5019607843137255, 0.5019607843137255, 0.0
vb0[871]+076 TEXCOORD: 0.6561923027038574, 0.834108293056488

vb0[872]+000 POSITION: 0.03698284924030304, 1.8451007604599, 0.10370343178510666
vb0[872]+012 NORMAL: 0.5357597470283508, -0.3551540672779083, 0.7660463452339172
vb0[872]+024 TANGENT: 0.4680815637111664, -0.39232274889945984, -0.7918222546577454, -1.0
vb0[872]+040 BLENDWEIGHTS: 0.9570000171661377, 0.0430000014603138, 0.0, 0.0
vb0[872]+056 BLENDINDICES: 5, 0, 0, 0
vb0[872]+072 COLOR: 1.0, 0.5019607843137255, 0.5019607843137255, 0.2
vb0[872]+076 TEXCOORD: 0.649169921875, 0.8372390270233154

vb0[873]+000 POSITION: 0.044948261231184006, 1.8800803422927856, 0.1040521040558815
vb0[873]+012 NORMAL: 0.6464905738830566, 0.06243650242686272, 0.7603627443313599
vb0[873]+024 TANGENT: -0.6714833378791809, -0.14724867045879364, -0.7262422442436218, -1.0
vb0[873]+040 BLENDWEIGHTS: 0.5350000262260437, 0.4650000035762787, 0.0, 0.0
vb0[873]+056 BLENDINDICES: 0, 5, 0, 0
vb0[873]+072 COLOR: 1.0, 0.5019607843137255, 0.5019607843137255, 0.0
vb0[873]+076 TEXCOORD: 0.6154196262359619, 0.8622323870658875

vb0[874]+000 POSITION: 0.04333125054836273, 1.8598439693450928, 0.10329406708478928
vb0[874]+012 NORMAL: 0.6164496541023254, -0.1621706634759903, 0.770513117313385
vb0[874]+024 TANGENT: 0.6201362013816833, -0.15135043859481812, -0.7697559595108032, -1.0
vb0[874]+040 BLENDWEIGHTS: 0.8510000109672546, 0.14900000393390656, 0.0, 0.0
vb0[874]+056 BLENDINDICES: 5, 0, 0, 0
vb0[874]+072 COLOR: 1.0, 0.5019607843137255, 0.5019607843137255, 0.4
vb0[874]+076 TEXCOORD: 0.6334967613220215, 0.8469504117965698

vb0[875]+000 POSITION: 0.04450536519289017, 1.8664170503616333, 0.10350937396287918
vb0[875]+012 NORMAL: 0.639516294002533, -0.07581814378499985, 0.7650296688079834
vb0[875]+024 TANGENT: 0.6135537624359131, -0.04921579360961914, -0.7881177663803101, -1.0
vb0[875]+040 BLENDWEIGHTS: 0.7839999794960022, 0.2160000056028366, 0.0, 0.0
vb0[875]+056 BLENDINDICES: 5, 0, 0, 0
vb0[875]+072 COLOR: 1.0, 0.5019607843137255, 0.5019607843137255, 0.4
vb0[875]+076 TEXCOORD: 0.62748122215271, 0.8517909049987793

vb0[876]+000 POSITION: 0.04502233862876892, 1.8745214939117432, 0.10381564497947693
vb0[876]+012 NORMAL: 0.6479339599609375, 0.011580207385122776, 0.7616084814071655
vb0[876]+024 TANGENT: 0.5887447595596313, 0.025715826079249382, -0.8079098463058472, -1.0
vb0[876]+040 BLENDWEIGHTS: 0.6710000038146973, 0.32899999618530273, 0.0, 0.0
vb0[876]+056 BLENDINDICES: 5, 0, 0, 0
vb0[876]+072 COLOR: 1.0, 0.5019607843137255, 0.5019607843137255, 0.30196078431372547
vb0[876]+076 TEXCOORD: 0.6203076839447021, 0.8579286932945251

vb0[877]+000 POSITION: 0.041410673409700394, 1.8540884256362915, 0.10320389270782471
vb0[877]+012 NORMAL: 0.5853340029716492, -0.22991667687892914, 0.777510404586792
vb0[877]+024 TANGENT: 0.5779582262039185, -0.22795981168746948, -0.7835806608200073, -1.0
vb0[877]+040 BLENDWEIGHTS: 0.9010000228881836, 0.0989999994635582, 0.0, 0.0
vb0[877]+056 BLENDINDICES: 5, 0, 0, 0
vb0[877]+072 COLOR: 1.0, 0.5019607843137255, 0.5019607843137255, 0.30196078431372547
vb0[877]+076 TEXCOORD: 0.6392102241516113, 0.8429461717605591

vb0[878]+000 POSITION: 0.03929658234119415, 1.8490089178085327, 0.10333827883005142
vb0[878]+012 NORMAL: 0.5631744861602783, -0.290355384349823, 0.7736460566520691
vb0[878]+024 TANGENT: 0.5416989922523499, -0.30695840716362, -0.7825207114219666, -1.0
vb0[878]+040 BLENDWEIGHTS: 0.9330000281333923, 0.06700000166893005, 0.0, 0.0
vb0[878]+056 BLENDINDICES: 5, 0, 0, 0
vb0[878]+072 COLOR: 1.0, 0.5019607843137255, 0.5019607843137255, 0.30196078431372547
vb0[878]+076 TEXCOORD: 0.6445283889770508, 0.8395690321922302

vb0[879]+000 POSITION: 0.04936156049370766, 1.885640263557434, 0.09750304371118546
vb0[879]+012 NORMAL: -0.8400992155075073, -0.22300711274147034, -0.4944707155227661
vb0[879]+024 TANGENT: -0.8296428322792053, -0.24932263791561127, -0.4995308220386505, -1.0
vb0[879]+040 BLENDWEIGHTS: 0.7839999794960022, 0.2160000056028366, 0.0, 0.0
vb0[879]+056 BLENDINDICES: 0, 5, 0, 0
vb0[879]+072 COLOR: 1.0, 0.5019607843137255, 0.5019607843137255, 0.5019607843137255
vb0[879]+076 TEXCOORD: 0.03437089920043945, 0.5160139799118042

vb0[880]+000 POSITION: 0.05472378060221672, 1.880582332611084, 0.08456796407699585
vb0[880]+012 NORMAL: -0.9286314249038696, -0.20629721879959106, -0.3083585798740387
vb0[880]+024 TANGENT: -0.9581133127212524, -0.22694236040115356, -0.17468833923339844, -1.0
vb0[880]+040 BLENDWEIGHTS: 0.9980000257492065, 0.0020000000949949026, 0.0, 0.0
vb0[880]+056 BLENDINDICES: 0, 5, 0, 0
vb0[880]+072 COLOR: 1.0, 0.5019607843137255, 0.5019607843137255, 0.5019607843137255
vb0[880]+076 TEXCOORD: 0.04604697227478027, 0.5053160190582275

vb0[881]+000 POSITION: 0.05305550992488861, 1.8877495527267456, 0.08630586415529251
vb0[881]+012 NORMAL: -0.8898317217826843, -0.22695519030094147, -0.395842045545578
vb0[881]+024 TANGENT: -0.8481742739677429, -0.5279024243354797, 0.04381144419312477, -1.0
vb0[881]+040 BLENDWEIGHTS: 1.0, 0.0, 0.0, 0.0
vb0[881]+056 BLENDINDICES: 0, 0, 0, 0
vb0[881]+072 COLOR: 1.0, 0.5019607843137255, 0.5019607843137255, 0.0
vb0[881]+076 TEXCOORD: 0.04652690887451172, 0.5133100152015686

vb0[882]+000 POSITION: 0.05664185807108879, 1.8724594116210938, 0.08242348581552505
vb0[882]+012 NORMAL: -0.9538267850875854, -0.18584764003753662, -0.2359556257724762
vb0[882]+024 TANGENT: -0.9587157964706421, -0.1983703374862671, -0.20374782383441925, -1.0
vb0[882]+040 BLENDWEIGHTS: 1.0, 0.0, 0.0, 0.0
vb0[882]+056 BLENDINDICES: 0, 0, 0, 0
vb0[882]+072 COLOR: 1.0, 0.5019607843137255, 0.5019607843137255, 0.5019607843137255
vb0[882]+076 TEXCOORD: 0.04502701759338379, 0.4962010085582733

vb0[883]+000 POSITION: 0.055641502141952515, 1.868101954460144, 0.09289523214101791
vb0[883]+012 NORMAL: -0.9417432546615601, -0.16533972322940826, -0.29288628697395325
vb0[883]+024 TANGENT: -0.5200448036193848, -0.4275083839893341, 0.7394524812698364, -1.0
vb0[883]+040 BLENDWEIGHTS: 0.9399999976158142, 0.05999999865889549, 0.0, 0.0
vb0[883]+056 BLENDINDICES: 0, 5, 0, 0
vb0[883]+072 COLOR: 1.0, 0.5019607843137255, 0.5019607843137255, 0.30196078431372547
vb0[883]+076 TEXCOORD: 0.03310704231262207, 0.4961400032043457

vb0[884]+000 POSITION: 0.05856103450059891, 1.8642513751983643, 0.08010775595903397
vb0[884]+012 NORMAL: -0.9618539214134216, -0.16542679071426392, -0.21787810325622559
vb0[884]+024 TANGENT: -0.9605845212936401, -0.1222153902053833, -0.2496812343597412, -1.0
vb0[884]+040 BLENDWEIGHTS: 0.9309999942779541, 0.0689999982714653, 0.0, 0.0
vb0[884]+056 BLENDINDICES: 0, 7, 0, 0
vb0[884]+072 COLOR: 1.0, 0.5019607843137255, 0.5019607843137255, 0.5019607843137255
vb0[884]+076 TEXCOORD: 0.04397010803222656, 0.4868989884853363

vb0[885]+000 POSITION: 0.05734816566109657, 1.8600807189941406, 0.08956246078014374
vb0[885]+012 NORMAL: -0.9703747034072876, -0.12139802426099777, -0.20889106392860413
vb0[885]+024 TANGENT: -0.5127614736557007, -0.43183138966560364, 0.7420225143432617, -1.0
vb0[885]+040 BLENDWEIGHTS: 0.8970000147819519, 0.10300000011920929, 0.0, 0.0
vb0[885]+056 BLENDINDICES: 0, 7, 0, 0
vb0[885]+072 COLOR: 1.0, 0.5019607843137255, 0.5019607843137255, 0.4
vb0[885]+076 TEXCOORD: 0.03300285339355469, 0.4870170056819916

vb0[886]+000 POSITION: 0.05980173870921135, 1.8556841611862183, 0.07788786292076111
vb0[886]+012 NORMAL: -0.9656680822372437, -0.09152425080537796, -0.24312222003936768
vb0[886]+024 TANGENT: -0.9617246985435486, -0.0489690937101841, -0.2696067988872528, -1.0
vb0[886]+040 BLENDWEIGHTS: 0.8130000233650208, 0.18700000643730164, 0.0, 0.0
vb0[886]+056 BLENDINDICES: 0, 7, 0, 0
vb0[886]+072 COLOR: 1.0, 0.5019607843137255, 0.5019607843137255, 0.5019607843137255
vb0[886]+076 TEXCOORD: 0.042326927185058594, 0.47752299904823303

vb0[887]+000 POSITION: 0.05835997313261032, 1.8520567417144775, 0.08624237030744553
vb0[887]+012 NORMAL: -0.9755065441131592, -0.04626770690083504, -0.215049609541893
vb0[887]+024 TANGENT: -0.522365927696228, -0.37496834993362427, 0.7658541202545166, -1.0
vb0[887]+040 BLENDWEIGHTS: 0.7590000033378601, 0.2409999966621399, 0.0, 0.0
vb0[887]+056 BLENDINDICES: 0, 7, 0, 0
vb0[887]+072 COLOR: 1.0, 0.5019607843137255, 0.5019607843137255, 0.5019607843137255
vb0[887]+076 TEXCOORD: 0.03263497352600098, 0.4780089855194092

vb0[888]+000 POSITION: 0.06006677448749542, 1.8478050231933594, 0.07622344046831131
vb0[888]+012 NORMAL: -0.9574614763259888, 0.019771095365285873, -0.2878830134868622
vb0[888]+024 TANGENT: -0.9596021771430969, 0.02857673354446888, -0.27990564703941345, -1.0
vb0[888]+040 BLENDWEIGHTS: 0.621999979019165, 0.3779999911785126, 0.0, 0.0
vb0[888]+056 BLENDINDICES: 0, 7, 0, 0
vb0[888]+072 COLOR: 1.0, 0.5019607843137255, 0.5019607843137255, 0.5019607843137255
vb0[888]+076 TEXCOORD: 0.04015302658081055, 0.46926701068878174

vb0[889]+000 POSITION: 0.05872325599193573, 1.8448231220245361, 0.08350954949855804
vb0[889]+012 NORMAL: -0.9786750078201294, 0.024342702701687813, -0.20396728813648224
vb0[889]+024 TANGENT: -0.533983588218689, -0.29951342940330505, 0.7906662821769714, -1.0
vb0[889]+040 BLENDWEIGHTS: 0.6159999966621399, 0.3840000033378601, 0.0, 0.0
vb0[889]+056 BLENDINDICES: 0, 7, 0, 0
vb0[889]+072 COLOR: 1.0, 0.5019607843137255, 0.5019607843137255, 0.5019607843137255
vb0[889]+076 TEXCOORD: 0.031803131103515625, 0.4701080024242401

vb0[890]+000 POSITION: 0.05982522666454315, 1.840151071548462, 0.07508502155542374
vb0[890]+012 NORMAL: -0.9432093501091003, 0.0730290561914444, -0.3240722119808197
vb0[890]+024 TANGENT: -0.9572495222091675, 0.09324539452791214, -0.27382251620292664, -1.0
vb0[890]+040 BLENDWEIGHTS: 0.5419999957084656, 0.4580000042915344, 0.0, 0.0
vb0[890]+056 BLENDINDICES: 7, 0, 0, 0
vb0[890]+072 COLOR: 1.0, 0.5019607843137255, 0.5019607843137255, 0.5019607843137255
vb0[890]+076 TEXCOORD: 0.03737688064575195, 0.4615969955921173

vb0[891]+000 POSITION: 0.05874050781130791, 1.8386439085006714, 0.08136780560016632
vb0[891]+012 NORMAL: -0.9796400666236877, 0.08394273370504379, -0.1823701560497284
vb0[891]+024 TANGENT: -0.543428897857666, -0.23146191239356995, 0.8069140911102295, -1.0
vb0[891]+040 BLENDWEIGHTS: 0.5009999871253967, 0.49900001287460327, 0.0, 0.0
vb0[891]+056 BLENDINDICES: 0, 7, 0, 0
vb0[891]+072 COLOR: 1.0, 0.5019607843137255, 0.5019607843137255, 0.5019607843137255
vb0[891]+076 TEXCOORD: 0.03064894676208496, 0.46356698870658875

vb0[892]+000 POSITION: 0.05893787741661072, 1.8340530395507812, 0.07500103116035461
vb0[892]+012 NORMAL: -0.9297674894332886, 0.12113530933856964, -0.34764713048934937
vb0[892]+024 TANGENT: -0.9601110219955444, 0.1420290470123291, -0.2408621609210968, -1.0
vb0[892]+040 BLENDWEIGHTS: 0.6349999904632568, 0.36500000953674316, 0.0, 0.0
vb0[892]+056 BLENDINDICES: 7, 0, 0, 0
vb0[892]+072 COLOR: 1.0, 0.5019607843137255, 0.5019607843137255, 0.5019607843137255
vb0[892]+076 TEXCOORD: 0.033953070640563965, 0.456203818321228

vb0[893]+000 POSITION: 0.05846301093697548, 1.8329529762268066, 0.07943833619356155
vb0[893]+012 NORMAL: -0.9878656268119812, 0.15500597655773163, -0.009729902260005474
vb0[893]+024 TANGENT: -0.5821570158004761, -0.08002675324678421, 0.80912846326828, -1.0
vb0[893]+040 BLENDWEIGHTS: 0.5879999995231628, 0.41200000047683716, 0.0, 0.0
vb0[893]+056 BLENDINDICES: 7, 0, 0, 0
vb0[893]+072 COLOR: 1.0, 0.5019607843137255, 0.5019607843137255, 0.4
vb0[893]+076 TEXCOORD: 0.029361963272094727, 0.4576689898967743

vb0[894]+000 POSITION: 0.0580306276679039, 1.828662395477295, 0.07820136100053787
vb0[894]+012 NORMAL: -0.9737815260887146, 0.20294177532196045, 0.10278192907571793
vb0[894]+024 TANGENT: -0.7880459427833557, -0.054043352603912354, 0.6132396459579468, -1.0
vb0[894]+040 BLENDWEIGHTS: 0.6499999761581421, 0.3499999940395355, 0.0, 0.0
vb0[894]+056 BLENDINDICES: 7, 0, 0, 0
vb0[894]+072 COLOR: 1.0, 0.5019607843137255, 0.5019607843137255, 0.30196078431372547
vb0[894]+076 TEXCOORD: 0.027900099754333496, 0.4534716010093689

vb0[895]+000 POSITION: 0.05796068534255028, 1.828213095664978, 0.07515031099319458
vb0[895]+012 NORMAL: -0.9662435054779053, 0.19232545793056488, -0.17141909897327423
vb0[895]+024 TANGENT: -0.9636911749839783, 0.18466100096702576, -0.1928717941045761, -1.0
vb0[895]+040 BLENDWEIGHTS: 0.6899999976158142, 0.3100000023841858, 0.0, 0.0
vb0[895]+056 BLENDINDICES: 7, 0, 0, 0
vb0[895]+072 COLOR: 1.0, 0.5019607843137255, 0.5019607843137255, 0.5019607843137255
vb0[895]+076 TEXCOORD: 0.03027522563934326, 0.45125168561935425

vb0[896]+000 POSITION: 0.057112496346235275, 1.8233892917633057, 0.07678752392530441
vb0[896]+012 NORMAL: -0.9617161154747009, 0.25632208585739136, 0.0969594419002533
vb0[896]+024 TANGENT: -0.9295504093170166, 0.24490617215633392, 0.27560293674468994, -1.0
vb0[896]+040 BLENDWEIGHTS: 0.7239999771118164, 0.2759999930858612, 0.0, 0.0
vb0[896]+056 BLENDINDICES: 7, 0, 0, 0
vb0[896]+072 COLOR: 1.0, 0.5019607843137255, 0.5019607843137255, 0.0
vb0[896]+076 TEXCOORD: 0.025732994079589844, 0.4482029974460602

vb0[897]+000 POSITION: 0.06422410160303116, 1.8316478729248047, 0.061885979026556015
vb0[897]+012 NORMAL: -0.8653953671455383, 0.05403706058859825, -0.49816733598709106
vb0[897]+024 TANGENT: -0.7826095819473267, 0.08152687549591064, -0.6171512007713318, -1.0
vb0[897]+040 BLENDWEIGHTS: 0.6769999861717224, 0.3230000138282776, 0.0, 0.0
vb0[897]+056 BLENDINDICES: 7, 0, 0, 0
vb0[897]+072 COLOR: 1.0, 0.5019607843137255, 0.5019607843137255, 0.5019607843137255
vb0[897]+076 TEXCOORD: 0.04586005210876465, 0.4463140070438385

vb0[898]+000 POSITION: 0.06562253832817078, 1.8390119075775146, 0.061119936406612396
vb0[898]+012 NORMAL: -0.9424952268600464, 0.022231077775359154, -0.3334794342517853
vb0[898]+024 TANGENT: -0.8098859786987305, 0.07742464542388916, -0.5814552903175354, -1.0
vb0[898]+040 BLENDWEIGHTS: 0.5860000252723694, 0.414000004529953, 0.0, 0.0
vb0[898]+056 BLENDINDICES: 7, 0, 0, 0
vb0[898]+072 COLOR: 1.0, 0.5019607843137255, 0.5019607843137255, 0.5019607843137255
vb0[898]+076 TEXCOORD: 0.050972938537597656, 0.45260199904441833

vb0[899]+000 POSITION: 0.06229096278548241, 1.8247830867767334, 0.0629488006234169
vb0[899]+012 NORMAL: -0.8024286031723022, 0.09461735188961029, -0.589199423789978
vb0[899]+024 TANGENT: -0.7638540863990784, 0.08708847314119339, -0.6394862532615662, -1.0
vb0[899]+040 BLENDWEIGHTS: 0.7450000047683716, 0.2549999952316284, 0.0, 0.0
vb0[899]+056 BLENDINDICES: 7, 0, 0, 0
vb0[899]+072 COLOR: 1.0, 0.5019607843137255, 0.5019607843137255, 0.5019607843137255
vb0[899]+076 TEXCOORD: 0.040019989013671875, 0.44120699167251587

vb0[900]+000 POSITION: 0.06768336892127991, 1.8230394124984741, 0.05945291370153427
vb0[900]+012 NORMAL: -0.9021269679069519, -0.08366136252880096, -0.42328208684921265
vb0[900]+024 TANGENT: 0.3681813180446625, -0.4879820942878723, -0.7914012670516968, -1.0
vb0[900]+040 BLENDWEIGHTS: 0.7350000143051147, 0.26499998569488525, 0.0, 0.0
vb0[900]+056 BLENDINDICES: 7, 0, 0, 0
vb0[900]+072 COLOR: 1.0, 0.5019607843137255, 0.5019607843137255, 0.30196078431372547
vb0[900]+076 TEXCOORD: 0.0446857213973999, 0.43611136078834534

vb0[901]+000 POSITION: 0.0683121383190155, 1.8329490423202515, 0.058481838554143906
vb0[901]+012 NORMAL: -0.9706973433494568, -0.05720409378409386, -0.2333974391222
vb0[901]+024 TANGENT: -0.9662082195281982, -0.17659156024456024, -0.1877685785293579, -1.0
vb0[901]+040 BLENDWEIGHTS: 0.6579999923706055, 0.34200000762939453, 0.0, 0.0
vb0[901]+056 BLENDINDICES: 7, 0, 0, 0
vb0[901]+072 COLOR: 1.0, 0.5019607843137255, 0.5019607843137255, 0.5019607843137255
vb0[901]+076 TEXCOORD: 0.051733970642089844, 0.4445439875125885

vb0[902]+000 POSITION: 0.07003073394298553, 1.8279179334640503, 0.058265570551157
vb0[902]+012 NORMAL: -0.995465099811554, -0.06392141431570053, 0.07045189291238785
vb0[902]+024 TANGENT: 0.6996769309043884, -0.6650440692901611, 0.2610912322998047, -1.0
vb0[902]+040 BLENDWEIGHTS: 0.6959999799728394, 0.30399999022483826, 0.0, 0.0
vb0[902]+056 BLENDINDICES: 7, 0, 0, 0
vb0[902]+072 COLOR: 1.0, 0.5019607843137255, 0.5019607843137255, 0.0
vb0[902]+076 TEXCOORD: 0.04970693588256836, 0.438959002494812

vb0[903]+000 POSITION: 0.06421829760074615, 1.8167243003845215, 0.06188003718852997
vb0[903]+012 NORMAL: -0.6449612975120544, 0.0020858244970440865, -0.7642123699188232
vb0[903]+024 TANGENT: 0.30535900592803955, -0.5786630511283875, -0.7562439441680908, -1.0
vb0[903]+040 BLENDWEIGHTS: 0.7929999828338623, 0.2070000022649765, 0.0, 0.0
vb0[903]+056 BLENDINDICES: 7, 0, 0, 0
vb0[903]+072 COLOR: 1.0, 0.5019607843137255, 0.5019607843137255, 0.4
vb0[903]+076 TEXCOORD: 0.03758716583251953, 0.4326123297214508

vb0[904]+000 POSITION: 0.05993654206395149, 1.8189562559127808, 0.06502053886651993
vb0[904]+012 NORMAL: -0.8143795728683472, 0.11548610031604767, -0.5687256455421448
vb0[904]+024 TANGENT: -0.7650569081306458, 0.10194135457277298, -0.6358426809310913, -1.0
vb0[904]+040 BLENDWEIGHTS: 0.7979999780654907, 0.20200000703334808, 0.0, 0.0
vb0[904]+056 BLENDINDICES: 7, 0, 0, 0
vb0[904]+072 COLOR: 1.0, 0.5019607843137255, 0.5019607843137255, 0.5019607843137255
vb0[904]+076 TEXCOORD: 0.034030914306640625, 0.4373689889907837

vb0[905]+000 POSITION: 0.060124676674604416, 1.811100721359253, 0.06547894328832626
vb0[905]+012 NORMAL: -0.6875979900360107, 0.0014779489720240235, -0.7260900735855103
vb0[905]+024 TANGENT: 0.20837289094924927, -0.6964495778083801, -0.6866868138313293, -1.0
vb0[905]+040 BLENDWEIGHTS: 0.843999981880188, 0.15600000321865082, 0.0, 0.0
vb0[905]+056 BLENDINDICES: 7, 0, 0, 0
vb0[905]+072 COLOR: 1.0, 0.5019607843137255, 0.5019607843137255, 0.4
vb0[905]+076 TEXCOORD: 0.029819011688232422, 0.4300369918346405

vb0[906]+000 POSITION: 0.05695272609591484, 1.8136959075927734, 0.06779518723487854
vb0[906]+012 NORMAL: -0.82733154296875, 0.12862029671669006, -0.5467900633811951
vb0[906]+024 TANGENT: -0.7738108038902283, 0.10612665861845016, -0.6244629621505737, -1.0
vb0[906]+040 BLENDWEIGHTS: 0.8510000109672546, 0.14900000393390656, 0.0, 0.0
vb0[906]+056 BLENDINDICES: 7, 0, 0, 0
vb0[906]+072 COLOR: 1.0, 0.5019607843137255, 0.5019607843137255, 0.4
vb0[906]+076 TEXCOORD: 0.02759408950805664, 0.4343479871749878

vb0[907]+000 POSITION: 0.05600174143910408, 1.806986927986145, 0.0693328008055687
vb0[907]+012 NORMAL: -0.7108184695243835, -0.0008137267432175577, -0.7033751010894775
vb0[907]+024 TANGENT: 0.10002297908067703, -0.7636663317680359, -0.6378158926963806, -1.0
vb0[907]+040 BLENDWEIGHTS: 0.890999972820282, 0.10899999737739563, 0.0, 0.0
vb0[907]+056 BLENDINDICES: 7, 0, 0, 0
vb0[907]+072 COLOR: 1.0, 0.5019607843137255, 0.5019607843137255, 0.30196078431372547
vb0[907]+076 TEXCOORD: 0.022572040557861328, 0.4289250075817108

vb0[908]+000 POSITION: 0.05382118001580238, 1.8094098567962646, 0.07115913927555084
vb0[908]+012 NORMAL: -0.8184476494789124, 0.14188535511493683, -0.5567872524261475
vb0[908]+024 TANGENT: -0.789247989654541, 0.11920760571956635, -0.602392852306366, -1.0
vb0[908]+040 BLENDWEIGHTS: 0.8989999890327454, 0.10100000351667404, 0.0, 0.0
vb0[908]+056 BLENDINDICES: 7, 0, 0, 0
vb0[908]+072 COLOR: 1.0, 0.5019607843137255, 0.5019607843137255, 0.30196078431372547
vb0[908]+076 TEXCOORD: 0.02120804786682129, 0.4324150085449219

vb0[909]+000 POSITION: 0.05285358428955078, 1.8122056722640991, 0.07502011954784393
vb0[909]+012 NORMAL: -0.9168886542320251, 0.3343377709388733, -0.21802164614200592
vb0[909]+024 TANGENT: -0.9072600603103638, 0.3708436191082001, -0.19837896525859833, -1.0
vb0[909]+040 BLENDWEIGHTS: 0.8769999742507935, 0.12300000339746475, 0.0, 0.0
vb0[909]+056 BLENDINDICES: 7, 0, 0, 0
vb0[909]+072 COLOR: 1.0, 0.5019607843137255, 0.5019607843137255, 0.30196078431372547
vb0[909]+076 TEXCOORD: 0.019193172454833984, 0.43712401390075684

vb0[910]+000 POSITION: 0.05478890612721443, 1.8171180486679077, 0.07463047653436661
vb0[910]+012 NORMAL: -0.9538782835006714, 0.2833307683467865, -0.09919575601816177
vb0[910]+024 TANGENT: -0.9300765991210938, 0.3344382047653198, -0.1520148515701294, -1.0
vb0[910]+040 BLENDWEIGHTS: 0.8199999928474426, 0.18000000715255737, 0.0, 0.0
vb0[910]+056 BLENDINDICES: 7, 0, 0, 0
vb0[910]+072 COLOR: 1.0, 0.5019607843137255, 0.5019607843137255, 0.4
vb0[910]+076 TEXCOORD: 0.023099899291992188, 0.4412800073623657

vb0[911]+000 POSITION: 0.05256427079439163, 1.80406653881073, 0.07275842875242233
vb0[911]+012 NORMAL: -0.7388409376144409, 0.02934330701828003, -0.6732407212257385
vb0[911]+024 TANGENT: 0.022449910640716553, -0.7936760783195496, -0.607926070690155, -1.0
vb0[911]+040 BLENDWEIGHTS: 0.9309999942779541, 0.0689999982714653, 0.0, 0.0
vb0[911]+056 BLENDINDICES: 7, 0, 0, 0
vb0[911]+072 COLOR: 1.0, 0.5019607843137255, 0.5019607843137255, 0.2
vb0[911]+076 TEXCOORD: 0.016633033752441406, 0.42845800518989563

vb0[912]+000 POSITION: 0.05123916640877724, 1.8060485124588013, 0.07390439510345459
vb0[912]+012 NORMAL: -0.8194125294685364, 0.17902889847755432, -0.5445289611816406
vb0[912]+024 TANGENT: -0.7881829142570496, 0.1318904161453247, -0.6011428236961365, -1.0
vb0[912]+040 BLENDWEIGHTS: 0.9340000152587891, 0.06599999964237213, 0.0, 0.0
vb0[912]+056 BLENDINDICES: 7, 0, 0, 0
vb0[912]+072 COLOR: 1.0, 0.5019607843137255, 0.5019607843137255, 0.2
vb0[912]+076 TEXCOORD: 0.016045093536376953, 0.43094998598098755

vb0[913]+000 POSITION: 0.050778258591890335, 1.8078182935714722, 0.07613850384950638
vb0[913]+012 NORMAL: -0.8855686783790588, 0.3444980978965759, -0.3115910589694977
vb0[913]+024 TANGENT: -0.8780868053436279, 0.41411757469177246, -0.23972965776920319, -1.0
vb0[913]+040 BLENDWEIGHTS: 0.9229999780654907, 0.07699999958276749, 0.0, 0.0
vb0[913]+056 BLENDINDICES: 7, 0, 0, 0
vb0[913]+072 COLOR: 1.0, 0.5019607843137255, 0.5019607843137255, 0.2
vb0[913]+076 TEXCOORD: 0.014971017837524414, 0.433802992105484

vb0[914]+000 POSITION: 0.05661826580762863, 1.8227659463882446, 0.07493657618761063
vb0[914]+012 NORMAL: -0.9587243795394897, 0.2332523912191391, -0.1626066267490387
vb0[914]+024 TANGENT: -0.9540408253669739, 0.2742396891117096, -0.12082572281360626, -1.0
vb0[914]+040 BLENDWEIGHTS: 0.7509999871253967, 0.24899999797344208, 0.0, 0.0
vb0[914]+056 BLENDINDICES: 7, 0, 0, 0
vb0[914]+072 COLOR: 1.0, 0.5019607843137255, 0.5019607843137255, 0.5019607843137255
vb0[914]+076 TEXCOORD: 0.026854991912841797, 0.44641900062561035

vb0[915]+000 POSITION: 0.04787864908576012, 1.8032485246658325, 0.07785557955503464
vb0[915]+012 NORMAL: -0.8488136529922485, 0.3196150064468384, -0.4211433529853821
vb0[915]+024 TANGENT: -0.8485257029533386, 0.33917486667633057, -0.4061584770679474, -1.0
vb0[915]+040 BLENDWEIGHTS: 0.9639999866485596, 0.035999998450279236, 0.0, 0.0
vb0[915]+056 BLENDINDICES: 7, 0, 0, 0
vb0[915]+072 COLOR: 1.0, 0.5019607843137255, 0.5019607843137255, 0.10196078431372549
vb0[915]+076 TEXCOORD: 0.009765148162841797, 0.43062299489974976

vb0[916]+000 POSITION: 0.04821207746863365, 1.8039675951004028, 0.07934646308422089
vb0[916]+012 NORMAL: -0.8654347658157349, 0.41253626346588135, -0.2843174636363983
vb0[916]+024 TANGENT: -0.4271775484085083, 0.5891236662864685, 0.685895562171936, -1.0
vb0[916]+040 BLENDWEIGHTS: 0.9570000171661377, 0.0430000014603138, 0.0, 0.0
vb0[916]+056 BLENDINDICES: 7, 0, 0, 0
vb0[916]+072 COLOR: 1.0, 0.5019607843137255, 0.5019607843137255, 0.10196078431372549
vb0[916]+076 TEXCOORD: 0.0090789794921875, 0.4321640133857727

vb0[917]+000 POSITION: 0.0436948724091053, 1.7989131212234497, 0.08215668797492981
vb0[917]+012 NORMAL: -0.8484904170036316, 0.33574602007865906, -0.4090704023838043
vb0[917]+024 TANGENT: -0.6619430780410767, -0.5235140323638916, 0.5364367961883545, -1.0
vb0[917]+040 BLENDWEIGHTS: 1.0, 0.0, 0.0, 0.0
vb0[917]+056 BLENDINDICES: 7, 0, 0, 0
vb0[917]+072 COLOR: 1.0, 0.5019607843137255, 0.5019607843137255, 0.0
vb0[917]+076 TEXCOORD: 0.001981019973754883, 0.42872899770736694

vb0[918]+000 POSITION: 0.0512077733874321, 1.8087058067321777, 0.07822700589895248
vb0[918]+012 NORMAL: -0.8758355379104614, 0.4753214120864868, -0.08355595171451569
vb0[918]+024 TANGENT: -0.4739964008331299, 0.3967551290988922, 0.7860742807388306, -1.0
vb0[918]+040 BLENDWEIGHTS: 0.9110000133514404, 0.08900000154972076, 0.0, 0.0
vb0[918]+056 BLENDINDICES: 7, 0, 0, 0
vb0[918]+072 COLOR: 1.0, 0.5019607843137255, 0.5019607843137255, 0.2
vb0[918]+076 TEXCOORD: 0.013849020004272461, 0.4359759986400604

vb0[919]+000 POSITION: 0.04861120507121086, 1.8013854026794434, 0.07676568627357483
vb0[919]+012 NORMAL: -0.8083367943763733, 0.20536905527114868, -0.5517382621765137
vb0[919]+024 TANGENT: -0.14756667613983154, -0.8096470832824707, -0.5680630803108215, -1.0
vb0[919]+040 BLENDWEIGHTS: 0.9679999947547913, 0.03200000151991844, 0.0, 0.0
vb0[919]+056 BLENDINDICES: 7, 0, 0, 0
vb0[919]+072 COLOR: 1.0, 0.5019607843137255, 0.5019607843137255, 0.10196078431372549
vb0[919]+076 TEXCOORD: 0.010020017623901367, 0.4282819926738739

vb0[920]+000 POSITION: 0.05352507531642914, 1.8132308721542358, 0.0777563825249672
vb0[920]+012 NORMAL: -0.9160174131393433, 0.40092945098876953, 0.012949027121067047
vb0[920]+024 TANGENT: -0.47853755950927734, 0.2657780647277832, 0.8368774056434631, -1.0
vb0[920]+040 BLENDWEIGHTS: 0.8600000143051147, 0.14000000059604645, 0.0, 0.0
vb0[920]+056 BLENDINDICES: 7, 0, 0, 0
vb0[920]+072 COLOR: 1.0, 0.5019607843137255, 0.5019607843137255, 0.30196078431372547
vb0[920]+076 TEXCOORD: 0.017640113830566406, 0.43988800048828125

vb0[921]+000 POSITION: 0.05567510426044464, 1.8179513216018677, 0.07768435776233673
vb0[921]+012 NORMAL: -0.9355111718177795, 0.31855204701423645, 0.15278591215610504
vb0[921]+024 TANGENT: -0.4545050263404846, 0.14214681088924408, 0.8793289065361023, -1.0
vb0[921]+040 BLENDWEIGHTS: 0.7979999780654907, 0.20200000703334808, 0.0, 0.0
vb0[921]+056 BLENDINDICES: 7, 0, 0, 0
vb0[921]+072 COLOR: 1.0, 0.5019607843137255, 0.5019607843137255, 0.4
vb0[921]+076 TEXCOORD: 0.021160125732421875, 0.44415101408958435

vb0[922]+000 POSITION: 0.05764459818601608, 1.823478102684021, 0.07795313000679016
vb0[922]+012 NORMAL: -0.9219297170639038, 0.2654867470264435, 0.2820681035518646
vb0[922]+024 TANGENT: -0.3717728853225708, 0.04959213733673096, 0.9269981384277344, -1.0
vb0[922]+040 BLENDWEIGHTS: 0.734000027179718, 0.26600000262260437, 0.0, 0.0
vb0[922]+056 BLENDINDICES: 7, 0, 0, 0
vb0[922]+072 COLOR: 1.0, 0.5019607843137255, 0.5019607843137255, 0.30196078431372547
vb0[922]+076 TEXCOORD: 0.024766921997070312, 0.44922998547554016

vb0[923]+000 POSITION: 0.059137485921382904, 1.8287148475646973, 0.07846077531576157
vb0[923]+012 NORMAL: -0.9708508849143982, 0.20247839391231537, 0.12826216220855713
vb0[923]+024 TANGENT: 0.08415746688842773, -0.1959209442138672, 0.9770018458366394, -1.0
vb0[923]+040 BLENDWEIGHTS: 0.6690000295639038, 0.3310000002384186, 0.0, 0.0
vb0[923]+056 BLENDINDICES: 7, 0, 0, 0
vb0[923]+072 COLOR: 1.0, 0.5019607843137255, 0.5019607843137255, 0.2
vb0[923]+076 TEXCOORD: 0.027956008911132812, 0.45411500334739685

vb0[924]+000 POSITION: 0.046442072838544846, 1.8741108179092407, 0.10576873272657394
vb0[924]+012 NORMAL: -0.9812008738517761, -0.19269022345542908, 0.010744890198111534
vb0[924]+024 TANGENT: -0.476853609085083, -0.27029818296432495, 0.8363907933235168, -1.0
vb0[924]+040 BLENDWEIGHTS: 0.6069999933242798, 0.3930000066757202, 0.0, 0.0
vb0[924]+056 BLENDINDICES: 5, 0, 0, 0
vb0[924]+072 COLOR: 1.0, 0.5019607843137255, 0.5019607843137255, 0.30196078431372547
vb0[924]+076 TEXCOORD: 0.009180545806884766, 0.5427455306053162

vb0[925]+000 POSITION: 0.044948261231184006, 1.8800803422927856, 0.1040521040558815
vb0[925]+012 NORMAL: -0.9756365418434143, -0.21913689374923706, 0.0106041943654418
vb0[925]+024 TANGENT: -0.6714833378791809, -0.14724867045879364, -0.7262422442436218, -1.0
vb0[925]+040 BLENDWEIGHTS: 0.5350000262260437, 0.4650000035762787, 0.0, 0.0
vb0[925]+056 BLENDINDICES: 0, 5, 0, 0
vb0[925]+072 COLOR: 1.0, 0.5019607843137255, 0.5019607843137255, 0.0
vb0[925]+076 TEXCOORD: 0.011492490768432617, 0.5470584630966187

vb0[926]+000 POSITION: 0.04647276923060417, 1.8741283416748047, 0.10240454226732254
vb0[926]+012 NORMAL: -0.9812008738517761, -0.19269020855426788, 0.01074488926678896
vb0[926]+024 TANGENT: -0.9025264382362366, -0.14393334090709686, -0.4058682918548584, -1.0
vb0[926]+040 BLENDWEIGHTS: 0.5569999814033508, 0.4429999887943268, 0.0, 0.0
vb0[926]+056 BLENDINDICES: 5, 0, 0, 0
vb0[926]+072 COLOR: 1.0, 0.5019607843137255, 0.5019607843137255, 0.30196078431372547
vb0[926]+076 TEXCOORD: 0.011506080627441406, 0.5420430898666382

vb0[927]+000 POSITION: 0.04429766908288002, 1.883542776107788, 0.1078042984008789
vb0[927]+012 NORMAL: -0.9756365418434143, -0.21913689374923706, 0.0106041943654418
vb0[927]+024 TANGENT: 0.47601187229156494, -0.041526079177856445, 0.8784579038619995, -1.0
vb0[927]+040 BLENDWEIGHTS: 0.5720000267028809, 0.42800000309944153, 0.0, 0.0
vb0[927]+056 BLENDINDICES: 5, 0, 0, 0
vb0[927]+072 COLOR: 1.0, 0.5019607843137255, 0.5019607843137255, 0.10196078431372549
vb0[927]+076 TEXCOORD: 0.00940561294555664, 0.5506536364555359

vb0[928]+000 POSITION: 0.04776870086789131, 1.8667818307876587, 0.10416246205568314
vb0[928]+012 NORMAL: -0.9901857376098633, -0.13879342377185822, 0.01638774573802948
vb0[928]+024 TANGENT: -0.4952024817466736, -0.24585779011249542, 0.8332637548446655, -1.0
vb0[928]+040 BLENDWEIGHTS: 0.6980000138282776, 0.3019999861717224, 0.0, 0.0
vb0[928]+056 BLENDINDICES: 5, 0, 0, 0
vb0[928]+072 COLOR: 1.0, 0.5019607843137255, 0.5019607843137255, 0.5019607843137255
vb0[928]+076 TEXCOORD: 0.008523225784301758, 0.5367341637611389

vb0[929]+000 POSITION: 0.04760831594467163, 1.8675804138183594, 0.10101022571325302
vb0[929]+012 NORMAL: -0.9901857376098633, -0.13879342377185822, 0.01638774387538433
vb0[929]+024 TANGENT: -0.9015281200408936, -0.05376255512237549, -0.42936772108078003, -1.0
vb0[929]+040 BLENDWEIGHTS: 0.6549999713897705, 0.3449999988079071, 0.0, 0.0
vb0[929]+056 BLENDINDICES: 5, 0, 0, 0
vb0[929]+072 COLOR: 1.0, 0.5019607843137255, 0.5019607843137255, 0.4
vb0[929]+076 TEXCOORD: 0.011158466339111328, 0.5366657376289368

vb0[930]+000 POSITION: 0.04822211712598801, 1.8619191646575928, 0.09979232400655746
vb0[930]+012 NORMAL: -0.9957430958747864, -0.08901472389698029, 0.023918848484754562
vb0[930]+024 TANGENT: -0.900464653968811, 0.0, -0.4349290430545807, -1.0
vb0[930]+040 BLENDWEIGHTS: 0.7390000224113464, 0.26100000739097595, 0.0, 0.0
vb0[930]+056 BLENDINDICES: 5, 0, 0, 0
vb0[930]+072 COLOR: 1.0, 0.5019607843137255, 0.5019607843137255, 0.5019607843137255
vb0[930]+076 TEXCOORD: 0.01083230972290039, 0.5320257544517517

vb0[931]+000 POSITION: 0.04836375638842583, 1.8608084917068481, 0.10293456166982651
vb0[931]+012 NORMAL: -0.9957430958747864, -0.08901472389698029, 0.02391885221004486
vb0[931]+024 TANGENT: -0.5010666251182556, -0.218740314245224, 0.8373081088066101, -1.0
vb0[931]+040 BLENDWEIGHTS: 0.765999972820282, 0.23399999737739563, 0.0, 0.0
vb0[931]+056 BLENDINDICES: 5, 0, 0, 0
vb0[931]+072 COLOR: 1.0, 0.5019607843137255, 0.5019607843137255, 0.5019607843137255
vb0[931]+076 TEXCOORD: 0.008150339126586914, 0.5318482518196106

vb0[932]+000 POSITION: 0.04855174571275711, 1.85617995262146, 0.09877392649650574
vb0[932]+012 NORMAL: -0.9986466765403748, -0.04306244105100632, 0.02916146256029606
vb0[932]+024 TANGENT: -0.8984706401824951, 0.026899099349975586, -0.4382086992263794, -1.0
vb0[932]+040 BLENDWEIGHTS: 0.8140000104904175, 0.1860000044107437, 0.0, 0.0
vb0[932]+056 BLENDINDICES: 5, 0, 0, 0
vb0[932]+072 COLOR: 1.0, 0.5019607843137255, 0.5019607843137255, 0.5019607843137255
vb0[932]+076 TEXCOORD: 0.010349751450121403, 0.5273706912994385

vb0[933]+000 POSITION: 0.0486886203289032, 1.8552000522613525, 0.10172200202941895
vb0[933]+012 NORMAL: -0.9986466765403748, -0.04306244105100632, 0.02916146256029606
vb0[933]+024 TANGENT: -0.5025684833526611, -0.19449013471603394, 0.842376708984375, -1.0
vb0[933]+040 BLENDWEIGHTS: 0.8199999928474426, 0.18000000715255737, 0.0, 0.0
vb0[933]+056 BLENDINDICES: 5, 0, 0, 0
vb0[933]+072 COLOR: 1.0, 0.5019607843137255, 0.5019607843137255, 0.5019607843137255
vb0[933]+076 TEXCOORD: 0.007857084274291992, 0.5272494554519653

vb0[934]+000 POSITION: 0.048663266003131866, 1.850098967552185, 0.09786710888147354
vb0[934]+012 NORMAL: -0.999546229839325, 0.012526549398899078, 0.027391064912080765
vb0[934]+024 TANGENT: -0.8921216130256653, 0.06359469890594482, -0.447297066450119, -1.0
vb0[934]+040 BLENDWEIGHTS: 0.875, 0.125, 0.0, 0.0
vb0[934]+056 BLENDINDICES: 5, 0, 0, 0
vb0[934]+072 COLOR: 1.0, 0.5019607843137255, 0.5019607843137255, 0.4
vb0[934]+076 TEXCOORD: 0.009735584259033203, 0.522477924823761

vb0[935]+000 POSITION: 0.04873967170715332, 1.849269986152649, 0.10047949850559235
vb0[935]+012 NORMAL: -0.999546229839325, 0.012526551261544228, 0.027391068637371063
vb0[935]+024 TANGENT: -0.5054842233657837, -0.16348795592784882, 0.8472055792808533, -1.0
vb0[935]+040 BLENDWEIGHTS: 0.8730000257492065, 0.12700000405311584, 0.0, 0.0
vb0[935]+056 BLENDINDICES: 5, 0, 0, 0
vb0[935]+072 COLOR: 1.0, 0.5019607843137255, 0.5019607843137255, 0.4
vb0[935]+076 TEXCOORD: 0.007537841796875, 0.5224005579948425

vb0[936]+000 POSITION: 0.04843572899699211, 1.844141960144043, 0.09711948037147522
vb0[936]+012 NORMAL: -0.9956246018409729, 0.09317552298307419, 0.0070825302973389626
vb0[936]+024 TANGENT: -0.8747032284736633, 0.12245775014162064, -0.46893322467803955, -1.0
vb0[936]+040 BLENDWEIGHTS: 0.9150000214576721, 0.08500000089406967, 0.0, 0.0
vb0[936]+056 BLENDINDICES: 5, 0, 0, 0
vb0[936]+072 COLOR: 1.0, 0.5019607843137255, 0.5019607843137255, 0.30196078431372547
vb0[936]+076 TEXCOORD: 0.009033203125, 0.5177103281021118

vb0[937]+000 POSITION: 0.04841431975364685, 1.8437330722808838, 0.09942388534545898
vb0[937]+012 NORMAL: -0.9956246018409729, 0.09317552298307419, 0.007082532159984112
vb0[937]+024 TANGENT: -0.5093026161193848, -0.11792321503162384, 0.8524699807167053, -1.0
vb0[937]+040 BLENDWEIGHTS: 0.9089999794960022, 0.09099999815225601, 0.0, 0.0
vb0[937]+056 BLENDINDICES: 5, 0, 0, 0
vb0[937]+072 COLOR: 1.0, 0.5019607843137255, 0.5019607843137255, 0.30196078431372547
vb0[937]+076 TEXCOORD: 0.007164955139160156, 0.5178874731063843

vb0[938]+000 POSITION: 0.047610387206077576, 1.837939977645874, 0.0964696854352951
vb0[938]+012 NORMAL: -0.9807232022285461, 0.1905442625284195, -0.04329967871308327
vb0[938]+024 TANGENT: -0.8422483205795288, 0.1909923553466797, -0.5041226148605347, -1.0
vb0[938]+040 BLENDWEIGHTS: 0.9520000219345093, 0.04800000041723251, 0.0, 0.0
vb0[938]+056 BLENDINDICES: 5, 0, 0, 0
vb0[938]+072 COLOR: 1.0, 0.5019607843137255, 0.5019607843137255, 0.2
vb0[938]+076 TEXCOORD: 0.008198738098144531, 0.512734055519104

vb0[939]+000 POSITION: 0.04749702662229538, 1.8376468420028687, 0.09829103201627731
vb0[939]+012 NORMAL: -0.9807232022285461, 0.1905442625284195, -0.04329967498779297
vb0[939]+024 TANGENT: -0.5307707786560059, -0.055027544498443604, 0.8457270860671997, -1.0
vb0[939]+040 BLENDWEIGHTS: 0.9480000138282776, 0.052000001072883606, 0.0, 0.0
vb0[939]+056 BLENDINDICES: 5, 0, 0, 0
vb0[939]+072 COLOR: 1.0, 0.5019607843137255, 0.5019607843137255, 0.2
vb0[939]+076 TEXCOORD: 0.006724119186401367, 0.5128875970840454

vb0[940]+000 POSITION: 0.046487919986248016, 1.8328558206558228, 0.09615006297826767
vb0[940]+012 NORMAL: -0.9510928988456726, 0.29140767455101013, -0.10248865187168121
vb0[940]+024 TANGENT: -0.8030440211296082, 0.235209122300148, -0.5475373268127441, -1.0
vb0[940]+040 BLENDWEIGHTS: 0.9750000238418579, 0.02500000037252903, 0.0, 0.0
vb0[940]+056 BLENDINDICES: 5, 0, 0, 0
vb0[940]+072 COLOR: 1.0, 0.5019607843137255, 0.5019607843137255, 0.10196078431372549
vb0[940]+076 TEXCOORD: 0.007295370101928711, 0.5086479187011719

vb0[941]+000 POSITION: 0.04620608687400818, 1.832563877105713, 0.09743382036685944
vb0[941]+012 NORMAL: -0.9510928988456726, 0.29140767455101013, -0.10248863697052002
vb0[941]+024 TANGENT: -0.5535085797309875, 0.04546332731842995, 0.8316016793251038, -1.0
vb0[941]+040 BLENDWEIGHTS: 0.9760000109672546, 0.024000000208616257, 0.0, 0.0
vb0[941]+056 BLENDINDICES: 5, 0, 0, 0
vb0[941]+072 COLOR: 1.0, 0.5019607843137255, 0.5019607843137255, 0.10196078431372549
vb0[941]+076 TEXCOORD: 0.006235599517822266, 0.5086532831192017

vb0[942]+000 POSITION: 0.04384293034672737, 1.8258702754974365, 0.09667462855577469
vb0[942]+012 NORMAL: -0.9308094382286072, 0.3429507613182068, -0.126406729221344
vb0[942]+024 TANGENT: -0.43558746576309204, -0.8989937901496887, 0.04553962126374245, -1.0
vb0[942]+040 BLENDWEIGHTS: 1.0, 0.0, 0.0, 0.0
vb0[942]+056 BLENDINDICES: 5, 0, 0, 0
vb0[942]+072 COLOR: 1.0, 0.5019607843137255, 0.5019607843137255, 0.0
vb0[942]+076 TEXCOORD: 0.005169868469238281, 0.5029898881912231

vb0[943]+000 POSITION: 0.032535310834646225, 1.9191340208053589, 0.10047636926174164
vb0[943]+012 NORMAL: 0.35932856798171997, 0.48717573285102844, 0.7959540486335754
vb0[943]+024 TANGENT: 0.44022640585899353, 0.6062418222427368, 0.6623228192329407, -1.0
vb0[943]+040 BLENDWEIGHTS: 1.0, 0.0, 0.0, 0.0
vb0[943]+056 BLENDINDICES: 0, 0, 0, 0
vb0[943]+072 COLOR: 1.0, 0.5019607843137255, 0.5019607843137255, 0.5019607843137255
vb0[943]+076 TEXCOORD: 0.609259843826294, 0.8256472945213318

vb0[944]+000 POSITION: 0.033113110810518265, 1.919808030128479, 0.09987787902355194
vb0[944]+012 NORMAL: 0.32607924938201904, 0.4111975133419037, 0.851227879524231
vb0[944]+024 TANGENT: 0.2166016399860382, 0.22601471841335297, 0.9497373104095459, -1.0
vb0[944]+040 BLENDWEIGHTS: 1.0, 0.0, 0.0, 0.0
vb0[944]+056 BLENDINDICES: 0, 0, 0, 0
vb0[944]+072 COLOR: 1.0, 0.5019607843137255, 0.5019607843137255, 0.2
vb0[944]+076 TEXCOORD: 0.6083250045776367, 0.8263518214225769

vb0[945]+000 POSITION: 0.03738885000348091, 1.9144948720932007, 0.10048641264438629
vb0[945]+012 NORMAL: 0.43302443623542786, 0.41880133748054504, 0.798182487487793
vb0[945]+024 TANGENT: 0.5911779403686523, 0.5011739730834961, 0.6319283246994019, -1.0
vb0[945]+040 BLENDWEIGHTS: 1.0, 0.0, 0.0, 0.0
vb0[945]+056 BLENDINDICES: 0, 0, 0, 0
vb0[945]+072 COLOR: 1.0, 0.5019607843137255, 0.5019607843137255, 0.5019607843137255
vb0[945]+076 TEXCOORD: 0.604285717010498, 0.8188401460647583

vb0[946]+000 POSITION: 0.03853987902402878, 1.9155298471450806, 0.09918854385614395
vb0[946]+012 NORMAL: 0.39129364490509033, 0.36463236808776855, 0.8449452519416809
vb0[946]+024 TANGENT: 0.33160996437072754, 0.17734849452972412, 0.9265972375869751, -1.0
vb0[946]+040 BLENDWEIGHTS: 1.0, 0.0, 0.0, 0.0
vb0[946]+056 BLENDINDICES: 0, 0, 0, 0
vb0[946]+072 COLOR: 1.0, 0.5019607843137255, 0.5019607843137255, 0.2
vb0[946]+076 TEXCOORD: 0.6023416519165039, 0.8201068639755249

vb0[947]+000 POSITION: 0.04155492037534714, 1.9090065956115723, 0.10000795125961304
vb0[947]+012 NORMAL: 0.48969566822052, 0.3551461696624756, 0.7962847352027893
vb0[947]+024 TANGENT: 0.679649829864502, 0.4254656136035919, 0.5975409746170044, -1.0
vb0[947]+040 BLENDWEIGHTS: 0.9290000200271606, 0.07100000232458115, 0.0, 0.0
vb0[947]+056 BLENDINDICES: 0, 5, 0, 0
vb0[947]+072 COLOR: 1.0, 0.5019607843137255, 0.5019607843137255, 0.5019607843137255
vb0[947]+076 TEXCOORD: 0.5993266105651855, 0.811931848526001

vb0[948]+000 POSITION: 0.04357723146677017, 1.9101765155792236, 0.09799676388502121
vb0[948]+012 NORMAL: 0.45889171957969666, 0.32120710611343384, 0.8283987045288086
vb0[948]+024 TANGENT: 0.42373624444007874, 0.1368872970342636, 0.8953822255134583, -1.0
vb0[948]+040 BLENDWEIGHTS: 0.953000009059906, 0.04699999839067459, 0.0, 0.0
vb0[948]+056 BLENDINDICES: 0, 5, 0, 0
vb0[948]+072 COLOR: 1.0, 0.5019607843137255, 0.5019607843137255, 0.2
vb0[948]+076 TEXCOORD: 0.5960898399353027, 0.8135090470314026

vb0[949]+000 POSITION: 0.04538489133119583, 1.9031727313995361, 0.09959752857685089
vb0[949]+012 NORMAL: 0.5316947102546692, 0.2943621873855591, 0.7941356897354126
vb0[949]+024 TANGENT: 0.7451266050338745, 0.35818421840667725, 0.5625746846199036, -1.0
vb0[949]+040 BLENDWEIGHTS: 0.8690000176429749, 0.13099999725818634, 0.0, 0.0
vb0[949]+056 BLENDINDICES: 0, 5, 0, 0
vb0[949]+072 COLOR: 1.0, 0.5019607843137255, 0.5019607843137255, 0.5019607843137255
vb0[949]+076 TEXCOORD: 0.5945773124694824, 0.8050036430358887

vb0[950]+000 POSITION: 0.04804814234375954, 1.904067039489746, 0.096437007188797
vb0[950]+012 NORMAL: 0.515878438949585, 0.2684471309185028, 0.8135142922401428
vb0[950]+024 TANGENT: 0.4933086633682251, 0.10445773601531982, 0.8635595440864563, -1.0
vb0[950]+040 BLENDWEIGHTS: 0.9179999828338623, 0.0820000022649765, 0.0, 0.0
vb0[950]+056 BLENDINDICES: 0, 5, 0, 0
vb0[950]+072 COLOR: 1.0, 0.5019607843137255, 0.5019607843137255, 0.2
vb0[950]+076 TEXCOORD: 0.5898728370666504, 0.8067131042480469

vb0[951]+000 POSITION: 0.04915126785635948, 1.8957148790359497, 0.09865079075098038
vb0[951]+012 NORMAL: 0.5680937170982361, 0.2227545976638794, 0.7922435998916626
vb0[951]+024 TANGENT: 0.7968164682388306, 0.27774858474731445, 0.5365996360778809, -1.0
vb0[951]+040 BLENDWEIGHTS: 0.7770000100135803, 0.22300000488758087, 0.0, 0.0
vb0[951]+056 BLENDINDICES: 0, 5, 0, 0
vb0[951]+072 COLOR: 1.0, 0.5019607843137255, 0.5019607843137255, 0.5019607843137255
vb0[951]+076 TEXCOORD: 0.5889859199523926, 0.796784520149231

vb0[952]+000 POSITION: 0.052131686359643936, 1.897243618965149, 0.09453825652599335
vb0[952]+012 NORMAL: 0.568880021572113, 0.21581138670444489, 0.7936001420021057
vb0[952]+024 TANGENT: 0.5332024097442627, 0.05465126410126686, 0.8442206978797913, -1.0
vb0[952]+040 BLENDWEIGHTS: 0.9070000052452087, 0.09300000220537186, 0.0, 0.0
vb0[952]+056 BLENDINDICES: 0, 5, 0, 0
vb0[952]+072 COLOR: 1.0, 0.5019607843137255, 0.5019607843137255, 0.2
vb0[952]+076 TEXCOORD: 0.5834715366363525, 0.799583911895752

vb0[953]+000 POSITION: 0.055456534028053284, 1.8901923894882202, 0.09252236038446426
vb0[953]+012 NORMAL: 0.6085954308509827, 0.1493668556213379, 0.7792952656745911
vb0[953]+024 TANGENT: 0.5612176060676575, -0.012712836265563965, 0.8275706768035889, -1.0
vb0[953]+040 BLENDWEIGHTS: 0.9020000100135803, 0.09799999743700027, 0.0, 0.0
vb0[953]+056 BLENDINDICES: 0, 5, 0, 0
vb0[953]+072 COLOR: 1.0, 0.5019607843137255, 0.5019607843137255, 0.2
vb0[953]+076 TEXCOORD: 0.5774269104003906, 0.7923896312713623

vb0[954]+000 POSITION: 0.058798082172870636, 1.8809841871261597, 0.0893978551030159
vb0[954]+012 NORMAL: 0.648790717124939, 0.07508886605501175, 0.7572530508041382
vb0[954]+024 TANGENT: 0.5613700151443481, -0.07504069805145264, 0.8241557478904724, -1.0
vb0[954]+040 BLENDWEIGHTS: 0.9139999747276306, 0.0860000029206276, 0.0, 0.0
vb0[954]+056 BLENDINDICES: 0, 5, 0, 0
vb0[954]+072 COLOR: 1.0, 0.5019607843137255, 0.5019607843137255, 0.2
vb0[954]+076 TEXCOORD: 0.5698003768920898, 0.7831460237503052

vb0[955]+000 POSITION: 0.061009783297777176, 1.8721811771392822, 0.08706881105899811
vb0[955]+012 NORMAL: 0.6660592555999756, 0.0007932522566989064, 0.745898425579071
vb0[955]+024 TANGENT: 0.5650846362113953, -0.10997872799634933, 0.8176698088645935, -1.0
vb0[955]+040 BLENDWEIGHTS: 0.9330000281333923, 0.06700000166893005, 0.0, 0.0
vb0[955]+056 BLENDINDICES: 0, 5, 0, 0
vb0[955]+072 COLOR: 1.0, 0.5019607843137255, 0.5019607843137255, 0.2
vb0[955]+076 TEXCOORD: 0.563565731048584, 0.7741879820823669

vb0[956]+000 POSITION: 0.057985108345746994, 1.8693656921386719, 0.09194222837686539
vb0[956]+012 NORMAL: 0.6204387545585632, -0.032251834869384766, 0.7835914492607117
vb0[956]+024 TANGENT: 0.6894655823707581, -0.10750187188386917, 0.7162964344024658, -1.0
vb0[956]+040 BLENDWEIGHTS: 0.925000011920929, 0.07500000298023224, 0.0, 0.0
vb0[956]+056 BLENDINDICES: 0, 5, 0, 0
vb0[956]+072 COLOR: 1.0, 0.5019607843137255, 0.5019607843137255, 0.5019607843137255
vb0[956]+076 TEXCOORD: 0.5692853927612305, 0.7694180011749268

vb0[957]+000 POSITION: 0.06218322739005089, 1.863228678703308, 0.08472675830125809
vb0[957]+012 NORMAL: 0.6858465671539307, -0.080955371260643, 0.7232293486595154
vb0[957]+024 TANGENT: 0.564075767993927, -0.16396324336528778, 0.8092802166938782, -1.0
vb0[957]+040 BLENDWEIGHTS: 0.906000018119812, 0.09399999678134918, 0.0, 0.0
vb0[957]+056 BLENDINDICES: 0, 7, 0, 0
vb0[957]+072 COLOR: 1.0, 0.5019607843137255, 0.5019607843137255, 0.2
vb0[957]+076 TEXCOORD: 0.5580754280090332, 0.7648181319236755

vb0[958]+000 POSITION: 0.0597219355404377, 1.8610318899154663, 0.08840023726224899
vb0[958]+012 NORMAL: 0.6225855946540833, -0.11390431970357895, 0.7742176651954651
vb0[958]+024 TANGENT: 0.7084860801696777, -0.17327462136745453, 0.6841222643852234, -1.0
vb0[958]+040 BLENDWEIGHTS: 0.8999999761581421, 0.10000000149011612, 0.0, 0.0
vb0[958]+056 BLENDINDICES: 0, 7, 0, 0
vb0[958]+072 COLOR: 1.0, 0.5019607843137255, 0.5019607843137255, 0.5019607843137255
vb0[958]+076 TEXCOORD: 0.5624639987945557, 0.7611017823219299

vb0[959]+000 POSITION: 0.062273573130369186, 1.8547850847244263, 0.08260393142700195
vb0[959]+012 NORMAL: 0.6871094107627869, -0.15505921840667725, 0.7098150253295898
vb0[959]+024 TANGENT: 0.5633249282836914, -0.19624187052249908, 0.8025921583175659, -1.0
vb0[959]+040 BLENDWEIGHTS: 0.7680000066757202, 0.23199999332427979, 0.0, 0.0
vb0[959]+056 BLENDINDICES: 0, 7, 0, 0
vb0[959]+072 COLOR: 1.0, 0.5019607843137255, 0.5019607843137255, 0.2
vb0[959]+076 TEXCOORD: 0.5536704063415527, 0.7557031512260437

vb0[960]+000 POSITION: 0.06067169830203056, 1.8530107736587524, 0.08488069474697113
vb0[960]+012 NORMAL: 0.6231266260147095, -0.1834152489900589, 0.7603104710578918
vb0[960]+024 TANGENT: 0.7251753211021423, -0.20656095445156097, 0.656851053237915, -1.0
vb0[960]+040 BLENDWEIGHTS: 0.7590000033378601, 0.2409999966621399, 0.0, 0.0
vb0[960]+056 BLENDINDICES: 0, 7, 0, 0
vb0[960]+072 COLOR: 1.0, 0.5019607843137255, 0.5019607843137255, 0.5019607843137255
vb0[960]+076 TEXCOORD: 0.5562717914581299, 0.7528932690620422

vb0[961]+000 POSITION: 0.0619145892560482, 1.846657395362854, 0.08085028827190399
vb0[961]+012 NORMAL: 0.679979681968689, -0.22471454739570618, 0.6979476809501648
vb0[961]+024 TANGENT: 0.5654419660568237, -0.20871245861053467, 0.7979440093040466, -1.0
vb0[961]+040 BLENDWEIGHTS: 0.6110000014305115, 0.3889999985694885, 0.0, 0.0
vb0[961]+056 BLENDINDICES: 0, 7, 0, 0
vb0[961]+072 COLOR: 1.0, 0.5019607843137255, 0.5019607843137255, 0.2
vb0[961]+076 TEXCOORD: 0.5497779846191406, 0.7468042373657227

vb0[962]+000 POSITION: 0.06084189936518669, 1.8454638719558716, 0.08219125866889954
vb0[962]+012 NORMAL: 0.6194460988044739, -0.24868346750736237, 0.7446093559265137
vb0[962]+024 TANGENT: 0.7205467224121094, -0.22263199090957642, 0.6566942930221558, -1.0
vb0[962]+040 BLENDWEIGHTS: 0.6010000109672546, 0.39899998903274536, 0.0, 0.0
vb0[962]+056 BLENDINDICES: 0, 7, 0, 0
vb0[962]+072 COLOR: 1.0, 0.5019607843137255, 0.5019607843137255, 0.5019607843137255
vb0[962]+076 TEXCOORD: 0.5512938499450684, 0.7449122667312622

vb0[963]+000 POSITION: 0.06123500317335129, 1.8398865461349487, 0.0795443058013916
vb0[963]+012 NORMAL: 0.6680830717086792, -0.2853339910507202, 0.6872042417526245
vb0[963]+024 TANGENT: 0.5745768547058105, -0.20927727222442627, 0.7912423610687256, -1.0
vb0[963]+040 BLENDWEIGHTS: 0.5130000114440918, 0.4869999885559082, 0.0, 0.0
vb0[963]+056 BLENDINDICES: 7, 0, 0, 0
vb0[963]+072 COLOR: 1.0, 0.5019607843137255, 0.5019607843137255, 0.2
vb0[963]+076 TEXCOORD: 0.5467045307159424, 0.7392486929893494

vb0[964]+000 POSITION: 0.060654010623693466, 1.8391870260238647, 0.08023014664649963
vb0[964]+012 NORMAL: 0.5919134616851807, -0.3050301671028137, 0.7460529804229736
vb0[964]+024 TANGENT: 0.7042176127433777, -0.23750244081020355, 0.6690815091133118, -1.0
vb0[964]+040 BLENDWEIGHTS: 0.5120000243186951, 0.4880000054836273, 0.0, 0.0
vb0[964]+056 BLENDINDICES: 7, 0, 0, 0
vb0[964]+072 COLOR: 1.0, 0.5019607843137255, 0.5019607843137255, 0.5019607843137255
vb0[964]+076 TEXCOORD: 0.5474362373352051, 0.7381545901298523

vb0[965]+000 POSITION: 0.060282010585069656, 1.8337680101394653, 0.07875021547079086
vb0[965]+012 NORMAL: 0.5490509867668152, -0.32809117436408997, 0.7686996459960938
vb0[965]+024 TANGENT: 0.39647969603538513, -0.2027992159128189, 0.8953638076782227, -1.0
vb0[965]+040 BLENDWEIGHTS: 0.6029999852180481, 0.3970000147819519, 0.0, 0.0
vb0[965]+056 BLENDINDICES: 7, 0, 0, 0
vb0[965]+072 COLOR: 1.0, 0.5019607843137255, 0.5019607843137255, 0.2
vb0[965]+076 TEXCOORD: 0.5442295074462891, 0.7322597503662109

vb0[966]+000 POSITION: 0.055641502141952515, 1.868101954460144, 0.09289523214101791
vb0[966]+012 NORMAL: 0.5063718557357788, -0.10145857185125351, 0.8563257455825806
vb0[966]+024 TANGENT: -0.5200448036193848, -0.4275083839893341, 0.7394524812698364, -1.0
vb0[966]+040 BLENDWEIGHTS: 0.9399999976158142, 0.05999999865889549, 0.0, 0.0
vb0[966]+056 BLENDINDICES: 0, 5, 0, 0
vb0[966]+072 COLOR: 1.0, 0.5019607843137255, 0.5019607843137255, 0.30196078431372547
vb0[966]+076 TEXCOORD: 0.5702084302902222, 0.7659244537353516

vb0[967]+000 POSITION: 0.05734816566109657, 1.8600807189941406, 0.08956246078014374
vb0[967]+012 NORMAL: 0.5362423658370972, -0.1599794626235962, 0.8287644386291504
vb0[967]+024 TANGENT: -0.5127614736557007, -0.43183138966560364, 0.7420225143432617, -1.0
vb0[967]+040 BLENDWEIGHTS: 0.8970000147819519, 0.10300000011920929, 0.0, 0.0
vb0[967]+056 BLENDINDICES: 0, 7, 0, 0
vb0[967]+072 COLOR: 1.0, 0.5019607843137255, 0.5019607843137255, 0.4
vb0[967]+076 TEXCOORD: 0.5649714469909668, 0.7590783834457397

vb0[968]+000 POSITION: 0.05835997313261032, 1.8520567417144775, 0.08624237030744553
vb0[968]+012 NORMAL: 0.5523742437362671, -0.2162778526544571, 0.805050790309906
vb0[968]+024 TANGENT: -0.522365927696228, -0.37496834993362427, 0.7658541202545166, -1.0
vb0[968]+040 BLENDWEIGHTS: 0.7590000033378601, 0.2409999966621399, 0.0, 0.0
vb0[968]+056 BLENDINDICES: 0, 7, 0, 0
vb0[968]+072 COLOR: 1.0, 0.5019607843137255, 0.5019607843137255, 0.5019607843137255
vb0[968]+076 TEXCOORD: 0.5588083267211914, 0.7508247494697571

vb0[969]+000 POSITION: 0.05872325599193573, 1.8448231220245361, 0.08350954949855804
vb0[969]+012 NORMAL: 0.5553564429283142, -0.26374152302742004, 0.788682222366333
vb0[969]+024 TANGENT: -0.533983588218689, -0.29951342940330505, 0.7906662821769714, -1.0
vb0[969]+040 BLENDWEIGHTS: 0.6159999966621399, 0.3840000033378601, 0.0, 0.0
vb0[969]+056 BLENDINDICES: 0, 7, 0, 0
vb0[969]+072 COLOR: 1.0, 0.5019607843137255, 0.5019607843137255, 0.5019607843137255
vb0[969]+076 TEXCOORD: 0.5537123680114746, 0.743196427822113

vb0[970]+000 POSITION: 0.05874050781130791, 1.8386439085006714, 0.08136780560016632
vb0[970]+012 NORMAL: 0.5425064563751221, -0.3132449686527252, 0.7794642448425293
vb0[970]+024 TANGENT: -0.543428897857666, -0.23146191239356995, 0.8069140911102295, -1.0
vb0[970]+040 BLENDWEIGHTS: 0.5009999871253967, 0.49900001287460327, 0.0, 0.0
vb0[970]+056 BLENDINDICES: 0, 7, 0, 0
vb0[970]+072 COLOR: 1.0, 0.5019607843137255, 0.5019607843137255, 0.5019607843137255
vb0[970]+076 TEXCOORD: 0.549555778503418, 0.7365869879722595

vb0[971]+000 POSITION: 0.05846301093697548, 1.8329529762268066, 0.07943833619356155
vb0[971]+012 NORMAL: 0.5304107069969177, -0.3235500156879425, 0.7835686802864075
vb0[971]+024 TANGENT: -0.5821570158004761, -0.08002675324678421, 0.80912846326828, -1.0
vb0[971]+040 BLENDWEIGHTS: 0.5879999995231628, 0.41200000047683716, 0.0, 0.0
vb0[971]+056 BLENDINDICES: 7, 0, 0, 0
vb0[971]+072 COLOR: 1.0, 0.5019607843137255, 0.5019607843137255, 0.4
vb0[971]+076 TEXCOORD: 0.5458197593688965, 0.7304138541221619

vb0[972]+000 POSITION: 0.059137485921382904, 1.8287148475646973, 0.07846077531576157
vb0[972]+012 NORMAL: 0.3897063136100769, -0.34178289771080017, 0.8551687002182007
vb0[972]+024 TANGENT: 0.08415746688842773, -0.1959209442138672, 0.9770018458366394, -1.0
vb0[972]+040 BLENDWEIGHTS: 0.6690000295639038, 0.3310000002384186, 0.0, 0.0
vb0[972]+056 BLENDINDICES: 7, 0, 0, 0
vb0[972]+072 COLOR: 1.0, 0.5019607843137255, 0.5019607843137255, 0.2
vb0[972]+076 TEXCOORD: 0.5424940586090088, 0.7263392210006714

vb0[973]+000 POSITION: 0.0580306276679039, 1.828662395477295, 0.07820136100053787
vb0[973]+012 NORMAL: 0.3534691333770752, -0.3504007160663605, 0.8673401474952698
vb0[973]+024 TANGENT: -0.7880459427833557, -0.054043352603912354, 0.6132396459579468, -1.0
vb0[973]+040 BLENDWEIGHTS: 0.6499999761581421, 0.3499999940395355, 0.0, 0.0
vb0[973]+056 BLENDINDICES: 7, 0, 0, 0
vb0[973]+072 COLOR: 1.0, 0.5019607843137255, 0.5019607843137255, 0.30196078431372547
vb0[973]+076 TEXCOORD: 0.5435851812362671, 0.7256147265434265

vb0[974]+000 POSITION: 0.057112496346235275, 1.8233892917633057, 0.07678752392530441
vb0[974]+012 NORMAL: 0.35462260246276855, -0.3437149226665497, 0.8695418238639832
vb0[974]+024 TANGENT: -0.9295504093170166, 0.24490617215633392, 0.27560293674468994, -1.0
vb0[974]+040 BLENDWEIGHTS: 0.7239999771118164, 0.2759999930858612, 0.0, 0.0
vb0[974]+056 BLENDINDICES: 7, 0, 0, 0
vb0[974]+072 COLOR: 1.0, 0.5019607843137255, 0.5019607843137255, 0.0
vb0[974]+076 TEXCOORD: 0.541161060333252, 0.7196089029312134

vb0[975]+000 POSITION: 0.023074040189385414, 1.914639949798584, 0.10292765498161316
vb0[975]+012 NORMAL: -0.03399227187037468, -0.996926486492157, -0.07058409601449966
vb0[975]+024 TANGENT: 0.36273837089538574, -0.8216991424560547, 0.43958088755607605, -1.0
vb0[975]+040 BLENDWEIGHTS: 1.0, 0.0, 0.0, 0.0
vb0[975]+056 BLENDINDICES: 0, 0, 0, 0
vb0[975]+072 COLOR: 1.0, 0.5019607843137255, 0.5019607843137255, 0.0
vb0[975]+076 TEXCOORD: 0.03358602523803711, 0.5572019815444946

vb0[976]+000 POSITION: 0.025573989376425743, 1.9144859313964844, 0.10173563659191132
vb0[976]+012 NORMAL: -0.27815815806388855, -0.9501158595085144, -0.14109522104263306
vb0[976]+024 TANGENT: -0.019728781655430794, -0.8212191462516785, 0.5702718496322632, -1.0
vb0[976]+040 BLENDWEIGHTS: 1.0, 0.0, 0.0, 0.0
vb0[976]+056 BLENDINDICES: 0, 0, 0, 0
vb0[976]+072 COLOR: 1.0, 0.5019607843137255, 0.5019607843137255, 0.0
vb0[976]+076 TEXCOORD: 0.03383803367614746, 0.5547800064086914

vb0[977]+000 POSITION: 0.02076452039182186, 1.9136419296264648, 0.10774187743663788
vb0[977]+012 NORMAL: 0.056658320128917694, -0.9972604513168335, -0.04755458980798721
vb0[977]+024 TANGENT: 0.194582000374794, -0.4925749599933624, 0.8482380509376526, -1.0
vb0[977]+040 BLENDWEIGHTS: 1.0, 0.0, 0.0, 0.0
vb0[977]+056 BLENDINDICES: 0, 0, 0, 0
vb0[977]+072 COLOR: 1.0, 0.5019607843137255, 0.5019607843137255, 0.5019607843137255
vb0[977]+076 TEXCOORD: 0.03161001205444336, 0.5618330240249634

vb0[978]+000 POSITION: 0.041654568165540695, 1.8999940156936646, 0.09900302439928055
vb0[978]+012 NORMAL: -0.7723495364189148, -0.416120707988739, -0.47991642355918884
vb0[978]+024 TANGENT: -0.7386859655380249, -0.41789525747299194, -0.5288729667663574, -1.0
vb0[978]+040 BLENDWEIGHTS: 0.9259999990463257, 0.07400000095367432, 0.0, 0.0
vb0[978]+056 BLENDINDICES: 0, 5, 0, 0
vb0[978]+072 COLOR: 1.0, 0.5019607843137255, 0.5019607843137255, 0.5019607843137255
vb0[978]+076 TEXCOORD: 0.03584909439086914, 0.533187985420227

vb0[979]+000 POSITION: 0.045838188380002975, 1.8935911655426025, 0.09834769368171692
vb0[979]+012 NORMAL: -0.7844455242156982, -0.3133803904056549, -0.5351989269256592
vb0[979]+024 TANGENT: -0.7870625853538513, -0.3433783948421478, -0.5124683976173401, -1.0
vb0[979]+040 BLENDWEIGHTS: 0.8600000143051147, 0.14000000059604645, 0.0, 0.0
vb0[979]+056 BLENDINDICES: 0, 5, 0, 0
vb0[979]+072 COLOR: 1.0, 0.5019607843137255, 0.5019607843137255, 0.5019607843137255
vb0[979]+076 TEXCOORD: 0.03557014465332031, 0.5251910090446472

vb0[980]+000 POSITION: 0.0381755493581295, 1.9048240184783936, 0.09923963993787766
vb0[980]+012 NORMAL: -0.74969482421875, -0.4977823793888092, -0.4360853135585785
vb0[980]+024 TANGENT: -0.5575656294822693, -0.6959086060523987, 0.4525836110115051, -1.0
vb0[980]+040 BLENDWEIGHTS: 0.9900000095367432, 0.009999999776482582, 0.0, 0.0
vb0[980]+056 BLENDINDICES: 0, 5, 0, 0
vb0[980]+072 COLOR: 1.0, 0.5019607843137255, 0.5019607843137255, 0.0
vb0[980]+076 TEXCOORD: 0.03644609451293945, 0.5393490195274353

vb0[981]+000 POSITION: 0.04308493062853813, 1.9005459547042847, 0.09640105813741684
vb0[981]+012 NORMAL: -0.7776329517364502, -0.41025346517562866, -0.47642338275909424
vb0[981]+024 TANGENT: -0.4971630275249481, -0.7423794865608215, 0.44911208748817444, -1.0
vb0[981]+040 BLENDWEIGHTS: 1.0, 0.0, 0.0, 0.0
vb0[981]+056 BLENDINDICES: 0, 0, 0, 0
vb0[981]+072 COLOR: 1.0, 0.5019607843137255, 0.5019607843137255, 0.0
vb0[981]+076 TEXCOORD: 0.039031028747558594, 0.5322909951210022

vb0[982]+000 POSITION: 0.04810391739010811, 1.8944419622421265, 0.09261585772037506
vb0[982]+012 NORMAL: -0.8427190184593201, -0.3159535825252533, -0.43588757514953613
vb0[982]+024 TANGENT: -0.5022283792495728, -0.800676703453064, 0.32662442326545715, -1.0
vb0[982]+040 BLENDWEIGHTS: 1.0, 0.0, 0.0, 0.0
vb0[982]+056 BLENDINDICES: 0, 0, 0, 0
vb0[982]+072 COLOR: 1.0, 0.5019607843137255, 0.5019607843137255, 0.0
vb0[982]+076 TEXCOORD: 0.04225301742553711, 0.5236089825630188

vb0[983]+000 POSITION: 0.054044779390096664, 1.8840181827545166, 0.0802445262670517
vb0[983]+012 NORMAL: -0.9193888902664185, -0.1717851459980011, -0.35385599732398987
vb0[983]+024 TANGENT: -0.8092988729476929, -0.5860371589660645, 0.03994739428162575, -1.0
vb0[983]+040 BLENDWEIGHTS: 1.0, 0.0, 0.0, 0.0
vb0[983]+056 BLENDINDICES: 0, 0, 0, 0
vb0[983]+072 COLOR: 1.0, 0.5019607843137255, 0.5019607843137255, 0.0
vb0[983]+076 TEXCOORD: 0.05083799362182617, 0.5054879784584045

vb0[984]+000 POSITION: 0.05689298361539841, 1.8816295862197876, 0.07069201022386551
vb0[984]+012 NORMAL: -0.9321789145469666, -0.17910856008529663, -0.31458336114883423
vb0[984]+024 TANGENT: -0.914326548576355, -0.38050633668899536, -0.1386430263519287, -1.0
vb0[984]+040 BLENDWEIGHTS: 0.984000027179718, 0.01600000075995922, 0.0, 0.0
vb0[984]+056 BLENDINDICES: 0, 5, 0, 0
vb0[984]+072 COLOR: 1.0, 0.5019607843137255, 0.5019607843137255, 0.30196078431372547
vb0[984]+076 TEXCOORD: 0.05919075012207031, 0.49555790424346924

vb0[985]+000 POSITION: 0.06180422753095627, 1.8689779043197632, 0.06779100000858307
vb0[985]+012 NORMAL: -0.945501446723938, -0.206634983420372, -0.25165247917175293
vb0[985]+024 TANGENT: -0.9539793133735657, -0.22778522968292236, -0.19503150880336761, -1.0
vb0[985]+040 BLENDWEIGHTS: 0.9580000042915344, 0.041999999433755875, 0.0, 0.0
vb0[985]+056 BLENDINDICES: 0, 7, 0, 0
vb0[985]+072 COLOR: 1.0, 0.5019607843137255, 0.5019607843137255, 0.5019607843137255
vb0[985]+076 TEXCOORD: 0.058212995529174805, 0.4854240119457245

vb0[986]+000 POSITION: 0.061784517019987106, 1.8726049661636353, 0.05983136221766472
vb0[986]+012 NORMAL: -0.9323407411575317, -0.24609921872615814, -0.26490724086761475
vb0[986]+024 TANGENT: -0.9577063322067261, -0.2803975045681, -0.06462138891220093, -1.0
vb0[986]+040 BLENDWEIGHTS: 1.0, 0.0, 0.0, 0.0
vb0[986]+056 BLENDINDICES: 0, 0, 0, 0
vb0[986]+072 COLOR: 1.0, 0.5019607843137255, 0.5019607843137255, 0.0
vb0[986]+076 TEXCOORD: 0.06807088851928711, 0.48630762100219727

vb0[987]+000 POSITION: 0.06466361880302429, 1.860395908355713, 0.06450901925563812
vb0[987]+012 NORMAL: -0.9513049721717834, -0.1827327162027359, -0.24824929237365723
vb0[987]+024 TANGENT: -0.9550189971923828, -0.18729698657989502, -0.2299100160598755, -1.0
vb0[987]+040 BLENDWEIGHTS: 0.8550000190734863, 0.14499999582767487, 0.0, 0.0
vb0[987]+056 BLENDINDICES: 0, 7, 0, 0
vb0[987]+072 COLOR: 1.0, 0.5019607843137255, 0.5019607843137255, 0.5019607843137255
vb0[987]+076 TEXCOORD: 0.05797696113586426, 0.47512200474739075

vb0[988]+000 POSITION: 0.0631997361779213, 1.8636188507080078, 0.05494252219796181
vb0[988]+012 NORMAL: -0.8678602576255798, -0.49402758479118347, 0.05249188095331192
vb0[988]+024 TANGENT: -0.9220035076141357, -0.38715583086013794, -0.004451096057891846, -1.0
vb0[988]+040 BLENDWEIGHTS: 1.0, 0.0, 0.0, 0.0
vb0[988]+056 BLENDINDICES: 0, 0, 0, 0
vb0[988]+072 COLOR: 1.0, 0.5019607843137255, 0.5019607843137255, 0.0
vb0[988]+076 TEXCOORD: 0.0685586929321289, 0.47482621669769287

vb0[989]+000 POSITION: 0.06608812510967255, 1.8528649806976318, 0.062398798763751984
vb0[989]+012 NORMAL: -0.9517252445220947, -0.07222548872232437, -0.2983328402042389
vb0[989]+024 TANGENT: -0.9149798154830933, 0.008001208305358887, -0.4034201502799988, -1.0
vb0[989]+040 BLENDWEIGHTS: 0.6589999794960022, 0.3409999907016754, 0.0, 0.0
vb0[989]+056 BLENDINDICES: 0, 7, 0, 0
vb0[989]+072 COLOR: 1.0, 0.5019607843137255, 0.5019607843137255, 0.5019607843137255
vb0[989]+076 TEXCOORD: 0.056756019592285156, 0.4666309952735901

vb0[990]+000 POSITION: 0.06845442950725555, 1.8546369075775146, 0.05728442594408989
vb0[990]+012 NORMAL: -0.9337819814682007, -0.3441165089607239, 0.0981583371758461
vb0[990]+024 TANGENT: -0.956903874874115, -0.24184052646160126, -0.1607731431722641, -1.0
vb0[990]+040 BLENDWEIGHTS: 0.9300000071525574, 0.07000000029802322, 0.0, 0.0
vb0[990]+056 BLENDINDICES: 0, 7, 0, 0
vb0[990]+072 COLOR: 1.0, 0.5019607843137255, 0.5019607843137255, 0.0
vb0[990]+076 TEXCOORD: 0.06287288665771484, 0.4657999873161316

vb0[991]+000 POSITION: 0.06663599610328674, 1.8463959693908691, 0.06066780909895897
vb0[991]+012 NORMAL: -0.9184514284133911, 0.026216452941298485, -0.39466410875320435
vb0[991]+024 TANGENT: -0.920559823513031, 0.05950606241822243, -0.3860423266887665, -1.0
vb0[991]+040 BLENDWEIGHTS: 0.5239999890327454, 0.47600001096725464, 0.0, 0.0
vb0[991]+056 BLENDINDICES: 0, 7, 0, 0
vb0[991]+072 COLOR: 1.0, 0.5019607843137255, 0.5019607843137255, 0.5019607843137255
vb0[991]+076 TEXCOORD: 0.05540204048156738, 0.4594239890575409

vb0[992]+000 POSITION: 0.0688440278172493, 1.8476848602294922, 0.05533536896109581
vb0[992]+012 NORMAL: -0.6586060523986816, 0.10642904043197632, -0.74492347240448
vb0[992]+024 TANGENT: -0.6008105278015137, 0.1699054092168808, -0.7811266183853149, -1.0
vb0[992]+040 BLENDWEIGHTS: 0.7089999914169312, 0.29100000858306885, 0.0, 0.0
vb0[992]+056 BLENDINDICES: 0, 7, 0, 0
vb0[992]+072 COLOR: 1.0, 0.5019607843137255, 0.5019607843137255, 0.30196078431372547
vb0[992]+076 TEXCOORD: 0.06156587600708008, 0.458283007144928

vb0[993]+000 POSITION: 0.06866621226072311, 1.8413549661636353, 0.053944896906614304
vb0[993]+012 NORMAL: -0.7512385249137878, 0.12219738215208054, -0.6486204862594604
vb0[993]+024 TANGENT: -0.6164421439170837, 0.16737151145935059, -0.7694061398506165, -1.0
vb0[993]+040 BLENDWEIGHTS: 0.5519999861717224, 0.4480000138282776, 0.0, 0.0
vb0[993]+056 BLENDINDICES: 0, 7, 0, 0
vb0[993]+072 COLOR: 1.0, 0.5019607843137255, 0.5019607843137255, 0.4
vb0[993]+076 TEXCOORD: 0.06025505065917969, 0.4515349864959717

vb0[994]+000 POSITION: 0.07328569144010544, 1.840844988822937, 0.05341198667883873
vb0[994]+012 NORMAL: -0.31900161504745483, 0.1758342683315277, -0.9313002824783325
vb0[994]+024 TANGENT: 0.49559715390205383, 0.05936885252594948, -0.8665211200714111, -1.0
vb0[994]+040 BLENDWEIGHTS: 0.527999997138977, 0.47200000286102295, 0.0, 0.0
vb0[994]+056 BLENDINDICES: 7, 0, 0, 0
vb0[994]+072 COLOR: 1.0, 0.5019607843137255, 0.5019607843137255, 0.5019607843137255
vb0[994]+076 TEXCOORD: 0.0650780200958252, 0.4503070116043091

vb0[995]+000 POSITION: 0.07418930530548096, 1.8482909202575684, 0.05476076900959015
vb0[995]+012 NORMAL: -0.2590518891811371, 0.2067609578371048, -0.9434733986854553
vb0[995]+024 TANGENT: 0.46882274746894836, 0.12949681282043457, -0.8737481832504272, -1.0
vb0[995]+040 BLENDWEIGHTS: 0.6570000052452087, 0.34299999475479126, 0.0, 0.0
vb0[995]+056 BLENDINDICES: 0, 7, 0, 0
vb0[995]+072 COLOR: 1.0, 0.5019607843137255, 0.5019607843137255, 0.4
vb0[995]+076 TEXCOORD: 0.06719303131103516, 0.45771199464797974

vb0[996]+000 POSITION: 0.06808710843324661, 1.8346949815750122, 0.05271453782916069
vb0[996]+012 NORMAL: -0.7473951578140259, 0.12199120968580246, -0.6530839204788208
vb0[996]+024 TANGENT: -0.6172842383384705, 0.17944371700286865, -0.7660025954246521, -1.0
vb0[996]+040 BLENDWEIGHTS: 0.597000002861023, 0.40299999713897705, 0.0, 0.0
vb0[996]+056 BLENDINDICES: 7, 0, 0, 0
vb0[996]+072 COLOR: 1.0, 0.5019607843137255, 0.5019607843137255, 0.4
vb0[996]+076 TEXCOORD: 0.059088945388793945, 0.44444701075553894

vb0[997]+000 POSITION: 0.07181554287672043, 1.8338699340820312, 0.05235277861356735
vb0[997]+012 NORMAL: -0.2706860303878784, 0.15924584865570068, -0.9494049549102783
vb0[997]+024 TANGENT: 0.5082730054855347, -0.022447647526860237, -0.8609033823013306, -1.0
vb0[997]+040 BLENDWEIGHTS: 0.6700000166893005, 0.33000001311302185, 0.0, 0.0
vb0[997]+056 BLENDINDICES: 7, 0, 0, 0
vb0[997]+072 COLOR: 1.0, 0.5019607843137255, 0.5019607843137255, 0.5019607843137255
vb0[997]+076 TEXCOORD: 0.06308412551879883, 0.44332900643348694

vb0[998]+000 POSITION: 0.06712399423122406, 1.828849196434021, 0.05206265673041344
vb0[998]+012 NORMAL: -0.7175551652908325, 0.1464061290025711, -0.6809403896331787
vb0[998]+024 TANGENT: -0.6289818286895752, 0.1700110286474228, -0.7586026787757874, -1.0
vb0[998]+040 BLENDWEIGHTS: 0.7080000042915344, 0.2919999957084656, 0.0, 0.0
vb0[998]+056 BLENDINDICES: 7, 0, 0, 0
vb0[998]+072 COLOR: 1.0, 0.5019607843137255, 0.5019607843137255, 0.4
vb0[998]+076 TEXCOORD: 0.05828523635864258, 0.4382174015045166

vb0[999]+000 POSITION: 0.06633492559194565, 1.8290975093841553, 0.0559857115149498
vb0[999]+012 NORMAL: -0.989090621471405, -0.013126778416335583, 0.1467224657535553
vb0[999]+024 TANGENT: -0.9223518967628479, 0.04033339023590088, 0.38423967361450195, -1.0
vb0[999]+040 BLENDWEIGHTS: 0.7039999961853027, 0.29600000381469727, 0.0, 0.0
vb0[999]+056 BLENDINDICES: 7, 0, 0, 0
vb0[999]+072 COLOR: 1.0, 0.5019607843137255, 0.5019607843137255, 0.5019607843137255
vb0[999]+076 TEXCOORD: 0.054139137268066406, 0.43938490748405457

vb0[1000]+000 POSITION: 0.06696473062038422, 1.8344439268112183, 0.057124990969896317
vb0[1000]+012 NORMAL: -0.9975358247756958, -0.05520964786410332, -0.043291233479976654
vb0[1000]+024 TANGENT: -0.9756964445114136, -0.01607799530029297, 0.21853576600551605, -1.0
vb0[1000]+040 BLENDWEIGHTS: 0.6370000243186951, 0.3630000054836273, 0.0, 0.0
vb0[1000]+056 BLENDINDICES: 7, 0, 0, 0
vb0[1000]+072 COLOR: 1.0, 0.5019607843137255, 0.5019607843137255, 0.5019607843137255
vb0[1000]+076 TEXCOORD: 0.054221153259277344, 0.445609986782074

vb0[1001]+000 POSITION: 0.07013650983572006, 1.8280179500579834, 0.05181439593434334
vb0[1001]+012 NORMAL: -0.259105384349823, 0.1171429231762886, -0.9587188959121704
vb0[1001]+024 TANGENT: 0.5103397369384766, -0.09956479072570801, -0.8541898131370544, -1.0
vb0[1001]+040 BLENDWEIGHTS: 0.7689999938011169, 0.23100000619888306, 0.0, 0.0
vb0[1001]+056 BLENDINDICES: 7, 0, 0, 0
vb0[1001]+072 COLOR: 1.0, 0.5019607843137255, 0.5019607843137255, 0.5019607843137255
vb0[1001]+076 TEXCOORD: 0.06138801574707031, 0.43738898634910583

vb0[1002]+000 POSITION: 0.06621807813644409, 1.8239519596099854, 0.05171069875359535
vb0[1002]+012 NORMAL: -0.718776524066925, 0.1304894983768463, -0.6828856468200684
vb0[1002]+024 TANGENT: -0.6155749559402466, 0.14667917788028717, -0.774307906627655, -1.0
vb0[1002]+040 BLENDWEIGHTS: 0.7860000133514404, 0.21400000154972076, 0.0, 0.0
vb0[1002]+056 BLENDINDICES: 7, 0, 0, 0
vb0[1002]+072 COLOR: 1.0, 0.5019607843137255, 0.5019607843137255, 0.4
vb0[1002]+076 TEXCOORD: 0.057478904724121094, 0.433025985956192

vb0[1003]+000 POSITION: 0.06856277585029602, 1.8231910467147827, 0.0516262911260128
vb0[1003]+012 NORMAL: -0.25494182109832764, 0.05944812297821045, -0.9651272296905518
vb0[1003]+024 TANGENT: 0.508224606513977, -0.18326634168624878, -0.8414993286132812, -1.0
vb0[1003]+040 BLENDWEIGHTS: 0.8370000123977661, 0.16300000250339508, 0.0, 0.0
vb0[1003]+056 BLENDINDICES: 7, 0, 0, 0
vb0[1003]+072 COLOR: 1.0, 0.5019607843137255, 0.5019607843137255, 0.4
vb0[1003]+076 TEXCOORD: 0.05996513366699219, 0.4324069917201996

vb0[1004]+000 POSITION: 0.06496226042509079, 1.8190490007400513, 0.051848240196704865
vb0[1004]+012 NORMAL: -0.7224476337432861, 0.11621798574924469, -0.6815884113311768
vb0[1004]+024 TANGENT: -0.6221616268157959, 0.1149829626083374, -0.7743990421295166, -1.0
vb0[1004]+040 BLENDWEIGHTS: 0.8519999980926514, 0.14800000190734863, 0.0, 0.0
vb0[1004]+056 BLENDINDICES: 7, 0, 0, 0
vb0[1004]+072 COLOR: 1.0, 0.5019607843137255, 0.5019607843137255, 0.30196078431372547
vb0[1004]+076 TEXCOORD: 0.0566558837890625, 0.42780500650405884

vb0[1005]+000 POSITION: 0.06662537157535553, 1.8184159994125366, 0.05184364691376686
vb0[1005]+012 NORMAL: -0.26190638542175293, -0.012760991230607033, -0.9650089740753174
vb0[1005]+024 TANGENT: 0.4804078936576843, -0.27974197268486023, -0.8312356472015381, -1.0
vb0[1005]+040 BLENDWEIGHTS: 0.8960000276565552, 0.10400000214576721, 0.0, 0.0
vb0[1005]+056 BLENDINDICES: 7, 0, 0, 0
vb0[1005]+072 COLOR: 1.0, 0.5019607843137255, 0.5019607843137255, 0.30196078431372547
vb0[1005]+076 TEXCOORD: 0.05852103233337402, 0.4273560047149658

vb0[1006]+000 POSITION: 0.06457347422838211, 1.819458246231079, 0.05432945117354393
vb0[1006]+012 NORMAL: -0.9368374347686768, 0.1861775815486908, 0.29609739780426025
vb0[1006]+024 TANGENT: -0.8955786824226379, 0.19222486019134521, 0.4012336730957031, -1.0
vb0[1006]+040 BLENDWEIGHTS: 0.8420000076293945, 0.15800000727176666, 0.0, 0.0
vb0[1006]+056 BLENDINDICES: 7, 0, 0, 0
vb0[1006]+072 COLOR: 1.0, 0.5019607843137255, 0.5019607843137255, 0.30196078431372547
vb0[1006]+076 TEXCOORD: 0.0541377067565918, 0.42837807536125183

vb0[1007]+000 POSITION: 0.06562552601099014, 1.8243029117584229, 0.05501345172524452
vb0[1007]+012 NORMAL: -0.9520289301872253, 0.10307889431715012, 0.28812411427497864
vb0[1007]+024 TANGENT: -0.9105437397956848, 0.09367085248231888, 0.40266111493110657, -1.0
vb0[1007]+040 BLENDWEIGHTS: 0.7770000100135803, 0.22300000488758087, 0.0, 0.0
vb0[1007]+056 BLENDINDICES: 7, 0, 0, 0
vb0[1007]+072 COLOR: 1.0, 0.5019607843137255, 0.5019607843137255, 0.5019607843137255
vb0[1007]+076 TEXCOORD: 0.05405712127685547, 0.43386998772621155

vb0[1008]+000 POSITION: 0.06656346470117569, 1.8189635276794434, 0.055525753647089005
vb0[1008]+012 NORMAL: -0.6604263782501221, 0.11548833549022675, 0.7419565320014954
vb0[1008]+024 TANGENT: 0.2090359926223755, -0.2520776689052582, 0.9448602199554443, -1.0
vb0[1008]+040 BLENDWEIGHTS: 0.8330000042915344, 0.16699999570846558, 0.0, 0.0
vb0[1008]+056 BLENDINDICES: 7, 0, 0, 0
vb0[1008]+072 COLOR: 1.0, 0.5019607843137255, 0.5019607843137255, 0.30196078431372547
vb0[1008]+076 TEXCOORD: 0.05154275894165039, 0.4284498691558838

vb0[1009]+000 POSITION: 0.06846269220113754, 1.8235217332839966, 0.05656806752085686
vb0[1009]+012 NORMAL: -0.7934195399284363, -0.027280855923891068, 0.6080634593963623
vb0[1009]+024 TANGENT: 0.23878344893455505, -0.35224848985671997, 0.9049328565597534, -1.0
vb0[1009]+040 BLENDWEIGHTS: 0.7670000195503235, 0.2329999953508377, 0.0, 0.0
vb0[1009]+056 BLENDINDICES: 7, 0, 0, 0
vb0[1009]+072 COLOR: 1.0, 0.5019607843137255, 0.5019607843137255, 0.30196078431372547
vb0[1009]+076 TEXCOORD: 0.05056905746459961, 0.43384960293769836

vb0[1010]+000 POSITION: 0.06342604756355286, 1.8141969442367554, 0.052485208958387375
vb0[1010]+012 NORMAL: -0.7312783598899841, 0.09495479613542557, -0.6754372715950012
vb0[1010]+024 TANGENT: -0.6320383548736572, 0.07607913017272949, -0.7711935043334961, -1.0
vb0[1010]+040 BLENDWEIGHTS: 0.9129999876022339, 0.08699999749660492, 0.0, 0.0
vb0[1010]+056 BLENDINDICES: 7, 0, 0, 0
vb0[1010]+072 COLOR: 1.0, 0.5019607843137255, 0.5019607843137255, 0.2
vb0[1010]+076 TEXCOORD: 0.05585813522338867, 0.42255899310112

vb0[1011]+000 POSITION: 0.06448256969451904, 1.813748836517334, 0.052465397864580154
vb0[1011]+012 NORMAL: -0.2804064452648163, -0.10485915094614029, -0.9541366100311279
vb0[1011]+024 TANGENT: 0.4381665289402008, -0.3909405469894409, -0.8094291687011719, -1.0
vb0[1011]+040 BLENDWEIGHTS: 0.9380000233650208, 0.06199999898672104, 0.0, 0.0
vb0[1011]+056 BLENDINDICES: 7, 0, 0, 0
vb0[1011]+072 COLOR: 1.0, 0.5019607843137255, 0.5019607843137255, 0.2
vb0[1011]+076 TEXCOORD: 0.05707693099975586, 0.42229700088500977

vb0[1012]+000 POSITION: 0.06198657304048538, 1.8091332912445068, 0.05385943129658699
vb0[1012]+012 NORMAL: -0.6665971875190735, 0.06190419942140579, -0.7428432106971741
vb0[1012]+024 TANGENT: 0.38601359724998474, -0.5286300778388977, -0.7560052275657654, -1.0
vb0[1012]+040 BLENDWEIGHTS: 0.9700000286102295, 0.029999999329447746, 0.0, 0.0
vb0[1012]+056 BLENDINDICES: 7, 0, 0, 0
vb0[1012]+072 COLOR: 1.0, 0.5019607843137255, 0.5019607843137255, 0.10196078431372549
vb0[1012]+076 TEXCOORD: 0.055728912353515625, 0.4169279932975769

vb0[1013]+000 POSITION: 0.06136412173509598, 1.80941903591156, 0.05380769446492195
vb0[1013]+012 NORMAL: -0.8523808121681213, 0.17061592638492584, -0.49430468678474426
vb0[1013]+024 TANGENT: -0.6546745896339417, 0.022834422066807747, -0.7555659413337708, -1.0
vb0[1013]+040 BLENDWEIGHTS: 0.9570000171661377, 0.0430000014603138, 0.0, 0.0
vb0[1013]+056 BLENDINDICES: 7, 0, 0, 0
vb0[1013]+072 COLOR: 1.0, 0.5019607843137255, 0.5019607843137255, 0.10196078431372549
vb0[1013]+076 TEXCOORD: 0.055214881896972656, 0.4171634912490845

vb0[1014]+000 POSITION: 0.0613267756998539, 1.8097000122070312, 0.054755352437496185
vb0[1014]+012 NORMAL: -0.9402349591255188, 0.3205663561820984, 0.11487144976854324
vb0[1014]+024 TANGENT: -0.8082093000411987, 0.4347224533557892, 0.39725828170776367, -1.0
vb0[1014]+040 BLENDWEIGHTS: 0.9509999752044678, 0.04899999871850014, 0.0, 0.0
vb0[1014]+056 BLENDINDICES: 7, 0, 0, 0
vb0[1014]+072 COLOR: 1.0, 0.5019607843137255, 0.5019607843137255, 0.10196078431372549
vb0[1014]+076 TEXCOORD: 0.054231882095336914, 0.4173809885978699

vb0[1015]+000 POSITION: 0.06323929131031036, 1.8145540952682495, 0.054163847118616104
vb0[1015]+012 NORMAL: -0.9089158773422241, 0.29266026616096497, 0.29702189564704895
vb0[1015]+024 TANGENT: -0.8659982681274414, 0.3066590130329132, 0.3949776291847229, -1.0
vb0[1015]+040 BLENDWEIGHTS: 0.8980000019073486, 0.10199999809265137, 0.0, 0.0
vb0[1015]+056 BLENDINDICES: 7, 0, 0, 0
vb0[1015]+072 COLOR: 1.0, 0.5019607843137255, 0.5019607843137255, 0.2
vb0[1015]+076 TEXCOORD: 0.054201602935791016, 0.42282167077064514

vb0[1016]+000 POSITION: 0.06197643652558327, 1.8094936609268188, 0.0551406666636467
vb0[1016]+012 NORMAL: -0.840394914150238, 0.34864139556884766, 0.41495248675346375
vb0[1016]+024 TANGENT: 0.26168444752693176, -0.034839510917663574, 0.9645245671272278, -1.0
vb0[1016]+040 BLENDWEIGHTS: 0.9430000185966492, 0.05700000002980232, 0.0, 0.0
vb0[1016]+056 BLENDINDICES: 7, 0, 0, 0
vb0[1016]+072 COLOR: 1.0, 0.5019607843137255, 0.5019607843137255, 0.10196078431372549
vb0[1016]+076 TEXCOORD: 0.053229331970214844, 0.41726067662239075

vb0[1017]+000 POSITION: 0.06442059576511383, 1.8141878843307495, 0.054968804121017456
vb0[1017]+012 NORMAL: -0.6226877570152283, 0.2495342493057251, 0.7416149973869324
vb0[1017]+024 TANGENT: 0.20711193978786469, -0.14347635209560394, 0.9677391648292542, -1.0
vb0[1017]+040 BLENDWEIGHTS: 0.8899999856948853, 0.10999999940395355, 0.0, 0.0
vb0[1017]+056 BLENDINDICES: 7, 0, 0, 0
vb0[1017]+072 COLOR: 1.0, 0.5019607843137255, 0.5019607843137255, 0.2
vb0[1017]+076 TEXCOORD: 0.052484989166259766, 0.42279261350631714

vb0[1018]+000 POSITION: 0.058704178780317307, 1.8043485879898071, 0.056265056133270264
vb0[1018]+012 NORMAL: -0.9483409523963928, 0.2423127144575119, -0.2047775834798813
vb0[1018]+024 TANGENT: -0.494246244430542, -0.8168435096740723, 0.2974681854248047, -1.0
vb0[1018]+040 BLENDWEIGHTS: 1.0, 0.0, 0.0, 0.0
vb0[1018]+056 BLENDINDICES: 7, 0, 0, 0
vb0[1018]+072 COLOR: 1.0, 0.5019607843137255, 0.5019607843137255, 0.0
vb0[1018]+076 TEXCOORD: 0.05401182174682617, 0.4115679860115051

vb0[1019]+000 POSITION: 0.04607132822275162, 1.8933814764022827, 0.10618799179792404
vb0[1019]+012 NORMAL: 0.5167815089225769, 0.19175508618354797, 0.8343661427497864
vb0[1019]+024 TANGENT: 0.7119065523147583, 0.21518921852111816, 0.6684927940368652, -1.0
vb0[1019]+040 BLENDWEIGHTS: 0.5789999961853027, 0.42100000381469727, 0.0, 0.0
vb0[1019]+056 BLENDINDICES: 0, 5, 0, 0
vb0[1019]+072 COLOR: 1.0, 0.5019607843137255, 0.5019607843137255, 0.5019607843137255
vb0[1019]+076 TEXCOORD: 0.5976107120513916, 0.7918172478675842

vb0[1020]+000 POSITION: 0.04265206307172775, 1.9009736776351929, 0.10681020468473434
vb0[1020]+012 NORMAL: 0.4829943776130676, 0.2635875344276428, 0.8350078463554382
vb0[1020]+024 TANGENT: 0.6911020278930664, 0.3247910737991333, 0.6456692218780518, -1.0
vb0[1020]+040 BLENDWEIGHTS: 0.7279999852180481, 0.2720000147819519, 0.0, 0.0
vb0[1020]+056 BLENDINDICES: 0, 5, 0, 0
vb0[1020]+072 COLOR: 1.0, 0.5019607843137255, 0.5019607843137255, 0.5019607843137255
vb0[1020]+076 TEXCOORD: 0.6027612686157227, 0.8002539277076721

vb0[1021]+000 POSITION: 0.039242420345544815, 1.9066009521484375, 0.1069386824965477
vb0[1021]+012 NORMAL: 0.4472494423389435, 0.3318580389022827, 0.8305650353431702
vb0[1021]+024 TANGENT: 0.6459285616874695, 0.42526307702064514, 0.6339777112007141, -1.0
vb0[1021]+040 BLENDWEIGHTS: 0.8370000123977661, 0.16300000250339508, 0.0, 0.0
vb0[1021]+056 BLENDINDICES: 0, 5, 0, 0
vb0[1021]+072 COLOR: 1.0, 0.5019607843137255, 0.5019607843137255, 0.5019607843137255
vb0[1021]+076 TEXCOORD: 0.6068210601806641, 0.8069571256637573

vb0[1022]+000 POSITION: 0.055153679102659225, 1.8780860900878906, 0.09548355638980865
vb0[1022]+012 NORMAL: 0.6289868950843811, 0.0632302463054657, 0.7748401761054993
vb0[1022]+024 TANGENT: 0.8653019070625305, 0.06975924968719482, 0.4963730573654175, -1.0
vb0[1022]+040 BLENDWEIGHTS: 0.6359999775886536, 0.36399999260902405, 0.0, 0.0
vb0[1022]+056 BLENDINDICES: 0, 5, 0, 0
vb0[1022]+072 COLOR: 1.0, 0.5019607843137255, 0.5019607843137255, 0.2
vb0[1022]+076 TEXCOORD: 0.5659555792808533, 0.7588731050491333

vb0[1023]+000 POSITION: 0.05366342514753342, 1.876028060913086, 0.09595594555139542
vb0[1023]+012 NORMAL: 0.5086463689804077, -0.038878247141838074, 0.8600972890853882
vb0[1023]+024 TANGENT: -0.8152041435241699, -0.21381422877311707, -0.5382617115974426, -1.0
vb0[1023]+040 BLENDWEIGHTS: 0.628000020980835, 0.3720000088214874, 0.0, 0.0
vb0[1023]+056 BLENDINDICES: 0, 5, 0, 0
vb0[1023]+072 COLOR: 1.0, 0.5019607843137255, 0.5019607843137255, 0.10196078431372549
vb0[1023]+076 TEXCOORD: 0.5668782591819763, 0.7560499310493469

vb0[1024]+000 POSITION: 0.055641502141952515, 1.868101954460144, 0.09289523214101791
vb0[1024]+012 NORMAL: 0.5063718557357788, -0.10145857185125351, 0.8563257455825806
vb0[1024]+024 TANGENT: -0.5200448036193848, -0.4275083839893341, 0.7394524812698364, -1.0
vb0[1024]+040 BLENDWEIGHTS: 0.9399999976158142, 0.05999999865889549, 0.0, 0.0
vb0[1024]+056 BLENDINDICES: 0, 5, 0, 0
vb0[1024]+072 COLOR: 1.0, 0.5019607843137255, 0.5019607843137255, 0.30196078431372547
vb0[1024]+076 TEXCOORD: 0.56036776304245, 0.7480404376983643

vb0[1025]+000 POSITION: 0.019587542861700058, 1.922274112701416, 0.0989120677113533
vb0[1025]+012 NORMAL: -0.07335174828767776, 0.45288440585136414, 0.8885467052459717
vb0[1025]+024 TANGENT: -0.5670192837715149, 0.35789600014686584, 0.7418892979621887, -1.0
vb0[1025]+040 BLENDWEIGHTS: 1.0, 0.0, 0.0, 0.0
vb0[1025]+056 BLENDINDICES: 0, 0, 0, 0
vb0[1025]+072 COLOR: 1.0, 0.5019607843137255, 0.5019607843137255, 0.5019607843137255
vb0[1025]+076 TEXCOORD: 0.6226725578308105, 0.8376166224479675

vb0[1026]+000 POSITION: 0.015302679501473904, 1.917968988418579, 0.09489981085062027
vb0[1026]+012 NORMAL: -0.15922781825065613, 0.4985537827014923, 0.8521094918251038
vb0[1026]+024 TANGENT: -0.1568164825439453, 0.3555944263935089, 0.9213908910751343, -1.0
vb0[1026]+040 BLENDWEIGHTS: 1.0, 0.0, 0.0, 0.0
vb0[1026]+056 BLENDINDICES: 0, 0, 0, 0
vb0[1026]+072 COLOR: 1.0, 0.5019607843137255, 0.5019607843137255, 0.0
vb0[1026]+076 TEXCOORD: 0.6311483383178711, 0.840311586856842

vb0[1027]+000 POSITION: 0.019706038758158684, 1.919880986213684, 0.09902460128068924
vb0[1027]+012 NORMAL: 0.05630086734890938, 0.2995915710926056, 0.9524049162864685
vb0[1027]+024 TANGENT: -0.5024829506874084, 0.42408594489097595, 0.7534334063529968, -1.0
vb0[1027]+040 BLENDWEIGHTS: 1.0, 0.0, 0.0, 0.0
vb0[1027]+056 BLENDINDICES: 0, 0, 0, 0
vb0[1027]+072 COLOR: 1.0, 0.5019607843137255, 0.5019607843137255, 0.2
vb0[1027]+076 TEXCOORD: 0.6245450973510742, 0.8353337049484253

vb0[1028]+000 POSITION: 0.023553458973765373, 1.9218279123306274, 0.09962011873722076
vb0[1028]+012 NORMAL: 0.0962805524468422, 0.303051620721817, 0.9480980038642883
vb0[1028]+024 TANGENT: -0.2682071924209595, 0.5018222332000732, 0.8223377466201782, -1.0
vb0[1028]+040 BLENDWEIGHTS: 1.0, 0.0, 0.0, 0.0
vb0[1028]+056 BLENDINDICES: 0, 0, 0, 0
vb0[1028]+072 COLOR: 1.0, 0.5019607843137255, 0.5019607843137255, 0.2
vb0[1028]+076 TEXCOORD: 0.6191534996032715, 0.8340048789978027

vb0[1029]+000 POSITION: 0.02374163828790188, 1.924630045890808, 0.09970245510339737
vb0[1029]+012 NORMAL: 0.05045273154973984, 0.4195288121700287, 0.9063389301300049
vb0[1029]+024 TANGENT: -0.2766842842102051, 0.2665562331676483, 0.9232516288757324, -1.0
vb0[1029]+040 BLENDWEIGHTS: 1.0, 0.0, 0.0, 0.0
vb0[1029]+056 BLENDINDICES: 0, 0, 0, 0
vb0[1029]+072 COLOR: 1.0, 0.5019607843137255, 0.5019607843137255, 0.5019607843137255
vb0[1029]+076 TEXCOORD: 0.6171975135803223, 0.8365276455879211

vb0[1030]+000 POSITION: 0.02624567039310932, 1.9252959489822388, 0.1000170186161995
vb0[1030]+012 NORMAL: 0.10814856737852097, 0.4151742458343506, 0.9032908082008362
vb0[1030]+024 TANGENT: -0.13259337842464447, 0.23700080811977386, 0.9624186158180237, -1.0
vb0[1030]+040 BLENDWEIGHTS: 1.0, 0.0, 0.0, 0.0
vb0[1030]+056 BLENDINDICES: 0, 0, 0, 0
vb0[1030]+072 COLOR: 1.0, 0.5019607843137255, 0.5019607843137255, 0.5019607843137255
vb0[1030]+076 TEXCOORD: 0.614412784576416, 0.8354803323745728

vb0[1031]+000 POSITION: 0.02568875066936016, 1.929569959640503, 0.09754804521799088
vb0[1031]+012 NORMAL: 0.005720638204365969, 0.6025255918502808, 0.7980791330337524
vb0[1031]+024 TANGENT: -0.47666430473327637, 0.690294623374939, 0.5443201065063477, -1.0
vb0[1031]+040 BLENDWEIGHTS: 1.0, 0.0, 0.0, 0.0
vb0[1031]+056 BLENDINDICES: 0, 0, 0, 0
vb0[1031]+072 COLOR: 1.0, 0.5019607843137255, 0.5019607843137255, 0.5019607843137255
vb0[1031]+076 TEXCOORD: 0.6126565933227539, 0.8410155177116394

vb0[1032]+000 POSITION: 0.028668619692325592, 1.9302599430084229, 0.09816953539848328
vb0[1032]+012 NORMAL: 0.13086648285388947, 0.5891367793083191, 0.7973656058311462
vb0[1032]+024 TANGENT: -0.12076616287231445, 0.6773443222045898, 0.7256860733032227, -1.0
vb0[1032]+040 BLENDWEIGHTS: 1.0, 0.0, 0.0, 0.0
vb0[1032]+056 BLENDINDICES: 0, 0, 0, 0
vb0[1032]+072 COLOR: 1.0, 0.5019607843137255, 0.5019607843137255, 0.5019607843137255
vb0[1032]+076 TEXCOORD: 0.6096582412719727, 0.8396751880645752

vb0[1033]+000 POSITION: 0.028032789006829262, 1.9346098899841309, 0.08875175565481186
vb0[1033]+012 NORMAL: 0.004204324446618557, 0.6806808114051819, 0.7325680255889893
vb0[1033]+024 TANGENT: -0.5358048677444458, 0.7872498631477356, 0.3052060306072235, -1.0
vb0[1033]+040 BLENDWEIGHTS: 1.0, 0.0, 0.0, 0.0
vb0[1033]+056 BLENDINDICES: 0, 0, 0, 0
vb0[1033]+072 COLOR: 1.0, 0.5019607843137255, 0.5019607843137255, 0.5019607843137255
vb0[1033]+076 TEXCOORD: 0.6047406196594238, 0.8513429164886475

vb0[1034]+000 POSITION: 0.030804477632045746, 1.935252070426941, 0.08947956562042236
vb0[1034]+012 NORMAL: 0.16557838022708893, 0.6618208885192871, 0.7311477065086365
vb0[1034]+024 TANGENT: -0.10993456840515137, 0.8731669187545776, 0.4748620092868805, -1.0
vb0[1034]+040 BLENDWEIGHTS: 1.0, 0.0, 0.0, 0.0
vb0[1034]+056 BLENDINDICES: 0, 0, 0, 0
vb0[1034]+072 COLOR: 1.0, 0.5019607843137255, 0.5019607843137255, 0.5019607843137255
vb0[1034]+076 TEXCOORD: 0.6020135879516602, 0.8489704728126526

vb0[1035]+000 POSITION: 0.023556789383292198, 1.9289978742599487, 0.09080275148153305
vb0[1035]+012 NORMAL: -0.07526663690805435, 0.6503810286521912, 0.7558699250221252
vb0[1035]+024 TANGENT: 0.018391015008091927, 0.5984978079795837, 0.800913393497467, -1.0
vb0[1035]+040 BLENDWEIGHTS: 1.0, 0.0, 0.0, 0.0
vb0[1035]+056 BLENDINDICES: 0, 0, 0, 0
vb0[1035]+072 COLOR: 1.0, 0.5019607843137255, 0.5019607843137255, 0.0
vb0[1035]+076 TEXCOORD: 0.6141753196716309, 0.8493419885635376

vb0[1036]+000 POSITION: 0.02056976966559887, 1.9251428842544556, 0.09606603533029556
vb0[1036]+012 NORMAL: -0.11162922531366348, 0.5996347665786743, 0.7924500107765198
vb0[1036]+024 TANGENT: -0.7367725372314453, 0.6351186633110046, 0.23192788660526276, -1.0
vb0[1036]+040 BLENDWEIGHTS: 1.0, 0.0, 0.0, 0.0
vb0[1036]+056 BLENDINDICES: 0, 0, 0, 0
vb0[1036]+072 COLOR: 1.0, 0.5019607843137255, 0.5019607843137255, 0.5019607843137255
vb0[1036]+076 TEXCOORD: 0.6201629638671875, 0.8420162200927734

vb0[1037]+000 POSITION: 0.020656099542975426, 1.925899863243103, 0.09125814586877823
vb0[1037]+012 NORMAL: -0.12070208042860031, 0.6326336860656738, 0.7649873495101929
vb0[1037]+024 TANGENT: -0.10768674314022064, 0.3280806243419647, 0.9384916424751282, -1.0
vb0[1037]+040 BLENDWEIGHTS: 1.0, 0.0, 0.0, 0.0
vb0[1037]+056 BLENDINDICES: 0, 0, 0, 0
vb0[1037]+072 COLOR: 1.0, 0.5019607843137255, 0.5019607843137255, 0.0
vb0[1037]+076 TEXCOORD: 0.6200804710388184, 0.8480824828147888

vb0[1038]+000 POSITION: 0.024780139327049255, 1.9315400123596191, 0.08576512336730957
vb0[1038]+012 NORMAL: -0.06933548301458359, 0.6730221509933472, 0.7363653182983398
vb0[1038]+024 TANGENT: 0.49557435512542725, 0.1762920767068863, 0.8504864573478699, -1.0
vb0[1038]+040 BLENDWEIGHTS: 1.0, 0.0, 0.0, 0.0
vb0[1038]+056 BLENDINDICES: 0, 0, 0, 0
vb0[1038]+072 COLOR: 1.0, 0.5019607843137255, 0.5019607843137255, 0.0
vb0[1038]+076 TEXCOORD: 0.6097631454467773, 0.855701744556427

vb0[1039]+000 POSITION: 0.031211279332637787, 1.9300299882888794, 0.09823129326105118
vb0[1039]+012 NORMAL: 0.2701348066329956, 0.5233904123306274, 0.8081396222114563
vb0[1039]+024 TANGENT: 0.189287006855011, 0.6076059341430664, 0.771353006362915, -1.0
vb0[1039]+040 BLENDWEIGHTS: 1.0, 0.0, 0.0, 0.0
vb0[1039]+056 BLENDINDICES: 0, 0, 0, 0
vb0[1039]+072 COLOR: 1.0, 0.5019607843137255, 0.5019607843137255, 0.5019607843137255
vb0[1039]+076 TEXCOORD: 0.6073417663574219, 0.838238537311554

vb0[1040]+000 POSITION: 0.033603958785533905, 1.9350839853286743, 0.08953600376844406
vb0[1040]+012 NORMAL: 0.3105612099170685, 0.6073802709579468, 0.7311914563179016
vb0[1040]+024 TANGENT: 0.2528746426105499, 0.7996475100517273, 0.5446266531944275, -1.0
vb0[1040]+040 BLENDWEIGHTS: 1.0, 0.0, 0.0, 0.0
vb0[1040]+056 BLENDINDICES: 0, 0, 0, 0
vb0[1040]+072 COLOR: 1.0, 0.5019607843137255, 0.5019607843137255, 0.5019607843137255
vb0[1040]+076 TEXCOORD: 0.5995712280273438, 0.8468478918075562

vb0[1041]+000 POSITION: 0.037151999771595, 1.9268760681152344, 0.09761261940002441
vb0[1041]+012 NORMAL: 0.3588182330131531, 0.47564828395843506, 0.8031240105628967
vb0[1041]+024 TANGENT: 0.4057680666446686, 0.4950767755508423, 0.7682781219482422, -1.0
vb0[1041]+040 BLENDWEIGHTS: 1.0, 0.0, 0.0, 0.0
vb0[1041]+056 BLENDINDICES: 0, 0, 0, 0
vb0[1041]+072 COLOR: 1.0, 0.5019607843137255, 0.5019607843137255, 0.5019607843137255
vb0[1041]+076 TEXCOORD: 0.6019535064697266, 0.8332566022872925

vb0[1042]+000 POSITION: 0.03963511064648628, 1.9324228763580322, 0.08888145536184311
vb0[1042]+012 NORMAL: 0.4068233370780945, 0.5580645799636841, 0.7232279777526855
vb0[1042]+024 TANGENT: 0.5038029551506042, 0.6708037257194519, 0.5442469716072083, -1.0
vb0[1042]+040 BLENDWEIGHTS: 1.0, 0.0, 0.0, 0.0
vb0[1042]+056 BLENDINDICES: 0, 0, 0, 0
vb0[1042]+072 COLOR: 1.0, 0.5019607843137255, 0.5019607843137255, 0.5019607843137255
vb0[1042]+076 TEXCOORD: 0.5938072204589844, 0.8418375253677368

vb0[1043]+000 POSITION: 0.028493991121649742, 1.925097942352295, 0.10008414089679718
vb0[1043]+012 NORMAL: 0.21549461781978607, 0.3645089864730835, 0.9059223532676697
vb0[1043]+024 TANGENT: 0.060914043337106705, 0.18202269077301025, 0.9814057946205139, -1.0
vb0[1043]+040 BLENDWEIGHTS: 1.0, 0.0, 0.0, 0.0
vb0[1043]+056 BLENDINDICES: 0, 0, 0, 0
vb0[1043]+072 COLOR: 1.0, 0.5019607843137255, 0.5019607843137255, 0.5019607843137255
vb0[1043]+076 TEXCOORD: 0.6122751235961914, 0.8340288400650024

vb0[1044]+000 POSITION: 0.027211640030145645, 1.9223389625549316, 0.10010547190904617
vb0[1044]+012 NORMAL: 0.17458903789520264, 0.2994411885738373, 0.9380051493644714
vb0[1044]+024 TANGENT: 0.06131785735487938, 0.4483278691768646, 0.8917635083198547, -1.0
vb0[1044]+040 BLENDWEIGHTS: 1.0, 0.0, 0.0, 0.0
vb0[1044]+056 BLENDINDICES: 0, 0, 0, 0
vb0[1044]+072 COLOR: 1.0, 0.5019607843137255, 0.5019607843137255, 0.2
vb0[1044]+076 TEXCOORD: 0.6147298812866211, 0.8317292332649231

vb0[1045]+000 POSITION: 0.033113110810518265, 1.919808030128479, 0.09987787902355194
vb0[1045]+012 NORMAL: 0.2356497198343277, 0.27858439087867737, 0.931053102016449
vb0[1045]+024 TANGENT: 0.2166016399860382, 0.22601471841335297, 0.9497373104095459, -1.0
vb0[1045]+040 BLENDWEIGHTS: 1.0, 0.0, 0.0, 0.0
vb0[1045]+056 BLENDINDICES: 0, 0, 0, 0
vb0[1045]+072 COLOR: 1.0, 0.5019607843137255, 0.5019607843137255, 0.2
vb0[1045]+076 TEXCOORD: 0.6083250045776367, 0.8263518214225769

vb0[1046]+000 POSITION: 0.03453604876995087, 1.9220150709152222, 0.09975036233663559
vb0[1046]+012 NORMAL: 0.2798001170158386, 0.3402939438819885, 0.8977259397506714
vb0[1046]+024 TANGENT: 0.1813744753599167, 0.1336657851934433, 0.974287748336792, -1.0
vb0[1046]+040 BLENDWEIGHTS: 1.0, 0.0, 0.0, 0.0
vb0[1046]+056 BLENDINDICES: 0, 0, 0, 0
vb0[1046]+072 COLOR: 1.0, 0.5019607843137255, 0.5019607843137255, 0.5019607843137255
vb0[1046]+076 TEXCOORD: 0.6063404083251953, 0.8284276723861694

vb0[1047]+000 POSITION: 0.03853987902402878, 1.9155298471450806, 0.09918854385614395
vb0[1047]+012 NORMAL: 0.28630173206329346, 0.24359385669231415, 0.9266571402549744
vb0[1047]+024 TANGENT: 0.33160996437072754, 0.17734849452972412, 0.9265972375869751, -1.0
vb0[1047]+040 BLENDWEIGHTS: 1.0, 0.0, 0.0, 0.0
vb0[1047]+056 BLENDINDICES: 0, 0, 0, 0
vb0[1047]+072 COLOR: 1.0, 0.5019607843137255, 0.5019607843137255, 0.2
vb0[1047]+076 TEXCOORD: 0.6023416519165039, 0.8201068639755249

vb0[1048]+000 POSITION: 0.04042714834213257, 1.9173959493637085, 0.09901341050863266
vb0[1048]+012 NORMAL: 0.3369275629520416, 0.30047327280044556, 0.8922980427742004
vb0[1048]+024 TANGENT: 0.26218366622924805, 0.08984947949647903, 0.9608261585235596, -1.0
vb0[1048]+040 BLENDWEIGHTS: 1.0, 0.0, 0.0, 0.0
vb0[1048]+056 BLENDINDICES: 0, 0, 0, 0
vb0[1048]+072 COLOR: 1.0, 0.5019607843137255, 0.5019607843137255, 0.5019607843137255
vb0[1048]+076 TEXCOORD: 0.6000769138336182, 0.8220284581184387

vb0[1049]+000 POSITION: 0.04357723146677017, 1.9101765155792236, 0.09799676388502121
vb0[1049]+012 NORMAL: 0.3466131091117859, 0.2040068507194519, 0.9155548214912415
vb0[1049]+024 TANGENT: 0.42373624444007874, 0.1368872970342636, 0.8953822255134583, -1.0
vb0[1049]+040 BLENDWEIGHTS: 0.953000009059906, 0.04699999839067459, 0.0, 0.0
vb0[1049]+056 BLENDINDICES: 0, 5, 0, 0
vb0[1049]+072 COLOR: 1.0, 0.5019607843137255, 0.5019607843137255, 0.2
vb0[1049]+076 TEXCOORD: 0.5960898399353027, 0.8135090470314026

vb0[1050]+000 POSITION: 0.04550212621688843, 1.9120066165924072, 0.09766141325235367
vb0[1050]+012 NORMAL: 0.3920312523841858, 0.2501007914543152, 0.8853027820587158
vb0[1050]+024 TANGENT: 0.31630101799964905, 0.03595435246825218, 0.9479772448539734, -1.0
vb0[1050]+040 BLENDWEIGHTS: 1.0, 0.0, 0.0, 0.0
vb0[1050]+056 BLENDINDICES: 0, 0, 0, 0
vb0[1050]+072 COLOR: 1.0, 0.5019607843137255, 0.5019607843137255, 0.5019607843137255
vb0[1050]+076 TEXCOORD: 0.5939264297485352, 0.8156338930130005

vb0[1051]+000 POSITION: 0.04804814234375954, 1.904067039489746, 0.096437007188797
vb0[1051]+012 NORMAL: 0.38507404923439026, 0.15706324577331543, 0.9094224572181702
vb0[1051]+024 TANGENT: 0.4933086633682251, 0.10445773601531982, 0.8635595440864563, -1.0
vb0[1051]+040 BLENDWEIGHTS: 0.9179999828338623, 0.0820000022649765, 0.0, 0.0
vb0[1051]+056 BLENDINDICES: 0, 5, 0, 0
vb0[1051]+072 COLOR: 1.0, 0.5019607843137255, 0.5019607843137255, 0.2
vb0[1051]+076 TEXCOORD: 0.5898728370666504, 0.8067131042480469

vb0[1052]+000 POSITION: 0.050423819571733475, 1.9056479930877686, 0.09588529169559479
vb0[1052]+012 NORMAL: 0.4379018247127533, 0.19831965863704681, 0.8768759369850159
vb0[1052]+024 TANGENT: 0.33733275532722473, -0.011996686458587646, 0.9413090348243713, -1.0
vb0[1052]+040 BLENDWEIGHTS: 0.9760000109672546, 0.024000000208616257, 0.0, 0.0
vb0[1052]+056 BLENDINDICES: 0, 5, 0, 0
vb0[1052]+072 COLOR: 1.0, 0.5019607843137255, 0.5019607843137255, 0.5019607843137255
vb0[1052]+076 TEXCOORD: 0.5872576236724854, 0.8088093996047974

vb0[1053]+000 POSITION: 0.052131686359643936, 1.897243618965149, 0.09453825652599335
vb0[1053]+012 NORMAL: 0.4217921793460846, 0.10705135017633438, 0.9003506898880005
vb0[1053]+024 TANGENT: 0.5332024097442627, 0.05465126410126686, 0.8442206978797913, -1.0
vb0[1053]+040 BLENDWEIGHTS: 0.9070000052452087, 0.09300000220537186, 0.0, 0.0
vb0[1053]+056 BLENDINDICES: 0, 5, 0, 0
vb0[1053]+072 COLOR: 1.0, 0.5019607843137255, 0.5019607843137255, 0.2
vb0[1053]+076 TEXCOORD: 0.5834715366363525, 0.799583911895752

vb0[1054]+000 POSITION: 0.054807886481285095, 1.8989733457565308, 0.09404382854700089
vb0[1054]+012 NORMAL: 0.4711534380912781, 0.14115487039089203, 0.870683491230011
vb0[1054]+024 TANGENT: 0.34822794795036316, -0.06395751237869263, 0.9352254867553711, -1.0
vb0[1054]+040 BLENDWEIGHTS: 0.9760000109672546, 0.024000000208616257, 0.0, 0.0
vb0[1054]+056 BLENDINDICES: 0, 5, 0, 0
vb0[1054]+072 COLOR: 1.0, 0.5019607843137255, 0.5019607843137255, 0.5019607843137255
vb0[1054]+076 TEXCOORD: 0.580747127532959, 0.8020607829093933

vb0[1055]+000 POSITION: 0.055456534028053284, 1.8901923894882202, 0.09252236038446426
vb0[1055]+012 NORMAL: 0.43792614340782166, 0.04547663405537605, 0.8978599905967712
vb0[1055]+024 TANGENT: 0.5612176060676575, -0.012712836265563965, 0.8275706768035889, -1.0
vb0[1055]+040 BLENDWEIGHTS: 0.9020000100135803, 0.09799999743700027, 0.0, 0.0
vb0[1055]+056 BLENDINDICES: 0, 5, 0, 0
vb0[1055]+072 COLOR: 1.0, 0.5019607843137255, 0.5019607843137255, 0.2
vb0[1055]+076 TEXCOORD: 0.5774269104003906, 0.7923896312713623

vb0[1056]+000 POSITION: 0.058693669736385345, 1.8913614749908447, 0.0918123796582222
vb0[1056]+012 NORMAL: 0.5087801218032837, 0.08344461023807526, 0.8568429350852966
vb0[1056]+024 TANGENT: 0.3518308997154236, -0.12417320907115936, 0.9277909398078918, -1.0
vb0[1056]+040 BLENDWEIGHTS: 0.9739999771118164, 0.026000000536441803, 0.0, 0.0
vb0[1056]+056 BLENDINDICES: 0, 5, 0, 0
vb0[1056]+072 COLOR: 1.0, 0.5019607843137255, 0.5019607843137255, 0.5019607843137255
vb0[1056]+076 TEXCOORD: 0.5739874839782715, 0.7945775985717773

vb0[1057]+000 POSITION: 0.058798082172870636, 1.8809841871261597, 0.0893978551030159
vb0[1057]+012 NORMAL: 0.4621935188770294, -0.018674662336707115, 0.8865824341773987
vb0[1057]+024 TANGENT: 0.5613700151443481, -0.07504069805145264, 0.8241557478904724, -1.0
vb0[1057]+040 BLENDWEIGHTS: 0.9139999747276306, 0.0860000029206276, 0.0, 0.0
vb0[1057]+056 BLENDINDICES: 0, 5, 0, 0
vb0[1057]+072 COLOR: 1.0, 0.5019607843137255, 0.5019607843137255, 0.2
vb0[1057]+076 TEXCOORD: 0.5698003768920898, 0.7831460237503052

vb0[1058]+000 POSITION: 0.062225256115198135, 1.8823243379592896, 0.08905840665102005
vb0[1058]+012 NORMAL: 0.5322480201721191, 0.020179010927677155, 0.8463480472564697
vb0[1058]+024 TANGENT: 0.35192546248435974, -0.16361410915851593, 0.9216175675392151, -1.0
vb0[1058]+040 BLENDWEIGHTS: 0.9769999980926514, 0.023000000044703484, 0.0, 0.0
vb0[1058]+056 BLENDINDICES: 0, 5, 0, 0
vb0[1058]+072 COLOR: 1.0, 0.5019607843137255, 0.5019607843137255, 0.5019607843137255
vb0[1058]+076 TEXCOORD: 0.566441535949707, 0.7858044505119324

vb0[1059]+000 POSITION: 0.06475140899419785, 1.8736003637313843, 0.0864650309085846
vb0[1059]+012 NORMAL: 0.5624202489852905, -0.03737926855683327, 0.8260062336921692
vb0[1059]+024 TANGENT: 0.3728252053260803, -0.17660236358642578, 0.9109407067298889, -1.0
vb0[1059]+040 BLENDWEIGHTS: 0.9710000157356262, 0.028999999165534973, 0.0, 0.0
vb0[1059]+056 BLENDINDICES: 0, 5, 0, 0
vb0[1059]+072 COLOR: 1.0, 0.5019607843137255, 0.5019607843137255, 0.5019607843137255
vb0[1059]+076 TEXCOORD: 0.5599031448364258, 0.7771375179290771

vb0[1060]+000 POSITION: 0.06793197244405746, 1.8849090337753296, 0.08642791211605072
vb0[1060]+012 NORMAL: 0.6813214421272278, 0.10383467376232147, 0.724582314491272
vb0[1060]+024 TANGENT: 0.7471146583557129, 0.055950045585632324, 0.6623362302780151, -1.0
vb0[1060]+040 BLENDWEIGHTS: 1.0, 0.0, 0.0, 0.0
vb0[1060]+056 BLENDINDICES: 0, 0, 0, 0
vb0[1060]+072 COLOR: 1.0, 0.5019607843137255, 0.5019607843137255, 0.5019607843137255
vb0[1060]+076 TEXCOORD: 0.560645580291748, 0.7903056144714355

vb0[1061]+000 POSITION: 0.07081563025712967, 1.8761370182037354, 0.08325032144784927
vb0[1061]+012 NORMAL: 0.6992631554603577, 0.03203018382191658, 0.7141464948654175
vb0[1061]+024 TANGENT: 0.7818905115127563, 0.004583239555358887, 0.6233989000320435, -1.0
vb0[1061]+040 BLENDWEIGHTS: 1.0, 0.0, 0.0, 0.0
vb0[1061]+056 BLENDINDICES: 0, 0, 0, 0
vb0[1061]+072 COLOR: 1.0, 0.5019607843137255, 0.5019607843137255, 0.5019607843137255
vb0[1061]+076 TEXCOORD: 0.5533533096313477, 0.7819386124610901

vb0[1062]+000 POSITION: 0.07294201850891113, 1.866881251335144, 0.07995228469371796
vb0[1062]+012 NORMAL: 0.7061561346054077, -0.05016914755105972, 0.706276535987854
vb0[1062]+024 TANGENT: 0.8077684044837952, -0.0525212287902832, 0.5871555805206299, -1.0
vb0[1062]+040 BLENDWEIGHTS: 0.9480000138282776, 0.052000001072883606, 0.0, 0.0
vb0[1062]+056 BLENDINDICES: 0, 7, 0, 0
vb0[1062]+072 COLOR: 1.0, 0.5019607843137255, 0.5019607843137255, 0.5019607843137255
vb0[1062]+076 TEXCOORD: 0.5462245941162109, 0.773068368434906

vb0[1063]+000 POSITION: 0.06633006036281586, 1.864357590675354, 0.08414925634860992
vb0[1063]+012 NORMAL: 0.5750197768211365, -0.107045479118824, 0.811106264591217
vb0[1063]+024 TANGENT: 0.39755529165267944, -0.19629532098770142, 0.8963358402252197, -1.0
vb0[1063]+040 BLENDWEIGHTS: 0.9240000247955322, 0.07599999755620956, 0.0, 0.0
vb0[1063]+056 BLENDINDICES: 0, 7, 0, 0
vb0[1063]+072 COLOR: 1.0, 0.5019607843137255, 0.5019607843137255, 0.5019607843137255
vb0[1063]+076 TEXCOORD: 0.5540237426757812, 0.7677574753761292

vb0[1064]+000 POSITION: 0.07378382980823517, 1.8586325645446777, 0.07727731764316559
vb0[1064]+012 NORMAL: 0.7186964750289917, -0.12715815007686615, 0.683597981929779
vb0[1064]+024 TANGENT: 0.8218438029289246, -0.12406688928604126, 0.5560398697853088, -1.0
vb0[1064]+040 BLENDWEIGHTS: 0.8209999799728394, 0.17900000512599945, 0.0, 0.0
vb0[1064]+056 BLENDINDICES: 0, 7, 0, 0
vb0[1064]+072 COLOR: 1.0, 0.5019607843137255, 0.5019607843137255, 0.5019607843137255
vb0[1064]+076 TEXCOORD: 0.5409176349639893, 0.7649016976356506

vb0[1065]+000 POSITION: 0.0667455717921257, 1.8560701608657837, 0.08205362409353256
vb0[1065]+012 NORMAL: 0.5801411271095276, -0.16833347082138062, 0.7969316840171814
vb0[1065]+024 TANGENT: 0.4094771146774292, -0.21619300544261932, 0.8863346576690674, -1.0
vb0[1065]+040 BLENDWEIGHTS: 0.7889999747276306, 0.210999995470047, 0.0, 0.0
vb0[1065]+056 BLENDINDICES: 0, 7, 0, 0
vb0[1065]+072 COLOR: 1.0, 0.5019607843137255, 0.5019607843137255, 0.5019607843137255
vb0[1065]+076 TEXCOORD: 0.5494883060455322, 0.7590906620025635

vb0[1066]+000 POSITION: 0.07391690462827682, 1.8505141735076904, 0.07489854842424393
vb0[1066]+012 NORMAL: 0.7333069443702698, -0.19631600379943848, 0.6509386301040649
vb0[1066]+024 TANGENT: 0.8389880657196045, -0.17856477200984955, 0.5140170454978943, -1.0
vb0[1066]+040 BLENDWEIGHTS: 0.6729999780654907, 0.3269999921321869, 0.0, 0.0
vb0[1066]+056 BLENDINDICES: 0, 7, 0, 0
vb0[1066]+072 COLOR: 1.0, 0.5019607843137255, 0.5019607843137255, 0.5019607843137255
vb0[1066]+076 TEXCOORD: 0.5364723205566406, 0.7565286755561829

vb0[1067]+000 POSITION: 0.06649178266525269, 1.8477250337600708, 0.08015888929367065
vb0[1067]+012 NORMAL: 0.580666720867157, -0.23337817192077637, 0.7799748778343201
vb0[1067]+024 TANGENT: 0.4237062633037567, -0.22694207727909088, 0.8769095540046692, -1.0
vb0[1067]+040 BLENDWEIGHTS: 0.6380000114440918, 0.3619999885559082, 0.0, 0.0
vb0[1067]+056 BLENDINDICES: 0, 7, 0, 0
vb0[1067]+072 COLOR: 1.0, 0.5019607843137255, 0.5019607843137255, 0.5019607843137255
vb0[1067]+076 TEXCOORD: 0.5454456806182861, 0.7501285076141357

vb0[1068]+000 POSITION: 0.07621294260025024, 1.8615822792053223, 0.06999599933624268
vb0[1068]+012 NORMAL: 0.8194432854652405, -0.07892490923404694, 0.5677002668380737
vb0[1068]+024 TANGENT: 0.972075343132019, -0.010185778141021729, 0.23444785177707672, -1.0
vb0[1068]+040 BLENDWEIGHTS: 0.890999972820282, 0.10899999737739563, 0.0, 0.0
vb0[1068]+056 BLENDINDICES: 0, 7, 0, 0
vb0[1068]+072 COLOR: 1.0, 0.5019607843137255, 0.5019607843137255, 0.5019607843137255
vb0[1068]+076 TEXCOORD: 0.5329656600952148, 0.7704577445983887

vb0[1069]+000 POSITION: 0.07623223215341568, 1.8529810905456543, 0.06650329381227493
vb0[1069]+012 NORMAL: 0.8254929184913635, -0.17093680799007416, 0.5379051566123962
vb0[1069]+024 TANGENT: 0.9677563905715942, -0.13167496025562286, 0.2147308886051178, -1.0
vb0[1069]+040 BLENDWEIGHTS: 0.7350000143051147, 0.26499998569488525, 0.0, 0.0
vb0[1069]+056 BLENDINDICES: 0, 7, 0, 0
vb0[1069]+072 COLOR: 1.0, 0.5019607843137255, 0.5019607843137255, 0.5019607843137255
vb0[1069]+076 TEXCOORD: 0.5272536277770996, 0.7615671157836914

vb0[1070]+000 POSITION: 0.07329647988080978, 1.8433610200881958, 0.07315703481435776
vb0[1070]+012 NORMAL: 0.7479665279388428, -0.27090832591056824, 0.6059329509735107
vb0[1070]+024 TANGENT: 0.847486674785614, -0.2419818639755249, 0.47245216369628906, -1.0
vb0[1070]+040 BLENDWEIGHTS: 0.5419999957084656, 0.4580000042915344, 0.0, 0.0
vb0[1070]+056 BLENDINDICES: 0, 7, 0, 0
vb0[1070]+072 COLOR: 1.0, 0.5019607843137255, 0.5019607843137255, 0.5019607843137255
vb0[1070]+076 TEXCOORD: 0.5332095623016357, 0.7488881349563599

vb0[1071]+000 POSITION: 0.07532608509063721, 1.8454846143722534, 0.06383229047060013
vb0[1071]+012 NORMAL: 0.8283538818359375, -0.2569015920162201, 0.4978266656398773
vb0[1071]+024 TANGENT: 0.9605531692504883, -0.2138744592666626, 0.17775081098079681, -1.0
vb0[1071]+040 BLENDWEIGHTS: 0.5730000138282776, 0.4269999861717224, 0.0, 0.0
vb0[1071]+056 BLENDINDICES: 0, 7, 0, 0
vb0[1071]+072 COLOR: 1.0, 0.5019607843137255, 0.5019607843137255, 0.5019607843137255
vb0[1071]+076 TEXCOORD: 0.5229969024658203, 0.7534273862838745

vb0[1072]+000 POSITION: 0.07647708058357239, 1.8466609716415405, 0.05899054557085037
vb0[1072]+012 NORMAL: 0.888975203037262, -0.23340891301631927, 0.39400938153266907
vb0[1072]+024 TANGENT: 0.9809415340423584, -0.11417759209871292, -0.15721702575683594, -1.0
vb0[1072]+040 BLENDWEIGHTS: 0.6159999966621399, 0.3840000033378601, 0.0, 0.0
vb0[1072]+056 BLENDINDICES: 0, 7, 0, 0
vb0[1072]+072 COLOR: 1.0, 0.5019607843137255, 0.5019607843137255, 0.4
vb0[1072]+076 TEXCOORD: 0.517655611038208, 0.755475640296936

vb0[1073]+000 POSITION: 0.0775175541639328, 1.8547974824905396, 0.0613236241042614
vb0[1073]+012 NORMAL: 0.9045145511627197, -0.1459163874387741, 0.40070170164108276
vb0[1073]+024 TANGENT: 0.9850714206695557, -0.02811300754547119, -0.16983483731746674, -1.0
vb0[1073]+040 BLENDWEIGHTS: 0.8050000071525574, 0.19499999284744263, 0.0, 0.0
vb0[1073]+056 BLENDINDICES: 0, 7, 0, 0
vb0[1073]+072 COLOR: 1.0, 0.5019607843137255, 0.5019607843137255, 0.30196078431372547
vb0[1073]+076 TEXCOORD: 0.5212759971618652, 0.7637708187103271

vb0[1074]+000 POSITION: 0.07418930530548096, 1.8482909202575684, 0.05476076900959015
vb0[1074]+012 NORMAL: 0.9297370910644531, -0.20727264881134033, 0.30434659123420715
vb0[1074]+024 TANGENT: 0.46882274746894836, 0.12949681282043457, -0.8737481832504272, -1.0
vb0[1074]+040 BLENDWEIGHTS: 0.6570000052452087, 0.34299999475479126, 0.0, 0.0
vb0[1074]+056 BLENDINDICES: 0, 7, 0, 0
vb0[1074]+072 COLOR: 1.0, 0.5019607843137255, 0.5019607843137255, 0.4
vb0[1074]+076 TEXCOORD: 0.5120768547058105, 0.7576993107795715

vb0[1075]+000 POSITION: 0.07448459416627884, 1.8561456203460693, 0.056477140635252
vb0[1075]+012 NORMAL: 0.9413904547691345, -0.11578228324651718, 0.316825807094574
vb0[1075]+024 TANGENT: 0.4485984742641449, 0.1959989219903946, -0.8719770312309265, -1.0
vb0[1075]+040 BLENDWEIGHTS: 0.8769999742507935, 0.12300000339746475, 0.0, 0.0
vb0[1075]+056 BLENDINDICES: 0, 7, 0, 0
vb0[1075]+072 COLOR: 1.0, 0.5019607843137255, 0.5019607843137255, 0.25098039215686274
vb0[1075]+076 TEXCOORD: 0.5139446258544922, 0.7634574174880981

vb0[1076]+000 POSITION: 0.07380115985870361, 1.8387559652328491, 0.06138451024889946
vb0[1076]+012 NORMAL: 0.812491238117218, -0.3314291536808014, 0.47959640622138977
vb0[1076]+024 TANGENT: 0.938372790813446, -0.2977094054222107, 0.17557215690612793, -1.0
vb0[1076]+040 BLENDWEIGHTS: 0.5609999895095825, 0.4390000104904175, 0.0, 0.0
vb0[1076]+056 BLENDINDICES: 7, 0, 0, 0
vb0[1076]+072 COLOR: 1.0, 0.5019607843137255, 0.5019607843137255, 0.5019607843137255
vb0[1076]+076 TEXCOORD: 0.5191473960876465, 0.7459225654602051

vb0[1077]+000 POSITION: 0.0750562995672226, 1.8395448923110962, 0.057218149304389954
vb0[1077]+012 NORMAL: 0.8664593696594238, -0.31640613079071045, 0.38618043065071106
vb0[1077]+024 TANGENT: 0.9706319570541382, -0.20715691149234772, -0.12230964004993439, -1.0
vb0[1077]+040 BLENDWEIGHTS: 0.5389999747276306, 0.460999995470047, 0.0, 0.0
vb0[1077]+056 BLENDINDICES: 7, 0, 0, 0
vb0[1077]+072 COLOR: 1.0, 0.5019607843137255, 0.5019607843137255, 0.5019607843137255
vb0[1077]+076 TEXCOORD: 0.5145778656005859, 0.7478816509246826

vb0[1078]+000 POSITION: 0.07328569144010544, 1.840844988822937, 0.05341198667883873
vb0[1078]+012 NORMAL: 0.9071021676063538, -0.29951024055480957, 0.295735239982605
vb0[1078]+024 TANGENT: 0.49559715390205383, 0.05936885252594948, -0.8665211200714111, -1.0
vb0[1078]+040 BLENDWEIGHTS: 0.527999997138977, 0.47200000286102295, 0.0, 0.0
vb0[1078]+056 BLENDINDICES: 7, 0, 0, 0
vb0[1078]+072 COLOR: 1.0, 0.5019607843137255, 0.5019607843137255, 0.5019607843137255
vb0[1078]+076 TEXCOORD: 0.509981632232666, 0.7496997714042664

vb0[1079]+000 POSITION: 0.062273573130369186, 1.8547850847244263, 0.08260393142700195
vb0[1079]+012 NORMAL: 0.4862510561943054, -0.1871531903743744, 0.8535417914390564
vb0[1079]+024 TANGENT: 0.5633249282836914, -0.19624187052249908, 0.8025921583175659, -1.0
vb0[1079]+040 BLENDWEIGHTS: 0.7680000066757202, 0.23199999332427979, 0.0, 0.0
vb0[1079]+056 BLENDINDICES: 0, 7, 0, 0
vb0[1079]+072 COLOR: 1.0, 0.5019607843137255, 0.5019607843137255, 0.2
vb0[1079]+076 TEXCOORD: 0.5536704063415527, 0.7557031512260437

vb0[1080]+000 POSITION: 0.0619145892560482, 1.846657395362854, 0.08085028827190399
vb0[1080]+012 NORMAL: 0.4849347472190857, -0.2454843670129776, 0.8393900990486145
vb0[1080]+024 TANGENT: 0.5654419660568237, -0.20871245861053467, 0.7979440093040466, -1.0
vb0[1080]+040 BLENDWEIGHTS: 0.6110000014305115, 0.3889999985694885, 0.0, 0.0
vb0[1080]+056 BLENDINDICES: 0, 7, 0, 0
vb0[1080]+072 COLOR: 1.0, 0.5019607843137255, 0.5019607843137255, 0.2
vb0[1080]+076 TEXCOORD: 0.5497779846191406, 0.7468042373657227

vb0[1081]+000 POSITION: 0.06562531739473343, 1.8404395580291748, 0.0785711482167244
vb0[1081]+012 NORMAL: 0.5720310807228088, -0.28485873341560364, 0.7691787481307983
vb0[1081]+024 TANGENT: 0.44750723242759705, -0.23212073743343353, 0.8636302351951599, -1.0
vb0[1081]+040 BLENDWEIGHTS: 0.5009999871253967, 0.49900001287460327, 0.0, 0.0
vb0[1081]+056 BLENDINDICES: 0, 7, 0, 0
vb0[1081]+072 COLOR: 1.0, 0.5019607843137255, 0.5019607843137255, 0.5019607843137255
vb0[1081]+076 TEXCOORD: 0.542360782623291, 0.7420359253883362

vb0[1082]+000 POSITION: 0.06123500317335129, 1.8398865461349487, 0.0795443058013916
vb0[1082]+012 NORMAL: 0.48700112104415894, -0.2923773527145386, 0.8230099678039551
vb0[1082]+024 TANGENT: 0.5745768547058105, -0.20927727222442627, 0.7912423610687256, -1.0
vb0[1082]+040 BLENDWEIGHTS: 0.5130000114440918, 0.4869999885559082, 0.0, 0.0
vb0[1082]+056 BLENDINDICES: 7, 0, 0, 0
vb0[1082]+072 COLOR: 1.0, 0.5019607843137255, 0.5019607843137255, 0.2
vb0[1082]+076 TEXCOORD: 0.5467045307159424, 0.7392486929893494

vb0[1083]+000 POSITION: 0.06428028643131256, 1.833575963973999, 0.07745254039764404
vb0[1083]+012 NORMAL: 0.5722715854644775, -0.320401132106781, 0.7548829317092896
vb0[1083]+024 TANGENT: 0.4834877848625183, -0.22342033684253693, 0.8463587164878845, -1.0
vb0[1083]+040 BLENDWEIGHTS: 0.6060000061988831, 0.39399999380111694, 0.0, 0.0
vb0[1083]+056 BLENDINDICES: 7, 0, 0, 0
vb0[1083]+072 COLOR: 1.0, 0.5019607843137255, 0.5019607843137255, 0.5019607843137255
vb0[1083]+076 TEXCOORD: 0.539766788482666, 0.7341639995574951

vb0[1084]+000 POSITION: 0.060282010585069656, 1.8337680101394653, 0.07875021547079086
vb0[1084]+012 NORMAL: 0.4958963394165039, -0.30617982149124146, 0.8126135468482971
vb0[1084]+024 TANGENT: 0.39647969603538513, -0.2027992159128189, 0.8953638076782227, -1.0
vb0[1084]+040 BLENDWEIGHTS: 0.6029999852180481, 0.3970000147819519, 0.0, 0.0
vb0[1084]+056 BLENDINDICES: 7, 0, 0, 0
vb0[1084]+072 COLOR: 1.0, 0.5019607843137255, 0.5019607843137255, 0.2
vb0[1084]+076 TEXCOORD: 0.5442295074462891, 0.7322597503662109

vb0[1085]+000 POSITION: 0.07183008641004562, 1.836815595626831, 0.07201655209064484
vb0[1085]+012 NORMAL: 0.7406176924705505, -0.3290141820907593, 0.5858626961708069
vb0[1085]+024 TANGENT: 0.8461848497390747, -0.2971366345882416, 0.4423583745956421, -1.0
vb0[1085]+040 BLENDWEIGHTS: 0.5649999976158142, 0.4350000023841858, 0.0, 0.0
vb0[1085]+056 BLENDINDICES: 7, 0, 0, 0
vb0[1085]+072 COLOR: 1.0, 0.5019607843137255, 0.5019607843137255, 0.5019607843137255
vb0[1085]+076 TEXCOORD: 0.5310144424438477, 0.7415091395378113

vb0[1086]+000 POSITION: 0.07325924932956696, 1.8331440687179565, 0.05583515018224716
vb0[1086]+012 NORMAL: 0.8465073704719543, -0.35811734199523926, 0.3939253091812134
vb0[1086]+024 TANGENT: 0.9542985558509827, -0.2899560034275055, -0.07238632440567017, -1.0
vb0[1086]+040 BLENDWEIGHTS: 0.6489999890327454, 0.35100001096725464, 0.0, 0.0
vb0[1086]+056 BLENDINDICES: 7, 0, 0, 0
vb0[1086]+072 COLOR: 1.0, 0.5019607843137255, 0.5019607843137255, 0.5019607843137255
vb0[1086]+076 TEXCOORD: 0.5119075775146484, 0.7406259179115295

vb0[1087]+000 POSITION: 0.07181554287672043, 1.8338699340820312, 0.05235277861356735
vb0[1087]+012 NORMAL: 0.8898158073425293, -0.3464961647987366, 0.2969313859939575
vb0[1087]+024 TANGENT: 0.5082730054855347, -0.022447647526860237, -0.8609033823013306, -1.0
vb0[1087]+040 BLENDWEIGHTS: 0.6700000166893005, 0.33000001311302185, 0.0, 0.0
vb0[1087]+056 BLENDINDICES: 7, 0, 0, 0
vb0[1087]+072 COLOR: 1.0, 0.5019607843137255, 0.5019607843137255, 0.5019607843137255
vb0[1087]+076 TEXCOORD: 0.507718563079834, 0.7417889833450317

vb0[1088]+000 POSITION: 0.07136940956115723, 1.827659010887146, 0.05472757667303085
vb0[1088]+012 NORMAL: 0.832093358039856, -0.3746560513973236, 0.40896642208099365
vb0[1088]+024 TANGENT: 0.93593430519104, -0.35068100690841675, -0.03240013122558594, -1.0
vb0[1088]+040 BLENDWEIGHTS: 0.734000027179718, 0.26600000262260437, 0.0, 0.0
vb0[1088]+056 BLENDINDICES: 7, 0, 0, 0
vb0[1088]+072 COLOR: 1.0, 0.5019607843137255, 0.5019607843137255, 0.5019607843137255
vb0[1088]+076 TEXCOORD: 0.5098872184753418, 0.734320342540741

vb0[1089]+000 POSITION: 0.07003073394298553, 1.8279179334640503, 0.058265570551157
vb0[1089]+012 NORMAL: 0.7894872426986694, -0.38133442401885986, 0.4809304475784302
vb0[1089]+024 TANGENT: 0.6996769309043884, -0.6650440692901611, 0.2610912322998047, -1.0
vb0[1089]+040 BLENDWEIGHTS: 0.6959999799728394, 0.30399999022483826, 0.0, 0.0
vb0[1089]+056 BLENDINDICES: 7, 0, 0, 0
vb0[1089]+072 COLOR: 1.0, 0.5019607843137255, 0.5019607843137255, 0.0
vb0[1089]+076 TEXCOORD: 0.5141525268554688, 0.7331243753433228

vb0[1090]+000 POSITION: 0.07203450798988342, 1.833212971687317, 0.05961381644010544
vb0[1090]+012 NORMAL: 0.7974231839179993, -0.36889535188674927, 0.47752752900123596
vb0[1090]+024 TANGENT: 0.9125959277153015, -0.3581363558769226, 0.19724857807159424, -1.0
vb0[1090]+040 BLENDWEIGHTS: 0.6370000243186951, 0.3630000054836273, 0.0, 0.0
vb0[1090]+056 BLENDINDICES: 7, 0, 0, 0
vb0[1090]+072 COLOR: 1.0, 0.5019607843137255, 0.5019607843137255, 0.30196078431372547
vb0[1090]+076 TEXCOORD: 0.5162410736083984, 0.7395017743110657

vb0[1091]+000 POSITION: 0.06984128803014755, 1.8310027122497559, 0.07159987837076187
vb0[1091]+012 NORMAL: 0.7120559215545654, -0.3585406541824341, 0.6036762595176697
vb0[1091]+024 TANGENT: 0.8369224667549133, -0.33681929111480713, 0.43140873312950134, -1.0
vb0[1091]+040 BLENDWEIGHTS: 0.6539999842643738, 0.34599998593330383, 0.0, 0.0
vb0[1091]+056 BLENDINDICES: 7, 0, 0, 0
vb0[1091]+072 COLOR: 1.0, 0.5019607843137255, 0.5019607843137255, 0.5019607843137255
vb0[1091]+076 TEXCOORD: 0.5297789573669434, 0.7346682548522949

vb0[1092]+000 POSITION: 0.07013650983572006, 1.8280179500579834, 0.05181439593434334
vb0[1092]+012 NORMAL: 0.8788478374481201, -0.366763710975647, 0.30514058470726013
vb0[1092]+024 TANGENT: 0.5103397369384766, -0.09956479072570801, -0.8541898131370544, -1.0
vb0[1092]+040 BLENDWEIGHTS: 0.7689999938011169, 0.23100000619888306, 0.0, 0.0
vb0[1092]+056 BLENDINDICES: 7, 0, 0, 0
vb0[1092]+072 COLOR: 1.0, 0.5019607843137255, 0.5019607843137255, 0.5019607843137255
vb0[1092]+076 TEXCOORD: 0.5062837600708008, 0.7350939512252808

vb0[1093]+000 POSITION: 0.06258511543273926, 1.8277639150619507, 0.0769219622015953
vb0[1093]+012 NORMAL: 0.5796632170677185, -0.331429123878479, 0.7444093823432922
vb0[1093]+024 TANGENT: 0.5081093311309814, -0.23035718500614166, 0.8299160599708557, -1.0
vb0[1093]+040 BLENDWEIGHTS: 0.6819999814033508, 0.3179999887943268, 0.0, 0.0
vb0[1093]+056 BLENDINDICES: 7, 0, 0, 0
vb0[1093]+072 COLOR: 1.0, 0.5019607843137255, 0.5019607843137255, 0.5019607843137255
vb0[1093]+076 TEXCOORD: 0.5380737781524658, 0.7272619605064392

vb0[1094]+000 POSITION: 0.06727170944213867, 1.8249306678771973, 0.0714661180973053
vb0[1094]+012 NORMAL: 0.7066853642463684, -0.37563788890838623, 0.5995765924453735
vb0[1094]+024 TANGENT: 0.8265005946159363, -0.3747061789035797, 0.4201096296310425, -1.0
vb0[1094]+040 BLENDWEIGHTS: 0.7409999966621399, 0.2590000033378601, 0.0, 0.0
vb0[1094]+056 BLENDINDICES: 7, 0, 0, 0
vb0[1094]+072 COLOR: 1.0, 0.5019607843137255, 0.5019607843137255, 0.5019607843137255
vb0[1094]+076 TEXCOORD: 0.5289111137390137, 0.7272577285766602

vb0[1095]+000 POSITION: 0.06768336892127991, 1.8230394124984741, 0.05945291370153427
vb0[1095]+012 NORMAL: 0.7827983498573303, -0.3933018445968628, 0.48222434520721436
vb0[1095]+024 TANGENT: 0.3681813180446625, -0.4879820942878723, -0.7914012670516968, -1.0
vb0[1095]+040 BLENDWEIGHTS: 0.7350000143051147, 0.26499998569488525, 0.0, 0.0
vb0[1095]+056 BLENDINDICES: 7, 0, 0, 0
vb0[1095]+072 COLOR: 1.0, 0.5019607843137255, 0.5019607843137255, 0.30196078431372547
vb0[1095]+076 TEXCOORD: 0.5147678852081299, 0.7267568111419678

vb0[1096]+000 POSITION: 0.059137485921382904, 1.8287148475646973, 0.07846077531576157
vb0[1096]+012 NORMAL: 0.5033090710639954, -0.31134915351867676, 0.806065559387207
vb0[1096]+024 TANGENT: 0.08415746688842773, -0.1959209442138672, 0.9770018458366394, -1.0
vb0[1096]+040 BLENDWEIGHTS: 0.6690000295639038, 0.3310000002384186, 0.0, 0.0
vb0[1096]+056 BLENDINDICES: 7, 0, 0, 0
vb0[1096]+072 COLOR: 1.0, 0.5019607843137255, 0.5019607843137255, 0.2
vb0[1096]+076 TEXCOORD: 0.5424940586090088, 0.7263392210006714

vb0[1097]+000 POSITION: 0.06051913648843765, 1.8223196268081665, 0.0766371563076973
vb0[1097]+012 NORMAL: 0.5747928619384766, -0.3319833278656006, 0.7479307055473328
vb0[1097]+024 TANGENT: 0.5129978060722351, -0.23974810540676117, 0.8242293000221252, -1.0
vb0[1097]+040 BLENDWEIGHTS: 0.7490000128746033, 0.25099998712539673, 0.0, 0.0
vb0[1097]+056 BLENDINDICES: 7, 0, 0, 0
vb0[1097]+072 COLOR: 1.0, 0.5019607843137255, 0.5019607843137255, 0.5019607843137255
vb0[1097]+076 TEXCOORD: 0.5367679595947266, 0.7205455899238586

vb0[1098]+000 POSITION: 0.0645032525062561, 1.8196618556976318, 0.07184910029172897
vb0[1098]+012 NORMAL: 0.7022956609725952, -0.38526010513305664, 0.5986279249191284
vb0[1098]+024 TANGENT: 0.805620014667511, -0.4149254262447357, 0.42286309599876404, -1.0
vb0[1098]+040 BLENDWEIGHTS: 0.8009999990463257, 0.19900000095367432, 0.0, 0.0
vb0[1098]+056 BLENDINDICES: 7, 0, 0, 0
vb0[1098]+072 COLOR: 1.0, 0.5019607843137255, 0.5019607843137255, 0.5019607843137255
vb0[1098]+076 TEXCOORD: 0.5288019180297852, 0.7204127907752991

vb0[1099]+000 POSITION: 0.058042529970407486, 1.8167959451675415, 0.0766177624464035
vb0[1099]+012 NORMAL: 0.5700775980949402, -0.31943124532699585, 0.7569512724876404
vb0[1099]+024 TANGENT: 0.5125935077667236, -0.23432108759880066, 0.8260396718978882, -1.0
vb0[1099]+040 BLENDWEIGHTS: 0.8119999766349792, 0.18799999356269836, 0.0, 0.0
vb0[1099]+056 BLENDINDICES: 7, 0, 0, 0
vb0[1099]+072 COLOR: 1.0, 0.5019607843137255, 0.5019607843137255, 0.4
vb0[1099]+076 TEXCOORD: 0.5357415676116943, 0.7135334014892578

vb0[1100]+000 POSITION: 0.06086743623018265, 1.8139992952346802, 0.07273796200752258
vb0[1100]+012 NORMAL: 0.6736739873886108, -0.3880127966403961, 0.6289747953414917
vb0[1100]+024 TANGENT: 0.7750273942947388, -0.46688875555992126, 0.42584922909736633, -1.0
vb0[1100]+040 BLENDWEIGHTS: 0.8610000014305115, 0.13899999856948853, 0.0, 0.0
vb0[1100]+056 BLENDINDICES: 7, 0, 0, 0
vb0[1100]+072 COLOR: 1.0, 0.5019607843137255, 0.5019607843137255, 0.4
vb0[1100]+076 TEXCOORD: 0.5293741226196289, 0.7126427292823792

vb0[1101]+000 POSITION: 0.05535052716732025, 1.8118789196014404, 0.07704778760671616
vb0[1101]+012 NORMAL: 0.5535869002342224, -0.30314385890960693, 0.7756580114364624
vb0[1101]+024 TANGENT: 0.5143933892250061, -0.21759872138500214, 0.8294879198074341, -1.0
vb0[1101]+040 BLENDWEIGHTS: 0.8709999918937683, 0.1289999932050705, 0.0, 0.0
vb0[1101]+056 BLENDINDICES: 7, 0, 0, 0
vb0[1101]+072 COLOR: 1.0, 0.5019607843137255, 0.5019607843137255, 0.30196078431372547
vb0[1101]+076 TEXCOORD: 0.5354208946228027, 0.7069848775863647

vb0[1102]+000 POSITION: 0.05352507531642914, 1.8132308721542358, 0.0777563825249672
vb0[1102]+012 NORMAL: 0.4757736027240753, -0.26073816418647766, 0.8400328159332275
vb0[1102]+024 TANGENT: -0.47853755950927734, 0.2657780647277832, 0.8368774056434631, -1.0
vb0[1102]+040 BLENDWEIGHTS: 0.8600000143051147, 0.14000000059604645, 0.0, 0.0
vb0[1102]+056 BLENDINDICES: 7, 0, 0, 0
vb0[1102]+072 COLOR: 1.0, 0.5019607843137255, 0.5019607843137255, 0.30196078431372547
vb0[1102]+076 TEXCOORD: 0.5381326675415039, 0.7073155641555786

vb0[1103]+000 POSITION: 0.05567510426044464, 1.8179513216018677, 0.07768435776233673
vb0[1103]+012 NORMAL: 0.48603227734565735, -0.2884393036365509, 0.8249699473381042
vb0[1103]+024 TANGENT: -0.4545050263404846, 0.14214681088924408, 0.8793289065361023, -1.0
vb0[1103]+040 BLENDWEIGHTS: 0.7979999780654907, 0.20200000703334808, 0.0, 0.0
vb0[1103]+056 BLENDINDICES: 7, 0, 0, 0
vb0[1103]+072 COLOR: 1.0, 0.5019607843137255, 0.5019607843137255, 0.4
vb0[1103]+076 TEXCOORD: 0.5390000343322754, 0.713324785232544

vb0[1104]+000 POSITION: 0.05685482546687126, 1.8091236352920532, 0.07409001886844635
vb0[1104]+012 NORMAL: 0.6510381698608398, -0.3856125473976135, 0.6537983417510986
vb0[1104]+024 TANGENT: 0.7499112486839294, -0.5137513279914856, 0.4167644679546356, -1.0
vb0[1104]+040 BLENDWEIGHTS: 0.9160000085830688, 0.08399999886751175, 0.0, 0.0
vb0[1104]+056 BLENDINDICES: 7, 0, 0, 0
vb0[1104]+072 COLOR: 1.0, 0.5019607843137255, 0.5019607843137255, 0.30196078431372547
vb0[1104]+076 TEXCOORD: 0.5307102203369141, 0.70538330078125

vb0[1105]+000 POSITION: 0.05600174143910408, 1.806986927986145, 0.0693328008055687
vb0[1105]+012 NORMAL: 0.6846638321876526, -0.41425615549087524, 0.5996893048286438
vb0[1105]+024 TANGENT: 0.10002297908067703, -0.7636663317680359, -0.6378158926963806, -1.0
vb0[1105]+040 BLENDWEIGHTS: 0.890999972820282, 0.10899999737739563, 0.0, 0.0
vb0[1105]+056 BLENDINDICES: 7, 0, 0, 0
vb0[1105]+072 COLOR: 1.0, 0.5019607843137255, 0.5019607843137255, 0.30196078431372547
vb0[1105]+076 TEXCOORD: 0.5250966548919678, 0.7031705379486084

vb0[1106]+000 POSITION: 0.060124676674604416, 1.811100721359253, 0.06547894328832626
vb0[1106]+012 NORMAL: 0.7289084792137146, -0.4000333547592163, 0.5555769801139832
vb0[1106]+024 TANGENT: 0.20837289094924927, -0.6964495778083801, -0.6866868138313293, -1.0
vb0[1106]+040 BLENDWEIGHTS: 0.843999981880188, 0.15600000321865082, 0.0, 0.0
vb0[1106]+056 BLENDINDICES: 7, 0, 0, 0
vb0[1106]+072 COLOR: 1.0, 0.5019607843137255, 0.5019607843137255, 0.4
vb0[1106]+076 TEXCOORD: 0.5206718444824219, 0.7099253535270691

vb0[1107]+000 POSITION: 0.06421829760074615, 1.8167243003845215, 0.06188003718852997
vb0[1107]+012 NORMAL: 0.7657005190849304, -0.3948114514350891, 0.5077664852142334
vb0[1107]+024 TANGENT: 0.30535900592803955, -0.5786630511283875, -0.7562439441680908, -1.0
vb0[1107]+040 BLENDWEIGHTS: 0.7929999828338623, 0.2070000022649765, 0.0, 0.0
vb0[1107]+056 BLENDINDICES: 7, 0, 0, 0
vb0[1107]+072 COLOR: 1.0, 0.5019607843137255, 0.5019607843137255, 0.4
vb0[1107]+076 TEXCOORD: 0.5168724060058594, 0.7182087898254395

vb0[1108]+000 POSITION: 0.05764459818601608, 1.823478102684021, 0.07795313000679016
vb0[1108]+012 NORMAL: 0.5023276805877686, -0.3099043667316437, 0.8072336316108704
vb0[1108]+024 TANGENT: -0.3717728853225708, 0.04959213733673096, 0.9269981384277344, -1.0
vb0[1108]+040 BLENDWEIGHTS: 0.734000027179718, 0.26600000262260437, 0.0, 0.0
vb0[1108]+056 BLENDINDICES: 7, 0, 0, 0
vb0[1108]+072 COLOR: 1.0, 0.5019607843137255, 0.5019607843137255, 0.30196078431372547
vb0[1108]+076 TEXCOORD: 0.5406804084777832, 0.7200604677200317

vb0[1109]+000 POSITION: 0.0512077733874321, 1.8087058067321777, 0.07822700589895248
vb0[1109]+012 NORMAL: 0.46569350361824036, -0.22085924446582794, 0.8569427132606506
vb0[1109]+024 TANGENT: -0.4739964008331299, 0.3967551290988922, 0.7860742807388306, -1.0
vb0[1109]+040 BLENDWEIGHTS: 0.9110000133514404, 0.08900000154972076, 0.0, 0.0
vb0[1109]+056 BLENDINDICES: 7, 0, 0, 0
vb0[1109]+072 COLOR: 1.0, 0.5019607843137255, 0.5019607843137255, 0.2
vb0[1109]+076 TEXCOORD: 0.5377466678619385, 0.7013880014419556

vb0[1110]+000 POSITION: 0.05263158306479454, 1.8076398372650146, 0.07773067057132721
vb0[1110]+012 NORMAL: 0.5452516674995422, -0.2834533751010895, 0.7888947129249573
vb0[1110]+024 TANGENT: 0.5273489952087402, -0.18907530605793, 0.8283438682556152, -1.0
vb0[1110]+040 BLENDWEIGHTS: 0.9160000085830688, 0.08399999886751175, 0.0, 0.0
vb0[1110]+056 BLENDINDICES: 7, 0, 0, 0
vb0[1110]+072 COLOR: 1.0, 0.5019607843137255, 0.5019607843137255, 0.2
vb0[1110]+076 TEXCOORD: 0.5356526374816895, 0.7010660171508789

vb0[1111]+000 POSITION: 0.04904897138476372, 1.8033506870269775, 0.0792466476559639
vb0[1111]+012 NORMAL: 0.5312406420707703, -0.25568094849586487, 0.807719349861145
vb0[1111]+024 TANGENT: 0.533015251159668, -0.13658607006072998, 0.8350083827972412, -1.0
vb0[1111]+040 BLENDWEIGHTS: 0.9589999914169312, 0.04100000113248825, 0.0, 0.0
vb0[1111]+056 BLENDINDICES: 7, 0, 0, 0
vb0[1111]+072 COLOR: 1.0, 0.5019607843137255, 0.5019607843137255, 0.10196078431372549
vb0[1111]+076 TEXCOORD: 0.5369939804077148, 0.6944814324378967

vb0[1112]+000 POSITION: 0.04821207746863365, 1.8039675951004028, 0.07934646308422089
vb0[1112]+012 NORMAL: 0.4436827600002289, -0.16259828209877014, 0.8813100457191467
vb0[1112]+024 TANGENT: -0.4271775484085083, 0.5891236662864685, 0.685895562171936, -1.0
vb0[1112]+040 BLENDWEIGHTS: 0.9570000171661377, 0.0430000014603138, 0.0, 0.0
vb0[1112]+056 BLENDINDICES: 7, 0, 0, 0
vb0[1112]+072 COLOR: 1.0, 0.5019607843137255, 0.5019607843137255, 0.10196078431372549
vb0[1112]+076 TEXCOORD: 0.5379767417907715, 0.6947875022888184

vb0[1113]+000 POSITION: 0.053682368248701096, 1.8058091402053833, 0.07564650475978851
vb0[1113]+012 NORMAL: 0.6225219964981079, -0.38579291105270386, 0.680903971195221
vb0[1113]+024 TANGENT: 0.729770839214325, -0.5518821477890015, 0.4035598933696747, -1.0
vb0[1113]+040 BLENDWEIGHTS: 0.9440000057220459, 0.0560000017285347, 0.0, 0.0
vb0[1113]+056 BLENDINDICES: 7, 0, 0, 0
vb0[1113]+072 COLOR: 1.0, 0.5019607843137255, 0.5019607843137255, 0.2
vb0[1113]+076 TEXCOORD: 0.5323820114135742, 0.700092077255249

vb0[1114]+000 POSITION: 0.04936552792787552, 1.8021702766418457, 0.07820180058479309
vb0[1114]+012 NORMAL: 0.592999279499054, -0.38742947578430176, 0.7058684825897217
vb0[1114]+024 TANGENT: 0.6840978264808655, -0.6113807559013367, 0.3977733254432678, -1.0
vb0[1114]+040 BLENDWEIGHTS: 0.9739999771118164, 0.026000000536441803, 0.0, 0.0
vb0[1114]+056 BLENDINDICES: 7, 0, 0, 0
vb0[1114]+072 COLOR: 1.0, 0.5019607843137255, 0.5019607843137255, 0.10196078431372549
vb0[1114]+076 TEXCOORD: 0.5353293418884277, 0.6936483383178711

vb0[1115]+000 POSITION: 0.05256427079439163, 1.80406653881073, 0.07275842875242233
vb0[1115]+012 NORMAL: 0.6445309519767761, -0.427516907453537, 0.6338841915130615
vb0[1115]+024 TANGENT: 0.022449910640716553, -0.7936760783195496, -0.607926070690155, -1.0
vb0[1115]+040 BLENDWEIGHTS: 0.9309999942779541, 0.0689999982714653, 0.0, 0.0
vb0[1115]+056 BLENDINDICES: 7, 0, 0, 0
vb0[1115]+072 COLOR: 1.0, 0.5019607843137255, 0.5019607843137255, 0.2
vb0[1115]+076 TEXCOORD: 0.5289328098297119, 0.6979464888572693

vb0[1116]+000 POSITION: 0.04861120507121086, 1.8013854026794434, 0.07676568627357483
vb0[1116]+012 NORMAL: 0.6027600169181824, -0.44768470525741577, 0.6604989171028137
vb0[1116]+024 TANGENT: -0.14756667613983154, -0.8096470832824707, -0.5680630803108215, -1.0
vb0[1116]+040 BLENDWEIGHTS: 0.9679999947547913, 0.03200000151991844, 0.0, 0.0
vb0[1116]+056 BLENDINDICES: 7, 0, 0, 0
vb0[1116]+072 COLOR: 1.0, 0.5019607843137255, 0.5019607843137255, 0.10196078431372549
vb0[1116]+076 TEXCOORD: 0.5335760116577148, 0.6925283670425415

vb0[1117]+000 POSITION: 0.0436948724091053, 1.7989131212234497, 0.08215668797492981
vb0[1117]+012 NORMAL: 0.5280079245567322, -0.3558664619922638, 0.7710815668106079
vb0[1117]+024 TANGENT: -0.6619430780410767, -0.5235140323638916, 0.5364367961883545, -1.0
vb0[1117]+040 BLENDWEIGHTS: 1.0, 0.0, 0.0, 0.0
vb0[1117]+056 BLENDINDICES: 7, 0, 0, 0
vb0[1117]+072 COLOR: 1.0, 0.5019607843137255, 0.5019607843137255, 0.0
vb0[1117]+076 TEXCOORD: 0.5397834777832031, 0.6864644289016724

vb0[1118]+000 POSITION: 0.06948629766702652, 1.823016881942749, 0.05399401858448982
vb0[1118]+012 NORMAL: 0.8221290111541748, -0.37944936752319336, 0.42440807819366455
vb0[1118]+024 TANGENT: 0.9185678958892822, -0.39522209763526917, 0.005704760551452637, -1.0
vb0[1118]+040 BLENDWEIGHTS: 0.8019999861717224, 0.1979999989271164, 0.0, 0.0
vb0[1118]+056 BLENDINDICES: 7, 0, 0, 0
vb0[1118]+072 COLOR: 1.0, 0.5019607843137255, 0.5019607843137255, 0.5019607843137255
vb0[1118]+076 TEXCOORD: 0.5083365440368652, 0.7288671731948853

vb0[1119]+000 POSITION: 0.06656346470117569, 1.8189635276794434, 0.055525753647089005
vb0[1119]+012 NORMAL: 0.7456995844841003, -0.35950979590415955, 0.560967743396759
vb0[1119]+024 TANGENT: 0.2090359926223755, -0.2520776689052582, 0.9448602199554443, -1.0
vb0[1119]+040 BLENDWEIGHTS: 0.8330000042915344, 0.16699999570846558, 0.0, 0.0
vb0[1119]+056 BLENDINDICES: 7, 0, 0, 0
vb0[1119]+072 COLOR: 1.0, 0.5019607843137255, 0.5019607843137255, 0.30196078431372547
vb0[1119]+076 TEXCOORD: 0.5088789463043213, 0.7228403091430664

vb0[1120]+000 POSITION: 0.06745173037052155, 1.818331003189087, 0.05366241931915283
vb0[1120]+012 NORMAL: 0.8133043646812439, -0.38099637627601624, 0.43974754214286804
vb0[1120]+024 TANGENT: 0.8979722261428833, -0.4375033974647522, 0.047291990369558334, -1.0
vb0[1120]+040 BLENDWEIGHTS: 0.8560000061988831, 0.14399999380111694, 0.0, 0.0
vb0[1120]+056 BLENDINDICES: 7, 0, 0, 0
vb0[1120]+072 COLOR: 1.0, 0.5019607843137255, 0.5019607843137255, 0.30196078431372547
vb0[1120]+076 TEXCOORD: 0.5071249008178711, 0.723250687122345

vb0[1121]+000 POSITION: 0.06846269220113754, 1.8235217332839966, 0.05656806752085686
vb0[1121]+012 NORMAL: 0.7564040422439575, -0.37453219294548035, 0.5362634062767029
vb0[1121]+024 TANGENT: 0.23878344893455505, -0.35224848985671997, 0.9049328565597534, -1.0
vb0[1121]+040 BLENDWEIGHTS: 0.7670000195503235, 0.2329999953508377, 0.0, 0.0
vb0[1121]+056 BLENDINDICES: 7, 0, 0, 0
vb0[1121]+072 COLOR: 1.0, 0.5019607843137255, 0.5019607843137255, 0.30196078431372547
vb0[1121]+076 TEXCOORD: 0.5113120079040527, 0.7281113266944885

vb0[1122]+000 POSITION: 0.06856277585029602, 1.8231910467147827, 0.0516262911260128
vb0[1122]+012 NORMAL: 0.8700635433197021, -0.3789840042591095, 0.3152150809764862
vb0[1122]+024 TANGENT: 0.508224606513977, -0.18326634168624878, -0.8414993286132812, -1.0
vb0[1122]+040 BLENDWEIGHTS: 0.8370000123977661, 0.16300000250339508, 0.0, 0.0
vb0[1122]+056 BLENDINDICES: 7, 0, 0, 0
vb0[1122]+072 COLOR: 1.0, 0.5019607843137255, 0.5019607843137255, 0.4
vb0[1122]+076 TEXCOORD: 0.5054693222045898, 0.7294741272926331

vb0[1123]+000 POSITION: 0.06662537157535553, 1.8184159994125366, 0.05184364691376686
vb0[1123]+012 NORMAL: 0.8595499992370605, -0.3932560086250305, 0.3263794183731079
vb0[1123]+024 TANGENT: 0.4804078936576843, -0.27974197268486023, -0.8312356472015381, -1.0
vb0[1123]+040 BLENDWEIGHTS: 0.8960000276565552, 0.10400000214576721, 0.0, 0.0
vb0[1123]+056 BLENDINDICES: 7, 0, 0, 0
vb0[1123]+072 COLOR: 1.0, 0.5019607843137255, 0.5019607843137255, 0.30196078431372547
vb0[1123]+076 TEXCOORD: 0.5048990249633789, 0.7237075567245483

vb0[1124]+000 POSITION: 0.06442059576511383, 1.8141878843307495, 0.054968804121017456
vb0[1124]+012 NORMAL: 0.7380330562591553, -0.337271124124527, 0.5844272971153259
vb0[1124]+024 TANGENT: 0.20711193978786469, -0.14347635209560394, 0.9677391648292542, -1.0
vb0[1124]+040 BLENDWEIGHTS: 0.8899999856948853, 0.10999999940395355, 0.0, 0.0
vb0[1124]+056 BLENDINDICES: 7, 0, 0, 0
vb0[1124]+072 COLOR: 1.0, 0.5019607843137255, 0.5019607843137255, 0.2
vb0[1124]+076 TEXCOORD: 0.5067172050476074, 0.7172766327857971

vb0[1125]+000 POSITION: 0.06504756957292557, 1.8137449026107788, 0.053803108632564545
vb0[1125]+012 NORMAL: 0.8045613169670105, -0.3751280605792999, 0.46039119362831116
vb0[1125]+024 TANGENT: 0.8726417422294617, -0.48145294189453125, 0.08185005933046341, -1.0
vb0[1125]+040 BLENDWEIGHTS: 0.9079999923706055, 0.09200000017881393, 0.0, 0.0
vb0[1125]+056 BLENDINDICES: 7, 0, 0, 0
vb0[1125]+072 COLOR: 1.0, 0.5019607843137255, 0.5019607843137255, 0.2
vb0[1125]+076 TEXCOORD: 0.506035566329956, 0.7175121307373047

vb0[1126]+000 POSITION: 0.06197643652558327, 1.8094936609268188, 0.0551406666636467
vb0[1126]+012 NORMAL: 0.7247457504272461, -0.31901150941848755, 0.6107169985771179
vb0[1126]+024 TANGENT: 0.26168444752693176, -0.034839510917663574, 0.9645245671272278, -1.0
vb0[1126]+040 BLENDWEIGHTS: 0.9430000185966492, 0.05700000002980232, 0.0, 0.0
vb0[1126]+056 BLENDINDICES: 7, 0, 0, 0
vb0[1126]+072 COLOR: 1.0, 0.5019607843137255, 0.5019607843137255, 0.10196078431372549
vb0[1126]+076 TEXCOORD: 0.5048854351043701, 0.7114901542663574

vb0[1127]+000 POSITION: 0.06227767467498779, 1.8091503381729126, 0.05447402223944664
vb0[1127]+012 NORMAL: 0.7839468121528625, -0.3751019835472107, 0.4946977496147156
vb0[1127]+024 TANGENT: 0.8385682106018066, -0.5367963910102844, 0.09302128106355667, -1.0
vb0[1127]+040 BLENDWEIGHTS: 0.9589999914169312, 0.04100000113248825, 0.0, 0.0
vb0[1127]+056 BLENDINDICES: 7, 0, 0, 0
vb0[1127]+072 COLOR: 1.0, 0.5019607843137255, 0.5019607843137255, 0.10196078431372549
vb0[1127]+076 TEXCOORD: 0.5044279098510742, 0.7116066813468933

vb0[1128]+000 POSITION: 0.06448256969451904, 1.813748836517334, 0.052465397864580154
vb0[1128]+012 NORMAL: 0.8485199213027954, -0.40070873498916626, 0.3456104099750519
vb0[1128]+024 TANGENT: 0.4381665289402008, -0.3909405469894409, -0.8094291687011719, -1.0
vb0[1128]+040 BLENDWEIGHTS: 0.9380000233650208, 0.06199999898672104, 0.0, 0.0
vb0[1128]+056 BLENDINDICES: 7, 0, 0, 0
vb0[1128]+072 COLOR: 1.0, 0.5019607843137255, 0.5019607843137255, 0.2
vb0[1128]+076 TEXCOORD: 0.5044305324554443, 0.717917799949646

vb0[1129]+000 POSITION: 0.06198657304048538, 1.8091332912445068, 0.05385943129658699
vb0[1129]+012 NORMAL: 0.8220428824424744, -0.41708850860595703, 0.3876630961894989
vb0[1129]+024 TANGENT: 0.38601359724998474, -0.5286300778388977, -0.7560052275657654, -1.0
vb0[1129]+040 BLENDWEIGHTS: 0.9700000286102295, 0.029999999329447746, 0.0, 0.0
vb0[1129]+056 BLENDINDICES: 7, 0, 0, 0
vb0[1129]+072 COLOR: 1.0, 0.5019607843137255, 0.5019607843137255, 0.10196078431372549
vb0[1129]+076 TEXCOORD: 0.5038871765136719, 0.7117841839790344

vb0[1130]+000 POSITION: 0.058704178780317307, 1.8043485879898071, 0.056265056133270264
vb0[1130]+012 NORMAL: 0.7597847580909729, -0.35930734872817993, 0.5418721437454224
vb0[1130]+024 TANGENT: -0.494246244430542, -0.8168435096740723, 0.2974681854248047, -1.0
vb0[1130]+040 BLENDWEIGHTS: 1.0, 0.0, 0.0, 0.0
vb0[1130]+056 BLENDINDICES: 7, 0, 0, 0
vb0[1130]+072 COLOR: 1.0, 0.5019607843137255, 0.5019607843137255, 0.0
vb0[1130]+076 TEXCOORD: 0.5025544166564941, 0.7046518921852112

vb0[1131]+000 POSITION: 0.059772223234176636, 1.9019657373428345, 0.09177242964506149
vb0[1131]+012 NORMAL: 0.6006607413291931, 0.24456916749477386, 0.7611784338951111
vb0[1131]+024 TANGENT: 0.675290584564209, 0.20172153413295746, 0.7094300389289856, -1.0
vb0[1131]+040 BLENDWEIGHTS: 1.0, 0.0, 0.0, 0.0
vb0[1131]+056 BLENDINDICES: 0, 0, 0, 0
vb0[1131]+072 COLOR: 1.0, 0.5019607843137255, 0.5019607843137255, 0.5019607843137255
vb0[1131]+076 TEXCOORD: 0.5754246711730957, 0.8062731623649597

vb0[1132]+000 POSITION: 0.0667288675904274, 1.9012519121170044, 0.0775294378399849
vb0[1132]+012 NORMAL: 0.7124908566474915, 0.25520944595336914, 0.653624415397644
vb0[1132]+024 TANGENT: 0.8695501089096069, 0.30921950936317444, 0.3850533068180084, -1.0
vb0[1132]+040 BLENDWEIGHTS: 1.0, 0.0, 0.0, 0.0
vb0[1132]+056 BLENDINDICES: 0, 0, 0, 0
vb0[1132]+072 COLOR: 1.0, 0.5019607843137255, 0.5019607843137255, 0.5019607843137255
vb0[1132]+076 TEXCOORD: 0.5578980445861816, 0.8107779622077942

vb0[1133]+000 POSITION: 0.062344618141651154, 1.9084550142288208, 0.08067510277032852
vb0[1133]+012 NORMAL: 0.6644578576087952, 0.325944721698761, 0.6724997162818909
vb0[1133]+024 TANGENT: 0.8244169354438782, 0.3866746425628662, 0.4133031368255615, -1.0
vb0[1133]+040 BLENDWEIGHTS: 1.0, 0.0, 0.0, 0.0
vb0[1133]+056 BLENDINDICES: 0, 0, 0, 0
vb0[1133]+072 COLOR: 1.0, 0.5019607843137255, 0.5019607843137255, 0.5019607843137255
vb0[1133]+076 TEXCOORD: 0.5654768943786621, 0.8173322677612305

vb0[1134]+000 POSITION: 0.0641014352440834, 1.894390344619751, 0.08931031823158264
vb0[1134]+012 NORMAL: 0.6392127275466919, 0.17833590507507324, 0.7480664253234863
vb0[1134]+024 TANGENT: 0.7182115912437439, 0.13537286221981049, 0.6825292706489563, -1.0
vb0[1134]+040 BLENDWEIGHTS: 1.0, 0.0, 0.0, 0.0
vb0[1134]+056 BLENDINDICES: 0, 0, 0, 0
vb0[1134]+072 COLOR: 1.0, 0.5019607843137255, 0.5019607843137255, 0.5019607843137255
vb0[1134]+076 TEXCOORD: 0.5684306621551514, 0.7990127801895142

vb0[1135]+000 POSITION: 0.07139357924461365, 1.8924485445022583, 0.07330691814422607
vb0[1135]+012 NORMAL: 0.7537668347358704, 0.17779991030693054, 0.6326314806938171
vb0[1135]+024 TANGENT: 0.9102425575256348, 0.21773004531860352, 0.35221025347709656, -1.0
vb0[1135]+040 BLENDWEIGHTS: 1.0, 0.0, 0.0, 0.0
vb0[1135]+056 BLENDINDICES: 0, 0, 0, 0
vb0[1135]+072 COLOR: 1.0, 0.5019607843137255, 0.5019607843137255, 0.5019607843137255
vb0[1135]+076 TEXCOORD: 0.5483107566833496, 0.8031316995620728

vb0[1136]+000 POSITION: 0.07480281591415405, 1.8832736015319824, 0.06807125359773636
vb0[1136]+012 NORMAL: 0.7966543436050415, 0.10514368861913681, 0.5952198505401611
vb0[1136]+024 TANGENT: 0.9353519678115845, 0.15162408351898193, 0.3195728063583374, -1.0
vb0[1136]+040 BLENDWEIGHTS: 1.0, 0.0, 0.0, 0.0
vb0[1136]+056 BLENDINDICES: 0, 0, 0, 0
vb0[1136]+072 COLOR: 1.0, 0.5019607843137255, 0.5019607843137255, 0.5019607843137255
vb0[1136]+076 TEXCOORD: 0.538461446762085, 0.7950497269630432

vb0[1137]+000 POSITION: 0.07606487721204758, 1.872497320175171, 0.06900335848331451
vb0[1137]+012 NORMAL: 0.8022249341011047, 0.02617332711815834, 0.5964479446411133
vb0[1137]+024 TANGENT: 0.9287112951278687, 0.10254453867673874, 0.3563423156738281, -1.0
vb0[1137]+040 BLENDWEIGHTS: 1.0, 0.0, 0.0, 0.0
vb0[1137]+056 BLENDINDICES: 0, 0, 0, 0
vb0[1137]+072 COLOR: 1.0, 0.5019607843137255, 0.5019607843137255, 0.5019607843137255
vb0[1137]+076 TEXCOORD: 0.535254955291748, 0.7829025983810425

vb0[1138]+000 POSITION: 0.05519254878163338, 1.9088331460952759, 0.09363029152154922
vb0[1138]+012 NORMAL: 0.5531452894210815, 0.30877360701560974, 0.7737501263618469
vb0[1138]+024 TANGENT: 0.6363502740859985, 0.27486738562583923, 0.7207677960395813, -1.0
vb0[1138]+040 BLENDWEIGHTS: 1.0, 0.0, 0.0, 0.0
vb0[1138]+056 BLENDINDICES: 0, 0, 0, 0
vb0[1138]+072 COLOR: 1.0, 0.5019607843137255, 0.5019607843137255, 0.5019607843137255
vb0[1138]+076 TEXCOORD: 0.5818836688995361, 0.8131627440452576

vb0[1139]+000 POSITION: 0.058015745133161545, 1.9142374992370605, 0.08295077085494995
vb0[1139]+012 NORMAL: 0.6156702637672424, 0.38612812757492065, 0.6869170665740967
vb0[1139]+024 TANGENT: 0.7745384573936462, 0.4549156129360199, 0.4394790530204773, -1.0
vb0[1139]+040 BLENDWEIGHTS: 1.0, 0.0, 0.0, 0.0
vb0[1139]+056 BLENDINDICES: 0, 0, 0, 0
vb0[1139]+072 COLOR: 1.0, 0.5019607843137255, 0.5019607843137255, 0.5019607843137255
vb0[1139]+076 TEXCOORD: 0.5717813968658447, 0.8227840662002563

vb0[1140]+000 POSITION: 0.04961853101849556, 1.915730595588684, 0.09526386857032776
vb0[1140]+012 NORMAL: 0.5078169107437134, 0.37241315841674805, 0.7768078446388245
vb0[1140]+024 TANGENT: 0.5980585813522339, 0.34387993812561035, 0.7239285111427307, -1.0
vb0[1140]+040 BLENDWEIGHTS: 1.0, 0.0, 0.0, 0.0
vb0[1140]+056 BLENDINDICES: 0, 0, 0, 0
vb0[1140]+072 COLOR: 1.0, 0.5019607843137255, 0.5019607843137255, 0.5019607843137255
vb0[1140]+076 TEXCOORD: 0.5886068344116211, 0.8200269341468811

vb0[1141]+000 POSITION: 0.05202571675181389, 1.9212069511413574, 0.0854521095752716
vb0[1141]+012 NORMAL: 0.5535986423492432, 0.4536174237728119, 0.6983979940414429
vb0[1141]+024 TANGENT: 0.7183068990707397, 0.5184778571128845, 0.4639136791229248, -1.0
vb0[1141]+040 BLENDWEIGHTS: 1.0, 0.0, 0.0, 0.0
vb0[1141]+056 BLENDINDICES: 0, 0, 0, 0
vb0[1141]+072 COLOR: 1.0, 0.5019607843137255, 0.5019607843137255, 0.5019607843137255
vb0[1141]+076 TEXCOORD: 0.5796399116516113, 0.8295777440071106

vb0[1142]+000 POSITION: 0.04387591779232025, 1.9217609167099, 0.09658640623092651
vb0[1142]+012 NORMAL: 0.44255125522613525, 0.4271537661552429, 0.7884719967842102
vb0[1142]+024 TANGENT: 0.5303348898887634, 0.41883301734924316, 0.7371050715446472, -1.0
vb0[1142]+040 BLENDWEIGHTS: 1.0, 0.0, 0.0, 0.0
vb0[1142]+056 BLENDINDICES: 0, 0, 0, 0
vb0[1142]+072 COLOR: 1.0, 0.5019607843137255, 0.5019607843137255, 0.5019607843137255
vb0[1142]+076 TEXCOORD: 0.5952248573303223, 0.8266406059265137

vb0[1143]+000 POSITION: 0.04568839818239212, 1.9276299476623535, 0.08728352934122086
vb0[1143]+012 NORMAL: 0.48897647857666016, 0.5090554356575012, 0.7083534002304077
vb0[1143]+024 TANGENT: 0.6362868547439575, 0.5834536552429199, 0.5046987533569336, -1.0
vb0[1143]+040 BLENDWEIGHTS: 1.0, 0.0, 0.0, 0.0
vb0[1143]+056 BLENDINDICES: 0, 0, 0, 0
vb0[1143]+072 COLOR: 1.0, 0.5019607843137255, 0.5019607843137255, 0.5019607843137255
vb0[1143]+076 TEXCOORD: 0.5872030258178711, 0.8361159563064575

vb0[1144]+000 POSITION: 0.07727666199207306, 1.8762474060058594, 0.06358734518289566
vb0[1144]+012 NORMAL: 0.8171119689941406, 0.06939753144979477, 0.5722866654396057
vb0[1144]+024 TANGENT: 0.9244301319122314, 0.21704472601413727, 0.31356123089790344, -1.0
vb0[1144]+040 BLENDWEIGHTS: 1.0, 0.0, 0.0, 0.0
vb0[1144]+056 BLENDINDICES: 0, 0, 0, 0
vb0[1144]+072 COLOR: 1.0, 0.5019607843137255, 0.5019607843137255, 0.10196078431372549
vb0[1144]+076 TEXCOORD: 0.530658483505249, 0.7888913750648499

vb0[1145]+000 POSITION: 0.0805467814207077, 1.8646619319915771, 0.06270454078912735
vb0[1145]+012 NORMAL: 0.792982280254364, -0.03765616938471794, 0.6080798506736755
vb0[1145]+024 TANGENT: 0.7640734314918518, -0.04135870561003685, 0.6438021063804626, -1.0
vb0[1145]+040 BLENDWEIGHTS: 0.9549999833106995, 0.04500000178813934, 0.0, 0.0
vb0[1145]+056 BLENDINDICES: 0, 11, 0, 0
vb0[1145]+072 COLOR: 1.0, 0.5019607843137255, 0.5019607843137255, 0.5019607843137255
vb0[1145]+076 TEXCOORD: 0.5238815546035767, 0.7766502499580383

vb0[1146]+000 POSITION: 0.08191023766994476, 1.869393229484558, 0.05818482115864754
vb0[1146]+012 NORMAL: 0.8340225219726562, 0.041275281459093094, 0.5501843690872192
vb0[1146]+024 TANGENT: 0.7384036183357239, 0.6524009108543396, -0.17068390548229218, -1.0
vb0[1146]+040 BLENDWEIGHTS: 0.9710000157356262, 0.028999999165534973, 0.0, 0.0
vb0[1146]+056 BLENDINDICES: 0, 11, 0, 0
vb0[1146]+072 COLOR: 1.0, 0.5019607843137255, 0.5019607843137255, 0.30196078431372547
vb0[1146]+076 TEXCOORD: 0.5203025341033936, 0.783911406993866

vb0[1147]+000 POSITION: 0.08606932312250137, 1.8583968877792358, 0.05633063241839409
vb0[1147]+012 NORMAL: 0.8017619848251343, -0.088344044983387, 0.5910779237747192
vb0[1147]+024 TANGENT: 0.7095786333084106, -0.018961787223815918, 0.7043710947036743, -1.0
vb0[1147]+040 BLENDWEIGHTS: 0.6430000066757202, 0.3569999933242798, 0.0, 0.0
vb0[1147]+056 BLENDINDICES: 0, 11, 0, 0
vb0[1147]+072 COLOR: 1.0, 0.5019607843137255, 0.5019607843137255, 0.5019607843137255
vb0[1147]+076 TEXCOORD: 0.5123896598815918, 0.7722960114479065

vb0[1148]+000 POSITION: 0.08723961561918259, 1.8631945848464966, 0.052684057503938675
vb0[1148]+012 NORMAL: 0.8493006825447083, 0.010309115052223206, 0.5278087854385376
vb0[1148]+024 TANGENT: 0.6553680896759033, 0.7388825416564941, -0.15666908025741577, -1.0
vb0[1148]+040 BLENDWEIGHTS: 0.6589999794960022, 0.3409999907016754, 0.0, 0.0
vb0[1148]+056 BLENDINDICES: 0, 11, 0, 0
vb0[1148]+072 COLOR: 1.0, 0.5019607843137255, 0.5019607843137255, 0.4
vb0[1148]+076 TEXCOORD: 0.5094742774963379, 0.7794061899185181

vb0[1149]+000 POSITION: 0.0925816223025322, 1.8541187047958374, 0.050187524408102036
vb0[1149]+012 NORMAL: 0.8227238059043884, -0.11823412030935287, 0.5560092329978943
vb0[1149]+024 TANGENT: 0.6932892203330994, 0.041098352521657944, 0.7194865345954895, -1.0
vb0[1149]+040 BLENDWEIGHTS: 0.6100000143051147, 0.38999998569488525, 0.0, 0.0
vb0[1149]+056 BLENDINDICES: 11, 0, 0, 0
vb0[1149]+072 COLOR: 1.0, 0.5019607843137255, 0.5019607843137255, 0.4
vb0[1149]+076 TEXCOORD: 0.5012326240539551, 0.7695786952972412

vb0[1150]+000 POSITION: 0.09299979358911514, 1.8578437566757202, 0.04747999086976051
vb0[1150]+012 NORMAL: 0.8620397448539734, 0.0013327781343832612, 0.5068389177322388
vb0[1150]+024 TANGENT: 0.5586381554603577, 0.8192060589790344, -0.12971030175685883, -1.0
vb0[1150]+040 BLENDWEIGHTS: 0.5910000205039978, 0.4090000092983246, 0.0, 0.0
vb0[1150]+056 BLENDINDICES: 11, 0, 0, 0
vb0[1150]+072 COLOR: 1.0, 0.5019607843137255, 0.5019607843137255, 0.4
vb0[1150]+076 TEXCOORD: 0.49915313720703125, 0.7745636701583862

vb0[1151]+000 POSITION: 0.09911844879388809, 1.851065993309021, 0.04440590739250183
vb0[1151]+012 NORMAL: 0.8474875688552856, -0.12727712094783783, 0.5153304934501648
vb0[1151]+024 TANGENT: 0.6795327663421631, 0.11053287237882614, 0.725270688533783, -1.0
vb0[1151]+040 BLENDWEIGHTS: 0.7860000133514404, 0.21400000154972076, 0.0, 0.0
vb0[1151]+056 BLENDINDICES: 11, 0, 0, 0
vb0[1151]+072 COLOR: 1.0, 0.5019607843137255, 0.5019607843137255, 0.30196078431372547
vb0[1151]+076 TEXCOORD: 0.49094653129577637, 0.7667421698570251

vb0[1152]+000 POSITION: 0.09881345182657242, 1.8533719778060913, 0.042717017233371735
vb0[1152]+012 NORMAL: 0.8835464119911194, 0.014044536277651787, 0.46813297271728516
vb0[1152]+024 TANGENT: 0.43244218826293945, 0.8971498608589172, -0.09008794277906418, -1.0
vb0[1152]+040 BLENDWEIGHTS: 0.7829999923706055, 0.21699999272823334, 0.0, 0.0
vb0[1152]+056 BLENDINDICES: 11, 0, 0, 0
vb0[1152]+072 COLOR: 1.0, 0.5019607843137255, 0.5019607843137255, 0.30196078431372547
vb0[1152]+076 TEXCOORD: 0.48982810974121094, 0.7698668837547302

vb0[1153]+000 POSITION: 0.10638459771871567, 1.8491219282150269, 0.03834345191717148
vb0[1153]+012 NORMAL: 0.8724406957626343, -0.11715663969516754, 0.47446975111961365
vb0[1153]+024 TANGENT: 0.6503796577453613, 0.18252648413181305, 0.7373536229133606, -1.0
vb0[1153]+040 BLENDWEIGHTS: 0.9269999861717224, 0.0729999989271164, 0.0, 0.0
vb0[1153]+056 BLENDINDICES: 11, 0, 0, 0
vb0[1153]+072 COLOR: 1.0, 0.5019607843137255, 0.5019607843137255, 0.2
vb0[1153]+076 TEXCOORD: 0.4802682399749756, 0.7635835409164429

vb0[1154]+000 POSITION: 0.1060977429151535, 1.8500977754592896, 0.03734865039587021
vb0[1154]+012 NORMAL: 0.9020193815231323, 0.0410931371152401, 0.42973530292510986
vb0[1154]+024 TANGENT: 0.2655789852142334, 0.9637353420257568, -0.026112614199519157, -1.0
vb0[1154]+040 BLENDWEIGHTS: 0.9179999828338623, 0.0820000022649765, 0.0, 0.0
vb0[1154]+056 BLENDINDICES: 11, 0, 0, 0
vb0[1154]+072 COLOR: 1.0, 0.5019607843137255, 0.5019607843137255, 0.2
vb0[1154]+076 TEXCOORD: 0.4795570373535156, 0.7648805379867554

vb0[1155]+000 POSITION: 0.11402159184217453, 1.8486019372940063, 0.03209191933274269
vb0[1155]+012 NORMAL: 0.8913854956626892, -0.12273281812667847, 0.4363124966621399
vb0[1155]+024 TANGENT: 0.8390287160873413, -0.012275159358978271, -0.5439486503601074, -1.0
vb0[1155]+040 BLENDWEIGHTS: 1.0, 0.0, 0.0, 0.0
vb0[1155]+056 BLENDINDICES: 11, 0, 0, 0
vb0[1155]+072 COLOR: 1.0, 0.5019607843137255, 0.5019607843137255, 0.10196078431372549
vb0[1155]+076 TEXCOORD: 0.4696173667907715, 0.7600528597831726

vb0[1156]+000 POSITION: 0.1058463528752327, 1.8472802639007568, 0.03812780603766441
vb0[1156]+012 NORMAL: 0.8450610041618347, -0.2381921410560608, 0.47868189215660095
vb0[1156]+024 TANGENT: 0.3296242654323578, -0.8652929663658142, 0.37764498591423035, -1.0
vb0[1156]+040 BLENDWEIGHTS: 0.9399999976158142, 0.05999999865889549, 0.0, 0.0
vb0[1156]+056 BLENDINDICES: 11, 0, 0, 0
vb0[1156]+072 COLOR: 1.0, 0.5019607843137255, 0.5019607843137255, 0.2
vb0[1156]+076 TEXCOORD: 0.48091864585876465, 0.7616289258003235

vb0[1157]+000 POSITION: 0.09753090888261795, 1.8475654125213623, 0.04452107474207878
vb0[1157]+012 NORMAL: 0.8137713074684143, -0.2381567806005478, 0.530148446559906
vb0[1157]+024 TANGENT: 0.20884007215499878, -0.8714994788169861, 0.443705290555954, -1.0
vb0[1157]+040 BLENDWEIGHTS: 0.7979999780654907, 0.1979999989271164, 0.004000000189989805, 0.0
vb0[1157]+056 BLENDINDICES: 11, 0, 7, 0
vb0[1157]+072 COLOR: 1.0, 0.5019607843137255, 0.5019607843137255, 0.30196078431372547
vb0[1157]+076 TEXCOORD: 0.4921998977661133, 0.7627797722816467

vb0[1158]+000 POSITION: 0.08998104929924011, 1.8496769666671753, 0.050753362476825714
vb0[1158]+012 NORMAL: 0.7805864214897156, -0.2307271808385849, 0.5809043049812317
vb0[1158]+024 TANGENT: 0.11372721195220947, -0.8459412455558777, 0.5210080742835999, -1.0
vb0[1158]+040 BLENDWEIGHTS: 0.5870000123977661, 0.3720000088214874, 0.04100000113248825, 0.0
vb0[1158]+056 BLENDINDICES: 11, 0, 7, 0
vb0[1158]+072 COLOR: 1.0, 0.5019607843137255, 0.5019607843137255, 0.4
vb0[1158]+076 TEXCOORD: 0.5029902458190918, 0.7641018033027649

vb0[1159]+000 POSITION: 0.08288023620843887, 1.8534536361694336, 0.056982167065143585
vb0[1159]+012 NORMAL: 0.7471789121627808, -0.20712582767009735, 0.6315240263938904
vb0[1159]+024 TANGENT: 0.04690396785736084, -0.803770899772644, 0.5930871963500977, -1.0
vb0[1159]+040 BLENDWEIGHTS: 0.6389999985694885, 0.2709999978542328, 0.09000000357627869, 0.0
vb0[1159]+056 BLENDINDICES: 0, 11, 7, 0
vb0[1159]+072 COLOR: 1.0, 0.5019607843137255, 0.5019607843137255, 0.4
vb0[1159]+076 TEXCOORD: 0.5140666961669922, 0.7658340930938721

vb0[1160]+000 POSITION: 0.07769495993852615, 1.8575938940048218, 0.062207434326410294
vb0[1160]+012 NORMAL: 0.7190166115760803, -0.1864328384399414, 0.6695206165313721
vb0[1160]+024 TANGENT: 0.8609279990196228, -0.35371068120002747, 0.36563873291015625, -1.0
vb0[1160]+040 BLENDWEIGHTS: 0.8610000014305115, 0.13899999856948853, 0.0, 0.0
vb0[1160]+056 BLENDINDICES: 0, 7, 0, 0
vb0[1160]+072 COLOR: 1.0, 0.5019607843137255, 0.5019607843137255, 0.10196078431372549
vb0[1160]+076 TEXCOORD: 0.5231685638427734, 0.7679149508476257

vb0[1161]+000 POSITION: 0.07670960575342178, 1.8638886213302612, 0.0657268688082695
vb0[1161]+012 NORMAL: 0.7152830958366394, -0.138246551156044, 0.6850239634513855
vb0[1161]+024 TANGENT: 0.8833311200141907, -0.10985542088747025, 0.45569494366645813, -1.0
vb0[1161]+040 BLENDWEIGHTS: 0.9210000038146973, 0.07900000363588333, 0.0, 0.0
vb0[1161]+056 BLENDINDICES: 0, 7, 0, 0
vb0[1161]+072 COLOR: 1.0, 0.5019607843137255, 0.5019607843137255, 0.30196078431372547
vb0[1161]+076 TEXCOORD: 0.5291125774383545, 0.7740486264228821

vb0[1162]+000 POSITION: 0.08293960243463516, 1.8609038591384888, 0.05044427141547203
vb0[1162]+012 NORMAL: -0.40503188967704773, 0.27988919615745544, -0.8704085946083069
vb0[1162]+024 TANGENT: -0.3497483730316162, 0.3495502173900604, -0.8691896796226501, -1.0
vb0[1162]+040 BLENDWEIGHTS: 0.8230000138282776, 0.1770000010728836, 0.0, 0.0
vb0[1162]+056 BLENDINDICES: 0, 11, 0, 0
vb0[1162]+072 COLOR: 1.0, 0.5019607843137255, 0.5019607843137255, 0.30196078431372547
vb0[1162]+076 TEXCOORD: 0.875934362411499, 0.8602322340011597

vb0[1163]+000 POSITION: 0.07953880727291107, 1.854848027229309, 0.05355452746152878
vb0[1163]+012 NORMAL: -0.673221230506897, -0.606105625629425, -0.42356711626052856
vb0[1163]+024 TANGENT: -0.6710773706436157, -0.6118708252906799, -0.4186517298221588, -1.0
vb0[1163]+040 BLENDWEIGHTS: 0.7329999804496765, 0.2160000056028366, 0.050999999046325684, 0.0
vb0[1163]+056 BLENDINDICES: 0, 11, 7, 0
vb0[1163]+072 COLOR: 1.0, 0.5019607843137255, 0.5019607843137255, 0.30196078431372547
vb0[1163]+076 TEXCOORD: 0.8755114078521729, 0.866436243057251

vb0[1164]+000 POSITION: 0.07438050210475922, 1.8582651615142822, 0.057045139372348785
vb0[1164]+012 NORMAL: -0.7040069103240967, -0.3828587532043457, -0.5981582999229431
vb0[1164]+024 TANGENT: 0.5649081468582153, -0.7928708791732788, -0.22854872047901154, -1.0
vb0[1164]+040 BLENDWEIGHTS: 0.9279999732971191, 0.07199999690055847, 0.0, 0.0
vb0[1164]+056 BLENDINDICES: 0, 7, 0, 0
vb0[1164]+072 COLOR: 1.0, 0.5019607843137255, 0.5019607843137255, 0.0
vb0[1164]+076 TEXCOORD: 0.8809399604797363, 0.8679786324501038

vb0[1165]+000 POSITION: 0.07769495993852615, 1.8575938940048218, 0.062207434326410294
vb0[1165]+012 NORMAL: -0.4848308563232422, -0.8588888645172119, 0.16507215797901154
vb0[1165]+024 TANGENT: 0.8609279990196228, -0.35371068120002747, 0.36563873291015625, -1.0
vb0[1165]+040 BLENDWEIGHTS: 0.8610000014305115, 0.13899999856948853, 0.0, 0.0
vb0[1165]+056 BLENDINDICES: 0, 7, 0, 0
vb0[1165]+072 COLOR: 1.0, 0.5019607843137255, 0.5019607843137255, 0.10196078431372549
vb0[1165]+076 TEXCOORD: 0.8793137073516846, 0.8728465437889099

vb0[1166]+000 POSITION: 0.08288023620843887, 1.8534536361694336, 0.056982167065143585
vb0[1166]+012 NORMAL: -0.47660186886787415, -0.8745790719985962, 0.08923172950744629
vb0[1166]+024 TANGENT: 0.04690396785736084, -0.803770899772644, 0.5930871963500977, -1.0
vb0[1166]+040 BLENDWEIGHTS: 0.6389999985694885, 0.2709999978542328, 0.09000000357627869, 0.0
vb0[1166]+056 BLENDINDICES: 0, 11, 7, 0
vb0[1166]+072 COLOR: 1.0, 0.5019607843137255, 0.5019607843137255, 0.4
vb0[1166]+076 TEXCOORD: 0.8732242584228516, 0.8698146343231201

vb0[1167]+000 POSITION: 0.0877905935049057, 1.850814938545227, 0.047911692410707474
vb0[1167]+012 NORMAL: -0.6015299558639526, -0.5623241662979126, -0.5674092769622803
vb0[1167]+024 TANGENT: -0.5928604602813721, -0.6483861207962036, -0.47761064767837524, -1.0
vb0[1167]+040 BLENDWEIGHTS: 0.546999990940094, 0.43299999833106995, 0.019999999552965164, 0.0
vb0[1167]+056 BLENDINDICES: 11, 0, 7, 0
vb0[1167]+072 COLOR: 1.0, 0.5019607843137255, 0.5019607843137255, 0.4
vb0[1167]+076 TEXCOORD: 0.8676083087921143, 0.863620400428772

vb0[1168]+000 POSITION: 0.0893607810139656, 1.855697751045227, 0.045832131057977676
vb0[1168]+012 NORMAL: -0.43246105313301086, 0.23326365649700165, -0.8709566593170166
vb0[1168]+024 TANGENT: -0.381399542093277, 0.30205464363098145, -0.873668909072876, -1.0
vb0[1168]+040 BLENDWEIGHTS: 0.5170000195503235, 0.4830000102519989, 0.0, 0.0
vb0[1168]+056 BLENDINDICES: 11, 0, 0, 0
vb0[1168]+072 COLOR: 1.0, 0.5019607843137255, 0.5019607843137255, 0.4
vb0[1168]+076 TEXCOORD: 0.8683507442474365, 0.8595172762870789

vb0[1169]+000 POSITION: 0.08723961561918259, 1.8631945848464966, 0.052684057503938675
vb0[1169]+012 NORMAL: 0.0405074879527092, 0.6676439046859741, -0.7433779239654541
vb0[1169]+024 TANGENT: 0.6553680896759033, 0.7388825416564941, -0.15666908025741577, -1.0
vb0[1169]+040 BLENDWEIGHTS: 0.6589999794960022, 0.3409999907016754, 0.0, 0.0
vb0[1169]+056 BLENDINDICES: 0, 11, 0, 0
vb0[1169]+072 COLOR: 1.0, 0.5019607843137255, 0.5019607843137255, 0.4
vb0[1169]+076 TEXCOORD: 0.8761096000671387, 0.8556810021400452

vb0[1170]+000 POSITION: 0.09299979358911514, 1.8578437566757202, 0.04747999086976051
vb0[1170]+012 NORMAL: -0.03995213657617569, 0.6825612783432007, -0.7297354340553284
vb0[1170]+024 TANGENT: 0.5586381554603577, 0.8192060589790344, -0.12971030175685883, -1.0
vb0[1170]+040 BLENDWEIGHTS: 0.5910000205039978, 0.4090000092983246, 0.0, 0.0
vb0[1170]+056 BLENDINDICES: 11, 0, 0, 0
vb0[1170]+072 COLOR: 1.0, 0.5019607843137255, 0.5019607843137255, 0.4
vb0[1170]+076 TEXCOORD: 0.8682291507720947, 0.85578852891922

vb0[1171]+000 POSITION: 0.08998104929924011, 1.8496769666671753, 0.050753362476825714
vb0[1171]+012 NORMAL: -0.3932107090950012, -0.9186692833900452, -0.0378417931497097
vb0[1171]+024 TANGENT: 0.11372721195220947, -0.8459412455558777, 0.5210080742835999, -1.0
vb0[1171]+040 BLENDWEIGHTS: 0.5870000123977661, 0.3720000088214874, 0.04100000113248825, 0.0
vb0[1171]+056 BLENDINDICES: 11, 0, 7, 0
vb0[1171]+072 COLOR: 1.0, 0.5019607843137255, 0.5019607843137255, 0.4
vb0[1171]+076 TEXCOORD: 0.8661084175109863, 0.8662707805633545

vb0[1172]+000 POSITION: 0.09665513038635254, 1.851509928703308, 0.041034359484910965
vb0[1172]+012 NORMAL: -0.44679659605026245, 0.16833774745464325, -0.8786553740501404
vb0[1172]+024 TANGENT: -0.4047234356403351, 0.23018930852413177, -0.8849925398826599, -1.0
vb0[1172]+040 BLENDWEIGHTS: 0.7609999775886536, 0.23899999260902405, 0.0, 0.0
vb0[1172]+056 BLENDINDICES: 11, 0, 0, 0
vb0[1172]+072 COLOR: 1.0, 0.5019607843137255, 0.5019607843137255, 0.30196078431372547
vb0[1172]+076 TEXCOORD: 0.8606128692626953, 0.8581698536872864

vb0[1173]+000 POSITION: 0.09881345182657242, 1.8533719778060913, 0.042717017233371735
vb0[1173]+012 NORMAL: -0.09748402237892151, 0.7334933876991272, -0.6726694703102112
vb0[1173]+024 TANGENT: 0.43244218826293945, 0.8971498608589172, -0.09008794277906418, -1.0
vb0[1173]+040 BLENDWEIGHTS: 0.7829999923706055, 0.21699999272823334, 0.0, 0.0
vb0[1173]+056 BLENDINDICES: 11, 0, 0, 0
vb0[1173]+072 COLOR: 1.0, 0.5019607843137255, 0.5019607843137255, 0.30196078431372547
vb0[1173]+076 TEXCOORD: 0.8607738018035889, 0.8555722832679749

vb0[1174]+000 POSITION: 0.09635806083679199, 1.8481919765472412, 0.042467206716537476
vb0[1174]+012 NORMAL: -0.4575499892234802, -0.7176916599273682, -0.5249444842338562
vb0[1174]+024 TANGENT: -0.4546860456466675, -0.7280171513557434, -0.5130806565284729, -1.0
vb0[1174]+040 BLENDWEIGHTS: 0.7620000243186951, 0.23800000548362732, 0.0, 0.0
vb0[1174]+056 BLENDINDICES: 11, 0, 0, 0
vb0[1174]+072 COLOR: 1.0, 0.5019607843137255, 0.5019607843137255, 0.30196078431372547
vb0[1174]+076 TEXCOORD: 0.8599753379821777, 0.8609326481819153

vb0[1175]+000 POSITION: 0.09753090888261795, 1.8475654125213623, 0.04452107474207878
vb0[1175]+012 NORMAL: -0.2613024115562439, -0.9551816582679749, -0.1391008049249649
vb0[1175]+024 TANGENT: 0.20884007215499878, -0.8714994788169861, 0.443705290555954, -1.0
vb0[1175]+040 BLENDWEIGHTS: 0.7979999780654907, 0.1979999989271164, 0.004000000189989805, 0.0
vb0[1175]+056 BLENDINDICES: 11, 0, 7, 0
vb0[1175]+072 COLOR: 1.0, 0.5019607843137255, 0.5019607843137255, 0.30196078431372547
vb0[1175]+076 TEXCOORD: 0.8592021465301514, 0.8628318905830383

vb0[1176]+000 POSITION: 0.10521748661994934, 1.8492728471755981, 0.03633608669042587
vb0[1176]+012 NORMAL: -0.3966696560382843, 0.2767319977283478, -0.8752557039260864
vb0[1176]+024 TANGENT: -0.4021761417388916, 0.2444969266653061, -0.8823126554489136, -1.0
vb0[1176]+040 BLENDWEIGHTS: 0.925000011920929, 0.07500000298023224, 0.0, 0.0
vb0[1176]+056 BLENDINDICES: 11, 0, 0, 0
vb0[1176]+072 COLOR: 1.0, 0.5019607843137255, 0.5019607843137255, 0.2
vb0[1176]+076 TEXCOORD: 0.8524527549743652, 0.856777548789978

vb0[1177]+000 POSITION: 0.1060977429151535, 1.8500977754592896, 0.03734865039587021
vb0[1177]+012 NORMAL: -0.15757419168949127, 0.8046606183052063, -0.572443425655365
vb0[1177]+024 TANGENT: 0.2655789852142334, 0.9637353420257568, -0.026112614199519157, -1.0
vb0[1177]+040 BLENDWEIGHTS: 0.9179999828338623, 0.0820000022649765, 0.0, 0.0
vb0[1177]+056 BLENDINDICES: 11, 0, 0, 0
vb0[1177]+072 COLOR: 1.0, 0.5019607843137255, 0.5019607843137255, 0.2
vb0[1177]+076 TEXCOORD: 0.8525030612945557, 0.8555135726928711

vb0[1178]+000 POSITION: 0.10532069951295853, 1.8475159406661987, 0.03715630993247032
vb0[1178]+012 NORMAL: -0.3163814842700958, -0.7582769393920898, -0.5700165033340454
vb0[1178]+024 TANGENT: -0.31238412857055664, -0.767025351524353, -0.5604356527328491, -1.0
vb0[1178]+040 BLENDWEIGHTS: 0.9160000085830688, 0.08399999886751175, 0.0, 0.0
vb0[1178]+056 BLENDINDICES: 11, 0, 0, 0
vb0[1178]+072 COLOR: 1.0, 0.5019607843137255, 0.5019607843137255, 0.2
vb0[1178]+076 TEXCOORD: 0.8522114753723145, 0.8582321405410767

vb0[1179]+000 POSITION: 0.1058463528752327, 1.8472802639007568, 0.03812780603766441
vb0[1179]+012 NORMAL: -0.09366419166326523, -0.9743356704711914, -0.20468804240226746
vb0[1179]+024 TANGENT: 0.3296242654323578, -0.8652929663658142, 0.37764498591423035, -1.0
vb0[1179]+040 BLENDWEIGHTS: 0.9399999976158142, 0.05999999865889549, 0.0, 0.0
vb0[1179]+056 BLENDINDICES: 11, 0, 0, 0
vb0[1179]+072 COLOR: 1.0, 0.5019607843137255, 0.5019607843137255, 0.2
vb0[1179]+076 TEXCOORD: 0.8519012928009033, 0.8591957092285156

vb0[1180]+000 POSITION: 0.11402159184217453, 1.8486019372940063, 0.03209191933274269
vb0[1180]+012 NORMAL: -0.35172003507614136, -0.30740147829055786, -0.8841930031776428
vb0[1180]+024 TANGENT: 0.8390287160873413, -0.012275159358978271, -0.5439486503601074, -1.0
vb0[1180]+040 BLENDWEIGHTS: 1.0, 0.0, 0.0, 0.0
vb0[1180]+056 BLENDINDICES: 11, 0, 0, 0
vb0[1180]+072 COLOR: 1.0, 0.5019607843137255, 0.5019607843137255, 0.10196078431372549
vb0[1180]+076 TEXCOORD: 0.844393253326416, 0.8554555177688599

vb0[1181]+000 POSITION: 0.080917127430439, 1.862946629524231, 0.05217449367046356
vb0[1181]+012 NORMAL: -0.17823383212089539, 0.5093287825584412, -0.8419126272201538
vb0[1181]+024 TANGENT: 0.81586092710495, 0.33101940155029297, -0.47412770986557007, -1.0
vb0[1181]+040 BLENDWEIGHTS: 1.0, 0.0, 0.0, 0.0
vb0[1181]+056 BLENDINDICES: 0, 0, 0, 0
vb0[1181]+072 COLOR: 1.0, 0.5019607843137255, 0.5019607843137255, 0.0
vb0[1181]+076 TEXCOORD: 0.878610372543335, 0.8603923320770264

vb0[1182]+000 POSITION: 0.08191023766994476, 1.869393229484558, 0.05818482115864754
vb0[1182]+012 NORMAL: 0.18900896608829498, 0.689082682132721, -0.699600338935852
vb0[1182]+024 TANGENT: 0.7384036183357239, 0.6524009108543396, -0.17068390548229218, -1.0
vb0[1182]+040 BLENDWEIGHTS: 0.9710000157356262, 0.028999999165534973, 0.0, 0.0
vb0[1182]+056 BLENDINDICES: 0, 11, 0, 0
vb0[1182]+072 COLOR: 1.0, 0.5019607843137255, 0.5019607843137255, 0.30196078431372547
vb0[1182]+076 TEXCOORD: 0.8842639923095703, 0.8564028143882751

vb0[1183]+000 POSITION: 0.07980717718601227, 1.8695719242095947, 0.05748587101697922
vb0[1183]+012 NORMAL: 0.18900898098945618, 0.689082682132721, -0.699600338935852
vb0[1183]+024 TANGENT: 0.8008337020874023, 0.5082778930664062, -0.3167317509651184, -1.0
vb0[1183]+040 BLENDWEIGHTS: 0.9980000257492065, 0.0020000000949949026, 0.0, 0.0
vb0[1183]+056 BLENDINDICES: 0, 11, 0, 0
vb0[1183]+072 COLOR: 1.0, 0.5019607843137255, 0.5019607843137255, 0.0
vb0[1183]+076 TEXCOORD: 0.8848278522491455, 0.8575969934463501

vb0[1184]+000 POSITION: 0.07727666199207306, 1.8762474060058594, 0.06358734518289566
vb0[1184]+012 NORMAL: 0.27579671144485474, 0.7056280970573425, -0.6527059674263
vb0[1184]+024 TANGENT: 0.9244301319122314, 0.21704472601413727, 0.31356123089790344, -1.0
vb0[1184]+040 BLENDWEIGHTS: 1.0, 0.0, 0.0, 0.0
vb0[1184]+056 BLENDINDICES: 0, 0, 0, 0
vb0[1184]+072 COLOR: 1.0, 0.5019607843137255, 0.5019607843137255, 0.10196078431372549
vb0[1184]+076 TEXCOORD: 0.8921558856964111, 0.8558750748634338

vb0[1185]+000 POSITION: 0.06218322739005089, 1.863228678703308, 0.08472675830125809
vb0[1185]+012 NORMAL: 0.48869654536247253, -0.1317286640405655, 0.8624518513679504
vb0[1185]+024 TANGENT: 0.564075767993927, -0.16396324336528778, 0.8092802166938782, -1.0
vb0[1185]+040 BLENDWEIGHTS: 0.906000018119812, 0.09399999678134918, 0.0, 0.0
vb0[1185]+056 BLENDINDICES: 0, 7, 0, 0
vb0[1185]+072 COLOR: 1.0, 0.5019607843137255, 0.5019607843137255, 0.2
vb0[1185]+076 TEXCOORD: 0.5580754280090332, 0.7648181319236755

vb0[1186]+000 POSITION: 0.061009783297777176, 1.8721811771392822, 0.08706881105899811
vb0[1186]+012 NORMAL: 0.4723070561885834, -0.07214989513158798, 0.8784762024879456
vb0[1186]+024 TANGENT: 0.5650846362113953, -0.10997872799634933, 0.8176698088645935, -1.0
vb0[1186]+040 BLENDWEIGHTS: 0.9330000281333923, 0.06700000166893005, 0.0, 0.0
vb0[1186]+056 BLENDINDICES: 0, 5, 0, 0
vb0[1186]+072 COLOR: 1.0, 0.5019607843137255, 0.5019607843137255, 0.2
vb0[1186]+076 TEXCOORD: 0.563565731048584, 0.7741879820823669

vb0[1187]+000 POSITION: 0.07438050210475922, 1.8582651615142822, 0.057045139372348785
vb0[1187]+012 NORMAL: -0.1510479599237442, 0.23321600258350372, -0.9606220722198486
vb0[1187]+024 TANGENT: 0.5649081468582153, -0.7928708791732788, -0.22854872047901154, -1.0
vb0[1187]+040 BLENDWEIGHTS: 0.9279999732971191, 0.07199999690055847, 0.0, 0.0
vb0[1187]+056 BLENDINDICES: 0, 7, 0, 0
vb0[1187]+072 COLOR: 1.0, 0.5019607843137255, 0.5019607843137255, 0.0
vb0[1187]+076 TEXCOORD: 0.07010698318481445, 0.4679119884967804

vb0[1188]+000 POSITION: 0.07448459416627884, 1.8561456203460693, 0.056477140635252
vb0[1188]+012 NORMAL: -0.14036224782466888, 0.230705127120018, -0.9628466367721558
vb0[1188]+024 TANGENT: 0.4485984742641449, 0.1959989219903946, -0.8719770312309265, -1.0
vb0[1188]+040 BLENDWEIGHTS: 0.8769999742507935, 0.12300000339746475, 0.0, 0.0
vb0[1188]+056 BLENDINDICES: 0, 7, 0, 0
vb0[1188]+072 COLOR: 1.0, 0.5019607843137255, 0.5019607843137255, 0.25098039215686274
vb0[1188]+076 TEXCOORD: 0.06946516036987305, 0.46566399931907654

vb0[1189]+000 POSITION: 0.07117260992527008, 1.8555679321289062, 0.05674673244357109
vb0[1189]+012 NORMAL: -0.4846740961074829, 0.14504331350326538, -0.8625853657722473
vb0[1189]+024 TANGENT: 0.7772922515869141, -0.49674683809280396, -0.3860819935798645, -1.0
vb0[1189]+040 BLENDWEIGHTS: 0.8339999914169312, 0.16599999368190765, 0.0, 0.0
vb0[1189]+056 BLENDINDICES: 0, 7, 0, 0
vb0[1189]+072 COLOR: 1.0, 0.5019607843137255, 0.5019607843137255, 0.0
vb0[1189]+076 TEXCOORD: 0.06592702865600586, 0.4660229980945587

vb0[1190]+000 POSITION: 0.06845442950725555, 1.8546369075775146, 0.05728442594408989
vb0[1190]+012 NORMAL: -0.8483853936195374, -0.029014721512794495, -0.5285835266113281
vb0[1190]+024 TANGENT: -0.956903874874115, -0.24184052646160126, -0.1607731431722641, -1.0
vb0[1190]+040 BLENDWEIGHTS: 0.9300000071525574, 0.07000000029802322, 0.0, 0.0
vb0[1190]+056 BLENDINDICES: 0, 7, 0, 0
vb0[1190]+072 COLOR: 1.0, 0.5019607843137255, 0.5019607843137255, 0.0
vb0[1190]+076 TEXCOORD: 0.06287288665771484, 0.4657999873161316

vb0[1191]+000 POSITION: 0.06711822003126144, 1.8405250310897827, 0.058795370161533356
vb0[1191]+012 NORMAL: -0.9862400889396667, -0.005215233191847801, -0.16523684561252594
vb0[1191]+024 TANGENT: -0.9914388656616211, -0.06834309548139572, 0.11125706881284714, -1.0
vb0[1191]+040 BLENDWEIGHTS: 0.5460000038146973, 0.45399999618530273, 0.0, 0.0
vb0[1191]+056 BLENDINDICES: 7, 0, 0, 0
vb0[1191]+072 COLOR: 1.0, 0.5019607843137255, 0.5019607843137255, 0.5019607843137255
vb0[1191]+076 TEXCOORD: 0.05483293533325195, 0.4526219964027405

vb0[1192]+000 POSITION: 0.06758049130439758, 1.8398629426956177, 0.05933783948421478
vb0[1192]+012 NORMAL: -0.9804523587226868, -0.029249850660562515, -0.19457049667835236
vb0[1192]+024 TANGENT: -0.9899292588233948, -0.08246029168367386, -0.11506736278533936, -1.0
vb0[1192]+040 BLENDWEIGHTS: 0.5680000185966492, 0.4320000112056732, 0.0, 0.0
vb0[1192]+056 BLENDINDICES: 7, 0, 0, 0
vb0[1192]+072 COLOR: 1.0, 0.5019607843137255, 0.5019607843137255, 0.5019607843137255
vb0[1192]+076 TEXCOORD: 0.053893089294433594, 0.45215800404548645

vb0[1193]+000 POSITION: 0.03070352040231228, 1.8864459991455078, 0.09422207623720169
vb0[1193]+012 NORMAL: 0.3304373621940613, -0.051734697073698044, 0.9424090385437012
vb0[1193]+024 TANGENT: -0.8823724389076233, -0.3511541485786438, -0.31322458386421204, -1.0
vb0[1193]+040 BLENDWEIGHTS: 1.0, 0.0, 0.0, 0.0
vb0[1193]+056 BLENDINDICES: 0, 0, 0, 0
vb0[1193]+072 COLOR: 1.0, 0.5019607843137255, 0.5019607843137255, 0.0
vb0[1193]+076 TEXCOORD: 0.05918312072753906, 0.5379649996757507

vb0[1194]+000 POSITION: 0.02593560889363289, 1.9550979137420654, 0.08444639295339584
vb0[1194]+012 NORMAL: 0.34386834502220154, 0.7772238850593567, 0.5269511938095093
vb0[1194]+024 TANGENT: 0.5832383632659912, 0.8085536956787109, -0.07793498039245605, -1.0
vb0[1194]+040 BLENDWEIGHTS: 1.0, 0.0, 0.0, 0.0
vb0[1194]+056 BLENDINDICES: 0, 0, 0, 0
vb0[1194]+072 COLOR: 1.0, 0.5019607843137255, 0.5019607843137255, 0.0
vb0[1194]+076 TEXCOORD: 0.22034597396850586, 0.469884991645813

vb0[1195]+000 POSITION: 0.025444330647587776, 1.9547039270401, 0.09069803357124329
vb0[1195]+012 NORMAL: 0.2210773229598999, 0.7630186080932617, 0.6073939800262451
vb0[1195]+024 TANGENT: 0.24027910828590393, 0.9500898122787476, 0.19898594915866852, -1.0
vb0[1195]+040 BLENDWEIGHTS: 1.0, 0.0, 0.0, 0.0
vb0[1195]+056 BLENDINDICES: 0, 0, 0, 0
vb0[1195]+072 COLOR: 1.0, 0.5019607843137255, 0.5019607843137255, 0.5019607843137255
vb0[1195]+076 TEXCOORD: 0.22787904739379883, 0.4676069915294647

vb0[1196]+000 POSITION: 0.0282362699508667, 1.9538228511810303, 0.08855430036783218
vb0[1196]+012 NORMAL: 0.38872578740119934, 0.742464542388916, 0.545562744140625
vb0[1196]+024 TANGENT: 0.6495512127876282, 0.7568974494934082, -0.07203805446624756, -1.0
vb0[1196]+040 BLENDWEIGHTS: 1.0, 0.0, 0.0, 0.0
vb0[1196]+056 BLENDINDICES: 0, 0, 0, 0
vb0[1196]+072 COLOR: 1.0, 0.5019607843137255, 0.5019607843137255, 0.5019607843137255
vb0[1196]+076 TEXCOORD: 0.22433185577392578, 0.465256005525589

vb0[1197]+000 POSITION: 0.022616568952798843, 1.9561549425125122, 0.0855817198753357
vb0[1197]+012 NORMAL: 0.19368620216846466, 0.7889724373817444, 0.5831021666526794
vb0[1197]+024 TANGENT: 0.1963633894920349, 0.9631497859954834, 0.18380403518676758, -1.0
vb0[1197]+040 BLENDWEIGHTS: 1.0, 0.0, 0.0, 0.0
vb0[1197]+056 BLENDINDICES: 0, 0, 0, 0
vb0[1197]+072 COLOR: 1.0, 0.5019607843137255, 0.5019607843137255, 0.0
vb0[1197]+076 TEXCOORD: 0.22349309921264648, 0.47390100359916687

vb0[1198]+000 POSITION: 0.029253078624606133, 1.9512419700622559, 0.08653165400028229
vb0[1198]+012 NORMAL: 0.555533230304718, 0.6535993218421936, 0.5139948725700378
vb0[1198]+024 TANGENT: 0.8934695720672607, 0.30455878376960754, -0.3300849199295044, -1.0
vb0[1198]+040 BLENDWEIGHTS: 1.0, 0.0, 0.0, 0.0
vb0[1198]+056 BLENDINDICES: 0, 0, 0, 0
vb0[1198]+072 COLOR: 1.0, 0.5019607843137255, 0.5019607843137255, 0.5019607843137255
vb0[1198]+076 TEXCOORD: 0.22107410430908203, 0.4627990126609802

vb0[1199]+000 POSITION: 0.02735109068453312, 1.9524669647216797, 0.08318363130092621
vb0[1199]+012 NORMAL: 0.5158578753471375, 0.7063775062561035, 0.48468703031539917
vb0[1199]+024 TANGENT: 0.8558348417282104, 0.3754679262638092, -0.35576769709587097, -1.0
vb0[1199]+040 BLENDWEIGHTS: 1.0, 0.0, 0.0, 0.0
vb0[1199]+056 BLENDINDICES: 0, 0, 0, 0
vb0[1199]+072 COLOR: 1.0, 0.5019607843137255, 0.5019607843137255, 0.0
vb0[1199]+076 TEXCOORD: 0.2175130844116211, 0.4662710130214691

vb0[1200]+000 POSITION: 0.0274934284389019, 1.9470820426940918, 0.08128568530082703
vb0[1200]+012 NORMAL: 0.5961952209472656, 0.6045039296150208, 0.5283240079879761
vb0[1200]+024 TANGENT: 0.9333049058914185, 0.05049920454621315, -0.35551634430885315, -1.0
vb0[1200]+040 BLENDWEIGHTS: 1.0, 0.0, 0.0, 0.0
vb0[1200]+056 BLENDINDICES: 0, 0, 0, 0
vb0[1200]+072 COLOR: 1.0, 0.5019607843137255, 0.5019607843137255, 0.0
vb0[1200]+076 TEXCOORD: 0.21302199363708496, 0.4605419933795929

vb0[1201]+000 POSITION: 0.03162267804145813, 1.9510658979415894, 0.09533718228340149
vb0[1201]+012 NORMAL: 0.4331965446472168, 0.6686065196990967, 0.6044056415557861
vb0[1201]+024 TANGENT: 0.8285189867019653, 0.5086413621902466, 0.23418007791042328, -1.0
vb0[1201]+040 BLENDWEIGHTS: 1.0, 0.0, 0.0, 0.0
vb0[1201]+056 BLENDINDICES: 0, 0, 0, 0
vb0[1201]+072 COLOR: 1.0, 0.5019607843137255, 0.5019607843137255, 0.5019607843137255
vb0[1201]+076 TEXCOORD: 0.23062801361083984, 0.4580869972705841

vb0[1202]+000 POSITION: 0.028946369886398315, 1.9521859884262085, 0.09742672741413116
vb0[1202]+012 NORMAL: 0.2600606679916382, 0.6970840096473694, 0.6681633591651917
vb0[1202]+024 TANGENT: 0.41572049260139465, 0.7346278429031372, 0.5361888408660889, -1.0
vb0[1202]+040 BLENDWEIGHTS: 1.0, 0.0, 0.0, 0.0
vb0[1202]+056 BLENDINDICES: 0, 0, 0, 0
vb0[1202]+072 COLOR: 1.0, 0.5019607843137255, 0.5019607843137255, 0.5019607843137255
vb0[1202]+076 TEXCOORD: 0.23393702507019043, 0.46004998683929443

vb0[1203]+000 POSITION: 0.025389818474650383, 1.951807975769043, 0.09901613742113113
vb0[1203]+012 NORMAL: 0.17807497084140778, 0.6681442856788635, 0.7224074006080627
vb0[1203]+024 TANGENT: 0.15998435020446777, 0.716107964515686, 0.6794074177742004, -1.0
vb0[1203]+040 BLENDWEIGHTS: 1.0, 0.0, 0.0, 0.0
vb0[1203]+056 BLENDINDICES: 0, 0, 0, 0
vb0[1203]+072 COLOR: 1.0, 0.5019607843137255, 0.5019607843137255, 0.5019607843137255
vb0[1203]+076 TEXCOORD: 0.23756790161132812, 0.46230900287628174

vb0[1204]+000 POSITION: 0.02122046984732151, 1.9544639587402344, 0.09293879568576813
vb0[1204]+012 NORMAL: 0.13116128742694855, 0.7517403364181519, 0.6462841629981995
vb0[1204]+024 TANGENT: 0.02441740222275257, 0.9438004493713379, 0.32961249351501465, -1.0
vb0[1204]+040 BLENDWEIGHTS: 1.0, 0.0, 0.0, 0.0
vb0[1204]+056 BLENDINDICES: 0, 0, 0, 0
vb0[1204]+072 COLOR: 1.0, 0.5019607843137255, 0.5019607843137255, 0.5019607843137255
vb0[1204]+076 TEXCOORD: 0.2326068878173828, 0.47057101130485535

vb0[1205]+000 POSITION: 0.029429398477077484, 1.9496068954467773, 0.09848816692829132
vb0[1205]+012 NORMAL: 0.31481337547302246, 0.5327412486076355, 0.7855439782142639
vb0[1205]+024 TANGENT: 0.5205146074295044, -0.07227253168821335, 0.8507885932922363, -1.0
vb0[1205]+040 BLENDWEIGHTS: 1.0, 0.0, 0.0, 0.0
vb0[1205]+056 BLENDINDICES: 0, 0, 0, 0
vb0[1205]+072 COLOR: 1.0, 0.5019607843137255, 0.5019607843137255, 0.5019607843137255
vb0[1205]+076 TEXCOORD: 0.23559093475341797, 0.4570170044898987

vb0[1206]+000 POSITION: 0.02639954909682274, 1.949143886566162, 0.09987963736057281
vb0[1206]+012 NORMAL: 0.22863554954528809, 0.5246384739875793, 0.8200488686561584
vb0[1206]+024 TANGENT: 0.40752407908439636, -0.16405896842479706, 0.8983365893363953, -1.0
vb0[1206]+040 BLENDWEIGHTS: 1.0, 0.0, 0.0, 0.0
vb0[1206]+056 BLENDINDICES: 0, 0, 0, 0
vb0[1206]+072 COLOR: 1.0, 0.5019607843137255, 0.5019607843137255, 0.5019607843137255
vb0[1206]+076 TEXCOORD: 0.23947501182556152, 0.45925700664520264

vb0[1207]+000 POSITION: 0.03223055973649025, 1.9486109018325806, 0.09327079355716705
vb0[1207]+012 NORMAL: 0.5884382128715515, 0.5476001501083374, 0.5948735475540161
vb0[1207]+024 TANGENT: 0.9957910776138306, 0.07208681106567383, -0.056600332260131836, -1.0
vb0[1207]+040 BLENDWEIGHTS: 1.0, 0.0, 0.0, 0.0
vb0[1207]+056 BLENDINDICES: 0, 0, 0, 0
vb0[1207]+072 COLOR: 1.0, 0.5019607843137255, 0.5019607843137255, 0.5019607843137255
vb0[1207]+076 TEXCOORD: 0.22776508331298828, 0.4562079906463623

vb0[1208]+000 POSITION: 0.02786915935575962, 1.944012999534607, 0.08217363059520721
vb0[1208]+012 NORMAL: 0.6080834269523621, 0.5800402760505676, 0.5420219898223877
vb0[1208]+024 TANGENT: 0.934379518032074, 0.009017824195325375, -0.35616499185562134, -1.0
vb0[1208]+040 BLENDWEIGHTS: 1.0, 0.0, 0.0, 0.0
vb0[1208]+056 BLENDINDICES: 0, 0, 0, 0
vb0[1208]+072 COLOR: 1.0, 0.5019607843137255, 0.5019607843137255, 0.5019607843137255
vb0[1208]+076 TEXCOORD: 0.21272802352905273, 0.4568130075931549

vb0[1209]+000 POSITION: 0.031071459874510765, 1.9488459825515747, 0.09705616533756256
vb0[1209]+012 NORMAL: 0.45646390318870544, 0.4947327673435211, 0.7395134568214417
vb0[1209]+024 TANGENT: 0.7138994932174683, -0.18584708869457245, 0.6751358509063721, -1.0
vb0[1209]+040 BLENDWEIGHTS: 1.0, 0.0, 0.0, 0.0
vb0[1209]+056 BLENDINDICES: 0, 0, 0, 0
vb0[1209]+072 COLOR: 1.0, 0.5019607843137255, 0.5019607843137255, 0.5019607843137255
vb0[1209]+076 TEXCOORD: 0.23276901245117188, 0.4553920030593872

vb0[1210]+000 POSITION: 0.03152228891849518, 1.9469349384307861, 0.09522774815559387
vb0[1210]+012 NORMAL: 0.5731409192085266, 0.40573012828826904, 0.7119638919830322
vb0[1210]+024 TANGENT: 0.7564757466316223, -0.42511996626853943, 0.4970085918903351, -1.0
vb0[1210]+040 BLENDWEIGHTS: 1.0, 0.0, 0.0, 0.0
vb0[1210]+056 BLENDINDICES: 0, 0, 0, 0
vb0[1210]+072 COLOR: 1.0, 0.5019607843137255, 0.5019607843137255, 0.5019607843137255
vb0[1210]+076 TEXCOORD: 0.22953295707702637, 0.45352399349212646

vb0[1211]+000 POSITION: 0.03041897900402546, 1.941506028175354, 0.08834583312273026
vb0[1211]+012 NORMAL: 0.6254305243492126, 0.46032899618148804, 0.6300269365310669
vb0[1211]+024 TANGENT: 0.9667746424674988, -0.19644588232040405, -0.16357196867465973, -1.0
vb0[1211]+040 BLENDWEIGHTS: 1.0, 0.0, 0.0, 0.0
vb0[1211]+056 BLENDINDICES: 0, 0, 0, 0
vb0[1211]+072 COLOR: 1.0, 0.5019607843137255, 0.5019607843137255, 0.5019607843137255
vb0[1211]+076 TEXCOORD: 0.2190840244293213, 0.45124301314353943

vb0[1212]+000 POSITION: 0.029795000329613686, 1.9401819705963135, 0.09068626165390015
vb0[1212]+012 NORMAL: 0.5905346274375916, 0.36404114961624146, 0.7202380299568176
vb0[1212]+024 TANGENT: 0.6834937334060669, -0.5535107851028442, 0.47588035464286804, -1.0
vb0[1212]+040 BLENDWEIGHTS: 1.0, 0.0, 0.0, 0.0
vb0[1212]+056 BLENDINDICES: 0, 0, 0, 0
vb0[1212]+072 COLOR: 1.0, 0.5019607843137255, 0.5019607843137255, 0.4
vb0[1212]+076 TEXCOORD: 0.22091007232666016, 0.44854700565338135

vb0[1213]+000 POSITION: 0.020749207586050034, 1.9503669738769531, 0.10078345239162445
vb0[1213]+012 NORMAL: 0.11732061952352524, 0.6008362174034119, 0.7907159328460693
vb0[1213]+024 TANGENT: 0.032242778688669205, 0.629092276096344, 0.7766616940498352, -1.0
vb0[1213]+040 BLENDWEIGHTS: 1.0, 0.0, 0.0, 0.0
vb0[1213]+056 BLENDINDICES: 0, 0, 0, 0
vb0[1213]+072 COLOR: 1.0, 0.5019607843137255, 0.5019607843137255, 0.5019607843137255
vb0[1213]+076 TEXCOORD: 0.24249887466430664, 0.4655100107192993

vb0[1214]+000 POSITION: 0.022242488339543343, 1.9476079940795898, 0.10161682218313217
vb0[1214]+012 NORMAL: 0.16877618432044983, 0.5036725401878357, 0.8472477197647095
vb0[1214]+024 TANGENT: 0.4014896750450134, -0.5809553861618042, 0.708023190498352, -1.0
vb0[1214]+040 BLENDWEIGHTS: 1.0, 0.0, 0.0, 0.0
vb0[1214]+056 BLENDINDICES: 0, 0, 0, 0
vb0[1214]+072 COLOR: 1.0, 0.5019607843137255, 0.5019607843137255, 0.5019607843137255
vb0[1214]+076 TEXCOORD: 0.24463891983032227, 0.4622330069541931

vb0[1215]+000 POSITION: 0.014599489979445934, 1.943424940109253, 0.10391465574502945
vb0[1215]+012 NORMAL: 0.11048556864261627, 0.46888697147369385, 0.8763206005096436
vb0[1215]+024 TANGENT: 0.5439544320106506, -0.5812066793441772, 0.6052374839782715, -1.0
vb0[1215]+040 BLENDWEIGHTS: 1.0, 0.0, 0.0, 0.0
vb0[1215]+056 BLENDINDICES: 0, 0, 0, 0
vb0[1215]+072 COLOR: 1.0, 0.5019607843137255, 0.5019607843137255, 0.5019607843137255
vb0[1215]+076 TEXCOORD: 0.254040002822876, 0.4676539897918701

vb0[1216]+000 POSITION: 0.012655949220061302, 1.9462229013442993, 0.10325391590595245
vb0[1216]+012 NORMAL: 0.055749282240867615, 0.5496867299079895, 0.8335086107254028
vb0[1216]+024 TANGENT: -0.039180152118206024, 0.5099604725837708, 0.8593050241470337, -1.0
vb0[1216]+040 BLENDWEIGHTS: 1.0, 0.0, 0.0, 0.0
vb0[1216]+056 BLENDINDICES: 0, 0, 0, 0
vb0[1216]+072 COLOR: 1.0, 0.5019607843137255, 0.5019607843137255, 0.5019607843137255
vb0[1216]+076 TEXCOORD: 0.251802921295166, 0.4711869955062866

vb0[1217]+000 POSITION: 0.008800470270216465, 1.9501769542694092, 0.09831428527832031
vb0[1217]+012 NORMAL: 0.0007080300711095333, 0.6647855043411255, 0.7470338940620422
vb0[1217]+024 TANGENT: -0.1633998155593872, 0.7816753387451172, 0.601900577545166, -1.0
vb0[1217]+040 BLENDWEIGHTS: 1.0, 0.0, 0.0, 0.0
vb0[1217]+056 BLENDINDICES: 0, 0, 0, 0
vb0[1217]+072 COLOR: 1.0, 0.5019607843137255, 0.5019607843137255, 0.5019607843137255
vb0[1217]+076 TEXCOORD: 0.2467498779296875, 0.47876599431037903

vb0[1218]+000 POSITION: 0.006382949650287628, 1.9374518394470215, 0.10614044964313507
vb0[1218]+012 NORMAL: 0.05874034762382507, 0.4266035556793213, 0.9025291800498962
vb0[1218]+024 TANGENT: 0.5830105543136597, -0.597856342792511, 0.5501512289047241, -1.0
vb0[1218]+040 BLENDWEIGHTS: 1.0, 0.0, 0.0, 0.0
vb0[1218]+056 BLENDINDICES: 0, 0, 0, 0
vb0[1218]+072 COLOR: 1.0, 0.5019607843137255, 0.5019607843137255, 0.5019607843137255
vb0[1218]+076 TEXCOORD: 0.2649078369140625, 0.47391998767852783

vb0[1219]+000 POSITION: 0.003969640005379915, 1.939937949180603, 0.10574594140052795
vb0[1219]+012 NORMAL: 0.003949029371142387, 0.48870334029197693, 0.8724410533905029
vb0[1219]+024 TANGENT: -0.04737567901611328, 0.40583536028862, 0.9127174615859985, -1.0
vb0[1219]+040 BLENDWEIGHTS: 1.0, 0.0, 0.0, 0.0
vb0[1219]+056 BLENDINDICES: 0, 0, 0, 0
vb0[1219]+072 COLOR: 1.0, 0.5019607843137255, 0.5019607843137255, 0.5019607843137255
vb0[1219]+076 TEXCOORD: 0.26305198669433594, 0.4775870144367218

vb0[1220]+000 POSITION: -0.0006327027222141623, 1.944474697113037, 0.10167180001735687
vb0[1220]+012 NORMAL: -0.07332203537225723, 0.5978070497512817, 0.7982797622680664
vb0[1220]+024 TANGENT: -0.21121886372566223, 0.6545674204826355, 0.7258982062339783, -1.0
vb0[1220]+040 BLENDWEIGHTS: 1.0, 0.0, 0.0, 0.0
vb0[1220]+056 BLENDINDICES: 0, 0, 0, 0
vb0[1220]+072 COLOR: 1.0, 0.5019607843137255, 0.5019607843137255, 0.5019607843137255
vb0[1220]+076 TEXCOORD: 0.25777149200439453, 0.48590925335884094

vb0[1221]+000 POSITION: -0.0038645295426249504, 1.9478814601898193, 0.09706294536590576
vb0[1221]+012 NORMAL: -0.0870589092373848, 0.6228646636009216, 0.7774704694747925
vb0[1221]+024 TANGENT: -0.1844702959060669, 0.6726970672607422, 0.716553807258606, -1.0
vb0[1221]+040 BLENDWEIGHTS: 1.0, 0.0, 0.0, 0.0
vb0[1221]+056 BLENDINDICES: 0, 0, 0, 0
vb0[1221]+072 COLOR: 1.0, 0.5019607843137255, 0.5019607843137255, 0.5019607843137255
vb0[1221]+076 TEXCOORD: 0.25310707092285156, 0.4924199879169464

vb0[1222]+000 POSITION: 0.006020619533956051, 1.9530168771743774, 0.09292379021644592
vb0[1222]+012 NORMAL: -0.005351223051548004, 0.703369140625, 0.7108045816421509
vb0[1222]+024 TANGENT: -0.11867178231477737, 0.8389196991920471, 0.5311598777770996, -1.0
vb0[1222]+040 BLENDWEIGHTS: 1.0, 0.0, 0.0, 0.0
vb0[1222]+056 BLENDINDICES: 0, 0, 0, 0
vb0[1222]+072 COLOR: 1.0, 0.5019607843137255, 0.5019607843137255, 0.5019607843137255
vb0[1222]+076 TEXCOORD: 0.24161911010742188, 0.4852310121059418

vb0[1223]+000 POSITION: 0.012666629627346992, 1.9549078941345215, 0.09047137200832367
vb0[1223]+012 NORMAL: 0.04717407003045082, 0.7466997504234314, 0.6634863018989563
vb0[1223]+024 TANGENT: -0.07039904594421387, 0.9161491394042969, 0.39460691809654236, -1.0
vb0[1223]+040 BLENDWEIGHTS: 1.0, 0.0, 0.0, 0.0
vb0[1223]+056 BLENDINDICES: 0, 0, 0, 0
vb0[1223]+072 COLOR: 1.0, 0.5019607843137255, 0.5019607843137255, 0.5019607843137255
vb0[1223]+076 TEXCOORD: 0.2344520092010498, 0.4807499945163727

vb0[1224]+000 POSITION: 0.007062690332531929, 1.9555519819259644, 0.08818479627370834
vb0[1224]+012 NORMAL: 0.02197606861591339, 0.7341704964637756, 0.6786094307899475
vb0[1224]+024 TANGENT: -0.07322549819946289, 0.8821661472320557, 0.4652106463909149, -1.0
vb0[1224]+040 BLENDWEIGHTS: 1.0, 0.0, 0.0, 0.0
vb0[1224]+056 BLENDINDICES: 0, 0, 0, 0
vb0[1224]+072 COLOR: 1.0, 0.5019607843137255, 0.5019607843137255, 0.0
vb0[1224]+076 TEXCOORD: 0.23471593856811523, 0.4882189929485321

vb0[1225]+000 POSITION: 0.016340408474206924, 1.9532679319381714, 0.0953315794467926
vb0[1225]+012 NORMAL: 0.06723413616418839, 0.7204731702804565, 0.6902159452438354
vb0[1225]+024 TANGENT: -0.08598244190216064, 0.8888918161392212, 0.44997596740722656, -1.0
vb0[1225]+040 BLENDWEIGHTS: 1.0, 0.0, 0.0, 0.0
vb0[1225]+056 BLENDINDICES: 0, 0, 0, 0
vb0[1225]+072 COLOR: 1.0, 0.5019607843137255, 0.5019607843137255, 0.5019607843137255
vb0[1225]+076 TEXCOORD: 0.23813104629516602, 0.4737670123577118

vb0[1226]+000 POSITION: -0.005681340117007494, 1.953805923461914, 0.0899188369512558
vb0[1226]+012 NORMAL: -0.07996682077646255, 0.7058053612709045, 0.703877866268158
vb0[1226]+024 TANGENT: -0.1539982408285141, 0.8128835558891296, 0.5616981387138367, -1.0
vb0[1226]+040 BLENDWEIGHTS: 1.0, 0.0, 0.0, 0.0
vb0[1226]+056 BLENDINDICES: 0, 0, 0, 0
vb0[1226]+072 COLOR: 1.0, 0.5019607843137255, 0.5019607843137255, 0.0
vb0[1226]+076 TEXCOORD: 0.24384403228759766, 0.49986299872398376

vb0[1227]+000 POSITION: -0.004935009870678186, 1.95027494430542, 0.09486589580774307
vb0[1227]+012 NORMAL: -0.07677645236253738, 0.6564855575561523, 0.7504212260246277
vb0[1227]+024 TANGENT: -0.1381983906030655, 0.7213866114616394, 0.67860347032547, -1.0
vb0[1227]+040 BLENDWEIGHTS: 1.0, 0.0, 0.0, 0.0
vb0[1227]+056 BLENDINDICES: 0, 0, 0, 0
vb0[1227]+072 COLOR: 1.0, 0.5019607843137255, 0.5019607843137255, 0.5019607843137255
vb0[1227]+076 TEXCOORD: 0.25000905990600586, 0.4953469932079315

vb0[1228]+000 POSITION: -0.015884634107351303, 1.9467146396636963, 0.09512686729431152
vb0[1228]+012 NORMAL: -0.18022261559963226, 0.6047843098640442, 0.7757291793823242
vb0[1228]+024 TANGENT: -0.2771260738372803, 0.6395321488380432, 0.7170771956443787, -1.0
vb0[1228]+040 BLENDWEIGHTS: 1.0, 0.0, 0.0, 0.0
vb0[1228]+056 BLENDINDICES: 0, 0, 0, 0
vb0[1228]+072 COLOR: 1.0, 0.5019607843137255, 0.5019607843137255, 0.5019607843137255
vb0[1228]+076 TEXCOORD: 0.25837182998657227, 0.5055620074272156

vb0[1229]+000 POSITION: -0.012768576852977276, 1.9417955875396729, 0.09918796271085739
vb0[1229]+012 NORMAL: -0.16613851487636566, 0.5596661567687988, 0.811893880367279
vb0[1229]+024 TANGENT: -0.29960310459136963, 0.5798446536064148, 0.7576398849487305, -1.0
vb0[1229]+040 BLENDWEIGHTS: 1.0, 0.0, 0.0, 0.0
vb0[1229]+056 BLENDINDICES: 0, 0, 0, 0
vb0[1229]+072 COLOR: 1.0, 0.5019607843137255, 0.5019607843137255, 0.4
vb0[1229]+076 TEXCOORD: 0.26398611068725586, 0.49923500418663025

vb0[1230]+000 POSITION: -0.009312263689935207, 1.938010334968567, 0.10422798991203308
vb0[1230]+012 NORMAL: -0.1468001753091812, 0.5344774723052979, 0.8323361873626709
vb0[1230]+024 TANGENT: -0.2768207788467407, 0.5662829279899597, 0.7763335704803467, -1.0
vb0[1230]+040 BLENDWEIGHTS: 1.0, 0.0, 0.0, 0.0
vb0[1230]+056 BLENDINDICES: 0, 0, 0, 0
vb0[1230]+072 COLOR: 1.0, 0.5019607843137255, 0.5019607843137255, 0.5019607843137255
vb0[1230]+076 TEXCOORD: 0.26892852783203125, 0.49243757128715515

vb0[1231]+000 POSITION: -0.025119295343756676, 1.942726969718933, 0.09419059753417969
vb0[1231]+012 NORMAL: -0.2625673711299896, 0.5631425976753235, 0.7835360169410706
vb0[1231]+024 TANGENT: -0.37574493885040283, 0.5807931423187256, 0.7221461534500122, -1.0
vb0[1231]+040 BLENDWEIGHTS: 1.0, 0.0, 0.0, 0.0
vb0[1231]+056 BLENDINDICES: 0, 0, 0, 0
vb0[1231]+072 COLOR: 1.0, 0.5019607843137255, 0.5019607843137255, 0.5019607843137255
vb0[1231]+076 TEXCOORD: 0.2656078338623047, 0.5145559906959534

vb0[1232]+000 POSITION: -0.02071690745651722, 1.9347742795944214, 0.10020759701728821
vb0[1232]+012 NORMAL: -0.24528171122074127, 0.5060321092605591, 0.8269028663635254
vb0[1232]+024 TANGENT: -0.40507984161376953, 0.5151325464248657, 0.7553467750549316, -1.0
vb0[1232]+040 BLENDWEIGHTS: 0.9980000257492065, 0.0020000000949949026, 0.0, 0.0
vb0[1232]+056 BLENDINDICES: 0, 4, 0, 0
vb0[1232]+072 COLOR: 1.0, 0.5019607843137255, 0.5019607843137255, 0.30196078431372547
vb0[1232]+076 TEXCOORD: 0.27452993392944336, 0.5058469772338867

vb0[1233]+000 POSITION: -0.030239121988415718, 1.9297044277191162, 0.09897766262292862
vb0[1233]+012 NORMAL: -0.2983764708042145, 0.4394954442977905, 0.8472398519515991
vb0[1233]+024 TANGENT: -0.356107234954834, 0.3220369517803192, 0.8771999478340149, -1.0
vb0[1233]+040 BLENDWEIGHTS: 0.9829999804496765, 0.017000000923871994, 0.0, 0.0
vb0[1233]+056 BLENDINDICES: 0, 4, 0, 0
vb0[1233]+072 COLOR: 1.0, 0.5019607843137255, 0.5019607843137255, 0.4
vb0[1233]+076 TEXCOORD: 0.28233909606933594, 0.5156639814376831

vb0[1234]+000 POSITION: -0.03407244756817818, 1.9379706382751465, 0.09258837252855301
vb0[1234]+012 NORMAL: -0.33874472975730896, 0.5254752039909363, 0.7804664373397827
vb0[1234]+024 TANGENT: -0.4495808184146881, 0.534299910068512, 0.7158218026161194, -1.0
vb0[1234]+040 BLENDWEIGHTS: 1.0, 0.0, 0.0, 0.0
vb0[1234]+056 BLENDINDICES: 0, 0, 0, 0
vb0[1234]+072 COLOR: 1.0, 0.5019607843137255, 0.5019607843137255, 0.5019607843137255
vb0[1234]+076 TEXCOORD: 0.273082971572876, 0.5236610174179077

vb0[1235]+000 POSITION: -0.038753483444452286, 1.924401044845581, 0.09677793085575104
vb0[1235]+012 NORMAL: -0.3781976103782654, 0.37734344601631165, 0.8453273773193359
vb0[1235]+024 TANGENT: -0.4604324996471405, 0.24768172204494476, 0.8524409532546997, -1.0
vb0[1235]+040 BLENDWEIGHTS: 0.9900000095367432, 0.009999999776482582, 0.0, 0.0
vb0[1235]+056 BLENDINDICES: 0, 4, 0, 0
vb0[1235]+072 COLOR: 1.0, 0.5019607843137255, 0.5019607843137255, 0.5019607843137255
vb0[1235]+076 TEXCOORD: 0.28961610794067383, 0.5249559879302979

vb0[1236]+000 POSITION: -0.042842037975788116, 1.9329862594604492, 0.0900677740573883
vb0[1236]+012 NORMAL: -0.4229804575443268, 0.48325875401496887, 0.7665170431137085
vb0[1236]+024 TANGENT: -0.5390384793281555, 0.47737303376197815, 0.6939399242401123, -1.0
vb0[1236]+040 BLENDWEIGHTS: 1.0, 0.0, 0.0, 0.0
vb0[1236]+056 BLENDINDICES: 0, 0, 0, 0
vb0[1236]+072 COLOR: 1.0, 0.5019607843137255, 0.5019607843137255, 0.5019607843137255
vb0[1236]+076 TEXCOORD: 0.28019189834594727, 0.5332120060920715

vb0[1237]+000 POSITION: -0.016668278723955154, 1.9314641952514648, 0.10592058300971985
vb0[1237]+012 NORMAL: -0.21279895305633545, 0.4845913052558899, 0.8484621047973633
vb0[1237]+024 TANGENT: -0.3507411479949951, 0.501192569732666, 0.7910668253898621, -1.0
vb0[1237]+040 BLENDWEIGHTS: 0.9629999995231628, 0.03700000047683716, 0.0, 0.0
vb0[1237]+056 BLENDINDICES: 0, 4, 0, 0
vb0[1237]+072 COLOR: 1.0, 0.5019607843137255, 0.5019607843137255, 0.4
vb0[1237]+076 TEXCOORD: 0.27906596660614014, 0.4981873035430908

vb0[1238]+000 POSITION: -0.023213306441903114, 1.924681544303894, 0.10726786404848099
vb0[1238]+012 NORMAL: -0.2627820074558258, 0.4148941934108734, 0.871096134185791
vb0[1238]+024 TANGENT: -0.4158114492893219, 0.43015748262405396, 0.8012898564338684, -1.0
vb0[1238]+040 BLENDWEIGHTS: 0.8949999809265137, 0.10499999672174454, 0.0, 0.0
vb0[1238]+056 BLENDINDICES: 0, 4, 0, 0
vb0[1238]+072 COLOR: 1.0, 0.5019607843137255, 0.5019607843137255, 0.4
vb0[1238]+076 TEXCOORD: 0.2888134717941284, 0.5033624172210693

vb0[1239]+000 POSITION: -0.028219763189554214, 1.926628828048706, 0.10029210150241852
vb0[1239]+012 NORMAL: -0.3626859188079834, 0.4805666208267212, 0.7984451055526733
vb0[1239]+024 TANGENT: -0.46573033928871155, 0.39102593064308167, 0.7938476800918579, -1.0
vb0[1239]+040 BLENDWEIGHTS: 0.9440000057220459, 0.0560000017285347, 0.0, 0.0
vb0[1239]+056 BLENDINDICES: 0, 4, 0, 0
vb0[1239]+072 COLOR: 1.0, 0.5019607843137255, 0.5019607843137255, 0.2
vb0[1239]+076 TEXCOORD: 0.2854938507080078, 0.5127320289611816

vb0[1240]+000 POSITION: -0.029645342379808426, 1.9168109893798828, 0.1079007089138031
vb0[1240]+012 NORMAL: -0.3146553337574005, 0.358641654253006, 0.8788447976112366
vb0[1240]+024 TANGENT: -0.4883008301258087, 0.37848177552223206, 0.7863293886184692, -1.0
vb0[1240]+040 BLENDWEIGHTS: 0.777999997138977, 0.22200000286102295, 0.0, 0.0
vb0[1240]+056 BLENDINDICES: 0, 4, 0, 0
vb0[1240]+072 COLOR: 1.0, 0.5019607843137255, 0.5019607843137255, 0.4
vb0[1240]+076 TEXCOORD: 0.2992548942565918, 0.5089430212974548

vb0[1241]+000 POSITION: -0.03418081998825073, 1.9190287590026855, 0.0997503474354744
vb0[1241]+012 NORMAL: -0.43474081158638, 0.43311601877212524, 0.789563775062561
vb0[1241]+024 TANGENT: -0.3147937059402466, -0.4247105121612549, 0.8488379716873169, -1.0
vb0[1241]+040 BLENDWEIGHTS: 0.9169999957084656, 0.08299999684095383, 0.0, 0.0
vb0[1241]+056 BLENDINDICES: 0, 4, 0, 0
vb0[1241]+072 COLOR: 1.0, 0.5019607843137255, 0.5019607843137255, 0.0
vb0[1241]+076 TEXCOORD: 0.29491090774536133, 0.5186539888381958

vb0[1242]+000 POSITION: -0.02090548537671566, 1.9107367992401123, 0.11113163083791733
vb0[1242]+012 NORMAL: -0.18295013904571533, 0.2725663483142853, 0.9445828795433044
vb0[1242]+024 TANGENT: 0.7186201810836792, -0.47896718978881836, 0.504158079624176, -1.0
vb0[1242]+040 BLENDWEIGHTS: 0.7739999890327454, 0.22599999606609344, 0.0, 0.0
vb0[1242]+056 BLENDINDICES: 0, 4, 0, 0
vb0[1242]+072 COLOR: 1.0, 0.5019607843137255, 0.5019607843137255, 0.5019607843137255
vb0[1242]+076 TEXCOORD: 0.30490434169769287, 0.4978846311569214

vb0[1243]+000 POSITION: -0.014823049306869507, 1.9181863069534302, 0.11074912548065186
vb0[1243]+012 NORMAL: -0.14142148196697235, 0.3211892247200012, 0.9363960027694702
vb0[1243]+024 TANGENT: 0.6384255886077881, -0.5834492444992065, 0.5019958019256592, -1.0
vb0[1243]+040 BLENDWEIGHTS: 0.8889999985694885, 0.11100000143051147, 0.0, 0.0
vb0[1243]+056 BLENDINDICES: 0, 4, 0, 0
vb0[1243]+072 COLOR: 1.0, 0.5019607843137255, 0.5019607843137255, 0.5019607843137255
vb0[1243]+076 TEXCOORD: 0.29480135440826416, 0.492314875125885

vb0[1244]+000 POSITION: -0.009867405518889427, 1.9264806509017944, 0.10949775576591492
vb0[1244]+012 NORMAL: -0.09824642539024353, 0.3812131881713867, 0.9192519783973694
vb0[1244]+024 TANGENT: -0.09193015843629837, 0.2589612305164337, 0.9615030288696289, -1.0
vb0[1244]+040 BLENDWEIGHTS: 0.9539999961853027, 0.04600000008940697, 0.0, 0.0
vb0[1244]+056 BLENDINDICES: 0, 4, 0, 0
vb0[1244]+072 COLOR: 1.0, 0.5019607843137255, 0.5019607843137255, 0.5019607843137255
vb0[1244]+076 TEXCOORD: 0.28359711170196533, 0.48856210708618164

vb0[1245]+000 POSITION: -0.003736132523044944, 1.933663010597229, 0.1079079806804657
vb0[1245]+012 NORMAL: -0.04813671112060547, 0.43661072850227356, 0.8983618021011353
vb0[1245]+024 TANGENT: -0.06989587098360062, 0.3468973934650421, 0.935295045375824, -1.0
vb0[1245]+040 BLENDWEIGHTS: 1.0, 0.0, 0.0, 0.0
vb0[1245]+056 BLENDINDICES: 0, 0, 0, 0
vb0[1245]+072 COLOR: 1.0, 0.5019607843137255, 0.5019607843137255, 0.5019607843137255
vb0[1245]+076 TEXCOORD: 0.2731814384460449, 0.48390477895736694

vb0[1246]+000 POSITION: -0.03384591266512871, 1.9104180335998535, 0.108298659324646
vb0[1246]+012 NORMAL: -0.35492682456970215, 0.31007546186447144, 0.8819751143455505
vb0[1246]+024 TANGENT: -0.5404620170593262, 0.3307042121887207, 0.7736507654190063, -1.0
vb0[1246]+040 BLENDWEIGHTS: 0.6710000038146973, 0.32899999618530273, 0.0, 0.0
vb0[1246]+056 BLENDINDICES: 0, 4, 0, 0
vb0[1246]+072 COLOR: 1.0, 0.5019607843137255, 0.5019607843137255, 0.4
vb0[1246]+076 TEXCOORD: 0.30710601806640625, 0.5127879977226257

vb0[1247]+000 POSITION: -0.03778906911611557, 1.9118369817733765, 0.10035556554794312
vb0[1247]+012 NORMAL: -0.4820917546749115, 0.37753602862358093, 0.7906036376953125
vb0[1247]+024 TANGENT: -0.6972145438194275, 0.36240583658218384, -0.6185093522071838, -1.0
vb0[1247]+040 BLENDWEIGHTS: 0.7770000100135803, 0.22300000488758087, 0.0, 0.0
vb0[1247]+056 BLENDINDICES: 0, 4, 0, 0
vb0[1247]+072 COLOR: 1.0, 0.5019607843137255, 0.5019607843137255, 0.30196078431372547
vb0[1247]+076 TEXCOORD: 0.3031790256500244, 0.5221099853515625

vb0[1248]+000 POSITION: -0.025163225829601288, 1.9047966003417969, 0.11124199628829956
vb0[1248]+012 NORMAL: -0.208085298538208, 0.22898471355438232, 0.9509292244911194
vb0[1248]+024 TANGENT: 0.7669432163238525, -0.3433859050273895, 0.542110800743103, -1.0
vb0[1248]+040 BLENDWEIGHTS: 0.675000011920929, 0.32499998807907104, 0.0, 0.0
vb0[1248]+056 BLENDINDICES: 0, 4, 0, 0
vb0[1248]+072 COLOR: 1.0, 0.5019607843137255, 0.5019607843137255, 0.5019607843137255
vb0[1248]+076 TEXCOORD: 0.3127760887145996, 0.5020535588264465

vb0[1249]+000 POSITION: -0.0018283555982634425, 1.9310227632522583, 0.10835674405097961
vb0[1249]+012 NORMAL: 0.006072188261896372, 0.3811030685901642, 0.9245125651359558
vb0[1249]+024 TANGENT: 0.5978843569755554, -0.610137403011322, 0.519871711730957, -1.0
vb0[1249]+040 BLENDWEIGHTS: 1.0, 0.0, 0.0, 0.0
vb0[1249]+056 BLENDINDICES: 0, 0, 0, 0
vb0[1249]+072 COLOR: 1.0, 0.5019607843137255, 0.5019607843137255, 0.5019607843137255
vb0[1249]+076 TEXCOORD: 0.2755115032196045, 0.481011301279068

vb0[1250]+000 POSITION: -0.008424779400229454, 1.9249259233474731, 0.10968951880931854
vb0[1250]+012 NORMAL: -0.03444429859519005, 0.33578935265541077, 0.9413071274757385
vb0[1250]+024 TANGENT: 0.6530558466911316, -0.6124300956726074, 0.4454743564128876, -1.0
vb0[1250]+040 BLENDWEIGHTS: 0.9610000252723694, 0.039000000804662704, 0.0, 0.0
vb0[1250]+056 BLENDINDICES: 0, 4, 0, 0
vb0[1250]+072 COLOR: 1.0, 0.5019607843137255, 0.5019607843137255, 0.5019607843137255
vb0[1250]+076 TEXCOORD: 0.2849104404449463, 0.4867357015609741

vb0[1251]+000 POSITION: -0.03736650571227074, 1.9036118984222412, 0.10858265310525894
vb0[1251]+012 NORMAL: -0.38685014843940735, 0.2649036645889282, 0.8832740187644958
vb0[1251]+024 TANGENT: -0.5605825185775757, 0.30131909251213074, 0.7713326215744019, -1.0
vb0[1251]+040 BLENDWEIGHTS: 0.5580000281333923, 0.44200000166893005, 0.0, 0.0
vb0[1251]+056 BLENDINDICES: 0, 4, 0, 0
vb0[1251]+072 COLOR: 1.0, 0.5019607843137255, 0.5019607843137255, 0.4
vb0[1251]+076 TEXCOORD: 0.31506800651550293, 0.516319990158081

vb0[1252]+000 POSITION: -0.040970329195261, 1.9046893119812012, 0.10102391242980957
vb0[1252]+012 NORMAL: -0.513255774974823, 0.3233528435230255, 0.7949914932250977
vb0[1252]+024 TANGENT: -0.7304845452308655, 0.33734068274497986, -0.5937958359718323, -1.0
vb0[1252]+040 BLENDWEIGHTS: 0.6470000147819519, 0.3529999852180481, 0.0, 0.0
vb0[1252]+056 BLENDINDICES: 0, 4, 0, 0
vb0[1252]+072 COLOR: 1.0, 0.5019607843137255, 0.5019607843137255, 0.4
vb0[1252]+076 TEXCOORD: 0.3113231658935547, 0.525422990322113

vb0[1253]+000 POSITION: -0.04403167963027954, 1.8974827527999878, 0.10196990519762039
vb0[1253]+012 NORMAL: -0.5412840843200684, 0.275260865688324, 0.7945080399513245
vb0[1253]+024 TANGENT: -0.7985376715660095, 0.27961841225624084, -0.5330583453178406, -1.0
vb0[1253]+040 BLENDWEIGHTS: 0.5199999809265137, 0.47999998927116394, 0.0, 0.0
vb0[1253]+056 BLENDINDICES: 0, 4, 0, 0
vb0[1253]+072 COLOR: 1.0, 0.5019607843137255, 0.5019607843137255, 0.5019607843137255
vb0[1253]+076 TEXCOORD: 0.31969499588012695, 0.5282729864120483

vb0[1254]+000 POSITION: -0.04056369140744209, 1.896665334701538, 0.10899626463651657
vb0[1254]+012 NORMAL: -0.40298283100128174, 0.21902108192443848, 0.8886139392852783
vb0[1254]+024 TANGENT: -0.5574493408203125, 0.2876373529434204, 0.7787907123565674, -1.0
vb0[1254]+040 BLENDWEIGHTS: 0.5490000247955322, 0.45100000500679016, 0.0, 0.0
vb0[1254]+056 BLENDINDICES: 4, 0, 0, 0
vb0[1254]+072 COLOR: 1.0, 0.5019607843137255, 0.5019607843137255, 0.4
vb0[1254]+076 TEXCOORD: 0.32309484481811523, 0.5197880268096924

vb0[1255]+000 POSITION: -0.032543886452913284, 1.892841100692749, 0.11113859713077545
vb0[1255]+012 NORMAL: -0.2500719726085663, 0.15449461340904236, 0.9558218717575073
vb0[1255]+024 TANGENT: 0.7327931523323059, -0.36540257930755615, 0.5740166306495667, -1.0
vb0[1255]+040 BLENDWEIGHTS: 0.5329999923706055, 0.46700000762939453, 0.0, 0.0
vb0[1255]+056 BLENDINDICES: 4, 0, 0, 0
vb0[1255]+072 COLOR: 1.0, 0.5019607843137255, 0.5019607843137255, 0.5019607843137255
vb0[1255]+076 TEXCOORD: 0.3277289867401123, 0.5102710127830505

vb0[1256]+000 POSITION: -0.028879940509796143, 1.898835301399231, 0.11119088530540466
vb0[1256]+012 NORMAL: -0.23497538268566132, 0.19002659618854523, 0.9532452821731567
vb0[1256]+024 TANGENT: 0.7496433258056641, -0.3515052795410156, 0.5607842206954956, -1.0
vb0[1256]+040 BLENDWEIGHTS: 0.5699999928474426, 0.4300000071525574, 0.0, 0.0
vb0[1256]+056 BLENDINDICES: 0, 4, 0, 0
vb0[1256]+072 COLOR: 1.0, 0.5019607843137255, 0.5019607843137255, 0.5019607843137255
vb0[1256]+076 TEXCOORD: 0.3203921318054199, 0.5060229897499084

vb0[1257]+000 POSITION: -0.04668297991156578, 1.8901499509811401, 0.10330994427204132
vb0[1257]+012 NORMAL: -0.5576788187026978, 0.21568988263607025, 0.801543653011322
vb0[1257]+024 TANGENT: -0.8580889701843262, 0.1931161880493164, -0.4758039712905884, -1.0
vb0[1257]+040 BLENDWEIGHTS: 0.6039999723434448, 0.3959999978542328, 0.0, 0.0
vb0[1257]+056 BLENDINDICES: 4, 0, 0, 0
vb0[1257]+072 COLOR: 1.0, 0.5019607843137255, 0.5019607843137255, 0.5019607843137255
vb0[1257]+076 TEXCOORD: 0.32819604873657227, 0.5307490229606628

vb0[1258]+000 POSITION: -0.04358961060643196, 1.889678716659546, 0.10941442847251892
vb0[1258]+012 NORMAL: -0.4191795885562897, 0.17711058259010315, 0.8904607892036438
vb0[1258]+024 TANGENT: -0.5626131296157837, 0.27881038188934326, 0.778287410736084, -1.0
vb0[1258]+040 BLENDWEIGHTS: 0.6499999761581421, 0.3499999940395355, 0.0, 0.0
vb0[1258]+056 BLENDINDICES: 4, 0, 0, 0
vb0[1258]+072 COLOR: 1.0, 0.5019607843137255, 0.5019607843137255, 0.30196078431372547
vb0[1258]+076 TEXCOORD: 0.3310708999633789, 0.5233650207519531

vb0[1259]+000 POSITION: -0.035980887711048126, 1.8866961002349854, 0.11118143051862717
vb0[1259]+012 NORMAL: -0.26191675662994385, 0.1192006841301918, 0.9577008485794067
vb0[1259]+024 TANGENT: 0.7446796894073486, -0.3562478721141815, 0.5643932223320007, -1.0
vb0[1259]+040 BLENDWEIGHTS: 0.6290000081062317, 0.3709999918937683, 0.0, 0.0
vb0[1259]+056 BLENDINDICES: 4, 0, 0, 0
vb0[1259]+072 COLOR: 1.0, 0.5019607843137255, 0.5019607843137255, 0.5019607843137255
vb0[1259]+076 TEXCOORD: 0.335050106048584, 0.5145090222358704

vb0[1260]+000 POSITION: -0.048717159777879715, 1.8826831579208374, 0.1051006093621254
vb0[1260]+012 NORMAL: -0.5673444271087646, 0.15397480130195618, 0.8089574575424194
vb0[1260]+024 TANGENT: -0.8985310792922974, 0.09327184408903122, -0.42888474464416504, -1.0
vb0[1260]+040 BLENDWEIGHTS: 0.7120000123977661, 0.2879999876022339, 0.0, 0.0
vb0[1260]+056 BLENDINDICES: 4, 0, 0, 0
vb0[1260]+072 COLOR: 1.0, 0.5019607843137255, 0.5019607843137255, 0.4
vb0[1260]+076 TEXCOORD: 0.33686208724975586, 0.5327249765396118

vb0[1261]+000 POSITION: -0.04585457593202591, 1.8824639320373535, 0.11030030250549316
vb0[1261]+012 NORMAL: -0.4309699535369873, 0.1313408762216568, 0.8927565813064575
vb0[1261]+024 TANGENT: -0.5452538728713989, 0.2723030149936676, 0.7928110361099243, -1.0
vb0[1261]+040 BLENDWEIGHTS: 0.7400000095367432, 0.25999999046325684, 0.0, 0.0
vb0[1261]+056 BLENDINDICES: 4, 0, 0, 0
vb0[1261]+072 COLOR: 1.0, 0.5019607843137255, 0.5019607843137255, 0.30196078431372547
vb0[1261]+076 TEXCOORD: 0.3393230438232422, 0.5263059735298157

vb0[1262]+000 POSITION: -0.03932919353246689, 1.880326747894287, 0.11167281866073608
vb0[1262]+012 NORMAL: -0.2776072025299072, 0.09242397546768188, 0.9562385082244873
vb0[1262]+024 TANGENT: 0.7624611258506775, -0.31518155336380005, 0.5650783777236938, -1.0
vb0[1262]+040 BLENDWEIGHTS: 0.7200000286102295, 0.2800000011920929, 0.0, 0.0
vb0[1262]+056 BLENDINDICES: 4, 0, 0, 0
vb0[1262]+072 COLOR: 1.0, 0.5019607843137255, 0.5019607843137255, 0.4
vb0[1262]+076 TEXCOORD: 0.342540979385376, 0.5188469886779785

vb0[1263]+000 POSITION: -0.05013730749487877, 1.8752089738845825, 0.10745659470558167
vb0[1263]+012 NORMAL: -0.5692338347434998, 0.10474897921085358, 0.8154756426811218
vb0[1263]+024 TANGENT: -0.9235925674438477, 0.004185199737548828, -0.3833526372909546, -1.0
vb0[1263]+040 BLENDWEIGHTS: 0.8019999861717224, 0.1979999989271164, 0.0, 0.0
vb0[1263]+056 BLENDINDICES: 4, 0, 0, 0
vb0[1263]+072 COLOR: 1.0, 0.5019607843137255, 0.5019607843137255, 0.4
vb0[1263]+076 TEXCOORD: 0.3456130027770996, 0.5342479944229126

vb0[1264]+000 POSITION: -0.04770522192120552, 1.8751870393753052, 0.11159879714250565
vb0[1264]+012 NORMAL: -0.4325336515903473, 0.0953737199306488, 0.8965592384338379
vb0[1264]+024 TANGENT: -0.5236060619354248, 0.2859450578689575, 0.8025410175323486, -1.0
vb0[1264]+040 BLENDWEIGHTS: 0.8190000057220459, 0.1809999942779541, 0.0, 0.0
vb0[1264]+056 BLENDINDICES: 4, 0, 0, 0
vb0[1264]+072 COLOR: 1.0, 0.5019607843137255, 0.5019607843137255, 0.30196078431372547
vb0[1264]+076 TEXCOORD: 0.3476700782775879, 0.5290899872779846

vb0[1265]+000 POSITION: -0.050808947533369064, 1.8687938451766968, 0.11015339940786362
vb0[1265]+012 NORMAL: -0.567674458026886, 0.06620775908231735, 0.8205865025520325
vb0[1265]+024 TANGENT: -0.9388130307197571, -0.09579665958881378, -0.33083704113960266, -1.0
vb0[1265]+040 BLENDWEIGHTS: 0.8650000095367432, 0.13500000536441803, 0.0, 0.0
vb0[1265]+056 BLENDINDICES: 4, 0, 0, 0
vb0[1265]+072 COLOR: 1.0, 0.5019607843137255, 0.5019607843137255, 0.30196078431372547
vb0[1265]+076 TEXCOORD: 0.35330915451049805, 0.5351499915122986

vb0[1266]+000 POSITION: -0.048995908349752426, 1.8689069747924805, 0.11314299702644348
vb0[1266]+012 NORMAL: -0.4281873404979706, 0.07372546195983887, 0.9006776213645935
vb0[1266]+024 TANGENT: -0.5082137584686279, 0.32555413246154785, 0.7973288297653198, -1.0
vb0[1266]+040 BLENDWEIGHTS: 0.878000020980835, 0.12200000137090683, 0.0, 0.0
vb0[1266]+056 BLENDINDICES: 4, 0, 0, 0
vb0[1266]+072 COLOR: 1.0, 0.5019607843137255, 0.5019607843137255, 0.30196078431372547
vb0[1266]+076 TEXCOORD: 0.3549160957336426, 0.5314649939537048

vb0[1267]+000 POSITION: -0.04487676918506622, 1.8684269189834595, 0.11355819553136826
vb0[1267]+012 NORMAL: -0.2824079096317291, 0.0550374872982502, 0.957714319229126
vb0[1267]+024 TANGENT: 0.8246899843215942, -0.22127215564250946, 0.5205045938491821, -1.0
vb0[1267]+040 BLENDWEIGHTS: 0.859000027179718, 0.14100000262260437, 0.0, 0.0
vb0[1267]+056 BLENDINDICES: 4, 0, 0, 0
vb0[1267]+072 COLOR: 1.0, 0.5019607843137255, 0.5019607843137255, 0.30196078431372547
vb0[1267]+076 TEXCOORD: 0.35625600814819336, 0.5267980098724365

vb0[1268]+000 POSITION: -0.042407069355249405, 1.8738889694213867, 0.11238079518079758
vb0[1268]+012 NORMAL: -0.2817087471485138, 0.06732828915119171, 0.9571347832679749
vb0[1268]+024 TANGENT: 0.7987613677978516, -0.2770128846168518, 0.5340825319290161, -1.0
vb0[1268]+040 BLENDWEIGHTS: 0.800000011920929, 0.20000000298023224, 0.0, 0.0
vb0[1268]+056 BLENDINDICES: 4, 0, 0, 0
vb0[1268]+072 COLOR: 1.0, 0.5019607843137255, 0.5019607843137255, 0.4
vb0[1268]+076 TEXCOORD: 0.3499598503112793, 0.5231469869613647

vb0[1269]+000 POSITION: -0.050939347594976425, 1.863144040107727, 0.11332659423351288
vb0[1269]+012 NORMAL: -0.5646964907646179, 0.0329965204000473, 0.8246387243270874
vb0[1269]+024 TANGENT: -0.9431042075157166, -0.17001552879810333, -0.28574326634407043, -1.0
vb0[1269]+040 BLENDWEIGHTS: 0.9110000133514404, 0.08900000154972076, 0.0, 0.0
vb0[1269]+056 BLENDINDICES: 4, 0, 0, 0
vb0[1269]+072 COLOR: 1.0, 0.5019607843137255, 0.5019607843137255, 0.30196078431372547
vb0[1269]+076 TEXCOORD: 0.3604569435119629, 0.5356420278549194

vb0[1270]+000 POSITION: -0.04987014830112457, 1.8634389638900757, 0.11499640345573425
vb0[1270]+012 NORMAL: -0.41936326026916504, 0.05970151349902153, 0.905853271484375
vb0[1270]+024 TANGENT: -0.5099377632141113, 0.3706199824810028, 0.7762759327888489, -1.0
vb0[1270]+040 BLENDWEIGHTS: 0.9200000166893005, 0.07999999821186066, 0.0, 0.0
vb0[1270]+056 BLENDINDICES: 4, 0, 0, 0
vb0[1270]+072 COLOR: 1.0, 0.5019607843137255, 0.5019607843137255, 0.30196078431372547
vb0[1270]+076 TEXCOORD: 0.3613290786743164, 0.5335180163383484

vb0[1271]+000 POSITION: -0.05086667835712433, 1.8586139678955078, 0.11623049527406693
vb0[1271]+012 NORMAL: -0.5628483891487122, 0.010655878111720085, 0.8264915347099304
vb0[1271]+024 TANGENT: -0.9338223934173584, -0.2321932464838028, -0.27214354276657104, -1.0
vb0[1271]+040 BLENDWEIGHTS: 0.9430000185966492, 0.05700000002980232, 0.0, 0.0
vb0[1271]+056 BLENDINDICES: 4, 0, 0, 0
vb0[1271]+072 COLOR: 1.0, 0.5019607843137255, 0.5019607843137255, 0.2
vb0[1271]+076 TEXCOORD: 0.3664109706878662, 0.5362600088119507

vb0[1272]+000 POSITION: -0.050356559455394745, 1.8589359521865845, 0.11695349216461182
vb0[1272]+012 NORMAL: -0.4153922200202942, 0.054257314652204514, 0.9080228209495544
vb0[1272]+024 TANGENT: -0.5288354158401489, 0.41518446803092957, 0.7402397394180298, -1.0
vb0[1272]+040 BLENDWEIGHTS: 0.949999988079071, 0.05000000074505806, 0.0, 0.0
vb0[1272]+056 BLENDINDICES: 4, 0, 0, 0
vb0[1272]+072 COLOR: 1.0, 0.5019607843137255, 0.5019607843137255, 0.30196078431372547
vb0[1272]+076 TEXCOORD: 0.3667421340942383, 0.5352320075035095

vb0[1273]+000 POSITION: -0.04861435666680336, 1.8588069677352905, 0.11723409593105316
vb0[1273]+012 NORMAL: -0.30648842453956604, 0.059885744005441666, 0.9499887824058533
vb0[1273]+024 TANGENT: 0.8632336258888245, -0.06687676906585693, 0.5003551244735718, -1.0
vb0[1273]+040 BLENDWEIGHTS: 0.9419999718666077, 0.057999998331069946, 0.0, 0.0
vb0[1273]+056 BLENDINDICES: 4, 0, 0, 0
vb0[1273]+072 COLOR: 1.0, 0.5019607843137255, 0.5019607843137255, 0.2
vb0[1273]+076 TEXCOORD: 0.367495059967041, 0.5333300232887268

vb0[1274]+000 POSITION: -0.0470268577337265, 1.8630388975143433, 0.11534059047698975
vb0[1274]+012 NORMAL: -0.29000404477119446, 0.05202038958668709, 0.9556105136871338
vb0[1274]+024 TANGENT: 0.8469792008399963, -0.1543518304824829, 0.508725643157959, -1.0
vb0[1274]+040 BLENDWEIGHTS: 0.9070000052452087, 0.09300000220537186, 0.0, 0.0
vb0[1274]+056 BLENDINDICES: 4, 0, 0, 0
vb0[1274]+072 COLOR: 1.0, 0.5019607843137255, 0.5019607843137255, 0.30196078431372547
vb0[1274]+076 TEXCOORD: 0.3624999523162842, 0.5304239988327026

vb0[1275]+000 POSITION: -0.05044563487172127, 1.853119969367981, 0.1204415038228035
vb0[1275]+012 NORMAL: -0.36919164657592773, 0.04777349531650543, 0.9281245470046997
vb0[1275]+024 TANGENT: -0.09006191045045853, -0.8224648833274841, 0.5616408586502075, -1.0
vb0[1275]+040 BLENDWEIGHTS: 0.9810000061988831, 0.01899999938905239, 0.0, 0.0
vb0[1275]+056 BLENDINDICES: 4, 0, 0, 0
vb0[1275]+072 COLOR: 1.0, 0.5019607843137255, 0.5019607843137255, 0.30196078431372547
vb0[1275]+076 TEXCOORD: 0.3742690086364746, 0.5372740030288696

vb0[1276]+000 POSITION: 0.017961028963327408, 1.9559969902038574, 0.08793605864048004
vb0[1276]+012 NORMAL: 0.111363984644413, 0.7740809321403503, 0.623214840888977
vb0[1276]+024 TANGENT: 0.03366977348923683, 0.9457159042358398, 0.323245644569397, -1.0
vb0[1276]+040 BLENDWEIGHTS: 1.0, 0.0, 0.0, 0.0
vb0[1276]+056 BLENDINDICES: 0, 0, 0, 0
vb0[1276]+072 COLOR: 1.0, 0.5019607843137255, 0.5019607843137255, 0.5019607843137255
vb0[1276]+076 TEXCOORD: 0.22858595848083496, 0.4770810008049011

vb0[1277]+000 POSITION: 0.017537210136651993, 1.95648193359375, 0.08672574162483215
vb0[1277]+012 NORMAL: 0.11046707630157471, 0.7683290243148804, 0.6304502487182617
vb0[1277]+024 TANGENT: 0.05120545253157616, 0.9353011846542358, 0.35012805461883545, -1.0
vb0[1277]+040 BLENDWEIGHTS: 1.0, 0.0, 0.0, 0.0
vb0[1277]+056 BLENDINDICES: 0, 0, 0, 0
vb0[1277]+072 COLOR: 1.0, 0.5019607843137255, 0.5019607843137255, 0.0
vb0[1277]+076 TEXCOORD: 0.22719812393188477, 0.4786269962787628

vb0[1278]+000 POSITION: -0.03418081998825073, 1.9190287590026855, 0.0997503474354744
vb0[1278]+012 NORMAL: 0.4451933801174164, -0.8497537970542908, 0.28234970569610596
vb0[1278]+024 TANGENT: -0.3147937059402466, -0.4247105121612549, 0.8488379716873169, -1.0
vb0[1278]+040 BLENDWEIGHTS: 0.9169999957084656, 0.08299999684095383, 0.0, 0.0
vb0[1278]+056 BLENDINDICES: 0, 4, 0, 0
vb0[1278]+072 COLOR: 1.0, 0.5019607843137255, 0.5019607843137255, 0.0
vb0[1278]+076 TEXCOORD: 0.9962165355682373, 0.8451016545295715

vb0[1279]+000 POSITION: -0.03377493470907211, 1.9188003540039062, 0.09831319749355316
vb0[1279]+012 NORMAL: 0.4462583661079407, -0.8481498956680298, 0.28547361493110657
vb0[1279]+024 TANGENT: -0.08349800854921341, -0.42968273162841797, 0.8991111516952515, -1.0
vb0[1279]+040 BLENDWEIGHTS: 0.9559999704360962, 0.04399999976158142, 0.0, 0.0
vb0[1279]+056 BLENDINDICES: 0, 4, 0, 0
vb0[1279]+072 COLOR: 1.0, 0.5019607843137255, 0.5019607843137255, 0.0
vb0[1279]+076 TEXCOORD: 0.9950306415557861, 0.8454626202583313

vb0[1280]+000 POSITION: -0.029983121901750565, 1.921459436416626, 0.10027579218149185
vb0[1280]+012 NORMAL: 0.44865554571151733, -0.8488264679908752, 0.2796458303928375
vb0[1280]+024 TANGENT: -0.4925585091114044, -0.8688900470733643, 0.04915463924407959, -1.0
vb0[1280]+040 BLENDWEIGHTS: 0.9190000295639038, 0.08100000023841858, 0.0, 0.0
vb0[1280]+056 BLENDINDICES: 0, 4, 0, 0
vb0[1280]+072 COLOR: 1.0, 0.5019607843137255, 0.5019607843137255, 0.0
vb0[1280]+076 TEXCOORD: 0.9943704605102539, 0.8416677117347717

vb0[1281]+000 POSITION: -0.04189503565430641, 1.912921667098999, 0.09388033300638199
vb0[1281]+012 NORMAL: 0.43417972326278687, -0.8502582311630249, 0.29757165908813477
vb0[1281]+024 TANGENT: -0.24717438220977783, -0.450496643781662, 0.8578797578811646, -1.0
vb0[1281]+040 BLENDWEIGHTS: 0.9959999918937683, 0.004000000189989805, 0.0, 0.0
vb0[1281]+056 BLENDINDICES: 0, 4, 0, 0
vb0[1281]+072 COLOR: 1.0, 0.5019607843137255, 0.5019607843137255, 0.0
vb0[1281]+076 TEXCOORD: 0.9945876598358154, 0.8542566299438477

vb0[1282]+000 POSITION: -0.04744390770792961, 1.909916639328003, 0.09343590587377548
vb0[1282]+012 NORMAL: 0.4467502236366272, -0.8500669002532959, 0.27892759442329407
vb0[1282]+024 TANGENT: -0.037341952323913574, -0.5602662563323975, 0.8274704217910767, -1.0
vb0[1282]+040 BLENDWEIGHTS: 1.0, 0.0, 0.0, 0.0
vb0[1282]+056 BLENDINDICES: 0, 0, 0, 0
vb0[1282]+072 COLOR: 1.0, 0.5019607843137255, 0.5019607843137255, 0.4
vb0[1282]+076 TEXCOORD: 0.9962165355682373, 0.8589277863502502

vb0[1283]+000 POSITION: -0.0495336651802063, 1.907487154006958, 0.08996138721704483
vb0[1283]+012 NORMAL: 0.4478452205657959, -0.8500123023986816, 0.27733322978019714
vb0[1283]+024 TANGENT: -0.1214897558093071, -0.5522119998931885, 0.8248043060302734, -1.0
vb0[1283]+040 BLENDWEIGHTS: 1.0, 0.0, 0.0, 0.0
vb0[1283]+056 BLENDINDICES: 0, 0, 0, 0
vb0[1283]+072 COLOR: 1.0, 0.5019607843137255, 0.5019607843137255, 0.0
vb0[1283]+076 TEXCOORD: 0.994652509689331, 0.8623786568641663

vb0[1284]+000 POSITION: -0.05828219652175903, 1.902071237564087, 0.0867350772023201
vb0[1284]+012 NORMAL: 0.4955534338951111, -0.842586874961853, 0.21088901162147522
vb0[1284]+024 TANGENT: -0.02892005257308483, -0.651148796081543, 0.7583988308906555, -1.0
vb0[1284]+040 BLENDWEIGHTS: 1.0, 0.0, 0.0, 0.0
vb0[1284]+056 BLENDINDICES: 0, 0, 0, 0
vb0[1284]+072 COLOR: 1.0, 0.5019607843137255, 0.5019607843137255, 0.5019607843137255
vb0[1284]+076 TEXCOORD: 0.9962165355682373, 0.8707607388496399

vb0[1285]+000 POSITION: -0.054948627948760986, 1.9034725427627563, 0.0852789580821991
vb0[1285]+012 NORMAL: 0.5522641539573669, -0.8237577080726624, 0.12817023694515228
vb0[1285]+024 TANGENT: -0.272161602973938, -0.5495187044143677, 0.7899096012115479, -1.0
vb0[1285]+040 BLENDWEIGHTS: 1.0, 0.0, 0.0, 0.0
vb0[1285]+056 BLENDINDICES: 0, 0, 0, 0
vb0[1285]+072 COLOR: 1.0, 0.5019607843137255, 0.5019607843137255, 0.0
vb0[1285]+076 TEXCOORD: 0.9937276840209961, 0.8688858151435852

vb0[1286]+000 POSITION: -0.062033090740442276, 1.8982219696044922, 0.07794124633073807
vb0[1286]+012 NORMAL: 0.7294772863388062, -0.6568885445594788, -0.19068381190299988
vb0[1286]+024 TANGENT: -0.23750139772891998, -0.6458394527435303, 0.7255925536155701, -1.0
vb0[1286]+040 BLENDWEIGHTS: 1.0, 0.0, 0.0, 0.0
vb0[1286]+056 BLENDINDICES: 0, 0, 0, 0
vb0[1286]+072 COLOR: 1.0, 0.5019607843137255, 0.5019607843137255, 0.0
vb0[1286]+076 TEXCOORD: 0.9923415184020996, 0.8780477643013

vb0[1287]+000 POSITION: -0.06471819430589676, 1.8966360092163086, 0.08170185983181
vb0[1287]+012 NORMAL: 0.6112735867500305, -0.7894774079322815, 0.05540734529495239
vb0[1287]+024 TANGENT: 0.012902976013720036, -0.7036439180374146, 0.710435688495636, -1.0
vb0[1287]+040 BLENDWEIGHTS: 0.9599999785423279, 0.03999999910593033, 0.0, 0.0
vb0[1287]+056 BLENDINDICES: 0, 10, 0, 0
vb0[1287]+072 COLOR: 1.0, 0.5019607843137255, 0.5019607843137255, 0.5019607843137255
vb0[1287]+076 TEXCOORD: 0.9962165355682373, 0.8785706162452698

vb0[1288]+000 POSITION: -0.07071126997470856, 1.891435980796814, 0.07683191448450089
vb0[1288]+012 NORMAL: 0.6896870136260986, -0.723435640335083, -0.031188081949949265
vb0[1288]+024 TANGENT: 0.02951878122985363, -0.7060941457748413, 0.7075024843215942, -1.0
vb0[1288]+040 BLENDWEIGHTS: 0.8389999866485596, 0.16099999845027924, 0.0, 0.0
vb0[1288]+056 BLENDINDICES: 0, 10, 0, 0
vb0[1288]+072 COLOR: 1.0, 0.5019607843137255, 0.5019607843137255, 0.5019607843137255
vb0[1288]+076 TEXCOORD: 0.9962165355682373, 0.8859956860542297

vb0[1289]+000 POSITION: -0.06869565695524216, 1.8925269842147827, 0.07210700213909149
vb0[1289]+012 NORMAL: 0.7875189185142517, -0.513925313949585, -0.3401395082473755
vb0[1289]+024 TANGENT: 0.7763115167617798, -0.5663259029388428, -0.2767949104309082, -1.0
vb0[1289]+040 BLENDWEIGHTS: 0.8769999742507935, 0.12300000339746475, 0.0, 0.0
vb0[1289]+056 BLENDINDICES: 0, 10, 0, 0
vb0[1289]+072 COLOR: 1.0, 0.5019607843137255, 0.5019607843137255, 0.30196078431372547
vb0[1289]+076 TEXCOORD: 0.9920854568481445, 0.8865206837654114

vb0[1290]+000 POSITION: -0.06880485266447067, 1.9009369611740112, 0.06876618415117264
vb0[1290]+012 NORMAL: 0.776728093624115, -0.3209472894668579, -0.5419284701347351
vb0[1290]+024 TANGENT: -0.4428490996360779, 0.40440633893013, -0.8002126216888428, -1.0
vb0[1290]+040 BLENDWEIGHTS: 0.9330000281333923, 0.06700000166893005, 0.0, 0.0
vb0[1290]+056 BLENDINDICES: 0, 10, 0, 0
vb0[1290]+072 COLOR: 1.0, 0.5019607843137255, 0.5019607843137255, 0.0
vb0[1290]+076 TEXCOORD: 0.9853014945983887, 0.8841267228126526

vb0[1291]+000 POSITION: -0.07588119804859161, 1.8866748809814453, 0.07224567979574203
vb0[1291]+012 NORMAL: 0.6933364868164062, -0.719990611076355, 0.029966942965984344
vb0[1291]+024 TANGENT: 0.025174260139465332, -0.6958169937133789, 0.7177778482437134, -1.0
vb0[1291]+040 BLENDWEIGHTS: 0.703000009059906, 0.296999990940094, 0.0, 0.0
vb0[1291]+056 BLENDINDICES: 0, 10, 0, 0
vb0[1291]+072 COLOR: 1.0, 0.5019607843137255, 0.5019607843137255, 0.5019607843137255
vb0[1291]+076 TEXCOORD: 0.9962165355682373, 0.8927125930786133

vb0[1292]+000 POSITION: -0.07368361949920654, 1.8877400159835815, 0.06800360232591629
vb0[1292]+012 NORMAL: 0.793245255947113, -0.5338626503944397, -0.2928355634212494
vb0[1292]+024 TANGENT: 0.7842271327972412, -0.5806438326835632, -0.21872471272945404, -1.0
vb0[1292]+040 BLENDWEIGHTS: 0.7639999985694885, 0.23600000143051147, 0.0, 0.0
vb0[1292]+056 BLENDINDICES: 0, 10, 0, 0
vb0[1292]+072 COLOR: 1.0, 0.5019607843137255, 0.5019607843137255, 0.30196078431372547
vb0[1292]+076 TEXCOORD: 0.9923255443572998, 0.8930346965789795

vb0[1293]+000 POSITION: -0.07135938107967377, 1.8980748653411865, 0.06629356741905212
vb0[1293]+012 NORMAL: 0.7498367428779602, -0.2055678367614746, -0.6288773417472839
vb0[1293]+024 TANGENT: 0.7596626281738281, -0.14478999376296997, -0.6339941024780273, -1.0
vb0[1293]+040 BLENDWEIGHTS: 0.8240000009536743, 0.17599999904632568, 0.0, 0.0
vb0[1293]+056 BLENDINDICES: 0, 10, 0, 0
vb0[1293]+072 COLOR: 1.0, 0.5019607843137255, 0.5019607843137255, 0.0
vb0[1293]+076 TEXCOORD: 0.9854295253753662, 0.887775719165802

vb0[1294]+000 POSITION: -0.07527347654104233, 1.8935374021530151, 0.06228603050112724
vb0[1294]+012 NORMAL: 0.723174512386322, -0.15934181213378906, -0.6720333695411682
vb0[1294]+024 TANGENT: 0.7307401299476624, -0.1434471607208252, -0.6674143075942993, -1.0
vb0[1294]+040 BLENDWEIGHTS: 0.6740000247955322, 0.32600000500679016, 0.0, 0.0
vb0[1294]+056 BLENDINDICES: 0, 10, 0, 0
vb0[1294]+072 COLOR: 1.0, 0.5019607843137255, 0.5019607843137255, 0.2
vb0[1294]+076 TEXCOORD: 0.9856574535369873, 0.8935738205909729

vb0[1295]+000 POSITION: -0.07518959790468216, 1.9051519632339478, 0.062005456537008286
vb0[1295]+012 NORMAL: 0.6924991607666016, -0.08621122688055038, -0.7162489295005798
vb0[1295]+024 TANGENT: 0.670831561088562, -0.03991865739226341, -0.7405346035957336, -1.0
vb0[1295]+040 BLENDWEIGHTS: 0.7049999833106995, 0.29499998688697815, 0.0, 0.0
vb0[1295]+056 BLENDINDICES: 0, 10, 0, 0
vb0[1295]+072 COLOR: 1.0, 0.5019607843137255, 0.5019607843137255, 0.0
vb0[1295]+076 TEXCOORD: 0.9779865741729736, 0.8878818154335022

vb0[1296]+000 POSITION: -0.08074250817298889, 1.881829023361206, 0.06753242760896683
vb0[1296]+012 NORMAL: 0.6993553638458252, -0.7107759118080139, 0.07549586147069931
vb0[1296]+024 TANGENT: 0.023706914857029915, -0.6717554330825806, 0.7403935194015503, -1.0
vb0[1296]+040 BLENDWEIGHTS: 0.5630000233650208, 0.43700000643730164, 0.0, 0.0
vb0[1296]+056 BLENDINDICES: 0, 10, 0, 0
vb0[1296]+072 COLOR: 1.0, 0.5019607843137255, 0.5019607843137255, 0.5019607843137255
vb0[1296]+076 TEXCOORD: 0.9962165355682373, 0.8994426727294922

vb0[1297]+000 POSITION: -0.07837779819965363, 1.8827459812164307, 0.06395188719034195
vb0[1297]+012 NORMAL: 0.798867404460907, -0.5580196380615234, -0.22455497086048126
vb0[1297]+024 TANGENT: 0.793565034866333, -0.5845799446105957, -0.1688811182975769, -1.0
vb0[1297]+040 BLENDWEIGHTS: 0.6320000290870667, 0.36800000071525574, 0.0, 0.0
vb0[1297]+056 BLENDINDICES: 0, 10, 0, 0
vb0[1297]+072 COLOR: 1.0, 0.5019607843137255, 0.5019607843137255, 0.30196078431372547
vb0[1297]+076 TEXCOORD: 0.9926676750183105, 0.8994977474212646

vb0[1298]+000 POSITION: -0.07971356064081192, 1.8880653381347656, 0.05846352502703667
vb0[1298]+012 NORMAL: 0.748924970626831, -0.2116311490535736, -0.6279520392417908
vb0[1298]+024 TANGENT: 0.7262618541717529, -0.14010107517242432, -0.6729899048805237, -1.0
vb0[1298]+040 BLENDWEIGHTS: 0.5419999957084656, 0.4580000042915344, 0.0, 0.0
vb0[1298]+056 BLENDINDICES: 0, 10, 0, 0
vb0[1298]+072 COLOR: 1.0, 0.5019607843137255, 0.5019607843137255, 0.30196078431372547
vb0[1298]+076 TEXCOORD: 0.9863672256469727, 0.8999125957489014

vb0[1299]+000 POSITION: -0.08281238377094269, 1.8985538482666016, 0.056539129465818405
vb0[1299]+012 NORMAL: 0.6358471512794495, -0.029327254742383957, -0.7712575793266296
vb0[1299]+024 TANGENT: -0.22655081748962402, 0.5024497509002686, -0.8343973755836487, -1.0
vb0[1299]+040 BLENDWEIGHTS: 0.5460000038146973, 0.45399999618530273, 0.0, 0.0
vb0[1299]+056 BLENDINDICES: 0, 10, 0, 0
vb0[1299]+072 COLOR: 1.0, 0.5019607843137255, 0.5019607843137255, 0.30196078431372547
vb0[1299]+076 TEXCOORD: 0.9777956008911133, 0.8971756100654602

vb0[1300]+000 POSITION: -0.08576054126024246, 1.8929468393325806, 0.05405668914318085
vb0[1300]+012 NORMAL: 0.6385059356689453, -0.03171319514513016, -0.7689632177352905
vb0[1300]+024 TANGENT: -0.19634532928466797, 0.47885575890541077, -0.8556551933288574, -1.0
vb0[1300]+040 BLENDWEIGHTS: 0.5429999828338623, 0.4569999873638153, 0.0, 0.0
vb0[1300]+056 BLENDINDICES: 10, 0, 0, 0
vb0[1300]+072 COLOR: 1.0, 0.5019607843137255, 0.5019607843137255, 0.5019607843137255
vb0[1300]+076 TEXCOORD: 0.9795522689819336, 0.9023106694221497

vb0[1301]+000 POSITION: -0.08090594410896301, 1.9022070169448853, 0.057877130806446075
vb0[1301]+012 NORMAL: 0.6636332869529724, -0.04339314624667168, -0.7467983365058899
vb0[1301]+024 TANGENT: -0.3307974338531494, 0.5062109231948853, -0.796444296836853, -1.0
vb0[1301]+040 BLENDWEIGHTS: 0.5979999899864197, 0.4020000100135803, 0.0, 0.0
vb0[1301]+056 BLENDINDICES: 0, 10, 0, 0
vb0[1301]+072 COLOR: 1.0, 0.5019607843137255, 0.5019607843137255, 0.0
vb0[1301]+076 TEXCOORD: 0.9765934944152832, 0.8939316868782043

vb0[1302]+000 POSITION: -0.08386298269033432, 1.882912516593933, 0.05500681698322296
vb0[1302]+012 NORMAL: 0.7462068796157837, -0.2200695276260376, -0.628287136554718
vb0[1302]+024 TANGENT: 0.7114948034286499, -0.13976812362670898, -0.6886508464813232, -1.0
vb0[1302]+040 BLENDWEIGHTS: 0.5759999752044678, 0.42399999499320984, 0.0, 0.0
vb0[1302]+056 BLENDINDICES: 10, 0, 0, 0
vb0[1302]+072 COLOR: 1.0, 0.5019607843137255, 0.5019607843137255, 0.30196078431372547
vb0[1302]+076 TEXCOORD: 0.9870405197143555, 0.9058337211608887

vb0[1303]+000 POSITION: -0.082529217004776, 1.8778899908065796, 0.06021422892808914
vb0[1303]+012 NORMAL: 0.8054500222206116, -0.5569149851799011, -0.20272131264209747
vb0[1303]+024 TANGENT: 0.8005957007408142, -0.5815800428390503, -0.14426074922084808, -1.0
vb0[1303]+040 BLENDWEIGHTS: 0.5099999904632568, 0.49000000953674316, 0.0, 0.0
vb0[1303]+056 BLENDINDICES: 0, 10, 0, 0
vb0[1303]+072 COLOR: 1.0, 0.5019607843137255, 0.5019607843137255, 0.30196078431372547
vb0[1303]+076 TEXCOORD: 0.9929494857788086, 0.9054925441741943

vb0[1304]+000 POSITION: -0.08720733225345612, 1.8784900903701782, 0.05239890143275261
vb0[1304]+012 NORMAL: 0.7312098145484924, -0.21301597356796265, -0.6480404138565063
vb0[1304]+024 TANGENT: 0.6899572014808655, -0.13169999420642853, -0.7117684483528137, -1.0
vb0[1304]+040 BLENDWEIGHTS: 0.6690000295639038, 0.3310000002384186, 0.0, 0.0
vb0[1304]+056 BLENDINDICES: 10, 0, 0, 0
vb0[1304]+072 COLOR: 1.0, 0.5019607843137255, 0.5019607843137255, 0.30196078431372547
vb0[1304]+076 TEXCOORD: 0.9877996444702148, 0.9106607437133789

vb0[1305]+000 POSITION: -0.08580024540424347, 1.874087929725647, 0.057404790073633194
vb0[1305]+012 NORMAL: 0.8183590173721313, -0.5402970314025879, -0.19587671756744385
vb0[1305]+024 TANGENT: 0.808991014957428, -0.5717988610267639, -0.13630688190460205, -1.0
vb0[1305]+040 BLENDWEIGHTS: 0.5910000205039978, 0.4090000092983246, 0.0, 0.0
vb0[1305]+056 BLENDINDICES: 10, 0, 0, 0
vb0[1305]+072 COLOR: 1.0, 0.5019607843137255, 0.5019607843137255, 0.30196078431372547
vb0[1305]+076 TEXCOORD: 0.9932785034179688, 0.9101545810699463

vb0[1306]+000 POSITION: -0.08743798732757568, 1.8738858699798584, 0.060774486511945724
vb0[1306]+012 NORMAL: 0.7304534912109375, -0.6717449426651001, 0.12327376008033752
vb0[1306]+024 TANGENT: 0.009806455112993717, -0.656328558921814, 0.7544114589691162, -1.0
vb0[1306]+040 BLENDWEIGHTS: 0.640999972820282, 0.35899999737739563, 0.0, 0.0
vb0[1306]+056 BLENDINDICES: 10, 0, 0, 0
vb0[1306]+072 COLOR: 1.0, 0.5019607843137255, 0.5019607843137255, 0.4
vb0[1306]+076 TEXCOORD: 0.9962165355682373, 0.9094717502593994

vb0[1307]+000 POSITION: -0.08436596393585205, 1.8775959014892578, 0.06400679796934128
vb0[1307]+012 NORMAL: 0.7070551514625549, -0.6988294720649719, 0.10821422934532166
vb0[1307]+024 TANGENT: 0.020418882369995117, -0.6590874195098877, 0.7517890930175781, -1.0
vb0[1307]+040 BLENDWEIGHTS: 0.5450000166893005, 0.45500001311302185, 0.0, 0.0
vb0[1307]+056 BLENDINDICES: 10, 0, 0, 0
vb0[1307]+072 COLOR: 1.0, 0.5019607843137255, 0.5019607843137255, 0.5019607843137255
vb0[1307]+076 TEXCOORD: 0.9962165355682373, 0.9047665596008301

vb0[1308]+000 POSITION: -0.08863555639982224, 1.887308955192566, 0.051877669990062714
vb0[1308]+012 NORMAL: 0.6153222322463989, -0.01725546456873417, -0.7880868911743164
vb0[1308]+024 TANGENT: -0.22440971434116364, 0.4445185661315918, -0.8672044277191162, -1.0
vb0[1308]+040 BLENDWEIGHTS: 0.6299999952316284, 0.3700000047683716, 0.0, 0.0
vb0[1308]+056 BLENDINDICES: 10, 0, 0, 0
vb0[1308]+072 COLOR: 1.0, 0.5019607843137255, 0.5019607843137255, 0.5019607843137255
vb0[1308]+076 TEXCOORD: 0.9814176559448242, 0.9072976112365723

vb0[1309]+000 POSITION: -0.09123122692108154, 1.881404995918274, 0.050151627510786057
vb0[1309]+012 NORMAL: 0.5732783079147339, -0.0118299825116992, -0.8192752599716187
vb0[1309]+024 TANGENT: -0.2593437433242798, 0.3881469666957855, -0.8843544721603394, -1.0
vb0[1309]+040 BLENDWEIGHTS: 0.7039999961853027, 0.29600000381469727, 0.0, 0.0
vb0[1309]+056 BLENDINDICES: 10, 0, 0, 0
vb0[1309]+072 COLOR: 1.0, 0.5019607843137255, 0.5019607843137255, 0.4
vb0[1309]+076 TEXCOORD: 0.9836392402648926, 0.9120886325836182

vb0[1310]+000 POSITION: -0.08891163021326065, 1.8703489303588867, 0.05476473644375801
vb0[1310]+012 NORMAL: 0.8437341451644897, -0.5021710395812988, -0.18957047164440155
vb0[1310]+024 TANGENT: 0.8441542387008667, -0.5212817192077637, -0.12517571449279785, -1.0
vb0[1310]+040 BLENDWEIGHTS: 0.6869999766349792, 0.31299999356269836, 0.0, 0.0
vb0[1310]+056 BLENDINDICES: 10, 0, 0, 0
vb0[1310]+072 COLOR: 1.0, 0.5019607843137255, 0.5019607843137255, 0.30196078431372547
vb0[1310]+076 TEXCOORD: 0.9936122894287109, 0.9146697521209717

vb0[1311]+000 POSITION: -0.0903276801109314, 1.873729944229126, 0.050026100128889084
vb0[1311]+012 NORMAL: 0.7215077877044678, -0.19773335754871368, -0.6635721325874329
vb0[1311]+024 TANGENT: 0.6640272736549377, -0.11551028490066528, -0.7387321591377258, -1.0
vb0[1311]+040 BLENDWEIGHTS: 0.7620000243186951, 0.23800000548362732, 0.0, 0.0
vb0[1311]+056 BLENDINDICES: 10, 0, 0, 0
vb0[1311]+072 COLOR: 1.0, 0.5019607843137255, 0.5019607843137255, 0.30196078431372547
vb0[1311]+076 TEXCOORD: 0.9888134002685547, 0.9154417514801025

vb0[1312]+000 POSITION: -0.09280001372098923, 1.8682068586349487, 0.04858748987317085
vb0[1312]+012 NORMAL: 0.7224534749984741, -0.18284131586551666, -0.6668059229850769
vb0[1312]+024 TANGENT: 0.6741636991500854, -0.12323528528213501, -0.7282282114028931, -1.0
vb0[1312]+040 BLENDWEIGHTS: 0.8259999752044678, 0.17399999499320984, 0.0, 0.0
vb0[1312]+056 BLENDINDICES: 10, 0, 0, 0
vb0[1312]+072 COLOR: 1.0, 0.5019607843137255, 0.5019607843137255, 0.2
vb0[1312]+076 TEXCOORD: 0.9905834197998047, 0.9200177788734436

vb0[1313]+000 POSITION: -0.09171394258737564, 1.8661609888076782, 0.052444037050008774
vb0[1313]+012 NORMAL: 0.8791947364807129, -0.44452208280563354, -0.17151294648647308
vb0[1313]+024 TANGENT: 0.8838638067245483, -0.4593656063079834, -0.08813649415969849, -1.0
vb0[1313]+040 BLENDWEIGHTS: 0.7730000019073486, 0.22699999809265137, 0.0, 0.0
vb0[1313]+056 BLENDINDICES: 10, 0, 0, 0
vb0[1313]+072 COLOR: 1.0, 0.5019607843137255, 0.5019607843137255, 0.2
vb0[1313]+076 TEXCOORD: 0.9941372871398926, 0.9191966652870178

vb0[1314]+000 POSITION: -0.09257804602384567, 1.8660180568695068, 0.05498909950256348
vb0[1314]+012 NORMAL: 0.8234146237373352, -0.5482893586158752, 0.14617493748664856
vb0[1314]+024 TANGENT: 0.09743469953536987, -0.5879074335098267, 0.8030388355255127, -1.0
vb0[1314]+040 BLENDWEIGHTS: 0.8059999942779541, 0.1940000057220459, 0.0, 0.0
vb0[1314]+056 BLENDINDICES: 10, 0, 0, 0
vb0[1314]+072 COLOR: 1.0, 0.5019607843137255, 0.5019607843137255, 0.2
vb0[1314]+076 TEXCOORD: 0.9962162971496582, 0.918525755405426

vb0[1315]+000 POSITION: -0.09016621112823486, 1.8701319694519043, 0.057789310812950134
vb0[1315]+012 NORMAL: 0.7705622315406799, -0.6237043142318726, 0.13125047087669373
vb0[1315]+024 TANGENT: 0.03976135700941086, -0.6273033022880554, 0.7777592539787292, -1.0
vb0[1315]+040 BLENDWEIGHTS: 0.7289999723434448, 0.2709999978542328, 0.0, 0.0
vb0[1315]+056 BLENDINDICES: 10, 0, 0, 0
vb0[1315]+072 COLOR: 1.0, 0.5019607843137255, 0.5019607843137255, 0.30196078431372547
vb0[1315]+076 TEXCOORD: 0.9962162971496582, 0.9139907956123352

vb0[1316]+000 POSITION: -0.09519493579864502, 1.8697398900985718, 0.04767593741416931
vb0[1316]+012 NORMAL: 0.49802881479263306, -0.012837892398238182, -0.8670653700828552
vb0[1316]+024 TANGENT: -0.35131263732910156, 0.24026499688625336, -0.9049045443534851, -1.0
vb0[1316]+040 BLENDWEIGHTS: 0.8299999833106995, 0.17000000178813934, 0.0, 0.0
vb0[1316]+056 BLENDINDICES: 10, 0, 0, 0
vb0[1316]+072 COLOR: 1.0, 0.5019607843137255, 0.5019607843137255, 0.2
vb0[1316]+076 TEXCOORD: 0.988276481628418, 0.9206767082214355

vb0[1317]+000 POSITION: -0.09346915781497955, 1.8756918907165527, 0.04875224828720093
vb0[1317]+012 NORMAL: 0.5319221615791321, -0.007628934923559427, -0.8467589616775513
vb0[1317]+024 TANGENT: -0.31611335277557373, 0.31971514225006104, -0.8932270407676697, -1.0
vb0[1317]+040 BLENDWEIGHTS: 0.7720000147819519, 0.2280000001192093, 0.0, 0.0
vb0[1317]+056 BLENDINDICES: 10, 0, 0, 0
vb0[1317]+072 COLOR: 1.0, 0.5019607843137255, 0.5019607843137255, 0.30196078431372547
vb0[1317]+076 TEXCOORD: 0.985842227935791, 0.9164817333221436

vb0[1318]+000 POSITION: -0.09476526081562042, 1.8628339767456055, 0.0475022979080677
vb0[1318]+012 NORMAL: 0.7308046817779541, -0.16862943768501282, -0.661429226398468
vb0[1318]+024 TANGENT: 0.6841064691543579, -0.12296503782272339, -0.7189421653747559, -1.0
vb0[1318]+040 BLENDWEIGHTS: 0.8820000290870667, 0.11800000071525574, 0.0, 0.0
vb0[1318]+056 BLENDINDICES: 10, 0, 0, 0
vb0[1318]+072 COLOR: 1.0, 0.5019607843137255, 0.5019607843137255, 0.10196078431372549
vb0[1318]+076 TEXCOORD: 0.9922332763671875, 0.9242578148841858

vb0[1319]+000 POSITION: -0.09408287703990936, 1.8616650104522705, 0.05036202818155289
vb0[1319]+012 NORMAL: 0.9169728755950928, -0.3717120289802551, -0.14488208293914795
vb0[1319]+024 TANGENT: 0.9223344922065735, -0.38366955518722534, -0.045790135860443115, -1.0
vb0[1319]+040 BLENDWEIGHTS: 0.8529999852180481, 0.1469999998807907, 0.0, 0.0
vb0[1319]+056 BLENDINDICES: 10, 0, 0, 0
vb0[1319]+072 COLOR: 1.0, 0.5019607843137255, 0.5019607843137255, 0.10196078431372549
vb0[1319]+076 TEXCOORD: 0.9947175979614258, 0.9236696362495422

vb0[1320]+000 POSITION: -0.09623079001903534, 1.8577090501785278, 0.04694619029760361
vb0[1320]+012 NORMAL: 0.7994778752326965, -0.17795397341251373, -0.5737312436103821
vb0[1320]+024 TANGENT: 0.6870977282524109, -0.11702627688646317, -0.717078447341919, -1.0
vb0[1320]+040 BLENDWEIGHTS: 0.9269999861717224, 0.0729999989271164, 0.0, 0.0
vb0[1320]+056 BLENDINDICES: 10, 0, 0, 0
vb0[1320]+072 COLOR: 1.0, 0.5019607843137255, 0.5019607843137255, 0.0
vb0[1320]+076 TEXCOORD: 0.9937052726745605, 0.9281397461891174

vb0[1321]+000 POSITION: -0.09573323279619217, 1.8573158979415894, 0.04879893735051155
vb0[1321]+012 NORMAL: 0.9283726215362549, -0.29156625270843506, -0.23046337068080902
vb0[1321]+024 TANGENT: 0.9576221108436584, -0.28763410449028015, -0.01504570059478283, -1.0
vb0[1321]+040 BLENDWEIGHTS: 0.9169999957084656, 0.08299999684095383, 0.0, 0.0
vb0[1321]+056 BLENDINDICES: 10, 0, 0, 0
vb0[1321]+072 COLOR: 1.0, 0.5019607843137255, 0.5019607843137255, 0.0
vb0[1321]+076 TEXCOORD: 0.9952025413513184, 0.9276686310768127

vb0[1322]+000 POSITION: -0.09617230296134949, 1.8572039604187012, 0.05002764239907265
vb0[1322]+012 NORMAL: 0.9387697577476501, -0.34131377935409546, -0.047077395021915436
vb0[1322]+024 TANGENT: 0.20068901777267456, -0.44674772024154663, 0.8718602657318115, -1.0
vb0[1322]+040 BLENDWEIGHTS: 0.9319999814033508, 0.06800000369548798, 0.0, 0.0
vb0[1322]+056 BLENDINDICES: 10, 0, 0, 0
vb0[1322]+072 COLOR: 1.0, 0.5019607843137255, 0.5019607843137255, 0.0
vb0[1322]+076 TEXCOORD: 0.9962162971496582, 0.9274316430091858

vb0[1323]+000 POSITION: -0.09467252343893051, 1.8617010116577148, 0.05224894732236862
vb0[1323]+012 NORMAL: 0.8765780925750732, -0.4509822130203247, 0.16800540685653687
vb0[1323]+024 TANGENT: 0.14852434396743774, -0.5348933935165405, 0.8317628502845764, -1.0
vb0[1323]+040 BLENDWEIGHTS: 0.8769999742507935, 0.12300000339746475, 0.0, 0.0
vb0[1323]+056 BLENDINDICES: 10, 0, 0, 0
vb0[1323]+072 COLOR: 1.0, 0.5019607843137255, 0.5019607843137255, 0.10196078431372549
vb0[1323]+076 TEXCOORD: 0.9962162971496582, 0.9230876564979553

vb0[1324]+000 POSITION: -0.09741324931383133, 1.85794997215271, 0.04656253755092621
vb0[1324]+012 NORMAL: 0.687941312789917, -0.1049383208155632, -0.7181397080421448
vb0[1324]+024 TANGENT: -0.4648042619228363, 0.03909766301512718, -0.8845497369766235, -1.0
vb0[1324]+040 BLENDWEIGHTS: 0.9269999861717224, 0.0729999989271164, 0.0, 0.0
vb0[1324]+056 BLENDINDICES: 10, 0, 0, 0
vb0[1324]+072 COLOR: 1.0, 0.5019607843137255, 0.5019607843137255, 0.0
vb0[1324]+076 TEXCOORD: 0.9927883148193359, 0.9285567402839661

vb0[1325]+000 POSITION: -0.09657745808362961, 1.8636078834533691, 0.04686180129647255
vb0[1325]+012 NORMAL: 0.47438502311706543, -0.03193626180291176, -0.8797379732131958
vb0[1325]+024 TANGENT: -0.39486101269721985, 0.1526440531015396, -0.9059716463088989, -1.0
vb0[1325]+040 BLENDWEIGHTS: 0.8820000290870667, 0.11800000071525574, 0.0, 0.0
vb0[1325]+056 BLENDINDICES: 10, 0, 0, 0
vb0[1325]+072 COLOR: 1.0, 0.5019607843137255, 0.5019607843137255, 0.10196078431372549
vb0[1325]+076 TEXCOORD: 0.9906735420227051, 0.9248507618904114

vb0[1326]+000 POSITION: -0.09767784923315048, 1.849153995513916, 0.0468631386756897
vb0[1326]+012 NORMAL: 0.8754417300224304, -0.24042727053165436, -0.41928091645240784
vb0[1326]+024 TANGENT: -0.10870766639709473, -0.9816851019859314, -0.15645158290863037, -1.0
vb0[1326]+040 BLENDWEIGHTS: 1.0, 0.0, 0.0, 0.0
vb0[1326]+056 BLENDINDICES: 10, 0, 0, 0
vb0[1326]+072 COLOR: 1.0, 0.5019607843137255, 0.5019607843137255, 0.0
vb0[1326]+076 TEXCOORD: 0.9962162971496582, 0.9344788193702698

vb0[1327]+000 POSITION: -0.04744390770792961, 1.909916639328003, 0.09343590587377548
vb0[1327]+012 NORMAL: -0.4384607970714569, 0.2292681485414505, 0.869015634059906
vb0[1327]+024 TANGENT: -0.037341952323913574, -0.5602662563323975, 0.8274704217910767, -1.0
vb0[1327]+040 BLENDWEIGHTS: 1.0, 0.0, 0.0, 0.0
vb0[1327]+056 BLENDINDICES: 0, 0, 0, 0
vb0[1327]+072 COLOR: 1.0, 0.5019607843137255, 0.5019607843137255, 0.4
vb0[1327]+076 TEXCOORD: 0.30684709548950195, 0.5338829755783081

vb0[1328]+000 POSITION: -0.03418081998825073, 1.9190287590026855, 0.0997503474354744
vb0[1328]+012 NORMAL: -0.3396047353744507, 0.29882124066352844, 0.8918377161026001
vb0[1328]+024 TANGENT: -0.3147937059402466, -0.4247105121612549, 0.8488379716873169, -1.0
vb0[1328]+040 BLENDWEIGHTS: 0.9169999957084656, 0.08299999684095383, 0.0, 0.0
vb0[1328]+056 BLENDINDICES: 0, 4, 0, 0
vb0[1328]+072 COLOR: 1.0, 0.5019607843137255, 0.5019607843137255, 0.0
vb0[1328]+076 TEXCOORD: 0.29491090774536133, 0.5186539888381958

vb0[1329]+000 POSITION: -0.0515250563621521, 1.9162243604660034, 0.09129855781793594
vb0[1329]+012 NORMAL: -0.4846460223197937, 0.31300562620162964, 0.8167898058891296
vb0[1329]+024 TANGENT: -0.5428823232650757, 0.16226720809936523, 0.8239831328392029, -1.0
vb0[1329]+040 BLENDWEIGHTS: 1.0, 0.0, 0.0, 0.0
vb0[1329]+056 BLENDINDICES: 0, 0, 0, 0
vb0[1329]+072 COLOR: 1.0, 0.5019607843137255, 0.5019607843137255, 0.5019607843137255
vb0[1329]+076 TEXCOORD: 0.3005549907684326, 0.5395799875259399

vb0[1330]+000 POSITION: -0.05828219652175903, 1.902071237564087, 0.0867350772023201
vb0[1330]+012 NORMAL: -0.5366448163986206, 0.1597120612859726, 0.8285555839538574
vb0[1330]+024 TANGENT: -0.02892005257308483, -0.651148796081543, 0.7583988308906555, -1.0
vb0[1330]+040 BLENDWEIGHTS: 1.0, 0.0, 0.0, 0.0
vb0[1330]+056 BLENDINDICES: 0, 0, 0, 0
vb0[1330]+072 COLOR: 1.0, 0.5019607843137255, 0.5019607843137255, 0.5019607843137255
vb0[1330]+076 TEXCOORD: 0.31745386123657227, 0.5474140048027039

vb0[1331]+000 POSITION: -0.06270640343427658, 1.90804922580719, 0.08451320230960846
vb0[1331]+012 NORMAL: -0.5871080160140991, 0.24786965548992157, 0.7706262469291687
vb0[1331]+024 TANGENT: -0.6088061332702637, 0.09180116653442383, 0.787989616394043, -1.0
vb0[1331]+040 BLENDWEIGHTS: 1.0, 0.0, 0.0, 0.0
vb0[1331]+056 BLENDINDICES: 0, 0, 0, 0
vb0[1331]+072 COLOR: 1.0, 0.5019607843137255, 0.5019607843137255, 0.5019607843137255
vb0[1331]+076 TEXCOORD: 0.31118011474609375, 0.5534909963607788

vb0[1332]+000 POSITION: -0.06471819430589676, 1.8966360092163086, 0.08170185983181
vb0[1332]+012 NORMAL: -0.5975807905197144, 0.11220105737447739, 0.7939193844795227
vb0[1332]+024 TANGENT: 0.012902976013720036, -0.7036439180374146, 0.710435688495636, -1.0
vb0[1332]+040 BLENDWEIGHTS: 0.9599999785423279, 0.03999999910593033, 0.0, 0.0
vb0[1332]+056 BLENDINDICES: 0, 10, 0, 0
vb0[1332]+072 COLOR: 1.0, 0.5019607843137255, 0.5019607843137255, 0.5019607843137255
vb0[1332]+076 TEXCOORD: 0.3245201110839844, 0.5564280152320862

vb0[1333]+000 POSITION: -0.06936574727296829, 1.9025030136108398, 0.07955779880285263
vb0[1333]+012 NORMAL: -0.6493212580680847, 0.2023511528968811, 0.7331002354621887
vb0[1333]+024 TANGENT: -0.6501772999763489, 0.04732167720794678, 0.7583074569702148, -1.0
vb0[1333]+040 BLENDWEIGHTS: 0.9290000200271606, 0.07100000232458115, 0.0, 0.0
vb0[1333]+056 BLENDINDICES: 0, 10, 0, 0
vb0[1333]+072 COLOR: 1.0, 0.5019607843137255, 0.5019607843137255, 0.5019607843137255
vb0[1333]+076 TEXCOORD: 0.31815385818481445, 0.5626029968261719

vb0[1334]+000 POSITION: -0.07071126997470856, 1.891435980796814, 0.07683191448450089
vb0[1334]+012 NORMAL: -0.6459541916847229, 0.07631320506334305, 0.7595521807670593
vb0[1334]+024 TANGENT: 0.02951878122985363, -0.7060941457748413, 0.7075024843215942, -1.0
vb0[1334]+040 BLENDWEIGHTS: 0.8389999866485596, 0.16099999845027924, 0.0, 0.0
vb0[1334]+056 BLENDINDICES: 0, 10, 0, 0
vb0[1334]+072 COLOR: 1.0, 0.5019607843137255, 0.5019607843137255, 0.5019607843137255
vb0[1334]+076 TEXCOORD: 0.3312511444091797, 0.565015971660614

vb0[1335]+000 POSITION: -0.0751776397228241, 1.896515965461731, 0.07445745170116425
vb0[1335]+012 NORMAL: -0.6985228657722473, 0.15907199680805206, 0.6976831555366516
vb0[1335]+024 TANGENT: -0.6721174120903015, 0.01655435562133789, 0.74025958776474, -1.0
vb0[1335]+040 BLENDWEIGHTS: 0.8019999861717224, 0.1979999989271164, 0.0, 0.0
vb0[1335]+056 BLENDINDICES: 0, 10, 0, 0
vb0[1335]+072 COLOR: 1.0, 0.5019607843137255, 0.5019607843137255, 0.5019607843137255
vb0[1335]+076 TEXCOORD: 0.3255739212036133, 0.5711410045623779

vb0[1336]+000 POSITION: -0.07280594855546951, 1.910064935684204, 0.07344895601272583
vb0[1336]+012 NORMAL: -0.6886680722236633, 0.3119495213031769, 0.6545408964157104
vb0[1336]+024 TANGENT: -0.7695223093032837, 0.35436657071113586, 0.5312812328338623, -1.0
vb0[1336]+040 BLENDWEIGHTS: 0.8539999723434448, 0.1459999978542328, 0.0, 0.0
vb0[1336]+056 BLENDINDICES: 0, 10, 0, 0
vb0[1336]+072 COLOR: 1.0, 0.5019607843137255, 0.5019607843137255, 0.5019607843137255
vb0[1336]+076 TEXCOORD: 0.30951404571533203, 0.5706390142440796

vb0[1337]+000 POSITION: -0.07877334207296371, 1.9039109945297241, 0.06849312782287598
vb0[1337]+012 NORMAL: -0.7432560920715332, 0.2720121443271637, 0.6112117171287537
vb0[1337]+024 TANGENT: -0.8184479475021362, 0.3602961301803589, 0.4475819766521454, -1.0
vb0[1337]+040 BLENDWEIGHTS: 0.7269999980926514, 0.27300000190734863, 0.0, 0.0
vb0[1337]+056 BLENDINDICES: 0, 10, 0, 0
vb0[1337]+072 COLOR: 1.0, 0.5019607843137255, 0.5019607843137255, 0.5019607843137255
vb0[1337]+076 TEXCOORD: 0.31688690185546875, 0.579364001750946

vb0[1338]+000 POSITION: -0.07984337955713272, 1.89130699634552, 0.0702347531914711
vb0[1338]+012 NORMAL: -0.7295578122138977, 0.12180589884519577, 0.6729849576950073
vb0[1338]+024 TANGENT: -0.6880170106887817, -0.006185472477227449, 0.72566819190979, -1.0
vb0[1338]+040 BLENDWEIGHTS: 0.6690000295639038, 0.3310000002384186, 0.0, 0.0
vb0[1338]+056 BLENDINDICES: 0, 10, 0, 0
vb0[1338]+072 COLOR: 1.0, 0.5019607843137255, 0.5019607843137255, 0.5019607843137255
vb0[1338]+076 TEXCOORD: 0.33198094367980957, 0.5781109929084778

vb0[1339]+000 POSITION: -0.0835859552025795, 1.8983410596847534, 0.06411116570234299
vb0[1339]+012 NORMAL: -0.7906975150108337, 0.2331872135400772, 0.5660575032234192
vb0[1339]+024 TANGENT: -0.8659088611602783, 0.3777972459793091, 0.3278278410434723, -1.0
vb0[1339]+040 BLENDWEIGHTS: 0.6110000014305115, 0.3889999985694885, 0.0, 0.0
vb0[1339]+056 BLENDINDICES: 0, 10, 0, 0
vb0[1339]+072 COLOR: 1.0, 0.5019607843137255, 0.5019607843137255, 0.5019607843137255
vb0[1339]+076 TEXCOORD: 0.32362985610961914, 0.5865160226821899

vb0[1340]+000 POSITION: -0.07588119804859161, 1.8866748809814453, 0.07224567979574203
vb0[1340]+012 NORMAL: -0.6876860857009888, 0.04153847321867943, 0.7248188257217407
vb0[1340]+024 TANGENT: 0.025174260139465332, -0.6958169937133789, 0.7177778482437134, -1.0
vb0[1340]+040 BLENDWEIGHTS: 0.703000009059906, 0.296999990940094, 0.0, 0.0
vb0[1340]+056 BLENDINDICES: 0, 10, 0, 0
vb0[1340]+072 COLOR: 1.0, 0.5019607843137255, 0.5019607843137255, 0.5019607843137255
vb0[1340]+076 TEXCOORD: 0.337352991104126, 0.5727999806404114

vb0[1341]+000 POSITION: -0.08427674323320389, 1.886099934577942, 0.06583786010742188
vb0[1341]+012 NORMAL: -0.7664171457290649, 0.08188657462596893, 0.6371023058891296
vb0[1341]+024 TANGENT: -0.702630877494812, -0.01707613468170166, 0.711349606513977, -1.0
vb0[1341]+040 BLENDWEIGHTS: 0.5320000052452087, 0.46799999475479126, 0.0, 0.0
vb0[1341]+056 BLENDINDICES: 0, 10, 0, 0
vb0[1341]+072 COLOR: 1.0, 0.5019607843137255, 0.5019607843137255, 0.5019607843137255
vb0[1341]+076 TEXCOORD: 0.3382289409637451, 0.5851680040359497

vb0[1342]+000 POSITION: -0.08748657256364822, 1.8924360275268555, 0.06033620610833168
vb0[1342]+012 NORMAL: -0.8368441462516785, 0.20759303867816925, 0.5065540075302124
vb0[1342]+024 TANGENT: -0.8959178924560547, 0.3754957914352417, 0.23734796047210693, -1.0
vb0[1342]+040 BLENDWEIGHTS: 0.5040000081062317, 0.4959999918937683, 0.0, 0.0
vb0[1342]+056 BLENDINDICES: 10, 0, 0, 0
vb0[1342]+072 COLOR: 1.0, 0.5019607843137255, 0.5019607843137255, 0.5019607843137255
vb0[1342]+076 TEXCOORD: 0.3305511474609375, 0.5924980044364929

vb0[1343]+000 POSITION: -0.08074250817298889, 1.881829023361206, 0.06753242760896683
vb0[1343]+012 NORMAL: -0.7235749959945679, 0.000454563123639673, 0.6902456879615784
vb0[1343]+024 TANGENT: 0.023706914857029915, -0.6717554330825806, 0.7403935194015503, -1.0
vb0[1343]+040 BLENDWEIGHTS: 0.5630000233650208, 0.43700000643730164, 0.0, 0.0
vb0[1343]+056 BLENDINDICES: 0, 10, 0, 0
vb0[1343]+072 COLOR: 1.0, 0.5019607843137255, 0.5019607843137255, 0.5019607843137255
vb0[1343]+076 TEXCOORD: 0.3434791564941406, 0.5806149840354919

vb0[1344]+000 POSITION: -0.06552321463823318, 1.9165799617767334, 0.07865025103092194
vb0[1344]+012 NORMAL: -0.6206341981887817, 0.36344805359840393, 0.6947796940803528
vb0[1344]+024 TANGENT: -0.7077629566192627, 0.37473416328430176, 0.5988706350326538, -1.0
vb0[1344]+040 BLENDWEIGHTS: 0.9449999928474426, 0.054999999701976776, 0.0, 0.0
vb0[1344]+056 BLENDINDICES: 0, 10, 0, 0
vb0[1344]+072 COLOR: 1.0, 0.5019607843137255, 0.5019607843137255, 0.5019607843137255
vb0[1344]+076 TEXCOORD: 0.3015279769897461, 0.5606740117073059

vb0[1345]+000 POSITION: -0.09086717665195465, 1.8859119415283203, 0.05710460990667343
vb0[1345]+012 NORMAL: -0.872344434261322, 0.17196698486804962, 0.4576490819454193
vb0[1345]+024 TANGENT: -0.9194632172584534, 0.3404509723186493, 0.19667349755764008, -1.0
vb0[1345]+040 BLENDWEIGHTS: 0.609000027179718, 0.39100000262260437, 0.0, 0.0
vb0[1345]+056 BLENDINDICES: 10, 0, 0, 0
vb0[1345]+072 COLOR: 1.0, 0.5019607843137255, 0.5019607843137255, 0.5019607843137255
vb0[1345]+076 TEXCOORD: 0.3379940986633301, 0.5978040099143982

vb0[1346]+000 POSITION: -0.08576054126024246, 1.8929468393325806, 0.05405668914318085
vb0[1346]+012 NORMAL: -0.8922339677810669, 0.3023373484611511, 0.3354260325431824
vb0[1346]+024 TANGENT: -0.19634532928466797, 0.47885575890541077, -0.8556551933288574, -1.0
vb0[1346]+040 BLENDWEIGHTS: 0.5429999828338623, 0.4569999873638153, 0.0, 0.0
vb0[1346]+056 BLENDINDICES: 10, 0, 0, 0
vb0[1346]+072 COLOR: 1.0, 0.5019607843137255, 0.5019607843137255, 0.5019607843137255
vb0[1346]+076 TEXCOORD: 0.3272700309753418, 0.5992649793624878

vb0[1347]+000 POSITION: -0.08281238377094269, 1.8985538482666016, 0.056539129465818405
vb0[1347]+012 NORMAL: -0.8615879416465759, 0.34568244218826294, 0.3717120289802551
vb0[1347]+024 TANGENT: -0.22655081748962402, 0.5024497509002686, -0.8343973755836487, -1.0
vb0[1347]+040 BLENDWEIGHTS: 0.5460000038146973, 0.45399999618530273, 0.0, 0.0
vb0[1347]+056 BLENDINDICES: 0, 10, 0, 0
vb0[1347]+072 COLOR: 1.0, 0.5019607843137255, 0.5019607843137255, 0.30196078431372547
vb0[1347]+076 TEXCOORD: 0.3206028938293457, 0.5948150157928467

vb0[1348]+000 POSITION: -0.08090594410896301, 1.9022070169448853, 0.057877130806446075
vb0[1348]+012 NORMAL: -0.8477787375450134, 0.3561142683029175, 0.3930060863494873
vb0[1348]+024 TANGENT: -0.3307974338531494, 0.5062109231948853, -0.796444296836853, -1.0
vb0[1348]+040 BLENDWEIGHTS: 0.5979999899864197, 0.4020000100135803, 0.0, 0.0
vb0[1348]+056 BLENDINDICES: 0, 10, 0, 0
vb0[1348]+072 COLOR: 1.0, 0.5019607843137255, 0.5019607843137255, 0.0
vb0[1348]+076 TEXCOORD: 0.3162078857421875, 0.5921840071678162

vb0[1349]+000 POSITION: -0.07768891751766205, 1.9075969457626343, 0.062571220099926
vb0[1349]+012 NORMAL: -0.7944883108139038, 0.3890909254550934, 0.4662581980228424
vb0[1349]+024 TANGENT: -0.842070460319519, 0.5254754424095154, 0.12162589281797409, -1.0
vb0[1349]+040 BLENDWEIGHTS: 0.722000002861023, 0.27799999713897705, 0.0, 0.0
vb0[1349]+056 BLENDINDICES: 0, 10, 0, 0
vb0[1349]+072 COLOR: 1.0, 0.5019607843137255, 0.5019607843137255, 0.0
vb0[1349]+076 TEXCOORD: 0.31053900718688965, 0.5849499702453613

vb0[1350]+000 POSITION: -0.07285281270742416, 1.9141429662704468, 0.06775416433811188
vb0[1350]+012 NORMAL: -0.7291106581687927, 0.4096299707889557, 0.5482707023620605
vb0[1350]+024 TANGENT: -0.8070811629295349, 0.49647387862205505, 0.3195834159851074, -1.0
vb0[1350]+040 BLENDWEIGHTS: 0.8420000076293945, 0.15800000727176666, 0.0, 0.0
vb0[1350]+056 BLENDINDICES: 0, 10, 0, 0
vb0[1350]+072 COLOR: 1.0, 0.5019607843137255, 0.5019607843137255, 0.0
vb0[1350]+076 TEXCOORD: 0.3035011291503906, 0.5759729743003845

vb0[1351]+000 POSITION: -0.06559070944786072, 1.921454906463623, 0.07357511669397354
vb0[1351]+012 NORMAL: -0.6430637836456299, 0.4484308063983917, 0.6207888722419739
vb0[1351]+024 TANGENT: -0.7340040802955627, 0.4904119372367859, 0.4698236286640167, -1.0
vb0[1351]+040 BLENDWEIGHTS: 0.9399999976158142, 0.05999999865889549, 0.0, 0.0
vb0[1351]+056 BLENDINDICES: 0, 10, 0, 0
vb0[1351]+072 COLOR: 1.0, 0.5019607843137255, 0.5019607843137255, 0.10196078431372549
vb0[1351]+076 TEXCOORD: 0.2949249744415283, 0.5650309920310974

vb0[1352]+000 POSITION: -0.08863555639982224, 1.887308955192566, 0.051877669990062714
vb0[1352]+012 NORMAL: -0.9173663258552551, 0.26020652055740356, 0.30121666193008423
vb0[1352]+024 TANGENT: -0.22440971434116364, 0.4445185661315918, -0.8672044277191162, -1.0
vb0[1352]+040 BLENDWEIGHTS: 0.6299999952316284, 0.3700000047683716, 0.0, 0.0
vb0[1352]+056 BLENDINDICES: 10, 0, 0, 0
vb0[1352]+072 COLOR: 1.0, 0.5019607843137255, 0.5019607843137255, 0.5019607843137255
vb0[1352]+076 TEXCOORD: 0.33395814895629883, 0.6032959818840027

vb0[1353]+000 POSITION: -0.09123122692108154, 1.881404995918274, 0.050151627510786057
vb0[1353]+012 NORMAL: -0.9409567713737488, 0.2008664309978485, 0.2724940776824951
vb0[1353]+024 TANGENT: -0.2593437433242798, 0.3881469666957855, -0.8843544721603394, -1.0
vb0[1353]+040 BLENDWEIGHTS: 0.7039999961853027, 0.29600000381469727, 0.0, 0.0
vb0[1353]+056 BLENDINDICES: 10, 0, 0, 0
vb0[1353]+072 COLOR: 1.0, 0.5019607843137255, 0.5019607843137255, 0.4
vb0[1353]+076 TEXCOORD: 0.34086084365844727, 0.6068180203437805

vb0[1354]+000 POSITION: -0.09336639195680618, 1.8804620504379272, 0.05451540648937225
vb0[1354]+012 NORMAL: -0.9004873633384705, 0.12946760654449463, 0.41516321897506714
vb0[1354]+024 TANGENT: -0.9430192708969116, 0.2985053062438965, 0.14700090885162354, -1.0
vb0[1354]+040 BLENDWEIGHTS: 0.6919999718666077, 0.30799999833106995, 0.0, 0.0
vb0[1354]+056 BLENDINDICES: 10, 0, 0, 0
vb0[1354]+072 COLOR: 1.0, 0.5019607843137255, 0.5019607843137255, 0.4
vb0[1354]+076 TEXCOORD: 0.34405994415283203, 0.6020439863204956

vb0[1355]+000 POSITION: -0.09049121290445328, 1.877073884010315, 0.05901319906115532
vb0[1355]+012 NORMAL: -0.8122726082801819, 0.01390976831316948, 0.5831120610237122
vb0[1355]+024 TANGENT: -0.7337112426757812, -0.046467240899801254, 0.6778706312179565, -1.0
vb0[1355]+040 BLENDWEIGHTS: 0.6690000295639038, 0.3310000002384186, 0.0, 0.0
vb0[1355]+056 BLENDINDICES: 10, 0, 0, 0
vb0[1355]+072 COLOR: 1.0, 0.5019607843137255, 0.5019607843137255, 0.4
vb0[1355]+076 TEXCOORD: 0.3484978675842285, 0.5961229801177979

vb0[1356]+000 POSITION: -0.08776498585939407, 1.8813118934631348, 0.06226944923400879
vb0[1356]+012 NORMAL: -0.7947373986244202, 0.04819045215845108, 0.6050373315811157
vb0[1356]+024 TANGENT: -0.715060293674469, -0.03231799975037575, 0.698315441608429, -1.0
vb0[1356]+040 BLENDWEIGHTS: 0.5789999961853027, 0.42100000381469727, 0.0, 0.0
vb0[1356]+056 BLENDINDICES: 10, 0, 0, 0
vb0[1356]+072 COLOR: 1.0, 0.5019607843137255, 0.5019607843137255, 0.5019607843137255
vb0[1356]+076 TEXCOORD: 0.34374499320983887, 0.5910149812698364

vb0[1357]+000 POSITION: -0.08743798732757568, 1.8738858699798584, 0.060774486511945724
vb0[1357]+012 NORMAL: -0.7712590098381042, -0.047460511326789856, 0.6347496509552002
vb0[1357]+024 TANGENT: 0.009806455112993717, -0.656328558921814, 0.7544114589691162, -1.0
vb0[1357]+040 BLENDWEIGHTS: 0.640999972820282, 0.35899999737739563, 0.0, 0.0
vb0[1357]+056 BLENDINDICES: 10, 0, 0, 0
vb0[1357]+072 COLOR: 1.0, 0.5019607843137255, 0.5019607843137255, 0.4
vb0[1357]+076 TEXCOORD: 0.3526611328125, 0.5923309922218323

vb0[1358]+000 POSITION: -0.08436596393585205, 1.8775959014892578, 0.06400679796934128
vb0[1358]+012 NORMAL: -0.7430100440979004, -0.028302956372499466, 0.6686815619468689
vb0[1358]+024 TANGENT: 0.020418882369995117, -0.6590874195098877, 0.7517890930175781, -1.0
vb0[1358]+040 BLENDWEIGHTS: 0.5450000166893005, 0.45500001311302185, 0.0, 0.0
vb0[1358]+056 BLENDINDICES: 10, 0, 0, 0
vb0[1358]+072 COLOR: 1.0, 0.5019607843137255, 0.5019607843137255, 0.5019607843137255
vb0[1358]+076 TEXCOORD: 0.34835004806518555, 0.5868309736251831

vb0[1359]+000 POSITION: -0.09346915781497955, 1.8756918907165527, 0.04875224828720093
vb0[1359]+012 NORMAL: -0.9591187834739685, 0.13989871740341187, 0.2460073083639145
vb0[1359]+024 TANGENT: -0.31611335277557373, 0.31971514225006104, -0.8932270407676697, -1.0
vb0[1359]+040 BLENDWEIGHTS: 0.7720000147819519, 0.2280000001192093, 0.0, 0.0
vb0[1359]+056 BLENDINDICES: 10, 0, 0, 0
vb0[1359]+072 COLOR: 1.0, 0.5019607843137255, 0.5019607843137255, 0.30196078431372547
vb0[1359]+076 TEXCOORD: 0.34742307662963867, 0.6098430156707764

vb0[1360]+000 POSITION: -0.09519178420305252, 1.8750128746032715, 0.0523407980799675
vb0[1360]+012 NORMAL: -0.9166373014450073, 0.08041464537382126, 0.39154765009880066
vb0[1360]+024 TANGENT: -0.9644191861152649, 0.24124738574028015, 0.10814426839351654, -1.0
vb0[1360]+040 BLENDWEIGHTS: 0.765999972820282, 0.23399999737739563, 0.0, 0.0
vb0[1360]+056 BLENDINDICES: 10, 0, 0, 0
vb0[1360]+072 COLOR: 1.0, 0.5019607843137255, 0.5019607843137255, 0.30196078431372547
vb0[1360]+076 TEXCOORD: 0.3498868942260742, 0.6057659983634949

vb0[1361]+000 POSITION: -0.09519493579864502, 1.8697398900985718, 0.04767593741416931
vb0[1361]+012 NORMAL: -0.9741758704185486, 0.07396697998046875, 0.21333123743534088
vb0[1361]+024 TANGENT: -0.35131263732910156, 0.24026499688625336, -0.9049045443534851, -1.0
vb0[1361]+040 BLENDWEIGHTS: 0.8299999833106995, 0.17000000178813934, 0.0, 0.0
vb0[1361]+056 BLENDINDICES: 10, 0, 0, 0
vb0[1361]+072 COLOR: 1.0, 0.5019607843137255, 0.5019607843137255, 0.2
vb0[1361]+076 TEXCOORD: 0.35394906997680664, 0.6126750111579895

vb0[1362]+000 POSITION: -0.09658356755971909, 1.869351863861084, 0.05053228884935379
vb0[1362]+012 NORMAL: -0.9280118346214294, 0.02980373427271843, 0.3713567852973938
vb0[1362]+024 TANGENT: -0.9801512956619263, 0.18080057203769684, 0.0813310295343399, -1.0
vb0[1362]+040 BLENDWEIGHTS: 0.8339999914169312, 0.16599999368190765, 0.0, 0.0
vb0[1362]+056 BLENDINDICES: 10, 0, 0, 0
vb0[1362]+072 COLOR: 1.0, 0.5019607843137255, 0.5019607843137255, 0.2
vb0[1362]+076 TEXCOORD: 0.355741024017334, 0.6092789769172668

vb0[1363]+000 POSITION: -0.09471666812896729, 1.8677719831466675, 0.053542207926511765
vb0[1363]+012 NORMAL: -0.8412988781929016, -0.05154627934098244, 0.5381069779396057
vb0[1363]+024 TANGENT: -0.7505748271942139, -0.06561189889907837, 0.6575199365615845, -1.0
vb0[1363]+040 BLENDWEIGHTS: 0.8209999799728394, 0.17900000512599945, 0.0, 0.0
vb0[1363]+056 BLENDINDICES: 10, 0, 0, 0
vb0[1363]+072 COLOR: 1.0, 0.5019607843137255, 0.5019607843137255, 0.2
vb0[1363]+076 TEXCOORD: 0.3583388328552246, 0.6054509878158569

vb0[1364]+000 POSITION: -0.09281240403652191, 1.8726918697357178, 0.05610824003815651
vb0[1364]+012 NORMAL: -0.832049548625946, -0.017250554636120796, 0.5544330477714539
vb0[1364]+024 TANGENT: -0.7453828454017639, -0.05165886506438255, 0.6646320223808289, -1.0
vb0[1364]+040 BLENDWEIGHTS: 0.753000020980835, 0.24699999392032623, 0.0, 0.0
vb0[1364]+056 BLENDINDICES: 10, 0, 0, 0
vb0[1364]+072 COLOR: 1.0, 0.5019607843137255, 0.5019607843137255, 0.30196078431372547
vb0[1364]+076 TEXCOORD: 0.35326290130615234, 0.6008430123329163

vb0[1365]+000 POSITION: -0.09016621112823486, 1.8701319694519043, 0.057789310812950134
vb0[1365]+012 NORMAL: -0.7852246761322021, -0.06712517142295837, 0.6155619025230408
vb0[1365]+024 TANGENT: 0.03976135700941086, -0.6273033022880554, 0.7777592539787292, -1.0
vb0[1365]+040 BLENDWEIGHTS: 0.7289999723434448, 0.2709999978542328, 0.0, 0.0
vb0[1365]+056 BLENDINDICES: 10, 0, 0, 0
vb0[1365]+072 COLOR: 1.0, 0.5019607843137255, 0.5019607843137255, 0.30196078431372547
vb0[1365]+076 TEXCOORD: 0.35680699348449707, 0.5976200103759766

vb0[1366]+000 POSITION: -0.09257804602384567, 1.8660180568695068, 0.05498909950256348
vb0[1366]+012 NORMAL: -0.8025283217430115, -0.0930081382393837, 0.5893197655677795
vb0[1366]+024 TANGENT: 0.09743469953536987, -0.5879074335098267, 0.8030388355255127, -1.0
vb0[1366]+040 BLENDWEIGHTS: 0.8059999942779541, 0.1940000057220459, 0.0, 0.0
vb0[1366]+056 BLENDINDICES: 10, 0, 0, 0
vb0[1366]+072 COLOR: 1.0, 0.5019607843137255, 0.5019607843137255, 0.2
vb0[1366]+076 TEXCOORD: 0.3609790802001953, 0.6029419898986816

vb0[1367]+000 POSITION: -0.09754863381385803, 1.8637698888778687, 0.04913176968693733
vb0[1367]+012 NORMAL: -0.9391162395477295, -0.026842618361115456, 0.3425493836402893
vb0[1367]+024 TANGENT: -0.9913449287414551, 0.10951113700866699, 0.07240533828735352, -1.0
vb0[1367]+040 BLENDWEIGHTS: 0.8859999775886536, 0.11400000005960464, 0.0, 0.0
vb0[1367]+056 BLENDINDICES: 10, 0, 0, 0
vb0[1367]+072 COLOR: 1.0, 0.5019607843137255, 0.5019607843137255, 0.10196078431372549
vb0[1367]+076 TEXCOORD: 0.36139392852783203, 0.6124950051307678

vb0[1368]+000 POSITION: -0.09657745808362961, 1.8636078834533691, 0.04686180129647255
vb0[1368]+012 NORMAL: -0.9787614345550537, -0.002024939516559243, 0.20499230921268463
vb0[1368]+024 TANGENT: -0.39486101269721985, 0.1526440531015396, -0.9059716463088989, -1.0
vb0[1368]+040 BLENDWEIGHTS: 0.8820000290870667, 0.11800000071525574, 0.0, 0.0
vb0[1368]+056 BLENDINDICES: 10, 0, 0, 0
vb0[1368]+072 COLOR: 1.0, 0.5019607843137255, 0.5019607843137255, 0.10196078431372549
vb0[1368]+076 TEXCOORD: 0.36050891876220703, 0.6153429746627808

vb0[1369]+000 POSITION: -0.09784447401762009, 1.8582940101623535, 0.04817976802587509
vb0[1369]+012 NORMAL: -0.938712477684021, -0.08530495315790176, 0.3339788317680359
vb0[1369]+024 TANGENT: -0.9953539371490479, 0.01849556155502796, 0.09449052810668945, -1.0
vb0[1369]+040 BLENDWEIGHTS: 0.9269999861717224, 0.0729999989271164, 0.0, 0.0
vb0[1369]+056 BLENDINDICES: 10, 0, 0, 0
vb0[1369]+072 COLOR: 1.0, 0.5019607843137255, 0.5019607843137255, 0.0
vb0[1369]+076 TEXCOORD: 0.3667759895324707, 0.6155470013618469

vb0[1370]+000 POSITION: -0.09741324931383133, 1.85794997215271, 0.04656253755092621
vb0[1370]+012 NORMAL: -0.9730947613716125, -0.07520288974046707, 0.21778661012649536
vb0[1370]+024 TANGENT: -0.4648042619228363, 0.03909766301512718, -0.8845497369766235, -1.0
vb0[1370]+040 BLENDWEIGHTS: 0.9269999861717224, 0.0729999989271164, 0.0, 0.0
vb0[1370]+056 BLENDINDICES: 10, 0, 0, 0
vb0[1370]+072 COLOR: 1.0, 0.5019607843137255, 0.5019607843137255, 0.0
vb0[1370]+076 TEXCOORD: 0.36636805534362793, 0.6175529956817627

vb0[1371]+000 POSITION: -0.09616352617740631, 1.8627150058746338, 0.051306579262018204
vb0[1371]+012 NORMAL: -0.8471029996871948, -0.08954478055238724, 0.523830235004425
vb0[1371]+024 TANGENT: -0.7514845728874207, -0.0920565128326416, 0.6532967686653137, -1.0
vb0[1371]+040 BLENDWEIGHTS: 0.878000020980835, 0.12200000137090683, 0.0, 0.0
vb0[1371]+056 BLENDINDICES: 10, 0, 0, 0
vb0[1371]+072 COLOR: 1.0, 0.5019607843137255, 0.5019607843137255, 0.10196078431372549
vb0[1371]+076 TEXCOORD: 0.36341094970703125, 0.6098480224609375

vb0[1372]+000 POSITION: -0.09712786227464676, 1.8577749729156494, 0.04940436780452728
vb0[1372]+012 NORMAL: -0.8563748598098755, -0.12905599176883698, 0.49996671080589294
vb0[1372]+024 TANGENT: -0.7593623995780945, -0.1213187649846077, 0.6392577886581421, -1.0
vb0[1372]+040 BLENDWEIGHTS: 0.9269999861717224, 0.0729999989271164, 0.0, 0.0
vb0[1372]+056 BLENDINDICES: 10, 0, 0, 0
vb0[1372]+072 COLOR: 1.0, 0.5019607843137255, 0.5019607843137255, 0.0
vb0[1372]+076 TEXCOORD: 0.36798810958862305, 0.6142309904098511

vb0[1373]+000 POSITION: -0.09467252343893051, 1.8617010116577148, 0.05224894732236862
vb0[1373]+012 NORMAL: -0.8081938028335571, -0.12455984950065613, 0.5755932331085205
vb0[1373]+024 TANGENT: 0.14852434396743774, -0.5348933935165405, 0.8317628502845764, -1.0
vb0[1373]+040 BLENDWEIGHTS: 0.8769999742507935, 0.12300000339746475, 0.0, 0.0
vb0[1373]+056 BLENDINDICES: 10, 0, 0, 0
vb0[1373]+072 COLOR: 1.0, 0.5019607843137255, 0.5019607843137255, 0.10196078431372549
vb0[1373]+076 TEXCOORD: 0.3651700019836426, 0.6082890033721924

vb0[1374]+000 POSITION: -0.09617230296134949, 1.8572039604187012, 0.05002764239907265
vb0[1374]+012 NORMAL: -0.8103917241096497, -0.15577775239944458, 0.5647996068000793
vb0[1374]+024 TANGENT: 0.20068901777267456, -0.44674772024154663, 0.8718602657318115, -1.0
vb0[1374]+040 BLENDWEIGHTS: 0.9319999814033508, 0.06800000369548798, 0.0, 0.0
vb0[1374]+056 BLENDINDICES: 10, 0, 0, 0
vb0[1374]+072 COLOR: 1.0, 0.5019607843137255, 0.5019607843137255, 0.0
vb0[1374]+076 TEXCOORD: 0.3691568374633789, 0.6133750081062317

vb0[1375]+000 POSITION: -0.09767784923315048, 1.849153995513916, 0.0468631386756897
vb0[1375]+012 NORMAL: -0.9099224805831909, -0.17361634969711304, 0.3766942024230957
vb0[1375]+024 TANGENT: -0.10870766639709473, -0.9816851019859314, -0.15645158290863037, -1.0
vb0[1375]+040 BLENDWEIGHTS: 1.0, 0.0, 0.0, 0.0
vb0[1375]+056 BLENDINDICES: 10, 0, 0, 0
vb0[1375]+072 COLOR: 1.0, 0.5019607843137255, 0.5019607843137255, 0.0
vb0[1375]+076 TEXCOORD: 0.37545204162597656, 0.6214050054550171

vb0[1376]+000 POSITION: 0.024780139327049255, 1.9315400123596191, 0.08576512336730957
vb0[1376]+012 NORMAL: 0.30293530225753784, -0.5595902800559998, 0.7714200019836426
vb0[1376]+024 TANGENT: 0.49557435512542725, 0.1762920767068863, 0.8504864573478699, -1.0
vb0[1376]+040 BLENDWEIGHTS: 1.0, 0.0, 0.0, 0.0
vb0[1376]+056 BLENDINDICES: 0, 0, 0, 0
vb0[1376]+072 COLOR: 1.0, 0.5019607843137255, 0.5019607843137255, 0.0
vb0[1376]+076 TEXCOORD: 0.20777010917663574, 0.5960872769355774

vb0[1377]+000 POSITION: 0.025597820058465004, 1.9351449012756348, 0.08805909752845764
vb0[1377]+012 NORMAL: 0.26519161462783813, -0.5764613747596741, 0.7728944420814514
vb0[1377]+024 TANGENT: -0.0875554010272026, -0.423868328332901, 0.9014819860458374, -1.0
vb0[1377]+040 BLENDWEIGHTS: 1.0, 0.0, 0.0, 0.0
vb0[1377]+056 BLENDINDICES: 0, 0, 0, 0
vb0[1377]+072 COLOR: 1.0, 0.5019607843137255, 0.5019607843137255, 0.5019607843137255
vb0[1377]+076 TEXCOORD: 0.2127823829650879, 0.5964129567146301

vb0[1378]+000 POSITION: 0.02396348863840103, 1.9324098825454712, 0.08677075803279877
vb0[1378]+012 NORMAL: 0.30293530225753784, -0.559590220451355, 0.7714201211929321
vb0[1378]+024 TANGENT: 0.7159134149551392, 0.20100700855255127, 0.6686285734176636, -1.0
vb0[1378]+040 BLENDWEIGHTS: 1.0, 0.0, 0.0, 0.0
vb0[1378]+056 BLENDINDICES: 0, 0, 0, 0
vb0[1378]+072 COLOR: 1.0, 0.5019607843137255, 0.5019607843137255, 0.0
vb0[1378]+076 TEXCOORD: 0.20909690856933594, 0.5949277877807617

vb0[1379]+000 POSITION: 0.027500489726662636, 1.934985876083374, 0.08725044876337051
vb0[1379]+012 NORMAL: 0.26519158482551575, -0.5764613747596741, 0.7728944420814514
vb0[1379]+024 TANGENT: 0.6734070181846619, -0.6178105473518372, 0.4059966206550598, -1.0
vb0[1379]+040 BLENDWEIGHTS: 1.0, 0.0, 0.0, 0.0
vb0[1379]+056 BLENDINDICES: 0, 0, 0, 0
vb0[1379]+072 COLOR: 1.0, 0.5019607843137255, 0.5019607843137255, 0.30196078431372547
vb0[1379]+076 TEXCOORD: 0.21236133575439453, 0.5986948609352112

vb0[1380]+000 POSITION: 0.02747838944196701, 1.9400750398635864, 0.09115635603666306
vb0[1380]+012 NORMAL: 0.2065965235233307, -0.5938775539398193, 0.7775778770446777
vb0[1380]+024 TANGENT: -0.2644309997558594, -0.507714033126831, 0.8199406862258911, -1.0
vb0[1380]+040 BLENDWEIGHTS: 1.0, 0.0, 0.0, 0.0
vb0[1380]+056 BLENDINDICES: 0, 0, 0, 0
vb0[1380]+072 COLOR: 1.0, 0.5019607843137255, 0.5019607843137255, 0.5019607843137255
vb0[1380]+076 TEXCOORD: 0.21998047828674316, 0.5980702042579651

vb0[1381]+000 POSITION: 0.029795000329613686, 1.9401819705963135, 0.09068626165390015
vb0[1381]+012 NORMAL: 0.21306957304477692, -0.5902048945426941, 0.7786267995834351
vb0[1381]+024 TANGENT: 0.6834937334060669, -0.5535107851028442, 0.47588035464286804, -1.0
vb0[1381]+040 BLENDWEIGHTS: 1.0, 0.0, 0.0, 0.0
vb0[1381]+056 BLENDINDICES: 0, 0, 0, 0
vb0[1381]+072 COLOR: 1.0, 0.5019607843137255, 0.5019607843137255, 0.4
vb0[1381]+076 TEXCOORD: 0.2203502655029297, 0.6005222797393799

vb0[1382]+000 POSITION: 0.0286320298910141, 1.9442329406738281, 0.09404720366001129
vb0[1382]+012 NORMAL: 0.2372341901063919, -0.6042828559875488, 0.7606327533721924
vb0[1382]+024 TANGENT: -0.16747714579105377, -0.5771233439445496, 0.7992997765541077, -1.0
vb0[1382]+040 BLENDWEIGHTS: 1.0, 0.0, 0.0, 0.0
vb0[1382]+056 BLENDINDICES: 0, 0, 0, 0
vb0[1382]+072 COLOR: 1.0, 0.5019607843137255, 0.5019607843137255, 0.5019607843137255
vb0[1382]+076 TEXCOORD: 0.22619318962097168, 0.5979840159416199

vb0[1383]+000 POSITION: 0.03152228891849518, 1.9469349384307861, 0.09522774815559387
vb0[1383]+012 NORMAL: 0.2756877839565277, -0.6125840544700623, 0.7407679557800293
vb0[1383]+024 TANGENT: 0.7564757466316223, -0.42511996626853943, 0.4970085918903351, -1.0
vb0[1383]+040 BLENDWEIGHTS: 1.0, 0.0, 0.0, 0.0
vb0[1383]+056 BLENDINDICES: 0, 0, 0, 0
vb0[1383]+072 COLOR: 1.0, 0.5019607843137255, 0.5019607843137255, 0.5019607843137255
vb0[1383]+076 TEXCOORD: 0.2300887107849121, 0.600357174873352

vb0[1384]+000 POSITION: 0.028756147250533104, 1.9469399452209473, 0.09638568013906479
vb0[1384]+012 NORMAL: 0.31030911207199097, -0.6307588219642639, 0.7112324237823486
vb0[1384]+024 TANGENT: -0.0381547212600708, -0.7431259751319885, 0.6680629253387451, -1.0
vb0[1384]+040 BLENDWEIGHTS: 1.0, 0.0, 0.0, 0.0
vb0[1384]+056 BLENDINDICES: 0, 0, 0, 0
vb0[1384]+072 COLOR: 1.0, 0.5019607843137255, 0.5019607843137255, 0.5019607843137255
vb0[1384]+076 TEXCOORD: 0.2304072380065918, 0.5969905853271484

vb0[1385]+000 POSITION: 0.031071459874510765, 1.9488459825515747, 0.09705616533756256
vb0[1385]+012 NORMAL: 0.3104532063007355, -0.6281351447105408, 0.713487982749939
vb0[1385]+024 TANGENT: 0.7138994932174683, -0.18584708869457245, 0.6751358509063721, -1.0
vb0[1385]+040 BLENDWEIGHTS: 1.0, 0.0, 0.0, 0.0
vb0[1385]+056 BLENDINDICES: 0, 0, 0, 0
vb0[1385]+072 COLOR: 1.0, 0.5019607843137255, 0.5019607843137255, 0.5019607843137255
vb0[1385]+076 TEXCOORD: 0.23283958435058594, 0.5992355942726135

vb0[1386]+000 POSITION: 0.029429398477077484, 1.9496068954467773, 0.09848816692829132
vb0[1386]+012 NORMAL: 0.3432334363460541, -0.6539695262908936, 0.6741769909858704
vb0[1386]+024 TANGENT: 0.5205146074295044, -0.07227253168821335, 0.8507885932922363, -1.0
vb0[1386]+040 BLENDWEIGHTS: 1.0, 0.0, 0.0, 0.0
vb0[1386]+056 BLENDINDICES: 0, 0, 0, 0
vb0[1386]+072 COLOR: 1.0, 0.5019607843137255, 0.5019607843137255, 0.5019607843137255
vb0[1386]+076 TEXCOORD: 0.2342696189880371, 0.5970255136489868

vb0[1387]+000 POSITION: 0.02725166082382202, 1.9478880167007446, 0.09793238341808319
vb0[1387]+012 NORMAL: 0.3571777939796448, -0.6769197583198547, 0.6435866355895996
vb0[1387]+024 TANGENT: 0.0355343222618103, -0.9169305562973022, 0.39746150374412537, -1.0
vb0[1387]+040 BLENDWEIGHTS: 1.0, 0.0, 0.0, 0.0
vb0[1387]+056 BLENDINDICES: 0, 0, 0, 0
vb0[1387]+072 COLOR: 1.0, 0.5019607843137255, 0.5019607843137255, 0.5019607843137255
vb0[1387]+076 TEXCOORD: 0.23234939575195312, 0.5947132110595703

vb0[1388]+000 POSITION: 0.02639954909682274, 1.949143886566162, 0.09987963736057281
vb0[1388]+012 NORMAL: 0.40536072850227356, -0.7338811755180359, 0.5450698733329773
vb0[1388]+024 TANGENT: 0.40752407908439636, -0.16405896842479706, 0.8983365893363953, -1.0
vb0[1388]+040 BLENDWEIGHTS: 1.0, 0.0, 0.0, 0.0
vb0[1388]+056 BLENDINDICES: 0, 0, 0, 0
vb0[1388]+072 COLOR: 1.0, 0.5019607843137255, 0.5019607843137255, 0.5019607843137255
vb0[1388]+076 TEXCOORD: 0.23476409912109375, 0.5931318402290344

vb0[1389]+000 POSITION: 0.024969547986984253, 1.9481860399246216, 0.09962110966444016
vb0[1389]+012 NORMAL: 0.413578599691391, -0.7547848224639893, 0.5091686248779297
vb0[1389]+024 TANGENT: 0.18299853801727295, -0.9694563746452332, 0.16329717636108398, -1.0
vb0[1389]+040 BLENDWEIGHTS: 1.0, 0.0, 0.0, 0.0
vb0[1389]+056 BLENDINDICES: 0, 0, 0, 0
vb0[1389]+072 COLOR: 1.0, 0.5019607843137255, 0.5019607843137255, 0.5019607843137255
vb0[1389]+076 TEXCOORD: 0.23379898071289062, 0.591379702091217

vb0[1390]+000 POSITION: 0.022242488339543343, 1.9476079940795898, 0.10161682218313217
vb0[1390]+012 NORMAL: 0.4596768915653229, -0.7936702370643616, 0.3984779715538025
vb0[1390]+024 TANGENT: 0.4014896750450134, -0.5809553861618042, 0.708023190498352, -1.0
vb0[1390]+040 BLENDWEIGHTS: 1.0, 0.0, 0.0, 0.0
vb0[1390]+056 BLENDINDICES: 0, 0, 0, 0
vb0[1390]+072 COLOR: 1.0, 0.5019607843137255, 0.5019607843137255, 0.5019607843137255
vb0[1390]+076 TEXCOORD: 0.23480486869812012, 0.5871157050132751

vb0[1391]+000 POSITION: 0.020149709656834602, 1.94878089427948, 0.0976424515247345
vb0[1391]+012 NORMAL: 0.32959726452827454, -0.9395149946212769, 0.09315093606710434
vb0[1391]+024 TANGENT: 0.3243621289730072, -0.9446757435798645, 0.048754096031188965, -1.0
vb0[1391]+040 BLENDWEIGHTS: 1.0, 0.0, 0.0, 0.0
vb0[1391]+056 BLENDINDICES: 0, 0, 0, 0
vb0[1391]+072 COLOR: 1.0, 0.5019607843137255, 0.5019607843137255, 0.0
vb0[1391]+076 TEXCOORD: 0.22987103462219238, 0.5875624418258667

vb0[1392]+000 POSITION: 0.014599489979445934, 1.943424940109253, 0.10391465574502945
vb0[1392]+012 NORMAL: 0.3792131543159485, -0.807296872138977, -0.4521826207637787
vb0[1392]+024 TANGENT: 0.5439544320106506, -0.5812066793441772, 0.6052374839782715, -1.0
vb0[1392]+040 BLENDWEIGHTS: 1.0, 0.0, 0.0, 0.0
vb0[1392]+056 BLENDINDICES: 0, 0, 0, 0
vb0[1392]+072 COLOR: 1.0, 0.5019607843137255, 0.5019607843137255, 0.5019607843137255
vb0[1392]+076 TEXCOORD: 0.2314164638519287, 0.5770906209945679

vb0[1393]+000 POSITION: 0.012023359537124634, 1.9446189403533936, 0.09960942715406418
vb0[1393]+012 NORMAL: 0.5081329345703125, -0.8612456917762756, -0.007542171515524387
vb0[1393]+024 TANGENT: 0.5100443363189697, -0.8601145148277283, -0.00760304881259799, -1.0
vb0[1393]+040 BLENDWEIGHTS: 1.0, 0.0, 0.0, 0.0
vb0[1393]+056 BLENDINDICES: 0, 0, 0, 0
vb0[1393]+072 COLOR: 1.0, 0.5019607843137255, 0.5019607843137255, 0.0
vb0[1393]+076 TEXCOORD: 0.22621870040893555, 0.5787778496742249

vb0[1394]+000 POSITION: 0.022242488339543343, 1.9476079940795898, 0.10161682218313217
vb0[1394]+012 NORMAL: 0.16425912082195282, -0.9201837182044983, -0.3553602397441864
vb0[1394]+024 TANGENT: 0.4014896750450134, -0.5809553861618042, 0.708023190498352, -1.0
vb0[1394]+040 BLENDWEIGHTS: 1.0, 0.0, 0.0, 0.0
vb0[1394]+056 BLENDINDICES: 0, 0, 0, 0
vb0[1394]+072 COLOR: 1.0, 0.5019607843137255, 0.5019607843137255, 0.5019607843137255
vb0[1394]+076 TEXCOORD: 0.23480486869812012, 0.5871157050132751

vb0[1395]+000 POSITION: 0.006382949650287628, 1.9374518394470215, 0.10614044964313507
vb0[1395]+012 NORMAL: 0.4267675280570984, -0.7506343126296997, -0.5043983459472656
vb0[1395]+024 TANGENT: 0.5830105543136597, -0.597856342792511, 0.5501512289047241, -1.0
vb0[1395]+040 BLENDWEIGHTS: 1.0, 0.0, 0.0, 0.0
vb0[1395]+056 BLENDINDICES: 0, 0, 0, 0
vb0[1395]+072 COLOR: 1.0, 0.5019607843137255, 0.5019607843137255, 0.5019607843137255
vb0[1395]+076 TEXCOORD: 0.22822856903076172, 0.5678638219833374

vb0[1396]+000 POSITION: 0.003941149916499853, 1.9388319253921509, 0.10178089141845703
vb0[1396]+012 NORMAL: 0.5677070021629333, -0.8165895342826843, -0.10435646027326584
vb0[1396]+024 TANGENT: 0.5612531304359436, -0.822345495223999, -0.09350389242172241, -1.0
vb0[1396]+040 BLENDWEIGHTS: 1.0, 0.0, 0.0, 0.0
vb0[1396]+056 BLENDINDICES: 0, 0, 0, 0
vb0[1396]+072 COLOR: 1.0, 0.5019607843137255, 0.5019607843137255, 0.0
vb0[1396]+076 TEXCOORD: 0.22283029556274414, 0.5697615742683411

vb0[1397]+000 POSITION: -0.004205155186355114, 1.9325300455093384, 0.10500606149435043
vb0[1397]+012 NORMAL: 0.5948051810264587, -0.7689787149429321, -0.2342616319656372
vb0[1397]+024 TANGENT: 0.5826798677444458, -0.7765097618103027, -0.23982644081115723, -1.0
vb0[1397]+040 BLENDWEIGHTS: 1.0, 0.0, 0.0, 0.0
vb0[1397]+056 BLENDINDICES: 0, 0, 0, 0
vb0[1397]+072 COLOR: 1.0, 0.5019607843137255, 0.5019607843137255, 0.0
vb0[1397]+076 TEXCOORD: 0.22027087211608887, 0.5607818961143494

vb0[1398]+000 POSITION: -0.0018283555982634425, 1.9310227632522583, 0.10835674405097961
vb0[1398]+012 NORMAL: 0.43365487456321716, -0.6839951872825623, -0.5865952968597412
vb0[1398]+024 TANGENT: 0.5978843569755554, -0.610137403011322, 0.519871711730957, -1.0
vb0[1398]+040 BLENDWEIGHTS: 1.0, 0.0, 0.0, 0.0
vb0[1398]+056 BLENDINDICES: 0, 0, 0, 0
vb0[1398]+072 COLOR: 1.0, 0.5019607843137255, 0.5019607843137255, 0.5019607843137255
vb0[1398]+076 TEXCOORD: 0.22446274757385254, 0.5591006875038147

vb0[1399]+000 POSITION: -0.010029939003288746, 1.9262804985046387, 0.10763325542211533
vb0[1399]+012 NORMAL: 0.5707507133483887, -0.7265059351921082, -0.3826654255390167
vb0[1399]+024 TANGENT: 0.5518081188201904, -0.7211107015609741, -0.41893577575683594, -1.0
vb0[1399]+040 BLENDWEIGHTS: 0.9779999852180481, 0.02199999988079071, 0.0, 0.0
vb0[1399]+056 BLENDINDICES: 0, 4, 0, 0
vb0[1399]+072 COLOR: 1.0, 0.5019607843137255, 0.5019607843137255, 0.0
vb0[1399]+076 TEXCOORD: 0.21849966049194336, 0.5526275038719177

vb0[1400]+000 POSITION: -0.008424779400229454, 1.9249259233474731, 0.10968951880931854
vb0[1400]+012 NORMAL: 0.4358910620212555, -0.5863162875175476, -0.6828119158744812
vb0[1400]+024 TANGENT: 0.6530558466911316, -0.6124300956726074, 0.4454743564128876, -1.0
vb0[1400]+040 BLENDWEIGHTS: 0.9610000252723694, 0.039000000804662704, 0.0, 0.0
vb0[1400]+056 BLENDINDICES: 0, 4, 0, 0
vb0[1400]+072 COLOR: 1.0, 0.5019607843137255, 0.5019607843137255, 0.5019607843137255
vb0[1400]+076 TEXCOORD: 0.22158467769622803, 0.5514981150627136

vb0[1401]+000 POSITION: -0.015557941980659962, 1.9189214706420898, 0.10997064411640167
vb0[1401]+012 NORMAL: 0.5048638582229614, -0.5716797113418579, -0.6467572450637817
vb0[1401]+024 TANGENT: 0.49470096826553345, -0.547231137752533, -0.675136387348175, -1.0
vb0[1401]+040 BLENDWEIGHTS: 0.890999972820282, 0.10899999737739563, 0.0, 0.0
vb0[1401]+056 BLENDINDICES: 0, 4, 0, 0
vb0[1401]+072 COLOR: 1.0, 0.5019607843137255, 0.5019607843137255, 0.0
vb0[1401]+076 TEXCOORD: 0.21772313117980957, 0.5440995693206787

vb0[1402]+000 POSITION: -0.014823049306869507, 1.9181863069534302, 0.11074912548065186
vb0[1402]+012 NORMAL: 0.44339022040367126, -0.4771280884742737, -0.7587845325469971
vb0[1402]+024 TANGENT: 0.6384255886077881, -0.5834492444992065, 0.5019958019256592, -1.0
vb0[1402]+040 BLENDWEIGHTS: 0.8889999985694885, 0.11100000143051147, 0.0, 0.0
vb0[1402]+056 BLENDINDICES: 0, 4, 0, 0
vb0[1402]+072 COLOR: 1.0, 0.5019607843137255, 0.5019607843137255, 0.5019607843137255
vb0[1402]+076 TEXCOORD: 0.2190265655517578, 0.5435439944267273

vb0[1403]+000 POSITION: -0.02090548537671566, 1.9107367992401123, 0.11113163083791733
vb0[1403]+012 NORMAL: 0.5061652064323425, -0.42584365606307983, -0.7499694228172302
vb0[1403]+024 TANGENT: 0.7186201810836792, -0.47896718978881836, 0.504158079624176, -1.0
vb0[1403]+040 BLENDWEIGHTS: 0.7739999890327454, 0.22599999606609344, 0.0, 0.0
vb0[1403]+056 BLENDINDICES: 0, 4, 0, 0
vb0[1403]+072 COLOR: 1.0, 0.5019607843137255, 0.5019607843137255, 0.5019607843137255
vb0[1403]+076 TEXCOORD: 0.2163480520248413, 0.535264790058136

vb0[1404]+000 POSITION: -0.027292286977171898, 1.9155759811401367, 0.10388831049203873
vb0[1404]+012 NORMAL: 0.5140189528465271, -0.42781251668930054, -0.7434788346290588
vb0[1404]+024 TANGENT: 0.8993961215019226, 0.19153130054473877, 0.3929406702518463, -1.0
vb0[1404]+040 BLENDWEIGHTS: 0.9129999876022339, 0.08699999749660492, 0.0, 0.0
vb0[1404]+056 BLENDINDICES: 0, 4, 0, 0
vb0[1404]+072 COLOR: 1.0, 0.5019607843137255, 0.5019607843137255, 0.0
vb0[1404]+076 TEXCOORD: 0.2054731845855713, 0.5396716594696045

vb0[1405]+000 POSITION: -0.025163225829601288, 1.9047966003417969, 0.11124199628829956
vb0[1405]+012 NORMAL: 0.6452718377113342, -0.3721447288990021, -0.6671825647354126
vb0[1405]+024 TANGENT: 0.7669432163238525, -0.3433859050273895, 0.542110800743103, -1.0
vb0[1405]+040 BLENDWEIGHTS: 0.675000011920929, 0.32499998807907104, 0.0, 0.0
vb0[1405]+056 BLENDINDICES: 0, 4, 0, 0
vb0[1405]+072 COLOR: 1.0, 0.5019607843137255, 0.5019607843137255, 0.5019607843137255
vb0[1405]+076 TEXCOORD: 0.21450865268707275, 0.528992772102356

vb0[1406]+000 POSITION: -0.03179969638586044, 1.908167839050293, 0.10258173942565918
vb0[1406]+012 NORMAL: 0.4660664200782776, -0.23903562128543854, -0.8518474698066711
vb0[1406]+024 TANGENT: 0.5013604760169983, -0.23905234038829803, -0.8315597772598267, -1.0
vb0[1406]+040 BLENDWEIGHTS: 0.7670000195503235, 0.2329999953508377, 0.0, 0.0
vb0[1406]+056 BLENDINDICES: 0, 4, 0, 0
vb0[1406]+072 COLOR: 1.0, 0.5019607843137255, 0.5019607843137255, 0.30196078431372547
vb0[1406]+076 TEXCOORD: 0.202467679977417, 0.5322601199150085

vb0[1407]+000 POSITION: -0.03418081998825073, 1.9190287590026855, 0.0997503474354744
vb0[1407]+012 NORMAL: 0.32932791113853455, -0.2370574176311493, -0.9139730930328369
vb0[1407]+024 TANGENT: -0.3147937059402466, -0.4247105121612549, 0.8488379716873169, -1.0
vb0[1407]+040 BLENDWEIGHTS: 0.9169999957084656, 0.08299999684095383, 0.0, 0.0
vb0[1407]+056 BLENDINDICES: 0, 4, 0, 0
vb0[1407]+072 COLOR: 1.0, 0.5019607843137255, 0.5019607843137255, 0.0
vb0[1407]+076 TEXCOORD: 0.1963968276977539, 0.5422971248626709

vb0[1408]+000 POSITION: -0.029983121901750565, 1.921459436416626, 0.10027579218149185
vb0[1408]+012 NORMAL: 0.31712958216667175, -0.3691868782043457, -0.8735730051994324
vb0[1408]+024 TANGENT: -0.4925585091114044, -0.8688900470733643, 0.04915463924407959, -1.0
vb0[1408]+040 BLENDWEIGHTS: 0.9190000295639038, 0.08100000023841858, 0.0, 0.0
vb0[1408]+056 BLENDINDICES: 0, 4, 0, 0
vb0[1408]+072 COLOR: 1.0, 0.5019607843137255, 0.5019607843137255, 0.0
vb0[1408]+076 TEXCOORD: 0.20012211799621582, 0.5463371872901917

vb0[1409]+000 POSITION: -0.028879940509796143, 1.898835301399231, 0.11119088530540466
vb0[1409]+012 NORMAL: 0.7051324248313904, -0.38870200514793396, -0.593042254447937
vb0[1409]+024 TANGENT: 0.7496433258056641, -0.3515052795410156, 0.5607842206954956, -1.0
vb0[1409]+040 BLENDWEIGHTS: 0.5699999928474426, 0.4300000071525574, 0.0, 0.0
vb0[1409]+056 BLENDINDICES: 0, 4, 0, 0
vb0[1409]+072 COLOR: 1.0, 0.5019607843137255, 0.5019607843137255, 0.5019607843137255
vb0[1409]+076 TEXCOORD: 0.21268463134765625, 0.5228806734085083

vb0[1410]+000 POSITION: -0.03522671014070511, 1.901273250579834, 0.10199756175279617
vb0[1410]+012 NORMAL: 0.4422643780708313, -0.26760271191596985, -0.856032133102417
vb0[1410]+024 TANGENT: 0.4439007341861725, -0.25180596113204956, -0.8599685430526733, -1.0
vb0[1410]+040 BLENDWEIGHTS: 0.6430000066757202, 0.3569999933242798, 0.0, 0.0
vb0[1410]+056 BLENDINDICES: 0, 4, 0, 0
vb0[1410]+072 COLOR: 1.0, 0.5019607843137255, 0.5019607843137255, 0.30196078431372547
vb0[1410]+076 TEXCOORD: 0.2004995346069336, 0.5255929231643677

vb0[1411]+000 POSITION: -0.032543886452913284, 1.892841100692749, 0.11113859713077545
vb0[1411]+012 NORMAL: 0.724260687828064, -0.4090293347835541, -0.5551049113273621
vb0[1411]+024 TANGENT: 0.7327931523323059, -0.36540257930755615, 0.5740166306495667, -1.0
vb0[1411]+040 BLENDWEIGHTS: 0.5329999923706055, 0.46700000762939453, 0.0, 0.0
vb0[1411]+056 BLENDINDICES: 4, 0, 0, 0
vb0[1411]+072 COLOR: 1.0, 0.5019607843137255, 0.5019607843137255, 0.5019607843137255
vb0[1411]+076 TEXCOORD: 0.2105851173400879, 0.5168030858039856

vb0[1412]+000 POSITION: -0.03841395303606987, 1.894596815109253, 0.10203675925731659
vb0[1412]+012 NORMAL: 0.3892803192138672, -0.2904387414455414, -0.8741316795349121
vb0[1412]+024 TANGENT: 0.38829541206359863, -0.27629220485687256, -0.8791412115097046, -1.0
vb0[1412]+040 BLENDWEIGHTS: 0.5249999761581421, 0.4749999940395355, 0.0, 0.0
vb0[1412]+056 BLENDINDICES: 0, 4, 0, 0
vb0[1412]+072 COLOR: 1.0, 0.5019607843137255, 0.5019607843137255, 0.30196078431372547
vb0[1412]+076 TEXCOORD: 0.19887590408325195, 0.5192267894744873

vb0[1413]+000 POSITION: -0.04403167963027954, 1.8974827527999878, 0.10196990519762039
vb0[1413]+012 NORMAL: -0.035495735704898834, -0.1051347404718399, -0.9938242435455322
vb0[1413]+024 TANGENT: -0.7985376715660095, 0.27961841225624084, -0.5330583453178406, -1.0
vb0[1413]+040 BLENDWEIGHTS: 0.5199999809265137, 0.47999998927116394, 0.0, 0.0
vb0[1413]+056 BLENDINDICES: 0, 4, 0, 0
vb0[1413]+072 COLOR: 1.0, 0.5019607843137255, 0.5019607843137255, 0.5019607843137255
vb0[1413]+076 TEXCOORD: 0.19217920303344727, 0.5209736824035645

vb0[1414]+000 POSITION: -0.040970329195261, 1.9046893119812012, 0.10102391242980957
vb0[1414]+012 NORMAL: 0.11077554523944855, -0.10508473962545395, -0.9882742166519165
vb0[1414]+024 TANGENT: -0.7304845452308655, 0.33734068274497986, -0.5937958359718323, -1.0
vb0[1414]+040 BLENDWEIGHTS: 0.6470000147819519, 0.3529999852180481, 0.0, 0.0
vb0[1414]+056 BLENDINDICES: 0, 4, 0, 0
vb0[1414]+072 COLOR: 1.0, 0.5019607843137255, 0.5019607843137255, 0.4
vb0[1414]+076 TEXCOORD: 0.19348454475402832, 0.5279524326324463

vb0[1415]+000 POSITION: -0.035980887711048126, 1.8866961002349854, 0.11118143051862717
vb0[1415]+012 NORMAL: 0.7315523624420166, -0.4196873605251312, -0.5373021960258484
vb0[1415]+024 TANGENT: 0.7446796894073486, -0.3562478721141815, 0.5643932223320007, -1.0
vb0[1415]+040 BLENDWEIGHTS: 0.6290000081062317, 0.3709999918937683, 0.0, 0.0
vb0[1415]+056 BLENDINDICES: 4, 0, 0, 0
vb0[1415]+072 COLOR: 1.0, 0.5019607843137255, 0.5019607843137255, 0.5019607843137255
vb0[1415]+076 TEXCOORD: 0.20846915245056152, 0.5106836557388306

vb0[1416]+000 POSITION: -0.04153022542595863, 1.8878135681152344, 0.10274335741996765
vb0[1416]+012 NORMAL: 0.3390218913555145, -0.32755711674690247, -0.8819129467010498
vb0[1416]+024 TANGENT: 0.32674720883369446, -0.3152700662612915, -0.8909775614738464, -1.0
vb0[1416]+040 BLENDWEIGHTS: 0.5870000123977661, 0.4129999876022339, 0.0, 0.0
vb0[1416]+056 BLENDINDICES: 4, 0, 0, 0
vb0[1416]+072 COLOR: 1.0, 0.5019607843137255, 0.5019607843137255, 0.30196078431372547
vb0[1416]+076 TEXCOORD: 0.19752860069274902, 0.5127690434455872

vb0[1417]+000 POSITION: -0.04668297991156578, 1.8901499509811401, 0.10330994427204132
vb0[1417]+012 NORMAL: -0.14978794753551483, -0.14288100600242615, -0.978339672088623
vb0[1417]+024 TANGENT: -0.8580889701843262, 0.1931161880493164, -0.4758039712905884, -1.0
vb0[1417]+040 BLENDWEIGHTS: 0.6039999723434448, 0.3959999978542328, 0.0, 0.0
vb0[1417]+056 BLENDINDICES: 4, 0, 0, 0
vb0[1417]+072 COLOR: 1.0, 0.5019607843137255, 0.5019607843137255, 0.5019607843137255
vb0[1417]+076 TEXCOORD: 0.19138145446777344, 0.5138636231422424

vb0[1418]+000 POSITION: -0.03778906911611557, 1.9118369817733765, 0.10035556554794312
vb0[1418]+012 NORMAL: 0.20390065014362335, -0.15607917308807373, -0.9664698243141174
vb0[1418]+024 TANGENT: -0.6972145438194275, 0.36240583658218384, -0.6185093522071838, -1.0
vb0[1418]+040 BLENDWEIGHTS: 0.7770000100135803, 0.22300000488758087, 0.0, 0.0
vb0[1418]+056 BLENDINDICES: 0, 4, 0, 0
vb0[1418]+072 COLOR: 1.0, 0.5019607843137255, 0.5019607843137255, 0.30196078431372547
vb0[1418]+076 TEXCOORD: 0.19484853744506836, 0.5349723696708679

vb0[1419]+000 POSITION: -0.03932919353246689, 1.880326747894287, 0.11167281866073608
vb0[1419]+012 NORMAL: 0.7331801652908325, -0.421600341796875, -0.5335729718208313
vb0[1419]+024 TANGENT: 0.7624611258506775, -0.31518155336380005, 0.5650783777236938, -1.0
vb0[1419]+040 BLENDWEIGHTS: 0.7200000286102295, 0.2800000011920929, 0.0, 0.0
vb0[1419]+056 BLENDINDICES: 4, 0, 0, 0
vb0[1419]+072 COLOR: 1.0, 0.5019607843137255, 0.5019607843137255, 0.4
vb0[1419]+076 TEXCOORD: 0.20629405975341797, 0.5043867230415344

vb0[1420]+000 POSITION: -0.04419352486729622, 1.8809069395065308, 0.10444789379835129
vb0[1420]+012 NORMAL: 0.3025420010089874, -0.37154796719551086, -0.87773597240448
vb0[1420]+024 TANGENT: 0.29294198751449585, -0.3665735125541687, -0.8830679059028625, -1.0
vb0[1420]+040 BLENDWEIGHTS: 0.6899999976158142, 0.3100000023841858, 0.0, 0.0
vb0[1420]+056 BLENDINDICES: 4, 0, 0, 0
vb0[1420]+072 COLOR: 1.0, 0.5019607843137255, 0.5019607843137255, 0.30196078431372547
vb0[1420]+076 TEXCOORD: 0.19683122634887695, 0.5061436891555786

vb0[1421]+000 POSITION: -0.048717159777879715, 1.8826831579208374, 0.1051006093621254
vb0[1421]+012 NORMAL: -0.22132423520088196, -0.2074410319328308, -0.9528818726539612
vb0[1421]+024 TANGENT: -0.8985310792922974, 0.09327184408903122, -0.42888474464416504, -1.0
vb0[1421]+040 BLENDWEIGHTS: 0.7120000123977661, 0.2879999876022339, 0.0, 0.0
vb0[1421]+056 BLENDINDICES: 4, 0, 0, 0
vb0[1421]+072 COLOR: 1.0, 0.5019607843137255, 0.5019607843137255, 0.4
vb0[1421]+076 TEXCOORD: 0.19144582748413086, 0.5066653490066528

vb0[1422]+000 POSITION: -0.042407069355249405, 1.8738889694213867, 0.11238079518079758
vb0[1422]+012 NORMAL: 0.7279277443885803, -0.42953354120254517, -0.5344362854957581
vb0[1422]+024 TANGENT: 0.7987613677978516, -0.2770128846168518, 0.5340825319290161, -1.0
vb0[1422]+040 BLENDWEIGHTS: 0.800000011920929, 0.20000000298023224, 0.0, 0.0
vb0[1422]+056 BLENDINDICES: 4, 0, 0, 0
vb0[1422]+072 COLOR: 1.0, 0.5019607843137255, 0.5019607843137255, 0.4
vb0[1422]+076 TEXCOORD: 0.2041332721710205, 0.4981345236301422

vb0[1423]+000 POSITION: -0.04653738811612129, 1.8739309310913086, 0.10676850378513336
vb0[1423]+012 NORMAL: 0.27043306827545166, -0.4273289442062378, -0.8627027273178101
vb0[1423]+024 TANGENT: 0.2555513381958008, -0.42406776547431946, -0.8688269257545471, -1.0
vb0[1423]+040 BLENDWEIGHTS: 0.7850000262260437, 0.2150000035762787, 0.0, 0.0
vb0[1423]+056 BLENDINDICES: 4, 0, 0, 0
vb0[1423]+072 COLOR: 1.0, 0.5019607843137255, 0.5019607843137255, 0.30196078431372547
vb0[1423]+076 TEXCOORD: 0.19648528099060059, 0.49942806363105774

vb0[1424]+000 POSITION: -0.04815557971596718, 1.8679249286651611, 0.10954159498214722
vb0[1424]+012 NORMAL: 0.23857848346233368, -0.5081457495689392, -0.8275676369667053
vb0[1424]+024 TANGENT: 0.22020788490772247, -0.5058596134185791, -0.8340350985527039, -1.0
vb0[1424]+040 BLENDWEIGHTS: 0.8550000190734863, 0.14499999582767487, 0.0, 0.0
vb0[1424]+056 BLENDINDICES: 4, 0, 0, 0
vb0[1424]+072 COLOR: 1.0, 0.5019607843137255, 0.5019607843137255, 0.30196078431372547
vb0[1424]+076 TEXCOORD: 0.19663333892822266, 0.493570476770401

vb0[1425]+000 POSITION: -0.04487676918506622, 1.8684269189834595, 0.11355819553136826
vb0[1425]+012 NORMAL: 0.7145618200302124, -0.4538112282752991, -0.5324065089225769
vb0[1425]+024 TANGENT: 0.8246899843215942, -0.22127215564250946, 0.5205045938491821, -1.0
vb0[1425]+040 BLENDWEIGHTS: 0.859000027179718, 0.14100000262260437, 0.0, 0.0
vb0[1425]+056 BLENDINDICES: 4, 0, 0, 0
vb0[1425]+072 COLOR: 1.0, 0.5019607843137255, 0.5019607843137255, 0.30196078431372547
vb0[1425]+076 TEXCOORD: 0.20228862762451172, 0.4927952289581299

vb0[1426]+000 POSITION: -0.050808947533369064, 1.8687938451766968, 0.11015339940786362
vb0[1426]+012 NORMAL: -0.31445154547691345, -0.4010741114616394, -0.8603835701942444
vb0[1426]+024 TANGENT: -0.9388130307197571, -0.09579665958881378, -0.33083704113960266, -1.0
vb0[1426]+040 BLENDWEIGHTS: 0.8650000095367432, 0.13500000536441803, 0.0, 0.0
vb0[1426]+056 BLENDINDICES: 4, 0, 0, 0
vb0[1426]+072 COLOR: 1.0, 0.5019607843137255, 0.5019607843137255, 0.30196078431372547
vb0[1426]+076 TEXCOORD: 0.19347906112670898, 0.4935460686683655

vb0[1427]+000 POSITION: -0.05013730749487877, 1.8752089738845825, 0.10745659470558167
vb0[1427]+012 NORMAL: -0.27385371923446655, -0.28924837708473206, -0.9172455668449402
vb0[1427]+024 TANGENT: -0.9235925674438477, 0.004185199737548828, -0.3833526372909546, -1.0
vb0[1427]+040 BLENDWEIGHTS: 0.8019999861717224, 0.1979999989271164, 0.0, 0.0
vb0[1427]+056 BLENDINDICES: 4, 0, 0, 0
vb0[1427]+072 COLOR: 1.0, 0.5019607843137255, 0.5019607843137255, 0.4
vb0[1427]+076 TEXCOORD: 0.1922152042388916, 0.49957892298698425

vb0[1428]+000 POSITION: -0.04914950579404831, 1.8626259565353394, 0.11295969784259796
vb0[1428]+012 NORMAL: 0.22828315198421478, -0.5721191167831421, -0.7877604365348816
vb0[1428]+024 TANGENT: 0.22233566641807556, -0.57113116979599, -0.790174663066864, -1.0
vb0[1428]+040 BLENDWEIGHTS: 0.906000018119812, 0.09399999678134918, 0.0, 0.0
vb0[1428]+056 BLENDINDICES: 4, 0, 0, 0
vb0[1428]+072 COLOR: 1.0, 0.5019607843137255, 0.5019607843137255, 0.30196078431372547
vb0[1428]+076 TEXCOORD: 0.19704031944274902, 0.4881674647331238

vb0[1429]+000 POSITION: -0.0470268577337265, 1.8630388975143433, 0.11534059047698975
vb0[1429]+012 NORMAL: 0.6995542049407959, -0.4801286458969116, -0.5292449593544006
vb0[1429]+024 TANGENT: 0.8469792008399963, -0.1543518304824829, 0.508725643157959, -1.0
vb0[1429]+040 BLENDWEIGHTS: 0.9070000052452087, 0.09300000220537186, 0.0, 0.0
vb0[1429]+056 BLENDINDICES: 4, 0, 0, 0
vb0[1429]+072 COLOR: 1.0, 0.5019607843137255, 0.5019607843137255, 0.30196078431372547
vb0[1429]+076 TEXCOORD: 0.20047903060913086, 0.4875580370426178

vb0[1430]+000 POSITION: -0.04982344061136246, 1.858359932899475, 0.11605440080165863
vb0[1430]+012 NORMAL: 0.2353295385837555, -0.6165957450866699, -0.7512853741645813
vb0[1430]+024 TANGENT: 0.22708004713058472, -0.6163744330406189, -0.7540007829666138, -1.0
vb0[1430]+040 BLENDWEIGHTS: 0.9430000185966492, 0.05700000002980232, 0.0, 0.0
vb0[1430]+056 BLENDINDICES: 4, 0, 0, 0
vb0[1430]+072 COLOR: 1.0, 0.5019607843137255, 0.5019607843137255, 0.2
vb0[1430]+076 TEXCOORD: 0.19716501235961914, 0.4836503267288208

vb0[1431]+000 POSITION: -0.04861435666680336, 1.8588069677352905, 0.11723409593105316
vb0[1431]+012 NORMAL: 0.6904582977294922, -0.5025299787521362, -0.5203181505203247
vb0[1431]+024 TANGENT: 0.8632336258888245, -0.06687676906585693, 0.5003551244735718, -1.0
vb0[1431]+040 BLENDWEIGHTS: 0.9419999718666077, 0.057999998331069946, 0.0, 0.0
vb0[1431]+056 BLENDINDICES: 4, 0, 0, 0
vb0[1431]+072 COLOR: 1.0, 0.5019607843137255, 0.5019607843137255, 0.2
vb0[1431]+076 TEXCOORD: 0.19904518127441406, 0.4834098517894745

vb0[1432]+000 POSITION: -0.05086667835712433, 1.8586139678955078, 0.11623049527406693
vb0[1432]+012 NORMAL: -0.28468579053878784, -0.5618796944618225, -0.7766885757446289
vb0[1432]+024 TANGENT: -0.9338223934173584, -0.2321932464838028, -0.27214354276657104, -1.0
vb0[1432]+040 BLENDWEIGHTS: 0.9430000185966492, 0.05700000002980232, 0.0, 0.0
vb0[1432]+056 BLENDINDICES: 4, 0, 0, 0
vb0[1432]+072 COLOR: 1.0, 0.5019607843137255, 0.5019607843137255, 0.2
vb0[1432]+076 TEXCOORD: 0.19595813751220703, 0.4836615324020386

vb0[1433]+000 POSITION: -0.050939347594976425, 1.863144040107727, 0.11332659423351288
vb0[1433]+012 NORMAL: -0.3111914396286011, -0.4938707947731018, -0.811942994594574
vb0[1433]+024 TANGENT: -0.9431042075157166, -0.17001552879810333, -0.28574326634407043, -1.0
vb0[1433]+040 BLENDWEIGHTS: 0.9110000133514404, 0.08900000154972076, 0.0, 0.0
vb0[1433]+056 BLENDINDICES: 4, 0, 0, 0
vb0[1433]+072 COLOR: 1.0, 0.5019607843137255, 0.5019607843137255, 0.30196078431372547
vb0[1433]+076 TEXCOORD: 0.1949462890625, 0.48818540573120117

vb0[1434]+000 POSITION: -0.05044563487172127, 1.853119969367981, 0.1204415038228035
vb0[1434]+012 NORMAL: 0.24021735787391663, -0.6397608518600464, -0.730069637298584
vb0[1434]+024 TANGENT: -0.09006191045045853, -0.8224648833274841, 0.5616408586502075, -1.0
vb0[1434]+040 BLENDWEIGHTS: 0.9810000061988831, 0.01899999938905239, 0.0, 0.0
vb0[1434]+056 BLENDINDICES: 4, 0, 0, 0
vb0[1434]+072 COLOR: 1.0, 0.5019607843137255, 0.5019607843137255, 0.30196078431372547
vb0[1434]+076 TEXCOORD: 0.1971111297607422, 0.47781363129615784

vb0[1435]+000 POSITION: 0.02499057911336422, 1.9486979246139526, 0.09442389011383057
vb0[1435]+012 NORMAL: -0.18325456976890564, -0.8661496043205261, 0.46497592329978943
vb0[1435]+024 TANGENT: -0.17641234397888184, -0.8577914834022522, 0.4827757775783539, -1.0
vb0[1435]+040 BLENDWEIGHTS: 1.0, 0.0, 0.0, 0.0
vb0[1435]+056 BLENDINDICES: 0, 0, 0, 0
vb0[1435]+072 COLOR: 1.0, 0.5019607843137255, 0.5019607843137255, 0.0
vb0[1435]+076 TEXCOORD: 0.22835445404052734, 0.5928913354873657

vb0[1436]+000 POSITION: 0.020554129034280777, 1.9459128379821777, 0.09326902776956558
vb0[1436]+012 NORMAL: 0.3036518692970276, -0.6162368655204773, 0.7266689538955688
vb0[1436]+024 TANGENT: 0.33204570412635803, -0.6171616911888123, 0.7133421897888184, -1.0
vb0[1436]+040 BLENDWEIGHTS: 1.0, 0.0, 0.0, 0.0
vb0[1436]+056 BLENDINDICES: 0, 0, 0, 0
vb0[1436]+072 COLOR: 1.0, 0.5019607843137255, 0.5019607843137255, 0.0
vb0[1436]+076 TEXCOORD: 0.22457599639892578, 0.5892777442932129

vb0[1437]+000 POSITION: 0.025431079789996147, 1.9455219507217407, 0.09214970469474792
vb0[1437]+012 NORMAL: -0.3861909508705139, -0.5121679902076721, 0.7671640515327454
vb0[1437]+024 TANGENT: -0.2529691457748413, -0.5288645029067993, 0.810128927230835, -1.0
vb0[1437]+040 BLENDWEIGHTS: 1.0, 0.0, 0.0, 0.0
vb0[1437]+056 BLENDINDICES: 0, 0, 0, 0
vb0[1437]+072 COLOR: 1.0, 0.5019607843137255, 0.5019607843137255, 0.0
vb0[1437]+076 TEXCOORD: 0.2247452735900879, 0.5943239331245422

vb0[1438]+000 POSITION: 0.022803379222750664, 1.9490950107574463, 0.09630034863948822
vb0[1438]+012 NORMAL: 0.1292639970779419, -0.970784068107605, 0.20216113328933716
vb0[1438]+024 TANGENT: 0.10669536888599396, -0.9800191521644592, 0.1678653061389923, -1.0
vb0[1438]+040 BLENDWEIGHTS: 1.0, 0.0, 0.0, 0.0
vb0[1438]+056 BLENDINDICES: 0, 0, 0, 0
vb0[1438]+072 COLOR: 1.0, 0.5019607843137255, 0.5019607843137255, 0.0
vb0[1438]+076 TEXCOORD: 0.22962427139282227, 0.5904305577278137

vb0[1439]+000 POSITION: 0.025533480569720268, 1.9404200315475464, 0.08908668905496597
vb0[1439]+012 NORMAL: -0.22299882769584656, -0.3649844229221344, 0.9039124846458435
vb0[1439]+024 TANGENT: -0.2903701066970825, -0.3638868033885956, 0.8850263357162476, -1.0
vb0[1439]+040 BLENDWEIGHTS: 1.0, 0.0, 0.0, 0.0
vb0[1439]+056 BLENDINDICES: 0, 0, 0, 0
vb0[1439]+072 COLOR: 1.0, 0.5019607843137255, 0.5019607843137255, 0.0
vb0[1439]+076 TEXCOORD: 0.21854209899902344, 0.595302402973175

vb0[1440]+000 POSITION: 0.02151043899357319, 1.9395300149917603, 0.08986388891935349
vb0[1440]+012 NORMAL: 0.2569563090801239, -0.38408511877059937, 0.8868213295936584
vb0[1440]+024 TANGENT: 0.2712458074092865, -0.39120084047317505, 0.8794246315956116, -1.0
vb0[1440]+040 BLENDWEIGHTS: 1.0, 0.0, 0.0, 0.0
vb0[1440]+056 BLENDINDICES: 0, 0, 0, 0
vb0[1440]+072 COLOR: 1.0, 0.5019607843137255, 0.5019607843137255, 0.0
vb0[1440]+076 TEXCOORD: 0.21707916259765625, 0.5910976529121399

vb0[1441]+000 POSITION: 0.028756147250533104, 1.9469399452209473, 0.09638568013906479
vb0[1441]+012 NORMAL: -0.5658496618270874, -0.6755666136741638, 0.47267740964889526
vb0[1441]+024 TANGENT: -0.0381547212600708, -0.7431259751319885, 0.6680629253387451, -1.0
vb0[1441]+040 BLENDWEIGHTS: 1.0, 0.0, 0.0, 0.0
vb0[1441]+056 BLENDINDICES: 0, 0, 0, 0
vb0[1441]+072 COLOR: 1.0, 0.5019607843137255, 0.5019607843137255, 0.5019607843137255
vb0[1441]+076 TEXCOORD: 0.2304072380065918, 0.5969905853271484

vb0[1442]+000 POSITION: 0.0286320298910141, 1.9442329406738281, 0.09404720366001129
vb0[1442]+012 NORMAL: -0.5823197960853577, -0.4362393915653229, 0.6860021352767944
vb0[1442]+024 TANGENT: -0.16747714579105377, -0.5771233439445496, 0.7992997765541077, -1.0
vb0[1442]+040 BLENDWEIGHTS: 1.0, 0.0, 0.0, 0.0
vb0[1442]+056 BLENDINDICES: 0, 0, 0, 0
vb0[1442]+072 COLOR: 1.0, 0.5019607843137255, 0.5019607843137255, 0.5019607843137255
vb0[1442]+076 TEXCOORD: 0.22619318962097168, 0.5979840159416199

vb0[1443]+000 POSITION: 0.02747838944196701, 1.9400750398635864, 0.09115635603666306
vb0[1443]+012 NORMAL: -0.6788390278816223, -0.29114648699760437, 0.674100399017334
vb0[1443]+024 TANGENT: -0.2644309997558594, -0.507714033126831, 0.8199406862258911, -1.0
vb0[1443]+040 BLENDWEIGHTS: 1.0, 0.0, 0.0, 0.0
vb0[1443]+056 BLENDINDICES: 0, 0, 0, 0
vb0[1443]+072 COLOR: 1.0, 0.5019607843137255, 0.5019607843137255, 0.5019607843137255
vb0[1443]+076 TEXCOORD: 0.21998047828674316, 0.5980702042579651

vb0[1444]+000 POSITION: 0.025597820058465004, 1.9351449012756348, 0.08805909752845764
vb0[1444]+012 NORMAL: -0.5814288258552551, -0.16239309310913086, 0.7972257733345032
vb0[1444]+024 TANGENT: -0.0875554010272026, -0.423868328332901, 0.9014819860458374, -1.0
vb0[1444]+040 BLENDWEIGHTS: 1.0, 0.0, 0.0, 0.0
vb0[1444]+056 BLENDINDICES: 0, 0, 0, 0
vb0[1444]+072 COLOR: 1.0, 0.5019607843137255, 0.5019607843137255, 0.5019607843137255
vb0[1444]+076 TEXCOORD: 0.2127823829650879, 0.5964129567146301

vb0[1445]+000 POSITION: 0.02396348863840103, 1.9324098825454712, 0.08677075803279877
vb0[1445]+012 NORMAL: -0.004163408186286688, -0.2945407032966614, 0.9556298851966858
vb0[1445]+024 TANGENT: 0.7159134149551392, 0.20100700855255127, 0.6686285734176636, -1.0
vb0[1445]+040 BLENDWEIGHTS: 1.0, 0.0, 0.0, 0.0
vb0[1445]+056 BLENDINDICES: 0, 0, 0, 0
vb0[1445]+072 COLOR: 1.0, 0.5019607843137255, 0.5019607843137255, 0.0
vb0[1445]+076 TEXCOORD: 0.20909690856933594, 0.5949277877807617

vb0[1446]+000 POSITION: 0.018854498863220215, 1.932460904121399, 0.08760526776313782
vb0[1446]+012 NORMAL: 0.2832326889038086, -0.3305248022079468, 0.9002957940101624
vb0[1446]+024 TANGENT: 0.14960718154907227, 0.804816484451294, 0.5743589401245117, -1.0
vb0[1446]+040 BLENDWEIGHTS: 1.0, 0.0, 0.0, 0.0
vb0[1446]+056 BLENDINDICES: 0, 0, 0, 0
vb0[1446]+072 COLOR: 1.0, 0.5019607843137255, 0.5019607843137255, 0.0
vb0[1446]+076 TEXCOORD: 0.2086021900177002, 0.5889380574226379

vb0[1447]+000 POSITION: 0.02725166082382202, 1.9478880167007446, 0.09793238341808319
vb0[1447]+012 NORMAL: -0.3483472168445587, -0.9373641014099121, -0.0016394918784499168
vb0[1447]+024 TANGENT: 0.0355343222618103, -0.9169305562973022, 0.39746150374412537, -1.0
vb0[1447]+040 BLENDWEIGHTS: 1.0, 0.0, 0.0, 0.0
vb0[1447]+056 BLENDINDICES: 0, 0, 0, 0
vb0[1447]+072 COLOR: 1.0, 0.5019607843137255, 0.5019607843137255, 0.5019607843137255
vb0[1447]+076 TEXCOORD: 0.23234939575195312, 0.5947132110595703

vb0[1448]+000 POSITION: 0.013750609941780567, 1.9365689754486084, 0.09110958129167557
vb0[1448]+012 NORMAL: 0.3585634231567383, -0.3727076053619385, 0.8558746576309204
vb0[1448]+024 TANGENT: 0.35790857672691345, -0.39291632175445557, 0.8470644354820251, -1.0
vb0[1448]+040 BLENDWEIGHTS: 1.0, 0.0, 0.0, 0.0
vb0[1448]+056 BLENDINDICES: 0, 0, 0, 0
vb0[1448]+072 COLOR: 1.0, 0.5019607843137255, 0.5019607843137255, 0.0
vb0[1448]+076 TEXCOORD: 0.2138662338256836, 0.5827602744102478

vb0[1449]+000 POSITION: 0.01231606025248766, 1.941748023033142, 0.0947355329990387
vb0[1449]+012 NORMAL: 0.46910732984542847, -0.6069491505622864, 0.6415225863456726
vb0[1449]+024 TANGENT: 0.46959471702575684, -0.6085107326507568, 0.6396838426589966, -1.0
vb0[1449]+040 BLENDWEIGHTS: 1.0, 0.0, 0.0, 0.0
vb0[1449]+056 BLENDINDICES: 0, 0, 0, 0
vb0[1449]+072 COLOR: 1.0, 0.5019607843137255, 0.5019607843137255, 0.0
vb0[1449]+076 TEXCOORD: 0.22049617767333984, 0.5807785391807556

vb0[1450]+000 POSITION: 0.006769930012524128, 1.9329259395599365, 0.09256415069103241
vb0[1450]+012 NORMAL: 0.43992719054222107, -0.3380211293697357, 0.831989049911499
vb0[1450]+024 TANGENT: 0.44983193278312683, -0.33641037344932556, 0.8273325562477112, -1.0
vb0[1450]+040 BLENDWEIGHTS: 1.0, 0.0, 0.0, 0.0
vb0[1450]+056 BLENDINDICES: 0, 0, 0, 0
vb0[1450]+072 COLOR: 1.0, 0.5019607843137255, 0.5019607843137255, 0.0
vb0[1450]+076 TEXCOORD: 0.21112942695617676, 0.5747742056846619

vb0[1451]+000 POSITION: 0.00427157012745738, 1.9367519617080688, 0.09647874534130096
vb0[1451]+012 NORMAL: 0.559224009513855, -0.5957982540130615, 0.5764485597610474
vb0[1451]+024 TANGENT: 0.5590694546699524, -0.5950039029121399, 0.5774182677268982, -1.0
vb0[1451]+040 BLENDWEIGHTS: 1.0, 0.0, 0.0, 0.0
vb0[1451]+056 BLENDINDICES: 0, 0, 0, 0
vb0[1451]+072 COLOR: 1.0, 0.5019607843137255, 0.5019607843137255, 0.0
vb0[1451]+076 TEXCOORD: 0.21697568893432617, 0.5719316005706787

vb0[1452]+000 POSITION: 0.0006285900017246604, 1.9284589290618896, 0.09508858621120453
vb0[1452]+012 NORMAL: 0.4701682925224304, -0.3051764667034149, 0.8281359672546387
vb0[1452]+024 TANGENT: 0.07884370535612106, 0.7189167737960815, 0.6906100511550903, -1.0
vb0[1452]+040 BLENDWEIGHTS: 1.0, 0.0, 0.0, 0.0
vb0[1452]+056 BLENDINDICES: 0, 0, 0, 0
vb0[1452]+072 COLOR: 1.0, 0.5019607843137255, 0.5019607843137255, 0.0
vb0[1452]+076 TEXCOORD: 0.2087111473083496, 0.566791832447052

vb0[1453]+000 POSITION: -0.0037435831036418676, 1.9314433336257935, 0.09863253682851791
vb0[1453]+012 NORMAL: 0.608008861541748, -0.5907227993011475, 0.5304449200630188
vb0[1453]+024 TANGENT: 0.604468584060669, -0.6051496267318726, 0.5180845260620117, -1.0
vb0[1453]+040 BLENDWEIGHTS: 1.0, 0.0, 0.0, 0.0
vb0[1453]+056 BLENDINDICES: 0, 0, 0, 0
vb0[1453]+072 COLOR: 1.0, 0.5019607843137255, 0.5019607843137255, 0.0
vb0[1453]+076 TEXCOORD: 0.2130448818206787, 0.5627857446670532

vb0[1454]+000 POSITION: -0.010878837667405605, 1.9258177280426025, 0.099820576608181
vb0[1454]+012 NORMAL: 0.5927804112434387, -0.729088544845581, 0.3421127498149872
vb0[1454]+024 TANGENT: 0.4860333800315857, 0.22702884674072266, 0.8439368009567261, -1.0
vb0[1454]+040 BLENDWEIGHTS: 1.0, 0.0, 0.0, 0.0
vb0[1454]+056 BLENDINDICES: 0, 0, 0, 0
vb0[1454]+072 COLOR: 1.0, 0.5019607843137255, 0.5019607843137255, 0.0
vb0[1454]+076 TEXCOORD: 0.2102353572845459, 0.5554465055465698

vb0[1455]+000 POSITION: 0.008871369995176792, 1.9309329986572266, 0.09083396941423416
vb0[1455]+012 NORMAL: 0.41126981377601624, -0.26577678322792053, 0.8719058632850647
vb0[1455]+024 TANGENT: 0.03146373853087425, 0.7378520965576172, 0.6742286682128906, -1.0
vb0[1455]+040 BLENDWEIGHTS: 1.0, 0.0, 0.0, 0.0
vb0[1455]+056 BLENDINDICES: 0, 0, 0, 0
vb0[1455]+072 COLOR: 1.0, 0.5019607843137255, 0.5019607843137255, 0.0
vb0[1455]+076 TEXCOORD: 0.2081623077392578, 0.5768414735794067

vb0[1456]+000 POSITION: 0.014943970367312431, 1.9319618940353394, 0.08927515149116516
vb0[1456]+012 NORMAL: 0.3644319176673889, -0.2835281193256378, 0.8870181441307068
vb0[1456]+024 TANGENT: 0.006200730334967375, 0.8395211696624756, 0.5432915687561035, -1.0
vb0[1456]+040 BLENDWEIGHTS: 1.0, 0.0, 0.0, 0.0
vb0[1456]+056 BLENDINDICES: 0, 0, 0, 0
vb0[1456]+072 COLOR: 1.0, 0.5019607843137255, 0.5019607843137255, 0.0
vb0[1456]+076 TEXCOORD: 0.2084968090057373, 0.5839575529098511

vb0[1457]+000 POSITION: -0.02049216628074646, 1.9205493927001953, 0.1021043211221695
vb0[1457]+012 NORMAL: 0.535385251045227, -0.7835822105407715, -0.3152167797088623
vb0[1457]+024 TANGENT: 0.36656224727630615, -0.42808032035827637, 0.8260625600814819, -1.0
vb0[1457]+040 BLENDWEIGHTS: 0.9950000047683716, 0.004999999888241291, 0.0, 0.0
vb0[1457]+056 BLENDINDICES: 0, 4, 0, 0
vb0[1457]+072 COLOR: 1.0, 0.5019607843137255, 0.5019607843137255, 0.0
vb0[1457]+076 TEXCOORD: 0.2076127529144287, 0.5463266372680664

vb0[1458]+000 POSITION: 0.024969547986984253, 1.9481860399246216, 0.09962110966444016
vb0[1458]+012 NORMAL: -0.11892802268266678, -0.9755034446716309, -0.1850648671388626
vb0[1458]+024 TANGENT: 0.18299853801727295, -0.9694563746452332, 0.16329717636108398, -1.0
vb0[1458]+040 BLENDWEIGHTS: 1.0, 0.0, 0.0, 0.0
vb0[1458]+056 BLENDINDICES: 0, 0, 0, 0
vb0[1458]+072 COLOR: 1.0, 0.5019607843137255, 0.5019607843137255, 0.5019607843137255
vb0[1458]+076 TEXCOORD: 0.23379898071289062, 0.591379702091217

vb0[1459]+000 POSITION: -0.028219763189554214, 1.926628828048706, 0.10029210150241852
vb0[1459]+012 NORMAL: -0.2607012391090393, 0.369223415851593, 0.8920252323150635
vb0[1459]+024 TANGENT: -0.46573033928871155, 0.39102593064308167, 0.7938476800918579, -1.0
vb0[1459]+040 BLENDWEIGHTS: 0.9440000057220459, 0.0560000017285347, 0.0, 0.0
vb0[1459]+056 BLENDINDICES: 0, 4, 0, 0
vb0[1459]+072 COLOR: 1.0, 0.5019607843137255, 0.5019607843137255, 0.2
vb0[1459]+076 TEXCOORD: 0.2854938507080078, 0.5127320289611816

vb0[1460]+000 POSITION: -0.055429838597774506, 1.9244381189346313, 0.08471883833408356
vb0[1460]+012 NORMAL: -0.5340016484260559, 0.42303135991096497, 0.7320428490638733
vb0[1460]+024 TANGENT: -0.6375821828842163, 0.4151191711425781, 0.6489722728729248, -1.0
vb0[1460]+040 BLENDWEIGHTS: 1.0, 0.0, 0.0, 0.0
vb0[1460]+056 BLENDINDICES: 0, 0, 0, 0
vb0[1460]+072 COLOR: 1.0, 0.5019607843137255, 0.5019607843137255, 0.5019607843137255
vb0[1460]+076 TEXCOORD: 0.29158902168273926, 0.5477929711341858

vb0[1461]+000 POSITION: -0.05590643733739853, 1.9294779300689697, 0.07931695133447647
vb0[1461]+012 NORMAL: -0.5491235256195068, 0.4998735785484314, 0.6697684526443481
vb0[1461]+024 TANGENT: -0.6600290536880493, 0.5175151824951172, 0.544554591178894, -1.0
vb0[1461]+040 BLENDWEIGHTS: 1.0, 0.0, 0.0, 0.0
vb0[1461]+056 BLENDINDICES: 0, 0, 0, 0
vb0[1461]+072 COLOR: 1.0, 0.5019607843137255, 0.5019607843137255, 0.2
vb0[1461]+076 TEXCOORD: 0.28495001792907715, 0.5523040294647217

vb0[1462]+000 POSITION: -0.044113174080848694, 1.9378145933151245, 0.08446289598941803
vb0[1462]+012 NORMAL: -0.44904854893684387, 0.5521630644798279, 0.7024751901626587
vb0[1462]+024 TANGENT: -0.5627012252807617, 0.5740402340888977, 0.5948488712310791, -1.0
vb0[1462]+040 BLENDWEIGHTS: 1.0, 0.0, 0.0, 0.0
vb0[1462]+056 BLENDINDICES: 0, 0, 0, 0
vb0[1462]+072 COLOR: 1.0, 0.5019607843137255, 0.5019607843137255, 0.30196078431372547
vb0[1462]+076 TEXCOORD: 0.2739260196685791, 0.538241982460022

vb0[1463]+000 POSITION: -0.03549514338374138, 1.9425127506256104, 0.08657211065292358
vb0[1463]+012 NORMAL: -0.36018869280815125, 0.5965333580970764, 0.7172252535820007
vb0[1463]+024 TANGENT: -0.47985437512397766, 0.6348206996917725, 0.605592668056488, -1.0
vb0[1463]+040 BLENDWEIGHTS: 1.0, 0.0, 0.0, 0.0
vb0[1463]+056 BLENDINDICES: 0, 0, 0, 0
vb0[1463]+072 COLOR: 1.0, 0.5019607843137255, 0.5019607843137255, 0.2
vb0[1463]+076 TEXCOORD: 0.2667429447174072, 0.5290769934654236

vb0[1464]+000 POSITION: -0.026467084884643555, 1.9468692541122437, 0.08857706934213638
vb0[1464]+012 NORMAL: -0.28391891717910767, 0.6334170699119568, 0.7198423147201538
vb0[1464]+024 TANGENT: -0.41028058528900146, 0.6856353282928467, 0.6013102531433105, -1.0
vb0[1464]+040 BLENDWEIGHTS: 1.0, 0.0, 0.0, 0.0
vb0[1464]+056 BLENDINDICES: 0, 0, 0, 0
vb0[1464]+072 COLOR: 1.0, 0.5019607843137255, 0.5019607843137255, 0.0
vb0[1464]+076 TEXCOORD: 0.2594900131225586, 0.5198230147361755

vb0[1465]+000 POSITION: -0.017106235027313232, 1.9505491256713867, 0.08973141759634018
vb0[1465]+012 NORMAL: -0.1927880495786667, 0.6689049005508423, 0.7179129719734192
vb0[1465]+024 TANGENT: -0.29962190985679626, 0.7428808808326721, 0.5986272692680359, -1.0
vb0[1465]+040 BLENDWEIGHTS: 1.0, 0.0, 0.0, 0.0
vb0[1465]+056 BLENDINDICES: 0, 0, 0, 0
vb0[1465]+072 COLOR: 1.0, 0.5019607843137255, 0.5019607843137255, 0.0
vb0[1465]+076 TEXCOORD: 0.2523159980773926, 0.5106729865074158

vb0[1466]+000 POSITION: 0.027500489726662636, 1.934985876083374, 0.08725044876337051
vb0[1466]+012 NORMAL: 0.5821616649627686, 0.3199804127216339, 0.7474625706672668
vb0[1466]+024 TANGENT: 0.6734070181846619, -0.6178105473518372, 0.4059966206550598, -1.0
vb0[1466]+040 BLENDWEIGHTS: 1.0, 0.0, 0.0, 0.0
vb0[1466]+056 BLENDINDICES: 0, 0, 0, 0
vb0[1466]+072 COLOR: 1.0, 0.5019607843137255, 0.5019607843137255, 0.30196078431372547
vb0[1466]+076 TEXCOORD: 0.21396684646606445, 0.4445340037345886

vb0[1467]+000 POSITION: 0.027846090495586395, 1.9355649948120117, 0.08457113802433014
vb0[1467]+012 NORMAL: 0.6256749033927917, 0.394664466381073, 0.672882616519928
vb0[1467]+024 TANGENT: 0.9134020805358887, -0.38389915227890015, -0.1353442668914795, -1.0
vb0[1467]+040 BLENDWEIGHTS: 1.0, 0.0, 0.0, 0.0
vb0[1467]+056 BLENDINDICES: 0, 0, 0, 0
vb0[1467]+072 COLOR: 1.0, 0.5019607843137255, 0.5019607843137255, 0.0
vb0[1467]+076 TEXCOORD: 0.2116990089416504, 0.4467040002346039

vb0[1468]+000 POSITION: 0.024780139327049255, 1.9315400123596191, 0.08576512336730957
vb0[1468]+012 NORMAL: 0.5608775019645691, 0.2629437744617462, 0.7850330471992493
vb0[1468]+024 TANGENT: 0.49557435512542725, 0.1762920767068863, 0.8504864573478699, -1.0
vb0[1468]+040 BLENDWEIGHTS: 1.0, 0.0, 0.0, 0.0
vb0[1468]+056 BLENDINDICES: 0, 0, 0, 0
vb0[1468]+072 COLOR: 1.0, 0.5019607843137255, 0.5019607843137255, 0.0
vb0[1468]+076 TEXCOORD: 0.20928502082824707, 0.4418269991874695

vb0[1469]+000 POSITION: 0.026173459365963936, 1.9365808963775635, 0.07826029509305954
vb0[1469]+012 NORMAL: 0.6253896951675415, 0.5212809443473816, 0.5806495547294617
vb0[1469]+024 TANGENT: 0.938086211681366, -0.10812431573867798, -0.32909461855888367, -1.0
vb0[1469]+040 BLENDWEIGHTS: 1.0, 0.0, 0.0, 0.0
vb0[1469]+056 BLENDINDICES: 0, 0, 0, 0
vb0[1469]+072 COLOR: 1.0, 0.5019607843137255, 0.5019607843137255, 0.0
vb0[1469]+076 TEXCOORD: 0.20499396324157715, 0.450300008058548

vb0[1470]+000 POSITION: 0.027083439752459526, 1.9422179460525513, 0.07992206513881683
vb0[1470]+012 NORMAL: 0.6131578087806702, 0.5473456978797913, 0.56960529088974
vb0[1470]+024 TANGENT: 0.9556013345718384, -0.055294692516326904, -0.28942814469337463, -1.0
vb0[1470]+040 BLENDWEIGHTS: 1.0, 0.0, 0.0, 0.0
vb0[1470]+056 BLENDINDICES: 0, 0, 0, 0
vb0[1470]+072 COLOR: 1.0, 0.5019607843137255, 0.5019607843137255, 0.0
vb0[1470]+076 TEXCOORD: 0.20924997329711914, 0.45572999119758606

vb0[1471]+000 POSITION: 0.07670960575342178, 1.8638886213302612, 0.0657268688082695
vb0[1471]+012 NORMAL: 0.8491215109825134, -0.05076470226049423, 0.5257524251937866
vb0[1471]+024 TANGENT: 0.8833311200141907, -0.10985542088747025, 0.45569494366645813, -1.0
vb0[1471]+040 BLENDWEIGHTS: 0.9210000038146973, 0.07900000363588333, 0.0, 0.0
vb0[1471]+056 BLENDINDICES: 0, 7, 0, 0
vb0[1471]+072 COLOR: 1.0, 0.5019607843137255, 0.5019607843137255, 0.30196078431372547
vb0[1471]+076 TEXCOORD: 0.5291125774383545, 0.7740486264228821

vb0[1472]+000 POSITION: 0.07769495993852615, 1.8575938940048218, 0.062207434326410294
vb0[1472]+012 NORMAL: 0.8821811079978943, -0.1072743609547615, 0.45852893590927124
vb0[1472]+024 TANGENT: 0.8609279990196228, -0.35371068120002747, 0.36563873291015625, -1.0
vb0[1472]+040 BLENDWEIGHTS: 0.8610000014305115, 0.13899999856948853, 0.0, 0.0
vb0[1472]+056 BLENDINDICES: 0, 7, 0, 0
vb0[1472]+072 COLOR: 1.0, 0.5019607843137255, 0.5019607843137255, 0.10196078431372549
vb0[1472]+076 TEXCOORD: 0.5231685638427734, 0.7679149508476257

vb0[1473]+000 POSITION: 0.07438050210475922, 1.8582651615142822, 0.057045139372348785
vb0[1473]+012 NORMAL: 0.944729745388031, -0.07177460938692093, 0.3198969066143036
vb0[1473]+024 TANGENT: 0.5649081468582153, -0.7928708791732788, -0.22854872047901154, -1.0
vb0[1473]+040 BLENDWEIGHTS: 0.9279999732971191, 0.07199999690055847, 0.0, 0.0
vb0[1473]+056 BLENDINDICES: 0, 7, 0, 0
vb0[1473]+072 COLOR: 1.0, 0.5019607843137255, 0.5019607843137255, 0.0
vb0[1473]+076 TEXCOORD: 0.5148999691009521, 0.7655887603759766

vb0[1474]+000 POSITION: 0.05610407888889313, 1.870006799697876, 0.09438256174325943
vb0[1474]+012 NORMAL: -0.7218004465103149, -0.021608447656035423, -0.6917638182640076
vb0[1474]+024 TANGENT: 0.6290709376335144, 0.1369534730911255, -0.7651885151863098, -1.0
vb0[1474]+040 BLENDWEIGHTS: 0.5239999890327454, 0.47600001096725464, 0.0, 0.0
vb0[1474]+056 BLENDINDICES: 5, 0, 0, 0
vb0[1474]+072 COLOR: 1.0, 0.5019607843137255, 0.5019607843137255, 0.30196078431372547
vb0[1474]+076 TEXCOORD: 0.014629125595092773, 0.526468813419342

vb0[1475]+000 POSITION: 0.05366342514753342, 1.876028060913086, 0.09595594555139542
vb0[1475]+012 NORMAL: -0.8625897169113159, -0.13301904499530792, -0.48810335993766785
vb0[1475]+024 TANGENT: -0.8152041435241699, -0.21381422877311707, -0.5382617115974426, -1.0
vb0[1475]+040 BLENDWEIGHTS: 0.628000020980835, 0.3720000088214874, 0.0, 0.0
vb0[1475]+056 BLENDINDICES: 0, 5, 0, 0
vb0[1475]+072 COLOR: 1.0, 0.5019607843137255, 0.5019607843137255, 0.10196078431372549
vb0[1475]+076 TEXCOORD: 0.012964724563062191, 0.5315372943878174

vb0[1476]+000 POSITION: 0.055153679102659225, 1.8780860900878906, 0.09548355638980865
vb0[1476]+012 NORMAL: -0.4048532247543335, 0.056148461997509, -0.9126560688018799
vb0[1476]+024 TANGENT: 0.8653019070625305, 0.06975924968719482, 0.4963730573654175, -1.0
vb0[1476]+040 BLENDWEIGHTS: 0.6359999775886536, 0.36399999260902405, 0.0, 0.0
vb0[1476]+056 BLENDINDICES: 0, 5, 0, 0
vb0[1476]+072 COLOR: 1.0, 0.5019607843137255, 0.5019607843137255, 0.2
vb0[1476]+076 TEXCOORD: 0.014403820037841797, 0.5330171585083008

vb0[1477]+000 POSITION: -0.07138822972774506, 1.9076319932937622, 0.06541308760643005
vb0[1477]+012 NORMAL: 0.7058776617050171, -0.09228286147117615, -0.7022965550422668
vb0[1477]+024 TANGENT: 0.7013378739356995, -0.07470512390136719, -0.7089036107063293, -1.0
vb0[1477]+040 BLENDWEIGHTS: 0.8080000281333923, 0.19200000166893005, 0.0, 0.0
vb0[1477]+056 BLENDINDICES: 0, 10, 0, 0
vb0[1477]+072 COLOR: 1.0, 0.5019607843137255, 0.5019607843137255, 0.0
vb0[1477]+076 TEXCOORD: 0.9790856838226318, 0.8834148049354553

vb0[1478]+000 POSITION: -0.06568475812673569, 1.9113540649414062, 0.07052581012248993
vb0[1478]+012 NORMAL: 0.7211734652519226, -0.11384154111146927, -0.6833366751670837
vb0[1478]+024 TANGENT: -0.6019976139068604, 0.3049689531326294, -0.7379653453826904, -1.0
vb0[1478]+040 BLENDWEIGHTS: 0.9419999718666077, 0.057999998331069946, 0.0, 0.0
vb0[1478]+056 BLENDINDICES: 0, 10, 0, 0
vb0[1478]+072 COLOR: 1.0, 0.5019607843137255, 0.5019607843137255, 0.0
vb0[1478]+076 TEXCOORD: 0.9806766510009766, 0.8767617344856262

vb0[1479]+000 POSITION: 0.00601173983886838, 1.9152568578720093, 0.10119295865297318
vb0[1479]+012 NORMAL: 0.7501607537269592, -0.5463210940361023, 0.3725481331348419
vb0[1479]+024 TANGENT: 0.7112703323364258, -0.34255900979042053, 0.6137977838516235, -1.0
vb0[1479]+040 BLENDWEIGHTS: 1.0, 0.0, 0.0, 0.0
vb0[1479]+056 BLENDINDICES: 0, 0, 0, 0
vb0[1479]+072 COLOR: 1.0, 0.5019607843137255, 0.5019607843137255, 0.0
vb0[1479]+076 TEXCOORD: 0.6803035736083984, 0.8151946067810059

vb0[1480]+000 POSITION: 0.005314789712429047, 1.9158979654312134, 0.10445445030927658
vb0[1480]+012 NORMAL: 0.6330094337463379, -0.6451709270477295, -0.4278475046157837
vb0[1480]+024 TANGENT: 0.6034817099571228, -0.654126763343811, -0.4559911787509918, -1.0
vb0[1480]+040 BLENDWEIGHTS: 1.0, 0.0, 0.0, 0.0
vb0[1480]+056 BLENDINDICES: 0, 0, 0, 0
vb0[1480]+072 COLOR: 1.0, 0.5019607843137255, 0.5019607843137255, 0.0
vb0[1480]+076 TEXCOORD: 0.6831111907958984, 0.8172276616096497

vb0[1481]+000 POSITION: -0.003266990650445223, 1.9072206020355225, 0.10662471503019333
vb0[1481]+012 NORMAL: 0.5154603123664856, -0.6306304335594177, -0.5801774263381958
vb0[1481]+024 TANGENT: 0.7112812995910645, -0.702534019947052, -0.02290641888976097, -1.0
vb0[1481]+040 BLENDWEIGHTS: 1.0, 0.0, 0.0, 0.0
vb0[1481]+056 BLENDINDICES: 0, 0, 0, 0
vb0[1481]+072 COLOR: 1.0, 0.5019607843137255, 0.5019607843137255, 0.0
vb0[1481]+076 TEXCOORD: 0.6915616989135742, 0.8085907101631165

vb0[1482]+000 POSITION: 0.001173489959910512, 1.9074249267578125, 0.1077236607670784
vb0[1482]+012 NORMAL: 0.1319514811038971, -0.3751735985279083, -0.9175148606300354
vb0[1482]+024 TANGENT: 0.09270990639925003, -0.37059053778648376, -0.9241577982902527, -1.0
vb0[1482]+040 BLENDWEIGHTS: 0.9419999718666077, 0.057999998331069946, 0.0, 0.0
vb0[1482]+056 BLENDINDICES: 0, 2, 0, 0
vb0[1482]+072 COLOR: 1.0, 0.5019607843137255, 0.5019607843137255, 0.5019607843137255
vb0[1482]+076 TEXCOORD: 0.6920652389526367, 0.8131991028785706

vb0[1483]+000 POSITION: 0.007568010129034519, 1.9067410230636597, 0.10780134052038193
vb0[1483]+012 NORMAL: 0.24556362628936768, -0.2990262806415558, -0.9221072793006897
vb0[1483]+024 TANGENT: 0.24494890868663788, -0.3018888235092163, -0.9213376641273499, -1.0
vb0[1483]+040 BLENDWEIGHTS: 0.8980000019073486, 0.10199999809265137, 0.0, 0.0
vb0[1483]+056 BLENDINDICES: 0, 2, 0, 0
vb0[1483]+072 COLOR: 1.0, 0.5019607843137255, 0.5019607843137255, 0.30196078431372547
vb0[1483]+076 TEXCOORD: 0.6927890777587891, 0.8192788362503052

vb0[1484]+000 POSITION: 0.009964489378035069, 1.915863037109375, 0.10548615455627441
vb0[1484]+012 NORMAL: 0.34727469086647034, -0.36028605699539185, -0.8657911419868469
vb0[1484]+024 TANGENT: 0.32355397939682007, -0.352342426776886, -0.8781614899635315, -1.0
vb0[1484]+040 BLENDWEIGHTS: 1.0, 0.0, 0.0, 0.0
vb0[1484]+056 BLENDINDICES: 0, 0, 0, 0
vb0[1484]+072 COLOR: 1.0, 0.5019607843137255, 0.5019607843137255, 0.30196078431372547
vb0[1484]+076 TEXCOORD: 0.6836676597595215, 0.8219010233879089

vb0[1485]+000 POSITION: 0.011608010157942772, 1.9236259460449219, 0.1029403880238533
vb0[1485]+012 NORMAL: 0.5930222272872925, -0.6452262997627258, -0.4816717207431793
vb0[1485]+024 TANGENT: 0.6630581021308899, -0.6530439257621765, -0.3659065365791321, -1.0
vb0[1485]+040 BLENDWEIGHTS: 1.0, 0.0, 0.0, 0.0
vb0[1485]+056 BLENDINDICES: 0, 0, 0, 0
vb0[1485]+072 COLOR: 1.0, 0.5019607843137255, 0.5019607843137255, 0.0
vb0[1485]+076 TEXCOORD: 0.675933837890625, 0.8239936232566833

vb0[1486]+000 POSITION: 0.01885455846786499, 1.916322946548462, 0.11090750247240067
vb0[1486]+012 NORMAL: 0.026884566992521286, -0.4061557352542877, -0.9134082198143005
vb0[1486]+024 TANGENT: 0.07559467107057571, -0.3877880871295929, -0.9186435341835022, -1.0
vb0[1486]+040 BLENDWEIGHTS: 0.9779999852180481, 0.02199999988079071, 0.0, 0.0
vb0[1486]+056 BLENDINDICES: 0, 2, 0, 0
vb0[1486]+072 COLOR: 1.0, 0.5019607843137255, 0.5019607843137255, 0.0
vb0[1486]+076 TEXCOORD: 0.6849620342254639, 0.8320208787918091

vb0[1487]+000 POSITION: 0.01858161948621273, 1.9245589971542358, 0.1063106581568718
vb0[1487]+012 NORMAL: 0.25436341762542725, -0.5527482628822327, -0.793579638004303
vb0[1487]+024 TANGENT: 0.23318536579608917, -0.5618212819099426, -0.7937137484550476, -1.0
vb0[1487]+040 BLENDWEIGHTS: 1.0, 0.0, 0.0, 0.0
vb0[1487]+056 BLENDINDICES: 0, 0, 0, 0
vb0[1487]+072 COLOR: 1.0, 0.5019607843137255, 0.5019607843137255, 0.0
vb0[1487]+076 TEXCOORD: 0.6763100624084473, 0.8314324021339417

vb0[1488]+000 POSITION: 0.018669189885258675, 1.9072030782699585, 0.11435043811798096
vb0[1488]+012 NORMAL: 0.017311450093984604, -0.300550252199173, -0.9536088109016418
vb0[1488]+024 TANGENT: 0.02285587787628174, -0.29760071635246277, -0.954416811466217, -1.0
vb0[1488]+040 BLENDWEIGHTS: 0.8889999985694885, 0.11100000143051147, 0.0, 0.0
vb0[1488]+056 BLENDINDICES: 0, 2, 0, 0
vb0[1488]+072 COLOR: 1.0, 0.5019607843137255, 0.5019607843137255, 0.0
vb0[1488]+076 TEXCOORD: 0.6937732696533203, 0.8316470980644226

vb0[1489]+000 POSITION: 0.022325614467263222, 1.906720519065857, 0.11252761632204056
vb0[1489]+012 NORMAL: -0.45313751697540283, -0.23637530207633972, -0.8595308065414429
vb0[1489]+024 TANGENT: 0.5383652448654175, -0.23243939876556396, -0.8100214600563049, -1.0
vb0[1489]+040 BLENDWEIGHTS: 0.9070000052452087, 0.09300000220537186, 0.0, 0.0
vb0[1489]+056 BLENDINDICES: 0, 2, 0, 0
vb0[1489]+072 COLOR: 1.0, 0.5019607843137255, 0.5019607843137255, 0.5019607843137255
vb0[1489]+076 TEXCOORD: 0.6937651634216309, 0.8357988595962524

vb0[1490]+000 POSITION: 0.022277507930994034, 1.9167356491088867, 0.10942595452070236
vb0[1490]+012 NORMAL: -0.4033181965351105, -0.31316903233528137, -0.8598020672798157
vb0[1490]+024 TANGENT: 0.5601420402526855, -0.29395362734794617, -0.7744883298873901, -1.0
vb0[1490]+040 BLENDWEIGHTS: 1.0, 0.0, 0.0, 0.0
vb0[1490]+056 BLENDINDICES: 0, 0, 0, 0
vb0[1490]+072 COLOR: 1.0, 0.5019607843137255, 0.5019607843137255, 0.5019607843137255
vb0[1490]+076 TEXCOORD: 0.6839962005615234, 0.8356769680976868

vb0[1491]+000 POSITION: 0.022344738245010376, 1.9237279891967773, 0.10652535408735275
vb0[1491]+012 NORMAL: -0.16661936044692993, -0.44727250933647156, -0.8787407875061035
vb0[1491]+024 TANGENT: 0.6846219301223755, -0.34864407777786255, -0.6401094794273376, -1.0
vb0[1491]+040 BLENDWEIGHTS: 1.0, 0.0, 0.0, 0.0
vb0[1491]+056 BLENDINDICES: 0, 0, 0, 0
vb0[1491]+072 COLOR: 1.0, 0.5019607843137255, 0.5019607843137255, 0.5019607843137255
vb0[1491]+076 TEXCOORD: 0.6767833232879639, 0.835109293460846

vb0[1492]+000 POSITION: 0.022365208715200424, 1.9277470111846924, 0.1041998565196991
vb0[1492]+012 NORMAL: 0.21221883594989777, -0.5940465331077576, -0.7759329676628113
vb0[1492]+024 TANGENT: 0.7970826625823975, -0.38419055938720703, -0.46589353680610657, -1.0
vb0[1492]+040 BLENDWEIGHTS: 1.0, 0.0, 0.0, 0.0
vb0[1492]+056 BLENDINDICES: 0, 0, 0, 0
vb0[1492]+072 COLOR: 1.0, 0.5019607843137255, 0.5019607843137255, 0.5019607843137255
vb0[1492]+076 TEXCOORD: 0.6722133159637451, 0.8345327377319336

vb0[1493]+000 POSITION: 0.0181005597114563, 1.9289319515228271, 0.10107767581939697
vb0[1493]+012 NORMAL: 0.5074946880340576, -0.7324159741401672, -0.45388975739479065
vb0[1493]+024 TANGENT: 0.5648907423019409, -0.7685905694961548, -0.3002781271934509, -1.0
vb0[1493]+040 BLENDWEIGHTS: 1.0, 0.0, 0.0, 0.0
vb0[1493]+056 BLENDINDICES: 0, 0, 0, 0
vb0[1493]+072 COLOR: 1.0, 0.5019607843137255, 0.5019607843137255, 0.0
vb0[1493]+076 TEXCOORD: 0.6699831485748291, 0.8297060132026672

vb0[1494]+000 POSITION: 0.02242502011358738, 1.930385947227478, 0.10249819606542587
vb0[1494]+012 NORMAL: 0.42231935262680054, -0.5586511492729187, -0.71383136510849
vb0[1494]+024 TANGENT: 0.8644003868103027, -0.31887924671173096, -0.3887518048286438, -1.0
vb0[1494]+040 BLENDWEIGHTS: 1.0, 0.0, 0.0, 0.0
vb0[1494]+056 BLENDINDICES: 0, 0, 0, 0
vb0[1494]+072 COLOR: 1.0, 0.5019607843137255, 0.5019607843137255, 0.5019607843137255
vb0[1494]+076 TEXCOORD: 0.6691536903381348, 0.8342862725257874

vb0[1495]+000 POSITION: 0.011936130002140999, 1.9228729009628296, 0.0995301678776741
vb0[1495]+012 NORMAL: 0.7506528496742249, -0.574191153049469, 0.32684066891670227
vb0[1495]+024 TANGENT: 0.7458152770996094, -0.5708595514297485, 0.34333503246307373, -1.0
vb0[1495]+040 BLENDWEIGHTS: 1.0, 0.0, 0.0, 0.0
vb0[1495]+056 BLENDINDICES: 0, 0, 0, 0
vb0[1495]+072 COLOR: 1.0, 0.5019607843137255, 0.5019607843137255, 0.0
vb0[1495]+076 TEXCOORD: 0.6733736991882324, 0.8217442631721497

vb0[1496]+000 POSITION: 0.022516489028930664, 1.9326220750808716, 0.10048635303974152
vb0[1496]+012 NORMAL: 0.5669217705726624, -0.7538833618164062, -0.3320535123348236
vb0[1496]+024 TANGENT: 0.9431103467941284, -0.3287467062473297, -0.04968542605638504, -1.0
vb0[1496]+040 BLENDWEIGHTS: 1.0, 0.0, 0.0, 0.0
vb0[1496]+056 BLENDINDICES: 0, 0, 0, 0
vb0[1496]+072 COLOR: 1.0, 0.5019607843137255, 0.5019607843137255, 0.5019607843137255
vb0[1496]+076 TEXCOORD: 0.6662282943725586, 0.8338863253593445

vb0[1497]+000 POSITION: 0.01829512044787407, 1.9290648698806763, 0.09767814725637436
vb0[1497]+012 NORMAL: 0.6470374464988708, -0.7428033351898193, 0.1720048487186432
vb0[1497]+024 TANGENT: 0.6490536332130432, -0.7407613396644592, 0.17321111261844635, -1.0
vb0[1497]+040 BLENDWEIGHTS: 1.0, 0.0, 0.0, 0.0
vb0[1497]+056 BLENDINDICES: 0, 0, 0, 0
vb0[1497]+072 COLOR: 1.0, 0.5019607843137255, 0.5019607843137255, 0.0
vb0[1497]+076 TEXCOORD: 0.6671590805053711, 0.827927827835083

vb0[1498]+000 POSITION: 0.018949249759316444, 1.9285539388656616, 0.0942198857665062
vb0[1498]+012 NORMAL: 0.6392718553543091, -0.5763745903968811, 0.509041965007782
vb0[1498]+024 TANGENT: 0.6331859230995178, -0.5956062078475952, 0.4942961633205414, -1.0
vb0[1498]+040 BLENDWEIGHTS: 1.0, 0.0, 0.0, 0.0
vb0[1498]+056 BLENDINDICES: 0, 0, 0, 0
vb0[1498]+072 COLOR: 1.0, 0.5019607843137255, 0.5019607843137255, 0.0
vb0[1498]+076 TEXCOORD: 0.6642558574676514, 0.8259576559066772

vb0[1499]+000 POSITION: 0.023158200085163116, 1.9313650131225586, 0.09456527233123779
vb0[1499]+012 NORMAL: 0.504353404045105, -0.7656763792037964, 0.39920830726623535
vb0[1499]+024 TANGENT: 0.8591200709342957, -0.4200591444969177, 0.2923405170440674, -1.0
vb0[1499]+040 BLENDWEIGHTS: 1.0, 0.0, 0.0, 0.0
vb0[1499]+056 BLENDINDICES: 0, 0, 0, 0
vb0[1499]+072 COLOR: 1.0, 0.5019607843137255, 0.5019607843137255, 0.5019607843137255
vb0[1499]+076 TEXCOORD: 0.6614367961883545, 0.8298958539962769

vb0[1500]+000 POSITION: 0.0226749200373888, 1.9323649406433105, 0.09752696007490158
vb0[1500]+012 NORMAL: 0.5923414826393127, -0.7881060838699341, 0.16739317774772644
vb0[1500]+024 TANGENT: 0.8881276249885559, -0.4318564832210541, 0.15725529193878174, -1.0
vb0[1500]+040 BLENDWEIGHTS: 1.0, 0.0, 0.0, 0.0
vb0[1500]+056 BLENDINDICES: 0, 0, 0, 0
vb0[1500]+072 COLOR: 1.0, 0.5019607843137255, 0.5019607843137255, 0.5019607843137255
vb0[1500]+076 TEXCOORD: 0.6638453006744385, 0.8320592045783997

vb0[1501]+000 POSITION: 0.023556789383292198, 1.9289978742599487, 0.09080275148153305
vb0[1501]+012 NORMAL: 0.516559898853302, -0.5908365845680237, 0.6197401285171509
vb0[1501]+024 TANGENT: 0.018391015008091927, 0.5984978079795837, 0.800913393497467, -1.0
vb0[1501]+040 BLENDWEIGHTS: 1.0, 0.0, 0.0, 0.0
vb0[1501]+056 BLENDINDICES: 0, 0, 0, 0
vb0[1501]+072 COLOR: 1.0, 0.5019607843137255, 0.5019607843137255, 0.0
vb0[1501]+076 TEXCOORD: 0.658689022064209, 0.8262190818786621

vb0[1502]+000 POSITION: 0.020656099542975426, 1.925899863243103, 0.09125814586877823
vb0[1502]+012 NORMAL: 0.6217173337936401, -0.3703119158744812, 0.6901714205741882
vb0[1502]+024 TANGENT: -0.10768674314022064, 0.3280806243419647, 0.9384916424751282, -1.0
vb0[1502]+040 BLENDWEIGHTS: 1.0, 0.0, 0.0, 0.0
vb0[1502]+056 BLENDINDICES: 0, 0, 0, 0
vb0[1502]+072 COLOR: 1.0, 0.5019607843137255, 0.5019607843137255, 0.0
vb0[1502]+076 TEXCOORD: 0.6612710952758789, 0.8228848576545715

vb0[1503]+000 POSITION: 0.012877370230853558, 1.9209519624710083, 0.09678350389003754
vb0[1503]+012 NORMAL: 0.7110030651092529, -0.38668185472488403, 0.5873260498046875
vb0[1503]+024 TANGENT: 0.6724115610122681, -0.23658205568790436, 0.7013498544692993, -1.0
vb0[1503]+040 BLENDWEIGHTS: 1.0, 0.0, 0.0, 0.0
vb0[1503]+056 BLENDINDICES: 0, 0, 0, 0
vb0[1503]+072 COLOR: 1.0, 0.5019607843137255, 0.5019607843137255, 0.0
vb0[1503]+076 TEXCOORD: 0.6711664199829102, 0.8190804123878479

vb0[1504]+000 POSITION: 0.022148149088025093, 1.8962293863296509, 0.1148221343755722
vb0[1504]+012 NORMAL: -0.46937301754951477, -0.1357956975698471, -0.8724954724311829
vb0[1504]+024 TANGENT: 0.5432033538818359, -0.17139533162117004, -0.8219206929206848, -1.0
vb0[1504]+040 BLENDWEIGHTS: 0.7620000243186951, 0.23800000548362732, 0.0, 0.0
vb0[1504]+056 BLENDINDICES: 0, 2, 0, 0
vb0[1504]+072 COLOR: 1.0, 0.5019607843137255, 0.5019607843137255, 0.5019607843137255
vb0[1504]+076 TEXCOORD: 0.7035815715789795, 0.8357106447219849

vb0[1505]+000 POSITION: 0.01812870055437088, 1.8965530395507812, 0.11686541885137558
vb0[1505]+012 NORMAL: -0.005930675193667412, -0.2015983909368515, -0.9794502854347229
vb0[1505]+024 TANGENT: -0.005105495452880859, -0.19754403829574585, -0.9802806973457336, -1.0
vb0[1505]+040 BLENDWEIGHTS: 0.6959999799728394, 0.30399999022483826, 0.0, 0.0
vb0[1505]+056 BLENDINDICES: 0, 2, 0, 0
vb0[1505]+072 COLOR: 1.0, 0.5019607843137255, 0.5019607843137255, 0.0
vb0[1505]+076 TEXCOORD: 0.7036702632904053, 0.8312263488769531

vb0[1506]+000 POSITION: 0.021571021527051926, 1.886462926864624, 0.11607476323843002
vb0[1506]+012 NORMAL: -0.4539395868778229, -0.03389403596520424, -0.8903875350952148
vb0[1506]+024 TANGENT: 0.5656633973121643, -0.12576858699321747, -0.8149890303611755, -1.0
vb0[1506]+040 BLENDWEIGHTS: 0.6050000190734863, 0.39500001072883606, 0.0, 0.0
vb0[1506]+056 BLENDINDICES: 0, 2, 0, 0
vb0[1506]+072 COLOR: 1.0, 0.5019607843137255, 0.5019607843137255, 0.5019607843137255
vb0[1506]+076 TEXCOORD: 0.7125475406646729, 0.8354806900024414

vb0[1507]+000 POSITION: 0.017335928976535797, 1.886860966682434, 0.11825260519981384
vb0[1507]+012 NORMAL: -0.001046708202920854, -0.0973067581653595, -0.9952539205551147
vb0[1507]+024 TANGENT: -0.009448648430407047, -0.09343844652175903, -0.99558025598526, -1.0
vb0[1507]+040 BLENDWEIGHTS: 0.5149999856948853, 0.48500001430511475, 0.0, 0.0
vb0[1507]+056 BLENDINDICES: 0, 2, 0, 0
vb0[1507]+072 COLOR: 1.0, 0.5019607843137255, 0.5019607843137255, 0.0
vb0[1507]+076 TEXCOORD: 0.7126040458679199, 0.8308446407318115

vb0[1508]+000 POSITION: 0.0050340997986495495, 1.8974279165267944, 0.10982561856508255
vb0[1508]+012 NORMAL: 0.17110884189605713, -0.19499295949935913, -0.9657636880874634
vb0[1508]+024 TANGENT: 0.1613827347755432, -0.1998157501220703, -0.96645188331604, -1.0
vb0[1508]+040 BLENDWEIGHTS: 0.7889999747276306, 0.210999995470047, 0.0, 0.0
vb0[1508]+056 BLENDINDICES: 0, 2, 0, 0
vb0[1508]+072 COLOR: 1.0, 0.5019607843137255, 0.5019607843137255, 0.30196078431372547
vb0[1508]+076 TEXCOORD: 0.7022159099578857, 0.8169856071472168

vb0[1509]+000 POSITION: 0.0025387099012732506, 1.888772964477539, 0.1104736179113388
vb0[1509]+012 NORMAL: 0.12388767302036285, -0.08457518368959427, -0.9886853694915771
vb0[1509]+024 TANGENT: 0.10275602340698242, -0.08270817995071411, -0.9912620782852173, -1.0
vb0[1509]+040 BLENDWEIGHTS: 0.6380000114440918, 0.35499998927116394, 0.007000000216066837, 0.0
vb0[1509]+056 BLENDINDICES: 0, 2, 3, 0
vb0[1509]+072 COLOR: 1.0, 0.5019607843137255, 0.5019607843137255, 0.30196078431372547
vb0[1509]+076 TEXCOORD: 0.7109038829803467, 0.8145861029624939

vb0[1510]+000 POSITION: -0.003219965612515807, 1.8985625505447388, 0.11120183020830154
vb0[1510]+012 NORMAL: 0.04568513110280037, -0.26476356387138367, -0.963230550289154
vb0[1510]+024 TANGENT: 0.014983057044446468, -0.2671275734901428, -0.9635446071624756, -1.0
vb0[1510]+040 BLENDWEIGHTS: 0.8840000033378601, 0.11599999666213989, 0.0, 0.0
vb0[1510]+056 BLENDINDICES: 0, 2, 0, 0
vb0[1510]+072 COLOR: 1.0, 0.5019607843137255, 0.5019607843137255, 0.5019607843137255
vb0[1510]+076 TEXCOORD: 0.7013070583343506, 0.8092229962348938

vb0[1511]+000 POSITION: -0.006713486276566982, 1.8902196884155273, 0.11278191953897476
vb0[1511]+012 NORMAL: -0.006563297938555479, -0.11887585371732712, -0.9928874373435974
vb0[1511]+024 TANGENT: -0.01708841323852539, -0.12704282999038696, -0.9917499423027039, -1.0
vb0[1511]+040 BLENDWEIGHTS: 0.7020000219345093, 0.19200000166893005, 0.10599999874830246, 0.0
vb0[1511]+056 BLENDINDICES: 0, 2, 1, 0
vb0[1511]+072 COLOR: 1.0, 0.5019607843137255, 0.5019607843137255, 0.0
vb0[1511]+076 TEXCOORD: 0.7097084522247314, 0.8055750727653503

vb0[1512]+000 POSITION: 0.00033927999902516603, 1.8804138898849487, 0.11025179922580719
vb0[1512]+012 NORMAL: 0.08667873591184616, 0.0015356234507635236, -0.9962350726127625
vb0[1512]+024 TANGENT: 0.06056428328156471, -0.027756156399846077, -0.9977783560752869, -1.0
vb0[1512]+040 BLENDWEIGHTS: 0.49300000071525574, 0.4699999988079071, 0.03700000047683716, 0.0
vb0[1512]+056 BLENDINDICES: 2, 0, 3, 0
vb0[1512]+072 COLOR: 1.0, 0.5019607843137255, 0.5019607843137255, 0.30196078431372547
vb0[1512]+076 TEXCOORD: 0.7192990779876709, 0.812885046005249

vb0[1513]+000 POSITION: -0.009238981641829014, 1.8819522857666016, 0.114151731133461
vb0[1513]+012 NORMAL: -0.3022463321685791, 0.0757669135928154, -0.9502140283584595
vb0[1513]+024 TANGENT: 0.26897263526916504, -0.22164542973041534, -0.9372977018356323, -1.0
vb0[1513]+040 BLENDWEIGHTS: 0.49900001287460327, 0.3109999895095825, 0.1770000010728836, 0.013000000268220901
vb0[1513]+056 BLENDINDICES: 0, 2, 1, 3
vb0[1513]+072 COLOR: 1.0, 0.5019607843137255, 0.5019607843137255, 0.0
vb0[1513]+076 TEXCOORD: 0.718019962310791, 0.8032199144363403

vb0[1514]+000 POSITION: -0.0015428790356963873, 1.8739051818847656, 0.1103898137807846
vb0[1514]+012 NORMAL: 0.06102879345417023, 0.07957969605922699, -0.9949585795402527
vb0[1514]+024 TANGENT: 0.02631843462586403, 0.0415806844830513, -0.9987885355949402, -1.0
vb0[1514]+040 BLENDWEIGHTS: 0.5690000057220459, 0.3330000042915344, 0.09200000017881393, 0.006000000052154064
vb0[1514]+056 BLENDINDICES: 2, 0, 3, 1
vb0[1514]+072 COLOR: 1.0, 0.5019607843137255, 0.5019607843137255, 0.30196078431372547
vb0[1514]+076 TEXCOORD: 0.725959300994873, 0.811550498008728

vb0[1515]+000 POSITION: -0.010883609764277935, 1.8748482465744019, 0.11439059674739838
vb0[1515]+012 NORMAL: -0.36735719442367554, 0.16964128613471985, -0.9144783020019531
vb0[1515]+024 TANGENT: -0.8955243825912476, 0.1873762607574463, -0.40364110469818115, -1.0
vb0[1515]+040 BLENDWEIGHTS: 0.5139999985694885, 0.3149999976158142, 0.09600000083446503, 0.07500000298023224
vb0[1515]+056 BLENDINDICES: 2, 0, 1, 3
vb0[1515]+072 COLOR: 1.0, 0.5019607843137255, 0.5019607843137255, 0.5019607843137255
vb0[1515]+076 TEXCOORD: 0.7250046730041504, 0.8017621636390686

vb0[1516]+000 POSITION: -0.0032804682850837708, 1.8672912120819092, 0.10948066413402557
vb0[1516]+012 NORMAL: 0.04691781848669052, 0.12374947965145111, -0.9912036657333374
vb0[1516]+024 TANGENT: 0.014104068279266357, 0.10671483725309372, -0.9941896200180054, -1.0
vb0[1516]+040 BLENDWEIGHTS: 0.6190000176429749, 0.1940000057220459, 0.18299999833106995, 0.004000000189989805
vb0[1516]+056 BLENDINDICES: 2, 0, 3, 1
vb0[1516]+072 COLOR: 1.0, 0.5019607843137255, 0.5019607843137255, 0.30196078431372547
vb0[1516]+076 TEXCOORD: 0.732661247253418, 0.8102192878723145

vb0[1517]+000 POSITION: -0.012054266408085823, 1.8680205345153809, 0.11394251883029938
vb0[1517]+012 NORMAL: -0.41349080204963684, 0.2271215319633484, -0.8817262649536133
vb0[1517]+024 TANGENT: -0.9113132357597351, 0.19093537330627441, -0.36476290225982666, -1.0
vb0[1517]+040 BLENDWEIGHTS: 0.581000030040741, 0.19999998807907104, 0.18199999630451202, 0.03700000420212746
vb0[1517]+056 BLENDINDICES: 2, 0, 3, 1
vb0[1517]+072 COLOR: 1.0, 0.5019607843137255, 0.5019607843137255, 0.5019607843137255
vb0[1517]+076 TEXCOORD: 0.731689453125, 0.8008049130439758

vb0[1518]+000 POSITION: -0.0049818712286651134, 1.8606733083724976, 0.10858602076768875
vb0[1518]+012 NORMAL: 0.04632365703582764, 0.14819292724132538, -0.9878729581832886
vb0[1518]+024 TANGENT: 0.00856476929038763, 0.13227497041225433, -0.9911760091781616, -1.0
vb0[1518]+040 BLENDWEIGHTS: 0.6330000162124634, 0.2709999978542328, 0.09399999678134918, 0.0020000000949949026
vb0[1518]+056 BLENDINDICES: 2, 3, 0, 1
vb0[1518]+072 COLOR: 1.0, 0.5019607843137255, 0.5019607843137255, 0.30196078431372547
vb0[1518]+076 TEXCOORD: 0.7393374443054199, 0.8089842200279236

vb0[1519]+000 POSITION: -0.012859500013291836, 1.8613793849945068, 0.11285656690597534
vb0[1519]+012 NORMAL: -0.4383915662765503, 0.2664017975330353, -0.8583954572677612
vb0[1519]+024 TANGENT: -0.91820228099823, 0.17622661590576172, -0.3547515571117401, -1.0
vb0[1519]+040 BLENDWEIGHTS: 0.5890000462532043, 0.2930000424385071, 0.1080000177025795, 0.010000000707805157
vb0[1519]+056 BLENDINDICES: 2, 3, 0, 1
vb0[1519]+072 COLOR: 1.0, 0.5019607843137255, 0.5019607843137255, 0.5019607843137255
vb0[1519]+076 TEXCOORD: 0.7382774353027344, 0.8003510236740112

vb0[1520]+000 POSITION: -0.013298828154802322, 1.8559174537658691, 0.1115238294005394
vb0[1520]+012 NORMAL: -0.44723644852638245, 0.2951600253582001, -0.8443104028701782
vb0[1520]+024 TANGENT: -0.9127742648124695, 0.17783452570438385, -0.3677200973033905, -1.0
vb0[1520]+040 BLENDWEIGHTS: 0.5550000071525574, 0.38999998569488525, 0.054999999701976776, 0.0
vb0[1520]+056 BLENDINDICES: 2, 3, 0, 0
vb0[1520]+072 COLOR: 1.0, 0.5019607843137255, 0.5019607843137255, 0.5019607843137255
vb0[1520]+076 TEXCOORD: 0.7437887191772461, 0.8003971576690674

vb0[1521]+000 POSITION: -0.006434466224163771, 1.8553550243377686, 0.1076933965086937
vb0[1521]+012 NORMAL: 0.05760163813829422, 0.16555050015449524, -0.9845177531242371
vb0[1521]+024 TANGENT: 0.010191619396209717, 0.15034472942352295, -0.988581120967865, -1.0
vb0[1521]+040 BLENDWEIGHTS: 0.6069999933242798, 0.3499999940395355, 0.0430000014603138, 0.0
vb0[1521]+056 BLENDINDICES: 2, 3, 0, 0
vb0[1521]+072 COLOR: 1.0, 0.5019607843137255, 0.5019607843137255, 0.30196078431372547
vb0[1521]+076 TEXCOORD: 0.7447175979614258, 0.807958722114563

vb0[1522]+000 POSITION: -0.013681736774742603, 1.8505077362060547, 0.10998770594596863
vb0[1522]+012 NORMAL: -0.4469742476940155, 0.32185110449790955, -0.83464115858078
vb0[1522]+024 TANGENT: -0.9074628949165344, 0.18233893811702728, -0.37850168347358704, -1.0
vb0[1522]+040 BLENDWEIGHTS: 0.5059999823570251, 0.4740000069141388, 0.019999999552965164, 0.0
vb0[1522]+056 BLENDINDICES: 2, 3, 0, 0
vb0[1522]+072 COLOR: 1.0, 0.5019607843137255, 0.5019607843137255, 0.5019607843137255
vb0[1522]+076 TEXCOORD: 0.7493219375610352, 0.8006104230880737

vb0[1523]+000 POSITION: -0.007976740598678589, 1.8500202894210815, 0.10678540915250778
vb0[1523]+012 NORMAL: 0.07906441390514374, 0.1860043853521347, -0.9793626070022583
vb0[1523]+024 TANGENT: 0.018621385097503662, 0.1592005491256714, -0.987070620059967, -1.0
vb0[1523]+040 BLENDWEIGHTS: 0.5490000247955322, 0.4359999895095825, 0.014999999664723873, 0.0
vb0[1523]+056 BLENDINDICES: 2, 3, 0, 0
vb0[1523]+072 COLOR: 1.0, 0.5019607843137255, 0.5019607843137255, 0.30196078431372547
vb0[1523]+076 TEXCOORD: 0.7501788139343262, 0.8069159388542175

vb0[1524]+000 POSITION: -0.0139735983684659, 1.8457540273666382, 0.10833346098661423
vb0[1524]+012 NORMAL: -0.4398175776004791, 0.3600459396839142, -0.8227559328079224
vb0[1524]+024 TANGENT: -0.8968043923377991, 0.19418813288211823, -0.3975335359573364, -1.0
vb0[1524]+040 BLENDWEIGHTS: 0.5440000295639038, 0.45399999618530273, 0.0020000000949949026, 0.0
vb0[1524]+056 BLENDINDICES: 3, 2, 0, 0
vb0[1524]+072 COLOR: 1.0, 0.5019607843137255, 0.5019607843137255, 0.4
vb0[1524]+076 TEXCOORD: 0.7542963027954102, 0.8009634613990784

vb0[1525]+000 POSITION: -0.009346207603812218, 1.84536612033844, 0.10589238256216049
vb0[1525]+012 NORMAL: 0.10920839011669159, 0.21758624911308289, -0.9699122309684753
vb0[1525]+024 TANGENT: 0.05011957883834839, 0.17725467681884766, -0.9828879833221436, -1.0
vb0[1525]+040 BLENDWEIGHTS: 0.5080000162124634, 0.492000013589859, 0.0, 0.0
vb0[1525]+056 BLENDINDICES: 3, 2, 0, 0
vb0[1525]+072 COLOR: 1.0, 0.5019607843137255, 0.5019607843137255, 0.30196078431372547
vb0[1525]+076 TEXCOORD: 0.7550196647644043, 0.8060203790664673

vb0[1526]+000 POSITION: -0.01414215937256813, 1.8414306640625, 0.10657257586717606
vb0[1526]+012 NORMAL: -0.4258771538734436, 0.4090285301208496, -0.8070465922355652
vb0[1526]+024 TANGENT: -0.8902524709701538, 0.2048802375793457, -0.406785786151886, -1.0
vb0[1526]+040 BLENDWEIGHTS: 0.6060000061988831, 0.39399999380111694, 0.0, 0.0
vb0[1526]+056 BLENDINDICES: 3, 2, 0, 0
vb0[1526]+072 COLOR: 1.0, 0.5019607843137255, 0.5019607843137255, 0.4
vb0[1526]+076 TEXCOORD: 0.758979320526123, 0.8014804124832153

vb0[1527]+000 POSITION: -0.010735088028013706, 1.841131567955017, 0.10481316596269608
vb0[1527]+012 NORMAL: 0.13875100016593933, 0.24713313579559326, -0.958996057510376
vb0[1527]+024 TANGENT: 0.0961102843284607, 0.20357072353363037, -0.9743314385414124, -1.0
vb0[1527]+040 BLENDWEIGHTS: 0.5759999752044678, 0.42399999499320984, 0.0, 0.0
vb0[1527]+056 BLENDINDICES: 3, 2, 0, 0
vb0[1527]+072 COLOR: 1.0, 0.5019607843137255, 0.5019607843137255, 0.30196078431372547
vb0[1527]+076 TEXCOORD: 0.7595770359039307, 0.8051982522010803

vb0[1528]+000 POSITION: -0.012434229254722595, 1.8369883298873901, 0.10354563593864441
vb0[1528]+012 NORMAL: 0.16789354383945465, 0.27492108941078186, -0.9466943144798279
vb0[1528]+024 TANGENT: 0.1302913874387741, 0.23152804374694824, -0.9640637636184692, -1.0
vb0[1528]+040 BLENDWEIGHTS: 0.6389999985694885, 0.3610000014305115, 0.0, 0.0
vb0[1528]+056 BLENDINDICES: 3, 2, 0, 0
vb0[1528]+072 COLOR: 1.0, 0.5019607843137255, 0.5019607843137255, 0.30196078431372547
vb0[1528]+076 TEXCOORD: 0.7642297744750977, 0.8043043613433838

vb0[1529]+000 POSITION: -0.014268795028328896, 1.8367387056350708, 0.10426467657089233
vb0[1529]+012 NORMAL: -0.4030628204345703, 0.4674946367740631, -0.7867586016654968
vb0[1529]+024 TANGENT: -0.894173264503479, 0.21819137036800385, -0.3909561038017273, -1.0
vb0[1529]+040 BLENDWEIGHTS: 0.6620000004768372, 0.33799999952316284, 0.0, 0.0
vb0[1529]+056 BLENDINDICES: 3, 2, 0, 0
vb0[1529]+072 COLOR: 1.0, 0.5019607843137255, 0.5019607843137255, 0.30196078431372547
vb0[1529]+076 TEXCOORD: 0.7644004821777344, 0.8024158477783203

vb0[1530]+000 POSITION: 0.005791209638118744, 1.8488099575042725, 0.11410409957170486
vb0[1530]+012 NORMAL: 0.5585567951202393, -0.12163212150335312, -0.820499837398529
vb0[1530]+024 TANGENT: 0.10627066344022751, 0.15184448659420013, -0.982674777507782, -1.0
vb0[1530]+040 BLENDWEIGHTS: 0.550000011920929, 0.4059999883174896, 0.04399999976158142, 0.0
vb0[1530]+056 BLENDINDICES: 2, 3, 0, 0
vb0[1530]+072 COLOR: 1.0, 0.5019607843137255, 0.5019607843137255, 0.0
vb0[1530]+076 TEXCOORD: 0.74904465675354, 0.8229519128799438

vb0[1531]+000 POSITION: 0.00890900008380413, 1.855388879776001, 0.1156529039144516
vb0[1531]+012 NORMAL: 0.12095248699188232, 0.16968604922294617, -0.9780476689338684
vb0[1531]+024 TANGENT: 0.07885682582855225, 0.17514991760253906, -0.9813786745071411, -1.0
vb0[1531]+040 BLENDWEIGHTS: 0.6190000176429749, 0.2930000126361847, 0.08799999952316284, 0.0
vb0[1531]+056 BLENDINDICES: 2, 3, 0, 0
vb0[1531]+072 COLOR: 1.0, 0.5019607843137255, 0.5019607843137255, 0.0
vb0[1531]+076 TEXCOORD: 0.7424659729003906, 0.825222909450531

vb0[1532]+000 POSITION: -0.0013096764450892806, 1.8389718532562256, 0.11071456968784332
vb0[1532]+012 NORMAL: 0.8172711133956909, -0.3405887484550476, -0.4648304283618927
vb0[1532]+024 TANGENT: 0.7449431419372559, -0.3329908549785614, -0.5780802965164185, -1.0
vb0[1532]+040 BLENDWEIGHTS: 0.5920000076293945, 0.40799999237060547, 0.0, 0.0
vb0[1532]+056 BLENDINDICES: 3, 2, 0, 0
vb0[1532]+072 COLOR: 1.0, 0.5019607843137255, 0.5019607843137255, 0.5019607843137255
vb0[1532]+076 TEXCOORD: 0.7590181827545166, 0.8168209791183472

vb0[1533]+000 POSITION: 0.002387200016528368, 1.8438040018081665, 0.11242693662643433
vb0[1533]+012 NORMAL: 0.8386783599853516, -0.3703822195529938, -0.3992939591407776
vb0[1533]+024 TANGENT: 0.7761843800544739, -0.34160083532333374, -0.5299496650695801, -1.0
vb0[1533]+040 BLENDWEIGHTS: 0.5090000033378601, 0.47699999809265137, 0.014000000432133675, 0.0
vb0[1533]+056 BLENDINDICES: 3, 2, 0, 0
vb0[1533]+072 COLOR: 1.0, 0.5019607843137255, 0.5019607843137255, 0.30196078431372547
vb0[1533]+076 TEXCOORD: 0.7540130615234375, 0.8197252750396729

vb0[1534]+000 POSITION: -0.001458066632039845, 1.8380275964736938, 0.11336568742990494
vb0[1534]+012 NORMAL: 0.8475931286811829, -0.5236812233924866, -0.08569633215665817
vb0[1534]+024 TANGENT: 0.6658006906509399, -0.6483317613601685, 0.3692903220653534, -1.0
vb0[1534]+040 BLENDWEIGHTS: 0.5950000286102295, 0.4050000011920929, 0.0, 0.0
vb0[1534]+056 BLENDINDICES: 3, 2, 0, 0
vb0[1534]+072 COLOR: 1.0, 0.5019607843137255, 0.5019607843137255, 0.30196078431372547
vb0[1534]+076 TEXCOORD: 0.7600202560424805, 0.8187904953956604

vb0[1535]+000 POSITION: 0.0019580498337745667, 1.8431649208068848, 0.11527127772569656
vb0[1535]+012 NORMAL: 0.8367363214492798, -0.5408634543418884, 0.08566864579916
vb0[1535]+024 TANGENT: 0.6843344569206238, -0.5842769742012024, 0.43624162673950195, -1.0
vb0[1535]+040 BLENDWEIGHTS: 0.5099999904632568, 0.4819999933242798, 0.00800000037997961, 0.0
vb0[1535]+056 BLENDINDICES: 3, 2, 0, 0
vb0[1535]+072 COLOR: 1.0, 0.5019607843137255, 0.5019607843137255, 0.2
vb0[1535]+076 TEXCOORD: 0.7553105354309082, 0.821832537651062

vb0[1536]+000 POSITION: -0.004592328332364559, 1.835335612297058, 0.10904273390769958
vb0[1536]+012 NORMAL: 0.7861690521240234, -0.3189446032047272, -0.5293510556221008
vb0[1536]+024 TANGENT: 0.7135700583457947, -0.3157135248184204, -0.6254141926765442, -1.0
vb0[1536]+040 BLENDWEIGHTS: 0.652999997138977, 0.34700000286102295, 0.0, 0.0
vb0[1536]+056 BLENDINDICES: 3, 2, 0, 0
vb0[1536]+072 COLOR: 1.0, 0.5019607843137255, 0.5019607843137255, 0.5019607843137255
vb0[1536]+076 TEXCOORD: 0.7631146907806396, 0.8141546249389648

vb0[1537]+000 POSITION: -0.00446173083037138, 1.8340449333190918, 0.1115914136171341
vb0[1537]+012 NORMAL: 0.8248636722564697, -0.5138978958129883, -0.2356029450893402
vb0[1537]+024 TANGENT: 0.6296132206916809, -0.7190675735473633, 0.29415810108184814, -1.0
vb0[1537]+040 BLENDWEIGHTS: 0.6539999842643738, 0.34599998593330383, 0.0, 0.0
vb0[1537]+056 BLENDINDICES: 3, 2, 0, 0
vb0[1537]+072 COLOR: 1.0, 0.5019607843137255, 0.5019607843137255, 0.4
vb0[1537]+076 TEXCOORD: 0.7639236450195312, 0.8162695169448853

vb0[1538]+000 POSITION: -0.008205205202102661, 1.8321641683578491, 0.10694913566112518
vb0[1538]+012 NORMAL: 0.7563599348068237, -0.2522662281990051, -0.603557288646698
vb0[1538]+024 TANGENT: 0.6922388672828674, -0.277275413274765, -0.6662760376930237, -1.0
vb0[1538]+040 BLENDWEIGHTS: 0.7099999785423279, 0.28999999165534973, 0.0, 0.0
vb0[1538]+056 BLENDINDICES: 3, 2, 0, 0
vb0[1538]+072 COLOR: 1.0, 0.5019607843137255, 0.5019607843137255, 0.5019607843137255
vb0[1538]+076 TEXCOORD: 0.767017126083374, 0.8110687732696533

vb0[1539]+000 POSITION: -0.007954488508403301, 1.8303415775299072, 0.1092531830072403
vb0[1539]+012 NORMAL: 0.7941739559173584, -0.47681155800819397, -0.3767470121383667
vb0[1539]+024 TANGENT: 0.5877379179000854, -0.7857214212417603, 0.19288849830627441, -1.0
vb0[1539]+040 BLENDWEIGHTS: 0.7089999914169312, 0.29100000858306885, 0.0, 0.0
vb0[1539]+056 BLENDINDICES: 3, 2, 0, 0
vb0[1539]+072 COLOR: 1.0, 0.5019607843137255, 0.5019607843137255, 0.5019607843137255
vb0[1539]+076 TEXCOORD: 0.7680530548095703, 0.8136042952537537

vb0[1540]+000 POSITION: -0.011531627736985683, 1.8271708488464355, 0.10664337128400803
vb0[1540]+012 NORMAL: 0.7701870203018188, -0.4368625283241272, -0.46471840143203735
vb0[1540]+024 TANGENT: 0.4501458704471588, -0.8553293347358704, 0.2564772367477417, -1.0
vb0[1540]+040 BLENDWEIGHTS: 0.7559999823570251, 0.24400000274181366, 0.0, 0.0
vb0[1540]+056 BLENDINDICES: 3, 2, 0, 0
vb0[1540]+072 COLOR: 1.0, 0.5019607843137255, 0.5019607843137255, 0.5019607843137255
vb0[1540]+076 TEXCOORD: 0.7722382545471191, 0.8109007477760315

vb0[1541]+000 POSITION: -0.011743899434804916, 1.8291246891021729, 0.10451575368642807
vb0[1541]+012 NORMAL: 0.7405645847320557, -0.2574710249900818, -0.6207034587860107
vb0[1541]+024 TANGENT: 0.7094482183456421, -0.261743426322937, -0.6543497443199158, -1.0
vb0[1541]+040 BLENDWEIGHTS: 0.7580000162124634, 0.24199999868869781, 0.0, 0.0
vb0[1541]+056 BLENDINDICES: 3, 2, 0, 0
vb0[1541]+072 COLOR: 1.0, 0.5019607843137255, 0.5019607843137255, 0.5019607843137255
vb0[1541]+076 TEXCOORD: 0.771031379699707, 0.8084125518798828

vb0[1542]+000 POSITION: -0.014942031353712082, 1.8245829343795776, 0.1036221832036972
vb0[1542]+012 NORMAL: 0.7505208849906921, -0.4312010109424591, -0.5007834434509277
vb0[1542]+024 TANGENT: 0.4674399793148041, -0.8574663400650024, 0.21506115794181824, -1.0
vb0[1542]+040 BLENDWEIGHTS: 0.8029999732971191, 0.19699999690055847, 0.0, 0.0
vb0[1542]+056 BLENDINDICES: 3, 2, 0, 0
vb0[1542]+072 COLOR: 1.0, 0.5019607843137255, 0.5019607843137255, 0.5019607843137255
vb0[1542]+076 TEXCOORD: 0.7762007713317871, 0.8083413243293762

vb0[1543]+000 POSITION: -0.015196704305708408, 1.8263623714447021, 0.10189509391784668
vb0[1543]+012 NORMAL: 0.7136906981468201, -0.2594340443611145, -0.6506454944610596
vb0[1543]+024 TANGENT: 0.7121217846870422, -0.23720455169677734, -0.6607696413993835, -1.0
vb0[1543]+040 BLENDWEIGHTS: 0.8040000200271606, 0.19599999487400055, 0.0, 0.0
vb0[1543]+056 BLENDINDICES: 3, 2, 0, 0
vb0[1543]+072 COLOR: 1.0, 0.5019607843137255, 0.5019607843137255, 0.5019607843137255
vb0[1543]+076 TEXCOORD: 0.7751657962799072, 0.8060383200645447

vb0[1544]+000 POSITION: -0.0180704016238451, 1.8222827911376953, 0.10088365525007248
vb0[1544]+012 NORMAL: 0.735987663269043, -0.437214195728302, -0.5168808698654175
vb0[1544]+024 TANGENT: 0.47094035148620605, -0.8607388734817505, 0.19324541091918945, -1.0
vb0[1544]+040 BLENDWEIGHTS: 0.8410000205039978, 0.1589999943971634, 0.0, 0.0
vb0[1544]+056 BLENDINDICES: 3, 2, 0, 0
vb0[1544]+072 COLOR: 1.0, 0.5019607843137255, 0.5019607843137255, 0.4
vb0[1544]+076 TEXCOORD: 0.7798852920532227, 0.8059593439102173

vb0[1545]+000 POSITION: -0.01825280487537384, 1.823747992515564, 0.09936496615409851
vb0[1545]+012 NORMAL: 0.6929412484169006, -0.2523663341999054, -0.6753841042518616
vb0[1545]+024 TANGENT: 0.7150561213493347, -0.21269887685775757, -0.6659234166145325, -1.0
vb0[1545]+040 BLENDWEIGHTS: 0.8420000076293945, 0.15800000727176666, 0.0, 0.0
vb0[1545]+056 BLENDINDICES: 3, 2, 0, 0
vb0[1545]+072 COLOR: 1.0, 0.5019607843137255, 0.5019607843137255, 0.4
vb0[1545]+076 TEXCOORD: 0.7790913581848145, 0.8039958477020264

vb0[1546]+000 POSITION: -0.021163351833820343, 1.8200054168701172, 0.0979696661233902
vb0[1546]+012 NORMAL: 0.7274219393730164, -0.4227921962738037, -0.5404666066169739
vb0[1546]+024 TANGENT: 0.48355114459991455, -0.8614218831062317, 0.1553402990102768, -1.0
vb0[1546]+040 BLENDWEIGHTS: 0.878000020980835, 0.12200000137090683, 0.0, 0.0
vb0[1546]+056 BLENDINDICES: 3, 2, 0, 0
vb0[1546]+072 COLOR: 1.0, 0.5019607843137255, 0.5019607843137255, 0.30196078431372547
vb0[1546]+076 TEXCOORD: 0.7836959362030029, 0.8034971356391907

vb0[1547]+000 POSITION: -0.021389352157711983, 1.821217656135559, 0.09686039388179779
vb0[1547]+012 NORMAL: 0.6814585328102112, -0.24264003336429596, -0.690463662147522
vb0[1547]+024 TANGENT: 0.7202626466751099, -0.18320320546627045, -0.669072687625885, -1.0
vb0[1547]+040 BLENDWEIGHTS: 0.8790000081062317, 0.12099999934434891, 0.0, 0.0
vb0[1547]+056 BLENDINDICES: 3, 2, 0, 0
vb0[1547]+072 COLOR: 1.0, 0.5019607843137255, 0.5019607843137255, 0.30196078431372547
vb0[1547]+076 TEXCOORD: 0.7830736637115479, 0.8019680976867676

vb0[1548]+000 POSITION: -0.023989392444491386, 1.8179725408554077, 0.09518536180257797
vb0[1548]+012 NORMAL: 0.733944296836853, -0.39725175499916077, -0.5509236454963684
vb0[1548]+024 TANGENT: 0.5117554664611816, -0.8489205241203308, 0.13206148147583008, -1.0
vb0[1548]+040 BLENDWEIGHTS: 0.9110000133514404, 0.08900000154972076, 0.0, 0.0
vb0[1548]+056 BLENDINDICES: 3, 2, 0, 0
vb0[1548]+072 COLOR: 1.0, 0.5019607843137255, 0.5019607843137255, 0.30196078431372547
vb0[1548]+076 TEXCOORD: 0.7872762680053711, 0.801181435585022

vb0[1549]+000 POSITION: -0.02429930865764618, 1.818599820137024, 0.09432993084192276
vb0[1549]+012 NORMAL: 0.6897789835929871, -0.23528781533241272, -0.6847221851348877
vb0[1549]+024 TANGENT: 0.746699333190918, -0.1562403291463852, -0.6465516090393066, -1.0
vb0[1549]+040 BLENDWEIGHTS: 0.9129999876022339, 0.08699999749660492, 0.0, 0.0
vb0[1549]+056 BLENDINDICES: 3, 2, 0, 0
vb0[1549]+072 COLOR: 1.0, 0.5019607843137255, 0.5019607843137255, 0.30196078431372547
vb0[1549]+076 TEXCOORD: 0.787102460861206, 0.800104558467865

vb0[1550]+000 POSITION: -0.02681056410074234, 1.8157376050949097, 0.09220961481332779
vb0[1550]+012 NORMAL: 0.7206403017044067, -0.3069543242454529, -0.6216562390327454
vb0[1550]+024 TANGENT: 0.6013164520263672, -0.7970010042190552, 0.056638360023498535, -1.0
vb0[1550]+040 BLENDWEIGHTS: 0.9419999718666077, 0.057999998331069946, 0.0, 0.0
vb0[1550]+056 BLENDINDICES: 3, 2, 0, 0
vb0[1550]+072 COLOR: 1.0, 0.5019607843137255, 0.5019607843137255, 0.2
vb0[1550]+076 TEXCOORD: 0.7910699844360352, 0.7987299561500549

vb0[1551]+000 POSITION: -0.02283868007361889, 1.8229731321334839, 0.09572764486074448
vb0[1551]+012 NORMAL: 0.1610197126865387, 0.4150361716747284, -0.8954426646232605
vb0[1551]+024 TANGENT: 0.19195358455181122, 0.47481974959373474, -0.8588945865631104, -1.0
vb0[1551]+040 BLENDWEIGHTS: 0.8629999756813049, 0.13699999451637268, 0.0, 0.0
vb0[1551]+056 BLENDINDICES: 3, 2, 0, 0
vb0[1551]+072 COLOR: 1.0, 0.5019607843137255, 0.5019607843137255, 0.30196078431372547
vb0[1551]+076 TEXCOORD: 0.7825078964233398, 0.7995399832725525

vb0[1552]+000 POSITION: -0.02531721442937851, 1.8198717832565308, 0.09341808408498764
vb0[1552]+012 NORMAL: 0.19124829769134521, 0.3786371946334839, -0.9055705666542053
vb0[1552]+024 TANGENT: 0.24037615954875946, 0.46616753935813904, -0.8514147996902466, -1.0
vb0[1552]+040 BLENDWEIGHTS: 0.9070000052452087, 0.09300000220537186, 0.0, 0.0
vb0[1552]+056 BLENDINDICES: 3, 2, 0, 0
vb0[1552]+072 COLOR: 1.0, 0.5019607843137255, 0.5019607843137255, 0.30196078431372547
vb0[1552]+076 TEXCOORD: 0.7866930961608887, 0.7983226776123047

vb0[1553]+000 POSITION: -0.02742663025856018, 1.8168174028396606, 0.09120380133390427
vb0[1553]+012 NORMAL: 0.3817920982837677, 0.1637175977230072, -0.9096325039863586
vb0[1553]+024 TANGENT: 0.3588971793651581, 0.34876155853271484, -0.8657702207565308, -1.0
vb0[1553]+040 BLENDWEIGHTS: 0.9430000185966492, 0.05700000002980232, 0.0, 0.0
vb0[1553]+056 BLENDINDICES: 3, 2, 0, 0
vb0[1553]+072 COLOR: 1.0, 0.5019607843137255, 0.5019607843137255, 0.2
vb0[1553]+076 TEXCOORD: 0.7906479835510254, 0.7972317934036255

vb0[1554]+000 POSITION: -0.027671976014971733, 1.8201735019683838, 0.09472091495990753
vb0[1554]+012 NORMAL: -0.3076193034648895, 0.6635320782661438, -0.6819791197776794
vb0[1554]+024 TANGENT: -0.9074646830558777, 0.4153358042240143, 0.06327712535858154, -1.0
vb0[1554]+040 BLENDWEIGHTS: 0.9049999713897705, 0.0949999988079071, 0.0, 0.0
vb0[1554]+056 BLENDINDICES: 3, 2, 0, 0
vb0[1554]+072 COLOR: 1.0, 0.5019607843137255, 0.5019607843137255, 0.30196078431372547
vb0[1554]+076 TEXCOORD: 0.786280632019043, 0.7957282066345215

vb0[1555]+000 POSITION: -0.029253879562020302, 1.8169934749603271, 0.09189027547836304
vb0[1555]+012 NORMAL: -0.2732637822628021, 0.6107962727546692, -0.7431385517120361
vb0[1555]+024 TANGENT: -0.9147651791572571, 0.4036347568035126, -0.016839204356074333, -1.0
vb0[1555]+040 BLENDWEIGHTS: 0.9380000233650208, 0.06199999898672104, 0.0, 0.0
vb0[1555]+056 BLENDINDICES: 3, 2, 0, 0
vb0[1555]+072 COLOR: 1.0, 0.5019607843137255, 0.5019607843137255, 0.2
vb0[1555]+076 TEXCOORD: 0.7905011177062988, 0.795332133769989

vb0[1556]+000 POSITION: -0.02930428646504879, 1.8135695457458496, 0.08960986137390137
vb0[1556]+012 NORMAL: 0.7669731974601746, -0.3127861022949219, -0.5602829456329346
vb0[1556]+024 TANGENT: 0.6511483788490295, -0.7490478754043579, 0.12220145761966705, -1.0
vb0[1556]+040 BLENDWEIGHTS: 0.9710000157356262, 0.028999999165534973, 0.0, 0.0
vb0[1556]+056 BLENDINDICES: 3, 2, 0, 0
vb0[1556]+072 COLOR: 1.0, 0.5019607843137255, 0.5019607843137255, 0.2
vb0[1556]+076 TEXCOORD: 0.7944984436035156, 0.7965154647827148

vb0[1557]+000 POSITION: -0.029428862035274506, 1.8139631748199463, 0.08912655711174011
vb0[1557]+012 NORMAL: 0.3490855395793915, 0.17853103578090668, -0.919927179813385
vb0[1557]+024 TANGENT: 0.430113822221756, 0.29500362277030945, -0.85321444272995, -1.0
vb0[1557]+040 BLENDWEIGHTS: 0.9710000157356262, 0.028999999165534973, 0.0, 0.0
vb0[1557]+056 BLENDINDICES: 3, 2, 0, 0
vb0[1557]+072 COLOR: 1.0, 0.5019607843137255, 0.5019607843137255, 0.2
vb0[1557]+076 TEXCOORD: 0.7942886352539062, 0.7959374189376831

vb0[1558]+000 POSITION: -0.03029784932732582, 1.8140875101089478, 0.08946232497692108
vb0[1558]+012 NORMAL: -0.25665444135665894, 0.5713627934455872, -0.7795338034629822
vb0[1558]+024 TANGENT: -0.9078064560890198, 0.4088912904262543, -0.09324872493743896, -1.0
vb0[1558]+040 BLENDWEIGHTS: 0.968999981880188, 0.03099999949336052, 0.0, 0.0
vb0[1558]+056 BLENDINDICES: 3, 2, 0, 0
vb0[1558]+072 COLOR: 1.0, 0.5019607843137255, 0.5019607843137255, 0.2
vb0[1558]+076 TEXCOORD: 0.794133186340332, 0.7950379848480225

vb0[1559]+000 POSITION: -0.025919202715158463, 1.8230127096176147, 0.09741634130477905
vb0[1559]+012 NORMAL: -0.3414973318576813, 0.7071530222892761, -0.6191236972808838
vb0[1559]+024 TANGENT: -0.8974668979644775, 0.42358970642089844, 0.12298357486724854, -1.0
vb0[1559]+040 BLENDWEIGHTS: 0.8730000257492065, 0.12700000405311584, 0.0, 0.0
vb0[1559]+056 BLENDINDICES: 3, 2, 0, 0
vb0[1559]+072 COLOR: 1.0, 0.5019607843137255, 0.5019607843137255, 0.30196078431372547
vb0[1559]+076 TEXCOORD: 0.7822604179382324, 0.7961462140083313

vb0[1560]+000 POSITION: -0.02381240949034691, 1.8261399269104004, 0.10029806196689606
vb0[1560]+012 NORMAL: -0.3785463571548462, 0.7228162884712219, -0.578134298324585
vb0[1560]+024 TANGENT: -0.8830981850624084, 0.4369381070137024, 0.17094598710536957, -1.0
vb0[1560]+040 BLENDWEIGHTS: 0.8370000123977661, 0.16300000250339508, 0.0, 0.0
vb0[1560]+056 BLENDINDICES: 3, 2, 0, 0
vb0[1560]+072 COLOR: 1.0, 0.5019607843137255, 0.5019607843137255, 0.4
vb0[1560]+076 TEXCOORD: 0.777766227722168, 0.7966044545173645

vb0[1561]+000 POSITION: -0.020123209804296494, 1.826061487197876, 0.09786385297775269
vb0[1561]+012 NORMAL: 0.14839375019073486, 0.4346584379673004, -0.8882856369018555
vb0[1561]+024 TANGENT: 0.1693589687347412, 0.4644707143306732, -0.8692436218261719, -1.0
vb0[1561]+040 BLENDWEIGHTS: 0.8159999847412109, 0.18400000035762787, 0.0, 0.0
vb0[1561]+056 BLENDINDICES: 3, 2, 0, 0
vb0[1561]+072 COLOR: 1.0, 0.5019607843137255, 0.5019607843137255, 0.30196078431372547
vb0[1561]+076 TEXCOORD: 0.7782802581787109, 0.8008460998535156

vb0[1562]+000 POSITION: -0.02156057395040989, 1.8293099403381348, 0.10300914198160172
vb0[1562]+012 NORMAL: -0.41920730471611023, 0.7215777039527893, -0.5509908199310303
vb0[1562]+024 TANGENT: -0.8812348246574402, 0.4317803680896759, 0.19233061373233795, -1.0
vb0[1562]+040 BLENDWEIGHTS: 0.7990000247955322, 0.20100000500679016, 0.0, 0.0
vb0[1562]+056 BLENDINDICES: 3, 2, 0, 0
vb0[1562]+072 COLOR: 1.0, 0.5019607843137255, 0.5019607843137255, 0.5019607843137255
vb0[1562]+076 TEXCOORD: 0.7732439041137695, 0.7971107959747314

vb0[1563]+000 POSITION: -0.01739467866718769, 1.829237937927246, 0.09995052218437195
vb0[1563]+012 NORMAL: 0.14795413613319397, 0.4365702271461487, -0.8874210119247437
vb0[1563]+024 TANGENT: 0.14761845767498016, 0.44799456000328064, -0.8817650079727173, -1.0
vb0[1563]+040 BLENDWEIGHTS: 0.7639999985694885, 0.23600000143051147, 0.0, 0.0
vb0[1563]+056 BLENDINDICES: 3, 2, 0, 0
vb0[1563]+072 COLOR: 1.0, 0.5019607843137255, 0.5019607843137255, 0.30196078431372547
vb0[1563]+076 TEXCOORD: 0.7740082740783691, 0.8021209239959717

vb0[1564]+000 POSITION: -0.01921861059963703, 1.83279287815094, 0.10585583746433258
vb0[1564]+012 NORMAL: -0.4528001546859741, 0.7083303332328796, -0.5415164828300476
vb0[1564]+024 TANGENT: -0.8912056684494019, 0.4027811288833618, 0.20861385762691498, -1.0
vb0[1564]+040 BLENDWEIGHTS: 0.7540000081062317, 0.2460000067949295, 0.0, 0.0
vb0[1564]+056 BLENDINDICES: 3, 2, 0, 0
vb0[1564]+072 COLOR: 1.0, 0.5019607843137255, 0.5019607843137255, 0.5019607843137255
vb0[1564]+076 TEXCOORD: 0.7683510780334473, 0.7974600195884705

vb0[1565]+000 POSITION: -0.014337367378175259, 1.8328553438186646, 0.10205128788948059
vb0[1565]+012 NORMAL: 0.010517830029129982, 0.47145140171051025, -0.8818293213844299
vb0[1565]+024 TANGENT: 0.11463899165391922, 0.3715999126434326, -0.9212878942489624, -1.0
vb0[1565]+040 BLENDWEIGHTS: 0.7020000219345093, 0.2980000078678131, 0.0, 0.0
vb0[1565]+056 BLENDINDICES: 3, 2, 0, 0
vb0[1565]+072 COLOR: 1.0, 0.5019607843137255, 0.5019607843137255, 0.2
vb0[1565]+076 TEXCOORD: 0.7691726684570312, 0.8038341403007507

vb0[1566]+000 POSITION: -0.01390854548662901, 1.8359344005584717, 0.10533636063337326
vb0[1566]+012 NORMAL: -0.45175930857658386, 0.6913885474205017, -0.5638222098350525
vb0[1566]+024 TANGENT: -0.9027636647224426, 0.36629799008369446, -0.22548528015613556, -1.0
vb0[1566]+040 BLENDWEIGHTS: 0.6970000267028809, 0.30300000309944153, 0.0, 0.0
vb0[1566]+056 BLENDINDICES: 3, 2, 0, 0
vb0[1566]+072 COLOR: 1.0, 0.5019607843137255, 0.5019607843137255, 0.0
vb0[1566]+076 TEXCOORD: 0.7648072242736816, 0.801956057548523

vb0[1567]+000 POSITION: -0.01700231060385704, 1.8364101648330688, 0.10846153646707535
vb0[1567]+012 NORMAL: -0.45175930857658386, 0.6913885474205017, -0.5638221502304077
vb0[1567]+024 TANGENT: -0.8915055394172668, 0.403862863779068, 0.20521381497383118, -1.0
vb0[1567]+040 BLENDWEIGHTS: 0.7080000042915344, 0.2919999957084656, 0.0, 0.0
vb0[1567]+056 BLENDINDICES: 3, 2, 0, 0
vb0[1567]+072 COLOR: 1.0, 0.5019607843137255, 0.5019607843137255, 0.5019607843137255
vb0[1567]+076 TEXCOORD: 0.7636303901672363, 0.7978103160858154

vb0[1568]+000 POSITION: -0.03139698877930641, 1.8110789060592651, 0.08716318011283875
vb0[1568]+012 NORMAL: 0.3824140727519989, 0.1418241262435913, -0.913041889667511
vb0[1568]+024 TANGENT: -0.41742709279060364, -0.6963703632354736, -0.5838004946708679, -1.0
vb0[1568]+040 BLENDWEIGHTS: 1.0, 0.0, 0.0, 0.0
vb0[1568]+056 BLENDINDICES: 3, 0, 0, 0
vb0[1568]+072 COLOR: 1.0, 0.5019607843137255, 0.5019607843137255, 0.10196078431372549
vb0[1568]+076 TEXCOORD: 0.7977900505065918, 0.7943894863128662

vb0[1569]+000 POSITION: -0.012430699542164803, 1.8396944999694824, 0.10888516157865524
vb0[1569]+012 NORMAL: -0.4097226560115814, 0.6617764830589294, -0.6278370022773743
vb0[1569]+024 TANGENT: -0.9621333479881287, 0.16327153146266937, 0.2182699292898178, -1.0
vb0[1569]+040 BLENDWEIGHTS: 0.6620000004768372, 0.33799999952316284, 0.0, 0.0
vb0[1569]+056 BLENDINDICES: 3, 2, 0, 0
vb0[1569]+072 COLOR: 1.0, 0.5019607843137255, 0.5019607843137255, 0.0
vb0[1569]+076 TEXCOORD: 0.759617805480957, 0.8011853694915771

vb0[1570]+000 POSITION: -0.014907822012901306, 1.8400965929031372, 0.11085187643766403
vb0[1570]+012 NORMAL: -0.40972259640693665, 0.6617764830589294, -0.6278370022773743
vb0[1570]+024 TANGENT: -0.8951422572135925, 0.4114879071712494, 0.17145858705043793, -1.0
vb0[1570]+040 BLENDWEIGHTS: 0.656000018119812, 0.3440000116825104, 0.0, 0.0
vb0[1570]+056 BLENDINDICES: 3, 2, 0, 0
vb0[1570]+072 COLOR: 1.0, 0.5019607843137255, 0.5019607843137255, 0.5019607843137255
vb0[1570]+076 TEXCOORD: 0.759000301361084, 0.7981458902359009

vb0[1571]+000 POSITION: -0.01065792702138424, 1.8437247276306152, 0.11179367452859879
vb0[1571]+012 NORMAL: -0.3655779957771301, 0.5871196389198303, -0.7222486734390259
vb0[1571]+024 TANGENT: -0.9597306251525879, 0.1990334838628769, 0.1982494592666626, -1.0
vb0[1571]+040 BLENDWEIGHTS: 0.597000002861023, 0.40299999713897705, 0.0, 0.0
vb0[1571]+056 BLENDINDICES: 3, 2, 0, 0
vb0[1571]+072 COLOR: 1.0, 0.5019607843137255, 0.5019607843137255, 0.0
vb0[1571]+076 TEXCOORD: 0.7544963359832764, 0.8009323477745056

vb0[1572]+000 POSITION: -0.013040630146861076, 1.8440418243408203, 0.11320604383945465
vb0[1572]+012 NORMAL: -0.3655779957771301, 0.5871195793151855, -0.7222487330436707
vb0[1572]+024 TANGENT: -0.918346643447876, 0.3729889392852783, 0.13235855102539062, -1.0
vb0[1572]+040 BLENDWEIGHTS: 0.5920000076293945, 0.4059999883174896, 0.0020000000949949026, 0.0
vb0[1572]+056 BLENDINDICES: 3, 2, 0, 0
vb0[1572]+072 COLOR: 1.0, 0.5019607843137255, 0.5019607843137255, 0.5019607843137255
vb0[1572]+076 TEXCOORD: 0.7542364597320557, 0.7982487082481384

vb0[1573]+000 POSITION: -0.009168864227831364, 1.8484705686569214, 0.11434083431959152
vb0[1573]+012 NORMAL: -0.30916380882263184, 0.5071163773536682, -0.8045189380645752
vb0[1573]+024 TANGENT: -0.9675814509391785, 0.19777333736419678, 0.1570727825164795, -1.0
vb0[1573]+040 BLENDWEIGHTS: 0.5090000033378601, 0.4740000069141388, 0.017000000923871994, 0.0
vb0[1573]+056 BLENDINDICES: 3, 2, 0, 0
vb0[1573]+072 COLOR: 1.0, 0.5019607843137255, 0.5019607843137255, 0.0
vb0[1573]+076 TEXCOORD: 0.749077558517456, 0.8005792498588562

vb0[1574]+000 POSITION: -0.011281111277639866, 1.8487968444824219, 0.11537692695856094
vb0[1574]+012 NORMAL: -0.30916380882263184, 0.5071163773536682, -0.8045189380645752
vb0[1574]+024 TANGENT: -0.9347429871559143, 0.34787261486053467, 0.07238912582397461, -1.0
vb0[1574]+040 BLENDWEIGHTS: 0.5049999952316284, 0.47600001096725464, 0.01899999938905239, 0.0
vb0[1574]+056 BLENDINDICES: 3, 2, 0, 0
vb0[1574]+072 COLOR: 1.0, 0.5019607843137255, 0.5019607843137255, 0.5019607843137255
vb0[1574]+076 TEXCOORD: 0.7489218711853027, 0.7982897162437439

vb0[1575]+000 POSITION: -0.007713629398494959, 1.8539631366729736, 0.11693742126226425
vb0[1575]+012 NORMAL: -0.24255895614624023, 0.4273996651172638, -0.8709160089492798
vb0[1575]+024 TANGENT: -0.9756287336349487, 0.21031594276428223, 0.06257569789886475, -1.0
vb0[1575]+040 BLENDWEIGHTS: 0.5460000038146973, 0.40299999713897705, 0.050999999046325684, 0.0
vb0[1575]+056 BLENDINDICES: 2, 3, 0, 0
vb0[1575]+072 COLOR: 1.0, 0.5019607843137255, 0.5019607843137255, 0.0
vb0[1575]+076 TEXCOORD: 0.7430691719055176, 0.8001770377159119

vb0[1576]+000 POSITION: -0.009638126008212566, 1.8542283773422241, 0.1175386980175972
vb0[1576]+012 NORMAL: -0.24255897104740143, 0.4273996949195862, -0.8709160089492798
vb0[1576]+024 TANGENT: -0.9486240744590759, 0.3136619031429291, 0.041574832051992416, -1.0
vb0[1576]+040 BLENDWEIGHTS: 0.5450000166893005, 0.4020000100135803, 0.05299999937415123, 0.0
vb0[1576]+056 BLENDINDICES: 2, 3, 0, 0
vb0[1576]+072 COLOR: 1.0, 0.5019607843137255, 0.5019607843137255, 0.5019607843137255
vb0[1576]+076 TEXCOORD: 0.74310302734375, 0.7982180714607239

vb0[1577]+000 POSITION: -0.008155482821166515, 1.8598082065582275, 0.11922868341207504
vb0[1577]+012 NORMAL: -0.22778372466564178, 0.325538694858551, -0.9176813960075378
vb0[1577]+024 TANGENT: -0.9641814231872559, 0.2644312381744385, 0.02074134349822998, -1.0
vb0[1577]+040 BLENDWEIGHTS: 0.6029999852180481, 0.2919999957084656, 0.10499999672174454, 0.0
vb0[1577]+056 BLENDINDICES: 2, 3, 0, 0
vb0[1577]+072 COLOR: 1.0, 0.5019607843137255, 0.5019607843137255, 0.5019607843137255
vb0[1577]+076 TEXCOORD: 0.7378873825073242, 0.7984292507171631

vb0[1578]+000 POSITION: -0.0064504072070121765, 1.8596444129943848, 0.11876052618026733
vb0[1578]+012 NORMAL: -0.22778372466564178, 0.3255387246608734, -0.9176813960075378
vb0[1578]+024 TANGENT: -0.9803236722946167, 0.1948871612548828, 0.031375765800476074, -1.0
vb0[1578]+040 BLENDWEIGHTS: 0.6060000061988831, 0.29100000858306885, 0.10300000011920929, 0.0
vb0[1578]+056 BLENDINDICES: 2, 3, 0, 0
vb0[1578]+072 COLOR: 1.0, 0.5019607843137255, 0.5019607843137255, 0.0
vb0[1578]+076 TEXCOORD: 0.7377839088439941, 0.8001448512077332

vb0[1579]+000 POSITION: -0.006728936918079853, 1.8662830591201782, 0.120578832924366
vb0[1579]+012 NORMAL: -0.2607049345970154, 0.24772986769676208, -0.9330931305885315
vb0[1579]+024 TANGENT: -0.9729164242744446, 0.22927093505859375, 0.02947116084396839, -1.0
vb0[1579]+040 BLENDWEIGHTS: 0.6320000290870667, 0.18799999356269836, 0.18000000715255737, 0.0
vb0[1579]+056 BLENDINDICES: 2, 0, 3, 0
vb0[1579]+072 COLOR: 1.0, 0.5019607843137255, 0.5019607843137255, 0.5019607843137255
vb0[1579]+076 TEXCOORD: 0.7325606346130371, 0.7989171147346497

vb0[1580]+000 POSITION: -0.005270140245556831, 1.8660812377929688, 0.12010828405618668
vb0[1580]+012 NORMAL: -0.2607049345970154, 0.2477298378944397, -0.9330931305885315
vb0[1580]+024 TANGENT: -0.9796257615089417, 0.19751368463039398, 0.03635501489043236, -1.0
vb0[1580]+040 BLENDWEIGHTS: 0.6399999856948853, 0.1809999942779541, 0.17900000512599945, 0.0
vb0[1580]+056 BLENDINDICES: 2, 0, 3, 0
vb0[1580]+072 COLOR: 1.0, 0.5019607843137255, 0.5019607843137255, 0.0
vb0[1580]+076 TEXCOORD: 0.7325320243835449, 0.8004105091094971

vb0[1581]+000 POSITION: -0.0042894682846963406, 1.8735014200210571, 0.12128329277038574
vb0[1581]+012 NORMAL: -0.3021964728832245, 0.18411113321781158, -0.9352969527244568
vb0[1581]+024 TANGENT: -0.9809370636940002, 0.1942330300807953, -0.005989432334899902, -1.0
vb0[1581]+040 BLENDWEIGHTS: 0.6449999809265137, 0.27399998903274536, 0.08100000023841858, 0.0
vb0[1581]+056 BLENDINDICES: 2, 0, 3, 0
vb0[1581]+072 COLOR: 1.0, 0.5019607843137255, 0.5019607843137255, 0.0
vb0[1581]+076 TEXCOORD: 0.726581335067749, 0.8004873394966125

vb0[1582]+000 POSITION: -0.005139829590916634, 1.8736913204193115, 0.12160459160804749
vb0[1582]+012 NORMAL: -0.3021964728832245, 0.18411113321781158, -0.9352969527244568
vb0[1582]+024 TANGENT: -0.9749983549118042, 0.2154550403356552, 0.05437993258237839, -1.0
vb0[1582]+040 BLENDWEIGHTS: 0.6389999985694885, 0.2800000011920929, 0.08100000023841858, 0.0
vb0[1582]+056 BLENDINDICES: 2, 0, 3, 0
vb0[1582]+072 COLOR: 1.0, 0.5019607843137255, 0.5019607843137255, 0.5019607843137255
vb0[1582]+076 TEXCOORD: 0.7265322208404541, 0.7995945811271667

vb0[1583]+000 POSITION: -0.0034688212908804417, 1.8811677694320679, 0.12201918661594391
vb0[1583]+012 NORMAL: -0.32208651304244995, 0.14882512390613556, -0.9349392652511597
vb0[1583]+024 TANGENT: -0.34179508686065674, 0.055636171251535416, 0.9381262063980103, -1.0
vb0[1583]+040 BLENDWEIGHTS: 0.5659999847412109, 0.4059999883174896, 0.02800000086426735, 0.0
vb0[1583]+056 BLENDINDICES: 2, 0, 3, 0
vb0[1583]+072 COLOR: 1.0, 0.5019607843137255, 0.5019607843137255, 0.2
vb0[1583]+076 TEXCOORD: 0.7197122573852539, 0.800199031829834

vb0[1584]+000 POSITION: 0.0006285900017246604, 1.9284589290618896, 0.09508858621120453
vb0[1584]+012 NORMAL: -0.1775439828634262, 0.727737545967102, 0.6624773144721985
vb0[1584]+024 TANGENT: 0.07884370535612106, 0.7189167737960815, 0.6906100511550903, -1.0
vb0[1584]+040 BLENDWEIGHTS: 1.0, 0.0, 0.0, 0.0
vb0[1584]+056 BLENDINDICES: 0, 0, 0, 0
vb0[1584]+072 COLOR: 1.0, 0.5019607843137255, 0.5019607843137255, 0.0
vb0[1584]+076 TEXCOORD: 0.5201253890991211, 0.5276601910591125

vb0[1585]+000 POSITION: 0.0077560399658977985, 1.9329259395599365, 0.09547580778598785
vb0[1585]+012 NORMAL: -0.09998073428869247, 0.7634713649749756, 0.6380558609962463
vb0[1585]+024 TANGENT: -0.3932911157608032, 0.8677365779876709, -0.30390021204948425, -1.0
vb0[1585]+040 BLENDWEIGHTS: 1.0, 0.0, 0.0, 0.0
vb0[1585]+056 BLENDINDICES: 0, 0, 0, 0
vb0[1585]+072 COLOR: 1.0, 0.5019607843137255, 0.5019607843137255, 0.5019607843137255
vb0[1585]+076 TEXCOORD: 0.5123410224914551, 0.5325261950492859

vb0[1586]+000 POSITION: 0.008871369995176792, 1.9309329986572266, 0.09083396941423416
vb0[1586]+012 NORMAL: -0.07287753373384476, 0.795806348323822, 0.6011499166488647
vb0[1586]+024 TANGENT: 0.03146373853087425, 0.7378520965576172, 0.6742286682128906, -1.0
vb0[1586]+040 BLENDWEIGHTS: 1.0, 0.0, 0.0, 0.0
vb0[1586]+056 BLENDINDICES: 0, 0, 0, 0
vb0[1586]+072 COLOR: 1.0, 0.5019607843137255, 0.5019607843137255, 0.0
vb0[1586]+076 TEXCOORD: 0.5154953002929688, 0.5377492308616638

vb0[1587]+000 POSITION: 0.013716669753193855, 1.9338518381118774, 0.09259133785963058
vb0[1587]+012 NORMAL: -0.03224867582321167, 0.7998539805412292, 0.5993276238441467
vb0[1587]+024 TANGENT: -0.35204267501831055, 0.8290712237358093, -0.4344041645526886, -1.0
vb0[1587]+040 BLENDWEIGHTS: 1.0, 0.0, 0.0, 0.0
vb0[1587]+056 BLENDINDICES: 0, 0, 0, 0
vb0[1587]+072 COLOR: 1.0, 0.5019607843137255, 0.5019607843137255, 0.30196078431372547
vb0[1587]+076 TEXCOORD: 0.5085911750793457, 0.5391392111778259

vb0[1588]+000 POSITION: 0.012527070008218288, 1.9345488548278809, 0.09621384739875793
vb0[1588]+012 NORMAL: -0.05117886886000633, 0.7620318531990051, 0.6455139517784119
vb0[1588]+024 TANGENT: -0.3662661015987396, 0.9125736355781555, -0.18181967735290527, -1.0
vb0[1588]+040 BLENDWEIGHTS: 1.0, 0.0, 0.0, 0.0
vb0[1588]+056 BLENDINDICES: 0, 0, 0, 0
vb0[1588]+072 COLOR: 1.0, 0.5019607843137255, 0.5019607843137255, 0.5019607843137255
vb0[1588]+076 TEXCOORD: 0.5069360733032227, 0.5348321795463562

vb0[1589]+000 POSITION: 0.014943970367312431, 1.9319618940353394, 0.08927515149116516
vb0[1589]+012 NORMAL: -0.0028647175058722496, 0.8187786340713501, 0.5741022229194641
vb0[1589]+024 TANGENT: 0.006200730334967375, 0.8395211696624756, 0.5432915687561035, -1.0
vb0[1589]+040 BLENDWEIGHTS: 1.0, 0.0, 0.0, 0.0
vb0[1589]+056 BLENDINDICES: 0, 0, 0, 0
vb0[1589]+072 COLOR: 1.0, 0.5019607843137255, 0.5019607843137255, 0.0
vb0[1589]+076 TEXCOORD: 0.5107073783874512, 0.5434141755104065

vb0[1590]+000 POSITION: 0.006662469822913408, 1.9332518577575684, 0.09937062114477158
vb0[1590]+012 NORMAL: -0.11421815305948257, 0.7199220061302185, 0.6845923662185669
vb0[1590]+024 TANGENT: -0.3703451156616211, 0.9272599220275879, 0.055077314376831055, -1.0
vb0[1590]+040 BLENDWEIGHTS: 1.0, 0.0, 0.0, 0.0
vb0[1590]+056 BLENDINDICES: 0, 0, 0, 0
vb0[1590]+072 COLOR: 1.0, 0.5019607843137255, 0.5019607843137255, 0.5019607843137255
vb0[1590]+076 TEXCOORD: 0.5108852386474609, 0.5282172560691833

vb0[1591]+000 POSITION: 0.011526109650731087, 1.9342739582061768, 0.0999186784029007
vb0[1591]+012 NORMAL: -0.07409713417291641, 0.6865936517715454, 0.7232556343078613
vb0[1591]+024 TANGENT: -0.3912121057510376, 0.9067490100860596, 0.15735125541687012, -1.0
vb0[1591]+040 BLENDWEIGHTS: 1.0, 0.0, 0.0, 0.0
vb0[1591]+056 BLENDINDICES: 0, 0, 0, 0
vb0[1591]+072 COLOR: 1.0, 0.5019607843137255, 0.5019607843137255, 0.5019607843137255
vb0[1591]+076 TEXCOORD: 0.5055952072143555, 0.5304772257804871

vb0[1592]+000 POSITION: 0.0055697099305689335, 1.9317079782485962, 0.10274864733219147
vb0[1592]+012 NORMAL: -0.06142108887434006, 0.6109492182731628, 0.7892836332321167
vb0[1592]+024 TANGENT: -0.29090616106987, 0.8468608260154724, 0.44519689679145813, -1.0
vb0[1592]+040 BLENDWEIGHTS: 1.0, 0.0, 0.0, 0.0
vb0[1592]+056 BLENDINDICES: 0, 0, 0, 0
vb0[1592]+072 COLOR: 1.0, 0.5019607843137255, 0.5019607843137255, 0.5019607843137255
vb0[1592]+076 TEXCOORD: 0.5104131698608398, 0.5239471793174744

vb0[1593]+000 POSITION: -0.0011743423528969288, 1.9288779497146606, 0.10041243582963943
vb0[1593]+012 NORMAL: -0.1418137103319168, 0.6853888630867004, 0.7142345309257507
vb0[1593]+024 TANGENT: -0.2814135253429413, 0.954681932926178, 0.09689567983150482, -1.0
vb0[1593]+040 BLENDWEIGHTS: 1.0, 0.0, 0.0, 0.0
vb0[1593]+056 BLENDINDICES: 0, 0, 0, 0
vb0[1593]+072 COLOR: 1.0, 0.5019607843137255, 0.5019607843137255, 0.30196078431372547
vb0[1593]+076 TEXCOORD: 0.5201272964477539, 0.5228891968727112

vb0[1594]+000 POSITION: -0.0028698735404759645, 1.9270845651626587, 0.10389798879623413
vb0[1594]+012 NORMAL: -0.1046612411737442, 0.5710224509239197, 0.8142354488372803
vb0[1594]+024 TANGENT: -0.20414994657039642, 0.8366128206253052, 0.5083322525024414, -1.0
vb0[1594]+040 BLENDWEIGHTS: 1.0, 0.0, 0.0, 0.0
vb0[1594]+056 BLENDINDICES: 0, 0, 0, 0
vb0[1594]+072 COLOR: 1.0, 0.5019607843137255, 0.5019607843137255, 0.30196078431372547
vb0[1594]+076 TEXCOORD: 0.5201311111450195, 0.5176982283592224

vb0[1595]+000 POSITION: 0.00428979005664587, 1.929000973701477, 0.10584355145692825
vb0[1595]+012 NORMAL: -0.052918072789907455, 0.5510212182998657, 0.8328116536140442
vb0[1595]+024 TANGENT: -0.2215486764907837, 0.7485231161117554, 0.6250035166740417, -1.0
vb0[1595]+040 BLENDWEIGHTS: 1.0, 0.0, 0.0, 0.0
vb0[1595]+056 BLENDINDICES: 0, 0, 0, 0
vb0[1595]+072 COLOR: 1.0, 0.5019607843137255, 0.5019607843137255, 0.5019607843137255
vb0[1595]+076 TEXCOORD: 0.5103883743286133, 0.5191652178764343

vb0[1596]+000 POSITION: 0.002650964306667447, 1.925441861152649, 0.10948275029659271
vb0[1596]+012 NORMAL: -0.05543188378214836, 0.4846261441707611, 0.8729633092880249
vb0[1596]+024 TANGENT: -0.17044460773468018, 0.6435040235519409, 0.7462246417999268, -1.0
vb0[1596]+040 BLENDWEIGHTS: 1.0, 0.0, 0.0, 0.0
vb0[1596]+056 BLENDINDICES: 0, 0, 0, 0
vb0[1596]+072 COLOR: 1.0, 0.5019607843137255, 0.5019607843137255, 0.5019607843137255
vb0[1596]+076 TEXCOORD: 0.510378360748291, 0.5132631063461304

vb0[1597]+000 POSITION: -0.004697731696069241, 1.923964500427246, 0.10725247114896774
vb0[1597]+012 NORMAL: -0.10902669280767441, 0.48644790053367615, 0.8668803572654724
vb0[1597]+024 TANGENT: -0.17341196537017822, 0.6738519072532654, 0.7182283401489258, -1.0
vb0[1597]+040 BLENDWEIGHTS: 1.0, 0.0, 0.0, 0.0
vb0[1597]+056 BLENDINDICES: 0, 0, 0, 0
vb0[1597]+072 COLOR: 1.0, 0.5019607843137255, 0.5019607843137255, 0.30196078431372547
vb0[1597]+076 TEXCOORD: 0.520134449005127, 0.5115910768508911

vb0[1598]+000 POSITION: -0.0001169881215901114, 1.9189649820327759, 0.11353246122598648
vb0[1598]+012 NORMAL: -0.057929445058107376, 0.4040490984916687, 0.9129012227058411
vb0[1598]+024 TANGENT: -0.14424145221710205, 0.4936685860157013, 0.8576046228408813, -1.0
vb0[1598]+040 BLENDWEIGHTS: 1.0, 0.0, 0.0, 0.0
vb0[1598]+056 BLENDINDICES: 0, 0, 0, 0
vb0[1598]+072 COLOR: 1.0, 0.5019607843137255, 0.5019607843137255, 0.5019607843137255
vb0[1598]+076 TEXCOORD: 0.5104002952575684, 0.5048502087593079

vb0[1599]+000 POSITION: -0.00721580907702446, 1.9186232089996338, 0.11033972352743149
vb0[1599]+012 NORMAL: -0.12142350524663925, 0.408780962228775, 0.9045189023017883
vb0[1599]+024 TANGENT: -0.1698295921087265, 0.49452894926071167, 0.8524077534675598, -1.0
vb0[1599]+040 BLENDWEIGHTS: 1.0, 0.0, 0.0, 0.0
vb0[1599]+056 BLENDINDICES: 0, 0, 0, 0
vb0[1599]+072 COLOR: 1.0, 0.5019607843137255, 0.5019607843137255, 0.30196078431372547
vb0[1599]+076 TEXCOORD: 0.520139217376709, 0.5033372044563293

vb0[1600]+000 POSITION: -0.003282024525105953, 1.910249948501587, 0.11756343394517899
vb0[1600]+012 NORMAL: -0.08489082008600235, 0.317110538482666, 0.9445815682411194
vb0[1600]+024 TANGENT: -0.14722073078155518, 0.36496487259864807, 0.9193077683448792, -1.0
vb0[1600]+040 BLENDWEIGHTS: 0.9850000143051147, 0.014999999664723873, 0.0, 0.0
vb0[1600]+056 BLENDINDICES: 0, 2, 0, 0
vb0[1600]+072 COLOR: 1.0, 0.5019607843137255, 0.5019607843137255, 0.5019607843137255
vb0[1600]+076 TEXCOORD: 0.5101583003997803, 0.49349623918533325

vb0[1601]+000 POSITION: -0.010539448820054531, 1.9109172821044922, 0.11312207579612732
vb0[1601]+012 NORMAL: -0.20221658051013947, 0.3440238833427429, 0.9169274568557739
vb0[1601]+024 TANGENT: -0.178023099899292, 0.3647364377975464, 0.9139338731765747, -1.0
vb0[1601]+040 BLENDWEIGHTS: 0.9860000014305115, 0.014000000432133675, 0.0, 0.0
vb0[1601]+056 BLENDINDICES: 0, 1, 0, 0
vb0[1601]+072 COLOR: 1.0, 0.5019607843137255, 0.5019607843137255, 0.30196078431372547
vb0[1601]+076 TEXCOORD: 0.520146369934082, 0.4926522374153137

vb0[1602]+000 POSITION: -0.007246979977935553, 1.8999402523040771, 0.12028777599334717
vb0[1602]+012 NORMAL: -0.11848220229148865, 0.22216881811618805, 0.9677824974060059
vb0[1602]+024 TANGENT: -0.1829906702041626, 0.22676704823970795, 0.9566039443016052, -1.0
vb0[1602]+040 BLENDWEIGHTS: 0.8799999952316284, 0.06599999964237213, 0.05400000140070915, 0.0
vb0[1602]+056 BLENDINDICES: 0, 1, 2, 0
vb0[1602]+072 COLOR: 1.0, 0.5019607843137255, 0.5019607843137255, 0.5019607843137255
vb0[1602]+076 TEXCOORD: 0.5099921226501465, 0.48057419061660767

vb0[1603]+000 POSITION: -0.01450422964990139, 1.9012283086776733, 0.11536397784948349
vb0[1603]+012 NORMAL: -0.23478679358959198, 0.25534504652023315, 0.9379093647003174
vb0[1603]+024 TANGENT: -0.20124901831150055, 0.23065508902072906, 0.9519963264465332, -1.0
vb0[1603]+040 BLENDWEIGHTS: 0.8730000257492065, 0.12700000405311584, 0.0, 0.0
vb0[1603]+056 BLENDINDICES: 0, 1, 0, 0
vb0[1603]+072 COLOR: 1.0, 0.5019607843137255, 0.5019607843137255, 0.30196078431372547
vb0[1603]+076 TEXCOORD: 0.5201554298400879, 0.47993117570877075

vb0[1604]+000 POSITION: -0.01061922311782837, 1.8907510042190552, 0.12092581391334534
vb0[1604]+012 NORMAL: -0.15167377889156342, 0.13567359745502472, 0.9790748953819275
vb0[1604]+024 TANGENT: -0.22584226727485657, 0.11136592924594879, 0.9677773714065552, -1.0
vb0[1604]+040 BLENDWEIGHTS: 0.7099999785423279, 0.22300000488758087, 0.06700000166893005, 0.0
vb0[1604]+056 BLENDINDICES: 0, 1, 2, 0
vb0[1604]+072 COLOR: 1.0, 0.5019607843137255, 0.5019607843137255, 0.5019607843137255
vb0[1604]+076 TEXCOORD: 0.5101263523101807, 0.4694121479988098

vb0[1605]+000 POSITION: -0.017579102888703346, 1.892962098121643, 0.11610966175794601
vb0[1605]+012 NORMAL: -0.2582329213619232, 0.18045654892921448, 0.949079155921936
vb0[1605]+024 TANGENT: -0.28945112228393555, -0.005972444545477629, 0.9571741223335266, -1.0
vb0[1605]+040 BLENDWEIGHTS: 0.7409999966621399, 0.2590000033378601, 0.0, 0.0
vb0[1605]+056 BLENDINDICES: 0, 1, 0, 0
vb0[1605]+072 COLOR: 1.0, 0.5019607843137255, 0.5019607843137255, 0.0
vb0[1605]+076 TEXCOORD: 0.5201611518859863, 0.4695202708244324

vb0[1606]+000 POSITION: -0.013452581129968166, 1.8831795454025269, 0.12078347057104111
vb0[1606]+012 NORMAL: -0.17209392786026, 0.06425788998603821, 0.9829825758934021
vb0[1606]+024 TANGENT: -0.26439717411994934, 0.007905961014330387, 0.9643815159797668, -1.0
vb0[1606]+040 BLENDWEIGHTS: 0.5130000114440918, 0.39100000262260437, 0.09600000083446503, 0.0
vb0[1606]+056 BLENDINDICES: 0, 1, 2, 0
vb0[1606]+072 COLOR: 1.0, 0.5019607843137255, 0.5019607843137255, 0.5019607843137255
vb0[1606]+076 TEXCOORD: 0.5105524063110352, 0.4602242112159729

vb0[1607]+000 POSITION: -0.020088955760002136, 1.8852674961090088, 0.1159377172589302
vb0[1607]+012 NORMAL: -0.2880266010761261, 0.10992088913917542, 0.951292872428894
vb0[1607]+024 TANGENT: -0.9320889711380005, 0.2496960163116455, 0.26241588592529297, -1.0
vb0[1607]+040 BLENDWEIGHTS: 0.5730000138282776, 0.4269999861717224, 0.0, 0.0
vb0[1607]+056 BLENDINDICES: 0, 1, 0, 0
vb0[1607]+072 COLOR: 1.0, 0.5019607843137255, 0.5019607843137255, 0.30196078431372547
vb0[1607]+076 TEXCOORD: 0.5201663970947266, 0.46008914709091187

vb0[1608]+000 POSITION: -0.016124511137604713, 1.8755706548690796, 0.11957793682813644
vb0[1608]+012 NORMAL: -0.19086779654026031, -0.0014065646100789309, 0.9816147685050964
vb0[1608]+024 TANGENT: -0.28396737575531006, -0.08423047512769699, 0.9551270604133606, -1.0
vb0[1608]+040 BLENDWEIGHTS: 0.5839999914169312, 0.3790000081062317, 0.03700000047683716, 0.0
vb0[1608]+056 BLENDINDICES: 1, 0, 2, 0
vb0[1608]+072 COLOR: 1.0, 0.5019607843137255, 0.5019607843137255, 0.5019607843137255
vb0[1608]+076 TEXCOORD: 0.5112502574920654, 0.4509722590446472

vb0[1609]+000 POSITION: -0.022114833816885948, 1.8781414031982422, 0.1153358444571495
vb0[1609]+012 NORMAL: -0.30696356296539307, 0.04488912597298622, 0.9506620764732361
vb0[1609]+024 TANGENT: -0.9546443819999695, 0.20464733242988586, 0.21627238392829895, -1.0
vb0[1609]+040 BLENDWEIGHTS: 0.574999988079071, 0.42500001192092896, 0.0, 0.0
vb0[1609]+056 BLENDINDICES: 1, 0, 0, 0
vb0[1609]+072 COLOR: 1.0, 0.5019607843137255, 0.5019607843137255, 0.4
vb0[1609]+076 TEXCOORD: 0.5201723575592041, 0.4515201449394226

vb0[1610]+000 POSITION: -0.023914210498332977, 1.870663046836853, 0.11408635228872299
vb0[1610]+012 NORMAL: -0.32281866669654846, -0.013370836153626442, 0.9463663101196289
vb0[1610]+024 TANGENT: -0.9708167314529419, 0.1808319091796875, 0.15752673149108887, -1.0
vb0[1610]+040 BLENDWEIGHTS: 0.7239999771118164, 0.2759999930858612, 0.0, 0.0
vb0[1610]+056 BLENDINDICES: 1, 0, 0, 0
vb0[1610]+072 COLOR: 1.0, 0.5019607843137255, 0.5019607843137255, 0.5019607843137255
vb0[1610]+076 TEXCOORD: 0.5201783180236816, 0.442571222782135

vb0[1611]+000 POSITION: -0.018785681575536728, 1.867809534072876, 0.11791001260280609
vb0[1611]+012 NORMAL: -0.21092669665813446, -0.06563343852758408, 0.975295901298523
vb0[1611]+024 TANGENT: -0.2949099540710449, -0.14962553977966309, 0.9437373876571655, -1.0
vb0[1611]+040 BLENDWEIGHTS: 0.7599999904632568, 0.2329999953508377, 0.007000000216066837, 0.0
vb0[1611]+056 BLENDINDICES: 1, 0, 2, 0
vb0[1611]+072 COLOR: 1.0, 0.5019607843137255, 0.5019607843137255, 0.5019607843137255
vb0[1611]+076 TEXCOORD: 0.5122323036193848, 0.44150418043136597

vb0[1612]+000 POSITION: -0.025502094998955727, 1.863524317741394, 0.11273987591266632
vb0[1612]+012 NORMAL: -0.3344426453113556, -0.0732191950082779, 0.939567506313324
vb0[1612]+024 TANGENT: -0.977393388748169, 0.16138756275177002, 0.13658751547336578, -1.0
vb0[1612]+040 BLENDWEIGHTS: 0.8420000076293945, 0.15800000727176666, 0.0, 0.0
vb0[1612]+056 BLENDINDICES: 1, 0, 0, 0
vb0[1612]+072 COLOR: 1.0, 0.5019607843137255, 0.5019607843137255, 0.5019607843137255
vb0[1612]+076 TEXCOORD: 0.5201833248138428, 0.43405216932296753

vb0[1613]+000 POSITION: -0.021131575107574463, 1.8609429597854614, 0.11569283157587051
vb0[1613]+012 NORMAL: -0.23633040487766266, -0.12160581350326538, 0.9640331864356995
vb0[1613]+024 TANGENT: -0.30940067768096924, -0.21005624532699585, 0.9274414777755737, -1.0
vb0[1613]+040 BLENDWEIGHTS: 0.8679999709129333, 0.13199999928474426, 0.0, 0.0
vb0[1613]+056 BLENDINDICES: 1, 0, 0, 0
vb0[1613]+072 COLOR: 1.0, 0.5019607843137255, 0.5019607843137255, 0.5019607843137255
vb0[1613]+076 TEXCOORD: 0.5134882926940918, 0.4329461455345154

vb0[1614]+000 POSITION: -0.017125388607382774, 1.8599401712417603, 0.1153801903128624
vb0[1614]+012 NORMAL: -0.0951872244477272, -0.1716102957725525, 0.9805555939674377
vb0[1614]+024 TANGENT: 0.6944711208343506, -0.4973791241645813, 0.5199269652366638, -1.0
vb0[1614]+040 BLENDWEIGHTS: 0.824999988079071, 0.17499999701976776, 0.0, 0.0
vb0[1614]+056 BLENDINDICES: 1, 0, 0, 0
vb0[1614]+072 COLOR: 1.0, 0.5019607843137255, 0.5019607843137255, 0.5019607843137255
vb0[1614]+076 TEXCOORD: 0.5087213516235352, 0.43255919218063354

vb0[1615]+000 POSITION: -0.014182519167661667, 1.8663711547851562, 0.11728201806545258
vb0[1615]+012 NORMAL: -0.07262002676725388, -0.11645495146512985, 0.9905375838279724
vb0[1615]+024 TANGENT: 0.7180983424186707, -0.4510866403579712, 0.5299581289291382, -1.0
vb0[1615]+040 BLENDWEIGHTS: 0.7070000171661377, 0.26100000739097595, 0.03200000151991844, 0.0
vb0[1615]+056 BLENDINDICES: 1, 0, 2, 0
vb0[1615]+072 COLOR: 1.0, 0.5019607843137255, 0.5019607843137255, 0.5019607843137255
vb0[1615]+076 TEXCOORD: 0.5066642761230469, 0.4408511519432068

vb0[1616]+000 POSITION: -0.026701824739575386, 1.8571622371673584, 0.11110786348581314
vb0[1616]+012 NORMAL: -0.3469099700450897, -0.12729865312576294, 0.9292193055152893
vb0[1616]+024 TANGENT: -0.9824149012565613, 0.1431410312652588, 0.11988187581300735, -1.0
vb0[1616]+040 BLENDWEIGHTS: 0.9120000004768372, 0.08799999952316284, 0.0, 0.0
vb0[1616]+056 BLENDINDICES: 1, 0, 0, 0
vb0[1616]+072 COLOR: 1.0, 0.5019607843137255, 0.5019607843137255, 0.4
vb0[1616]+076 TEXCOORD: 0.5201871395111084, 0.4263811707496643

vb0[1617]+000 POSITION: -0.023175137117505074, 1.8550825119018555, 0.11355020105838776
vb0[1617]+012 NORMAL: -0.25088784098625183, -0.17398610711097717, 0.9522521495819092
vb0[1617]+024 TANGENT: -0.32014980912208557, -0.2681577801704407, 0.9086228609085083, -1.0
vb0[1617]+040 BLENDWEIGHTS: 0.9269999861717224, 0.0729999989271164, 0.0, 0.0
vb0[1617]+056 BLENDINDICES: 1, 0, 0, 0
vb0[1617]+072 COLOR: 1.0, 0.5019607843137255, 0.5019607843137255, 0.4
vb0[1617]+076 TEXCOORD: 0.5147333145141602, 0.4255672097206116

vb0[1618]+000 POSITION: -0.02774733677506447, 1.8505654335021973, 0.10890587419271469
vb0[1618]+012 NORMAL: -0.3703717291355133, -0.19031406939029694, 0.9091783761978149
vb0[1618]+024 TANGENT: -0.98895663022995, 0.11623585224151611, 0.09194600582122803, -1.0
vb0[1618]+040 BLENDWEIGHTS: 0.9610000252723694, 0.039000000804662704, 0.0, 0.0
vb0[1618]+056 BLENDINDICES: 1, 0, 0, 0
vb0[1618]+072 COLOR: 1.0, 0.5019607843137255, 0.5019607843137255, 0.30196078431372547
vb0[1618]+076 TEXCOORD: 0.520193338394165, 0.41826313734054565

vb0[1619]+000 POSITION: -0.025072697550058365, 1.8491352796554565, 0.11095238476991653
vb0[1619]+012 NORMAL: -0.26593437790870667, -0.2342904508113861, 0.9350866675376892
vb0[1619]+024 TANGENT: -0.3287225067615509, -0.33630719780921936, 0.8825185298919678, -1.0
vb0[1619]+040 BLENDWEIGHTS: 0.9639999866485596, 0.035999998450279236, 0.0, 0.0
vb0[1619]+056 BLENDINDICES: 1, 0, 0, 0
vb0[1619]+072 COLOR: 1.0, 0.5019607843137255, 0.5019607843137255, 0.30196078431372547
vb0[1619]+076 TEXCOORD: 0.5160002708435059, 0.41795915365219116

vb0[1620]+000 POSITION: -0.02250019647181034, 1.848608374595642, 0.11057209968566895
vb0[1620]+012 NORMAL: -0.1288876086473465, -0.2824169397354126, 0.950593888759613
vb0[1620]+024 TANGENT: 0.6810018420219421, -0.5542017817497253, 0.47864070534706116, -1.0
vb0[1620]+040 BLENDWEIGHTS: 0.9399999976158142, 0.05999999865889549, 0.0, 0.0
vb0[1620]+056 BLENDINDICES: 1, 0, 0, 0
vb0[1620]+072 COLOR: 1.0, 0.5019607843137255, 0.5019607843137255, 0.30196078431372547
vb0[1620]+076 TEXCOORD: 0.5129742622375488, 0.41754525899887085

vb0[1621]+000 POSITION: -0.019751086831092834, 1.8543305397033691, 0.1131543517112732
vb0[1621]+012 NORMAL: -0.11750999838113785, -0.2267007827758789, 0.9668496251106262
vb0[1621]+024 TANGENT: 0.6937106847763062, -0.5242593288421631, 0.49388012290000916, -1.0
vb0[1621]+040 BLENDWEIGHTS: 0.8970000147819519, 0.10300000011920929, 0.0, 0.0
vb0[1621]+056 BLENDINDICES: 1, 0, 0, 0
vb0[1621]+072 COLOR: 1.0, 0.5019607843137255, 0.5019607843137255, 0.4
vb0[1621]+076 TEXCOORD: 0.5106852054595947, 0.4251711964607239

vb0[1622]+000 POSITION: -0.026624461635947227, 1.8438929319381714, 0.10803398489952087
vb0[1622]+012 NORMAL: -0.28924471139907837, -0.29045334458351135, 0.912126362323761
vb0[1622]+024 TANGENT: -0.34189116954803467, -0.4019615948200226, 0.8494335412979126, -1.0
vb0[1622]+040 BLENDWEIGHTS: 0.984000027179718, 0.01600000075995922, 0.0, 0.0
vb0[1622]+056 BLENDINDICES: 1, 0, 0, 0
vb0[1622]+072 COLOR: 1.0, 0.5019607843137255, 0.5019607843137255, 0.2
vb0[1622]+076 TEXCOORD: 0.5172252655029297, 0.4109732508659363

vb0[1623]+000 POSITION: -0.028592020273208618, 1.8448641300201416, 0.1066933199763298
vb0[1623]+012 NORMAL: -0.3775845170021057, -0.25041115283966064, 0.8914730548858643
vb0[1623]+024 TANGENT: -0.9940898418426514, 0.08594465255737305, 0.06632399559020996, -1.0
vb0[1623]+040 BLENDWEIGHTS: 0.9829999804496765, 0.017000000923871994, 0.0, 0.0
vb0[1623]+056 BLENDINDICES: 1, 0, 0, 0
vb0[1623]+072 COLOR: 1.0, 0.5019607843137255, 0.5019607843137255, 0.2
vb0[1623]+076 TEXCOORD: 0.5201971530914307, 0.4111122488975525

vb0[1624]+000 POSITION: -0.028166480362415314, 1.8386279344558716, 0.10464790463447571
vb0[1624]+012 NORMAL: -0.3082342743873596, -0.3379303216934204, 0.8892663717269897
vb0[1624]+024 TANGENT: -0.36754778027534485, -0.43800947070121765, 0.8204001784324646, -1.0
vb0[1624]+040 BLENDWEIGHTS: 0.9950000047683716, 0.004999999888241291, 0.0, 0.0
vb0[1624]+056 BLENDINDICES: 1, 0, 0, 0
vb0[1624]+072 COLOR: 1.0, 0.5019607843137255, 0.5019607843137255, 0.10196078431372549
vb0[1624]+076 TEXCOORD: 0.5186071395874023, 0.40367525815963745

vb0[1625]+000 POSITION: -0.02919991873204708, 1.8390589952468872, 0.10383519530296326
vb0[1625]+012 NORMAL: -0.38294389843940735, -0.30531278252601624, 0.8718590140342712
vb0[1625]+024 TANGENT: -0.9947656393051147, 0.10197330266237259, -0.006548703648149967, -1.0
vb0[1625]+040 BLENDWEIGHTS: 1.0, 0.0, 0.0, 0.0
vb0[1625]+056 BLENDINDICES: 1, 0, 0, 0
vb0[1625]+072 COLOR: 1.0, 0.5019607843137255, 0.5019607843137255, 0.10196078431372549
vb0[1625]+076 TEXCOORD: 0.5202012062072754, 0.4035882353782654

vb0[1626]+000 POSITION: -0.027340229600667953, 1.8384509086608887, 0.1045926958322525
vb0[1626]+012 NORMAL: -0.18070074915885925, -0.3828376531600952, 0.9059704542160034
vb0[1626]+024 TANGENT: 0.6240902543067932, -0.6072763204574585, 0.4916573166847229, -1.0
vb0[1626]+040 BLENDWEIGHTS: 0.9919999837875366, 0.00800000037997961, 0.0, 0.0
vb0[1626]+056 BLENDINDICES: 1, 0, 0, 0
vb0[1626]+072 COLOR: 1.0, 0.5019607843137255, 0.5019607843137255, 0.10196078431372549
vb0[1626]+076 TEXCOORD: 0.5176422595977783, 0.40351516008377075

vb0[1627]+000 POSITION: -0.024951882660388947, 1.843564748764038, 0.10782110691070557
vb0[1627]+012 NORMAL: -0.14752104878425598, -0.3373643755912781, 0.9297434091567993
vb0[1627]+024 TANGENT: 0.6546096205711365, -0.5863556861877441, 0.47715121507644653, -1.0
vb0[1627]+040 BLENDWEIGHTS: 0.9679999947547913, 0.03200000151991844, 0.0, 0.0
vb0[1627]+056 BLENDINDICES: 1, 0, 0, 0
vb0[1627]+072 COLOR: 1.0, 0.5019607843137255, 0.5019607843137255, 0.2
vb0[1627]+076 TEXCOORD: 0.5152692794799805, 0.41066616773605347

vb0[1628]+000 POSITION: -0.029859758913517, 1.8326358795166016, 0.1005438044667244
vb0[1628]+012 NORMAL: -0.3440602421760559, -0.3650011718273163, 0.8650992512702942
vb0[1628]+024 TANGENT: -0.23849128186702728, -0.8481975793838501, -0.472951203584671, -1.0
vb0[1628]+040 BLENDWEIGHTS: 1.0, 0.0, 0.0, 0.0
vb0[1628]+056 BLENDINDICES: 1, 0, 0, 0
vb0[1628]+072 COLOR: 1.0, 0.5019607843137255, 0.5019607843137255, 0.0
vb0[1628]+076 TEXCOORD: 0.520207405090332, 0.39521723985671997

vb0[1629]+000 POSITION: -0.01115760300308466, 1.8738781213760376, 0.1190253421664238
vb0[1629]+012 NORMAL: -0.0521121546626091, -0.0533001534640789, 0.9972178936004639
vb0[1629]+024 TANGENT: 0.7280867099761963, -0.3998461365699768, 0.5567879676818848, -1.0
vb0[1629]+040 BLENDWEIGHTS: 0.5109999775886536, 0.367000013589859, 0.12200000137090683, 0.0
vb0[1629]+056 BLENDINDICES: 1, 0, 2, 0
vb0[1629]+072 COLOR: 1.0, 0.5019607843137255, 0.5019607843137255, 0.4
vb0[1629]+076 TEXCOORD: 0.5052332878112793, 0.4503921866416931

vb0[1630]+000 POSITION: -0.008106107823550701, 1.8817899227142334, 0.12044341117143631
vb0[1630]+012 NORMAL: -0.027294978499412537, 0.015304440632462502, 0.9995102882385254
vb0[1630]+024 TANGENT: 0.6971241235733032, -0.33547133207321167, 0.6336221694946289, -1.0
vb0[1630]+040 BLENDWEIGHTS: 0.4099999964237213, 0.36800000071525574, 0.22200000286102295, 0.0
vb0[1630]+056 BLENDINDICES: 0, 2, 1, 0
vb0[1630]+072 COLOR: 1.0, 0.5019607843137255, 0.5019607843137255, 0.30196078431372547
vb0[1630]+076 TEXCOORD: 0.5042104721069336, 0.4603552222251892

vb0[1631]+000 POSITION: -0.004777546506375074, 1.88947594165802, 0.12044481933116913
vb0[1631]+012 NORMAL: -0.012428658083081245, 0.09148859977722168, 0.9957285523414612
vb0[1631]+024 TANGENT: -0.15105317533016205, 0.08630084246397018, 0.984751284122467, -1.0
vb0[1631]+040 BLENDWEIGHTS: 0.5640000104904175, 0.3149999976158142, 0.12099999934434891, 0.0
vb0[1631]+056 BLENDINDICES: 0, 2, 1, 0
vb0[1631]+072 COLOR: 1.0, 0.5019607843137255, 0.5019607843137255, 0.10196078431372549
vb0[1631]+076 TEXCOORD: 0.5033183097839355, 0.4700722098350525

vb0[1632]+000 POSITION: -0.001130935037508607, 1.898391842842102, 0.11947769671678543
vb0[1632]+012 NORMAL: 0.013933617621660233, 0.18267960846424103, 0.9830737709999084
vb0[1632]+024 TANGENT: -0.14381718635559082, 0.21236050128936768, 0.9665502905845642, -1.0
vb0[1632]+040 BLENDWEIGHTS: 0.7570000290870667, 0.21699999272823334, 0.026000000536441803, 0.0
vb0[1632]+056 BLENDINDICES: 0, 2, 1, 0
vb0[1632]+072 COLOR: 1.0, 0.5019607843137255, 0.5019607843137255, 0.30196078431372547
vb0[1632]+076 TEXCOORD: 0.5027751922607422, 0.4813452363014221

vb0[1633]+000 POSITION: 0.0024744835682213306, 1.9092495441436768, 0.11697043478488922
vb0[1633]+012 NORMAL: 0.043204840272665024, 0.2891937494277954, 0.9562950730323792
vb0[1633]+024 TANGENT: -0.10471034795045853, 0.33659839630126953, 0.9358084201812744, -1.0
vb0[1633]+040 BLENDWEIGHTS: 0.9010000228881836, 0.0989999994635582, 0.0, 0.0
vb0[1633]+056 BLENDINDICES: 0, 2, 0, 0
vb0[1633]+072 COLOR: 1.0, 0.5019607843137255, 0.5019607843137255, 0.5019607843137255
vb0[1633]+076 TEXCOORD: 0.5030453205108643, 0.49477916955947876

vb0[1634]+000 POSITION: 0.005935149732977152, 1.918429970741272, 0.11310707777738571
vb0[1634]+012 NORMAL: 0.04110585153102875, 0.3786217272281647, 0.9246382117271423
vb0[1634]+024 TANGENT: -0.16608750820159912, 0.4666883647441864, 0.8686869144439697, -1.0
vb0[1634]+040 BLENDWEIGHTS: 1.0, 0.0, 0.0, 0.0
vb0[1634]+056 BLENDINDICES: 0, 0, 0, 0
vb0[1634]+072 COLOR: 1.0, 0.5019607843137255, 0.5019607843137255, 0.5019607843137255
vb0[1634]+076 TEXCOORD: 0.5039663314819336, 0.5061522126197815

vb0[1635]+000 POSITION: 0.00783563032746315, 1.9248930215835571, 0.10984117537736893
vb0[1635]+012 NORMAL: 0.02672770246863365, 0.45638903975486755, 0.8893788456916809
vb0[1635]+024 TANGENT: -0.22650146484375, 0.578617513179779, 0.7835170030593872, -1.0
vb0[1635]+040 BLENDWEIGHTS: 1.0, 0.0, 0.0, 0.0
vb0[1635]+056 BLENDINDICES: 0, 0, 0, 0
vb0[1635]+072 COLOR: 1.0, 0.5019607843137255, 0.5019607843137255, 0.5019607843137255
vb0[1635]+076 TEXCOORD: 0.5044152736663818, 0.514346182346344

vb0[1636]+000 POSITION: 0.009188449941575527, 1.9290698766708374, 0.1067395955324173
vb0[1636]+012 NORMAL: 0.02299726940691471, 0.5339210033416748, 0.8452215194702148
vb0[1636]+024 TANGENT: -0.3083001375198364, 0.6870266199111938, 0.6579859256744385, -1.0
vb0[1636]+040 BLENDWEIGHTS: 1.0, 0.0, 0.0, 0.0
vb0[1636]+056 BLENDINDICES: 0, 0, 0, 0
vb0[1636]+072 COLOR: 1.0, 0.5019607843137255, 0.5019607843137255, 0.5019607843137255
vb0[1636]+076 TEXCOORD: 0.5046753883361816, 0.5203161835670471

vb0[1637]+000 POSITION: 0.010435369797050953, 1.9320409297943115, 0.10347355902194977
vb0[1637]+012 NORMAL: 0.023441756144165993, 0.5893149375915527, 0.8075631856918335
vb0[1637]+024 TANGENT: -0.36966466903686523, 0.7861912250518799, 0.4952286183834076, -1.0
vb0[1637]+040 BLENDWEIGHTS: 1.0, 0.0, 0.0, 0.0
vb0[1637]+056 BLENDINDICES: 0, 0, 0, 0
vb0[1637]+072 COLOR: 1.0, 0.5019607843137255, 0.5019607843137255, 0.5019607843137255
vb0[1637]+076 TEXCOORD: 0.5049142837524414, 0.5255052447319031

vb0[1638]+000 POSITION: -0.009664238430559635, 1.8824377059936523, 0.11328970640897751
vb0[1638]+012 NORMAL: 0.7588474750518799, -0.2942041754722595, -0.5810287594795227
vb0[1638]+024 TANGENT: 0.5386656522750854, -0.21437524259090424, -0.814789891242981, -1.0
vb0[1638]+040 BLENDWEIGHTS: 0.5580000281333923, 0.2499999850988388, 0.18700000643730164, 0.004999999888241291
vb0[1638]+056 BLENDINDICES: 0, 1, 2, 3
vb0[1638]+072 COLOR: 1.0, 0.5019607843137255, 0.5019607843137255, 0.30196078431372547
vb0[1638]+076 TEXCOORD: 0.9921760559082031, 0.6253687143325806

vb0[1639]+000 POSITION: -0.006713486276566982, 1.8902196884155273, 0.11278191953897476
vb0[1639]+012 NORMAL: 0.7491721510887146, -0.31000468134880066, -0.5853530168533325
vb0[1639]+024 TANGENT: -0.01708841323852539, -0.12704282999038696, -0.9917499423027039, -1.0
vb0[1639]+040 BLENDWEIGHTS: 0.7020000219345093, 0.19200000166893005, 0.10599999874830246, 0.0
vb0[1639]+056 BLENDINDICES: 0, 2, 1, 0
vb0[1639]+072 COLOR: 1.0, 0.5019607843137255, 0.5019607843137255, 0.0
vb0[1639]+076 TEXCOORD: 0.9917550086975098, 0.6319823265075684

vb0[1640]+000 POSITION: -0.009238981641829014, 1.8819522857666016, 0.114151731133461
vb0[1640]+012 NORMAL: 0.7588474750518799, -0.2942041754722595, -0.5810287594795227
vb0[1640]+024 TANGENT: 0.26897263526916504, -0.22164542973041534, -0.9372977018356323, -1.0
vb0[1640]+040 BLENDWEIGHTS: 0.49900001287460327, 0.3109999895095825, 0.1770000010728836, 0.013000000268220901
vb0[1640]+056 BLENDINDICES: 0, 2, 1, 3
vb0[1640]+072 COLOR: 1.0, 0.5019607843137255, 0.5019607843137255, 0.0
vb0[1640]+076 TEXCOORD: 0.9929623603820801, 0.6252121925354004

vb0[1641]+000 POSITION: -0.012416471727192402, 1.875465750694275, 0.11269866675138474
vb0[1641]+012 NORMAL: 0.7682481408119202, -0.27829721570014954, -0.5764942169189453
vb0[1641]+024 TANGENT: 0.6541782021522522, -0.19435517489910126, -0.7309424877166748, -1.0
vb0[1641]+040 BLENDWEIGHTS: 0.46700000762939453, 0.4490000009536743, 0.08399999886751175, 0.0
vb0[1641]+056 BLENDINDICES: 0, 1, 2, 0
vb0[1641]+072 COLOR: 1.0, 0.5019607843137255, 0.5019607843137255, 0.4
vb0[1641]+076 TEXCOORD: 0.9926590919494629, 0.6193420886993408

vb0[1642]+000 POSITION: -0.015325470827519894, 1.8680894374847412, 0.11173001676797867
vb0[1642]+012 NORMAL: 0.2747112512588501, -0.20559732615947723, 0.9392887949943542
vb0[1642]+024 TANGENT: 0.645291268825531, -0.1549471765756607, -0.7480577826499939, -1.0
vb0[1642]+040 BLENDWEIGHTS: 0.6880000233650208, 0.28299999237060547, 0.028999999165534973, 0.0
vb0[1642]+056 BLENDINDICES: 1, 0, 2, 0
vb0[1642]+072 COLOR: 1.0, 0.5019607843137255, 0.5019607843137255, 0.5019607843137255
vb0[1642]+076 TEXCOORD: 0.9929680824279785, 0.6129138469696045

vb0[1643]+000 POSITION: -0.01115760300308466, 1.8738781213760376, 0.1190253421664238
vb0[1643]+012 NORMAL: 0.312350332736969, -0.1447862982749939, 0.938868522644043
vb0[1643]+024 TANGENT: 0.7280867099761963, -0.3998461365699768, 0.5567879676818848, -1.0
vb0[1643]+040 BLENDWEIGHTS: 0.5109999775886536, 0.367000013589859, 0.12200000137090683, 0.0
vb0[1643]+056 BLENDINDICES: 1, 0, 2, 0
vb0[1643]+072 COLOR: 1.0, 0.5019607843137255, 0.5019607843137255, 0.4
vb0[1643]+076 TEXCOORD: 0.9979476928710938, 0.6193879842758179

vb0[1644]+000 POSITION: -0.014182519167661667, 1.8663711547851562, 0.11728201806545258
vb0[1644]+012 NORMAL: 0.2865993082523346, -0.21485856175422668, 0.9336469769477844
vb0[1644]+024 TANGENT: 0.7180983424186707, -0.4510866403579712, 0.5299581289291382, -1.0
vb0[1644]+040 BLENDWEIGHTS: 0.7070000171661377, 0.26100000739097595, 0.03200000151991844, 0.0
vb0[1644]+056 BLENDINDICES: 1, 0, 2, 0
vb0[1644]+072 COLOR: 1.0, 0.5019607843137255, 0.5019607843137255, 0.5019607843137255
vb0[1644]+076 TEXCOORD: 0.9977664947509766, 0.6128599643707275

vb0[1645]+000 POSITION: -0.012416471727192402, 1.875465750694275, 0.11269866675138474
vb0[1645]+012 NORMAL: 0.2978299558162689, -0.1362321674823761, 0.9448481798171997
vb0[1645]+024 TANGENT: 0.6541782021522522, -0.19435517489910126, -0.7309424877166748, -1.0
vb0[1645]+040 BLENDWEIGHTS: 0.46700000762939453, 0.4490000009536743, 0.08399999886751175, 0.0
vb0[1645]+056 BLENDINDICES: 0, 1, 2, 0
vb0[1645]+072 COLOR: 1.0, 0.5019607843137255, 0.5019607843137255, 0.4
vb0[1645]+076 TEXCOORD: 0.9926590919494629, 0.6193420886993408

vb0[1646]+000 POSITION: -0.01804012432694435, 1.8616763353347778, 0.11052455753087997
vb0[1646]+012 NORMAL: 0.23874884843826294, -0.26372912526130676, 0.9345832467079163
vb0[1646]+024 TANGENT: 0.6361373662948608, -0.11667078733444214, -0.7627038359642029, -1.0
vb0[1646]+040 BLENDWEIGHTS: 0.8259999752044678, 0.17399999499320984, 0.0, 0.0
vb0[1646]+056 BLENDINDICES: 1, 0, 0, 0
vb0[1646]+072 COLOR: 1.0, 0.5019607843137255, 0.5019607843137255, 0.5019607843137255
vb0[1646]+076 TEXCOORD: 0.9933323860168457, 0.6071798801422119

vb0[1647]+000 POSITION: -0.017125388607382774, 1.8599401712417603, 0.1153801903128624
vb0[1647]+012 NORMAL: 0.2626308500766754, -0.2701091170310974, 0.9263186454772949
vb0[1647]+024 TANGENT: 0.6944711208343506, -0.4973791241645813, 0.5199269652366638, -1.0
vb0[1647]+040 BLENDWEIGHTS: 0.824999988079071, 0.17499999701976776, 0.0, 0.0
vb0[1647]+056 BLENDINDICES: 1, 0, 0, 0
vb0[1647]+072 COLOR: 1.0, 0.5019607843137255, 0.5019607843137255, 0.5019607843137255
vb0[1647]+076 TEXCOORD: 0.9975285530090332, 0.6071233749389648

vb0[1648]+000 POSITION: -0.019751086831092834, 1.8543305397033691, 0.1131543517112732
vb0[1648]+012 NORMAL: 0.2318936139345169, -0.320860892534256, 0.9182993173599243
vb0[1648]+024 TANGENT: 0.6937106847763062, -0.5242593288421631, 0.49388012290000916, -1.0
vb0[1648]+040 BLENDWEIGHTS: 0.8970000147819519, 0.10300000011920929, 0.0, 0.0
vb0[1648]+056 BLENDINDICES: 1, 0, 0, 0
vb0[1648]+072 COLOR: 1.0, 0.5019607843137255, 0.5019607843137255, 0.4
vb0[1648]+076 TEXCOORD: 0.9971075057983398, 0.601960301399231

vb0[1649]+000 POSITION: -0.020454227924346924, 1.8558493852615356, 0.10918647795915604
vb0[1649]+012 NORMAL: 0.2218099683523178, -0.308908075094223, 0.9248655438423157
vb0[1649]+024 TANGENT: 0.6480100154876709, -0.08151811361312866, -0.7572567462921143, -1.0
vb0[1649]+040 BLENDWEIGHTS: 0.906000018119812, 0.09399999678134918, 0.0, 0.0
vb0[1649]+056 BLENDINDICES: 1, 0, 0, 0
vb0[1649]+072 COLOR: 1.0, 0.5019607843137255, 0.5019607843137255, 0.4
vb0[1649]+076 TEXCOORD: 0.9936637878417969, 0.6019721031188965

vb0[1650]+000 POSITION: -0.02250019647181034, 1.848608374595642, 0.11057209968566895
vb0[1650]+012 NORMAL: 0.21103955805301666, -0.3698609173297882, 0.9048011898994446
vb0[1650]+024 TANGENT: 0.6810018420219421, -0.5542017817497253, 0.47864070534706116, -1.0
vb0[1650]+040 BLENDWEIGHTS: 0.9399999976158142, 0.05999999865889549, 0.0, 0.0
vb0[1650]+056 BLENDINDICES: 1, 0, 0, 0
vb0[1650]+072 COLOR: 1.0, 0.5019607843137255, 0.5019607843137255, 0.30196078431372547
vb0[1650]+076 TEXCOORD: 0.9965653419494629, 0.5965702533721924

vb0[1651]+000 POSITION: -0.02292834036052227, 1.8497880697250366, 0.1076429933309555
vb0[1651]+012 NORMAL: 0.20419615507125854, -0.36653053760528564, 0.9077220559120178
vb0[1651]+024 TANGENT: 0.6818183660507202, -0.0631057545542717, -0.7287943959236145, -1.0
vb0[1651]+040 BLENDWEIGHTS: 0.9620000123977661, 0.03799999877810478, 0.0, 0.0
vb0[1651]+056 BLENDINDICES: 1, 0, 0, 0
vb0[1651]+072 COLOR: 1.0, 0.5019607843137255, 0.5019607843137255, 0.30196078431372547
vb0[1651]+076 TEXCOORD: 0.9940090179443359, 0.5965436697006226

vb0[1652]+000 POSITION: -0.024951882660388947, 1.843564748764038, 0.10782110691070557
vb0[1652]+012 NORMAL: 0.19276896119117737, -0.4130607843399048, 0.8900679349899292
vb0[1652]+024 TANGENT: 0.6546096205711365, -0.5863556861877441, 0.47715121507644653, -1.0
vb0[1652]+040 BLENDWEIGHTS: 0.9679999947547913, 0.03200000151991844, 0.0, 0.0
vb0[1652]+056 BLENDINDICES: 1, 0, 0, 0
vb0[1652]+072 COLOR: 1.0, 0.5019607843137255, 0.5019607843137255, 0.2
vb0[1652]+076 TEXCOORD: 0.9960007667541504, 0.5916719436645508

vb0[1653]+000 POSITION: -0.025092115625739098, 1.8443340063095093, 0.10587354749441147
vb0[1653]+012 NORMAL: 0.18919342756271362, -0.41142594814300537, 0.8915910124778748
vb0[1653]+024 TANGENT: 0.7242335677146912, -0.04709743708372116, -0.6879443526268005, -1.0
vb0[1653]+040 BLENDWEIGHTS: 0.984000027179718, 0.01600000075995922, 0.0, 0.0
vb0[1653]+056 BLENDINDICES: 1, 0, 0, 0
vb0[1653]+072 COLOR: 1.0, 0.5019607843137255, 0.5019607843137255, 0.2
vb0[1653]+076 TEXCOORD: 0.99432373046875, 0.591579794883728

vb0[1654]+000 POSITION: -0.027340229600667953, 1.8384509086608887, 0.1045926958322525
vb0[1654]+012 NORMAL: 0.16138096153736115, -0.4598199129104614, 0.8732249736785889
vb0[1654]+024 TANGENT: 0.6240902543067932, -0.6072763204574585, 0.4916573166847229, -1.0
vb0[1654]+040 BLENDWEIGHTS: 0.9919999837875366, 0.00800000037997961, 0.0, 0.0
vb0[1654]+056 BLENDINDICES: 1, 0, 0, 0
vb0[1654]+072 COLOR: 1.0, 0.5019607843137255, 0.5019607843137255, 0.10196078431372549
vb0[1654]+076 TEXCOORD: 0.9954566955566406, 0.5865393877029419

vb0[1655]+000 POSITION: -0.027340859174728394, 1.838832974433899, 0.10365469753742218
vb0[1655]+012 NORMAL: 0.15966685116291046, -0.4590630829334259, 0.8739379644393921
vb0[1655]+024 TANGENT: 0.7623815536499023, -0.021025478839874268, -0.6467860341072083, -1.0
vb0[1655]+040 BLENDWEIGHTS: 0.9959999918937683, 0.004000000189989805, 0.0, 0.0
vb0[1655]+056 BLENDINDICES: 1, 0, 0, 0
vb0[1655]+072 COLOR: 1.0, 0.5019607843137255, 0.5019607843137255, 0.10196078431372549
vb0[1655]+076 TEXCOORD: 0.9946503639221191, 0.5864592790603638

vb0[1656]+000 POSITION: -0.029859758913517, 1.8326358795166016, 0.1005438044667244
vb0[1656]+012 NORMAL: 0.14120511710643768, -0.4990304708480835, 0.855002760887146
vb0[1656]+024 TANGENT: -0.23849128186702728, -0.8481975793838501, -0.472951203584671, -1.0
vb0[1656]+040 BLENDWEIGHTS: 1.0, 0.0, 0.0, 0.0
vb0[1656]+056 BLENDINDICES: 1, 0, 0, 0
vb0[1656]+072 COLOR: 1.0, 0.5019607843137255, 0.5019607843137255, 0.0
vb0[1656]+076 TEXCOORD: 0.9950251579284668, 0.580560564994812

vb0[1657]+000 POSITION: -0.00820179097354412, 1.881919503211975, 0.11969617754220963
vb0[1657]+012 NORMAL: 0.3373468220233917, -0.09439757466316223, 0.9366355538368225
vb0[1657]+024 TANGENT: 0.5442988276481628, -0.4131426513195038, 0.7301039695739746, -1.0
vb0[1657]+040 BLENDWEIGHTS: 0.413413405418396, 0.364364355802536, 0.2222222238779068, 0.0
vb0[1657]+056 BLENDINDICES: 0, 2, 1, 0
vb0[1657]+072 COLOR: 1.0, 0.5019607843137255, 0.5019607843137255, 0.0
vb0[1657]+076 TEXCOORD: 0.9973111152648926, 0.626232385635376

vb0[1658]+000 POSITION: -0.008106107823550701, 1.8817899227142334, 0.12044341117143631
vb0[1658]+012 NORMAL: 0.3368414640426636, -0.09279090166091919, 0.9369779229164124
vb0[1658]+024 TANGENT: 0.6971241235733032, -0.33547133207321167, 0.6336221694946289, -1.0
vb0[1658]+040 BLENDWEIGHTS: 0.4099999964237213, 0.36800000071525574, 0.22200000286102295, 0.0
vb0[1658]+056 BLENDINDICES: 0, 2, 1, 0
vb0[1658]+072 COLOR: 1.0, 0.5019607843137255, 0.5019607843137255, 0.30196078431372547
vb0[1658]+076 TEXCOORD: 0.9979372024536133, 0.6262624263763428

vb0[1659]+000 POSITION: -0.004777546506375074, 1.88947594165802, 0.12044481933116913
vb0[1659]+012 NORMAL: 0.3581602871417999, -0.039484549313783646, 0.9328247904777527
vb0[1659]+024 TANGENT: -0.15105317533016205, 0.08630084246397018, 0.984751284122467, -1.0
vb0[1659]+040 BLENDWEIGHTS: 0.5640000104904175, 0.3149999976158142, 0.12099999934434891, 0.0
vb0[1659]+056 BLENDINDICES: 0, 2, 1, 0
vb0[1659]+072 COLOR: 1.0, 0.5019607843137255, 0.5019607843137255, 0.10196078431372549
vb0[1659]+076 TEXCOORD: 0.9971339702606201, 0.6329329013824463

vb0[1660]+000 POSITION: -0.009238981641829014, 1.8819522857666016, 0.114151731133461
vb0[1660]+012 NORMAL: 0.3130320906639099, -0.10697735846042633, 0.9436984062194824
vb0[1660]+024 TANGENT: 0.26897263526916504, -0.22164542973041534, -0.9372977018356323, -1.0
vb0[1660]+040 BLENDWEIGHTS: 0.49900001287460327, 0.3109999895095825, 0.1770000010728836, 0.013000000268220901
vb0[1660]+056 BLENDINDICES: 0, 2, 1, 3
vb0[1660]+072 COLOR: 1.0, 0.5019607843137255, 0.5019607843137255, 0.0
vb0[1660]+076 TEXCOORD: 0.9929623603820801, 0.6252121925354004

vb0[1661]+000 POSITION: -0.019621197134256363, 1.8775501251220703, 0.11127234250307083
vb0[1661]+012 NORMAL: -0.3778361976146698, 0.14166438579559326, -0.9149705171585083
vb0[1661]+024 TANGENT: -0.3755357265472412, 0.15487156808376312, -0.9137765765190125, -1.0
vb0[1661]+040 BLENDWEIGHTS: 0.5870000123977661, 0.4129999876022339, 0.0, 0.0
vb0[1661]+056 BLENDINDICES: 1, 0, 0, 0
vb0[1661]+072 COLOR: 1.0, 0.5019607843137255, 0.5019607843137255, 0.4
vb0[1661]+076 TEXCOORD: 0.7190327644348145, 0.7903153896331787

vb0[1662]+000 POSITION: -0.015325470827519894, 1.8680894374847412, 0.11173001676797867
vb0[1662]+012 NORMAL: 0.1637677550315857, 0.049368757754564285, -0.9852627515792847
vb0[1662]+024 TANGENT: 0.645291268825531, -0.1549471765756607, -0.7480577826499939, -1.0
vb0[1662]+040 BLENDWEIGHTS: 0.6880000233650208, 0.28299999237060547, 0.028999999165534973, 0.0
vb0[1662]+056 BLENDINDICES: 1, 0, 2, 0
vb0[1662]+072 COLOR: 1.0, 0.5019607843137255, 0.5019607843137255, 0.5019607843137255
vb0[1662]+076 TEXCOORD: 0.728935718536377, 0.792069137096405

vb0[1663]+000 POSITION: -0.021427148953080177, 1.8703995943069458, 0.11089331656694412
vb0[1663]+012 NORMAL: -0.34607255458831787, 0.18042948842048645, -0.9206948280334473
vb0[1663]+024 TANGENT: -0.34985268115997314, 0.19047723710536957, -0.9172357320785522, -1.0
vb0[1663]+040 BLENDWEIGHTS: 0.7269999980926514, 0.27300000190734863, 0.0, 0.0
vb0[1663]+056 BLENDINDICES: 1, 0, 0, 0
vb0[1663]+072 COLOR: 1.0, 0.5019607843137255, 0.5019607843137255, 0.5019607843137255
vb0[1663]+076 TEXCOORD: 0.7252371311187744, 0.7869116067886353

vb0[1664]+000 POSITION: -0.012416471727192402, 1.875465750694275, 0.11269866675138474
vb0[1664]+012 NORMAL: 0.18681709468364716, -0.018033074215054512, -0.9822291135787964
vb0[1664]+024 TANGENT: 0.6541782021522522, -0.19435517489910126, -0.7309424877166748, -1.0
vb0[1664]+040 BLENDWEIGHTS: 0.46700000762939453, 0.4490000009536743, 0.08399999886751175, 0.0
vb0[1664]+056 BLENDINDICES: 0, 1, 2, 0
vb0[1664]+072 COLOR: 1.0, 0.5019607843137255, 0.5019607843137255, 0.4
vb0[1664]+076 TEXCOORD: 0.7227559089660645, 0.7967801690101624

vb0[1665]+000 POSITION: -0.023914210498332977, 1.870663046836853, 0.11408635228872299
vb0[1665]+012 NORMAL: -0.758589506149292, 0.2607414424419403, -0.5971229672431946
vb0[1665]+024 TANGENT: -0.9708167314529419, 0.1808319091796875, 0.15752673149108887, -1.0
vb0[1665]+040 BLENDWEIGHTS: 0.7239999771118164, 0.2759999930858612, 0.0, 0.0
vb0[1665]+056 BLENDINDICES: 1, 0, 0, 0
vb0[1665]+072 COLOR: 1.0, 0.5019607843137255, 0.5019607843137255, 0.5019607843137255
vb0[1665]+076 TEXCOORD: 0.7235078811645508, 0.7833045721054077

vb0[1666]+000 POSITION: -0.022114833816885948, 1.8781414031982422, 0.1153358444571495
vb0[1666]+012 NORMAL: -0.8108794093132019, 0.25198671221733093, -0.5281830430030823
vb0[1666]+024 TANGENT: -0.9546443819999695, 0.20464733242988586, 0.21627238392829895, -1.0
vb0[1666]+040 BLENDWEIGHTS: 0.574999988079071, 0.42500001192092896, 0.0, 0.0
vb0[1666]+056 BLENDINDICES: 1, 0, 0, 0
vb0[1666]+072 COLOR: 1.0, 0.5019607843137255, 0.5019607843137255, 0.4
vb0[1666]+076 TEXCOORD: 0.7168903350830078, 0.786125659942627

vb0[1667]+000 POSITION: -0.02307014912366867, 1.8635406494140625, 0.1100761741399765
vb0[1667]+012 NORMAL: -0.32536008954048157, 0.22550533711910248, -0.9183072447776794
vb0[1667]+024 TANGENT: -0.32844996452331543, 0.23250307142734528, -0.9154577851295471, -1.0
vb0[1667]+040 BLENDWEIGHTS: 0.8410000205039978, 0.1589999943971634, 0.0, 0.0
vb0[1667]+056 BLENDINDICES: 1, 0, 0, 0
vb0[1667]+072 COLOR: 1.0, 0.5019607843137255, 0.5019607843137255, 0.5019607843137255
vb0[1667]+076 TEXCOORD: 0.7311956882476807, 0.7836408615112305

vb0[1668]+000 POSITION: -0.01804012432694435, 1.8616763353347778, 0.11052455753087997
vb0[1668]+012 NORMAL: 0.1454194039106369, 0.11698704212903976, -0.9824292659759521
vb0[1668]+024 TANGENT: 0.6361373662948608, -0.11667078733444214, -0.7627038359642029, -1.0
vb0[1668]+040 BLENDWEIGHTS: 0.8259999752044678, 0.17399999499320984, 0.0, 0.0
vb0[1668]+056 BLENDINDICES: 1, 0, 0, 0
vb0[1668]+072 COLOR: 1.0, 0.5019607843137255, 0.5019607843137255, 0.5019607843137255
vb0[1668]+076 TEXCOORD: 0.734184741973877, 0.7878593802452087

vb0[1669]+000 POSITION: -0.025502094998955727, 1.863524317741394, 0.11273987591266632
vb0[1669]+012 NORMAL: -0.7187693119049072, 0.2804550528526306, -0.6361726522445679
vb0[1669]+024 TANGENT: -0.977393388748169, 0.16138756275177002, 0.13658751547336578, -1.0
vb0[1669]+040 BLENDWEIGHTS: 0.8420000076293945, 0.15800000727176666, 0.0, 0.0
vb0[1669]+056 BLENDINDICES: 1, 0, 0, 0
vb0[1669]+072 COLOR: 1.0, 0.5019607843137255, 0.5019607843137255, 0.5019607843137255
vb0[1669]+076 TEXCOORD: 0.7298140525817871, 0.7806172966957092

vb0[1670]+000 POSITION: -0.017936237156391144, 1.8841854333877563, 0.11126647889614105
vb0[1670]+012 NORMAL: -0.41571465134620667, 0.10401754081249237, -0.9035273194313049
vb0[1670]+024 TANGENT: -0.4229421615600586, 0.11185919493436813, -0.8992260098457336, -1.0
vb0[1670]+040 BLENDWEIGHTS: 0.5630000233650208, 0.43700000643730164, 0.0, 0.0
vb0[1670]+056 BLENDINDICES: 0, 1, 0, 0
vb0[1670]+072 COLOR: 1.0, 0.5019607843137255, 0.5019607843137255, 0.30196078431372547
vb0[1670]+076 TEXCOORD: 0.7133264541625977, 0.7934457659721375

vb0[1671]+000 POSITION: -0.009664238430559635, 1.8824377059936523, 0.11328970640897751
vb0[1671]+012 NORMAL: 0.2038985937833786, -0.09174133837223053, -0.9746840000152588
vb0[1671]+024 TANGENT: 0.5386656522750854, -0.21437524259090424, -0.814789891242981, -1.0
vb0[1671]+040 BLENDWEIGHTS: 0.5580000281333923, 0.2499999850988388, 0.18700000643730164, 0.004999999888241291
vb0[1671]+056 BLENDINDICES: 0, 1, 2, 3
vb0[1671]+072 COLOR: 1.0, 0.5019607843137255, 0.5019607843137255, 0.30196078431372547
vb0[1671]+076 TEXCOORD: 0.7168574333190918, 0.8011582493782043

vb0[1672]+000 POSITION: -0.020088955760002136, 1.8852674961090088, 0.1159377172589302
vb0[1672]+012 NORMAL: -0.8577638864517212, 0.25535643100738525, -0.44613271951675415
vb0[1672]+024 TANGENT: -0.9320889711380005, 0.2496960163116455, 0.26241588592529297, -1.0
vb0[1672]+040 BLENDWEIGHTS: 0.5730000138282776, 0.4269999861717224, 0.0, 0.0
vb0[1672]+056 BLENDINDICES: 0, 1, 0, 0
vb0[1672]+072 COLOR: 1.0, 0.5019607843137255, 0.5019607843137255, 0.30196078431372547
vb0[1672]+076 TEXCOORD: 0.7106235027313232, 0.7887983322143555

vb0[1673]+000 POSITION: -0.02459135092794895, 1.8572936058044434, 0.1088806614279747
vb0[1673]+012 NORMAL: -0.3082507848739624, 0.27040576934814453, -0.9120647311210632
vb0[1673]+024 TANGENT: -0.3142824172973633, 0.27640029788017273, -0.9082012176513672, -1.0
vb0[1673]+040 BLENDWEIGHTS: 0.9100000262260437, 0.09000000357627869, 0.0, 0.0
vb0[1673]+056 BLENDINDICES: 1, 0, 0, 0
vb0[1673]+072 COLOR: 1.0, 0.5019607843137255, 0.5019607843137255, 0.4
vb0[1673]+076 TEXCOORD: 0.7366933822631836, 0.780631959438324

vb0[1674]+000 POSITION: -0.020454227924346924, 1.8558493852615356, 0.10918647795915604
vb0[1674]+012 NORMAL: 0.15549150109291077, 0.16877484321594238, -0.9733126759529114
vb0[1674]+024 TANGENT: 0.6480100154876709, -0.08151811361312866, -0.7572567462921143, -1.0
vb0[1674]+040 BLENDWEIGHTS: 0.906000018119812, 0.09399999678134918, 0.0, 0.0
vb0[1674]+056 BLENDINDICES: 1, 0, 0, 0
vb0[1674]+072 COLOR: 1.0, 0.5019607843137255, 0.5019607843137255, 0.4
vb0[1674]+076 TEXCOORD: 0.7390451431274414, 0.7841107249259949

vb0[1675]+000 POSITION: -0.026036962866783142, 1.850837230682373, 0.10716073960065842
vb0[1675]+012 NORMAL: -0.2787134051322937, 0.3057297170162201, -0.91041100025177
vb0[1675]+024 TANGENT: -0.2813156545162201, 0.30910253524780273, -0.9084696769714355, -1.0
vb0[1675]+040 BLENDWEIGHTS: 0.9509999752044678, 0.04899999871850014, 0.0, 0.0
vb0[1675]+056 BLENDINDICES: 1, 0, 0, 0
vb0[1675]+072 COLOR: 1.0, 0.5019607843137255, 0.5019607843137255, 0.30196078431372547
vb0[1675]+076 TEXCOORD: 0.7424798011779785, 0.7774562835693359

vb0[1676]+000 POSITION: -0.02292834036052227, 1.8497880697250366, 0.1076429933309555
vb0[1676]+012 NORMAL: 0.20201051235198975, 0.2032608985900879, -0.9580588340759277
vb0[1676]+024 TANGENT: 0.6818183660507202, -0.0631057545542717, -0.7287943959236145, -1.0
vb0[1676]+040 BLENDWEIGHTS: 0.9620000123977661, 0.03799999877810478, 0.0, 0.0
vb0[1676]+056 BLENDINDICES: 1, 0, 0, 0
vb0[1676]+072 COLOR: 1.0, 0.5019607843137255, 0.5019607843137255, 0.30196078431372547
vb0[1676]+076 TEXCOORD: 0.7441654205322266, 0.7801553010940552

vb0[1677]+000 POSITION: -0.02774733677506447, 1.8505654335021973, 0.10890587419271469
vb0[1677]+012 NORMAL: -0.6912811994552612, 0.3336488902568817, -0.6409437656402588
vb0[1677]+024 TANGENT: -0.98895663022995, 0.11623585224151611, 0.09194600582122803, -1.0
vb0[1677]+040 BLENDWEIGHTS: 0.9610000252723694, 0.039000000804662704, 0.0, 0.0
vb0[1677]+056 BLENDINDICES: 1, 0, 0, 0
vb0[1677]+072 COLOR: 1.0, 0.5019607843137255, 0.5019607843137255, 0.30196078431372547
vb0[1677]+076 TEXCOORD: 0.7416143417358398, 0.7755867838859558

vb0[1678]+000 POSITION: -0.026701824739575386, 1.8571622371673584, 0.11110786348581314
vb0[1678]+012 NORMAL: -0.7012689113616943, 0.3100755214691162, -0.6419308185577393
vb0[1678]+024 TANGENT: -0.9824149012565613, 0.1431410312652588, 0.11988187581300735, -1.0
vb0[1678]+040 BLENDWEIGHTS: 0.9120000004768372, 0.08799999952316284, 0.0, 0.0
vb0[1678]+056 BLENDINDICES: 1, 0, 0, 0
vb0[1678]+072 COLOR: 1.0, 0.5019607843137255, 0.5019607843137255, 0.4
vb0[1678]+076 TEXCOORD: 0.7355263233184814, 0.7781821489334106

vb0[1679]+000 POSITION: -0.025092115625739098, 1.8443340063095093, 0.10587354749441147
vb0[1679]+012 NORMAL: 0.25216245651245117, 0.24202395975589752, -0.9369302988052368
vb0[1679]+024 TANGENT: 0.7242335677146912, -0.04709743708372116, -0.6879443526268005, -1.0
vb0[1679]+040 BLENDWEIGHTS: 0.984000027179718, 0.01600000075995922, 0.0, 0.0
vb0[1679]+056 BLENDINDICES: 1, 0, 0, 0
vb0[1679]+072 COLOR: 1.0, 0.5019607843137255, 0.5019607843137255, 0.2
vb0[1679]+076 TEXCOORD: 0.7489204406738281, 0.7765018939971924

vb0[1680]+000 POSITION: -0.027269527316093445, 1.8451173305511475, 0.10549177974462509
vb0[1680]+012 NORMAL: -0.2266027331352234, 0.34436801075935364, -0.9110773205757141
vb0[1680]+024 TANGENT: -0.23244212567806244, 0.3451484143733978, -0.9093091487884521, -1.0
vb0[1680]+040 BLENDWEIGHTS: 0.9729999899864197, 0.027000000700354576, 0.0, 0.0
vb0[1680]+056 BLENDINDICES: 1, 0, 0, 0
vb0[1680]+072 COLOR: 1.0, 0.5019607843137255, 0.5019607843137255, 0.2
vb0[1680]+076 TEXCOORD: 0.747715950012207, 0.774587094783783

vb0[1681]+000 POSITION: -0.027340859174728394, 1.838832974433899, 0.10365469753742218
vb0[1681]+012 NORMAL: 0.2941860854625702, 0.29370903968811035, -0.9094995260238647
vb0[1681]+024 TANGENT: 0.7623815536499023, -0.021025478839874268, -0.6467860341072083, -1.0
vb0[1681]+040 BLENDWEIGHTS: 0.9959999918937683, 0.004000000189989805, 0.0, 0.0
vb0[1681]+056 BLENDINDICES: 1, 0, 0, 0
vb0[1681]+072 COLOR: 1.0, 0.5019607843137255, 0.5019607843137255, 0.10196078431372549
vb0[1681]+076 TEXCOORD: 0.7539796829223633, 0.7724769711494446

vb0[1682]+000 POSITION: -0.028438560664653778, 1.839250922203064, 0.1034172996878624
vb0[1682]+012 NORMAL: -0.15195083618164062, 0.3923306167125702, -0.9071866273880005
vb0[1682]+024 TANGENT: -0.15606559813022614, 0.3907361328601837, -0.9071763753890991, -1.0
vb0[1682]+040 BLENDWEIGHTS: 0.9950000047683716, 0.004999999888241291, 0.0, 0.0
vb0[1682]+056 BLENDINDICES: 1, 0, 0, 0
vb0[1682]+072 COLOR: 1.0, 0.5019607843137255, 0.5019607843137255, 0.10196078431372549
vb0[1682]+076 TEXCOORD: 0.7533612251281738, 0.7714911699295044

vb0[1683]+000 POSITION: -0.028592020273208618, 1.8448641300201416, 0.1066933199763298
vb0[1683]+012 NORMAL: -0.6510763168334961, 0.3639279901981354, -0.6660751104354858
vb0[1683]+024 TANGENT: -0.9940898418426514, 0.08594465255737305, 0.06632399559020996, -1.0
vb0[1683]+040 BLENDWEIGHTS: 0.9829999804496765, 0.017000000923871994, 0.0, 0.0
vb0[1683]+056 BLENDINDICES: 1, 0, 0, 0
vb0[1683]+072 COLOR: 1.0, 0.5019607843137255, 0.5019607843137255, 0.2
vb0[1683]+076 TEXCOORD: 0.7470922470092773, 0.7732521891593933

vb0[1684]+000 POSITION: -0.02919991873204708, 1.8390589952468872, 0.10383519530296326
vb0[1684]+012 NORMAL: -0.5668456554412842, 0.4090101718902588, -0.7151201367378235
vb0[1684]+024 TANGENT: -0.9947656393051147, 0.10197330266237259, -0.006548703648149967, -1.0
vb0[1684]+040 BLENDWEIGHTS: 1.0, 0.0, 0.0, 0.0
vb0[1684]+056 BLENDINDICES: 1, 0, 0, 0
vb0[1684]+072 COLOR: 1.0, 0.5019607843137255, 0.5019607843137255, 0.10196078431372549
vb0[1684]+076 TEXCOORD: 0.7531046867370605, 0.7706878781318665

vb0[1685]+000 POSITION: -0.029859758913517, 1.8326358795166016, 0.1005438044667244
vb0[1685]+012 NORMAL: -0.11055352538824081, 0.41586562991142273, -0.9026813507080078
vb0[1685]+024 TANGENT: -0.23849128186702728, -0.8481975793838501, -0.472951203584671, -1.0
vb0[1685]+040 BLENDWEIGHTS: 1.0, 0.0, 0.0, 0.0
vb0[1685]+056 BLENDINDICES: 1, 0, 0, 0
vb0[1685]+072 COLOR: 1.0, 0.5019607843137255, 0.5019607843137255, 0.0
vb0[1685]+076 TEXCOORD: 0.7606172561645508, 0.7674853205680847

vb0[1686]+000 POSITION: -0.015288066118955612, 1.8929977416992188, 0.11052046716213226
vb0[1686]+012 NORMAL: -0.1968643218278885, -0.0676468014717102, -0.9780942797660828
vb0[1686]+024 TANGENT: 0.4008543789386749, -0.45456957817077637, -0.7954132556915283, -1.0
vb0[1686]+040 BLENDWEIGHTS: 0.7599999904632568, 0.23999999463558197, 0.0, 0.0
vb0[1686]+056 BLENDINDICES: 0, 1, 0, 0
vb0[1686]+072 COLOR: 1.0, 0.5019607843137255, 0.5019607843137255, 0.0
vb0[1686]+076 TEXCOORD: 0.7056741714477539, 0.797640860080719

vb0[1687]+000 POSITION: -0.017579102888703346, 1.892962098121643, 0.11610966175794601
vb0[1687]+012 NORMAL: -0.8768461346626282, 0.2626916766166687, -0.4026585519313812
vb0[1687]+024 TANGENT: -0.28945112228393555, -0.005972444545477629, 0.9571741223335266, -1.0
vb0[1687]+040 BLENDWEIGHTS: 0.7409999966621399, 0.2590000033378601, 0.0, 0.0
vb0[1687]+056 BLENDINDICES: 0, 1, 0, 0
vb0[1687]+072 COLOR: 1.0, 0.5019607843137255, 0.5019607843137255, 0.0
vb0[1687]+076 TEXCOORD: 0.7036588191986084, 0.7917665243148804

vb0[1688]+000 POSITION: -0.01014662254601717, 1.89983332157135, 0.10902542620897293
vb0[1688]+012 NORMAL: 0.22312861680984497, -0.36692216992378235, -0.9030956625938416
vb0[1688]+024 TANGENT: 0.4200165271759033, -0.54230797290802, -0.7276594042778015, -1.0
vb0[1688]+040 BLENDWEIGHTS: 0.9950000047683716, 0.004999999888241291, 0.0, 0.0
vb0[1688]+056 BLENDINDICES: 0, 1, 0, 0
vb0[1688]+072 COLOR: 1.0, 0.5019607843137255, 0.5019607843137255, 0.5019607843137255
vb0[1688]+076 TEXCOORD: 0.6992712020874023, 0.8024678230285645

vb0[1689]+000 POSITION: 0.013716669753193855, 1.9338518381118774, 0.09259133785963058
vb0[1689]+012 NORMAL: -0.03224867582321167, 0.7998539805412292, 0.5993276238441467
vb0[1689]+024 TANGENT: -0.35204267501831055, 0.8290712237358093, -0.4344041645526886, -1.0
vb0[1689]+040 BLENDWEIGHTS: 1.0, 0.0, 0.0, 0.0
vb0[1689]+056 BLENDINDICES: 0, 0, 0, 0
vb0[1689]+072 COLOR: 1.0, 0.5019607843137255, 0.5019607843137255, 0.30196078431372547
vb0[1689]+076 TEXCOORD: 0.2237839698791504, 0.43513399362564087

vb0[1690]+000 POSITION: 0.016310499981045723, 1.9366689920425415, 0.09708834439516068
vb0[1690]+012 NORMAL: 0.04074714332818985, 0.7685307860374451, 0.63851398229599
vb0[1690]+024 TANGENT: -0.2541760206222534, 0.9571686387062073, -0.1386461853981018, -1.0
vb0[1690]+040 BLENDWEIGHTS: 1.0, 0.0, 0.0, 0.0
vb0[1690]+056 BLENDINDICES: 0, 0, 0, 0
vb0[1690]+072 COLOR: 1.0, 0.5019607843137255, 0.5019607843137255, 0.5019607843137255
vb0[1690]+076 TEXCOORD: 0.22984099388122559, 0.4323180019855499

vb0[1691]+000 POSITION: 0.017299940809607506, 1.9358329772949219, 0.09288504719734192
vb0[1691]+012 NORMAL: 0.07293862104415894, 0.8041483759880066, 0.5899367332458496
vb0[1691]+024 TANGENT: -0.22310137748718262, 0.8996883630752563, -0.3752152919769287, -1.0
vb0[1691]+040 BLENDWEIGHTS: 1.0, 0.0, 0.0, 0.0
vb0[1691]+056 BLENDINDICES: 0, 0, 0, 0
vb0[1691]+072 COLOR: 1.0, 0.5019607843137255, 0.5019607843137255, 0.5019607843137255
vb0[1691]+076 TEXCOORD: 0.2253408432006836, 0.43039900064468384

vb0[1692]+000 POSITION: 0.012527070008218288, 1.9345488548278809, 0.09621384739875793
vb0[1692]+012 NORMAL: -0.05117886886000633, 0.7620318531990051, 0.6455139517784119
vb0[1692]+024 TANGENT: -0.3662661015987396, 0.9125736355781555, -0.18181967735290527, -1.0
vb0[1692]+040 BLENDWEIGHTS: 1.0, 0.0, 0.0, 0.0
vb0[1692]+056 BLENDINDICES: 0, 0, 0, 0
vb0[1692]+072 COLOR: 1.0, 0.5019607843137255, 0.5019607843137255, 0.5019607843137255
vb0[1692]+076 TEXCOORD: 0.22809600830078125, 0.43735501170158386

vb0[1693]+000 POSITION: 0.022002428770065308, 1.9370059967041016, 0.0975767970085144
vb0[1693]+012 NORMAL: 0.22009959816932678, 0.7406042814254761, 0.6348711252212524
vb0[1693]+024 TANGENT: 0.5108122229576111, 0.8596637845039368, -0.006994485389441252, -1.0
vb0[1693]+040 BLENDWEIGHTS: 1.0, 0.0, 0.0, 0.0
vb0[1693]+056 BLENDINDICES: 0, 0, 0, 0
vb0[1693]+072 COLOR: 1.0, 0.5019607843137255, 0.5019607843137255, 0.5019607843137255
vb0[1693]+076 TEXCOORD: 0.2317659854888916, 0.4255400002002716

vb0[1694]+000 POSITION: 0.02269618958234787, 1.936126947402954, 0.09351271390914917
vb0[1694]+012 NORMAL: 0.2570956349372864, 0.7707831263542175, 0.5829194784164429
vb0[1694]+024 TANGENT: 0.5692360997200012, 0.7999988794326782, -0.1896631270647049, -1.0
vb0[1694]+040 BLENDWEIGHTS: 1.0, 0.0, 0.0, 0.0
vb0[1694]+056 BLENDINDICES: 0, 0, 0, 0
vb0[1694]+072 COLOR: 1.0, 0.5019607843137255, 0.5019607843137255, 0.5019607843137255
vb0[1694]+076 TEXCOORD: 0.22736406326293945, 0.4241720139980316

vb0[1695]+000 POSITION: 0.014943970367312431, 1.9319618940353394, 0.08927515149116516
vb0[1695]+012 NORMAL: -0.0028647175058722496, 0.8187786340713501, 0.5741022229194641
vb0[1695]+024 TANGENT: 0.006200730334967375, 0.8395211696624756, 0.5432915687561035, -1.0
vb0[1695]+040 BLENDWEIGHTS: 1.0, 0.0, 0.0, 0.0
vb0[1695]+056 BLENDINDICES: 0, 0, 0, 0
vb0[1695]+072 COLOR: 1.0, 0.5019607843137255, 0.5019607843137255, 0.0
vb0[1695]+076 TEXCOORD: 0.2194070816040039, 0.4329270124435425

vb0[1696]+000 POSITION: 0.021358968690037727, 1.9368330240249634, 0.10173076391220093
vb0[1696]+012 NORMAL: 0.19883981347084045, 0.6831840872764587, 0.7026537656784058
vb0[1696]+024 TANGENT: 0.4391878545284271, 0.8470545411109924, 0.2993537485599518, -1.0
vb0[1696]+040 BLENDWEIGHTS: 1.0, 0.0, 0.0, 0.0
vb0[1696]+056 BLENDINDICES: 0, 0, 0, 0
vb0[1696]+072 COLOR: 1.0, 0.5019607843137255, 0.5019607843137255, 0.5019607843137255
vb0[1696]+076 TEXCOORD: 0.2360391616821289, 0.4268679916858673

vb0[1697]+000 POSITION: 0.015238639898598194, 1.9365910291671753, 0.10117581486701965
vb0[1697]+012 NORMAL: -0.0076146735809743404, 0.7019355297088623, 0.7121997475624084
vb0[1697]+024 TANGENT: -0.3122239112854004, 0.9309104084968567, 0.18953071534633636, -1.0
vb0[1697]+040 BLENDWEIGHTS: 1.0, 0.0, 0.0, 0.0
vb0[1697]+056 BLENDINDICES: 0, 0, 0, 0
vb0[1697]+072 COLOR: 1.0, 0.5019607843137255, 0.5019607843137255, 0.5019607843137255
vb0[1697]+076 TEXCOORD: 0.23394012451171875, 0.4341129958629608

vb0[1698]+000 POSITION: 0.020429128780961037, 1.9347659349441528, 0.10575832426548004
vb0[1698]+012 NORMAL: 0.12876325845718384, 0.56959068775177, 0.811779797077179
vb0[1698]+024 TANGENT: 0.44860196113586426, 0.6659092903137207, 0.5960880517959595, -1.0
vb0[1698]+040 BLENDWEIGHTS: 1.0, 0.0, 0.0, 0.0
vb0[1698]+056 BLENDINDICES: 0, 0, 0, 0
vb0[1698]+072 COLOR: 1.0, 0.5019607843137255, 0.5019607843137255, 0.5019607843137255
vb0[1698]+076 TEXCOORD: 0.24024391174316406, 0.42932599782943726

vb0[1699]+000 POSITION: 0.011526109650731087, 1.9342739582061768, 0.0999186784029007
vb0[1699]+012 NORMAL: -0.07409713417291641, 0.6865936517715454, 0.7232556343078613
vb0[1699]+024 TANGENT: -0.3912121057510376, 0.9067490100860596, 0.15735125541687012, -1.0
vb0[1699]+040 BLENDWEIGHTS: 1.0, 0.0, 0.0, 0.0
vb0[1699]+056 BLENDINDICES: 0, 0, 0, 0
vb0[1699]+072 COLOR: 1.0, 0.5019607843137255, 0.5019607843137255, 0.5019607843137255
vb0[1699]+076 TEXCOORD: 0.23239803314208984, 0.4394490122795105

vb0[1700]+000 POSITION: 0.014086039736866951, 1.9340828657150269, 0.10561888664960861
vb0[1700]+012 NORMAL: -0.01993444375693798, 0.5844111442565918, 0.8112128973007202
vb0[1700]+024 TANGENT: -0.34783315658569336, 0.7686862349510193, 0.5367807745933533, -1.0
vb0[1700]+040 BLENDWEIGHTS: 1.0, 0.0, 0.0, 0.0
vb0[1700]+056 BLENDINDICES: 0, 0, 0, 0
vb0[1700]+072 COLOR: 1.0, 0.5019607843137255, 0.5019607843137255, 0.5019607843137255
vb0[1700]+076 TEXCOORD: 0.23900794982910156, 0.43654000759124756

vb0[1701]+000 POSITION: 0.019825709983706474, 1.9311548471450806, 0.1091519221663475
vb0[1701]+012 NORMAL: 0.13068179786205292, 0.493329256772995, 0.8599701523780823
vb0[1701]+024 TANGENT: 0.4246850311756134, 0.5042897462844849, 0.7518872618675232, -1.0
vb0[1701]+040 BLENDWEIGHTS: 1.0, 0.0, 0.0, 0.0
vb0[1701]+056 BLENDINDICES: 0, 0, 0, 0
vb0[1701]+072 COLOR: 1.0, 0.5019607843137255, 0.5019607843137255, 0.5019607843137255
vb0[1701]+076 TEXCOORD: 0.24510908126831055, 0.43143200874328613

vb0[1702]+000 POSITION: 0.013147509656846523, 1.9303950071334839, 0.10856093466281891
vb0[1702]+012 NORMAL: -0.007161216344684362, 0.5111326575279236, 0.8594720363616943
vb0[1702]+024 TANGENT: -0.31843361258506775, 0.6262770891189575, 0.711601734161377, -1.0
vb0[1702]+040 BLENDWEIGHTS: 1.0, 0.0, 0.0, 0.0
vb0[1702]+056 BLENDINDICES: 0, 0, 0, 0
vb0[1702]+072 COLOR: 1.0, 0.5019607843137255, 0.5019607843137255, 0.5019607843137255
vb0[1702]+076 TEXCOORD: 0.24361205101013184, 0.4390850067138672

vb0[1703]+000 POSITION: 0.01920974999666214, 1.926198959350586, 0.11201001703739166
vb0[1703]+012 NORMAL: 0.1436319351196289, 0.4208046793937683, 0.8957082629203796
vb0[1703]+024 TANGENT: 0.4180501401424408, 0.4065147936344147, 0.812391459941864, -1.0
vb0[1703]+040 BLENDWEIGHTS: 1.0, 0.0, 0.0, 0.0
vb0[1703]+056 BLENDINDICES: 0, 0, 0, 0
vb0[1703]+072 COLOR: 1.0, 0.5019607843137255, 0.5019607843137255, 0.5019607843137255
vb0[1703]+076 TEXCOORD: 0.2509479522705078, 0.43361300230026245

vb0[1704]+000 POSITION: 0.012289030477404594, 1.9258869886398315, 0.11151931434869766
vb0[1704]+012 NORMAL: 0.011759238317608833, 0.44126710295677185, 0.8972988128662109
vb0[1704]+024 TANGENT: -0.25074419379234314, 0.5354788303375244, 0.8064674735069275, -1.0
vb0[1704]+040 BLENDWEIGHTS: 1.0, 0.0, 0.0, 0.0
vb0[1704]+056 BLENDINDICES: 0, 0, 0, 0
vb0[1704]+072 COLOR: 1.0, 0.5019607843137255, 0.5019607843137255, 0.5019607843137255
vb0[1704]+076 TEXCOORD: 0.2492661476135254, 0.44150298833847046

vb0[1705]+000 POSITION: 0.009188449941575527, 1.9290698766708374, 0.1067395955324173
vb0[1705]+012 NORMAL: -0.09555980563163757, 0.52192223072052, 0.8476234674453735
vb0[1705]+024 TANGENT: -0.3083001375198364, 0.6870266199111938, 0.6579859256744385, -1.0
vb0[1705]+040 BLENDWEIGHTS: 1.0, 0.0, 0.0, 0.0
vb0[1705]+056 BLENDINDICES: 0, 0, 0, 0
vb0[1705]+072 COLOR: 1.0, 0.5019607843137255, 0.5019607843137255, 0.5019607843137255
vb0[1705]+076 TEXCOORD: 0.24229001998901367, 0.44427499175071716

vb0[1706]+000 POSITION: 0.00783563032746315, 1.9248930215835571, 0.10984117537736893
vb0[1706]+012 NORMAL: -0.07981645315885544, 0.45576387643814087, 0.8865149021148682
vb0[1706]+024 TANGENT: -0.22650146484375, 0.578617513179779, 0.7835170030593872, -1.0
vb0[1706]+040 BLENDWEIGHTS: 1.0, 0.0, 0.0, 0.0
vb0[1706]+056 BLENDINDICES: 0, 0, 0, 0
vb0[1706]+072 COLOR: 1.0, 0.5019607843137255, 0.5019607843137255, 0.5019607843137255
vb0[1706]+076 TEXCOORD: 0.24823403358459473, 0.44714000821113586

vb0[1707]+000 POSITION: 0.010818642564117908, 1.9187690019607544, 0.11564872413873672
vb0[1707]+012 NORMAL: 0.019484341144561768, 0.3729622960090637, 0.9276418685913086
vb0[1707]+024 TANGENT: -0.19331349432468414, 0.4509594142436981, 0.8713583946228027, -1.0
vb0[1707]+040 BLENDWEIGHTS: 0.9890000224113464, 0.010999999940395355, 0.0, 0.0
vb0[1707]+056 BLENDINDICES: 0, 2, 0, 0
vb0[1707]+072 COLOR: 1.0, 0.5019607843137255, 0.5019607843137255, 0.5019607843137255
vb0[1707]+076 TEXCOORD: 0.2580099105834961, 0.44498398900032043

vb0[1708]+000 POSITION: 0.005935149732977152, 1.918429970741272, 0.11310707777738571
vb0[1708]+012 NORMAL: -0.07750444859266281, 0.39070385694503784, 0.9172477722167969
vb0[1708]+024 TANGENT: -0.16608750820159912, 0.4666883647441864, 0.8686869144439697, -1.0
vb0[1708]+040 BLENDWEIGHTS: 1.0, 0.0, 0.0, 0.0
vb0[1708]+056 BLENDINDICES: 0, 0, 0, 0
vb0[1708]+072 COLOR: 1.0, 0.5019607843137255, 0.5019607843137255, 0.5019607843137255
vb0[1708]+076 TEXCOORD: 0.2561779022216797, 0.4509429931640625

vb0[1709]+000 POSITION: 0.009283645078539848, 1.9092777967453003, 0.1195717304944992
vb0[1709]+012 NORMAL: 0.017281273379921913, 0.2921627163887024, 0.9562124609947205
vb0[1709]+024 TANGENT: -0.13193978369235992, 0.3367389440536499, 0.9323083162307739, -1.0
vb0[1709]+040 BLENDWEIGHTS: 0.8759999871253967, 0.12399999797344208, 0.0, 0.0
vb0[1709]+056 BLENDINDICES: 0, 2, 0, 0
vb0[1709]+072 COLOR: 1.0, 0.5019607843137255, 0.5019607843137255, 0.5019607843137255
vb0[1709]+076 TEXCOORD: 0.2690110206604004, 0.4490410089492798

vb0[1710]+000 POSITION: 0.0024744835682213306, 1.9092495441436768, 0.11697043478488922
vb0[1710]+012 NORMAL: -0.0823618471622467, 0.3092641234397888, 0.947402834892273
vb0[1710]+024 TANGENT: -0.10471034795045853, 0.33659839630126953, 0.9358084201812744, -1.0
vb0[1710]+040 BLENDWEIGHTS: 0.9010000228881836, 0.0989999994635582, 0.0, 0.0
vb0[1710]+056 BLENDINDICES: 0, 2, 0, 0
vb0[1710]+072 COLOR: 1.0, 0.5019607843137255, 0.5019607843137255, 0.5019607843137255
vb0[1710]+076 TEXCOORD: 0.2669811248779297, 0.4560509920120239

vb0[1711]+000 POSITION: 0.007529106456786394, 1.8980437517166138, 0.12251381576061249
vb0[1711]+012 NORMAL: 0.014661384746432304, 0.19970451295375824, 0.9797464609146118
vb0[1711]+024 TANGENT: -0.08537662029266357, 0.2134774774312973, 0.9732102155685425, -1.0
vb0[1711]+040 BLENDWEIGHTS: 0.6859999895095825, 0.3140000104904175, 0.0, 0.0
vb0[1711]+056 BLENDINDICES: 0, 2, 0, 0
vb0[1711]+072 COLOR: 1.0, 0.5019607843137255, 0.5019607843137255, 0.5019607843137255
vb0[1711]+076 TEXCOORD: 0.2813429832458496, 0.4538710117340088

vb0[1712]+000 POSITION: 0.0005023975390940905, 1.898386836051941, 0.12028103321790695
vb0[1712]+012 NORMAL: -0.08451002091169357, 0.2164744883775711, 0.9726237058639526
vb0[1712]+024 TANGENT: -0.3424769937992096, 0.27056828141212463, 0.899723470211029, -1.0
vb0[1712]+040 BLENDWEIGHTS: 0.6949999928474426, 0.3050000071525574, 0.0, 0.0
vb0[1712]+056 BLENDINDICES: 0, 2, 0, 0
vb0[1712]+072 COLOR: 1.0, 0.5019607843137255, 0.5019607843137255, 0.5019607843137255
vb0[1712]+076 TEXCOORD: 0.2792370319366455, 0.4617910087108612

vb0[1713]+000 POSITION: 0.005777984857559204, 1.8883439302444458, 0.12384391576051712
vb0[1713]+012 NORMAL: 0.007241885643452406, 0.11262436211109161, 0.9936111569404602
vb0[1713]+024 TANGENT: -0.07185161858797073, 0.10585010051727295, 0.9917827844619751, -1.0
vb0[1713]+040 BLENDWEIGHTS: 0.5139999985694885, 0.4860000014305115, 0.0, 0.0
vb0[1713]+056 BLENDINDICES: 2, 0, 0, 0
vb0[1713]+072 COLOR: 1.0, 0.5019607843137255, 0.5019607843137255, 0.5019607843137255
vb0[1713]+076 TEXCOORD: 0.29181694984436035, 0.4581559896469116

vb0[1714]+000 POSITION: -0.0016438785241916776, 1.8890680074691772, 0.12181961536407471
vb0[1714]+012 NORMAL: -0.10696372389793396, 0.12926837801933289, 0.9858237504959106
vb0[1714]+024 TANGENT: -0.32960522174835205, 0.15898370742797852, 0.9306366443634033, -1.0
vb0[1714]+040 BLENDWEIGHTS: 0.5339999794960022, 0.4620000123977661, 0.004000000189989805, 0.0
vb0[1714]+056 BLENDINDICES: 0, 2, 1, 0
vb0[1714]+072 COLOR: 1.0, 0.5019607843137255, 0.5019607843137255, 0.5019607843137255
vb0[1714]+076 TEXCOORD: 0.28955888748168945, 0.46662700176239014

vb0[1715]+000 POSITION: 0.004134785383939743, 1.8801273107528687, 0.12418726831674576
vb0[1715]+012 NORMAL: -0.004807170946151018, 0.037016645073890686, 0.9993031024932861
vb0[1715]+024 TANGENT: -0.08326542377471924, 0.01604008674621582, 0.9963983297348022, -1.0
vb0[1715]+040 BLENDWEIGHTS: 0.6349999904632568, 0.33899998664855957, 0.026000000536441803, 0.0
vb0[1715]+056 BLENDINDICES: 2, 0, 3, 0
vb0[1715]+072 COLOR: 1.0, 0.5019607843137255, 0.5019607843137255, 0.5019607843137255
vb0[1715]+076 TEXCOORD: 0.30065488815307617, 0.46170899271965027

vb0[1716]+000 POSITION: -0.0034688212908804417, 1.8811677694320679, 0.12201918661594391
vb0[1716]+012 NORMAL: -0.12479449808597565, 0.053762760013341904, 0.9907249808311462
vb0[1716]+024 TANGENT: -0.34179508686065674, 0.055636171251535416, 0.9381262063980103, -1.0
vb0[1716]+040 BLENDWEIGHTS: 0.5659999847412109, 0.4059999883174896, 0.02800000086426735, 0.0
vb0[1716]+056 BLENDINDICES: 2, 0, 3, 0
vb0[1716]+072 COLOR: 1.0, 0.5019607843137255, 0.5019607843137255, 0.2
vb0[1716]+076 TEXCOORD: 0.2981529235839844, 0.4706520140171051

vb0[1717]+000 POSITION: 0.010435369797050953, 1.9320409297943115, 0.10347355902194977
vb0[1717]+012 NORMAL: -0.11773595958948135, 0.5928187966346741, 0.796683132648468
vb0[1717]+024 TANGENT: -0.36966466903686523, 0.7861912250518799, 0.4952286183834076, -1.0
vb0[1717]+040 BLENDWEIGHTS: 1.0, 0.0, 0.0, 0.0
vb0[1717]+056 BLENDINDICES: 0, 0, 0, 0
vb0[1717]+072 COLOR: 1.0, 0.5019607843137255, 0.5019607843137255, 0.5019607843137255
vb0[1717]+076 TEXCOORD: 0.2371678352355957, 0.44179099798202515

vb0[1718]+000 POSITION: 0.0021839553955942392, 1.8723015785217285, 0.12377224862575531
vb0[1718]+012 NORMAL: -0.024592353031039238, -0.030057333409786224, 0.9992456436157227
vb0[1718]+024 TANGENT: -0.11709081381559372, -0.055264171212911606, 0.9915823340415955, -1.0
vb0[1718]+040 BLENDWEIGHTS: 0.6830000281333923, 0.23399999737739563, 0.08299999684095383, 0.0
vb0[1718]+056 BLENDINDICES: 2, 0, 3, 0
vb0[1718]+072 COLOR: 1.0, 0.5019607843137255, 0.5019607843137255, 0.5019607843137255
vb0[1718]+076 TEXCOORD: 0.3090810775756836, 0.4654569923877716

vb0[1719]+000 POSITION: -0.005139829590916634, 1.8736913204193115, 0.12160459160804749
vb0[1719]+012 NORMAL: -0.13036204874515533, -0.008591935969889164, 0.9914291501045227
vb0[1719]+024 TANGENT: -0.9749983549118042, 0.2154550403356552, 0.05437993258237839, -1.0
vb0[1719]+040 BLENDWEIGHTS: 0.6389999985694885, 0.2800000011920929, 0.08100000023841858, 0.0
vb0[1719]+056 BLENDINDICES: 2, 0, 3, 0
vb0[1719]+072 COLOR: 1.0, 0.5019607843137255, 0.5019607843137255, 0.5019607843137255
vb0[1719]+076 TEXCOORD: 0.30650901794433594, 0.47405800223350525

vb0[1720]+000 POSITION: 0.00028135182219557464, 1.8645731210708618, 0.12278708815574646
vb0[1720]+012 NORMAL: -0.04603090509772301, -0.08956868946552277, 0.9949164390563965
vb0[1720]+024 TANGENT: -0.14998674392700195, -0.11789970844984055, 0.981633186340332, -1.0
vb0[1720]+040 BLENDWEIGHTS: 0.6780000329017639, 0.1770000159740448, 0.14500001072883606, 0.0
vb0[1720]+056 BLENDINDICES: 2, 3, 0, 0
vb0[1720]+072 COLOR: 1.0, 0.5019607843137255, 0.5019607843137255, 0.5019607843137255
vb0[1720]+076 TEXCOORD: 0.31754589080810547, 0.46914801001548767

vb0[1721]+000 POSITION: -0.006728936918079853, 1.8662830591201782, 0.120578832924366
vb0[1721]+012 NORMAL: -0.14634989202022552, -0.07080034166574478, 0.9866961240768433
vb0[1721]+024 TANGENT: -0.9729164242744446, 0.22927093505859375, 0.02947116084396839, -1.0
vb0[1721]+040 BLENDWEIGHTS: 0.6320000290870667, 0.18799999356269836, 0.18000000715255737, 0.0
vb0[1721]+056 BLENDINDICES: 2, 0, 3, 0
vb0[1721]+072 COLOR: 1.0, 0.5019607843137255, 0.5019607843137255, 0.5019607843137255
vb0[1721]+076 TEXCOORD: 0.3148820400238037, 0.4774709939956665

vb0[1722]+000 POSITION: -0.0017515879590064287, 1.8578110933303833, 0.12151241302490234
vb0[1722]+012 NORMAL: -0.07797765731811523, -0.14994072914123535, 0.9856151342391968
vb0[1722]+024 TANGENT: -0.18942415714263916, -0.17834782600402832, 0.9655622839927673, -1.0
vb0[1722]+040 BLENDWEIGHTS: 0.6220000386238098, 0.2930000424385071, 0.08500000834465027, 0.0
vb0[1722]+056 BLENDINDICES: 2, 3, 0, 0
vb0[1722]+072 COLOR: 1.0, 0.5019607843137255, 0.5019607843137255, 0.5019607843137255
vb0[1722]+076 TEXCOORD: 0.32515907287597656, 0.4727419912815094

vb0[1723]+000 POSITION: -0.008155482821166515, 1.8598082065582275, 0.11922868341207504
vb0[1723]+012 NORMAL: -0.16372855007648468, -0.12457022815942764, 0.9786089062690735
vb0[1723]+024 TANGENT: -0.9641814231872559, 0.2644312381744385, 0.02074134349822998, -1.0
vb0[1723]+040 BLENDWEIGHTS: 0.6029999852180481, 0.2919999957084656, 0.10499999672174454, 0.0
vb0[1723]+056 BLENDINDICES: 2, 3, 0, 0
vb0[1723]+072 COLOR: 1.0, 0.5019607843137255, 0.5019607843137255, 0.5019607843137255
vb0[1723]+076 TEXCOORD: 0.3223869800567627, 0.4805310070514679

vb0[1724]+000 POSITION: -0.0038296200800687075, 1.8520346879959106, 0.11974339932203293
vb0[1724]+012 NORMAL: -0.1051696166396141, -0.2005307525396347, 0.974026083946228
vb0[1724]+024 TANGENT: -0.2392345815896988, -0.22914937138557434, 0.9435345530509949, -1.0
vb0[1724]+040 BLENDWEIGHTS: 0.550000011920929, 0.4059999883174896, 0.04399999976158142, 0.0
vb0[1724]+056 BLENDINDICES: 2, 3, 0, 0
vb0[1724]+072 COLOR: 1.0, 0.5019607843137255, 0.5019607843137255, 0.5019607843137255
vb0[1724]+076 TEXCOORD: 0.3317451477050781, 0.4760810136795044

vb0[1725]+000 POSITION: -0.009638126008212566, 1.8542283773422241, 0.1175386980175972
vb0[1725]+012 NORMAL: -0.19279803335666656, -0.17562982439994812, 0.9653927087783813
vb0[1725]+024 TANGENT: -0.9486240744590759, 0.3136619031429291, 0.041574832051992416, -1.0
vb0[1725]+040 BLENDWEIGHTS: 0.5450000166893005, 0.4020000100135803, 0.05299999937415123, 0.0
vb0[1725]+056 BLENDINDICES: 2, 3, 0, 0
vb0[1725]+072 COLOR: 1.0, 0.5019607843137255, 0.5019607843137255, 0.5019607843137255
vb0[1725]+076 TEXCOORD: 0.32915401458740234, 0.4832879900932312

vb0[1726]+000 POSITION: -0.006171656306833029, 1.846384048461914, 0.1176101565361023
vb0[1726]+012 NORMAL: -0.13156640529632568, -0.24786069989204407, 0.959820568561554
vb0[1726]+024 TANGENT: -0.29040229320526123, -0.26377958059310913, 0.9198297262191772, -1.0
vb0[1726]+040 BLENDWEIGHTS: 0.5120000243186951, 0.4749999940395355, 0.013000000268220901, 0.0
vb0[1726]+056 BLENDINDICES: 3, 2, 0, 0
vb0[1726]+072 COLOR: 1.0, 0.5019607843137255, 0.5019607843137255, 0.5019607843137255
vb0[1726]+076 TEXCOORD: 0.33843302726745605, 0.47944000363349915

vb0[1727]+000 POSITION: -0.011281111277639866, 1.8487968444824219, 0.11537692695856094
vb0[1727]+012 NORMAL: -0.2168613076210022, -0.216860830783844, 0.9518102407455444
vb0[1727]+024 TANGENT: -0.9347429871559143, 0.34787261486053467, 0.07238912582397461, -1.0
vb0[1727]+040 BLENDWEIGHTS: 0.5049999952316284, 0.47600001096725464, 0.01899999938905239, 0.0
vb0[1727]+056 BLENDINDICES: 3, 2, 0, 0
vb0[1727]+072 COLOR: 1.0, 0.5019607843137255, 0.5019607843137255, 0.5019607843137255
vb0[1727]+076 TEXCOORD: 0.3360249996185303, 0.48608899116516113

vb0[1728]+000 POSITION: -0.008473411202430725, 1.8414438962936401, 0.1153530701994896
vb0[1728]+012 NORMAL: -0.1550341695547104, -0.29087600111961365, 0.9441162347793579
vb0[1728]+024 TANGENT: -0.3351067304611206, -0.29535913467407227, 0.8946878910064697, -1.0
vb0[1728]+040 BLENDWEIGHTS: 0.5950000286102295, 0.4050000011920929, 0.0, 0.0
vb0[1728]+056 BLENDINDICES: 3, 2, 0, 0
vb0[1728]+072 COLOR: 1.0, 0.5019607843137255, 0.5019607843137255, 0.5019607843137255
vb0[1728]+076 TEXCOORD: 0.34453797340393066, 0.4824019968509674

vb0[1729]+000 POSITION: -0.013040630146861076, 1.8440418243408203, 0.11320604383945465
vb0[1729]+012 NORMAL: -0.24144800007343292, -0.25479939579963684, 0.9363653659820557
vb0[1729]+024 TANGENT: -0.918346643447876, 0.3729889392852783, 0.13235855102539062, -1.0
vb0[1729]+040 BLENDWEIGHTS: 0.5920000076293945, 0.4059999883174896, 0.0020000000949949026, 0.0
vb0[1729]+056 BLENDINDICES: 3, 2, 0, 0
vb0[1729]+072 COLOR: 1.0, 0.5019607843137255, 0.5019607843137255, 0.5019607843137255
vb0[1729]+076 TEXCOORD: 0.3423130512237549, 0.4886539876461029

vb0[1730]+000 POSITION: -0.010812065564095974, 1.8372724056243896, 0.1129196509718895
vb0[1730]+012 NORMAL: -0.1869797557592392, -0.3290744721889496, 0.9256071448326111
vb0[1730]+024 TANGENT: -0.37938421964645386, -0.32750463485717773, 0.865337073802948, -1.0
vb0[1730]+040 BLENDWEIGHTS: 0.6549999713897705, 0.3449999988079071, 0.0, 0.0
vb0[1730]+056 BLENDINDICES: 3, 2, 0, 0
vb0[1730]+072 COLOR: 1.0, 0.5019607843137255, 0.5019607843137255, 0.5019607843137255
vb0[1730]+076 TEXCOORD: 0.3500528335571289, 0.4850890040397644

vb0[1731]+000 POSITION: -0.014907822012901306, 1.8400965929031372, 0.11085187643766403
vb0[1731]+012 NORMAL: -0.2612258195877075, -0.2869197726249695, 0.9216497540473938
vb0[1731]+024 TANGENT: -0.8951422572135925, 0.4114879071712494, 0.17145858705043793, -1.0
vb0[1731]+040 BLENDWEIGHTS: 0.656000018119812, 0.3440000116825104, 0.0, 0.0
vb0[1731]+056 BLENDINDICES: 3, 2, 0, 0
vb0[1731]+072 COLOR: 1.0, 0.5019607843137255, 0.5019607843137255, 0.5019607843137255
vb0[1731]+076 TEXCOORD: 0.3479881286621094, 0.49096599221229553

vb0[1732]+000 POSITION: -0.013270741328597069, 1.833498477935791, 0.11024663597345352
vb0[1732]+012 NORMAL: -0.21234381198883057, -0.3516368269920349, 0.9117355346679688
vb0[1732]+024 TANGENT: -0.4062165319919586, -0.3510485291481018, 0.8436546325683594, -1.0
vb0[1732]+040 BLENDWEIGHTS: 0.7089999914169312, 0.29100000858306885, 0.0, 0.0
vb0[1732]+056 BLENDINDICES: 3, 2, 0, 0
vb0[1732]+072 COLOR: 1.0, 0.5019607843137255, 0.5019607843137255, 0.5019607843137255
vb0[1732]+076 TEXCOORD: 0.3554201126098633, 0.4877069890499115

vb0[1733]+000 POSITION: -0.01700231060385704, 1.8364101648330688, 0.10846153646707535
vb0[1733]+012 NORMAL: -0.27456697821617126, -0.31257081031799316, 0.9093472361564636
vb0[1733]+024 TANGENT: -0.8915055394172668, 0.403862863779068, 0.20521381497383118, -1.0
vb0[1733]+040 BLENDWEIGHTS: 0.7080000042915344, 0.2919999957084656, 0.0, 0.0
vb0[1733]+056 BLENDINDICES: 3, 2, 0, 0
vb0[1733]+072 COLOR: 1.0, 0.5019607843137255, 0.5019607843137255, 0.5019607843137255
vb0[1733]+076 TEXCOORD: 0.3534550666809082, 0.49319401383399963

vb0[1734]+000 POSITION: -0.01593898981809616, 1.8296798467636108, 0.10728718340396881
vb0[1734]+012 NORMAL: -0.22194328904151917, -0.3803500831127167, 0.8978167176246643
vb0[1734]+024 TANGENT: -0.39761996269226074, -0.4166691303253174, 0.8174871802330017, -1.0
vb0[1734]+040 BLENDWEIGHTS: 0.7620000243186951, 0.23800000548362732, 0.0, 0.0
vb0[1734]+056 BLENDINDICES: 3, 2, 0, 0
vb0[1734]+072 COLOR: 1.0, 0.5019607843137255, 0.5019607843137255, 0.5019607843137255
vb0[1734]+076 TEXCOORD: 0.36104393005371094, 0.49038100242614746

vb0[1735]+000 POSITION: -0.01921861059963703, 1.83279287815094, 0.10585583746433258
vb0[1735]+012 NORMAL: -0.2968508005142212, -0.3276255428791046, 0.8969621658325195
vb0[1735]+024 TANGENT: -0.8912056684494019, 0.4027811288833618, 0.20861385762691498, -1.0
vb0[1735]+040 BLENDWEIGHTS: 0.7540000081062317, 0.2460000067949295, 0.0, 0.0
vb0[1735]+056 BLENDINDICES: 3, 2, 0, 0
vb0[1735]+072 COLOR: 1.0, 0.5019607843137255, 0.5019607843137255, 0.5019607843137255
vb0[1735]+076 TEXCOORD: 0.35892796516418457, 0.4954240024089813

vb0[1736]+000 POSITION: -0.01868116483092308, 1.8266569375991821, 0.10440885275602341
vb0[1736]+012 NORMAL: -0.23645925521850586, -0.39351433515548706, 0.8883881568908691
vb0[1736]+024 TANGENT: -0.4009218215942383, -0.44395989179611206, 0.8013496398925781, -1.0
vb0[1736]+040 BLENDWEIGHTS: 0.8069999814033508, 0.19300000369548798, 0.0, 0.0
vb0[1736]+056 BLENDINDICES: 3, 2, 0, 0
vb0[1736]+072 COLOR: 1.0, 0.5019607843137255, 0.5019607843137255, 0.5019607843137255
vb0[1736]+076 TEXCOORD: 0.36591386795043945, 0.4931409955024719

vb0[1737]+000 POSITION: -0.02156057395040989, 1.8293099403381348, 0.10300914198160172
vb0[1737]+012 NORMAL: -0.3115672767162323, -0.33002418279647827, 0.8910722732543945
vb0[1737]+024 TANGENT: -0.8812348246574402, 0.4317803680896759, 0.19233061373233795, -1.0
vb0[1737]+040 BLENDWEIGHTS: 0.7990000247955322, 0.20100000500679016, 0.0, 0.0
vb0[1737]+056 BLENDINDICES: 3, 2, 0, 0
vb0[1737]+072 COLOR: 1.0, 0.5019607843137255, 0.5019607843137255, 0.5019607843137255
vb0[1737]+076 TEXCOORD: 0.36441612243652344, 0.4976600110530853

vb0[1738]+000 POSITION: -0.021350521594285965, 1.8239805698394775, 0.10157503187656403
vb0[1738]+012 NORMAL: -0.2503257393836975, -0.3907732665538788, 0.8857952952384949
vb0[1738]+024 TANGENT: -0.41125380992889404, -0.46505242586135864, 0.7839621305465698, -1.0
vb0[1738]+040 BLENDWEIGHTS: 0.843999981880188, 0.15600000321865082, 0.0, 0.0
vb0[1738]+056 BLENDINDICES: 3, 2, 0, 0
vb0[1738]+072 COLOR: 1.0, 0.5019607843137255, 0.5019607843137255, 0.4
vb0[1738]+076 TEXCOORD: 0.3704550266265869, 0.49584200978279114

vb0[1739]+000 POSITION: -0.02381240949034691, 1.8261399269104004, 0.10029806196689606
vb0[1739]+012 NORMAL: -0.32622915506362915, -0.3275119662284851, 0.8867414593696594
vb0[1739]+024 TANGENT: -0.8830981850624084, 0.4369381070137024, 0.17094598710536957, -1.0
vb0[1739]+040 BLENDWEIGHTS: 0.8370000123977661, 0.16300000250339508, 0.0, 0.0
vb0[1739]+056 BLENDINDICES: 3, 2, 0, 0
vb0[1739]+072 COLOR: 1.0, 0.5019607843137255, 0.5019607843137255, 0.4
vb0[1739]+076 TEXCOORD: 0.3694159984588623, 0.4996969997882843

vb0[1740]+000 POSITION: -0.02395084872841835, 1.8211184740066528, 0.09843279421329498
vb0[1740]+012 NORMAL: -0.2652662396430969, -0.3917611837387085, 0.8809977769851685
vb0[1740]+024 TANGENT: -0.41780534386634827, -0.5073869228363037, 0.7536559104919434, -1.0
vb0[1740]+040 BLENDWEIGHTS: 0.8840000033378601, 0.11599999666213989, 0.0, 0.0
vb0[1740]+056 BLENDINDICES: 3, 2, 0, 0
vb0[1740]+072 COLOR: 1.0, 0.5019607843137255, 0.5019607843137255, 0.30196078431372547
vb0[1740]+076 TEXCOORD: 0.37535715103149414, 0.4985550045967102

vb0[1741]+000 POSITION: -0.025919202715158463, 1.8230127096176147, 0.09741634130477905
vb0[1741]+012 NORMAL: -0.35088470578193665, -0.3279917538166046, 0.8770982623100281
vb0[1741]+024 TANGENT: -0.8974668979644775, 0.42358970642089844, 0.12298357486724854, -1.0
vb0[1741]+040 BLENDWEIGHTS: 0.8730000257492065, 0.12700000405311584, 0.0, 0.0
vb0[1741]+056 BLENDINDICES: 3, 2, 0, 0
vb0[1741]+072 COLOR: 1.0, 0.5019607843137255, 0.5019607843137255, 0.30196078431372547
vb0[1741]+076 TEXCOORD: 0.3743438720703125, 0.5017049908638

vb0[1742]+000 POSITION: -0.026051895692944527, 1.8186407089233398, 0.0954168364405632
vb0[1742]+012 NORMAL: -0.2843889594078064, -0.3862701952457428, 0.8774498105049133
vb0[1742]+024 TANGENT: -0.4054211378097534, -0.5393386483192444, 0.7380701899528503, -1.0
vb0[1742]+040 BLENDWEIGHTS: 0.9160000085830688, 0.08399999886751175, 0.0, 0.0
vb0[1742]+056 BLENDINDICES: 3, 2, 0, 0
vb0[1742]+072 COLOR: 1.0, 0.5019607843137255, 0.5019607843137255, 0.30196078431372547
vb0[1742]+076 TEXCOORD: 0.37972497940063477, 0.5010089874267578

vb0[1743]+000 POSITION: -0.027671976014971733, 1.8201735019683838, 0.09472091495990753
vb0[1743]+012 NORMAL: -0.36133456230163574, -0.3222651779651642, 0.8749758005142212
vb0[1743]+024 TANGENT: -0.9074646830558777, 0.4153358042240143, 0.06327712535858154, -1.0
vb0[1743]+040 BLENDWEIGHTS: 0.9049999713897705, 0.0949999988079071, 0.0, 0.0
vb0[1743]+056 BLENDINDICES: 3, 2, 0, 0
vb0[1743]+072 COLOR: 1.0, 0.5019607843137255, 0.5019607843137255, 0.30196078431372547
vb0[1743]+076 TEXCOORD: 0.37873101234436035, 0.503491997718811

vb0[1744]+000 POSITION: -0.028261926025152206, 1.8161839246749878, 0.09253910928964615
vb0[1744]+012 NORMAL: -0.297076940536499, -0.3729466497898102, 0.8790085315704346
vb0[1744]+024 TANGENT: -0.40675726532936096, -0.5414932370185852, 0.7357538342475891, -1.0
vb0[1744]+040 BLENDWEIGHTS: 0.9430000185966492, 0.05700000002980232, 0.0, 0.0
vb0[1744]+056 BLENDINDICES: 3, 2, 0, 0
vb0[1744]+072 COLOR: 1.0, 0.5019607843137255, 0.5019607843137255, 0.2
vb0[1744]+076 TEXCOORD: 0.38384008407592773, 0.5037990212440491

vb0[1745]+000 POSITION: -0.029253879562020302, 1.8169934749603271, 0.09189027547836304
vb0[1745]+012 NORMAL: -0.3800850212574005, -0.3047438859939575, 0.8733077049255371
vb0[1745]+024 TANGENT: -0.9147651791572571, 0.4036347568035126, -0.016839204356074333, -1.0
vb0[1745]+040 BLENDWEIGHTS: 0.9380000233650208, 0.06199999898672104, 0.0, 0.0
vb0[1745]+056 BLENDINDICES: 3, 2, 0, 0
vb0[1745]+072 COLOR: 1.0, 0.5019607843137255, 0.5019607843137255, 0.2
vb0[1745]+076 TEXCOORD: 0.3833608627319336, 0.505378007888794

vb0[1746]+000 POSITION: -0.02990046516060829, 1.8136690855026245, 0.08977995067834854
vb0[1746]+012 NORMAL: -0.3178858458995819, -0.36669161915779114, 0.8743488788604736
vb0[1746]+024 TANGENT: -0.3933589458465576, -0.5471506118774414, 0.7388470768928528, -1.0
vb0[1746]+040 BLENDWEIGHTS: 0.9729999899864197, 0.027000000700354576, 0.0, 0.0
vb0[1746]+056 BLENDINDICES: 3, 2, 0, 0
vb0[1746]+072 COLOR: 1.0, 0.5019607843137255, 0.5019607843137255, 0.2
vb0[1746]+076 TEXCOORD: 0.38775110244750977, 0.5063319802284241

vb0[1747]+000 POSITION: -0.03029784932732582, 1.8140875101089478, 0.08946232497692108
vb0[1747]+012 NORMAL: -0.41879895329475403, -0.28738048672676086, 0.8614057898521423
vb0[1747]+024 TANGENT: -0.9078064560890198, 0.4088912904262543, -0.09324872493743896, -1.0
vb0[1747]+040 BLENDWEIGHTS: 0.968999981880188, 0.03099999949336052, 0.0, 0.0
vb0[1747]+056 BLENDINDICES: 3, 2, 0, 0
vb0[1747]+072 COLOR: 1.0, 0.5019607843137255, 0.5019607843137255, 0.2
vb0[1747]+076 TEXCOORD: 0.38744115829467773, 0.5070400238037109

vb0[1748]+000 POSITION: -0.02930428646504879, 1.8135695457458496, 0.08960986137390137
vb0[1748]+012 NORMAL: -0.20465794205665588, -0.44009944796562195, 0.8743155002593994
vb0[1748]+024 TANGENT: 0.6511483788490295, -0.7490478754043579, 0.12220145761966705, -1.0
vb0[1748]+040 BLENDWEIGHTS: 0.9710000157356262, 0.028999999165534973, 0.0, 0.0
vb0[1748]+056 BLENDINDICES: 3, 2, 0, 0
vb0[1748]+072 COLOR: 1.0, 0.5019607843137255, 0.5019607843137255, 0.2
vb0[1748]+076 TEXCOORD: 0.388077974319458, 0.5056759715080261

vb0[1749]+000 POSITION: -0.02681056410074234, 1.8157376050949097, 0.09220961481332779
vb0[1749]+012 NORMAL: -0.20047874748706818, -0.4431348741054535, 0.8737503290176392
vb0[1749]+024 TANGENT: 0.6013164520263672, -0.7970010042190552, 0.056638360023498535, -1.0
vb0[1749]+040 BLENDWEIGHTS: 0.9419999718666077, 0.057999998331069946, 0.0, 0.0
vb0[1749]+056 BLENDINDICES: 3, 2, 0, 0
vb0[1749]+072 COLOR: 1.0, 0.5019607843137255, 0.5019607843137255, 0.2
vb0[1749]+076 TEXCOORD: 0.3846280574798584, 0.5021860003471375

vb0[1750]+000 POSITION: -0.03139698877930641, 1.8110789060592651, 0.08716318011283875
vb0[1750]+012 NORMAL: -0.3293076157569885, -0.34638750553131104, 0.8783917427062988
vb0[1750]+024 TANGENT: -0.41742709279060364, -0.6963703632354736, -0.5838004946708679, -1.0
vb0[1750]+040 BLENDWEIGHTS: 1.0, 0.0, 0.0, 0.0
vb0[1750]+056 BLENDINDICES: 3, 0, 0, 0
vb0[1750]+072 COLOR: 1.0, 0.5019607843137255, 0.5019607843137255, 0.10196078431372549
vb0[1750]+076 TEXCOORD: 0.39160799980163574, 0.5087370276451111

vb0[1751]+000 POSITION: -0.023989392444491386, 1.8179725408554077, 0.09518536180257797
vb0[1751]+012 NORMAL: -0.2003968507051468, -0.44679999351501465, 0.8719007968902588
vb0[1751]+024 TANGENT: 0.5117554664611816, -0.8489205241203308, 0.13206148147583008, -1.0
vb0[1751]+040 BLENDWEIGHTS: 0.9110000133514404, 0.08900000154972076, 0.0, 0.0
vb0[1751]+056 BLENDINDICES: 3, 2, 0, 0
vb0[1751]+072 COLOR: 1.0, 0.5019607843137255, 0.5019607843137255, 0.30196078431372547
vb0[1751]+076 TEXCOORD: 0.38054609298706055, 0.49864301085472107

vb0[1752]+000 POSITION: -0.0180704016238451, 1.8222827911376953, 0.10088365525007248
vb0[1752]+012 NORMAL: -0.16916602849960327, -0.4463140070438385, 0.8787415027618408
vb0[1752]+024 TANGENT: 0.47094035148620605, -0.8607388734817505, 0.19324541091918945, -1.0
vb0[1752]+040 BLENDWEIGHTS: 0.8410000205039978, 0.1589999943971634, 0.0, 0.0
vb0[1752]+056 BLENDINDICES: 3, 2, 0, 0
vb0[1752]+072 COLOR: 1.0, 0.5019607843137255, 0.5019607843137255, 0.4
vb0[1752]+076 TEXCOORD: 0.37240099906921387, 0.49202901124954224

vb0[1753]+000 POSITION: -0.014942031353712082, 1.8245829343795776, 0.1036221832036972
vb0[1753]+012 NORMAL: -0.1507801115512848, -0.4423385560512543, 0.8840826153755188
vb0[1753]+024 TANGENT: 0.4674399793148041, -0.8574663400650024, 0.21506115794181824, -1.0
vb0[1753]+040 BLENDWEIGHTS: 0.8029999732971191, 0.19699999690055847, 0.0, 0.0
vb0[1753]+056 BLENDINDICES: 3, 2, 0, 0
vb0[1753]+072 COLOR: 1.0, 0.5019607843137255, 0.5019607843137255, 0.5019607843137255
vb0[1753]+076 TEXCOORD: 0.36827802658081055, 0.48879098892211914

vb0[1754]+000 POSITION: -0.011531627736985683, 1.8271708488464355, 0.10664337128400803
vb0[1754]+012 NORMAL: -0.13707755506038666, -0.43809977173805237, 0.8884133696556091
vb0[1754]+024 TANGENT: 0.4501458704471588, -0.8553293347358704, 0.2564772367477417, -1.0
vb0[1754]+040 BLENDWEIGHTS: 0.7559999823570251, 0.24400000274181366, 0.0, 0.0
vb0[1754]+056 BLENDINDICES: 3, 2, 0, 0
vb0[1754]+072 COLOR: 1.0, 0.5019607843137255, 0.5019607843137255, 0.5019607843137255
vb0[1754]+076 TEXCOORD: 0.36383914947509766, 0.4852299988269806

vb0[1755]+000 POSITION: -0.009090187028050423, 1.8310546875, 0.11009959131479263
vb0[1755]+012 NORMAL: -0.11494883894920349, -0.4068357050418854, 0.9062402844429016
vb0[1755]+024 TANGENT: -0.04878723621368408, -0.591619610786438, 0.804739773273468, -1.0
vb0[1755]+040 BLENDWEIGHTS: 0.7070000171661377, 0.2930000126361847, 0.0, 0.0
vb0[1755]+056 BLENDINDICES: 3, 2, 0, 0
vb0[1755]+072 COLOR: 1.0, 0.5019607843137255, 0.5019607843137255, 0.5019607843137255
vb0[1755]+076 TEXCOORD: 0.3579709529876709, 0.4828239977359772

vb0[1756]+000 POSITION: -0.006276051048189402, 1.835009217262268, 0.11296747624874115
vb0[1756]+012 NORMAL: -0.08749864995479584, -0.37522047758102417, 0.9227966070175171
vb0[1756]+024 TANGENT: 0.023294266313314438, -0.5348592400550842, 0.8446199297904968, -1.0
vb0[1756]+040 BLENDWEIGHTS: 0.6539999842643738, 0.34599998593330383, 0.0, 0.0
vb0[1756]+056 BLENDINDICES: 3, 2, 0, 0
vb0[1756]+072 COLOR: 1.0, 0.5019607843137255, 0.5019607843137255, 0.5019607843137255
vb0[1756]+076 TEXCOORD: 0.35256004333496094, 0.47986599802970886

vb0[1757]+000 POSITION: -0.003683169139549136, 1.8393332958221436, 0.11526019871234894
vb0[1757]+012 NORMAL: -0.04992758855223656, -0.3358742892742157, 0.9405826330184937
vb0[1757]+024 TANGENT: 0.09402620792388916, -0.48323437571525574, 0.8704271912574768, -1.0
vb0[1757]+040 BLENDWEIGHTS: 0.5929999947547913, 0.40700000524520874, 0.0, 0.0
vb0[1757]+056 BLENDINDICES: 3, 2, 0, 0
vb0[1757]+072 COLOR: 1.0, 0.5019607843137255, 0.5019607843137255, 0.5019607843137255
vb0[1757]+076 TEXCOORD: 0.34719395637512207, 0.47698599100112915

vb0[1758]+000 POSITION: -0.0009022922604344785, 1.8444178104400635, 0.11762276291847229
vb0[1758]+012 NORMAL: -0.010022043250501156, -0.2936590015888214, 0.9558576941490173
vb0[1758]+024 TANGENT: 0.16030597686767578, -0.43463027477264404, 0.8862271308898926, -1.0
vb0[1758]+040 BLENDWEIGHTS: 0.5059999823570251, 0.48100000619888306, 0.013000000268220901, 0.0
vb0[1758]+056 BLENDINDICES: 3, 2, 0, 0
vb0[1758]+072 COLOR: 1.0, 0.5019607843137255, 0.5019607843137255, 0.5019607843137255
vb0[1758]+076 TEXCOORD: 0.3411250114440918, 0.4735409915447235

vb0[1759]+000 POSITION: 0.0019121399382129312, 1.8497320413589478, 0.11948784440755844
vb0[1759]+012 NORMAL: 0.0381353385746479, -0.24471108615398407, 0.968845784664154
vb0[1759]+024 TANGENT: 0.2362285852432251, -0.3834925591945648, 0.8928211331367493, -1.0
vb0[1759]+040 BLENDWEIGHTS: 0.5530000329017639, 0.4100000560283661, 0.03700000420212746, 0.0
vb0[1759]+056 BLENDINDICES: 2, 3, 0, 0
vb0[1759]+072 COLOR: 1.0, 0.5019607843137255, 0.5019607843137255, 0.5019607843137255
vb0[1759]+076 TEXCOORD: 0.33506202697753906, 0.469853013753891

vb0[1760]+000 POSITION: 0.00498735997825861, 1.8485249280929565, 0.11649959534406662
vb0[1760]+012 NORMAL: 0.1364014893770218, -0.28040948510169983, 0.9501395225524902
vb0[1760]+024 TANGENT: -0.6382143497467041, 0.014228581450879574, 0.7697272300720215, -1.0
vb0[1760]+040 BLENDWEIGHTS: 0.5465465784072876, 0.4224224090576172, 0.031031029298901558, 0.0
vb0[1760]+056 BLENDINDICES: 2, 3, 0, 0
vb0[1760]+072 COLOR: 1.0, 0.5019607843137255, 0.5019607843137255, 0.0
vb0[1760]+076 TEXCOORD: 0.33780384063720703, 0.4662579894065857

vb0[1761]+000 POSITION: 0.008014350198209286, 1.8550609350204468, 0.11815452575683594
vb0[1761]+012 NORMAL: 0.16734953224658966, -0.2159203439950943, 0.961962878704071
vb0[1761]+024 TANGENT: -0.5968224406242371, 0.09935973584651947, 0.7961975932121277, -1.0
vb0[1761]+040 BLENDWEIGHTS: 0.625, 0.3009999990463257, 0.07400000095367432, 0.0
vb0[1761]+056 BLENDINDICES: 2, 3, 0, 0
vb0[1761]+072 COLOR: 1.0, 0.5019607843137255, 0.5019607843137255, 0.0
vb0[1761]+076 TEXCOORD: 0.3306288719177246, 0.46170198917388916

vb0[1762]+000 POSITION: 0.004486275836825371, 1.8560128211975098, 0.12112715095281601
vb0[1762]+012 NORMAL: 0.07039178162813187, -0.18818709254264832, 0.979607343673706
vb0[1762]+024 TANGENT: 0.2686121463775635, -0.31952589750289917, 0.9087082743644714, -1.0
vb0[1762]+040 BLENDWEIGHTS: 0.6290000081062317, 0.2930000126361847, 0.07800000160932541, 0.0
vb0[1762]+056 BLENDINDICES: 2, 3, 0, 0
vb0[1762]+072 COLOR: 1.0, 0.5019607843137255, 0.5019607843137255, 0.5019607843137255
vb0[1762]+076 TEXCOORD: 0.32813000679016113, 0.4659169912338257

vb0[1763]+000 POSITION: 0.006920359563082457, 1.8630239963531494, 0.12248166650533676
vb0[1763]+012 NORMAL: 0.09266401082277298, -0.12535668909549713, 0.9877747297286987
vb0[1763]+024 TANGENT: 0.27279913425445557, -0.23754307627677917, 0.9322842359542847, -1.0
vb0[1763]+040 BLENDWEIGHTS: 0.6909999847412109, 0.17599999904632568, 0.13300000131130219, 0.0
vb0[1763]+056 BLENDINDICES: 2, 3, 0, 0
vb0[1763]+072 COLOR: 1.0, 0.5019607843137255, 0.5019607843137255, 0.5019607843137255
vb0[1763]+076 TEXCOORD: 0.320587158203125, 0.46182799339294434

vb0[1764]+000 POSITION: 0.011116319335997105, 1.8624839782714844, 0.11965011060237885
vb0[1764]+012 NORMAL: 0.18474207818508148, -0.14556452631950378, 0.971947193145752
vb0[1764]+024 TANGENT: -0.6307644844055176, 0.163346529006958, 0.7585868835449219, -1.0
vb0[1764]+040 BLENDWEIGHTS: 0.6910000443458557, 0.17200002074241638, 0.13700000941753387, 0.0
vb0[1764]+056 BLENDINDICES: 2, 3, 0, 0
vb0[1764]+072 COLOR: 1.0, 0.5019607843137255, 0.5019607843137255, 0.0
vb0[1764]+076 TEXCOORD: 0.32259511947631836, 0.45674198865890503

vb0[1765]+000 POSITION: 0.009388829581439495, 1.8711520433425903, 0.12325481325387955
vb0[1765]+012 NORMAL: 0.10789312422275543, -0.057961586862802505, 0.99247145652771
vb0[1765]+024 TANGENT: 0.26793384552001953, -0.15038305521011353, 0.9516282677650452, -1.0
vb0[1765]+040 BLENDWEIGHTS: 0.703000009059906, 0.21199999749660492, 0.08500000089406967, 0.0
vb0[1765]+056 BLENDINDICES: 2, 0, 3, 0
vb0[1765]+072 COLOR: 1.0, 0.5019607843137255, 0.5019607843137255, 0.5019607843137255
vb0[1765]+076 TEXCOORD: 0.31188106536865234, 0.4573490023612976

vb0[1766]+000 POSITION: 0.013745399191975594, 1.8704558610916138, 0.1207328736782074
vb0[1766]+012 NORMAL: 0.1836690604686737, -0.07488898932933807, 0.9801313281059265
vb0[1766]+024 TANGENT: -0.6922205686569214, 0.15783248841762543, 0.7042156457901001, -1.0
vb0[1766]+040 BLENDWEIGHTS: 0.699999988079071, 0.21899999678134918, 0.08100000023841858, 0.0
vb0[1766]+056 BLENDINDICES: 2, 0, 3, 0
vb0[1766]+072 COLOR: 1.0, 0.5019607843137255, 0.5019607843137255, 0.0
vb0[1766]+076 TEXCOORD: 0.31382203102111816, 0.45221400260925293

vb0[1767]+000 POSITION: 0.011603829450905323, 1.8791630268096924, 0.12335574626922607
vb0[1767]+012 NORMAL: 0.1269264817237854, 0.013941280543804169, 0.991814136505127
vb0[1767]+024 TANGENT: 0.26790937781333923, -0.06230228766798973, 0.9614275097846985, -1.0
vb0[1767]+040 BLENDWEIGHTS: 0.6370000243186951, 0.3319999873638153, 0.03099999949336052, 0.0
vb0[1767]+056 BLENDINDICES: 2, 0, 3, 0
vb0[1767]+072 COLOR: 1.0, 0.5019607843137255, 0.5019607843137255, 0.5019607843137255
vb0[1767]+076 TEXCOORD: 0.3032710552215576, 0.45315900444984436

vb0[1768]+000 POSITION: 0.015680359676480293, 1.8786659240722656, 0.12156762182712555
vb0[1768]+012 NORMAL: 0.15186342597007751, 0.014292602427303791, 0.988298237323761
vb0[1768]+024 TANGENT: 0.31329500675201416, -0.07449132204055786, 0.9467297792434692, -1.0
vb0[1768]+040 BLENDWEIGHTS: 0.6200000047683716, 0.34299999475479126, 0.03700000047683716, 0.0
vb0[1768]+056 BLENDINDICES: 2, 0, 3, 0
vb0[1768]+072 COLOR: 1.0, 0.5019607843137255, 0.5019607843137255, 0.2
vb0[1768]+076 TEXCOORD: 0.30475497245788574, 0.4482170045375824

vb0[1769]+000 POSITION: 0.013531888835132122, 1.887800693511963, 0.1229778528213501
vb0[1769]+012 NORMAL: 0.14079169929027557, 0.09390640258789062, 0.9855755567550659
vb0[1769]+024 TANGENT: 0.2857901453971863, 0.03768801689147949, 0.9575508832931519, -1.0
vb0[1769]+040 BLENDWEIGHTS: 0.5099999904632568, 0.49000000953674316, 0.0, 0.0
vb0[1769]+056 BLENDINDICES: 2, 0, 0, 0
vb0[1769]+072 COLOR: 1.0, 0.5019607843137255, 0.5019607843137255, 0.5019607843137255
vb0[1769]+076 TEXCOORD: 0.29381895065307617, 0.44948598742485046

vb0[1770]+000 POSITION: 0.015251195058226585, 1.8972704410552979, 0.12161391973495483
vb0[1770]+012 NORMAL: 0.14992369711399078, 0.17718200385570526, 0.9726918339729309
vb0[1770]+024 TANGENT: 0.32680046558380127, 0.12907610833644867, 0.9362375736236572, -1.0
vb0[1770]+040 BLENDWEIGHTS: 0.6859999895095825, 0.3140000104904175, 0.0, 0.0
vb0[1770]+056 BLENDINDICES: 0, 2, 0, 0
vb0[1770]+072 COLOR: 1.0, 0.5019607843137255, 0.5019607843137255, 0.5019607843137255
vb0[1770]+076 TEXCOORD: 0.28347206115722656, 0.4456599950790405

vb0[1771]+000 POSITION: 0.017161550000309944, 1.88729989528656, 0.12118971347808838
vb0[1771]+012 NORMAL: 0.17142675817012787, 0.0942288488149643, 0.9806802868843079
vb0[1771]+024 TANGENT: 0.35006991028785706, 0.03453516960144043, 0.9360867142677307, -1.0
vb0[1771]+040 BLENDWEIGHTS: 0.5070000290870667, 0.49300000071525574, 0.0, 0.0
vb0[1771]+056 BLENDINDICES: 0, 2, 0, 0
vb0[1771]+072 COLOR: 1.0, 0.5019607843137255, 0.5019607843137255, 0.5019607843137255
vb0[1771]+076 TEXCOORD: 0.29503917694091797, 0.44519901275634766

vb0[1772]+000 POSITION: 0.02018743008375168, 1.878242015838623, 0.12059874087572098
vb0[1772]+012 NORMAL: 0.34282541275024414, -0.012820661999285221, 0.9393116235733032
vb0[1772]+024 TANGENT: 0.7287127375602722, -0.1283305436372757, 0.6726879477500916, -1.0
vb0[1772]+040 BLENDWEIGHTS: 0.5799999833106995, 0.39800000190734863, 0.02199999988079071, 0.0
vb0[1772]+056 BLENDINDICES: 2, 0, 3, 0
vb0[1772]+072 COLOR: 1.0, 0.5019607843137255, 0.5019607843137255, 0.5019607843137255
vb0[1772]+076 TEXCOORD: 0.30576205253601074, 0.4429759979248047

vb0[1773]+000 POSITION: 0.021316390484571457, 1.8868138790130615, 0.12017714232206345
vb0[1773]+012 NORMAL: 0.3659358322620392, 0.07292453199625015, 0.9277785420417786
vb0[1773]+024 TANGENT: 0.763716459274292, -0.015669047832489014, 0.6453616619110107, -1.0
vb0[1773]+040 BLENDWEIGHTS: 0.5540000200271606, 0.44600000977516174, 0.0, 0.0
vb0[1773]+056 BLENDINDICES: 0, 2, 0, 0
vb0[1773]+072 COLOR: 1.0, 0.5019607843137255, 0.5019607843137255, 0.5019607843137255
vb0[1773]+076 TEXCOORD: 0.29630088806152344, 0.44040998816490173

vb0[1774]+000 POSITION: 0.021571021527051926, 1.886462926864624, 0.11607476323843002
vb0[1774]+012 NORMAL: 0.5167856216430664, 0.05605243518948555, 0.8542778491973877
vb0[1774]+024 TANGENT: 0.5656633973121643, -0.12576858699321747, -0.8149890303611755, -1.0
vb0[1774]+040 BLENDWEIGHTS: 0.6050000190734863, 0.39500001072883606, 0.0, 0.0
vb0[1774]+056 BLENDINDICES: 0, 2, 0, 0
vb0[1774]+072 COLOR: 1.0, 0.5019607843137255, 0.5019607843137255, 0.5019607843137255
vb0[1774]+076 TEXCOORD: 0.2976088523864746, 0.4358519911766052

vb0[1775]+000 POSITION: 0.02212510071694851, 1.8965609073638916, 0.11863206326961517
vb0[1775]+012 NORMAL: 0.38841885328292847, 0.15709203481674194, 0.9079937934875488
vb0[1775]+024 TANGENT: 0.8016666173934937, 0.07055139541625977, 0.593593418598175, -1.0
vb0[1775]+040 BLENDWEIGHTS: 0.7229999899864197, 0.2770000100135803, 0.0, 0.0
vb0[1775]+056 BLENDINDICES: 0, 2, 0, 0
vb0[1775]+072 COLOR: 1.0, 0.5019607843137255, 0.5019607843137255, 0.5019607843137255
vb0[1775]+076 TEXCOORD: 0.2854950428009033, 0.4374629855155945

vb0[1776]+000 POSITION: 0.022148149088025093, 1.8962293863296509, 0.1148221343755722
vb0[1776]+012 NORMAL: 0.5267064571380615, 0.1422227919101715, 0.838064968585968
vb0[1776]+024 TANGENT: 0.5432033538818359, -0.17139533162117004, -0.8219206929206848, -1.0
vb0[1776]+040 BLENDWEIGHTS: 0.7620000243186951, 0.23800000548362732, 0.0, 0.0
vb0[1776]+056 BLENDINDICES: 0, 2, 0, 0
vb0[1776]+072 COLOR: 1.0, 0.5019607843137255, 0.5019607843137255, 0.5019607843137255
vb0[1776]+076 TEXCOORD: 0.2864670753479004, 0.4330880045890808

vb0[1777]+000 POSITION: 0.02063864842057228, 1.8780879974365234, 0.11641322076320648
vb0[1777]+012 NORMAL: 0.49989327788352966, -0.03005387634038925, 0.8655654191970825
vb0[1777]+024 TANGENT: 0.6003290414810181, -0.10145867615938187, -0.7932913899421692, -1.0
vb0[1777]+040 BLENDWEIGHTS: 0.5130000114440918, 0.4560000002384186, 0.03099999949336052, 0.0
vb0[1777]+056 BLENDINDICES: 2, 0, 3, 0
vb0[1777]+072 COLOR: 1.0, 0.5019607843137255, 0.5019607843137255, 0.5019607843137255
vb0[1777]+076 TEXCOORD: 0.3071861267089844, 0.4383369982242584

vb0[1778]+000 POSITION: 0.01822090893983841, 1.8696318864822388, 0.12007179856300354
vb0[1778]+012 NORMAL: 0.3132546842098236, -0.09612166881561279, 0.9447920918464661
vb0[1778]+024 TANGENT: 0.6936684846878052, -0.24661044776439667, 0.6767622828483582, -1.0
vb0[1778]+040 BLENDWEIGHTS: 0.6840000152587891, 0.25, 0.06599999964237213, 0.0
vb0[1778]+056 BLENDINDICES: 2, 0, 3, 0
vb0[1778]+072 COLOR: 1.0, 0.5019607843137255, 0.5019607843137255, 0.5019607843137255
vb0[1778]+076 TEXCOORD: 0.31543588638305664, 0.4456619918346405

vb0[1779]+000 POSITION: 0.01896855980157852, 1.8698099851608276, 0.11606889218091965
vb0[1779]+012 NORMAL: 0.47638505697250366, -0.11883365362882614, 0.8711691498756409
vb0[1779]+024 TANGENT: 0.6239194869995117, -0.10680419206619263, -0.7741559147834778, -1.0
vb0[1779]+040 BLENDWEIGHTS: 0.6240000128746033, 0.30300000309944153, 0.0729999989271164, 0.0
vb0[1779]+056 BLENDINDICES: 2, 0, 3, 0
vb0[1779]+072 COLOR: 1.0, 0.5019607843137255, 0.5019607843137255, 0.5019607843137255
vb0[1779]+076 TEXCOORD: 0.3167119026184082, 0.4411259889602661

vb0[1780]+000 POSITION: 0.015610159374773502, 1.8616379499435425, 0.1191909983754158
vb0[1780]+012 NORMAL: 0.28706875443458557, -0.1742454618215561, 0.9419289231300354
vb0[1780]+024 TANGENT: 0.6547860503196716, -0.34481319785118103, 0.672576367855072, -1.0
vb0[1780]+040 BLENDWEIGHTS: 0.6980000138282776, 0.1550000011920929, 0.1469999998807907, 0.0
vb0[1780]+056 BLENDINDICES: 2, 0, 3, 0
vb0[1780]+072 COLOR: 1.0, 0.5019607843137255, 0.5019607843137255, 0.5019607843137255
vb0[1780]+076 TEXCOORD: 0.32461094856262207, 0.44854000210762024

vb0[1781]+000 POSITION: 0.016344908624887466, 1.8617979288101196, 0.11509719491004944
vb0[1781]+012 NORMAL: 0.4390229880809784, -0.21156282722949982, 0.873212456703186
vb0[1781]+024 TANGENT: 0.6196039915084839, -0.12174957990646362, -0.7754146456718445, -1.0
vb0[1781]+040 BLENDWEIGHTS: 0.6800000071525574, 0.17299999296665192, 0.1469999998807907, 0.0
vb0[1781]+056 BLENDINDICES: 2, 0, 3, 0
vb0[1781]+072 COLOR: 1.0, 0.5019607843137255, 0.5019607843137255, 0.5019607843137255
vb0[1781]+076 TEXCOORD: 0.3262338638305664, 0.44402000308036804

vb0[1782]+000 POSITION: 0.01212221011519432, 1.853624939918518, 0.11770729720592499
vb0[1782]+012 NORMAL: 0.2588636875152588, -0.2505003809928894, 0.932866096496582
vb0[1782]+024 TANGENT: 0.6143473386764526, -0.43515318632125854, 0.6581937074661255, -1.0
vb0[1782]+040 BLENDWEIGHTS: 0.6500000357627869, 0.27400001883506775, 0.07600000500679016, 0.0
vb0[1782]+056 BLENDINDICES: 2, 3, 0, 0
vb0[1782]+072 COLOR: 1.0, 0.5019607843137255, 0.5019607843137255, 0.5019607843137255
vb0[1782]+076 TEXCOORD: 0.33418989181518555, 0.4517180025577545

vb0[1783]+000 POSITION: 0.013021989725530148, 1.8540879487991333, 0.1138002946972847
vb0[1783]+012 NORMAL: 0.4034751057624817, -0.29529938101768494, 0.8660290241241455
vb0[1783]+024 TANGENT: 0.6160540580749512, -0.15994209051132202, -0.7712949514389038, -1.0
vb0[1783]+040 BLENDWEIGHTS: 0.6520000100135803, 0.26100000739097595, 0.08699999749660492, 0.0
vb0[1783]+056 BLENDINDICES: 2, 3, 0, 0
vb0[1783]+072 COLOR: 1.0, 0.5019607843137255, 0.5019607843137255, 0.5019607843137255
vb0[1783]+076 TEXCOORD: 0.3356339931488037, 0.447282999753952

vb0[1784]+000 POSITION: 0.00936982873827219, 1.8472497463226318, 0.1126183569431305
vb0[1784]+012 NORMAL: 0.36454862356185913, -0.36126816272735596, 0.8582479953765869
vb0[1784]+024 TANGENT: 0.6147626042366028, -0.21480177342891693, -0.7588986158370972, -1.0
vb0[1784]+040 BLENDWEIGHTS: 0.578000009059906, 0.38600000739097595, 0.035999998450279236, 0.0
vb0[1784]+056 BLENDINDICES: 2, 3, 0, 0
vb0[1784]+072 COLOR: 1.0, 0.5019607843137255, 0.5019607843137255, 0.5019607843137255
vb0[1784]+076 TEXCOORD: 0.34408092498779297, 0.4508500099182129

vb0[1785]+000 POSITION: 0.008121469989418983, 1.8465659618377686, 0.11608769744634628
vb0[1785]+012 NORMAL: 0.21879372000694275, -0.310703307390213, 0.9249826073646545
vb0[1785]+024 TANGENT: 0.5650984644889832, -0.48502662777900696, 0.6673925518989563, -1.0
vb0[1785]+040 BLENDWEIGHTS: 0.5590000152587891, 0.4129999876022339, 0.02800000086426735, 0.0
vb0[1785]+056 BLENDINDICES: 2, 3, 0, 0
vb0[1785]+072 COLOR: 1.0, 0.5019607843137255, 0.5019607843137255, 0.5019607843137255
vb0[1785]+076 TEXCOORD: 0.3430149555206299, 0.455159991979599

vb0[1786]+000 POSITION: 0.00597291998565197, 1.841562032699585, 0.11162019520998001
vb0[1786]+012 NORMAL: 0.3221898674964905, -0.4100695550441742, 0.8532506227493286
vb0[1786]+024 TANGENT: 0.6063632965087891, -0.2602957487106323, -0.7513785362243652, -1.0
vb0[1786]+040 BLENDWEIGHTS: 0.5040000081062317, 0.48500001430511475, 0.010999999940395355, 0.0
vb0[1786]+056 BLENDINDICES: 2, 3, 0, 0
vb0[1786]+072 COLOR: 1.0, 0.5019607843137255, 0.5019607843137255, 0.4
vb0[1786]+076 TEXCOORD: 0.3511049747467041, 0.4542349874973297

vb0[1787]+000 POSITION: 0.004939570091664791, 1.8413020372390747, 0.11482259631156921
vb0[1787]+012 NORMAL: 0.19458316266536713, -0.3498450517654419, 0.916376531124115
vb0[1787]+024 TANGENT: 0.5338258743286133, -0.49591365456581116, 0.684908390045166, -1.0
vb0[1787]+040 BLENDWEIGHTS: 0.5090000033378601, 0.48399999737739563, 0.007000000216066837, 0.0
vb0[1787]+056 BLENDINDICES: 3, 2, 0, 0
vb0[1787]+072 COLOR: 1.0, 0.5019607843137255, 0.5019607843137255, 0.4
vb0[1787]+076 TEXCOORD: 0.34972095489501953, 0.45787400007247925

vb0[1788]+000 POSITION: 0.0027123638428747654, 1.836455225944519, 0.1108776181936264
vb0[1788]+012 NORMAL: 0.298561692237854, -0.44375404715538025, 0.8449516296386719
vb0[1788]+024 TANGENT: 0.5773194432258606, -0.2929825484752655, -0.7621439099311829, -1.0
vb0[1788]+040 BLENDWEIGHTS: 0.5699999928474426, 0.4300000071525574, 0.0, 0.0
vb0[1788]+056 BLENDINDICES: 3, 2, 0, 0
vb0[1788]+072 COLOR: 1.0, 0.5019607843137255, 0.5019607843137255, 0.30196078431372547
vb0[1788]+076 TEXCOORD: 0.3573470115661621, 0.4576379954814911

vb0[1789]+000 POSITION: 0.00181459984742105, 1.8363810777664185, 0.11365380138158798
vb0[1789]+012 NORMAL: 0.17410987615585327, -0.37589842081069946, 0.9101571440696716
vb0[1789]+024 TANGENT: 0.5205785036087036, -0.47664496302604675, 0.7083837985992432, -1.0
vb0[1789]+040 BLENDWEIGHTS: 0.5920000076293945, 0.40799999237060547, 0.0, 0.0
vb0[1789]+056 BLENDINDICES: 3, 2, 0, 0
vb0[1789]+072 COLOR: 1.0, 0.5019607843137255, 0.5019607843137255, 0.30196078431372547
vb0[1789]+076 TEXCOORD: 0.3560209274291992, 0.4606510102748871

vb0[1790]+000 POSITION: -0.0001583199918968603, 1.8318150043487549, 0.11045970022678375
vb0[1790]+012 NORMAL: 0.2828431725502014, -0.45407482981681824, 0.8448761701583862
vb0[1790]+024 TANGENT: 0.5507758259773254, -0.2905181050300598, -0.7824611067771912, -1.0
vb0[1790]+040 BLENDWEIGHTS: 0.6430000066757202, 0.3569999933242798, 0.0, 0.0
vb0[1790]+056 BLENDINDICES: 3, 2, 0, 0
vb0[1790]+072 COLOR: 1.0, 0.5019607843137255, 0.5019607843137255, 0.30196078431372547
vb0[1790]+076 TEXCOORD: 0.3628349304199219, 0.4608060121536255

vb0[1791]+000 POSITION: -0.0008005499839782715, 1.8319029808044434, 0.11269570142030716
vb0[1791]+012 NORMAL: 0.16347452998161316, -0.3846345543861389, 0.9084780216217041
vb0[1791]+024 TANGENT: 0.5485750436782837, -0.4211907982826233, 0.7222628593444824, -1.0
vb0[1791]+040 BLENDWEIGHTS: 0.656000018119812, 0.3440000116825104, 0.0, 0.0
vb0[1791]+056 BLENDINDICES: 3, 2, 0, 0
vb0[1791]+072 COLOR: 1.0, 0.5019607843137255, 0.5019607843137255, 0.30196078431372547
vb0[1791]+076 TEXCOORD: 0.3616008758544922, 0.46320798993110657

vb0[1792]+000 POSITION: -0.000798339955508709, 1.837496042251587, 0.11416289955377579
vb0[1792]+012 NORMAL: 0.0163494311273098, -0.2945886552333832, 0.9554842710494995
vb0[1792]+024 TANGENT: -0.7971197962760925, 0.2012650966644287, 0.5692910552024841, -1.0
vb0[1792]+040 BLENDWEIGHTS: 0.5929999947547913, 0.40700000524520874, 0.0, 0.0
vb0[1792]+056 BLENDINDICES: 3, 2, 0, 0
vb0[1792]+072 COLOR: 1.0, 0.5019607843137255, 0.5019607843137255, 0.30196078431372547
vb0[1792]+076 TEXCOORD: 0.3549771308898926, 0.4638200104236603

vb0[1793]+000 POSITION: -0.0029065399430692196, 1.8325039148330688, 0.11303170025348663
vb0[1793]+012 NORMAL: 0.011412257328629494, -0.30671918392181396, 0.9517316222190857
vb0[1793]+024 TANGENT: -0.8241695761680603, 0.19597291946411133, 0.5313559174537659, -1.0
vb0[1793]+040 BLENDWEIGHTS: 0.6600000262260437, 0.3400000035762787, 0.0, 0.0
vb0[1793]+056 BLENDINDICES: 3, 2, 0, 0
vb0[1793]+072 COLOR: 1.0, 0.5019607843137255, 0.5019607843137255, 0.30196078431372547
vb0[1793]+076 TEXCOORD: 0.360990047454834, 0.4656890034675598

vb0[1794]+000 POSITION: -0.002954259980469942, 1.8273539543151855, 0.11203800141811371
vb0[1794]+012 NORMAL: 0.1715601682662964, -0.38029909133911133, 0.9088122844696045
vb0[1794]+024 TANGENT: 0.6090213060379028, -0.3608260154724121, 0.7063268423080444, -1.0
vb0[1794]+040 BLENDWEIGHTS: 0.7080000042915344, 0.2919999957084656, 0.0, 0.0
vb0[1794]+056 BLENDINDICES: 3, 2, 0, 0
vb0[1794]+072 COLOR: 1.0, 0.5019607843137255, 0.5019607843137255, 0.2
vb0[1794]+076 TEXCOORD: 0.36699604988098145, 0.4656290113925934

vb0[1795]+000 POSITION: -0.0044487398117780685, 1.8277900218963623, 0.11235520243644714
vb0[1795]+012 NORMAL: 0.01720261201262474, -0.3062809705734253, 0.951785683631897
vb0[1795]+024 TANGENT: -0.8209739327430725, 0.1691269874572754, 0.5453421473503113, -1.0
vb0[1795]+040 BLENDWEIGHTS: 0.7070000171661377, 0.2930000126361847, 0.0, 0.0
vb0[1795]+056 BLENDINDICES: 3, 2, 0, 0
vb0[1795]+072 COLOR: 1.0, 0.5019607843137255, 0.5019607843137255, 0.2
vb0[1795]+076 TEXCOORD: 0.3664259910583496, 0.4673770070075989

vb0[1796]+000 POSITION: -0.004898959770798683, 1.822835922241211, 0.1116429939866066
vb0[1796]+012 NORMAL: 0.1769041121006012, -0.37338587641716003, 0.9106524586677551
vb0[1796]+024 TANGENT: 0.6691596508026123, -0.3081597685813904, 0.6762121915817261, -1.0
vb0[1796]+040 BLENDWEIGHTS: 0.7509999871253967, 0.24899999797344208, 0.0, 0.0
vb0[1796]+056 BLENDINDICES: 3, 2, 0, 0
vb0[1796]+072 COLOR: 1.0, 0.5019607843137255, 0.5019607843137255, 0.2
vb0[1796]+076 TEXCOORD: 0.37216901779174805, 0.4680970013141632

vb0[1797]+000 POSITION: -0.004791730083525181, 1.8228238821029663, 0.11078859865665436
vb0[1797]+012 NORMAL: 0.29190465807914734, -0.4504086971282959, 0.8437556624412537
vb0[1797]+024 TANGENT: 0.4572368562221527, -0.2890652120113373, -0.8410562872886658, -1.0
vb0[1797]+040 BLENDWEIGHTS: 0.746999979019165, 0.2529999911785126, 0.0, 0.0
vb0[1797]+056 BLENDINDICES: 3, 2, 0, 0
vb0[1797]+072 COLOR: 1.0, 0.5019607843137255, 0.5019607843137255, 0.2
vb0[1797]+076 TEXCOORD: 0.37261104583740234, 0.4672060012817383

vb0[1798]+000 POSITION: -0.0025933098513633013, 1.8272919654846191, 0.11049369722604752
vb0[1798]+012 NORMAL: 0.2866459786891937, -0.4509795308113098, 0.8452524542808533
vb0[1798]+024 TANGENT: 0.5249875783920288, -0.2961975336074829, -0.7979066371917725, -1.0
vb0[1798]+040 BLENDWEIGHTS: 0.7020000219345093, 0.2980000078678131, 0.0, 0.0
vb0[1798]+056 BLENDINDICES: 3, 2, 0, 0
vb0[1798]+072 COLOR: 1.0, 0.5019607843137255, 0.5019607843137255, 0.2
vb0[1798]+076 TEXCOORD: 0.36783409118652344, 0.46399998664855957

vb0[1799]+000 POSITION: -0.007001159712672234, 1.8171409368515015, 0.11152400076389313
vb0[1799]+012 NORMAL: 0.17958952486515045, -0.35853567719459534, 0.916078507900238
vb0[1799]+024 TANGENT: -0.3032921552658081, -0.9526804685592651, 0.020338891074061394, -1.0
vb0[1799]+040 BLENDWEIGHTS: 0.7929999828338623, 0.2070000022649765, 0.0, 0.0
vb0[1799]+056 BLENDINDICES: 3, 2, 0, 0
vb0[1799]+072 COLOR: 1.0, 0.5019607843137255, 0.5019607843137255, 0.0
vb0[1799]+076 TEXCOORD: 0.3784961700439453, 0.4711270034313202

vb0[1800]+000 POSITION: -0.005726839881390333, 1.823038935661316, 0.1118541955947876
vb0[1800]+012 NORMAL: 0.025107491761446, -0.30173102021217346, 0.9530624747276306
vb0[1800]+024 TANGENT: -0.817768931388855, 0.14817403256893158, 0.5561460256576538, -1.0
vb0[1800]+040 BLENDWEIGHTS: 0.7480000257492065, 0.25200000405311584, 0.0, 0.0
vb0[1800]+056 BLENDINDICES: 3, 2, 0, 0
vb0[1800]+072 COLOR: 1.0, 0.5019607843137255, 0.5019607843137255, 0.2
vb0[1800]+076 TEXCOORD: 0.37184715270996094, 0.4690620005130768

vb0[1801]+000 POSITION: 0.004601000342518091, 1.8481642007827759, 0.11709162592887878
vb0[1801]+012 NORMAL: 0.06450804322957993, -0.2361307591199875, 0.9695777297019958
vb0[1801]+024 TANGENT: -0.6971502900123596, 0.17838430404663086, 0.6943777203559875, -1.0
vb0[1801]+040 BLENDWEIGHTS: 0.5440000295639038, 0.4269999861717224, 0.028999999165534973, 0.0
vb0[1801]+056 BLENDINDICES: 2, 3, 0, 0
vb0[1801]+072 COLOR: 1.0, 0.5019607843137255, 0.5019607843137255, 0.4
vb0[1801]+076 TEXCOORD: 0.341480016708374, 0.45962798595428467

vb0[1802]+000 POSITION: 0.007699969690293074, 1.8548979759216309, 0.11875779926776886
vb0[1802]+012 NORMAL: 0.08686240017414093, -0.1836635172367096, 0.9791437983512878
vb0[1802]+024 TANGENT: -0.7155800461769104, 0.1723792403936386, 0.6769272685050964, -1.0
vb0[1802]+040 BLENDWEIGHTS: 0.6180000305175781, 0.30900001525878906, 0.07300000637769699, 0.0
vb0[1802]+056 BLENDINDICES: 2, 3, 0, 0
vb0[1802]+072 COLOR: 1.0, 0.5019607843137255, 0.5019607843137255, 0.4
vb0[1802]+076 TEXCOORD: 0.3330521583557129, 0.4570089876651764

vb0[1803]+000 POSITION: 0.010953479446470737, 1.8626428842544556, 0.12018399685621262
vb0[1803]+012 NORMAL: 0.11538534611463547, -0.12368164211511612, 0.9855906963348389
vb0[1803]+024 TANGENT: -0.7363381385803223, 0.1675480455160141, 0.6555408239364624, -1.0
vb0[1803]+040 BLENDWEIGHTS: 0.6910000443458557, 0.17200002074241638, 0.13700000941753387, 0.0
vb0[1803]+056 BLENDINDICES: 2, 3, 0, 0
vb0[1803]+072 COLOR: 1.0, 0.5019607843137255, 0.5019607843137255, 0.4
vb0[1803]+076 TEXCOORD: 0.32354116439819336, 0.45405399799346924

vb0[1804]+000 POSITION: 0.01353541947901249, 1.8704890012741089, 0.12109900265932083
vb0[1804]+012 NORMAL: 0.13449889421463013, -0.05754437670111656, 0.9892415404319763
vb0[1804]+024 TANGENT: -0.7608805298805237, 0.17306481301784515, 0.6253873705863953, -1.0
vb0[1804]+040 BLENDWEIGHTS: 0.6949999928474426, 0.21899999678134918, 0.0860000029206276, 0.0
vb0[1804]+056 BLENDINDICES: 2, 0, 3, 0
vb0[1804]+072 COLOR: 1.0, 0.5019607843137255, 0.5019607843137255, 0.30196078431372547
vb0[1804]+076 TEXCOORD: 0.31422901153564453, 0.4511609971523285

vb0[1805]+000 POSITION: 0.0017760199261829257, 1.8428019285202026, 0.11557009071111679
vb0[1805]+012 NORMAL: 0.04076152667403221, -0.26913127303123474, 0.9622405171394348
vb0[1805]+024 TANGENT: -0.7581097483634949, 0.19131506979465485, 0.6234325766563416, -1.0
vb0[1805]+040 BLENDWEIGHTS: 0.51500004529953, 0.479000061750412, 0.006000000983476639, 0.0
vb0[1805]+056 BLENDINDICES: 3, 2, 0, 0
vb0[1805]+072 COLOR: 1.0, 0.5019607843137255, 0.5019607843137255, 0.4
vb0[1805]+076 TEXCOORD: 0.3483700752258301, 0.4617690145969391

vb0[1806]+000 POSITION: -0.009435653686523438, 1.874206304550171, 0.11966695636510849
vb0[1806]+012 NORMAL: -0.25961172580718994, 0.01340484619140625, 0.9656200408935547
vb0[1806]+024 TANGENT: -0.7093626856803894, 0.05494202300906181, 0.7026991248130798, -1.0
vb0[1806]+040 BLENDWEIGHTS: 0.5640000104904175, 0.2770000100135803, 0.09099999815225601, 0.06800000369548798
vb0[1806]+056 BLENDINDICES: 2, 0, 1, 3
vb0[1806]+072 COLOR: 1.0, 0.5019607843137255, 0.5019607843137255, 0.30196078431372547
vb0[1806]+076 TEXCOORD: 0.304095983505249, 0.4800330102443695

vb0[1807]+000 POSITION: -0.012054266408085823, 1.8680205345153809, 0.11394251883029938
vb0[1807]+012 NORMAL: -0.4167231023311615, -0.005977541208267212, 0.9090137481689453
vb0[1807]+024 TANGENT: -0.9113132357597351, 0.19093537330627441, -0.36476290225982666, -1.0
vb0[1807]+040 BLENDWEIGHTS: 0.581000030040741, 0.19999998807907104, 0.18199999630451202, 0.03700000420212746
vb0[1807]+056 BLENDINDICES: 2, 0, 3, 1
vb0[1807]+072 COLOR: 1.0, 0.5019607843137255, 0.5019607843137255, 0.5019607843137255
vb0[1807]+076 TEXCOORD: 0.30965089797973633, 0.489205002784729

vb0[1808]+000 POSITION: -0.010461731813848019, 1.8670870065689087, 0.11908399313688278
vb0[1808]+012 NORMAL: -0.28240275382995605, -0.04716216400265694, 0.9581359028816223
vb0[1808]+024 TANGENT: -0.6774048209190369, -0.014033855870366096, 0.735476553440094, -1.0
vb0[1808]+040 BLENDWEIGHTS: 0.6010000705718994, 0.19600002467632294, 0.17400000989437103, 0.02900000289082527
vb0[1808]+056 BLENDINDICES: 2, 0, 3, 1
vb0[1808]+072 COLOR: 1.0, 0.5019607843137255, 0.5019607843137255, 0.5019607843137255
vb0[1808]+076 TEXCOORD: 0.31168699264526367, 0.4831539988517761

vb0[1809]+000 POSITION: -0.010883609764277935, 1.8748482465744019, 0.11439059674739838
vb0[1809]+012 NORMAL: -0.4119132161140442, 0.06160353124141693, 0.9091382622718811
vb0[1809]+024 TANGENT: -0.8955243825912476, 0.1873762607574463, -0.40364110469818115, -1.0
vb0[1809]+040 BLENDWEIGHTS: 0.5139999985694885, 0.3149999976158142, 0.09600000083446503, 0.07500000298023224
vb0[1809]+056 BLENDINDICES: 2, 0, 1, 3
vb0[1809]+072 COLOR: 1.0, 0.5019607843137255, 0.5019607843137255, 0.5019607843137255
vb0[1809]+076 TEXCOORD: 0.30187201499938965, 0.48600998520851135

vb0[1810]+000 POSITION: -0.011302200146019459, 1.8604916334152222, 0.11788859218358994
vb0[1810]+012 NORMAL: -0.2883639335632324, -0.11254926770925522, 0.9508832097053528
vb0[1810]+024 TANGENT: -0.6710062623023987, -0.09857141971588135, 0.7348703145980835, -1.0
vb0[1810]+040 BLENDWEIGHTS: 0.5910000205039978, 0.2840000092983246, 0.11400000005960464, 0.010999999940395355
vb0[1810]+056 BLENDINDICES: 2, 3, 0, 1
vb0[1810]+072 COLOR: 1.0, 0.5019607843137255, 0.5019607843137255, 0.5019607843137255
vb0[1810]+076 TEXCOORD: 0.3188319206237793, 0.4858259856700897

vb0[1811]+000 POSITION: -0.012859500013291836, 1.8613793849945068, 0.11285656690597534
vb0[1811]+012 NORMAL: -0.42439547181129456, -0.07125343382358551, 0.9026691317558289
vb0[1811]+024 TANGENT: -0.91820228099823, 0.17622661590576172, -0.3547515571117401, -1.0
vb0[1811]+040 BLENDWEIGHTS: 0.5890000462532043, 0.2930000424385071, 0.1080000177025795, 0.010000000707805157
vb0[1811]+056 BLENDINDICES: 2, 3, 0, 1
vb0[1811]+072 COLOR: 1.0, 0.5019607843137255, 0.5019607843137255, 0.5019607843137255
vb0[1811]+076 TEXCOORD: 0.31763696670532227, 0.49184900522232056

vb0[1812]+000 POSITION: -0.012007989920675755, 1.8548362255096436, 0.11611410230398178
vb0[1812]+012 NORMAL: -0.29870206117630005, -0.1736757606267929, 0.9384102821350098
vb0[1812]+024 TANGENT: -0.6855051517486572, -0.17093747854232788, 0.707716703414917, -1.0
vb0[1812]+040 BLENDWEIGHTS: 0.5410000085830688, 0.39800000190734863, 0.061000000685453415, 0.0
vb0[1812]+056 BLENDINDICES: 2, 3, 0, 0
vb0[1812]+072 COLOR: 1.0, 0.5019607843137255, 0.5019607843137255, 0.5019607843137255
vb0[1812]+076 TEXCOORD: 0.32523012161254883, 0.48804301023483276

vb0[1813]+000 POSITION: -0.013298828154802322, 1.8559174537658691, 0.1115238294005394
vb0[1813]+012 NORMAL: -0.432860791683197, -0.12332875281572342, 0.8929845690727234
vb0[1813]+024 TANGENT: -0.9127742648124695, 0.17783452570438385, -0.3677200973033905, -1.0
vb0[1813]+040 BLENDWEIGHTS: 0.5550000071525574, 0.38999998569488525, 0.054999999701976776, 0.0
vb0[1813]+056 BLENDINDICES: 2, 3, 0, 0
vb0[1813]+072 COLOR: 1.0, 0.5019607843137255, 0.5019607843137255, 0.5019607843137255
vb0[1813]+076 TEXCOORD: 0.3244810104370117, 0.49356698989868164

vb0[1814]+000 POSITION: -0.012707923538982868, 1.849285364151001, 0.11402743309736252
vb0[1814]+012 NORMAL: -0.3079330325126648, -0.23258846998214722, 0.9225398898124695
vb0[1814]+024 TANGENT: -0.6864492893218994, -0.23000144958496094, 0.6898454427719116, -1.0
vb0[1814]+040 BLENDWEIGHTS: 0.5049999952316284, 0.4699999988079071, 0.02500000037252903, 0.0
vb0[1814]+056 BLENDINDICES: 3, 2, 0, 0
vb0[1814]+072 COLOR: 1.0, 0.5019607843137255, 0.5019607843137255, 0.5019607843137255
vb0[1814]+076 TEXCOORD: 0.3317890167236328, 0.489888995885849

vb0[1815]+000 POSITION: -0.013681736774742603, 1.8505077362060547, 0.10998770594596863
vb0[1815]+012 NORMAL: -0.4409651756286621, -0.1780378818511963, 0.8796886205673218
vb0[1815]+024 TANGENT: -0.9074628949165344, 0.18233893811702728, -0.37850168347358704, -1.0
vb0[1815]+040 BLENDWEIGHTS: 0.5059999823570251, 0.4740000069141388, 0.019999999552965164, 0.0
vb0[1815]+056 BLENDINDICES: 2, 3, 0, 0
vb0[1815]+072 COLOR: 1.0, 0.5019607843137255, 0.5019607843137255, 0.5019607843137255
vb0[1815]+076 TEXCOORD: 0.3313319683074951, 0.494843989610672

vb0[1816]+000 POSITION: -0.013252637349069118, 1.8444257974624634, 0.11168301105499268
vb0[1816]+012 NORMAL: -0.32127702236175537, -0.28666919469833374, 0.9025529623031616
vb0[1816]+024 TANGENT: -0.690475583076477, -0.300398051738739, 0.6580307483673096, -1.0
vb0[1816]+040 BLENDWEIGHTS: 0.5870000123977661, 0.4129999876022339, 0.0, 0.0
vb0[1816]+056 BLENDINDICES: 3, 2, 0, 0
vb0[1816]+072 COLOR: 1.0, 0.5019607843137255, 0.5019607843137255, 0.4
vb0[1816]+076 TEXCOORD: 0.3378159999847412, 0.4913010001182556

vb0[1817]+000 POSITION: -0.0139735983684659, 1.8457540273666382, 0.10833346098661423
vb0[1817]+012 NORMAL: -0.4476008415222168, -0.2281198650598526, 0.8646471500396729
vb0[1817]+024 TANGENT: -0.8968043923377991, 0.19418813288211823, -0.3975335359573364, -1.0
vb0[1817]+040 BLENDWEIGHTS: 0.5440000295639038, 0.45399999618530273, 0.0020000000949949026, 0.0
vb0[1817]+056 BLENDINDICES: 3, 2, 0, 0
vb0[1817]+072 COLOR: 1.0, 0.5019607843137255, 0.5019607843137255, 0.4
vb0[1817]+076 TEXCOORD: 0.33762097358703613, 0.4955059885978699

vb0[1818]+000 POSITION: -0.009168864227831364, 1.8484705686569214, 0.11434083431959152
vb0[1818]+012 NORMAL: -0.11698784679174423, -0.2761368453502655, 0.953971803188324
vb0[1818]+024 TANGENT: -0.9675814509391785, 0.19777333736419678, 0.1570727825164795, -1.0
vb0[1818]+040 BLENDWEIGHTS: 0.5090000033378601, 0.4740000069141388, 0.017000000923871994, 0.0
vb0[1818]+056 BLENDINDICES: 3, 2, 0, 0
vb0[1818]+072 COLOR: 1.0, 0.5019607843137255, 0.5019607843137255, 0.0
vb0[1818]+076 TEXCOORD: 0.33329200744628906, 0.4859809875488281

vb0[1819]+000 POSITION: -0.01065792702138424, 1.8437247276306152, 0.11179367452859879
vb0[1819]+012 NORMAL: -0.1185634434223175, -0.33487778902053833, 0.9347724914550781
vb0[1819]+024 TANGENT: -0.9597306251525879, 0.1990334838628769, 0.1982494592666626, -1.0
vb0[1819]+040 BLENDWEIGHTS: 0.597000002861023, 0.40299999713897705, 0.0, 0.0
vb0[1819]+056 BLENDINDICES: 3, 2, 0, 0
vb0[1819]+072 COLOR: 1.0, 0.5019607843137255, 0.5019607843137255, 0.0
vb0[1819]+076 TEXCOORD: 0.33896803855895996, 0.4884659945964813

vb0[1820]+000 POSITION: -0.013741337694227695, 1.8401011228561401, 0.10876426100730896
vb0[1820]+012 NORMAL: -0.35575374960899353, -0.3324786424636841, 0.8734399080276489
vb0[1820]+024 TANGENT: -0.72001051902771, -0.37058988213539124, 0.5867264270782471, -1.0
vb0[1820]+040 BLENDWEIGHTS: 0.6499999761581421, 0.3499999940395355, 0.0, 0.0
vb0[1820]+056 BLENDINDICES: 3, 2, 0, 0
vb0[1820]+072 COLOR: 1.0, 0.5019607843137255, 0.5019607843137255, 0.30196078431372547
vb0[1820]+076 TEXCOORD: 0.3437809944152832, 0.49235999584198

vb0[1821]+000 POSITION: -0.01414215937256813, 1.8414306640625, 0.10657257586717606
vb0[1821]+012 NORMAL: -0.4492553174495697, -0.27858051657676697, 0.8488594889640808
vb0[1821]+024 TANGENT: -0.8902524709701538, 0.2048802375793457, -0.406785786151886, -1.0
vb0[1821]+040 BLENDWEIGHTS: 0.6060000061988831, 0.39399999380111694, 0.0, 0.0
vb0[1821]+056 BLENDINDICES: 3, 2, 0, 0
vb0[1821]+072 COLOR: 1.0, 0.5019607843137255, 0.5019607843137255, 0.4
vb0[1821]+076 TEXCOORD: 0.3435359001159668, 0.49539101123809814

vb0[1822]+000 POSITION: -0.01390854548662901, 1.8359344005584717, 0.10533636063337326
vb0[1822]+012 NORMAL: -0.4344964921474457, -0.33218666911125183, 0.8371766805648804
vb0[1822]+024 TANGENT: -0.9027636647224426, 0.36629799008369446, -0.22548528015613556, -1.0
vb0[1822]+040 BLENDWEIGHTS: 0.6970000267028809, 0.30300000309944153, 0.0, 0.0
vb0[1822]+056 BLENDINDICES: 3, 2, 0, 0
vb0[1822]+072 COLOR: 1.0, 0.5019607843137255, 0.5019607843137255, 0.0
vb0[1822]+076 TEXCOORD: 0.35011911392211914, 0.4933300018310547

vb0[1823]+000 POSITION: -0.014268795028328896, 1.8367387056350708, 0.10426467657089233
vb0[1823]+012 NORMAL: -0.44383522868156433, -0.32521167397499084, 0.8350135684013367
vb0[1823]+024 TANGENT: -0.894173264503479, 0.21819137036800385, -0.3909561038017273, -1.0
vb0[1823]+040 BLENDWEIGHTS: 0.6620000004768372, 0.33799999952316284, 0.0, 0.0
vb0[1823]+056 BLENDINDICES: 3, 2, 0, 0
vb0[1823]+072 COLOR: 1.0, 0.5019607843137255, 0.5019607843137255, 0.30196078431372547
vb0[1823]+076 TEXCOORD: 0.349977970123291, 0.49505600333213806

vb0[1824]+000 POSITION: -0.014337367378175259, 1.8328553438186646, 0.10205128788948059
vb0[1824]+012 NORMAL: -0.43315258622169495, -0.34497183561325073, 0.8326902985572815
vb0[1824]+024 TANGENT: 0.11463899165391922, 0.3715999126434326, -0.9212878942489624, -1.0
vb0[1824]+040 BLENDWEIGHTS: 0.7020000219345093, 0.2980000078678131, 0.0, 0.0
vb0[1824]+056 BLENDINDICES: 3, 2, 0, 0
vb0[1824]+072 COLOR: 1.0, 0.5019607843137255, 0.5019607843137255, 0.2
vb0[1824]+076 TEXCOORD: 0.3552722930908203, 0.4954513609409332

vb0[1825]+000 POSITION: -0.007713629398494959, 1.8539631366729736, 0.11693742126226425
vb0[1825]+012 NORMAL: -0.1099855974316597, -0.21633245050907135, 0.9701048135757446
vb0[1825]+024 TANGENT: -0.9756287336349487, 0.21031594276428223, 0.06257569789886475, -1.0
vb0[1825]+040 BLENDWEIGHTS: 0.5460000038146973, 0.40299999713897705, 0.050999999046325684, 0.0
vb0[1825]+056 BLENDINDICES: 2, 3, 0, 0
vb0[1825]+072 COLOR: 1.0, 0.5019607843137255, 0.5019607843137255, 0.0
vb0[1825]+076 TEXCOORD: 0.32692909240722656, 0.4832000136375427

vb0[1826]+000 POSITION: -0.0064504072070121765, 1.8596444129943848, 0.11876052618026733
vb0[1826]+012 NORMAL: -0.10391610115766525, -0.1474919468164444, 0.9835891723632812
vb0[1826]+024 TANGENT: -0.9803236722946167, 0.1948871612548828, 0.031375765800476074, -1.0
vb0[1826]+040 BLENDWEIGHTS: 0.6060000061988831, 0.29100000858306885, 0.10300000011920929, 0.0
vb0[1826]+056 BLENDINDICES: 2, 3, 0, 0
vb0[1826]+072 COLOR: 1.0, 0.5019607843137255, 0.5019607843137255, 0.0
vb0[1826]+076 TEXCOORD: 0.3207688331604004, 0.4805079996585846

vb0[1827]+000 POSITION: -0.012430699542164803, 1.8396944999694824, 0.10888516157865524
vb0[1827]+012 NORMAL: -0.13625919818878174, -0.39191073179244995, 0.9098568558692932
vb0[1827]+024 TANGENT: -0.9621333479881287, 0.16327153146266937, 0.2182699292898178, -1.0
vb0[1827]+040 BLENDWEIGHTS: 0.6620000004768372, 0.33799999952316284, 0.0, 0.0
vb0[1827]+056 BLENDINDICES: 3, 2, 0, 0
vb0[1827]+072 COLOR: 1.0, 0.5019607843137255, 0.5019607843137255, 0.0
vb0[1827]+076 TEXCOORD: 0.3443641662597656, 0.4908219873905182

vb0[1828]+000 POSITION: -0.005270140245556831, 1.8660812377929688, 0.12010828405618668
vb0[1828]+012 NORMAL: -0.10409189015626907, -0.08439205586910248, 0.9909806847572327
vb0[1828]+024 TANGENT: -0.9796257615089417, 0.19751368463039398, 0.03635501489043236, -1.0
vb0[1828]+040 BLENDWEIGHTS: 0.6399999856948853, 0.1809999942779541, 0.17900000512599945, 0.0
vb0[1828]+056 BLENDINDICES: 2, 0, 3, 0
vb0[1828]+072 COLOR: 1.0, 0.5019607843137255, 0.5019607843137255, 0.0
vb0[1828]+076 TEXCOORD: 0.3139610290527344, 0.4775330126285553

vb0[1829]+000 POSITION: -0.0042894682846963406, 1.8735014200210571, 0.12128329277038574
vb0[1829]+012 NORMAL: -0.123602956533432, -0.019167648628354073, 0.9921466708183289
vb0[1829]+024 TANGENT: -0.9809370636940002, 0.1942330300807953, -0.005989432334899902, -1.0
vb0[1829]+040 BLENDWEIGHTS: 0.6449999809265137, 0.27399998903274536, 0.08100000023841858, 0.0
vb0[1829]+056 BLENDINDICES: 2, 0, 3, 0
vb0[1829]+072 COLOR: 1.0, 0.5019607843137255, 0.5019607843137255, 0.0
vb0[1829]+076 TEXCOORD: 0.30620813369750977, 0.4741530120372772

vb0[1830]+000 POSITION: -0.00820179097354412, 1.881919503211975, 0.11969617754220963
vb0[1830]+012 NORMAL: -0.21720066666603088, 0.06841081380844116, 0.9737268090248108
vb0[1830]+024 TANGENT: 0.5442988276481628, -0.4131426513195038, 0.7301039695739746, -1.0
vb0[1830]+040 BLENDWEIGHTS: 0.413413405418396, 0.364364355802536, 0.2222222238779068, 0.0
vb0[1830]+056 BLENDINDICES: 0, 2, 1, 0
vb0[1830]+072 COLOR: 1.0, 0.5019607843137255, 0.5019607843137255, 0.0
vb0[1830]+076 TEXCOORD: 0.2958559989929199, 0.47655200958251953

vb0[1831]+000 POSITION: -0.004777546506375074, 1.88947594165802, 0.12044481933116913
vb0[1831]+012 NORMAL: -0.1349591612815857, 0.12401465326547623, 0.9830596446990967
vb0[1831]+024 TANGENT: -0.15105317533016205, 0.08630084246397018, 0.984751284122467, -1.0
vb0[1831]+040 BLENDWEIGHTS: 0.5640000104904175, 0.3149999976158142, 0.12099999934434891, 0.0
vb0[1831]+056 BLENDINDICES: 0, 2, 1, 0
vb0[1831]+072 COLOR: 1.0, 0.5019607843137255, 0.5019607843137255, 0.10196078431372549
vb0[1831]+076 TEXCOORD: 0.28834009170532227, 0.47042199969291687

vb0[1832]+000 POSITION: -0.001130935037508607, 1.898391842842102, 0.11947769671678543
vb0[1832]+012 NORMAL: -0.07653973251581192, 0.1999581903219223, 0.9768102169036865
vb0[1832]+024 TANGENT: -0.14381718635559082, 0.21236050128936768, 0.9665502905845642, -1.0
vb0[1832]+040 BLENDWEIGHTS: 0.7570000290870667, 0.21699999272823334, 0.026000000536441803, 0.0
vb0[1832]+056 BLENDINDICES: 0, 2, 1, 0
vb0[1832]+072 COLOR: 1.0, 0.5019607843137255, 0.5019607843137255, 0.30196078431372547
vb0[1832]+076 TEXCOORD: 0.2788119316101074, 0.46348699927330017

vb0[1833]+000 POSITION: -0.009238981641829014, 1.8819522857666016, 0.114151731133461
vb0[1833]+012 NORMAL: -0.41423845291137695, 0.1385517120361328, 0.8995610475540161
vb0[1833]+024 TANGENT: 0.26897263526916504, -0.22164542973041534, -0.9372977018356323, -1.0
vb0[1833]+040 BLENDWEIGHTS: 0.49900001287460327, 0.3109999895095825, 0.1770000010728836, 0.013000000268220901
vb0[1833]+056 BLENDINDICES: 0, 2, 1, 3
vb0[1833]+072 COLOR: 1.0, 0.5019607843137255, 0.5019607843137255, 0.0
vb0[1833]+076 TEXCOORD: 0.2939169406890869, 0.48294299840927124

vb0[1834]+000 POSITION: 0.023158200085163116, 1.9313650131225586, 0.09456527233123779
vb0[1834]+012 NORMAL: 0.5255782008171082, 0.4005228877067566, 0.7505658268928528
vb0[1834]+024 TANGENT: 0.8591200709342957, -0.4200591444969177, 0.2923405170440674, -1.0
vb0[1834]+040 BLENDWEIGHTS: 1.0, 0.0, 0.0, 0.0
vb0[1834]+056 BLENDINDICES: 0, 0, 0, 0
vb0[1834]+072 COLOR: 1.0, 0.5019607843137255, 0.5019607843137255, 0.5019607843137255
vb0[1834]+076 TEXCOORD: 0.2286210060119629, 0.41860800981521606

vb0[1835]+000 POSITION: 0.022860998287796974, 1.935041904449463, 0.09723513573408127
vb0[1835]+012 NORMAL: 0.4994242489337921, 0.48082616925239563, 0.720681369304657
vb0[1835]+024 TANGENT: 0.9761745929718018, 0.19266213476657867, 0.09982277452945709, -1.0
vb0[1835]+040 BLENDWEIGHTS: 1.0, 0.0, 0.0, 0.0
vb0[1835]+056 BLENDINDICES: 0, 0, 0, 0
vb0[1835]+072 COLOR: 1.0, 0.5019607843137255, 0.5019607843137255, 0.5019607843137255
vb0[1835]+076 TEXCOORD: 0.2320089340209961, 0.4230549931526184

vb0[1836]+000 POSITION: 0.0226749200373888, 1.9323649406433105, 0.09752696007490158
vb0[1836]+012 NORMAL: 0.5175077319145203, 0.4039055407047272, 0.7543513178825378
vb0[1836]+024 TANGENT: 0.8881276249885559, -0.4318564832210541, 0.15725529193878174, -1.0
vb0[1836]+040 BLENDWEIGHTS: 1.0, 0.0, 0.0, 0.0
vb0[1836]+056 BLENDINDICES: 0, 0, 0, 0
vb0[1836]+072 COLOR: 1.0, 0.5019607843137255, 0.5019607843137255, 0.5019607843137255
vb0[1836]+076 TEXCOORD: 0.2330789566040039, 0.4202579855918884

vb0[1837]+000 POSITION: 0.023378919810056686, 1.9337269067764282, 0.0931871309876442
vb0[1837]+012 NORMAL: 0.5192351937294006, 0.468778133392334, 0.7145921587944031
vb0[1837]+024 TANGENT: 0.9844813346862793, 0.1463996022939682, 0.09676539897918701, -1.0
vb0[1837]+040 BLENDWEIGHTS: 1.0, 0.0, 0.0, 0.0
vb0[1837]+056 BLENDINDICES: 0, 0, 0, 0
vb0[1837]+072 COLOR: 1.0, 0.5019607843137255, 0.5019607843137255, 0.5019607843137255
vb0[1837]+076 TEXCOORD: 0.22688698768615723, 0.42143499851226807

vb0[1838]+000 POSITION: 0.024069448933005333, 1.9320789575576782, 0.08889574557542801
vb0[1838]+012 NORMAL: 0.5271268486976624, 0.4533972144126892, 0.7187268137931824
vb0[1838]+024 TANGENT: 0.9804016947746277, 0.1597750186920166, 0.11525845527648926, -1.0
vb0[1838]+040 BLENDWEIGHTS: 1.0, 0.0, 0.0, 0.0
vb0[1838]+056 BLENDINDICES: 0, 0, 0, 0
vb0[1838]+072 COLOR: 1.0, 0.5019607843137255, 0.5019607843137255, 0.5019607843137255
vb0[1838]+076 TEXCOORD: 0.22111105918884277, 0.4203830063343048

vb0[1839]+000 POSITION: 0.023556789383292198, 1.9289978742599487, 0.09080275148153305
vb0[1839]+012 NORMAL: 0.5322629809379578, 0.3878355324268341, 0.7525156736373901
vb0[1839]+024 TANGENT: 0.018391015008091927, 0.5984978079795837, 0.800913393497467, -1.0
vb0[1839]+040 BLENDWEIGHTS: 1.0, 0.0, 0.0, 0.0
vb0[1839]+056 BLENDINDICES: 0, 0, 0, 0
vb0[1839]+072 COLOR: 1.0, 0.5019607843137255, 0.5019607843137255, 0.0
vb0[1839]+076 TEXCOORD: 0.2230839729309082, 0.4165180027484894

vb0[1840]+000 POSITION: 0.022516489028930664, 1.9326220750808716, 0.10048635303974152
vb0[1840]+012 NORMAL: 0.5220386981964111, 0.41054368019104004, 0.7476158738136292
vb0[1840]+024 TANGENT: 0.9431103467941284, -0.3287467062473297, -0.04968542605638504, -1.0
vb0[1840]+040 BLENDWEIGHTS: 1.0, 0.0, 0.0, 0.0
vb0[1840]+056 BLENDINDICES: 0, 0, 0, 0
vb0[1840]+072 COLOR: 1.0, 0.5019607843137255, 0.5019607843137255, 0.5019607843137255
vb0[1840]+076 TEXCOORD: 0.23772287368774414, 0.42196300625801086

vb0[1841]+000 POSITION: 0.022448789328336716, 1.9350919723510742, 0.10105010122060776
vb0[1841]+012 NORMAL: 0.46821150183677673, 0.4871492087841034, 0.7371998429298401
vb0[1841]+024 TANGENT: 0.942196786403656, 0.2749512195587158, 0.19148647785186768, -1.0
vb0[1841]+040 BLENDWEIGHTS: 1.0, 0.0, 0.0, 0.0
vb0[1841]+056 BLENDINDICES: 0, 0, 0, 0
vb0[1841]+072 COLOR: 1.0, 0.5019607843137255, 0.5019607843137255, 0.5019607843137255
vb0[1841]+076 TEXCOORD: 0.23653197288513184, 0.42461898922920227

vb0[1842]+000 POSITION: 0.022316429764032364, 1.9329439401626587, 0.10433606058359146
vb0[1842]+012 NORMAL: 0.4464319348335266, 0.4534680247306824, 0.7714046835899353
vb0[1842]+024 TANGENT: 0.9067275524139404, 0.2734057903289795, 0.3210831880569458, -1.0
vb0[1842]+040 BLENDWEIGHTS: 1.0, 0.0, 0.0, 0.0
vb0[1842]+056 BLENDINDICES: 0, 0, 0, 0
vb0[1842]+072 COLOR: 1.0, 0.5019607843137255, 0.5019607843137255, 0.5019607843137255
vb0[1842]+076 TEXCOORD: 0.24109697341918945, 0.42594200372695923

vb0[1843]+000 POSITION: 0.02242502011358738, 1.930385947227478, 0.10249819606542587
vb0[1843]+012 NORMAL: 0.5249124765396118, 0.3993472456932068, 0.7516573667526245
vb0[1843]+024 TANGENT: 0.8644003868103027, -0.31887924671173096, -0.3887518048286438, -1.0
vb0[1843]+040 BLENDWEIGHTS: 1.0, 0.0, 0.0, 0.0
vb0[1843]+056 BLENDINDICES: 0, 0, 0, 0
vb0[1843]+072 COLOR: 1.0, 0.5019607843137255, 0.5019607843137255, 0.5019607843137255
vb0[1843]+076 TEXCOORD: 0.24260616302490234, 0.4226129949092865

vb0[1844]+000 POSITION: 0.022320330142974854, 1.9296629428863525, 0.10680574923753738
vb0[1844]+012 NORMAL: 0.4433063268661499, 0.41437169909477234, 0.7948430776596069
vb0[1844]+024 TANGENT: 0.8923541307449341, 0.23960506916046143, 0.3824833631515503, -1.0
vb0[1844]+040 BLENDWEIGHTS: 1.0, 0.0, 0.0, 0.0
vb0[1844]+056 BLENDINDICES: 0, 0, 0, 0
vb0[1844]+072 COLOR: 1.0, 0.5019607843137255, 0.5019607843137255, 0.5019607843137255
vb0[1844]+076 TEXCOORD: 0.24591684341430664, 0.4271070063114166

vb0[1845]+000 POSITION: 0.022365208715200424, 1.9277470111846924, 0.1041998565196991
vb0[1845]+012 NORMAL: 0.5283666253089905, 0.37985679507255554, 0.7593008279800415
vb0[1845]+024 TANGENT: 0.7970826625823975, -0.38419055938720703, -0.46589353680610657, -1.0
vb0[1845]+040 BLENDWEIGHTS: 1.0, 0.0, 0.0, 0.0
vb0[1845]+056 BLENDINDICES: 0, 0, 0, 0
vb0[1845]+072 COLOR: 1.0, 0.5019607843137255, 0.5019607843137255, 0.5019607843137255
vb0[1845]+076 TEXCOORD: 0.24712896347045898, 0.4235830008983612

vb0[1846]+000 POSITION: 0.022344738245010376, 1.9237279891967773, 0.10652535408735275
vb0[1846]+012 NORMAL: 0.5308048725128174, 0.3523564338684082, 0.7707731127738953
vb0[1846]+024 TANGENT: 0.6846219301223755, -0.34864407777786255, -0.6401094794273376, -1.0
vb0[1846]+040 BLENDWEIGHTS: 1.0, 0.0, 0.0, 0.0
vb0[1846]+056 BLENDINDICES: 0, 0, 0, 0
vb0[1846]+072 COLOR: 1.0, 0.5019607843137255, 0.5019607843137255, 0.5019607843137255
vb0[1846]+076 TEXCOORD: 0.25305700302124023, 0.4251199960708618

vb0[1847]+000 POSITION: 0.022354628890752792, 1.9250799417495728, 0.10952165722846985
vb0[1847]+012 NORMAL: 0.4325346052646637, 0.37431520223617554, 0.820245087146759
vb0[1847]+024 TANGENT: 0.8706238865852356, 0.21295858919620514, 0.44346681237220764, -1.0
vb0[1847]+040 BLENDWEIGHTS: 1.0, 0.0, 0.0, 0.0
vb0[1847]+056 BLENDINDICES: 0, 0, 0, 0
vb0[1847]+072 COLOR: 1.0, 0.5019607843137255, 0.5019607843137255, 0.5019607843137255
vb0[1847]+076 TEXCOORD: 0.2520928382873535, 0.4288350045681

vb0[1848]+000 POSITION: 0.022277507930994034, 1.9167356491088867, 0.10942595452070236
vb0[1848]+012 NORMAL: 0.5317469239234924, 0.3041013181209564, 0.7904224395751953
vb0[1848]+024 TANGENT: 0.5601420402526855, -0.29395362734794617, -0.7744883298873901, -1.0
vb0[1848]+040 BLENDWEIGHTS: 1.0, 0.0, 0.0, 0.0
vb0[1848]+056 BLENDINDICES: 0, 0, 0, 0
vb0[1848]+072 COLOR: 1.0, 0.5019607843137255, 0.5019607843137255, 0.5019607843137255
vb0[1848]+076 TEXCOORD: 0.2621889114379883, 0.4270690083503723

vb0[1849]+000 POSITION: 0.02245664969086647, 1.91737699508667, 0.11283361911773682
vb0[1849]+012 NORMAL: 0.4222498834133148, 0.317036509513855, 0.8492307662963867
vb0[1849]+024 TANGENT: 0.850442111492157, 0.1780616194009781, 0.4950174391269684, -1.0
vb0[1849]+040 BLENDWEIGHTS: 0.9679999947547913, 0.03200000151991844, 0.0, 0.0
vb0[1849]+056 BLENDINDICES: 0, 2, 0, 0
vb0[1849]+072 COLOR: 1.0, 0.5019607843137255, 0.5019607843137255, 0.5019607843137255
vb0[1849]+076 TEXCOORD: 0.2615799903869629, 0.43125998973846436

vb0[1850]+000 POSITION: 0.022325614467263222, 1.906720519065857, 0.11252761632204056
vb0[1850]+012 NORMAL: 0.5305296778678894, 0.2300480604171753, 0.8158529996871948
vb0[1850]+024 TANGENT: 0.5383652448654175, -0.23243939876556396, -0.8100214600563049, -1.0
vb0[1850]+040 BLENDWEIGHTS: 0.9070000052452087, 0.09300000220537186, 0.0, 0.0
vb0[1850]+056 BLENDINDICES: 0, 2, 0, 0
vb0[1850]+072 COLOR: 1.0, 0.5019607843137255, 0.5019607843137255, 0.5019607843137255
vb0[1850]+076 TEXCOORD: 0.2742609977722168, 0.43006399273872375

vb0[1851]+000 POSITION: 0.022377390414476395, 1.9073660373687744, 0.11609546095132828
vb0[1851]+012 NORMAL: 0.4048614501953125, 0.24024280905723572, 0.882253110408783
vb0[1851]+024 TANGENT: 0.8261268138885498, 0.13551151752471924, 0.5469471216201782, -1.0
vb0[1851]+040 BLENDWEIGHTS: 0.8619999885559082, 0.1379999965429306, 0.0, 0.0
vb0[1851]+056 BLENDINDICES: 0, 2, 0, 0
vb0[1851]+072 COLOR: 1.0, 0.5019607843137255, 0.5019607843137255, 0.5019607843137255
vb0[1851]+076 TEXCOORD: 0.27324485778808594, 0.4343479871749878

vb0[1852]+000 POSITION: 0.024780139327049255, 1.9315400123596191, 0.08576512336730957
vb0[1852]+012 NORMAL: 0.5191399455070496, 0.4627986252307892, 0.7185479998588562
vb0[1852]+024 TANGENT: 0.49557435512542725, 0.1762920767068863, 0.8504864573478699, -1.0
vb0[1852]+040 BLENDWEIGHTS: 1.0, 0.0, 0.0, 0.0
vb0[1852]+056 BLENDINDICES: 0, 0, 0, 0
vb0[1852]+072 COLOR: 1.0, 0.5019607843137255, 0.5019607843137255, 0.0
vb0[1852]+076 TEXCOORD: 0.21697711944580078, 0.4204559922218323

vb0[1853]+000 POSITION: 0.02082575112581253, 1.9340099096298218, 0.10527822375297546
vb0[1853]+012 NORMAL: 0.3517650067806244, 0.4938091039657593, 0.795244574546814
vb0[1853]+024 TANGENT: 0.8219285011291504, 0.3522033989429474, 0.4476454555988312, -1.0
vb0[1853]+040 BLENDWEIGHTS: 1.0, 0.0, 0.0, 0.0
vb0[1853]+056 BLENDINDICES: 0, 0, 0, 0
vb0[1853]+072 COLOR: 1.0, 0.5019607843137255, 0.5019607843137255, 0.5019607843137255
vb0[1853]+076 TEXCOORD: 0.2406320571899414, 0.42829498648643494

vb0[1854]+000 POSITION: 0.020583249628543854, 1.9304358959197998, 0.10805760324001312
vb0[1854]+012 NORMAL: 0.311412513256073, 0.4468078911304474, 0.8386805057525635
vb0[1854]+024 TANGENT: 0.757063627243042, 0.3240102529525757, 0.567337691783905, -1.0
vb0[1854]+040 BLENDWEIGHTS: 1.0, 0.0, 0.0, 0.0
vb0[1854]+056 BLENDINDICES: 0, 0, 0, 0
vb0[1854]+072 COLOR: 1.0, 0.5019607843137255, 0.5019607843137255, 0.5019607843137255
vb0[1854]+076 TEXCOORD: 0.24544191360473633, 0.4297890067100525

vb0[1855]+000 POSITION: 0.020233919844031334, 1.925583004951477, 0.11075694113969803
vb0[1855]+012 NORMAL: 0.2747829854488373, 0.3969394564628601, 0.8757472634315491
vb0[1855]+024 TANGENT: 0.6890658140182495, 0.28509417176246643, 0.6662654876708984, -1.0
vb0[1855]+040 BLENDWEIGHTS: 1.0, 0.0, 0.0, 0.0
vb0[1855]+056 BLENDINDICES: 0, 0, 0, 0
vb0[1855]+072 COLOR: 1.0, 0.5019607843137255, 0.5019607843137255, 0.5019607843137255
vb0[1855]+076 TEXCOORD: 0.25147294998168945, 0.43166300654411316

vb0[1856]+000 POSITION: 0.019802559167146683, 1.9178370237350464, 0.11401285231113434
vb0[1856]+012 NORMAL: 0.2450869083404541, 0.3361557722091675, 0.9093578457832336
vb0[1856]+024 TANGENT: 0.6128033995628357, 0.24477270245552063, 0.7513710856437683, -1.0
vb0[1856]+040 BLENDWEIGHTS: 0.9779999852180481, 0.02199999988079071, 0.0, 0.0
vb0[1856]+056 BLENDINDICES: 0, 2, 0, 0
vb0[1856]+072 COLOR: 1.0, 0.5019607843137255, 0.5019607843137255, 0.5019607843137255
vb0[1856]+076 TEXCOORD: 0.26067113876342773, 0.43452098965644836

vb0[1857]+000 POSITION: 0.01924191042780876, 1.9077900648117065, 0.11727568507194519
vb0[1857]+012 NORMAL: 0.22175924479961395, 0.2599102556705475, 0.939824104309082
vb0[1857]+024 TANGENT: 0.5179790258407593, 0.18802082538604736, 0.8344734907150269, -1.0
vb0[1857]+040 BLENDWEIGHTS: 0.8479999899864197, 0.15199999511241913, 0.0, 0.0
vb0[1857]+056 BLENDINDICES: 0, 2, 0, 0
vb0[1857]+072 COLOR: 1.0, 0.5019607843137255, 0.5019607843137255, 0.5019607843137255
vb0[1857]+076 TEXCOORD: 0.27216291427612305, 0.4380919933319092

vb0[1858]+000 POSITION: 0.018358658999204636, 1.8968099355697632, 0.11983197182416916
vb0[1858]+012 NORMAL: 0.1941402703523636, 0.1743892878293991, 0.9653486013412476
vb0[1858]+024 TANGENT: 0.42087674140930176, 0.12024307250976562, 0.8991130590438843, -1.0
vb0[1858]+040 BLENDWEIGHTS: 0.6909999847412109, 0.3089999854564667, 0.0, 0.0
vb0[1858]+056 BLENDINDICES: 0, 2, 0, 0
vb0[1858]+072 COLOR: 1.0, 0.5019607843137255, 0.5019607843137255, 0.5019607843137255
vb0[1858]+076 TEXCOORD: 0.28446388244628906, 0.44191300868988037

vb0[1859]+000 POSITION: 0.017099881544709206, 1.9085183143615723, 0.11910130083560944
vb0[1859]+012 NORMAL: 0.1548723578453064, 0.26827800273895264, 0.950810968875885
vb0[1859]+024 TANGENT: 0.38327980041503906, 0.22335708141326904, 0.8962188959121704, -1.0
vb0[1859]+040 BLENDWEIGHTS: 0.8899999856948853, 0.10999999940395355, 0.0, 0.0
vb0[1859]+056 BLENDINDICES: 0, 2, 0, 0
vb0[1859]+072 COLOR: 1.0, 0.5019607843137255, 0.5019607843137255, 0.5019607843137255
vb0[1859]+076 TEXCOORD: 0.27115583419799805, 0.44094499945640564

vb0[1860]+000 POSITION: 0.018426217138767242, 1.9184861183166504, 0.11560919135808945
vb0[1860]+012 NORMAL: 0.15524767339229584, 0.35107141733169556, 0.9233889579772949
vb0[1860]+024 TANGENT: 0.4195360243320465, 0.32358792424201965, 0.8481040596961975, -1.0
vb0[1860]+040 BLENDWEIGHTS: 0.9850000143051147, 0.014999999664723873, 0.0, 0.0
vb0[1860]+056 BLENDINDICES: 0, 2, 0, 0
vb0[1860]+072 COLOR: 1.0, 0.5019607843137255, 0.5019607843137255, 0.5019607843137255
vb0[1860]+076 TEXCOORD: 0.2599949836730957, 0.4367539882659912

vb0[1861]+000 POSITION: 0.01924191042780876, 1.9077900648117065, 0.11727568507194519
vb0[1861]+012 NORMAL: 0.27088749408721924, 0.24403303861618042, 0.9311648607254028
vb0[1861]+024 TANGENT: 0.5179790258407593, 0.18802082538604736, 0.8344734907150269, -1.0
vb0[1861]+040 BLENDWEIGHTS: 0.8479999899864197, 0.15199999511241913, 0.0, 0.0
vb0[1861]+056 BLENDINDICES: 0, 2, 0, 0
vb0[1861]+072 COLOR: 1.0, 0.5019607843137255, 0.5019607843137255, 0.5019607843137255
vb0[1861]+076 TEXCOORD: 0.27216291427612305, 0.4380919933319092

vb0[1862]+000 POSITION: 0.019802559167146683, 1.9178370237350464, 0.11401285231113434
vb0[1862]+012 NORMAL: 0.319557249546051, 0.31548574566841125, 0.8935054540634155
vb0[1862]+024 TANGENT: 0.6128033995628357, 0.24477270245552063, 0.7513710856437683, -1.0
vb0[1862]+040 BLENDWEIGHTS: 0.9779999852180481, 0.02199999988079071, 0.0, 0.0
vb0[1862]+056 BLENDINDICES: 0, 2, 0, 0
vb0[1862]+072 COLOR: 1.0, 0.5019607843137255, 0.5019607843137255, 0.5019607843137255
vb0[1862]+076 TEXCOORD: 0.26067113876342773, 0.43452098965644836

vb0[1863]+000 POSITION: 0.020233919844031334, 1.925583004951477, 0.11075694113969803
vb0[1863]+012 NORMAL: 0.3674139976501465, 0.3671320974826813, 0.854529619216919
vb0[1863]+024 TANGENT: 0.6890658140182495, 0.28509417176246643, 0.6662654876708984, -1.0
vb0[1863]+040 BLENDWEIGHTS: 1.0, 0.0, 0.0, 0.0
vb0[1863]+056 BLENDINDICES: 0, 0, 0, 0
vb0[1863]+072 COLOR: 1.0, 0.5019607843137255, 0.5019607843137255, 0.5019607843137255
vb0[1863]+076 TEXCOORD: 0.25147294998168945, 0.43166300654411316

vb0[1864]+000 POSITION: 0.020583249628543854, 1.9304358959197998, 0.10805760324001312
vb0[1864]+012 NORMAL: 0.40321826934814453, 0.4100275933742523, 0.8181028962135315
vb0[1864]+024 TANGENT: 0.757063627243042, 0.3240102529525757, 0.567337691783905, -1.0
vb0[1864]+040 BLENDWEIGHTS: 1.0, 0.0, 0.0, 0.0
vb0[1864]+056 BLENDINDICES: 0, 0, 0, 0
vb0[1864]+072 COLOR: 1.0, 0.5019607843137255, 0.5019607843137255, 0.5019607843137255
vb0[1864]+076 TEXCOORD: 0.24544191360473633, 0.4297890067100525

vb0[1865]+000 POSITION: 0.02082575112581253, 1.9340099096298218, 0.10527822375297546
vb0[1865]+012 NORMAL: 0.42061805725097656, 0.44760361313819885, 0.7891333103179932
vb0[1865]+024 TANGENT: 0.8219285011291504, 0.3522033989429474, 0.4476454555988312, -1.0
vb0[1865]+040 BLENDWEIGHTS: 1.0, 0.0, 0.0, 0.0
vb0[1865]+056 BLENDINDICES: 0, 0, 0, 0
vb0[1865]+072 COLOR: 1.0, 0.5019607843137255, 0.5019607843137255, 0.5019607843137255
vb0[1865]+076 TEXCOORD: 0.2406320571899414, 0.42829498648643494

vb0[1866]+000 POSITION: 0.023290559649467468, 1.9343589544296265, 0.09002269804477692
vb0[1866]+012 NORMAL: 0.2701946496963501, 0.7884252667427063, 0.5526125431060791
vb0[1866]+024 TANGENT: 0.5986394882202148, 0.7470433712005615, -0.28906238079071045, -1.0
vb0[1866]+040 BLENDWEIGHTS: 1.0, 0.0, 0.0, 0.0
vb0[1866]+056 BLENDINDICES: 0, 0, 0, 0
vb0[1866]+072 COLOR: 1.0, 0.5019607843137255, 0.5019607843137255, 0.5019607843137255
vb0[1866]+076 TEXCOORD: 0.22298717498779297, 0.4228129982948303

vb0[1867]+000 POSITION: 0.01830540969967842, 1.934066891670227, 0.0893191397190094
vb0[1867]+012 NORMAL: 0.10180272161960602, 0.8260049223899841, 0.5543934106826782
vb0[1867]+024 TANGENT: -0.22172366082668304, 0.7867425680160522, -0.5760858058929443, -1.0
vb0[1867]+040 BLENDWEIGHTS: 1.0, 0.0, 0.0, 0.0
vb0[1867]+056 BLENDINDICES: 0, 0, 0, 0
vb0[1867]+072 COLOR: 1.0, 0.5019607843137255, 0.5019607843137255, 0.5019607843137255
vb0[1867]+076 TEXCOORD: 0.22111201286315918, 0.42861899733543396

vb0[1868]+000 POSITION: 0.02396348863840103, 1.9324098825454712, 0.08677075803279877
vb0[1868]+012 NORMAL: 0.30915844440460205, 0.7766661643981934, 0.5488266944885254
vb0[1868]+024 TANGENT: 0.7159134149551392, 0.20100700855255127, 0.6686285734176636, -1.0
vb0[1868]+040 BLENDWEIGHTS: 1.0, 0.0, 0.0, 0.0
vb0[1868]+056 BLENDINDICES: 0, 0, 0, 0
vb0[1868]+072 COLOR: 1.0, 0.5019607843137255, 0.5019607843137255, 0.0
vb0[1868]+076 TEXCOORD: 0.21860408782958984, 0.42145198583602905

vb0[1869]+000 POSITION: 0.018854498863220215, 1.932460904121399, 0.08760526776313782
vb0[1869]+012 NORMAL: 0.09231673926115036, 0.8403209447860718, 0.5341706871986389
vb0[1869]+024 TANGENT: 0.14960718154907227, 0.804816484451294, 0.5743589401245117, -1.0
vb0[1869]+040 BLENDWEIGHTS: 1.0, 0.0, 0.0, 0.0
vb0[1869]+056 BLENDINDICES: 0, 0, 0, 0
vb0[1869]+072 COLOR: 1.0, 0.5019607843137255, 0.5019607843137255, 0.0
vb0[1869]+076 TEXCOORD: 0.21848201751708984, 0.4277989864349365

vb0[1870]+000 POSITION: 0.00890900008380413, 1.855388879776001, 0.1156529039144516
vb0[1870]+012 NORMAL: 0.12095248699188232, 0.16968604922294617, -0.9780476689338684
vb0[1870]+024 TANGENT: 0.07885682582855225, 0.17514991760253906, -0.9813786745071411, -1.0
vb0[1870]+040 BLENDWEIGHTS: 0.6190000176429749, 0.2930000126361847, 0.08799999952316284, 0.0
vb0[1870]+056 BLENDINDICES: 2, 3, 0, 0
vb0[1870]+072 COLOR: 1.0, 0.5019607843137255, 0.5019607843137255, 0.0
vb0[1870]+076 TEXCOORD: 0.744415283203125, 0.8294935822486877

vb0[1871]+000 POSITION: 0.00936982873827219, 1.8472497463226318, 0.1126183569431305
vb0[1871]+012 NORMAL: -0.2560436427593231, 0.3160044252872467, -0.9135550856590271
vb0[1871]+024 TANGENT: 0.6147626042366028, -0.21480177342891693, -0.7588986158370972, -1.0
vb0[1871]+040 BLENDWEIGHTS: 0.578000009059906, 0.38600000739097595, 0.035999998450279236, 0.0
vb0[1871]+056 BLENDINDICES: 2, 3, 0, 0
vb0[1871]+072 COLOR: 1.0, 0.5019607843137255, 0.5019607843137255, 0.5019607843137255
vb0[1871]+076 TEXCOORD: 0.7519922256469727, 0.8332611322402954

vb0[1872]+000 POSITION: 0.005791209638118744, 1.8488099575042725, 0.11410409957170486
vb0[1872]+012 NORMAL: 0.5585567951202393, -0.12163212150335312, -0.820499837398529
vb0[1872]+024 TANGENT: 0.10627066344022751, 0.15184448659420013, -0.982674777507782, -1.0
vb0[1872]+040 BLENDWEIGHTS: 0.550000011920929, 0.4059999883174896, 0.04399999976158142, 0.0
vb0[1872]+056 BLENDINDICES: 2, 3, 0, 0
vb0[1872]+072 COLOR: 1.0, 0.5019607843137255, 0.5019607843137255, 0.0
vb0[1872]+076 TEXCOORD: 0.7516231536865234, 0.8291887044906616

vb0[1873]+000 POSITION: 0.013021989725530148, 1.8540879487991333, 0.1138002946972847
vb0[1873]+012 NORMAL: -0.301731675863266, 0.3139220178127289, -0.9002282619476318
vb0[1873]+024 TANGENT: 0.6160540580749512, -0.15994209051132202, -0.7712949514389038, -1.0
vb0[1873]+040 BLENDWEIGHTS: 0.6520000100135803, 0.26100000739097595, 0.08699999749660492, 0.0
vb0[1873]+056 BLENDINDICES: 2, 3, 0, 0
vb0[1873]+072 COLOR: 1.0, 0.5019607843137255, 0.5019607843137255, 0.5019607843137255
vb0[1873]+076 TEXCOORD: 0.7444775104522705, 0.8340177536010742

vb0[1874]+000 POSITION: 0.00597291998565197, 1.841562032699585, 0.11162019520998001
vb0[1874]+012 NORMAL: -0.24152244627475739, 0.29861751198768616, -0.9233062863349915
vb0[1874]+024 TANGENT: 0.6063632965087891, -0.2602957487106323, -0.7513785362243652, -1.0
vb0[1874]+040 BLENDWEIGHTS: 0.5040000081062317, 0.48500001430511475, 0.010999999940395355, 0.0
vb0[1874]+056 BLENDINDICES: 2, 3, 0, 0
vb0[1874]+072 COLOR: 1.0, 0.5019607843137255, 0.5019607843137255, 0.4
vb0[1874]+076 TEXCOORD: 0.7583308219909668, 0.8321147561073303

vb0[1875]+000 POSITION: 0.0031147797126322985, 1.8427729606628418, 0.11273439973592758
vb0[1875]+012 NORMAL: -0.24152244627475739, 0.29861754179000854, -0.9233062863349915
vb0[1875]+024 TANGENT: -0.5672453045845032, 0.42085492610931396, -0.7078939080238342, -1.0
vb0[1875]+040 BLENDWEIGHTS: 0.5070000290870667, 0.4789999723434448, 0.014000000432133675, 0.0
vb0[1875]+056 BLENDINDICES: 3, 2, 0, 0
vb0[1875]+072 COLOR: 1.0, 0.5019607843137255, 0.5019607843137255, 0.30196078431372547
vb0[1875]+076 TEXCOORD: 0.7581343650817871, 0.8289140462875366

vb0[1876]+000 POSITION: 0.0027123638428747654, 1.836455225944519, 0.1108776181936264
vb0[1876]+012 NORMAL: -0.2790620028972626, 0.2710365951061249, -0.9212294220924377
vb0[1876]+024 TANGENT: 0.5773194432258606, -0.2929825484752655, -0.7621439099311829, -1.0
vb0[1876]+040 BLENDWEIGHTS: 0.5699999928474426, 0.4300000071525574, 0.0, 0.0
vb0[1876]+056 BLENDINDICES: 3, 2, 0, 0
vb0[1876]+072 COLOR: 1.0, 0.5019607843137255, 0.5019607843137255, 0.30196078431372547
vb0[1876]+076 TEXCOORD: 0.7640738487243652, 0.8310825824737549

vb0[1877]+000 POSITION: 0.0005843800026923418, 1.8375790119171143, 0.11180509626865387
vb0[1877]+012 NORMAL: -0.2790619730949402, 0.2710365653038025, -0.9212294220924377
vb0[1877]+024 TANGENT: -0.5637843012809753, 0.38340502977371216, -0.7315381169319153, -1.0
vb0[1877]+040 BLENDWEIGHTS: 0.5849999785423279, 0.41499999165534973, 0.0, 0.0
vb0[1877]+056 BLENDINDICES: 3, 2, 0, 0
vb0[1877]+072 COLOR: 1.0, 0.5019607843137255, 0.5019607843137255, 0.30196078431372547
vb0[1877]+076 TEXCOORD: 0.7637684345245361, 0.8286789655685425

vb0[1878]+000 POSITION: -0.0016749599017202854, 1.832461953163147, 0.11127139627933502
vb0[1878]+012 NORMAL: -0.3444804549217224, 0.22851458191871643, -0.9105571508407593
vb0[1878]+024 TANGENT: -0.5871762633323669, 0.31943416595458984, -0.7437646389007568, -1.0
vb0[1878]+040 BLENDWEIGHTS: 0.6499999761581421, 0.3499999940395355, 0.0, 0.0
vb0[1878]+056 BLENDINDICES: 3, 2, 0, 0
vb0[1878]+072 COLOR: 1.0, 0.5019607843137255, 0.5019607843137255, 0.30196078431372547
vb0[1878]+076 TEXCOORD: 0.7691714763641357, 0.8284482359886169

vb0[1879]+000 POSITION: -0.0001583199918968603, 1.8318150043487549, 0.11045970022678375
vb0[1879]+012 NORMAL: -0.34448039531707764, 0.22851458191871643, -0.9105571508407593
vb0[1879]+024 TANGENT: 0.5507758259773254, -0.2905181050300598, -0.7824611067771912, -1.0
vb0[1879]+040 BLENDWEIGHTS: 0.6430000066757202, 0.3569999933242798, 0.0, 0.0
vb0[1879]+056 BLENDINDICES: 3, 2, 0, 0
vb0[1879]+072 COLOR: 1.0, 0.5019607843137255, 0.5019607843137255, 0.30196078431372547
vb0[1879]+076 TEXCOORD: 0.769294261932373, 0.8302226066589355

vb0[1880]+000 POSITION: -0.0035492898896336555, 1.8277689218521118, 0.11095929890871048
vb0[1880]+012 NORMAL: -0.41229525208473206, 0.17312541604042053, -0.8944497108459473
vb0[1880]+024 TANGENT: -0.6204752326011658, 0.24978196620941162, -0.7433837056159973, -1.0
vb0[1880]+040 BLENDWEIGHTS: 0.7009999752044678, 0.29899999499320984, 0.0, 0.0
vb0[1880]+056 BLENDINDICES: 3, 2, 0, 0
vb0[1880]+072 COLOR: 1.0, 0.5019607843137255, 0.5019607843137255, 0.2
vb0[1880]+076 TEXCOORD: 0.7740402221679688, 0.8282440304756165

vb0[1881]+000 POSITION: -0.0025933098513633013, 1.8272919654846191, 0.11049369722604752
vb0[1881]+012 NORMAL: -0.41229525208473206, 0.17312541604042053, -0.8944497108459473
vb0[1881]+024 TANGENT: 0.5249875783920288, -0.2961975336074829, -0.7979066371917725, -1.0
vb0[1881]+040 BLENDWEIGHTS: 0.7020000219345093, 0.2980000078678131, 0.0, 0.0
vb0[1881]+056 BLENDINDICES: 3, 2, 0, 0
vb0[1881]+072 COLOR: 1.0, 0.5019607843137255, 0.5019607843137255, 0.2
vb0[1881]+076 TEXCOORD: 0.7741835117340088, 0.829362154006958

vb0[1882]+000 POSITION: -0.004791730083525181, 1.8228238821029663, 0.11078859865665436
vb0[1882]+012 NORMAL: -0.5151304006576538, 0.13227249681949615, -0.8468440175056458
vb0[1882]+024 TANGENT: 0.4572368562221527, -0.2890652120113373, -0.8410562872886658, -1.0
vb0[1882]+040 BLENDWEIGHTS: 0.746999979019165, 0.2529999911785126, 0.0, 0.0
vb0[1882]+056 BLENDINDICES: 3, 2, 0, 0
vb0[1882]+072 COLOR: 1.0, 0.5019607843137255, 0.5019607843137255, 0.2
vb0[1882]+076 TEXCOORD: 0.7789428234100342, 0.8286300301551819

vb0[1883]+000 POSITION: -0.005267180036753416, 1.8229600191116333, 0.1111501008272171
vb0[1883]+012 NORMAL: -0.5151304006576538, 0.13227249681949615, -0.8468438982963562
vb0[1883]+024 TANGENT: -0.67891526222229, 0.19072557985782623, -0.7090118527412415, -1.0
vb0[1883]+040 BLENDWEIGHTS: 0.7459999918937683, 0.2540000081062317, 0.0, 0.0
vb0[1883]+056 BLENDINDICES: 3, 2, 0, 0
vb0[1883]+072 COLOR: 1.0, 0.5019607843137255, 0.5019607843137255, 0.2
vb0[1883]+076 TEXCOORD: 0.778958797454834, 0.8280379176139832

vb0[1884]+000 POSITION: -0.007001159712672234, 1.8171409368515015, 0.11152400076389313
vb0[1884]+012 NORMAL: -0.5787778496742249, 0.12063804268836975, -0.8065126538276672
vb0[1884]+024 TANGENT: -0.3032921552658081, -0.9526804685592651, 0.020338891074061394, -1.0
vb0[1884]+040 BLENDWEIGHTS: 0.7929999828338623, 0.2070000022649765, 0.0, 0.0
vb0[1884]+056 BLENDINDICES: 3, 2, 0, 0
vb0[1884]+072 COLOR: 1.0, 0.5019607843137255, 0.5019607843137255, 0.0
vb0[1884]+076 TEXCOORD: 0.7848336696624756, 0.8277900218963623

vb0[1885]+000 POSITION: 0.01189229916781187, 1.8625179529190063, 0.11709669977426529
vb0[1885]+012 NORMAL: 0.08201266080141068, 0.1449710577726364, -0.9860310554504395
vb0[1885]+024 TANGENT: 0.0416828989982605, 0.1512852907180786, -0.9876108765602112, -1.0
vb0[1885]+040 BLENDWEIGHTS: 0.652999997138977, 0.17800000309944153, 0.16899999976158142, 0.0
vb0[1885]+056 BLENDINDICES: 2, 3, 0, 0
vb0[1885]+072 COLOR: 1.0, 0.5019607843137255, 0.5019607843137255, 0.0
vb0[1885]+076 TEXCOORD: 0.736727237701416, 0.8298189043998718

vb0[1886]+000 POSITION: 0.016344908624887466, 1.8617979288101196, 0.11509719491004944
vb0[1886]+012 NORMAL: -0.349626749753952, 0.2683373689651489, -0.897639274597168
vb0[1886]+024 TANGENT: 0.6196039915084839, -0.12174957990646362, -0.7754146456718445, -1.0
vb0[1886]+040 BLENDWEIGHTS: 0.6800000071525574, 0.17299999296665192, 0.1469999998807907, 0.0
vb0[1886]+056 BLENDINDICES: 2, 0, 3, 0
vb0[1886]+072 COLOR: 1.0, 0.5019607843137255, 0.5019607843137255, 0.5019607843137255
vb0[1886]+076 TEXCOORD: 0.7364058494567871, 0.8345867395401001

vb0[1887]+000 POSITION: 0.014334100298583508, 1.8705039024353027, 0.11815529316663742
vb0[1887]+012 NORMAL: 0.05048110708594322, 0.08560359477996826, -0.9950495362281799
vb0[1887]+024 TANGENT: 0.019479570910334587, 0.07565176486968994, -0.996944010257721, -1.0
vb0[1887]+040 BLENDWEIGHTS: 0.6480000019073486, 0.26499998569488525, 0.08699999749660492, 0.0
vb0[1887]+056 BLENDINDICES: 2, 0, 3, 0
vb0[1887]+072 COLOR: 1.0, 0.5019607843137255, 0.5019607843137255, 0.0
vb0[1887]+076 TEXCOORD: 0.7284767627716064, 0.8301679491996765

vb0[1888]+000 POSITION: 0.01896855980157852, 1.8698099851608276, 0.11606889218091965
vb0[1888]+012 NORMAL: -0.38696563243865967, 0.1796409636735916, -0.9044261574745178
vb0[1888]+024 TANGENT: 0.6239194869995117, -0.10680419206619263, -0.7741559147834778, -1.0
vb0[1888]+040 BLENDWEIGHTS: 0.6240000128746033, 0.30300000309944153, 0.0729999989271164, 0.0
vb0[1888]+056 BLENDINDICES: 2, 0, 3, 0
vb0[1888]+072 COLOR: 1.0, 0.5019607843137255, 0.5019607843137255, 0.5019607843137255
vb0[1888]+076 TEXCOORD: 0.7283425331115723, 0.83513343334198

vb0[1889]+000 POSITION: 0.016052689403295517, 1.8784849643707275, 0.11859200894832611
vb0[1889]+012 NORMAL: 0.021511824801564217, 0.0011768832337111235, -0.9997679591178894
vb0[1889]+024 TANGENT: 0.005951047409325838, -0.00855481717735529, -0.9999457597732544, -1.0
vb0[1889]+040 BLENDWEIGHTS: 0.5870000123977661, 0.3790000081062317, 0.03400000184774399, 0.0
vb0[1889]+056 BLENDINDICES: 2, 0, 3, 0
vb0[1889]+072 COLOR: 1.0, 0.5019607843137255, 0.5019607843137255, 0.0
vb0[1889]+076 TEXCOORD: 0.7204747200012207, 0.830505907535553

vb0[1890]+000 POSITION: 0.02063864842057228, 1.8780879974365234, 0.11641322076320648
vb0[1890]+012 NORMAL: -0.4231874644756317, 0.0749870017170906, -0.9029337167739868
vb0[1890]+024 TANGENT: 0.6003290414810181, -0.10145867615938187, -0.7932913899421692, -1.0
vb0[1890]+040 BLENDWEIGHTS: 0.5130000114440918, 0.4560000002384186, 0.03099999949336052, 0.0
vb0[1890]+056 BLENDINDICES: 2, 0, 3, 0
vb0[1890]+072 COLOR: 1.0, 0.5019607843137255, 0.5019607843137255, 0.5019607843137255
vb0[1890]+076 TEXCOORD: 0.7202978134155273, 0.8354281187057495

vb0[1891]+000 POSITION: 0.014334100298583508, 1.8705039024353027, 0.11815529316663742
vb0[1891]+012 NORMAL: 0.05048110708594322, 0.08560359477996826, -0.9950495362281799
vb0[1891]+024 TANGENT: 0.019479570910334587, 0.07565176486968994, -0.996944010257721, -1.0
vb0[1891]+040 BLENDWEIGHTS: 0.6480000019073486, 0.26499998569488525, 0.08699999749660492, 0.0
vb0[1891]+056 BLENDINDICES: 2, 0, 3, 0
vb0[1891]+072 COLOR: 1.0, 0.5019607843137255, 0.5019607843137255, 0.0
vb0[1891]+076 TEXCOORD: 0.7279014587402344, 0.8293064832687378

vb0[1892]+000 POSITION: 0.01189229916781187, 1.8625179529190063, 0.11709669977426529
vb0[1892]+012 NORMAL: 0.08201266080141068, 0.1449710577726364, -0.9860310554504395
vb0[1892]+024 TANGENT: 0.0416828989982605, 0.1512852907180786, -0.9876108765602112, -1.0
vb0[1892]+040 BLENDWEIGHTS: 0.652999997138977, 0.17800000309944153, 0.16899999976158142, 0.0
vb0[1892]+056 BLENDINDICES: 2, 3, 0, 0
vb0[1892]+072 COLOR: 1.0, 0.5019607843137255, 0.5019607843137255, 0.0
vb0[1892]+076 TEXCOORD: 0.7354991436004639, 0.8275147080421448

vb0[1893]+000 POSITION: -0.005267180036753416, 1.8229600191116333, 0.1111501008272171
vb0[1893]+012 NORMAL: -0.8061786890029907, 0.23734071850776672, -0.5419827103614807
vb0[1893]+024 TANGENT: -0.67891526222229, 0.19072557985782623, -0.7090118527412415, -1.0
vb0[1893]+040 BLENDWEIGHTS: 0.7459999918937683, 0.2540000081062317, 0.0, 0.0
vb0[1893]+056 BLENDINDICES: 3, 2, 0, 0
vb0[1893]+072 COLOR: 1.0, 0.5019607843137255, 0.5019607843137255, 0.2
vb0[1893]+076 TEXCOORD: 0.778958797454834, 0.8280379176139832

vb0[1894]+000 POSITION: -0.0044487398117780685, 1.8277900218963623, 0.11235520243644714
vb0[1894]+012 NORMAL: -0.7903327941894531, 0.30361756682395935, -0.5321565270423889
vb0[1894]+024 TANGENT: -0.8209739327430725, 0.1691269874572754, 0.5453421473503113, -1.0
vb0[1894]+040 BLENDWEIGHTS: 0.7070000171661377, 0.2930000126361847, 0.0, 0.0
vb0[1894]+056 BLENDINDICES: 3, 2, 0, 0
vb0[1894]+072 COLOR: 1.0, 0.5019607843137255, 0.5019607843137255, 0.2
vb0[1894]+076 TEXCOORD: 0.774266242980957, 0.8266615867614746

vb0[1895]+000 POSITION: -0.0035492898896336555, 1.8277689218521118, 0.11095929890871048
vb0[1895]+012 NORMAL: -0.7903327941894531, 0.30361756682395935, -0.5321564674377441
vb0[1895]+024 TANGENT: -0.6204752326011658, 0.24978196620941162, -0.7433837056159973, -1.0
vb0[1895]+040 BLENDWEIGHTS: 0.7009999752044678, 0.29899999499320984, 0.0, 0.0
vb0[1895]+056 BLENDINDICES: 3, 2, 0, 0
vb0[1895]+072 COLOR: 1.0, 0.5019607843137255, 0.5019607843137255, 0.2
vb0[1895]+076 TEXCOORD: 0.7740402221679688, 0.8282440304756165

vb0[1896]+000 POSITION: -0.005726839881390333, 1.823038935661316, 0.1118541955947876
vb0[1896]+012 NORMAL: -0.8061786890029907, 0.23734071850776672, -0.5419827103614807
vb0[1896]+024 TANGENT: -0.817768931388855, 0.14817403256893158, 0.5561460256576538, -1.0
vb0[1896]+040 BLENDWEIGHTS: 0.7480000257492065, 0.25200000405311584, 0.0, 0.0
vb0[1896]+056 BLENDINDICES: 3, 2, 0, 0
vb0[1896]+072 COLOR: 1.0, 0.5019607843137255, 0.5019607843137255, 0.2
vb0[1896]+076 TEXCOORD: 0.7790319919586182, 0.8272242546081543

vb0[1897]+000 POSITION: -0.007001159712672234, 1.8171409368515015, 0.11152400076389313
vb0[1897]+012 NORMAL: -0.8087491989135742, 0.20558586716651917, -0.5510528087615967
vb0[1897]+024 TANGENT: -0.3032921552658081, -0.9526804685592651, 0.020338891074061394, -1.0
vb0[1897]+040 BLENDWEIGHTS: 0.7929999828338623, 0.2070000022649765, 0.0, 0.0
vb0[1897]+056 BLENDINDICES: 3, 2, 0, 0
vb0[1897]+072 COLOR: 1.0, 0.5019607843137255, 0.5019607843137255, 0.0
vb0[1897]+076 TEXCOORD: 0.7848336696624756, 0.8277900218963623

vb0[1898]+000 POSITION: -0.0029065399430692196, 1.8325039148330688, 0.11303170025348663
vb0[1898]+012 NORMAL: -0.7745687365531921, 0.3758133053779602, -0.508731484413147
vb0[1898]+024 TANGENT: -0.8241695761680603, 0.19597291946411133, 0.5313559174537659, -1.0
vb0[1898]+040 BLENDWEIGHTS: 0.6600000262260437, 0.3400000035762787, 0.0, 0.0
vb0[1898]+056 BLENDINDICES: 3, 2, 0, 0
vb0[1898]+072 COLOR: 1.0, 0.5019607843137255, 0.5019607843137255, 0.30196078431372547
vb0[1898]+076 TEXCOORD: 0.7693958282470703, 0.8263733983039856

vb0[1899]+000 POSITION: -0.0016749599017202854, 1.832461953163147, 0.11127139627933502
vb0[1899]+012 NORMAL: -0.7745686769485474, 0.3758132755756378, -0.508731484413147
vb0[1899]+024 TANGENT: -0.5871762633323669, 0.31943416595458984, -0.7437646389007568, -1.0
vb0[1899]+040 BLENDWEIGHTS: 0.6499999761581421, 0.3499999940395355, 0.0, 0.0
vb0[1899]+056 BLENDINDICES: 3, 2, 0, 0
vb0[1899]+072 COLOR: 1.0, 0.5019607843137255, 0.5019607843137255, 0.30196078431372547
vb0[1899]+076 TEXCOORD: 0.7691714763641357, 0.8284482359886169

vb0[1900]+000 POSITION: -0.000798339955508709, 1.837496042251587, 0.11416289955377579
vb0[1900]+012 NORMAL: -0.7780089974403381, 0.4425446093082428, -0.4459329843521118
vb0[1900]+024 TANGENT: -0.7971197962760925, 0.2012650966644287, 0.5692910552024841, -1.0
vb0[1900]+040 BLENDWEIGHTS: 0.5929999947547913, 0.40700000524520874, 0.0, 0.0
vb0[1900]+056 BLENDINDICES: 3, 2, 0, 0
vb0[1900]+072 COLOR: 1.0, 0.5019607843137255, 0.5019607843137255, 0.30196078431372547
vb0[1900]+076 TEXCOORD: 0.7640137672424316, 0.8260438442230225

vb0[1901]+000 POSITION: 0.0005843800026923418, 1.8375790119171143, 0.11180509626865387
vb0[1901]+012 NORMAL: -0.7780090570449829, 0.4425446093082428, -0.4459330439567566
vb0[1901]+024 TANGENT: -0.5637843012809753, 0.38340502977371216, -0.7315381169319153, -1.0
vb0[1901]+040 BLENDWEIGHTS: 0.5849999785423279, 0.41499999165534973, 0.0, 0.0
vb0[1901]+056 BLENDINDICES: 3, 2, 0, 0
vb0[1901]+072 COLOR: 1.0, 0.5019607843137255, 0.5019607843137255, 0.30196078431372547
vb0[1901]+076 TEXCOORD: 0.7637684345245361, 0.8286789655685425

vb0[1902]+000 POSITION: 0.0017760199261829257, 1.8428019285202026, 0.11557009071111679
vb0[1902]+012 NORMAL: -0.8231715559959412, 0.48037537932395935, -0.3027014136314392
vb0[1902]+024 TANGENT: -0.7581097483634949, 0.19131506979465485, 0.6234325766563416, -1.0
vb0[1902]+040 BLENDWEIGHTS: 0.51500004529953, 0.479000061750412, 0.006000000983476639, 0.0
vb0[1902]+056 BLENDINDICES: 3, 2, 0, 0
vb0[1902]+072 COLOR: 1.0, 0.5019607843137255, 0.5019607843137255, 0.4
vb0[1902]+076 TEXCOORD: 0.7580599784851074, 0.8258956074714661

vb0[1903]+000 POSITION: 0.0031147797126322985, 1.8427729606628418, 0.11273439973592758
vb0[1903]+012 NORMAL: -0.8019851446151733, 0.4689883589744568, -0.3699590563774109
vb0[1903]+024 TANGENT: -0.5672453045845032, 0.42085492610931396, -0.7078939080238342, -1.0
vb0[1903]+040 BLENDWEIGHTS: 0.5070000290870667, 0.4789999723434448, 0.014000000432133675, 0.0
vb0[1903]+056 BLENDINDICES: 3, 2, 0, 0
vb0[1903]+072 COLOR: 1.0, 0.5019607843137255, 0.5019607843137255, 0.30196078431372547
vb0[1903]+076 TEXCOORD: 0.7581343650817871, 0.8289140462875366

vb0[1904]+000 POSITION: 0.00498735997825861, 1.8485249280929565, 0.11649959534406662
vb0[1904]+012 NORMAL: -0.8464041948318481, 0.4745057225227356, -0.24175229668617249
vb0[1904]+024 TANGENT: -0.6382143497467041, 0.014228581450879574, 0.7697272300720215, -1.0
vb0[1904]+040 BLENDWEIGHTS: 0.5465465784072876, 0.4224224090576172, 0.031031029298901558, 0.0
vb0[1904]+056 BLENDINDICES: 2, 3, 0, 0
vb0[1904]+072 COLOR: 1.0, 0.5019607843137255, 0.5019607843137255, 0.0
vb0[1904]+076 TEXCOORD: 0.7517199516296387, 0.8270120620727539

vb0[1905]+000 POSITION: 0.005791209638118744, 1.8488099575042725, 0.11410409957170486
vb0[1905]+012 NORMAL: -0.8193443417549133, 0.46613216400146484, -0.33375996351242065
vb0[1905]+024 TANGENT: 0.10627066344022751, 0.15184448659420013, -0.982674777507782, -1.0
vb0[1905]+040 BLENDWEIGHTS: 0.550000011920929, 0.4059999883174896, 0.04399999976158142, 0.0
vb0[1905]+056 BLENDINDICES: 2, 3, 0, 0
vb0[1905]+072 COLOR: 1.0, 0.5019607843137255, 0.5019607843137255, 0.0
vb0[1905]+076 TEXCOORD: 0.7516231536865234, 0.8291887044906616

vb0[1906]+000 POSITION: 0.004601000342518091, 1.8481642007827759, 0.11709162592887878
vb0[1906]+012 NORMAL: -0.8570007681846619, 0.47704577445983887, -0.19487719237804413
vb0[1906]+024 TANGENT: -0.6971502900123596, 0.17838430404663086, 0.6943777203559875, -1.0
vb0[1906]+040 BLENDWEIGHTS: 0.5440000295639038, 0.4269999861717224, 0.028999999165534973, 0.0
vb0[1906]+056 BLENDINDICES: 2, 3, 0, 0
vb0[1906]+072 COLOR: 1.0, 0.5019607843137255, 0.5019607843137255, 0.4
vb0[1906]+076 TEXCOORD: 0.7519662380218506, 0.8259491920471191

vb0[1907]+000 POSITION: 0.007699969690293074, 1.8548979759216309, 0.11875779926776886
vb0[1907]+012 NORMAL: -0.860744833946228, 0.4370935559272766, -0.2608976364135742
vb0[1907]+024 TANGENT: -0.7155800461769104, 0.1723792403936386, 0.6769272685050964, -1.0
vb0[1907]+040 BLENDWEIGHTS: 0.6180000305175781, 0.30900001525878906, 0.07300000637769699, 0.0
vb0[1907]+056 BLENDINDICES: 2, 3, 0, 0
vb0[1907]+072 COLOR: 1.0, 0.5019607843137255, 0.5019607843137255, 0.4
vb0[1907]+076 TEXCOORD: 0.745354175567627, 0.8266708254814148

vb0[1908]+000 POSITION: 0.008014350198209286, 1.8550609350204468, 0.11815452575683594
vb0[1908]+012 NORMAL: -0.860744833946228, 0.4370935559272766, -0.2608976364135742
vb0[1908]+024 TANGENT: -0.5968224406242371, 0.09935973584651947, 0.7961975932121277, -1.0
vb0[1908]+040 BLENDWEIGHTS: 0.625, 0.3009999990463257, 0.07400000095367432, 0.0
vb0[1908]+056 BLENDINDICES: 2, 3, 0, 0
vb0[1908]+072 COLOR: 1.0, 0.5019607843137255, 0.5019607843137255, 0.0
vb0[1908]+076 TEXCOORD: 0.7452969551086426, 0.8274127840995789

vb0[1909]+000 POSITION: 0.011116319335997105, 1.8624839782714844, 0.11965011060237885
vb0[1909]+012 NORMAL: -0.864955723285675, 0.3764559030532837, -0.3318622410297394
vb0[1909]+024 TANGENT: -0.6307644844055176, 0.163346529006958, 0.7585868835449219, -1.0
vb0[1909]+040 BLENDWEIGHTS: 0.6910000443458557, 0.17200002074241638, 0.13700000941753387, 0.0
vb0[1909]+056 BLENDINDICES: 2, 3, 0, 0
vb0[1909]+072 COLOR: 1.0, 0.5019607843137255, 0.5019607843137255, 0.0
vb0[1909]+076 TEXCOORD: 0.741112470626831, 0.8280167579650879

vb0[1910]+000 POSITION: 0.010953479446470737, 1.8626428842544556, 0.12018399685621262
vb0[1910]+012 NORMAL: -0.864955723285675, 0.3764559328556061, -0.3318622410297394
vb0[1910]+024 TANGENT: -0.7363381385803223, 0.1675480455160141, 0.6555408239364624, -1.0
vb0[1910]+040 BLENDWEIGHTS: 0.6910000443458557, 0.17200002074241638, 0.13700000941753387, 0.0
vb0[1910]+056 BLENDINDICES: 2, 3, 0, 0
vb0[1910]+072 COLOR: 1.0, 0.5019607843137255, 0.5019607843137255, 0.4
vb0[1910]+076 TEXCOORD: 0.7409834861755371, 0.8273564577102661

vb0[1911]+000 POSITION: 0.013745399191975594, 1.8704558610916138, 0.1207328736782074
vb0[1911]+012 NORMAL: -0.8501651287078857, 0.29202330112457275, -0.43811145424842834
vb0[1911]+024 TANGENT: -0.6922205686569214, 0.15783248841762543, 0.7042156457901001, -1.0
vb0[1911]+040 BLENDWEIGHTS: 0.699999988079071, 0.21899999678134918, 0.08100000023841858, 0.0
vb0[1911]+056 BLENDINDICES: 2, 0, 3, 0
vb0[1911]+072 COLOR: 1.0, 0.5019607843137255, 0.5019607843137255, 0.0
vb0[1911]+076 TEXCOORD: 0.7374477386474609, 0.8283637166023254

vb0[1912]+000 POSITION: 0.01353541947901249, 1.8704890012741089, 0.12109900265932083
vb0[1912]+012 NORMAL: -0.8501651287078857, 0.29202336072921753, -0.4381115138530731
vb0[1912]+024 TANGENT: -0.7608805298805237, 0.17306481301784515, 0.6253873705863953, -1.0
vb0[1912]+040 BLENDWEIGHTS: 0.6949999928474426, 0.21899999678134918, 0.0860000029206276, 0.0
vb0[1912]+056 BLENDINDICES: 2, 0, 3, 0
vb0[1912]+072 COLOR: 1.0, 0.5019607843137255, 0.5019607843137255, 0.30196078431372547
vb0[1912]+076 TEXCOORD: 0.737410306930542, 0.8279619216918945

vb0[1913]+000 POSITION: 0.015680359676480293, 1.8786659240722656, 0.12156762182712555
vb0[1913]+012 NORMAL: -0.8268612027168274, 0.24588660895824432, -0.5058065056800842
vb0[1913]+024 TANGENT: 0.31329500675201416, -0.07449132204055786, 0.9467297792434692, -1.0
vb0[1913]+040 BLENDWEIGHTS: 0.6200000047683716, 0.34299999475479126, 0.03700000047683716, 0.0
vb0[1913]+056 BLENDINDICES: 2, 0, 3, 0
vb0[1913]+072 COLOR: 1.0, 0.5019607843137255, 0.5019607843137255, 0.2
vb0[1913]+076 TEXCOORD: 0.7312555313110352, 0.8291897177696228

vb0[1914]+000 POSITION: 0.0019580498337745667, 1.8431649208068848, 0.11527127772569656
vb0[1914]+012 NORMAL: 0.07949769496917725, -0.321463942527771, 0.9435787796974182
vb0[1914]+024 TANGENT: 0.6843344569206238, -0.5842769742012024, 0.43624162673950195, -1.0
vb0[1914]+040 BLENDWEIGHTS: 0.5099999904632568, 0.4819999933242798, 0.00800000037997961, 0.0
vb0[1914]+056 BLENDINDICES: 3, 2, 0, 0
vb0[1914]+072 COLOR: 1.0, 0.5019607843137255, 0.5019607843137255, 0.2
vb0[1914]+076 TEXCOORD: 0.34347105026245117, 0.47058698534965515

vb0[1915]+000 POSITION: -0.001458066632039845, 1.8380275964736938, 0.11336568742990494
vb0[1915]+012 NORMAL: 0.007350157480686903, -0.35711100697517395, 0.9340329766273499
vb0[1915]+024 TANGENT: 0.6658006906509399, -0.6483317613601685, 0.3692903220653534, -1.0
vb0[1915]+040 BLENDWEIGHTS: 0.5950000286102295, 0.4050000011920929, 0.0, 0.0
vb0[1915]+056 BLENDINDICES: 3, 2, 0, 0
vb0[1915]+072 COLOR: 1.0, 0.5019607843137255, 0.5019607843137255, 0.30196078431372547
vb0[1915]+076 TEXCOORD: 0.34911584854125977, 0.47457700967788696

vb0[1916]+000 POSITION: -0.00446173083037138, 1.8340449333190918, 0.1115914136171341
vb0[1916]+012 NORMAL: -0.04216158762574196, -0.39292845129966736, 0.9186019897460938
vb0[1916]+024 TANGENT: 0.6296132206916809, -0.7190675735473633, 0.29415810108184814, -1.0
vb0[1916]+040 BLENDWEIGHTS: 0.6539999842643738, 0.34599998593330383, 0.0, 0.0
vb0[1916]+056 BLENDINDICES: 3, 2, 0, 0
vb0[1916]+072 COLOR: 1.0, 0.5019607843137255, 0.5019607843137255, 0.4
vb0[1916]+076 TEXCOORD: 0.3539149761199951, 0.47787898778915405

vb0[1917]+000 POSITION: -0.007954488508403301, 1.8303415775299072, 0.1092531830072403
vb0[1917]+012 NORMAL: -0.08044592291116714, -0.42404064536094666, 0.9020631313323975
vb0[1917]+024 TANGENT: 0.5877379179000854, -0.7857214212417603, 0.19288849830627441, -1.0
vb0[1917]+040 BLENDWEIGHTS: 0.7089999914169312, 0.29100000858306885, 0.0, 0.0
vb0[1917]+056 BLENDINDICES: 3, 2, 0, 0
vb0[1917]+072 COLOR: 1.0, 0.5019607843137255, 0.5019607843137255, 0.5019607843137255
vb0[1917]+076 TEXCOORD: 0.358889102935791, 0.4815399944782257

vb0[1918]+000 POSITION: 0.00498735997825861, 1.8485249280929565, 0.11649959534406662
vb0[1918]+012 NORMAL: 0.8131253719329834, -0.5287423729896545, 0.2434310019016266
vb0[1918]+024 TANGENT: -0.6382143497467041, 0.014228581450879574, 0.7697272300720215, -1.0
vb0[1918]+040 BLENDWEIGHTS: 0.5465465784072876, 0.4224224090576172, 0.031031029298901558, 0.0
vb0[1918]+056 BLENDINDICES: 2, 3, 0, 0
vb0[1918]+072 COLOR: 1.0, 0.5019607843137255, 0.5019607843137255, 0.0
vb0[1918]+076 TEXCOORD: 0.7503995895385742, 0.8250037431716919

vb0[1919]+000 POSITION: -0.021163351833820343, 1.8200054168701172, 0.0979696661233902
vb0[1919]+012 NORMAL: -0.18112722039222717, -0.4474923312664032, 0.8757531046867371
vb0[1919]+024 TANGENT: 0.48355114459991455, -0.8614218831062317, 0.1553402990102768, -1.0
vb0[1919]+040 BLENDWEIGHTS: 0.878000020980835, 0.12200000137090683, 0.0, 0.0
vb0[1919]+056 BLENDINDICES: 3, 2, 0, 0
vb0[1919]+072 COLOR: 1.0, 0.5019607843137255, 0.5019607843137255, 0.30196078431372547
vb0[1919]+076 TEXCOORD: 0.3766498565673828, 0.4953550100326538
