stride: 84
first vertex: 0
vertex count: 400
topology: trianglelist
element[0]:
  SemanticName: POSITION
  SemanticIndex: 0
  Format: R32G32B32_FLOAT
  InputSlot: 0
  AlignedByteOffset: 0
  InputSlotClass: per-vertex
  InstanceDataStepRate: 0
element[1]:
  SemanticName: NORMAL
  SemanticIndex: 0
  Format: R32G32B32_FLOAT
  InputSlot: 0
  AlignedByteOffset: 12
  InputSlotClass: per-vertex
  InstanceDataStepRate: 0
element[2]:
  SemanticName: TANGENT
  SemanticIndex: 0
  Format: R32G32B32A32_FLOAT
  InputSlot: 0
  AlignedByteOffset: 24
  InputSlotClass: per-vertex
  InstanceDataStepRate: 0
element[3]:
  SemanticName: BLENDWEIGHTS
  SemanticIndex: 0
  Format: R32G32B32A32_FLOAT
  InputSlot: 0
  AlignedByteOffset: 40
  InputSlotClass: per-vertex
  InstanceDataStepRate: 0
element[4]:
  SemanticName: BLENDINDICES
  SemanticIndex: 0
  Format: R32G32B32A32_UINT
  InputSlot: 0
  AlignedByteOffset: 56
  InputSlotClass: per-vertex
  InstanceDataStepRate: 0
element[5]:
  SemanticName: COLOR
  SemanticIndex: 0
  Format: R8G8B8A8_UNORM
  InputSlot: 0
  AlignedByteOffset: 72
  InputSlotClass: per-vertex
  InstanceDataStepRate: 0
element[6]:
  SemanticName: TEXCOORD
  SemanticIndex: 0
  Format: R32G32_FLOAT
  InputSlot: 0
  AlignedByteOffset: 76
  InputSlotClass: per-vertex
  InstanceDataStepRate: 0

vertex-data:

vb0[0]+000 POSITION: -0.038013558834791183, 1.5557929277420044, 0.10643945634365082
vb0[0]+012 NORMAL: -0.20997029542922974, -0.08213983476161957, 0.9742512106895447
vb0[0]+024 TANGENT: -0.20808278024196625, -0.07265788316726685, 0.9754087328910828, -1.0
vb0[0]+040 BLENDWEIGHTS: 1.0, 0.0, 0.0, 0.0
vb0[0]+056 BLENDINDICES: 0, 0, 0, 0
vb0[0]+072 COLOR: 1.0, 0.5019607843137255, 0.5019607843137255, 0.0
vb0[0]+076 TEXCOORD: 0.9878606796264648, 0.20889952778816223

vb0[1]+000 POSITION: -0.03871065750718117, 1.5552709102630615, 0.106235072016716
vb0[1]+012 NORMAL: -0.21371859312057495, -0.04962829500436783, 0.9756338596343994
vb0[1]+024 TANGENT: -0.21365436911582947, -0.05268614739179611, 0.975487470626831, -1.0
vb0[1]+040 BLENDWEIGHTS: 1.0, 0.0, 0.0, 0.0
vb0[1]+056 BLENDINDICES: 0, 0, 0, 0
vb0[1]+072 COLOR: 1.0, 0.5019607843137255, 0.5019607843137255, 0.0
vb0[1]+076 TEXCOORD: 0.9922480583190918, 0.20718693733215332

vb0[2]+000 POSITION: -0.03569628298282623, 1.5552940368652344, 0.1068965345621109
vb0[2]+012 NORMAL: -0.17554956674575806, -0.0758143737912178, 0.9815469980239868
vb0[2]+024 TANGENT: -0.1865624189376831, -0.07941187173128128, 0.9792283773422241, -1.0
vb0[2]+040 BLENDWEIGHTS: 1.0, 0.0, 0.0, 0.0
vb0[2]+056 BLENDINDICES: 0, 0, 0, 0
vb0[2]+072 COLOR: 1.0, 0.5019607843137255, 0.5019607843137255, 0.0
vb0[2]+076 TEXCOORD: 0.9758620262145996, 0.2075207233428955

vb0[3]+000 POSITION: -0.03798692673444748, 1.5546756982803345, 0.10638602077960968
vb0[3]+012 NORMAL: -0.20907443761825562, -0.03215181827545166, 0.9773709774017334
vb0[3]+024 TANGENT: -0.2065758854150772, -0.041715919971466064, 0.977540910243988, -1.0
vb0[3]+040 BLENDWEIGHTS: 1.0, 0.0, 0.0, 0.0
vb0[3]+056 BLENDINDICES: 0, 0, 0, 0
vb0[3]+072 COLOR: 1.0, 0.5019607843137255, 0.5019607843137255, 0.0
vb0[3]+076 TEXCOORD: 0.987708568572998, 0.20524495840072632

vb0[4]+000 POSITION: -0.037306416779756546, 1.5560206174850464, 0.10656510293483734
vb0[4]+012 NORMAL: -0.19279734790325165, 0.020296281203627586, 0.9810287356376648
vb0[4]+024 TANGENT: -0.19413529336452484, 0.0172731876373291, 0.9808226227760315, -1.0
vb0[4]+040 BLENDWEIGHTS: 1.0, 0.0, 0.0, 0.0
vb0[4]+056 BLENDINDICES: 0, 0, 0, 0
vb0[4]+072 COLOR: 1.0, 0.5019607843137255, 0.5019607843137255, 0.0
vb0[4]+076 TEXCOORD: 0.9848084449768066, 0.21009111404418945

vb0[5]+000 POSITION: -0.03664468973875046, 1.5561569929122925, 0.10672613978385925
vb0[5]+012 NORMAL: -0.2796114385128021, -0.11916323006153107, 0.9526897072792053
vb0[5]+024 TANGENT: -0.280804306268692, -0.12059164047241211, 0.9521589279174805, -1.0
vb0[5]+040 BLENDWEIGHTS: 1.0, 0.0, 0.0, 0.0
vb0[5]+056 BLENDINDICES: 0, 0, 0, 0
vb0[5]+072 COLOR: 1.0, 0.5019607843137255, 0.5019607843137255, 0.0
vb0[5]+076 TEXCOORD: 0.9813008308410645, 0.2123194932937622

vb0[6]+000 POSITION: -0.03656894713640213, 1.5567597150802612, 0.10687617212533951
vb0[6]+012 NORMAL: -0.1714542955160141, -0.08844985067844391, 0.9812136292457581
vb0[6]+024 TANGENT: -0.1894916146993637, -0.09924488514661789, 0.9768537878990173, -1.0
vb0[6]+040 BLENDWEIGHTS: 1.0, 0.0, 0.0, 0.0
vb0[6]+056 BLENDINDICES: 0, 0, 0, 0
vb0[6]+072 COLOR: 1.0, 0.5019607843137255, 0.5019607843137255, 0.0
vb0[6]+076 TEXCOORD: 0.9791646003723145, 0.21535742282867432

vb0[7]+000 POSITION: -0.0372602678835392, 1.5543895959854126, 0.10647780448198318
vb0[7]+012 NORMAL: -0.17759346961975098, -0.1437346339225769, 0.9735506772994995
vb0[7]+024 TANGENT: -0.17708589136600494, -0.1445380449295044, 0.9735242128372192, -1.0
vb0[7]+040 BLENDWEIGHTS: 1.0, 0.0, 0.0, 0.0
vb0[7]+056 BLENDINDICES: 0, 0, 0, 0
vb0[7]+072 COLOR: 1.0, 0.5019607843137255, 0.5019607843137255, 0.0
vb0[7]+076 TEXCOORD: 0.984504222869873, 0.2038741111755371

vb0[8]+000 POSITION: -0.03666320815682411, 1.554274082183838, 0.10656491667032242
vb0[8]+012 NORMAL: -0.24749331176280975, -0.07932320237159729, 0.9656370878219604
vb0[8]+024 TANGENT: -0.24255694448947906, -0.08428306132555008, 0.9664691090583801, -1.0
vb0[8]+040 BLENDWEIGHTS: 1.0, 0.0, 0.0, 0.0
vb0[8]+056 BLENDINDICES: 0, 0, 0, 0
vb0[8]+072 COLOR: 1.0, 0.5019607843137255, 0.5019607843137255, 0.0
vb0[8]+076 TEXCOORD: 0.9814581871032715, 0.20173168182373047

vb0[9]+000 POSITION: -0.036516595631837845, 1.5535907745361328, 0.1066032275557518
vb0[9]+012 NORMAL: -0.21478837728500366, -0.06438125669956207, 0.9745363593101501
vb0[9]+024 TANGENT: -0.21782520413398743, -0.0628320723772049, 0.9739632606506348, -1.0
vb0[9]+040 BLENDWEIGHTS: 1.0, 0.0, 0.0, 0.0
vb0[9]+056 BLENDINDICES: 0, 0, 0, 0
vb0[9]+072 COLOR: 1.0, 0.5019607843137255, 0.5019607843137255, 0.0
vb0[9]+076 TEXCOORD: 0.9792437553405762, 0.19822561740875244

vb0[10]+000 POSITION: -0.03628230094909668, 1.5529003143310547, 0.1065942719578743
vb0[10]+012 NORMAL: -0.1100752130150795, -0.09793337434530258, 0.9890867471694946
vb0[10]+024 TANGENT: -0.11691273003816605, -0.09618552029132843, 0.9884734749794006, -1.0
vb0[10]+040 BLENDWEIGHTS: 1.0, 0.0, 0.0, 0.0
vb0[10]+056 BLENDINDICES: 0, 0, 0, 0
vb0[10]+072 COLOR: 1.0, 0.5019607843137255, 0.5019607843137255, 0.0
vb0[10]+076 TEXCOORD: 0.978116512298584, 0.1953487992286682

vb0[11]+000 POSITION: -0.035757362842559814, 1.5521589517593384, 0.10657086968421936
vb0[11]+012 NORMAL: -0.09993711113929749, -0.10086877644062042, 0.9898676872253418
vb0[11]+024 TANGENT: -0.09989763051271439, -0.1008751392364502, 0.989871084690094, -1.0
vb0[11]+040 BLENDWEIGHTS: 1.0, 0.0, 0.0, 0.0
vb0[11]+056 BLENDINDICES: 0, 0, 0, 0
vb0[11]+072 COLOR: 1.0, 0.5019607843137255, 0.5019607843137255, 0.0
vb0[11]+076 TEXCOORD: 0.9763298034667969, 0.19078803062438965

vb0[12]+000 POSITION: -0.035167764872312546, 1.552912712097168, 0.10670806467533112
vb0[12]+012 NORMAL: -0.1004984900355339, -0.10064069926738739, 0.9898340702056885
vb0[12]+024 TANGENT: -0.09997618198394775, -0.10053307563066483, 0.9898979663848877, -1.0
vb0[12]+040 BLENDWEIGHTS: 1.0, 0.0, 0.0, 0.0
vb0[12]+056 BLENDINDICES: 0, 0, 0, 0
vb0[12]+072 COLOR: 1.0, 0.5019607843137255, 0.5019607843137255, 0.0
vb0[12]+076 TEXCOORD: 0.9743170738220215, 0.19548571109771729

vb0[13]+000 POSITION: -0.03489025682210922, 1.55361807346344, 0.10680533200502396
vb0[13]+012 NORMAL: -0.11594368517398834, -0.10947072505950928, 0.9872047901153564
vb0[13]+024 TANGENT: -0.12610161304473877, -0.1142626479268074, 0.9854148626327515, -1.0
vb0[13]+040 BLENDWEIGHTS: 1.0, 0.0, 0.0, 0.0
vb0[13]+056 BLENDINDICES: 0, 0, 0, 0
vb0[13]+072 COLOR: 1.0, 0.5019607843137255, 0.5019607843137255, 0.0
vb0[13]+076 TEXCOORD: 0.9730148315429688, 0.19852447509765625

vb0[14]+000 POSITION: -0.03481036424636841, 1.5542242527008057, 0.10693471878767014
vb0[14]+012 NORMAL: -0.23964828252792358, -0.16431991755962372, 0.9568530321121216
vb0[14]+024 TANGENT: -0.2407236099243164, -0.1651933789253235, 0.956432580947876, -1.0
vb0[14]+040 BLENDWEIGHTS: 1.0, 0.0, 0.0, 0.0
vb0[14]+056 BLENDINDICES: 0, 0, 0, 0
vb0[14]+072 COLOR: 1.0, 0.5019607843137255, 0.5019607843137255, 0.0
vb0[14]+076 TEXCOORD: 0.9708752632141113, 0.20157217979431152

vb0[15]+000 POSITION: -0.034152593463659286, 1.554354190826416, 0.1071159839630127
vb0[15]+012 NORMAL: -0.1729518622159958, -0.05441727861762047, 0.9834258556365967
vb0[15]+024 TANGENT: -0.17613887786865234, -0.05980593338608742, 0.982546865940094, -1.0
vb0[15]+040 BLENDWEIGHTS: 1.0, 0.0, 0.0, 0.0
vb0[15]+056 BLENDINDICES: 0, 0, 0, 0
vb0[15]+072 COLOR: 1.0, 0.5019607843137255, 0.5019607843137255, 0.0
vb0[15]+076 TEXCOORD: 0.9673647880554199, 0.20378315448760986

vb0[16]+000 POSITION: -0.03342442587018013, 1.5546005964279175, 0.10723865032196045
vb0[16]+012 NORMAL: -0.1785411238670349, -0.10204248130321503, 0.9786267876625061
vb0[16]+024 TANGENT: -0.17685115337371826, -0.09627401828765869, 0.9795176982879639, -1.0
vb0[16]+040 BLENDWEIGHTS: 1.0, 0.0, 0.0, 0.0
vb0[16]+056 BLENDINDICES: 0, 0, 0, 0
vb0[16]+072 COLOR: 1.0, 0.5019607843137255, 0.5019607843137255, 0.0
vb0[16]+076 TEXCOORD: 0.9641938209533691, 0.20502892136573792

vb0[17]+000 POSITION: -0.0327443964779377, 1.5551103353500366, 0.10742577910423279
vb0[17]+012 NORMAL: -0.17950734496116638, -0.05472279712557793, 0.9822334051132202
vb0[17]+024 TANGENT: -0.1794680505990982, -0.05385185033082962, 0.9822888374328613, -1.0
vb0[17]+040 BLENDWEIGHTS: 1.0, 0.0, 0.0, 0.0
vb0[17]+056 BLENDINDICES: 0, 0, 0, 0
vb0[17]+072 COLOR: 1.0, 0.5019607843137255, 0.5019607843137255, 0.0
vb0[17]+076 TEXCOORD: 0.9599318504333496, 0.2067033052444458

vb0[18]+000 POSITION: -0.03345821425318718, 1.5556968450546265, 0.10728941857814789
vb0[18]+012 NORMAL: -0.17292487621307373, 0.00031556934118270874, 0.98493492603302
vb0[18]+024 TANGENT: -0.17159295082092285, -0.007701992057263851, 0.9851378202438354, -1.0
vb0[18]+040 BLENDWEIGHTS: 1.0, 0.0, 0.0, 0.0
vb0[18]+056 BLENDINDICES: 0, 0, 0, 0
vb0[18]+072 COLOR: 1.0, 0.5019607843137255, 0.5019607843137255, 0.0
vb0[18]+076 TEXCOORD: 0.9643917083740234, 0.2086159735918045

vb0[19]+000 POSITION: -0.03419901058077812, 1.5559911727905273, 0.1072039008140564
vb0[19]+012 NORMAL: -0.15857692062854767, -0.09284866601228714, 0.9829712510108948
vb0[19]+024 TANGENT: -0.16068851947784424, -0.08806323260068893, 0.9830687046051025, -1.0
vb0[19]+040 BLENDWEIGHTS: 1.0, 0.0, 0.0, 0.0
vb0[19]+056 BLENDINDICES: 0, 0, 0, 0
vb0[19]+072 COLOR: 1.0, 0.5019607843137255, 0.5019607843137255, 0.0
vb0[19]+076 TEXCOORD: 0.9676723480224609, 0.2100226879119873

vb0[20]+000 POSITION: -0.03479183837771416, 1.5561071634292603, 0.10709591954946518
vb0[20]+012 NORMAL: -0.19322679936885834, -0.0256046075373888, 0.9808200001716614
vb0[20]+024 TANGENT: -0.19241200387477875, -0.026552915573120117, 0.9809548854827881, -1.0
vb0[20]+040 BLENDWEIGHTS: 1.0, 0.0, 0.0, 0.0
vb0[20]+056 BLENDINDICES: 0, 0, 0, 0
vb0[20]+072 COLOR: 1.0, 0.5019607843137255, 0.5019607843137255, 0.0
vb0[20]+076 TEXCOORD: 0.9707131385803223, 0.21216082572937012

vb0[21]+000 POSITION: -0.03494252637028694, 1.5567902326583862, 0.10707786679267883
vb0[21]+012 NORMAL: -0.1419035643339157, -0.04832058027386665, 0.9887004494667053
vb0[21]+024 TANGENT: -0.14566755294799805, -0.04638201370835304, 0.9882457256317139, -1.0
vb0[21]+040 BLENDWEIGHTS: 1.0, 0.0, 0.0, 0.0
vb0[21]+056 BLENDINDICES: 0, 0, 0, 0
vb0[21]+072 COLOR: 1.0, 0.5019607843137255, 0.5019607843137255, 0.0
vb0[21]+076 TEXCOORD: 0.972933292388916, 0.2156745195388794

vb0[22]+000 POSITION: -0.03524500131607056, 1.5575610399246216, 0.10708113759756088
vb0[22]+012 NORMAL: -0.08516005426645279, -0.06401780992746353, 0.9943085312843323
vb0[22]+024 TANGENT: -0.0870220735669136, -0.06363154202699661, 0.9941721558570862, -1.0
vb0[22]+040 BLENDWEIGHTS: 1.0, 0.0, 0.0, 0.0
vb0[22]+056 BLENDINDICES: 0, 0, 0, 0
vb0[22]+072 COLOR: 1.0, 0.5019607843137255, 0.5019607843137255, 0.0
vb0[22]+076 TEXCOORD: 0.9742517471313477, 0.21903781592845917

vb0[23]+000 POSITION: -0.03569769114255905, 1.5582224130630493, 0.10708997398614883
vb0[23]+012 NORMAL: -0.10117215663194656, -0.06562218070030212, 0.9927023649215698
vb0[23]+024 TANGENT: -0.09954797476530075, -0.06563663482666016, 0.9928655624389648, -1.0
vb0[23]+040 BLENDWEIGHTS: 1.0, 0.0, 0.0, 0.0
vb0[23]+056 BLENDINDICES: 0, 0, 0, 0
vb0[23]+072 COLOR: 1.0, 0.5019607843137255, 0.5019607843137255, 0.0
vb0[23]+076 TEXCOORD: 0.9758458137512207, 0.22310352325439453

vb0[24]+000 POSITION: -0.036222003400325775, 1.5575711727142334, 0.10698350518941879
vb0[24]+012 NORMAL: -0.12372206896543503, -0.06637854129076004, 0.9900943636894226
vb0[24]+024 TANGENT: -0.12453698366880417, -0.06656128168106079, 0.9899798631668091, -1.0
vb0[24]+040 BLENDWEIGHTS: 1.0, 0.0, 0.0, 0.0
vb0[24]+056 BLENDINDICES: 0, 0, 0, 0
vb0[24]+072 COLOR: 1.0, 0.5019607843137255, 0.5019607843137255, 0.0
vb0[24]+076 TEXCOORD: 0.9775829315185547, 0.21904875338077545

vb0[25]+000 POSITION: 0.037306416779756546, 1.5560206174850464, 0.10656510293483734
vb0[25]+012 NORMAL: 0.19282494485378265, 0.020302537828683853, 0.9810231328010559
vb0[25]+024 TANGENT: 0.19410502910614014, 0.017267823219299316, 0.9808287024497986, -1.0
vb0[25]+040 BLENDWEIGHTS: 1.0, 0.0, 0.0, 0.0
vb0[25]+056 BLENDINDICES: 1, 0, 0, 0
vb0[25]+072 COLOR: 1.0, 0.5019607843137255, 0.5019607843137255, 0.0
vb0[25]+076 TEXCOORD: 0.9848084449768066, 0.21009111404418945

vb0[26]+000 POSITION: 0.03569628298282623, 1.5552940368652344, 0.1068965345621109
vb0[26]+012 NORMAL: 0.17555084824562073, -0.07581410557031631, 0.9815467596054077
vb0[26]+024 TANGENT: 0.1865711808204651, -0.07941561937332153, 0.9792264699935913, -1.0
vb0[26]+040 BLENDWEIGHTS: 1.0, 0.0, 0.0, 0.0
vb0[26]+056 BLENDINDICES: 1, 0, 0, 0
vb0[26]+072 COLOR: 1.0, 0.5019607843137255, 0.5019607843137255, 0.0
vb0[26]+076 TEXCOORD: 0.9758620262145996, 0.2075207233428955

vb0[27]+000 POSITION: 0.038013558834791183, 1.5557929277420044, 0.10643945634365082
vb0[27]+012 NORMAL: 0.20997565984725952, -0.08214057981967926, 0.974250078201294
vb0[27]+024 TANGENT: 0.20807422697544098, -0.0726599171757698, 0.9754105806350708, -1.0
vb0[27]+040 BLENDWEIGHTS: 1.0, 0.0, 0.0, 0.0
vb0[27]+056 BLENDINDICES: 1, 0, 0, 0
vb0[27]+072 COLOR: 1.0, 0.5019607843137255, 0.5019607843137255, 0.0
vb0[27]+076 TEXCOORD: 0.9878606796264648, 0.20889952778816223

vb0[28]+000 POSITION: 0.03664468973875046, 1.5561569929122925, 0.10672613978385925
vb0[28]+012 NORMAL: 0.2795921266078949, -0.11915164440870285, 0.9526967406272888
vb0[28]+024 TANGENT: 0.2808171212673187, -0.12059777230024338, 0.9521543383598328, -1.0
vb0[28]+040 BLENDWEIGHTS: 1.0, 0.0, 0.0, 0.0
vb0[28]+056 BLENDINDICES: 1, 0, 0, 0
vb0[28]+072 COLOR: 1.0, 0.5019607843137255, 0.5019607843137255, 0.0
vb0[28]+076 TEXCOORD: 0.9813008308410645, 0.2123194932937622

vb0[29]+000 POSITION: 0.03656894713640213, 1.5567597150802612, 0.10687617212533951
vb0[29]+012 NORMAL: 0.171455517411232, -0.08844579011201859, 0.9812136888504028
vb0[29]+024 TANGENT: 0.18949611485004425, -0.09924370050430298, 0.9768530130386353, -1.0
vb0[29]+040 BLENDWEIGHTS: 1.0, 0.0, 0.0, 0.0
vb0[29]+056 BLENDINDICES: 1, 0, 0, 0
vb0[29]+072 COLOR: 1.0, 0.5019607843137255, 0.5019607843137255, 0.0
vb0[29]+076 TEXCOORD: 0.9791646003723145, 0.21535742282867432

vb0[30]+000 POSITION: 0.036222003400325775, 1.5575711727142334, 0.10698350518941879
vb0[30]+012 NORMAL: 0.12371259927749634, -0.0663795992732048, 0.9900953769683838
vb0[30]+024 TANGENT: 0.12453465163707733, -0.06655889004468918, 0.9899802803993225, -1.0
vb0[30]+040 BLENDWEIGHTS: 1.0, 0.0, 0.0, 0.0
vb0[30]+056 BLENDINDICES: 1, 0, 0, 0
vb0[30]+072 COLOR: 1.0, 0.5019607843137255, 0.5019607843137255, 0.0
vb0[30]+076 TEXCOORD: 0.9775829315185547, 0.21904875338077545

vb0[31]+000 POSITION: 0.03871065750718117, 1.5552709102630615, 0.106235072016716
vb0[31]+012 NORMAL: 0.21370644867420197, -0.049628131091594696, 0.9756365418434143
vb0[31]+024 TANGENT: 0.21365424990653992, -0.05268680676817894, 0.975487470626831, -1.0
vb0[31]+040 BLENDWEIGHTS: 1.0, 0.0, 0.0, 0.0
vb0[31]+056 BLENDINDICES: 1, 0, 0, 0
vb0[31]+072 COLOR: 1.0, 0.5019607843137255, 0.5019607843137255, 0.0
vb0[31]+076 TEXCOORD: 0.9922480583190918, 0.20718693733215332

vb0[32]+000 POSITION: 0.03798692673444748, 1.5546756982803345, 0.10638602077960968
vb0[32]+012 NORMAL: 0.20905539393424988, -0.03215034678578377, 0.9773752093315125
vb0[32]+024 TANGENT: 0.20658369362354279, -0.041721466928720474, 0.9775390028953552, -1.0
vb0[32]+040 BLENDWEIGHTS: 1.0, 0.0, 0.0, 0.0
vb0[32]+056 BLENDINDICES: 1, 0, 0, 0
vb0[32]+072 COLOR: 1.0, 0.5019607843137255, 0.5019607843137255, 0.0
vb0[32]+076 TEXCOORD: 0.987708568572998, 0.20524495840072632

vb0[33]+000 POSITION: 0.0372602678835392, 1.5543895959854126, 0.10647780448198318
vb0[33]+012 NORMAL: 0.17759867012500763, -0.14373448491096497, 0.9735497236251831
vb0[33]+024 TANGENT: 0.17710715532302856, -0.144555926322937, 0.973517656326294, -1.0
vb0[33]+040 BLENDWEIGHTS: 1.0, 0.0, 0.0, 0.0
vb0[33]+056 BLENDINDICES: 1, 0, 0, 0
vb0[33]+072 COLOR: 1.0, 0.5019607843137255, 0.5019607843137255, 0.0
vb0[33]+076 TEXCOORD: 0.984504222869873, 0.2038741111755371

vb0[34]+000 POSITION: 0.03666320815682411, 1.554274082183838, 0.10656491667032242
vb0[34]+012 NORMAL: 0.24749808013439178, -0.07932363450527191, 0.9656357169151306
vb0[34]+024 TANGENT: 0.24254858493804932, -0.08428364247083664, 0.9664711356163025, -1.0
vb0[34]+040 BLENDWEIGHTS: 1.0, 0.0, 0.0, 0.0
vb0[34]+056 BLENDINDICES: 1, 0, 0, 0
vb0[34]+072 COLOR: 1.0, 0.5019607843137255, 0.5019607843137255, 0.0
vb0[34]+076 TEXCOORD: 0.9814581871032715, 0.20173168182373047

vb0[35]+000 POSITION: 0.036516595631837845, 1.5535907745361328, 0.1066032275557518
vb0[35]+012 NORMAL: 0.2147984653711319, -0.06438104063272476, 0.9745340943336487
vb0[35]+024 TANGENT: 0.2178223431110382, -0.06283170729875565, 0.9739639163017273, -1.0
vb0[35]+040 BLENDWEIGHTS: 1.0, 0.0, 0.0, 0.0
vb0[35]+056 BLENDINDICES: 1, 0, 0, 0
vb0[35]+072 COLOR: 1.0, 0.5019607843137255, 0.5019607843137255, 0.0
vb0[35]+076 TEXCOORD: 0.9792437553405762, 0.19822561740875244

vb0[36]+000 POSITION: 0.03628230094909668, 1.5529003143310547, 0.1065942719578743
vb0[36]+012 NORMAL: 0.11008376628160477, -0.09793459624052048, 0.9890856146812439
vb0[36]+024 TANGENT: 0.11691927164793015, -0.09618633985519409, 0.9884725213050842, -1.0
vb0[36]+040 BLENDWEIGHTS: 1.0, 0.0, 0.0, 0.0
vb0[36]+056 BLENDINDICES: 1, 0, 0, 0
vb0[36]+072 COLOR: 1.0, 0.5019607843137255, 0.5019607843137255, 0.0
vb0[36]+076 TEXCOORD: 0.978116512298584, 0.1953487992286682

vb0[37]+000 POSITION: 0.035757362842559814, 1.5521589517593384, 0.10657086968421936
vb0[37]+012 NORMAL: 0.0999370887875557, -0.10086861252784729, 0.9898676872253418
vb0[37]+024 TANGENT: 0.09989463537931442, -0.100875124335289, 0.9898713231086731, -1.0
vb0[37]+040 BLENDWEIGHTS: 1.0, 0.0, 0.0, 0.0
vb0[37]+056 BLENDINDICES: 1, 0, 0, 0
vb0[37]+072 COLOR: 1.0, 0.5019607843137255, 0.5019607843137255, 0.0
vb0[37]+076 TEXCOORD: 0.9763298034667969, 0.19078803062438965

vb0[38]+000 POSITION: 0.035167764872312546, 1.552912712097168, 0.10670806467533112
vb0[38]+012 NORMAL: 0.10049319267272949, -0.10063924640417099, 0.989834725856781
vb0[38]+024 TANGENT: 0.09996485710144043, -0.10053211450576782, 0.9898990988731384, -1.0
vb0[38]+040 BLENDWEIGHTS: 1.0, 0.0, 0.0, 0.0
vb0[38]+056 BLENDINDICES: 1, 0, 0, 0
vb0[38]+072 COLOR: 1.0, 0.5019607843137255, 0.5019607843137255, 0.0
vb0[38]+076 TEXCOORD: 0.9743170738220215, 0.19548571109771729

vb0[39]+000 POSITION: 0.03489025682210922, 1.55361807346344, 0.10680533200502396
vb0[39]+012 NORMAL: 0.11594612896442413, -0.1094672828912735, 0.9872047901153564
vb0[39]+024 TANGENT: 0.12610697746276855, -0.11426639556884766, 0.985413670539856, -1.0
vb0[39]+040 BLENDWEIGHTS: 1.0, 0.0, 0.0, 0.0
vb0[39]+056 BLENDINDICES: 1, 0, 0, 0
vb0[39]+072 COLOR: 1.0, 0.5019607843137255, 0.5019607843137255, 0.0
vb0[39]+076 TEXCOORD: 0.9730148315429688, 0.19852447509765625

vb0[40]+000 POSITION: 0.03481036424636841, 1.5542242527008057, 0.10693471878767014
vb0[40]+012 NORMAL: 0.2396262288093567, -0.16430872678756714, 0.9568604230880737
vb0[40]+024 TANGENT: 0.2407403588294983, -0.1652025580406189, 0.9564267992973328, -1.0
vb0[40]+040 BLENDWEIGHTS: 1.0, 0.0, 0.0, 0.0
vb0[40]+056 BLENDINDICES: 1, 0, 0, 0
vb0[40]+072 COLOR: 1.0, 0.5019607843137255, 0.5019607843137255, 0.0
vb0[40]+076 TEXCOORD: 0.9708752632141113, 0.20157217979431152

vb0[41]+000 POSITION: 0.034152593463659286, 1.554354190826416, 0.1071159839630127
vb0[41]+012 NORMAL: 0.17293503880500793, -0.05441325902938843, 0.9834290146827698
vb0[41]+024 TANGENT: 0.17614871263504028, -0.05980581417679787, 0.9825451374053955, -1.0
vb0[41]+040 BLENDWEIGHTS: 1.0, 0.0, 0.0, 0.0
vb0[41]+056 BLENDINDICES: 1, 0, 0, 0
vb0[41]+072 COLOR: 1.0, 0.5019607843137255, 0.5019607843137255, 0.0
vb0[41]+076 TEXCOORD: 0.9673647880554199, 0.20378315448760986

vb0[42]+000 POSITION: 0.03342442587018013, 1.5546005964279175, 0.10723865032196045
vb0[42]+012 NORMAL: 0.1785554438829422, -0.10205394774675369, 0.9786229133605957
vb0[42]+024 TANGENT: 0.17688541114330292, -0.09629350155591965, 0.9795095324516296, -1.0
vb0[42]+040 BLENDWEIGHTS: 1.0, 0.0, 0.0, 0.0
vb0[42]+056 BLENDINDICES: 1, 0, 0, 0
vb0[42]+072 COLOR: 1.0, 0.5019607843137255, 0.5019607843137255, 0.0
vb0[42]+076 TEXCOORD: 0.9641938209533691, 0.20502892136573792

vb0[43]+000 POSITION: 0.0327443964779377, 1.5551103353500366, 0.10742577910423279
vb0[43]+012 NORMAL: 0.17952018976211548, -0.05473380535840988, 0.9822304844856262
vb0[43]+024 TANGENT: 0.17951057851314545, -0.05386358126997948, 0.9822803139686584, -1.0
vb0[43]+040 BLENDWEIGHTS: 1.0, 0.0, 0.0, 0.0
vb0[43]+056 BLENDINDICES: 1, 0, 0, 0
vb0[43]+072 COLOR: 1.0, 0.5019607843137255, 0.5019607843137255, 0.0
vb0[43]+076 TEXCOORD: 0.9599318504333496, 0.2067033052444458

vb0[44]+000 POSITION: 0.03345821425318718, 1.5556968450546265, 0.10728941857814789
vb0[44]+012 NORMAL: 0.17292800545692444, 0.0003146638919133693, 0.9849344491958618
vb0[44]+024 TANGENT: 0.17162980139255524, -0.007699490990489721, 0.9851314425468445, -1.0
vb0[44]+040 BLENDWEIGHTS: 1.0, 0.0, 0.0, 0.0
vb0[44]+056 BLENDINDICES: 1, 0, 0, 0
vb0[44]+072 COLOR: 1.0, 0.5019607843137255, 0.5019607843137255, 0.0
vb0[44]+076 TEXCOORD: 0.9643917083740234, 0.2086159735918045

vb0[45]+000 POSITION: 0.03419901058077812, 1.5559911727905273, 0.1072039008140564
vb0[45]+012 NORMAL: 0.1585858017206192, -0.09285083413124084, 0.9829696416854858
vb0[45]+024 TANGENT: 0.1607069969177246, -0.08806544542312622, 0.9830654859542847, -1.0
vb0[45]+040 BLENDWEIGHTS: 1.0, 0.0, 0.0, 0.0
vb0[45]+056 BLENDINDICES: 1, 0, 0, 0
vb0[45]+072 COLOR: 1.0, 0.5019607843137255, 0.5019607843137255, 0.0
vb0[45]+076 TEXCOORD: 0.9676723480224609, 0.2100226879119873

vb0[46]+000 POSITION: 0.03479183837771416, 1.5561071634292603, 0.10709591954946518
vb0[46]+012 NORMAL: 0.19326239824295044, -0.025609947741031647, 0.9808128476142883
vb0[46]+024 TANGENT: 0.19243989884853363, -0.026558158919215202, 0.9809492230415344, -1.0
vb0[46]+040 BLENDWEIGHTS: 1.0, 0.0, 0.0, 0.0
vb0[46]+056 BLENDINDICES: 1, 0, 0, 0
vb0[46]+072 COLOR: 1.0, 0.5019607843137255, 0.5019607843137255, 0.0
vb0[46]+076 TEXCOORD: 0.9707131385803223, 0.21216082572937012

vb0[47]+000 POSITION: 0.03494252637028694, 1.5567902326583862, 0.10707786679267883
vb0[47]+012 NORMAL: 0.14192458987236023, -0.048324208706617355, 0.9886972904205322
vb0[47]+024 TANGENT: 0.14567363262176514, -0.04638528823852539, 0.9882446527481079, -1.0
vb0[47]+040 BLENDWEIGHTS: 1.0, 0.0, 0.0, 0.0
vb0[47]+056 BLENDINDICES: 1, 0, 0, 0
vb0[47]+072 COLOR: 1.0, 0.5019607843137255, 0.5019607843137255, 0.0
vb0[47]+076 TEXCOORD: 0.972933292388916, 0.2156745195388794

vb0[48]+000 POSITION: 0.03524500131607056, 1.5575610399246216, 0.10708113759756088
vb0[48]+012 NORMAL: 0.08515553176403046, -0.0640173852443695, 0.9943089485168457
vb0[48]+024 TANGENT: 0.0870402529835701, -0.06363356113433838, 0.9941704273223877, -1.0
vb0[48]+040 BLENDWEIGHTS: 1.0, 0.0, 0.0, 0.0
vb0[48]+056 BLENDINDICES: 1, 0, 0, 0
vb0[48]+072 COLOR: 1.0, 0.5019607843137255, 0.5019607843137255, 0.0
vb0[48]+076 TEXCOORD: 0.9742517471313477, 0.21903781592845917

vb0[49]+000 POSITION: 0.03569769114255905, 1.5582224130630493, 0.10708997398614883
vb0[49]+012 NORMAL: 0.10116018354892731, -0.06562238931655884, 0.9927035570144653
vb0[49]+024 TANGENT: 0.0995558425784111, -0.06563657522201538, 0.992864727973938, -1.0
vb0[49]+040 BLENDWEIGHTS: 1.0, 0.0, 0.0, 0.0
vb0[49]+056 BLENDINDICES: 1, 0, 0, 0
vb0[49]+072 COLOR: 1.0, 0.5019607843137255, 0.5019607843137255, 0.0
vb0[49]+076 TEXCOORD: 0.9758458137512207, 0.22310352325439453

vb0[50]+000 POSITION: -0.024172067642211914, 1.5553606748580933, 0.10885732620954514
vb0[50]+012 NORMAL: -0.22829163074493408, -0.1158556416630745, 0.9666749238967896
vb0[50]+024 TANGENT: 0.45831337571144104, -0.19502758979797363, 0.8671292066574097, -1.0
vb0[50]+040 BLENDWEIGHTS: 1.0, 0.0, 0.0, 0.0
vb0[50]+056 BLENDINDICES: 0, 0, 0, 0
vb0[50]+072 COLOR: 1.0, 0.5019607843137255, 0.5019607843137255, 0.0
vb0[50]+076 TEXCOORD: 0.831811249256134, 0.09070000797510147

vb0[51]+000 POSITION: -0.02402421459555626, 1.5574772357940674, 0.1091882586479187
vb0[51]+012 NORMAL: -0.22305186092853546, -0.13273131847381592, 0.9657278060913086
vb0[51]+024 TANGENT: 0.4783312976360321, -0.1355801224708557, 0.8676503896713257, -1.0
vb0[51]+040 BLENDWEIGHTS: 1.0, 0.0, 0.0, 0.0
vb0[51]+056 BLENDINDICES: 0, 0, 0, 0
vb0[51]+072 COLOR: 1.0, 0.5019607843137255, 0.5019607843137255, 0.0
vb0[51]+076 TEXCOORD: 0.8304163813591003, 0.1048094779253006

vb0[52]+000 POSITION: -0.035684019327163696, 1.553847312927246, 0.10580910742282867
vb0[52]+012 NORMAL: -0.1674475520849228, -0.12122619152069092, 0.9783994555473328
vb0[52]+024 TANGENT: -0.18430779874324799, -0.11329346150159836, 0.9763171672821045, -1.0
vb0[52]+040 BLENDWEIGHTS: 1.0, 0.0, 0.0, 0.0
vb0[52]+056 BLENDINDICES: 0, 0, 0, 0
vb0[52]+072 COLOR: 1.0, 0.5019607843137255, 0.5019607843137255, 0.0
vb0[52]+076 TEXCOORD: 0.9103766083717346, 0.08082617819309235

vb0[53]+000 POSITION: -0.024560650810599327, 1.553338885307312, 0.1085255891084671
vb0[53]+012 NORMAL: -0.22935891151428223, -0.09644611179828644, 0.9685518145561218
vb0[53]+024 TANGENT: 0.433502733707428, -0.24037429690361023, 0.8685020208358765, -1.0
vb0[53]+040 BLENDWEIGHTS: 1.0, 0.0, 0.0, 0.0
vb0[53]+056 BLENDINDICES: 0, 0, 0, 0
vb0[53]+072 COLOR: 1.0, 0.5019607843137255, 0.5019607843137255, 0.0
vb0[53]+076 TEXCOORD: 0.8349194526672363, 0.07743190228939056

vb0[54]+000 POSITION: -0.025120291858911514, 1.551520824432373, 0.10825181007385254
vb0[54]+012 NORMAL: -0.22704389691352844, -0.06712212413549423, 0.9715686440467834
vb0[54]+024 TANGENT: 0.4055394232273102, -0.26697003841400146, 0.8742223978042603, -1.0
vb0[54]+040 BLENDWEIGHTS: 1.0, 0.0, 0.0, 0.0
vb0[54]+056 BLENDINDICES: 0, 0, 0, 0
vb0[54]+072 COLOR: 1.0, 0.5019607843137255, 0.5019607843137255, 0.0
vb0[54]+076 TEXCOORD: 0.838797390460968, 0.06464578956365585

vb0[55]+000 POSITION: -0.025798127055168152, 1.5498276948928833, 0.10801710933446884
vb0[55]+012 NORMAL: -0.218352809548378, -0.037077438086271286, 0.9751653075218201
vb0[55]+024 TANGENT: 0.3877962529659271, -0.2987535297870636, 0.8719865083694458, -1.0
vb0[55]+040 BLENDWEIGHTS: 1.0, 0.0, 0.0, 0.0
vb0[55]+056 BLENDINDICES: 0, 0, 0, 0
vb0[55]+072 COLOR: 1.0, 0.5019607843137255, 0.5019607843137255, 0.0
vb0[55]+076 TEXCOORD: 0.8438969254493713, 0.05355316773056984

vb0[56]+000 POSITION: -0.026687629520893097, 1.548225998878479, 0.10780523717403412
vb0[56]+012 NORMAL: -0.21433661878108978, -0.02411867119371891, 0.9764620661735535
vb0[56]+024 TANGENT: 0.34185683727264404, -0.3513333797454834, 0.8716070055961609, -1.0
vb0[56]+040 BLENDWEIGHTS: 1.0, 0.0, 0.0, 0.0
vb0[56]+056 BLENDINDICES: 0, 0, 0, 0
vb0[56]+072 COLOR: 1.0, 0.5019607843137255, 0.5019607843137255, 0.0
vb0[56]+076 TEXCOORD: 0.8502612113952637, 0.04315212368965149

vb0[57]+000 POSITION: -0.027716048061847687, 1.5467944145202637, 0.1075364202260971
vb0[57]+012 NORMAL: -0.2143486887216568, -0.02531476505100727, 0.9764291048049927
vb0[57]+024 TANGENT: 0.2869137227535248, -0.42876461148262024, 0.8566454648971558, -1.0
vb0[57]+040 BLENDWEIGHTS: 1.0, 0.0, 0.0, 0.0
vb0[57]+056 BLENDINDICES: 0, 0, 0, 0
vb0[57]+072 COLOR: 1.0, 0.5019607843137255, 0.5019607843137255, 0.0
vb0[57]+076 TEXCOORD: 0.8574678301811218, 0.03388335555791855

vb0[58]+000 POSITION: -0.0290469229221344, 1.5455021858215332, 0.10720761865377426
vb0[58]+012 NORMAL: -0.18897829949855804, -0.0020432944875210524, 0.9819791316986084
vb0[58]+024 TANGENT: 0.21845942735671997, -0.4996854066848755, 0.83820641040802, -1.0
vb0[58]+040 BLENDWEIGHTS: 1.0, 0.0, 0.0, 0.0
vb0[58]+056 BLENDINDICES: 0, 0, 0, 0
vb0[58]+072 COLOR: 1.0, 0.5019607843137255, 0.5019607843137255, 0.0
vb0[58]+076 TEXCOORD: 0.866595447063446, 0.025509508326649666

vb0[59]+000 POSITION: -0.030759083107113838, 1.5444670915603638, 0.10692225396633148
vb0[59]+012 NORMAL: -0.16077595949172974, 0.021658793091773987, 0.9867532253265381
vb0[59]+024 TANGENT: 0.12359029799699783, -0.5392186045646667, 0.8330478668212891, -1.0
vb0[59]+040 BLENDWEIGHTS: 1.0, 0.0, 0.0, 0.0
vb0[59]+056 BLENDINDICES: 0, 0, 0, 0
vb0[59]+072 COLOR: 1.0, 0.5019607843137255, 0.5019607843137255, 0.0
vb0[59]+076 TEXCOORD: 0.8781324028968811, 0.018944187089800835

vb0[60]+000 POSITION: -0.032721541821956635, 1.5437203645706177, 0.10658483952283859
vb0[60]+012 NORMAL: -0.16209758818149567, 0.02225039154291153, 0.9865238666534424
vb0[60]+024 TANGENT: 0.01063311006873846, -0.5729890465736389, 0.8194940090179443, -1.0
vb0[60]+040 BLENDWEIGHTS: 1.0, 0.0, 0.0, 0.0
vb0[60]+056 BLENDINDICES: 0, 0, 0, 0
vb0[60]+072 COLOR: 1.0, 0.5019607843137255, 0.5019607843137255, 0.0
vb0[60]+076 TEXCOORD: 0.8912749290466309, 0.014299009926617146

vb0[61]+000 POSITION: -0.03466537594795227, 1.5433803796768188, 0.10619413107633591
vb0[61]+012 NORMAL: -0.1731625348329544, 0.019503790885210037, 0.984700083732605
vb0[61]+024 TANGENT: -0.10963404923677444, -0.5807057023048401, 0.8066978454589844, -1.0
vb0[61]+040 BLENDWEIGHTS: 1.0, 0.0, 0.0, 0.0
vb0[61]+056 BLENDINDICES: 0, 0, 0, 0
vb0[61]+072 COLOR: 1.0, 0.5019607843137255, 0.5019607843137255, 0.0
vb0[61]+076 TEXCOORD: 0.9042807817459106, 0.012218765914440155

vb0[62]+000 POSITION: -0.03649645671248436, 1.5433589220046997, 0.10579375177621841
vb0[62]+012 NORMAL: -0.19258183240890503, 0.020259710028767586, 0.9810717701911926
vb0[62]+024 TANGENT: -0.22234725952148438, -0.5693305134773254, 0.7914697527885437, -1.0
vb0[62]+040 BLENDWEIGHTS: 1.0, 0.0, 0.0, 0.0
vb0[62]+056 BLENDINDICES: 0, 0, 0, 0
vb0[62]+072 COLOR: 1.0, 0.5019607843137255, 0.5019607843137255, 0.0
vb0[62]+076 TEXCOORD: 0.9165540337562561, 0.012271416373550892

vb0[63]+000 POSITION: -0.038198940455913544, 1.5436248779296875, 0.10536029934883118
vb0[63]+012 NORMAL: -0.20925550162792206, 0.022243933752179146, 0.9776079058647156
vb0[63]+024 TANGENT: -0.3304727375507355, -0.5472899079322815, 0.7689353823661804, -1.0
vb0[63]+040 BLENDWEIGHTS: 1.0, 0.0, 0.0, 0.0
vb0[63]+056 BLENDINDICES: 0, 0, 0, 0
vb0[63]+072 COLOR: 1.0, 0.5019607843137255, 0.5019607843137255, 0.0
vb0[63]+076 TEXCOORD: 0.9280447959899902, 0.014141359366476536

vb0[64]+000 POSITION: -0.039730269461870193, 1.5441776514053345, 0.1049703061580658
vb0[64]+012 NORMAL: -0.20911136269569397, 0.021780801936984062, 0.9776492714881897
vb0[64]+024 TANGENT: -0.41763004660606384, -0.5083919167518616, 0.7530755996704102, -1.0
vb0[64]+040 BLENDWEIGHTS: 1.0, 0.0, 0.0, 0.0
vb0[64]+056 BLENDINDICES: 0, 0, 0, 0
vb0[64]+072 COLOR: 1.0, 0.5019607843137255, 0.5019607843137255, 0.0
vb0[64]+076 TEXCOORD: 0.9383838176727295, 0.017860926687717438

vb0[65]+000 POSITION: -0.04120132327079773, 1.5450106859207153, 0.104620061814785
vb0[65]+012 NORMAL: -0.20207539200782776, 0.017136944457888603, 0.9792200326919556
vb0[65]+024 TANGENT: -0.4805750846862793, -0.47027239203453064, 0.740196943283081, -1.0
vb0[65]+040 BLENDWEIGHTS: 1.0, 0.0, 0.0, 0.0
vb0[65]+056 BLENDINDICES: 0, 0, 0, 0
vb0[65]+072 COLOR: 1.0, 0.5019607843137255, 0.5019607843137255, 0.0
vb0[65]+076 TEXCOORD: 0.9482764601707458, 0.023435892537236214

vb0[66]+000 POSITION: -0.042441003024578094, 1.5459760427474976, 0.10436061024665833
vb0[66]+012 NORMAL: -0.18665660917758942, 0.0035519131924957037, 0.9824188351631165
vb0[66]+024 TANGENT: -0.5226843953132629, -0.4386018216609955, 0.731046736240387, -1.0
vb0[66]+040 BLENDWEIGHTS: 1.0, 0.0, 0.0, 0.0
vb0[66]+056 BLENDINDICES: 0, 0, 0, 0
vb0[66]+072 COLOR: 1.0, 0.5019607843137255, 0.5019607843137255, 0.0
vb0[66]+076 TEXCOORD: 0.9565627574920654, 0.029874878004193306

vb0[67]+000 POSITION: -0.04356374219059944, 1.5470867156982422, 0.10418333858251572
vb0[67]+012 NORMAL: -0.165040522813797, -0.020804472267627716, 0.9860673546791077
vb0[67]+024 TANGENT: -0.5590985417366028, -0.41034528613090515, 0.7204343676567078, -1.0
vb0[67]+040 BLENDWEIGHTS: 1.0, 0.0, 0.0, 0.0
vb0[67]+056 BLENDINDICES: 0, 0, 0, 0
vb0[67]+072 COLOR: 1.0, 0.5019607843137255, 0.5019607843137255, 0.0
vb0[67]+076 TEXCOORD: 0.9639407992362976, 0.03732384741306305

vb0[68]+000 POSITION: -0.0445268340408802, 1.548341989517212, 0.10409870743751526
vb0[68]+012 NORMAL: -0.13950204849243164, -0.0589938722550869, 0.9884628653526306
vb0[68]+024 TANGENT: -0.592796802520752, -0.3757656216621399, 0.7123146057128906, -1.0
vb0[68]+040 BLENDWEIGHTS: 1.0, 0.0, 0.0, 0.0
vb0[68]+056 BLENDINDICES: 0, 0, 0, 0
vb0[68]+072 COLOR: 1.0, 0.5019607843137255, 0.5019607843137255, 0.0
vb0[68]+076 TEXCOORD: 0.9701855182647705, 0.04571573808789253

vb0[69]+000 POSITION: -0.04536161944270134, 1.5497993230819702, 0.10412666201591492
vb0[69]+012 NORMAL: -0.12252412736415863, -0.09036409854888916, 0.9883431792259216
vb0[69]+024 TANGENT: -0.6115242838859558, -0.3398124873638153, 0.7145386338233948, -1.0
vb0[69]+040 BLENDWEIGHTS: 1.0, 0.0, 0.0, 0.0
vb0[69]+056 BLENDINDICES: 0, 0, 0, 0
vb0[69]+072 COLOR: 1.0, 0.5019607843137255, 0.5019607843137255, 0.0
vb0[69]+076 TEXCOORD: 0.9754593372344971, 0.055483028292655945

vb0[70]+000 POSITION: -0.04613695666193962, 1.5514541864395142, 0.10421255230903625
vb0[70]+012 NORMAL: -0.1146836057305336, -0.117779441177845, 0.9863952398300171
vb0[70]+024 TANGENT: -0.6355390548706055, -0.3153608739376068, 0.7047251462936401, -1.0
vb0[70]+040 BLENDWEIGHTS: 1.0, 0.0, 0.0, 0.0
vb0[70]+056 BLENDINDICES: 0, 0, 0, 0
vb0[70]+072 COLOR: 1.0, 0.5019607843137255, 0.5019607843137255, 0.0
vb0[70]+076 TEXCOORD: 0.9802416563034058, 0.0665937066078186

vb0[71]+000 POSITION: -0.04682890325784683, 1.5533214807510376, 0.10439940541982651
vb0[71]+012 NORMAL: -0.11180085688829422, -0.12223279476165771, 0.9861844182014465
vb0[71]+024 TANGENT: -0.664547860622406, -0.2616226077079773, 0.6999498605728149, -1.0
vb0[71]+040 BLENDWEIGHTS: 1.0, 0.0, 0.0, 0.0
vb0[71]+056 BLENDINDICES: 0, 0, 0, 0
vb0[71]+072 COLOR: 1.0, 0.5019607843137255, 0.5019607843137255, 0.0
vb0[71]+076 TEXCOORD: 0.9842309355735779, 0.07917191833257675

vb0[72]+000 POSITION: -0.04730274900794029, 1.5553444623947144, 0.10459259152412415
vb0[72]+012 NORMAL: -0.11468329280614853, -0.13522040843963623, 0.98415607213974
vb0[72]+024 TANGENT: -0.6871462464332581, -0.21777281165122986, 0.6931126713752747, -1.0
vb0[72]+040 BLENDWEIGHTS: 1.0, 0.0, 0.0, 0.0
vb0[72]+056 BLENDINDICES: 0, 0, 0, 0
vb0[72]+072 COLOR: 1.0, 0.5019607843137255, 0.5019607843137255, 0.0
vb0[72]+076 TEXCOORD: 0.9869772791862488, 0.09270062297582626

vb0[73]+000 POSITION: -0.04764063283801079, 1.5573927164077759, 0.10488474369049072
vb0[73]+012 NORMAL: -0.1133776530623436, -0.1378793865442276, 0.9839383959770203
vb0[73]+024 TANGENT: -0.7091799974441528, -0.1584417223930359, 0.686993420124054, -1.0
vb0[73]+040 BLENDWEIGHTS: 1.0, 0.0, 0.0, 0.0
vb0[73]+056 BLENDINDICES: 0, 0, 0, 0
vb0[73]+072 COLOR: 1.0, 0.5019607843137255, 0.5019607843137255, 0.0
vb0[73]+076 TEXCOORD: 0.98850417137146, 0.10642272979021072

vb0[74]+000 POSITION: -0.04769689589738846, 1.5594357252120972, 0.10517901182174683
vb0[74]+012 NORMAL: -0.1288759410381317, -0.1679210215806961, 0.9773399829864502
vb0[74]+024 TANGENT: -0.7372595071792603, -0.09736794233322144, 0.6685565710067749, -1.0
vb0[74]+040 BLENDWEIGHTS: 1.0, 0.0, 0.0, 0.0
vb0[74]+056 BLENDINDICES: 0, 0, 0, 0
vb0[74]+072 COLOR: 1.0, 0.5019607843137255, 0.5019607843137255, 0.0
vb0[74]+076 TEXCOORD: 0.9883806705474854, 0.12006548047065735

vb0[75]+000 POSITION: -0.04752510413527489, 1.5614771842956543, 0.10563204437494278
vb0[75]+012 NORMAL: -0.14290405809879303, -0.19365139305591583, 0.970606803894043
vb0[75]+024 TANGENT: -0.7521252632141113, -0.02657407708466053, 0.6584842205047607, -1.0
vb0[75]+040 BLENDWEIGHTS: 1.0, 0.0, 0.0, 0.0
vb0[75]+056 BLENDINDICES: 0, 0, 0, 0
vb0[75]+072 COLOR: 1.0, 0.5019607843137255, 0.5019607843137255, 0.0
vb0[75]+076 TEXCOORD: 0.9864214062690735, 0.1337086409330368

vb0[76]+000 POSITION: -0.04702887311577797, 1.5634331703186035, 0.10615264624357224
vb0[76]+012 NORMAL: -0.15663482248783112, -0.209866464138031, 0.9651018381118774
vb0[76]+024 TANGENT: -0.74979567527771, 0.07643663883209229, 0.657239556312561, -1.0
vb0[76]+040 BLENDWEIGHTS: 1.0, 0.0, 0.0, 0.0
vb0[76]+056 BLENDINDICES: 0, 0, 0, 0
vb0[76]+072 COLOR: 1.0, 0.5019607843137255, 0.5019607843137255, 0.0
vb0[76]+076 TEXCOORD: 0.9823559522628784, 0.146768718957901

vb0[77]+000 POSITION: -0.04621686041355133, 1.5651408433914185, 0.10674357414245605
vb0[77]+012 NORMAL: -0.15802551805973053, -0.21251285076141357, 0.9642956852912903
vb0[77]+024 TANGENT: -0.7128016352653503, 0.17004598677158356, 0.6804397702217102, -1.0
vb0[77]+040 BLENDWEIGHTS: 1.0, 0.0, 0.0, 0.0
vb0[77]+056 BLENDINDICES: 0, 0, 0, 0
vb0[77]+072 COLOR: 1.0, 0.5019607843137255, 0.5019607843137255, 0.0
vb0[77]+076 TEXCOORD: 0.9762200713157654, 0.1582169085741043

vb0[78]+000 POSITION: -0.045187681913375854, 1.5666179656982422, 0.10731901228427887
vb0[78]+012 NORMAL: -0.1676086038351059, -0.21834082901477814, 0.9613712430000305
vb0[78]+024 TANGENT: -0.6628997921943665, 0.271372526884079, 0.6977971196174622, -1.0
vb0[78]+040 BLENDWEIGHTS: 1.0, 0.0, 0.0, 0.0
vb0[78]+056 BLENDINDICES: 0, 0, 0, 0
vb0[78]+072 COLOR: 1.0, 0.5019607843137255, 0.5019607843137255, 0.0
vb0[78]+076 TEXCOORD: 0.9687418341636658, 0.16808342933654785

vb0[79]+000 POSITION: -0.04382234439253807, 1.5678670406341553, 0.10796933621168137
vb0[79]+012 NORMAL: -0.17176777124404907, -0.22168581187725067, 0.9598703980445862
vb0[79]+024 TANGENT: -0.5766993761062622, 0.3459140956401825, 0.7401089668273926, -1.0
vb0[79]+040 BLENDWEIGHTS: 1.0, 0.0, 0.0, 0.0
vb0[79]+056 BLENDINDICES: 0, 0, 0, 0
vb0[79]+072 COLOR: 1.0, 0.5019607843137255, 0.5019607843137255, 0.0
vb0[79]+076 TEXCOORD: 0.9590359330177307, 0.17648783326148987

vb0[80]+000 POSITION: -0.042173974215984344, 1.5689274072647095, 0.10859830677509308
vb0[80]+012 NORMAL: -0.1612590104341507, -0.21781179308891296, 0.9625765085220337
vb0[80]+024 TANGENT: -0.4679335951805115, 0.4121354818344116, 0.7817814946174622, -1.0
vb0[80]+040 BLENDWEIGHTS: 1.0, 0.0, 0.0, 0.0
vb0[80]+056 BLENDINDICES: 0, 0, 0, 0
vb0[80]+072 COLOR: 1.0, 0.5019607843137255, 0.5019607843137255, 0.0
vb0[80]+076 TEXCOORD: 0.9475522637367249, 0.18350370228290558

vb0[81]+000 POSITION: -0.04015173390507698, 1.5697517395019531, 0.10915234684944153
vb0[81]+012 NORMAL: -0.1430402249097824, -0.21343787014484406, 0.9664283990859985
vb0[81]+024 TANGENT: -0.3123835325241089, 0.47663140296936035, 0.821729302406311, -1.0
vb0[81]+040 BLENDWEIGHTS: 1.0, 0.0, 0.0, 0.0
vb0[81]+056 BLENDINDICES: 0, 0, 0, 0
vb0[81]+072 COLOR: 1.0, 0.5019607843137255, 0.5019607843137255, 0.0
vb0[81]+076 TEXCOORD: 0.9338210821151733, 0.18883702158927917

vb0[82]+000 POSITION: -0.03792652115225792, 1.5700746774673462, 0.10954926908016205
vb0[82]+012 NORMAL: -0.11765784025192261, -0.2104676067829132, 0.9704947471618652
vb0[82]+024 TANGENT: -0.18369080126285553, 0.4757067561149597, 0.8602097630500793, -1.0
vb0[82]+040 BLENDWEIGHTS: 1.0, 0.0, 0.0, 0.0
vb0[82]+056 BLENDINDICES: 0, 0, 0, 0
vb0[82]+072 COLOR: 1.0, 0.5019607843137255, 0.5019607843137255, 0.0
vb0[82]+076 TEXCOORD: 0.9190277457237244, 0.190984308719635

vb0[83]+000 POSITION: -0.03564068675041199, 1.5702476501464844, 0.10983902961015701
vb0[83]+012 NORMAL: -0.09304144233465195, -0.2102607637643814, 0.973207950592041
vb0[83]+024 TANGENT: -0.09110093861818314, 0.49103835225105286, 0.8663613796234131, -1.0
vb0[83]+040 BLENDWEIGHTS: 1.0, 0.0, 0.0, 0.0
vb0[83]+056 BLENDINDICES: 0, 0, 0, 0
vb0[83]+072 COLOR: 1.0, 0.5019607843137255, 0.5019607843137255, 0.0
vb0[83]+076 TEXCOORD: 0.9038867354393005, 0.19169263541698456

vb0[84]+000 POSITION: -0.03319476917386055, 1.5700842142105103, 0.11002274602651596
vb0[84]+012 NORMAL: -0.09209175407886505, -0.20918720960617065, 0.9735295176506042
vb0[84]+024 TANGENT: 0.023837029933929443, 0.49041688442230225, 0.871161937713623, -1.0
vb0[84]+040 BLENDWEIGHTS: 1.0, 0.0, 0.0, 0.0
vb0[84]+056 BLENDINDICES: 0, 0, 0, 0
vb0[84]+072 COLOR: 1.0, 0.5019607843137255, 0.5019607843137255, 0.0
vb0[84]+076 TEXCOORD: 0.887853741645813, 0.18999186158180237

vb0[85]+000 POSITION: -0.030635153874754906, 1.5693923234939575, 0.11014958471059799
vb0[85]+012 NORMAL: -0.11462945491075516, -0.20240747928619385, 0.972569465637207
vb0[85]+024 TANGENT: 0.16021877527236938, 0.4579755663871765, 0.8744074106216431, -1.0
vb0[85]+040 BLENDWEIGHTS: 1.0, 0.0, 0.0, 0.0
vb0[85]+056 BLENDINDICES: 0, 0, 0, 0
vb0[85]+072 COLOR: 1.0, 0.5019607843137255, 0.5019607843137255, 0.0
vb0[85]+076 TEXCOORD: 0.8712804913520813, 0.1846933513879776

vb0[86]+000 POSITION: -0.02819879911839962, 1.5679709911346436, 0.11018530279397964
vb0[86]+012 NORMAL: -0.15432092547416687, -0.18398790061473846, 0.9707386493682861
vb0[86]+024 TANGENT: 0.3015836775302887, 0.3801352083683014, 0.8743824362754822, -1.0
vb0[86]+040 BLENDWEIGHTS: 1.0, 0.0, 0.0, 0.0
vb0[86]+056 BLENDINDICES: 0, 0, 0, 0
vb0[86]+072 COLOR: 1.0, 0.5019607843137255, 0.5019607843137255, 0.0
vb0[86]+076 TEXCOORD: 0.8557054400444031, 0.17474868893623352

vb0[87]+000 POSITION: -0.026417426764965057, 1.5660470724105835, 0.11017585545778275
vb0[87]+012 NORMAL: -0.20283594727516174, -0.1552397906780243, 0.9668289422988892
vb0[87]+024 TANGENT: 0.40824201703071594, 0.2515801191329956, 0.8775225877761841, -1.0
vb0[87]+040 BLENDWEIGHTS: 1.0, 0.0, 0.0, 0.0
vb0[87]+056 BLENDINDICES: 0, 0, 0, 0
vb0[87]+072 COLOR: 1.0, 0.5019607843137255, 0.5019607843137255, 0.0
vb0[87]+076 TEXCOORD: 0.8444535136222839, 0.16177822649478912

vb0[88]+000 POSITION: -0.02531346306204796, 1.5638195276260376, 0.1100497767329216
vb0[88]+012 NORMAL: -0.22729791700839996, -0.13651564717292786, 0.9642090201377869
vb0[88]+024 TANGENT: 0.44967636466026306, 0.11972129344940186, 0.8851315975189209, -1.0
vb0[88]+040 BLENDWEIGHTS: 1.0, 0.0, 0.0, 0.0
vb0[88]+056 BLENDINDICES: 0, 0, 0, 0
vb0[88]+072 COLOR: 1.0, 0.5019607843137255, 0.5019607843137255, 0.0
vb0[88]+076 TEXCOORD: 0.8375066518783569, 0.14709241688251495

vb0[89]+000 POSITION: -0.024604840204119682, 1.5616902112960815, 0.10985735803842545
vb0[89]+012 NORMAL: -0.22289900481700897, -0.14325539767742157, 0.9642582535743713
vb0[89]+024 TANGENT: 0.4727270305156708, 0.022308826446533203, 0.8809265494346619, -1.0
vb0[89]+040 BLENDWEIGHTS: 1.0, 0.0, 0.0, 0.0
vb0[89]+056 BLENDINDICES: 0, 0, 0, 0
vb0[89]+072 COLOR: 1.0, 0.5019607843137255, 0.5019607843137255, 0.0
vb0[89]+076 TEXCOORD: 0.8332836627960205, 0.13294054567813873

vb0[90]+000 POSITION: -0.024161919951438904, 1.5595217943191528, 0.10950961709022522
vb0[90]+012 NORMAL: -0.2120872288942337, -0.15526895225048065, 0.9648370742797852
vb0[90]+024 TANGENT: 0.48999956250190735, -0.06737470626831055, 0.8691151142120361, -1.0
vb0[90]+040 BLENDWEIGHTS: 1.0, 0.0, 0.0, 0.0
vb0[90]+056 BLENDINDICES: 0, 0, 0, 0
vb0[90]+072 COLOR: 1.0, 0.5019607843137255, 0.5019607843137255, 0.0
vb0[90]+076 TEXCOORD: 0.8308449387550354, 0.1184644028544426

vb0[91]+000 POSITION: -0.02402421459555626, 1.5574772357940674, 0.1091882586479187
vb0[91]+012 NORMAL: 0.8108988404273987, -0.091367706656456, 0.5780096054077148
vb0[91]+024 TANGENT: 0.4783312976360321, -0.1355801224708557, 0.8676503896713257, -1.0
vb0[91]+040 BLENDWEIGHTS: 1.0, 0.0, 0.0, 0.0
vb0[91]+056 BLENDINDICES: 0, 0, 0, 0
vb0[91]+072 COLOR: 1.0, 0.5019607843137255, 0.5019607843137255, 0.0
vb0[91]+076 TEXCOORD: 0.8304163813591003, 0.1048094779253006

vb0[92]+000 POSITION: -0.023819847032427788, 1.5596063137054443, 0.10866544395685196
vb0[92]+012 NORMAL: 0.8172078132629395, 0.0034124073572456837, 0.5763329267501831
vb0[92]+024 TANGENT: 0.9257089495658875, 0.06737685203552246, 0.3721871078014374, -1.0
vb0[92]+040 BLENDWEIGHTS: 1.0, 0.0, 0.0, 0.0
vb0[92]+056 BLENDINDICES: 0, 0, 0, 0
vb0[92]+072 COLOR: 1.0, 0.5019607843137255, 0.5019607843137255, 0.0
vb0[92]+076 TEXCOORD: 0.8248392939567566, 0.11849965900182724

vb0[93]+000 POSITION: -0.024161919951438904, 1.5595217943191528, 0.10950961709022522
vb0[93]+012 NORMAL: 0.817359447479248, 0.006165764294564724, 0.5760951638221741
vb0[93]+024 TANGENT: 0.48999956250190735, -0.06737470626831055, 0.8691151142120361, -1.0
vb0[93]+040 BLENDWEIGHTS: 1.0, 0.0, 0.0, 0.0
vb0[93]+056 BLENDINDICES: 0, 0, 0, 0
vb0[93]+072 COLOR: 1.0, 0.5019607843137255, 0.5019607843137255, 0.0
vb0[93]+076 TEXCOORD: 0.8308449387550354, 0.1184644028544426

vb0[94]+000 POSITION: -0.02367776818573475, 1.5575193166732788, 0.10834385454654694
vb0[94]+012 NORMAL: 0.8105342388153076, -0.0964733436703682, 0.5776912569999695
vb0[94]+024 TANGENT: 0.9247320890426636, -0.06327427178621292, 0.3753223419189453, -1.0
vb0[94]+040 BLENDWEIGHTS: 1.0, 0.0, 0.0, 0.0
vb0[94]+056 BLENDINDICES: 0, 0, 0, 0
vb0[94]+072 COLOR: 1.0, 0.5019607843137255, 0.5019607843137255, 0.0
vb0[94]+076 TEXCOORD: 0.8244777917861938, 0.10409487038850784

vb0[95]+000 POSITION: -0.024294061586260796, 1.5618027448654175, 0.10897441953420639
vb0[95]+012 NORMAL: 0.8106426000595093, 0.10609890520572662, 0.5758486986160278
vb0[95]+024 TANGENT: 0.9107394814491272, 0.1970425844192505, 0.3629434108734131, -1.0
vb0[95]+040 BLENDWEIGHTS: 1.0, 0.0, 0.0, 0.0
vb0[95]+056 BLENDINDICES: 0, 0, 0, 0
vb0[95]+072 COLOR: 1.0, 0.5019607843137255, 0.5019607843137255, 0.0
vb0[95]+076 TEXCOORD: 0.827194333076477, 0.13387638330459595

vb0[96]+000 POSITION: -0.024604840204119682, 1.5616902112960815, 0.10985735803842545
vb0[96]+012 NORMAL: 0.8109713196754456, 0.10427889972925186, 0.575718104839325
vb0[96]+024 TANGENT: 0.4727270305156708, 0.022308826446533203, 0.8809265494346619, -1.0
vb0[96]+040 BLENDWEIGHTS: 1.0, 0.0, 0.0, 0.0
vb0[96]+056 BLENDINDICES: 0, 0, 0, 0
vb0[96]+072 COLOR: 1.0, 0.5019607843137255, 0.5019607843137255, 0.0
vb0[96]+076 TEXCOORD: 0.8332836627960205, 0.13294054567813873

vb0[97]+000 POSITION: -0.025002704933285713, 1.5639839172363281, 0.10918745398521423
vb0[97]+012 NORMAL: 0.7738010287284851, 0.21968992054462433, 0.5941113829612732
vb0[97]+024 TANGENT: 0.8704173564910889, 0.3291643559932709, 0.3660935163497925, -1.0
vb0[97]+040 BLENDWEIGHTS: 1.0, 0.0, 0.0, 0.0
vb0[97]+056 BLENDINDICES: 0, 0, 0, 0
vb0[97]+072 COLOR: 1.0, 0.5019607843137255, 0.5019607843137255, 0.0
vb0[97]+076 TEXCOORD: 0.8317505121231079, 0.1491672396659851

vb0[98]+000 POSITION: -0.02531346306204796, 1.5638195276260376, 0.1100497767329216
vb0[98]+012 NORMAL: 0.7778970003128052, 0.2105458676815033, 0.5920698046684265
vb0[98]+024 TANGENT: 0.44967636466026306, 0.11972129344940186, 0.8851315975189209, -1.0
vb0[98]+040 BLENDWEIGHTS: 1.0, 0.0, 0.0, 0.0
vb0[98]+056 BLENDINDICES: 0, 0, 0, 0
vb0[98]+072 COLOR: 1.0, 0.5019607843137255, 0.5019607843137255, 0.0
vb0[98]+076 TEXCOORD: 0.8375066518783569, 0.14709241688251495

vb0[99]+000 POSITION: -0.026130834594368935, 1.566236972808838, 0.10930147022008896
vb0[99]+012 NORMAL: 0.6724510788917542, 0.3911053240299225, 0.6283679604530334
vb0[99]+024 TANGENT: 0.7708040475845337, 0.514496922492981, 0.3757047653198242, -1.0
vb0[99]+040 BLENDWEIGHTS: 1.0, 0.0, 0.0, 0.0
vb0[99]+056 BLENDINDICES: 0, 0, 0, 0
vb0[99]+072 COLOR: 1.0, 0.5019607843137255, 0.5019607843137255, 0.0
vb0[99]+076 TEXCOORD: 0.8392101526260376, 0.16498008370399475

vb0[100]+000 POSITION: -0.026417426764965057, 1.5660470724105835, 0.11017585545778275
vb0[100]+012 NORMAL: 0.6839469075202942, 0.3748916685581207, 0.6258377432823181
vb0[100]+024 TANGENT: 0.40824201703071594, 0.2515801191329956, 0.8775225877761841, -1.0
vb0[100]+040 BLENDWEIGHTS: 1.0, 0.0, 0.0, 0.0
vb0[100]+056 BLENDINDICES: 0, 0, 0, 0
vb0[100]+072 COLOR: 1.0, 0.5019607843137255, 0.5019607843137255, 0.0
vb0[100]+076 TEXCOORD: 0.8444535136222839, 0.16177822649478912

vb0[101]+000 POSITION: -0.02793719619512558, 1.5682178735733032, 0.10932674258947372
vb0[101]+012 NORMAL: 0.48282599449157715, 0.5826162099838257, 0.6537870168685913
vb0[101]+024 TANGENT: 0.5836837291717529, 0.7175823450088501, 0.3799854815006256, -1.0
vb0[101]+040 BLENDWEIGHTS: 1.0, 0.0, 0.0, 0.0
vb0[101]+056 BLENDINDICES: 0, 0, 0, 0
vb0[101]+072 COLOR: 1.0, 0.5019607843137255, 0.5019607843137255, 0.0
vb0[101]+076 TEXCOORD: 0.8514444231987, 0.1791463941335678

vb0[102]+000 POSITION: -0.02819879911839962, 1.5679709911346436, 0.11018530279397964
vb0[102]+012 NORMAL: 0.49079442024230957, 0.5765868425369263, 0.6531985998153687
vb0[102]+024 TANGENT: 0.3015836775302887, 0.3801352083683014, 0.8743824362754822, -1.0
vb0[102]+040 BLENDWEIGHTS: 1.0, 0.0, 0.0, 0.0
vb0[102]+056 BLENDINDICES: 0, 0, 0, 0
vb0[102]+072 COLOR: 1.0, 0.5019607843137255, 0.5019607843137255, 0.0
vb0[102]+076 TEXCOORD: 0.8557054400444031, 0.17474868893623352

vb0[103]+000 POSITION: -0.030400386080145836, 1.5696662664413452, 0.10929540544748306
vb0[103]+012 NORMAL: 0.2737046778202057, 0.7016745209693909, 0.657828688621521
vb0[103]+024 TANGENT: 0.3570532500743866, 0.8548756837844849, 0.3764311969280243, -1.0
vb0[103]+040 BLENDWEIGHTS: 1.0, 0.0, 0.0, 0.0
vb0[103]+056 BLENDINDICES: 0, 0, 0, 0
vb0[103]+072 COLOR: 1.0, 0.5019607843137255, 0.5019607843137255, 0.0
vb0[103]+076 TEXCOORD: 0.868131160736084, 0.1899125576019287

vb0[104]+000 POSITION: -0.030635153874754906, 1.5693923234939575, 0.11014958471059799
vb0[104]+012 NORMAL: 0.27122601866722107, 0.702678382396698, 0.6577839255332947
vb0[104]+024 TANGENT: 0.16021877527236938, 0.4579755663871765, 0.8744074106216431, -1.0
vb0[104]+040 BLENDWEIGHTS: 1.0, 0.0, 0.0, 0.0
vb0[104]+056 BLENDINDICES: 0, 0, 0, 0
vb0[104]+072 COLOR: 1.0, 0.5019607843137255, 0.5019607843137255, 0.0
vb0[104]+076 TEXCOORD: 0.8712804913520813, 0.1846933513879776

vb0[105]+000 POSITION: -0.03298846259713173, 1.5703920125961304, 0.10917677730321884
vb0[105]+012 NORMAL: 0.08683162182569504, 0.7554577589035034, 0.6494181752204895
vb0[105]+024 TANGENT: 0.14047254621982574, 0.9225021600723267, 0.35952380299568176, -1.0
vb0[105]+040 BLENDWEIGHTS: 1.0, 0.0, 0.0, 0.0
vb0[105]+056 BLENDINDICES: 0, 0, 0, 0
vb0[105]+072 COLOR: 1.0, 0.5019607843137255, 0.5019607843137255, 0.0
vb0[105]+076 TEXCOORD: 0.885888397693634, 0.19575025141239166

vb0[106]+000 POSITION: -0.03319476917386055, 1.5700842142105103, 0.11002274602651596
vb0[106]+012 NORMAL: 0.08314361423254013, 0.7560321688652039, 0.6492321491241455
vb0[106]+024 TANGENT: 0.023837029933929443, 0.49041688442230225, 0.871161937713623, -1.0
vb0[106]+040 BLENDWEIGHTS: 1.0, 0.0, 0.0, 0.0
vb0[106]+056 BLENDINDICES: 0, 0, 0, 0
vb0[106]+072 COLOR: 1.0, 0.5019607843137255, 0.5019607843137255, 0.0
vb0[106]+076 TEXCOORD: 0.887853741645813, 0.18999186158180237

vb0[107]+000 POSITION: -0.03547626733779907, 1.5705523490905762, 0.10898758471012115
vb0[107]+012 NORMAL: -0.05084997043013573, 0.766608476638794, 0.6400982141494751
vb0[107]+024 TANGENT: -0.03249025344848633, 0.9407034516334534, 0.3376706838607788, -1.0
vb0[107]+040 BLENDWEIGHTS: 1.0, 0.0, 0.0, 0.0
vb0[107]+056 BLENDINDICES: 0, 0, 0, 0
vb0[107]+072 COLOR: 1.0, 0.5019607843137255, 0.5019607843137255, 0.0
vb0[107]+076 TEXCOORD: 0.90313720703125, 0.19768953323364258

vb0[108]+000 POSITION: -0.03564068675041199, 1.5702476501464844, 0.10983902961015701
vb0[108]+012 NORMAL: -0.05207739397883415, 0.7666001319885254, 0.6400094032287598
vb0[108]+024 TANGENT: -0.09110093861818314, 0.49103835225105286, 0.8663613796234131, -1.0
vb0[108]+040 BLENDWEIGHTS: 1.0, 0.0, 0.0, 0.0
vb0[108]+056 BLENDINDICES: 0, 0, 0, 0
vb0[108]+072 COLOR: 1.0, 0.5019607843137255, 0.5019607843137255, 0.0
vb0[108]+076 TEXCOORD: 0.9038867354393005, 0.19169263541698456

vb0[109]+000 POSITION: -0.037836965173482895, 1.5703904628753662, 0.10870036482810974
vb0[109]+012 NORMAL: -0.15182939171791077, 0.760184109210968, 0.6317183375358582
vb0[109]+024 TANGENT: -0.15221653878688812, 0.9354375004768372, 0.3190402686595917, -1.0
vb0[109]+040 BLENDWEIGHTS: 1.0, 0.0, 0.0, 0.0
vb0[109]+056 BLENDINDICES: 0, 0, 0, 0
vb0[109]+072 COLOR: 1.0, 0.5019607843137255, 0.5019607843137255, 0.0
vb0[109]+076 TEXCOORD: 0.9196973443031311, 0.19703702628612518

vb0[110]+000 POSITION: -0.03792652115225792, 1.5700746774673462, 0.10954926908016205
vb0[110]+012 NORMAL: -0.14897966384887695, 0.7605429887771606, 0.6319648027420044
vb0[110]+024 TANGENT: -0.18369080126285553, 0.4757067561149597, 0.8602097630500793, -1.0
vb0[110]+040 BLENDWEIGHTS: 1.0, 0.0, 0.0, 0.0
vb0[110]+056 BLENDINDICES: 0, 0, 0, 0
vb0[110]+072 COLOR: 1.0, 0.5019607843137255, 0.5019607843137255, 0.0
vb0[110]+076 TEXCOORD: 0.9190277457237244, 0.190984308719635

vb0[111]+000 POSITION: -0.04015173390507698, 1.5697517395019531, 0.10915234684944153
vb0[111]+012 NORMAL: -0.2906147837638855, 0.7301343679428101, 0.6184228658676147
vb0[111]+024 TANGENT: -0.3123835325241089, 0.47663140296936035, 0.821729302406311, -1.0
vb0[111]+040 BLENDWEIGHTS: 1.0, 0.0, 0.0, 0.0
vb0[111]+056 BLENDINDICES: 0, 0, 0, 0
vb0[111]+072 COLOR: 1.0, 0.5019607843137255, 0.5019607843137255, 0.0
vb0[111]+076 TEXCOORD: 0.9338210821151733, 0.18883702158927917

vb0[112]+000 POSITION: -0.04011929780244827, 1.5700308084487915, 0.10829988121986389
vb0[112]+012 NORMAL: -0.30272728204727173, 0.7265617847442627, 0.616817831993103
vb0[112]+024 TANGENT: -0.32130658626556396, 0.9041558504104614, 0.28153908252716064, -1.0
vb0[112]+040 BLENDWEIGHTS: 1.0, 0.0, 0.0, 0.0
vb0[112]+056 BLENDINDICES: 0, 0, 0, 0
vb0[112]+072 COLOR: 1.0, 0.5019607843137255, 0.5019607843137255, 0.0
vb0[112]+076 TEXCOORD: 0.9359000325202942, 0.19432757794857025

vb0[113]+000 POSITION: -0.042173974215984344, 1.5689274072647095, 0.10859830677509308
vb0[113]+012 NORMAL: -0.46371781826019287, 0.6621612906455994, 0.5886494517326355
vb0[113]+024 TANGENT: -0.4679335951805115, 0.4121354818344116, 0.7817814946174622, -1.0
vb0[113]+040 BLENDWEIGHTS: 1.0, 0.0, 0.0, 0.0
vb0[113]+056 BLENDINDICES: 0, 0, 0, 0
vb0[113]+072 COLOR: 1.0, 0.5019607843137255, 0.5019607843137255, 0.0
vb0[113]+076 TEXCOORD: 0.9475522637367249, 0.18350370228290558

vb0[114]+000 POSITION: -0.042095694690942764, 1.5691959857940674, 0.10774845629930496
vb0[114]+012 NORMAL: -0.47329041361808777, 0.6571628451347351, 0.586628794670105
vb0[114]+024 TANGENT: -0.5115772485733032, 0.8308495283126831, 0.21903859078884125, -1.0
vb0[114]+040 BLENDWEIGHTS: 1.0, 0.0, 0.0, 0.0
vb0[114]+056 BLENDINDICES: 0, 0, 0, 0
vb0[114]+072 COLOR: 1.0, 0.5019607843137255, 0.5019607843137255, 0.0
vb0[114]+076 TEXCOORD: 0.9504322409629822, 0.18859536945819855

vb0[115]+000 POSITION: -0.04382234439253807, 1.5678670406341553, 0.10796933621168137
vb0[115]+012 NORMAL: -0.5960259437561035, 0.5796756148338318, 0.555634081363678
vb0[115]+024 TANGENT: -0.5766993761062622, 0.3459140956401825, 0.7401089668273926, -1.0
vb0[115]+040 BLENDWEIGHTS: 1.0, 0.0, 0.0, 0.0
vb0[115]+056 BLENDINDICES: 0, 0, 0, 0
vb0[115]+072 COLOR: 1.0, 0.5019607843137255, 0.5019607843137255, 0.0
vb0[115]+076 TEXCOORD: 0.9590359330177307, 0.17648783326148987

vb0[116]+000 POSITION: -0.04376096650958061, 1.568108320236206, 0.10710456967353821
vb0[116]+012 NORMAL: -0.6049836874008179, 0.5729094743728638, 0.5529643297195435
vb0[116]+024 TANGENT: -0.6495778560638428, 0.741707444190979, 0.16708898544311523, -1.0
vb0[116]+040 BLENDWEIGHTS: 1.0, 0.0, 0.0, 0.0
vb0[116]+056 BLENDINDICES: 0, 0, 0, 0
vb0[116]+072 COLOR: 1.0, 0.5019607843137255, 0.5019607843137255, 0.0
vb0[116]+076 TEXCOORD: 0.9629764556884766, 0.1808781921863556

vb0[117]+000 POSITION: -0.045187681913375854, 1.5666179656982422, 0.10731901228427887
vb0[117]+012 NORMAL: -0.7230355739593506, 0.4622536599636078, 0.5133626461029053
vb0[117]+024 TANGENT: -0.6628997921943665, 0.271372526884079, 0.6977971196174622, -1.0
vb0[117]+040 BLENDWEIGHTS: 1.0, 0.0, 0.0, 0.0
vb0[117]+056 BLENDINDICES: 0, 0, 0, 0
vb0[117]+072 COLOR: 1.0, 0.5019607843137255, 0.5019607843137255, 0.0
vb0[117]+076 TEXCOORD: 0.9687418341636658, 0.16808342933654785

vb0[118]+000 POSITION: -0.04514104127883911, 1.5668530464172363, 0.10646221041679382
vb0[118]+012 NORMAL: -0.728703498840332, 0.45575225353240967, 0.5111566781997681
vb0[118]+024 TANGENT: -0.7770898342132568, 0.616972804069519, 0.12440215796232224, -1.0
vb0[118]+040 BLENDWEIGHTS: 1.0, 0.0, 0.0, 0.0
vb0[118]+056 BLENDINDICES: 0, 0, 0, 0
vb0[118]+072 COLOR: 1.0, 0.5019607843137255, 0.5019607843137255, 0.0
vb0[118]+076 TEXCOORD: 0.9733356833457947, 0.17168371379375458

vb0[119]+000 POSITION: -0.04621686041355133, 1.5651408433914185, 0.10674357414245605
vb0[119]+012 NORMAL: -0.8240916728973389, 0.3138965666294098, 0.47153136134147644
vb0[119]+024 TANGENT: -0.7128016352653503, 0.17004598677158356, 0.6804397702217102, -1.0
vb0[119]+040 BLENDWEIGHTS: 1.0, 0.0, 0.0, 0.0
vb0[119]+056 BLENDINDICES: 0, 0, 0, 0
vb0[119]+072 COLOR: 1.0, 0.5019607843137255, 0.5019607843137255, 0.0
vb0[119]+076 TEXCOORD: 0.9762200713157654, 0.1582169085741043

vb0[120]+000 POSITION: -0.04618648439645767, 1.5653531551361084, 0.10585658997297287
vb0[120]+012 NORMAL: -0.8263171315193176, 0.30945098400115967, 0.47057417035102844
vb0[120]+024 TANGENT: -0.8759050965309143, 0.4738292694091797, 0.0909729078412056, -1.0
vb0[120]+040 BLENDWEIGHTS: 1.0, 0.0, 0.0, 0.0
vb0[120]+056 BLENDINDICES: 0, 0, 0, 0
vb0[120]+072 COLOR: 1.0, 0.5019607843137255, 0.5019607843137255, 0.0
vb0[120]+076 TEXCOORD: 0.9815167188644409, 0.16100598871707916

vb0[121]+000 POSITION: -0.04702887311577797, 1.5634331703186035, 0.10615264624357224
vb0[121]+012 NORMAL: -0.8805271983146667, 0.1562754362821579, 0.4474929869174957
vb0[121]+024 TANGENT: -0.74979567527771, 0.07643663883209229, 0.657239556312561, -1.0
vb0[121]+040 BLENDWEIGHTS: 1.0, 0.0, 0.0, 0.0
vb0[121]+056 BLENDINDICES: 0, 0, 0, 0
vb0[121]+072 COLOR: 1.0, 0.5019607843137255, 0.5019607843137255, 0.0
vb0[121]+076 TEXCOORD: 0.9823559522628784, 0.146768718957901

vb0[122]+000 POSITION: -0.04703964665532112, 1.5636096000671387, 0.10527916997671127
vb0[122]+012 NORMAL: -0.8815547823905945, 0.1517043113708496, 0.4470425248146057
vb0[122]+024 TANGENT: -0.9449499249458313, 0.317994087934494, 0.07713139057159424, -1.0
vb0[122]+040 BLENDWEIGHTS: 1.0, 0.0, 0.0, 0.0
vb0[122]+056 BLENDINDICES: 0, 0, 0, 0
vb0[122]+072 COLOR: 1.0, 0.5019607843137255, 0.5019607843137255, 0.0
vb0[122]+076 TEXCOORD: 0.9879368543624878, 0.1485162079334259

vb0[123]+000 POSITION: -0.04752510413527489, 1.5614771842956543, 0.10563204437494278
vb0[123]+012 NORMAL: -0.8966397047042847, 0.016537584364414215, 0.4424518942832947
vb0[123]+024 TANGENT: -0.7521252632141113, -0.02657407708466053, 0.6584842205047607, -1.0
vb0[123]+040 BLENDWEIGHTS: 1.0, 0.0, 0.0, 0.0
vb0[123]+056 BLENDINDICES: 0, 0, 0, 0
vb0[123]+072 COLOR: 1.0, 0.5019607843137255, 0.5019607843137255, 0.0
vb0[123]+076 TEXCOORD: 0.9864214062690735, 0.1337086409330368

vb0[124]+000 POSITION: -0.047572698444128036, 1.5616168975830078, 0.10473068058490753
vb0[124]+012 NORMAL: -0.8965901732444763, 0.013731429353356361, 0.44264814257621765
vb0[124]+024 TANGENT: -0.9853687882423401, 0.14975357055664062, 0.08137775212526321, -1.0
vb0[124]+040 BLENDWEIGHTS: 1.0, 0.0, 0.0, 0.0
vb0[124]+056 BLENDINDICES: 0, 0, 0, 0
vb0[124]+072 COLOR: 1.0, 0.5019607843137255, 0.5019607843137255, 0.0
vb0[124]+076 TEXCOORD: 0.9923497438430786, 0.13452236354351044

vb0[125]+000 POSITION: -0.04769689589738846, 1.5594357252120972, 0.10517901182174683
vb0[125]+012 NORMAL: -0.8864326477050781, -0.07243135571479797, 0.45715534687042236
vb0[125]+024 TANGENT: -0.7372595071792603, -0.09736794233322144, 0.6685565710067749, -1.0
vb0[125]+040 BLENDWEIGHTS: 1.0, 0.0, 0.0, 0.0
vb0[125]+056 BLENDINDICES: 0, 0, 0, 0
vb0[125]+072 COLOR: 1.0, 0.5019607843137255, 0.5019607843137255, 0.0
vb0[125]+076 TEXCOORD: 0.9883806705474854, 0.12006548047065735

vb0[126]+000 POSITION: -0.04778965935111046, 1.5595203638076782, 0.10430645942687988
vb0[126]+012 NORMAL: -0.885865330696106, -0.07454484701156616, 0.4579145610332489
vb0[126]+024 TANGENT: -0.9943284392356873, 0.015889881178736687, 0.10515915602445602, -1.0
vb0[126]+040 BLENDWEIGHTS: 1.0, 0.0, 0.0, 0.0
vb0[126]+056 BLENDINDICES: 0, 0, 0, 0
vb0[126]+072 COLOR: 1.0, 0.5019607843137255, 0.5019607843137255, 0.0
vb0[126]+076 TEXCOORD: 0.99419766664505, 0.12001100182533264

vb0[127]+000 POSITION: -0.04764063283801079, 1.5573927164077759, 0.10488474369049072
vb0[127]+012 NORMAL: -0.8661206364631653, -0.15261007845401764, 0.4759677052497864
vb0[127]+024 TANGENT: -0.7091799974441528, -0.1584417223930359, 0.686993420124054, -1.0
vb0[127]+040 BLENDWEIGHTS: 1.0, 0.0, 0.0, 0.0
vb0[127]+056 BLENDINDICES: 0, 0, 0, 0
vb0[127]+072 COLOR: 1.0, 0.5019607843137255, 0.5019607843137255, 0.0
vb0[127]+076 TEXCOORD: 0.98850417137146, 0.10642272979021072

vb0[128]+000 POSITION: -0.047767553478479385, 1.5574259757995605, 0.10397984087467194
vb0[128]+012 NORMAL: -0.8649708032608032, -0.15709280967712402, 0.4765998423099518
vb0[128]+024 TANGENT: -0.9850172400474548, -0.11052911728620529, 0.132379412651062, -1.0
vb0[128]+040 BLENDWEIGHTS: 1.0, 0.0, 0.0, 0.0
vb0[128]+056 BLENDINDICES: 0, 0, 0, 0
vb0[128]+072 COLOR: 1.0, 0.5019607843137255, 0.5019607843137255, 0.0
vb0[128]+076 TEXCOORD: 0.9944332838058472, 0.10557738691568375

vb0[129]+000 POSITION: -0.04730274900794029, 1.5553444623947144, 0.10459259152412415
vb0[129]+012 NORMAL: -0.843656063079834, -0.22704216837882996, 0.4865143895149231
vb0[129]+024 TANGENT: -0.6871462464332581, -0.21777281165122986, 0.6931126713752747, -1.0
vb0[129]+040 BLENDWEIGHTS: 1.0, 0.0, 0.0, 0.0
vb0[129]+056 BLENDINDICES: 0, 0, 0, 0
vb0[129]+072 COLOR: 1.0, 0.5019607843137255, 0.5019607843137255, 0.0
vb0[129]+076 TEXCOORD: 0.9869772791862488, 0.09270062297582626

vb0[130]+000 POSITION: -0.047438349574804306, 1.5553181171417236, 0.10371270030736923
vb0[130]+012 NORMAL: -0.8424022793769836, -0.2304885983467102, 0.48706623911857605
vb0[130]+024 TANGENT: -0.9660441875457764, -0.20905527472496033, 0.15183672308921814, -1.0
vb0[130]+040 BLENDWEIGHTS: 1.0, 0.0, 0.0, 0.0
vb0[130]+056 BLENDINDICES: 0, 0, 0, 0
vb0[130]+072 COLOR: 1.0, 0.5019607843137255, 0.5019607843137255, 0.0
vb0[130]+076 TEXCOORD: 0.9926450252532959, 0.09112828969955444

vb0[131]+000 POSITION: -0.04682890325784683, 1.5533214807510376, 0.10439940541982651
vb0[131]+012 NORMAL: -0.8217897415161133, -0.2850663959980011, 0.4933546185493469
vb0[131]+024 TANGENT: -0.664547860622406, -0.2616226077079773, 0.6999498605728149, -1.0
vb0[131]+040 BLENDWEIGHTS: 1.0, 0.0, 0.0, 0.0
vb0[131]+056 BLENDINDICES: 0, 0, 0, 0
vb0[131]+072 COLOR: 1.0, 0.5019607843137255, 0.5019607843137255, 0.0
vb0[131]+076 TEXCOORD: 0.9842309355735779, 0.07917191833257675

vb0[132]+000 POSITION: -0.0469672828912735, 1.553233027458191, 0.1034630686044693
vb0[132]+012 NORMAL: -0.8193739056587219, -0.29115089774131775, 0.4938195049762726
vb0[132]+024 TANGENT: -0.9380664825439453, -0.30108922719955444, 0.17139600217342377, -1.0
vb0[132]+040 BLENDWEIGHTS: 1.0, 0.0, 0.0, 0.0
vb0[132]+056 BLENDINDICES: 0, 0, 0, 0
vb0[132]+072 COLOR: 1.0, 0.5019607843137255, 0.5019607843137255, 0.0
vb0[132]+076 TEXCOORD: 0.9899786114692688, 0.07676466554403305

vb0[133]+000 POSITION: -0.04613695666193962, 1.5514541864395142, 0.10421255230903625
vb0[133]+012 NORMAL: -0.7991394996643066, -0.3335152566432953, 0.5001435875892639
vb0[133]+024 TANGENT: -0.6355390548706055, -0.3153608739376068, 0.7047251462936401, -1.0
vb0[133]+040 BLENDWEIGHTS: 1.0, 0.0, 0.0, 0.0
vb0[133]+056 BLENDINDICES: 0, 0, 0, 0
vb0[133]+072 COLOR: 1.0, 0.5019607843137255, 0.5019607843137255, 0.0
vb0[133]+076 TEXCOORD: 0.9802416563034058, 0.0665937066078186

vb0[134]+000 POSITION: -0.046273164451122284, 1.5513068437576294, 0.10329236090183258
vb0[134]+012 NORMAL: -0.7974629998207092, -0.3360123038291931, 0.5011471509933472
vb0[134]+024 TANGENT: -0.8999240398406982, -0.3907090425491333, 0.19360578060150146, -1.0
vb0[134]+040 BLENDWEIGHTS: 1.0, 0.0, 0.0, 0.0
vb0[134]+056 BLENDINDICES: 0, 0, 0, 0
vb0[134]+072 COLOR: 1.0, 0.5019607843137255, 0.5019607843137255, 0.0
vb0[134]+076 TEXCOORD: 0.9856442809104919, 0.06354444473981857

vb0[135]+000 POSITION: -0.04536161944270134, 1.5497993230819702, 0.10412666201591492
vb0[135]+012 NORMAL: -0.7795847058296204, -0.36424723267555237, 0.5094817876815796
vb0[135]+024 TANGENT: -0.6115242838859558, -0.3398124873638153, 0.7145386338233948, -1.0
vb0[135]+040 BLENDWEIGHTS: 1.0, 0.0, 0.0, 0.0
vb0[135]+056 BLENDINDICES: 0, 0, 0, 0
vb0[135]+072 COLOR: 1.0, 0.5019607843137255, 0.5019607843137255, 0.0
vb0[135]+076 TEXCOORD: 0.9754593372344971, 0.055483028292655945

vb0[136]+000 POSITION: -0.04548424482345581, 1.5495964288711548, 0.10320213437080383
vb0[136]+012 NORMAL: -0.7769358158111572, -0.36856529116630554, 0.5104216933250427
vb0[136]+024 TANGENT: -0.8628720045089722, -0.4585733413696289, 0.2125139981508255, -1.0
vb0[136]+040 BLENDWEIGHTS: 1.0, 0.0, 0.0, 0.0
vb0[136]+056 BLENDINDICES: 0, 0, 0, 0
vb0[136]+072 COLOR: 1.0, 0.5019607843137255, 0.5019607843137255, 0.0
vb0[136]+076 TEXCOORD: 0.9805859327316284, 0.05184144899249077

vb0[137]+000 POSITION: -0.0445268340408802, 1.548341989517212, 0.10409870743751526
vb0[137]+012 NORMAL: -0.7499057650566101, -0.4109535813331604, 0.5184193253517151
vb0[137]+024 TANGENT: -0.592796802520752, -0.3757656216621399, 0.7123146057128906, -1.0
vb0[137]+040 BLENDWEIGHTS: 1.0, 0.0, 0.0, 0.0
vb0[137]+056 BLENDINDICES: 0, 0, 0, 0
vb0[137]+072 COLOR: 1.0, 0.5019607843137255, 0.5019607843137255, 0.0
vb0[137]+076 TEXCOORD: 0.9701855182647705, 0.04571573808789253

vb0[138]+000 POSITION: -0.04462609067559242, 1.5481034517288208, 0.10318407416343689
vb0[138]+012 NORMAL: -0.7463987469673157, -0.41622376441955566, 0.5192753076553345
vb0[138]+024 TANGENT: -0.8099056482315063, -0.5405100584030151, 0.227819561958313, -1.0
vb0[138]+040 BLENDWEIGHTS: 1.0, 0.0, 0.0, 0.0
vb0[138]+056 BLENDINDICES: 0, 0, 0, 0
vb0[138]+072 COLOR: 1.0, 0.5019607843137255, 0.5019607843137255, 0.0
vb0[138]+076 TEXCOORD: 0.9749352335929871, 0.04163724556565285

vb0[139]+000 POSITION: -0.04356374219059944, 1.5470867156982422, 0.10418333858251572
vb0[139]+012 NORMAL: -0.7035112380981445, -0.47380906343460083, 0.5296952724456787
vb0[139]+024 TANGENT: -0.5590985417366028, -0.41034528613090515, 0.7204343676567078, -1.0
vb0[139]+040 BLENDWEIGHTS: 1.0, 0.0, 0.0, 0.0
vb0[139]+056 BLENDINDICES: 0, 0, 0, 0
vb0[139]+072 COLOR: 1.0, 0.5019607843137255, 0.5019607843137255, 0.0
vb0[139]+076 TEXCOORD: 0.9639407992362976, 0.03732384741306305

vb0[140]+000 POSITION: -0.04363811016082764, 1.5468178987503052, 0.10325966775417328
vb0[140]+012 NORMAL: -0.7000834345817566, -0.47798317670822144, 0.5304858684539795
vb0[140]+024 TANGENT: -0.7391666173934937, -0.6272813081741333, 0.24525676667690277, -1.0
vb0[140]+040 BLENDWEIGHTS: 1.0, 0.0, 0.0, 0.0
vb0[140]+056 BLENDINDICES: 0, 0, 0, 0
vb0[140]+072 COLOR: 1.0, 0.5019607843137255, 0.5019607843137255, 0.0
vb0[140]+076 TEXCOORD: 0.9683771729469299, 0.032788511365652084

vb0[141]+000 POSITION: -0.042441003024578094, 1.5459760427474976, 0.10436061024665833
vb0[141]+012 NORMAL: -0.6360375285148621, -0.5449601411819458, 0.5463284254074097
vb0[141]+024 TANGENT: -0.5226843953132629, -0.4386018216609955, 0.731046736240387, -1.0
vb0[141]+040 BLENDWEIGHTS: 1.0, 0.0, 0.0, 0.0
vb0[141]+056 BLENDINDICES: 0, 0, 0, 0
vb0[141]+072 COLOR: 1.0, 0.5019607843137255, 0.5019607843137255, 0.0
vb0[141]+076 TEXCOORD: 0.9565627574920654, 0.029874878004193306

vb0[142]+000 POSITION: -0.04249996691942215, 1.545683741569519, 0.10344767570495605
vb0[142]+012 NORMAL: -0.6346249580383301, -0.5462521314620972, 0.5466806888580322
vb0[142]+024 TANGENT: -0.6646384000778198, -0.6983838081359863, 0.26554834842681885, -1.0
vb0[142]+040 BLENDWEIGHTS: 1.0, 0.0, 0.0, 0.0
vb0[142]+056 BLENDINDICES: 0, 0, 0, 0
vb0[142]+072 COLOR: 1.0, 0.5019607843137255, 0.5019607843137255, 0.0
vb0[142]+076 TEXCOORD: 0.9605883359909058, 0.025054238736629486

vb0[143]+000 POSITION: -0.04123161733150482, 1.5446959733963013, 0.10372535139322281
vb0[143]+012 NORMAL: -0.5400843024253845, -0.621414065361023, 0.5675855875015259
vb0[143]+024 TANGENT: -0.5774170756340027, -0.7636790871620178, 0.28876233100891113, -1.0
vb0[143]+040 BLENDWEIGHTS: 1.0, 0.0, 0.0, 0.0
vb0[143]+056 BLENDINDICES: 0, 0, 0, 0
vb0[143]+072 COLOR: 1.0, 0.5019607843137255, 0.5019607843137255, 0.0
vb0[143]+076 TEXCOORD: 0.951789379119873, 0.018293965607881546

vb0[144]+000 POSITION: -0.04120132327079773, 1.5450106859207153, 0.104620061814785
vb0[144]+012 NORMAL: -0.537655234336853, -0.6231004595756531, 0.5680427551269531
vb0[144]+024 TANGENT: -0.4805750846862793, -0.47027239203453064, 0.740196943283081, -1.0
vb0[144]+040 BLENDWEIGHTS: 1.0, 0.0, 0.0, 0.0
vb0[144]+056 BLENDINDICES: 0, 0, 0, 0
vb0[144]+072 COLOR: 1.0, 0.5019607843137255, 0.5019607843137255, 0.0
vb0[144]+076 TEXCOORD: 0.9482764601707458, 0.023435892537236214

vb0[145]+000 POSITION: -0.03972355276346207, 1.5438365936279297, 0.10408815741539001
vb0[145]+012 NORMAL: -0.4256870746612549, -0.6907238364219666, 0.5845434665679932
vb0[145]+024 TANGENT: -0.4611222445964813, -0.8300282955169678, 0.31371843814849854, -1.0
vb0[145]+040 BLENDWEIGHTS: 1.0, 0.0, 0.0, 0.0
vb0[145]+056 BLENDINDICES: 0, 0, 0, 0
vb0[145]+072 COLOR: 1.0, 0.5019607843137255, 0.5019607843137255, 0.0
vb0[145]+076 TEXCOORD: 0.9412223100662231, 0.012339475564658642

vb0[146]+000 POSITION: -0.039730269461870193, 1.5441776514053345, 0.1049703061580658
vb0[146]+012 NORMAL: -0.4188830256462097, -0.6942569017410278, 0.5852729678153992
vb0[146]+024 TANGENT: -0.41763004660606384, -0.5083919167518616, 0.7530755996704102, -1.0
vb0[146]+040 BLENDWEIGHTS: 1.0, 0.0, 0.0, 0.0
vb0[146]+056 BLENDINDICES: 0, 0, 0, 0
vb0[146]+072 COLOR: 1.0, 0.5019607843137255, 0.5019607843137255, 0.0
vb0[146]+076 TEXCOORD: 0.9383838176727295, 0.017860926687717438

vb0[147]+000 POSITION: -0.03814714401960373, 1.5432698726654053, 0.1044718399643898
vb0[147]+012 NORMAL: -0.29464754462242126, -0.7492482662200928, 0.5931355953216553
vb0[147]+024 TANGENT: -0.3129206895828247, -0.8888395428657532, 0.3347311019897461, -1.0
vb0[147]+040 BLENDWEIGHTS: 1.0, 0.0, 0.0, 0.0
vb0[147]+056 BLENDINDICES: 0, 0, 0, 0
vb0[147]+072 COLOR: 1.0, 0.5019607843137255, 0.5019607843137255, 0.0
vb0[147]+076 TEXCOORD: 0.9301002025604248, 0.008206072263419628

vb0[148]+000 POSITION: -0.038198940455913544, 1.5436248779296875, 0.10536029934883118
vb0[148]+012 NORMAL: -0.2854105532169342, -0.752661943435669, 0.5933301448822021
vb0[148]+024 TANGENT: -0.3304727375507355, -0.5472899079322815, 0.7689353823661804, -1.0
vb0[148]+040 BLENDWEIGHTS: 1.0, 0.0, 0.0, 0.0
vb0[148]+056 BLENDINDICES: 0, 0, 0, 0
vb0[148]+072 COLOR: 1.0, 0.5019607843137255, 0.5019607843137255, 0.0
vb0[148]+076 TEXCOORD: 0.9280447959899902, 0.014141359366476536

vb0[149]+000 POSITION: -0.03640662878751755, 1.5430032014846802, 0.1048804372549057
vb0[149]+012 NORMAL: -0.17071856558322906, -0.786054790019989, 0.5941153764724731
vb0[149]+024 TANGENT: -0.1496882438659668, -0.9253044128417969, 0.3484325408935547, -1.0
vb0[149]+040 BLENDWEIGHTS: 1.0, 0.0, 0.0, 0.0
vb0[149]+056 BLENDINDICES: 0, 0, 0, 0
vb0[149]+072 COLOR: 1.0, 0.5019607843137255, 0.5019607843137255, 0.0
vb0[149]+076 TEXCOORD: 0.9177469611167908, 0.005932397209107876

vb0[150]+000 POSITION: -0.03649645671248436, 1.5433589220046997, 0.10579375177621841
vb0[150]+012 NORMAL: -0.16250132024288177, -0.7878242135047913, 0.5940760970115662
vb0[150]+024 TANGENT: -0.22234725952148438, -0.5693305134773254, 0.7914697527885437, -1.0
vb0[150]+040 BLENDWEIGHTS: 1.0, 0.0, 0.0, 0.0
vb0[150]+056 BLENDINDICES: 0, 0, 0, 0
vb0[150]+072 COLOR: 1.0, 0.5019607843137255, 0.5019607843137255, 0.0
vb0[150]+076 TEXCOORD: 0.9165540337562561, 0.012271416373550892

vb0[151]+000 POSITION: -0.03453976660966873, 1.543031930923462, 0.10528465360403061
vb0[151]+012 NORMAL: -0.05599345266819, -0.8041367530822754, 0.5918013453483582
vb0[151]+024 TANGENT: 0.011395572684705257, -0.9343096613883972, 0.35628005862236023, -1.0
vb0[151]+040 BLENDWEIGHTS: 1.0, 0.0, 0.0, 0.0
vb0[151]+056 BLENDINDICES: 0, 0, 0, 0
vb0[151]+072 COLOR: 1.0, 0.5019607843137255, 0.5019607843137255, 0.0
vb0[151]+076 TEXCOORD: 0.9044389724731445, 0.00576920947059989

vb0[152]+000 POSITION: -0.03466537594795227, 1.5433803796768188, 0.10619413107633591
vb0[152]+012 NORMAL: -0.049582988023757935, -0.8047330975532532, 0.5915623307228088
vb0[152]+024 TANGENT: -0.10963404923677444, -0.5807057023048401, 0.8066978454589844, -1.0
vb0[152]+040 BLENDWEIGHTS: 1.0, 0.0, 0.0, 0.0
vb0[152]+056 BLENDINDICES: 0, 0, 0, 0
vb0[152]+072 COLOR: 1.0, 0.5019607843137255, 0.5019607843137255, 0.0
vb0[152]+076 TEXCOORD: 0.9042807817459106, 0.012218765914440155

vb0[153]+000 POSITION: -0.03254009038209915, 1.5433928966522217, 0.10565488785505295
vb0[153]+012 NORMAL: 0.07501160353422165, -0.8032639026641846, 0.5908809900283813
vb0[153]+024 TANGENT: 0.1840970516204834, -0.9141189455986023, 0.3612407445907593, -1.0
vb0[153]+040 BLENDWEIGHTS: 1.0, 0.0, 0.0, 0.0
vb0[153]+056 BLENDINDICES: 0, 0, 0, 0
vb0[153]+072 COLOR: 1.0, 0.5019607843137255, 0.5019607843137255, 0.0
vb0[153]+076 TEXCOORD: 0.8902041912078857, 0.007815874181687832

vb0[154]+000 POSITION: -0.032721541821956635, 1.5437203645706177, 0.10658483952283859
vb0[154]+012 NORMAL: 0.08209319412708282, -0.8025460243225098, 0.5909151434898376
vb0[154]+024 TANGENT: 0.01063311006873846, -0.5729890465736389, 0.8194940090179443, -1.0
vb0[154]+040 BLENDWEIGHTS: 1.0, 0.0, 0.0, 0.0
vb0[154]+056 BLENDINDICES: 0, 0, 0, 0
vb0[154]+072 COLOR: 1.0, 0.5019607843137255, 0.5019607843137255, 0.0
vb0[154]+076 TEXCOORD: 0.8912749290466309, 0.014299009926617146

vb0[155]+000 POSITION: -0.0305190347135067, 1.544169545173645, 0.10599335283041
vb0[155]+012 NORMAL: 0.2229333221912384, -0.7698961496353149, 0.5979638695716858
vb0[155]+024 TANGENT: 0.35162633657455444, -0.8589046001434326, 0.3723464012145996, -1.0
vb0[155]+040 BLENDWEIGHTS: 1.0, 0.0, 0.0, 0.0
vb0[155]+056 BLENDINDICES: 0, 0, 0, 0
vb0[155]+072 COLOR: 1.0, 0.5019607843137255, 0.5019607843137255, 0.0
vb0[155]+076 TEXCOORD: 0.8758028745651245, 0.012762649916112423

vb0[156]+000 POSITION: -0.030759083107113838, 1.5444670915603638, 0.10692225396633148
vb0[156]+012 NORMAL: 0.23176057636737823, -0.766590416431427, 0.5988540649414062
vb0[156]+024 TANGENT: 0.12359029799699783, -0.5392186045646667, 0.8330478668212891, -1.0
vb0[156]+040 BLENDWEIGHTS: 1.0, 0.0, 0.0, 0.0
vb0[156]+056 BLENDINDICES: 0, 0, 0, 0
vb0[156]+072 COLOR: 1.0, 0.5019607843137255, 0.5019607843137255, 0.0
vb0[156]+076 TEXCOORD: 0.8781324028968811, 0.018944187089800835

vb0[157]+000 POSITION: -0.02874809131026268, 1.5452370643615723, 0.10631932318210602
vb0[157]+012 NORMAL: 0.37962061166763306, -0.6944738030433655, 0.611223578453064
vb0[157]+024 TANGENT: 0.5068334341049194, -0.7678461074829102, 0.3918318450450897, -1.0
vb0[157]+040 BLENDWEIGHTS: 1.0, 0.0, 0.0, 0.0
vb0[157]+056 BLENDINDICES: 0, 0, 0, 0
vb0[157]+072 COLOR: 1.0, 0.5019607843137255, 0.5019607843137255, 0.0
vb0[157]+076 TEXCOORD: 0.8632436394691467, 0.02003398910164833

vb0[158]+000 POSITION: -0.0290469229221344, 1.5455021858215332, 0.10720761865377426
vb0[158]+012 NORMAL: 0.3954275846481323, -0.6847228407859802, 0.6122022271156311
vb0[158]+024 TANGENT: 0.21845942735671997, -0.4996854066848755, 0.83820641040802, -1.0
vb0[158]+040 BLENDWEIGHTS: 1.0, 0.0, 0.0, 0.0
vb0[158]+056 BLENDINDICES: 0, 0, 0, 0
vb0[158]+072 COLOR: 1.0, 0.5019607843137255, 0.5019607843137255, 0.0
vb0[158]+076 TEXCOORD: 0.866595447063446, 0.025509508326649666

vb0[159]+000 POSITION: -0.027391590178012848, 1.5465692281723022, 0.1066465675830841
vb0[159]+012 NORMAL: 0.5299456119537354, -0.5838889479637146, 0.6150051355361938
vb0[159]+024 TANGENT: 0.643403172492981, -0.6495697498321533, 0.405082106590271, -1.0
vb0[159]+040 BLENDWEIGHTS: 1.0, 0.0, 0.0, 0.0
vb0[159]+056 BLENDINDICES: 0, 0, 0, 0
vb0[159]+072 COLOR: 1.0, 0.5019607843137255, 0.5019607843137255, 0.0
vb0[159]+076 TEXCOORD: 0.8533225059509277, 0.029014714062213898

vb0[160]+000 POSITION: -0.027716048061847687, 1.5467944145202637, 0.1075364202260971
vb0[160]+012 NORMAL: 0.5478829741477966, -0.5674686431884766, 0.6146572232246399
vb0[160]+024 TANGENT: 0.2869137227535248, -0.42876461148262024, 0.8566454648971558, -1.0
vb0[160]+040 BLENDWEIGHTS: 1.0, 0.0, 0.0, 0.0
vb0[160]+056 BLENDINDICES: 0, 0, 0, 0
vb0[160]+072 COLOR: 1.0, 0.5019607843137255, 0.5019607843137255, 0.0
vb0[160]+076 TEXCOORD: 0.8574678301811218, 0.03388335555791855

vb0[161]+000 POSITION: -0.02634020335972309, 1.5480329990386963, 0.10694003105163574
vb0[161]+012 NORMAL: 0.6440053582191467, -0.46106311678886414, 0.6104734539985657
vb0[161]+024 TANGENT: 0.7377788424491882, -0.5363709926605225, 0.4098640978336334, -1.0
vb0[161]+040 BLENDWEIGHTS: 1.0, 0.0, 0.0, 0.0
vb0[161]+056 BLENDINDICES: 0, 0, 0, 0
vb0[161]+072 COLOR: 1.0, 0.5019607843137255, 0.5019607843137255, 0.0
vb0[161]+076 TEXCOORD: 0.8455591797828674, 0.03901045769453049

vb0[162]+000 POSITION: -0.026687629520893097, 1.548225998878479, 0.10780523717403412
vb0[162]+012 NORMAL: 0.6562494039535522, -0.44437578320503235, 0.6098088622093201
vb0[162]+024 TANGENT: 0.34185683727264404, -0.3513333797454834, 0.8716070055961609, -1.0
vb0[162]+040 BLENDWEIGHTS: 1.0, 0.0, 0.0, 0.0
vb0[162]+056 BLENDINDICES: 0, 0, 0, 0
vb0[162]+072 COLOR: 1.0, 0.5019607843137255, 0.5019607843137255, 0.0
vb0[162]+076 TEXCOORD: 0.8502612113952637, 0.04315212368965149

vb0[163]+000 POSITION: -0.025436462834477425, 1.5496858358383179, 0.10715045034885406
vb0[163]+012 NORMAL: 0.7131279706954956, -0.35556143522262573, 0.6041726469993591
vb0[163]+024 TANGENT: 0.801958441734314, -0.4362419545650482, 0.4081122875213623, -1.0
vb0[163]+040 BLENDWEIGHTS: 1.0, 0.0, 0.0, 0.0
vb0[163]+056 BLENDINDICES: 0, 0, 0, 0
vb0[163]+072 COLOR: 1.0, 0.5019607843137255, 0.5019607843137255, 0.0
vb0[163]+076 TEXCOORD: 0.838706910610199, 0.0500316321849823

vb0[164]+000 POSITION: -0.025798127055168152, 1.5498276948928833, 0.10801710933446884
vb0[164]+012 NORMAL: 0.7200618386268616, -0.34296751022338867, 0.6032282114028931
vb0[164]+024 TANGENT: 0.3877962529659271, -0.2987535297870636, 0.8719865083694458, -1.0
vb0[164]+040 BLENDWEIGHTS: 1.0, 0.0, 0.0, 0.0
vb0[164]+056 BLENDINDICES: 0, 0, 0, 0
vb0[164]+072 COLOR: 1.0, 0.5019607843137255, 0.5019607843137255, 0.0
vb0[164]+076 TEXCOORD: 0.8438969254493713, 0.05355316773056984

vb0[165]+000 POSITION: -0.024752246215939522, 1.5514237880706787, 0.10739444196224213
vb0[165]+012 NORMAL: 0.7506483197212219, -0.28124433755874634, 0.597853422164917
vb0[165]+024 TANGENT: 0.8445240259170532, -0.3551318645477295, 0.4008249044418335, -1.0
vb0[165]+040 BLENDWEIGHTS: 1.0, 0.0, 0.0, 0.0
vb0[165]+056 BLENDINDICES: 0, 0, 0, 0
vb0[165]+072 COLOR: 1.0, 0.5019607843137255, 0.5019607843137255, 0.0
vb0[165]+076 TEXCOORD: 0.8332942128181458, 0.06160525977611542

vb0[166]+000 POSITION: -0.025120291858911514, 1.551520824432373, 0.10825181007385254
vb0[166]+012 NORMAL: 0.7536929845809937, -0.27426040172576904, 0.597267210483551
vb0[166]+024 TANGENT: 0.4055394232273102, -0.26697003841400146, 0.8742223978042603, -1.0
vb0[166]+040 BLENDWEIGHTS: 1.0, 0.0, 0.0, 0.0
vb0[166]+056 BLENDINDICES: 0, 0, 0, 0
vb0[166]+072 COLOR: 1.0, 0.5019607843137255, 0.5019607843137255, 0.0
vb0[166]+076 TEXCOORD: 0.838797390460968, 0.06464578956365585

vb0[167]+000 POSITION: -0.024198483675718307, 1.5532864332199097, 0.10767624527215958
vb0[167]+012 NORMAL: 0.7749870419502258, -0.22746630012989044, 0.589621901512146
vb0[167]+024 TANGENT: 0.878510594367981, -0.2772771120071411, 0.3890199661254883, -1.0
vb0[167]+040 BLENDWEIGHTS: 1.0, 0.0, 0.0, 0.0
vb0[167]+056 BLENDINDICES: 0, 0, 0, 0
vb0[167]+072 COLOR: 1.0, 0.5019607843137255, 0.5019607843137255, 0.0
vb0[167]+076 TEXCOORD: 0.8287771940231323, 0.0755515769124031

vb0[168]+000 POSITION: -0.024560650810599327, 1.553338885307312, 0.1085255891084671
vb0[168]+012 NORMAL: 0.7782419323921204, -0.22046475112438202, 0.587992250919342
vb0[168]+024 TANGENT: 0.433502733707428, -0.24037429690361023, 0.8685020208358765, -1.0
vb0[168]+040 BLENDWEIGHTS: 1.0, 0.0, 0.0, 0.0
vb0[168]+056 BLENDINDICES: 0, 0, 0, 0
vb0[168]+072 COLOR: 1.0, 0.5019607843137255, 0.5019607843137255, 0.0
vb0[168]+076 TEXCOORD: 0.8349194526672363, 0.07743190228939056

vb0[169]+000 POSITION: -0.023827284574508667, 1.5553539991378784, 0.10800202190876007
vb0[169]+012 NORMAL: 0.7975031137466431, -0.16967438161373138, 0.5789641737937927
vb0[169]+024 TANGENT: 0.9089664816856384, -0.17881503701210022, 0.3765704035758972, -1.0
vb0[169]+040 BLENDWEIGHTS: 1.0, 0.0, 0.0, 0.0
vb0[169]+056 BLENDINDICES: 0, 0, 0, 0
vb0[169]+072 COLOR: 1.0, 0.5019607843137255, 0.5019607843137255, 0.0
vb0[169]+076 TEXCOORD: 0.8258116245269775, 0.08931169658899307

vb0[170]+000 POSITION: -0.024172067642211914, 1.5553606748580933, 0.10885732620954514
vb0[170]+012 NORMAL: 0.7992326021194458, -0.16396348178386688, 0.5782241821289062
vb0[170]+024 TANGENT: 0.45831337571144104, -0.19502758979797363, 0.8671292066574097, -1.0
vb0[170]+040 BLENDWEIGHTS: 1.0, 0.0, 0.0, 0.0
vb0[170]+056 BLENDINDICES: 0, 0, 0, 0
vb0[170]+072 COLOR: 1.0, 0.5019607843137255, 0.5019607843137255, 0.0
vb0[170]+076 TEXCOORD: 0.831811249256134, 0.09070000797510147

vb0[171]+000 POSITION: 0.024172067642211914, 1.5553606748580933, 0.10885732620954514
vb0[171]+012 NORMAL: 0.22829163074493408, -0.1158556416630745, 0.9666749238967896
vb0[171]+024 TANGENT: -0.45831194519996643, -0.19502831995487213, 0.8671298623085022, -1.0
vb0[171]+040 BLENDWEIGHTS: 1.0, 0.0, 0.0, 0.0
vb0[171]+056 BLENDINDICES: 1, 0, 0, 0
vb0[171]+072 COLOR: 1.0, 0.5019607843137255, 0.5019607843137255, 0.0
vb0[171]+076 TEXCOORD: 0.9869792461395264, 0.09070000797510147

vb0[172]+000 POSITION: 0.035684019327163696, 1.553847312927246, 0.10580909252166748
vb0[172]+012 NORMAL: 0.1674475520849228, -0.12122619152069092, 0.9783994555473328
vb0[172]+024 TANGENT: 0.18430882692337036, -0.11329382658004761, 0.9763169288635254, -1.0
vb0[172]+040 BLENDWEIGHTS: 1.0, 0.0, 0.0, 0.0
vb0[172]+056 BLENDINDICES: 1, 0, 0, 0
vb0[172]+072 COLOR: 1.0, 0.5019607843137255, 0.5019607843137255, 0.0
vb0[172]+076 TEXCOORD: 0.9084138870239258, 0.08082617819309235

vb0[173]+000 POSITION: 0.02402421459555626, 1.5574772357940674, 0.1091882586479187
vb0[173]+012 NORMAL: 0.22305186092853546, -0.13273131847381592, 0.9657278060913086
vb0[173]+024 TANGENT: -0.47833704948425293, -0.13557763397693634, 0.8676475882530212, -1.0
vb0[173]+040 BLENDWEIGHTS: 1.0, 0.0, 0.0, 0.0
vb0[173]+056 BLENDINDICES: 1, 0, 0, 0
vb0[173]+072 COLOR: 1.0, 0.5019607843137255, 0.5019607843137255, 0.0
vb0[173]+076 TEXCOORD: 0.9883741140365601, 0.1048094779253006

vb0[174]+000 POSITION: 0.024560650810599327, 1.553338885307312, 0.1085255891084671
vb0[174]+012 NORMAL: 0.22935891151428223, -0.09644611179828644, 0.9685518145561218
vb0[174]+024 TANGENT: -0.4334987699985504, -0.2403767853975296, 0.8685032725334167, -1.0
vb0[174]+040 BLENDWEIGHTS: 1.0, 0.0, 0.0, 0.0
vb0[174]+056 BLENDINDICES: 1, 0, 0, 0
vb0[174]+072 COLOR: 1.0, 0.5019607843137255, 0.5019607843137255, 0.0
vb0[174]+076 TEXCOORD: 0.9838710427284241, 0.07743190228939056

vb0[175]+000 POSITION: 0.025120291858911514, 1.551520824432373, 0.10825181007385254
vb0[175]+012 NORMAL: 0.22704389691352844, -0.06712212413549423, 0.9715686440467834
vb0[175]+024 TANGENT: -0.4055379331111908, -0.2669704556465149, 0.8742229342460632, -1.0
vb0[175]+040 BLENDWEIGHTS: 1.0, 0.0, 0.0, 0.0
vb0[175]+056 BLENDINDICES: 1, 0, 0, 0
vb0[175]+072 COLOR: 1.0, 0.5019607843137255, 0.5019607843137255, 0.0
vb0[175]+076 TEXCOORD: 0.9799931049346924, 0.06464578956365585

vb0[176]+000 POSITION: 0.025798127055168152, 1.5498276948928833, 0.10801710933446884
vb0[176]+012 NORMAL: 0.218352809548378, -0.037077438086271286, 0.9751653075218201
vb0[176]+024 TANGENT: -0.3877866268157959, -0.29875192046165466, 0.8719913363456726, -1.0
vb0[176]+040 BLENDWEIGHTS: 1.0, 0.0, 0.0, 0.0
vb0[176]+056 BLENDINDICES: 1, 0, 0, 0
vb0[176]+072 COLOR: 1.0, 0.5019607843137255, 0.5019607843137255, 0.0
vb0[176]+076 TEXCOORD: 0.9748935699462891, 0.05355316773056984

vb0[177]+000 POSITION: 0.026687629520893097, 1.548225998878479, 0.10780523717403412
vb0[177]+012 NORMAL: 0.21433661878108978, -0.02411867119371891, 0.9764620661735535
vb0[177]+024 TANGENT: -0.3418486416339874, -0.35133054852485657, 0.8716113567352295, -1.0
vb0[177]+040 BLENDWEIGHTS: 1.0, 0.0, 0.0, 0.0
vb0[177]+056 BLENDINDICES: 1, 0, 0, 0
vb0[177]+072 COLOR: 1.0, 0.5019607843137255, 0.5019607843137255, 0.0
vb0[177]+076 TEXCOORD: 0.9685292840003967, 0.04315212368965149

vb0[178]+000 POSITION: 0.027716048061847687, 1.5467944145202637, 0.1075364202260971
vb0[178]+012 NORMAL: 0.2143486887216568, -0.02531476505100727, 0.9764291048049927
vb0[178]+024 TANGENT: -0.28691327571868896, -0.42876431345939636, 0.8566457033157349, -1.0
vb0[178]+040 BLENDWEIGHTS: 1.0, 0.0, 0.0, 0.0
vb0[178]+056 BLENDINDICES: 1, 0, 0, 0
vb0[178]+072 COLOR: 1.0, 0.5019607843137255, 0.5019607843137255, 0.0
vb0[178]+076 TEXCOORD: 0.9613226652145386, 0.03388335555791855

vb0[179]+000 POSITION: 0.0290469229221344, 1.5455021858215332, 0.10720761865377426
vb0[179]+012 NORMAL: 0.18897829949855804, -0.0020432944875210524, 0.9819791316986084
vb0[179]+024 TANGENT: -0.21845529973506927, -0.4996764063835144, 0.8382128477096558, -1.0
vb0[179]+040 BLENDWEIGHTS: 1.0, 0.0, 0.0, 0.0
vb0[179]+056 BLENDINDICES: 1, 0, 0, 0
vb0[179]+072 COLOR: 1.0, 0.5019607843137255, 0.5019607843137255, 0.0
vb0[179]+076 TEXCOORD: 0.9521950483322144, 0.025509508326649666

vb0[180]+000 POSITION: 0.030759083107113838, 1.5444670915603638, 0.10692225396633148
vb0[180]+012 NORMAL: 0.16077595949172974, 0.021658793091773987, 0.9867532253265381
vb0[180]+024 TANGENT: -0.12358331680297852, -0.5391896367073059, 0.8330676555633545, -1.0
vb0[180]+040 BLENDWEIGHTS: 1.0, 0.0, 0.0, 0.0
vb0[180]+056 BLENDINDICES: 1, 0, 0, 0
vb0[180]+072 COLOR: 1.0, 0.5019607843137255, 0.5019607843137255, 0.0
vb0[180]+076 TEXCOORD: 0.9406580924987793, 0.018944187089800835

vb0[181]+000 POSITION: 0.032721541821956635, 1.5437203645706177, 0.10658483952283859
vb0[181]+012 NORMAL: 0.16209758818149567, 0.02225039154291153, 0.9865238666534424
vb0[181]+024 TANGENT: -0.010626912117004395, -0.5729567408561707, 0.8195167779922485, -1.0
vb0[181]+040 BLENDWEIGHTS: 1.0, 0.0, 0.0, 0.0
vb0[181]+056 BLENDINDICES: 1, 0, 0, 0
vb0[181]+072 COLOR: 1.0, 0.5019607843137255, 0.5019607843137255, 0.0
vb0[181]+076 TEXCOORD: 0.9275155663490295, 0.014299009926617146

vb0[182]+000 POSITION: 0.03466537594795227, 1.5433803796768188, 0.10619413107633591
vb0[182]+012 NORMAL: 0.1731625348329544, 0.019503790885210037, 0.984700083732605
vb0[182]+024 TANGENT: 0.10963202267885208, -0.5806868672370911, 0.8067115545272827, -1.0
vb0[182]+040 BLENDWEIGHTS: 1.0, 0.0, 0.0, 0.0
vb0[182]+056 BLENDINDICES: 1, 0, 0, 0
vb0[182]+072 COLOR: 1.0, 0.5019607843137255, 0.5019607843137255, 0.0
vb0[182]+076 TEXCOORD: 0.9145097136497498, 0.012218765914440155

vb0[183]+000 POSITION: 0.03649645671248436, 1.5433589220046997, 0.10579375177621841
vb0[183]+012 NORMAL: 0.19258183240890503, 0.020259710028767586, 0.9810717701911926
vb0[183]+024 TANGENT: 0.22234465181827545, -0.5693274736404419, 0.7914727330207825, -1.0
vb0[183]+040 BLENDWEIGHTS: 1.0, 0.0, 0.0, 0.0
vb0[183]+056 BLENDINDICES: 1, 0, 0, 0
vb0[183]+072 COLOR: 1.0, 0.5019607843137255, 0.5019607843137255, 0.0
vb0[183]+076 TEXCOORD: 0.9022364616394043, 0.012271416373550892

vb0[184]+000 POSITION: 0.038198940455913544, 1.5436248779296875, 0.10536029934883118
vb0[184]+012 NORMAL: 0.20925550162792206, 0.022243933752179146, 0.9776079058647156
vb0[184]+024 TANGENT: 0.3304768204689026, -0.5472966432571411, 0.7689287066459656, -1.0
vb0[184]+040 BLENDWEIGHTS: 1.0, 0.0, 0.0, 0.0
vb0[184]+056 BLENDINDICES: 1, 0, 0, 0
vb0[184]+072 COLOR: 1.0, 0.5019607843137255, 0.5019607843137255, 0.0
vb0[184]+076 TEXCOORD: 0.8907456994056702, 0.014141359366476536

vb0[185]+000 POSITION: 0.039730269461870193, 1.5441776514053345, 0.1049703061580658
vb0[185]+012 NORMAL: 0.20911136269569397, 0.021780801936984062, 0.9776492714881897
vb0[185]+024 TANGENT: 0.4176366329193115, -0.5084004402160645, 0.7530661821365356, -1.0
vb0[185]+040 BLENDWEIGHTS: 1.0, 0.0, 0.0, 0.0
vb0[185]+056 BLENDINDICES: 1, 0, 0, 0
vb0[185]+072 COLOR: 1.0, 0.5019607843137255, 0.5019607843137255, 0.0
vb0[185]+076 TEXCOORD: 0.8804066777229309, 0.017860926687717438

vb0[186]+000 POSITION: 0.04120132327079773, 1.5450106859207153, 0.104620061814785
vb0[186]+012 NORMAL: 0.20207539200782776, 0.017136944457888603, 0.9792200326919556
vb0[186]+024 TANGENT: 0.48057541251182556, -0.4702721834182739, 0.7401968240737915, -1.0
vb0[186]+040 BLENDWEIGHTS: 1.0, 0.0, 0.0, 0.0
vb0[186]+056 BLENDINDICES: 1, 0, 0, 0
vb0[186]+072 COLOR: 1.0, 0.5019607843137255, 0.5019607843137255, 0.0
vb0[186]+076 TEXCOORD: 0.8705140352249146, 0.023435892537236214

vb0[187]+000 POSITION: 0.042441003024578094, 1.5459760427474976, 0.10436061024665833
vb0[187]+012 NORMAL: 0.18665660917758942, 0.0035519131924957037, 0.9824188351631165
vb0[187]+024 TANGENT: 0.5226850509643555, -0.4386012554168701, 0.7310466766357422, -1.0
vb0[187]+040 BLENDWEIGHTS: 1.0, 0.0, 0.0, 0.0
vb0[187]+056 BLENDINDICES: 1, 0, 0, 0
vb0[187]+072 COLOR: 1.0, 0.5019607843137255, 0.5019607843137255, 0.0
vb0[187]+076 TEXCOORD: 0.862227737903595, 0.029874878004193306

vb0[188]+000 POSITION: 0.04356374219059944, 1.5470867156982422, 0.10418333858251572
vb0[188]+012 NORMAL: 0.165040522813797, -0.020804472267627716, 0.9860673546791077
vb0[188]+024 TANGENT: 0.5590993165969849, -0.4103451669216156, 0.7204337120056152, -1.0
vb0[188]+040 BLENDWEIGHTS: 1.0, 0.0, 0.0, 0.0
vb0[188]+056 BLENDINDICES: 1, 0, 0, 0
vb0[188]+072 COLOR: 1.0, 0.5019607843137255, 0.5019607843137255, 0.0
vb0[188]+076 TEXCOORD: 0.8548496961593628, 0.03732384741306305

vb0[189]+000 POSITION: 0.0445268340408802, 1.548341989517212, 0.10409870743751526
vb0[189]+012 NORMAL: 0.13950204849243164, -0.0589938722550869, 0.9884628653526306
vb0[189]+024 TANGENT: 0.5927875638008118, -0.37576061487197876, 0.7123249769210815, -1.0
vb0[189]+040 BLENDWEIGHTS: 1.0, 0.0, 0.0, 0.0
vb0[189]+056 BLENDINDICES: 1, 0, 0, 0
vb0[189]+072 COLOR: 1.0, 0.5019607843137255, 0.5019607843137255, 0.0
vb0[189]+076 TEXCOORD: 0.8486049771308899, 0.04571573808789253

vb0[190]+000 POSITION: 0.04536161944270134, 1.5497993230819702, 0.10412666201591492
vb0[190]+012 NORMAL: 0.12252412736415863, -0.09036409854888916, 0.9883431792259216
vb0[190]+024 TANGENT: 0.6115188598632812, -0.3398101329803467, 0.714544415473938, -1.0
vb0[190]+040 BLENDWEIGHTS: 1.0, 0.0, 0.0, 0.0
vb0[190]+056 BLENDINDICES: 1, 0, 0, 0
vb0[190]+072 COLOR: 1.0, 0.5019607843137255, 0.5019607843137255, 0.0
vb0[190]+076 TEXCOORD: 0.8433311581611633, 0.055483028292655945

vb0[191]+000 POSITION: 0.04613695666193962, 1.5514541864395142, 0.10421255230903625
vb0[191]+012 NORMAL: 0.1146836057305336, -0.117779441177845, 0.9863952398300171
vb0[191]+024 TANGENT: 0.6355366110801697, -0.31535741686820984, 0.7047290205955505, -1.0
vb0[191]+040 BLENDWEIGHTS: 1.0, 0.0, 0.0, 0.0
vb0[191]+056 BLENDINDICES: 1, 0, 0, 0
vb0[191]+072 COLOR: 1.0, 0.5019607843137255, 0.5019607843137255, 0.0
vb0[191]+076 TEXCOORD: 0.8385488390922546, 0.0665937066078186

vb0[192]+000 POSITION: 0.04682890325784683, 1.5533214807510376, 0.10439940541982651
vb0[192]+012 NORMAL: 0.11180085688829422, -0.12223279476165771, 0.9861844182014465
vb0[192]+024 TANGENT: 0.6645452380180359, -0.26162052154541016, 0.6999530792236328, -1.0
vb0[192]+040 BLENDWEIGHTS: 1.0, 0.0, 0.0, 0.0
vb0[192]+056 BLENDINDICES: 1, 0, 0, 0
vb0[192]+072 COLOR: 1.0, 0.5019607843137255, 0.5019607843137255, 0.0
vb0[192]+076 TEXCOORD: 0.8345595598220825, 0.07917191833257675

vb0[193]+000 POSITION: 0.04730274900794029, 1.5553444623947144, 0.10459259152412415
vb0[193]+012 NORMAL: 0.11468329280614853, -0.13522040843963623, 0.98415607213974
vb0[193]+024 TANGENT: 0.68714439868927, -0.2177748829126358, 0.6931137442588806, -1.0
vb0[193]+040 BLENDWEIGHTS: 1.0, 0.0, 0.0, 0.0
vb0[193]+056 BLENDINDICES: 1, 0, 0, 0
vb0[193]+072 COLOR: 1.0, 0.5019607843137255, 0.5019607843137255, 0.0
vb0[193]+076 TEXCOORD: 0.8318132162094116, 0.09270062297582626

vb0[194]+000 POSITION: 0.04764063283801079, 1.5573927164077759, 0.10488474369049072
vb0[194]+012 NORMAL: 0.1133776530623436, -0.1378793865442276, 0.9839383959770203
vb0[194]+024 TANGENT: 0.7091794013977051, -0.15844601392745972, 0.6869930028915405, -1.0
vb0[194]+040 BLENDWEIGHTS: 1.0, 0.0, 0.0, 0.0
vb0[194]+056 BLENDINDICES: 1, 0, 0, 0
vb0[194]+072 COLOR: 1.0, 0.5019607843137255, 0.5019607843137255, 0.0
vb0[194]+076 TEXCOORD: 0.8302863240242004, 0.10642272979021072

vb0[195]+000 POSITION: 0.04769689589738846, 1.5594357252120972, 0.10517901182174683
vb0[195]+012 NORMAL: 0.1288759410381317, -0.1679210215806961, 0.9773399829864502
vb0[195]+024 TANGENT: 0.7372633814811707, -0.09737122803926468, 0.6685518026351929, -1.0
vb0[195]+040 BLENDWEIGHTS: 1.0, 0.0, 0.0, 0.0
vb0[195]+056 BLENDINDICES: 1, 0, 0, 0
vb0[195]+072 COLOR: 1.0, 0.5019607843137255, 0.5019607843137255, 0.0
vb0[195]+076 TEXCOORD: 0.830409824848175, 0.12006548047065735

vb0[196]+000 POSITION: 0.04752510413527489, 1.5614771842956543, 0.10563204437494278
vb0[196]+012 NORMAL: 0.14290405809879303, -0.19365139305591583, 0.970606803894043
vb0[196]+024 TANGENT: 0.752129077911377, -0.02657615952193737, 0.658479630947113, -1.0
vb0[196]+040 BLENDWEIGHTS: 1.0, 0.0, 0.0, 0.0
vb0[196]+056 BLENDINDICES: 1, 0, 0, 0
vb0[196]+072 COLOR: 1.0, 0.5019607843137255, 0.5019607843137255, 0.0
vb0[196]+076 TEXCOORD: 0.8323690891265869, 0.1337086409330368

vb0[197]+000 POSITION: 0.04702887311577797, 1.5634331703186035, 0.10615264624357224
vb0[197]+012 NORMAL: 0.15663482248783112, -0.209866464138031, 0.9651018381118774
vb0[197]+024 TANGENT: 0.7497987747192383, 0.07643580436706543, 0.6572360992431641, -1.0
vb0[197]+040 BLENDWEIGHTS: 1.0, 0.0, 0.0, 0.0
vb0[197]+056 BLENDINDICES: 1, 0, 0, 0
vb0[197]+072 COLOR: 1.0, 0.5019607843137255, 0.5019607843137255, 0.0
vb0[197]+076 TEXCOORD: 0.836434543132782, 0.146768718957901

vb0[198]+000 POSITION: 0.04621686041355133, 1.5651408433914185, 0.10674357414245605
vb0[198]+012 NORMAL: 0.15802551805973053, -0.21251285076141357, 0.9642956852912903
vb0[198]+024 TANGENT: 0.7128173112869263, 0.17004668712615967, 0.6804230809211731, -1.0
vb0[198]+040 BLENDWEIGHTS: 1.0, 0.0, 0.0, 0.0
vb0[198]+056 BLENDINDICES: 1, 0, 0, 0
vb0[198]+072 COLOR: 1.0, 0.5019607843137255, 0.5019607843137255, 0.0
vb0[198]+076 TEXCOORD: 0.842570424079895, 0.1582169085741043

vb0[199]+000 POSITION: 0.045187681913375854, 1.5666179656982422, 0.10731901228427887
vb0[199]+012 NORMAL: 0.1676086038351059, -0.21834082901477814, 0.9613712430000305
vb0[199]+024 TANGENT: 0.6629113554954529, 0.27137407660484314, 0.6977854371070862, -1.0
vb0[199]+040 BLENDWEIGHTS: 1.0, 0.0, 0.0, 0.0
vb0[199]+056 BLENDINDICES: 1, 0, 0, 0
vb0[199]+072 COLOR: 1.0, 0.5019607843137255, 0.5019607843137255, 0.0
vb0[199]+076 TEXCOORD: 0.8500486612319946, 0.16808342933654785

vb0[200]+000 POSITION: 0.04382234439253807, 1.5678670406341553, 0.10796933621168137
vb0[200]+012 NORMAL: 0.17176777124404907, -0.22168581187725067, 0.9598703980445862
vb0[200]+024 TANGENT: 0.5767062902450562, 0.34592077136039734, 0.7401004433631897, -1.0
vb0[200]+040 BLENDWEIGHTS: 1.0, 0.0, 0.0, 0.0
vb0[200]+056 BLENDINDICES: 1, 0, 0, 0
vb0[200]+072 COLOR: 1.0, 0.5019607843137255, 0.5019607843137255, 0.0
vb0[200]+076 TEXCOORD: 0.8597545623779297, 0.17648783326148987

vb0[201]+000 POSITION: 0.042173974215984344, 1.5689274072647095, 0.10859830677509308
vb0[201]+012 NORMAL: 0.1612590104341507, -0.21781179308891296, 0.9625765085220337
vb0[201]+024 TANGENT: 0.4679402709007263, 0.41214630007743835, 0.7817718982696533, -1.0
vb0[201]+040 BLENDWEIGHTS: 1.0, 0.0, 0.0, 0.0
vb0[201]+056 BLENDINDICES: 1, 0, 0, 0
vb0[201]+072 COLOR: 1.0, 0.5019607843137255, 0.5019607843137255, 0.0
vb0[201]+076 TEXCOORD: 0.8712382316589355, 0.18350370228290558

vb0[202]+000 POSITION: 0.04015173390507698, 1.5697517395019531, 0.10915234684944153
vb0[202]+012 NORMAL: 0.1430402249097824, -0.21343787014484406, 0.9664283990859985
vb0[202]+024 TANGENT: 0.3123827874660492, 0.476635605096817, 0.8217272162437439, -1.0
vb0[202]+040 BLENDWEIGHTS: 1.0, 0.0, 0.0, 0.0
vb0[202]+056 BLENDINDICES: 1, 0, 0, 0
vb0[202]+072 COLOR: 1.0, 0.5019607843137255, 0.5019607843137255, 0.0
vb0[202]+076 TEXCOORD: 0.8849694132804871, 0.18883702158927917

vb0[203]+000 POSITION: 0.03792652115225792, 1.5700746774673462, 0.10954926908016205
vb0[203]+012 NORMAL: 0.11765784025192261, -0.2104676067829132, 0.9704947471618652
vb0[203]+024 TANGENT: 0.18368445336818695, 0.47569021582603455, 0.8602201342582703, -1.0
vb0[203]+040 BLENDWEIGHTS: 1.0, 0.0, 0.0, 0.0
vb0[203]+056 BLENDINDICES: 1, 0, 0, 0
vb0[203]+072 COLOR: 1.0, 0.5019607843137255, 0.5019607843137255, 0.0
vb0[203]+076 TEXCOORD: 0.899762749671936, 0.190984308719635

vb0[204]+000 POSITION: 0.03564068675041199, 1.5702476501464844, 0.10983902961015701
vb0[204]+012 NORMAL: 0.09304144233465195, -0.2102607637643814, 0.973207950592041
vb0[204]+024 TANGENT: 0.09109783172607422, 0.4910218417644501, 0.8663709163665771, -1.0
vb0[204]+040 BLENDWEIGHTS: 1.0, 0.0, 0.0, 0.0
vb0[204]+056 BLENDINDICES: 1, 0, 0, 0
vb0[204]+072 COLOR: 1.0, 0.5019607843137255, 0.5019607843137255, 0.0
vb0[204]+076 TEXCOORD: 0.9149037599563599, 0.19169263541698456

vb0[205]+000 POSITION: 0.03319476917386055, 1.5700842142105103, 0.11002274602651596
vb0[205]+012 NORMAL: 0.09209175407886505, -0.20918720960617065, 0.9735295176506042
vb0[205]+024 TANGENT: -0.02383851632475853, 0.49043163657188416, 0.8711534738540649, -1.0
vb0[205]+040 BLENDWEIGHTS: 1.0, 0.0, 0.0, 0.0
vb0[205]+056 BLENDINDICES: 1, 0, 0, 0
vb0[205]+072 COLOR: 1.0, 0.5019607843137255, 0.5019607843137255, 0.0
vb0[205]+076 TEXCOORD: 0.9309367537498474, 0.18999186158180237

vb0[206]+000 POSITION: 0.030635153874754906, 1.5693923234939575, 0.11014958471059799
vb0[206]+012 NORMAL: 0.11462945491075516, -0.20240747928619385, 0.972569465637207
vb0[206]+024 TANGENT: -0.1602255254983902, 0.45800256729125977, 0.8743920922279358, -1.0
vb0[206]+040 BLENDWEIGHTS: 1.0, 0.0, 0.0, 0.0
vb0[206]+056 BLENDINDICES: 1, 0, 0, 0
vb0[206]+072 COLOR: 1.0, 0.5019607843137255, 0.5019607843137255, 0.0
vb0[206]+076 TEXCOORD: 0.9475100040435791, 0.1846933513879776

vb0[207]+000 POSITION: 0.02819879911839962, 1.5679709911346436, 0.11018530279397964
vb0[207]+012 NORMAL: 0.15432092547416687, -0.18398790061473846, 0.9707386493682861
vb0[207]+024 TANGENT: -0.30158913135528564, 0.3801473379135132, 0.8743752241134644, -1.0
vb0[207]+040 BLENDWEIGHTS: 1.0, 0.0, 0.0, 0.0
vb0[207]+056 BLENDINDICES: 1, 0, 0, 0
vb0[207]+072 COLOR: 1.0, 0.5019607843137255, 0.5019607843137255, 0.0
vb0[207]+076 TEXCOORD: 0.9630850553512573, 0.17474868893623352

vb0[208]+000 POSITION: 0.026417426764965057, 1.5660470724105835, 0.11017585545778275
vb0[208]+012 NORMAL: 0.20283594727516174, -0.1552397906780243, 0.9668289422988892
vb0[208]+024 TANGENT: -0.4082448184490204, 0.2515786588191986, 0.8775217533111572, -1.0
vb0[208]+040 BLENDWEIGHTS: 1.0, 0.0, 0.0, 0.0
vb0[208]+056 BLENDINDICES: 1, 0, 0, 0
vb0[208]+072 COLOR: 1.0, 0.5019607843137255, 0.5019607843137255, 0.0
vb0[208]+076 TEXCOORD: 0.9743369817733765, 0.16177822649478912

vb0[209]+000 POSITION: 0.02531346306204796, 1.5638195276260376, 0.1100497767329216
vb0[209]+012 NORMAL: 0.22729791700839996, -0.13651564717292786, 0.9642090201377869
vb0[209]+024 TANGENT: -0.4496779143810272, 0.119719497859478, 0.8851310014724731, -1.0
vb0[209]+040 BLENDWEIGHTS: 1.0, 0.0, 0.0, 0.0
vb0[209]+056 BLENDINDICES: 1, 0, 0, 0
vb0[209]+072 COLOR: 1.0, 0.5019607843137255, 0.5019607843137255, 0.0
vb0[209]+076 TEXCOORD: 0.9812838435173035, 0.14709241688251495

vb0[210]+000 POSITION: 0.024604840204119682, 1.5616902112960815, 0.10985735803842545
vb0[210]+012 NORMAL: 0.22289900481700897, -0.14325539767742157, 0.9642582535743713
vb0[210]+024 TANGENT: -0.4727257490158081, 0.022307515144348145, 0.8809272050857544, -1.0
vb0[210]+040 BLENDWEIGHTS: 1.0, 0.0, 0.0, 0.0
vb0[210]+056 BLENDINDICES: 1, 0, 0, 0
vb0[210]+072 COLOR: 1.0, 0.5019607843137255, 0.5019607843137255, 0.0
vb0[210]+076 TEXCOORD: 0.9855068325996399, 0.13294054567813873

vb0[211]+000 POSITION: 0.024161919951438904, 1.5595217943191528, 0.10950961709022522
vb0[211]+012 NORMAL: 0.2120872288942337, -0.15526895225048065, 0.9648370742797852
vb0[211]+024 TANGENT: -0.4900030791759491, -0.06737370043992996, 0.8691132664680481, -1.0
vb0[211]+040 BLENDWEIGHTS: 1.0, 0.0, 0.0, 0.0
vb0[211]+056 BLENDINDICES: 1, 0, 0, 0
vb0[211]+072 COLOR: 1.0, 0.5019607843137255, 0.5019607843137255, 0.0
vb0[211]+076 TEXCOORD: 0.987945556640625, 0.1184644028544426

vb0[212]+000 POSITION: 0.02402421459555626, 1.5574772357940674, 0.1091882586479187
vb0[212]+012 NORMAL: -0.8108988404273987, -0.091367706656456, 0.5780096054077148
vb0[212]+024 TANGENT: -0.47833704948425293, -0.13557763397693634, 0.8676475882530212, -1.0
vb0[212]+040 BLENDWEIGHTS: 1.0, 0.0, 0.0, 0.0
vb0[212]+056 BLENDINDICES: 1, 0, 0, 0
vb0[212]+072 COLOR: 1.0, 0.5019607843137255, 0.5019607843137255, 0.0
vb0[212]+076 TEXCOORD: 0.9883741140365601, 0.1048094779253006

vb0[213]+000 POSITION: 0.023819847032427788, 1.5596063137054443, 0.10866544395685196
vb0[213]+012 NORMAL: -0.8172078132629395, 0.0034124073572456837, 0.5763329267501831
vb0[213]+024 TANGENT: -0.9257113933563232, 0.06737709790468216, 0.3721810579299927, -1.0
vb0[213]+040 BLENDWEIGHTS: 1.0, 0.0, 0.0, 0.0
vb0[213]+056 BLENDINDICES: 1, 0, 0, 0
vb0[213]+072 COLOR: 1.0, 0.5019607843137255, 0.5019607843137255, 0.0
vb0[213]+076 TEXCOORD: 0.9939512014389038, 0.11849965900182724

vb0[214]+000 POSITION: 0.02367776818573475, 1.5575193166732788, 0.10834385454654694
vb0[214]+012 NORMAL: -0.8105342388153076, -0.0964733436703682, 0.5776912569999695
vb0[214]+024 TANGENT: -0.9247339963912964, -0.0632745623588562, 0.37531760334968567, -1.0
vb0[214]+040 BLENDWEIGHTS: 1.0, 0.0, 0.0, 0.0
vb0[214]+056 BLENDINDICES: 1, 0, 0, 0
vb0[214]+072 COLOR: 1.0, 0.5019607843137255, 0.5019607843137255, 0.0
vb0[214]+076 TEXCOORD: 0.9943127036094666, 0.10409487038850784

vb0[215]+000 POSITION: 0.024161919951438904, 1.5595217943191528, 0.10950961709022522
vb0[215]+012 NORMAL: -0.817359447479248, 0.006165764294564724, 0.5760951638221741
vb0[215]+024 TANGENT: -0.4900030791759491, -0.06737370043992996, 0.8691132664680481, -1.0
vb0[215]+040 BLENDWEIGHTS: 1.0, 0.0, 0.0, 0.0
vb0[215]+056 BLENDINDICES: 1, 0, 0, 0
vb0[215]+072 COLOR: 1.0, 0.5019607843137255, 0.5019607843137255, 0.0
vb0[215]+076 TEXCOORD: 0.987945556640625, 0.1184644028544426

vb0[216]+000 POSITION: 0.024294061586260796, 1.5618027448654175, 0.10897441953420639
vb0[216]+012 NORMAL: -0.8106426000595093, 0.10609890520572662, 0.5758486986160278
vb0[216]+024 TANGENT: -0.9107389450073242, 0.1970432847738266, 0.3629441261291504, -1.0
vb0[216]+040 BLENDWEIGHTS: 1.0, 0.0, 0.0, 0.0
vb0[216]+056 BLENDINDICES: 1, 0, 0, 0
vb0[216]+072 COLOR: 1.0, 0.5019607843137255, 0.5019607843137255, 0.0
vb0[216]+076 TEXCOORD: 0.9915961623191833, 0.13387638330459595

vb0[217]+000 POSITION: 0.024604840204119682, 1.5616902112960815, 0.10985735803842545
vb0[217]+012 NORMAL: -0.8109713196754456, 0.10427889972925186, 0.575718104839325
vb0[217]+024 TANGENT: -0.4727257490158081, 0.022307515144348145, 0.8809272050857544, -1.0
vb0[217]+040 BLENDWEIGHTS: 1.0, 0.0, 0.0, 0.0
vb0[217]+056 BLENDINDICES: 1, 0, 0, 0
vb0[217]+072 COLOR: 1.0, 0.5019607843137255, 0.5019607843137255, 0.0
vb0[217]+076 TEXCOORD: 0.9855068325996399, 0.13294054567813873

vb0[218]+000 POSITION: 0.025002704933285713, 1.5639839172363281, 0.10918745398521423
vb0[218]+012 NORMAL: -0.7738010287284851, 0.21968992054462433, 0.5941113829612732
vb0[218]+024 TANGENT: -0.8704205751419067, 0.3291656970977783, 0.36608466506004333, -1.0
vb0[218]+040 BLENDWEIGHTS: 1.0, 0.0, 0.0, 0.0
vb0[218]+056 BLENDINDICES: 1, 0, 0, 0
vb0[218]+072 COLOR: 1.0, 0.5019607843137255, 0.5019607843137255, 0.0
vb0[218]+076 TEXCOORD: 0.9870399832725525, 0.1491672396659851

vb0[219]+000 POSITION: 0.02531346306204796, 1.5638195276260376, 0.1100497767329216
vb0[219]+012 NORMAL: -0.7778970003128052, 0.2105458676815033, 0.5920698046684265
vb0[219]+024 TANGENT: -0.4496779143810272, 0.119719497859478, 0.8851310014724731, -1.0
vb0[219]+040 BLENDWEIGHTS: 1.0, 0.0, 0.0, 0.0
vb0[219]+056 BLENDINDICES: 1, 0, 0, 0
vb0[219]+072 COLOR: 1.0, 0.5019607843137255, 0.5019607843137255, 0.0
vb0[219]+076 TEXCOORD: 0.9812838435173035, 0.14709241688251495

vb0[220]+000 POSITION: 0.026130834594368935, 1.566236972808838, 0.10930147022008896
vb0[220]+012 NORMAL: -0.6724510788917542, 0.3911053240299225, 0.6283679604530334
vb0[220]+024 TANGENT: -0.7708086371421814, 0.5144972801208496, 0.37569472193717957, -1.0
vb0[220]+040 BLENDWEIGHTS: 1.0, 0.0, 0.0, 0.0
vb0[220]+056 BLENDINDICES: 1, 0, 0, 0
vb0[220]+072 COLOR: 1.0, 0.5019607843137255, 0.5019607843137255, 0.0
vb0[220]+076 TEXCOORD: 0.9795803427696228, 0.16498008370399475

vb0[221]+000 POSITION: 0.026417426764965057, 1.5660470724105835, 0.11017585545778275
vb0[221]+012 NORMAL: -0.6839469075202942, 0.3748916685581207, 0.6258377432823181
vb0[221]+024 TANGENT: -0.4082448184490204, 0.2515786588191986, 0.8775217533111572, -1.0
vb0[221]+040 BLENDWEIGHTS: 1.0, 0.0, 0.0, 0.0
vb0[221]+056 BLENDINDICES: 1, 0, 0, 0
vb0[221]+072 COLOR: 1.0, 0.5019607843137255, 0.5019607843137255, 0.0
vb0[221]+076 TEXCOORD: 0.9743369817733765, 0.16177822649478912

vb0[222]+000 POSITION: 0.02793719619512558, 1.5682178735733032, 0.10932674258947372
vb0[222]+012 NORMAL: -0.48282599449157715, 0.5826162099838257, 0.6537870168685913
vb0[222]+024 TANGENT: -0.5836899280548096, 0.7175915837287903, 0.37995854020118713, -1.0
vb0[222]+040 BLENDWEIGHTS: 1.0, 0.0, 0.0, 0.0
vb0[222]+056 BLENDINDICES: 1, 0, 0, 0
vb0[222]+072 COLOR: 1.0, 0.5019607843137255, 0.5019607843137255, 0.0
vb0[222]+076 TEXCOORD: 0.9673460721969604, 0.1791463941335678

vb0[223]+000 POSITION: 0.02819879911839962, 1.5679709911346436, 0.11018530279397964
vb0[223]+012 NORMAL: -0.49079442024230957, 0.5765868425369263, 0.6531985998153687
vb0[223]+024 TANGENT: -0.30158913135528564, 0.3801473379135132, 0.8743752241134644, -1.0
vb0[223]+040 BLENDWEIGHTS: 1.0, 0.0, 0.0, 0.0
vb0[223]+056 BLENDINDICES: 1, 0, 0, 0
vb0[223]+072 COLOR: 1.0, 0.5019607843137255, 0.5019607843137255, 0.0
vb0[223]+076 TEXCOORD: 0.9630850553512573, 0.17474868893623352

vb0[224]+000 POSITION: 0.030400386080145836, 1.5696662664413452, 0.10929540544748306
vb0[224]+012 NORMAL: -0.2737046778202057, 0.7016745209693909, 0.657828688621521
vb0[224]+024 TANGENT: -0.35706162452697754, 0.8548954725265503, 0.37637853622436523, -1.0
vb0[224]+040 BLENDWEIGHTS: 1.0, 0.0, 0.0, 0.0
vb0[224]+056 BLENDINDICES: 1, 0, 0, 0
vb0[224]+072 COLOR: 1.0, 0.5019607843137255, 0.5019607843137255, 0.0
vb0[224]+076 TEXCOORD: 0.9506593346595764, 0.1899125576019287

vb0[225]+000 POSITION: 0.030635153874754906, 1.5693923234939575, 0.11014958471059799
vb0[225]+012 NORMAL: -0.27122601866722107, 0.702678382396698, 0.6577839255332947
vb0[225]+024 TANGENT: -0.1602255254983902, 0.45800256729125977, 0.8743920922279358, -1.0
vb0[225]+040 BLENDWEIGHTS: 1.0, 0.0, 0.0, 0.0
vb0[225]+056 BLENDINDICES: 1, 0, 0, 0
vb0[225]+072 COLOR: 1.0, 0.5019607843137255, 0.5019607843137255, 0.0
vb0[225]+076 TEXCOORD: 0.9475100040435791, 0.1846933513879776

vb0[226]+000 POSITION: 0.03298846259713173, 1.5703920125961304, 0.10917677730321884
vb0[226]+012 NORMAL: -0.08683162182569504, 0.7554577589035034, 0.6494181752204895
vb0[226]+024 TANGENT: -0.14047645032405853, 0.9225137829780579, 0.3594922721385956, -1.0
vb0[226]+040 BLENDWEIGHTS: 1.0, 0.0, 0.0, 0.0
vb0[226]+056 BLENDINDICES: 1, 0, 0, 0
vb0[226]+072 COLOR: 1.0, 0.5019607843137255, 0.5019607843137255, 0.0
vb0[226]+076 TEXCOORD: 0.9329020977020264, 0.19575025141239166

vb0[227]+000 POSITION: 0.03319476917386055, 1.5700842142105103, 0.11002274602651596
vb0[227]+012 NORMAL: -0.08314361423254013, 0.7560321688652039, 0.6492321491241455
vb0[227]+024 TANGENT: -0.02383851632475853, 0.49043163657188416, 0.8711534738540649, -1.0
vb0[227]+040 BLENDWEIGHTS: 1.0, 0.0, 0.0, 0.0
vb0[227]+056 BLENDINDICES: 1, 0, 0, 0
vb0[227]+072 COLOR: 1.0, 0.5019607843137255, 0.5019607843137255, 0.0
vb0[227]+076 TEXCOORD: 0.9309367537498474, 0.18999186158180237

vb0[228]+000 POSITION: 0.03547626733779907, 1.5705523490905762, 0.10898758471012115
vb0[228]+012 NORMAL: 0.05084997043013573, 0.766608476638794, 0.6400982141494751
vb0[228]+024 TANGENT: 0.03248816356062889, 0.9406925439834595, 0.3377009332180023, -1.0
vb0[228]+040 BLENDWEIGHTS: 1.0, 0.0, 0.0, 0.0
vb0[228]+056 BLENDINDICES: 1, 0, 0, 0
vb0[228]+072 COLOR: 1.0, 0.5019607843137255, 0.5019607843137255, 0.0
vb0[228]+076 TEXCOORD: 0.9156532883644104, 0.19768953323364258

vb0[229]+000 POSITION: 0.03564068675041199, 1.5702476501464844, 0.10983902961015701
vb0[229]+012 NORMAL: 0.05207739397883415, 0.7666001319885254, 0.6400094032287598
vb0[229]+024 TANGENT: 0.09109783172607422, 0.4910218417644501, 0.8663709163665771, -1.0
vb0[229]+040 BLENDWEIGHTS: 1.0, 0.0, 0.0, 0.0
vb0[229]+056 BLENDINDICES: 1, 0, 0, 0
vb0[229]+072 COLOR: 1.0, 0.5019607843137255, 0.5019607843137255, 0.0
vb0[229]+076 TEXCOORD: 0.9149037599563599, 0.19169263541698456

vb0[230]+000 POSITION: 0.037836965173482895, 1.5703904628753662, 0.10870036482810974
vb0[230]+012 NORMAL: 0.15182939171791077, 0.760184109210968, 0.6317183375358582
vb0[230]+024 TANGENT: 0.15221518278121948, 0.9354254007339478, 0.31907641887664795, -1.0
vb0[230]+040 BLENDWEIGHTS: 1.0, 0.0, 0.0, 0.0
vb0[230]+056 BLENDINDICES: 1, 0, 0, 0
vb0[230]+072 COLOR: 1.0, 0.5019607843137255, 0.5019607843137255, 0.0
vb0[230]+076 TEXCOORD: 0.8990931510925293, 0.19703702628612518

vb0[231]+000 POSITION: 0.03792652115225792, 1.5700746774673462, 0.10954926908016205
vb0[231]+012 NORMAL: 0.14897966384887695, 0.7605429887771606, 0.6319648027420044
vb0[231]+024 TANGENT: 0.18368445336818695, 0.47569021582603455, 0.8602201342582703, -1.0
vb0[231]+040 BLENDWEIGHTS: 1.0, 0.0, 0.0, 0.0
vb0[231]+056 BLENDINDICES: 1, 0, 0, 0
vb0[231]+072 COLOR: 1.0, 0.5019607843137255, 0.5019607843137255, 0.0
vb0[231]+076 TEXCOORD: 0.899762749671936, 0.190984308719635

vb0[232]+000 POSITION: 0.04015173390507698, 1.5697517395019531, 0.10915234684944153
vb0[232]+012 NORMAL: 0.2906147837638855, 0.7301343679428101, 0.6184228658676147
vb0[232]+024 TANGENT: 0.3123827874660492, 0.476635605096817, 0.8217272162437439, -1.0
vb0[232]+040 BLENDWEIGHTS: 1.0, 0.0, 0.0, 0.0
vb0[232]+056 BLENDINDICES: 1, 0, 0, 0
vb0[232]+072 COLOR: 1.0, 0.5019607843137255, 0.5019607843137255, 0.0
vb0[232]+076 TEXCOORD: 0.8849694132804871, 0.18883702158927917

vb0[233]+000 POSITION: 0.04011929780244827, 1.5700308084487915, 0.10829988121986389
vb0[233]+012 NORMAL: 0.30272728204727173, 0.7265617847442627, 0.616817831993103
vb0[233]+024 TANGENT: 0.3213079571723938, 0.9041584730148315, 0.2815290689468384, -1.0
vb0[233]+040 BLENDWEIGHTS: 1.0, 0.0, 0.0, 0.0
vb0[233]+056 BLENDINDICES: 1, 0, 0, 0
vb0[233]+072 COLOR: 1.0, 0.5019607843137255, 0.5019607843137255, 0.0
vb0[233]+076 TEXCOORD: 0.8828904628753662, 0.19432757794857025

vb0[234]+000 POSITION: 0.042173974215984344, 1.5689274072647095, 0.10859830677509308
vb0[234]+012 NORMAL: 0.46371781826019287, 0.6621612906455994, 0.5886494517326355
vb0[234]+024 TANGENT: 0.4679402709007263, 0.41214630007743835, 0.7817718982696533, -1.0
vb0[234]+040 BLENDWEIGHTS: 1.0, 0.0, 0.0, 0.0
vb0[234]+056 BLENDINDICES: 1, 0, 0, 0
vb0[234]+072 COLOR: 1.0, 0.5019607843137255, 0.5019607843137255, 0.0
vb0[234]+076 TEXCOORD: 0.8712382316589355, 0.18350370228290558

vb0[235]+000 POSITION: 0.042095694690942764, 1.5691959857940674, 0.10774845629930496
vb0[235]+012 NORMAL: 0.47329041361808777, 0.6571628451347351, 0.586628794670105
vb0[235]+024 TANGENT: 0.5115810632705688, 0.8308550715446472, 0.2190084606409073, -1.0
vb0[235]+040 BLENDWEIGHTS: 1.0, 0.0, 0.0, 0.0
vb0[235]+056 BLENDINDICES: 1, 0, 0, 0
vb0[235]+072 COLOR: 1.0, 0.5019607843137255, 0.5019607843137255, 0.0
vb0[235]+076 TEXCOORD: 0.8683582544326782, 0.18859536945819855

vb0[236]+000 POSITION: 0.04382234439253807, 1.5678670406341553, 0.10796933621168137
vb0[236]+012 NORMAL: 0.5960259437561035, 0.5796756148338318, 0.555634081363678
vb0[236]+024 TANGENT: 0.5767062902450562, 0.34592077136039734, 0.7401004433631897, -1.0
vb0[236]+040 BLENDWEIGHTS: 1.0, 0.0, 0.0, 0.0
vb0[236]+056 BLENDINDICES: 1, 0, 0, 0
vb0[236]+072 COLOR: 1.0, 0.5019607843137255, 0.5019607843137255, 0.0
vb0[236]+076 TEXCOORD: 0.8597545623779297, 0.17648783326148987

vb0[237]+000 POSITION: 0.04376096650958061, 1.568108320236206, 0.10710456967353821
vb0[237]+012 NORMAL: 0.6049836874008179, 0.5729094743728638, 0.5529643297195435
vb0[237]+024 TANGENT: 0.6495797038078308, 0.7417102456092834, 0.1670689433813095, -1.0
vb0[237]+040 BLENDWEIGHTS: 1.0, 0.0, 0.0, 0.0
vb0[237]+056 BLENDINDICES: 1, 0, 0, 0
vb0[237]+072 COLOR: 1.0, 0.5019607843137255, 0.5019607843137255, 0.0
vb0[237]+076 TEXCOORD: 0.8558140397071838, 0.1808781921863556

vb0[238]+000 POSITION: 0.045187681913375854, 1.5666179656982422, 0.10731901228427887
vb0[238]+012 NORMAL: 0.7230355739593506, 0.4622536599636078, 0.5133626461029053
vb0[238]+024 TANGENT: 0.6629113554954529, 0.27137407660484314, 0.6977854371070862, -1.0
vb0[238]+040 BLENDWEIGHTS: 1.0, 0.0, 0.0, 0.0
vb0[238]+056 BLENDINDICES: 1, 0, 0, 0
vb0[238]+072 COLOR: 1.0, 0.5019607843137255, 0.5019607843137255, 0.0
vb0[238]+076 TEXCOORD: 0.8500486612319946, 0.16808342933654785

vb0[239]+000 POSITION: 0.04514104127883911, 1.5668530464172363, 0.10646221041679382
vb0[239]+012 NORMAL: 0.728703498840332, 0.45575225353240967, 0.5111566781997681
vb0[239]+024 TANGENT: 0.7770935297012329, 0.6169751882553101, 0.12436747550964355, -1.0
vb0[239]+040 BLENDWEIGHTS: 1.0, 0.0, 0.0, 0.0
vb0[239]+056 BLENDINDICES: 1, 0, 0, 0
vb0[239]+072 COLOR: 1.0, 0.5019607843137255, 0.5019607843137255, 0.0
vb0[239]+076 TEXCOORD: 0.8454548120498657, 0.17168371379375458

vb0[240]+000 POSITION: 0.04621686041355133, 1.5651408433914185, 0.10674357414245605
vb0[240]+012 NORMAL: 0.8240916728973389, 0.3138965666294098, 0.47153136134147644
vb0[240]+024 TANGENT: 0.7128173112869263, 0.17004668712615967, 0.6804230809211731, -1.0
vb0[240]+040 BLENDWEIGHTS: 1.0, 0.0, 0.0, 0.0
vb0[240]+056 BLENDINDICES: 1, 0, 0, 0
vb0[240]+072 COLOR: 1.0, 0.5019607843137255, 0.5019607843137255, 0.0
vb0[240]+076 TEXCOORD: 0.842570424079895, 0.1582169085741043

vb0[241]+000 POSITION: 0.04618648439645767, 1.5653531551361084, 0.10585658997297287
vb0[241]+012 NORMAL: 0.8263171315193176, 0.30945098400115967, 0.47057417035102844
vb0[241]+024 TANGENT: 0.8759084939956665, 0.47383031249046326, 0.0909348726272583, -1.0
vb0[241]+040 BLENDWEIGHTS: 1.0, 0.0, 0.0, 0.0
vb0[241]+056 BLENDINDICES: 1, 0, 0, 0
vb0[241]+072 COLOR: 1.0, 0.5019607843137255, 0.5019607843137255, 0.0
vb0[241]+076 TEXCOORD: 0.8372737765312195, 0.16100598871707916

vb0[242]+000 POSITION: 0.04702887311577797, 1.5634331703186035, 0.10615264624357224
vb0[242]+012 NORMAL: 0.8805271983146667, 0.1562754362821579, 0.4474929869174957
vb0[242]+024 TANGENT: 0.7497987747192383, 0.07643580436706543, 0.6572360992431641, -1.0
vb0[242]+040 BLENDWEIGHTS: 1.0, 0.0, 0.0, 0.0
vb0[242]+056 BLENDINDICES: 1, 0, 0, 0
vb0[242]+072 COLOR: 1.0, 0.5019607843137255, 0.5019607843137255, 0.0
vb0[242]+076 TEXCOORD: 0.836434543132782, 0.146768718957901

vb0[243]+000 POSITION: 0.04703964665532112, 1.5636096000671387, 0.10527916997671127
vb0[243]+012 NORMAL: 0.8815547823905945, 0.1517043113708496, 0.4470425248146057
vb0[243]+024 TANGENT: 0.9449509978294373, 0.31799229979515076, 0.07712650299072266, -1.0
vb0[243]+040 BLENDWEIGHTS: 1.0, 0.0, 0.0, 0.0
vb0[243]+056 BLENDINDICES: 1, 0, 0, 0
vb0[243]+072 COLOR: 1.0, 0.5019607843137255, 0.5019607843137255, 0.0
vb0[243]+076 TEXCOORD: 0.8308536410331726, 0.1485162079334259

vb0[244]+000 POSITION: 0.04752510413527489, 1.5614771842956543, 0.10563204437494278
vb0[244]+012 NORMAL: 0.8966397047042847, 0.016537584364414215, 0.4424518942832947
vb0[244]+024 TANGENT: 0.752129077911377, -0.02657615952193737, 0.658479630947113, -1.0
vb0[244]+040 BLENDWEIGHTS: 1.0, 0.0, 0.0, 0.0
vb0[244]+056 BLENDINDICES: 1, 0, 0, 0
vb0[244]+072 COLOR: 1.0, 0.5019607843137255, 0.5019607843137255, 0.0
vb0[244]+076 TEXCOORD: 0.8323690891265869, 0.1337086409330368

vb0[245]+000 POSITION: 0.047572698444128036, 1.5616168975830078, 0.10473068058490753
vb0[245]+012 NORMAL: 0.8965901732444763, 0.013731429353356361, 0.44264814257621765
vb0[245]+024 TANGENT: 0.9853698015213013, 0.1497516632080078, 0.08136880397796631, -1.0
vb0[245]+040 BLENDWEIGHTS: 1.0, 0.0, 0.0, 0.0
vb0[245]+056 BLENDINDICES: 1, 0, 0, 0
vb0[245]+072 COLOR: 1.0, 0.5019607843137255, 0.5019607843137255, 0.0
vb0[245]+076 TEXCOORD: 0.8264407515525818, 0.13452236354351044

vb0[246]+000 POSITION: 0.04769689589738846, 1.5594357252120972, 0.10517901182174683
vb0[246]+012 NORMAL: 0.8864326477050781, -0.07243135571479797, 0.45715534687042236
vb0[246]+024 TANGENT: 0.7372633814811707, -0.09737122803926468, 0.6685518026351929, -1.0
vb0[246]+040 BLENDWEIGHTS: 1.0, 0.0, 0.0, 0.0
vb0[246]+056 BLENDINDICES: 1, 0, 0, 0
vb0[246]+072 COLOR: 1.0, 0.5019607843137255, 0.5019607843137255, 0.0
vb0[246]+076 TEXCOORD: 0.830409824848175, 0.12006548047065735

vb0[247]+000 POSITION: 0.04778965935111046, 1.5595203638076782, 0.10430645942687988
vb0[247]+012 NORMAL: 0.885865330696106, -0.07454484701156616, 0.4579145610332489
vb0[247]+024 TANGENT: 0.9943293929100037, 0.015887856483459473, 0.10515106469392776, -1.0
vb0[247]+040 BLENDWEIGHTS: 1.0, 0.0, 0.0, 0.0
vb0[247]+056 BLENDINDICES: 1, 0, 0, 0
vb0[247]+072 COLOR: 1.0, 0.5019607843137255, 0.5019607843137255, 0.0
vb0[247]+076 TEXCOORD: 0.8245928287506104, 0.12001100182533264

vb0[248]+000 POSITION: 0.04764063283801079, 1.5573927164077759, 0.10488474369049072
vb0[248]+012 NORMAL: 0.8661206364631653, -0.15261007845401764, 0.4759677052497864
vb0[248]+024 TANGENT: 0.7091794013977051, -0.15844601392745972, 0.6869930028915405, -1.0
vb0[248]+040 BLENDWEIGHTS: 1.0, 0.0, 0.0, 0.0
vb0[248]+056 BLENDINDICES: 1, 0, 0, 0
vb0[248]+072 COLOR: 1.0, 0.5019607843137255, 0.5019607843137255, 0.0
vb0[248]+076 TEXCOORD: 0.8302863240242004, 0.10642272979021072

vb0[249]+000 POSITION: 0.047767553478479385, 1.5574259757995605, 0.10397984087467194
vb0[249]+012 NORMAL: 0.8649708032608032, -0.15709280967712402, 0.4765998423099518
vb0[249]+024 TANGENT: 0.9850162267684937, -0.1105298399925232, 0.1323864459991455, -1.0
vb0[249]+040 BLENDWEIGHTS: 1.0, 0.0, 0.0, 0.0
vb0[249]+056 BLENDINDICES: 1, 0, 0, 0
vb0[249]+072 COLOR: 1.0, 0.5019607843137255, 0.5019607843137255, 0.0
vb0[249]+076 TEXCOORD: 0.8243572115898132, 0.10557738691568375

vb0[250]+000 POSITION: 0.04730274900794029, 1.5553444623947144, 0.10459259152412415
vb0[250]+012 NORMAL: 0.843656063079834, -0.22704216837882996, 0.4865143895149231
vb0[250]+024 TANGENT: 0.68714439868927, -0.2177748829126358, 0.6931137442588806, -1.0
vb0[250]+040 BLENDWEIGHTS: 1.0, 0.0, 0.0, 0.0
vb0[250]+056 BLENDINDICES: 1, 0, 0, 0
vb0[250]+072 COLOR: 1.0, 0.5019607843137255, 0.5019607843137255, 0.0
vb0[250]+076 TEXCOORD: 0.8318132162094116, 0.09270062297582626

vb0[251]+000 POSITION: 0.047438349574804306, 1.5553181171417236, 0.10371270030736923
vb0[251]+012 NORMAL: 0.8424022793769836, -0.2304885983467102, 0.48706623911857605
vb0[251]+024 TANGENT: 0.9660429358482361, -0.20905274152755737, 0.15184855461120605, -1.0
vb0[251]+040 BLENDWEIGHTS: 1.0, 0.0, 0.0, 0.0
vb0[251]+056 BLENDINDICES: 1, 0, 0, 0
vb0[251]+072 COLOR: 1.0, 0.5019607843137255, 0.5019607843137255, 0.0
vb0[251]+076 TEXCOORD: 0.8261454701423645, 0.09112828969955444

vb0[252]+000 POSITION: 0.04682890325784683, 1.5533214807510376, 0.10439940541982651
vb0[252]+012 NORMAL: 0.8217897415161133, -0.2850663959980011, 0.4933546185493469
vb0[252]+024 TANGENT: 0.6645452380180359, -0.26162052154541016, 0.6999530792236328, -1.0
vb0[252]+040 BLENDWEIGHTS: 1.0, 0.0, 0.0, 0.0
vb0[252]+056 BLENDINDICES: 1, 0, 0, 0
vb0[252]+072 COLOR: 1.0, 0.5019607843137255, 0.5019607843137255, 0.0
vb0[252]+076 TEXCOORD: 0.8345595598220825, 0.07917191833257675

vb0[253]+000 POSITION: 0.0469672828912735, 1.553233027458191, 0.1034630686044693
vb0[253]+012 NORMAL: 0.8193739056587219, -0.29115089774131775, 0.4938195049762726
vb0[253]+024 TANGENT: 0.9380656480789185, -0.30108511447906494, 0.1714075803756714, -1.0
vb0[253]+040 BLENDWEIGHTS: 1.0, 0.0, 0.0, 0.0
vb0[253]+056 BLENDINDICES: 1, 0, 0, 0
vb0[253]+072 COLOR: 1.0, 0.5019607843137255, 0.5019607843137255, 0.0
vb0[253]+076 TEXCOORD: 0.8288118839263916, 0.07676466554403305

vb0[254]+000 POSITION: 0.04613695666193962, 1.5514541864395142, 0.10421255230903625
vb0[254]+012 NORMAL: 0.7991394996643066, -0.3335152566432953, 0.5001435875892639
vb0[254]+024 TANGENT: 0.6355366110801697, -0.31535741686820984, 0.7047290205955505, -1.0
vb0[254]+040 BLENDWEIGHTS: 1.0, 0.0, 0.0, 0.0
vb0[254]+056 BLENDINDICES: 1, 0, 0, 0
vb0[254]+072 COLOR: 1.0, 0.5019607843137255, 0.5019607843137255, 0.0
vb0[254]+076 TEXCOORD: 0.8385488390922546, 0.0665937066078186

vb0[255]+000 POSITION: 0.046273164451122284, 1.5513068437576294, 0.10329236090183258
vb0[255]+012 NORMAL: 0.7974629998207092, -0.3360123038291931, 0.5011471509933472
vb0[255]+024 TANGENT: 0.8999238610267639, -0.39070674777030945, 0.19361090660095215, -1.0
vb0[255]+040 BLENDWEIGHTS: 1.0, 0.0, 0.0, 0.0
vb0[255]+056 BLENDINDICES: 1, 0, 0, 0
vb0[255]+072 COLOR: 1.0, 0.5019607843137255, 0.5019607843137255, 0.0
vb0[255]+076 TEXCOORD: 0.8331462144851685, 0.06354444473981857

vb0[256]+000 POSITION: 0.04536161944270134, 1.5497993230819702, 0.10412666201591492
vb0[256]+012 NORMAL: 0.7795847058296204, -0.36424723267555237, 0.5094817876815796
vb0[256]+024 TANGENT: 0.6115188598632812, -0.3398101329803467, 0.714544415473938, -1.0
vb0[256]+040 BLENDWEIGHTS: 1.0, 0.0, 0.0, 0.0
vb0[256]+056 BLENDINDICES: 1, 0, 0, 0
vb0[256]+072 COLOR: 1.0, 0.5019607843137255, 0.5019607843137255, 0.0
vb0[256]+076 TEXCOORD: 0.8433311581611633, 0.055483028292655945

vb0[257]+000 POSITION: 0.04548424482345581, 1.5495964288711548, 0.10320213437080383
vb0[257]+012 NORMAL: 0.7769358158111572, -0.36856529116630554, 0.5104216933250427
vb0[257]+024 TANGENT: 0.8628711104393005, -0.45857328176498413, 0.21251796185970306, -1.0
vb0[257]+040 BLENDWEIGHTS: 1.0, 0.0, 0.0, 0.0
vb0[257]+056 BLENDINDICES: 1, 0, 0, 0
vb0[257]+072 COLOR: 1.0, 0.5019607843137255, 0.5019607843137255, 0.0
vb0[257]+076 TEXCOORD: 0.838204562664032, 0.05184144899249077

vb0[258]+000 POSITION: 0.0445268340408802, 1.548341989517212, 0.10409870743751526
vb0[258]+012 NORMAL: 0.7499057650566101, -0.4109535813331604, 0.5184193253517151
vb0[258]+024 TANGENT: 0.5927875638008118, -0.37576061487197876, 0.7123249769210815, -1.0
vb0[258]+040 BLENDWEIGHTS: 1.0, 0.0, 0.0, 0.0
vb0[258]+056 BLENDINDICES: 1, 0, 0, 0
vb0[258]+072 COLOR: 1.0, 0.5019607843137255, 0.5019607843137255, 0.0
vb0[258]+076 TEXCOORD: 0.8486049771308899, 0.04571573808789253

vb0[259]+000 POSITION: 0.04462609067559242, 1.5481034517288208, 0.10318407416343689
vb0[259]+012 NORMAL: 0.7463987469673157, -0.41622376441955566, 0.5192753076553345
vb0[259]+024 TANGENT: 0.8099012970924377, -0.5405081510543823, 0.22783921658992767, -1.0
vb0[259]+040 BLENDWEIGHTS: 1.0, 0.0, 0.0, 0.0
vb0[259]+056 BLENDINDICES: 1, 0, 0, 0
vb0[259]+072 COLOR: 1.0, 0.5019607843137255, 0.5019607843137255, 0.0
vb0[259]+076 TEXCOORD: 0.8438552618026733, 0.04163724556565285

vb0[260]+000 POSITION: 0.04356374219059944, 1.5470867156982422, 0.10418333858251572
vb0[260]+012 NORMAL: 0.7035112380981445, -0.47380906343460083, 0.5296952724456787
vb0[260]+024 TANGENT: 0.5590993165969849, -0.4103451669216156, 0.7204337120056152, -1.0
vb0[260]+040 BLENDWEIGHTS: 1.0, 0.0, 0.0, 0.0
vb0[260]+056 BLENDINDICES: 1, 0, 0, 0
vb0[260]+072 COLOR: 1.0, 0.5019607843137255, 0.5019607843137255, 0.0
vb0[260]+076 TEXCOORD: 0.8548496961593628, 0.03732384741306305

vb0[261]+000 POSITION: 0.04363811016082764, 1.5468178987503052, 0.10325966775417328
vb0[261]+012 NORMAL: 0.7000834345817566, -0.47798317670822144, 0.5304858684539795
vb0[261]+024 TANGENT: 0.7391663789749146, -0.6272834539413452, 0.24525189399719238, -1.0
vb0[261]+040 BLENDWEIGHTS: 1.0, 0.0, 0.0, 0.0
vb0[261]+056 BLENDINDICES: 1, 0, 0, 0
vb0[261]+072 COLOR: 1.0, 0.5019607843137255, 0.5019607843137255, 0.0
vb0[261]+076 TEXCOORD: 0.8504133224487305, 0.032788511365652084

vb0[262]+000 POSITION: 0.042441003024578094, 1.5459760427474976, 0.10436061024665833
vb0[262]+012 NORMAL: 0.6360375285148621, -0.5449601411819458, 0.5463284254074097
vb0[262]+024 TANGENT: 0.5226850509643555, -0.4386012554168701, 0.7310466766357422, -1.0
vb0[262]+040 BLENDWEIGHTS: 1.0, 0.0, 0.0, 0.0
vb0[262]+056 BLENDINDICES: 1, 0, 0, 0
vb0[262]+072 COLOR: 1.0, 0.5019607843137255, 0.5019607843137255, 0.0
vb0[262]+076 TEXCOORD: 0.862227737903595, 0.029874878004193306

vb0[263]+000 POSITION: 0.04249996691942215, 1.545683741569519, 0.10344767570495605
vb0[263]+012 NORMAL: 0.6346249580383301, -0.5462521314620972, 0.5466806888580322
vb0[263]+024 TANGENT: 0.6646385788917542, -0.6983832716941833, 0.26554957032203674, -1.0
vb0[263]+040 BLENDWEIGHTS: 1.0, 0.0, 0.0, 0.0
vb0[263]+056 BLENDINDICES: 1, 0, 0, 0
vb0[263]+072 COLOR: 1.0, 0.5019607843137255, 0.5019607843137255, 0.0
vb0[263]+076 TEXCOORD: 0.8582021594047546, 0.025054238736629486

vb0[264]+000 POSITION: 0.04123161733150482, 1.5446959733963013, 0.10372535139322281
vb0[264]+012 NORMAL: 0.5400843024253845, -0.621414065361023, 0.5675855875015259
vb0[264]+024 TANGENT: 0.5774182677268982, -0.7636781930923462, 0.2887624502182007, -1.0
vb0[264]+040 BLENDWEIGHTS: 1.0, 0.0, 0.0, 0.0
vb0[264]+056 BLENDINDICES: 1, 0, 0, 0
vb0[264]+072 COLOR: 1.0, 0.5019607843137255, 0.5019607843137255, 0.0
vb0[264]+076 TEXCOORD: 0.8670011162757874, 0.018293965607881546

vb0[265]+000 POSITION: 0.04120132327079773, 1.5450106859207153, 0.104620061814785
vb0[265]+012 NORMAL: 0.537655234336853, -0.6231004595756531, 0.5680427551269531
vb0[265]+024 TANGENT: 0.48057541251182556, -0.4702721834182739, 0.7401968240737915, -1.0
vb0[265]+040 BLENDWEIGHTS: 1.0, 0.0, 0.0, 0.0
vb0[265]+056 BLENDINDICES: 1, 0, 0, 0
vb0[265]+072 COLOR: 1.0, 0.5019607843137255, 0.5019607843137255, 0.0
vb0[265]+076 TEXCOORD: 0.8705140352249146, 0.023435892537236214

vb0[266]+000 POSITION: 0.03972355276346207, 1.5438365936279297, 0.10408815741539001
vb0[266]+012 NORMAL: 0.4256870746612549, -0.6907238364219666, 0.5845434665679932
vb0[266]+024 TANGENT: 0.46112754940986633, -0.8300356864929199, 0.3136911392211914, -1.0
vb0[266]+040 BLENDWEIGHTS: 1.0, 0.0, 0.0, 0.0
vb0[266]+056 BLENDINDICES: 1, 0, 0, 0
vb0[266]+072 COLOR: 1.0, 0.5019607843137255, 0.5019607843137255, 0.0
vb0[266]+076 TEXCOORD: 0.8775681853294373, 0.012339475564658642

vb0[267]+000 POSITION: 0.039730269461870193, 1.5441776514053345, 0.1049703061580658
vb0[267]+012 NORMAL: 0.4188830256462097, -0.6942569017410278, 0.5852729678153992
vb0[267]+024 TANGENT: 0.4176366329193115, -0.5084004402160645, 0.7530661821365356, -1.0
vb0[267]+040 BLENDWEIGHTS: 1.0, 0.0, 0.0, 0.0
vb0[267]+056 BLENDINDICES: 1, 0, 0, 0
vb0[267]+072 COLOR: 1.0, 0.5019607843137255, 0.5019607843137255, 0.0
vb0[267]+076 TEXCOORD: 0.8804066777229309, 0.017860926687717438

vb0[268]+000 POSITION: 0.03814714401960373, 1.5432698726654053, 0.1044718399643898
vb0[268]+012 NORMAL: 0.29464754462242126, -0.7492482662200928, 0.5931355953216553
vb0[268]+024 TANGENT: 0.3129217028617859, -0.8888457417488098, 0.33471372723579407, -1.0
vb0[268]+040 BLENDWEIGHTS: 1.0, 0.0, 0.0, 0.0
vb0[268]+056 BLENDINDICES: 1, 0, 0, 0
vb0[268]+072 COLOR: 1.0, 0.5019607843137255, 0.5019607843137255, 0.0
vb0[268]+076 TEXCOORD: 0.8886902928352356, 0.008206072263419628

vb0[269]+000 POSITION: 0.038198940455913544, 1.5436248779296875, 0.10536029934883118
vb0[269]+012 NORMAL: 0.2854105532169342, -0.752661943435669, 0.5933301448822021
vb0[269]+024 TANGENT: 0.3304768204689026, -0.5472966432571411, 0.7689287066459656, -1.0
vb0[269]+040 BLENDWEIGHTS: 1.0, 0.0, 0.0, 0.0
vb0[269]+056 BLENDINDICES: 1, 0, 0, 0
vb0[269]+072 COLOR: 1.0, 0.5019607843137255, 0.5019607843137255, 0.0
vb0[269]+076 TEXCOORD: 0.8907456994056702, 0.014141359366476536

vb0[270]+000 POSITION: 0.03640662878751755, 1.5430032014846802, 0.1048804372549057
vb0[270]+012 NORMAL: 0.17071856558322906, -0.786054790019989, 0.5941153764724731
vb0[270]+024 TANGENT: 0.14968830347061157, -0.9253031015396118, 0.34843599796295166, -1.0
vb0[270]+040 BLENDWEIGHTS: 1.0, 0.0, 0.0, 0.0
vb0[270]+056 BLENDINDICES: 1, 0, 0, 0
vb0[270]+072 COLOR: 1.0, 0.5019607843137255, 0.5019607843137255, 0.0
vb0[270]+076 TEXCOORD: 0.9010435342788696, 0.005932397209107876

vb0[271]+000 POSITION: 0.03649645671248436, 1.5433589220046997, 0.10579375177621841
vb0[271]+012 NORMAL: 0.16250132024288177, -0.7878242135047913, 0.5940760970115662
vb0[271]+024 TANGENT: 0.22234465181827545, -0.5693274736404419, 0.7914727330207825, -1.0
vb0[271]+040 BLENDWEIGHTS: 1.0, 0.0, 0.0, 0.0
vb0[271]+056 BLENDINDICES: 1, 0, 0, 0
vb0[271]+072 COLOR: 1.0, 0.5019607843137255, 0.5019607843137255, 0.0
vb0[271]+076 TEXCOORD: 0.9022364616394043, 0.012271416373550892

vb0[272]+000 POSITION: 0.03453976660966873, 1.543031930923462, 0.10528465360403061
vb0[272]+012 NORMAL: 0.05599345266819, -0.8041367530822754, 0.5918013453483582
vb0[272]+024 TANGENT: -0.01139533519744873, -0.9342949390411377, 0.35631898045539856, -1.0
vb0[272]+040 BLENDWEIGHTS: 1.0, 0.0, 0.0, 0.0
vb0[272]+056 BLENDINDICES: 1, 0, 0, 0
vb0[272]+072 COLOR: 1.0, 0.5019607843137255, 0.5019607843137255, 0.0
vb0[272]+076 TEXCOORD: 0.9143515229225159, 0.00576920947059989

vb0[273]+000 POSITION: 0.03466537594795227, 1.5433803796768188, 0.10619413107633591
vb0[273]+012 NORMAL: 0.049582988023757935, -0.8047330975532532, 0.5915623307228088
vb0[273]+024 TANGENT: 0.10963202267885208, -0.5806868672370911, 0.8067115545272827, -1.0
vb0[273]+040 BLENDWEIGHTS: 1.0, 0.0, 0.0, 0.0
vb0[273]+056 BLENDINDICES: 1, 0, 0, 0
vb0[273]+072 COLOR: 1.0, 0.5019607843137255, 0.5019607843137255, 0.0
vb0[273]+076 TEXCOORD: 0.9145097136497498, 0.012218765914440155

vb0[274]+000 POSITION: 0.03254009038209915, 1.5433928966522217, 0.10565488785505295
vb0[274]+012 NORMAL: -0.07501160353422165, -0.8032639026641846, 0.5908809900283813
vb0[274]+024 TANGENT: -0.18409109115600586, -0.9140931367874146, 0.3613089323043823, -1.0
vb0[274]+040 BLENDWEIGHTS: 1.0, 0.0, 0.0, 0.0
vb0[274]+056 BLENDINDICES: 1, 0, 0, 0
vb0[274]+072 COLOR: 1.0, 0.5019607843137255, 0.5019607843137255, 0.0
vb0[274]+076 TEXCOORD: 0.9285863041877747, 0.007815874181687832

vb0[275]+000 POSITION: 0.032721541821956635, 1.5437203645706177, 0.10658483952283859
vb0[275]+012 NORMAL: -0.08209319412708282, -0.8025460243225098, 0.5909151434898376
vb0[275]+024 TANGENT: -0.010626912117004395, -0.5729567408561707, 0.8195167779922485, -1.0
vb0[275]+040 BLENDWEIGHTS: 1.0, 0.0, 0.0, 0.0
vb0[275]+056 BLENDINDICES: 1, 0, 0, 0
vb0[275]+072 COLOR: 1.0, 0.5019607843137255, 0.5019607843137255, 0.0
vb0[275]+076 TEXCOORD: 0.9275155663490295, 0.014299009926617146

vb0[276]+000 POSITION: 0.0305190347135067, 1.544169545173645, 0.10599335283041
vb0[276]+012 NORMAL: -0.2229333221912384, -0.7698961496353149, 0.5979638695716858
vb0[276]+024 TANGENT: -0.3516160249710083, -0.858880877494812, 0.37241077423095703, -1.0
vb0[276]+040 BLENDWEIGHTS: 1.0, 0.0, 0.0, 0.0
vb0[276]+056 BLENDINDICES: 1, 0, 0, 0
vb0[276]+072 COLOR: 1.0, 0.5019607843137255, 0.5019607843137255, 0.0
vb0[276]+076 TEXCOORD: 0.9429876208305359, 0.012762649916112423

vb0[277]+000 POSITION: 0.030759083107113838, 1.5444670915603638, 0.10692225396633148
vb0[277]+012 NORMAL: -0.23176057636737823, -0.766590416431427, 0.5988540649414062
vb0[277]+024 TANGENT: -0.12358331680297852, -0.5391896367073059, 0.8330676555633545, -1.0
vb0[277]+040 BLENDWEIGHTS: 1.0, 0.0, 0.0, 0.0
vb0[277]+056 BLENDINDICES: 1, 0, 0, 0
vb0[277]+072 COLOR: 1.0, 0.5019607843137255, 0.5019607843137255, 0.0
vb0[277]+076 TEXCOORD: 0.9406580924987793, 0.018944187089800835

vb0[278]+000 POSITION: 0.02874809131026268, 1.5452370643615723, 0.10631932318210602
vb0[278]+012 NORMAL: -0.37962061166763306, -0.6944738030433655, 0.611223578453064
vb0[278]+024 TANGENT: -0.5068283677101135, -0.7678386569023132, 0.39185312390327454, -1.0
vb0[278]+040 BLENDWEIGHTS: 1.0, 0.0, 0.0, 0.0
vb0[278]+056 BLENDINDICES: 1, 0, 0, 0
vb0[278]+072 COLOR: 1.0, 0.5019607843137255, 0.5019607843137255, 0.0
vb0[278]+076 TEXCOORD: 0.9555468559265137, 0.02003398910164833

vb0[279]+000 POSITION: 0.0290469229221344, 1.5455021858215332, 0.10720761865377426
vb0[279]+012 NORMAL: -0.3954275846481323, -0.6847228407859802, 0.6122022271156311
vb0[279]+024 TANGENT: -0.21845529973506927, -0.4996764063835144, 0.8382128477096558, -1.0
vb0[279]+040 BLENDWEIGHTS: 1.0, 0.0, 0.0, 0.0
vb0[279]+056 BLENDINDICES: 1, 0, 0, 0
vb0[279]+072 COLOR: 1.0, 0.5019607843137255, 0.5019607843137255, 0.0
vb0[279]+076 TEXCOORD: 0.9521950483322144, 0.025509508326649666

vb0[280]+000 POSITION: 0.027391590178012848, 1.5465692281723022, 0.1066465675830841
vb0[280]+012 NORMAL: -0.5299456119537354, -0.5838889479637146, 0.6150051355361938
vb0[280]+024 TANGENT: -0.6434029936790466, -0.6495698094367981, 0.40508219599723816, -1.0
vb0[280]+040 BLENDWEIGHTS: 1.0, 0.0, 0.0, 0.0
vb0[280]+056 BLENDINDICES: 1, 0, 0, 0
vb0[280]+072 COLOR: 1.0, 0.5019607843137255, 0.5019607843137255, 0.0
vb0[280]+076 TEXCOORD: 0.9654679894447327, 0.029014714062213898

vb0[281]+000 POSITION: 0.027716048061847687, 1.5467944145202637, 0.1075364202260971
vb0[281]+012 NORMAL: -0.5478829741477966, -0.5674686431884766, 0.6146572232246399
vb0[281]+024 TANGENT: -0.28691327571868896, -0.42876431345939636, 0.8566457033157349, -1.0
vb0[281]+040 BLENDWEIGHTS: 1.0, 0.0, 0.0, 0.0
vb0[281]+056 BLENDINDICES: 1, 0, 0, 0
vb0[281]+072 COLOR: 1.0, 0.5019607843137255, 0.5019607843137255, 0.0
vb0[281]+076 TEXCOORD: 0.9613226652145386, 0.03388335555791855

vb0[282]+000 POSITION: 0.02634020335972309, 1.5480329990386963, 0.10694003105163574
vb0[282]+012 NORMAL: -0.6440053582191467, -0.46106311678886414, 0.6104734539985657
vb0[282]+024 TANGENT: -0.7377746105194092, -0.5363688468933105, 0.40987440943717957, -1.0
vb0[282]+040 BLENDWEIGHTS: 1.0, 0.0, 0.0, 0.0
vb0[282]+056 BLENDINDICES: 1, 0, 0, 0
vb0[282]+072 COLOR: 1.0, 0.5019607843137255, 0.5019607843137255, 0.0
vb0[282]+076 TEXCOORD: 0.973231315612793, 0.03901045769453049

vb0[283]+000 POSITION: 0.026687629520893097, 1.548225998878479, 0.10780523717403412
vb0[283]+012 NORMAL: -0.6562494039535522, -0.44437578320503235, 0.6098088622093201
vb0[283]+024 TANGENT: -0.3418486416339874, -0.35133054852485657, 0.8716113567352295, -1.0
vb0[283]+040 BLENDWEIGHTS: 1.0, 0.0, 0.0, 0.0
vb0[283]+056 BLENDINDICES: 1, 0, 0, 0
vb0[283]+072 COLOR: 1.0, 0.5019607843137255, 0.5019607843137255, 0.0
vb0[283]+076 TEXCOORD: 0.9685292840003967, 0.04315212368965149

vb0[284]+000 POSITION: 0.025436462834477425, 1.5496858358383179, 0.10715045034885406
vb0[284]+012 NORMAL: -0.7131279706954956, -0.35556143522262573, 0.6041726469993591
vb0[284]+024 TANGENT: -0.8019549250602722, -0.4362383186817169, 0.40812310576438904, -1.0
vb0[284]+040 BLENDWEIGHTS: 1.0, 0.0, 0.0, 0.0
vb0[284]+056 BLENDINDICES: 1, 0, 0, 0
vb0[284]+072 COLOR: 1.0, 0.5019607843137255, 0.5019607843137255, 0.0
vb0[284]+076 TEXCOORD: 0.9800835847854614, 0.0500316321849823

vb0[285]+000 POSITION: 0.025798127055168152, 1.5498276948928833, 0.10801710933446884
vb0[285]+012 NORMAL: -0.7200618386268616, -0.34296751022338867, 0.6032282114028931
vb0[285]+024 TANGENT: -0.3877866268157959, -0.29875192046165466, 0.8719913363456726, -1.0
vb0[285]+040 BLENDWEIGHTS: 1.0, 0.0, 0.0, 0.0
vb0[285]+056 BLENDINDICES: 1, 0, 0, 0
vb0[285]+072 COLOR: 1.0, 0.5019607843137255, 0.5019607843137255, 0.0
vb0[285]+076 TEXCOORD: 0.9748935699462891, 0.05355316773056984

vb0[286]+000 POSITION: 0.024752246215939522, 1.5514237880706787, 0.10739444196224213
vb0[286]+012 NORMAL: -0.7506483197212219, -0.28124433755874634, 0.597853422164917
vb0[286]+024 TANGENT: -0.8445254564285278, -0.35513022541999817, 0.40082335472106934, -1.0
vb0[286]+040 BLENDWEIGHTS: 1.0, 0.0, 0.0, 0.0
vb0[286]+056 BLENDINDICES: 1, 0, 0, 0
vb0[286]+072 COLOR: 1.0, 0.5019607843137255, 0.5019607843137255, 0.0
vb0[286]+076 TEXCOORD: 0.9854962825775146, 0.06160525977611542

vb0[287]+000 POSITION: 0.025120291858911514, 1.551520824432373, 0.10825181007385254
vb0[287]+012 NORMAL: -0.7536929845809937, -0.27426040172576904, 0.597267210483551
vb0[287]+024 TANGENT: -0.4055379331111908, -0.2669704556465149, 0.8742229342460632, -1.0
vb0[287]+040 BLENDWEIGHTS: 1.0, 0.0, 0.0, 0.0
vb0[287]+056 BLENDINDICES: 1, 0, 0, 0
vb0[287]+072 COLOR: 1.0, 0.5019607843137255, 0.5019607843137255, 0.0
vb0[287]+076 TEXCOORD: 0.9799931049346924, 0.06464578956365585

vb0[288]+000 POSITION: 0.024198483675718307, 1.5532864332199097, 0.10767624527215958
vb0[288]+012 NORMAL: -0.7749870419502258, -0.22746630012989044, 0.589621901512146
vb0[288]+024 TANGENT: -0.8785112500190735, -0.277275949716568, 0.3890192210674286, -1.0
vb0[288]+040 BLENDWEIGHTS: 1.0, 0.0, 0.0, 0.0
vb0[288]+056 BLENDINDICES: 1, 0, 0, 0
vb0[288]+072 COLOR: 1.0, 0.5019607843137255, 0.5019607843137255, 0.0
vb0[288]+076 TEXCOORD: 0.9900133013725281, 0.0755515769124031

vb0[289]+000 POSITION: 0.024560650810599327, 1.553338885307312, 0.1085255891084671
vb0[289]+012 NORMAL: -0.7782419323921204, -0.22046475112438202, 0.587992250919342
vb0[289]+024 TANGENT: -0.4334987699985504, -0.2403767853975296, 0.8685032725334167, -1.0
vb0[289]+040 BLENDWEIGHTS: 1.0, 0.0, 0.0, 0.0
vb0[289]+056 BLENDINDICES: 1, 0, 0, 0
vb0[289]+072 COLOR: 1.0, 0.5019607843137255, 0.5019607843137255, 0.0
vb0[289]+076 TEXCOORD: 0.9838710427284241, 0.07743190228939056

vb0[290]+000 POSITION: 0.023827284574508667, 1.5553539991378784, 0.10800202190876007
vb0[290]+012 NORMAL: -0.7975031137466431, -0.16967438161373138, 0.5789641737937927
vb0[290]+024 TANGENT: -0.9089658856391907, -0.17881517112255096, 0.37657153606414795, -1.0
vb0[290]+040 BLENDWEIGHTS: 1.0, 0.0, 0.0, 0.0
vb0[290]+056 BLENDINDICES: 1, 0, 0, 0
vb0[290]+072 COLOR: 1.0, 0.5019607843137255, 0.5019607843137255, 0.0
vb0[290]+076 TEXCOORD: 0.9929788708686829, 0.08931169658899307

vb0[291]+000 POSITION: 0.024172067642211914, 1.5553606748580933, 0.10885732620954514
vb0[291]+012 NORMAL: -0.7992326021194458, -0.16396348178386688, 0.5782241821289062
vb0[291]+024 TANGENT: -0.45831194519996643, -0.19502831995487213, 0.8671298623085022, -1.0
vb0[291]+040 BLENDWEIGHTS: 1.0, 0.0, 0.0, 0.0
vb0[291]+056 BLENDINDICES: 1, 0, 0, 0
vb0[291]+072 COLOR: 1.0, 0.5019607843137255, 0.5019607843137255, 0.0
vb0[291]+076 TEXCOORD: 0.9869792461395264, 0.09070000797510147

vb0[292]+000 POSITION: -0.029508918523788452, 1.559156894683838, 0.10835739970207214
vb0[292]+012 NORMAL: -0.24472810328006744, -0.10673859715461731, 0.9636986255645752
vb0[292]+024 TANGENT: -0.24472807347774506, -0.10672461241483688, 0.9637001752853394, -1.0
vb0[292]+040 BLENDWEIGHTS: 1.0, 0.0, 0.0, 0.0
vb0[292]+056 BLENDINDICES: 0, 0, 0, 0
vb0[292]+072 COLOR: 1.0, 0.5019607843137255, 0.5019607843137255, 0.0
vb0[292]+076 TEXCOORD: 0.8321394920349121, 0.014351248741149902

vb0[293]+000 POSITION: -0.028953135013580322, 1.5577203035354614, 0.10833944380283356
vb0[293]+012 NORMAL: -0.24471691250801086, -0.10673097521066666, 0.9637022614479065
vb0[293]+024 TANGENT: -0.24471737444400787, -0.10672951489686966, 0.963702380657196, -1.0
vb0[293]+040 BLENDWEIGHTS: 1.0, 0.0, 0.0, 0.0
vb0[293]+056 BLENDINDICES: 0, 0, 0, 0
vb0[293]+072 COLOR: 1.0, 0.5019607843137255, 0.5019607843137255, 0.0
vb0[293]+076 TEXCOORD: 0.8318619728088379, 0.007491707801818848

vb0[294]+000 POSITION: -0.029401330277323723, 1.559923529624939, 0.1084696352481842
vb0[294]+012 NORMAL: -0.24469640851020813, -0.10673690587282181, 0.963706910610199
vb0[294]+024 TANGENT: -0.2446988821029663, -0.10673487186431885, 0.9637064933776855, -1.0
vb0[294]+040 BLENDWEIGHTS: 1.0, 0.0, 0.0, 0.0
vb0[294]+056 BLENDINDICES: 0, 0, 0, 0
vb0[294]+072 COLOR: 1.0, 0.5019607843137255, 0.5019607843137255, 0.0
vb0[294]+076 TEXCOORD: 0.8305239677429199, 0.01743912696838379

vb0[295]+000 POSITION: -0.029353255406022072, 1.558391809463501, 0.10831218212842941
vb0[295]+012 NORMAL: -0.24472810328006744, -0.10673858225345612, 0.9636986255645752
vb0[295]+024 TANGENT: -0.24472807347774506, -0.10672461241483688, 0.9637001752853394, -1.0
vb0[295]+040 BLENDWEIGHTS: 1.0, 0.0, 0.0, 0.0
vb0[295]+056 BLENDINDICES: 0, 0, 0, 0
vb0[295]+072 COLOR: 1.0, 0.5019607843137255, 0.5019607843137255, 0.0
vb0[295]+076 TEXCOORD: 0.8326020240783691, 0.010897517204284668

vb0[296]+000 POSITION: -0.028356796130537987, 1.5572236776351929, 0.10843584686517715
vb0[296]+012 NORMAL: -0.24470198154449463, -0.10673351585865021, 0.9637057781219482
vb0[296]+024 TANGENT: -0.24474646151065826, -0.1067456603050232, 0.9636932015419006, -1.0
vb0[296]+040 BLENDWEIGHTS: 1.0, 0.0, 0.0, 0.0
vb0[296]+056 BLENDINDICES: 0, 0, 0, 0
vb0[296]+072 COLOR: 1.0, 0.5019607843137255, 0.5019607843137255, 0.0
vb0[296]+076 TEXCOORD: 0.8299932479858398, 0.004547119140625

vb0[297]+000 POSITION: -0.029043501242995262, 1.5605988502502441, 0.1086353063583374
vb0[297]+012 NORMAL: -0.24309386312961578, -0.1061076819896698, 0.9641817808151245
vb0[297]+024 TANGENT: -0.2432558536529541, -0.10616976022720337, 0.9641340970993042, -1.0
vb0[297]+040 BLENDWEIGHTS: 1.0, 0.0, 0.0, 0.0
vb0[297]+056 BLENDINDICES: 0, 0, 0, 0
vb0[297]+072 COLOR: 1.0, 0.5019607843137255, 0.5019607843137255, 0.0
vb0[297]+076 TEXCOORD: 0.8279504776000977, 0.019786357879638672

vb0[298]+000 POSITION: -0.02763618715107441, 1.5569612979888916, 0.10858980566263199
vb0[298]+012 NORMAL: -0.24460414052009583, -0.10638877749443054, 0.9637687802314758
vb0[298]+024 TANGENT: -0.2446233034133911, -0.10642445087432861, 0.9637599587440491, -1.0
vb0[298]+040 BLENDWEIGHTS: 1.0, 0.0, 0.0, 0.0
vb0[298]+056 BLENDINDICES: 0, 0, 0, 0
vb0[298]+072 COLOR: 1.0, 0.5019607843137255, 0.5019607843137255, 0.0
vb0[298]+076 TEXCOORD: 0.8272342681884766, 0.002417445182800293

vb0[299]+000 POSITION: -0.028473149985074997, 1.561108946800232, 0.10883478820323944
vb0[299]+012 NORMAL: -0.24191829562187195, -0.1053631454706192, 0.9645590782165527
vb0[299]+024 TANGENT: -0.24195419251918793, -0.10540091246366501, 0.9645458459854126, -1.0
vb0[299]+040 BLENDWEIGHTS: 1.0, 0.0, 0.0, 0.0
vb0[299]+056 BLENDINDICES: 0, 0, 0, 0
vb0[299]+072 COLOR: 1.0, 0.5019607843137255, 0.5019607843137255, 0.0
vb0[299]+076 TEXCOORD: 0.8247256278991699, 0.021111488342285156

vb0[300]+000 POSITION: -0.02687821537256241, 1.5569653511047363, 0.10878274589776993
vb0[300]+012 NORMAL: -0.244707852602005, -0.10589563101530075, 0.9637967944145203
vb0[300]+024 TANGENT: -0.24473582208156586, -0.10591286420822144, 0.9637877345085144, -1.0
vb0[300]+040 BLENDWEIGHTS: 1.0, 0.0, 0.0, 0.0
vb0[300]+056 BLENDINDICES: 0, 0, 0, 0
vb0[300]+072 COLOR: 1.0, 0.5019607843137255, 0.5019607843137255, 0.0
vb0[300]+076 TEXCOORD: 0.8239121437072754, 0.0013599395751953125

vb0[301]+000 POSITION: -0.027759602293372154, 1.5613917112350464, 0.10904392600059509
vb0[301]+012 NORMAL: -0.2417646199464798, -0.10478996485471725, 0.9646599888801575
vb0[301]+024 TANGENT: -0.2417607605457306, -0.10478241741657257, 0.9646618962287903, -1.0
vb0[301]+040 BLENDWEIGHTS: 1.0, 0.0, 0.0, 0.0
vb0[301]+056 BLENDINDICES: 0, 0, 0, 0
vb0[301]+072 COLOR: 1.0, 0.5019607843137255, 0.5019607843137255, 0.0
vb0[301]+076 TEXCOORD: 0.8212418556213379, 0.021254539489746094

vb0[302]+000 POSITION: -0.026174306869506836, 1.5572348833084106, 0.10899136960506439
vb0[302]+012 NORMAL: -0.2452230006456375, -0.10543937981128693, 0.9637158513069153
vb0[302]+024 TANGENT: -0.24527207016944885, -0.10542130470275879, 0.9637053608894348, -1.0
vb0[302]+040 BLENDWEIGHTS: 1.0, 0.0, 0.0, 0.0
vb0[302]+056 BLENDINDICES: 0, 0, 0, 0
vb0[302]+072 COLOR: 1.0, 0.5019607843137255, 0.5019607843137255, 0.0
vb0[302]+076 TEXCOORD: 0.8204283714294434, 0.0015025138854980469

vb0[303]+000 POSITION: -0.02699439227581024, 1.5614051818847656, 0.10923726856708527
vb0[303]+012 NORMAL: -0.2428426891565323, -0.10456201434135437, 0.9644138813018799
vb0[303]+024 TANGENT: -0.2430574595928192, -0.10458558052778244, 0.9643572568893433, -1.0
vb0[303]+040 BLENDWEIGHTS: 1.0, 0.0, 0.0, 0.0
vb0[303]+056 BLENDINDICES: 0, 0, 0, 0
vb0[303]+072 COLOR: 1.0, 0.5019607843137255, 0.5019607843137255, 0.0
vb0[303]+076 TEXCOORD: 0.8179135322570801, 0.02019631862640381

vb0[304]+000 POSITION: -0.02560936100780964, 1.5577378273010254, 0.10919053107500076
vb0[304]+012 NORMAL: -0.24620488286018372, -0.10516822338104248, 0.9634950757026672
vb0[304]+024 TANGENT: -0.24626865983009338, -0.10516250878572464, 0.9634794592857361, -1.0
vb0[304]+040 BLENDWEIGHTS: 1.0, 0.0, 0.0, 0.0
vb0[304]+056 BLENDINDICES: 0, 0, 0, 0
vb0[304]+072 COLOR: 1.0, 0.5019607843137255, 0.5019607843137255, 0.0
vb0[304]+076 TEXCOORD: 0.8172092437744141, 0.0028274059295654297

vb0[305]+000 POSITION: -0.026275433599948883, 1.5611408948898315, 0.10939111560583115
vb0[305]+012 NORMAL: -0.24520441889762878, -0.10481374710798264, 0.9637888669967651
vb0[305]+024 TANGENT: -0.2455822080373764, -0.10490071773529053, 0.9636831283569336, -1.0
vb0[305]+040 BLENDWEIGHTS: 1.0, 0.0, 0.0, 0.0
vb0[305]+056 BLENDINDICES: 0, 0, 0, 0
vb0[305]+072 COLOR: 1.0, 0.5019607843137255, 0.5019607843137255, 0.0
vb0[305]+076 TEXCOORD: 0.8151607513427734, 0.018067598342895508

vb0[306]+000 POSITION: -0.02525152638554573, 1.5584131479263306, 0.10935619473457336
vb0[306]+012 NORMAL: -0.24761472642421722, -0.10525862127542496, 0.9631239175796509
vb0[306]+024 TANGENT: -0.24780428409576416, -0.10531777143478394, 0.9630686044692993, -1.0
vb0[306]+040 BLENDWEIGHTS: 1.0, 0.0, 0.0, 0.0
vb0[306]+056 BLENDINDICES: 0, 0, 0, 0
vb0[306]+072 COLOR: 1.0, 0.5019607843137255, 0.5019607843137255, 0.0
vb0[306]+076 TEXCOORD: 0.8146300315856934, 0.005174875259399414

vb0[307]+000 POSITION: -0.025687362998723984, 1.5606331825256348, 0.10948709398508072
vb0[307]+012 NORMAL: -0.24836896359920502, -0.10554466396570206, 0.9628983736038208
vb0[307]+024 TANGENT: -0.248514786362648, -0.10557521134614944, 0.9628573656082153, -1.0
vb0[307]+040 BLENDWEIGHTS: 1.0, 0.0, 0.0, 0.0
vb0[307]+056 BLENDINDICES: 0, 0, 0, 0
vb0[307]+072 COLOR: 1.0, 0.5019607843137255, 0.5019607843137255, 0.0
vb0[307]+076 TEXCOORD: 0.8132977485656738, 0.01512300968170166

vb0[308]+000 POSITION: -0.02529635839164257, 1.559949278831482, 0.10951382666826248
vb0[308]+012 NORMAL: -0.25061196088790894, -0.10607070475816727, 0.9622591733932495
vb0[308]+024 TANGENT: -0.2505832016468048, -0.10605944693088531, 0.9622679352760315, -1.0
vb0[308]+040 BLENDWEIGHTS: 1.0, 0.0, 0.0, 0.0
vb0[308]+056 BLENDINDICES: 0, 0, 0, 0
vb0[308]+072 COLOR: 1.0, 0.5019607843137255, 0.5019607843137255, 0.0
vb0[308]+076 TEXCOORD: 0.8125519752502441, 0.011717081069946289

vb0[309]+000 POSITION: -0.025143932551145554, 1.5591799020767212, 0.10946840792894363
vb0[309]+012 NORMAL: -0.25061196088790894, -0.10607069730758667, 0.9622591733932495
vb0[309]+024 TANGENT: -0.2505832016468048, -0.10605944693088531, 0.9622679352760315, -1.0
vb0[309]+040 BLENDWEIGHTS: 1.0, 0.0, 0.0, 0.0
vb0[309]+056 BLENDINDICES: 0, 0, 0, 0
vb0[309]+072 COLOR: 1.0, 0.5019607843137255, 0.5019607843137255, 0.0
vb0[309]+076 TEXCOORD: 0.8130145072937012, 0.0082625150680542

vb0[310]+000 POSITION: -0.03185530751943588, 1.5578994750976562, 0.10784473270177841
vb0[310]+012 NORMAL: -0.25090882182121277, -0.1067153587937355, 0.9621105194091797
vb0[310]+024 TANGENT: -0.25096964836120605, -0.10674440860748291, 0.9620914459228516, -1.0
vb0[310]+040 BLENDWEIGHTS: 1.0, 0.0, 0.0, 0.0
vb0[310]+056 BLENDINDICES: 0, 0, 0, 0
vb0[310]+072 COLOR: 1.0, 0.5019607843137255, 0.5019607843137255, 0.0
vb0[310]+076 TEXCOORD: 0.8494253158569336, 0.1946268379688263

vb0[311]+000 POSITION: -0.0315835103392601, 1.557197093963623, 0.10783771425485611
vb0[311]+012 NORMAL: -0.25111132860183716, -0.10674016177654266, 0.9620549082756042
vb0[311]+024 TANGENT: -0.2510720491409302, -0.10676168650388718, 0.9620627760887146, -1.0
vb0[311]+040 BLENDWEIGHTS: 1.0, 0.0, 0.0, 0.0
vb0[311]+056 BLENDINDICES: 0, 0, 0, 0
vb0[311]+072 COLOR: 1.0, 0.5019607843137255, 0.5019607843137255, 0.0
vb0[311]+076 TEXCOORD: 0.8491897583007812, 0.189792662858963

vb0[312]+000 POSITION: -0.031803060322999954, 1.5582741498947144, 0.10789993405342102
vb0[312]+012 NORMAL: -0.25100186467170715, -0.106729656457901, 0.9620845913887024
vb0[312]+024 TANGENT: -0.2509877681732178, -0.10671956092119217, 0.962089478969574, -1.0
vb0[312]+040 BLENDWEIGHTS: 1.0, 0.0, 0.0, 0.0
vb0[312]+056 BLENDINDICES: 0, 0, 0, 0
vb0[312]+072 COLOR: 1.0, 0.5019607843137255, 0.5019607843137255, 0.0
vb0[312]+076 TEXCOORD: 0.8483028411865234, 0.1968109905719757

vb0[313]+000 POSITION: -0.03177904710173607, 1.5575252771377563, 0.10782311856746674
vb0[313]+012 NORMAL: -0.2509087920188904, -0.1067153736948967, 0.9621105194091797
vb0[313]+024 TANGENT: -0.25096964836120605, -0.10674440860748291, 0.9620914459228516, -1.0
vb0[313]+040 BLENDWEIGHTS: 1.0, 0.0, 0.0, 0.0
vb0[313]+056 BLENDINDICES: 0, 0, 0, 0
vb0[313]+072 COLOR: 1.0, 0.5019607843137255, 0.5019607843137255, 0.0
vb0[313]+076 TEXCOORD: 0.8497323989868164, 0.19218875467777252

vb0[314]+000 POSITION: -0.03129224851727486, 1.5569541454315186, 0.10788676887750626
vb0[314]+012 NORMAL: -0.25102904438972473, -0.10671819001436234, 0.9620787501335144
vb0[314]+024 TANGENT: -0.2510584592819214, -0.10674965381622314, 0.9620676040649414, -1.0
vb0[314]+040 BLENDWEIGHTS: 1.0, 0.0, 0.0, 0.0
vb0[314]+056 BLENDINDICES: 0, 0, 0, 0
vb0[314]+072 COLOR: 1.0, 0.5019607843137255, 0.5019607843137255, 0.0
vb0[314]+076 TEXCOORD: 0.8478660583496094, 0.18772652745246887

vb0[315]+000 POSITION: -0.03162863105535507, 1.5586045980453491, 0.1079820990562439
vb0[315]+012 NORMAL: -0.2510312795639038, -0.10673452913761139, 0.9620764255523682
vb0[315]+024 TANGENT: -0.25099432468414307, -0.10673033446073532, 0.96208655834198, -1.0
vb0[315]+040 BLENDWEIGHTS: 1.0, 0.0, 0.0, 0.0
vb0[315]+056 BLENDINDICES: 0, 0, 0, 0
vb0[315]+072 COLOR: 1.0, 0.5019607843137255, 0.5019607843137255, 0.0
vb0[315]+076 TEXCOORD: 0.8464927673339844, 0.19847920536994934

vb0[316]+000 POSITION: -0.030940396711230278, 1.5568259954452515, 0.10796435177326202
vb0[316]+012 NORMAL: -0.2510541081428528, -0.1067345067858696, 0.9620704650878906
vb0[316]+024 TANGENT: -0.2510623633861542, -0.10674750804901123, 0.9620668292045593, -1.0
vb0[316]+040 BLENDWEIGHTS: 1.0, 0.0, 0.0, 0.0
vb0[316]+056 BLENDINDICES: 0, 0, 0, 0
vb0[316]+072 COLOR: 1.0, 0.5019607843137255, 0.5019607843137255, 0.0
vb0[316]+076 TEXCOORD: 0.8459062576293945, 0.18623927235603333

vb0[317]+000 POSITION: -0.03135304152965546, 1.5588504076004028, 0.10808128118515015
vb0[317]+012 NORMAL: -0.25100260972976685, -0.10672426223754883, 0.9620850086212158
vb0[317]+024 TANGENT: -0.250901460647583, -0.1067156195640564, 0.9621124267578125, -1.0
vb0[317]+040 BLENDWEIGHTS: 1.0, 0.0, 0.0, 0.0
vb0[317]+056 BLENDINDICES: 0, 0, 0, 0
vb0[317]+072 COLOR: 1.0, 0.5019607843137255, 0.5019607843137255, 0.0
vb0[317]+076 TEXCOORD: 0.8442316055297852, 0.19942918419837952

vb0[318]+000 POSITION: -0.03057040646672249, 1.5568277835845947, 0.10806109011173248
vb0[318]+012 NORMAL: -0.2510561943054199, -0.10673785209655762, 0.962069571018219
vb0[318]+024 TANGENT: -0.2510802745819092, -0.10674268007278442, 0.9620627760887146, -1.0
vb0[318]+040 BLENDWEIGHTS: 1.0, 0.0, 0.0, 0.0
vb0[318]+056 BLENDINDICES: 0, 0, 0, 0
vb0[318]+072 COLOR: 1.0, 0.5019607843137255, 0.5019607843137255, 0.0
vb0[318]+076 TEXCOORD: 0.8435630798339844, 0.18551018834114075

vb0[319]+000 POSITION: -0.031009547412395477, 1.5589823722839355, 0.1081855297088623
vb0[319]+012 NORMAL: -0.25103145837783813, -0.10672909766435623, 0.9620769619941711
vb0[319]+024 TANGENT: -0.25098681449890137, -0.10672266036272049, 0.9620893597602844, -1.0
vb0[319]+040 BLENDWEIGHTS: 1.0, 0.0, 0.0, 0.0
vb0[319]+056 BLENDINDICES: 0, 0, 0, 0
vb0[319]+072 COLOR: 1.0, 0.5019607843137255, 0.5019607843137255, 0.0
vb0[319]+076 TEXCOORD: 0.8417701721191406, 0.19954732060432434

vb0[320]+000 POSITION: -0.03022690862417221, 1.556959629058838, 0.10816536843776703
vb0[320]+012 NORMAL: -0.2510203421115875, -0.1067337617278099, 0.9620794057846069
vb0[320]+024 TANGENT: -0.25103721022605896, -0.10672848671674728, 0.9620755314826965, -1.0
vb0[320]+040 BLENDWEIGHTS: 1.0, 0.0, 0.0, 0.0
vb0[320]+056 BLENDINDICES: 0, 0, 0, 0
vb0[320]+072 COLOR: 1.0, 0.5019607843137255, 0.5019607843137255, 0.0
vb0[320]+076 TEXCOORD: 0.8411073684692383, 0.18562737107276917

vb0[321]+000 POSITION: -0.030639559030532837, 1.5589841604232788, 0.10828229784965515
vb0[321]+012 NORMAL: -0.25106722116470337, -0.10673838108778, 0.9620665907859802
vb0[321]+024 TANGENT: -0.2510709762573242, -0.10673260688781738, 0.9620662927627563, -1.0
vb0[321]+040 BLENDWEIGHTS: 1.0, 0.0, 0.0, 0.0
vb0[321]+056 BLENDINDICES: 0, 0, 0, 0
vb0[321]+072 COLOR: 1.0, 0.5019607843137255, 0.5019607843137255, 0.0
vb0[321]+076 TEXCOORD: 0.8394269943237305, 0.1988181173801422

vb0[322]+000 POSITION: -0.029951319098472595, 1.5572056770324707, 0.10826453566551208
vb0[322]+012 NORMAL: -0.2509928345680237, -0.10673428326845169, 0.9620864987373352
vb0[322]+024 TANGENT: -0.25094592571258545, -0.10671579092741013, 0.9621006846427917, -1.0
vb0[322]+040 BLENDWEIGHTS: 1.0, 0.0, 0.0, 0.0
vb0[322]+056 BLENDINDICES: 0, 0, 0, 0
vb0[322]+072 COLOR: 1.0, 0.5019607843137255, 0.5019607843137255, 0.0
vb0[322]+076 TEXCOORD: 0.8388404846191406, 0.18657806515693665

vb0[323]+000 POSITION: -0.03028770349919796, 1.5588560104370117, 0.10835986584424973
vb0[323]+012 NORMAL: -0.25102466344833374, -0.10672719031572342, 0.9620789885520935
vb0[323]+024 TANGENT: -0.2509258985519409, -0.10670412331819534, 0.9621073007583618, -1.0
vb0[323]+040 BLENDWEIGHTS: 1.0, 0.0, 0.0, 0.0
vb0[323]+056 BLENDINDICES: 0, 0, 0, 0
vb0[323]+072 COLOR: 1.0, 0.5019607843137255, 0.5019607843137255, 0.0
vb0[323]+076 TEXCOORD: 0.8374729156494141, 0.19733086228370667

vb0[324]+000 POSITION: -0.029776889830827713, 1.5575357675552368, 0.10834670066833496
vb0[324]+012 NORMAL: -0.25119149684906006, -0.10677393525838852, 0.9620301723480225
vb0[324]+024 TANGENT: -0.2510833740234375, -0.10674631595611572, 0.9620615243911743, -1.0
vb0[324]+040 BLENDWEIGHTS: 1.0, 0.0, 0.0, 0.0
vb0[324]+056 BLENDINDICES: 0, 0, 0, 0
vb0[324]+072 COLOR: 1.0, 0.5019607843137255, 0.5019607843137255, 0.0
vb0[324]+076 TEXCOORD: 0.8370361328125, 0.18824544548988342

vb0[325]+000 POSITION: -0.029996447265148163, 1.5586133003234863, 0.10840892791748047
vb0[325]+012 NORMAL: -0.25096595287323, -0.10671579092741013, 0.9620954990386963
vb0[325]+024 TANGENT: -0.2508699595928192, -0.10667375475168228, 0.9621251821517944, -1.0
vb0[325]+040 BLENDWEIGHTS: 1.0, 0.0, 0.0, 0.0
vb0[325]+056 BLENDINDICES: 0, 0, 0, 0
vb0[325]+072 COLOR: 1.0, 0.5019607843137255, 0.5019607843137255, 0.0
vb0[325]+076 TEXCOORD: 0.8361434936523438, 0.19526484608650208

vb0[326]+000 POSITION: -0.02980090118944645, 1.5582847595214844, 0.10842352360486984
vb0[326]+012 NORMAL: -0.25096333026885986, -0.10670872032642365, 0.9620969295501709
vb0[326]+024 TANGENT: -0.2511396110057831, -0.10674815624952316, 0.9620466232299805, -1.0
vb0[326]+040 BLENDWEIGHTS: 1.0, 0.0, 0.0, 0.0
vb0[326]+056 BLENDINDICES: 0, 0, 0, 0
vb0[326]+072 COLOR: 1.0, 0.5019607843137255, 0.5019607843137255, 0.0
vb0[326]+076 TEXCOORD: 0.8356008529663086, 0.19286778569221497

vb0[327]+000 POSITION: -0.029724644497036934, 1.5579105615615845, 0.10840191692113876
vb0[327]+012 NORMAL: -0.2509633004665375, -0.10670872032642365, 0.9620969295501709
vb0[327]+024 TANGENT: -0.2511396110057831, -0.10674815624952316, 0.9620466232299805, -1.0
vb0[327]+040 BLENDWEIGHTS: 1.0, 0.0, 0.0, 0.0
vb0[327]+056 BLENDINDICES: 0, 0, 0, 0
vb0[327]+072 COLOR: 1.0, 0.5019607843137255, 0.5019607843137255, 0.0
vb0[327]+076 TEXCOORD: 0.8359079360961914, 0.19043055176734924

vb0[328]+000 POSITION: -0.04471375420689583, 1.5526939630508423, 0.10472816973924637
vb0[328]+012 NORMAL: -0.11841560155153275, -0.0877540186047554, 0.9890788197517395
vb0[328]+024 TANGENT: -0.11845624446868896, -0.08773381263017654, 0.989075779914856, -1.0
vb0[328]+040 BLENDWEIGHTS: 1.0, 0.0, 0.0, 0.0
vb0[328]+056 BLENDINDICES: 0, 0, 0, 0
vb0[328]+072 COLOR: 1.0, 0.5019607843137255, 0.5019607843137255, 0.0
vb0[328]+076 TEXCOORD: 0.9950709342956543, 0.018830180168151855

vb0[329]+000 POSITION: -0.04429003596305847, 1.5515633821487427, 0.10467859357595444
vb0[329]+012 NORMAL: -0.11850354820489883, -0.08779828995466232, 0.9890643954277039
vb0[329]+024 TANGENT: -0.11846411973237991, -0.0877801775932312, 0.9890707731246948, -1.0
vb0[329]+040 BLENDWEIGHTS: 1.0, 0.0, 0.0, 0.0
vb0[329]+056 BLENDINDICES: 0, 0, 0, 0
vb0[329]+072 COLOR: 1.0, 0.5019607843137255, 0.5019607843137255, 0.0
vb0[329]+076 TEXCOORD: 0.9953536987304688, 0.010990500450134277

vb0[330]+000 POSITION: -0.04461510851979256, 1.5532959699630737, 0.10479339957237244
vb0[330]+012 NORMAL: -0.11849094182252884, -0.08777157962322235, 0.9890682101249695
vb0[330]+024 TANGENT: -0.11852407455444336, -0.08777767419815063, 0.9890637993812561, -1.0
vb0[330]+040 BLENDWEIGHTS: 1.0, 0.0, 0.0, 0.0
vb0[330]+056 BLENDINDICES: 0, 0, 0, 0
vb0[330]+072 COLOR: 1.0, 0.5019607843137255, 0.5019607843137255, 0.0
vb0[330]+076 TEXCOORD: 0.9929542541503906, 0.022204279899597168

vb0[331]+000 POSITION: -0.04460085183382034, 1.55209219455719, 0.10468830168247223
vb0[331]+012 NORMAL: -0.11841561645269394, -0.087754026055336, 0.9890788197517395
vb0[331]+024 TANGENT: -0.11845611780881882, -0.08773381263017654, 0.989075779914856, -1.0
vb0[331]+040 BLENDWEIGHTS: 1.0, 0.0, 0.0, 0.0
vb0[331]+056 BLENDINDICES: 0, 0, 0, 0
vb0[331]+072 COLOR: 1.0, 0.5019607843137255, 0.5019607843137255, 0.0
vb0[331]+076 TEXCOORD: 0.9959020614624023, 0.014935970306396484

vb0[332]+000 POSITION: -0.043818771839141846, 1.5511714220046997, 0.1047002449631691
vb0[332]+012 NORMAL: -0.11853297799825668, -0.08779910951852798, 0.9890608787536621
vb0[332]+024 TANGENT: -0.11848486214876175, -0.08777684718370438, 0.9890685677528381, -1.0
vb0[332]+040 BLENDWEIGHTS: 1.0, 0.0, 0.0, 0.0
vb0[332]+056 BLENDINDICES: 0, 0, 0, 0
vb0[332]+072 COLOR: 1.0, 0.5019607843137255, 0.5019607843137255, 0.0
vb0[332]+076 TEXCOORD: 0.9934906959533691, 0.007472038269042969

vb0[333]+000 POSITION: -0.04431682452559471, 1.5538254976272583, 0.10487615317106247
vb0[333]+012 NORMAL: -0.11849330365657806, -0.0877765417098999, 0.9890674948692322
vb0[333]+024 TANGENT: -0.11850559711456299, -0.08779280632734299, 0.9890645742416382, -1.0
vb0[333]+040 BLENDWEIGHTS: 1.0, 0.0, 0.0, 0.0
vb0[333]+056 BLENDINDICES: 0, 0, 0, 0
vb0[333]+072 COLOR: 1.0, 0.5019607843137255, 0.5019607843137255, 0.0
vb0[333]+076 TEXCOORD: 0.9898090362548828, 0.024651288986206055

vb0[334]+000 POSITION: -0.04324393346905708, 1.550963044166565, 0.1047506332397461
vb0[334]+012 NORMAL: -0.11850976943969727, -0.087790347635746, 0.9890643954277039
vb0[334]+024 TANGENT: -0.11847209930419922, -0.08777719736099243, 0.9890700578689575, -1.0
vb0[334]+040 BLENDWEIGHTS: 1.0, 0.0, 0.0, 0.0
vb0[334]+056 BLENDINDICES: 0, 0, 0, 0
vb0[334]+072 COLOR: 1.0, 0.5019607843137255, 0.5019607843137255, 0.0
vb0[334]+076 TEXCOORD: 0.9905314445495605, 0.004802823066711426

vb0[335]+000 POSITION: -0.04385487362742424, 1.5542188882827759, 0.1049664095044136
vb0[335]+012 NORMAL: -0.1184806227684021, -0.08777826279401779, 0.9890689253807068
vb0[335]+024 TANGENT: -0.1184689924120903, -0.08777403831481934, 0.9890706539154053, -1.0
vb0[335]+040 BLENDWEIGHTS: 1.0, 0.0, 0.0, 0.0
vb0[335]+056 BLENDINDICES: 0, 0, 0, 0
vb0[335]+072 COLOR: 1.0, 0.5019607843137255, 0.5019607843137255, 0.0
vb0[335]+076 TEXCOORD: 0.9860215187072754, 0.02587604522705078

vb0[336]+000 POSITION: -0.042634814977645874, 1.5509638786315918, 0.10482367128133774
vb0[336]+012 NORMAL: -0.11849603801965714, -0.08778177201747894, 0.9890668392181396
vb0[336]+024 TANGENT: -0.1184563860297203, -0.08777470886707306, 0.9890722036361694, -1.0
vb0[336]+040 BLENDWEIGHTS: 1.0, 0.0, 0.0, 0.0
vb0[336]+056 BLENDINDICES: 0, 0, 0, 0
vb0[336]+072 COLOR: 1.0, 0.5019607843137255, 0.5019607843137255, 0.0
vb0[336]+076 TEXCOORD: 0.9868440628051758, 0.0033042430877685547

vb0[337]+000 POSITION: -0.043284978717565536, 1.5544288158416748, 0.10505329072475433
vb0[337]+012 NORMAL: -0.11847775429487228, -0.08777614682912827, 0.9890695214271545
vb0[337]+024 TANGENT: -0.11847258359193802, -0.08776325732469559, 0.989071249961853, -1.0
vb0[337]+040 BLENDWEIGHTS: 1.0, 0.0, 0.0, 0.0
vb0[337]+056 BLENDINDICES: 0, 0, 0, 0
vb0[337]+072 COLOR: 1.0, 0.5019607843137255, 0.5019607843137255, 0.0
vb0[337]+076 TEXCOORD: 0.9820394515991211, 0.025731682777404785

vb0[338]+000 POSITION: -0.04206492006778717, 1.5511736869812012, 0.10491055250167847
vb0[338]+012 NORMAL: -0.11847510188817978, -0.08777644485235214, 0.9890697598457336
vb0[338]+024 TANGENT: -0.11845587939023972, -0.08777987957000732, 0.9890717267990112, -1.0
vb0[338]+040 BLENDWEIGHTS: 1.0, 0.0, 0.0, 0.0
vb0[338]+056 BLENDINDICES: 0, 0, 0, 0
vb0[338]+072 COLOR: 1.0, 0.5019607843137255, 0.5019607843137255, 0.0
vb0[338]+076 TEXCOORD: 0.9828672409057617, 0.003159046173095703

vb0[339]+000 POSITION: -0.04267587140202522, 1.5544296503067017, 0.10512632876634598
vb0[339]+012 NORMAL: -0.11847894638776779, -0.08777618408203125, 0.9890692830085754
vb0[339]+024 TANGENT: -0.11849438399076462, -0.0877729058265686, 0.9890677332878113, -1.0
vb0[339]+040 BLENDWEIGHTS: 1.0, 0.0, 0.0, 0.0
vb0[339]+056 BLENDINDICES: 0, 0, 0, 0
vb0[339]+072 COLOR: 1.0, 0.5019607843137255, 0.5019607843137255, 0.0
vb0[339]+076 TEXCOORD: 0.9783515930175781, 0.024233341217041016

vb0[340]+000 POSITION: -0.041602972894907, 1.5515671968460083, 0.1050008088350296
vb0[340]+012 NORMAL: -0.11846006661653519, -0.08777660876512527, 0.9890716075897217
vb0[340]+024 TANGENT: -0.11847902834415436, -0.08778709918260574, 0.989068329334259, -1.0
vb0[340]+040 BLENDWEIGHTS: 1.0, 0.0, 0.0, 0.0
vb0[340]+056 BLENDINDICES: 0, 0, 0, 0
vb0[340]+072 COLOR: 1.0, 0.5019607843137255, 0.5019607843137255, 0.0
vb0[340]+076 TEXCOORD: 0.9790740013122559, 0.004384756088256836

vb0[341]+000 POSITION: -0.04210102558135986, 1.554221510887146, 0.10517671704292297
vb0[341]+012 NORMAL: -0.11848784238100052, -0.08778146654367447, 0.9890677332878113
vb0[341]+024 TANGENT: -0.11849702894687653, -0.08778167515993118, 0.9890667200088501, -1.0
vb0[341]+040 BLENDWEIGHTS: 1.0, 0.0, 0.0, 0.0
vb0[341]+056 BLENDINDICES: 0, 0, 0, 0
vb0[341]+072 COLOR: 1.0, 0.5019607843137255, 0.5019607843137255, 0.0
vb0[341]+076 TEXCOORD: 0.975398063659668, 0.02156388759613037

vb0[342]+000 POSITION: -0.04130469262599945, 1.5520967245101929, 0.10508355498313904
vb0[342]+012 NORMAL: -0.11853846162557602, -0.0877750813961029, 0.9890622496604919
vb0[342]+024 TANGENT: -0.11851441860198975, -0.08777731657028198, 0.9890649318695068, -1.0
vb0[342]+040 BLENDWEIGHTS: 1.0, 0.0, 0.0, 0.0
vb0[342]+056 BLENDINDICES: 0, 0, 0, 0
vb0[342]+072 COLOR: 1.0, 0.5019607843137255, 0.5019607843137255, 0.0
vb0[342]+076 TEXCOORD: 0.9759345054626465, 0.006830930709838867

vb0[343]+000 POSITION: -0.04162976145744324, 1.553829312324524, 0.10519836843013763
vb0[343]+012 NORMAL: -0.11848145723342896, -0.08775794506072998, 0.9890706539154053
vb0[343]+024 TANGENT: -0.11848187446594238, -0.0877808928489685, 0.9890685677528381, -1.0
vb0[343]+040 BLENDWEIGHTS: 1.0, 0.0, 0.0, 0.0
vb0[343]+056 BLENDINDICES: 0, 0, 0, 0
vb0[343]+072 COLOR: 1.0, 0.5019607843137255, 0.5019607843137255, 0.0
vb0[343]+076 TEXCOORD: 0.9735293388366699, 0.018045783042907715

vb0[344]+000 POSITION: -0.041318949311971664, 1.5533004999160767, 0.10518866032361984
vb0[344]+012 NORMAL: -0.11845904588699341, -0.08777228742837906, 0.9890720844268799
vb0[344]+024 TANGENT: -0.11836207658052444, -0.08773499727249146, 0.9890869855880737, -1.0
vb0[344]+040 BLENDWEIGHTS: 1.0, 0.0, 0.0, 0.0
vb0[344]+056 BLENDINDICES: 0, 0, 0, 0
vb0[344]+072 COLOR: 1.0, 0.5019607843137255, 0.5019607843137255, 0.0
vb0[344]+076 TEXCOORD: 0.9729814529418945, 0.014100074768066406

vb0[345]+000 POSITION: -0.04120604321360588, 1.5526987314224243, 0.1051487922668457
vb0[345]+012 NORMAL: -0.1184590607881546, -0.08777229487895966, 0.9890720844268799
vb0[345]+024 TANGENT: -0.11836207658052444, -0.08773499727249146, 0.9890869855880737, -1.0
vb0[345]+040 BLENDWEIGHTS: 1.0, 0.0, 0.0, 0.0
vb0[345]+056 BLENDINDICES: 0, 0, 0, 0
vb0[345]+072 COLOR: 1.0, 0.5019607843137255, 0.5019607843137255, 0.0
vb0[345]+076 TEXCOORD: 0.973818302154541, 0.010206103324890137

vb0[346]+000 POSITION: 0.042189378291368484, 1.5591437816619873, 0.10643742233514786
vb0[346]+012 NORMAL: -0.24472810328006744, -0.10673859715461731, 0.9636986255645752
vb0[346]+024 TANGENT: 0.12082235515117645, -0.2158198207616806, 0.9689291715621948, -1.0
vb0[346]+040 BLENDWEIGHTS: 1.0, 0.0, 0.0, 0.0
vb0[346]+056 BLENDINDICES: 1, 0, 0, 0
vb0[346]+072 COLOR: 1.0, 0.5019607843137255, 0.5019607843137255, 0.0
vb0[346]+076 TEXCOORD: 0.8321394920349121, 0.014351248741149902

vb0[347]+000 POSITION: 0.04268970713019371, 1.5577361583709717, 0.10606151074171066
vb0[347]+012 NORMAL: -0.24471691250801086, -0.10673097521066666, 0.9637022614479065
vb0[347]+024 TANGENT: 0.12093114852905273, -0.2157905250787735, 0.9689221382141113, -1.0
vb0[347]+040 BLENDWEIGHTS: 1.0, 0.0, 0.0, 0.0
vb0[347]+056 BLENDINDICES: 1, 0, 0, 0
vb0[347]+072 COLOR: 1.0, 0.5019607843137255, 0.5019607843137255, 0.0
vb0[347]+076 TEXCOORD: 0.8318619728088379, 0.007491707801818848

vb0[348]+000 POSITION: 0.042336247861385345, 1.5598974227905273, 0.10658694058656693
vb0[348]+012 NORMAL: -0.24469640851020813, -0.10673690587282181, 0.963706910610199
vb0[348]+024 TANGENT: 0.12088935077190399, -0.21581076085567474, 0.9689227938652039, -1.0
vb0[348]+040 BLENDWEIGHTS: 1.0, 0.0, 0.0, 0.0
vb0[348]+056 BLENDINDICES: 1, 0, 0, 0
vb0[348]+072 COLOR: 1.0, 0.5019607843137255, 0.5019607843137255, 0.0
vb0[348]+076 TEXCOORD: 0.8305239677429199, 0.01743912696838379

vb0[349]+000 POSITION: 0.0423121452331543, 1.5583933591842651, 0.10625496506690979
vb0[349]+012 NORMAL: -0.24472810328006744, -0.10673858225345612, 0.9636986255645752
vb0[349]+024 TANGENT: 0.12082235515117645, -0.2158198207616806, 0.9689291715621948, -1.0
vb0[349]+040 BLENDWEIGHTS: 1.0, 0.0, 0.0, 0.0
vb0[349]+056 BLENDINDICES: 1, 0, 0, 0
vb0[349]+072 COLOR: 1.0, 0.5019607843137255, 0.5019607843137255, 0.0
vb0[349]+076 TEXCOORD: 0.8326020240783691, 0.010897517204284668

vb0[350]+000 POSITION: 0.04327654093503952, 1.557252049446106, 0.10588043928146362
vb0[350]+012 NORMAL: -0.24470198154449463, -0.10673351585865021, 0.9637057781219482
vb0[350]+024 TANGENT: 0.12089419364929199, -0.21580110490322113, 0.968924343585968, -1.0
vb0[350]+040 BLENDWEIGHTS: 1.0, 0.0, 0.0, 0.0
vb0[350]+056 BLENDINDICES: 1, 0, 0, 0
vb0[350]+072 COLOR: 1.0, 0.5019607843137255, 0.5019607843137255, 0.0
vb0[350]+076 TEXCOORD: 0.8299932479858398, 0.004547119140625

vb0[351]+000 POSITION: 0.04273497313261032, 1.5605628490447998, 0.10668538510799408
vb0[351]+012 NORMAL: -0.24309386312961578, -0.1061076819896698, 0.9641817808151245
vb0[351]+024 TANGENT: 0.12245333194732666, -0.2152121663093567, 0.9688595533370972, -1.0
vb0[351]+040 BLENDWEIGHTS: 1.0, 0.0, 0.0, 0.0
vb0[351]+056 BLENDINDICES: 1, 0, 0, 0
vb0[351]+072 COLOR: 1.0, 0.5019607843137255, 0.5019607843137255, 0.0
vb0[351]+076 TEXCOORD: 0.8279504776000977, 0.019786357879638672

vb0[352]+000 POSITION: 0.04400186613202095, 1.5569987297058105, 0.10573355108499527
vb0[352]+012 NORMAL: -0.24460414052009583, -0.10638877749443054, 0.9637687802314758
vb0[352]+024 TANGENT: 0.12105996906757355, -0.21547573804855347, 0.9689761996269226, -1.0
vb0[352]+040 BLENDWEIGHTS: 1.0, 0.0, 0.0, 0.0
vb0[352]+056 BLENDINDICES: 1, 0, 0, 0
vb0[352]+072 COLOR: 1.0, 0.5019607843137255, 0.5019607843137255, 0.0
vb0[352]+076 TEXCOORD: 0.8272342681884766, 0.002417445182800293

vb0[353]+000 POSITION: 0.04334273189306259, 1.5610675811767578, 0.10672010481357574
vb0[353]+012 NORMAL: -0.24191829562187195, -0.1053631454706192, 0.9645590782165527
vb0[353]+024 TANGENT: 0.12383819371461868, -0.21443761885166168, 0.9688553214073181, -1.0
vb0[353]+040 BLENDWEIGHTS: 1.0, 0.0, 0.0, 0.0
vb0[353]+056 BLENDINDICES: 1, 0, 0, 0
vb0[353]+072 COLOR: 1.0, 0.5019607843137255, 0.5019607843137255, 0.0
vb0[353]+076 TEXCOORD: 0.8247256278991699, 0.021111488342285156

vb0[354]+000 POSITION: 0.04477817937731743, 1.5570073127746582, 0.10563857853412628
vb0[354]+012 NORMAL: -0.244707852602005, -0.10589563101530075, 0.9637967944145203
vb0[354]+024 TANGENT: 0.12097859382629395, -0.21496331691741943, 0.9691001176834106, -1.0
vb0[354]+040 BLENDWEIGHTS: 1.0, 0.0, 0.0, 0.0
vb0[354]+056 BLENDINDICES: 1, 0, 0, 0
vb0[354]+072 COLOR: 1.0, 0.5019607843137255, 0.5019607843137255, 0.0
vb0[354]+076 TEXCOORD: 0.8239121437072754, 0.0013599395751953125

vb0[355]+000 POSITION: 0.044085681438446045, 1.5613501071929932, 0.10668691992759705
vb0[355]+012 NORMAL: -0.2417646199464798, -0.10478996485471725, 0.9646599888801575
vb0[355]+024 TANGENT: 0.12404733896255493, -0.21383702754974365, 0.9689612984657288, -1.0
vb0[355]+040 BLENDWEIGHTS: 1.0, 0.0, 0.0, 0.0
vb0[355]+056 BLENDINDICES: 1, 0, 0, 0
vb0[355]+072 COLOR: 1.0, 0.5019607843137255, 0.5019607843137255, 0.0
vb0[355]+076 TEXCOORD: 0.8212418556213379, 0.021254539489746094

vb0[356]+000 POSITION: 0.04551185667514801, 1.5572763681411743, 0.10560697317123413
vb0[356]+012 NORMAL: -0.2452230006456375, -0.10543937981128693, 0.9637158513069153
vb0[356]+024 TANGENT: 0.12043560296297073, -0.21449072659015656, 0.9692724347114563, -1.0
vb0[356]+040 BLENDWEIGHTS: 1.0, 0.0, 0.0, 0.0
vb0[356]+056 BLENDINDICES: 1, 0, 0, 0
vb0[356]+072 COLOR: 1.0, 0.5019607843137255, 0.5019607843137255, 0.0
vb0[356]+076 TEXCOORD: 0.8204283714294434, 0.0015025138854980469

vb0[357]+000 POSITION: 0.044868964701890945, 1.5613682270050049, 0.10659075528383255
vb0[357]+012 NORMAL: -0.2428426891565323, -0.10456201434135437, 0.9644138813018799
vb0[357]+024 TANGENT: 0.12272129207849503, -0.21365764737129211, 0.9691696166992188, -1.0
vb0[357]+040 BLENDWEIGHTS: 1.0, 0.0, 0.0, 0.0
vb0[357]+056 BLENDINDICES: 1, 0, 0, 0
vb0[357]+072 COLOR: 1.0, 0.5019607843137255, 0.5019607843137255, 0.0
vb0[357]+076 TEXCOORD: 0.8179135322570801, 0.02019631862640381

vb0[358]+000 POSITION: 0.046114400029182434, 1.5577738285064697, 0.10564254224300385
vb0[358]+012 NORMAL: -0.24620488286018372, -0.10516822338104248, 0.9634950757026672
vb0[358]+024 TANGENT: 0.11939375847578049, -0.21425539255142212, 0.9694533348083496, -1.0
vb0[358]+040 BLENDWEIGHTS: 1.0, 0.0, 0.0, 0.0
vb0[358]+056 BLENDINDICES: 1, 0, 0, 0
vb0[358]+072 COLOR: 1.0, 0.5019607843137255, 0.5019607843137255, 0.0
vb0[358]+076 TEXCOORD: 0.8172092437744141, 0.0028274059295654297

vb0[359]+000 POSITION: 0.04559268057346344, 1.5611129999160767, 0.10644413530826569
vb0[359]+012 NORMAL: -0.24520441889762878, -0.10481374710798264, 0.9637888669967651
vb0[359]+024 TANGENT: 0.12013429403305054, -0.21397502720355988, 0.969423770904541, -1.0
vb0[359]+040 BLENDWEIGHTS: 1.0, 0.0, 0.0, 0.0
vb0[359]+056 BLENDINDICES: 1, 0, 0, 0
vb0[359]+072 COLOR: 1.0, 0.5019607843137255, 0.5019607843137255, 0.0
vb0[359]+076 TEXCOORD: 0.8151607513427734, 0.018067598342895508

vb0[360]+000 POSITION: 0.046513136476278305, 1.5584392547607422, 0.105740986764431
vb0[360]+012 NORMAL: -0.24761472642421722, -0.10525862127542496, 0.9631239175796509
vb0[360]+024 TANGENT: 0.11778109520673752, -0.21440236270427704, 0.9696180820465088, -1.0
vb0[360]+040 BLENDWEIGHTS: 1.0, 0.0, 0.0, 0.0
vb0[360]+056 BLENDINDICES: 1, 0, 0, 0
vb0[360]+072 COLOR: 1.0, 0.5019607843137255, 0.5019607843137255, 0.0
vb0[360]+076 TEXCOORD: 0.8146300315856934, 0.005174875259399414

vb0[361]+000 POSITION: 0.04617157205939293, 1.5606176853179932, 0.10626443475484848
vb0[361]+012 NORMAL: -0.24836896359920502, -0.10554466396570206, 0.9628983736038208
vb0[361]+024 TANGENT: 0.11709379404783249, -0.21467158198356628, 0.9696416854858398, -1.0
vb0[361]+040 BLENDWEIGHTS: 1.0, 0.0, 0.0, 0.0
vb0[361]+056 BLENDINDICES: 1, 0, 0, 0
vb0[361]+072 COLOR: 1.0, 0.5019607843137255, 0.5019607843137255, 0.0
vb0[361]+076 TEXCOORD: 0.8132977485656738, 0.01512300968170166

vb0[362]+000 POSITION: 0.04654035344719887, 1.5599479675292969, 0.10607245564460754
vb0[362]+012 NORMAL: -0.25061196088790894, -0.10607070475816727, 0.9622591733932495
vb0[362]+024 TANGENT: 0.11493552476167679, -0.215131476521492, 0.9697980880737305, -1.0
vb0[362]+040 BLENDWEIGHTS: 1.0, 0.0, 0.0, 0.0
vb0[362]+056 BLENDINDICES: 1, 0, 0, 0
vb0[362]+072 COLOR: 1.0, 0.5019607843137255, 0.5019607843137255, 0.0
vb0[362]+076 TEXCOORD: 0.8125519752502441, 0.011717081069946289

vb0[363]+000 POSITION: 0.04665999859571457, 1.5591931343078613, 0.10589049756526947
vb0[363]+012 NORMAL: -0.25061196088790894, -0.10607069730758667, 0.9622591733932495
vb0[363]+024 TANGENT: 0.11493552476167679, -0.215131476521492, 0.9697980880737305, -1.0
vb0[363]+040 BLENDWEIGHTS: 1.0, 0.0, 0.0, 0.0
vb0[363]+056 BLENDINDICES: 1, 0, 0, 0
vb0[363]+072 COLOR: 1.0, 0.5019607843137255, 0.5019607843137255, 0.0
vb0[363]+076 TEXCOORD: 0.8130145072937012, 0.0082625150680542

vb0[364]+000 POSITION: 0.03986462950706482, 1.557929515838623, 0.10621896386146545
vb0[364]+012 NORMAL: -0.25090882182121277, -0.1067153587937355, 0.9621105194091797
vb0[364]+024 TANGENT: 0.08177746087312698, -0.2097562551498413, 0.9743278622627258, -1.0
vb0[364]+040 BLENDWEIGHTS: 1.0, 0.0, 0.0, 0.0
vb0[364]+056 BLENDINDICES: 1, 0, 0, 0
vb0[364]+072 COLOR: 1.0, 0.5019607843137255, 0.5019607843137255, 0.0
vb0[364]+076 TEXCOORD: 0.8494253158569336, 0.1946268379688263

vb0[365]+000 POSITION: 0.040092743933200836, 1.5572320222854614, 0.10604961961507797
vb0[365]+012 NORMAL: -0.25111132860183716, -0.10674016177654266, 0.9620549082756042
vb0[365]+024 TANGENT: 0.08153599500656128, -0.2098912000656128, 0.9743189811706543, -1.0
vb0[365]+040 BLENDWEIGHTS: 1.0, 0.0, 0.0, 0.0
vb0[365]+056 BLENDINDICES: 1, 0, 0, 0
vb0[365]+072 COLOR: 1.0, 0.5019607843137255, 0.5019607843137255, 0.0
vb0[365]+076 TEXCOORD: 0.8491897583007812, 0.189792662858963

vb0[366]+000 POSITION: 0.039945896714925766, 1.5582962036132812, 0.10629110783338547
vb0[366]+012 NORMAL: -0.25100186467170715, -0.106729656457901, 0.9620845913887024
vb0[366]+024 TANGENT: 0.08145779371261597, -0.20986074209213257, 0.9743321537971497, -1.0
vb0[366]+040 BLENDWEIGHTS: 1.0, 0.0, 0.0, 0.0
vb0[366]+056 BLENDINDICES: 1, 0, 0, 0
vb0[366]+072 COLOR: 1.0, 0.5019607843137255, 0.5019607843137255, 0.0
vb0[366]+076 TEXCOORD: 0.8483028411865234, 0.1968109905719757

vb0[367]+000 POSITION: 0.03991564363241196, 1.5575599670410156, 0.10613509267568588
vb0[367]+012 NORMAL: -0.2509087920188904, -0.1067153736948967, 0.9621105194091797
vb0[367]+024 TANGENT: 0.08177746087312698, -0.2097562551498413, 0.9743278622627258, -1.0
vb0[367]+040 BLENDWEIGHTS: 1.0, 0.0, 0.0, 0.0
vb0[367]+056 BLENDINDICES: 1, 0, 0, 0
vb0[367]+072 COLOR: 1.0, 0.5019607843137255, 0.5019607843137255, 0.0
vb0[367]+076 TEXCOORD: 0.8497323989868164, 0.19218875467777252

vb0[368]+000 POSITION: 0.040374621748924255, 1.5569851398468018, 0.10597287863492966
vb0[368]+012 NORMAL: -0.25102904438972473, -0.10671819001436234, 0.9620787501335144
vb0[368]+024 TANGENT: 0.0817374587059021, -0.20990502834320068, 0.9742991924285889, -1.0
vb0[368]+040 BLENDWEIGHTS: 1.0, 0.0, 0.0, 0.0
vb0[368]+056 BLENDINDICES: 1, 0, 0, 0
vb0[368]+072 COLOR: 1.0, 0.5019607843137255, 0.5019607843137255, 0.0
vb0[368]+076 TEXCOORD: 0.8478660583496094, 0.18772652745246887

vb0[369]+000 POSITION: 0.04014962911605835, 1.5586156845092773, 0.10634289681911469
vb0[369]+012 NORMAL: -0.2510312795639038, -0.10673452913761139, 0.9620764255523682
vb0[369]+024 TANGENT: 0.08158140629529953, -0.20981675386428833, 0.9743312001228333, -1.0
vb0[369]+040 BLENDWEIGHTS: 1.0, 0.0, 0.0, 0.0
vb0[369]+056 BLENDINDICES: 1, 0, 0, 0
vb0[369]+072 COLOR: 1.0, 0.5019607843137255, 0.5019607843137255, 0.0
vb0[369]+076 TEXCOORD: 0.8464927673339844, 0.19847920536994934

vb0[370]+000 POSITION: 0.04072725027799606, 1.556849479675293, 0.10591408610343933
vb0[370]+012 NORMAL: -0.2510541081428528, -0.1067345067858696, 0.9620704650878906
vb0[370]+024 TANGENT: 0.08164703845977783, -0.20986759662628174, 0.97431480884552, -1.0
vb0[370]+040 BLENDWEIGHTS: 1.0, 0.0, 0.0, 0.0
vb0[370]+056 BLENDINDICES: 1, 0, 0, 0
vb0[370]+072 COLOR: 1.0, 0.5019607843137255, 0.5019607843137255, 0.0
vb0[370]+076 TEXCOORD: 0.8459062576293945, 0.18623927235603333

vb0[371]+000 POSITION: 0.04045125097036362, 1.5588494539260864, 0.10636796802282333
vb0[371]+012 NORMAL: -0.25100260972976685, -0.10672426223754883, 0.9620850086212158
vb0[371]+024 TANGENT: 0.08164751529693604, -0.2097897082567215, 0.9743315577507019, -1.0
vb0[371]+040 BLENDWEIGHTS: 1.0, 0.0, 0.0, 0.0
vb0[371]+056 BLENDINDICES: 1, 0, 0, 0
vb0[371]+072 COLOR: 1.0, 0.5019607843137255, 0.5019607843137255, 0.0
vb0[371]+076 TEXCOORD: 0.8442316055297852, 0.19942918419837952

vb0[372]+000 POSITION: 0.04110810160636902, 1.5568407773971558, 0.10588033497333527
vb0[372]+012 NORMAL: -0.2510561943054199, -0.10673785209655762, 0.962069571018219
vb0[372]+024 TANGENT: 0.08154284954071045, -0.20983357727527618, 0.9743309020996094, -1.0
vb0[372]+040 BLENDWEIGHTS: 1.0, 0.0, 0.0, 0.0
vb0[372]+056 BLENDINDICES: 1, 0, 0, 0
vb0[372]+072 COLOR: 1.0, 0.5019607843137255, 0.5019607843137255, 0.0
vb0[372]+076 TEXCOORD: 0.8435630798339844, 0.18551018834114075

vb0[373]+000 POSITION: 0.040814369916915894, 1.5589693784713745, 0.10636336356401443
vb0[373]+012 NORMAL: -0.25103145837783813, -0.10672909766435623, 0.9620769619941711
vb0[373]+024 TANGENT: 0.0815785676240921, -0.2098088562488556, 0.9743332862854004, -1.0
vb0[373]+040 BLENDWEIGHTS: 1.0, 0.0, 0.0, 0.0
vb0[373]+056 BLENDINDICES: 1, 0, 0, 0
vb0[373]+072 COLOR: 1.0, 0.5019607843137255, 0.5019607843137255, 0.0
vb0[373]+076 TEXCOORD: 0.8417701721191406, 0.19954732060432434

vb0[374]+000 POSITION: 0.04147122800350189, 1.5569605827331543, 0.10587574541568756
vb0[374]+012 NORMAL: -0.2510203421115875, -0.1067337617278099, 0.9620794057846069
vb0[374]+024 TANGENT: 0.0815422460436821, -0.20982466638088226, 0.9743328094482422, -1.0
vb0[374]+040 BLENDWEIGHTS: 1.0, 0.0, 0.0, 0.0
vb0[374]+056 BLENDINDICES: 1, 0, 0, 0
vb0[374]+072 COLOR: 1.0, 0.5019607843137255, 0.5019607843137255, 0.0
vb0[374]+076 TEXCOORD: 0.8411073684692383, 0.18562737107276917

vb0[375]+000 POSITION: 0.04119522497057915, 1.5589606761932373, 0.10632964968681335
vb0[375]+012 NORMAL: -0.25106722116470337, -0.10673838108778, 0.9620665907859802
vb0[375]+024 TANGENT: 0.08160191029310226, -0.20984284579753876, 0.9743238687515259, -1.0
vb0[375]+040 BLENDWEIGHTS: 1.0, 0.0, 0.0, 0.0
vb0[375]+056 BLENDINDICES: 1, 0, 0, 0
vb0[375]+072 COLOR: 1.0, 0.5019607843137255, 0.5019607843137255, 0.0
vb0[375]+076 TEXCOORD: 0.8394269943237305, 0.1988181173801422

vb0[376]+000 POSITION: 0.04177284985780716, 1.557194471359253, 0.1059008315205574
vb0[376]+012 NORMAL: -0.2509928345680237, -0.10673428326845169, 0.9620864987373352
vb0[376]+024 TANGENT: 0.08156436681747437, -0.20982955396175385, 0.9743298888206482, -1.0
vb0[376]+040 BLENDWEIGHTS: 1.0, 0.0, 0.0, 0.0
vb0[376]+056 BLENDINDICES: 1, 0, 0, 0
vb0[376]+072 COLOR: 1.0, 0.5019607843137255, 0.5019607843137255, 0.0
vb0[376]+076 TEXCOORD: 0.8388404846191406, 0.18657806515693665

vb0[377]+000 POSITION: 0.04154786095023155, 1.5588250160217285, 0.10627084225416183
vb0[377]+012 NORMAL: -0.25102466344833374, -0.10672719031572342, 0.9620789885520935
vb0[377]+024 TANGENT: 0.0817616656422615, -0.20985519886016846, 0.9743078947067261, -1.0
vb0[377]+040 BLENDWEIGHTS: 1.0, 0.0, 0.0, 0.0
vb0[377]+056 BLENDINDICES: 1, 0, 0, 0
vb0[377]+072 COLOR: 1.0, 0.5019607843137255, 0.5019607843137255, 0.0
vb0[377]+076 TEXCOORD: 0.8374729156494141, 0.19733086228370667

vb0[378]+000 POSITION: 0.041976574808359146, 1.5575138330459595, 0.10595258325338364
vb0[378]+012 NORMAL: -0.25119149684906006, -0.10677393525838852, 0.9620301723480225
vb0[378]+024 TANGENT: 0.08141159266233444, -0.20982013642787933, 0.9743446707725525, -1.0
vb0[378]+040 BLENDWEIGHTS: 1.0, 0.0, 0.0, 0.0
vb0[378]+056 BLENDINDICES: 1, 0, 0, 0
vb0[378]+072 COLOR: 1.0, 0.5019607843137255, 0.5019607843137255, 0.0
vb0[378]+076 TEXCOORD: 0.8370361328125, 0.18824544548988342

vb0[379]+000 POSITION: 0.04182973876595497, 1.5585782527923584, 0.10619410872459412
vb0[379]+012 NORMAL: -0.25096595287323, -0.10671579092741013, 0.9620954990386963
vb0[379]+024 TANGENT: 0.08153301477432251, -0.20984576642513275, 0.9743290543556213, -1.0
vb0[379]+040 BLENDWEIGHTS: 1.0, 0.0, 0.0, 0.0
vb0[379]+056 BLENDINDICES: 1, 0, 0, 0
vb0[379]+072 COLOR: 1.0, 0.5019607843137255, 0.5019607843137255, 0.0
vb0[379]+076 TEXCOORD: 0.8361434936523438, 0.19526484608650208

vb0[380]+000 POSITION: 0.04200683906674385, 1.558250069618225, 0.10610862821340561
vb0[380]+012 NORMAL: -0.25096333026885986, -0.10670872032642365, 0.9620969295501709
vb0[380]+024 TANGENT: 0.08144140243530273, -0.20979143679141998, 0.9743484258651733, -1.0
vb0[380]+040 BLENDWEIGHTS: 1.0, 0.0, 0.0, 0.0
vb0[380]+056 BLENDINDICES: 1, 0, 0, 0
vb0[380]+072 COLOR: 1.0, 0.5019607843137255, 0.5019607843137255, 0.0
vb0[380]+076 TEXCOORD: 0.8356008529663086, 0.19286778569221497

vb0[381]+000 POSITION: 0.04205784574151039, 1.5578805208206177, 0.10602474957704544
vb0[381]+012 NORMAL: -0.2509633004665375, -0.10670872032642365, 0.9620969295501709
vb0[381]+024 TANGENT: 0.08144140243530273, -0.209791362285614, 0.9743484258651733, -1.0
vb0[381]+040 BLENDWEIGHTS: 1.0, 0.0, 0.0, 0.0
vb0[381]+056 BLENDINDICES: 1, 0, 0, 0
vb0[381]+072 COLOR: 1.0, 0.5019607843137255, 0.5019607843137255, 0.0
vb0[381]+076 TEXCOORD: 0.8359079360961914, 0.19043055176734924

vb0[382]+000 POSITION: 0.027078494429588318, 1.5526939630508423, 0.10798336565494537
vb0[382]+012 NORMAL: -0.11841560155153275, -0.0877540186047554, 0.9890788197517395
vb0[382]+024 TANGENT: 0.2437559962272644, -0.08775497227907181, 0.9658582210540771, -1.0
vb0[382]+040 BLENDWEIGHTS: 1.0, 0.0, 0.0, 0.0
vb0[382]+056 BLENDINDICES: 1, 0, 0, 0
vb0[382]+072 COLOR: 1.0, 0.5019607843137255, 0.5019607843137255, 0.0
vb0[382]+076 TEXCOORD: 0.9950709342956543, 0.018830180168151855

vb0[383]+000 POSITION: 0.027456339448690414, 1.5515633821487427, 0.10778531432151794
vb0[383]+012 NORMAL: -0.11850354820489883, -0.08779828995466232, 0.9890643954277039
vb0[383]+024 TANGENT: 0.2436443269252777, -0.08776665478944778, 0.96588534116745, -1.0
vb0[383]+040 BLENDWEIGHTS: 1.0, 0.0, 0.0, 0.0
vb0[383]+056 BLENDINDICES: 1, 0, 0, 0
vb0[383]+072 COLOR: 1.0, 0.5019607843137255, 0.5019607843137255, 0.0
vb0[383]+076 TEXCOORD: 0.9953536987304688, 0.010990500450134277

vb0[384]+000 POSITION: 0.027193956077098846, 1.5532959699630737, 0.10800894349813461
vb0[384]+012 NORMAL: -0.11849094182252884, -0.08777157962322235, 0.9890682101249695
vb0[384]+024 TANGENT: 0.24360114336013794, -0.08778858184814453, 0.9658942222595215, -1.0
vb0[384]+040 BLENDWEIGHTS: 1.0, 0.0, 0.0, 0.0
vb0[384]+056 BLENDINDICES: 1, 0, 0, 0
vb0[384]+072 COLOR: 1.0, 0.5019607843137255, 0.5019607843137255, 0.0
vb0[384]+076 TEXCOORD: 0.9929542541503906, 0.022204279899597168

vb0[385]+000 POSITION: 0.027169622480869293, 1.55209219455719, 0.10790570825338364
vb0[385]+012 NORMAL: -0.11841561645269394, -0.087754026055336, 0.9890788197517395
vb0[385]+024 TANGENT: 0.2437559962272644, -0.08775497227907181, 0.9658582210540771, -1.0
vb0[385]+040 BLENDWEIGHTS: 1.0, 0.0, 0.0, 0.0
vb0[385]+056 BLENDINDICES: 1, 0, 0, 0
vb0[385]+072 COLOR: 1.0, 0.5019607843137255, 0.5019607843137255, 0.0
vb0[385]+076 TEXCOORD: 0.9959020614624023, 0.014935970306396484

vb0[386]+000 POSITION: 0.027904095128178596, 1.5511714220046997, 0.10763674229383469
vb0[386]+012 NORMAL: -0.11853297799825668, -0.08779910951852798, 0.9890608787536621
vb0[386]+024 TANGENT: 0.24360118806362152, -0.0877813771367073, 0.9658949375152588, -1.0
vb0[386]+040 BLENDWEIGHTS: 1.0, 0.0, 0.0, 0.0
vb0[386]+056 BLENDINDICES: 1, 0, 0, 0
vb0[386]+072 COLOR: 1.0, 0.5019607843137255, 0.5019607843137255, 0.0
vb0[386]+076 TEXCOORD: 0.9934906959533691, 0.007472038269042969

vb0[387]+000 POSITION: 0.027502093464136124, 1.5538254976272583, 0.10797937214374542
vb0[387]+012 NORMAL: -0.11849330365657806, -0.0877765417098999, 0.9890674948692322
vb0[387]+024 TANGENT: 0.24363483488559723, -0.08779300004243851, 0.96588534116745, -1.0
vb0[387]+040 BLENDWEIGHTS: 1.0, 0.0, 0.0, 0.0
vb0[387]+056 BLENDINDICES: 1, 0, 0, 0
vb0[387]+072 COLOR: 1.0, 0.5019607843137255, 0.5019607843137255, 0.0
vb0[387]+076 TEXCOORD: 0.9898090362548828, 0.024651288986206055

vb0[388]+000 POSITION: 0.028458846732974052, 1.550963044166565, 0.10747788846492767
vb0[388]+012 NORMAL: -0.11850976943969727, -0.087790347635746, 0.9890643954277039
vb0[388]+024 TANGENT: 0.2435966283082962, -0.08777713775634766, 0.9658963680267334, -1.0
vb0[388]+040 BLENDWEIGHTS: 1.0, 0.0, 0.0, 0.0
vb0[388]+056 BLENDINDICES: 1, 0, 0, 0
vb0[388]+072 COLOR: 1.0, 0.5019607843137255, 0.5019607843137255, 0.0
vb0[388]+076 TEXCOORD: 0.9905314445495605, 0.004802823066711426

vb0[389]+000 POSITION: 0.027965720742940903, 1.5542188882827759, 0.10789817571640015
vb0[389]+012 NORMAL: -0.1184806227684021, -0.08777826279401779, 0.9890689253807068
vb0[389]+024 TANGENT: 0.24365544319152832, -0.08778256177902222, 0.9658811092376709, -1.0
vb0[389]+040 BLENDWEIGHTS: 1.0, 0.0, 0.0, 0.0
vb0[389]+056 BLENDINDICES: 1, 0, 0, 0
vb0[389]+072 COLOR: 1.0, 0.5019607843137255, 0.5019607843137255, 0.0
vb0[389]+076 TEXCOORD: 0.9860215187072754, 0.02587604522705078

vb0[390]+000 POSITION: 0.029053715988993645, 1.5509638786315918, 0.10732792317867279
vb0[390]+012 NORMAL: -0.11849603801965714, -0.08778177201747894, 0.9890668392181396
vb0[390]+024 TANGENT: 0.24363984167575836, -0.08777392655611038, 0.9658858180046082, -1.0
vb0[390]+040 BLENDWEIGHTS: 1.0, 0.0, 0.0, 0.0
vb0[390]+056 BLENDINDICES: 1, 0, 0, 0
vb0[390]+072 COLOR: 1.0, 0.5019607843137255, 0.5019607843137255, 0.0
vb0[390]+076 TEXCOORD: 0.9868440628051758, 0.0033042430877685547

vb0[391]+000 POSITION: 0.02852892316877842, 1.5544288158416748, 0.10777517408132553
vb0[391]+012 NORMAL: -0.11847775429487228, -0.08777614682912827, 0.9890695214271545
vb0[391]+024 TANGENT: 0.24362090229988098, -0.08777398616075516, 0.9658905863761902, -1.0
vb0[391]+040 BLENDWEIGHTS: 1.0, 0.0, 0.0, 0.0
vb0[391]+056 BLENDINDICES: 1, 0, 0, 0
vb0[391]+072 COLOR: 1.0, 0.5019607843137255, 0.5019607843137255, 0.0
vb0[391]+076 TEXCOORD: 0.9820394515991211, 0.025731682777404785

vb0[392]+000 POSITION: 0.02961691841483116, 1.5511736869812012, 0.10720492154359818
vb0[392]+012 NORMAL: -0.11847510188817978, -0.08777644485235214, 0.9890697598457336
vb0[392]+024 TANGENT: 0.2436802089214325, -0.08777863532304764, 0.9658752083778381, -1.0
vb0[392]+040 BLENDWEIGHTS: 1.0, 0.0, 0.0, 0.0
vb0[392]+056 BLENDINDICES: 1, 0, 0, 0
vb0[392]+072 COLOR: 1.0, 0.5019607843137255, 0.5019607843137255, 0.0
vb0[392]+076 TEXCOORD: 0.9828672409057617, 0.003159046173095703

vb0[393]+000 POSITION: 0.029123783111572266, 1.5544296503067017, 0.10762520879507065
vb0[393]+012 NORMAL: -0.11847894638776779, -0.08777618408203125, 0.9890692830085754
vb0[393]+024 TANGENT: 0.2435849905014038, -0.0877688005566597, 0.9659001231193542, -1.0
vb0[393]+040 BLENDWEIGHTS: 1.0, 0.0, 0.0, 0.0
vb0[393]+056 BLENDINDICES: 1, 0, 0, 0
vb0[393]+072 COLOR: 1.0, 0.5019607843137255, 0.5019607843137255, 0.0
vb0[393]+076 TEXCOORD: 0.9783515930175781, 0.024233341217041016

vb0[394]+000 POSITION: 0.030080541968345642, 1.5515671968460083, 0.1071237251162529
vb0[394]+012 NORMAL: -0.11846006661653519, -0.08777660876512527, 0.9890716075897217
vb0[394]+024 TANGENT: 0.24365583062171936, -0.0877842828631401, 0.965880811214447, -1.0
vb0[394]+040 BLENDWEIGHTS: 1.0, 0.0, 0.0, 0.0
vb0[394]+056 BLENDINDICES: 1, 0, 0, 0
vb0[394]+072 COLOR: 1.0, 0.5019607843137255, 0.5019607843137255, 0.0
vb0[394]+076 TEXCOORD: 0.9790740013122559, 0.004384756088256836

vb0[395]+000 POSITION: 0.02967854030430317, 1.554221510887146, 0.10746635496616364
vb0[395]+012 NORMAL: -0.11848784238100052, -0.08778146654367447, 0.9890677332878113
vb0[395]+024 TANGENT: 0.24360579252243042, -0.08776909857988358, 0.9658948183059692, -1.0
vb0[395]+040 BLENDWEIGHTS: 1.0, 0.0, 0.0, 0.0
vb0[395]+056 BLENDINDICES: 1, 0, 0, 0
vb0[395]+072 COLOR: 1.0, 0.5019607843137255, 0.5019607843137255, 0.0
vb0[395]+076 TEXCOORD: 0.975398063659668, 0.02156388759613037

vb0[396]+000 POSITION: 0.03038867376744747, 1.5520967245101929, 0.10709415376186371
vb0[396]+012 NORMAL: -0.11853846162557602, -0.0877750813961029, 0.9890622496604919
vb0[396]+024 TANGENT: 0.2435692548751831, -0.08778410404920578, 0.9659026861190796, -1.0
vb0[396]+040 BLENDWEIGHTS: 1.0, 0.0, 0.0, 0.0
vb0[396]+056 BLENDINDICES: 1, 0, 0, 0
vb0[396]+072 COLOR: 1.0, 0.5019607843137255, 0.5019607843137255, 0.0
vb0[396]+076 TEXCOORD: 0.9759345054626465, 0.006830930709838867

vb0[397]+000 POSITION: 0.030126294121146202, 1.553829312324524, 0.10731777548789978
vb0[397]+012 NORMAL: -0.11848145723342896, -0.08775794506072998, 0.9890706539154053
vb0[397]+024 TANGENT: 0.24365559220314026, -0.08778982609510422, 0.9658803343772888, -1.0
vb0[397]+040 BLENDWEIGHTS: 1.0, 0.0, 0.0, 0.0
vb0[397]+056 BLENDINDICES: 1, 0, 0, 0
vb0[397]+072 COLOR: 1.0, 0.5019607843137255, 0.5019607843137255, 0.0
vb0[397]+076 TEXCOORD: 0.9735293388366699, 0.018045783042907715

vb0[398]+000 POSITION: 0.030413007363677025, 1.5533004999160767, 0.10719739645719528
vb0[398]+012 NORMAL: -0.11845904588699341, -0.08777228742837906, 0.9890720844268799
vb0[398]+024 TANGENT: 0.24362115561962128, -0.08776545524597168, 0.9658912420272827, -1.0
vb0[398]+040 BLENDWEIGHTS: 1.0, 0.0, 0.0, 0.0
vb0[398]+056 BLENDINDICES: 1, 0, 0, 0
vb0[398]+072 COLOR: 1.0, 0.5019607843137255, 0.5019607843137255, 0.0
vb0[398]+076 TEXCOORD: 0.9729814529418945, 0.014100074768066406

vb0[399]+000 POSITION: 0.030504141002893448, 1.5526987314224243, 0.10711973160505295
vb0[399]+012 NORMAL: -0.1184590607881546, -0.08777229487895966, 0.9890720844268799
vb0[399]+024 TANGENT: 0.24362115561962128, -0.08776545524597168, 0.9658912420272827, -1.0
vb0[399]+040 BLENDWEIGHTS: 1.0, 0.0, 0.0, 0.0
vb0[399]+056 BLENDINDICES: 1, 0, 0, 0
vb0[399]+072 COLOR: 1.0, 0.5019607843137255, 0.5019607843137255, 0.0
vb0[399]+076 TEXCOORD: 0.973818302154541, 0.010206103324890137
