stride: 92
first vertex: 0
vertex count: 1101
topology: trianglelist
element[0]:
  SemanticName: POSITION
  SemanticIndex: 0
  Format: R32G32B32_FLOAT
  InputSlot: 0
  AlignedByteOffset: 0
  InputSlotClass: per-vertex
  InstanceDataStepRate: 0
element[1]:
  SemanticName: NORMAL
  SemanticIndex: 0
  Format: R32G32B32_FLOAT
  InputSlot: 0
  AlignedByteOffset: 12
  InputSlotClass: per-vertex
  InstanceDataStepRate: 0
element[2]:
  SemanticName: TANGENT
  SemanticIndex: 0
  Format: R32G32B32A32_FLOAT
  InputSlot: 0
  AlignedByteOffset: 24
  InputSlotClass: per-vertex
  InstanceDataStepRate: 0
element[3]:
  SemanticName: BLENDWEIGHTS
  SemanticIndex: 0
  Format: R32G32B32A32_FLOAT
  InputSlot: 0
  AlignedByteOffset: 40
  InputSlotClass: per-vertex
  InstanceDataStepRate: 0
element[4]:
  SemanticName: BLENDINDICES
  SemanticIndex: 0
  Format: R32G32B32A32_UINT
  InputSlot: 0
  AlignedByteOffset: 56
  InputSlotClass: per-vertex
  InstanceDataStepRate: 0
element[5]:
  SemanticName: COLOR
  SemanticIndex: 0
  Format: R8G8B8A8_UNORM
  InputSlot: 0
  AlignedByteOffset: 72
  InputSlotClass: per-vertex
  InstanceDataStepRate: 0
element[6]:
  SemanticName: TEXCOORD
  SemanticIndex: 0
  Format: R32G32_FLOAT
  InputSlot: 0
  AlignedByteOffset: 76
  InputSlotClass: per-vertex
  InstanceDataStepRate: 0
element[7]:
  SemanticName: TEXCOORD
  SemanticIndex: 1
  Format: R32G32_FLOAT
  InputSlot: 0
  AlignedByteOffset: 84
  InputSlotClass: per-vertex
  InstanceDataStepRate: 0

vertex-data:

vb0[0]+000 POSITION: 0.022764043882489204, 1.4071153402328491, 0.08743647485971451
vb0[0]+012 NORMAL: -0.06856618076562881, 0.7282016277313232, 0.6819245219230652
vb0[0]+024 TANGENT: -0.001634597429074347, 0.6714876294136047, 0.7410138845443726, -1.0
vb0[0]+040 BLENDWEIGHTS: 1.0, 0.0, 0.0, 0.0
vb0[0]+056 BLENDINDICES: 7, 0, 0, 0
vb0[0]+072 COLOR: 1.0, 0.2, 0.5019607843137255, 0.5019607843137255
vb0[0]+076 TEXCOORD: 0.2040262222290039, 0.8881652355194092
vb0[0]+084 TEXCOORD1: 0.20402604341506958, 0.8881652355194092

vb0[1]+000 POSITION: 0.03911105543375015, 1.4012233018875122, 0.10155459493398666
vb0[1]+012 NORMAL: -0.1846655309200287, 0.7851572036743164, 0.5911233425140381
vb0[1]+024 TANGENT: -0.17727090418338776, 0.7823594212532043, 0.5970668792724609, -1.0
vb0[1]+040 BLENDWEIGHTS: 1.0, 0.0, 0.0, 0.0
vb0[1]+056 BLENDINDICES: 7, 0, 0, 0
vb0[1]+072 COLOR: 1.0, 0.2, 0.5019607843137255, 0.5019607843137255
vb0[1]+076 TEXCOORD: 0.18244361877441406, 0.9099817276000977
vb0[1]+084 TEXCOORD1: 0.18244341015815735, 0.9099817276000977

vb0[2]+000 POSITION: 0.04056333005428314, 1.4058988094329834, 0.09407268464565277
vb0[2]+012 NORMAL: -0.12453186511993408, 0.8616660237312317, 0.491958886384964
vb0[2]+024 TANGENT: -0.12448132038116455, 0.8617426753044128, 0.4918373227119446, -1.0
vb0[2]+040 BLENDWEIGHTS: 1.0, 0.0, 0.0, 0.0
vb0[2]+056 BLENDINDICES: 7, 0, 0, 0
vb0[2]+072 COLOR: 1.0, 0.2, 0.5019607843137255, 0.5019607843137255
vb0[2]+076 TEXCOORD: 0.17799854278564453, 0.899493932723999
vb0[2]+084 TEXCOORD1: 0.17799824476242065, 0.8994939923286438

vb0[3]+000 POSITION: 0.0202247966080904, 1.395959734916687, 0.10190405696630478
vb0[3]+012 NORMAL: -0.22225572168827057, 0.6710301637649536, 0.7073336839675903
vb0[3]+024 TANGENT: -0.2500854730606079, 0.5033085346221924, 0.8271262049674988, -1.0
vb0[3]+040 BLENDWEIGHTS: 1.0, 0.0, 0.0, 0.0
vb0[3]+056 BLENDINDICES: 7, 0, 0, 0
vb0[3]+072 COLOR: 1.0, 0.2, 0.5019607843137255, 0.5019607843137255
vb0[3]+076 TEXCOORD: 0.21220064163208008, 0.9119210243225098
vb0[3]+084 TEXCOORD1: 0.21220065653324127, 0.9119210243225098

vb0[4]+000 POSITION: 0.03907937556505203, 1.395418643951416, 0.10774823278188705
vb0[4]+012 NORMAL: -0.22713111340999603, 0.5749807357788086, 0.7860080003738403
vb0[4]+024 TANGENT: -0.24271678924560547, 0.5028519630432129, 0.8295953869819641, -1.0
vb0[4]+040 BLENDWEIGHTS: 1.0, 0.0, 0.0, 0.0
vb0[4]+056 BLENDINDICES: 7, 0, 0, 0
vb0[4]+072 COLOR: 1.0, 0.2, 0.5019607843137255, 0.5019607843137255
vb0[4]+076 TEXCOORD: 0.18477535247802734, 0.9205737113952637
vb0[4]+084 TEXCOORD1: 0.1847752034664154, 0.9205736517906189

vb0[5]+000 POSITION: 0.04401147738099098, 1.4100724458694458, 0.08727360516786575
vb0[5]+012 NORMAL: -0.08084411174058914, 0.8069893717765808, 0.5850062370300293
vb0[5]+024 TANGENT: -0.06393170356750488, 0.8160970211029053, 0.574367880821228, -1.0
vb0[5]+040 BLENDWEIGHTS: 1.0, 0.0, 0.0, 0.0
vb0[5]+056 BLENDINDICES: 7, 0, 0, 0
vb0[5]+072 COLOR: 1.0, 0.2, 0.5019607843137255, 0.5019607843137255
vb0[5]+076 TEXCOORD: 0.1711273193359375, 0.889768123626709
vb0[5]+084 TEXCOORD1: 0.17112737894058228, 0.8897680640220642

vb0[6]+000 POSITION: 0.035772569477558136, 1.4164657592773438, 0.07874900102615356
vb0[6]+012 NORMAL: 0.03740278631448746, 0.631151020526886, 0.7747575640678406
vb0[6]+024 TANGENT: 0.08301019668579102, 0.579844057559967, 0.8104876279830933, -1.0
vb0[6]+040 BLENDWEIGHTS: 1.0, 0.0, 0.0, 0.0
vb0[6]+056 BLENDINDICES: 7, 0, 0, 0
vb0[6]+072 COLOR: 1.0, 0.2, 0.5019607843137255, 0.5019607843137255
vb0[6]+076 TEXCOORD: 0.1814579963684082, 0.8724241256713867
vb0[6]+084 TEXCOORD1: 0.18145796656608582, 0.8724240660667419

vb0[7]+000 POSITION: 0.04766079783439636, 1.414332389831543, 0.08126691728830338
vb0[7]+012 NORMAL: 0.02283683978021145, 0.7303945422172546, 0.6826436519622803
vb0[7]+024 TANGENT: 0.03822470083832741, 0.7312900424003601, 0.6809946894645691, -1.0
vb0[7]+040 BLENDWEIGHTS: 1.0, 0.0, 0.0, 0.0
vb0[7]+056 BLENDINDICES: 7, 0, 0, 0
vb0[7]+072 COLOR: 1.0, 0.2, 0.5019607843137255, 0.5019607843137255
vb0[7]+076 TEXCOORD: 0.1641082763671875, 0.879788875579834
vb0[7]+084 TEXCOORD1: 0.16410857439041138, 0.8797888159751892

vb0[8]+000 POSITION: 0.023779405280947685, 1.4183892011642456, 0.08094147592782974
vb0[8]+012 NORMAL: 0.21879655122756958, 0.4603784382343292, 0.86033695936203
vb0[8]+024 TANGENT: 0.2131013572216034, 0.45456570386886597, 0.8648456335067749, -1.0
vb0[8]+040 BLENDWEIGHTS: 1.0, 0.0, 0.0, 0.0
vb0[8]+056 BLENDINDICES: 7, 0, 0, 0
vb0[8]+072 COLOR: 1.0, 0.2, 0.5019607843137255, 0.5019607843137255
vb0[8]+076 TEXCOORD: 0.199981689453125, 0.8691496849060059
vb0[8]+084 TEXCOORD1: 0.1999816745519638, 0.8691496253013611

vb0[9]+000 POSITION: 0.01680200733244419, 1.4131921529769897, 0.0851573646068573
vb0[9]+012 NORMAL: 0.15169627964496613, 0.4741145372390747, 0.8672967553138733
vb0[9]+024 TANGENT: 0.1518584042787552, 0.474237859249115, 0.867201030254364, -1.0
vb0[9]+040 BLENDWEIGHTS: 1.0, 0.0, 0.0, 0.0
vb0[9]+056 BLENDINDICES: 7, 0, 0, 0
vb0[9]+072 COLOR: 1.0, 0.2, 0.5019607843137255, 0.5019607843137255
vb0[9]+076 TEXCOORD: 0.21201276779174805, 0.877631664276123
vb0[9]+084 TEXCOORD1: 0.2120128571987152, 0.877631664276123

vb0[10]+000 POSITION: 0.031798407435417175, 1.4229708909988403, 0.07693665474653244
vb0[10]+012 NORMAL: 0.21372076869010925, 0.3766099512577057, 0.9013813138008118
vb0[10]+024 TANGENT: 0.213690847158432, 0.37580788135528564, 0.9017231464385986, -1.0
vb0[10]+040 BLENDWEIGHTS: 1.0, 0.0, 0.0, 0.0
vb0[10]+056 BLENDINDICES: 7, 0, 0, 0
vb0[10]+072 COLOR: 1.0, 0.2, 0.5019607843137255, 0.5019607843137255
vb0[10]+076 TEXCOORD: 0.18655776977539062, 0.8615517616271973
vb0[10]+084 TEXCOORD1: 0.18655800819396973, 0.861551821231842

vb0[11]+000 POSITION: 0.043908946216106415, 1.4223461151123047, 0.07448261976242065
vb0[11]+012 NORMAL: 0.13732846081256866, 0.5040619969367981, 0.8526796102523804
vb0[11]+024 TANGENT: 0.15293903648853302, 0.4970274865627289, 0.8541507124900818, -1.0
vb0[11]+040 BLENDWEIGHTS: 1.0, 0.0, 0.0, 0.0
vb0[11]+056 BLENDINDICES: 7, 0, 0, 0
vb0[11]+072 COLOR: 1.0, 0.2, 0.5019607843137255, 0.5019607843137255
vb0[11]+076 TEXCOORD: 0.1676020622253418, 0.8630661964416504
vb0[11]+084 TEXCOORD1: 0.16760191321372986, 0.8630661368370056

vb0[12]+000 POSITION: 0.010438552126288414, 1.4067950248718262, 0.08959998190402985
vb0[12]+012 NORMAL: 0.13799147307872772, 0.4606063663959503, 0.8768125176429749
vb0[12]+024 TANGENT: 0.13839364051818848, 0.46067604422569275, 0.8767125010490417, -1.0
vb0[12]+040 BLENDWEIGHTS: 1.0, 0.0, 0.0, 0.0
vb0[12]+056 BLENDINDICES: 7, 0, 0, 0
vb0[12]+072 COLOR: 1.0, 0.2, 0.5019607843137255, 0.5019607843137255
vb0[12]+076 TEXCOORD: 0.22304391860961914, 0.8876996040344238
vb0[12]+084 TEXCOORD1: 0.2230437844991684, 0.8876994848251343

vb0[13]+000 POSITION: 0.03933224827051163, 1.3915456533432007, 0.10916540026664734
vb0[13]+012 NORMAL: -0.3173048794269562, -0.015458323992788792, 0.9481975436210632
vb0[13]+024 TANGENT: -0.31994205713272095, -0.05584602802991867, 0.9457896947860718, -1.0
vb0[13]+040 BLENDWEIGHTS: 1.0, 0.0, 0.0, 0.0
vb0[13]+056 BLENDINDICES: 7, 0, 0, 0
vb0[13]+072 COLOR: 1.0, 0.2, 0.5019607843137255, 0.5019607843137255
vb0[13]+076 TEXCOORD: 0.18582534790039062, 0.9263465404510498
vb0[13]+084 TEXCOORD1: 0.18582510948181152, 0.9263466000556946

vb0[14]+000 POSITION: 0.019679781049489975, 1.392249584197998, 0.1022225096821785
vb0[14]+012 NORMAL: -0.2860497534275055, 0.1053251326084137, 0.9524085521697998
vb0[14]+024 TANGENT: -0.32832422852516174, -0.8517510890960693, 0.40831759572029114, -1.0
vb0[14]+040 BLENDWEIGHTS: 1.0, 0.0, 0.0, 0.0
vb0[14]+056 BLENDINDICES: 7, 0, 0, 0
vb0[14]+072 COLOR: 1.0, 0.2, 0.5019607843137255, 0.5019607843137255
vb0[14]+076 TEXCOORD: 0.21462059020996094, 0.9171576499938965
vb0[14]+084 TEXCOORD1: 0.2146206647157669, 0.9171575307846069

vb0[15]+000 POSITION: 1.4998972897029006e-10, 1.3958290815353394, 0.09687969088554382
vb0[15]+012 NORMAL: -0.11292220652103424, 0.7264115214347839, 0.6779195070266724
vb0[15]+024 TANGENT: 0.0, 0.700372040271759, 0.7137780785560608, -1.0
vb0[15]+040 BLENDWEIGHTS: 1.0, 0.0, 0.0, 0.0
vb0[15]+056 BLENDINDICES: 7, 0, 0, 0
vb0[15]+072 COLOR: 1.0, 0.2, 0.5019607843137255, 0.5019607843137255
vb0[15]+076 TEXCOORD: 0.24155664443969727, 0.9042618274688721
vb0[15]+084 TEXCOORD1: 0.2415565550327301, 0.9042618274688721

vb0[16]+000 POSITION: 0.013259442523121834, 1.4020192623138428, 0.09165485948324203
vb0[16]+012 NORMAL: -0.0725705698132515, 0.721839189529419, 0.6882453560829163
vb0[16]+024 TANGENT: -0.013464928604662418, 0.6565613746643066, 0.7541524171829224, -1.0
vb0[16]+040 BLENDWEIGHTS: 1.0, 0.0, 0.0, 0.0
vb0[16]+056 BLENDINDICES: 7, 0, 0, 0
vb0[16]+072 COLOR: 1.0, 0.2, 0.5019607843137255, 0.5019607843137255
vb0[16]+076 TEXCOORD: 0.21993494033813477, 0.8951449394226074
vb0[16]+084 TEXCOORD1: 0.21993480622768402, 0.8951448798179626

vb0[17]+000 POSITION: 0.039451964199543, 1.3887214660644531, 0.10803905874490738
vb0[17]+012 NORMAL: -0.32199499011039734, -0.36248108744621277, 0.8746009469032288
vb0[17]+024 TANGENT: -0.2925070524215698, -0.8152756094932556, 0.4997652471065521, -1.0
vb0[17]+040 BLENDWEIGHTS: 1.0, 0.0, 0.0, 0.0
vb0[17]+056 BLENDINDICES: 7, 0, 0, 0
vb0[17]+072 COLOR: 1.0, 0.2, 0.5019607843137255, 0.5019607843137255
vb0[17]+076 TEXCOORD: 0.18735933303833008, 0.9306447505950928
vb0[17]+084 TEXCOORD1: 0.18735940754413605, 0.9306447505950928

vb0[18]+000 POSITION: 0.05107952654361725, 1.4198716878890991, 0.07501896470785141
vb0[18]+012 NORMAL: 0.15601903200149536, 0.6189543604850769, 0.7697750329971313
vb0[18]+024 TANGENT: 0.15452222526073456, 0.6153138875961304, 0.7729888558387756, -1.0
vb0[18]+040 BLENDWEIGHTS: 1.0, 0.0, 0.0, 0.0
vb0[18]+056 BLENDINDICES: 7, 0, 0, 0
vb0[18]+072 COLOR: 1.0, 0.2, 0.5019607843137255, 0.5019607843137255
vb0[18]+076 TEXCOORD: 0.15703344345092773, 0.8680393695831299
vb0[18]+084 TEXCOORD1: 0.1570335328578949, 0.8680394291877747

vb0[19]+000 POSITION: 0.05321287363767624, 1.4262501001358032, 0.07051446288824081
vb0[19]+012 NORMAL: 0.2133646309375763, 0.42479556798934937, 0.8797864317893982
vb0[19]+024 TANGENT: 0.2117394357919693, 0.4353194236755371, 0.8750219345092773, -1.0
vb0[19]+040 BLENDWEIGHTS: 1.0, 0.0, 0.0, 0.0
vb0[19]+056 BLENDINDICES: 7, 0, 0, 0
vb0[19]+072 COLOR: 1.0, 0.2, 0.5019607843137255, 0.5019607843137255
vb0[19]+076 TEXCOORD: 0.1522502899169922, 0.8566300868988037
vb0[19]+084 TEXCOORD1: 0.15225031971931458, 0.8566300272941589

vb0[20]+000 POSITION: 0.046635620296001434, 1.4329239130020142, 0.06931415945291519
vb0[20]+012 NORMAL: 0.2421799600124359, 0.38767629861831665, 0.8894132971763611
vb0[20]+024 TANGENT: 0.24633708596229553, 0.38948819041252136, 0.8874778151512146, -1.0
vb0[20]+040 BLENDWEIGHTS: 1.0, 0.0, 0.0, 0.0
vb0[20]+056 BLENDINDICES: 7, 0, 0, 0
vb0[20]+072 COLOR: 1.0, 0.2, 0.5019607843137255, 0.5019607843137255
vb0[20]+076 TEXCOORD: 0.16152191162109375, 0.8455352783203125
vb0[20]+084 TEXCOORD1: 0.16152164340019226, 0.8455352187156677

vb0[21]+000 POSITION: 0.039310794323682785, 1.4276292324066162, 0.07349543273448944
vb0[21]+012 NORMAL: 0.22130991518497467, 0.3618411719799042, 0.9055896997451782
vb0[21]+024 TANGENT: 0.22083091735839844, 0.3614734709262848, 0.9058535695075989, -1.0
vb0[21]+040 BLENDWEIGHTS: 1.0, 0.0, 0.0, 0.0
vb0[21]+056 BLENDINDICES: 7, 0, 0, 0
vb0[21]+072 COLOR: 1.0, 0.2, 0.5019607843137255, 0.5019607843137255
vb0[21]+076 TEXCOORD: 0.17399215698242188, 0.8542783260345459
vb0[21]+084 TEXCOORD1: 0.17399215698242188, 0.8542783260345459

vb0[22]+000 POSITION: 0.05459245666861534, 1.432597041130066, 0.06707863509654999
vb0[22]+012 NORMAL: 0.26404932141304016, 0.39885926246643066, 0.878173828125
vb0[22]+024 TANGENT: 0.26545029878616333, 0.3976782262325287, 0.8782870173454285, -1.0
vb0[22]+040 BLENDWEIGHTS: 1.0, 0.0, 0.0, 0.0
vb0[22]+056 BLENDINDICES: 7, 0, 0, 0
vb0[22]+072 COLOR: 1.0, 0.2, 0.5019607843137255, 0.5019607843137255
vb0[22]+076 TEXCOORD: 0.14885520935058594, 0.8458986282348633
vb0[22]+084 TEXCOORD1: 0.14885550737380981, 0.8458986878395081

vb0[23]+000 POSITION: 0.05220877379179001, 1.439132809638977, 0.06495276838541031
vb0[23]+012 NORMAL: 0.2692457437515259, 0.3771436810493469, 0.8861543536186218
vb0[23]+024 TANGENT: 0.2718889117240906, 0.37370455265045166, 0.8868039846420288, -1.0
vb0[23]+040 BLENDWEIGHTS: 1.0, 0.0, 0.0, 0.0
vb0[23]+056 BLENDINDICES: 7, 0, 0, 0
vb0[23]+072 COLOR: 1.0, 0.2, 0.5019607843137255, 0.5019607843137255
vb0[23]+076 TEXCOORD: 0.15157318115234375, 0.8350868225097656
vb0[23]+084 TEXCOORD1: 0.1515730768442154, 0.8350867629051208

vb0[24]+000 POSITION: 0.05531531572341919, 1.438321828842163, 0.06432655453681946
vb0[24]+012 NORMAL: 0.2754270136356354, 0.36988213658332825, 0.8873145580291748
vb0[24]+024 TANGENT: 0.2754932641983032, 0.37028101086616516, 0.8871276378631592, -1.0
vb0[24]+040 BLENDWEIGHTS: 1.0, 0.0, 0.0, 0.0
vb0[24]+056 BLENDINDICES: 7, 0, 0, 0
vb0[24]+072 COLOR: 1.0, 0.2, 0.5019607843137255, 0.5019607843137255
vb0[24]+076 TEXCOORD: 0.14671897888183594, 0.8363380432128906
vb0[24]+084 TEXCOORD1: 0.146718829870224, 0.8363381624221802

vb0[25]+000 POSITION: 0.0559505894780159, 1.4444595575332642, 0.061720941215753555
vb0[25]+012 NORMAL: 0.27240926027297974, 0.35197505354881287, 0.895492434501648
vb0[25]+024 TANGENT: 0.27240926027297974, 0.35197505354881287, 0.895492434501648, -1.0
vb0[25]+040 BLENDWEIGHTS: 1.0, 0.0, 0.0, 0.0
vb0[25]+056 BLENDINDICES: 7, 0, 0, 0
vb0[25]+072 COLOR: 1.0, 0.2, 0.5019607843137255, 0.5019607843137255
vb0[25]+076 TEXCOORD: 0.14542102813720703, 0.8280160427093506
vb0[25]+084 TEXCOORD1: 0.14542120695114136, 0.8280160427093506

vb0[26]+000 POSITION: -0.020079392939805984, 1.401634931564331, 0.09026229381561279
vb0[26]+012 NORMAL: -0.16297154128551483, 0.5627931952476501, 0.8103727698326111
vb0[26]+024 TANGENT: -0.6257784366607666, -0.6021896004676819, 0.49575114250183105, -1.0
vb0[26]+040 BLENDWEIGHTS: 1.0, 0.0, 0.0, 0.0
vb0[26]+056 BLENDINDICES: 7, 0, 0, 0
vb0[26]+072 COLOR: 1.0, 0.2, 0.5019607843137255, 0.5019607843137255
vb0[26]+076 TEXCOORD: 0.22750282287597656, 0.9344363212585449
vb0[26]+084 TEXCOORD1: 0.22750265896320343, 0.9344363808631897

vb0[27]+000 POSITION: -0.018347902223467827, 1.3908483982086182, 0.09786868095397949
vb0[27]+012 NORMAL: -0.16743868589401245, 0.7104802131652832, 0.6835072636604309
vb0[27]+024 TANGENT: -0.18350936472415924, 0.7785323858261108, 0.6001763343811035, -1.0
vb0[27]+040 BLENDWEIGHTS: 1.0, 0.0, 0.0, 0.0
vb0[27]+056 BLENDINDICES: 7, 0, 0, 0
vb0[27]+072 COLOR: 1.0, 0.2, 0.5019607843137255, 0.5019607843137255
vb0[27]+076 TEXCOORD: 0.24917125701904297, 0.9319469928741455
vb0[27]+084 TEXCOORD1: 0.24917128682136536, 0.9319470524787903

vb0[28]+000 POSITION: -0.0340961255133152, 1.3929609060287476, 0.0929722860455513
vb0[28]+012 NORMAL: -0.17689087986946106, 0.6473516821861267, 0.7413808107376099
vb0[28]+024 TANGENT: -0.1797872632741928, 0.6610884666442871, 0.7284494638442993, -1.0
vb0[28]+040 BLENDWEIGHTS: 1.0, 0.0, 0.0, 0.0
vb0[28]+056 BLENDINDICES: 7, 0, 0, 0
vb0[28]+072 COLOR: 1.0, 0.2, 0.5019607843137255, 0.5019607843137255
vb0[28]+076 TEXCOORD: 0.24251747131347656, 0.9566287994384766
vb0[28]+084 TEXCOORD1: 0.24251767992973328, 0.9566287994384766

vb0[29]+000 POSITION: -0.03279384970664978, 1.3995393514633179, 0.08726263046264648
vb0[29]+012 NORMAL: -0.2757446765899658, 0.612172544002533, 0.7410868406295776
vb0[29]+024 TANGENT: -0.2763996422290802, 0.5792485475540161, 0.7668600082397461, -1.0
vb0[29]+040 BLENDWEIGHTS: 1.0, 0.0, 0.0, 0.0
vb0[29]+056 BLENDINDICES: 7, 0, 0, 0
vb0[29]+072 COLOR: 1.0, 0.2, 0.5019607843137255, 0.5019607843137255
vb0[29]+076 TEXCOORD: 0.22888660430908203, 0.9550495147705078
vb0[29]+084 TEXCOORD1: 0.22888636589050293, 0.955049455165863

vb0[30]+000 POSITION: -0.03535987809300423, 1.3873400688171387, 0.09863854199647903
vb0[30]+012 NORMAL: -0.1329958438873291, 0.7792890667915344, 0.612389326095581
vb0[30]+024 TANGENT: -0.13467468321323395, 0.7855740785598755, 0.6039339900016785, -1.0
vb0[30]+040 BLENDWEIGHTS: 1.0, 0.0, 0.0, 0.0
vb0[30]+056 BLENDINDICES: 7, 0, 0, 0
vb0[30]+072 COLOR: 1.0, 0.2, 0.5019607843137255, 0.5019607843137255
vb0[30]+076 TEXCOORD: 0.2552032470703125, 0.9579808712005615
vb0[30]+084 TEXCOORD1: 0.2552030384540558, 0.9579808115959167

vb0[31]+000 POSITION: -0.035026099532842636, 1.3840622901916504, 0.10378582030534744
vb0[31]+012 NORMAL: -0.25131505727767944, 0.9085920453071594, 0.33361831307411194
vb0[31]+024 TANGENT: -0.25208497047424316, 0.9090015292167664, 0.33191776275634766, -1.0
vb0[31]+040 BLENDWEIGHTS: 1.0, 0.0, 0.0, 0.0
vb0[31]+056 BLENDINDICES: 7, 0, 0, 0
vb0[31]+072 COLOR: 1.0, 0.2, 0.5019607843137255, 0.5019607843137255
vb0[31]+076 TEXCOORD: 0.2648611068725586, 0.956721305847168
vb0[31]+084 TEXCOORD1: 0.26486098766326904, 0.9567214250564575

vb0[32]+000 POSITION: -0.03421517089009285, 1.3832097053527832, 0.10928907245397568
vb0[32]+012 NORMAL: -0.28414034843444824, 0.943061888217926, 0.17291173338890076
vb0[32]+024 TANGENT: -0.28461572527885437, 0.9423974752426147, 0.17572973668575287, -1.0
vb0[32]+040 BLENDWEIGHTS: 1.0, 0.0, 0.0, 0.0
vb0[32]+056 BLENDINDICES: 7, 0, 0, 0
vb0[32]+072 COLOR: 1.0, 0.2, 0.5019607843137255, 0.5019607843137255
vb0[32]+076 TEXCOORD: 0.27367353439331055, 0.9541771411895752
vb0[32]+084 TEXCOORD1: 0.27367350459098816, 0.9541770815849304

vb0[33]+000 POSITION: -0.016813457012176514, 1.3892748355865479, 0.1028977558016777
vb0[33]+012 NORMAL: -0.24811223149299622, 0.9341369867324829, 0.25657036900520325
vb0[33]+024 TANGENT: -0.24739457666873932, 0.9335653185844421, 0.25932931900024414, -1.0
vb0[33]+040 BLENDWEIGHTS: 1.0, 0.0, 0.0, 0.0
vb0[33]+056 BLENDINDICES: 7, 0, 0, 0
vb0[33]+072 COLOR: 1.0, 0.2, 0.5019607843137255, 0.5019607843137255
vb0[33]+076 TEXCOORD: 0.25737762451171875, 0.9286110401153564
vb0[33]+084 TEXCOORD1: 0.25737735629081726, 0.9286110401153564

vb0[34]+000 POSITION: -0.03238719329237938, 1.4030697345733643, 0.08538706600666046
vb0[34]+012 NORMAL: -0.31059128046035767, 0.34512758255004883, 0.8856748938560486
vb0[34]+024 TANGENT: -0.3207564353942871, 0.30052635073661804, 0.8982200026512146, -1.0
vb0[34]+040 BLENDWEIGHTS: 1.0, 0.0, 0.0, 0.0
vb0[34]+056 BLENDINDICES: 7, 0, 0, 0
vb0[34]+072 COLOR: 1.0, 0.2, 0.5019607843137255, 0.5019607843137255
vb0[34]+076 TEXCOORD: 0.22280454635620117, 0.954200029373169
vb0[34]+084 TEXCOORD1: 0.22280436754226685, 0.954200029373169

vb0[35]+000 POSITION: -0.0323369987308979, 1.405362844467163, 0.0850352868437767
vb0[35]+012 NORMAL: -0.3489970862865448, 0.14955481886863708, 0.9251132011413574
vb0[35]+024 TANGENT: -0.44582486152648926, -0.719609260559082, 0.532355785369873, -1.0
vb0[35]+040 BLENDWEIGHTS: 1.0, 0.0, 0.0, 0.0
vb0[35]+056 BLENDINDICES: 7, 0, 0, 0
vb0[35]+072 COLOR: 1.0, 0.2, 0.5019607843137255, 0.5019607843137255
vb0[35]+076 TEXCOORD: 0.21936893463134766, 0.9537200927734375
vb0[35]+084 TEXCOORD1: 0.21936887502670288, 0.9537201523780823

vb0[36]+000 POSITION: -0.014664357528090477, 1.3889844417572021, 0.10811392217874527
vb0[36]+012 NORMAL: -0.195489764213562, 0.9460802674293518, 0.2582942247390747
vb0[36]+024 TANGENT: -0.17232513427734375, 0.9429665803909302, 0.28481245040893555, -1.0
vb0[36]+040 BLENDWEIGHTS: 1.0, 0.0, 0.0, 0.0
vb0[36]+056 BLENDINDICES: 7, 0, 0, 0
vb0[36]+072 COLOR: 1.0, 0.2, 0.5019607843137255, 0.5019607843137255
vb0[36]+076 TEXCOORD: 0.26554203033447266, 0.9239890575408936
vb0[36]+084 TEXCOORD1: 0.2655421197414398, 0.9239890575408936

vb0[37]+000 POSITION: -0.032235145568847656, 1.382944107055664, 0.11515495181083679
vb0[37]+012 NORMAL: -0.2831577956676483, 0.9516636729240417, 0.11898691952228546
vb0[37]+024 TANGENT: -0.2827479839324951, 0.9516116380691528, 0.12036968022584915, -1.0
vb0[37]+040 BLENDWEIGHTS: 1.0, 0.0, 0.0, 0.0
vb0[37]+056 BLENDINDICES: 7, 0, 0, 0
vb0[37]+072 COLOR: 1.0, 0.2, 0.5019607843137255, 0.5019607843137255
vb0[37]+076 TEXCOORD: 0.2829732894897461, 0.9499590396881104
vb0[37]+084 TEXCOORD1: 0.2829732298851013, 0.9499590396881104

vb0[38]+000 POSITION: -0.012035881169140339, 1.3880224227905273, 0.11061608791351318
vb0[38]+012 NORMAL: 0.1769900619983673, 0.8038998246192932, 0.5678200125694275
vb0[38]+024 TANGENT: 0.1680135279893875, 0.8095027208328247, 0.5625627040863037, -1.0
vb0[38]+040 BLENDWEIGHTS: 1.0, 0.0, 0.0, 0.0
vb0[38]+056 BLENDINDICES: 7, 0, 0, 0
vb0[38]+072 COLOR: 1.0, 0.2, 0.5019607843137255, 0.5019607843137255
vb0[38]+076 TEXCOORD: 0.26935291290283203, 0.9191861152648926
vb0[38]+084 TEXCOORD1: 0.26935315132141113, 0.9191862344741821

vb0[39]+000 POSITION: -0.028814468532800674, 1.3833816051483154, 0.12101664394140244
vb0[39]+012 NORMAL: -0.11917738616466522, 0.9460181593894958, 0.30140751600265503
vb0[39]+024 TANGENT: -0.11178494244813919, 0.9445154070854187, 0.3088604509830475, -1.0
vb0[39]+040 BLENDWEIGHTS: 1.0, 0.0, 0.0, 0.0
vb0[39]+056 BLENDINDICES: 7, 0, 0, 0
vb0[39]+072 COLOR: 1.0, 0.2, 0.5019607843137255, 0.5019607843137255
vb0[39]+076 TEXCOORD: 0.29236602783203125, 0.9424753189086914
vb0[39]+084 TEXCOORD1: 0.2923659384250641, 0.9424753189086914

vb0[40]+000 POSITION: -0.024164993315935135, 1.380949854850769, 0.12466355413198471
vb0[40]+012 NORMAL: 0.2588808834552765, 0.7438673377037048, 0.6161510944366455
vb0[40]+024 TANGENT: 0.2608034312725067, 0.7427430748939514, 0.616696298122406, -1.0
vb0[40]+040 BLENDWEIGHTS: 1.0, 0.0, 0.0, 0.0
vb0[40]+056 BLENDINDICES: 7, 0, 0, 0
vb0[40]+072 COLOR: 1.0, 0.2, 0.5019607843137255, 0.5019607843137255
vb0[40]+076 TEXCOORD: 0.2999458312988281, 0.9344213008880615
vb0[40]+084 TEXCOORD1: 0.2999459505081177, 0.9344212412834167

vb0[41]+000 POSITION: -0.009120340459048748, 1.385197401046753, 0.1117897555232048
vb0[41]+012 NORMAL: 0.3769131898880005, 0.637649416923523, 0.6718181371688843
vb0[41]+024 TANGENT: 0.8850838541984558, -0.2628680467605591, 0.3840923607349396, -1.0
vb0[41]+040 BLENDWEIGHTS: 1.0, 0.0, 0.0, 0.0
vb0[41]+056 BLENDINDICES: 7, 0, 0, 0
vb0[41]+072 COLOR: 1.0, 0.2, 0.5019607843137255, 0.5019607843137255
vb0[41]+076 TEXCOORD: 0.2732529640197754, 0.9133832454681396
vb0[41]+084 TEXCOORD1: 0.2732529044151306, 0.9133832454681396

vb0[42]+000 POSITION: -0.01966385915875435, 1.3762561082839966, 0.1255330592393875
vb0[42]+012 NORMAL: 0.44413992762565613, 0.5560457110404968, 0.7025332450866699
vb0[42]+024 TANGENT: 0.8384121060371399, -0.2268112450838089, 0.4956025183200836, -1.0
vb0[42]+040 BLENDWEIGHTS: 1.0, 0.0, 0.0, 0.0
vb0[42]+056 BLENDINDICES: 7, 0, 0, 0
vb0[42]+072 COLOR: 1.0, 0.2, 0.5019607843137255, 0.5019607843137255
vb0[42]+076 TEXCOORD: 0.3051004409790039, 0.9253995418548584
vb0[42]+084 TEXCOORD1: 0.30510061979293823, 0.9253996014595032

vb0[43]+000 POSITION: 0.013996806927025318, 1.384761929512024, 0.10747890174388885
vb0[43]+012 NORMAL: -0.3472816050052643, -0.8687855005264282, -0.3529975116252899
vb0[43]+024 TANGENT: -0.5591628551483154, -0.27451857924461365, 0.7822892665863037, -1.0
vb0[43]+040 BLENDWEIGHTS: 1.0, 0.0, 0.0, 0.0
vb0[43]+056 BLENDINDICES: 7, 0, 0, 0
vb0[43]+072 COLOR: 1.0, 0.2, 0.5019607843137255, 0.5019607843137255
vb0[43]+076 TEXCOORD: 0.27453184127807617, 0.9024269580841064
vb0[43]+084 TEXCOORD1: 0.27453190088272095, 0.9024270176887512

vb0[44]+000 POSITION: 0.009120340459048748, 1.385197401046753, 0.1117897555232048
vb0[44]+012 NORMAL: -0.3838919699192047, -0.858711838722229, -0.33947157859802246
vb0[44]+024 TANGENT: -0.885086178779602, -0.262866735458374, 0.3840879201889038, -1.0
vb0[44]+040 BLENDWEIGHTS: 1.0, 0.0, 0.0, 0.0
vb0[44]+056 BLENDINDICES: 7, 0, 0, 0
vb0[44]+072 COLOR: 1.0, 0.2, 0.5019607843137255, 0.5019607843137255
vb0[44]+076 TEXCOORD: 0.2732529640197754, 0.9133832454681396
vb0[44]+084 TEXCOORD1: 0.2732529044151306, 0.9133832454681396

vb0[45]+000 POSITION: 1.4998972897029006e-10, 1.3958290815353394, 0.09687969088554382
vb0[45]+012 NORMAL: -0.39464762806892395, -0.8449202179908752, -0.3610581159591675
vb0[45]+024 TANGENT: 0.0, 0.700372040271759, 0.7137780785560608, -1.0
vb0[45]+040 BLENDWEIGHTS: 1.0, 0.0, 0.0, 0.0
vb0[45]+056 BLENDINDICES: 7, 0, 0, 0
vb0[45]+072 COLOR: 1.0, 0.2, 0.5019607843137255, 0.5019607843137255
vb0[45]+076 TEXCOORD: 0.24155664443969727, 0.9042618274688721
vb0[45]+084 TEXCOORD1: 0.2415565550327301, 0.9042618274688721

vb0[46]+000 POSITION: 0.022001802921295166, 1.3758362531661987, 0.12241062521934509
vb0[46]+012 NORMAL: -0.2513773739337921, -0.8941903710365295, -0.3704497218132019
vb0[46]+024 TANGENT: -0.27136194705963135, -0.8945098519325256, -0.35526707768440247, -1.0
vb0[46]+040 BLENDWEIGHTS: 1.0, 0.0, 0.0, 0.0
vb0[46]+056 BLENDINDICES: 7, 0, 0, 0
vb0[46]+072 COLOR: 1.0, 0.2, 0.5019607843137255, 0.5019607843137255
vb0[46]+076 TEXCOORD: 0.3052229881286621, 0.9191288948059082
vb0[46]+084 TEXCOORD1: 0.3052230179309845, 0.919128954410553

vb0[47]+000 POSITION: 0.024740636348724365, 1.3793312311172485, 0.11781603842973709
vb0[47]+012 NORMAL: 0.05922667682170868, -0.8570411205291748, -0.5118326544761658
vb0[47]+024 TANGENT: 0.010364234447479248, -0.8807255625724792, -0.47351354360580444, -1.0
vb0[47]+040 BLENDWEIGHTS: 1.0, 0.0, 0.0, 0.0
vb0[47]+056 BLENDINDICES: 7, 0, 0, 0
vb0[47]+072 COLOR: 1.0, 0.2, 0.5019607843137255, 0.5019607843137255
vb0[47]+076 TEXCOORD: 0.30104589462280273, 0.9090685844421387
vb0[47]+084 TEXCOORD1: 0.30104580521583557, 0.9090684652328491

vb0[48]+000 POSITION: 0.01966385915875435, 1.3762561082839966, 0.1255330592393875
vb0[48]+012 NORMAL: -0.44863012433052063, -0.8663316369056702, -0.21954602003097534
vb0[48]+024 TANGENT: -0.8384119868278503, -0.22681128978729248, 0.495602548122406, -1.0
vb0[48]+040 BLENDWEIGHTS: 1.0, 0.0, 0.0, 0.0
vb0[48]+056 BLENDINDICES: 7, 0, 0, 0
vb0[48]+072 COLOR: 1.0, 0.2, 0.5019607843137255, 0.5019607843137255
vb0[48]+076 TEXCOORD: 0.3051004409790039, 0.9253995418548584
vb0[48]+084 TEXCOORD1: 0.30510061979293823, 0.9253996014595032

vb0[49]+000 POSITION: 0.026345305144786835, 1.3797868490219116, 0.11599081009626389
vb0[49]+012 NORMAL: -0.37275153398513794, -0.9279299378395081, -0.00156736362259835
vb0[49]+024 TANGENT: -0.36171671748161316, -0.9320733547210693, -0.02000516466796398, -1.0
vb0[49]+040 BLENDWEIGHTS: 1.0, 0.0, 0.0, 0.0
vb0[49]+056 BLENDINDICES: 7, 0, 0, 0
vb0[49]+072 COLOR: 1.0, 0.2, 0.5019607843137255, 0.5019607843137255
vb0[49]+076 TEXCOORD: 0.3009781837463379, 0.9059414863586426
vb0[49]+084 TEXCOORD1: 0.30097806453704834, 0.9059414863586426

vb0[50]+000 POSITION: 0.027266763150691986, 1.3783613443374634, 0.11383628845214844
vb0[50]+012 NORMAL: -0.527254045009613, -0.7947937846183777, 0.3005096912384033
vb0[50]+024 TANGENT: -0.4570125341415405, -0.06647849828004837, 0.8869724869728088, -1.0
vb0[50]+040 BLENDWEIGHTS: 1.0, 0.0, 0.0, 0.0
vb0[50]+056 BLENDINDICES: 7, 0, 0, 0
vb0[50]+072 COLOR: 1.0, 0.2, 0.5019607843137255, 0.5019607843137255
vb0[50]+076 TEXCOORD: 0.3009014129638672, 0.902409553527832
vb0[50]+084 TEXCOORD1: 0.30090150237083435, 0.9024094939231873

vb0[51]+000 POSITION: 1.4998972897029006e-10, 1.3958290815353394, 0.09687969088554382
vb0[51]+012 NORMAL: 0.024290824308991432, -0.7868511080741882, -0.6166645884513855
vb0[51]+024 TANGENT: 0.0, 0.700372040271759, 0.7137780785560608, -1.0
vb0[51]+040 BLENDWEIGHTS: 1.0, 0.0, 0.0, 0.0
vb0[51]+056 BLENDINDICES: 7, 0, 0, 0
vb0[51]+072 COLOR: 1.0, 0.2, 0.5019607843137255, 0.5019607843137255
vb0[51]+076 TEXCOORD: 0.24155664443969727, 0.9042618274688721
vb0[51]+084 TEXCOORD1: 0.2415565550327301, 0.9042618274688721

vb0[52]+000 POSITION: 0.020079392939805984, 1.401634931564331, 0.09026229381561279
vb0[52]+012 NORMAL: 0.04901621863245964, -0.786552906036377, -0.6155744791030884
vb0[52]+024 TANGENT: 0.6257808208465576, -0.6021868586540222, 0.49575141072273254, -1.0
vb0[52]+040 BLENDWEIGHTS: 1.0, 0.0, 0.0, 0.0
vb0[52]+056 BLENDINDICES: 7, 0, 0, 0
vb0[52]+072 COLOR: 1.0, 0.2, 0.5019607843137255, 0.5019607843137255
vb0[52]+076 TEXCOORD: 0.22750282287597656, 0.9344363212585449
vb0[52]+084 TEXCOORD1: 0.22750265896320343, 0.9344363808631897

vb0[53]+000 POSITION: 0.019679781049489975, 1.392249584197998, 0.1022225096821785
vb0[53]+012 NORMAL: 0.028294498100876808, -0.7800413966178894, -0.6250879168510437
vb0[53]+024 TANGENT: -0.32832422852516174, -0.8517510890960693, 0.40831759572029114, -1.0
vb0[53]+040 BLENDWEIGHTS: 1.0, 0.0, 0.0, 0.0
vb0[53]+056 BLENDINDICES: 7, 0, 0, 0
vb0[53]+072 COLOR: 1.0, 0.2, 0.5019607843137255, 0.5019607843137255
vb0[53]+076 TEXCOORD: 0.21462059020996094, 0.9171576499938965
vb0[53]+084 TEXCOORD1: 0.2146206647157669, 0.9171575307846069

vb0[54]+000 POSITION: 0.03658411651849747, 1.3972617387771606, 0.09730902314186096
vb0[54]+012 NORMAL: 0.03540583327412605, -0.7196288704872131, -0.6934556365013123
vb0[54]+024 TANGENT: 0.04358196258544922, -0.7054489254951477, -0.7074195742607117, -1.0
vb0[54]+040 BLENDWEIGHTS: 1.0, 0.0, 0.0, 0.0
vb0[54]+056 BLENDINDICES: 7, 0, 0, 0
vb0[54]+072 COLOR: 1.0, 0.2, 0.5019607843137255, 0.5019607843137255
vb0[54]+076 TEXCOORD: 0.20210981369018555, 0.9422183036804199
vb0[54]+084 TEXCOORD1: 0.2021096646785736, 0.9422183036804199

vb0[55]+000 POSITION: 0.03866242989897728, 1.3902554512023926, 0.10357622802257538
vb0[55]+012 NORMAL: -0.04473942518234253, -0.8165695667266846, -0.5755106210708618
vb0[55]+024 TANGENT: -0.05504381284117699, -0.8638750910758972, -0.5006895661354065, -1.0
vb0[55]+040 BLENDWEIGHTS: 1.0, 0.0, 0.0, 0.0
vb0[55]+056 BLENDINDICES: 7, 0, 0, 0
vb0[55]+072 COLOR: 1.0, 0.2, 0.5019607843137255, 0.5019607843137255
vb0[55]+076 TEXCOORD: 0.19240760803222656, 0.9349837303161621
vb0[55]+084 TEXCOORD1: 0.19240742921829224, 0.9349836707115173

vb0[56]+000 POSITION: 0.039451964199543, 1.3887214660644531, 0.10803905874490738
vb0[56]+012 NORMAL: -0.07724668830633163, -0.9470087289810181, -0.31178104877471924
vb0[56]+024 TANGENT: -0.2925070524215698, -0.8152756094932556, 0.4997652471065521, -1.0
vb0[56]+040 BLENDWEIGHTS: 1.0, 0.0, 0.0, 0.0
vb0[56]+056 BLENDINDICES: 7, 0, 0, 0
vb0[56]+072 COLOR: 1.0, 0.2, 0.5019607843137255, 0.5019607843137255
vb0[56]+076 TEXCOORD: 0.18735933303833008, 0.9306447505950928
vb0[56]+084 TEXCOORD1: 0.18735940754413605, 0.9306447505950928

vb0[57]+000 POSITION: 0.03439076244831085, 1.4024658203125, 0.09212928265333176
vb0[57]+012 NORMAL: 0.1311534196138382, -0.714215099811554, -0.6875285506248474
vb0[57]+024 TANGENT: 0.12948685884475708, -0.7351319193840027, -0.6654428839683533, -1.0
vb0[57]+040 BLENDWEIGHTS: 1.0, 0.0, 0.0, 0.0
vb0[57]+056 BLENDINDICES: 7, 0, 0, 0
vb0[57]+072 COLOR: 1.0, 0.2, 0.5019607843137255, 0.5019607843137255
vb0[57]+076 TEXCOORD: 0.2105269432067871, 0.9480030536651611
vb0[57]+084 TEXCOORD1: 0.21052686870098114, 0.9480029940605164

vb0[58]+000 POSITION: 0.03330075368285179, 1.4046361446380615, 0.08866854757070541
vb0[58]+012 NORMAL: 0.15283305943012238, -0.8953902721405029, -0.4182323217391968
vb0[58]+024 TANGENT: 0.1545899510383606, -0.898829460144043, -0.4101313054561615, -1.0
vb0[58]+040 BLENDWEIGHTS: 1.0, 0.0, 0.0, 0.0
vb0[58]+056 BLENDINDICES: 7, 0, 0, 0
vb0[58]+072 COLOR: 1.0, 0.2, 0.5019607843137255, 0.5019607843137255
vb0[58]+076 TEXCOORD: 0.21518468856811523, 0.9510147571563721
vb0[58]+084 TEXCOORD1: 0.21518474817276, 0.9510147571563721

vb0[59]+000 POSITION: 0.0323369987308979, 1.405362844467163, 0.0850352868437767
vb0[59]+012 NORMAL: 0.18727213144302368, -0.952521562576294, -0.2400660365819931
vb0[59]+024 TANGENT: 0.44581830501556396, -0.7196024656295776, 0.5323706269264221, -1.0
vb0[59]+040 BLENDWEIGHTS: 1.0, 0.0, 0.0, 0.0
vb0[59]+056 BLENDINDICES: 7, 0, 0, 0
vb0[59]+072 COLOR: 1.0, 0.2, 0.5019607843137255, 0.5019607843137255
vb0[59]+076 TEXCOORD: 0.21936893463134766, 0.9537200927734375
vb0[59]+084 TEXCOORD1: 0.21936887502670288, 0.9537201523780823

vb0[60]+000 POSITION: 1.4998972897029006e-10, 1.3958290815353394, 0.09687969088554382
vb0[60]+012 NORMAL: 0.11950237303972244, 0.7103039622306824, 0.6936768293380737
vb0[60]+024 TANGENT: 0.0, 0.700372040271759, 0.7137780785560608, -1.0
vb0[60]+040 BLENDWEIGHTS: 1.0, 0.0, 0.0, 0.0
vb0[60]+056 BLENDINDICES: 7, 0, 0, 0
vb0[60]+072 COLOR: 1.0, 0.2, 0.5019607843137255, 0.5019607843137255
vb0[60]+076 TEXCOORD: 0.24155664443969727, 0.9042618274688721
vb0[60]+084 TEXCOORD1: 0.2415565550327301, 0.9042618274688721

vb0[61]+000 POSITION: 0.018347902223467827, 1.3908483982086182, 0.09786868095397949
vb0[61]+012 NORMAL: 0.16743800044059753, 0.7104777097702026, 0.6835100054740906
vb0[61]+024 TANGENT: 0.18350835144519806, 0.7785288691520691, 0.6001812219619751, -1.0
vb0[61]+040 BLENDWEIGHTS: 1.0, 0.0, 0.0, 0.0
vb0[61]+056 BLENDINDICES: 7, 0, 0, 0
vb0[61]+072 COLOR: 1.0, 0.2, 0.5019607843137255, 0.5019607843137255
vb0[61]+076 TEXCOORD: 0.24917125701904297, 0.9319469928741455
vb0[61]+084 TEXCOORD1: 0.24917128682136536, 0.9319470524787903

vb0[62]+000 POSITION: 0.020079392939805984, 1.401634931564331, 0.09026229381561279
vb0[62]+012 NORMAL: 0.16297172009944916, 0.5627932548522949, 0.8103727102279663
vb0[62]+024 TANGENT: 0.6257808208465576, -0.6021868586540222, 0.49575141072273254, -1.0
vb0[62]+040 BLENDWEIGHTS: 1.0, 0.0, 0.0, 0.0
vb0[62]+056 BLENDINDICES: 7, 0, 0, 0
vb0[62]+072 COLOR: 1.0, 0.2, 0.5019607843137255, 0.5019607843137255
vb0[62]+076 TEXCOORD: 0.22750282287597656, 0.9344363212585449
vb0[62]+084 TEXCOORD1: 0.22750265896320343, 0.9344363808631897

vb0[63]+000 POSITION: 0.0340961255133152, 1.3929609060287476, 0.0929722860455513
vb0[63]+012 NORMAL: 0.17689085006713867, 0.6473516821861267, 0.7413808107376099
vb0[63]+024 TANGENT: 0.17978715896606445, 0.6610884666442871, 0.7284494638442993, -1.0
vb0[63]+040 BLENDWEIGHTS: 1.0, 0.0, 0.0, 0.0
vb0[63]+056 BLENDINDICES: 7, 0, 0, 0
vb0[63]+072 COLOR: 1.0, 0.2, 0.5019607843137255, 0.5019607843137255
vb0[63]+076 TEXCOORD: 0.24251747131347656, 0.9566287994384766
vb0[63]+084 TEXCOORD1: 0.24251767992973328, 0.9566287994384766

vb0[64]+000 POSITION: 0.03279384970664978, 1.3995393514633179, 0.08726263046264648
vb0[64]+012 NORMAL: 0.2757445275783539, 0.6121726036071777, 0.7410867810249329
vb0[64]+024 TANGENT: 0.27639952301979065, 0.5792486667633057, 0.7668600082397461, -1.0
vb0[64]+040 BLENDWEIGHTS: 1.0, 0.0, 0.0, 0.0
vb0[64]+056 BLENDINDICES: 7, 0, 0, 0
vb0[64]+072 COLOR: 1.0, 0.2, 0.5019607843137255, 0.5019607843137255
vb0[64]+076 TEXCOORD: 0.22888660430908203, 0.9550495147705078
vb0[64]+084 TEXCOORD1: 0.22888636589050293, 0.955049455165863

vb0[65]+000 POSITION: 0.03535987809300423, 1.3873400688171387, 0.09863854199647903
vb0[65]+012 NORMAL: 0.1329963505268097, 0.7792928218841553, 0.6123844981193542
vb0[65]+024 TANGENT: 0.1346752643585205, 0.7855782508850098, 0.6039283275604248, -1.0
vb0[65]+040 BLENDWEIGHTS: 1.0, 0.0, 0.0, 0.0
vb0[65]+056 BLENDINDICES: 7, 0, 0, 0
vb0[65]+072 COLOR: 1.0, 0.2, 0.5019607843137255, 0.5019607843137255
vb0[65]+076 TEXCOORD: 0.2552032470703125, 0.9579808712005615
vb0[65]+084 TEXCOORD1: 0.2552030384540558, 0.9579808115959167

vb0[66]+000 POSITION: 0.035026099532842636, 1.3840622901916504, 0.10378582030534744
vb0[66]+012 NORMAL: 0.2513144016265869, 0.9085907936096191, 0.33362215757369995
vb0[66]+024 TANGENT: 0.252084344625473, 0.9090002775192261, 0.33192169666290283, -1.0
vb0[66]+040 BLENDWEIGHTS: 1.0, 0.0, 0.0, 0.0
vb0[66]+056 BLENDINDICES: 7, 0, 0, 0
vb0[66]+072 COLOR: 1.0, 0.2, 0.5019607843137255, 0.5019607843137255
vb0[66]+076 TEXCOORD: 0.2648611068725586, 0.956721305847168
vb0[66]+084 TEXCOORD1: 0.26486098766326904, 0.9567214250564575

vb0[67]+000 POSITION: 0.03238719329237938, 1.4030697345733643, 0.08538706600666046
vb0[67]+012 NORMAL: 0.31059128046035767, 0.345127671957016, 0.8856748342514038
vb0[67]+024 TANGENT: 0.3207564353942871, 0.30052649974823, 0.8982199430465698, -1.0
vb0[67]+040 BLENDWEIGHTS: 1.0, 0.0, 0.0, 0.0
vb0[67]+056 BLENDINDICES: 7, 0, 0, 0
vb0[67]+072 COLOR: 1.0, 0.2, 0.5019607843137255, 0.5019607843137255
vb0[67]+076 TEXCOORD: 0.22280454635620117, 0.954200029373169
vb0[67]+084 TEXCOORD1: 0.22280436754226685, 0.954200029373169

vb0[68]+000 POSITION: 0.016813457012176514, 1.3892748355865479, 0.1028977558016777
vb0[68]+012 NORMAL: 0.24811170995235443, 0.9341356158256531, 0.2565758228302002
vb0[68]+024 TANGENT: 0.24739409983158112, 0.9335638284683228, 0.2593350410461426, -1.0
vb0[68]+040 BLENDWEIGHTS: 1.0, 0.0, 0.0, 0.0
vb0[68]+056 BLENDINDICES: 7, 0, 0, 0
vb0[68]+072 COLOR: 1.0, 0.2, 0.5019607843137255, 0.5019607843137255
vb0[68]+076 TEXCOORD: 0.25737762451171875, 0.9286110401153564
vb0[68]+084 TEXCOORD1: 0.25737735629081726, 0.9286110401153564

vb0[69]+000 POSITION: 0.03421517089009285, 1.3832097053527832, 0.10928907245397568
vb0[69]+012 NORMAL: 0.2841397821903229, 0.9430605173110962, 0.1729201227426529
vb0[69]+024 TANGENT: 0.28461509943008423, 0.9423959851264954, 0.17573831975460052, -1.0
vb0[69]+040 BLENDWEIGHTS: 1.0, 0.0, 0.0, 0.0
vb0[69]+056 BLENDINDICES: 7, 0, 0, 0
vb0[69]+072 COLOR: 1.0, 0.2, 0.5019607843137255, 0.5019607843137255
vb0[69]+076 TEXCOORD: 0.27367353439331055, 0.9541771411895752
vb0[69]+084 TEXCOORD1: 0.27367350459098816, 0.9541770815849304

vb0[70]+000 POSITION: 0.0323369987308979, 1.405362844467163, 0.0850352868437767
vb0[70]+012 NORMAL: 0.3489970862865448, 0.14955481886863708, 0.9251132011413574
vb0[70]+024 TANGENT: 0.44581830501556396, -0.7196024656295776, 0.5323706269264221, -1.0
vb0[70]+040 BLENDWEIGHTS: 1.0, 0.0, 0.0, 0.0
vb0[70]+056 BLENDINDICES: 7, 0, 0, 0
vb0[70]+072 COLOR: 1.0, 0.2, 0.5019607843137255, 0.5019607843137255
vb0[70]+076 TEXCOORD: 0.21936893463134766, 0.9537200927734375
vb0[70]+084 TEXCOORD1: 0.21936887502670288, 0.9537201523780823

vb0[71]+000 POSITION: 0.032235145568847656, 1.382944107055664, 0.11515495181083679
vb0[71]+012 NORMAL: 0.2831575274467468, 0.9516634941101074, 0.11898913234472275
vb0[71]+024 TANGENT: 0.28274771571159363, 0.9516114592552185, 0.12037206441164017, -1.0
vb0[71]+040 BLENDWEIGHTS: 1.0, 0.0, 0.0, 0.0
vb0[71]+056 BLENDINDICES: 7, 0, 0, 0
vb0[71]+072 COLOR: 1.0, 0.2, 0.5019607843137255, 0.5019607843137255
vb0[71]+076 TEXCOORD: 0.2829732894897461, 0.9499590396881104
vb0[71]+084 TEXCOORD1: 0.2829732298851013, 0.9499590396881104

vb0[72]+000 POSITION: 0.014664357528090477, 1.3889844417572021, 0.10811392217874527
vb0[72]+012 NORMAL: 0.19548998773097992, 0.9460796117782593, 0.25829648971557617
vb0[72]+024 TANGENT: 0.17232513427734375, 0.9429653882980347, 0.2848161458969116, -1.0
vb0[72]+040 BLENDWEIGHTS: 1.0, 0.0, 0.0, 0.0
vb0[72]+056 BLENDINDICES: 7, 0, 0, 0
vb0[72]+072 COLOR: 1.0, 0.2, 0.5019607843137255, 0.5019607843137255
vb0[72]+076 TEXCOORD: 0.26554203033447266, 0.9239890575408936
vb0[72]+084 TEXCOORD1: 0.26554208993911743, 0.9239890575408936

vb0[73]+000 POSITION: 0.012035881169140339, 1.3880224227905273, 0.11061608791351318
vb0[73]+012 NORMAL: -0.17699046432971954, 0.8038979768753052, 0.5678224563598633
vb0[73]+024 TANGENT: -0.16801391541957855, 0.809500515460968, 0.5625657439231873, -1.0
vb0[73]+040 BLENDWEIGHTS: 1.0, 0.0, 0.0, 0.0
vb0[73]+056 BLENDINDICES: 7, 0, 0, 0
vb0[73]+072 COLOR: 1.0, 0.2, 0.5019607843137255, 0.5019607843137255
vb0[73]+076 TEXCOORD: 0.26935291290283203, 0.9191861152648926
vb0[73]+084 TEXCOORD1: 0.26935315132141113, 0.9191862344741821

vb0[74]+000 POSITION: 0.028814468532800674, 1.3833816051483154, 0.12101664394140244
vb0[74]+012 NORMAL: 0.11917663365602493, 0.9460194706916809, 0.3014037013053894
vb0[74]+024 TANGENT: 0.11178476363420486, 0.9445168375968933, 0.30885639786720276, -1.0
vb0[74]+040 BLENDWEIGHTS: 1.0, 0.0, 0.0, 0.0
vb0[74]+056 BLENDINDICES: 7, 0, 0, 0
vb0[74]+072 COLOR: 1.0, 0.2, 0.5019607843137255, 0.5019607843137255
vb0[74]+076 TEXCOORD: 0.29236602783203125, 0.9424753189086914
vb0[74]+084 TEXCOORD1: 0.2923659384250641, 0.9424753189086914

vb0[75]+000 POSITION: 0.024164993315935135, 1.380949854850769, 0.12466355413198471
vb0[75]+012 NORMAL: -0.2588804066181183, 0.7438709735870361, 0.6161468029022217
vb0[75]+024 TANGENT: -0.2608034610748291, 0.7427462339401245, 0.6166924238204956, -1.0
vb0[75]+040 BLENDWEIGHTS: 1.0, 0.0, 0.0, 0.0
vb0[75]+056 BLENDINDICES: 7, 0, 0, 0
vb0[75]+072 COLOR: 1.0, 0.2, 0.5019607843137255, 0.5019607843137255
vb0[75]+076 TEXCOORD: 0.2999458312988281, 0.9344213008880615
vb0[75]+084 TEXCOORD1: 0.2999459505081177, 0.9344212412834167

vb0[76]+000 POSITION: 0.009120340459048748, 1.385197401046753, 0.1117897555232048
vb0[76]+012 NORMAL: -0.37691354751586914, 0.6376492381095886, 0.671818196773529
vb0[76]+024 TANGENT: -0.885086178779602, -0.262866735458374, 0.3840879201889038, -1.0
vb0[76]+040 BLENDWEIGHTS: 1.0, 0.0, 0.0, 0.0
vb0[76]+056 BLENDINDICES: 7, 0, 0, 0
vb0[76]+072 COLOR: 1.0, 0.2, 0.5019607843137255, 0.5019607843137255
vb0[76]+076 TEXCOORD: 0.2732529640197754, 0.9133832454681396
vb0[76]+084 TEXCOORD1: 0.2732529044151306, 0.9133832454681396

vb0[77]+000 POSITION: 0.01966385915875435, 1.3762561082839966, 0.1255330592393875
vb0[77]+012 NORMAL: -0.44413989782333374, 0.5560457110404968, 0.7025332450866699
vb0[77]+024 TANGENT: -0.8384119868278503, -0.22681128978729248, 0.495602548122406, -1.0
vb0[77]+040 BLENDWEIGHTS: 1.0, 0.0, 0.0, 0.0
vb0[77]+056 BLENDINDICES: 7, 0, 0, 0
vb0[77]+072 COLOR: 1.0, 0.2, 0.5019607843137255, 0.5019607843137255
vb0[77]+076 TEXCOORD: 0.3051004409790039, 0.9253995418548584
vb0[77]+084 TEXCOORD1: 0.30510061979293823, 0.9253996014595032

vb0[78]+000 POSITION: -0.0202247966080904, 1.395959734916687, 0.10190405696630478
vb0[78]+012 NORMAL: 0.22225536406040192, 0.6710329651832581, 0.707331120967865
vb0[78]+024 TANGENT: 0.2500835657119751, 0.5033100247383118, 0.8271259665489197, -1.0
vb0[78]+040 BLENDWEIGHTS: 1.0, 0.0, 0.0, 0.0
vb0[78]+056 BLENDINDICES: 7, 0, 0, 0
vb0[78]+072 COLOR: 1.0, 0.2, 0.5019607843137255, 0.5019607843137255
vb0[78]+076 TEXCOORD: 0.21220064163208008, 0.9119210243225098
vb0[78]+084 TEXCOORD1: 0.21220065653324127, 0.9119210243225098

vb0[79]+000 POSITION: -0.019679781049489975, 1.392249584197998, 0.1022225096821785
vb0[79]+012 NORMAL: 0.28604409098625183, 0.10532350093126297, 0.9524105191230774
vb0[79]+024 TANGENT: 0.3283146917819977, -0.8517516255378723, 0.4083239734172821, -1.0
vb0[79]+040 BLENDWEIGHTS: 1.0, 0.0, 0.0, 0.0
vb0[79]+056 BLENDINDICES: 7, 0, 0, 0
vb0[79]+072 COLOR: 1.0, 0.2, 0.5019607843137255, 0.5019607843137255
vb0[79]+076 TEXCOORD: 0.21462059020996094, 0.9171576499938965
vb0[79]+084 TEXCOORD1: 0.2146206647157669, 0.9171575307846069

vb0[80]+000 POSITION: -0.03933224827051163, 1.3915456533432007, 0.10916540026664734
vb0[80]+012 NORMAL: 0.3172978460788727, -0.015452473424375057, 0.9482000470161438
vb0[80]+024 TANGENT: 0.31993433833122253, -0.05583930388092995, 0.9457927942276001, -1.0
vb0[80]+040 BLENDWEIGHTS: 1.0, 0.0, 0.0, 0.0
vb0[80]+056 BLENDINDICES: 7, 0, 0, 0
vb0[80]+072 COLOR: 1.0, 0.2, 0.5019607843137255, 0.5019607843137255
vb0[80]+076 TEXCOORD: 0.18582534790039062, 0.9263465404510498
vb0[80]+084 TEXCOORD1: 0.18582510948181152, 0.9263466000556946

vb0[81]+000 POSITION: -0.013259442523121834, 1.4020192623138428, 0.09165485948324203
vb0[81]+012 NORMAL: 0.0725715383887291, 0.7218390703201294, 0.688245415687561
vb0[81]+024 TANGENT: 0.013466239906847477, 0.6565595269203186, 0.7541540265083313, -1.0
vb0[81]+040 BLENDWEIGHTS: 1.0, 0.0, 0.0, 0.0
vb0[81]+056 BLENDINDICES: 7, 0, 0, 0
vb0[81]+072 COLOR: 1.0, 0.2, 0.5019607843137255, 0.5019607843137255
vb0[81]+076 TEXCOORD: 0.21993494033813477, 0.8951449394226074
vb0[81]+084 TEXCOORD1: 0.21993480622768402, 0.8951448798179626

vb0[82]+000 POSITION: -0.010438552126288414, 1.4067950248718262, 0.08959998190402985
vb0[82]+012 NORMAL: -0.13798996806144714, 0.46060070395469666, 0.876815676689148
vb0[82]+024 TANGENT: -0.13839209079742432, 0.4606701135635376, 0.876715898513794, -1.0
vb0[82]+040 BLENDWEIGHTS: 1.0, 0.0, 0.0, 0.0
vb0[82]+056 BLENDINDICES: 7, 0, 0, 0
vb0[82]+072 COLOR: 1.0, 0.2, 0.5019607843137255, 0.5019607843137255
vb0[82]+076 TEXCOORD: 0.22304391860961914, 0.8876996040344238
vb0[82]+084 TEXCOORD1: 0.2230437844991684, 0.8876994848251343

vb0[83]+000 POSITION: -0.039451964199543, 1.3887214660644531, 0.10803905874490738
vb0[83]+012 NORMAL: 0.3219836950302124, -0.36246851086616516, 0.8746102452278137
vb0[83]+024 TANGENT: 0.2925003468990326, -0.8152714371681213, 0.49977603554725647, -1.0
vb0[83]+040 BLENDWEIGHTS: 1.0, 0.0, 0.0, 0.0
vb0[83]+056 BLENDINDICES: 7, 0, 0, 0
vb0[83]+072 COLOR: 1.0, 0.2, 0.5019607843137255, 0.5019607843137255
vb0[83]+076 TEXCOORD: 0.18735933303833008, 0.9306447505950928
vb0[83]+084 TEXCOORD1: 0.18735940754413605, 0.9306447505950928

vb0[84]+000 POSITION: -0.03907937556505203, 1.395418643951416, 0.10774823278188705
vb0[84]+012 NORMAL: 0.2271323800086975, 0.5749848484992981, 0.7860046029090881
vb0[84]+024 TANGENT: 0.24271784722805023, 0.5028548836708069, 0.8295932412147522, -1.0
vb0[84]+040 BLENDWEIGHTS: 1.0, 0.0, 0.0, 0.0
vb0[84]+056 BLENDINDICES: 7, 0, 0, 0
vb0[84]+072 COLOR: 1.0, 0.2, 0.5019607843137255, 0.5019607843137255
vb0[84]+076 TEXCOORD: 0.18477535247802734, 0.9205737113952637
vb0[84]+084 TEXCOORD1: 0.1847752034664154, 0.9205736517906189

vb0[85]+000 POSITION: -0.03911105543375015, 1.4012233018875122, 0.10155459493398666
vb0[85]+012 NORMAL: 0.18466639518737793, 0.7851606607437134, 0.5911183953285217
vb0[85]+024 TANGENT: 0.17727167904376984, 0.782362699508667, 0.5970622301101685, -1.0
vb0[85]+040 BLENDWEIGHTS: 1.0, 0.0, 0.0, 0.0
vb0[85]+056 BLENDINDICES: 7, 0, 0, 0
vb0[85]+072 COLOR: 1.0, 0.2, 0.5019607843137255, 0.5019607843137255
vb0[85]+076 TEXCOORD: 0.18244361877441406, 0.9099817276000977
vb0[85]+084 TEXCOORD1: 0.18244341015815735, 0.9099817276000977

vb0[86]+000 POSITION: -0.022764043882489204, 1.4071153402328491, 0.08743647485971451
vb0[86]+012 NORMAL: 0.06856700778007507, 0.7282046675682068, 0.6819211840629578
vb0[86]+024 TANGENT: 0.0016354323597624898, 0.6714894771575928, 0.7410123348236084, -1.0
vb0[86]+040 BLENDWEIGHTS: 1.0, 0.0, 0.0, 0.0
vb0[86]+056 BLENDINDICES: 7, 0, 0, 0
vb0[86]+072 COLOR: 1.0, 0.2, 0.5019607843137255, 0.5019607843137255
vb0[86]+076 TEXCOORD: 0.2040262222290039, 0.8881652355194092
vb0[86]+084 TEXCOORD1: 0.20402604341506958, 0.8881652355194092

vb0[87]+000 POSITION: -0.04056333005428314, 1.4058988094329834, 0.09407268464565277
vb0[87]+012 NORMAL: 0.12453237920999527, 0.8616697788238525, 0.49195215106010437
vb0[87]+024 TANGENT: 0.12448181211948395, 0.8617465496063232, 0.4918305277824402, -1.0
vb0[87]+040 BLENDWEIGHTS: 1.0, 0.0, 0.0, 0.0
vb0[87]+056 BLENDINDICES: 7, 0, 0, 0
vb0[87]+072 COLOR: 1.0, 0.2, 0.5019607843137255, 0.5019607843137255
vb0[87]+076 TEXCOORD: 0.17799854278564453, 0.899493932723999
vb0[87]+084 TEXCOORD1: 0.17799824476242065, 0.8994939923286438

vb0[88]+000 POSITION: -0.01680200733244419, 1.4131921529769897, 0.0851573646068573
vb0[88]+012 NORMAL: -0.1516953855752945, 0.4741131067276001, 0.8672976493835449
vb0[88]+024 TANGENT: -0.15185749530792236, 0.47423624992370605, 0.8672019839286804, -1.0
vb0[88]+040 BLENDWEIGHTS: 1.0, 0.0, 0.0, 0.0
vb0[88]+056 BLENDINDICES: 7, 0, 0, 0
vb0[88]+072 COLOR: 1.0, 0.2, 0.5019607843137255, 0.5019607843137255
vb0[88]+076 TEXCOORD: 0.21201276779174805, 0.877631664276123
vb0[88]+084 TEXCOORD1: 0.2120128571987152, 0.877631664276123

vb0[89]+000 POSITION: -0.023779405280947685, 1.4183892011642456, 0.08094147592782974
vb0[89]+012 NORMAL: -0.2187962830066681, 0.46037790179252625, 0.8603373765945435
vb0[89]+024 TANGENT: -0.21310079097747803, 0.45456504821777344, 0.8648460507392883, -1.0
vb0[89]+040 BLENDWEIGHTS: 1.0, 0.0, 0.0, 0.0
vb0[89]+056 BLENDINDICES: 7, 0, 0, 0
vb0[89]+072 COLOR: 1.0, 0.2, 0.5019607843137255, 0.5019607843137255
vb0[89]+076 TEXCOORD: 0.199981689453125, 0.8691496849060059
vb0[89]+084 TEXCOORD1: 0.1999816745519638, 0.8691496253013611

vb0[90]+000 POSITION: -0.035772569477558136, 1.4164657592773438, 0.07874900102615356
vb0[90]+012 NORMAL: -0.03740275651216507, 0.6311514973640442, 0.7747572064399719
vb0[90]+024 TANGENT: -0.08301020413637161, 0.579843282699585, 0.810488224029541, -1.0
vb0[90]+040 BLENDWEIGHTS: 1.0, 0.0, 0.0, 0.0
vb0[90]+056 BLENDINDICES: 7, 0, 0, 0
vb0[90]+072 COLOR: 1.0, 0.2, 0.5019607843137255, 0.5019607843137255
vb0[90]+076 TEXCOORD: 0.1814579963684082, 0.8724241256713867
vb0[90]+084 TEXCOORD1: 0.18145796656608582, 0.8724240660667419

vb0[91]+000 POSITION: -0.04401147738099098, 1.4100724458694458, 0.08727360516786575
vb0[91]+012 NORMAL: 0.08084462583065033, 0.8069923520088196, 0.5850021243095398
vb0[91]+024 TANGENT: 0.06393212080001831, 0.8160984516143799, 0.5743657350540161, -1.0
vb0[91]+040 BLENDWEIGHTS: 1.0, 0.0, 0.0, 0.0
vb0[91]+056 BLENDINDICES: 7, 0, 0, 0
vb0[91]+072 COLOR: 1.0, 0.2, 0.5019607843137255, 0.5019607843137255
vb0[91]+076 TEXCOORD: 0.1711273193359375, 0.889768123626709
vb0[91]+084 TEXCOORD1: 0.17112737894058228, 0.8897680640220642

vb0[92]+000 POSITION: -0.04766079783439636, 1.414332389831543, 0.08126691728830338
vb0[92]+012 NORMAL: -0.022836966440081596, 0.7303893566131592, 0.6826490759849548
vb0[92]+024 TANGENT: -0.038224704563617706, 0.7312852740287781, 0.6809998154640198, -1.0
vb0[92]+040 BLENDWEIGHTS: 1.0, 0.0, 0.0, 0.0
vb0[92]+056 BLENDINDICES: 7, 0, 0, 0
vb0[92]+072 COLOR: 1.0, 0.2, 0.5019607843137255, 0.5019607843137255
vb0[92]+076 TEXCOORD: 0.1641082763671875, 0.879788875579834
vb0[92]+084 TEXCOORD1: 0.16410857439041138, 0.8797888159751892

vb0[93]+000 POSITION: -0.031798407435417175, 1.4229708909988403, 0.07693665474653244
vb0[93]+012 NORMAL: -0.21372081339359283, 0.37661004066467285, 0.9013813138008118
vb0[93]+024 TANGENT: -0.2136908620595932, 0.3758079707622528, 0.9017230868339539, -1.0
vb0[93]+040 BLENDWEIGHTS: 1.0, 0.0, 0.0, 0.0
vb0[93]+056 BLENDINDICES: 7, 0, 0, 0
vb0[93]+072 COLOR: 1.0, 0.2, 0.5019607843137255, 0.5019607843137255
vb0[93]+076 TEXCOORD: 0.18655776977539062, 0.8615517616271973
vb0[93]+084 TEXCOORD1: 0.18655800819396973, 0.861551821231842

vb0[94]+000 POSITION: -0.043908946216106415, 1.4223461151123047, 0.07448261976242065
vb0[94]+012 NORMAL: -0.13732901215553284, 0.5040624141693115, 0.8526792526245117
vb0[94]+024 TANGENT: -0.1529395580291748, 0.4970283508300781, 0.8541500568389893, -1.0
vb0[94]+040 BLENDWEIGHTS: 1.0, 0.0, 0.0, 0.0
vb0[94]+056 BLENDINDICES: 7, 0, 0, 0
vb0[94]+072 COLOR: 1.0, 0.2, 0.5019607843137255, 0.5019607843137255
vb0[94]+076 TEXCOORD: 0.1676020622253418, 0.8630661964416504
vb0[94]+084 TEXCOORD1: 0.16760191321372986, 0.8630661368370056

vb0[95]+000 POSITION: -0.05107952654361725, 1.4198716878890991, 0.07501896470785141
vb0[95]+012 NORMAL: -0.15601904690265656, 0.6189570426940918, 0.7697728276252747
vb0[95]+024 TANGENT: -0.15452228486537933, 0.61531662940979, 0.772986650466919, -1.0
vb0[95]+040 BLENDWEIGHTS: 1.0, 0.0, 0.0, 0.0
vb0[95]+056 BLENDINDICES: 7, 0, 0, 0
vb0[95]+072 COLOR: 1.0, 0.2, 0.5019607843137255, 0.5019607843137255
vb0[95]+076 TEXCOORD: 0.15703344345092773, 0.8680393695831299
vb0[95]+084 TEXCOORD1: 0.1570335328578949, 0.8680394291877747

vb0[96]+000 POSITION: -0.05321287363767624, 1.4262501001358032, 0.07051446288824081
vb0[96]+012 NORMAL: -0.2133667767047882, 0.4248003661632538, 0.8797836899757385
vb0[96]+024 TANGENT: -0.21174132823944092, 0.4353240728378296, 0.8750191926956177, -1.0
vb0[96]+040 BLENDWEIGHTS: 1.0, 0.0, 0.0, 0.0
vb0[96]+056 BLENDINDICES: 7, 0, 0, 0
vb0[96]+072 COLOR: 1.0, 0.2, 0.5019607843137255, 0.5019607843137255
vb0[96]+076 TEXCOORD: 0.1522502899169922, 0.8566300868988037
vb0[96]+084 TEXCOORD1: 0.15225031971931458, 0.8566300272941589

vb0[97]+000 POSITION: -0.046635620296001434, 1.4329239130020142, 0.06931415945291519
vb0[97]+012 NORMAL: -0.24218210577964783, 0.38767990469932556, 0.8894110918045044
vb0[97]+024 TANGENT: -0.24633921682834625, 0.38949155807495117, 0.887475848197937, -1.0
vb0[97]+040 BLENDWEIGHTS: 1.0, 0.0, 0.0, 0.0
vb0[97]+056 BLENDINDICES: 7, 0, 0, 0
vb0[97]+072 COLOR: 1.0, 0.2, 0.5019607843137255, 0.5019607843137255
vb0[97]+076 TEXCOORD: 0.16152191162109375, 0.8455352783203125
vb0[97]+084 TEXCOORD1: 0.16152164340019226, 0.8455352187156677

vb0[98]+000 POSITION: -0.039310794323682785, 1.4276292324066162, 0.07349543273448944
vb0[98]+012 NORMAL: -0.22131004929542542, 0.3618411123752594, 0.9055896997451782
vb0[98]+024 TANGENT: -0.22083105146884918, 0.3614734709262848, 0.9058535695075989, -1.0
vb0[98]+040 BLENDWEIGHTS: 1.0, 0.0, 0.0, 0.0
vb0[98]+056 BLENDINDICES: 7, 0, 0, 0
vb0[98]+072 COLOR: 1.0, 0.2, 0.5019607843137255, 0.5019607843137255
vb0[98]+076 TEXCOORD: 0.17399215698242188, 0.8542783260345459
vb0[98]+084 TEXCOORD1: 0.17399215698242188, 0.8542783260345459

vb0[99]+000 POSITION: -0.05459245666861534, 1.432597041130066, 0.06707863509654999
vb0[99]+012 NORMAL: -0.26405179500579834, 0.39886242151260376, 0.8781716227531433
vb0[99]+024 TANGENT: -0.26545250415802, 0.39768099784851074, 0.8782851099967957, -1.0
vb0[99]+040 BLENDWEIGHTS: 1.0, 0.0, 0.0, 0.0
vb0[99]+056 BLENDINDICES: 7, 0, 0, 0
vb0[99]+072 COLOR: 1.0, 0.2, 0.5019607843137255, 0.5019607843137255
vb0[99]+076 TEXCOORD: 0.14885520935058594, 0.8458986282348633
vb0[99]+084 TEXCOORD1: 0.14885550737380981, 0.8458986878395081

vb0[100]+000 POSITION: -0.05220877379179001, 1.439132809638977, 0.06495276838541031
vb0[100]+012 NORMAL: -0.26924771070480347, 0.37714600563049316, 0.8861527442932129
vb0[100]+024 TANGENT: -0.271890252828598, 0.3737057149410248, 0.8868030309677124, -1.0
vb0[100]+040 BLENDWEIGHTS: 1.0, 0.0, 0.0, 0.0
vb0[100]+056 BLENDINDICES: 7, 0, 0, 0
vb0[100]+072 COLOR: 1.0, 0.2, 0.5019607843137255, 0.5019607843137255
vb0[100]+076 TEXCOORD: 0.15157318115234375, 0.8350868225097656
vb0[100]+084 TEXCOORD1: 0.1515730768442154, 0.8350867629051208

vb0[101]+000 POSITION: -0.05531531572341919, 1.438321828842163, 0.06432655453681946
vb0[101]+012 NORMAL: -0.27542755007743835, 0.369881808757782, 0.8873145580291748
vb0[101]+024 TANGENT: -0.2754937410354614, 0.3702806830406189, 0.8871275186538696, -1.0
vb0[101]+040 BLENDWEIGHTS: 1.0, 0.0, 0.0, 0.0
vb0[101]+056 BLENDINDICES: 7, 0, 0, 0
vb0[101]+072 COLOR: 1.0, 0.2, 0.5019607843137255, 0.5019607843137255
vb0[101]+076 TEXCOORD: 0.14671897888183594, 0.8363380432128906
vb0[101]+084 TEXCOORD1: 0.146718829870224, 0.8363381624221802

vb0[102]+000 POSITION: -0.0559505894780159, 1.4444595575332642, 0.061720941215753555
vb0[102]+012 NORMAL: -0.2724097669124603, 0.3519747853279114, 0.895492434501648
vb0[102]+024 TANGENT: -0.2724097669124603, 0.3519746959209442, 0.895492434501648, -1.0
vb0[102]+040 BLENDWEIGHTS: 1.0, 0.0, 0.0, 0.0
vb0[102]+056 BLENDINDICES: 7, 0, 0, 0
vb0[102]+072 COLOR: 1.0, 0.2, 0.5019607843137255, 0.5019607843137255
vb0[102]+076 TEXCOORD: 0.14542102813720703, 0.8280160427093506
vb0[102]+084 TEXCOORD1: 0.14542120695114136, 0.8280160427093506

vb0[103]+000 POSITION: 0.023412175476551056, 1.3733882904052734, 0.11928199231624603
vb0[103]+012 NORMAL: 0.10776736587285995, 0.7574523091316223, 0.6439349055290222
vb0[103]+024 TANGENT: 0.10946052521467209, 0.7579478621482849, 0.6430655717849731, -1.0
vb0[103]+040 BLENDWEIGHTS: 1.0, 0.0, 0.0, 0.0
vb0[103]+056 BLENDINDICES: 7, 0, 0, 0
vb0[103]+072 COLOR: 1.0, 0.2, 0.5019607843137255, 0.5019607843137255
vb0[103]+076 TEXCOORD: 0.3051915168762207, 0.8890235424041748
vb0[103]+084 TEXCOORD1: 0.3051915466785431, 0.88902348279953

vb0[104]+000 POSITION: 0.013996806927025318, 1.384761929512024, 0.10747890174388885
vb0[104]+012 NORMAL: 0.12344840914011002, 0.7614943385124207, 0.6363071203231812
vb0[104]+024 TANGENT: -0.5591628551483154, -0.27451857924461365, 0.7822892665863037, -1.0
vb0[104]+040 BLENDWEIGHTS: 1.0, 0.0, 0.0, 0.0
vb0[104]+056 BLENDINDICES: 7, 0, 0, 0
vb0[104]+072 COLOR: 1.0, 0.2, 0.5019607843137255, 0.5019607843137255
vb0[104]+076 TEXCOORD: 0.27453184127807617, 0.9024269580841064
vb0[104]+084 TEXCOORD1: 0.27453190088272095, 0.9024270176887512

vb0[105]+000 POSITION: 0.018215689808130264, 1.368811011314392, 0.12547755241394043
vb0[105]+012 NORMAL: 0.13797442615032196, 0.745137095451355, 0.6524828672409058
vb0[105]+024 TANGENT: 0.13395081460475922, 0.7297446131706238, 0.6704698801040649, -1.0
vb0[105]+040 BLENDWEIGHTS: 1.0, 0.0, 0.0, 0.0
vb0[105]+056 BLENDINDICES: 7, 0, 0, 0
vb0[105]+072 COLOR: 1.0, 0.2, 0.5019607843137255, 0.5019607843137255
vb0[105]+076 TEXCOORD: 0.30802440643310547, 0.8737664222717285
vb0[105]+084 TEXCOORD1: 0.30802470445632935, 0.8737663626670837

vb0[106]+000 POSITION: 0.02615838311612606, 1.3765391111373901, 0.1149987131357193
vb0[106]+012 NORMAL: 0.06993039697408676, 0.727558970451355, 0.682471752166748
vb0[106]+024 TANGENT: 0.02573162131011486, 0.6951159834861755, 0.7184368968009949, -1.0
vb0[106]+040 BLENDWEIGHTS: 1.0, 0.0, 0.0, 0.0
vb0[106]+056 BLENDINDICES: 7, 0, 0, 0
vb0[106]+072 COLOR: 1.0, 0.2, 0.5019607843137255, 0.5019607843137255
vb0[106]+076 TEXCOORD: 0.30211973190307617, 0.8986082077026367
vb0[106]+084 TEXCOORD1: 0.30211979150772095, 0.8986080288887024

vb0[107]+000 POSITION: 1.3234389972804905e-10, 1.3706103563308716, 0.12743441760540009
vb0[107]+012 NORMAL: 0.0, 0.7504794597625732, 0.6608937978744507
vb0[107]+024 TANGENT: 0.0, 0.7360517382621765, 0.6769253611564636, -1.0
vb0[107]+040 BLENDWEIGHTS: 1.0, 0.0, 0.0, 0.0
vb0[107]+056 BLENDINDICES: 7, 0, 0, 0
vb0[107]+072 COLOR: 1.0, 0.2, 0.5019607843137255, 0.5019607843137255
vb0[107]+076 TEXCOORD: 0.2869553565979004, 0.8548293113708496
vb0[107]+084 TEXCOORD1: 0.2869553565979004, 0.8548294305801392

vb0[108]+000 POSITION: 7.808289015365233e-10, 1.3850648403167725, 0.10968644171953201
vb0[108]+012 NORMAL: 0.0, 0.7715578675270081, 0.6361591815948486
vb0[108]+024 TANGENT: 0.0, 0.7708030343055725, 0.6370734572410583, -1.0
vb0[108]+040 BLENDWEIGHTS: 1.0, 0.0, 0.0, 0.0
vb0[108]+056 BLENDINDICES: 7, 0, 0, 0
vb0[108]+072 COLOR: 1.0, 0.2, 0.5019607843137255, 0.5019607843137255
vb0[108]+076 TEXCOORD: 0.25963687896728516, 0.8845763206481934
vb0[108]+084 TEXCOORD1: 0.25963717699050903, 0.8845763206481934

vb0[109]+000 POSITION: 1.4998972897029006e-10, 1.3958290815353394, 0.09687969088554382
vb0[109]+012 NORMAL: -2.1310729891865776e-07, 0.7655062675476074, 0.6434285640716553
vb0[109]+024 TANGENT: 0.0, 0.700372040271759, 0.7137780785560608, -1.0
vb0[109]+040 BLENDWEIGHTS: 1.0, 0.0, 0.0, 0.0
vb0[109]+056 BLENDINDICES: 7, 0, 0, 0
vb0[109]+072 COLOR: 1.0, 0.2, 0.5019607843137255, 0.5019607843137255
vb0[109]+076 TEXCOORD: 0.24155664443969727, 0.9042618274688721
vb0[109]+084 TEXCOORD1: 0.2415565550327301, 0.9042618274688721

vb0[110]+000 POSITION: 0.012604540213942528, 1.3643015623092651, 0.130569726228714
vb0[110]+012 NORMAL: 0.1653159260749817, 0.6792135834693909, 0.7150801420211792
vb0[110]+024 TANGENT: 0.16542476415634155, 0.6742362976074219, 0.719749927520752, -1.0
vb0[110]+040 BLENDWEIGHTS: 1.0, 0.0, 0.0, 0.0
vb0[110]+056 BLENDINDICES: 7, 0, 0, 0
vb0[110]+072 COLOR: 1.0, 0.2, 0.5019607843137255, 0.5019607843137255
vb0[110]+076 TEXCOORD: 0.30962276458740234, 0.8594470024108887
vb0[110]+084 TEXCOORD1: 0.30962294340133667, 0.8594470024108887

vb0[111]+000 POSITION: 5.911360290156153e-10, 1.3607182502746582, 0.13766877353191376
vb0[111]+012 NORMAL: 1.009895754577883e-06, 0.7054634690284729, 0.7087463140487671
vb0[111]+024 TANGENT: 0.0, 0.6979550123214722, 0.7161415815353394, -1.0
vb0[111]+040 BLENDWEIGHTS: 1.0, 0.0, 0.0, 0.0
vb0[111]+056 BLENDINDICES: 7, 0, 0, 0
vb0[111]+072 COLOR: 1.0, 0.2, 0.5019607843137255, 0.5019607843137255
vb0[111]+076 TEXCOORD: 0.3036794662475586, 0.8366189002990723
vb0[111]+084 TEXCOORD1: 0.3036797344684601, 0.8366189002990723

vb0[112]+000 POSITION: 0.005778065882623196, 1.3588032722473145, 0.13772615790367126
vb0[112]+012 NORMAL: 0.2148059606552124, 0.6694431304931641, 0.711128830909729
vb0[112]+024 TANGENT: 0.21467846632003784, 0.6690704822540283, 0.7115179896354675, -1.0
vb0[112]+040 BLENDWEIGHTS: 1.0, 0.0, 0.0, 0.0
vb0[112]+056 BLENDINDICES: 7, 0, 0, 0
vb0[112]+072 COLOR: 1.0, 0.2, 0.5019607843137255, 0.5019607843137255
vb0[112]+076 TEXCOORD: 0.3120245933532715, 0.8410005569458008
vb0[112]+084 TEXCOORD1: 0.31202471256256104, 0.8410004377365112

vb0[113]+000 POSITION: 3.7056277490954415e-10, 1.3515653610229492, 0.1464087963104248
vb0[113]+012 NORMAL: 8.928626016313501e-07, 0.6906108856201172, 0.7232264876365662
vb0[113]+024 TANGENT: 0.0, 0.6906108856201172, 0.7232264876365662, -1.0
vb0[113]+040 BLENDWEIGHTS: 1.0, 0.0, 0.0, 0.0
vb0[113]+056 BLENDINDICES: 7, 0, 0, 0
vb0[113]+072 COLOR: 1.0, 0.2, 0.5019607843137255, 0.5019607843137255
vb0[113]+076 TEXCOORD: 0.31844186782836914, 0.8205451965332031
vb0[113]+084 TEXCOORD1: 0.31844186782836914, 0.8205452561378479

vb0[114]+000 POSITION: -0.005778065882623196, 1.3588032722473145, 0.13772615790367126
vb0[114]+012 NORMAL: -0.21481077373027802, 0.6694560050964355, 0.7111151814460754
vb0[114]+024 TANGENT: -0.2146836370229721, 0.6690841913223267, 0.7115035057067871, -1.0
vb0[114]+040 BLENDWEIGHTS: 1.0, 0.0, 0.0, 0.0
vb0[114]+056 BLENDINDICES: 7, 0, 0, 0
vb0[114]+072 COLOR: 1.0, 0.2, 0.5019607843137255, 0.5019607843137255
vb0[114]+076 TEXCOORD: 0.3120245933532715, 0.8410005569458008
vb0[114]+084 TEXCOORD1: 0.31202471256256104, 0.8410004377365112

vb0[115]+000 POSITION: -0.013996806927025318, 1.384761929512024, 0.10747890174388885
vb0[115]+012 NORMAL: -0.12344849109649658, 0.7614947557449341, 0.6363067030906677
vb0[115]+024 TANGENT: 0.5591588020324707, -0.2745194435119629, 0.7822917699813843, -1.0
vb0[115]+040 BLENDWEIGHTS: 1.0, 0.0, 0.0, 0.0
vb0[115]+056 BLENDINDICES: 7, 0, 0, 0
vb0[115]+072 COLOR: 1.0, 0.2, 0.5019607843137255, 0.5019607843137255
vb0[115]+076 TEXCOORD: 0.27453184127807617, 0.9024269580841064
vb0[115]+084 TEXCOORD1: 0.27453190088272095, 0.9024270176887512

vb0[116]+000 POSITION: -0.012604540213942528, 1.3643015623092651, 0.130569726228714
vb0[116]+012 NORMAL: -0.16531577706336975, 0.6792134046554565, 0.7150802612304688
vb0[116]+024 TANGENT: -0.1654254049062729, 0.6742380261421204, 0.7197481989860535, -1.0
vb0[116]+040 BLENDWEIGHTS: 1.0, 0.0, 0.0, 0.0
vb0[116]+056 BLENDINDICES: 7, 0, 0, 0
vb0[116]+072 COLOR: 1.0, 0.2, 0.5019607843137255, 0.5019607843137255
vb0[116]+076 TEXCOORD: 0.30962276458740234, 0.8594470024108887
vb0[116]+084 TEXCOORD1: 0.30962294340133667, 0.8594470024108887

vb0[117]+000 POSITION: -0.018215689808130264, 1.368811011314392, 0.12547755241394043
vb0[117]+012 NORMAL: -0.13797451555728912, 0.7451377511024475, 0.6524820327758789
vb0[117]+024 TANGENT: -0.13395094871520996, 0.7297450304031372, 0.6704695224761963, -1.0
vb0[117]+040 BLENDWEIGHTS: 1.0, 0.0, 0.0, 0.0
vb0[117]+056 BLENDINDICES: 7, 0, 0, 0
vb0[117]+072 COLOR: 1.0, 0.2, 0.5019607843137255, 0.5019607843137255
vb0[117]+076 TEXCOORD: 0.30802440643310547, 0.8737664222717285
vb0[117]+084 TEXCOORD1: 0.30802470445632935, 0.8737663626670837

vb0[118]+000 POSITION: -0.023412175476551056, 1.3733882904052734, 0.11928199231624603
vb0[118]+012 NORMAL: -0.10776761919260025, 0.757453203201294, 0.6439337730407715
vb0[118]+024 TANGENT: -0.10946083813905716, 0.7579492330551147, 0.643064022064209, -1.0
vb0[118]+040 BLENDWEIGHTS: 1.0, 0.0, 0.0, 0.0
vb0[118]+056 BLENDINDICES: 7, 0, 0, 0
vb0[118]+072 COLOR: 1.0, 0.2, 0.5019607843137255, 0.5019607843137255
vb0[118]+076 TEXCOORD: 0.3051915168762207, 0.8890235424041748
vb0[118]+084 TEXCOORD1: 0.3051915466785431, 0.88902348279953

vb0[119]+000 POSITION: -0.02615838311612606, 1.3765391111373901, 0.1149987131357193
vb0[119]+012 NORMAL: -0.0699317678809166, 0.7275611758232117, 0.6824693083763123
vb0[119]+024 TANGENT: -0.025732755661010742, 0.6951160430908203, 0.7184368371963501, -1.0
vb0[119]+040 BLENDWEIGHTS: 1.0, 0.0, 0.0, 0.0
vb0[119]+056 BLENDINDICES: 7, 0, 0, 0
vb0[119]+072 COLOR: 1.0, 0.2, 0.5019607843137255, 0.5019607843137255
vb0[119]+076 TEXCOORD: 0.30211973190307617, 0.8986082077026367
vb0[119]+084 TEXCOORD1: 0.30211979150772095, 0.8986080288887024

vb0[120]+000 POSITION: -0.027266763150691986, 1.3783613443374634, 0.11383628845214844
vb0[120]+012 NORMAL: 0.10700629651546478, 0.5802375674247742, 0.8073871731758118
vb0[120]+024 TANGENT: 0.457008957862854, -0.06648457795381546, 0.8869739174842834, -1.0
vb0[120]+040 BLENDWEIGHTS: 1.0, 0.0, 0.0, 0.0
vb0[120]+056 BLENDINDICES: 7, 0, 0, 0
vb0[120]+072 COLOR: 1.0, 0.2, 0.5019607843137255, 0.5019607843137255
vb0[120]+076 TEXCOORD: 0.3009014129638672, 0.902409553527832
vb0[120]+084 TEXCOORD1: 0.30090150237083435, 0.9024094939231873

vb0[121]+000 POSITION: 0.027266763150691986, 1.3783613443374634, 0.11383628845214844
vb0[121]+012 NORMAL: -0.10700758546590805, 0.5802443027496338, 0.8073821663856506
vb0[121]+024 TANGENT: -0.4570125341415405, -0.06647849828004837, 0.8869724869728088, -1.0
vb0[121]+040 BLENDWEIGHTS: 1.0, 0.0, 0.0, 0.0
vb0[121]+056 BLENDINDICES: 7, 0, 0, 0
vb0[121]+072 COLOR: 1.0, 0.2, 0.5019607843137255, 0.5019607843137255
vb0[121]+076 TEXCOORD: 0.3009014129638672, 0.902409553527832
vb0[121]+084 TEXCOORD1: 0.30090150237083435, 0.9024094939231873

vb0[122]+000 POSITION: -0.013996806927025318, 1.384761929512024, 0.10747890174388885
vb0[122]+012 NORMAL: 0.34728214144706726, -0.868787407875061, -0.3529924154281616
vb0[122]+024 TANGENT: 0.5591588020324707, -0.2745194435119629, 0.7822917699813843, -1.0
vb0[122]+040 BLENDWEIGHTS: 1.0, 0.0, 0.0, 0.0
vb0[122]+056 BLENDINDICES: 7, 0, 0, 0
vb0[122]+072 COLOR: 1.0, 0.2, 0.5019607843137255, 0.5019607843137255
vb0[122]+076 TEXCOORD: 0.27453184127807617, 0.9024269580841064
vb0[122]+084 TEXCOORD1: 0.27453190088272095, 0.9024270176887512

vb0[123]+000 POSITION: 1.4998972897029006e-10, 1.3958290815353394, 0.09687969088554382
vb0[123]+012 NORMAL: 0.39464905858039856, -0.8449239134788513, -0.3610481917858124
vb0[123]+024 TANGENT: 0.0, 0.700372040271759, 0.7137780785560608, -1.0
vb0[123]+040 BLENDWEIGHTS: 1.0, 0.0, 0.0, 0.0
vb0[123]+056 BLENDINDICES: 7, 0, 0, 0
vb0[123]+072 COLOR: 1.0, 0.2, 0.5019607843137255, 0.5019607843137255
vb0[123]+076 TEXCOORD: 0.24155664443969727, 0.9042618274688721
vb0[123]+084 TEXCOORD1: 0.2415565550327301, 0.9042618274688721

vb0[124]+000 POSITION: -0.009120340459048748, 1.385197401046753, 0.1117897555232048
vb0[124]+012 NORMAL: 0.3838924467563629, -0.8587135672569275, -0.3394664525985718
vb0[124]+024 TANGENT: 0.8850838541984558, -0.2628680467605591, 0.3840923607349396, -1.0
vb0[124]+040 BLENDWEIGHTS: 1.0, 0.0, 0.0, 0.0
vb0[124]+056 BLENDINDICES: 7, 0, 0, 0
vb0[124]+072 COLOR: 1.0, 0.2, 0.5019607843137255, 0.5019607843137255
vb0[124]+076 TEXCOORD: 0.2732529640197754, 0.9133832454681396
vb0[124]+084 TEXCOORD1: 0.2732529044151306, 0.9133832454681396

vb0[125]+000 POSITION: -0.022001802921295166, 1.3758362531661987, 0.12241062521934509
vb0[125]+012 NORMAL: 0.2513774335384369, -0.894191324710846, -0.3704475462436676
vb0[125]+024 TANGENT: 0.27136197686195374, -0.8945107460021973, -0.35526517033576965, -1.0
vb0[125]+040 BLENDWEIGHTS: 1.0, 0.0, 0.0, 0.0
vb0[125]+056 BLENDINDICES: 7, 0, 0, 0
vb0[125]+072 COLOR: 1.0, 0.2, 0.5019607843137255, 0.5019607843137255
vb0[125]+076 TEXCOORD: 0.3052229881286621, 0.9191288948059082
vb0[125]+084 TEXCOORD1: 0.3052230179309845, 0.919128954410553

vb0[126]+000 POSITION: -0.024740636348724365, 1.3793312311172485, 0.11781603842973709
vb0[126]+012 NORMAL: -0.05922630429267883, -0.8570438623428345, -0.5118281841278076
vb0[126]+024 TANGENT: -0.010363936424255371, -0.8807274103164673, -0.47351017594337463, -1.0
vb0[126]+040 BLENDWEIGHTS: 1.0, 0.0, 0.0, 0.0
vb0[126]+056 BLENDINDICES: 7, 0, 0, 0
vb0[126]+072 COLOR: 1.0, 0.2, 0.5019607843137255, 0.5019607843137255
vb0[126]+076 TEXCOORD: 0.30104589462280273, 0.9090685844421387
vb0[126]+084 TEXCOORD1: 0.30104580521583557, 0.9090684652328491

vb0[127]+000 POSITION: -0.026345305144786835, 1.3797868490219116, 0.11599081009626389
vb0[127]+012 NORMAL: 0.37275055050849915, -0.9279302358627319, -0.0015671481378376484
vb0[127]+024 TANGENT: 0.361715704202652, -0.9320737719535828, -0.020004987716674805, -1.0
vb0[127]+040 BLENDWEIGHTS: 1.0, 0.0, 0.0, 0.0
vb0[127]+056 BLENDINDICES: 7, 0, 0, 0
vb0[127]+072 COLOR: 1.0, 0.2, 0.5019607843137255, 0.5019607843137255
vb0[127]+076 TEXCOORD: 0.3009781837463379, 0.9059414863586426
vb0[127]+084 TEXCOORD1: 0.30097806453704834, 0.9059414863586426

vb0[128]+000 POSITION: -0.01966385915875435, 1.3762561082839966, 0.1255330592393875
vb0[128]+012 NORMAL: 0.4486302137374878, -0.8663315773010254, -0.21954607963562012
vb0[128]+024 TANGENT: 0.8384121060371399, -0.2268112450838089, 0.4956025183200836, -1.0
vb0[128]+040 BLENDWEIGHTS: 1.0, 0.0, 0.0, 0.0
vb0[128]+056 BLENDINDICES: 7, 0, 0, 0
vb0[128]+072 COLOR: 1.0, 0.2, 0.5019607843137255, 0.5019607843137255
vb0[128]+076 TEXCOORD: 0.3051004409790039, 0.9253995418548584
vb0[128]+084 TEXCOORD1: 0.30510061979293823, 0.9253996014595032

vb0[129]+000 POSITION: -0.027266763150691986, 1.3783613443374634, 0.11383628845214844
vb0[129]+012 NORMAL: 0.5272524952888489, -0.7947946786880493, 0.30051010847091675
vb0[129]+024 TANGENT: 0.457008957862854, -0.06648457795381546, 0.8869739174842834, -1.0
vb0[129]+040 BLENDWEIGHTS: 1.0, 0.0, 0.0, 0.0
vb0[129]+056 BLENDINDICES: 7, 0, 0, 0
vb0[129]+072 COLOR: 1.0, 0.2, 0.5019607843137255, 0.5019607843137255
vb0[129]+076 TEXCOORD: 0.3009014129638672, 0.902409553527832
vb0[129]+084 TEXCOORD1: 0.30090150237083435, 0.9024094939231873

vb0[130]+000 POSITION: 1.4998972897029006e-10, 1.3958290815353394, 0.09687969088554382
vb0[130]+012 NORMAL: -0.024291126057505608, -0.7868609428405762, -0.6166520714759827
vb0[130]+024 TANGENT: 0.0, 0.700372040271759, 0.7137780785560608, -1.0
vb0[130]+040 BLENDWEIGHTS: 1.0, 0.0, 0.0, 0.0
vb0[130]+056 BLENDINDICES: 7, 0, 0, 0
vb0[130]+072 COLOR: 1.0, 0.2, 0.5019607843137255, 0.5019607843137255
vb0[130]+076 TEXCOORD: 0.24155664443969727, 0.9042618274688721
vb0[130]+084 TEXCOORD1: 0.2415565550327301, 0.9042618274688721

vb0[131]+000 POSITION: -0.019679781049489975, 1.392249584197998, 0.1022225096821785
vb0[131]+012 NORMAL: -0.028294650837779045, -0.7800462245941162, -0.6250817775726318
vb0[131]+024 TANGENT: 0.3283146917819977, -0.8517516255378723, 0.4083239734172821, -1.0
vb0[131]+040 BLENDWEIGHTS: 1.0, 0.0, 0.0, 0.0
vb0[131]+056 BLENDINDICES: 7, 0, 0, 0
vb0[131]+072 COLOR: 1.0, 0.2, 0.5019607843137255, 0.5019607843137255
vb0[131]+076 TEXCOORD: 0.21462059020996094, 0.9171576499938965
vb0[131]+084 TEXCOORD1: 0.2146206647157669, 0.9171575307846069

vb0[132]+000 POSITION: -0.020079392939805984, 1.401634931564331, 0.09026229381561279
vb0[132]+012 NORMAL: -0.04901633411645889, -0.7865570187568665, -0.6155692338943481
vb0[132]+024 TANGENT: -0.6257784366607666, -0.6021896004676819, 0.49575114250183105, -1.0
vb0[132]+040 BLENDWEIGHTS: 1.0, 0.0, 0.0, 0.0
vb0[132]+056 BLENDINDICES: 7, 0, 0, 0
vb0[132]+072 COLOR: 1.0, 0.2, 0.5019607843137255, 0.5019607843137255
vb0[132]+076 TEXCOORD: 0.22750282287597656, 0.9344363212585449
vb0[132]+084 TEXCOORD1: 0.22750265896320343, 0.9344363808631897

vb0[133]+000 POSITION: -0.03658411651849747, 1.3972617387771606, 0.09730902314186096
vb0[133]+012 NORMAL: -0.03540603071451187, -0.7196291089057922, -0.6934553980827332
vb0[133]+024 TANGENT: -0.04358232021331787, -0.7054493427276611, -0.7074190974235535, -1.0
vb0[133]+040 BLENDWEIGHTS: 1.0, 0.0, 0.0, 0.0
vb0[133]+056 BLENDINDICES: 7, 0, 0, 0
vb0[133]+072 COLOR: 1.0, 0.2, 0.5019607843137255, 0.5019607843137255
vb0[133]+076 TEXCOORD: 0.20210981369018555, 0.9422183036804199
vb0[133]+084 TEXCOORD1: 0.2021096646785736, 0.9422183036804199

vb0[134]+000 POSITION: -0.03866242989897728, 1.3902554512023926, 0.10357622802257538
vb0[134]+012 NORMAL: 0.04473942145705223, -0.8165695667266846, -0.5755106210708618
vb0[134]+024 TANGENT: 0.05504375323653221, -0.863875150680542, -0.5006894469261169, -1.0
vb0[134]+040 BLENDWEIGHTS: 1.0, 0.0, 0.0, 0.0
vb0[134]+056 BLENDINDICES: 7, 0, 0, 0
vb0[134]+072 COLOR: 1.0, 0.2, 0.5019607843137255, 0.5019607843137255
vb0[134]+076 TEXCOORD: 0.19240760803222656, 0.9349837303161621
vb0[134]+084 TEXCOORD1: 0.19240742921829224, 0.9349836707115173

vb0[135]+000 POSITION: -0.039451964199543, 1.3887214660644531, 0.10803905874490738
vb0[135]+012 NORMAL: 0.07724666595458984, -0.9470087289810181, -0.3117809295654297
vb0[135]+024 TANGENT: 0.2925003468990326, -0.8152714371681213, 0.49977603554725647, -1.0
vb0[135]+040 BLENDWEIGHTS: 1.0, 0.0, 0.0, 0.0
vb0[135]+056 BLENDINDICES: 7, 0, 0, 0
vb0[135]+072 COLOR: 1.0, 0.2, 0.5019607843137255, 0.5019607843137255
vb0[135]+076 TEXCOORD: 0.18735933303833008, 0.9306447505950928
vb0[135]+084 TEXCOORD1: 0.18735940754413605, 0.9306447505950928

vb0[136]+000 POSITION: -0.03439076244831085, 1.4024658203125, 0.09212928265333176
vb0[136]+012 NORMAL: -0.13115376234054565, -0.7142122983932495, -0.6875314116477966
vb0[136]+024 TANGENT: -0.1294867992401123, -0.7351271510124207, -0.6654480695724487, -1.0
vb0[136]+040 BLENDWEIGHTS: 1.0, 0.0, 0.0, 0.0
vb0[136]+056 BLENDINDICES: 7, 0, 0, 0
vb0[136]+072 COLOR: 1.0, 0.2, 0.5019607843137255, 0.5019607843137255
vb0[136]+076 TEXCOORD: 0.2105269432067871, 0.9480030536651611
vb0[136]+084 TEXCOORD1: 0.21052686870098114, 0.9480029940605164

vb0[137]+000 POSITION: -0.03330075368285179, 1.4046361446380615, 0.08866854757070541
vb0[137]+012 NORMAL: -0.15283116698265076, -0.8953797817230225, -0.4182555079460144
vb0[137]+024 TANGENT: -0.1545882225036621, -0.8988192081451416, -0.4101541340351105, -1.0
vb0[137]+040 BLENDWEIGHTS: 1.0, 0.0, 0.0, 0.0
vb0[137]+056 BLENDINDICES: 7, 0, 0, 0
vb0[137]+072 COLOR: 1.0, 0.2, 0.5019607843137255, 0.5019607843137255
vb0[137]+076 TEXCOORD: 0.21518468856811523, 0.9510147571563721
vb0[137]+084 TEXCOORD1: 0.21518474817276, 0.9510147571563721

vb0[138]+000 POSITION: -0.0323369987308979, 1.405362844467163, 0.0850352868437767
vb0[138]+012 NORMAL: -0.1872706562280655, -0.9525150060653687, -0.24009370803833008
vb0[138]+024 TANGENT: -0.44582486152648926, -0.719609260559082, 0.532355785369873, -1.0
vb0[138]+040 BLENDWEIGHTS: 1.0, 0.0, 0.0, 0.0
vb0[138]+056 BLENDINDICES: 7, 0, 0, 0
vb0[138]+072 COLOR: 1.0, 0.2, 0.5019607843137255, 0.5019607843137255
vb0[138]+076 TEXCOORD: 0.21936893463134766, 0.9537200927734375
vb0[138]+084 TEXCOORD1: 0.21936887502670288, 0.9537201523780823

vb0[139]+000 POSITION: 0.010058015584945679, 1.3990490436553955, 0.0975172370672226
vb0[139]+012 NORMAL: 0.7143084406852722, 0.2369386851787567, 0.6585010886192322
vb0[139]+024 TANGENT: 0.9559280276298523, -0.16959017515182495, -0.23966775834560394, -1.0
vb0[139]+040 BLENDWEIGHTS: 1.0, 0.0, 0.0, 0.0
vb0[139]+056 BLENDINDICES: 7, 0, 0, 0
vb0[139]+072 COLOR: 1.0, 0.5019607843137255, 0.5019607843137255, 0.4
vb0[139]+076 TEXCOORD: 0.3853583335876465, 0.7903575897216797
vb0[139]+084 TEXCOORD1: 0.20402604341506958, 0.8881652355194092

vb0[140]+000 POSITION: 1.4817994586061883e-19, 1.4057222604751587, 0.1060265302658081
vb0[140]+012 NORMAL: 0.7143083810806274, 0.23693867027759552, 0.658501148223877
vb0[140]+024 TANGENT: 0.0, 0.6755495071411133, 0.7373145818710327, -1.0
vb0[140]+040 BLENDWEIGHTS: 1.0, 0.0, 0.0, 0.0
vb0[140]+056 BLENDINDICES: 7, 0, 0, 0
vb0[140]+072 COLOR: 1.0, 0.5019607843137255, 0.5019607843137255, 0.4
vb0[140]+076 TEXCOORD: 0.40456676483154297, 0.7890448570251465
vb0[140]+084 TEXCOORD1: 0.20402604341506958, 0.8881652355194092

vb0[141]+000 POSITION: -2.7692847201056567e-17, 1.386267066001892, 0.11302684247493744
vb0[141]+012 NORMAL: 0.7143083214759827, 0.23693867027759552, 0.6585010886192322
vb0[141]+024 TANGENT: 0.0, -0.7398199439048767, 0.6728050112724304, -1.0
vb0[141]+040 BLENDWEIGHTS: 1.0, 0.0, 0.0, 0.0
vb0[141]+056 BLENDINDICES: 7, 0, 0, 0
vb0[141]+072 COLOR: 1.0, 0.5019607843137255, 0.5019607843137255, 0.4
vb0[141]+076 TEXCOORD: 0.4044609069824219, 0.7618224620819092
vb0[141]+084 TEXCOORD1: 0.20402604341506958, 0.8881652355194092

vb0[142]+000 POSITION: 2.0997696953889114e-17, 1.413923740386963, 0.08697584271430969
vb0[142]+012 NORMAL: 0.6864283680915833, 0.6679287552833557, 0.2875538766384125
vb0[142]+024 TANGENT: 0.0, 0.7139232158660889, -0.700223982334137, -1.0
vb0[142]+040 BLENDWEIGHTS: 1.0, 0.0, 0.0, 0.0
vb0[142]+056 BLENDINDICES: 7, 0, 0, 0
vb0[142]+072 COLOR: 1.0, 0.5019607843137255, 0.5019607843137255, 0.4
vb0[142]+076 TEXCOORD: 0.40467071533203125, 0.8158097267150879
vb0[142]+084 TEXCOORD1: 0.20402604341506958, 0.8881652355194092

vb0[143]+000 POSITION: 1.4817994586061883e-19, 1.4057222604751587, 0.1060265302658081
vb0[143]+012 NORMAL: 0.6864283084869385, 0.6679287552833557, 0.2875538766384125
vb0[143]+024 TANGENT: 0.0, 0.6755495071411133, 0.7373145818710327, -1.0
vb0[143]+040 BLENDWEIGHTS: 1.0, 0.0, 0.0, 0.0
vb0[143]+056 BLENDINDICES: 7, 0, 0, 0
vb0[143]+072 COLOR: 1.0, 0.5019607843137255, 0.5019607843137255, 0.4
vb0[143]+076 TEXCOORD: 0.40456676483154297, 0.7890448570251465
vb0[143]+084 TEXCOORD1: 0.20402604341506958, 0.8881652355194092

vb0[144]+000 POSITION: 0.010058015584945679, 1.3990490436553955, 0.0975172370672226
vb0[144]+012 NORMAL: 0.6864283680915833, 0.6679287552833557, 0.2875538766384125
vb0[144]+024 TANGENT: 0.9559280276298523, -0.16959017515182495, -0.23966775834560394, -1.0
vb0[144]+040 BLENDWEIGHTS: 1.0, 0.0, 0.0, 0.0
vb0[144]+056 BLENDINDICES: 7, 0, 0, 0
vb0[144]+072 COLOR: 1.0, 0.5019607843137255, 0.5019607843137255, 0.4
vb0[144]+076 TEXCOORD: 0.3853583335876465, 0.7903575897216797
vb0[144]+084 TEXCOORD1: 0.20402604341506958, 0.8881652355194092

vb0[145]+000 POSITION: 0.010058015584945679, 1.3990490436553955, 0.0975172370672226
vb0[145]+012 NORMAL: 0.20169934630393982, -0.649496853351593, -0.7331242561340332
vb0[145]+024 TANGENT: 0.9559280276298523, -0.16959017515182495, -0.23966775834560394, -1.0
vb0[145]+040 BLENDWEIGHTS: 1.0, 0.0, 0.0, 0.0
vb0[145]+056 BLENDINDICES: 7, 0, 0, 0
vb0[145]+072 COLOR: 1.0, 0.5019607843137255, 0.5019607843137255, 0.4
vb0[145]+076 TEXCOORD: 0.5951685905456543, 0.9670073986053467
vb0[145]+084 TEXCOORD1: 0.20402604341506958, 0.8881652355194092

vb0[146]+000 POSITION: -7.762955218370319e-18, 1.3963558673858643, 0.0971359983086586
vb0[146]+012 NORMAL: 0.21058015525341034, -0.6881540417671204, -0.6943342089653015
vb0[146]+024 TANGENT: 0.0, -0.7090668678283691, -0.7051411867141724, -1.0
vb0[146]+040 BLENDWEIGHTS: 1.0, 0.0, 0.0, 0.0
vb0[146]+056 BLENDINDICES: 7, 0, 0, 0
vb0[146]+072 COLOR: 1.0, 0.5019607843137255, 0.5019607843137255, 0.4
vb0[146]+076 TEXCOORD: 0.5941553115844727, 0.9807295799255371
vb0[146]+084 TEXCOORD1: 0.20402604341506958, 0.8881652355194092

vb0[147]+000 POSITION: 2.0997696953889114e-17, 1.413923740386963, 0.08697584271430969
vb0[147]+012 NORMAL: 0.16458739340305328, -0.49380940198898315, -0.8538520336151123
vb0[147]+024 TANGENT: 0.0, 0.7139232158660889, -0.700223982334137, -1.0
vb0[147]+040 BLENDWEIGHTS: 1.0, 0.0, 0.0, 0.0
vb0[147]+056 BLENDINDICES: 7, 0, 0, 0
vb0[147]+072 COLOR: 1.0, 0.5019607843137255, 0.5019607843137255, 0.4
vb0[147]+076 TEXCOORD: 0.6157360076904297, 0.9810318946838379
vb0[147]+084 TEXCOORD1: 0.20402604341506958, 0.8881652355194092

vb0[148]+000 POSITION: -2.7692847201056567e-17, 1.386267066001892, 0.11302684247493744
vb0[148]+012 NORMAL: 0.23921629786491394, -0.8197152018547058, -0.5204253792762756
vb0[148]+024 TANGENT: 0.0, -0.7398199439048767, 0.6728050112724304, -1.0
vb0[148]+040 BLENDWEIGHTS: 1.0, 0.0, 0.0, 0.0
vb0[148]+056 BLENDINDICES: 7, 0, 0, 0
vb0[148]+072 COLOR: 1.0, 0.5019607843137255, 0.5019607843137255, 0.4
vb0[148]+076 TEXCOORD: 0.5722169876098633, 0.9804220199584961
vb0[148]+084 TEXCOORD1: 0.20402604341506958, 0.8881652355194092

vb0[149]+000 POSITION: -0.010058015584945679, 1.3990490436553955, 0.0975172370672226
vb0[149]+012 NORMAL: -0.7143084406852722, 0.2369386851787567, 0.6585010886192322
vb0[149]+024 TANGENT: -0.9559281468391418, -0.16959019005298615, -0.23966772854328156, -1.0
vb0[149]+040 BLENDWEIGHTS: 1.0, 0.0, 0.0, 0.0
vb0[149]+056 BLENDINDICES: 7, 0, 0, 0
vb0[149]+072 COLOR: 1.0, 0.5019607843137255, 0.5019607843137255, 0.4
vb0[149]+076 TEXCOORD: 0.4237837791442871, 0.7902078628540039
vb0[149]+084 TEXCOORD1: 0.20402604341506958, 0.8881652355194092

vb0[150]+000 POSITION: -2.7692847201056567e-17, 1.386267066001892, 0.11302684247493744
vb0[150]+012 NORMAL: -0.7143083214759827, 0.23693867027759552, 0.6585010886192322
vb0[150]+024 TANGENT: 0.0, -0.7398199439048767, 0.6728050112724304, -1.0
vb0[150]+040 BLENDWEIGHTS: 1.0, 0.0, 0.0, 0.0
vb0[150]+056 BLENDINDICES: 7, 0, 0, 0
vb0[150]+072 COLOR: 1.0, 0.5019607843137255, 0.5019607843137255, 0.4
vb0[150]+076 TEXCOORD: 0.4044609069824219, 0.7618224620819092
vb0[150]+084 TEXCOORD1: 0.20402604341506958, 0.8881652355194092

vb0[151]+000 POSITION: 1.4817994586061883e-19, 1.4057222604751587, 0.1060265302658081
vb0[151]+012 NORMAL: -0.7143083810806274, 0.23693867027759552, 0.658501148223877
vb0[151]+024 TANGENT: 0.0, 0.6755495071411133, 0.7373145818710327, -1.0
vb0[151]+040 BLENDWEIGHTS: 1.0, 0.0, 0.0, 0.0
vb0[151]+056 BLENDINDICES: 7, 0, 0, 0
vb0[151]+072 COLOR: 1.0, 0.5019607843137255, 0.5019607843137255, 0.4
vb0[151]+076 TEXCOORD: 0.40456676483154297, 0.7890448570251465
vb0[151]+084 TEXCOORD1: 0.20402604341506958, 0.8881652355194092

vb0[152]+000 POSITION: 2.0997696953889114e-17, 1.413923740386963, 0.08697584271430969
vb0[152]+012 NORMAL: -0.6864283680915833, 0.6679287552833557, 0.2875538766384125
vb0[152]+024 TANGENT: 0.0, 0.7139232158660889, -0.700223982334137, -1.0
vb0[152]+040 BLENDWEIGHTS: 1.0, 0.0, 0.0, 0.0
vb0[152]+056 BLENDINDICES: 7, 0, 0, 0
vb0[152]+072 COLOR: 1.0, 0.5019607843137255, 0.5019607843137255, 0.4
vb0[152]+076 TEXCOORD: 0.40467071533203125, 0.8158097267150879
vb0[152]+084 TEXCOORD1: 0.20402604341506958, 0.8881652355194092

vb0[153]+000 POSITION: -0.010058015584945679, 1.3990490436553955, 0.0975172370672226
vb0[153]+012 NORMAL: -0.6864283680915833, 0.6679287552833557, 0.2875538766384125
vb0[153]+024 TANGENT: -0.9559281468391418, -0.16959019005298615, -0.23966772854328156, -1.0
vb0[153]+040 BLENDWEIGHTS: 1.0, 0.0, 0.0, 0.0
vb0[153]+056 BLENDINDICES: 7, 0, 0, 0
vb0[153]+072 COLOR: 1.0, 0.5019607843137255, 0.5019607843137255, 0.4
vb0[153]+076 TEXCOORD: 0.4237837791442871, 0.7902078628540039
vb0[153]+084 TEXCOORD1: 0.20402604341506958, 0.8881652355194092

vb0[154]+000 POSITION: 1.4817994586061883e-19, 1.4057222604751587, 0.1060265302658081
vb0[154]+012 NORMAL: -0.6864283084869385, 0.6679287552833557, 0.2875538766384125
vb0[154]+024 TANGENT: 0.0, 0.6755495071411133, 0.7373145818710327, -1.0
vb0[154]+040 BLENDWEIGHTS: 1.0, 0.0, 0.0, 0.0
vb0[154]+056 BLENDINDICES: 7, 0, 0, 0
vb0[154]+072 COLOR: 1.0, 0.5019607843137255, 0.5019607843137255, 0.4
vb0[154]+076 TEXCOORD: 0.40456676483154297, 0.7890448570251465
vb0[154]+084 TEXCOORD1: 0.20402604341506958, 0.8881652355194092

vb0[155]+000 POSITION: -0.010058015584945679, 1.3990490436553955, 0.0975172370672226
vb0[155]+012 NORMAL: -0.20169951021671295, -0.6494969129562378, -0.7331241965293884
vb0[155]+024 TANGENT: -0.9559281468391418, -0.16959019005298615, -0.23966772854328156, -1.0
vb0[155]+040 BLENDWEIGHTS: 1.0, 0.0, 0.0, 0.0
vb0[155]+056 BLENDINDICES: 7, 0, 0, 0
vb0[155]+072 COLOR: 1.0, 0.5019607843137255, 0.5019607843137255, 0.4
vb0[155]+076 TEXCOORD: 0.5949006080627441, 0.9944760799407959
vb0[155]+084 TEXCOORD1: 0.20402604341506958, 0.8881652355194092

vb0[156]+000 POSITION: 2.0997696953889114e-17, 1.413923740386963, 0.08697584271430969
vb0[156]+012 NORMAL: -0.1645876169204712, -0.49380937218666077, -0.8538519740104675
vb0[156]+024 TANGENT: 0.0, 0.7139232158660889, -0.700223982334137, -1.0
vb0[156]+040 BLENDWEIGHTS: 1.0, 0.0, 0.0, 0.0
vb0[156]+056 BLENDINDICES: 7, 0, 0, 0
vb0[156]+072 COLOR: 1.0, 0.5019607843137255, 0.5019607843137255, 0.4
vb0[156]+076 TEXCOORD: 0.6157360076904297, 0.9810318946838379
vb0[156]+084 TEXCOORD1: 0.20402604341506958, 0.8881652355194092

vb0[157]+000 POSITION: -7.762955218370319e-18, 1.3963558673858643, 0.0971359983086586
vb0[157]+012 NORMAL: -0.21058028936386108, -0.6881539821624756, -0.6943341493606567
vb0[157]+024 TANGENT: 0.0, -0.7090668678283691, -0.7051411867141724, -1.0
vb0[157]+040 BLENDWEIGHTS: 1.0, 0.0, 0.0, 0.0
vb0[157]+056 BLENDINDICES: 7, 0, 0, 0
vb0[157]+072 COLOR: 1.0, 0.5019607843137255, 0.5019607843137255, 0.4
vb0[157]+076 TEXCOORD: 0.5941553115844727, 0.9807295799255371
vb0[157]+084 TEXCOORD1: 0.20402604341506958, 0.8881652355194092

vb0[158]+000 POSITION: -2.7692847201056567e-17, 1.386267066001892, 0.11302684247493744
vb0[158]+012 NORMAL: -0.23921629786491394, -0.8197152018547058, -0.5204253792762756
vb0[158]+024 TANGENT: 0.0, -0.7398199439048767, 0.6728050112724304, -1.0
vb0[158]+040 BLENDWEIGHTS: 1.0, 0.0, 0.0, 0.0
vb0[158]+056 BLENDINDICES: 7, 0, 0, 0
vb0[158]+072 COLOR: 1.0, 0.5019607843137255, 0.5019607843137255, 0.4
vb0[158]+076 TEXCOORD: 0.5722169876098633, 0.9804220199584961
vb0[158]+084 TEXCOORD1: 0.20402604341506958, 0.8881652355194092

vb0[159]+000 POSITION: 0.03398864343762398, 1.394097924232483, 0.08920373022556305
vb0[159]+012 NORMAL: 0.05803121626377106, 0.7390747666358948, 0.6711191534996033
vb0[159]+024 TANGENT: 0.37551161646842957, 0.22592321038246155, 0.8988602757453918, -1.0
vb0[159]+040 BLENDWEIGHTS: 1.0, 0.0, 0.0, 0.0
vb0[159]+056 BLENDINDICES: 7, 0, 0, 0
vb0[159]+072 COLOR: 1.0, 0.5019607843137255, 0.5019607843137255, 0.4
vb0[159]+076 TEXCOORD: 0.7950172424316406, 0.18753856420516968
vb0[159]+084 TEXCOORD1: 0.20402604341506958, 0.8881652355194092

vb0[160]+000 POSITION: 0.024631328880786896, 1.3948843479156494, 0.08839748054742813
vb0[160]+012 NORMAL: 0.05550063028931618, 0.7496755719184875, 0.6594740748405457
vb0[160]+024 TANGENT: 0.01958918757736683, 0.824431836605072, 0.5656222105026245, -1.0
vb0[160]+040 BLENDWEIGHTS: 1.0, 0.0, 0.0, 0.0
vb0[160]+056 BLENDINDICES: 7, 0, 0, 0
vb0[160]+072 COLOR: 1.0, 0.5019607843137255, 0.5019607843137255, 0.4
vb0[160]+076 TEXCOORD: 0.8025913238525391, 0.17955371737480164
vb0[160]+084 TEXCOORD1: 0.20402604341506958, 0.8881652355194092

vb0[161]+000 POSITION: 0.028555260971188545, 1.3901773691177368, 0.0937674343585968
vb0[161]+012 NORMAL: 0.05539422482252121, 0.7575653791427612, 0.6504046320915222
vb0[161]+024 TANGENT: 0.35251787304878235, 0.6805934309959412, 0.6422801613807678, -1.0
vb0[161]+040 BLENDWEIGHTS: 1.0, 0.0, 0.0, 0.0
vb0[161]+056 BLENDINDICES: 7, 0, 0, 0
vb0[161]+072 COLOR: 1.0, 0.5019607843137255, 0.5019607843137255, 0.4
vb0[161]+076 TEXCOORD: 0.8042855262756348, 0.18933677673339844
vb0[161]+084 TEXCOORD1: 0.20402604341506958, 0.8881652355194092

vb0[162]+000 POSITION: 0.030727576464414597, 1.3988784551620483, 0.08423309028148651
vb0[162]+012 NORMAL: 0.059692174196243286, 0.7308234572410583, 0.6799514293670654
vb0[162]+024 TANGENT: -0.27371326088905334, 0.9126852750778198, 0.30345800518989563, -1.0
vb0[162]+040 BLENDWEIGHTS: 1.0, 0.0, 0.0, 0.0
vb0[162]+056 BLENDINDICES: 7, 0, 0, 0
vb0[162]+072 COLOR: 1.0, 0.5019607843137255, 0.5019607843137255, 0.4
vb0[162]+076 TEXCOORD: 0.7927548885345459, 0.1786627173423767
vb0[162]+084 TEXCOORD1: 0.20402604341506958, 0.8881652355194092

vb0[163]+000 POSITION: 0.04020141065120697, 1.39635169506073, 0.087094247341156
vb0[163]+012 NORMAL: 0.06367481499910355, 0.7189214825630188, 0.692168653011322
vb0[163]+024 TANGENT: 0.16254471242427826, 0.17131195962429047, 0.9717156887054443, -1.0
vb0[163]+040 BLENDWEIGHTS: 1.0, 0.0, 0.0, 0.0
vb0[163]+056 BLENDINDICES: 7, 0, 0, 0
vb0[163]+072 COLOR: 1.0, 0.5019607843137255, 0.5019607843137255, 0.4
vb0[163]+076 TEXCOORD: 0.7870845794677734, 0.18918925523757935
vb0[163]+084 TEXCOORD1: 0.20402604341506958, 0.8881652355194092

vb0[164]+000 POSITION: 0.038721583783626556, 1.4010131359100342, 0.08171126246452332
vb0[164]+012 NORMAL: 0.06380505859851837, 0.7175239324569702, 0.693605363368988
vb0[164]+024 TANGENT: -0.10041392594575882, 0.9608411192893982, 0.25826624035835266, -1.0
vb0[164]+040 BLENDWEIGHTS: 1.0, 0.0, 0.0, 0.0
vb0[164]+056 BLENDINDICES: 7, 0, 0, 0
vb0[164]+072 COLOR: 1.0, 0.5019607843137255, 0.5019607843137255, 0.4
vb0[164]+076 TEXCOORD: 0.7830104827880859, 0.18145841360092163
vb0[164]+084 TEXCOORD1: 0.20402604341506958, 0.8881652355194092

vb0[165]+000 POSITION: 0.0472845584154129, 1.4014006853103638, 0.08116498589515686
vb0[165]+012 NORMAL: 0.06926750391721725, 0.705905020236969, 0.704911470413208
vb0[165]+024 TANGENT: -0.027991648763418198, 0.9601282477378845, 0.27815496921539307, -1.0
vb0[165]+040 BLENDWEIGHTS: 1.0, 0.0, 0.0, 0.0
vb0[165]+056 BLENDINDICES: 7, 0, 0, 0
vb0[165]+072 COLOR: 1.0, 0.5019607843137255, 0.5019607843137255, 0.4
vb0[165]+076 TEXCOORD: 0.7752461433410645, 0.18711219727993011
vb0[165]+084 TEXCOORD1: 0.20402604341506958, 0.8881652355194092

vb0[166]+000 POSITION: 0.020002659410238266, 1.3898890018463135, 0.09310165792703629
vb0[166]+012 NORMAL: 0.05106724426150322, 0.7704769372940063, 0.6354190707206726
vb0[166]+024 TANGENT: -0.4728565216064453, 0.6462955474853516, 0.5989230871200562, -1.0
vb0[166]+040 BLENDWEIGHTS: 1.0, 0.0, 0.0, 0.0
vb0[166]+056 BLENDINDICES: 7, 0, 0, 0
vb0[166]+072 COLOR: 1.0, 0.5019607843137255, 0.5019607843137255, 0.4
vb0[166]+076 TEXCOORD: 0.8124306201934814, 0.1827508807182312
vb0[166]+084 TEXCOORD1: 0.20402604341506958, 0.8881652355194092

vb0[167]+000 POSITION: 0.02514434978365898, 1.3849809169769287, 0.10002785176038742
vb0[167]+012 NORMAL: 0.051671016961336136, 0.7752615213394165, 0.6295233368873596
vb0[167]+024 TANGENT: 0.14609916508197784, 0.6609634757041931, 0.7360586524009705, -1.0
vb0[167]+040 BLENDWEIGHTS: 1.0, 0.0, 0.0, 0.0
vb0[167]+056 BLENDINDICES: 7, 0, 0, 0
vb0[167]+072 COLOR: 1.0, 0.5019607843137255, 0.5019607843137255, 0.4
vb0[167]+076 TEXCOORD: 0.8136723041534424, 0.1950431764125824
vb0[167]+084 TEXCOORD1: 0.20402604341506958, 0.8881652355194092

vb0[168]+000 POSITION: 0.01641971990466118, 1.3843473196029663, 0.10046207904815674
vb0[168]+012 NORMAL: 0.04350084066390991, 0.7956796884536743, 0.604153573513031
vb0[168]+024 TANGENT: -0.5474699139595032, 0.7522048354148865, 0.3666939437389374, -1.0
vb0[168]+040 BLENDWEIGHTS: 1.0, 0.0, 0.0, 0.0
vb0[168]+056 BLENDINDICES: 7, 0, 0, 0
vb0[168]+072 COLOR: 1.0, 0.5019607843137255, 0.5019607843137255, 0.4
vb0[168]+076 TEXCOORD: 0.8224482536315918, 0.18920069932937622
vb0[168]+084 TEXCOORD1: 0.20402604341506958, 0.8881652355194092

vb0[169]+000 POSITION: 0.02199692279100418, 1.378495454788208, 0.10786926746368408
vb0[169]+012 NORMAL: 0.0375332310795784, 0.8131516575813293, 0.5808405876159668
vb0[169]+024 TANGENT: 0.2846430540084839, 0.8811734318733215, 0.3775072395801544, -1.0
vb0[169]+040 BLENDWEIGHTS: 1.0, 0.0, 0.0, 0.0
vb0[169]+056 BLENDINDICES: 7, 0, 0, 0
vb0[169]+072 COLOR: 1.0, 0.2, 0.5019607843137255, 0.5019607843137255
vb0[169]+076 TEXCOORD: 0.8226771354675293, 0.20426899194717407
vb0[169]+084 TEXCOORD1: 0.20402604341506958, 0.8881652355194092

vb0[170]+000 POSITION: 0.014300031587481499, 1.3786394596099854, 0.10833629220724106
vb0[170]+012 NORMAL: 0.03578367456793785, 0.816087543964386, 0.5768194198608398
vb0[170]+024 TANGENT: -0.5706830024719238, 0.714691162109375, 0.4043976068496704, -1.0
vb0[170]+040 BLENDWEIGHTS: 1.0, 0.0, 0.0, 0.0
vb0[170]+056 BLENDINDICES: 7, 0, 0, 0
vb0[170]+072 COLOR: 1.0, 0.2, 0.5019607843137255, 0.5019607843137255
vb0[170]+076 TEXCOORD: 0.8319501876831055, 0.19713905453681946
vb0[170]+084 TEXCOORD1: 0.20402604341506958, 0.8881652355194092

vb0[171]+000 POSITION: 0.03354141116142273, 1.3849575519561768, 0.09665737301111221
vb0[171]+012 NORMAL: 0.06228198483586311, 0.7516066431999207, 0.6566646099090576
vb0[171]+024 TANGENT: 0.39088788628578186, 0.8693033456802368, 0.30251991748809814, -1.0
vb0[171]+040 BLENDWEIGHTS: 1.0, 0.0, 0.0, 0.0
vb0[171]+056 BLENDINDICES: 7, 0, 0, 0
vb0[171]+072 COLOR: 1.0, 0.5019607843137255, 0.5019607843137255, 0.4
vb0[171]+076 TEXCOORD: 0.8036608695983887, 0.1983804702758789
vb0[171]+084 TEXCOORD1: 0.20402604341506958, 0.8881652355194092

vb0[172]+000 POSITION: 0.02976342663168907, 1.380853295326233, 0.10265212506055832
vb0[172]+012 NORMAL: 0.061308372765779495, 0.755476713180542, 0.6523007154464722
vb0[172]+024 TANGENT: -0.20338521897792816, 0.2444443702697754, 0.9480934739112854, -1.0
vb0[172]+040 BLENDWEIGHTS: 1.0, 0.0, 0.0, 0.0
vb0[172]+056 BLENDINDICES: 7, 0, 0, 0
vb0[172]+072 COLOR: 1.0, 0.5019607843137255, 0.5019607843137255, 0.4
vb0[172]+076 TEXCOORD: 0.8123297691345215, 0.20267808437347412
vb0[172]+084 TEXCOORD1: 0.20402604341506958, 0.8881652355194092

vb0[173]+000 POSITION: 0.03583109378814697, 1.3787410259246826, 0.10397650301456451
vb0[173]+012 NORMAL: 0.06876478344202042, 0.7391158938407898, 0.6700589060783386
vb0[173]+024 TANGENT: 0.014999091625213623, 0.19038546085357666, 0.9815948009490967, -1.0
vb0[173]+040 BLENDWEIGHTS: 1.0, 0.0, 0.0, 0.0
vb0[173]+056 BLENDINDICES: 7, 0, 0, 0
vb0[173]+072 COLOR: 1.0, 0.5019607843137255, 0.5019607843137255, 0.4
vb0[173]+076 TEXCOORD: 0.8083109855651855, 0.2093290090560913
vb0[173]+084 TEXCOORD1: 0.20402604341506958, 0.8881652355194092

vb0[174]+000 POSITION: 0.03775056451559067, 1.3839702606201172, 0.09722840040922165
vb0[174]+012 NORMAL: 0.07222556322813034, 0.7304412722587585, 0.679145872592926
vb0[174]+024 TANGENT: 0.05389976128935814, 0.9658949971199036, 0.253261923789978, -1.0
vb0[174]+040 BLENDWEIGHTS: 1.0, 0.0, 0.0, 0.0
vb0[174]+056 BLENDINDICES: 7, 0, 0, 0
vb0[174]+072 COLOR: 1.0, 0.5019607843137255, 0.5019607843137255, 0.4
vb0[174]+076 TEXCOORD: 0.8005154132843018, 0.20258617401123047
vb0[174]+084 TEXCOORD1: 0.20402604341506958, 0.8881652355194092

vb0[175]+000 POSITION: 0.020878758281469345, 1.3739945888519287, 0.11698663234710693
vb0[175]+012 NORMAL: 0.03297373652458191, 0.8231735825538635, 0.5668314695358276
vb0[175]+024 TANGENT: -0.12106872349977493, 0.8586335182189941, 0.4980873763561249, -1.0
vb0[175]+040 BLENDWEIGHTS: 1.0, 0.0, 0.0, 0.0
vb0[175]+056 BLENDINDICES: 7, 0, 0, 0
vb0[175]+072 COLOR: 1.0, 0.2, 0.5019607843137255, 0.5019607843137255
vb0[175]+076 TEXCOORD: 0.8321683406829834, 0.213049978017807
vb0[175]+084 TEXCOORD1: 0.20402604341506958, 0.8881652355194092

vb0[176]+000 POSITION: 0.013933554291725159, 1.372650384902954, 0.11611084640026093
vb0[176]+012 NORMAL: 0.03182617574930191, 0.8232242465019226, 0.5668235421180725
vb0[176]+024 TANGENT: -0.6616417169570923, 0.6110223531723022, 0.4346054494380951, -1.0
vb0[176]+040 BLENDWEIGHTS: 1.0, 0.0, 0.0, 0.0
vb0[176]+056 BLENDINDICES: 7, 0, 0, 0
vb0[176]+072 COLOR: 1.0, 0.2, 0.5019607843137255, 0.5019607843137255
vb0[176]+076 TEXCOORD: 0.8402471542358398, 0.20597568154335022
vb0[176]+084 TEXCOORD1: 0.20402604341506958, 0.8881652355194092

vb0[177]+000 POSITION: 0.02718980237841606, 1.3739268779754639, 0.1180374026298523
vb0[177]+012 NORMAL: 0.03228915110230446, 0.8262649774551392, 0.5623553991317749
vb0[177]+024 TANGENT: -0.027402283623814583, 0.8953587412834167, 0.4445019066333771, -1.0
vb0[177]+040 BLENDWEIGHTS: 0.9819803833961487, 0.018019618466496468, 0.0, 0.0
vb0[177]+056 BLENDINDICES: 7, 2, 0, 0
vb0[177]+072 COLOR: 1.0, 0.2, 0.5019607843137255, 0.5019607843137255
vb0[177]+076 TEXCOORD: 0.8271281719207764, 0.21834306418895721
vb0[177]+084 TEXCOORD1: 0.20402604341506958, 0.8881652355194092

vb0[178]+000 POSITION: 0.021096834912896156, 1.368768572807312, 0.1257448047399521
vb0[178]+012 NORMAL: 0.030791787430644035, 0.8251099586486816, 0.564132571220398
vb0[178]+024 TANGENT: -0.18890738487243652, 0.8381052613258362, 0.5117553472518921, -1.0
vb0[178]+040 BLENDWEIGHTS: 0.9759573340415955, 0.024042678996920586, 0.0, 0.0
vb0[178]+056 BLENDINDICES: 7, 2, 0, 0
vb0[178]+072 COLOR: 1.0, 0.2, 0.5019607843137255, 0.5019607843137255
vb0[178]+076 TEXCOORD: 0.8412230014801025, 0.22192512452602386
vb0[178]+084 TEXCOORD1: 0.20402604341506958, 0.8881652355194092

vb0[179]+000 POSITION: 0.03307714685797691, 1.3730204105377197, 0.12022976577281952
vb0[179]+012 NORMAL: 0.03073289804160595, 0.8295823931694031, 0.5575377941131592
vb0[179]+024 TANGENT: 0.05509239435195923, 0.9153473973274231, 0.3988783359527588, -1.0
vb0[179]+040 BLENDWEIGHTS: 0.9613078832626343, 0.03869212791323662, 0.0, 0.0
vb0[179]+056 BLENDINDICES: 7, 2, 0, 0
vb0[179]+072 COLOR: 1.0, 0.2, 0.5019607843137255, 0.5019607843137255
vb0[179]+076 TEXCOORD: 0.8233246803283691, 0.22523628175258636
vb0[179]+084 TEXCOORD1: 0.20402604341506958, 0.8881652355194092

vb0[180]+000 POSITION: 0.037993352860212326, 1.3707047700881958, 0.12474903464317322
vb0[180]+012 NORMAL: 0.03051934577524662, 0.822952151298523, 0.5672903656959534
vb0[180]+024 TANGENT: 0.11144858598709106, 0.9059709906578064, 0.408406525850296, -1.0
vb0[180]+040 BLENDWEIGHTS: 0.873269259929657, 0.10267362743616104, 0.02405712939798832, 0.0
vb0[180]+056 BLENDINDICES: 7, 2, 3, 0
vb0[180]+072 COLOR: 1.0, 0.2, 0.5019607843137255, 0.5019607843137255
vb0[180]+076 TEXCOORD: 0.8222565650939941, 0.23405736684799194
vb0[180]+084 TEXCOORD1: 0.20402604341506958, 0.8881652355194092

vb0[181]+000 POSITION: 0.022198686376214027, 1.363013744354248, 0.13587643206119537
vb0[181]+012 NORMAL: 0.030707228928804398, 0.8139793872833252, 0.580081582069397
vb0[181]+024 TANGENT: -0.2400740683078766, 0.8182977437973022, 0.522257924079895, -1.0
vb0[181]+040 BLENDWEIGHTS: 0.8478956818580627, 0.11921089142560959, 0.03289342299103737, 0.0
vb0[181]+056 BLENDINDICES: 7, 2, 3, 0
vb0[181]+072 COLOR: 1.0, 0.2, 0.5019607843137255, 0.5019607843137255
vb0[181]+076 TEXCOORD: 0.850351095199585, 0.2341659665107727
vb0[181]+084 TEXCOORD1: 0.20402604341506958, 0.8881652355194092

vb0[182]+000 POSITION: 0.02898252196609974, 1.3773034811019897, 0.10893842577934265
vb0[182]+012 NORMAL: 0.032319508492946625, 0.8276611566543579, 0.5602967739105225
vb0[182]+024 TANGENT: 0.22308027744293213, 0.9642119407653809, -0.14328503608703613, -1.0
vb0[182]+040 BLENDWEIGHTS: 1.0, 0.0, 0.0, 0.0
vb0[182]+056 BLENDINDICES: 7, 0, 0, 0
vb0[182]+072 COLOR: 1.0, 0.2, 0.5019607843137255, 0.5019607843137255
vb0[182]+076 TEXCOORD: 0.8173155784606934, 0.21078653633594513
vb0[182]+084 TEXCOORD1: 0.20402604341506958, 0.8881652355194092

vb0[183]+000 POSITION: 0.03509388491511345, 1.3756436109542847, 0.11037813872098923
vb0[183]+012 NORMAL: 0.030752157792448997, 0.8312276601791382, 0.5550809502601624
vb0[183]+024 TANGENT: 0.33936282992362976, 0.9265865683555603, -0.16208046674728394, -1.0
vb0[183]+040 BLENDWEIGHTS: 0.971996545791626, 0.028003444895148277, 0.0, 0.0
vb0[183]+056 BLENDINDICES: 7, 2, 0, 0
vb0[183]+072 COLOR: 1.0, 0.2, 0.5019607843137255, 0.5019607843137255
vb0[183]+076 TEXCOORD: 0.8122990131378174, 0.2172546088695526
vb0[183]+084 TEXCOORD1: 0.20402604341506958, 0.8881652355194092

vb0[184]+000 POSITION: 0.04155723378062248, 1.3734261989593506, 0.11318862438201904
vb0[184]+012 NORMAL: 0.030410364270210266, 0.8283538222312927, 0.5593793988227844
vb0[184]+024 TANGENT: 0.48188167810440063, 0.8675541281700134, -0.12304479628801346, -1.0
vb0[184]+040 BLENDWEIGHTS: 0.9428511261940002, 0.04615456610918045, 0.010994330048561096, 0.0
vb0[184]+056 BLENDINDICES: 7, 2, 3, 0
vb0[184]+072 COLOR: 1.0, 0.2, 0.5019607843137255, 0.5019607843137255
vb0[184]+076 TEXCOORD: 0.8086254596710205, 0.22593112289905548
vb0[184]+084 TEXCOORD1: 0.20402604341506958, 0.8881652355194092

vb0[185]+000 POSITION: 0.04723452031612396, 1.3697457313537598, 0.11911831796169281
vb0[185]+012 NORMAL: 0.030902652069926262, 0.818856954574585, 0.5731651782989502
vb0[185]+024 TANGENT: 0.6188746690750122, 0.7854870557785034, 0.00206148624420166, -1.0
vb0[185]+040 BLENDWEIGHTS: 0.8718115091323853, 0.10009966045618057, 0.028088800609111786, 0.0
vb0[185]+056 BLENDINDICES: 7, 2, 3, 0
vb0[185]+072 COLOR: 1.0, 0.2, 0.5019607843137255, 0.5019607843137255
vb0[185]+076 TEXCOORD: 0.8081307411193848, 0.23723682761192322
vb0[185]+084 TEXCOORD1: 0.20402604341506958, 0.8881652355194092

vb0[186]+000 POSITION: 0.044527046382427216, 1.365074872970581, 0.1345815658569336
vb0[186]+012 NORMAL: 0.03172621503472328, 0.8061404228210449, 0.590873122215271
vb0[186]+024 TANGENT: 0.17971211671829224, 0.8759164214134216, 0.44774317741394043, -1.0
vb0[186]+040 BLENDWEIGHTS: 0.726973295211792, 0.1992695927619934, 0.07375708967447281, 0.0
vb0[186]+056 BLENDINDICES: 7, 2, 3, 0
vb0[186]+072 COLOR: 1.0, 0.2, 0.5019607843137255, 0.5019607843137255
vb0[186]+076 TEXCOORD: 0.8250241279602051, 0.2500475347042084
vb0[186]+084 TEXCOORD1: 0.20402604341506958, 0.8881652355194092

vb0[187]+000 POSITION: 0.053100328892469406, 1.363842487335205, 0.1284705102443695
vb0[187]+012 NORMAL: 0.03183852136135101, 0.8076707124710083, 0.5887736082077026
vb0[187]+024 TANGENT: 0.7058609127998352, 0.7021280527114868, 0.09368313103914261, -1.0
vb0[187]+040 BLENDWEIGHTS: 0.7489326000213623, 0.17468926310539246, 0.07637815922498703, 0.0
vb0[187]+056 BLENDINDICES: 7, 2, 3, 0
vb0[187]+072 COLOR: 1.0, 0.2, 0.5019607843137255, 0.5019607843137255
vb0[187]+076 TEXCOORD: 0.8109612464904785, 0.252729207277298
vb0[187]+084 TEXCOORD1: 0.20402604341506958, 0.8881652355194092

vb0[188]+000 POSITION: 0.05815855786204338, 1.3556535243988037, 0.14127008616924286
vb0[188]+012 NORMAL: 0.03338811546564102, 0.7910091280937195, 0.610892653465271
vb0[188]+024 TANGENT: 0.7399128675460815, 0.646919310092926, 0.1844571977853775, -1.0
vb0[188]+040 BLENDWEIGHTS: 0.5529125332832336, 0.2987058758735657, 0.14838162064552307, 0.0
vb0[188]+056 BLENDINDICES: 7, 2, 3, 0
vb0[188]+072 COLOR: 1.0, 0.2, 0.5019607843137255, 0.5019607843137255
vb0[188]+076 TEXCOORD: 0.8184564113616943, 0.27262622117996216
vb0[188]+084 TEXCOORD1: 0.20402604341506958, 0.8881652355194092

vb0[189]+000 POSITION: 0.014389715157449245, 1.3677424192428589, 0.12318836897611618
vb0[189]+012 NORMAL: 0.030519532039761543, 0.8188611268997192, 0.5731797218322754
vb0[189]+024 TANGENT: -0.6892989873886108, 0.5730209350585938, 0.44329890608787537, -1.0
vb0[189]+040 BLENDWEIGHTS: 0.9782755374908447, 0.02172446809709072, 0.0, 0.0
vb0[189]+056 BLENDINDICES: 7, 2, 0, 0
vb0[189]+072 COLOR: 1.0, 0.2, 0.5019607843137255, 0.5019607843137255
vb0[189]+076 TEXCOORD: 0.8465662002563477, 0.2146008312702179
vb0[189]+084 TEXCOORD1: 0.20402604341506958, 0.8881652355194092

vb0[190]+000 POSITION: 0.02476421929895878, 1.357926607131958, 0.14503464102745056
vb0[190]+012 NORMAL: 0.03236221894621849, 0.7928560376167297, 0.6085489988327026
vb0[190]+024 TANGENT: -0.25684741139411926, 0.7748342752456665, 0.5776340961456299, -1.0
vb0[190]+040 BLENDWEIGHTS: 0.735636293888092, 0.20428580045700073, 0.060077935457229614, 0.0
vb0[190]+056 BLENDINDICES: 7, 2, 3, 0
vb0[190]+072 COLOR: 1.0, 0.2, 0.5019607843137255, 0.5019607843137255
vb0[190]+076 TEXCOORD: 0.8570559024810791, 0.2466701865196228
vb0[190]+084 TEXCOORD1: 0.20402604341506958, 0.8881652355194092

vb0[191]+000 POSITION: 0.049393489956855774, 1.3568841218948364, 0.1472521871328354
vb0[191]+012 NORMAL: 0.03427631035447121, 0.7790137529373169, 0.6260693073272705
vb0[191]+024 TANGENT: 0.20576335489749908, 0.8366800546646118, 0.5075706839561462, -1.0
vb0[191]+040 BLENDWEIGHTS: 0.5528690218925476, 0.2987472414970398, 0.14838378131389618, 0.0
vb0[191]+056 BLENDINDICES: 7, 2, 3, 0
vb0[191]+072 COLOR: 1.0, 0.2, 0.5019607843137255, 0.5019607843137255
vb0[191]+076 TEXCOORD: 0.8326239585876465, 0.2692188620567322
vb0[191]+084 TEXCOORD1: 0.20402604341506958, 0.8881652355194092

vb0[192]+000 POSITION: 0.060907695442438126, 1.348723292350769, 0.1513526290655136
vb0[192]+012 NORMAL: 0.03648541122674942, 0.7628974914550781, 0.6454891562461853
vb0[192]+024 TANGENT: 0.7553218007087708, 0.5988668203353882, 0.2661716639995575, -1.0
vb0[192]+040 BLENDWEIGHTS: 0.3845701515674591, 0.3728260099887848, 0.2426038235425949, 0.0
vb0[192]+056 BLENDINDICES: 2, 7, 3, 0
vb0[192]+072 COLOR: 1.0, 0.2, 0.5019607843137255, 0.5019607843137255
vb0[192]+076 TEXCOORD: 0.8261876106262207, 0.28827759623527527
vb0[192]+084 TEXCOORD1: 0.20402604341506958, 0.8881652355194092

vb0[193]+000 POSITION: 0.029803847894072533, 1.3513535261154175, 0.1551443487405777
vb0[193]+012 NORMAL: 0.03543497249484062, 0.7637665867805481, 0.6445192694664001
vb0[193]+024 TANGENT: -0.2458951771259308, 0.704618513584137, 0.6656187772750854, -1.0
vb0[193]+040 BLENDWEIGHTS: 0.5507016181945801, 0.30155643820762634, 0.14774194359779358, 0.0
vb0[193]+056 BLENDINDICES: 7, 2, 3, 0
vb0[193]+072 COLOR: 1.0, 0.2, 0.5019607843137255, 0.5019607843137255
vb0[193]+076 TEXCOORD: 0.8621981143951416, 0.26311933994293213
vb0[193]+084 TEXCOORD1: 0.20402604341506958, 0.8881652355194092

vb0[194]+000 POSITION: 0.018533434718847275, 1.3537195920944214, 0.14483390748500824
vb0[194]+012 NORMAL: 0.0335230827331543, 0.7785965800285339, 0.6266287565231323
vb0[194]+024 TANGENT: -0.7474664449691772, 0.3868086636066437, 0.5400675535202026, -1.0
vb0[194]+040 BLENDWEIGHTS: 0.7439125180244446, 0.1948687881231308, 0.06121870130300522, 0.0
vb0[194]+056 BLENDINDICES: 7, 2, 3, 0
vb0[194]+072 COLOR: 1.0, 0.2, 0.5019607843137255, 0.5019607843137255
vb0[194]+076 TEXCOORD: 0.8660736083984375, 0.24347782135009766
vb0[194]+084 TEXCOORD1: 0.20402604341506958, 0.8881652355194092

vb0[195]+000 POSITION: 0.023537127301096916, 1.3465527296066284, 0.15471360087394714
vb0[195]+012 NORMAL: 0.0372423492372036, 0.747403085231781, 0.6633261442184448
vb0[195]+024 TANGENT: -0.7044882774353027, 0.2950862646102905, 0.6454614400863647, -1.0
vb0[195]+040 BLENDWEIGHTS: 0.5507028698921204, 0.30155518651008606, 0.14774194359779358, 0.0
vb0[195]+056 BLENDINDICES: 7, 2, 3, 0
vb0[195]+072 COLOR: 1.0, 0.2, 0.5019607843137255, 0.5019607843137255
vb0[195]+076 TEXCOORD: 0.8721413612365723, 0.2605881690979004
vb0[195]+084 TEXCOORD1: 0.20402604341506958, 0.8881652355194092

vb0[196]+000 POSITION: 0.03578019142150879, 1.3447579145431519, 0.16331925988197327
vb0[196]+012 NORMAL: 0.03987670689821243, 0.7301605343818665, 0.6821109056472778
vb0[196]+024 TANGENT: -0.20642706751823425, 0.6363113522529602, 0.7433004975318909, -1.0
vb0[196]+040 BLENDWEIGHTS: 0.3946148455142975, 0.37270429730415344, 0.23268085718154907, 0.0
vb0[196]+056 BLENDINDICES: 2, 7, 3, 0
vb0[196]+072 COLOR: 1.0, 0.2, 0.5019607843137255, 0.5019607843137255
vb0[196]+076 TEXCOORD: 0.8647665977478027, 0.27923664450645447
vb0[196]+084 TEXCOORD1: 0.20402604341506958, 0.8881652355194092

vb0[197]+000 POSITION: 0.05196072906255722, 1.349219799041748, 0.15763095021247864
vb0[197]+012 NORMAL: 0.0381011925637722, 0.7469045519828796, 0.663838803768158
vb0[197]+024 TANGENT: 0.20437723398208618, 0.7851606607437134, 0.5845961570739746, -1.0
vb0[197]+040 BLENDWEIGHTS: 0.3846343755722046, 0.37253886461257935, 0.24282675981521606, 0.0
vb0[197]+056 BLENDINDICES: 2, 7, 3, 0
vb0[197]+072 COLOR: 1.0, 0.2, 0.5019607843137255, 0.5019607843137255
vb0[197]+076 TEXCOORD: 0.8407678604125977, 0.28501614928245544
vb0[197]+084 TEXCOORD1: 0.20402604341506958, 0.8881652355194092

vb0[198]+000 POSITION: 0.015774911269545555, 1.3607702255249023, 0.13399367034435272
vb0[198]+012 NORMAL: 0.03122001513838768, 0.8033425211906433, 0.5946983098983765
vb0[198]+024 TANGENT: -0.734637439250946, 0.49869149923324585, 0.4600159227848053, -1.0
vb0[198]+040 BLENDWEIGHTS: 0.913486659526825, 0.07256574183702469, 0.013947607949376106, 0.0
vb0[198]+056 BLENDINDICES: 7, 2, 3, 0
vb0[198]+072 COLOR: 1.0, 0.2, 0.5019607843137255, 0.5019607843137255
vb0[198]+076 TEXCOORD: 0.8568894863128662, 0.2283029854297638
vb0[198]+084 TEXCOORD1: 0.20402604341506958, 0.8881652355194092

vb0[199]+000 POSITION: 0.053688500076532364, 1.3413105010986328, 0.16646550595760345
vb0[199]+012 NORMAL: 0.04335922375321388, 0.7117737531661987, 0.7010692358016968
vb0[199]+024 TANGENT: 0.19328108429908752, 0.7276905179023743, 0.6581102013587952, -1.0
vb0[199]+040 BLENDWEIGHTS: 0.4193430244922638, 0.3332371711730957, 0.2474198192358017, 0.0
vb0[199]+056 BLENDINDICES: 2, 3, 7, 0
vb0[199]+072 COLOR: 1.0, 0.2, 0.5019607843137255, 0.5019607843137255
vb0[199]+076 TEXCOORD: 0.8490505218505859, 0.29949694871902466
vb0[199]+084 TEXCOORD1: 0.20402604341506958, 0.8881652355194092

vb0[200]+000 POSITION: 0.06282006204128265, 1.3413312435150146, 0.16093820333480835
vb0[200]+012 NORMAL: 0.04108515754342079, 0.7290716767311096, 0.6832031607627869
vb0[200]+024 TANGENT: 0.7587372660636902, 0.5521507263183594, 0.34561172127723694, -1.0
vb0[200]+040 BLENDWEIGHTS: 0.40987977385520935, 0.3364230692386627, 0.25369712710380554, 0.0
vb0[200]+056 BLENDINDICES: 2, 3, 7, 0
vb0[200]+072 COLOR: 1.0, 0.2, 0.5019607843137255, 0.5019607843137255
vb0[200]+076 TEXCOORD: 0.8348085880279541, 0.3034331500530243
vb0[200]+084 TEXCOORD1: 0.20402604341506958, 0.8881652355194092

vb0[201]+000 POSITION: 0.06415659189224243, 1.33387291431427, 0.16879738867282867
vb0[201]+012 NORMAL: 0.04716668277978897, 0.6933712363243103, 0.7190351486206055
vb0[201]+024 TANGENT: 0.7664185166358948, 0.5056406259536743, 0.39614415168762207, -1.0
vb0[201]+040 BLENDWEIGHTS: 0.41914838552474976, 0.3783787488937378, 0.20247289538383484, 0.0
vb0[201]+056 BLENDINDICES: 3, 2, 7, 0
vb0[201]+072 COLOR: 1.0, 0.2, 0.5019607843137255, 0.5019607843137255
vb0[201]+076 TEXCOORD: 0.8431005477905273, 0.31720128655433655
vb0[201]+084 TEXCOORD1: 0.20402604341506958, 0.8881652355194092

vb0[202]+000 POSITION: 0.02932184375822544, 1.340124487876892, 0.16292184591293335
vb0[202]+012 NORMAL: 0.042209602892398834, 0.7136805057525635, 0.6991983652114868
vb0[202]+024 TANGENT: -0.6280763149261475, 0.24650464951992035, 0.7380756139755249, -1.0
vb0[202]+040 BLENDWEIGHTS: 0.40461355447769165, 0.37270495295524597, 0.22268150746822357, 0.0
vb0[202]+056 BLENDINDICES: 2, 7, 3, 0
vb0[202]+072 COLOR: 1.0, 0.2, 0.5019607843137255, 0.5019607843137255
vb0[202]+076 TEXCOORD: 0.8753652572631836, 0.2769711911678314
vb0[202]+084 TEXCOORD1: 0.20402604341506958, 0.8881652355194092

vb0[203]+000 POSITION: 0.04307738319039345, 1.3381648063659668, 0.17004281282424927
vb0[203]+012 NORMAL: 0.045432813465595245, 0.6963034868240356, 0.7163079977035522
vb0[203]+024 TANGENT: -0.1516517549753189, 0.5967175364494324, 0.7879911065101624, -1.0
vb0[203]+040 BLENDWEIGHTS: 0.4300634264945984, 0.31645727157592773, 0.2534793019294739, 0.0
vb0[203]+056 BLENDINDICES: 2, 3, 7, 0
vb0[203]+072 COLOR: 1.0, 0.2, 0.5019607843137255, 0.5019607843137255
vb0[203]+076 TEXCOORD: 0.8655059337615967, 0.2955695390701294
vb0[203]+084 TEXCOORD1: 0.20402604341506958, 0.8881652355194092

vb0[204]+000 POSITION: 0.05536739528179169, 1.333772897720337, 0.17374549806118011
vb0[204]+012 NORMAL: 0.04984110966324806, 0.6773045659065247, 0.7340125441551208
vb0[204]+024 TANGENT: 0.20522810518741608, 0.6699508428573608, 0.7134755253791809, -1.0
vb0[204]+040 BLENDWEIGHTS: 0.4096187353134155, 0.3881794810295105, 0.20220178365707397, 0.0
vb0[204]+056 BLENDINDICES: 3, 2, 7, 0
vb0[204]+072 COLOR: 1.0, 0.2, 0.5019607843137255, 0.5019607843137255
vb0[204]+076 TEXCOORD: 0.8566455841064453, 0.3128255605697632
vb0[204]+084 TEXCOORD1: 0.20402604341506958, 0.8881652355194092

vb0[205]+000 POSITION: 0.06536111980676651, 1.3261293172836304, 0.1755569726228714
vb0[205]+012 NORMAL: 0.05444164574146271, 0.6590842604637146, 0.7500960826873779
vb0[205]+024 TANGENT: 0.7714191675186157, 0.4610776901245117, 0.4385428726673126, -1.0
vb0[205]+040 BLENDWEIGHTS: 0.4658341109752655, 0.329113245010376, 0.20505262911319733, 0.0
vb0[205]+056 BLENDINDICES: 3, 2, 7, 0
vb0[205]+072 COLOR: 1.0, 0.2, 0.5019607843137255, 0.5019607843137255
vb0[205]+076 TEXCOORD: 0.8514251708984375, 0.3307432234287262
vb0[205]+084 TEXCOORD1: 0.20402604341506958, 0.8881652355194092

vb0[206]+000 POSITION: 0.03638037294149399, 1.3337535858154297, 0.17002691328525543
vb0[206]+012 NORMAL: 0.047940973192453384, 0.682176411151886, 0.7296142578125
vb0[206]+024 TANGENT: -0.5478471517562866, 0.21060921251773834, 0.8096339702606201, -1.0
vb0[206]+040 BLENDWEIGHTS: 0.4498801827430725, 0.2977010905742645, 0.25241872668266296, 0.0
vb0[206]+056 BLENDINDICES: 2, 3, 7, 0
vb0[206]+072 COLOR: 1.0, 0.2, 0.5019607843137255, 0.5019607843137255
vb0[206]+076 TEXCOORD: 0.876631498336792, 0.2937142550945282
vb0[206]+084 TEXCOORD1: 0.20402604341506958, 0.8881652355194092

vb0[207]+000 POSITION: 0.050349533557891846, 1.3322118520736694, 0.175524041056633
vb0[207]+012 NORMAL: 0.05093475431203842, 0.6690716743469238, 0.7414504289627075
vb0[207]+024 TANGENT: -0.09455037117004395, 0.551661491394043, 0.8286916017532349, -1.0
vb0[207]+040 BLENDWEIGHTS: 0.3997061848640442, 0.39814600348472595, 0.20214782655239105, 0.0
vb0[207]+056 BLENDINDICES: 3, 2, 7, 0
vb0[207]+072 COLOR: 1.0, 0.2, 0.5019607843137255, 0.5019607843137255
vb0[207]+076 TEXCOORD: 0.8648948669433594, 0.311095654964447
vb0[207]+084 TEXCOORD1: 0.20402604341506958, 0.8881652355194092

vb0[208]+000 POSITION: 0.05750039592385292, 1.3254563808441162, 0.18003158271312714
vb0[208]+012 NORMAL: 0.05753703787922859, 0.6441985368728638, 0.7626911401748657
vb0[208]+024 TANGENT: 0.09364212304353714, 0.5403013229370117, 0.8362449407577515, -1.0
vb0[208]+040 BLENDWEIGHTS: 0.4559284746646881, 0.33900076150894165, 0.20507077872753143, 0.0
vb0[208]+056 BLENDINDICES: 3, 2, 7, 0
vb0[208]+072 COLOR: 1.0, 0.2, 0.5019607843137255, 0.5019607843137255
vb0[208]+076 TEXCOORD: 0.8637454509735107, 0.3273288309574127
vb0[208]+084 TEXCOORD1: 0.20402604341506958, 0.8881652355194092

vb0[209]+000 POSITION: 0.04347359016537666, 1.3276067972183228, 0.17581798136234283
vb0[209]+012 NORMAL: 0.053934112191200256, 0.6558566689491272, 0.7529563307762146
vb0[209]+024 TANGENT: -0.4919382631778717, 0.17422866821289062, 0.8530188798904419, -1.0
vb0[209]+040 BLENDWEIGHTS: 0.4180733263492584, 0.3798947036266327, 0.20203198492527008, 0.0
vb0[209]+056 BLENDINDICES: 2, 3, 7, 0
vb0[209]+072 COLOR: 1.0, 0.2, 0.5019607843137255, 0.5019607843137255
vb0[209]+076 TEXCOORD: 0.8768844604492188, 0.30992984771728516
vb0[209]+084 TEXCOORD1: 0.20402604341506958, 0.8881652355194092

vb0[210]+000 POSITION: 0.06622524559497833, 1.319857120513916, 0.18015147745609283
vb0[210]+012 NORMAL: 0.06186262518167496, 0.6303502321243286, 0.7738420367240906
vb0[210]+024 TANGENT: 0.7765149474143982, 0.4349374771118164, 0.45590999722480774, -1.0
vb0[210]+040 BLENDWEIGHTS: 0.46469253301620483, 0.3260881304740906, 0.2092193216085434, 0.0
vb0[210]+056 BLENDINDICES: 3, 2, 7, 0
vb0[210]+072 COLOR: 1.0, 0.2, 0.5019607843137255, 0.5019607843137255
vb0[210]+076 TEXCOORD: 0.8567826747894287, 0.34019601345062256
vb0[210]+084 TEXCOORD1: 0.20402604341506958, 0.8881652355194092

vb0[211]+000 POSITION: 0.0500541627407074, 1.3212201595306396, 0.18064673244953156
vb0[211]+012 NORMAL: 0.058670774102211, 0.6382237076759338, 0.7676120400428772
vb0[211]+024 TANGENT: -0.45304715633392334, 0.13990581035614014, 0.8804399967193604, -1.0
vb0[211]+040 BLENDWEIGHTS: 0.4459649324417114, 0.3489573001861572, 0.20507776737213135, 0.0
vb0[211]+056 BLENDINDICES: 3, 2, 7, 0
vb0[211]+072 COLOR: 1.0, 0.2, 0.5019607843137255, 0.5019607843137255
vb0[211]+076 TEXCOORD: 0.8757872581481934, 0.32595765590667725
vb0[211]+084 TEXCOORD1: 0.20402604341506958, 0.8881652355194092

vb0[212]+000 POSITION: 0.05525016784667969, 1.316162109375, 0.18378564715385437
vb0[212]+012 NORMAL: 0.0630580335855484, 0.6243013143539429, 0.7786344289779663
vb0[212]+024 TANGENT: -0.43129676580429077, 0.07358039170503616, 0.8992047309875488, -1.0
vb0[212]+040 BLENDWEIGHTS: 0.46468010544776917, 0.32606855034828186, 0.20925137400627136, 0.0
vb0[212]+056 BLENDINDICES: 3, 2, 7, 0
vb0[212]+072 COLOR: 1.0, 0.2, 0.5019607843137255, 0.5019607843137255
vb0[212]+076 TEXCOORD: 0.8742043972015381, 0.33696672320365906
vb0[212]+084 TEXCOORD1: 0.20402604341506958, 0.8881652355194092

vb0[213]+000 POSITION: 0.060724060982465744, 1.3193038702011108, 0.18343497812747955
vb0[213]+012 NORMAL: 0.06383156776428223, 0.6225096583366394, 0.7800046801567078
vb0[213]+024 TANGENT: 0.11287038773298264, 0.4991951882839203, 0.8591067790985107, -1.0
vb0[213]+040 BLENDWEIGHTS: 0.464690625667572, 0.3260847330093384, 0.2092246562242508, 0.0
vb0[213]+056 BLENDINDICES: 3, 2, 7, 0
vb0[213]+072 COLOR: 1.0, 0.2, 0.5019607843137255, 0.5019607843137255
vb0[213]+076 TEXCOORD: 0.8655185699462891, 0.3379996120929718
vb0[213]+084 TEXCOORD1: 0.20402604341506958, 0.8881652355194092

vb0[214]+000 POSITION: 0.06719862669706345, 1.3131959438323975, 0.18453168869018555
vb0[214]+012 NORMAL: 0.06838412582874298, 0.6089255809783936, 0.7902741432189941
vb0[214]+024 TANGENT: 0.7847273349761963, 0.4135212004184723, 0.4617394208908081, -1.0
vb0[214]+040 BLENDWEIGHTS: 0.44869697093963623, 0.3236611485481262, 0.22764185070991516, 0.0
vb0[214]+056 BLENDINDICES: 3, 2, 7, 0
vb0[214]+072 COLOR: 1.0, 0.2, 0.5019607843137255, 0.5019607843137255
vb0[214]+076 TEXCOORD: 0.8621196746826172, 0.3500370681285858
vb0[214]+084 TEXCOORD1: 0.20402604341506958, 0.8881652355194092

vb0[215]+000 POSITION: 0.06415867060422897, 1.312864065170288, 0.1864808350801468
vb0[215]+012 NORMAL: 0.06915676593780518, 0.605996310710907, 0.7924555540084839
vb0[215]+024 TANGENT: 0.1438983678817749, 0.45475322008132935, 0.8789157271385193, -1.0
vb0[215]+040 BLENDWEIGHTS: 0.44866248965263367, 0.3236560523509979, 0.2276814579963684, 0.0
vb0[215]+056 BLENDINDICES: 3, 2, 7, 0
vb0[215]+072 COLOR: 1.0, 0.2, 0.5019607843137255, 0.5019607843137255
vb0[215]+076 TEXCOORD: 0.8671026229858398, 0.3488737940788269
vb0[215]+084 TEXCOORD1: 0.20402604341506958, 0.8881652355194092

vb0[216]+000 POSITION: 0.06878547370433807, 1.303590178489685, 0.19015926122665405
vb0[216]+012 NORMAL: 0.07021400332450867, 0.602843165397644, 0.7947642803192139
vb0[216]+024 TANGENT: 0.39278870820999146, 0.010025858879089355, 0.9195741415023804, -1.0
vb0[216]+040 BLENDWEIGHTS: 0.4152162969112396, 0.322980135679245, 0.2618035674095154, 0.0
vb0[216]+056 BLENDINDICES: 3, 2, 7, 0
vb0[216]+072 COLOR: 1.0, 0.2, 0.5019607843137255, 0.5019607843137255
vb0[216]+076 TEXCOORD: 0.8693852424621582, 0.36395692825317383
vb0[216]+084 TEXCOORD1: 0.20402604341506958, 0.8881652355194092

vb0[217]+000 POSITION: 0.06097111478447914, 1.3111228942871094, 0.18664102256298065
vb0[217]+012 NORMAL: 0.06879208236932755, 0.6068016886711121, 0.7918707728385925
vb0[217]+024 TANGENT: -0.40480780601501465, 0.03545546531677246, 0.9137141704559326, -1.0
vb0[217]+040 BLENDWEIGHTS: 0.44863399863243103, 0.3236517906188965, 0.22771421074867249, 0.0
vb0[217]+056 BLENDINDICES: 3, 2, 7, 0
vb0[217]+072 COLOR: 1.0, 0.2, 0.5019607843137255, 0.5019607843137255
vb0[217]+076 TEXCOORD: 0.872124195098877, 0.348236620426178
vb0[217]+084 TEXCOORD1: 0.20402604341506958, 0.8881652355194092

vb0[218]+000 POSITION: 0.05619209632277489, 1.4017372131347656, 0.08161576837301254
vb0[218]+012 NORMAL: 0.07401613146066666, 0.6972485184669495, 0.7129979133605957
vb0[218]+024 TANGENT: -0.04449141025543213, 0.9505107402801514, 0.3074895143508911, -1.0
vb0[218]+040 BLENDWEIGHTS: 1.0, 0.0, 0.0, 0.0
vb0[218]+056 BLENDINDICES: 7, 0, 0, 0
vb0[218]+072 COLOR: 1.0, 0.5019607843137255, 0.5019607843137255, 0.4
vb0[218]+076 TEXCOORD: 0.7678256034851074, 0.19376710057258606
vb0[218]+084 TEXCOORD1: 0.20402604341506958, 0.8881652355194092

vb0[219]+000 POSITION: 0.054254405200481415, 1.396059513092041, 0.08711099624633789
vb0[219]+012 NORMAL: 0.07545080035924911, 0.6976158618927002, 0.712488055229187
vb0[219]+024 TANGENT: -0.08390963077545166, 0.5384166240692139, 0.8384906649589539, -1.0
vb0[219]+040 BLENDWEIGHTS: 1.0, 0.0, 0.0, 0.0
vb0[219]+056 BLENDINDICES: 7, 0, 0, 0
vb0[219]+072 COLOR: 1.0, 0.5019607843137255, 0.5019607843137255, 0.4
vb0[219]+076 TEXCOORD: 0.7754428386688232, 0.199712872505188
vb0[219]+084 TEXCOORD1: 0.20402604341506958, 0.8881652355194092

vb0[220]+000 POSITION: 0.06557027250528336, 1.40199613571167, 0.0821431428194046
vb0[220]+012 NORMAL: 0.07624562829732895, 0.694231390953064, 0.7157020568847656
vb0[220]+024 TANGENT: 0.5811651945114136, 0.6549802422523499, 0.4829576313495636, -1.0
vb0[220]+040 BLENDWEIGHTS: 1.0, 0.0, 0.0, 0.0
vb0[220]+056 BLENDINDICES: 7, 0, 0, 0
vb0[220]+072 COLOR: 1.0, 0.5019607843137255, 0.5019607843137255, 0.4
vb0[220]+076 TEXCOORD: 0.7598733901977539, 0.20083990693092346
vb0[220]+084 TEXCOORD1: 0.20402604341506958, 0.8881652355194092

vb0[221]+000 POSITION: 0.06102529913187027, 1.3948649168014526, 0.08633165061473846
vb0[221]+012 NORMAL: 0.07756447046995163, 0.6943883895874023, 0.7154079675674438
vb0[221]+024 TANGENT: 0.5884093642234802, 0.12328196316957474, 0.7991095185279846, -1.0
vb0[221]+040 BLENDWEIGHTS: 1.0, 0.0, 0.0, 0.0
vb0[221]+056 BLENDINDICES: 7, 0, 0, 0
vb0[221]+072 COLOR: 1.0, 0.5019607843137255, 0.5019607843137255, 0.4
vb0[221]+076 TEXCOORD: 0.7694971561431885, 0.20533421635627747
vb0[221]+084 TEXCOORD1: 0.20402604341506958, 0.8881652355194092

vb0[222]+000 POSITION: 0.05607357993721962, 1.3876272439956665, 0.09126149863004684
vb0[222]+012 NORMAL: 0.07875946164131165, 0.6980066299438477, 0.7117469310760498
vb0[222]+024 TANGENT: 0.5924879312515259, 0.17519010603427887, 0.7862992286682129, -1.0
vb0[222]+040 BLENDWEIGHTS: 1.0, 0.0, 0.0, 0.0
vb0[222]+056 BLENDINDICES: 7, 0, 0, 0
vb0[222]+072 COLOR: 1.0, 0.5019607843137255, 0.5019607843137255, 0.4
vb0[222]+076 TEXCOORD: 0.7793712615966797, 0.20996472239494324
vb0[222]+084 TEXCOORD1: 0.20402604341506958, 0.8881652355194092

vb0[223]+000 POSITION: 0.04747438430786133, 1.3881851434707642, 0.09360218793153763
vb0[223]+012 NORMAL: 0.07891196757555008, 0.7019120454788208, 0.707878828048706
vb0[223]+024 TANGENT: -0.260364294052124, 0.8229312300682068, 0.5049700140953064, -1.0
vb0[223]+040 BLENDWEIGHTS: 1.0, 0.0, 0.0, 0.0
vb0[223]+056 BLENDINDICES: 7, 0, 0, 0
vb0[223]+072 COLOR: 1.0, 0.5019607843137255, 0.5019607843137255, 0.4
vb0[223]+076 TEXCOORD: 0.7876973152160645, 0.20425200462341309
vb0[223]+084 TEXCOORD1: 0.20402604341506958, 0.8881652355194092

vb0[224]+000 POSITION: 0.04941648244857788, 1.3812077045440674, 0.09804972261190414
vb0[224]+012 NORMAL: 0.07909861952066422, 0.7067388296127319, 0.7030388712882996
vb0[224]+024 TANGENT: 0.5390834212303162, 0.21459530293941498, 0.8144555687904358, -1.0
vb0[224]+040 BLENDWEIGHTS: 1.0, 0.0, 0.0, 0.0
vb0[224]+056 BLENDINDICES: 7, 0, 0, 0
vb0[224]+072 COLOR: 1.0, 0.5019607843137255, 0.5019607843137255, 0.4
vb0[224]+076 TEXCOORD: 0.7913730144500732, 0.21361634135246277
vb0[224]+084 TEXCOORD1: 0.20402604341506958, 0.8881652355194092

vb0[225]+000 POSITION: 0.04144378751516342, 1.384651780128479, 0.09694018214941025
vb0[225]+012 NORMAL: 0.077809177339077, 0.7134373784065247, 0.6963855028152466
vb0[225]+024 TANGENT: -0.16821837425231934, 0.9035170078277588, 0.394156813621521, -1.0
vb0[225]+040 BLENDWEIGHTS: 1.0, 0.0, 0.0, 0.0
vb0[225]+056 BLENDINDICES: 7, 0, 0, 0
vb0[225]+072 COLOR: 1.0, 0.5019607843137255, 0.5019607843137255, 0.4
vb0[225]+076 TEXCOORD: 0.796536922454834, 0.2045971304178238
vb0[225]+084 TEXCOORD1: 0.20402604341506958, 0.8881652355194092

vb0[226]+000 POSITION: 0.04380848631262779, 1.378321647644043, 0.10251852869987488
vb0[226]+012 NORMAL: 0.07573910057544708, 0.7211293578147888, 0.688647985458374
vb0[226]+024 TANGENT: 0.3561376631259918, 0.15107393264770508, 0.9221401810646057, -1.0
vb0[226]+040 BLENDWEIGHTS: 1.0, 0.0, 0.0, 0.0
vb0[226]+056 BLENDINDICES: 7, 0, 0, 0
vb0[226]+072 COLOR: 1.0, 0.5019607843137255, 0.5019607843137255, 0.4
vb0[226]+076 TEXCOORD: 0.8002438545227051, 0.21431151032447815
vb0[226]+084 TEXCOORD1: 0.20402604341506958, 0.8881652355194092

vb0[227]+000 POSITION: 0.047231290489435196, 1.3966904878616333, 0.08681601285934448
vb0[227]+012 NORMAL: 0.06947464495897293, 0.7059246301651001, 0.7048714756965637
vb0[227]+024 TANGENT: -0.005244374740868807, 0.12596537172794342, 0.9920207858085632, -1.0
vb0[227]+040 BLENDWEIGHTS: 1.0, 0.0, 0.0, 0.0
vb0[227]+056 BLENDINDICES: 7, 0, 0, 0
vb0[227]+072 COLOR: 1.0, 0.5019607843137255, 0.5019607843137255, 0.4
vb0[227]+076 TEXCOORD: 0.7807350158691406, 0.19389645755290985
vb0[227]+084 TEXCOORD1: 0.20402604341506958, 0.8881652355194092

vb0[228]+000 POSITION: 0.012534916400909424, 1.268578052520752, 0.15507012605667114
vb0[228]+012 NORMAL: -0.22802934050559998, 0.12091079354286194, -0.9661176204681396
vb0[228]+024 TANGENT: -0.7570229172706604, -0.08392274379730225, -0.647976279258728, -1.0
vb0[228]+040 BLENDWEIGHTS: 0.9151445031166077, 0.05055027827620506, 0.019132772460579872, 0.015172450803220272
vb0[228]+056 BLENDINDICES: 7, 2, 0, 6
vb0[228]+072 COLOR: 1.0, 0.5019607843137255, 0.5019607843137255, 0.4
vb0[228]+076 TEXCOORD: 0.3863532543182373, 0.5202627778053284
vb0[228]+084 TEXCOORD1: 0.20402604341506958, 0.8881652355194092

vb0[229]+000 POSITION: 0.01775520108640194, 1.254873514175415, 0.15293613076210022
vb0[229]+012 NORMAL: -0.17503979802131653, 0.09730514883995056, -0.979741096496582
vb0[229]+024 TANGENT: 0.8112280964851379, -0.1969147026538849, -0.5505755543708801, -1.0
vb0[229]+040 BLENDWEIGHTS: 0.8812304735183716, 0.059322867542505264, 0.05502771586179733, 0.004418929107487202
vb0[229]+056 BLENDINDICES: 7, 6, 2, 5
vb0[229]+072 COLOR: 1.0, 0.5019607843137255, 0.5019607843137255, 0.4
vb0[229]+076 TEXCOORD: 0.3878917694091797, 0.5231102705001831
vb0[229]+084 TEXCOORD1: 0.20402604341506958, 0.8881652355194092

vb0[230]+000 POSITION: 0.009042667225003242, 1.2556169033050537, 0.15417006611824036
vb0[230]+012 NORMAL: -0.13772393763065338, 0.10340742021799088, -0.9850578904151917
vb0[230]+024 TANGENT: -0.8248888254165649, 0.25413963198661804, -0.5049468874931335, -1.0
vb0[230]+040 BLENDWEIGHTS: 0.9020552635192871, 0.05625617504119873, 0.026333538815379143, 0.015355049632489681
vb0[230]+056 BLENDINDICES: 7, 6, 2, 0
vb0[230]+072 COLOR: 1.0, 0.5019607843137255, 0.5019607843137255, 0.4
vb0[230]+076 TEXCOORD: 0.38598132133483887, 0.5231776833534241
vb0[230]+084 TEXCOORD1: 0.20402604341506958, 0.8881652355194092

vb0[231]+000 POSITION: 0.012456226162612438, 1.236290693283081, 0.15227314829826355
vb0[231]+012 NORMAL: -0.06741388142108917, 0.08814728260040283, -0.9938236474990845
vb0[231]+024 TANGENT: 0.8361997604370117, -0.191753089427948, -0.5138099789619446, -1.0
vb0[231]+040 BLENDWEIGHTS: 0.7697962522506714, 0.18118107318878174, 0.03403357043862343, 0.014989222399890423
vb0[231]+056 BLENDINDICES: 7, 6, 5, 2
vb0[231]+072 COLOR: 1.0, 0.5019607843137255, 0.5019607843137255, 0.4
vb0[231]+076 TEXCOORD: 0.38727569580078125, 0.5273301601409912
vb0[231]+084 TEXCOORD1: 0.20402604341506958, 0.8881652355194092

vb0[232]+000 POSITION: 0.022730737924575806, 1.2718639373779297, 0.1525786817073822
vb0[232]+012 NORMAL: -0.26172494888305664, 0.12077172845602036, -0.957556426525116
vb0[232]+024 TANGENT: 0.8239197731018066, 0.25848865509033203, -0.5043212175369263, -1.0
vb0[232]+040 BLENDWEIGHTS: 0.8778820633888245, 0.10525296628475189, 0.016865001991391182, 0.0
vb0[232]+056 BLENDINDICES: 7, 2, 6, 0
vb0[232]+072 COLOR: 1.0, 0.5019607843137255, 0.5019607843137255, 0.4
vb0[232]+076 TEXCOORD: 0.3885493278503418, 0.5197125673294067
vb0[232]+084 TEXCOORD1: 0.20402604341506958, 0.8881652355194092

vb0[233]+000 POSITION: 0.014875005930662155, 1.2800837755203247, 0.156091570854187
vb0[233]+012 NORMAL: -0.2186005562543869, 0.19923600554466248, -0.9552584886550903
vb0[233]+024 TANGENT: 0.5641705989837646, 0.6909007430076599, -0.452070415019989, -1.0
vb0[233]+040 BLENDWEIGHTS: 0.8923876285552979, 0.09074530005455017, 0.01343256700783968, 0.003434607991948724
vb0[233]+056 BLENDINDICES: 7, 2, 0, 6
vb0[233]+072 COLOR: 1.0, 0.5019607843137255, 0.5019607843137255, 0.4
vb0[233]+076 TEXCOORD: 0.38656091690063477, 0.5178025960922241
vb0[233]+084 TEXCOORD1: 0.20402604341506958, 0.8881652355194092

vb0[234]+000 POSITION: 0.003573224414139986, 1.2364944219589233, 0.15272989869117737
vb0[234]+012 NORMAL: -0.06861558556556702, 0.10607504099607468, -0.991987943649292
vb0[234]+024 TANGENT: -0.7953136563301086, 0.27258574962615967, -0.5414547920227051, -1.0
vb0[234]+040 BLENDWEIGHTS: 0.7737158536911011, 0.18251481652259827, 0.03401937708258629, 0.009750094264745712
vb0[234]+056 BLENDINDICES: 7, 6, 5, 2
vb0[234]+072 COLOR: 1.0, 0.5019607843137255, 0.5019607843137255, 0.4
vb0[234]+076 TEXCOORD: 0.38535165786743164, 0.5275159478187561
vb0[234]+084 TEXCOORD1: 0.20402604341506958, 0.8881652355194092

vb0[235]+000 POSITION: 0.0, 1.2235314846038818, 0.15156379342079163
vb0[235]+012 NORMAL: -1.2609186228473845e-07, 0.04208359494805336, -0.9991140961647034
vb0[235]+024 TANGENT: 0.0, 0.2944287061691284, -0.9556734561920166, -1.0
vb0[235]+040 BLENDWEIGHTS: 0.6435655951499939, 0.28866925835609436, 0.06776514649391174, 0.0
vb0[235]+056 BLENDINDICES: 7, 6, 5, 0
vb0[235]+072 COLOR: 1.0, 0.5019607843137255, 0.5019607843137255, 0.4
vb0[235]+076 TEXCOORD: 0.3849608898162842, 0.5305444002151489
vb0[235]+084 TEXCOORD1: 0.20402604341506958, 0.8881652355194092

vb0[236]+000 POSITION: 0.006727962754666805, 1.217361569404602, 0.15180841088294983
vb0[236]+012 NORMAL: 0.04716982692480087, 0.019443275406956673, -0.9986976385116577
vb0[236]+024 TANGENT: 0.8456949591636658, -0.22366876900196075, -0.4845332205295563, -1.0
vb0[236]+040 BLENDWEIGHTS: 0.5803913474082947, 0.3332996070384979, 0.08630906045436859, 0.0
vb0[236]+056 BLENDINDICES: 7, 6, 5, 0
vb0[236]+072 COLOR: 1.0, 0.5019607843137255, 0.5019607843137255, 0.4
vb0[236]+076 TEXCOORD: 0.3865852355957031, 0.5317522287368774
vb0[236]+084 TEXCOORD1: 0.20402604341506958, 0.8881652355194092

vb0[237]+000 POSITION: 0.0, 1.2173253297805786, 0.15115219354629517
vb0[237]+012 NORMAL: 0.0, 0.02195761539041996, -0.9997588992118835
vb0[237]+024 TANGENT: 0.0, 0.03083646483719349, -0.9995244741439819, -1.0
vb0[237]+040 BLENDWEIGHTS: 0.5794954895973206, 0.33553439378738403, 0.08497018367052078, 0.0
vb0[237]+056 BLENDINDICES: 7, 6, 5, 0
vb0[237]+072 COLOR: 1.0, 0.5019607843137255, 0.5019607843137255, 0.4
vb0[237]+076 TEXCOORD: 0.38513898849487305, 0.5319448113441467
vb0[237]+084 TEXCOORD1: 0.20402604341506958, 0.8881652355194092

vb0[238]+000 POSITION: 0.0, 1.1953999996185303, 0.15124355256557465
vb0[238]+012 NORMAL: 0.0, 0.008742890320718288, -0.9999618530273438
vb0[238]+024 TANGENT: 0.0, -0.9654439091682434, 0.26061078906059265, -1.0
vb0[238]+040 BLENDWEIGHTS: 0.48137861490249634, 0.33826175332069397, 0.1803596466779709, 0.0
vb0[238]+056 BLENDINDICES: 6, 7, 5, 0
vb0[238]+072 COLOR: 1.0, 0.5019607843137255, 0.5019607843137255, 0.4
vb0[238]+076 TEXCOORD: 0.38576793670654297, 0.5368815064430237
vb0[238]+084 TEXCOORD1: 0.20402604341506958, 0.8881652355194092

vb0[239]+000 POSITION: 0.006112520582973957, 1.275833249092102, 0.15688200294971466
vb0[239]+012 NORMAL: -0.1584686040878296, 0.21378853917121887, -0.9639409184455872
vb0[239]+024 TANGENT: -0.6783004999160767, -0.37786421179771423, -0.6301801800727844, -1.0
vb0[239]+040 BLENDWEIGHTS: 0.9189695119857788, 0.053609758615493774, 0.019815055653452873, 0.007605793420225382
vb0[239]+056 BLENDINDICES: 7, 2, 0, 6
vb0[239]+072 COLOR: 1.0, 0.5019607843137255, 0.5019607843137255, 0.4
vb0[239]+076 TEXCOORD: 0.38475990295410156, 0.5188237428665161
vb0[239]+084 TEXCOORD1: 0.20402604341506958, 0.8881652355194092

vb0[240]+000 POSITION: 0.007487112656235695, 1.287760615348816, 0.15987958014011383
vb0[240]+012 NORMAL: -0.07445172965526581, 0.2833138406276703, -0.9561328887939453
vb0[240]+024 TANGENT: 0.6969349384307861, 0.3032493591308594, -0.6498626470565796, -1.0
vb0[240]+040 BLENDWEIGHTS: 0.9015253782272339, 0.059438928961753845, 0.02665615826845169, 0.012379562482237816
vb0[240]+056 BLENDINDICES: 7, 2, 0, 3
vb0[240]+072 COLOR: 1.0, 0.5019607843137255, 0.5019607843137255, 0.4
vb0[240]+076 TEXCOORD: 0.38466835021972656, 0.515984833240509
vb0[240]+084 TEXCOORD1: 0.20402604341506958, 0.8881652355194092

vb0[241]+000 POSITION: 0.0, 1.2827383279800415, 0.1591474562883377
vb0[241]+012 NORMAL: 0.0, 0.253883957862854, -0.96723473072052
vb0[241]+024 TANGENT: 0.0, -0.34836098551750183, -0.937360405921936, -1.0
vb0[241]+040 BLENDWEIGHTS: 0.9172549843788147, 0.04228253290057182, 0.04046248272061348, 0.0
vb0[241]+056 BLENDINDICES: 7, 2, 0, 0
vb0[241]+072 COLOR: 1.0, 0.5019607843137255, 0.5019607843137255, 0.4
vb0[241]+076 TEXCOORD: 0.3832433223724365, 0.5174541473388672
vb0[241]+084 TEXCOORD1: 0.20402604341506958, 0.8881652355194092

vb0[242]+000 POSITION: 0.0, 1.2915529012680054, 0.16147756576538086
vb0[242]+012 NORMAL: 1.1171921414643293e-06, 0.29279860854148865, -0.9561740756034851
vb0[242]+024 TANGENT: 0.0, 0.6811336278915405, -0.7321590781211853, -1.0
vb0[242]+040 BLENDWEIGHTS: 0.9172549843788147, 0.042282551527023315, 0.04046246409416199, 0.0
vb0[242]+056 BLENDINDICES: 7, 2, 0, 0
vb0[242]+072 COLOR: 1.0, 0.5019607843137255, 0.5019607843137255, 0.4
vb0[242]+076 TEXCOORD: 0.3829498291015625, 0.5152313113212585
vb0[242]+084 TEXCOORD1: 0.20402604341506958, 0.8881652355194092

vb0[243]+000 POSITION: 0.005552916321903467, 1.2988020181655884, 0.16364897787570953
vb0[243]+012 NORMAL: 0.036182161420583725, 0.30182862281799316, -0.9526754021644592
vb0[243]+024 TANGENT: -0.6009833216667175, 0.6360388398170471, -0.4840181767940521, -1.0
vb0[243]+040 BLENDWEIGHTS: 0.7766244411468506, 0.1625927835702896, 0.03532494232058525, 0.025457849726080894
vb0[243]+056 BLENDINDICES: 7, 2, 3, 0
vb0[243]+072 COLOR: 1.0, 0.5019607843137255, 0.5019607843137255, 0.4
vb0[243]+076 TEXCOORD: 0.3839097023010254, 0.5132790803909302
vb0[243]+084 TEXCOORD1: 0.20402604341506958, 0.8881652355194092

vb0[244]+000 POSITION: 0.013559218496084213, 1.2960965633392334, 0.16333499550819397
vb0[244]+012 NORMAL: 0.09099090099334717, 0.29883021116256714, -0.9499585628509521
vb0[244]+024 TANGENT: 0.7710497379302979, -0.3674764037132263, -0.5200417041778564, -1.0
vb0[244]+040 BLENDWEIGHTS: 0.7274010181427002, 0.2069147229194641, 0.04996565729379654, 0.015718603506684303
vb0[244]+056 BLENDINDICES: 7, 2, 3, 0
vb0[244]+072 COLOR: 1.0, 0.5019607843137255, 0.5019607843137255, 0.4
vb0[244]+076 TEXCOORD: 0.38571596145629883, 0.5136454105377197
vb0[244]+084 TEXCOORD1: 0.20402604341506958, 0.8881652355194092

vb0[245]+000 POSITION: 0.01079715508967638, 1.3056482076644897, 0.16572721302509308
vb0[245]+012 NORMAL: 0.12187653034925461, 0.2367706149816513, -0.9638909697532654
vb0[245]+024 TANGENT: -0.5787738561630249, 0.6253496408462524, -0.5234106779098511, -1.0
vb0[245]+040 BLENDWEIGHTS: 0.6553728580474854, 0.25613418221473694, 0.07475634664297104, 0.013736546039581299
vb0[245]+056 BLENDINDICES: 7, 2, 3, 0
vb0[245]+072 COLOR: 1.0, 0.5019607843137255, 0.5019607843137255, 0.4
vb0[245]+076 TEXCOORD: 0.38481593132019043, 0.5114354491233826
vb0[245]+084 TEXCOORD1: 0.20402604341506958, 0.8881652355194092

vb0[246]+000 POSITION: 0.01930122822523117, 1.3041120767593384, 0.16667450964450836
vb0[246]+012 NORMAL: 0.18427948653697968, 0.22104285657405853, -0.957695722579956
vb0[246]+024 TANGENT: 0.7876342535018921, -0.4172031283378601, -0.45340242981910706, -1.0
vb0[246]+040 BLENDWEIGHTS: 0.6024487614631653, 0.2866007685661316, 0.10664763301610947, 0.004302868619561195
vb0[246]+056 BLENDINDICES: 7, 2, 3, 0
vb0[246]+072 COLOR: 1.0, 0.5019607843137255, 0.5019607843137255, 0.4
vb0[246]+076 TEXCOORD: 0.3867053985595703, 0.5114361047744751
vb0[246]+084 TEXCOORD1: 0.20402604341506958, 0.8881652355194092

vb0[247]+000 POSITION: 0.016230205073952675, 1.3132129907608032, 0.16781015694141388
vb0[247]+012 NORMAL: 0.21246930956840515, 0.19126911461353302, -0.9582656025886536
vb0[247]+024 TANGENT: -0.8052474856376648, -0.11302822828292847, -0.5820661783218384, -1.0
vb0[247]+040 BLENDWEIGHTS: 0.5374882221221924, 0.34742116928100586, 0.11124972999095917, 0.003840884193778038
vb0[247]+056 BLENDINDICES: 7, 2, 3, 0
vb0[247]+072 COLOR: 1.0, 0.5019607843137255, 0.5019607843137255, 0.4
vb0[247]+076 TEXCOORD: 0.3858175277709961, 0.5093982219696045
vb0[247]+084 TEXCOORD1: 0.20402604341506958, 0.8881652355194092

vb0[248]+000 POSITION: 0.025749661028385162, 1.3132665157318115, 0.1703888326883316
vb0[248]+012 NORMAL: 0.25489673018455505, 0.20395666360855103, -0.9452139139175415
vb0[248]+024 TANGENT: 0.9942409992218018, -0.05120289698243141, -0.09414476156234741, -1.0
vb0[248]+040 BLENDWEIGHTS: 0.47509709000587463, 0.3618600070476532, 0.16304290294647217, 0.0
vb0[248]+056 BLENDINDICES: 7, 2, 3, 0
vb0[248]+072 COLOR: 1.0, 0.5019607843137255, 0.5019607843137255, 0.4
vb0[248]+076 TEXCOORD: 0.3877983093261719, 0.5089948177337646
vb0[248]+084 TEXCOORD1: 0.20402604341506958, 0.8881652355194092

vb0[249]+000 POSITION: -0.007487112656235695, 1.287760615348816, 0.15987958014011383
vb0[249]+012 NORMAL: 0.07445276528596878, 0.28331443667411804, -0.9561326503753662
vb0[249]+024 TANGENT: -0.6969321966171265, 0.3032418489456177, -0.6498691439628601, -1.0
vb0[249]+040 BLENDWEIGHTS: 0.9015234708786011, 0.05944119766354561, 0.02665429189801216, 0.012381041422486305
vb0[249]+056 BLENDINDICES: 7, 0, 2, 1
vb0[249]+072 COLOR: 1.0, 0.5019607843137255, 0.5019607843137255, 0.4
vb0[249]+076 TEXCOORD: 0.38466835021972656, 0.515984833240509
vb0[249]+084 TEXCOORD1: 0.20402604341506958, 0.8881652355194092

vb0[250]+000 POSITION: -0.006727962754666805, 1.217361569404602, 0.15180841088294983
vb0[250]+012 NORMAL: -0.04716987907886505, 0.019443366676568985, -0.9986976385116577
vb0[250]+024 TANGENT: -0.8456946015357971, -0.2236689031124115, -0.48453372716903687, -1.0
vb0[250]+040 BLENDWEIGHTS: 0.5803913474082947, 0.333299458026886, 0.08630921691656113, 0.0
vb0[250]+056 BLENDINDICES: 7, 6, 5, 0
vb0[250]+072 COLOR: 1.0, 0.5019607843137255, 0.5019607843137255, 0.4
vb0[250]+076 TEXCOORD: 0.3865852355957031, 0.5317522287368774
vb0[250]+084 TEXCOORD1: 0.20402604341506958, 0.8881652355194092

vb0[251]+000 POSITION: -0.012456226162612438, 1.236290693283081, 0.15227314829826355
vb0[251]+012 NORMAL: 0.0674138069152832, 0.08814702183008194, -0.9938236474990845
vb0[251]+024 TANGENT: -0.8361997008323669, -0.19175364077091217, -0.5138099789619446, -1.0
vb0[251]+040 BLENDWEIGHTS: 0.7697954177856445, 0.18118131160736084, 0.03403366357088089, 0.01498961728066206
vb0[251]+056 BLENDINDICES: 7, 6, 5, 0
vb0[251]+072 COLOR: 1.0, 0.5019607843137255, 0.5019607843137255, 0.4
vb0[251]+076 TEXCOORD: 0.38727569580078125, 0.5273301601409912
vb0[251]+084 TEXCOORD1: 0.20402604341506958, 0.8881652355194092

vb0[252]+000 POSITION: -0.006112520582973957, 1.275833249092102, 0.15688200294971466
vb0[252]+012 NORMAL: 0.1584687978029251, 0.2137889415025711, -0.9639407992362976
vb0[252]+024 TANGENT: 0.6783044338226318, -0.37786543369293213, -0.6301752924919128, -1.0
vb0[252]+040 BLENDWEIGHTS: 0.9189695119857788, 0.05361059680581093, 0.01981360837817192, 0.007606282364577055
vb0[252]+056 BLENDINDICES: 7, 0, 2, 6
vb0[252]+072 COLOR: 1.0, 0.5019607843137255, 0.5019607843137255, 0.4
vb0[252]+076 TEXCOORD: 0.38475990295410156, 0.5188237428665161
vb0[252]+084 TEXCOORD1: 0.20402604341506958, 0.8881652355194092

vb0[253]+000 POSITION: -0.014875005930662155, 1.2800837755203247, 0.156091570854187
vb0[253]+012 NORMAL: 0.21860183775424957, 0.19923709332942963, -0.9552579522132874
vb0[253]+024 TANGENT: -0.5641692280769348, 0.6909002661705017, -0.4520728290081024, -1.0
vb0[253]+040 BLENDWEIGHTS: 0.8923850655555725, 0.09074880182743073, 0.013431704603135586, 0.0034344266168773174
vb0[253]+056 BLENDINDICES: 7, 0, 2, 6
vb0[253]+072 COLOR: 1.0, 0.5019607843137255, 0.5019607843137255, 0.4
vb0[253]+076 TEXCOORD: 0.38656091690063477, 0.5178025960922241
vb0[253]+084 TEXCOORD1: 0.20402604341506958, 0.8881652355194092

vb0[254]+000 POSITION: -0.012534916400909424, 1.268578052520752, 0.15507012605667114
vb0[254]+012 NORMAL: 0.22802989184856415, 0.12091116607189178, -0.9661173820495605
vb0[254]+024 TANGENT: 0.7570239901542664, -0.08392214775085449, -0.6479751467704773, -1.0
vb0[254]+040 BLENDWEIGHTS: 0.9151442646980286, 0.05055009201169014, 0.01913273148238659, 0.015172913670539856
vb0[254]+056 BLENDINDICES: 7, 0, 2, 6
vb0[254]+072 COLOR: 1.0, 0.5019607843137255, 0.5019607843137255, 0.4
vb0[254]+076 TEXCOORD: 0.3863532543182373, 0.5202627778053284
vb0[254]+084 TEXCOORD1: 0.20402604341506958, 0.8881652355194092

vb0[255]+000 POSITION: -0.022730737924575806, 1.2718639373779297, 0.1525786817073822
vb0[255]+012 NORMAL: 0.261726051568985, 0.12077216058969498, -0.9575561285018921
vb0[255]+024 TANGENT: -0.8239190578460693, 0.2584938108921051, -0.5043198466300964, -1.0
vb0[255]+040 BLENDWEIGHTS: 0.8778783082962036, 0.10525625944137573, 0.016865435987710953, 0.0
vb0[255]+056 BLENDINDICES: 7, 0, 6, 0
vb0[255]+072 COLOR: 1.0, 0.5019607843137255, 0.5019607843137255, 0.4
vb0[255]+076 TEXCOORD: 0.3885493278503418, 0.5197125673294067
vb0[255]+084 TEXCOORD1: 0.20402604341506958, 0.8881652355194092

vb0[256]+000 POSITION: -0.01775520108640194, 1.254873514175415, 0.15293613076210022
vb0[256]+012 NORMAL: 0.17504021525382996, 0.09730524569749832, -0.979741096496582
vb0[256]+024 TANGENT: -0.811229407787323, -0.19691523909568787, -0.550573468208313, -1.0
vb0[256]+040 BLENDWEIGHTS: 0.8812279105186462, 0.059322576969861984, 0.05503031983971596, 0.004419194534420967
vb0[256]+056 BLENDINDICES: 7, 6, 0, 5
vb0[256]+072 COLOR: 1.0, 0.5019607843137255, 0.5019607843137255, 0.4
vb0[256]+076 TEXCOORD: 0.3878917694091797, 0.5231102705001831
vb0[256]+084 TEXCOORD1: 0.20402604341506958, 0.8881652355194092

vb0[257]+000 POSITION: -0.009042667225003242, 1.2556169033050537, 0.15417006611824036
vb0[257]+012 NORMAL: 0.13772432506084442, 0.10340742021799088, -0.9850578904151917
vb0[257]+024 TANGENT: 0.8248888850212097, 0.25413990020751953, -0.5049467086791992, -1.0
vb0[257]+040 BLENDWEIGHTS: 0.9020561575889587, 0.05625496804714203, 0.026333685964345932, 0.015355190262198448
vb0[257]+056 BLENDINDICES: 7, 6, 0, 2
vb0[257]+072 COLOR: 1.0, 0.5019607843137255, 0.5019607843137255, 0.4
vb0[257]+076 TEXCOORD: 0.38598132133483887, 0.5231776833534241
vb0[257]+084 TEXCOORD1: 0.20402604341506958, 0.8881652355194092

vb0[258]+000 POSITION: -0.003573224414139986, 1.2364944219589233, 0.15272989869117737
vb0[258]+012 NORMAL: 0.06861516833305359, 0.10607435554265976, -0.9919880628585815
vb0[258]+024 TANGENT: 0.7953140735626221, 0.27258574962615967, -0.5414540767669678, -1.0
vb0[258]+040 BLENDWEIGHTS: 0.773716926574707, 0.18251383304595947, 0.034019067883491516, 0.009750178083777428
vb0[258]+056 BLENDINDICES: 7, 6, 5, 0
vb0[258]+072 COLOR: 1.0, 0.5019607843137255, 0.5019607843137255, 0.4
vb0[258]+076 TEXCOORD: 0.38535165786743164, 0.5275159478187561
vb0[258]+084 TEXCOORD1: 0.20402604341506958, 0.8881652355194092

vb0[259]+000 POSITION: -0.013559218496084213, 1.2960965633392334, 0.16333499550819397
vb0[259]+012 NORMAL: -0.09099069237709045, 0.29883086681365967, -0.949958324432373
vb0[259]+024 TANGENT: -0.7710473537445068, -0.36747512221336365, -0.5200461745262146, -1.0
vb0[259]+040 BLENDWEIGHTS: 0.7273930311203003, 0.2069217562675476, 0.049967799335718155, 0.015717407688498497
vb0[259]+056 BLENDINDICES: 7, 0, 1, 2
vb0[259]+072 COLOR: 1.0, 0.5019607843137255, 0.5019607843137255, 0.4
vb0[259]+076 TEXCOORD: 0.38571596145629883, 0.5136454105377197
vb0[259]+084 TEXCOORD1: 0.20402604341506958, 0.8881652355194092

vb0[260]+000 POSITION: -0.005552916321903467, 1.2988020181655884, 0.16364897787570953
vb0[260]+012 NORMAL: -0.03618163615465164, 0.3018302917480469, -0.9526748657226562
vb0[260]+024 TANGENT: 0.6009825468063354, 0.6360398530960083, -0.48401790857315063, -1.0
vb0[260]+040 BLENDWEIGHTS: 0.7766160368919373, 0.1626000702381134, 0.03532705083489418, 0.02545684576034546
vb0[260]+056 BLENDINDICES: 7, 0, 1, 2
vb0[260]+072 COLOR: 1.0, 0.5019607843137255, 0.5019607843137255, 0.4
vb0[260]+076 TEXCOORD: 0.3839097023010254, 0.5132790803909302
vb0[260]+084 TEXCOORD1: 0.20402604341506958, 0.8881652355194092

vb0[261]+000 POSITION: -0.01079715508967638, 1.3056482076644897, 0.16572721302509308
vb0[261]+012 NORMAL: -0.1218753531575203, 0.236771360039711, -0.9638909697532654
vb0[261]+024 TANGENT: 0.5787738561630249, 0.6253486275672913, -0.523411750793457, -1.0
vb0[261]+040 BLENDWEIGHTS: 0.6553665399551392, 0.2561390995979309, 0.07475842535495758, 0.013735933229327202
vb0[261]+056 BLENDINDICES: 7, 0, 1, 2
vb0[261]+072 COLOR: 1.0, 0.5019607843137255, 0.5019607843137255, 0.4
vb0[261]+076 TEXCOORD: 0.38481593132019043, 0.5114354491233826
vb0[261]+084 TEXCOORD1: 0.20402604341506958, 0.8881652355194092

vb0[262]+000 POSITION: -0.01930122822523117, 1.3041120767593384, 0.16667450964450836
vb0[262]+012 NORMAL: -0.18427811563014984, 0.2210429161787033, -0.9576960206031799
vb0[262]+024 TANGENT: -0.7876356840133667, -0.41720280051231384, -0.4534003436565399, -1.0
vb0[262]+040 BLENDWEIGHTS: 0.6024428009986877, 0.28660422563552856, 0.10665125399827957, 0.004301806911826134
vb0[262]+056 BLENDINDICES: 7, 0, 1, 2
vb0[262]+072 COLOR: 1.0, 0.5019607843137255, 0.5019607843137255, 0.4
vb0[262]+076 TEXCOORD: 0.3867053985595703, 0.5114361047744751
vb0[262]+084 TEXCOORD1: 0.20402604341506958, 0.8881652355194092

vb0[263]+000 POSITION: -0.016230205073952675, 1.3132129907608032, 0.16781015694141388
vb0[263]+012 NORMAL: -0.21246805787086487, 0.191269189119339, -0.9582659006118774
vb0[263]+024 TANGENT: 0.8052428960800171, -0.11302243918180466, -0.5820738077163696, -1.0
vb0[263]+040 BLENDWEIGHTS: 0.5374829769134521, 0.3474253714084625, 0.1112513318657875, 0.003840319812297821
vb0[263]+056 BLENDINDICES: 7, 0, 1, 2
vb0[263]+072 COLOR: 1.0, 0.5019607843137255, 0.5019607843137255, 0.4
vb0[263]+076 TEXCOORD: 0.3858175277709961, 0.5093982219696045
vb0[263]+084 TEXCOORD1: 0.20402604341506958, 0.8881652355194092

vb0[264]+000 POSITION: -0.025749661028385162, 1.3132665157318115, 0.1703888326883316
vb0[264]+012 NORMAL: -0.2548961639404297, 0.2039567083120346, -0.945214033126831
vb0[264]+024 TANGENT: -0.9942398071289062, -0.051200270652770996, -0.09415853023529053, -1.0
vb0[264]+040 BLENDWEIGHTS: 0.4750906825065613, 0.36186131834983826, 0.16304801404476166, 0.0
vb0[264]+056 BLENDINDICES: 7, 0, 1, 0
vb0[264]+072 COLOR: 1.0, 0.5019607843137255, 0.5019607843137255, 0.4
vb0[264]+076 TEXCOORD: 0.3877983093261719, 0.5089948177337646
vb0[264]+084 TEXCOORD1: 0.20402604341506958, 0.8881652355194092

vb0[265]+000 POSITION: 0.006423401180654764, 1.354065179824829, 0.12933993339538574
vb0[265]+012 NORMAL: 0.31061601638793945, -0.7070295214653015, -0.6353165507316589
vb0[265]+024 TANGENT: -0.6388397812843323, -0.24860255420207977, -0.7280662059783936, -1.0
vb0[265]+040 BLENDWEIGHTS: 0.9162574410438538, 0.058743540197610855, 0.024999020621180534, 0.0
vb0[265]+056 BLENDINDICES: 7, 2, 0, 0
vb0[265]+072 COLOR: 1.0, 0.5019607843137255, 0.5019607843137255, 0.4
vb0[265]+076 TEXCOORD: 0.37945008277893066, 0.49874404072761536
vb0[265]+084 TEXCOORD1: 0.20402604341506958, 0.8881652355194092

vb0[266]+000 POSITION: 0.012219024822115898, 1.3482009172439575, 0.13825997710227966
vb0[266]+012 NORMAL: 0.32160747051239014, -0.6887924075126648, -0.6497181057929993
vb0[266]+024 TANGENT: 0.889714777469635, -0.4548684060573578, -0.03876233100891113, -1.0
vb0[266]+040 BLENDWEIGHTS: 0.9062918424606323, 0.05502991005778313, 0.02697860635817051, 0.011699655093252659
vb0[266]+056 BLENDINDICES: 7, 2, 0, 3
vb0[266]+072 COLOR: 1.0, 0.5019607843137255, 0.5019607843137255, 0.4
vb0[266]+076 TEXCOORD: 0.3813936710357666, 0.5004361867904663
vb0[266]+084 TEXCOORD1: 0.20402604341506958, 0.8881652355194092

vb0[267]+000 POSITION: 0.0, 1.3422088623046875, 0.13847312331199646
vb0[267]+012 NORMAL: 1.3471098725403863e-07, -0.7504060864448547, -0.6609771251678467
vb0[267]+024 TANGENT: 0.0, -0.5072107315063477, -0.8618220686912537, -1.0
vb0[267]+040 BLENDWEIGHTS: 0.9083356261253357, 0.04598812758922577, 0.04567624628543854, 0.0
vb0[267]+056 BLENDINDICES: 7, 0, 2, 0
vb0[267]+072 COLOR: 1.0, 0.5019607843137255, 0.5019607843137255, 0.4
vb0[267]+076 TEXCOORD: 0.37915706634521484, 0.5022498965263367
vb0[267]+084 TEXCOORD1: 0.20402604341506958, 0.8881652355194092

vb0[268]+000 POSITION: 0.00757243437692523, 1.3387222290039062, 0.14629016816616058
vb0[268]+012 NORMAL: 0.18298481404781342, -0.7143281102180481, -0.6754642128944397
vb0[268]+024 TANGENT: 0.8797719478607178, -0.3732205331325531, -0.29446157813072205, -1.0
vb0[268]+040 BLENDWEIGHTS: 0.8897680044174194, 0.06787390261888504, 0.03493514284491539, 0.007422957103699446
vb0[268]+056 BLENDINDICES: 7, 2, 0, 3
vb0[268]+072 COLOR: 1.0, 0.5019607843137255, 0.5019607843137255, 0.4
vb0[268]+076 TEXCOORD: 0.38130950927734375, 0.5033876299858093
vb0[268]+084 TEXCOORD1: 0.20402604341506958, 0.8881652355194092

vb0[269]+000 POSITION: 0.0, 1.337864637374878, 0.14550377428531647
vb0[269]+012 NORMAL: 1.1367747987378607e-07, -0.8128379583358765, -0.5824898481369019
vb0[269]+024 TANGENT: 0.0, -0.8050456047058105, -0.5932129621505737, -1.0
vb0[269]+040 BLENDWEIGHTS: 0.8964986205101013, 0.05862688273191452, 0.04487449675798416, 0.0
vb0[269]+056 BLENDINDICES: 7, 0, 2, 0
vb0[269]+072 COLOR: 1.0, 0.5019607843137255, 0.5019607843137255, 0.4
vb0[269]+076 TEXCOORD: 0.37984752655029297, 0.503903865814209
vb0[269]+084 TEXCOORD1: 0.20402604341506958, 0.8881652355194092

vb0[270]+000 POSITION: 0.0154896704480052, 1.355289101600647, 0.1322527676820755
vb0[270]+012 NORMAL: 0.2984537184238434, -0.7201622128486633, -0.6263319253921509
vb0[270]+024 TANGENT: 0.883253276348114, -0.4660044312477112, -0.05199462175369263, -1.0
vb0[270]+040 BLENDWEIGHTS: 0.9449609518051147, 0.040584396570920944, 0.014454662799835205, 0.0
vb0[270]+056 BLENDINDICES: 7, 2, 3, 0
vb0[270]+072 COLOR: 1.0, 0.5019607843137255, 0.5019607843137255, 0.4
vb0[270]+076 TEXCOORD: 0.38136816024780273, 0.49830755591392517
vb0[270]+084 TEXCOORD1: 0.20402604341506958, 0.8881652355194092

vb0[271]+000 POSITION: 0.01887974515557289, 1.3633719682693481, 0.12411627173423767
vb0[271]+012 NORMAL: 0.06520302593708038, -0.8445236086845398, -0.5315340757369995
vb0[271]+024 TANGENT: 0.18011176586151123, -0.8274039030075073, -0.5319422483444214, -1.0
vb0[271]+040 BLENDWEIGHTS: 0.979069173336029, 0.02093082293868065, 0.0, 0.0
vb0[271]+056 BLENDINDICES: 7, 2, 0, 0
vb0[271]+072 COLOR: 1.0, 0.2, 0.5019607843137255, 0.5019607843137255
vb0[271]+076 TEXCOORD: 0.381314754486084, 0.49595722556114197
vb0[271]+084 TEXCOORD1: 0.20402604341506958, 0.8881652355194092

vb0[272]+000 POSITION: 0.01305835135281086, 1.3645888566970825, 0.11947241425514221
vb0[272]+012 NORMAL: 0.27086371183395386, -0.7920209169387817, -0.5471158027648926
vb0[272]+024 TANGENT: -0.6462367177009583, -0.3290981948375702, -0.6885293126106262, -1.0
vb0[272]+040 BLENDWEIGHTS: 0.9692394137382507, 0.02094721421599388, 0.009813355281949043, 0.0
vb0[272]+056 BLENDINDICES: 7, 2, 0, 0
vb0[272]+072 COLOR: 1.0, 0.5019607843137255, 0.5019607843137255, 0.4
vb0[272]+076 TEXCOORD: 0.37969970703125, 0.49530330300331116
vb0[272]+084 TEXCOORD1: 0.20402604341506958, 0.8881652355194092

vb0[273]+000 POSITION: 0.0, 1.333933711051941, 0.1500009149312973
vb0[273]+012 NORMAL: 0.0, -0.6598373055458069, -0.7514085173606873
vb0[273]+024 TANGENT: 0.0, -0.9187501668930054, -0.3948393762111664, -1.0
vb0[273]+040 BLENDWEIGHTS: 0.888981282711029, 0.06378291547298431, 0.04723580554127693, 0.0
vb0[273]+056 BLENDINDICES: 7, 0, 2, 0
vb0[273]+072 COLOR: 1.0, 0.5019607843137255, 0.5019607843137255, 0.4
vb0[273]+076 TEXCOORD: 0.3803231716156006, 0.5051087141036987
vb0[273]+084 TEXCOORD1: 0.20402604341506958, 0.8881652355194092

vb0[274]+000 POSITION: 0.013587047345936298, 1.3298734426498413, 0.15464510023593903
vb0[274]+012 NORMAL: 0.11137079447507858, -0.6185339689254761, -0.7778254151344299
vb0[274]+024 TANGENT: 0.8170519471168518, 0.06436574459075928, -0.5729600191116333, -1.0
vb0[274]+040 BLENDWEIGHTS: 0.6851502656936646, 0.22983701527118683, 0.06279006600379944, 0.02222268283367157
vb0[274]+056 BLENDINDICES: 7, 2, 3, 0
vb0[274]+072 COLOR: 1.0, 0.5019607843137255, 0.5019607843137255, 0.4
vb0[274]+076 TEXCOORD: 0.3835458755493164, 0.5053396821022034
vb0[274]+084 TEXCOORD1: 0.20402604341506958, 0.8881652355194092

vb0[275]+000 POSITION: 0.007288639899343252, 1.3248980045318604, 0.1574261635541916
vb0[275]+012 NORMAL: 0.13321837782859802, -0.594936728477478, -0.7926557064056396
vb0[275]+024 TANGENT: -0.6040428280830383, -0.7424691319465637, -0.2896061837673187, -1.0
vb0[275]+040 BLENDWEIGHTS: 0.7103690505027771, 0.21432755887508392, 0.049251019954681396, 0.026052381843328476
vb0[275]+056 BLENDINDICES: 7, 2, 3, 0
vb0[275]+072 COLOR: 1.0, 0.5019607843137255, 0.5019607843137255, 0.4
vb0[275]+076 TEXCOORD: 0.38269519805908203, 0.5069008469581604
vb0[275]+084 TEXCOORD1: 0.20402604341506958, 0.8881652355194092

vb0[276]+000 POSITION: 0.019858818501234055, 1.3212151527404785, 0.1628914475440979
vb0[276]+012 NORMAL: 0.18692708015441895, -0.5865525007247925, -0.7880446910858154
vb0[276]+024 TANGENT: 0.8374905586242676, 0.12944376468658447, -0.5308991074562073, -1.0
vb0[276]+040 BLENDWEIGHTS: 0.5549686551094055, 0.31896108388900757, 0.11742057651281357, 0.008649786002933979
vb0[276]+056 BLENDINDICES: 7, 2, 3, 0
vb0[276]+072 COLOR: 1.0, 0.5019607843137255, 0.5019607843137255, 0.4
vb0[276]+076 TEXCOORD: 0.38572168350219727, 0.5072103142738342
vb0[276]+084 TEXCOORD1: 0.20402604341506958, 0.8881652355194092

vb0[277]+000 POSITION: 0.012495812959969044, 1.3180911540985107, 0.16340047121047974
vb0[277]+012 NORMAL: 0.185908243060112, -0.5687127113342285, -0.8012514710426331
vb0[277]+024 TANGENT: -0.6003478169441223, -0.7385331988334656, -0.3068406283855438, -1.0
vb0[277]+040 BLENDWEIGHTS: 0.600138247013092, 0.29719099402427673, 0.09207663685083389, 0.010594149120151997
vb0[277]+056 BLENDINDICES: 7, 2, 3, 0
vb0[277]+072 COLOR: 1.0, 0.5019607843137255, 0.5019607843137255, 0.4
vb0[277]+076 TEXCOORD: 0.3844451904296875, 0.5083172917366028
vb0[277]+084 TEXCOORD1: 0.20402604341506958, 0.8881652355194092

vb0[278]+000 POSITION: 0.016230205073952675, 1.3132129907608032, 0.16781015694141388
vb0[278]+012 NORMAL: 0.20803967118263245, -0.5789380669593811, -0.7883846163749695
vb0[278]+024 TANGENT: -0.8052474856376648, -0.11302822828292847, -0.5820661783218384, -1.0
vb0[278]+040 BLENDWEIGHTS: 0.5374882221221924, 0.34742116928100586, 0.11124972999095917, 0.003840884193778038
vb0[278]+056 BLENDINDICES: 7, 2, 3, 0
vb0[278]+072 COLOR: 1.0, 0.5019607843137255, 0.5019607843137255, 0.4
vb0[278]+076 TEXCOORD: 0.3858175277709961, 0.5093982219696045
vb0[278]+084 TEXCOORD1: 0.20402604341506958, 0.8881652355194092

vb0[279]+000 POSITION: 0.025749661028385162, 1.3132665157318115, 0.1703888326883316
vb0[279]+012 NORMAL: 0.21593715250492096, -0.5805010199546814, -0.7851049304008484
vb0[279]+024 TANGENT: 0.9942409992218018, -0.05120289698243141, -0.09414476156234741, -1.0
vb0[279]+040 BLENDWEIGHTS: 0.47509709000587463, 0.3618600070476532, 0.16304290294647217, 0.0
vb0[279]+056 BLENDINDICES: 7, 2, 3, 0
vb0[279]+072 COLOR: 1.0, 0.5019607843137255, 0.5019607843137255, 0.4
vb0[279]+076 TEXCOORD: 0.3877983093261719, 0.5089948177337646
vb0[279]+084 TEXCOORD1: 0.20402604341506958, 0.8881652355194092

vb0[280]+000 POSITION: 0.017933359369635582, 1.3705941438674927, 0.11153275519609451
vb0[280]+012 NORMAL: 0.1490197330713272, -0.7893308997154236, -0.5956087708473206
vb0[280]+024 TANGENT: 0.048516929149627686, -0.7828002572059631, -0.620378851890564, -1.0
vb0[280]+040 BLENDWEIGHTS: 1.0, 0.0, 0.0, 0.0
vb0[280]+056 BLENDINDICES: 7, 0, 0, 0
vb0[280]+072 COLOR: 1.0, 0.2, 0.5019607843137255, 0.5019607843137255
vb0[280]+076 TEXCOORD: 0.37989354133605957, 0.49290403723716736
vb0[280]+084 TEXCOORD1: 0.20402604341506958, 0.8881652355194092

vb0[281]+000 POSITION: -0.00757243437692523, 1.3387222290039062, 0.14629016816616058
vb0[281]+012 NORMAL: -0.18298496305942535, -0.7143304347991943, -0.6754617094993591
vb0[281]+024 TANGENT: -0.8797712922096252, -0.3732215166091919, -0.2944626808166504, -1.0
vb0[281]+040 BLENDWEIGHTS: 0.8897698521614075, 0.06787513196468353, 0.03493105247616768, 0.007423967123031616
vb0[281]+056 BLENDINDICES: 7, 0, 2, 1
vb0[281]+072 COLOR: 1.0, 0.5019607843137255, 0.5019607843137255, 0.4
vb0[281]+076 TEXCOORD: 0.38130950927734375, 0.5033876299858093
vb0[281]+084 TEXCOORD1: 0.20402604341506958, 0.8881652355194092

vb0[282]+000 POSITION: -0.012219024822115898, 1.3482009172439575, 0.13825997710227966
vb0[282]+012 NORMAL: -0.32160699367523193, -0.688791811466217, -0.6497191190719604
vb0[282]+024 TANGENT: -0.8897151350975037, -0.4548673629760742, -0.0387648344039917, -1.0
vb0[282]+040 BLENDWEIGHTS: 0.9062924385070801, 0.05503041297197342, 0.026976414024829865, 0.011700747534632683
vb0[282]+056 BLENDINDICES: 7, 0, 2, 1
vb0[282]+072 COLOR: 1.0, 0.5019607843137255, 0.5019607843137255, 0.4
vb0[282]+076 TEXCOORD: 0.3813936710357666, 0.5004361867904663
vb0[282]+084 TEXCOORD1: 0.20402604341506958, 0.8881652355194092

vb0[283]+000 POSITION: -0.006423401180654764, 1.354065179824829, 0.12933993339538574
vb0[283]+012 NORMAL: -0.3106154501438141, -0.7070280909538269, -0.6353183388710022
vb0[283]+024 TANGENT: 0.638839840888977, -0.2486007809638977, -0.7280668020248413, -1.0
vb0[283]+040 BLENDWEIGHTS: 0.9162574410438538, 0.058743540197610855, 0.024999020621180534, 0.0
vb0[283]+056 BLENDINDICES: 7, 0, 2, 0
vb0[283]+072 COLOR: 1.0, 0.5019607843137255, 0.5019607843137255, 0.4
vb0[283]+076 TEXCOORD: 0.37945008277893066, 0.49874404072761536
vb0[283]+084 TEXCOORD1: 0.20402604341506958, 0.8881652355194092

vb0[284]+000 POSITION: -0.0154896704480052, 1.355289101600647, 0.1322527676820755
vb0[284]+012 NORMAL: -0.2984519302845001, -0.7201569676399231, -0.6263388395309448
vb0[284]+024 TANGENT: -0.8832547664642334, -0.46600088477134705, -0.052002549171447754, -1.0
vb0[284]+040 BLENDWEIGHTS: 0.9449609518051147, 0.040584396570920944, 0.014454662799835205, 0.0
vb0[284]+056 BLENDINDICES: 7, 0, 1, 0
vb0[284]+072 COLOR: 1.0, 0.5019607843137255, 0.5019607843137255, 0.4
vb0[284]+076 TEXCOORD: 0.38136816024780273, 0.49830755591392517
vb0[284]+084 TEXCOORD1: 0.20402604341506958, 0.8881652355194092

vb0[285]+000 POSITION: -0.01887974515557289, 1.3633719682693481, 0.12411627173423767
vb0[285]+012 NORMAL: -0.06520295888185501, -0.8445236682891846, -0.53153395652771
vb0[285]+024 TANGENT: -0.1801118701696396, -0.8274041414260864, -0.5319417119026184, -1.0
vb0[285]+040 BLENDWEIGHTS: 0.9790707230567932, 0.020929280668497086, 0.0, 0.0
vb0[285]+056 BLENDINDICES: 7, 0, 0, 0
vb0[285]+072 COLOR: 1.0, 0.2, 0.5019607843137255, 0.5019607843137255
vb0[285]+076 TEXCOORD: 0.381314754486084, 0.49595722556114197
vb0[285]+084 TEXCOORD1: 0.20402604341506958, 0.8881652355194092

vb0[286]+000 POSITION: -0.01305835135281086, 1.3645888566970825, 0.11947241425514221
vb0[286]+012 NORMAL: -0.2708640992641449, -0.7920228838920593, -0.5471128821372986
vb0[286]+024 TANGENT: 0.6462266445159912, -0.3290973901748657, -0.6885390281677246, -1.0
vb0[286]+040 BLENDWEIGHTS: 0.9742394089698792, 0.015947235748171806, 0.009813355281949043, 0.0
vb0[286]+056 BLENDINDICES: 7, 0, 2, 0
vb0[286]+072 COLOR: 1.0, 0.5019607843137255, 0.5019607843137255, 0.4
vb0[286]+076 TEXCOORD: 0.37969970703125, 0.49530330300331116
vb0[286]+084 TEXCOORD1: 0.20402604341506958, 0.8881652355194092

vb0[287]+000 POSITION: -0.013587047345936298, 1.3298734426498413, 0.15464510023593903
vb0[287]+012 NORMAL: -0.11137158423662186, -0.6185380816459656, -0.7778218984603882
vb0[287]+024 TANGENT: -0.8170533180236816, 0.0643620491027832, -0.5729584693908691, -1.0
vb0[287]+040 BLENDWEIGHTS: 0.6851394772529602, 0.22984635829925537, 0.06279399991035461, 0.022220170125365257
vb0[287]+056 BLENDINDICES: 7, 0, 1, 2
vb0[287]+072 COLOR: 1.0, 0.5019607843137255, 0.5019607843137255, 0.4
vb0[287]+076 TEXCOORD: 0.3835458755493164, 0.5053396821022034
vb0[287]+084 TEXCOORD1: 0.20402604341506958, 0.8881652355194092

vb0[288]+000 POSITION: -0.007288639899343252, 1.3248980045318604, 0.1574261635541916
vb0[288]+012 NORMAL: -0.13321895897388458, -0.5949394702911377, -0.7926536798477173
vb0[288]+024 TANGENT: 0.6040411591529846, -0.7424730658531189, -0.28959977626800537, -1.0
vb0[288]+040 BLENDWEIGHTS: 0.7103627920150757, 0.21433348953723907, 0.049252960830926895, 0.026050759479403496
vb0[288]+056 BLENDINDICES: 7, 0, 1, 2
vb0[288]+072 COLOR: 1.0, 0.5019607843137255, 0.5019607843137255, 0.4
vb0[288]+076 TEXCOORD: 0.38269519805908203, 0.5069008469581604
vb0[288]+084 TEXCOORD1: 0.20402604341506958, 0.8881652355194092

vb0[289]+000 POSITION: -0.019858818501234055, 1.3212151527404785, 0.1628914475440979
vb0[289]+012 NORMAL: -0.18692684173583984, -0.5865519642829895, -0.7880452275276184
vb0[289]+024 TANGENT: -0.8374878168106079, 0.1294451802968979, -0.530903160572052, -1.0
vb0[289]+040 BLENDWEIGHTS: 0.5549587607383728, 0.3189672529697418, 0.11742515116930008, 0.008648831397294998
vb0[289]+056 BLENDINDICES: 7, 0, 1, 2
vb0[289]+072 COLOR: 1.0, 0.5019607843137255, 0.5019607843137255, 0.4
vb0[289]+076 TEXCOORD: 0.38572168350219727, 0.5072103142738342
vb0[289]+084 TEXCOORD1: 0.20402604341506958, 0.8881652355194092

vb0[290]+000 POSITION: -0.012495812959969044, 1.3180911540985107, 0.16340047121047974
vb0[290]+012 NORMAL: -0.18590696156024933, -0.5687105059623718, -0.8012533187866211
vb0[290]+024 TANGENT: 0.6003491878509521, -0.7385322451591492, -0.30684030055999756, -1.0
vb0[290]+040 BLENDWEIGHTS: 0.6001314520835876, 0.29719609022140503, 0.0920792669057846, 0.010593200102448463
vb0[290]+056 BLENDINDICES: 7, 0, 1, 2
vb0[290]+072 COLOR: 1.0, 0.5019607843137255, 0.5019607843137255, 0.4
vb0[290]+076 TEXCOORD: 0.3844451904296875, 0.5083172917366028
vb0[290]+084 TEXCOORD1: 0.20402604341506958, 0.8881652355194092

vb0[291]+000 POSITION: -0.016230205073952675, 1.3132129907608032, 0.16781015694141388
vb0[291]+012 NORMAL: -0.2080381065607071, -0.5789337158203125, -0.788388192653656
vb0[291]+024 TANGENT: 0.8052428960800171, -0.11302243918180466, -0.5820738077163696, -1.0
vb0[291]+040 BLENDWEIGHTS: 0.5374829769134521, 0.3474253714084625, 0.1112513318657875, 0.003840319812297821
vb0[291]+056 BLENDINDICES: 7, 0, 1, 2
vb0[291]+072 COLOR: 1.0, 0.5019607843137255, 0.5019607843137255, 0.4
vb0[291]+076 TEXCOORD: 0.3858175277709961, 0.5093982219696045
vb0[291]+084 TEXCOORD1: 0.20402604341506958, 0.8881652355194092

vb0[292]+000 POSITION: -0.025749661028385162, 1.3132665157318115, 0.1703888326883316
vb0[292]+012 NORMAL: -0.21593636274337769, -0.5804972648620605, -0.7851079106330872
vb0[292]+024 TANGENT: -0.9942398071289062, -0.051200270652770996, -0.09415853023529053, -1.0
vb0[292]+040 BLENDWEIGHTS: 0.4750906825065613, 0.36186131834983826, 0.16304801404476166, 0.0
vb0[292]+056 BLENDINDICES: 7, 0, 1, 0
vb0[292]+072 COLOR: 1.0, 0.5019607843137255, 0.5019607843137255, 0.4
vb0[292]+076 TEXCOORD: 0.3877983093261719, 0.5089948177337646
vb0[292]+084 TEXCOORD1: 0.20402604341506958, 0.8881652355194092

vb0[293]+000 POSITION: -0.017933359369635582, 1.3705941438674927, 0.11153275519609451
vb0[293]+012 NORMAL: -0.14901846647262573, -0.789328396320343, -0.5956124067306519
vb0[293]+024 TANGENT: -0.04851734638214111, -0.7827979326248169, -0.6203817129135132, -1.0
vb0[293]+040 BLENDWEIGHTS: 1.0, 0.0, 0.0, 0.0
vb0[293]+056 BLENDINDICES: 7, 0, 0, 0
vb0[293]+072 COLOR: 1.0, 0.2, 0.5019607843137255, 0.5019607843137255
vb0[293]+076 TEXCOORD: 0.37989354133605957, 0.49290403723716736
vb0[293]+084 TEXCOORD1: 0.20402604341506958, 0.8881652355194092

vb0[294]+000 POSITION: 0.01343674398958683, 1.2683327198028564, 0.15735329687595367
vb0[294]+012 NORMAL: 0.32769522070884705, -0.11358270049095154, 0.9379310607910156
vb0[294]+024 TANGENT: -0.21566198766231537, -0.2008746862411499, 0.9555831551551819, -1.0
vb0[294]+040 BLENDWEIGHTS: 0.9091787934303284, 0.058178629726171494, 0.018220795318484306, 0.014421908184885979
vb0[294]+056 BLENDINDICES: 7, 2, 0, 6
vb0[294]+072 COLOR: 1.0, 0.5019607843137255, 0.5019607843137255, 0.4
vb0[294]+076 TEXCOORD: 0.4105865955352783, 0.5326638221740723
vb0[294]+084 TEXCOORD1: 0.20402604341506958, 0.8881652355194092

vb0[295]+000 POSITION: 0.01343006081879139, 1.279646396636963, 0.15821810066699982
vb0[295]+012 NORMAL: 0.274039626121521, -0.14125573635101318, 0.951288104057312
vb0[295]+024 TANGENT: 0.5291324257850647, 0.15438580513000488, 0.834376335144043, -1.0
vb0[295]+040 BLENDWEIGHTS: 0.8986416459083557, 0.08511341363191605, 0.01624496839940548, 0.0
vb0[295]+056 BLENDINDICES: 7, 2, 0, 0
vb0[295]+072 COLOR: 1.0, 0.5019607843137255, 0.5019607843137255, 0.4
vb0[295]+076 TEXCOORD: 0.41260838508605957, 0.5422502756118774
vb0[295]+084 TEXCOORD1: 0.20402604341506958, 0.8881652355194092

vb0[296]+000 POSITION: 0.006552287843078375, 1.2760493755340576, 0.1593693643808365
vb0[296]+012 NORMAL: 0.2192772775888443, -0.16385678946971893, 0.9618048667907715
vb0[296]+024 TANGENT: -0.33502137660980225, -0.5573275089263916, 0.7597017288208008, -1.0
vb0[296]+040 BLENDWEIGHTS: 0.9129734039306641, 0.059587590396404266, 0.020485416054725647, 0.006953587755560875
vb0[296]+056 BLENDINDICES: 7, 2, 0, 6
vb0[296]+072 COLOR: 1.0, 0.5019607843137255, 0.5019607843137255, 0.4
vb0[296]+076 TEXCOORD: 0.40595197677612305, 0.5405439138412476
vb0[296]+084 TEXCOORD1: 0.20402604341506958, 0.8881652355194092

vb0[297]+000 POSITION: 0.005863843020051718, 1.2874594926834106, 0.16197165846824646
vb0[297]+012 NORMAL: 0.1201794371008873, -0.2559516429901123, 0.9591900110244751
vb0[297]+024 TANGENT: 0.33986973762512207, -0.26870280504226685, 0.9012698531150818, -1.0
vb0[297]+040 BLENDWEIGHTS: 0.9057984352111816, 0.04773601517081261, 0.034577153623104095, 0.011888531036674976
vb0[297]+056 BLENDINDICES: 7, 2, 0, 3
vb0[297]+072 COLOR: 1.0, 0.5019607843137255, 0.5019607843137255, 0.4
vb0[297]+076 TEXCOORD: 0.4073050022125244, 0.5517981648445129
vb0[297]+084 TEXCOORD1: 0.20402604341506958, 0.8881652355194092

vb0[298]+000 POSITION: 0.021379848942160606, 1.271437168121338, 0.15450434386730194
vb0[298]+012 NORMAL: 0.35936158895492554, -0.10791467875242233, 0.9269377589225769
vb0[298]+024 TANGENT: 0.6770433187484741, 0.05059504136443138, 0.7342019081115723, -1.0
vb0[298]+040 BLENDWEIGHTS: 0.8692654371261597, 0.11515100300312042, 0.015583586879074574, 0.0
vb0[298]+056 BLENDINDICES: 7, 2, 6, 0
vb0[298]+072 COLOR: 1.0, 0.5019607843137255, 0.5019607843137255, 0.4
vb0[298]+076 TEXCOORD: 0.4181804656982422, 0.5322182774543762
vb0[298]+084 TEXCOORD1: 0.20402604341506958, 0.8881652355194092

vb0[299]+000 POSITION: 0.01652402989566326, 1.254913568496704, 0.15488478541374207
vb0[299]+012 NORMAL: 0.25966495275497437, -0.12385199218988419, 0.9577237963676453
vb0[299]+024 TANGENT: 0.5669017434120178, -0.18656499683856964, 0.8023813962936401, -1.0
vb0[299]+040 BLENDWEIGHTS: 0.8883503675460815, 0.05821647495031357, 0.053433261811733246, 0.0
vb0[299]+056 BLENDINDICES: 7, 6, 2, 0
vb0[299]+072 COLOR: 1.0, 0.5019607843137255, 0.5019607843137255, 0.4
vb0[299]+076 TEXCOORD: 0.41193079948425293, 0.5197986364364624
vb0[299]+084 TEXCOORD1: 0.20402604341506958, 0.8881652355194092

vb0[300]+000 POSITION: 0.009919571690261364, 1.2554851770401, 0.15645624697208405
vb0[300]+012 NORMAL: 0.22146877646446228, -0.1261686533689499, 0.9669711589813232
vb0[300]+024 TANGENT: -0.45791295170783997, 0.07413661479949951, 0.8859004378318787, -1.0
vb0[300]+040 BLENDWEIGHTS: 0.8998441100120544, 0.055529143661260605, 0.030690133571624756, 0.013936633244156837
vb0[300]+056 BLENDINDICES: 7, 6, 2, 0
vb0[300]+072 COLOR: 1.0, 0.5019607843137255, 0.5019607843137255, 0.4
vb0[300]+076 TEXCOORD: 0.40601396560668945, 0.5213244557380676
vb0[300]+084 TEXCOORD1: 0.20402604341506958, 0.8881652355194092

vb0[301]+000 POSITION: 0.011131329461932182, 1.236180067062378, 0.15422174334526062
vb0[301]+012 NORMAL: 0.1332625299692154, -0.10288455337285995, 0.9857261180877686
vb0[301]+024 TANGENT: 0.5149390697479248, -0.1920638531446457, 0.8354336023330688, -1.0
vb0[301]+040 BLENDWEIGHTS: 0.7708176970481873, 0.18172279000282288, 0.03425950929522514, 0.013200023211538792
vb0[301]+056 BLENDINDICES: 7, 6, 5, 2
vb0[301]+072 COLOR: 1.0, 0.5019607843137255, 0.5019607843137255, 0.4
vb0[301]+076 TEXCOORD: 0.4044337272644043, 0.5036425590515137
vb0[301]+084 TEXCOORD1: 0.20402604341506958, 0.8881652355194092

vb0[302]+000 POSITION: 0.004415537230670452, 1.2363266944885254, 0.15499673783779144
vb0[302]+012 NORMAL: 0.12559783458709717, -0.103844553232193, 0.986631453037262
vb0[302]+024 TANGENT: -0.5177479386329651, 0.0900430679321289, 0.8507815003395081, -1.0
vb0[302]+040 BLENDWEIGHTS: 0.7738090753555298, 0.18245822191238403, 0.03380778804421425, 0.00992490816861391
vb0[302]+056 BLENDINDICES: 7, 6, 5, 2
vb0[302]+072 COLOR: 1.0, 0.5019607843137255, 0.5019607843137255, 0.4
vb0[302]+076 TEXCOORD: 0.398468017578125, 0.5048890113830566
vb0[302]+084 TEXCOORD1: 0.20402604341506958, 0.8881652355194092

vb0[303]+000 POSITION: 0.0, 1.2205742597579956, 0.1541391760110855
vb0[303]+012 NORMAL: -2.403549501650559e-07, -0.0618751123547554, 0.9980839490890503
vb0[303]+024 TANGENT: 0.0, 0.0, 1.0, -1.0
vb0[303]+040 BLENDWEIGHTS: 0.6113055944442749, 0.3123042583465576, 0.07639020681381226, 0.0
vb0[303]+056 BLENDINDICES: 7, 6, 5, 0
vb0[303]+072 COLOR: 1.0, 0.5019607843137255, 0.5019607843137255, 0.4
vb0[303]+076 TEXCOORD: 0.39231228828430176, 0.49122920632362366
vb0[303]+084 TEXCOORD1: 0.20402604341506958, 0.8881652355194092

vb0[304]+000 POSITION: 0.0055114710703492165, 1.2173417806625366, 0.15373438596725464
vb0[304]+012 NORMAL: 0.05505839362740517, -0.057785309851169586, 0.9968095421791077
vb0[304]+024 TANGENT: 0.5028044581413269, -0.18133783340454102, 0.8451652526855469, -1.0
vb0[304]+040 BLENDWEIGHTS: 0.5788435935974121, 0.3345223069190979, 0.08663412183523178, 0.0
vb0[304]+056 BLENDINDICES: 7, 6, 5, 0
vb0[304]+072 COLOR: 1.0, 0.5019607843137255, 0.5019607843137255, 0.4
vb0[304]+076 TEXCOORD: 0.39655613899230957, 0.4868849515914917
vb0[304]+084 TEXCOORD1: 0.20402604341506958, 0.8881652355194092

vb0[305]+000 POSITION: 0.0, 1.2173287868499756, 0.153834268450737
vb0[305]+012 NORMAL: -7.215108439595497e-07, -0.06785392016172409, 0.99769526720047
vb0[305]+024 TANGENT: 0.0, -0.0724305510520935, 0.9973734617233276, -1.0
vb0[305]+040 BLENDWEIGHTS: 0.5801597833633423, 0.3358705937862396, 0.0839695855975151, 0.0
vb0[305]+056 BLENDINDICES: 7, 6, 5, 0
vb0[305]+072 COLOR: 1.0, 0.5019607843137255, 0.5019607843137255, 0.4
vb0[305]+076 TEXCOORD: 0.39162659645080566, 0.48774513602256775
vb0[305]+084 TEXCOORD1: 0.20402604341506958, 0.8881652355194092

vb0[306]+000 POSITION: 0.0, 1.1966426372528076, 0.15277130901813507
vb0[306]+012 NORMAL: -7.25652910205099e-07, -0.061937365680933, 0.9980800151824951
vb0[306]+024 TANGENT: 0.0, -0.46510377526283264, 0.8852561712265015, -1.0
vb0[306]+040 BLENDWEIGHTS: 0.473308265209198, 0.35172098875045776, 0.17497076094150543, 0.0
vb0[306]+056 BLENDINDICES: 6, 7, 5, 0
vb0[306]+072 COLOR: 1.0, 0.5019607843137255, 0.5019607843137255, 0.4
vb0[306]+076 TEXCOORD: 0.3900177478790283, 0.4727220833301544
vb0[306]+084 TEXCOORD1: 0.20402604341506958, 0.8881652355194092

vb0[307]+000 POSITION: 0.0, 1.2833936214447021, 0.16185365617275238
vb0[307]+012 NORMAL: 8.218988227781665e-07, -0.21704845130443573, 0.9761608242988586
vb0[307]+024 TANGENT: 0.0, -0.4567287564277649, 0.8896060585975647, -1.0
vb0[307]+040 BLENDWEIGHTS: 0.9172549843788147, 0.04228253290057182, 0.04046248272061348, 0.0
vb0[307]+056 BLENDINDICES: 7, 2, 0, 0
vb0[307]+072 COLOR: 1.0, 0.5019607843137255, 0.5019607843137255, 0.4
vb0[307]+076 TEXCOORD: 0.40154099464416504, 0.5480437278747559
vb0[307]+084 TEXCOORD1: 0.20402604341506958, 0.8881652355194092

vb0[308]+000 POSITION: 0.0, 1.2902300357818604, 0.1633949875831604
vb0[308]+012 NORMAL: 1.295311449212022e-07, -0.2905727028846741, 0.956852912902832
vb0[308]+024 TANGENT: 0.0, -0.014831542037427425, 0.9998899698257446, -1.0
vb0[308]+040 BLENDWEIGHTS: 0.9172549843788147, 0.042282551527023315, 0.04046246409416199, 0.0
vb0[308]+056 BLENDINDICES: 7, 2, 0, 0
vb0[308]+072 COLOR: 1.0, 0.5019607843137255, 0.5019607843137255, 0.4
vb0[308]+076 TEXCOORD: 0.40250301361083984, 0.555849015712738
vb0[308]+084 TEXCOORD1: 0.20402604341506958, 0.8881652355194092

vb0[309]+000 POSITION: 0.0058925561606884, 1.2980073690414429, 0.1655854433774948
vb0[309]+012 NORMAL: -0.008982987143099308, -0.3029986023902893, 0.9529486894607544
vb0[309]+024 TANGENT: -0.5212993621826172, 0.13186800479888916, 0.8431239128112793, -1.0
vb0[309]+040 BLENDWEIGHTS: 0.7749677300453186, 0.16302189230918884, 0.03633509576320648, 0.025675296783447266
vb0[309]+056 BLENDINDICES: 7, 2, 3, 0
vb0[309]+072 COLOR: 1.0, 0.5019607843137255, 0.5019607843137255, 0.4
vb0[309]+076 TEXCOORD: 0.40895938873291016, 0.5628757476806641
vb0[309]+084 TEXCOORD1: 0.20402604341506958, 0.8881652355194092

vb0[310]+000 POSITION: 0.012163055129349232, 1.2961939573287964, 0.16522233188152313
vb0[310]+012 NORMAL: -0.05119534209370613, -0.29161471128463745, 0.9551648497581482
vb0[310]+024 TANGENT: 0.3140401840209961, -0.5134670734405518, 0.7985801696777344, -1.0
vb0[310]+040 BLENDWEIGHTS: 0.7315362095832825, 0.20435982942581177, 0.047220565378665924, 0.016883408650755882
vb0[310]+056 BLENDINDICES: 7, 2, 3, 0
vb0[310]+072 COLOR: 1.0, 0.5019607843137255, 0.5019607843137255, 0.4
vb0[310]+076 TEXCOORD: 0.41431140899658203, 0.5599759221076965
vb0[310]+084 TEXCOORD1: 0.20402604341506958, 0.8881652355194092

vb0[311]+000 POSITION: 0.011457554064691067, 1.3053523302078247, 0.16771216690540314
vb0[311]+012 NORMAL: -0.10248581320047379, -0.24746650457382202, 0.9634609818458557
vb0[311]+024 TANGENT: -0.5544772148132324, 0.1496596336364746, 0.8186311721801758, -1.0
vb0[311]+040 BLENDWEIGHTS: 0.6492335796356201, 0.26049619913101196, 0.07789309322834015, 0.012377122417092323
vb0[311]+056 BLENDINDICES: 7, 2, 3, 0
vb0[311]+072 COLOR: 1.0, 0.5019607843137255, 0.5019607843137255, 0.4
vb0[311]+076 TEXCOORD: 0.4150569438934326, 0.569511890411377
vb0[311]+084 TEXCOORD1: 0.20402604341506958, 0.8881652355194092

vb0[312]+000 POSITION: 0.018112104386091232, 1.3044427633285522, 0.16834326088428497
vb0[312]+012 NORMAL: -0.1484398990869522, -0.22866718471050262, 0.9621210098266602
vb0[312]+024 TANGENT: 0.25010156631469727, -0.48501476645469666, 0.8379796743392944, -1.0
vb0[312]+040 BLENDWEIGHTS: 0.6011896133422852, 0.28830599784851074, 0.10623946785926819, 0.004265019204467535
vb0[312]+056 BLENDINDICES: 7, 2, 3, 0
vb0[312]+072 COLOR: 1.0, 0.5019607843137255, 0.5019607843137255, 0.4
vb0[312]+076 TEXCOORD: 0.4209284782409668, 0.567699134349823
vb0[312]+084 TEXCOORD1: 0.20402604341506958, 0.8881652355194092

vb0[313]+000 POSITION: 0.017606792971491814, 1.3134684562683105, 0.17019858956336975
vb0[313]+012 NORMAL: -0.20156580209732056, -0.20803460478782654, 0.9571273922920227
vb0[313]+024 TANGENT: -0.4326906204223633, 0.2149907499551773, 0.875532865524292, -1.0
vb0[313]+040 BLENDWEIGHTS: 0.5226593613624573, 0.3524700701236725, 0.12207381427288055, 0.0027967526111751795
vb0[313]+056 BLENDINDICES: 7, 2, 3, 0
vb0[313]+072 COLOR: 1.0, 0.5019607843137255, 0.5019607843137255, 0.4
vb0[313]+076 TEXCOORD: 0.4217946529388428, 0.5768447518348694
vb0[313]+084 TEXCOORD1: 0.20402604341506958, 0.8881652355194092

vb0[314]+000 POSITION: 0.02468571439385414, 1.313557505607605, 0.17195817828178406
vb0[314]+012 NORMAL: -0.23346585035324097, -0.2083146721124649, 0.9497886896133423
vb0[314]+024 TANGENT: 0.43716055154800415, 0.14992846548557281, 0.8867988586425781, -1.0
vb0[314]+040 BLENDWEIGHTS: 0.4729268252849579, 0.3632006347179413, 0.16387253999710083, 0.0
vb0[314]+056 BLENDINDICES: 7, 2, 3, 0
vb0[314]+072 COLOR: 1.0, 0.5019607843137255, 0.5019607843137255, 0.4
vb0[314]+076 TEXCOORD: 0.4282402992248535, 0.5762330889701843
vb0[314]+084 TEXCOORD1: 0.20402604341506958, 0.8881652355194092

vb0[315]+000 POSITION: -0.005863843020051718, 1.2874594926834106, 0.16197165846824646
vb0[315]+012 NORMAL: -0.12017876654863358, -0.2559514343738556, 0.9591902494430542
vb0[315]+024 TANGENT: -0.3398733139038086, -0.2687060832977295, 0.9012675285339355, -1.0
vb0[315]+040 BLENDWEIGHTS: 0.9057965874671936, 0.04773710295557976, 0.034575991332530975, 0.011890319176018238
vb0[315]+056 BLENDINDICES: 7, 0, 2, 1
vb0[315]+072 COLOR: 1.0, 0.5019607843137255, 0.5019607843137255, 0.4
vb0[315]+076 TEXCOORD: 0.4073050022125244, 0.5517981648445129
vb0[315]+084 TEXCOORD1: 0.20402604341506958, 0.8881652355194092

vb0[316]+000 POSITION: -0.0058925561606884, 1.2980073690414429, 0.1655854433774948
vb0[316]+012 NORMAL: 0.008983111009001732, -0.3029988706111908, 0.9529485702514648
vb0[316]+024 TANGENT: 0.5212998986244202, 0.13186846673488617, 0.8431234359741211, -1.0
vb0[316]+040 BLENDWEIGHTS: 0.7749592661857605, 0.16302914917469025, 0.03633726388216019, 0.02567431703209877
vb0[316]+056 BLENDINDICES: 7, 0, 1, 2
vb0[316]+072 COLOR: 1.0, 0.5019607843137255, 0.5019607843137255, 0.4
vb0[316]+076 TEXCOORD: 0.40895938873291016, 0.5628757476806641
vb0[316]+084 TEXCOORD1: 0.20402604341506958, 0.8881652355194092

vb0[317]+000 POSITION: -0.0055114710703492165, 1.2173417806625366, 0.15373438596725464
vb0[317]+012 NORMAL: -0.05505916848778725, -0.05778563395142555, 0.9968095421791077
vb0[317]+024 TANGENT: -0.5028049349784851, -0.18133854866027832, 0.8451647758483887, -1.0
vb0[317]+040 BLENDWEIGHTS: 0.5788434147834778, 0.3345221281051636, 0.08663444966077805, 0.0
vb0[317]+056 BLENDINDICES: 7, 6, 5, 0
vb0[317]+072 COLOR: 1.0, 0.5019607843137255, 0.5019607843137255, 0.4
vb0[317]+076 TEXCOORD: 0.39655613899230957, 0.4868849515914917
vb0[317]+084 TEXCOORD1: 0.20402604341506958, 0.8881652355194092

vb0[318]+000 POSITION: -0.011131329461932182, 1.236180067062378, 0.15422174334526062
vb0[318]+012 NORMAL: -0.13326336443424225, -0.10288479179143906, 0.985725998878479
vb0[318]+024 TANGENT: -0.5149393677711487, -0.19206394255161285, 0.8354334235191345, -1.0
vb0[318]+040 BLENDWEIGHTS: 0.7708171010017395, 0.18172302842140198, 0.034259650856256485, 0.01320033147931099
vb0[318]+056 BLENDINDICES: 7, 6, 5, 0
vb0[318]+072 COLOR: 1.0, 0.5019607843137255, 0.5019607843137255, 0.4
vb0[318]+076 TEXCOORD: 0.4044337272644043, 0.5036425590515137
vb0[318]+084 TEXCOORD1: 0.20402604341506958, 0.8881652355194092

vb0[319]+000 POSITION: -0.004415537230670452, 1.2363266944885254, 0.15499673783779144
vb0[319]+012 NORMAL: -0.12559892237186432, -0.10384505242109299, 0.9866312146186829
vb0[319]+024 TANGENT: 0.5177465677261353, 0.09004282206296921, 0.8507824540138245, -1.0
vb0[319]+040 BLENDWEIGHTS: 0.7738100290298462, 0.18245747685432434, 0.03380752354860306, 0.0099249929189682
vb0[319]+056 BLENDINDICES: 7, 6, 5, 0
vb0[319]+072 COLOR: 1.0, 0.5019607843137255, 0.5019607843137255, 0.4
vb0[319]+076 TEXCOORD: 0.398468017578125, 0.5048890113830566
vb0[319]+084 TEXCOORD1: 0.20402604341506958, 0.8881652355194092

vb0[320]+000 POSITION: -0.009919571690261364, 1.2554851770401, 0.15645624697208405
vb0[320]+012 NORMAL: -0.2214701622724533, -0.12616853415966034, 0.9669708013534546
vb0[320]+024 TANGENT: 0.45791253447532654, 0.07413697987794876, 0.885900616645813, -1.0
vb0[320]+040 BLENDWEIGHTS: 0.8998448848724365, 0.05552784353494644, 0.030690792948007584, 0.013936609961092472
vb0[320]+056 BLENDINDICES: 7, 6, 0, 2
vb0[320]+072 COLOR: 1.0, 0.5019607843137255, 0.5019607843137255, 0.4
vb0[320]+076 TEXCOORD: 0.40601396560668945, 0.5213244557380676
vb0[320]+084 TEXCOORD1: 0.20402604341506958, 0.8881652355194092

vb0[321]+000 POSITION: -0.01652402989566326, 1.254913568496704, 0.15488478541374207
vb0[321]+012 NORMAL: -0.2596665620803833, -0.12385209649801254, 0.9577233791351318
vb0[321]+024 TANGENT: -0.5669009685516357, -0.1865645796060562, 0.8023820519447327, -1.0
vb0[321]+040 BLENDWEIGHTS: 0.8883479833602905, 0.05821613222360611, 0.05343586951494217, 0.0
vb0[321]+056 BLENDINDICES: 7, 6, 0, 0
vb0[321]+072 COLOR: 1.0, 0.5019607843137255, 0.5019607843137255, 0.4
vb0[321]+076 TEXCOORD: 0.41193079948425293, 0.5197986364364624
vb0[321]+084 TEXCOORD1: 0.20402604341506958, 0.8881652355194092

vb0[322]+000 POSITION: -0.01343674398958683, 1.2683327198028564, 0.15735329687595367
vb0[322]+012 NORMAL: -0.32769662141799927, -0.11358311027288437, 0.9379305839538574
vb0[322]+024 TANGENT: 0.21566040813922882, -0.2008747160434723, 0.9555836319923401, -1.0
vb0[322]+040 BLENDWEIGHTS: 0.9091780781745911, 0.05817890167236328, 0.018220696598291397, 0.014422323554754257
vb0[322]+056 BLENDINDICES: 7, 0, 2, 6
vb0[322]+072 COLOR: 1.0, 0.5019607843137255, 0.5019607843137255, 0.4
vb0[322]+076 TEXCOORD: 0.4105865955352783, 0.5326638221740723
vb0[322]+084 TEXCOORD1: 0.20402604341506958, 0.8881652355194092

vb0[323]+000 POSITION: -0.021379848942160606, 1.271437168121338, 0.15450434386730194
vb0[323]+012 NORMAL: -0.3593626916408539, -0.107914999127388, 0.9269373416900635
vb0[323]+024 TANGENT: -0.6770436763763428, 0.05059695243835449, 0.7342014312744141, -1.0
vb0[323]+040 BLENDWEIGHTS: 0.8692606091499329, 0.11515527963638306, 0.015584101900458336, 0.0
vb0[323]+056 BLENDINDICES: 7, 0, 6, 0
vb0[323]+072 COLOR: 1.0, 0.5019607843137255, 0.5019607843137255, 0.4
vb0[323]+076 TEXCOORD: 0.4181804656982422, 0.5322182774543762
vb0[323]+084 TEXCOORD1: 0.20402604341506958, 0.8881652355194092

vb0[324]+000 POSITION: -0.01343006081879139, 1.279646396636963, 0.15821810066699982
vb0[324]+012 NORMAL: -0.2740400433540344, -0.14125590026378632, 0.9512879848480225
vb0[324]+024 TANGENT: -0.5291324853897095, 0.1543857902288437, 0.8343762755393982, -1.0
vb0[324]+040 BLENDWEIGHTS: 0.8986393809318542, 0.08511669188737869, 0.01624392904341221, 0.0
vb0[324]+056 BLENDINDICES: 7, 0, 2, 0
vb0[324]+072 COLOR: 1.0, 0.5019607843137255, 0.5019607843137255, 0.4
vb0[324]+076 TEXCOORD: 0.41260838508605957, 0.5422502756118774
vb0[324]+084 TEXCOORD1: 0.20402604341506958, 0.8881652355194092

vb0[325]+000 POSITION: -0.006552287843078375, 1.2760493755340576, 0.1593693643808365
vb0[325]+012 NORMAL: -0.21927747130393982, -0.16385716199874878, 0.9618047475814819
vb0[325]+024 TANGENT: 0.3350178599357605, -0.5573241710662842, 0.7597057819366455, -1.0
vb0[325]+040 BLENDWEIGHTS: 0.9129731059074402, 0.05958893522620201, 0.02048388123512268, 0.006954077165573835
vb0[325]+056 BLENDINDICES: 7, 0, 2, 6
vb0[325]+072 COLOR: 1.0, 0.5019607843137255, 0.5019607843137255, 0.4
vb0[325]+076 TEXCOORD: 0.40595197677612305, 0.5405439138412476
vb0[325]+084 TEXCOORD1: 0.20402604341506958, 0.8881652355194092

vb0[326]+000 POSITION: -0.012163055129349232, 1.2961939573287964, 0.16522233188152313
vb0[326]+012 NORMAL: 0.05119524151086807, -0.2916153371334076, 0.9551647305488586
vb0[326]+024 TANGENT: -0.31404295563697815, -0.5134700536727905, 0.7985771894454956, -1.0
vb0[326]+040 BLENDWEIGHTS: 0.7315280437469482, 0.2043674737215042, 0.047222502529621124, 0.01688198372721672
vb0[326]+056 BLENDINDICES: 7, 0, 1, 2
vb0[326]+072 COLOR: 1.0, 0.5019607843137255, 0.5019607843137255, 0.4
vb0[326]+076 TEXCOORD: 0.41431140899658203, 0.5599759221076965
vb0[326]+084 TEXCOORD1: 0.20402604341506958, 0.8881652355194092

vb0[327]+000 POSITION: -0.011457554064691067, 1.3053523302078247, 0.16771216690540314
vb0[327]+012 NORMAL: 0.10248556733131409, -0.24746699631214142, 0.9634608626365662
vb0[327]+024 TANGENT: 0.5544803142547607, 0.14966058731079102, 0.8186289072036743, -1.0
vb0[327]+040 BLENDWEIGHTS: 0.6492274403572083, 0.260500967502594, 0.07789511978626251, 0.012376474216580391
vb0[327]+056 BLENDINDICES: 7, 0, 1, 2
vb0[327]+072 COLOR: 1.0, 0.5019607843137255, 0.5019607843137255, 0.4
vb0[327]+076 TEXCOORD: 0.4150569438934326, 0.569511890411377
vb0[327]+084 TEXCOORD1: 0.20402604341506958, 0.8881652355194092

vb0[328]+000 POSITION: -0.018112104386091232, 1.3044427633285522, 0.16834326088428497
vb0[328]+012 NORMAL: 0.14844001829624176, -0.22866742312908173, 0.9621210098266602
vb0[328]+024 TANGENT: -0.25010058283805847, -0.4850129783153534, 0.8379809260368347, -1.0
vb0[328]+040 BLENDWEIGHTS: 0.6011828780174255, 0.288309782743454, 0.10624349117279053, 0.004263855051249266
vb0[328]+056 BLENDINDICES: 7, 0, 1, 2
vb0[328]+072 COLOR: 1.0, 0.5019607843137255, 0.5019607843137255, 0.4
vb0[328]+076 TEXCOORD: 0.4209284782409668, 0.567699134349823
vb0[328]+084 TEXCOORD1: 0.20402604341506958, 0.8881652355194092

vb0[329]+000 POSITION: -0.017606792971491814, 1.3134684562683105, 0.17019858956336975
vb0[329]+012 NORMAL: 0.20156677067279816, -0.20803490281105042, 0.9571271538734436
vb0[329]+024 TANGENT: 0.43269333243370056, 0.21499119699001312, 0.8755313754081726, -1.0
vb0[329]+040 BLENDWEIGHTS: 0.5226540565490723, 0.35247349739074707, 0.1220761090517044, 0.0027962527237832546
vb0[329]+056 BLENDINDICES: 7, 0, 1, 2
vb0[329]+072 COLOR: 1.0, 0.5019607843137255, 0.5019607843137255, 0.4
vb0[329]+076 TEXCOORD: 0.4217946529388428, 0.5768447518348694
vb0[329]+084 TEXCOORD1: 0.20402604341506958, 0.8881652355194092

vb0[330]+000 POSITION: -0.02468571439385414, 1.313557505607605, 0.17195817828178406
vb0[330]+012 NORMAL: 0.23346714675426483, -0.2083149403333664, 0.9497883915901184
vb0[330]+024 TANGENT: -0.4371657371520996, 0.14992915093898773, 0.8867961168289185, -1.0
vb0[330]+040 BLENDWEIGHTS: 0.47291991114616394, 0.36320194602012634, 0.16387812793254852, 0.0
vb0[330]+056 BLENDINDICES: 7, 0, 1, 0
vb0[330]+072 COLOR: 1.0, 0.5019607843137255, 0.5019607843137255, 0.4
vb0[330]+076 TEXCOORD: 0.4282402992248535, 0.5762330889701843
vb0[330]+084 TEXCOORD1: 0.20402604341506958, 0.8881652355194092

vb0[331]+000 POSITION: 0.0, 1.3425523042678833, 0.1411910057067871
vb0[331]+012 NORMAL: 2.0493629904194677e-07, 0.7598001956939697, 0.6501567363739014
vb0[331]+024 TANGENT: 0.0, 0.8564962148666382, 0.5161533355712891, -1.0
vb0[331]+040 BLENDWEIGHTS: 0.8959752321243286, 0.052357833832502365, 0.05166693404316902, 0.0
vb0[331]+056 BLENDINDICES: 7, 2, 0, 0
vb0[331]+072 COLOR: 1.0, 0.5019607843137255, 0.5019607843137255, 0.4
vb0[331]+076 TEXCOORD: 0.40439891815185547, 0.6135750412940979
vb0[331]+084 TEXCOORD1: 0.20402604341506958, 0.8881652355194092

vb0[332]+000 POSITION: 0.0, 1.3396477699279785, 0.1473752111196518
vb0[332]+012 NORMAL: 1.6027060212309152e-07, 0.8694679141044617, 0.4939894378185272
vb0[332]+024 TANGENT: 0.0, 0.8626675605773926, 0.5057713985443115, -1.0
vb0[332]+040 BLENDWEIGHTS: 0.8941231369972229, 0.05480914190411568, 0.05106772109866142, 0.0
vb0[332]+056 BLENDINDICES: 7, 0, 2, 0
vb0[332]+072 COLOR: 1.0, 0.5019607843137255, 0.5019607843137255, 0.4
vb0[332]+076 TEXCOORD: 0.4047226905822754, 0.6075448393821716
vb0[332]+084 TEXCOORD1: 0.20402604341506958, 0.8881652355194092

vb0[333]+000 POSITION: 0.006211770232766867, 1.339789867401123, 0.1476048082113266
vb0[333]+012 NORMAL: -0.10995525866746902, 0.7454103231430054, 0.6574748754501343
vb0[333]+024 TANGENT: 0.2870374321937561, 0.7284480333328247, 0.6220715641975403, -1.0
vb0[333]+040 BLENDWEIGHTS: 0.8915293216705322, 0.06348570436239243, 0.03846689313650131, 0.006518199108541012
vb0[333]+056 BLENDINDICES: 7, 2, 0, 3
vb0[333]+072 COLOR: 1.0, 0.5019607843137255, 0.5019607843137255, 0.4
vb0[333]+076 TEXCOORD: 0.4105057716369629, 0.6076551079750061
vb0[333]+084 TEXCOORD1: 0.20402604341506958, 0.8881652355194092

vb0[334]+000 POSITION: 0.011203759349882603, 1.349902868270874, 0.1392541229724884
vb0[334]+012 NORMAL: -0.353831946849823, 0.683416485786438, 0.6385490298271179
vb0[334]+024 TANGENT: 0.29373374581336975, 0.5154350996017456, 0.8050137758255005, -1.0
vb0[334]+040 BLENDWEIGHTS: 0.9074199199676514, 0.05490510165691376, 0.02580469474196434, 0.01187030877918005
vb0[334]+056 BLENDINDICES: 7, 2, 0, 3
vb0[334]+072 COLOR: 1.0, 0.5019607843137255, 0.5019607843137255, 0.4
vb0[334]+076 TEXCOORD: 0.4152703285217285, 0.61920166015625
vb0[334]+084 TEXCOORD1: 0.20402604341506958, 0.8881652355194092

vb0[335]+000 POSITION: 0.007529917173087597, 1.3559131622314453, 0.13081705570220947
vb0[335]+012 NORMAL: -0.3923279345035553, 0.6945646405220032, 0.6030412912368774
vb0[335]+024 TANGENT: -0.7023680210113525, 0.6407111883163452, 0.3101102113723755, -1.0
vb0[335]+040 BLENDWEIGHTS: 0.9162574410438538, 0.058743540197610855, 0.024999020621180534, 0.0
vb0[335]+056 BLENDINDICES: 7, 2, 0, 0
vb0[335]+072 COLOR: 1.0, 0.5019607843137255, 0.5019607843137255, 0.4
vb0[335]+076 TEXCOORD: 0.41194725036621094, 0.6285632848739624
vb0[335]+084 TEXCOORD1: 0.20402604341506958, 0.8881652355194092

vb0[336]+000 POSITION: 0.014847906306385994, 1.3586918115615845, 0.13275107741355896
vb0[336]+012 NORMAL: -0.41888752579689026, 0.7041875720024109, 0.5732825994491577
vb0[336]+024 TANGENT: -0.5299437642097473, 0.181172713637352, 0.8284538984298706, -1.0
vb0[336]+040 BLENDWEIGHTS: 0.9189494252204895, 0.06699557602405548, 0.014055012725293636, 0.0
vb0[336]+056 BLENDINDICES: 7, 2, 3, 0
vb0[336]+072 COLOR: 1.0, 0.2, 0.5019607843137255, 0.5019607843137255
vb0[336]+076 TEXCOORD: 0.41898107528686523, 0.6284558176994324
vb0[336]+084 TEXCOORD1: 0.20402604341506958, 0.8881652355194092

vb0[337]+000 POSITION: 0.013207280077040195, 1.3658126592636108, 0.12151208519935608
vb0[337]+012 NORMAL: -0.41983312368392944, 0.737712025642395, 0.528697669506073
vb0[337]+024 TANGENT: -0.9282050132751465, 0.36104822158813477, 0.08988655358552933, -1.0
vb0[337]+040 BLENDWEIGHTS: 0.9788507223129272, 0.02114930748939514, 0.0, 0.0
vb0[337]+056 BLENDINDICES: 7, 2, 0, 0
vb0[337]+072 COLOR: 1.0, 0.2, 0.5019607843137255, 0.5019607843137255
vb0[337]+076 TEXCOORD: 0.4170053005218506, 0.6398023962974548
vb0[337]+084 TEXCOORD1: 0.20402604341506958, 0.8881652355194092

vb0[338]+000 POSITION: 0.0, 1.3366808891296387, 0.15149733424186707
vb0[338]+012 NORMAL: 3.315669800940668e-07, 0.7034325003623962, 0.7107621431350708
vb0[338]+024 TANGENT: 0.0, 0.5505539178848267, 0.8347996473312378, -1.0
vb0[338]+040 BLENDWEIGHTS: 0.8900213241577148, 0.06146344542503357, 0.04851523041725159, 0.0
vb0[338]+056 BLENDINDICES: 7, 0, 2, 0
vb0[338]+072 COLOR: 1.0, 0.5019607843137255, 0.5019607843137255, 0.4
vb0[338]+076 TEXCOORD: 0.4050002098083496, 0.6027961373329163
vb0[338]+084 TEXCOORD1: 0.20402604341506958, 0.8881652355194092

vb0[339]+000 POSITION: 0.01268100831657648, 1.3304221630096436, 0.15614411234855652
vb0[339]+012 NORMAL: 0.011219893582165241, 0.6528499722480774, 0.7574040293693542
vb0[339]+024 TANGENT: 0.391242653131485, 0.7441194653511047, 0.5414937138557434, -1.0
vb0[339]+040 BLENDWEIGHTS: 0.6806100606918335, 0.23223306238651276, 0.06587300449609756, 0.021283885464072227
vb0[339]+056 BLENDINDICES: 7, 2, 3, 0
vb0[339]+072 COLOR: 1.0, 0.5019607843137255, 0.5019607843137255, 0.4
vb0[339]+076 TEXCOORD: 0.41662025451660156, 0.5965121984481812
vb0[339]+084 TEXCOORD1: 0.20402604341506958, 0.8881652355194092

vb0[340]+000 POSITION: 0.007626149337738752, 1.326776146888733, 0.1591176688671112
vb0[340]+012 NORMAL: -0.019182609394192696, 0.6316782832145691, 0.7749932408332825
vb0[340]+024 TANGENT: -0.5533974170684814, 0.23683618009090424, 0.7985361814498901, -1.0
vb0[340]+040 BLENDWEIGHTS: 0.7093304395675659, 0.21284255385398865, 0.050224293023347855, 0.027602681890130043
vb0[340]+056 BLENDINDICES: 7, 2, 3, 0
vb0[340]+072 COLOR: 1.0, 0.5019607843137255, 0.5019607843137255, 0.4
vb0[340]+076 TEXCOORD: 0.41223716735839844, 0.5921331644058228
vb0[340]+084 TEXCOORD1: 0.20402604341506958, 0.8881652355194092

vb0[341]+000 POSITION: 0.01885402202606201, 1.3215436935424805, 0.16427597403526306
vb0[341]+012 NORMAL: -0.11419810354709625, 0.6063036322593689, 0.7869909405708313
vb0[341]+024 TANGENT: 0.30006715655326843, 0.7459009289741516, 0.5946354866027832, -1.0
vb0[341]+040 BLENDWEIGHTS: 0.5516484975814819, 0.3216308653354645, 0.11906182765960693, 0.007658813148736954
vb0[341]+056 BLENDINDICES: 7, 2, 3, 0
vb0[341]+072 COLOR: 1.0, 0.5019607843137255, 0.5019607843137255, 0.4
vb0[341]+076 TEXCOORD: 0.42267322540283203, 0.5860732197761536
vb0[341]+084 TEXCOORD1: 0.20402604341506958, 0.8881652355194092

vb0[342]+000 POSITION: 0.013068622909486294, 1.3192675113677979, 0.1651352345943451
vb0[342]+012 NORMAL: -0.11046824604272842, 0.5843095183372498, 0.8039771318435669
vb0[342]+024 TANGENT: -0.5936117172241211, 0.2065150886774063, 0.7778024673461914, -1.0
vb0[342]+040 BLENDWEIGHTS: 0.5945753455162048, 0.2990087866783142, 0.09629334509372711, 0.010122590698301792
vb0[342]+056 BLENDINDICES: 7, 2, 3, 0
vb0[342]+072 COLOR: 1.0, 0.5019607843137255, 0.5019607843137255, 0.4
vb0[342]+076 TEXCOORD: 0.41750049591064453, 0.583747148513794
vb0[342]+084 TEXCOORD1: 0.20402604341506958, 0.8881652355194092

vb0[343]+000 POSITION: 0.017606792971491814, 1.3134684562683105, 0.17019858956336975
vb0[343]+012 NORMAL: -0.18065518140792847, 0.5996724367141724, 0.7795875072479248
vb0[343]+024 TANGENT: -0.4326906204223633, 0.2149907499551773, 0.875532865524292, -1.0
vb0[343]+040 BLENDWEIGHTS: 0.5226593613624573, 0.3524700701236725, 0.12207381427288055, 0.0027967526111751795
vb0[343]+056 BLENDINDICES: 7, 2, 3, 0
vb0[343]+072 COLOR: 1.0, 0.5019607843137255, 0.5019607843137255, 0.4
vb0[343]+076 TEXCOORD: 0.4217946529388428, 0.5768447518348694
vb0[343]+084 TEXCOORD1: 0.20402604341506958, 0.8881652355194092

vb0[344]+000 POSITION: 0.02468571439385414, 1.313557505607605, 0.17195817828178406
vb0[344]+012 NORMAL: -0.20019398629665375, 0.5993532538414001, 0.7750470638275146
vb0[344]+024 TANGENT: 0.43716055154800415, 0.14992846548557281, 0.8867988586425781, -1.0
vb0[344]+040 BLENDWEIGHTS: 0.4729268252849579, 0.3632006347179413, 0.16387253999710083, 0.0
vb0[344]+056 BLENDINDICES: 7, 2, 3, 0
vb0[344]+072 COLOR: 1.0, 0.5019607843137255, 0.5019607843137255, 0.4
vb0[344]+076 TEXCOORD: 0.4282402992248535, 0.5762330889701843
vb0[344]+084 TEXCOORD1: 0.20402604341506958, 0.8881652355194092

vb0[345]+000 POSITION: -0.006211770232766867, 1.339789867401123, 0.1476048082113266
vb0[345]+012 NORMAL: 0.109956294298172, 0.7454074025154114, 0.6574780344963074
vb0[345]+024 TANGENT: -0.28703737258911133, 0.7284475564956665, 0.6220722198486328, -1.0
vb0[345]+040 BLENDWEIGHTS: 0.8915322422981262, 0.06348709762096405, 0.0384613536298275, 0.006519310176372528
vb0[345]+056 BLENDINDICES: 7, 0, 2, 1
vb0[345]+072 COLOR: 1.0, 0.5019607843137255, 0.5019607843137255, 0.4
vb0[345]+076 TEXCOORD: 0.4105057716369629, 0.6076551079750061
vb0[345]+084 TEXCOORD1: 0.20402604341506958, 0.8881652355194092

vb0[346]+000 POSITION: -0.011203759349882603, 1.349902868270874, 0.1392541229724884
vb0[346]+012 NORMAL: 0.3538314998149872, 0.6834149956703186, 0.6385509967803955
vb0[346]+024 TANGENT: -0.2937350869178772, 0.5154344439506531, 0.8050137758255005, -1.0
vb0[346]+040 BLENDWEIGHTS: 0.9074214100837708, 0.05490516871213913, 0.02580176293849945, 0.011871668510138988
vb0[346]+056 BLENDINDICES: 7, 0, 2, 1
vb0[346]+072 COLOR: 1.0, 0.5019607843137255, 0.5019607843137255, 0.4
vb0[346]+076 TEXCOORD: 0.4152703285217285, 0.61920166015625
vb0[346]+084 TEXCOORD1: 0.20402604341506958, 0.8881652355194092

vb0[347]+000 POSITION: -0.007529917173087597, 1.3559131622314453, 0.13081705570220947
vb0[347]+012 NORMAL: 0.39232751727104187, 0.6945645213127136, 0.6030415892601013
vb0[347]+024 TANGENT: 0.7023681402206421, 0.6407116651535034, 0.31010890007019043, -1.0
vb0[347]+040 BLENDWEIGHTS: 0.9162574410438538, 0.058743540197610855, 0.024999020621180534, 0.0
vb0[347]+056 BLENDINDICES: 7, 0, 2, 0
vb0[347]+072 COLOR: 1.0, 0.5019607843137255, 0.5019607843137255, 0.4
vb0[347]+076 TEXCOORD: 0.41194725036621094, 0.6285632848739624
vb0[347]+084 TEXCOORD1: 0.20402604341506958, 0.8881652355194092

vb0[348]+000 POSITION: -0.01268100831657648, 1.3304221630096436, 0.15614411234855652
vb0[348]+012 NORMAL: -0.01121908612549305, 0.6528453230857849, 0.7574081420898438
vb0[348]+024 TANGENT: -0.391242653131485, 0.7441177368164062, 0.5414960980415344, -1.0
vb0[348]+040 BLENDWEIGHTS: 0.6805983185768127, 0.2322431206703186, 0.0658775344491005, 0.021281026303768158
vb0[348]+056 BLENDINDICES: 7, 0, 1, 2
vb0[348]+072 COLOR: 1.0, 0.5019607843137255, 0.5019607843137255, 0.4
vb0[348]+076 TEXCOORD: 0.41662025451660156, 0.5965121984481812
vb0[348]+084 TEXCOORD1: 0.20402604341506958, 0.8881652355194092

vb0[349]+000 POSITION: -0.014847906306385994, 1.3586918115615845, 0.13275107741355896
vb0[349]+012 NORMAL: 0.4188877046108246, 0.7041886448860168, 0.5732812285423279
vb0[349]+024 TANGENT: 0.5299480557441711, 0.18117663264274597, 0.8284503817558289, -1.0
vb0[349]+040 BLENDWEIGHTS: 0.9189468622207642, 0.06699641048908234, 0.014056737534701824, 0.0
vb0[349]+056 BLENDINDICES: 7, 0, 1, 0
vb0[349]+072 COLOR: 1.0, 0.2, 0.5019607843137255, 0.5019607843137255
vb0[349]+076 TEXCOORD: 0.41898107528686523, 0.6284558176994324
vb0[349]+084 TEXCOORD1: 0.20402604341506958, 0.8881652355194092

vb0[350]+000 POSITION: -0.013207280077040195, 1.3658126592636108, 0.12151208519935608
vb0[350]+012 NORMAL: 0.4198335111141205, 0.7377135753631592, 0.5286951661109924
vb0[350]+024 TANGENT: 0.9282056093215942, 0.3610488176345825, 0.08987868577241898, -1.0
vb0[350]+040 BLENDWEIGHTS: 0.9773702025413513, 0.016009317710995674, 0.00662047928199172, 0.0
vb0[350]+056 BLENDINDICES: 7, 0, 2, 0
vb0[350]+072 COLOR: 1.0, 0.2, 0.5019607843137255, 0.5019607843137255
vb0[350]+076 TEXCOORD: 0.4170053005218506, 0.6398023962974548
vb0[350]+084 TEXCOORD1: 0.20402604341506958, 0.8881652355194092

vb0[351]+000 POSITION: -0.007626149337738752, 1.326776146888733, 0.1591176688671112
vb0[351]+012 NORMAL: 0.019183455035090446, 0.6316747665405273, 0.7749961614608765
vb0[351]+024 TANGENT: 0.553394079208374, 0.2368333339691162, 0.7985392808914185, -1.0
vb0[351]+040 BLENDWEIGHTS: 0.7093240022659302, 0.21284852921962738, 0.05022634565830231, 0.027601126581430435
vb0[351]+056 BLENDINDICES: 7, 0, 1, 2
vb0[351]+072 COLOR: 1.0, 0.5019607843137255, 0.5019607843137255, 0.4
vb0[351]+076 TEXCOORD: 0.41223716735839844, 0.5921331644058228
vb0[351]+084 TEXCOORD1: 0.20402604341506958, 0.8881652355194092

vb0[352]+000 POSITION: -0.01885402202606201, 1.3215436935424805, 0.16427597403526306
vb0[352]+012 NORMAL: 0.11419837921857834, 0.60630202293396, 0.7869920134544373
vb0[352]+024 TANGENT: -0.300068736076355, 0.7459022998809814, 0.5946330428123474, -1.0
vb0[352]+040 BLENDWEIGHTS: 0.5516374707221985, 0.32163792848587036, 0.11906695365905762, 0.007657650392502546
vb0[352]+056 BLENDINDICES: 7, 0, 1, 2
vb0[352]+072 COLOR: 1.0, 0.5019607843137255, 0.5019607843137255, 0.4
vb0[352]+076 TEXCOORD: 0.42267322540283203, 0.5860732197761536
vb0[352]+084 TEXCOORD1: 0.20402604341506958, 0.8881652355194092

vb0[353]+000 POSITION: -0.013068622909486294, 1.3192675113677979, 0.1651352345943451
vb0[353]+012 NORMAL: 0.11046864837408066, 0.5843108892440796, 0.8039760589599609
vb0[353]+024 TANGENT: 0.5936116576194763, 0.20651604235172272, 0.7778022289276123, -1.0
vb0[353]+040 BLENDWEIGHTS: 0.5945687890052795, 0.2990136742591858, 0.09629594534635544, 0.010121596045792103
vb0[353]+056 BLENDINDICES: 7, 0, 1, 2
vb0[353]+072 COLOR: 1.0, 0.5019607843137255, 0.5019607843137255, 0.4
vb0[353]+076 TEXCOORD: 0.41750049591064453, 0.583747148513794
vb0[353]+084 TEXCOORD1: 0.20402604341506958, 0.8881652355194092

vb0[354]+000 POSITION: -0.017606792971491814, 1.3134684562683105, 0.17019858956336975
vb0[354]+012 NORMAL: 0.18065433204174042, 0.5996714234352112, 0.7795884609222412
vb0[354]+024 TANGENT: 0.43269333243370056, 0.21499119699001312, 0.8755313754081726, -1.0
vb0[354]+040 BLENDWEIGHTS: 0.5226540565490723, 0.35247349739074707, 0.1220761090517044, 0.0027962527237832546
vb0[354]+056 BLENDINDICES: 7, 0, 1, 2
vb0[354]+072 COLOR: 1.0, 0.5019607843137255, 0.5019607843137255, 0.4
vb0[354]+076 TEXCOORD: 0.4217946529388428, 0.5768447518348694
vb0[354]+084 TEXCOORD1: 0.20402604341506958, 0.8881652355194092

vb0[355]+000 POSITION: -0.02468571439385414, 1.313557505607605, 0.17195817828178406
vb0[355]+012 NORMAL: 0.20019322633743286, 0.5993508696556091, 0.7750492095947266
vb0[355]+024 TANGENT: -0.4371657371520996, 0.14992915093898773, 0.8867961168289185, -1.0
vb0[355]+040 BLENDWEIGHTS: 0.47291991114616394, 0.36320194602012634, 0.16387812793254852, 0.0
vb0[355]+056 BLENDINDICES: 7, 0, 1, 0
vb0[355]+072 COLOR: 1.0, 0.5019607843137255, 0.5019607843137255, 0.4
vb0[355]+076 TEXCOORD: 0.4282402992248535, 0.5762330889701843
vb0[355]+084 TEXCOORD1: 0.20402604341506958, 0.8881652355194092

vb0[356]+000 POSITION: 0.021379848942160606, 1.271437168121338, 0.15450434386730194
vb0[356]+012 NORMAL: 0.7055321335792542, 0.40981295704841614, 0.5781674385070801
vb0[356]+024 TANGENT: 0.6770433187484741, 0.05059504136443138, 0.7342019081115723, -1.0
vb0[356]+040 BLENDWEIGHTS: 0.8692654371261597, 0.11515100300312042, 0.015583586879074574, 0.0
vb0[356]+056 BLENDINDICES: 7, 2, 6, 0
vb0[356]+072 COLOR: 1.0, 0.5019607843137255, 0.5019607843137255, 0.4
vb0[356]+076 TEXCOORD: 0.4181804656982422, 0.5322182774543762
vb0[356]+084 TEXCOORD1: 0.20402604341506958, 0.8881652355194092

vb0[357]+000 POSITION: 0.014875005930662155, 1.2800837755203247, 0.156091570854187
vb0[357]+012 NORMAL: 0.7061030268669128, 0.4059642553329468, 0.5801823735237122
vb0[357]+024 TANGENT: 0.5641705989837646, 0.6909007430076599, -0.452070415019989, -1.0
vb0[357]+040 BLENDWEIGHTS: 0.8923876285552979, 0.09074530005455017, 0.01343256700783968, 0.003434607991948724
vb0[357]+056 BLENDINDICES: 7, 2, 0, 6
vb0[357]+072 COLOR: 1.0, 0.5019607843137255, 0.5019607843137255, 0.4
vb0[357]+076 TEXCOORD: 0.4157288074493408, 0.5419203042984009
vb0[357]+084 TEXCOORD1: 0.20402604341506958, 0.8881652355194092

vb0[358]+000 POSITION: 0.01343006081879139, 1.279646396636963, 0.15821810066699982
vb0[358]+012 NORMAL: 0.7067002058029175, 0.4018274247646332, 0.5823310017585754
vb0[358]+024 TANGENT: 0.5291324257850647, 0.15438580513000488, 0.834376335144043, -1.0
vb0[358]+040 BLENDWEIGHTS: 0.8986416459083557, 0.08511341363191605, 0.01624496839940548, 0.0
vb0[358]+056 BLENDINDICES: 7, 2, 0, 0
vb0[358]+072 COLOR: 1.0, 0.5019607843137255, 0.5019607843137255, 0.4
vb0[358]+076 TEXCOORD: 0.41260838508605957, 0.5422502756118774
vb0[358]+084 TEXCOORD1: 0.20402604341506958, 0.8881652355194092

vb0[359]+000 POSITION: 0.022730737924575806, 1.2718639373779297, 0.1525786817073822
vb0[359]+012 NORMAL: 0.7055321335792542, 0.4098130166530609, 0.5781674981117249
vb0[359]+024 TANGENT: 0.8239197731018066, 0.25848865509033203, -0.5043212175369263, -1.0
vb0[359]+040 BLENDWEIGHTS: 0.8778820633888245, 0.10525296628475189, 0.016865001991391182, 0.0
vb0[359]+056 BLENDINDICES: 7, 2, 6, 0
vb0[359]+072 COLOR: 1.0, 0.5019607843137255, 0.5019607843137255, 0.4
vb0[359]+076 TEXCOORD: 0.42118144035339355, 0.5321087837219238
vb0[359]+084 TEXCOORD1: 0.20402604341506958, 0.8881652355194092

vb0[360]+000 POSITION: 0.007487112656235695, 1.287760615348816, 0.15987958014011383
vb0[360]+012 NORMAL: 0.7072629332542419, 0.39781904220581055, 0.584396481513977
vb0[360]+024 TANGENT: 0.6969349384307861, 0.3032493591308594, -0.6498626470565796, -1.0
vb0[360]+040 BLENDWEIGHTS: 0.9015253782272339, 0.059438928961753845, 0.02665615826845169, 0.012379562482237816
vb0[360]+056 BLENDINDICES: 7, 2, 0, 3
vb0[360]+072 COLOR: 1.0, 0.5019607843137255, 0.5019607843137255, 0.4
vb0[360]+076 TEXCOORD: 0.4105391502380371, 0.551258385181427
vb0[360]+084 TEXCOORD1: 0.20402604341506958, 0.8881652355194092

vb0[361]+000 POSITION: 0.005863843020051718, 1.2874594926834106, 0.16197165846824646
vb0[361]+012 NORMAL: 0.7072628736495972, 0.39781904220581055, 0.584396481513977
vb0[361]+024 TANGENT: 0.33986973762512207, -0.26870280504226685, 0.9012698531150818, -1.0
vb0[361]+040 BLENDWEIGHTS: 0.9057984352111816, 0.04773601517081261, 0.034577153623104095, 0.011888531036674976
vb0[361]+056 BLENDINDICES: 7, 2, 0, 3
vb0[361]+072 COLOR: 1.0, 0.5019607843137255, 0.5019607843137255, 0.4
vb0[361]+076 TEXCOORD: 0.4073050022125244, 0.5517981648445129
vb0[361]+084 TEXCOORD1: 0.20402604341506958, 0.8881652355194092

vb0[362]+000 POSITION: 0.012534916400909424, 1.268578052520752, 0.15507012605667114
vb0[362]+012 NORMAL: -0.7033970355987549, -0.6835126876831055, 0.19504621624946594
vb0[362]+024 TANGENT: -0.7570229172706604, -0.08392274379730225, -0.647976279258728, -1.0
vb0[362]+040 BLENDWEIGHTS: 0.9151445031166077, 0.05055027827620506, 0.019132772460579872, 0.015172450803220272
vb0[362]+056 BLENDINDICES: 7, 2, 0, 6
vb0[362]+072 COLOR: 1.0, 0.5019607843137255, 0.5019607843137255, 0.4
vb0[362]+076 TEXCOORD: 0.407029390335083, 0.5326645970344543
vb0[362]+084 TEXCOORD1: 0.20402604341506958, 0.8881652355194092

vb0[363]+000 POSITION: 0.006552287843078375, 1.2760493755340576, 0.1593693643808365
vb0[363]+012 NORMAL: -0.7049205303192139, -0.6850280165672302, 0.18391233682632446
vb0[363]+024 TANGENT: -0.33502137660980225, -0.5573275089263916, 0.7597017288208008, -1.0
vb0[363]+040 BLENDWEIGHTS: 0.9129734039306641, 0.059587590396404266, 0.020485416054725647, 0.006953587755560875
vb0[363]+056 BLENDINDICES: 7, 2, 0, 6
vb0[363]+072 COLOR: 1.0, 0.5019607843137255, 0.5019607843137255, 0.4
vb0[363]+076 TEXCOORD: 0.40595197677612305, 0.5405439138412476
vb0[363]+084 TEXCOORD1: 0.20402604341506958, 0.8881652355194092

vb0[364]+000 POSITION: 0.006112520582973957, 1.275833249092102, 0.15688200294971466
vb0[364]+012 NORMAL: -0.7046167850494385, -0.6847257614135742, 0.18618784844875336
vb0[364]+024 TANGENT: -0.6783004999160767, -0.37786421179771423, -0.6301801800727844, -1.0
vb0[364]+040 BLENDWEIGHTS: 0.9189695119857788, 0.053609758615493774, 0.019815055653452873, 0.007605793420225382
vb0[364]+056 BLENDINDICES: 7, 2, 0, 6
vb0[364]+072 COLOR: 1.0, 0.5019607843137255, 0.5019607843137255, 0.4
vb0[364]+076 TEXCOORD: 0.4035012722015381, 0.5389862060546875
vb0[364]+084 TEXCOORD1: 0.20402604341506958, 0.8881652355194092

vb0[365]+000 POSITION: 0.01343674398958683, 1.2683327198028564, 0.15735329687595367
vb0[365]+012 NORMAL: -0.7033970355987549, -0.6835126876831055, 0.19504618644714355
vb0[365]+024 TANGENT: -0.21566198766231537, -0.2008746862411499, 0.9555831551551819, -1.0
vb0[365]+040 BLENDWEIGHTS: 0.9091787934303284, 0.058178629726171494, 0.018220795318484306, 0.014421908184885979
vb0[365]+056 BLENDINDICES: 7, 2, 0, 6
vb0[365]+072 COLOR: 1.0, 0.5019607843137255, 0.5019607843137255, 0.4
vb0[365]+076 TEXCOORD: 0.4105865955352783, 0.5326638221740723
vb0[365]+084 TEXCOORD1: 0.20402604341506958, 0.8881652355194092

vb0[366]+000 POSITION: 0.0, 1.2827383279800415, 0.1591474562883377
vb0[366]+012 NORMAL: -0.7060903906822205, -0.6861932277679443, 0.17485755681991577
vb0[366]+024 TANGENT: 0.0, -0.34836098551750183, -0.937360405921936, -1.0
vb0[366]+040 BLENDWEIGHTS: 0.9172549843788147, 0.04228253290057182, 0.04046248272061348, 0.0
vb0[366]+056 BLENDINDICES: 7, 2, 0, 0
vb0[366]+072 COLOR: 1.0, 0.5019607843137255, 0.5019607843137255, 0.4
vb0[366]+076 TEXCOORD: 0.4001436233520508, 0.5450027585029602
vb0[366]+084 TEXCOORD1: 0.20402604341506958, 0.8881652355194092

vb0[367]+000 POSITION: 0.0, 1.2833936214447021, 0.16185365617275238
vb0[367]+012 NORMAL: -0.7060904502868652, -0.6861931681632996, 0.17485757172107697
vb0[367]+024 TANGENT: 0.0, -0.4567287564277649, 0.8896060585975647, -1.0
vb0[367]+040 BLENDWEIGHTS: 0.9172549843788147, 0.04228253290057182, 0.04046248272061348, 0.0
vb0[367]+056 BLENDINDICES: 7, 2, 0, 0
vb0[367]+072 COLOR: 1.0, 0.5019607843137255, 0.5019607843137255, 0.4
vb0[367]+076 TEXCOORD: 0.40154099464416504, 0.5480437278747559
vb0[367]+084 TEXCOORD1: 0.20402604341506958, 0.8881652355194092

vb0[368]+000 POSITION: 0.012884477153420448, 1.3705387115478516, 0.11477024108171463
vb0[368]+012 NORMAL: -0.3496113717556, -0.7525343298912048, -0.5580894351005554
vb0[368]+024 TANGENT: -0.9160484075546265, -0.3246929347515106, -0.23543517291545868, -1.0
vb0[368]+040 BLENDWEIGHTS: 1.0, 0.0, 0.0, 0.0
vb0[368]+056 BLENDINDICES: 7, 0, 0, 0
vb0[368]+072 COLOR: 1.0, 0.2, 0.5019607843137255, 0.5019607843137255
vb0[368]+076 TEXCOORD: 0.3508622646331787, 0.5692278742790222
vb0[368]+084 TEXCOORD1: 0.20402604341506958, 0.8881652355194092

vb0[369]+000 POSITION: 0.017933359369635582, 1.3705941438674927, 0.11153275519609451
vb0[369]+012 NORMAL: 0.1490197330713272, -0.7893308997154236, -0.5956087708473206
vb0[369]+024 TANGENT: 0.048516929149627686, -0.7828002572059631, -0.620378851890564, -1.0
vb0[369]+040 BLENDWEIGHTS: 1.0, 0.0, 0.0, 0.0
vb0[369]+056 BLENDINDICES: 7, 0, 0, 0
vb0[369]+072 COLOR: 1.0, 0.2, 0.5019607843137255, 0.5019607843137255
vb0[369]+076 TEXCOORD: 0.34986019134521484, 0.568002462387085
vb0[369]+084 TEXCOORD1: 0.20402604341506958, 0.8881652355194092

vb0[370]+000 POSITION: 0.013207280077040195, 1.3658126592636108, 0.12151208519935608
vb0[370]+012 NORMAL: -0.33180665969848633, -0.7798572778701782, -0.5307795405387878
vb0[370]+024 TANGENT: -0.9282050132751465, 0.36104822158813477, 0.08988655358552933, -1.0
vb0[370]+040 BLENDWEIGHTS: 0.9788507223129272, 0.02114930748939514, 0.0, 0.0
vb0[370]+056 BLENDINDICES: 7, 2, 0, 0
vb0[370]+072 COLOR: 1.0, 0.2, 0.5019607843137255, 0.5019607843137255
vb0[370]+076 TEXCOORD: 0.3529684543609619, 0.5686627626419067
vb0[370]+084 TEXCOORD1: 0.20402604341506958, 0.8881652355194092

vb0[371]+000 POSITION: 0.013421273790299892, 1.376994013786316, 0.10678409039974213
vb0[371]+012 NORMAL: -0.1045987457036972, -0.7270143628120422, -0.6786082983016968
vb0[371]+024 TANGENT: -0.8626925349235535, -0.2619612216949463, -0.4325944483280182, -1.0
vb0[371]+040 BLENDWEIGHTS: 1.0, 0.0, 0.0, 0.0
vb0[371]+056 BLENDINDICES: 7, 0, 0, 0
vb0[371]+072 COLOR: 1.0, 0.2, 0.5019607843137255, 0.5019607843137255
vb0[371]+076 TEXCOORD: 0.34819889068603516, 0.5697594881057739
vb0[371]+084 TEXCOORD1: 0.20402604341506958, 0.8881652355194092

vb0[372]+000 POSITION: 0.022747483104467392, 1.3768141269683838, 0.10629802197217941
vb0[372]+012 NORMAL: 0.00490040285512805, -0.7649765610694885, -0.6440394520759583
vb0[372]+024 TANGENT: 0.4222382605075836, -0.46072015166282654, -0.7806739211082458, -1.0
vb0[372]+040 BLENDWEIGHTS: 1.0, 0.0, 0.0, 0.0
vb0[372]+056 BLENDINDICES: 7, 0, 0, 0
vb0[372]+072 COLOR: 1.0, 0.2, 0.5019607843137255, 0.5019607843137255
vb0[372]+076 TEXCOORD: 0.34743642807006836, 0.5674055814743042
vb0[372]+084 TEXCOORD1: 0.20402604341506958, 0.8881652355194092

vb0[373]+000 POSITION: 0.01887974515557289, 1.3633719682693481, 0.12411627173423767
vb0[373]+012 NORMAL: 0.06520302593708038, -0.8445236086845398, -0.5315340757369995
vb0[373]+024 TANGENT: 0.18011176586151123, -0.8274039030075073, -0.5319422483444214, -1.0
vb0[373]+040 BLENDWEIGHTS: 0.979069173336029, 0.02093082293868065, 0.0, 0.0
vb0[373]+056 BLENDINDICES: 7, 2, 0, 0
vb0[373]+072 COLOR: 1.0, 0.2, 0.5019607843137255, 0.5019607843137255
vb0[373]+076 TEXCOORD: 0.35364413261413574, 0.5664212107658386
vb0[373]+084 TEXCOORD1: 0.20402604341506958, 0.8881652355194092

vb0[374]+000 POSITION: 0.029111923649907112, 1.3760117292404175, 0.10730495303869247
vb0[374]+012 NORMAL: -0.06889225542545319, -0.7854105234146118, -0.615129292011261
vb0[374]+024 TANGENT: 0.2038748562335968, 0.009983658790588379, -0.9789460301399231, -1.0
vb0[374]+040 BLENDWEIGHTS: 1.0, 0.0, 0.0, 0.0
vb0[374]+056 BLENDINDICES: 7, 0, 0, 0
vb0[374]+072 COLOR: 1.0, 0.2, 0.5019607843137255, 0.5019607843137255
vb0[374]+076 TEXCOORD: 0.34722375869750977, 0.5656865835189819
vb0[374]+084 TEXCOORD1: 0.20402604341506958, 0.8881652355194092

vb0[375]+000 POSITION: 0.03528818115592003, 1.3744088411331177, 0.10874223709106445
vb0[375]+012 NORMAL: -0.0938362255692482, -0.7756657004356384, -0.6241294145584106
vb0[375]+024 TANGENT: 0.2944652736186981, -0.010947228409349918, -0.9555994868278503, -1.0
vb0[375]+040 BLENDWEIGHTS: 0.971939742565155, 0.028060253709554672, 0.0, 0.0
vb0[375]+056 BLENDINDICES: 7, 2, 0, 0
vb0[375]+072 COLOR: 1.0, 0.2, 0.5019607843137255, 0.5019607843137255
vb0[375]+076 TEXCOORD: 0.3472449779510498, 0.5639349818229675
vb0[375]+084 TEXCOORD1: 0.20402604341506958, 0.8881652355194092

vb0[376]+000 POSITION: 0.0422995463013649, 1.371553659439087, 0.11155527085065842
vb0[376]+012 NORMAL: -0.06084103137254715, -0.8097993731498718, -0.5835437774658203
vb0[376]+024 TANGENT: 0.5293869376182556, -0.12667958438396454, -0.8388692736625671, -1.0
vb0[376]+040 BLENDWEIGHTS: 0.9422600269317627, 0.046328749507665634, 0.011411248706281185, 0.0
vb0[376]+056 BLENDINDICES: 7, 2, 3, 0
vb0[376]+072 COLOR: 1.0, 0.2, 0.5019607843137255, 0.5019607843137255
vb0[376]+076 TEXCOORD: 0.3476681709289551, 0.561819314956665
vb0[376]+084 TEXCOORD1: 0.20402604341506958, 0.8881652355194092

vb0[377]+000 POSITION: 0.04788327217102051, 1.3678765296936035, 0.11750493943691254
vb0[377]+012 NORMAL: -0.05454545095562935, -0.8488567471504211, -0.5258013010025024
vb0[377]+024 TANGENT: 0.6894583106040955, -0.2457597553730011, -0.6813586354255676, -1.0
vb0[377]+040 BLENDWEIGHTS: 0.870017945766449, 0.1012103408575058, 0.028771724551916122, 0.0
vb0[377]+056 BLENDINDICES: 7, 2, 3, 0
vb0[377]+072 COLOR: 1.0, 0.2, 0.5019607843137255, 0.5019607843137255
vb0[377]+076 TEXCOORD: 0.34892845153808594, 0.5598334074020386
vb0[377]+084 TEXCOORD1: 0.20402604341506958, 0.8881652355194092

vb0[378]+000 POSITION: 0.03276129439473152, 1.3585749864578247, 0.13271263241767883
vb0[378]+012 NORMAL: -0.027208317071199417, -0.8703194260597229, -0.4917355179786682
vb0[378]+024 TANGENT: 0.006789445411413908, -0.859756588935852, -0.510658860206604, -1.0
vb0[378]+040 BLENDWEIGHTS: 0.7603796124458313, 0.16764122247695923, 0.07197914272546768, 0.0
vb0[378]+056 BLENDINDICES: 7, 2, 3, 0
vb0[378]+072 COLOR: 1.0, 0.2, 0.5019607843137255, 0.5019607843137255
vb0[378]+076 TEXCOORD: 0.3547666072845459, 0.5621886849403381
vb0[378]+084 TEXCOORD1: 0.20402604341506958, 0.8881652355194092

vb0[379]+000 POSITION: 0.05352042242884636, 1.3621366024017334, 0.126566082239151
vb0[379]+012 NORMAL: -0.08666493743658066, -0.8541741967201233, -0.5127139687538147
vb0[379]+024 TANGENT: 0.7404349446296692, -0.3263325095176697, -0.5875910520553589, -1.0
vb0[379]+040 BLENDWEIGHTS: 0.756245493888855, 0.16896720230579376, 0.07478729635477066, 0.0
vb0[379]+056 BLENDINDICES: 7, 2, 3, 0
vb0[379]+072 COLOR: 1.0, 0.2, 0.5019607843137255, 0.5019607843137255
vb0[379]+076 TEXCOORD: 0.35109782218933105, 0.5575085282325745
vb0[379]+084 TEXCOORD1: 0.20402604341506958, 0.8881652355194092

vb0[380]+000 POSITION: 0.014847906306385994, 1.3586918115615845, 0.13275107741355896
vb0[380]+012 NORMAL: -0.009336967021226883, -0.8507574796676636, -0.5254756808280945
vb0[380]+024 TANGENT: -0.5299437642097473, 0.181172713637352, 0.8284538984298706, -1.0
vb0[380]+040 BLENDWEIGHTS: 0.9189494252204895, 0.06699557602405548, 0.014055012725293636, 0.0
vb0[380]+056 BLENDINDICES: 7, 2, 3, 0
vb0[380]+072 COLOR: 1.0, 0.2, 0.5019607843137255, 0.5019607843137255
vb0[380]+076 TEXCOORD: 0.35625791549682617, 0.5666795969009399
vb0[380]+084 TEXCOORD1: 0.20402604341506958, 0.8881652355194092

vb0[381]+000 POSITION: 0.01787278987467289, 1.3514509201049805, 0.14355191588401794
vb0[381]+012 NORMAL: 0.029435476288199425, -0.8350110054016113, -0.5494454503059387
vb0[381]+024 TANGENT: -0.7719489336013794, -0.6255474090576172, -0.11307220906019211, -1.0
vb0[381]+040 BLENDWEIGHTS: 0.7647709250450134, 0.17987169325351715, 0.05535736680030823, 0.0
vb0[381]+056 BLENDINDICES: 7, 2, 3, 0
vb0[381]+072 COLOR: 1.0, 0.2, 0.5019607843137255, 0.5019607843137255
vb0[381]+076 TEXCOORD: 0.3592875003814697, 0.5648439526557922
vb0[381]+084 TEXCOORD1: 0.20402604341506958, 0.8881652355194092

vb0[382]+000 POSITION: 0.04095075652003288, 1.3503845930099487, 0.14730753004550934
vb0[382]+012 NORMAL: -0.03786971792578697, -0.8597274422645569, -0.5093472599983215
vb0[382]+024 TANGENT: 0.005564212799072266, -0.8498082160949707, -0.5270626544952393, -1.0
vb0[382]+040 BLENDWEIGHTS: 0.5504863858222961, 0.30162349343299866, 0.147890105843544, 0.0
vb0[382]+056 BLENDINDICES: 7, 2, 3, 0
vb0[382]+072 COLOR: 1.0, 0.2, 0.5019607843137255, 0.5019607843137255
vb0[382]+076 TEXCOORD: 0.35833001136779785, 0.55873042345047
vb0[382]+084 TEXCOORD1: 0.20402604341506958, 0.8881652355194092

vb0[383]+000 POSITION: 0.05865423008799553, 1.3540531396865845, 0.13957636058330536
vb0[383]+012 NORMAL: -0.1072440892457962, -0.8641429543495178, -0.4916866421699524
vb0[383]+024 TANGENT: 0.7669844031333923, -0.39945873618125916, -0.5021629333496094, -1.0
vb0[383]+040 BLENDWEIGHTS: 0.5528340339660645, 0.2990090250968933, 0.14815695583820343, 0.0
vb0[383]+056 BLENDINDICES: 7, 2, 3, 0
vb0[383]+072 COLOR: 1.0, 0.2, 0.5019607843137255, 0.5019607843137255
vb0[383]+076 TEXCOORD: 0.35456132888793945, 0.5549069046974182
vb0[383]+084 TEXCOORD1: 0.20402604341506958, 0.8881652355194092

vb0[384]+000 POSITION: 0.022777505218982697, 1.3444678783416748, 0.15354464948177338
vb0[384]+012 NORMAL: 0.06317317485809326, -0.7984906435012817, -0.5986834168434143
vb0[384]+024 TANGENT: -0.7201974391937256, -0.691328227519989, -0.05814516544342041, -1.0
vb0[384]+040 BLENDWEIGHTS: 0.5643495321273804, 0.28790876269340515, 0.14774172008037567, 0.0
vb0[384]+056 BLENDINDICES: 7, 2, 3, 0
vb0[384]+072 COLOR: 1.0, 0.2, 0.5019607843137255, 0.5019607843137255
vb0[384]+076 TEXCOORD: 0.36197900772094727, 0.5625765919685364
vb0[384]+084 TEXCOORD1: 0.20402604341506958, 0.8881652355194092

vb0[385]+000 POSITION: 0.04496993497014046, 1.3442518711090088, 0.1568668931722641
vb0[385]+012 NORMAL: -0.040426529943943024, -0.820717990398407, -0.5699014067649841
vb0[385]+024 TANGENT: 0.0010854601860046387, -0.8211023211479187, -0.5707799196243286, -1.0
vb0[385]+040 BLENDWEIGHTS: 0.38465026021003723, 0.3723992705345154, 0.2429504692554474, 0.0
vb0[385]+056 BLENDINDICES: 2, 7, 3, 0
vb0[385]+072 COLOR: 1.0, 0.2, 0.5019607843137255, 0.5019607843137255
vb0[385]+076 TEXCOORD: 0.3608541488647461, 0.5567638278007507
vb0[385]+084 TEXCOORD1: 0.20402604341506958, 0.8881652355194092

vb0[386]+000 POSITION: 0.061345357447862625, 1.3473126888275146, 0.14968346059322357
vb0[386]+012 NORMAL: -0.15856073796749115, -0.8314223289489746, -0.5325366854667664
vb0[386]+024 TANGENT: 0.7615908980369568, -0.4361324906349182, -0.47934097051620483, -1.0
vb0[386]+040 BLENDWEIGHTS: 0.3844633996486664, 0.37311843037605286, 0.24241815507411957, 0.0
vb0[386]+056 BLENDINDICES: 2, 7, 3, 0
vb0[386]+072 COLOR: 1.0, 0.2, 0.5019607843137255, 0.5019607843137255
vb0[386]+076 TEXCOORD: 0.3574514389038086, 0.5531815886497498
vb0[386]+084 TEXCOORD1: 0.20402604341506958, 0.8881652355194092

vb0[387]+000 POSITION: 0.028487389907240868, 1.3382251262664795, 0.16178281605243683
vb0[387]+012 NORMAL: 0.0856117308139801, -0.7488224506378174, -0.6572180390357971
vb0[387]+024 TANGENT: -0.6738404035568237, -0.7388182282447815, -0.009311676025390625, -1.0
vb0[387]+040 BLENDWEIGHTS: 0.40461260080337524, 0.37270599603652954, 0.22268138825893402, 0.0
vb0[387]+056 BLENDINDICES: 2, 7, 3, 0
vb0[387]+072 COLOR: 1.0, 0.2, 0.5019607843137255, 0.5019607843137255
vb0[387]+076 TEXCOORD: 0.36417484283447266, 0.5602806806564331
vb0[387]+084 TEXCOORD1: 0.20402604341506958, 0.8881652355194092

vb0[388]+000 POSITION: 0.06316618621349335, 1.340064525604248, 0.15931889414787292
vb0[388]+012 NORMAL: -0.2065611481666565, -0.7912682890892029, -0.5755232572555542
vb0[388]+024 TANGENT: 0.7373977899551392, -0.4602619409561157, -0.49437177181243896, -1.0
vb0[388]+040 BLENDWEIGHTS: 0.40981894731521606, 0.3372531235218048, 0.2529279589653015, 0.0
vb0[388]+056 BLENDINDICES: 2, 3, 7, 0
vb0[388]+072 COLOR: 1.0, 0.2, 0.5019607843137255, 0.5019607843137255
vb0[388]+076 TEXCOORD: 0.36038804054260254, 0.5516795516014099
vb0[388]+084 TEXCOORD1: 0.20402604341506958, 0.8881652355194092

vb0[389]+000 POSITION: 0.0492878183722496, 1.337912678718567, 0.16583646833896637
vb0[389]+012 NORMAL: -0.05183353275060654, -0.7658766508102417, -0.640894889831543
vb0[389]+024 TANGENT: -0.017503855749964714, -0.7685323357582092, -0.6395714282989502, -1.0
vb0[389]+040 BLENDWEIGHTS: 0.42930424213409424, 0.32337576150894165, 0.2473199963569641, 0.0
vb0[389]+056 BLENDINDICES: 2, 3, 7, 0
vb0[389]+072 COLOR: 1.0, 0.2, 0.5019607843137255, 0.5019607843137255
vb0[389]+076 TEXCOORD: 0.3632369041442871, 0.5547681450843811
vb0[389]+084 TEXCOORD1: 0.20402604341506958, 0.8881652355194092

vb0[390]+000 POSITION: 0.03549283370375633, 1.3319975137710571, 0.1689198613166809
vb0[390]+012 NORMAL: 0.11192039400339127, -0.6563026309013367, -0.746150553226471
vb0[390]+024 TANGENT: -0.6220081448554993, -0.7826355695724487, -0.024237334728240967, -1.0
vb0[390]+040 BLENDWEIGHTS: 0.4498801529407501, 0.29770103096961975, 0.25241878628730774, 0.0
vb0[390]+056 BLENDINDICES: 2, 3, 7, 0
vb0[390]+072 COLOR: 1.0, 0.2, 0.5019607843137255, 0.5019607843137255
vb0[390]+076 TEXCOORD: 0.3660149574279785, 0.5577272176742554
vb0[390]+084 TEXCOORD1: 0.20402604341506958, 0.8881652355194092

vb0[391]+000 POSITION: 0.06442709267139435, 1.3327488899230957, 0.16725607216358185
vb0[391]+012 NORMAL: -0.2650693655014038, -0.7294811606407166, -0.6305516958236694
vb0[391]+024 TANGENT: 0.6920364499092102, -0.4631075859069824, -0.5537300109863281, -1.0
vb0[391]+040 BLENDWEIGHTS: 0.419145405292511, 0.378361314535141, 0.2024933099746704, 0.0
vb0[391]+056 BLENDINDICES: 3, 2, 7, 0
vb0[391]+072 COLOR: 1.0, 0.2, 0.5019607843137255, 0.5019607843137255
vb0[391]+076 TEXCOORD: 0.3630044460296631, 0.5504347085952759
vb0[391]+084 TEXCOORD1: 0.20402604341506958, 0.8881652355194092

vb0[392]+000 POSITION: 0.05335919186472893, 1.3313790559768677, 0.17288032174110413
vb0[392]+012 NORMAL: -0.06926658749580383, -0.6607179045677185, -0.7474315166473389
vb0[392]+024 TANGENT: -0.05324232950806618, -0.6571350693702698, -0.7518901824951172, -1.0
vb0[392]+040 BLENDWEIGHTS: 0.40010344982147217, 0.39800581336021423, 0.2018907517194748, 0.0
vb0[392]+056 BLENDINDICES: 3, 2, 7, 0
vb0[392]+072 COLOR: 1.0, 0.2, 0.5019607843137255, 0.5019607843137255
vb0[392]+076 TEXCOORD: 0.36527252197265625, 0.5529559254646301
vb0[392]+084 TEXCOORD1: 0.20402604341506958, 0.8881652355194092

vb0[393]+000 POSITION: 0.042609184980392456, 1.3260051012039185, 0.17473632097244263
vb0[393]+012 NORMAL: 0.1089765653014183, -0.5645118355751038, -0.818199634552002
vb0[393]+024 TANGENT: -0.626713216304779, -0.7740762233734131, -0.08964765816926956, -1.0
vb0[393]+040 BLENDWEIGHTS: 0.4180733263492584, 0.3798946738243103, 0.20203199982643127, 0.0
vb0[393]+056 BLENDINDICES: 2, 3, 7, 0
vb0[393]+072 COLOR: 1.0, 0.2, 0.5019607843137255, 0.5019607843137255
vb0[393]+076 TEXCOORD: 0.36755895614624023, 0.5552351474761963
vb0[393]+084 TEXCOORD1: 0.20402604341506958, 0.8881652355194092

vb0[394]+000 POSITION: 0.06558728218078613, 1.3251571655273438, 0.17418231070041656
vb0[394]+012 NORMAL: -0.2640054523944855, -0.6517658829689026, -0.7109869122505188
vb0[394]+024 TANGENT: 0.6800380349159241, -0.39530718326568604, -0.617479145526886, -1.0
vb0[394]+040 BLENDWEIGHTS: 0.465950071811676, 0.3289751410484314, 0.20507480204105377, 0.0
vb0[394]+056 BLENDINDICES: 3, 2, 7, 0
vb0[394]+072 COLOR: 1.0, 0.2, 0.5019607843137255, 0.5019607843137255
vb0[394]+076 TEXCOORD: 0.3655059337615967, 0.5492932796478271
vb0[394]+084 TEXCOORD1: 0.20402604341506958, 0.8881652355194092

vb0[395]+000 POSITION: 0.05742470175027847, 1.323303461074829, 0.17800216376781464
vb0[395]+012 NORMAL: -0.09885582327842712, -0.557617723941803, -0.8241905570030212
vb0[395]+024 TANGENT: -0.08643651008605957, -0.5463023781776428, -0.8331161141395569, -1.0
vb0[395]+040 BLENDWEIGHTS: 0.45586255192756653, 0.33907920122146606, 0.2050582617521286, 0.0
vb0[395]+056 BLENDINDICES: 3, 2, 7, 0
vb0[395]+072 COLOR: 1.0, 0.2, 0.5019607843137255, 0.5019607843137255
vb0[395]+076 TEXCOORD: 0.3672327995300293, 0.5510842800140381
vb0[395]+084 TEXCOORD1: 0.20402604341506958, 0.8881652355194092

vb0[396]+000 POSITION: 0.06646954268217087, 1.3188717365264893, 0.1789807826280594
vb0[396]+012 NORMAL: -0.13506433367729187, -0.5782567858695984, -0.8045971989631653
vb0[396]+024 TANGENT: 0.7102184891700745, -0.3098966181278229, -0.6321026682853699, -1.0
vb0[396]+040 BLENDWEIGHTS: 0.4646620750427246, 0.32602953910827637, 0.20930838584899902, 0.0
vb0[396]+056 BLENDINDICES: 3, 2, 7, 0
vb0[396]+072 COLOR: 1.0, 0.2, 0.5019607843137255, 0.5019607843137255
vb0[396]+076 TEXCOORD: 0.367419958114624, 0.5484018325805664
vb0[396]+084 TEXCOORD1: 0.20402604341506958, 0.8881652355194092

vb0[397]+000 POSITION: 0.04929448664188385, 1.319876790046692, 0.17962904274463654
vb0[397]+012 NORMAL: 0.04543018713593483, -0.5725926160812378, -0.8185803294181824
vb0[397]+024 TANGENT: -0.6404116153717041, -0.7624859809875488, -0.09213113784790039, -1.0
vb0[397]+040 BLENDWEIGHTS: 0.4460071325302124, 0.3489070534706116, 0.20508581399917603, 0.0
vb0[397]+056 BLENDINDICES: 3, 2, 7, 0
vb0[397]+072 COLOR: 1.0, 0.2, 0.5019607843137255, 0.5019607843137255
vb0[397]+076 TEXCOORD: 0.3688998222351074, 0.5528121590614319
vb0[397]+084 TEXCOORD1: 0.20402604341506958, 0.8881652355194092

vb0[398]+000 POSITION: 0.054677002131938934, 1.3148696422576904, 0.18285907804965973
vb0[398]+012 NORMAL: -0.0831998884677887, -0.5573136806488037, -0.826123058795929
vb0[398]+024 TANGENT: -0.6643424034118652, -0.7413122653961182, -0.09542179107666016, -1.0
vb0[398]+040 BLENDWEIGHTS: 0.46467268466949463, 0.3260541260242462, 0.20927320420742035, 0.0
vb0[398]+056 BLENDINDICES: 3, 2, 7, 0
vb0[398]+072 COLOR: 1.0, 0.2, 0.5019607843137255, 0.5019607843137255
vb0[398]+076 TEXCOORD: 0.36985349655151367, 0.5508871078491211
vb0[398]+084 TEXCOORD1: 0.20402604341506958, 0.8881652355194092

vb0[399]+000 POSITION: 0.060668982565402985, 1.3097615242004395, 0.1858719438314438
vb0[399]+012 NORMAL: -0.09553263336420059, -0.5864012837409973, -0.8043674826622009
vb0[399]+024 TANGENT: -0.6371769905090332, -0.7671600580215454, -0.07396584749221802, -1.0
vb0[399]+040 BLENDWEIGHTS: 0.44842779636383057, 0.3236212432384491, 0.22795094549655914, 0.0
vb0[399]+056 BLENDINDICES: 3, 2, 7, 0
vb0[399]+072 COLOR: 1.0, 0.2, 0.5019607843137255, 0.5019607843137255
vb0[399]+076 TEXCOORD: 0.37076902389526367, 0.5488569736480713
vb0[399]+084 TEXCOORD1: 0.20402604341506958, 0.8881652355194092

vb0[400]+000 POSITION: 0.06749730557203293, 1.3121044635772705, 0.18362754583358765
vb0[400]+012 NORMAL: -0.09567595273256302, -0.586063802242279, -0.8045963644981384
vb0[400]+024 TANGENT: 0.7301080226898193, -0.29112428426742554, -0.6182143092155457, -1.0
vb0[400]+040 BLENDWEIGHTS: 0.4480501711368561, 0.3236093819141388, 0.22834044694900513, 0.0
vb0[400]+056 BLENDINDICES: 3, 2, 7, 0
vb0[400]+072 COLOR: 1.0, 0.2, 0.5019607843137255, 0.5019607843137255
vb0[400]+076 TEXCOORD: 0.3693578243255615, 0.5474300384521484
vb0[400]+084 TEXCOORD1: 0.20402604341506958, 0.8881652355194092

vb0[401]+000 POSITION: 0.06904932111501694, 1.3020679950714111, 0.18972863256931305
vb0[401]+012 NORMAL: -0.10531967878341675, -0.5630002021789551, -0.8197185397148132
vb0[401]+024 TANGENT: 0.383760005235672, -0.8810885548591614, 0.2764255702495575, -1.0
vb0[401]+040 BLENDWEIGHTS: 0.4148854613304138, 0.3229738175868988, 0.26214075088500977, 0.0
vb0[401]+056 BLENDINDICES: 3, 2, 7, 0
vb0[401]+072 COLOR: 1.0, 0.2, 0.5019607843137255, 0.5019607843137255
vb0[401]+076 TEXCOORD: 0.37212181091308594, 0.5460110902786255
vb0[401]+084 TEXCOORD1: 0.20402604341506958, 0.8881652355194092

vb0[402]+000 POSITION: 0.009919571690261364, 1.2554851770401, 0.15645624697208405
vb0[402]+012 NORMAL: -0.9015591740608215, 0.2200535088777542, 0.37251511216163635
vb0[402]+024 TANGENT: -0.45791295170783997, 0.07413661479949951, 0.8859004378318787, -1.0
vb0[402]+040 BLENDWEIGHTS: 0.8998441100120544, 0.055529143661260605, 0.030690133571624756, 0.013936633244156837
vb0[402]+056 BLENDINDICES: 7, 6, 2, 0
vb0[402]+072 COLOR: 1.0, 0.5019607843137255, 0.5019607843137255, 0.4
vb0[402]+076 TEXCOORD: 0.40601396560668945, 0.5213244557380676
vb0[402]+084 TEXCOORD1: 0.20402604341506958, 0.8881652355194092

vb0[403]+000 POSITION: 0.012534916400909424, 1.268578052520752, 0.15507012605667114
vb0[403]+012 NORMAL: -0.9018115997314453, 0.21048925817012787, 0.37739911675453186
vb0[403]+024 TANGENT: -0.7570229172706604, -0.08392274379730225, -0.647976279258728, -1.0
vb0[403]+040 BLENDWEIGHTS: 0.9151445031166077, 0.05055027827620506, 0.019132772460579872, 0.015172450803220272
vb0[403]+056 BLENDINDICES: 7, 2, 0, 6
vb0[403]+072 COLOR: 1.0, 0.5019607843137255, 0.5019607843137255, 0.4
vb0[403]+076 TEXCOORD: 0.407029390335083, 0.5326645970344543
vb0[403]+084 TEXCOORD1: 0.20402604341506958, 0.8881652355194092

vb0[404]+000 POSITION: 0.009042667225003242, 1.2556169033050537, 0.15417006611824036
vb0[404]+012 NORMAL: -0.9015165567398071, 0.22136108577251434, 0.37184303998947144
vb0[404]+024 TANGENT: -0.8248888254165649, 0.25413963198661804, -0.5049468874931335, -1.0
vb0[404]+040 BLENDWEIGHTS: 0.9020552635192871, 0.05625617504119873, 0.026333538815379143, 0.015355049632489681
vb0[404]+056 BLENDINDICES: 7, 6, 2, 0
vb0[404]+072 COLOR: 1.0, 0.5019607843137255, 0.5019607843137255, 0.4
vb0[404]+076 TEXCOORD: 0.40259790420532227, 0.522419273853302
vb0[404]+084 TEXCOORD1: 0.20402604341506958, 0.8881652355194092

vb0[405]+000 POSITION: 0.01343674398958683, 1.2683327198028564, 0.15735329687595367
vb0[405]+012 NORMAL: -0.9018115997314453, 0.21048925817012787, 0.37739914655685425
vb0[405]+024 TANGENT: -0.21566198766231537, -0.2008746862411499, 0.9555831551551819, -1.0
vb0[405]+040 BLENDWEIGHTS: 0.9091787934303284, 0.058178629726171494, 0.018220795318484306, 0.014421908184885979
vb0[405]+056 BLENDINDICES: 7, 2, 0, 6
vb0[405]+072 COLOR: 1.0, 0.5019607843137255, 0.5019607843137255, 0.4
vb0[405]+076 TEXCOORD: 0.4105865955352783, 0.5326638221740723
vb0[405]+084 TEXCOORD1: 0.20402604341506958, 0.8881652355194092

vb0[406]+000 POSITION: 0.004415537230670452, 1.2363266944885254, 0.15499673783779144
vb0[406]+012 NORMAL: -0.9087778925895691, 0.22968053817749023, 0.34838148951530457
vb0[406]+024 TANGENT: -0.5177479386329651, 0.0900430679321289, 0.8507815003395081, -1.0
vb0[406]+040 BLENDWEIGHTS: 0.7738090753555298, 0.18245822191238403, 0.03380778804421425, 0.00992490816861391
vb0[406]+056 BLENDINDICES: 7, 6, 5, 2
vb0[406]+072 COLOR: 1.0, 0.5019607843137255, 0.5019607843137255, 0.4
vb0[406]+076 TEXCOORD: 0.398468017578125, 0.5048890113830566
vb0[406]+084 TEXCOORD1: 0.20402604341506958, 0.8881652355194092

vb0[407]+000 POSITION: 0.003573224414139986, 1.2364944219589233, 0.15272989869117737
vb0[407]+012 NORMAL: -0.9098507165908813, 0.22995978593826294, 0.3453839421272278
vb0[407]+024 TANGENT: -0.7953136563301086, 0.27258574962615967, -0.5414547920227051, -1.0
vb0[407]+040 BLENDWEIGHTS: 0.7737158536911011, 0.18251481652259827, 0.03401937708258629, 0.009750094264745712
vb0[407]+056 BLENDINDICES: 7, 6, 5, 2
vb0[407]+072 COLOR: 1.0, 0.5019607843137255, 0.5019607843137255, 0.4
vb0[407]+076 TEXCOORD: 0.39553260803222656, 0.5060853362083435
vb0[407]+084 TEXCOORD1: 0.20402604341506958, 0.8881652355194092

vb0[408]+000 POSITION: 0.0, 1.2235314846038818, 0.15156379342079163
vb0[408]+012 NORMAL: -0.9183785319328308, 0.2321818470954895, 0.3204255700111389
vb0[408]+024 TANGENT: 0.0, 0.2944287061691284, -0.9556734561920166, -1.0
vb0[408]+040 BLENDWEIGHTS: 0.6435655951499939, 0.28866925835609436, 0.06776514649391174, 0.0
vb0[408]+056 BLENDINDICES: 7, 6, 5, 0
vb0[408]+072 COLOR: 1.0, 0.5019607843137255, 0.5019607843137255, 0.4
vb0[408]+076 TEXCOORD: 0.39078545570373535, 0.49511078000068665
vb0[408]+084 TEXCOORD1: 0.20402604341506958, 0.8881652355194092

vb0[409]+000 POSITION: 0.0, 1.2205742597579956, 0.1541391760110855
vb0[409]+012 NORMAL: -0.9183785319328308, 0.2321818470954895, 0.32042554020881653
vb0[409]+024 TANGENT: 0.0, 0.0, 1.0, -1.0
vb0[409]+040 BLENDWEIGHTS: 0.6113055944442749, 0.3123042583465576, 0.07639020681381226, 0.0
vb0[409]+056 BLENDINDICES: 7, 6, 5, 0
vb0[409]+072 COLOR: 1.0, 0.5019607843137255, 0.5019607843137255, 0.4
vb0[409]+076 TEXCOORD: 0.39231228828430176, 0.49122920632362366
vb0[409]+084 TEXCOORD1: 0.20402604341506958, 0.8881652355194092

vb0[410]+000 POSITION: 0.0, 1.3422088623046875, 0.13847312331199646
vb0[410]+012 NORMAL: -0.8800181150436401, 0.4746756851673126, -0.01584750972688198
vb0[410]+024 TANGENT: 0.0, -0.5072107315063477, -0.8618220686912537, -1.0
vb0[410]+040 BLENDWEIGHTS: 0.9083356261253357, 0.04598812758922577, 0.04567624628543854, 0.0
vb0[410]+056 BLENDINDICES: 7, 0, 2, 0
vb0[410]+072 COLOR: 1.0, 0.5019607843137255, 0.5019607843137255, 0.4
vb0[410]+076 TEXCOORD: 0.40286731719970703, 0.6155407428741455
vb0[410]+084 TEXCOORD1: 0.20402604341506958, 0.8881652355194092

vb0[411]+000 POSITION: 0.007529917173087597, 1.3559131622314453, 0.13081705570220947
vb0[411]+012 NORMAL: -0.883898138999939, 0.46451881527900696, -0.054279670119285583
vb0[411]+024 TANGENT: -0.7023680210113525, 0.6407111883163452, 0.3101102113723755, -1.0
vb0[411]+040 BLENDWEIGHTS: 0.9162574410438538, 0.058743540197610855, 0.024999020621180534, 0.0
vb0[411]+056 BLENDINDICES: 7, 2, 0, 0
vb0[411]+072 COLOR: 1.0, 0.5019607843137255, 0.5019607843137255, 0.4
vb0[411]+076 TEXCOORD: 0.41194725036621094, 0.6285632848739624
vb0[411]+084 TEXCOORD1: 0.20402604341506958, 0.8881652355194092

vb0[412]+000 POSITION: 0.006423401180654764, 1.354065179824829, 0.12933993339538574
vb0[412]+012 NORMAL: -0.8826333284378052, 0.4683455526828766, -0.04013613611459732
vb0[412]+024 TANGENT: -0.6388397812843323, -0.24860255420207977, -0.7280662059783936, -1.0
vb0[412]+040 BLENDWEIGHTS: 0.9162574410438538, 0.058743540197610855, 0.024999020621180534, 0.0
vb0[412]+056 BLENDINDICES: 7, 2, 0, 0
vb0[412]+072 COLOR: 1.0, 0.5019607843137255, 0.5019607843137255, 0.4
vb0[412]+076 TEXCOORD: 0.40912652015686035, 0.629041314125061
vb0[412]+084 TEXCOORD1: 0.20402604341506958, 0.8881652355194092

vb0[413]+000 POSITION: 0.0, 1.3425523042678833, 0.1411910057067871
vb0[413]+012 NORMAL: -0.8800181150436401, 0.4746756851673126, -0.01584751158952713
vb0[413]+024 TANGENT: 0.0, 0.8564962148666382, 0.5161533355712891, -1.0
vb0[413]+040 BLENDWEIGHTS: 0.8959752321243286, 0.052357833832502365, 0.05166693404316902, 0.0
vb0[413]+056 BLENDINDICES: 7, 2, 0, 0
vb0[413]+072 COLOR: 1.0, 0.5019607843137255, 0.5019607843137255, 0.4
vb0[413]+076 TEXCOORD: 0.40439891815185547, 0.6135750412940979
vb0[413]+084 TEXCOORD1: 0.20402604341506958, 0.8881652355194092

vb0[414]+000 POSITION: 0.01305835135281086, 1.3645888566970825, 0.11947241425514221
vb0[414]+012 NORMAL: -0.8834420442581177, 0.45288345217704773, -0.12011153995990753
vb0[414]+024 TANGENT: -0.6462367177009583, -0.3290981948375702, -0.6885293126106262, -1.0
vb0[414]+040 BLENDWEIGHTS: 0.9692394137382507, 0.02094721421599388, 0.009813355281949043, 0.0
vb0[414]+056 BLENDINDICES: 7, 2, 0, 0
vb0[414]+072 COLOR: 1.0, 0.5019607843137255, 0.5019607843137255, 0.4
vb0[414]+076 TEXCOORD: 0.4149653911590576, 0.6412341594696045
vb0[414]+084 TEXCOORD1: 0.20402604341506958, 0.8881652355194092

vb0[415]+000 POSITION: 0.013207280077040195, 1.3658126592636108, 0.12151208519935608
vb0[415]+012 NORMAL: -0.884682834148407, 0.45461514592170715, -0.10325353592634201
vb0[415]+024 TANGENT: -0.9282050132751465, 0.36104822158813477, 0.08988655358552933, -1.0
vb0[415]+040 BLENDWEIGHTS: 0.9788507223129272, 0.02114930748939514, 0.0, 0.0
vb0[415]+056 BLENDINDICES: 7, 2, 0, 0
vb0[415]+072 COLOR: 1.0, 0.2, 0.5019607843137255, 0.5019607843137255
vb0[415]+076 TEXCOORD: 0.4170053005218506, 0.6398023962974548
vb0[415]+084 TEXCOORD1: 0.20402604341506958, 0.8881652355194092

vb0[416]+000 POSITION: 0.017933359369635582, 1.3705941438674927, 0.11153275519609451
vb0[416]+012 NORMAL: -0.873744785785675, 0.4425754249095917, -0.20173484086990356
vb0[416]+024 TANGENT: 0.048516929149627686, -0.7828002572059631, -0.620378851890564, -1.0
vb0[416]+040 BLENDWEIGHTS: 1.0, 0.0, 0.0, 0.0
vb0[416]+056 BLENDINDICES: 7, 0, 0, 0
vb0[416]+072 COLOR: 1.0, 0.2, 0.5019607843137255, 0.5019607843137255
vb0[416]+076 TEXCOORD: 0.41620969772338867, 0.6436663866043091
vb0[416]+084 TEXCOORD1: 0.20402604341506958, 0.8881652355194092

vb0[417]+000 POSITION: 0.006727962754666805, 1.217361569404602, 0.15180841088294983
vb0[417]+012 NORMAL: 0.8399898409843445, -0.26315730810165405, 0.4745158553123474
vb0[417]+024 TANGENT: 0.8456949591636658, -0.22366876900196075, -0.4845332205295563, -1.0
vb0[417]+040 BLENDWEIGHTS: 0.5803913474082947, 0.3332996070384979, 0.08630906045436859, 0.0
vb0[417]+056 BLENDINDICES: 7, 6, 5, 0
vb0[417]+072 COLOR: 1.0, 0.5019607843137255, 0.5019607843137255, 0.4
vb0[417]+076 TEXCOORD: 0.3995223045349121, 0.4857499897480011
vb0[417]+084 TEXCOORD1: 0.20402604341506958, 0.8881652355194092

vb0[418]+000 POSITION: 0.011131329461932182, 1.236180067062378, 0.15422174334526062
vb0[418]+012 NORMAL: 0.8106392621994019, -0.25709813833236694, 0.5260841846466064
vb0[418]+024 TANGENT: 0.5149390697479248, -0.1920638531446457, 0.8354336023330688, -1.0
vb0[418]+040 BLENDWEIGHTS: 0.7708176970481873, 0.18172279000282288, 0.03425950929522514, 0.013200023211538792
vb0[418]+056 BLENDINDICES: 7, 6, 5, 2
vb0[418]+072 COLOR: 1.0, 0.5019607843137255, 0.5019607843137255, 0.4
vb0[418]+076 TEXCOORD: 0.4044337272644043, 0.5036425590515137
vb0[418]+084 TEXCOORD1: 0.20402604341506958, 0.8881652355194092

vb0[419]+000 POSITION: 0.0055114710703492165, 1.2173417806625366, 0.15373438596725464
vb0[419]+012 NORMAL: 0.8452823162078857, -0.26382216811180115, 0.46464577317237854
vb0[419]+024 TANGENT: 0.5028044581413269, -0.18133783340454102, 0.8451652526855469, -1.0
vb0[419]+040 BLENDWEIGHTS: 0.5788435935974121, 0.3345223069190979, 0.08663412183523178, 0.0
vb0[419]+056 BLENDINDICES: 7, 6, 5, 0
vb0[419]+072 COLOR: 1.0, 0.5019607843137255, 0.5019607843137255, 0.4
vb0[419]+076 TEXCOORD: 0.39655613899230957, 0.4868849515914917
vb0[419]+084 TEXCOORD1: 0.20402604341506958, 0.8881652355194092

vb0[420]+000 POSITION: 0.012456226162612438, 1.236290693283081, 0.15227314829826355
vb0[420]+012 NORMAL: 0.8105729222297668, -0.25656965374946594, 0.5264443159103394
vb0[420]+024 TANGENT: 0.8361997604370117, -0.191753089427948, -0.5138099789619446, -1.0
vb0[420]+040 BLENDWEIGHTS: 0.7697962522506714, 0.18118107318878174, 0.03403357043862343, 0.014989222399890423
vb0[420]+056 BLENDINDICES: 7, 6, 5, 2
vb0[420]+072 COLOR: 1.0, 0.5019607843137255, 0.5019607843137255, 0.4
vb0[420]+076 TEXCOORD: 0.407379150390625, 0.5025665163993835
vb0[420]+084 TEXCOORD1: 0.20402604341506958, 0.8881652355194092

vb0[421]+000 POSITION: 0.0, 1.1966426372528076, 0.15277130901813507
vb0[421]+012 NORMAL: 0.8738193511962891, -0.26701730489730835, 0.4063758850097656
vb0[421]+024 TANGENT: 0.0, -0.46510377526283264, 0.8852561712265015, -1.0
vb0[421]+040 BLENDWEIGHTS: 0.473308265209198, 0.35172098875045776, 0.17497076094150543, 0.0
vb0[421]+056 BLENDINDICES: 6, 7, 5, 0
vb0[421]+072 COLOR: 1.0, 0.5019607843137255, 0.5019607843137255, 0.4
vb0[421]+076 TEXCOORD: 0.3900177478790283, 0.4727220833301544
vb0[421]+084 TEXCOORD1: 0.20402604341506958, 0.8881652355194092

vb0[422]+000 POSITION: 0.0, 1.1953999996185303, 0.15124355256557465
vb0[422]+012 NORMAL: 0.8738194108009338, -0.26701733469963074, 0.4063758850097656
vb0[422]+024 TANGENT: 0.0, -0.9654439091682434, 0.26061078906059265, -1.0
vb0[422]+040 BLENDWEIGHTS: 0.48137861490249634, 0.33826175332069397, 0.1803596466779709, 0.0
vb0[422]+056 BLENDINDICES: 6, 7, 5, 0
vb0[422]+072 COLOR: 1.0, 0.5019607843137255, 0.5019607843137255, 0.4
vb0[422]+076 TEXCOORD: 0.3923969268798828, 0.4714030921459198
vb0[422]+084 TEXCOORD1: 0.20402604341506958, 0.8881652355194092

vb0[423]+000 POSITION: 0.01652402989566326, 1.254913568496704, 0.15488478541374207
vb0[423]+012 NORMAL: 0.8129310011863708, -0.25051191449165344, 0.5257251858711243
vb0[423]+024 TANGENT: 0.5669017434120178, -0.18656499683856964, 0.8023813962936401, -1.0
vb0[423]+040 BLENDWEIGHTS: 0.8883503675460815, 0.05821647495031357, 0.053433261811733246, 0.0
vb0[423]+056 BLENDINDICES: 7, 6, 2, 0
vb0[423]+072 COLOR: 1.0, 0.5019607843137255, 0.5019607843137255, 0.4
vb0[423]+076 TEXCOORD: 0.41193079948425293, 0.5197986364364624
vb0[423]+084 TEXCOORD1: 0.20402604341506958, 0.8881652355194092

vb0[424]+000 POSITION: 0.01775520108640194, 1.254873514175415, 0.15293613076210022
vb0[424]+012 NORMAL: 0.8133537173271179, -0.24987006187438965, 0.5253767371177673
vb0[424]+024 TANGENT: 0.8112280964851379, -0.1969147026538849, -0.5505755543708801, -1.0
vb0[424]+040 BLENDWEIGHTS: 0.8812304735183716, 0.059322867542505264, 0.05502771586179733, 0.004418929107487202
vb0[424]+056 BLENDINDICES: 7, 6, 2, 5
vb0[424]+072 COLOR: 1.0, 0.5019607843137255, 0.5019607843137255, 0.4
vb0[424]+076 TEXCOORD: 0.41483235359191895, 0.5185195207595825
vb0[424]+084 TEXCOORD1: 0.20402604341506958, 0.8881652355194092

vb0[425]+000 POSITION: 0.021379848942160606, 1.271437168121338, 0.15450434386730194
vb0[425]+012 NORMAL: 0.8163303136825562, -0.24531960487365723, 0.52289879322052
vb0[425]+024 TANGENT: 0.6770433187484741, 0.05059504136443138, 0.7342019081115723, -1.0
vb0[425]+040 BLENDWEIGHTS: 0.8692654371261597, 0.11515100300312042, 0.015583586879074574, 0.0
vb0[425]+056 BLENDINDICES: 7, 2, 6, 0
vb0[425]+072 COLOR: 1.0, 0.5019607843137255, 0.5019607843137255, 0.4
vb0[425]+076 TEXCOORD: 0.4181804656982422, 0.5322182774543762
vb0[425]+084 TEXCOORD1: 0.20402604341506958, 0.8881652355194092

vb0[426]+000 POSITION: 0.022730737924575806, 1.2718639373779297, 0.1525786817073822
vb0[426]+012 NORMAL: 0.8163303136825562, -0.24531960487365723, 0.52289879322052
vb0[426]+024 TANGENT: 0.8239197731018066, 0.25848865509033203, -0.5043212175369263, -1.0
vb0[426]+040 BLENDWEIGHTS: 0.8778820633888245, 0.10525296628475189, 0.016865001991391182, 0.0
vb0[426]+056 BLENDINDICES: 7, 2, 6, 0
vb0[426]+072 COLOR: 1.0, 0.5019607843137255, 0.5019607843137255, 0.4
vb0[426]+076 TEXCOORD: 0.42118144035339355, 0.5321087837219238
vb0[426]+084 TEXCOORD1: 0.20402604341506958, 0.8881652355194092

vb0[427]+000 POSITION: 0.0, 1.2915529012680054, 0.16147756576538086
vb0[427]+012 NORMAL: -0.7920584082603455, 0.5028471946716309, 0.34610432386398315
vb0[427]+024 TANGENT: 0.0, 0.6811336278915405, -0.7321590781211853, -1.0
vb0[427]+040 BLENDWEIGHTS: 0.9172549843788147, 0.042282551527023315, 0.04046246409416199, 0.0
vb0[427]+056 BLENDINDICES: 7, 2, 0, 0
vb0[427]+072 COLOR: 1.0, 0.5019607843137255, 0.5019607843137255, 0.4
vb0[427]+076 TEXCOORD: 0.40125131607055664, 0.5586427450180054
vb0[427]+084 TEXCOORD1: 0.20402604341506958, 0.8881652355194092

vb0[428]+000 POSITION: 0.0058925561606884, 1.2980073690414429, 0.1655854433774948
vb0[428]+012 NORMAL: -0.7927871942520142, 0.5029447078704834, 0.3442891538143158
vb0[428]+024 TANGENT: -0.5212993621826172, 0.13186800479888916, 0.8431239128112793, -1.0
vb0[428]+040 BLENDWEIGHTS: 0.7749677300453186, 0.16302189230918884, 0.03633509576320648, 0.025675296783447266
vb0[428]+056 BLENDINDICES: 7, 2, 3, 0
vb0[428]+072 COLOR: 1.0, 0.5019607843137255, 0.5019607843137255, 0.4
vb0[428]+076 TEXCOORD: 0.40895938873291016, 0.5628757476806641
vb0[428]+084 TEXCOORD1: 0.20402604341506958, 0.8881652355194092

vb0[429]+000 POSITION: 0.005552916321903467, 1.2988020181655884, 0.16364897787570953
vb0[429]+012 NORMAL: -0.7927756905555725, 0.502943217754364, 0.3443179726600647
vb0[429]+024 TANGENT: -0.6009833216667175, 0.6360388398170471, -0.4840181767940521, -1.0
vb0[429]+040 BLENDWEIGHTS: 0.7766244411468506, 0.1625927835702896, 0.03532494232058525, 0.025457849726080894
vb0[429]+056 BLENDINDICES: 7, 2, 3, 0
vb0[429]+072 COLOR: 1.0, 0.5019607843137255, 0.5019607843137255, 0.4
vb0[429]+076 TEXCOORD: 0.4068150520324707, 0.5648406744003296
vb0[429]+084 TEXCOORD1: 0.20402604341506958, 0.8881652355194092

vb0[430]+000 POSITION: 0.0, 1.2902300357818604, 0.1633949875831604
vb0[430]+012 NORMAL: -0.7920584082603455, 0.5028471946716309, 0.34610435366630554
vb0[430]+024 TANGENT: 0.0, -0.014831542037427425, 0.9998899698257446, -1.0
vb0[430]+040 BLENDWEIGHTS: 0.9172549843788147, 0.042282551527023315, 0.04046246409416199, 0.0
vb0[430]+056 BLENDINDICES: 7, 2, 0, 0
vb0[430]+072 COLOR: 1.0, 0.5019607843137255, 0.5019607843137255, 0.4
vb0[430]+076 TEXCOORD: 0.40250301361083984, 0.555849015712738
vb0[430]+084 TEXCOORD1: 0.20402604341506958, 0.8881652355194092

vb0[431]+000 POSITION: 0.01079715508967638, 1.3056482076644897, 0.16572721302509308
vb0[431]+012 NORMAL: -0.7942178249359131, 0.49201685190200806, 0.3565633296966553
vb0[431]+024 TANGENT: -0.5787738561630249, 0.6253496408462524, -0.5234106779098511, -1.0
vb0[431]+040 BLENDWEIGHTS: 0.6553728580474854, 0.25613418221473694, 0.07475634664297104, 0.013736546039581299
vb0[431]+056 BLENDINDICES: 7, 2, 3, 0
vb0[431]+072 COLOR: 1.0, 0.5019607843137255, 0.5019607843137255, 0.4
vb0[431]+076 TEXCOORD: 0.41206932067871094, 0.570694088935852
vb0[431]+084 TEXCOORD1: 0.20402604341506958, 0.8881652355194092

vb0[432]+000 POSITION: 0.011457554064691067, 1.3053523302078247, 0.16771216690540314
vb0[432]+012 NORMAL: -0.7944027781486511, 0.48735877871513367, 0.36249929666519165
vb0[432]+024 TANGENT: -0.5544772148132324, 0.1496596336364746, 0.8186311721801758, -1.0
vb0[432]+040 BLENDWEIGHTS: 0.6492335796356201, 0.26049619913101196, 0.07789309322834015, 0.012377122417092323
vb0[432]+056 BLENDINDICES: 7, 2, 3, 0
vb0[432]+072 COLOR: 1.0, 0.5019607843137255, 0.5019607843137255, 0.4
vb0[432]+076 TEXCOORD: 0.4150569438934326, 0.569511890411377
vb0[432]+084 TEXCOORD1: 0.20402604341506958, 0.8881652355194092

vb0[433]+000 POSITION: 0.016230205073952675, 1.3132129907608032, 0.16781015694141388
vb0[433]+012 NORMAL: -0.7946391105651855, 0.47779837250709534, 0.3745095431804657
vb0[433]+024 TANGENT: -0.8052474856376648, -0.11302822828292847, -0.5820661783218384, -1.0
vb0[433]+040 BLENDWEIGHTS: 0.5374882221221924, 0.34742116928100586, 0.11124972999095917, 0.003840884193778038
vb0[433]+056 BLENDINDICES: 7, 2, 3, 0
vb0[433]+072 COLOR: 1.0, 0.5019607843137255, 0.5019607843137255, 0.4
vb0[433]+076 TEXCOORD: 0.4178755283355713, 0.5771620273590088
vb0[433]+084 TEXCOORD1: 0.20402604341506958, 0.8881652355194092

vb0[434]+000 POSITION: 0.017606792971491814, 1.3134684562683105, 0.17019858956336975
vb0[434]+012 NORMAL: -0.7946391105651855, 0.47779837250709534, 0.3745095431804657
vb0[434]+024 TANGENT: -0.4326906204223633, 0.2149907499551773, 0.875532865524292, -1.0
vb0[434]+040 BLENDWEIGHTS: 0.5226593613624573, 0.3524700701236725, 0.12207381427288055, 0.0027967526111751795
vb0[434]+056 BLENDINDICES: 7, 2, 3, 0
vb0[434]+072 COLOR: 1.0, 0.5019607843137255, 0.5019607843137255, 0.4
vb0[434]+076 TEXCOORD: 0.4217946529388428, 0.5768447518348694
vb0[434]+084 TEXCOORD1: 0.20402604341506958, 0.8881652355194092

vb0[435]+000 POSITION: 0.011203759349882603, 1.349902868270874, 0.1392541229724884
vb0[435]+012 NORMAL: 0.7937080264091492, 0.11810524761676788, 0.5967233777046204
vb0[435]+024 TANGENT: 0.29373374581336975, 0.5154350996017456, 0.8050137758255005, -1.0
vb0[435]+040 BLENDWEIGHTS: 0.9074199199676514, 0.05490510165691376, 0.02580469474196434, 0.01187030877918005
vb0[435]+056 BLENDINDICES: 7, 2, 0, 3
vb0[435]+072 COLOR: 1.0, 0.5019607843137255, 0.5019607843137255, 0.4
vb0[435]+076 TEXCOORD: 0.4152703285217285, 0.61920166015625
vb0[435]+084 TEXCOORD1: 0.20402604341506958, 0.8881652355194092

vb0[436]+000 POSITION: 0.00757243437692523, 1.3387222290039062, 0.14629016816616058
vb0[436]+012 NORMAL: 0.7698255181312561, 0.14160995185375214, 0.6223465204238892
vb0[436]+024 TANGENT: 0.8797719478607178, -0.3732205331325531, -0.29446157813072205, -1.0
vb0[436]+040 BLENDWEIGHTS: 0.8897680044174194, 0.06787390261888504, 0.03493514284491539, 0.007422957103699446
vb0[436]+056 BLENDINDICES: 7, 2, 0, 3
vb0[436]+072 COLOR: 1.0, 0.5019607843137255, 0.5019607843137255, 0.4
vb0[436]+076 TEXCOORD: 0.41367292404174805, 0.6075550317764282
vb0[436]+084 TEXCOORD1: 0.20402604341506958, 0.8881652355194092

vb0[437]+000 POSITION: 0.012219024822115898, 1.3482009172439575, 0.13825997710227966
vb0[437]+012 NORMAL: 0.7898272275924683, 0.12203577160835266, 0.601065993309021
vb0[437]+024 TANGENT: 0.889714777469635, -0.4548684060573578, -0.03876233100891113, -1.0
vb0[437]+040 BLENDWEIGHTS: 0.9062918424606323, 0.05502991005778313, 0.02697860635817051, 0.011699655093252659
vb0[437]+056 BLENDINDICES: 7, 2, 0, 3
vb0[437]+072 COLOR: 1.0, 0.5019607843137255, 0.5019607843137255, 0.4
vb0[437]+076 TEXCOORD: 0.41777896881103516, 0.617866039276123
vb0[437]+084 TEXCOORD1: 0.20402604341506958, 0.8881652355194092

vb0[438]+000 POSITION: 0.006211770232766867, 1.339789867401123, 0.1476048082113266
vb0[438]+012 NORMAL: 0.7698256373405457, 0.14160999655723572, 0.6223465800285339
vb0[438]+024 TANGENT: 0.2870374321937561, 0.7284480333328247, 0.6220715641975403, -1.0
vb0[438]+040 BLENDWEIGHTS: 0.8915293216705322, 0.06348570436239243, 0.03846689313650131, 0.006518199108541012
vb0[438]+056 BLENDINDICES: 7, 2, 0, 3
vb0[438]+072 COLOR: 1.0, 0.5019607843137255, 0.5019607843137255, 0.4
vb0[438]+076 TEXCOORD: 0.4105057716369629, 0.6076551079750061
vb0[438]+084 TEXCOORD1: 0.20402604341506958, 0.8881652355194092

vb0[439]+000 POSITION: 0.0154896704480052, 1.355289101600647, 0.1322527676820755
vb0[439]+012 NORMAL: 0.831394612789154, 0.09723154455423355, 0.5471096634864807
vb0[439]+024 TANGENT: 0.883253276348114, -0.4660044312477112, -0.05199462175369263, -1.0
vb0[439]+040 BLENDWEIGHTS: 0.9449609518051147, 0.040584396570920944, 0.014454662799835205, 0.0
vb0[439]+056 BLENDINDICES: 7, 2, 3, 0
vb0[439]+072 COLOR: 1.0, 0.5019607843137255, 0.5019607843137255, 0.4
vb0[439]+076 TEXCOORD: 0.42093896865844727, 0.6258006691932678
vb0[439]+084 TEXCOORD1: 0.20402604341506958, 0.8881652355194092

vb0[440]+000 POSITION: 0.014847906306385994, 1.3586918115615845, 0.13275107741355896
vb0[440]+012 NORMAL: 0.8533887267112732, 0.09769440442323685, 0.51203852891922
vb0[440]+024 TANGENT: -0.5299437642097473, 0.181172713637352, 0.8284538984298706, -1.0
vb0[440]+040 BLENDWEIGHTS: 0.9189494252204895, 0.06699557602405548, 0.014055012725293636, 0.0
vb0[440]+056 BLENDINDICES: 7, 2, 3, 0
vb0[440]+072 COLOR: 1.0, 0.2, 0.5019607843137255, 0.5019607843137255
vb0[440]+076 TEXCOORD: 0.41898107528686523, 0.6284558176994324
vb0[440]+084 TEXCOORD1: 0.20402604341506958, 0.8881652355194092

vb0[441]+000 POSITION: 0.01887974515557289, 1.3633719682693481, 0.12411627173423767
vb0[441]+012 NORMAL: 0.8802935481071472, 0.09804986417293549, 0.4641868770122528
vb0[441]+024 TANGENT: 0.18011176586151123, -0.8274039030075073, -0.5319422483444214, -1.0
vb0[441]+040 BLENDWEIGHTS: 0.979069173336029, 0.02093082293868065, 0.0, 0.0
vb0[441]+056 BLENDINDICES: 7, 2, 0, 0
vb0[441]+072 COLOR: 1.0, 0.2, 0.5019607843137255, 0.5019607843137255
vb0[441]+076 TEXCOORD: 0.42220091819763184, 0.628860354423523
vb0[441]+084 TEXCOORD1: 0.20402604341506958, 0.8881652355194092

vb0[442]+000 POSITION: 0.007626149337738752, 1.326776146888733, 0.1591176688671112
vb0[442]+012 NORMAL: -0.8404331803321838, -0.26573893427848816, 0.47228699922561646
vb0[442]+024 TANGENT: -0.5533974170684814, 0.23683618009090424, 0.7985361814498901, -1.0
vb0[442]+040 BLENDWEIGHTS: 0.7093304395675659, 0.21284255385398865, 0.050224293023347855, 0.027602681890130043
vb0[442]+056 BLENDINDICES: 7, 2, 3, 0
vb0[442]+072 COLOR: 1.0, 0.5019607843137255, 0.5019607843137255, 0.4
vb0[442]+076 TEXCOORD: 0.41223716735839844, 0.5921331644058228
vb0[442]+084 TEXCOORD1: 0.20402604341506958, 0.8881652355194092

vb0[443]+000 POSITION: 0.0, 1.333933711051941, 0.1500009149312973
vb0[443]+012 NORMAL: -0.832428514957428, -0.27200570702552795, 0.48277899622917175
vb0[443]+024 TANGENT: 0.0, -0.9187501668930054, -0.3948393762111664, -1.0
vb0[443]+040 BLENDWEIGHTS: 0.888981282711029, 0.06378291547298431, 0.04723580554127693, 0.0
vb0[443]+056 BLENDINDICES: 7, 0, 2, 0
vb0[443]+072 COLOR: 1.0, 0.5019607843137255, 0.5019607843137255, 0.4
vb0[443]+076 TEXCOORD: 0.4037740230560303, 0.5999491810798645
vb0[443]+084 TEXCOORD1: 0.20402604341506958, 0.8881652355194092

vb0[444]+000 POSITION: 0.007288639899343252, 1.3248980045318604, 0.1574261635541916
vb0[444]+012 NORMAL: -0.8412395715713501, -0.2650964856147766, 0.4712110459804535
vb0[444]+024 TANGENT: -0.6040428280830383, -0.7424691319465637, -0.2896061837673187, -1.0
vb0[444]+040 BLENDWEIGHTS: 0.7103690505027771, 0.21432755887508392, 0.049251019954681396, 0.026052381843328476
vb0[444]+056 BLENDINDICES: 7, 2, 3, 0
vb0[444]+072 COLOR: 1.0, 0.5019607843137255, 0.5019607843137255, 0.4
vb0[444]+076 TEXCOORD: 0.4097166061401367, 0.5903460383415222
vb0[444]+084 TEXCOORD1: 0.20402604341506958, 0.8881652355194092

vb0[445]+000 POSITION: 0.0, 1.3366808891296387, 0.15149733424186707
vb0[445]+012 NORMAL: -0.832428514957428, -0.27200570702552795, 0.48277896642684937
vb0[445]+024 TANGENT: 0.0, 0.5505539178848267, 0.8347996473312378, -1.0
vb0[445]+040 BLENDWEIGHTS: 0.8900213241577148, 0.06146344542503357, 0.04851523041725159, 0.0
vb0[445]+056 BLENDINDICES: 7, 0, 2, 0
vb0[445]+072 COLOR: 1.0, 0.5019607843137255, 0.5019607843137255, 0.4
vb0[445]+076 TEXCOORD: 0.4050002098083496, 0.6027961373329163
vb0[445]+084 TEXCOORD1: 0.20402604341506958, 0.8881652355194092

vb0[446]+000 POSITION: 0.012495812959969044, 1.3180911540985107, 0.16340047121047974
vb0[446]+012 NORMAL: -0.8515109419822693, -0.24661774933338165, 0.4627189636230469
vb0[446]+024 TANGENT: -0.6003478169441223, -0.7385331988334656, -0.3068406283855438, -1.0
vb0[446]+040 BLENDWEIGHTS: 0.600138247013092, 0.29719099402427673, 0.09207663685083389, 0.010594149120151997
vb0[446]+056 BLENDINDICES: 7, 2, 3, 0
vb0[446]+072 COLOR: 1.0, 0.5019607843137255, 0.5019607843137255, 0.4
vb0[446]+076 TEXCOORD: 0.4146270751953125, 0.5824111104011536
vb0[446]+084 TEXCOORD1: 0.20402604341506958, 0.8881652355194092

vb0[447]+000 POSITION: 0.013068622909486294, 1.3192675113677979, 0.1651352345943451
vb0[447]+012 NORMAL: -0.8505101799964905, -0.2431306391954422, 0.46639037132263184
vb0[447]+024 TANGENT: -0.5936117172241211, 0.2065150886774063, 0.7778024673461914, -1.0
vb0[447]+040 BLENDWEIGHTS: 0.5945753455162048, 0.2990087866783142, 0.09629334509372711, 0.010122590698301792
vb0[447]+056 BLENDINDICES: 7, 2, 3, 0
vb0[447]+072 COLOR: 1.0, 0.5019607843137255, 0.5019607843137255, 0.4
vb0[447]+076 TEXCOORD: 0.41750049591064453, 0.583747148513794
vb0[447]+084 TEXCOORD1: 0.20402604341506958, 0.8881652355194092

vb0[448]+000 POSITION: 0.016230205073952675, 1.3132129907608032, 0.16781015694141388
vb0[448]+012 NORMAL: -0.8465389013290405, -0.22994352877140045, 0.4801020324230194
vb0[448]+024 TANGENT: -0.8052474856376648, -0.11302822828292847, -0.5820661783218384, -1.0
vb0[448]+040 BLENDWEIGHTS: 0.5374882221221924, 0.34742116928100586, 0.11124972999095917, 0.003840884193778038
vb0[448]+056 BLENDINDICES: 7, 2, 3, 0
vb0[448]+072 COLOR: 1.0, 0.5019607843137255, 0.5019607843137255, 0.4
vb0[448]+076 TEXCOORD: 0.4178755283355713, 0.5771620273590088
vb0[448]+084 TEXCOORD1: 0.20402604341506958, 0.8881652355194092

vb0[449]+000 POSITION: 0.017606792971491814, 1.3134684562683105, 0.17019858956336975
vb0[449]+012 NORMAL: -0.8465389013290405, -0.22994351387023926, 0.4801020324230194
vb0[449]+024 TANGENT: -0.4326906204223633, 0.2149907499551773, 0.875532865524292, -1.0
vb0[449]+040 BLENDWEIGHTS: 0.5226593613624573, 0.3524700701236725, 0.12207381427288055, 0.0027967526111751795
vb0[449]+056 BLENDINDICES: 7, 2, 3, 0
vb0[449]+072 COLOR: 1.0, 0.5019607843137255, 0.5019607843137255, 0.4
vb0[449]+076 TEXCOORD: 0.4217946529388428, 0.5768447518348694
vb0[449]+084 TEXCOORD1: 0.20402604341506958, 0.8881652355194092

vb0[450]+000 POSITION: 0.00757243437692523, 1.3387222290039062, 0.14629016816616058
vb0[450]+012 NORMAL: 0.7169280648231506, 0.6700026392936707, 0.19264109432697296
vb0[450]+024 TANGENT: 0.8797719478607178, -0.3732205331325531, -0.29446157813072205, -1.0
vb0[450]+040 BLENDWEIGHTS: 0.8897680044174194, 0.06787390261888504, 0.03493514284491539, 0.007422957103699446
vb0[450]+056 BLENDINDICES: 7, 2, 0, 3
vb0[450]+072 COLOR: 1.0, 0.5019607843137255, 0.5019607843137255, 0.4
vb0[450]+076 TEXCOORD: 0.41367292404174805, 0.6075550317764282
vb0[450]+084 TEXCOORD1: 0.20402604341506958, 0.8881652355194092

vb0[451]+000 POSITION: 0.01268100831657648, 1.3304221630096436, 0.15614411234855652
vb0[451]+012 NORMAL: 0.6970404982566833, 0.6845009326934814, 0.2135251760482788
vb0[451]+024 TANGENT: 0.391242653131485, 0.7441194653511047, 0.5414937138557434, -1.0
vb0[451]+040 BLENDWEIGHTS: 0.6806100606918335, 0.23223306238651276, 0.06587300449609756, 0.021283885464072227
vb0[451]+056 BLENDINDICES: 7, 2, 3, 0
vb0[451]+072 COLOR: 1.0, 0.5019607843137255, 0.5019607843137255, 0.4
vb0[451]+076 TEXCOORD: 0.41662025451660156, 0.5965121984481812
vb0[451]+084 TEXCOORD1: 0.20402604341506958, 0.8881652355194092

vb0[452]+000 POSITION: 0.013587047345936298, 1.3298734426498413, 0.15464510023593903
vb0[452]+012 NORMAL: 0.699036717414856, 0.6831009387969971, 0.21147283911705017
vb0[452]+024 TANGENT: 0.8170519471168518, 0.06436574459075928, -0.5729600191116333, -1.0
vb0[452]+040 BLENDWEIGHTS: 0.6851502656936646, 0.22983701527118683, 0.06279006600379944, 0.02222268283367157
vb0[452]+056 BLENDINDICES: 7, 2, 3, 0
vb0[452]+072 COLOR: 1.0, 0.5019607843137255, 0.5019607843137255, 0.4
vb0[452]+076 TEXCOORD: 0.41906094551086426, 0.5978519916534424
vb0[452]+084 TEXCOORD1: 0.20402604341506958, 0.8881652355194092

vb0[453]+000 POSITION: 0.006211770232766867, 1.339789867401123, 0.1476048082113266
vb0[453]+012 NORMAL: 0.7169280648231506, 0.6700026392936707, 0.19264110922813416
vb0[453]+024 TANGENT: 0.2870374321937561, 0.7284480333328247, 0.6220715641975403, -1.0
vb0[453]+040 BLENDWEIGHTS: 0.8915293216705322, 0.06348570436239243, 0.03846689313650131, 0.006518199108541012
vb0[453]+056 BLENDINDICES: 7, 2, 0, 3
vb0[453]+072 COLOR: 1.0, 0.5019607843137255, 0.5019607843137255, 0.4
vb0[453]+076 TEXCOORD: 0.4105057716369629, 0.6076551079750061
vb0[453]+084 TEXCOORD1: 0.20402604341506958, 0.8881652355194092

vb0[454]+000 POSITION: 0.019858818501234055, 1.3212151527404785, 0.1628914475440979
vb0[454]+012 NORMAL: 0.6521556377410889, 0.7130348682403564, 0.25743794441223145
vb0[454]+024 TANGENT: 0.8374905586242676, 0.12944376468658447, -0.5308991074562073, -1.0
vb0[454]+040 BLENDWEIGHTS: 0.5549686551094055, 0.31896108388900757, 0.11742057651281357, 0.008649786002933979
vb0[454]+056 BLENDINDICES: 7, 2, 3, 0
vb0[454]+072 COLOR: 1.0, 0.5019607843137255, 0.5019607843137255, 0.4
vb0[454]+076 TEXCOORD: 0.42484116554260254, 0.5874422788619995
vb0[454]+084 TEXCOORD1: 0.20402604341506958, 0.8881652355194092

vb0[455]+000 POSITION: 0.01885402202606201, 1.3215436935424805, 0.16427597403526306
vb0[455]+012 NORMAL: 0.6490750908851624, 0.7148021459579468, 0.26030638813972473
vb0[455]+024 TANGENT: 0.30006715655326843, 0.7459009289741516, 0.5946354866027832, -1.0
vb0[455]+040 BLENDWEIGHTS: 0.5516484975814819, 0.3216308653354645, 0.11906182765960693, 0.007658813148736954
vb0[455]+056 BLENDINDICES: 7, 2, 3, 0
vb0[455]+072 COLOR: 1.0, 0.5019607843137255, 0.5019607843137255, 0.4
vb0[455]+076 TEXCOORD: 0.42267322540283203, 0.5860732197761536
vb0[455]+084 TEXCOORD1: 0.20402604341506958, 0.8881652355194092

vb0[456]+000 POSITION: 0.025749661028385162, 1.3132665157318115, 0.1703888326883316
vb0[456]+012 NORMAL: 0.6232771277427673, 0.7287459373474121, 0.2836461067199707
vb0[456]+024 TANGENT: 0.9942409992218018, -0.05120289698243141, -0.09414476156234741, -1.0
vb0[456]+040 BLENDWEIGHTS: 0.47509709000587463, 0.3618600070476532, 0.16304290294647217, 0.0
vb0[456]+056 BLENDINDICES: 7, 2, 3, 0
vb0[456]+072 COLOR: 1.0, 0.5019607843137255, 0.5019607843137255, 0.4
vb0[456]+076 TEXCOORD: 0.43120574951171875, 0.5759807229042053
vb0[456]+084 TEXCOORD1: 0.20402604341506958, 0.8881652355194092

vb0[457]+000 POSITION: 0.02468571439385414, 1.313557505607605, 0.17195817828178406
vb0[457]+012 NORMAL: 0.6232771277427673, 0.7287459373474121, 0.2836460471153259
vb0[457]+024 TANGENT: 0.43716055154800415, 0.14992846548557281, 0.8867988586425781, -1.0
vb0[457]+040 BLENDWEIGHTS: 0.4729268252849579, 0.3632006347179413, 0.16387253999710083, 0.0
vb0[457]+056 BLENDINDICES: 7, 2, 3, 0
vb0[457]+072 COLOR: 1.0, 0.5019607843137255, 0.5019607843137255, 0.4
vb0[457]+076 TEXCOORD: 0.4282402992248535, 0.5762330889701843
vb0[457]+084 TEXCOORD1: 0.20402604341506958, 0.8881652355194092

vb0[458]+000 POSITION: 0.012163055129349232, 1.2961939573287964, 0.16522233188152313
vb0[458]+012 NORMAL: 0.6148890256881714, -0.6309313178062439, 0.4731142222881317
vb0[458]+024 TANGENT: 0.3140401840209961, -0.5134670734405518, 0.7985801696777344, -1.0
vb0[458]+040 BLENDWEIGHTS: 0.7315362095832825, 0.20435982942581177, 0.047220565378665924, 0.016883408650755882
vb0[458]+056 BLENDINDICES: 7, 2, 3, 0
vb0[458]+072 COLOR: 1.0, 0.5019607843137255, 0.5019607843137255, 0.4
vb0[458]+076 TEXCOORD: 0.41431140899658203, 0.5599759221076965
vb0[458]+084 TEXCOORD1: 0.20402604341506958, 0.8881652355194092

vb0[459]+000 POSITION: 0.007487112656235695, 1.287760615348816, 0.15987958014011383
vb0[459]+012 NORMAL: 0.6317329406738281, -0.6334007978439331, 0.44689691066741943
vb0[459]+024 TANGENT: 0.6969349384307861, 0.3032493591308594, -0.6498626470565796, -1.0
vb0[459]+040 BLENDWEIGHTS: 0.9015253782272339, 0.059438928961753845, 0.02665615826845169, 0.012379562482237816
vb0[459]+056 BLENDINDICES: 7, 2, 0, 3
vb0[459]+072 COLOR: 1.0, 0.5019607843137255, 0.5019607843137255, 0.4
vb0[459]+076 TEXCOORD: 0.4105391502380371, 0.551258385181427
vb0[459]+084 TEXCOORD1: 0.20402604341506958, 0.8881652355194092

vb0[460]+000 POSITION: 0.013559218496084213, 1.2960965633392334, 0.16333499550819397
vb0[460]+012 NORMAL: 0.6135507822036743, -0.6307129263877869, 0.4751386046409607
vb0[460]+024 TANGENT: 0.7710497379302979, -0.3674764037132263, -0.5200417041778564, -1.0
vb0[460]+040 BLENDWEIGHTS: 0.7274010181427002, 0.2069147229194641, 0.04996565729379654, 0.015718603506684303
vb0[460]+056 BLENDINDICES: 7, 2, 3, 0
vb0[460]+072 COLOR: 1.0, 0.5019607843137255, 0.5019607843137255, 0.4
vb0[460]+076 TEXCOORD: 0.41745567321777344, 0.5595322847366333
vb0[460]+084 TEXCOORD1: 0.20402604341506958, 0.8881652355194092

vb0[461]+000 POSITION: 0.005863843020051718, 1.2874594926834106, 0.16197165846824646
vb0[461]+012 NORMAL: 0.6317329406738281, -0.6334007978439331, 0.44689691066741943
vb0[461]+024 TANGENT: 0.33986973762512207, -0.26870280504226685, 0.9012698531150818, -1.0
vb0[461]+040 BLENDWEIGHTS: 0.9057984352111816, 0.04773601517081261, 0.034577153623104095, 0.011888531036674976
vb0[461]+056 BLENDINDICES: 7, 2, 0, 3
vb0[461]+072 COLOR: 1.0, 0.5019607843137255, 0.5019607843137255, 0.4
vb0[461]+076 TEXCOORD: 0.4073050022125244, 0.5517981648445129
vb0[461]+084 TEXCOORD1: 0.20402604341506958, 0.8881652355194092

vb0[462]+000 POSITION: 0.018112104386091232, 1.3044427633285522, 0.16834326088428497
vb0[462]+012 NORMAL: 0.5861920118331909, -0.6252605319023132, 0.5151971578598022
vb0[462]+024 TANGENT: 0.25010156631469727, -0.48501476645469666, 0.8379796743392944, -1.0
vb0[462]+040 BLENDWEIGHTS: 0.6011896133422852, 0.28830599784851074, 0.10623946785926819, 0.004265019204467535
vb0[462]+056 BLENDINDICES: 7, 2, 3, 0
vb0[462]+072 COLOR: 1.0, 0.5019607843137255, 0.5019607843137255, 0.4
vb0[462]+076 TEXCOORD: 0.4209284782409668, 0.567699134349823
vb0[462]+084 TEXCOORD1: 0.20402604341506958, 0.8881652355194092

vb0[463]+000 POSITION: 0.01930122822523117, 1.3041120767593384, 0.16667450964450836
vb0[463]+012 NORMAL: 0.5866076946258545, -0.6253695487976074, 0.5145914554595947
vb0[463]+024 TANGENT: 0.7876342535018921, -0.4172031283378601, -0.45340242981910706, -1.0
vb0[463]+040 BLENDWEIGHTS: 0.6024487614631653, 0.2866007685661316, 0.10664763301610947, 0.004302868619561195
vb0[463]+056 BLENDINDICES: 7, 2, 3, 0
vb0[463]+072 COLOR: 1.0, 0.5019607843137255, 0.5019607843137255, 0.4
vb0[463]+076 TEXCOORD: 0.42398786544799805, 0.5673463344573975
vb0[463]+084 TEXCOORD1: 0.20402604341506958, 0.8881652355194092

vb0[464]+000 POSITION: 0.025749661028385162, 1.3132665157318115, 0.1703888326883316
vb0[464]+012 NORMAL: 0.5803506374359131, -0.623701274394989, 0.5236315131187439
vb0[464]+024 TANGENT: 0.9942409992218018, -0.05120289698243141, -0.09414476156234741, -1.0
vb0[464]+040 BLENDWEIGHTS: 0.47509709000587463, 0.3618600070476532, 0.16304290294647217, 0.0
vb0[464]+056 BLENDINDICES: 7, 2, 3, 0
vb0[464]+072 COLOR: 1.0, 0.5019607843137255, 0.5019607843137255, 0.4
vb0[464]+076 TEXCOORD: 0.43120574951171875, 0.5759807229042053
vb0[464]+084 TEXCOORD1: 0.20402604341506958, 0.8881652355194092

vb0[465]+000 POSITION: 0.02468571439385414, 1.313557505607605, 0.17195817828178406
vb0[465]+012 NORMAL: 0.5803505778312683, -0.6237011551856995, 0.5236315727233887
vb0[465]+024 TANGENT: 0.43716055154800415, 0.14992846548557281, 0.8867988586425781, -1.0
vb0[465]+040 BLENDWEIGHTS: 0.4729268252849579, 0.3632006347179413, 0.16387253999710083, 0.0
vb0[465]+056 BLENDINDICES: 7, 2, 3, 0
vb0[465]+072 COLOR: 1.0, 0.5019607843137255, 0.5019607843137255, 0.4
vb0[465]+076 TEXCOORD: 0.4282402992248535, 0.5762330889701843
vb0[465]+084 TEXCOORD1: 0.20402604341506958, 0.8881652355194092

vb0[466]+000 POSITION: 0.011623727157711983, 1.44425368309021, 0.05490143224596977
vb0[466]+012 NORMAL: 0.48015323281288147, 0.017630618065595627, 0.8770074844360352
vb0[466]+024 TANGENT: 0.7807337045669556, 0.06990718841552734, 0.6209412217140198, -1.0
vb0[466]+040 BLENDWEIGHTS: 0.6746066808700562, 0.32539331912994385, 0.0, 0.0
vb0[466]+056 BLENDINDICES: 4, 7, 0, 0
vb0[466]+072 COLOR: 1.0, 0.5019607843137255, 0.5019607843137255, 0.4
vb0[466]+076 TEXCOORD: 0.3183715343475342, 0.610785722732544
vb0[466]+084 TEXCOORD1: 0.20402604341506958, 0.8881652355194092

vb0[467]+000 POSITION: 0.004638864658772945, 1.450352430343628, 0.05867454409599304
vb0[467]+012 NORMAL: 0.4384724795818329, -0.01688968762755394, 0.8985859155654907
vb0[467]+024 TANGENT: -0.16149413585662842, -0.2546980381011963, 0.9534404277801514, -1.0
vb0[467]+040 BLENDWEIGHTS: 0.8018916249275208, 0.19810836017131805, 0.0, 0.0
vb0[467]+056 BLENDINDICES: 4, 7, 0, 0
vb0[467]+072 COLOR: 1.0, 0.5019607843137255, 0.5019607843137255, 0.4
vb0[467]+076 TEXCOORD: 0.30754709243774414, 0.6067721247673035
vb0[467]+084 TEXCOORD1: 0.20402604341506958, 0.8881652355194092

vb0[468]+000 POSITION: 0.006860008463263512, 1.4428236484527588, 0.057623326778411865
vb0[468]+012 NORMAL: 0.49566206336021423, 0.03540842607617378, 0.8677933812141418
vb0[468]+024 TANGENT: -0.15853653848171234, -0.022386787459254265, 0.9870992302894592, -1.0
vb0[468]+040 BLENDWEIGHTS: 0.6549090147018433, 0.3450910151004791, 0.0, 0.0
vb0[468]+056 BLENDINDICES: 4, 7, 0, 0
vb0[468]+072 COLOR: 1.0, 0.5019607843137255, 0.5019607843137255, 0.4
vb0[468]+076 TEXCOORD: 0.31667208671569824, 0.6048481464385986
vb0[468]+084 TEXCOORD1: 0.20402604341506958, 0.8881652355194092

vb0[469]+000 POSITION: 0.010974101722240448, 1.4359475374221802, 0.05572116747498512
vb0[469]+012 NORMAL: 0.5176640152931213, 0.054394740611314774, 0.853853166103363
vb0[469]+024 TANGENT: 0.7660346627235413, -0.03275519981980324, 0.6419642567634583, -1.0
vb0[469]+040 BLENDWEIGHTS: 0.5037968754768372, 0.49620309472084045, 0.0, 0.0
vb0[469]+056 BLENDINDICES: 7, 4, 0, 0
vb0[469]+072 COLOR: 1.0, 0.5019607843137255, 0.5019607843137255, 0.4
vb0[469]+076 TEXCOORD: 0.32730960845947266, 0.6049086451530457
vb0[469]+084 TEXCOORD1: 0.20402604341506958, 0.8881652355194092

vb0[470]+000 POSITION: 0.006241807714104652, 1.4360522031784058, 0.05862465873360634
vb0[470]+012 NORMAL: 0.504300057888031, 0.053844235837459564, 0.8618481755256653
vb0[470]+024 TANGENT: -0.18399786949157715, 0.19940364360809326, 0.9624879360198975, -1.0
vb0[470]+040 BLENDWEIGHTS: 0.5016154646873474, 0.4983845353126526, 0.0, 0.0
vb0[470]+056 BLENDINDICES: 7, 4, 0, 0
vb0[470]+072 COLOR: 1.0, 0.5019607843137255, 0.5019607843137255, 0.4
vb0[470]+076 TEXCOORD: 0.3239908218383789, 0.5998626351356506
vb0[470]+084 TEXCOORD1: 0.20402604341506958, 0.8881652355194092

vb0[471]+000 POSITION: 0.007977256551384926, 1.4286718368530273, 0.058139391243457794
vb0[471]+012 NORMAL: 0.338698148727417, 0.09869520366191864, 0.9357044100761414
vb0[471]+024 TANGENT: 0.6709033250808716, -0.06698101758956909, 0.7385135889053345, -1.0
vb0[471]+040 BLENDWEIGHTS: 0.695405900478363, 0.30459412932395935, 0.0, 0.0
vb0[471]+056 BLENDINDICES: 7, 4, 0, 0
vb0[471]+072 COLOR: 1.0, 0.5019607843137255, 0.5019607843137255, 0.4
vb0[471]+076 TEXCOORD: 0.33360934257507324, 0.5970954298973083
vb0[471]+084 TEXCOORD1: 0.20402604341506958, 0.8881652355194092

vb0[472]+000 POSITION: 0.00897291675209999, 1.4525268077850342, 0.056673564016819
vb0[472]+012 NORMAL: 0.41206666827201843, -0.05809956416487694, 0.9092994928359985
vb0[472]+024 TANGENT: 0.735526442527771, 0.1375269740819931, 0.663390576839447, -1.0
vb0[472]+040 BLENDWEIGHTS: 0.8209911584854126, 0.1790088415145874, 0.0, 0.0
vb0[472]+056 BLENDINDICES: 4, 7, 0, 0
vb0[472]+072 COLOR: 1.0, 0.5019607843137255, 0.5019607843137255, 0.4
vb0[472]+076 TEXCOORD: 0.308164119720459, 0.6124187111854553
vb0[472]+084 TEXCOORD1: 0.20402604341506958, 0.8881652355194092

vb0[473]+000 POSITION: 0.0, 1.4591623544692993, 0.06092926859855652
vb0[473]+012 NORMAL: 5.244823455541336e-07, -0.3149053454399109, 0.9491230845451355
vb0[473]+024 TANGENT: 0.0, -0.3930681347846985, 0.9195092916488647, -1.0
vb0[473]+040 BLENDWEIGHTS: 0.9171074032783508, 0.08289261162281036, 0.0, 0.0
vb0[473]+056 BLENDINDICES: 4, 7, 0, 0
vb0[473]+072 COLOR: 1.0, 0.5019607843137255, 0.5019607843137255, 0.4
vb0[473]+076 TEXCOORD: 0.2969369888305664, 0.6065645813941956
vb0[473]+084 TEXCOORD1: 0.20402604341506958, 0.8881652355194092

vb0[474]+000 POSITION: 0.004287727177143097, 1.459887981414795, 0.060239676386117935
vb0[474]+012 NORMAL: 0.20418184995651245, -0.34867462515830994, 0.9147326350212097
vb0[474]+024 TANGENT: 0.6492059230804443, -0.001541912672109902, 0.7606111764907837, -1.0
vb0[474]+040 BLENDWEIGHTS: 0.9105573892593384, 0.08944261819124222, 0.0, 0.0
vb0[474]+056 BLENDINDICES: 4, 7, 0, 0
vb0[474]+072 COLOR: 1.0, 0.5019607843137255, 0.5019607843137255, 0.4
vb0[474]+076 TEXCOORD: 0.29793787002563477, 0.6111646294593811
vb0[474]+084 TEXCOORD1: 0.20402604341506958, 0.8881652355194092

vb0[475]+000 POSITION: 0.0, 1.4665849208831787, 0.06453200429677963
vb0[475]+012 NORMAL: 0.0, -0.4245709776878357, 0.9053947329521179
vb0[475]+024 TANGENT: 0.0, 0.32659149169921875, 0.9451655745506287, -1.0
vb0[475]+040 BLENDWEIGHTS: 0.969246506690979, 0.030753493309020996, 0.0, 0.0
vb0[475]+056 BLENDINDICES: 4, 7, 0, 0
vb0[475]+072 COLOR: 1.0, 0.5019607843137255, 0.5019607843137255, 0.4
vb0[475]+076 TEXCOORD: 0.28830456733703613, 0.609958291053772
vb0[475]+084 TEXCOORD1: 0.20402604341506958, 0.8881652355194092

vb0[476]+000 POSITION: 0.0039039142429828644, 1.43068528175354, 0.05958542227745056
vb0[476]+012 NORMAL: 0.3350217640399933, 0.0009648281848058105, 0.9422098994255066
vb0[476]+024 TANGENT: -0.23034824430942535, 0.27976179122924805, 0.9320263266563416, -1.0
vb0[476]+040 BLENDWEIGHTS: 0.6374076008796692, 0.3625923693180084, 0.0, 0.0
vb0[476]+056 BLENDINDICES: 7, 4, 0, 0
vb0[476]+072 COLOR: 1.0, 0.5019607843137255, 0.5019607843137255, 0.4
vb0[476]+076 TEXCOORD: 0.3289675712585449, 0.5941445827484131
vb0[476]+084 TEXCOORD1: 0.20402604341506958, 0.8881652355194092

vb0[477]+000 POSITION: 0.0, 1.4247796535491943, 0.060847848653793335
vb0[477]+012 NORMAL: -1.502155441812647e-06, 0.2862071394920349, 0.9581678509712219
vb0[477]+024 TANGENT: 0.0, 0.36318469047546387, 0.9317172169685364, -1.0
vb0[477]+040 BLENDWEIGHTS: 0.7931182980537415, 0.20688171684741974, 0.0, 0.0
vb0[477]+056 BLENDINDICES: 7, 4, 0, 0
vb0[477]+072 COLOR: 1.0, 0.5019607843137255, 0.5019607843137255, 0.4
vb0[477]+076 TEXCOORD: 0.33307766914367676, 0.5871687531471252
vb0[477]+084 TEXCOORD1: 0.20402604341506958, 0.8881652355194092

vb0[478]+000 POSITION: 0.004163111560046673, 1.421074390411377, 0.06174975261092186
vb0[478]+012 NORMAL: 0.009808879345655441, 0.493055522441864, 0.8699425458908081
vb0[478]+024 TANGENT: 0.49801260232925415, 0.45360925793647766, 0.7390683889389038, -1.0
vb0[478]+040 BLENDWEIGHTS: 0.89638751745224, 0.10361246019601822, 0.0, 0.0
vb0[478]+056 BLENDINDICES: 7, 4, 0, 0
vb0[478]+072 COLOR: 1.0, 0.5019607843137255, 0.5019607843137255, 0.4
vb0[478]+076 TEXCOORD: 0.33954620361328125, 0.5885100960731506
vb0[478]+084 TEXCOORD1: 0.20402604341506958, 0.8881652355194092

vb0[479]+000 POSITION: 0.0, 1.420763373374939, 0.062345344573259354
vb0[479]+012 NORMAL: -2.9713791604990547e-07, 0.43459177017211914, 0.9006275534629822
vb0[479]+024 TANGENT: 0.0, 0.43235868215560913, 0.9017017483711243, -1.0
vb0[479]+040 BLENDWEIGHTS: 0.89638751745224, 0.10361246019601822, 0.0, 0.0
vb0[479]+056 BLENDINDICES: 7, 4, 0, 0
vb0[479]+072 COLOR: 1.0, 0.5019607843137255, 0.5019607843137255, 0.4
vb0[479]+076 TEXCOORD: 0.3376586437225342, 0.5837527513504028
vb0[479]+084 TEXCOORD1: 0.20402604341506958, 0.8881652355194092

vb0[480]+000 POSITION: 0.0, 1.4167457818984985, 0.06471295654773712
vb0[480]+012 NORMAL: 4.909479116577131e-07, 0.7367628812789917, 0.6761512160301208
vb0[480]+024 TANGENT: 0.0, 0.6123133301734924, 0.7906151413917542, -1.0
vb0[480]+040 BLENDWEIGHTS: 0.932453453540802, 0.06754652410745621, 0.0, 0.0
vb0[480]+056 BLENDINDICES: 7, 4, 0, 0
vb0[480]+072 COLOR: 1.0, 0.5019607843137255, 0.5019607843137255, 0.4
vb0[480]+076 TEXCOORD: 0.34250426292419434, 0.5808212757110596
vb0[480]+084 TEXCOORD1: 0.20402604341506958, 0.8881652355194092

vb0[481]+000 POSITION: 0.007609847001731396, 1.4160897731781006, 0.06711354851722717
vb0[481]+012 NORMAL: -0.13542789220809937, 0.7796183228492737, 0.6114364862442017
vb0[481]+024 TANGENT: 0.388536274433136, 0.8446759581565857, 0.36818739771842957, -1.0
vb0[481]+040 BLENDWEIGHTS: 0.9593342542648315, 0.04066576436161995, 0.0, 0.0
vb0[481]+056 BLENDINDICES: 7, 4, 0, 0
vb0[481]+072 COLOR: 1.0, 0.5019607843137255, 0.5019607843137255, 0.4
vb0[481]+076 TEXCOORD: 0.3482198715209961, 0.587116003036499
vb0[481]+084 TEXCOORD1: 0.20402604341506958, 0.8881652355194092

vb0[482]+000 POSITION: 0.007220521569252014, 1.4085407257080078, 0.0773124247789383
vb0[482]+012 NORMAL: -0.11192766577005386, 0.6996051669120789, 0.7057087421417236
vb0[482]+024 TANGENT: -0.5286814570426941, 0.42724499106407166, 0.7334558367729187, -1.0
vb0[482]+040 BLENDWEIGHTS: 1.0, 0.0, 0.0, 0.0
vb0[482]+056 BLENDINDICES: 7, 0, 0, 0
vb0[482]+072 COLOR: 1.0, 0.5019607843137255, 0.5019607843137255, 0.4
vb0[482]+076 TEXCOORD: 0.35981178283691406, 0.578849732875824
vb0[482]+084 TEXCOORD1: 0.20402604341506958, 0.8881652355194092

vb0[483]+000 POSITION: 0.012948062270879745, 1.4106651544570923, 0.07621093839406967
vb0[483]+012 NORMAL: -0.0958595797419548, 0.6830339431762695, 0.7240687608718872
vb0[483]+024 TANGENT: 0.3742119073867798, 0.8044694662094116, 0.46129631996154785, -1.0
vb0[483]+040 BLENDWEIGHTS: 1.0, 0.0, 0.0, 0.0
vb0[483]+056 BLENDINDICES: 7, 0, 0, 0
vb0[483]+072 COLOR: 1.0, 0.5019607843137255, 0.5019607843137255, 0.4
vb0[483]+076 TEXCOORD: 0.36072659492492676, 0.5860483646392822
vb0[483]+084 TEXCOORD1: 0.20402604341506958, 0.8881652355194092

vb0[484]+000 POSITION: 0.01398527156561613, 1.3979954719543457, 0.08553557097911835
vb0[484]+012 NORMAL: 0.0012599618639796972, 0.6356930136680603, 0.7719409465789795
vb0[484]+024 TANGENT: -0.49603766202926636, 0.32715946435928345, 0.8043091893196106, -1.0
vb0[484]+040 BLENDWEIGHTS: 1.0, 0.0, 0.0, 0.0
vb0[484]+056 BLENDINDICES: 7, 0, 0, 0
vb0[484]+072 COLOR: 1.0, 0.5019607843137255, 0.5019607843137255, 0.4
vb0[484]+076 TEXCOORD: 0.3760190010070801, 0.5769783854484558
vb0[484]+084 TEXCOORD1: 0.20402604341506958, 0.8881652355194092

vb0[485]+000 POSITION: 0.018926776945590973, 1.4020686149597168, 0.0821659043431282
vb0[485]+012 NORMAL: 0.028559667989611626, 0.6163703203201294, 0.7869383692741394
vb0[485]+024 TANGENT: 0.4896431565284729, 0.7263045907020569, 0.48242226243019104, -1.0
vb0[485]+040 BLENDWEIGHTS: 1.0, 0.0, 0.0, 0.0
vb0[485]+056 BLENDINDICES: 7, 0, 0, 0
vb0[485]+072 COLOR: 1.0, 0.5019607843137255, 0.5019607843137255, 0.4
vb0[485]+076 TEXCOORD: 0.3735785484313965, 0.5850000381469727
vb0[485]+084 TEXCOORD1: 0.20402604341506958, 0.8881652355194092

vb0[486]+000 POSITION: 0.024631328880786896, 1.3948843479156494, 0.08839748054742813
vb0[486]+012 NORMAL: -0.0017420565709471703, 0.6737751364707947, 0.7389343976974487
vb0[486]+024 TANGENT: 0.01958918757736683, 0.824431836605072, 0.5656222105026245, -1.0
vb0[486]+040 BLENDWEIGHTS: 1.0, 0.0, 0.0, 0.0
vb0[486]+056 BLENDINDICES: 7, 0, 0, 0
vb0[486]+072 COLOR: 1.0, 0.5019607843137255, 0.5019607843137255, 0.4
vb0[486]+076 TEXCOORD: 0.3854842185974121, 0.5839642286300659
vb0[486]+084 TEXCOORD1: 0.20402604341506958, 0.8881652355194092

vb0[487]+000 POSITION: 0.020002659410238266, 1.3898890018463135, 0.09310165792703629
vb0[487]+012 NORMAL: 0.003662667702883482, 0.6837665438652039, 0.7296916246414185
vb0[487]+024 TANGENT: -0.4728565216064453, 0.6462955474853516, 0.5989230871200562, -1.0
vb0[487]+040 BLENDWEIGHTS: 1.0, 0.0, 0.0, 0.0
vb0[487]+056 BLENDINDICES: 7, 0, 0, 0
vb0[487]+072 COLOR: 1.0, 0.5019607843137255, 0.5019607843137255, 0.4
vb0[487]+076 TEXCOORD: 0.38932180404663086, 0.575464129447937
vb0[487]+084 TEXCOORD1: 0.20402604341506958, 0.8881652355194092

vb0[488]+000 POSITION: -0.004163111560046673, 1.421074390411377, 0.06174975261092186
vb0[488]+012 NORMAL: -0.009809388779103756, 0.493060827255249, 0.8699394464492798
vb0[488]+024 TANGENT: -0.49801191687583923, 0.453611820936203, 0.7390672564506531, -1.0
vb0[488]+040 BLENDWEIGHTS: 0.89638751745224, 0.10361246019601822, 0.0, 0.0
vb0[488]+056 BLENDINDICES: 7, 4, 0, 0
vb0[488]+072 COLOR: 1.0, 0.5019607843137255, 0.5019607843137255, 0.4
vb0[488]+076 TEXCOORD: 0.33954620361328125, 0.5885100960731506
vb0[488]+084 TEXCOORD1: 0.20402604341506958, 0.8881652355194092

vb0[489]+000 POSITION: -0.007977256551384926, 1.4286718368530273, 0.058139391243457794
vb0[489]+012 NORMAL: -0.3387008011341095, 0.0986962839961052, 0.9357033967971802
vb0[489]+024 TANGENT: -0.6709033250808716, -0.06698042899370193, 0.7385135889053345, -1.0
vb0[489]+040 BLENDWEIGHTS: 0.6954058408737183, 0.30459415912628174, 0.0, 0.0
vb0[489]+056 BLENDINDICES: 7, 4, 0, 0
vb0[489]+072 COLOR: 1.0, 0.5019607843137255, 0.5019607843137255, 0.4
vb0[489]+076 TEXCOORD: 0.33360934257507324, 0.5970954298973083
vb0[489]+084 TEXCOORD1: 0.20402604341506958, 0.8881652355194092

vb0[490]+000 POSITION: -0.007609847001731396, 1.4160897731781006, 0.06711354851722717
vb0[490]+012 NORMAL: 0.13542874157428741, 0.7796201705932617, 0.6114338636398315
vb0[490]+024 TANGENT: -0.38853558897972107, 0.8446789383888245, 0.3681814670562744, -1.0
vb0[490]+040 BLENDWEIGHTS: 0.9593342542648315, 0.04066576436161995, 0.0, 0.0
vb0[490]+056 BLENDINDICES: 7, 4, 0, 0
vb0[490]+072 COLOR: 1.0, 0.5019607843137255, 0.5019607843137255, 0.4
vb0[490]+076 TEXCOORD: 0.3482198715209961, 0.587116003036499
vb0[490]+084 TEXCOORD1: 0.20402604341506958, 0.8881652355194092

vb0[491]+000 POSITION: -0.0039039142429828644, 1.43068528175354, 0.05958542227745056
vb0[491]+012 NORMAL: -0.33502551913261414, 0.0009646873804740608, 0.9422085285186768
vb0[491]+024 TANGENT: 0.23035167157649994, 0.27976763248443604, 0.9320237636566162, -1.0
vb0[491]+040 BLENDWEIGHTS: 0.637407660484314, 0.3625923693180084, 0.0, 0.0
vb0[491]+056 BLENDINDICES: 7, 4, 0, 0
vb0[491]+072 COLOR: 1.0, 0.5019607843137255, 0.5019607843137255, 0.4
vb0[491]+076 TEXCOORD: 0.3289675712585449, 0.5941445827484131
vb0[491]+084 TEXCOORD1: 0.20402604341506958, 0.8881652355194092

vb0[492]+000 POSITION: -0.007220521569252014, 1.4085407257080078, 0.0773124247789383
vb0[492]+012 NORMAL: 0.11192799359560013, 0.6996062397956848, 0.7057076096534729
vb0[492]+024 TANGENT: 0.5286821722984314, 0.4272457957267761, 0.7334548830986023, -1.0
vb0[492]+040 BLENDWEIGHTS: 1.0, 0.0, 0.0, 0.0
vb0[492]+056 BLENDINDICES: 7, 0, 0, 0
vb0[492]+072 COLOR: 1.0, 0.5019607843137255, 0.5019607843137255, 0.4
vb0[492]+076 TEXCOORD: 0.35981178283691406, 0.578849732875824
vb0[492]+084 TEXCOORD1: 0.20402604341506958, 0.8881652355194092

vb0[493]+000 POSITION: -0.012948062270879745, 1.4106651544570923, 0.07621093839406967
vb0[493]+012 NORMAL: 0.09585987776517868, 0.683035135269165, 0.7240676283836365
vb0[493]+024 TANGENT: -0.37421178817749023, 0.8044718503952026, 0.46129223704338074, -1.0
vb0[493]+040 BLENDWEIGHTS: 1.0, 0.0, 0.0, 0.0
vb0[493]+056 BLENDINDICES: 7, 0, 0, 0
vb0[493]+072 COLOR: 1.0, 0.5019607843137255, 0.5019607843137255, 0.4
vb0[493]+076 TEXCOORD: 0.36072659492492676, 0.5860483646392822
vb0[493]+084 TEXCOORD1: 0.20402604341506958, 0.8881652355194092

vb0[494]+000 POSITION: -0.006241807714104652, 1.4360522031784058, 0.05862465873360634
vb0[494]+012 NORMAL: -0.5042992234230042, 0.05384412407875061, 0.8618486523628235
vb0[494]+024 TANGENT: 0.18399815261363983, 0.19940349459648132, 0.9624878168106079, -1.0
vb0[494]+040 BLENDWEIGHTS: 0.5016154646873474, 0.4983845353126526, 0.0, 0.0
vb0[494]+056 BLENDINDICES: 7, 4, 0, 0
vb0[494]+072 COLOR: 1.0, 0.5019607843137255, 0.5019607843137255, 0.4
vb0[494]+076 TEXCOORD: 0.3239908218383789, 0.5998626351356506
vb0[494]+084 TEXCOORD1: 0.20402604341506958, 0.8881652355194092

vb0[495]+000 POSITION: -0.010974101722240448, 1.4359475374221802, 0.05572116747498512
vb0[495]+012 NORMAL: -0.5176632404327393, 0.054394692182540894, 0.8538536429405212
vb0[495]+024 TANGENT: -0.7660342454910278, -0.032755255699157715, 0.6419646143913269, -1.0
vb0[495]+040 BLENDWEIGHTS: 0.5037968754768372, 0.49620309472084045, 0.0, 0.0
vb0[495]+056 BLENDINDICES: 7, 4, 0, 0
vb0[495]+072 COLOR: 1.0, 0.5019607843137255, 0.5019607843137255, 0.4
vb0[495]+076 TEXCOORD: 0.32730960845947266, 0.6049086451530457
vb0[495]+084 TEXCOORD1: 0.20402604341506958, 0.8881652355194092

vb0[496]+000 POSITION: -0.006860008463263512, 1.4428236484527588, 0.057623326778411865
vb0[496]+012 NORMAL: -0.49566176533699036, 0.0354083850979805, 0.8677935600280762
vb0[496]+024 TANGENT: 0.15853647887706757, -0.022386787459254265, 0.9870992302894592, -1.0
vb0[496]+040 BLENDWEIGHTS: 0.6549090147018433, 0.3450910151004791, 0.0, 0.0
vb0[496]+056 BLENDINDICES: 4, 7, 0, 0
vb0[496]+072 COLOR: 1.0, 0.5019607843137255, 0.5019607843137255, 0.4
vb0[496]+076 TEXCOORD: 0.31667208671569824, 0.6048481464385986
vb0[496]+084 TEXCOORD1: 0.20402604341506958, 0.8881652355194092

vb0[497]+000 POSITION: -0.011623727157711983, 1.44425368309021, 0.05490143224596977
vb0[497]+012 NORMAL: -0.48015323281288147, 0.01763061434030533, 0.8770074844360352
vb0[497]+024 TANGENT: -0.7807351350784302, 0.06990742683410645, 0.6209392547607422, -1.0
vb0[497]+040 BLENDWEIGHTS: 0.6746066808700562, 0.32539328932762146, 0.0, 0.0
vb0[497]+056 BLENDINDICES: 4, 7, 0, 0
vb0[497]+072 COLOR: 1.0, 0.5019607843137255, 0.5019607843137255, 0.4
vb0[497]+076 TEXCOORD: 0.3183715343475342, 0.610785722732544
vb0[497]+084 TEXCOORD1: 0.20402604341506958, 0.8881652355194092

vb0[498]+000 POSITION: -0.004638864658772945, 1.450352430343628, 0.05867454409599304
vb0[498]+012 NORMAL: -0.4384724795818329, -0.01688971184194088, 0.8985859155654907
vb0[498]+024 TANGENT: 0.16149312257766724, -0.25469738245010376, 0.9534407258033752, -1.0
vb0[498]+040 BLENDWEIGHTS: 0.8018916249275208, 0.19810836017131805, 0.0, 0.0
vb0[498]+056 BLENDINDICES: 4, 7, 0, 0
vb0[498]+072 COLOR: 1.0, 0.5019607843137255, 0.5019607843137255, 0.4
vb0[498]+076 TEXCOORD: 0.30754709243774414, 0.6067721247673035
vb0[498]+084 TEXCOORD1: 0.20402604341506958, 0.8881652355194092

vb0[499]+000 POSITION: -0.00897291675209999, 1.4525268077850342, 0.056673564016819
vb0[499]+012 NORMAL: -0.4120662212371826, -0.05809905007481575, 0.9092996120452881
vb0[499]+024 TANGENT: -0.7355300188064575, 0.1375284194946289, 0.6633864641189575, -1.0
vb0[499]+040 BLENDWEIGHTS: 0.8209911584854126, 0.1790088415145874, 0.0, 0.0
vb0[499]+056 BLENDINDICES: 4, 7, 0, 0
vb0[499]+072 COLOR: 1.0, 0.5019607843137255, 0.5019607843137255, 0.4
vb0[499]+076 TEXCOORD: 0.308164119720459, 0.6124187111854553
vb0[499]+084 TEXCOORD1: 0.20402604341506958, 0.8881652355194092

vb0[500]+000 POSITION: -0.004287727177143097, 1.459887981414795, 0.060239676386117935
vb0[500]+012 NORMAL: -0.20417962968349457, -0.348671019077301, 0.9147344827651978
vb0[500]+024 TANGENT: -0.6492070555686951, -0.001539289834909141, 0.760610044002533, -1.0
vb0[500]+040 BLENDWEIGHTS: 0.9105573892593384, 0.08944261819124222, 0.0, 0.0
vb0[500]+056 BLENDINDICES: 4, 7, 0, 0
vb0[500]+072 COLOR: 1.0, 0.5019607843137255, 0.5019607843137255, 0.4
vb0[500]+076 TEXCOORD: 0.29793787002563477, 0.6111646294593811
vb0[500]+084 TEXCOORD1: 0.20402604341506958, 0.8881652355194092

vb0[501]+000 POSITION: -0.01398527156561613, 1.3979954719543457, 0.08553557097911835
vb0[501]+012 NORMAL: -0.001260024611838162, 0.6356955170631409, 0.7719388604164124
vb0[501]+024 TANGENT: 0.4960348904132843, 0.32716071605682373, 0.8043104410171509, -1.0
vb0[501]+040 BLENDWEIGHTS: 1.0, 0.0, 0.0, 0.0
vb0[501]+056 BLENDINDICES: 7, 0, 0, 0
vb0[501]+072 COLOR: 1.0, 0.5019607843137255, 0.5019607843137255, 0.4
vb0[501]+076 TEXCOORD: 0.3760190010070801, 0.5769783854484558
vb0[501]+084 TEXCOORD1: 0.20402604341506958, 0.8881652355194092

vb0[502]+000 POSITION: -0.018926776945590973, 1.4020686149597168, 0.0821659043431282
vb0[502]+012 NORMAL: -0.028559736907482147, 0.6163709759712219, 0.7869378328323364
vb0[502]+024 TANGENT: -0.4896441400051117, 0.7263064384460449, 0.48241835832595825, -1.0
vb0[502]+040 BLENDWEIGHTS: 1.0, 0.0, 0.0, 0.0
vb0[502]+056 BLENDINDICES: 7, 0, 0, 0
vb0[502]+072 COLOR: 1.0, 0.5019607843137255, 0.5019607843137255, 0.4
vb0[502]+076 TEXCOORD: 0.3735785484313965, 0.5850000381469727
vb0[502]+084 TEXCOORD1: 0.20402604341506958, 0.8881652355194092

vb0[503]+000 POSITION: -0.024631328880786896, 1.3948843479156494, 0.08839748054742813
vb0[503]+012 NORMAL: 0.0017420254880562425, 0.6737810373306274, 0.7389289736747742
vb0[503]+024 TANGENT: -0.01958918757736683, 0.8244331479072571, 0.5656203031539917, -1.0
vb0[503]+040 BLENDWEIGHTS: 1.0, 0.0, 0.0, 0.0
vb0[503]+056 BLENDINDICES: 7, 0, 0, 0
vb0[503]+072 COLOR: 1.0, 0.5019607843137255, 0.5019607843137255, 0.4
vb0[503]+076 TEXCOORD: 0.3854842185974121, 0.5839642286300659
vb0[503]+084 TEXCOORD1: 0.20402604341506958, 0.8881652355194092

vb0[504]+000 POSITION: -0.020002659410238266, 1.3898890018463135, 0.09310165792703629
vb0[504]+012 NORMAL: -0.003662711940705776, 0.6837747693061829, 0.7296839356422424
vb0[504]+024 TANGENT: 0.47285473346710205, 0.6462974548339844, 0.5989223718643188, -1.0
vb0[504]+040 BLENDWEIGHTS: 1.0, 0.0, 0.0, 0.0
vb0[504]+056 BLENDINDICES: 7, 0, 0, 0
vb0[504]+072 COLOR: 1.0, 0.5019607843137255, 0.5019607843137255, 0.4
vb0[504]+076 TEXCOORD: 0.38932180404663086, 0.575464129447937
vb0[504]+084 TEXCOORD1: 0.20402604341506958, 0.8881652355194092

vb0[505]+000 POSITION: 0.011704151518642902, 1.435660481452942, 0.054082464426755905
vb0[505]+012 NORMAL: 0.9062912464141846, -0.10052306950092316, 0.4105256497859955
vb0[505]+024 TANGENT: 0.673095703125, -0.26544636487960815, -0.6902756690979004, -1.0
vb0[505]+040 BLENDWEIGHTS: 0.5120781660079956, 0.487921804189682, 0.0, 0.0
vb0[505]+056 BLENDINDICES: 7, 4, 0, 0
vb0[505]+072 COLOR: 1.0, 0.5019607843137255, 0.5019607843137255, 0.4
vb0[505]+076 TEXCOORD: 0.3284330368041992, 0.6062510013580322
vb0[505]+084 TEXCOORD1: 0.20402604341506958, 0.8881652355194092

vb0[506]+000 POSITION: 0.011623727157711983, 1.44425368309021, 0.05490143224596977
vb0[506]+012 NORMAL: 0.9291108250617981, 0.09876314550638199, 0.35636913776397705
vb0[506]+024 TANGENT: 0.7807337045669556, 0.06990718841552734, 0.6209412217140198, -1.0
vb0[506]+040 BLENDWEIGHTS: 0.6746066808700562, 0.32539331912994385, 0.0, 0.0
vb0[506]+056 BLENDINDICES: 4, 7, 0, 0
vb0[506]+072 COLOR: 1.0, 0.5019607843137255, 0.5019607843137255, 0.4
vb0[506]+076 TEXCOORD: 0.3183715343475342, 0.610785722732544
vb0[506]+084 TEXCOORD1: 0.20402604341506958, 0.8881652355194092

vb0[507]+000 POSITION: 0.010974101722240448, 1.4359475374221802, 0.05572116747498512
vb0[507]+012 NORMAL: 0.906841516494751, -0.09845621138811111, 0.4098106622695923
vb0[507]+024 TANGENT: 0.7660346627235413, -0.03275519981980324, 0.6419642567634583, -1.0
vb0[507]+040 BLENDWEIGHTS: 0.5037968754768372, 0.49620309472084045, 0.0, 0.0
vb0[507]+056 BLENDINDICES: 7, 4, 0, 0
vb0[507]+072 COLOR: 1.0, 0.5019607843137255, 0.5019607843137255, 0.4
vb0[507]+076 TEXCOORD: 0.32730960845947266, 0.6049086451530457
vb0[507]+084 TEXCOORD1: 0.20402604341506958, 0.8881652355194092

vb0[508]+000 POSITION: 0.012297378852963448, 1.4442930221557617, 0.05311379209160805
vb0[508]+012 NORMAL: 0.9292128086090088, 0.07780183851718903, 0.3612624406814575
vb0[508]+024 TANGENT: 0.679389476776123, 0.08592355251312256, -0.728729784488678, -1.0
vb0[508]+040 BLENDWEIGHTS: 0.6739392280578613, 0.32606077194213867, 0.0, 0.0
vb0[508]+056 BLENDINDICES: 4, 7, 0, 0
vb0[508]+072 COLOR: 1.0, 0.5019607843137255, 0.5019607843137255, 0.4
vb0[508]+076 TEXCOORD: 0.31926798820495605, 0.6123171448707581
vb0[508]+084 TEXCOORD1: 0.20402604341506958, 0.8881652355194092

vb0[509]+000 POSITION: 0.008557447232306004, 1.4280511140823364, 0.05663905665278435
vb0[509]+012 NORMAL: 0.8744414448738098, -0.1928979456424713, 0.44513198733329773
vb0[509]+024 TANGENT: 0.6869661808013916, -0.3860763609409332, -0.615648090839386, -1.0
vb0[509]+040 BLENDWEIGHTS: 0.7029060125350952, 0.2970940172672272, 0.0, 0.0
vb0[509]+056 BLENDINDICES: 7, 4, 0, 0
vb0[509]+072 COLOR: 1.0, 0.5019607843137255, 0.5019607843137255, 0.4
vb0[509]+076 TEXCOORD: 0.33479833602905273, 0.5983522534370422
vb0[509]+084 TEXCOORD1: 0.20402604341506958, 0.8881652355194092

vb0[510]+000 POSITION: 0.007977256551384926, 1.4286718368530273, 0.058139391243457794
vb0[510]+012 NORMAL: 0.8742467164993286, -0.19320224225521088, 0.4453825056552887
vb0[510]+024 TANGENT: 0.6709033250808716, -0.06698101758956909, 0.7385135889053345, -1.0
vb0[510]+040 BLENDWEIGHTS: 0.695405900478363, 0.30459412932395935, 0.0, 0.0
vb0[510]+056 BLENDINDICES: 7, 4, 0, 0
vb0[510]+072 COLOR: 1.0, 0.5019607843137255, 0.5019607843137255, 0.4
vb0[510]+076 TEXCOORD: 0.33360934257507324, 0.5970954298973083
vb0[510]+084 TEXCOORD1: 0.20402604341506958, 0.8881652355194092

vb0[511]+000 POSITION: 0.004778476897627115, 1.4202468395233154, 0.060265425592660904
vb0[511]+012 NORMAL: 0.8684722185134888, -0.2020900994539261, 0.45267608761787415
vb0[511]+024 TANGENT: 0.622075080871582, -0.3538428843021393, -0.6984395980834961, -1.0
vb0[511]+040 BLENDWEIGHTS: 0.8983384370803833, 0.10166159272193909, 0.0, 0.0
vb0[511]+056 BLENDINDICES: 7, 4, 0, 0
vb0[511]+072 COLOR: 1.0, 0.5019607843137255, 0.5019607843137255, 0.4
vb0[511]+076 TEXCOORD: 0.34020400047302246, 0.5902326703071594
vb0[511]+084 TEXCOORD1: 0.20402604341506958, 0.8881652355194092

vb0[512]+000 POSITION: 0.004163111560046673, 1.421074390411377, 0.06174975261092186
vb0[512]+012 NORMAL: 0.8684722185134888, -0.2020900696516037, 0.45267602801322937
vb0[512]+024 TANGENT: 0.49801260232925415, 0.45360925793647766, 0.7390683889389038, -1.0
vb0[512]+040 BLENDWEIGHTS: 0.89638751745224, 0.10361246019601822, 0.0, 0.0
vb0[512]+056 BLENDINDICES: 7, 4, 0, 0
vb0[512]+072 COLOR: 1.0, 0.5019607843137255, 0.5019607843137255, 0.4
vb0[512]+076 TEXCOORD: 0.33954620361328125, 0.5885100960731506
vb0[512]+084 TEXCOORD1: 0.20402604341506958, 0.8881652355194092

vb0[513]+000 POSITION: 0.009423761628568172, 1.4531726837158203, 0.05502136051654816
vb0[513]+012 NORMAL: 0.8963101506233215, 0.27555716037750244, 0.3474138379096985
vb0[513]+024 TANGENT: 0.6111816167831421, 0.4253641366958618, -0.667474627494812, -1.0
vb0[513]+040 BLENDWEIGHTS: 0.8263401985168457, 0.17365983128547668, 0.0, 0.0
vb0[513]+056 BLENDINDICES: 4, 7, 0, 0
vb0[513]+072 COLOR: 1.0, 0.5019607843137255, 0.5019607843137255, 0.4
vb0[513]+076 TEXCOORD: 0.30835437774658203, 0.6140897870063782
vb0[513]+084 TEXCOORD1: 0.20402604341506958, 0.8881652355194092

vb0[514]+000 POSITION: 0.00897291675209999, 1.4525268077850342, 0.056673564016819
vb0[514]+012 NORMAL: 0.8925263285636902, 0.2844325006008148, 0.3499927520751953
vb0[514]+024 TANGENT: 0.735526442527771, 0.1375269740819931, 0.663390576839447, -1.0
vb0[514]+040 BLENDWEIGHTS: 0.8209911584854126, 0.1790088415145874, 0.0, 0.0
vb0[514]+056 BLENDINDICES: 4, 7, 0, 0
vb0[514]+072 COLOR: 1.0, 0.5019607843137255, 0.5019607843137255, 0.4
vb0[514]+076 TEXCOORD: 0.308164119720459, 0.6124187111854553
vb0[514]+084 TEXCOORD1: 0.20402604341506958, 0.8881652355194092

vb0[515]+000 POSITION: 0.0045704408548772335, 1.4608498811721802, 0.058792293071746826
vb0[515]+012 NORMAL: 0.8683968186378479, 0.33725592494010925, 0.36351820826530457
vb0[515]+024 TANGENT: 0.5483517050743103, 0.6357072591781616, -0.543310821056366, -1.0
vb0[515]+040 BLENDWEIGHTS: 0.9168677926063538, 0.08313220739364624, 0.0, 0.0
vb0[515]+056 BLENDINDICES: 4, 7, 0, 0
vb0[515]+072 COLOR: 1.0, 0.5019607843137255, 0.5019607843137255, 0.4
vb0[515]+076 TEXCOORD: 0.2978477478027344, 0.6128395795822144
vb0[515]+084 TEXCOORD1: 0.20402604341506958, 0.8881652355194092

vb0[516]+000 POSITION: 0.004287727177143097, 1.459887981414795, 0.060239676386117935
vb0[516]+012 NORMAL: 0.8685464859008789, 0.33697810769081116, 0.3634181320667267
vb0[516]+024 TANGENT: 0.6492059230804443, -0.001541912672109902, 0.7606111764907837, -1.0
vb0[516]+040 BLENDWEIGHTS: 0.9105573892593384, 0.08944261819124222, 0.0, 0.0
vb0[516]+056 BLENDINDICES: 4, 7, 0, 0
vb0[516]+072 COLOR: 1.0, 0.5019607843137255, 0.5019607843137255, 0.4
vb0[516]+076 TEXCOORD: 0.29793787002563477, 0.6111646294593811
vb0[516]+084 TEXCOORD1: 0.20402604341506958, 0.8881652355194092

vb0[517]+000 POSITION: 0.0, 1.4665849208831787, 0.06453200429677963
vb0[517]+012 NORMAL: 0.8764670491218567, 0.3219636380672455, 0.3579733073711395
vb0[517]+024 TANGENT: 0.0, 0.32659149169921875, 0.9451655745506287, -1.0
vb0[517]+040 BLENDWEIGHTS: 0.969246506690979, 0.030753493309020996, 0.0, 0.0
vb0[517]+056 BLENDINDICES: 4, 7, 0, 0
vb0[517]+072 COLOR: 1.0, 0.5019607843137255, 0.5019607843137255, 0.4
vb0[517]+076 TEXCOORD: 0.28830456733703613, 0.609958291053772
vb0[517]+084 TEXCOORD1: 0.20402604341506958, 0.8881652355194092

vb0[518]+000 POSITION: 0.0, 1.4678376913070679, 0.06333016604185104
vb0[518]+012 NORMAL: 0.8764670491218567, 0.3219636380672455, 0.3579733073711395
vb0[518]+024 TANGENT: 0.0, 0.9990636706352234, 0.043265700340270996, -1.0
vb0[518]+040 BLENDWEIGHTS: 0.9722041487693787, 0.027795860543847084, 0.0, 0.0
vb0[518]+056 BLENDINDICES: 4, 7, 0, 0
vb0[518]+072 COLOR: 1.0, 0.5019607843137255, 0.5019607843137255, 0.4
vb0[518]+076 TEXCOORD: 0.28829336166381836, 0.6116477847099304
vb0[518]+084 TEXCOORD1: 0.20402604341506958, 0.8881652355194092

vb0[519]+000 POSITION: 0.008307810872793198, 1.4152213335037231, 0.0657745897769928
vb0[519]+012 NORMAL: 0.7709341645240784, 0.6368643045425415, -0.00802172813564539
vb0[519]+024 TANGENT: 0.7896543741226196, -0.16155922412872314, -0.5918991565704346, -1.0
vb0[519]+040 BLENDWEIGHTS: 0.9580153822898865, 0.041984595358371735, 0.0, 0.0
vb0[519]+056 BLENDINDICES: 7, 4, 0, 0
vb0[519]+072 COLOR: 1.0, 0.5019607843137255, 0.5019607843137255, 0.4
vb0[519]+076 TEXCOORD: 0.34819746017456055, 0.5894139409065247
vb0[519]+084 TEXCOORD1: 0.20402604341506958, 0.8881652355194092

vb0[520]+000 POSITION: 0.004163111560046673, 1.421074390411377, 0.06174975261092186
vb0[520]+012 NORMAL: 0.808432936668396, 0.5881487727165222, 0.022742997854948044
vb0[520]+024 TANGENT: 0.49801260232925415, 0.45360925793647766, 0.7390683889389038, -1.0
vb0[520]+040 BLENDWEIGHTS: 0.89638751745224, 0.10361246019601822, 0.0, 0.0
vb0[520]+056 BLENDINDICES: 7, 4, 0, 0
vb0[520]+072 COLOR: 1.0, 0.5019607843137255, 0.5019607843137255, 0.4
vb0[520]+076 TEXCOORD: 0.33954620361328125, 0.5885100960731506
vb0[520]+084 TEXCOORD1: 0.20402604341506958, 0.8881652355194092

vb0[521]+000 POSITION: 0.007609847001731396, 1.4160897731781006, 0.06711354851722717
vb0[521]+012 NORMAL: 0.7660743594169617, 0.6426435708999634, -0.011799979023635387
vb0[521]+024 TANGENT: 0.388536274433136, 0.8446759581565857, 0.36818739771842957, -1.0
vb0[521]+040 BLENDWEIGHTS: 0.9593342542648315, 0.04066576436161995, 0.0, 0.0
vb0[521]+056 BLENDINDICES: 7, 4, 0, 0
vb0[521]+072 COLOR: 1.0, 0.5019607843137255, 0.5019607843137255, 0.4
vb0[521]+076 TEXCOORD: 0.3482198715209961, 0.587116003036499
vb0[521]+084 TEXCOORD1: 0.20402604341506958, 0.8881652355194092

vb0[522]+000 POSITION: 0.004778476897627115, 1.4202468395233154, 0.060265425592660904
vb0[522]+012 NORMAL: 0.808432936668396, 0.5881487131118774, 0.022742994129657745
vb0[522]+024 TANGENT: 0.622075080871582, -0.3538428843021393, -0.6984395980834961, -1.0
vb0[522]+040 BLENDWEIGHTS: 0.8983384370803833, 0.10166159272193909, 0.0, 0.0
vb0[522]+056 BLENDINDICES: 7, 4, 0, 0
vb0[522]+072 COLOR: 1.0, 0.5019607843137255, 0.5019607843137255, 0.4
vb0[522]+076 TEXCOORD: 0.34020400047302246, 0.5902326703071594
vb0[522]+084 TEXCOORD1: 0.20402604341506958, 0.8881652355194092

vb0[523]+000 POSITION: 0.013677646405994892, 1.4098398685455322, 0.0748467817902565
vb0[523]+012 NORMAL: 0.7701389193534851, 0.637717604637146, 0.014225582592189312
vb0[523]+024 TANGENT: 0.8116132616996765, 0.0182114839553833, -0.5839111804962158, -1.0
vb0[523]+040 BLENDWEIGHTS: 1.0, 0.0, 0.0, 0.0
vb0[523]+056 BLENDINDICES: 7, 0, 0, 0
vb0[523]+072 COLOR: 1.0, 0.5019607843137255, 0.5019607843137255, 0.4
vb0[523]+076 TEXCOORD: 0.3605539798736572, 0.588148295879364
vb0[523]+084 TEXCOORD1: 0.20402604341506958, 0.8881652355194092

vb0[524]+000 POSITION: 0.012948062270879745, 1.4106651544570923, 0.07621093839406967
vb0[524]+012 NORMAL: 0.7708757519721985, 0.6368004083633423, 0.015356970950961113
vb0[524]+024 TANGENT: 0.3742119073867798, 0.8044694662094116, 0.46129631996154785, -1.0
vb0[524]+040 BLENDWEIGHTS: 1.0, 0.0, 0.0, 0.0
vb0[524]+056 BLENDINDICES: 7, 0, 0, 0
vb0[524]+072 COLOR: 1.0, 0.5019607843137255, 0.5019607843137255, 0.4
vb0[524]+076 TEXCOORD: 0.36072659492492676, 0.5860483646392822
vb0[524]+084 TEXCOORD1: 0.20402604341506958, 0.8881652355194092

vb0[525]+000 POSITION: 0.018926776945590973, 1.4020686149597168, 0.0821659043431282
vb0[525]+012 NORMAL: 0.7929127216339111, 0.6081680059432983, 0.037699032574892044
vb0[525]+024 TANGENT: 0.4896431565284729, 0.7263045907020569, 0.48242226243019104, -1.0
vb0[525]+040 BLENDWEIGHTS: 1.0, 0.0, 0.0, 0.0
vb0[525]+056 BLENDINDICES: 7, 0, 0, 0
vb0[525]+072 COLOR: 1.0, 0.5019607843137255, 0.5019607843137255, 0.4
vb0[525]+076 TEXCOORD: 0.3735785484313965, 0.5850000381469727
vb0[525]+084 TEXCOORD1: 0.20402604341506958, 0.8881652355194092

vb0[526]+000 POSITION: 0.019635731354355812, 1.4012523889541626, 0.0807947888970375
vb0[526]+012 NORMAL: 0.7918636798858643, 0.6097543835639954, 0.033933818340301514
vb0[526]+024 TANGENT: 0.703284502029419, -0.024603664875030518, -0.7104827165603638, -1.0
vb0[526]+040 BLENDWEIGHTS: 1.0, 0.0, 0.0, 0.0
vb0[526]+056 BLENDINDICES: 7, 0, 0, 0
vb0[526]+072 COLOR: 1.0, 0.5019607843137255, 0.5019607843137255, 0.4
vb0[526]+076 TEXCOORD: 0.37346887588500977, 0.586825430393219
vb0[526]+084 TEXCOORD1: 0.20402604341506958, 0.8881652355194092

vb0[527]+000 POSITION: 0.024678297340869904, 1.394776701927185, 0.08650312572717667
vb0[527]+012 NORMAL: 0.7835200428962708, 0.621341347694397, 0.005587112158536911
vb0[527]+024 TANGENT: 0.16108572483062744, -0.11060185730457306, -0.9807235598564148, -1.0
vb0[527]+040 BLENDWEIGHTS: 1.0, 0.0, 0.0, 0.0
vb0[527]+056 BLENDINDICES: 7, 0, 0, 0
vb0[527]+072 COLOR: 1.0, 0.5019607843137255, 0.5019607843137255, 0.4
vb0[527]+076 TEXCOORD: 0.3836812973022461, 0.5857794284820557
vb0[527]+084 TEXCOORD1: 0.20402604341506958, 0.8881652355194092

vb0[528]+000 POSITION: 0.024631328880786896, 1.3948843479156494, 0.08839748054742813
vb0[528]+012 NORMAL: 0.7835200428962708, 0.621341347694397, 0.005587112158536911
vb0[528]+024 TANGENT: 0.01958918757736683, 0.824431836605072, 0.5656222105026245, -1.0
vb0[528]+040 BLENDWEIGHTS: 1.0, 0.0, 0.0, 0.0
vb0[528]+056 BLENDINDICES: 7, 0, 0, 0
vb0[528]+072 COLOR: 1.0, 0.5019607843137255, 0.5019607843137255, 0.4
vb0[528]+076 TEXCOORD: 0.3854842185974121, 0.5839642286300659
vb0[528]+084 TEXCOORD1: 0.20402604341506958, 0.8881652355194092

vb0[529]+000 POSITION: 0.0, 1.4573404788970947, 0.05905308574438095
vb0[529]+012 NORMAL: -0.6984289288520813, -0.48890987038612366, 0.5226511359214783
vb0[529]+024 TANGENT: 0.0, -0.40535837411880493, -0.9141578078269958, -1.0
vb0[529]+040 BLENDWEIGHTS: 0.9003572463989258, 0.09964277595281601, 0.0, 0.0
vb0[529]+056 BLENDINDICES: 4, 7, 0, 0
vb0[529]+072 COLOR: 1.0, 0.5019607843137255, 0.5019607843137255, 0.4
vb0[529]+076 TEXCOORD: 0.2993643283843994, 0.6051346659660339
vb0[529]+084 TEXCOORD1: 0.20402604341506958, 0.8881652355194092

vb0[530]+000 POSITION: 0.004638864658772945, 1.450352430343628, 0.05867454409599304
vb0[530]+012 NORMAL: -0.7362686395645142, -0.3991730213165283, 0.5464150905609131
vb0[530]+024 TANGENT: -0.16149413585662842, -0.2546980381011963, 0.9534404277801514, -1.0
vb0[530]+040 BLENDWEIGHTS: 0.8018916249275208, 0.19810836017131805, 0.0, 0.0
vb0[530]+056 BLENDINDICES: 4, 7, 0, 0
vb0[530]+072 COLOR: 1.0, 0.5019607843137255, 0.5019607843137255, 0.4
vb0[530]+076 TEXCOORD: 0.30754709243774414, 0.6067721247673035
vb0[530]+084 TEXCOORD1: 0.20402604341506958, 0.8881652355194092

vb0[531]+000 POSITION: 0.0, 1.4591623544692993, 0.06092926859855652
vb0[531]+012 NORMAL: -0.6984289288520813, -0.48890987038612366, 0.5226511359214783
vb0[531]+024 TANGENT: 0.0, -0.3930681347846985, 0.9195092916488647, -1.0
vb0[531]+040 BLENDWEIGHTS: 0.9171074032783508, 0.08289261162281036, 0.0, 0.0
vb0[531]+056 BLENDINDICES: 4, 7, 0, 0
vb0[531]+072 COLOR: 1.0, 0.5019607843137255, 0.5019607843137255, 0.4
vb0[531]+076 TEXCOORD: 0.2969369888305664, 0.6065645813941956
vb0[531]+084 TEXCOORD1: 0.20402604341506958, 0.8881652355194092

vb0[532]+000 POSITION: 0.0037346421740949154, 1.4502394199371338, 0.0573953315615654
vb0[532]+012 NORMAL: -0.7367358207702637, -0.3979152739048004, 0.5467026233673096
vb0[532]+024 TANGENT: -0.9030036926269531, -0.2835533022880554, -0.32277220487594604, -1.0
vb0[532]+040 BLENDWEIGHTS: 0.8007522225379944, 0.199247807264328, 0.0, 0.0
vb0[532]+056 BLENDINDICES: 4, 7, 0, 0
vb0[532]+072 COLOR: 1.0, 0.5019607843137255, 0.5019607843137255, 0.4
vb0[532]+076 TEXCOORD: 0.3073873519897461, 0.6053444743156433
vb0[532]+084 TEXCOORD1: 0.20402604341506958, 0.8881652355194092

vb0[533]+000 POSITION: 0.00598287396132946, 1.4428735971450806, 0.05643453076481819
vb0[533]+012 NORMAL: -0.8202818036079407, -0.10278661549091339, 0.5626478791236877
vb0[533]+024 TANGENT: -0.9436456561088562, -0.10265565663576126, -0.3146342933177948, -1.0
vb0[533]+040 BLENDWEIGHTS: 0.6556246280670166, 0.3443753719329834, 0.0, 0.0
vb0[533]+056 BLENDINDICES: 4, 7, 0, 0
vb0[533]+072 COLOR: 1.0, 0.5019607843137255, 0.5019607843137255, 0.4
vb0[533]+076 TEXCOORD: 0.3160083293914795, 0.6036477088928223
vb0[533]+084 TEXCOORD1: 0.20402604341506958, 0.8881652355194092

vb0[534]+000 POSITION: 0.006860008463263512, 1.4428236484527588, 0.057623326778411865
vb0[534]+012 NORMAL: -0.8242054581642151, -0.08001959323883057, 0.5606089234352112
vb0[534]+024 TANGENT: -0.15853653848171234, -0.022386787459254265, 0.9870992302894592, -1.0
vb0[534]+040 BLENDWEIGHTS: 0.6549090147018433, 0.3450910151004791, 0.0, 0.0
vb0[534]+056 BLENDINDICES: 4, 7, 0, 0
vb0[534]+072 COLOR: 1.0, 0.5019607843137255, 0.5019607843137255, 0.4
vb0[534]+076 TEXCOORD: 0.31667208671569824, 0.6048481464385986
vb0[534]+084 TEXCOORD1: 0.20402604341506958, 0.8881652355194092

vb0[535]+000 POSITION: 0.005536369979381561, 1.4363092184066772, 0.057233281433582306
vb0[535]+012 NORMAL: -0.8388806581497192, 0.20572060346603394, 0.5039426684379578
vb0[535]+024 TANGENT: -0.941019594669342, 0.10518492013216019, -0.3215871751308441, -1.0
vb0[535]+040 BLENDWEIGHTS: 0.5055701732635498, 0.4944298267364502, 0.0, 0.0
vb0[535]+056 BLENDINDICES: 4, 7, 0, 0
vb0[535]+072 COLOR: 1.0, 0.5019607843137255, 0.5019607843137255, 0.4
vb0[535]+076 TEXCOORD: 0.3227112293243408, 0.5991363525390625
vb0[535]+084 TEXCOORD1: 0.20402604341506958, 0.8881652355194092

vb0[536]+000 POSITION: 0.006241807714104652, 1.4360522031784058, 0.05862465873360634
vb0[536]+012 NORMAL: -0.8368228673934937, 0.2375163435935974, 0.49326807260513306
vb0[536]+024 TANGENT: -0.18399786949157715, 0.19940364360809326, 0.9624879360198975, -1.0
vb0[536]+040 BLENDWEIGHTS: 0.5016154646873474, 0.4983845353126526, 0.0, 0.0
vb0[536]+056 BLENDINDICES: 7, 4, 0, 0
vb0[536]+072 COLOR: 1.0, 0.5019607843137255, 0.5019607843137255, 0.4
vb0[536]+076 TEXCOORD: 0.3239908218383789, 0.5998626351356506
vb0[536]+084 TEXCOORD1: 0.20402604341506958, 0.8881652355194092

vb0[537]+000 POSITION: 0.003479273756965995, 1.4314035177230835, 0.05803687497973442
vb0[537]+012 NORMAL: -0.7794508934020996, 0.405967116355896, 0.4771236479282379
vb0[537]+024 TANGENT: -0.8551015853881836, 0.29579973220825195, -0.42579779028892517, -1.0
vb0[537]+040 BLENDWEIGHTS: 0.6184116005897522, 0.3815883696079254, 0.0, 0.0
vb0[537]+056 BLENDINDICES: 7, 4, 0, 0
vb0[537]+072 COLOR: 1.0, 0.5019607843137255, 0.5019607843137255, 0.4
vb0[537]+076 TEXCOORD: 0.3271360397338867, 0.5941123366355896
vb0[537]+084 TEXCOORD1: 0.20402604341506958, 0.8881652355194092

vb0[538]+000 POSITION: 0.0039039142429828644, 1.43068528175354, 0.05958542227745056
vb0[538]+012 NORMAL: -0.7395261526107788, 0.45863276720046997, 0.4927038252353668
vb0[538]+024 TANGENT: -0.23034824430942535, 0.27976179122924805, 0.9320263266563416, -1.0
vb0[538]+040 BLENDWEIGHTS: 0.6374076008796692, 0.3625923693180084, 0.0, 0.0
vb0[538]+056 BLENDINDICES: 7, 4, 0, 0
vb0[538]+072 COLOR: 1.0, 0.5019607843137255, 0.5019607843137255, 0.4
vb0[538]+076 TEXCOORD: 0.3289675712585449, 0.5941445827484131
vb0[538]+084 TEXCOORD1: 0.20402604341506958, 0.8881652355194092

vb0[539]+000 POSITION: 0.0, 1.426401972770691, 0.05919509381055832
vb0[539]+012 NORMAL: -0.6926109194755554, 0.5131000876426697, 0.5069698691368103
vb0[539]+024 TANGENT: 0.0, 0.46376949548721313, -0.8859559297561646, -1.0
vb0[539]+040 BLENDWEIGHTS: 0.7420985698699951, 0.2579014003276825, 0.0, 0.0
vb0[539]+056 BLENDINDICES: 7, 4, 0, 0
vb0[539]+072 COLOR: 1.0, 0.5019607843137255, 0.5019607843137255, 0.4
vb0[539]+076 TEXCOORD: 0.3305087089538574, 0.5885456800460815
vb0[539]+084 TEXCOORD1: 0.20402604341506958, 0.8881652355194092

vb0[540]+000 POSITION: 0.0, 1.4247796535491943, 0.060847848653793335
vb0[540]+012 NORMAL: -0.6926109194755554, 0.5131000876426697, 0.5069698691368103
vb0[540]+024 TANGENT: 0.0, 0.36318469047546387, 0.9317172169685364, -1.0
vb0[540]+040 BLENDWEIGHTS: 0.7931182980537415, 0.20688171684741974, 0.0, 0.0
vb0[540]+056 BLENDINDICES: 7, 4, 0, 0
vb0[540]+072 COLOR: 1.0, 0.5019607843137255, 0.5019607843137255, 0.4
vb0[540]+076 TEXCOORD: 0.33307766914367676, 0.5871687531471252
vb0[540]+084 TEXCOORD1: 0.20402604341506958, 0.8881652355194092

vb0[541]+000 POSITION: 0.011704151518642902, 1.435660481452942, 0.054082464426755905
vb0[541]+012 NORMAL: -0.46363863348960876, -0.07290555536746979, -0.8830198049545288
vb0[541]+024 TANGENT: 0.673095703125, -0.26544636487960815, -0.6902756690979004, -1.0
vb0[541]+040 BLENDWEIGHTS: 0.5120781660079956, 0.487921804189682, 0.0, 0.0
vb0[541]+056 BLENDINDICES: 7, 4, 0, 0
vb0[541]+072 COLOR: 1.0, 0.5019607843137255, 0.5019607843137255, 0.4
vb0[541]+076 TEXCOORD: 0.3274555206298828, 0.5764074325561523
vb0[541]+084 TEXCOORD1: 0.20402604341506958, 0.8881652355194092

vb0[542]+000 POSITION: 0.008557447232306004, 1.4280511140823364, 0.05663905665278435
vb0[542]+012 NORMAL: -0.4033259451389313, -0.06672239303588867, -0.9126206040382385
vb0[542]+024 TANGENT: 0.6869661808013916, -0.3860763609409332, -0.615648090839386, -1.0
vb0[542]+040 BLENDWEIGHTS: 0.7029060125350952, 0.2970940172672272, 0.0, 0.0
vb0[542]+056 BLENDINDICES: 7, 4, 0, 0
vb0[542]+072 COLOR: 1.0, 0.5019607843137255, 0.5019607843137255, 0.4
vb0[542]+076 TEXCOORD: 0.3300356864929199, 0.5764504671096802
vb0[542]+084 TEXCOORD1: 0.20402604341506958, 0.8881652355194092

vb0[543]+000 POSITION: 0.005536369979381561, 1.4363092184066772, 0.057233281433582306
vb0[543]+012 NORMAL: -0.4422045946121216, -0.06749100983142853, -0.8943712711334229
vb0[543]+024 TANGENT: -0.941019594669342, 0.10518492013216019, -0.3215871751308441, -1.0
vb0[543]+040 BLENDWEIGHTS: 0.5055701732635498, 0.4944298267364502, 0.0, 0.0
vb0[543]+056 BLENDINDICES: 4, 7, 0, 0
vb0[543]+072 COLOR: 1.0, 0.5019607843137255, 0.5019607843137255, 0.4
vb0[543]+076 TEXCOORD: 0.3278684616088867, 0.5782189965248108
vb0[543]+084 TEXCOORD1: 0.20402604341506958, 0.8881652355194092

vb0[544]+000 POSITION: 0.003479273756965995, 1.4314035177230835, 0.05803687497973442
vb0[544]+012 NORMAL: -0.2858230471611023, -0.029050709679722786, -0.9578419923782349
vb0[544]+024 TANGENT: -0.8551015853881836, 0.29579973220825195, -0.42579779028892517, -1.0
vb0[544]+040 BLENDWEIGHTS: 0.6184116005897522, 0.3815883696079254, 0.0, 0.0
vb0[544]+056 BLENDINDICES: 7, 4, 0, 0
vb0[544]+072 COLOR: 1.0, 0.5019607843137255, 0.5019607843137255, 0.4
vb0[544]+076 TEXCOORD: 0.3296186923980713, 0.5781261920928955
vb0[544]+084 TEXCOORD1: 0.20402604341506958, 0.8881652355194092

vb0[545]+000 POSITION: 0.00598287396132946, 1.4428735971450806, 0.05643453076481819
vb0[545]+012 NORMAL: -0.46053647994995117, -0.04242647811770439, -0.8866263031959534
vb0[545]+024 TANGENT: -0.9436456561088562, -0.10265565663576126, -0.3146342933177948, -1.0
vb0[545]+040 BLENDWEIGHTS: 0.6556246280670166, 0.3443753719329834, 0.0, 0.0
vb0[545]+056 BLENDINDICES: 4, 7, 0, 0
vb0[545]+072 COLOR: 1.0, 0.5019607843137255, 0.5019607843137255, 0.4
vb0[545]+076 TEXCOORD: 0.32582950592041016, 0.5788663625717163
vb0[545]+084 TEXCOORD1: 0.20402604341506958, 0.8881652355194092

vb0[546]+000 POSITION: 0.012297378852963448, 1.4442930221557617, 0.05311379209160805
vb0[546]+012 NORMAL: -0.44786536693573, -0.022394241765141487, -0.8938204646110535
vb0[546]+024 TANGENT: 0.679389476776123, 0.08592355251312256, -0.728729784488678, -1.0
vb0[546]+040 BLENDWEIGHTS: 0.6739392280578613, 0.32606077194213867, 0.0, 0.0
vb0[546]+056 BLENDINDICES: 4, 7, 0, 0
vb0[546]+072 COLOR: 1.0, 0.5019607843137255, 0.5019607843137255, 0.4
vb0[546]+076 TEXCOORD: 0.32482242584228516, 0.5772476196289062
vb0[546]+084 TEXCOORD1: 0.20402604341506958, 0.8881652355194092

vb0[547]+000 POSITION: 0.0037346421740949154, 1.4502394199371338, 0.0573953315615654
vb0[547]+012 NORMAL: -0.410251259803772, 0.02086566388607025, -0.9117337465286255
vb0[547]+024 TANGENT: -0.9030036926269531, -0.2835533022880554, -0.32277220487594604, -1.0
vb0[547]+040 BLENDWEIGHTS: 0.8007522225379944, 0.199247807264328, 0.0, 0.0
vb0[547]+056 BLENDINDICES: 4, 7, 0, 0
vb0[547]+072 COLOR: 1.0, 0.5019607843137255, 0.5019607843137255, 0.4
vb0[547]+076 TEXCOORD: 0.3241410255432129, 0.5802834033966064
vb0[547]+084 TEXCOORD1: 0.20402604341506958, 0.8881652355194092

vb0[548]+000 POSITION: 0.009423761628568172, 1.4531726837158203, 0.05502136051654816
vb0[548]+012 NORMAL: -0.38034117221832275, 0.084931880235672, -0.9209381937980652
vb0[548]+024 TANGENT: 0.6111816167831421, 0.4253641366958618, -0.667474627494812, -1.0
vb0[548]+040 BLENDWEIGHTS: 0.8263401985168457, 0.17365983128547668, 0.0, 0.0
vb0[548]+056 BLENDINDICES: 4, 7, 0, 0
vb0[548]+072 COLOR: 1.0, 0.5019607843137255, 0.5019607843137255, 0.4
vb0[548]+076 TEXCOORD: 0.3228449821472168, 0.5790671706199646
vb0[548]+084 TEXCOORD1: 0.20402604341506958, 0.8881652355194092

vb0[549]+000 POSITION: 0.0, 1.4573404788970947, 0.05905308574438095
vb0[549]+012 NORMAL: 3.0939705197852163e-07, 0.2549900412559509, -0.9669437408447266
vb0[549]+024 TANGENT: 0.0, -0.40535837411880493, -0.9141578078269958, -1.0
vb0[549]+040 BLENDWEIGHTS: 0.9003572463989258, 0.09964277595281601, 0.0, 0.0
vb0[549]+056 BLENDINDICES: 4, 7, 0, 0
vb0[549]+072 COLOR: 1.0, 0.5019607843137255, 0.5019607843137255, 0.4
vb0[549]+076 TEXCOORD: 0.32282352447509766, 0.582019031047821
vb0[549]+084 TEXCOORD1: 0.20402604341506958, 0.8881652355194092

vb0[550]+000 POSITION: 0.0045704408548772335, 1.4608498811721802, 0.058792293071746826
vb0[550]+012 NORMAL: -0.29470956325531006, 0.3116355538368225, -0.9033435583114624
vb0[550]+024 TANGENT: 0.5483517050743103, 0.6357072591781616, -0.543310821056366, -1.0
vb0[550]+040 BLENDWEIGHTS: 0.9168677926063538, 0.08313220739364624, 0.0, 0.0
vb0[550]+056 BLENDINDICES: 4, 7, 0, 0
vb0[550]+072 COLOR: 1.0, 0.5019607843137255, 0.5019607843137255, 0.4
vb0[550]+076 TEXCOORD: 0.32144880294799805, 0.581343412399292
vb0[550]+084 TEXCOORD1: 0.20402604341506958, 0.8881652355194092

vb0[551]+000 POSITION: 0.0, 1.4678376913070679, 0.06333016604185104
vb0[551]+012 NORMAL: 3.9045502830958867e-07, 0.3659588694572449, -0.9306311011314392
vb0[551]+024 TANGENT: 0.0, 0.9990636706352234, 0.043265700340270996, -1.0
vb0[551]+040 BLENDWEIGHTS: 0.9722041487693787, 0.027795860543847084, 0.0, 0.0
vb0[551]+056 BLENDINDICES: 4, 7, 0, 0
vb0[551]+072 COLOR: 1.0, 0.5019607843137255, 0.5019607843137255, 0.4
vb0[551]+076 TEXCOORD: 0.32015347480773926, 0.5835660099983215
vb0[551]+084 TEXCOORD1: 0.20402604341506958, 0.8881652355194092

vb0[552]+000 POSITION: -0.0045704408548772335, 1.4608498811721802, 0.058792293071746826
vb0[552]+012 NORMAL: 0.29471030831336975, 0.31163549423217773, -0.9033433198928833
vb0[552]+024 TANGENT: -0.5483508110046387, 0.6357053518295288, -0.5433139801025391, -1.0
vb0[552]+040 BLENDWEIGHTS: 0.9168677926063538, 0.08313219994306564, 0.0, 0.0
vb0[552]+056 BLENDINDICES: 4, 7, 0, 0
vb0[552]+072 COLOR: 1.0, 0.5019607843137255, 0.5019607843137255, 0.4
vb0[552]+076 TEXCOORD: 0.32144880294799805, 0.581343412399292
vb0[552]+084 TEXCOORD1: 0.20402604341506958, 0.8881652355194092

vb0[553]+000 POSITION: -0.009423761628568172, 1.4531726837158203, 0.05502136051654816
vb0[553]+012 NORMAL: 0.3803388774394989, 0.08493151515722275, -0.9209392070770264
vb0[553]+024 TANGENT: -0.6111801862716675, 0.42535969614982605, -0.6674786806106567, -1.0
vb0[553]+040 BLENDWEIGHTS: 0.8263401985168457, 0.17365983128547668, 0.0, 0.0
vb0[553]+056 BLENDINDICES: 4, 7, 0, 0
vb0[553]+072 COLOR: 1.0, 0.5019607843137255, 0.5019607843137255, 0.4
vb0[553]+076 TEXCOORD: 0.3228449821472168, 0.5790671706199646
vb0[553]+084 TEXCOORD1: 0.20402604341506958, 0.8881652355194092

vb0[554]+000 POSITION: -0.0037346421740949154, 1.4502394199371338, 0.0573953315615654
vb0[554]+012 NORMAL: 0.4102499186992645, 0.020865455269813538, -0.9117344617843628
vb0[554]+024 TANGENT: 0.9030037522315979, -0.2835536599159241, -0.3227715492248535, -1.0
vb0[554]+040 BLENDWEIGHTS: 0.7962903380393982, 0.203709676861763, 0.0, 0.0
vb0[554]+056 BLENDINDICES: 4, 7, 0, 0
vb0[554]+072 COLOR: 1.0, 0.5019607843137255, 0.5019607843137255, 0.4
vb0[554]+076 TEXCOORD: 0.3241410255432129, 0.5802834033966064
vb0[554]+084 TEXCOORD1: 0.20402604341506958, 0.8881652355194092

vb0[555]+000 POSITION: -0.012297378852963448, 1.4442930221557617, 0.05311379209160805
vb0[555]+012 NORMAL: 0.4478665888309479, -0.02239455096423626, -0.8938199281692505
vb0[555]+024 TANGENT: -0.679387629032135, 0.08592318743467331, -0.7287314534187317, -1.0
vb0[555]+040 BLENDWEIGHTS: 0.674055814743042, 0.3259442150592804, 0.0, 0.0
vb0[555]+056 BLENDINDICES: 4, 7, 0, 0
vb0[555]+072 COLOR: 1.0, 0.5019607843137255, 0.5019607843137255, 0.4
vb0[555]+076 TEXCOORD: 0.32482242584228516, 0.5772476196289062
vb0[555]+084 TEXCOORD1: 0.20402604341506958, 0.8881652355194092

vb0[556]+000 POSITION: -0.00598287396132946, 1.4428735971450806, 0.05643453076481819
vb0[556]+012 NORMAL: 0.46053725481033325, -0.04242647811770439, -0.8866258859634399
vb0[556]+024 TANGENT: 0.9436457753181458, -0.10265558958053589, -0.314633846282959, -1.0
vb0[556]+040 BLENDWEIGHTS: 0.6556246280670166, 0.3443753719329834, 0.0, 0.0
vb0[556]+056 BLENDINDICES: 4, 7, 0, 0
vb0[556]+072 COLOR: 1.0, 0.5019607843137255, 0.5019607843137255, 0.4
vb0[556]+076 TEXCOORD: 0.32582950592041016, 0.5788663625717163
vb0[556]+084 TEXCOORD1: 0.20402604341506958, 0.8881652355194092

vb0[557]+000 POSITION: -0.011704151518642902, 1.435660481452942, 0.054082464426755905
vb0[557]+012 NORMAL: 0.46363863348960876, -0.0729055106639862, -0.8830198049545288
vb0[557]+024 TANGENT: -0.6730958223342896, -0.2654463052749634, -0.6902754902839661, -1.0
vb0[557]+040 BLENDWEIGHTS: 0.5105203986167908, 0.48947960138320923, 0.0, 0.0
vb0[557]+056 BLENDINDICES: 7, 4, 0, 0
vb0[557]+072 COLOR: 1.0, 0.5019607843137255, 0.5019607843137255, 0.4
vb0[557]+076 TEXCOORD: 0.3274555206298828, 0.5764074325561523
vb0[557]+084 TEXCOORD1: 0.20402604341506958, 0.8881652355194092

vb0[558]+000 POSITION: -0.005536369979381561, 1.4363092184066772, 0.057233281433582306
vb0[558]+012 NORMAL: 0.4422021210193634, -0.06749068945646286, -0.8943726420402527
vb0[558]+024 TANGENT: 0.9410190582275391, 0.10518538951873779, -0.32158857583999634, -1.0
vb0[558]+040 BLENDWEIGHTS: 0.5055701732635498, 0.4944298267364502, 0.0, 0.0
vb0[558]+056 BLENDINDICES: 4, 7, 0, 0
vb0[558]+072 COLOR: 1.0, 0.5019607843137255, 0.5019607843137255, 0.4
vb0[558]+076 TEXCOORD: 0.3278684616088867, 0.5782189965248108
vb0[558]+084 TEXCOORD1: 0.20402604341506958, 0.8881652355194092

vb0[559]+000 POSITION: -0.008557447232306004, 1.4280511140823364, 0.05663905665278435
vb0[559]+012 NORMAL: 0.40332528948783875, -0.0667223259806633, -0.9126208424568176
vb0[559]+024 TANGENT: -0.6869656443595886, -0.38607919216156006, -0.6156469583511353, -1.0
vb0[559]+040 BLENDWEIGHTS: 0.7022974491119385, 0.2977025508880615, 0.0, 0.0
vb0[559]+056 BLENDINDICES: 7, 4, 0, 0
vb0[559]+072 COLOR: 1.0, 0.5019607843137255, 0.5019607843137255, 0.4
vb0[559]+076 TEXCOORD: 0.3300356864929199, 0.5764504671096802
vb0[559]+084 TEXCOORD1: 0.20402604341506958, 0.8881652355194092

vb0[560]+000 POSITION: -0.003479273756965995, 1.4314035177230835, 0.05803687497973442
vb0[560]+012 NORMAL: 0.28582048416137695, -0.029050448909401894, -0.9578426480293274
vb0[560]+024 TANGENT: 0.8550996780395508, 0.2958003580570221, -0.4258013963699341, -1.0
vb0[560]+040 BLENDWEIGHTS: 0.6184116005897522, 0.3815883696079254, 0.0, 0.0
vb0[560]+056 BLENDINDICES: 7, 4, 0, 0
vb0[560]+072 COLOR: 1.0, 0.5019607843137255, 0.5019607843137255, 0.4
vb0[560]+076 TEXCOORD: 0.3296186923980713, 0.5781261920928955
vb0[560]+084 TEXCOORD1: 0.20402604341506958, 0.8881652355194092

vb0[561]+000 POSITION: 0.0, 1.426401972770691, 0.05919509381055832
vb0[561]+012 NORMAL: 1.3722590210818453e-06, -0.2341528981924057, -0.9721997380256653
vb0[561]+024 TANGENT: 0.0, 0.46376949548721313, -0.8859559297561646, -1.0
vb0[561]+040 BLENDWEIGHTS: 0.7420985698699951, 0.2579014003276825, 0.0, 0.0
vb0[561]+056 BLENDINDICES: 7, 4, 0, 0
vb0[561]+072 COLOR: 1.0, 0.5019607843137255, 0.5019607843137255, 0.4
vb0[561]+076 TEXCOORD: 0.331392765045166, 0.5784415006637573
vb0[561]+084 TEXCOORD1: 0.20402604341506958, 0.8881652355194092

vb0[562]+000 POSITION: -0.008557447232306004, 1.4280511140823364, 0.05663905665278435
vb0[562]+012 NORMAL: 0.23908640444278717, -0.20287321507930756, -0.9495683908462524
vb0[562]+024 TANGENT: -0.6869656443595886, -0.38607919216156006, -0.6156469583511353, -1.0
vb0[562]+040 BLENDWEIGHTS: 0.7022974491119385, 0.2977025508880615, 0.0, 0.0
vb0[562]+056 BLENDINDICES: 7, 4, 0, 0
vb0[562]+072 COLOR: 1.0, 0.5019607843137255, 0.5019607843137255, 0.4
vb0[562]+076 TEXCOORD: 0.3300356864929199, 0.5764504671096802
vb0[562]+084 TEXCOORD1: 0.20402604341506958, 0.8881652355194092

vb0[563]+000 POSITION: -0.004778476897627115, 1.4202468395233154, 0.060265425592660904
vb0[563]+012 NORMAL: 0.0702570453286171, -0.48720183968544006, -0.870458722114563
vb0[563]+024 TANGENT: -0.6220753788948059, -0.35384613275527954, -0.6984376311302185, -1.0
vb0[563]+040 BLENDWEIGHTS: 0.8983384370803833, 0.10166159272193909, 0.0, 0.0
vb0[563]+056 BLENDINDICES: 7, 4, 0, 0
vb0[563]+072 COLOR: 1.0, 0.5019607843137255, 0.5019607843137255, 0.4
vb0[563]+076 TEXCOORD: 0.33260607719421387, 0.5766985416412354
vb0[563]+084 TEXCOORD1: 0.20402604341506958, 0.8881652355194092

vb0[564]+000 POSITION: 0.0, 1.4199411869049072, 0.060827940702438354
vb0[564]+012 NORMAL: 0.0, -0.4615934491157532, -0.8870915174484253
vb0[564]+024 TANGENT: 0.0, -0.46048596501350403, -0.8876669406890869, -1.0
vb0[564]+040 BLENDWEIGHTS: 0.89638751745224, 0.10361246019601822, 0.0, 0.0
vb0[564]+056 BLENDINDICES: 7, 4, 0, 0
vb0[564]+072 COLOR: 1.0, 0.5019607843137255, 0.5019607843137255, 0.4
vb0[564]+076 TEXCOORD: 0.3331160545349121, 0.5778648257255554
vb0[564]+084 TEXCOORD1: 0.20402604341506958, 0.8881652355194092

vb0[565]+000 POSITION: 0.004778476897627115, 1.4202468395233154, 0.060265425592660904
vb0[565]+012 NORMAL: -0.07025633007287979, -0.48719826340675354, -0.8704608082771301
vb0[565]+024 TANGENT: 0.622075080871582, -0.3538428843021393, -0.6984395980834961, -1.0
vb0[565]+040 BLENDWEIGHTS: 0.8983384370803833, 0.10166159272193909, 0.0, 0.0
vb0[565]+056 BLENDINDICES: 7, 4, 0, 0
vb0[565]+072 COLOR: 1.0, 0.5019607843137255, 0.5019607843137255, 0.4
vb0[565]+076 TEXCOORD: 0.33260607719421387, 0.5766985416412354
vb0[565]+084 TEXCOORD1: 0.20402604341506958, 0.8881652355194092

vb0[566]+000 POSITION: 0.008557447232306004, 1.4280511140823364, 0.05663905665278435
vb0[566]+012 NORMAL: -0.23908300697803497, -0.20287100970745087, -0.9495697021484375
vb0[566]+024 TANGENT: 0.6869661808013916, -0.3860763609409332, -0.615648090839386, -1.0
vb0[566]+040 BLENDWEIGHTS: 0.7029060125350952, 0.2970940172672272, 0.0, 0.0
vb0[566]+056 BLENDINDICES: 7, 4, 0, 0
vb0[566]+072 COLOR: 1.0, 0.5019607843137255, 0.5019607843137255, 0.4
vb0[566]+076 TEXCOORD: 0.3300356864929199, 0.5764504671096802
vb0[566]+084 TEXCOORD1: 0.20402604341506958, 0.8881652355194092

vb0[567]+000 POSITION: 0.0, 1.4145376682281494, 0.0652538314461708
vb0[567]+012 NORMAL: 0.0, -0.7596861720085144, -0.6502898931503296
vb0[567]+024 TANGENT: 0.0, -0.9538572430610657, -0.3002602756023407, -1.0
vb0[567]+040 BLENDWEIGHTS: 0.9479310512542725, 0.05206895247101784, 0.0, 0.0
vb0[567]+056 BLENDINDICES: 7, 4, 0, 0
vb0[567]+072 COLOR: 1.0, 0.5019607843137255, 0.5019607843137255, 0.4
vb0[567]+076 TEXCOORD: 0.3348839282989502, 0.5773391127586365
vb0[567]+084 TEXCOORD1: 0.20402604341506958, 0.8881652355194092

vb0[568]+000 POSITION: 0.008307810872793198, 1.4152213335037231, 0.0657745897769928
vb0[568]+012 NORMAL: 0.11818775534629822, -0.7752224802970886, -0.6205334067344666
vb0[568]+024 TANGENT: 0.7896543741226196, -0.16155922412872314, -0.5918991565704346, -1.0
vb0[568]+040 BLENDWEIGHTS: 0.9580153822898865, 0.041984595358371735, 0.0, 0.0
vb0[568]+056 BLENDINDICES: 7, 4, 0, 0
vb0[568]+072 COLOR: 1.0, 0.5019607843137255, 0.5019607843137255, 0.4
vb0[568]+076 TEXCOORD: 0.33422040939331055, 0.5752360820770264
vb0[568]+084 TEXCOORD1: 0.20402604341506958, 0.8881652355194092

vb0[569]+000 POSITION: 0.006585960742086172, 1.4071831703186035, 0.07627090066671371
vb0[569]+012 NORMAL: 0.10567460209131241, -0.7007520794868469, -0.7055346965789795
vb0[569]+024 TANGENT: -0.7434791326522827, -0.6635787487030029, -0.08307844400405884, -1.0
vb0[569]+040 BLENDWEIGHTS: 0.9986823797225952, 0.0013176336651667953, 0.0, 0.0
vb0[569]+056 BLENDINDICES: 7, 4, 0, 0
vb0[569]+072 COLOR: 1.0, 0.5019607843137255, 0.5019607843137255, 0.4
vb0[569]+076 TEXCOORD: 0.33768606185913086, 0.5746179223060608
vb0[569]+084 TEXCOORD1: 0.20402604341506958, 0.8881652355194092

vb0[570]+000 POSITION: 0.013677646405994892, 1.4098398685455322, 0.0748467817902565
vb0[570]+012 NORMAL: 0.09315261989831924, -0.6864938735961914, -0.7211440801620483
vb0[570]+024 TANGENT: 0.8116132616996765, 0.0182114839553833, -0.5839111804962158, -1.0
vb0[570]+040 BLENDWEIGHTS: 1.0, 0.0, 0.0, 0.0
vb0[570]+056 BLENDINDICES: 7, 0, 0, 0
vb0[570]+072 COLOR: 1.0, 0.5019607843137255, 0.5019607843137255, 0.4
vb0[570]+076 TEXCOORD: 0.3364253044128418, 0.5730210542678833
vb0[570]+084 TEXCOORD1: 0.20402604341506958, 0.8881652355194092

vb0[571]+000 POSITION: 0.013382313773036003, 1.3966773748397827, 0.0845627412199974
vb0[571]+012 NORMAL: 0.009373859502375126, -0.6269338130950928, -0.7790160775184631
vb0[571]+024 TANGENT: -0.7364903092384338, -0.6487259268760681, -0.19166772067546844, -1.0
vb0[571]+040 BLENDWEIGHTS: 1.0, 0.0, 0.0, 0.0
vb0[571]+056 BLENDINDICES: 7, 0, 0, 0
vb0[571]+072 COLOR: 1.0, 0.5019607843137255, 0.5019607843137255, 0.4
vb0[571]+076 TEXCOORD: 0.34061455726623535, 0.5719476938247681
vb0[571]+084 TEXCOORD1: 0.20402604341506958, 0.8881652355194092

vb0[572]+000 POSITION: 0.019635731354355812, 1.4012523889541626, 0.0807947888970375
vb0[572]+012 NORMAL: -0.023805513978004456, -0.6159668564796448, -0.7874122858047485
vb0[572]+024 TANGENT: 0.703284502029419, -0.024603664875030518, -0.7104827165603638, -1.0
vb0[572]+040 BLENDWEIGHTS: 1.0, 0.0, 0.0, 0.0
vb0[572]+056 BLENDINDICES: 7, 0, 0, 0
vb0[572]+072 COLOR: 1.0, 0.5019607843137255, 0.5019607843137255, 0.4
vb0[572]+076 TEXCOORD: 0.3386669158935547, 0.5707722902297974
vb0[572]+084 TEXCOORD1: 0.20402604341506958, 0.8881652355194092

vb0[573]+000 POSITION: 0.024678297340869904, 1.394776701927185, 0.08650312572717667
vb0[573]+012 NORMAL: 0.028989961370825768, -0.6877501606941223, -0.7253683805465698
vb0[573]+024 TANGENT: 0.16108572483062744, -0.11060185730457306, -0.9807235598564148, -1.0
vb0[573]+040 BLENDWEIGHTS: 1.0, 0.0, 0.0, 0.0
vb0[573]+056 BLENDINDICES: 7, 0, 0, 0
vb0[573]+072 COLOR: 1.0, 0.5019607843137255, 0.5019607843137255, 0.4
vb0[573]+076 TEXCOORD: 0.34050989151000977, 0.568881630897522
vb0[573]+084 TEXCOORD1: 0.20402604341506958, 0.8881652355194092

vb0[574]+000 POSITION: 0.019295331090688705, 1.388511061668396, 0.09175140410661697
vb0[574]+012 NORMAL: 0.07315979152917862, -0.7304017543792725, -0.6790882349014282
vb0[574]+024 TANGENT: -0.645787239074707, -0.593386709690094, -0.4804695248603821, -1.0
vb0[574]+040 BLENDWEIGHTS: 1.0, 0.0, 0.0, 0.0
vb0[574]+056 BLENDINDICES: 7, 0, 0, 0
vb0[574]+072 COLOR: 1.0, 0.5019607843137255, 0.5019607843137255, 0.4
vb0[574]+076 TEXCOORD: 0.34296464920043945, 0.5696789622306824
vb0[574]+084 TEXCOORD1: 0.20402604341506958, 0.8881652355194092

vb0[575]+000 POSITION: 0.02910400554537773, 1.3893592357635498, 0.09263154864311218
vb0[575]+012 NORMAL: 0.008156605996191502, -0.735704243183136, -0.6772538423538208
vb0[575]+024 TANGENT: 0.6267514228820801, -0.6161872148513794, -0.4769655168056488, -1.0
vb0[575]+040 BLENDWEIGHTS: 1.0, 0.0, 0.0, 0.0
vb0[575]+056 BLENDINDICES: 7, 0, 0, 0
vb0[575]+072 COLOR: 1.0, 0.5019607843137255, 0.5019607843137255, 0.4
vb0[575]+076 TEXCOORD: 0.34226155281066895, 0.5671635866165161
vb0[575]+084 TEXCOORD1: 0.20402604341506958, 0.8881652355194092

vb0[576]+000 POSITION: 0.025601467117667198, 1.3826909065246582, 0.10006462782621384
vb0[576]+012 NORMAL: -0.020562760531902313, -0.746889054775238, -0.6646307110786438
vb0[576]+024 TANGENT: 0.07377582788467407, -0.9916412830352783, -0.10585212707519531, -1.0
vb0[576]+040 BLENDWEIGHTS: 1.0, 0.0, 0.0, 0.0
vb0[576]+056 BLENDINDICES: 7, 0, 0, 0
vb0[576]+072 COLOR: 1.0, 0.5019607843137255, 0.5019607843137255, 0.4
vb0[576]+076 TEXCOORD: 0.34505462646484375, 0.56732177734375
vb0[576]+084 TEXCOORD1: 0.20402604341506958, 0.8881652355194092

vb0[577]+000 POSITION: 0.015573672018945217, 1.3830206394195557, 0.0989387035369873
vb0[577]+012 NORMAL: 0.015728488564491272, -0.780673086643219, -0.6247416138648987
vb0[577]+024 TANGENT: -0.8005124926567078, -0.2566080093383789, -0.5416014194488525, -1.0
vb0[577]+040 BLENDWEIGHTS: 1.0, 0.0, 0.0, 0.0
vb0[577]+056 BLENDINDICES: 7, 0, 0, 0
vb0[577]+072 COLOR: 1.0, 0.5019607843137255, 0.5019607843137255, 0.4
vb0[577]+076 TEXCOORD: 0.3455319404602051, 0.5699436068534851
vb0[577]+084 TEXCOORD1: 0.20402604341506958, 0.8881652355194092

vb0[578]+000 POSITION: 0.03406582027673721, 1.3928730487823486, 0.08819877356290817
vb0[578]+012 NORMAL: -0.012937166728079319, -0.7234158515930176, -0.6902913451194763
vb0[578]+024 TANGENT: 0.40741246938705444, -0.9068569540977478, -0.10782230645418167, -1.0
vb0[578]+040 BLENDWEIGHTS: 1.0, 0.0, 0.0, 0.0
vb0[578]+056 BLENDINDICES: 7, 0, 0, 0
vb0[578]+072 COLOR: 1.0, 0.5019607843137255, 0.5019607843137255, 0.4
vb0[578]+076 TEXCOORD: 0.34046125411987305, 0.5663080215454102
vb0[578]+084 TEXCOORD1: 0.20402604341506958, 0.8881652355194092

vb0[579]+000 POSITION: 0.030351879075169563, 1.3985669612884521, 0.08256237953901291
vb0[579]+012 NORMAL: -0.011602193117141724, -0.717146098613739, -0.6968262195587158
vb0[579]+024 TANGENT: -0.48596081137657166, 0.24703621864318848, -0.838340699672699, -1.0
vb0[579]+040 BLENDWEIGHTS: 1.0, 0.0, 0.0, 0.0
vb0[579]+056 BLENDINDICES: 7, 0, 0, 0
vb0[579]+072 COLOR: 1.0, 0.5019607843137255, 0.5019607843137255, 0.4
vb0[579]+076 TEXCOORD: 0.3387110233306885, 0.5678532123565674
vb0[579]+084 TEXCOORD1: 0.20402604341506958, 0.8881652355194092

vb0[580]+000 POSITION: 0.04029635339975357, 1.3951002359390259, 0.08608336001634598
vb0[580]+012 NORMAL: -0.0034843934699892998, -0.7301813364028931, -0.6832445859909058
vb0[580]+024 TANGENT: 0.17422831058502197, -0.9846305251121521, -0.012131988070905209, -1.0
vb0[580]+040 BLENDWEIGHTS: 1.0, 0.0, 0.0, 0.0
vb0[580]+056 BLENDINDICES: 7, 0, 0, 0
vb0[580]+072 COLOR: 1.0, 0.5019607843137255, 0.5019607843137255, 0.4
vb0[580]+076 TEXCOORD: 0.33920812606811523, 0.5649642944335938
vb0[580]+084 TEXCOORD1: 0.20402604341506958, 0.8881652355194092

vb0[581]+000 POSITION: 0.03843718022108078, 1.40072762966156, 0.07997483015060425
vb0[581]+012 NORMAL: -0.012639394029974937, -0.7373266220092773, -0.6754181385040283
vb0[581]+024 TANGENT: -0.22256027162075043, 0.3109852075576782, -0.9239886999130249, -1.0
vb0[581]+040 BLENDWEIGHTS: 1.0, 0.0, 0.0, 0.0
vb0[581]+056 BLENDINDICES: 7, 0, 0, 0
vb0[581]+072 COLOR: 1.0, 0.5019607843137255, 0.5019607843137255, 0.4
vb0[581]+076 TEXCOORD: 0.3372488021850586, 0.566067636013031
vb0[581]+084 TEXCOORD1: 0.20402604341506958, 0.8881652355194092

vb0[582]+000 POSITION: 0.047259457409381866, 1.4012056589126587, 0.07936312258243561
vb0[582]+012 NORMAL: -0.0016552142333239317, -0.7392887473106384, -0.6733865737915039
vb0[582]+024 TANGENT: -0.03811478614807129, 0.30327677726745605, -0.9521399140357971, -1.0
vb0[582]+040 BLENDWEIGHTS: 1.0, 0.0, 0.0, 0.0
vb0[582]+056 BLENDINDICES: 7, 0, 0, 0
vb0[582]+072 COLOR: 1.0, 0.5019607843137255, 0.5019607843137255, 0.4
vb0[582]+076 TEXCOORD: 0.3363795280456543, 0.5639000535011292
vb0[582]+084 TEXCOORD1: 0.20402604341506958, 0.8881652355194092

vb0[583]+000 POSITION: 0.046781644225120544, 1.3954590559005737, 0.08576363325119019
vb0[583]+012 NORMAL: 0.008273682557046413, -0.7443799376487732, -0.6677050590515137
vb0[583]+024 TANGENT: -0.011865854263305664, -0.9984591007232666, 0.05420887470245361, -1.0
vb0[583]+040 BLENDWEIGHTS: 1.0, 0.0, 0.0, 0.0
vb0[583]+056 BLENDINDICES: 7, 0, 0, 0
vb0[583]+072 COLOR: 1.0, 0.5019607843137255, 0.5019607843137255, 0.4
vb0[583]+076 TEXCOORD: 0.33858585357666016, 0.5633611083030701
vb0[583]+084 TEXCOORD1: 0.20402604341506958, 0.8881652355194092

vb0[584]+000 POSITION: 0.0337221622467041, 1.3844658136367798, 0.09531508386135101
vb0[584]+012 NORMAL: -0.19797690212726593, -0.6984924077987671, -0.6876870393753052
vb0[584]+024 TANGENT: 0.28165051341056824, -0.016906917095184326, -0.9593680500984192, -1.0
vb0[584]+040 BLENDWEIGHTS: 1.0, 0.0, 0.0, 0.0
vb0[584]+056 BLENDINDICES: 7, 0, 0, 0
vb0[584]+072 COLOR: 1.0, 0.5019607843137255, 0.5019607843137255, 0.4
vb0[584]+076 TEXCOORD: 0.34326672554016113, 0.5655416250228882
vb0[584]+084 TEXCOORD1: 0.20402604341506958, 0.8881652355194092

vb0[585]+000 POSITION: 0.02931036241352558, 1.379408597946167, 0.10193109512329102
vb0[585]+012 NORMAL: -0.17586655914783478, -0.7220044136047363, -0.6691641807556152
vb0[585]+024 TANGENT: -0.534545361995697, -0.8274685144424438, 0.17192135751247406, -1.0
vb0[585]+040 BLENDWEIGHTS: 1.0, 0.0, 0.0, 0.0
vb0[585]+056 BLENDINDICES: 7, 0, 0, 0
vb0[585]+072 COLOR: 1.0, 0.5019607843137255, 0.5019607843137255, 0.4
vb0[585]+076 TEXCOORD: 0.34569358825683594, 0.5660791993141174
vb0[585]+084 TEXCOORD1: 0.20402604341506958, 0.8881652355194092

vb0[586]+000 POSITION: 0.03564590960741043, 1.3771255016326904, 0.10335895419120789
vb0[586]+012 NORMAL: -0.13995857536792755, -0.7370811104774475, -0.6611528396606445
vb0[586]+024 TANGENT: -0.1765826940536499, -0.9377583861351013, 0.2990446090698242, -1.0
vb0[586]+040 BLENDWEIGHTS: 1.0, 0.0, 0.0, 0.0
vb0[586]+056 BLENDINDICES: 7, 0, 0, 0
vb0[586]+072 COLOR: 1.0, 0.5019607843137255, 0.5019607843137255, 0.4
vb0[586]+076 TEXCOORD: 0.34589290618896484, 0.5642723441123962
vb0[586]+084 TEXCOORD1: 0.20402604341506958, 0.8881652355194092

vb0[587]+000 POSITION: 0.03773307055234909, 1.3834912776947021, 0.0958976075053215
vb0[587]+012 NORMAL: -0.0784701257944107, -0.7146422863006592, -0.6950745582580566
vb0[587]+024 TANGENT: -0.024004220962524414, 0.11362146586179733, -0.9932340979576111, -1.0
vb0[587]+040 BLENDWEIGHTS: 1.0, 0.0, 0.0, 0.0
vb0[587]+056 BLENDINDICES: 7, 0, 0, 0
vb0[587]+072 COLOR: 1.0, 0.5019607843137255, 0.5019607843137255, 0.4
vb0[587]+076 TEXCOORD: 0.34325170516967773, 0.5644442439079285
vb0[587]+084 TEXCOORD1: 0.20402604341506958, 0.8881652355194092

vb0[588]+000 POSITION: 0.04387485235929489, 1.3767352104187012, 0.10180668532848358
vb0[588]+012 NORMAL: -0.1727917641401291, -0.6959108114242554, -0.6970301270484924
vb0[588]+024 TANGENT: 0.2899699807167053, -0.9356041550636292, 0.20140087604522705, -1.0
vb0[588]+040 BLENDWEIGHTS: 1.0, 0.0, 0.0, 0.0
vb0[588]+056 BLENDINDICES: 7, 0, 0, 0
vb0[588]+072 COLOR: 1.0, 0.5019607843137255, 0.5019607843137255, 0.4
vb0[588]+076 TEXCOORD: 0.3450610637664795, 0.5622205138206482
vb0[588]+084 TEXCOORD1: 0.20402604341506958, 0.8881652355194092

vb0[589]+000 POSITION: 0.041209906339645386, 1.3841869831085205, 0.09562194347381592
vb0[589]+012 NORMAL: -0.10787791013717651, -0.6185255646705627, -0.7783241271972656
vb0[589]+024 TANGENT: -0.3888866901397705, 0.18411540985107422, -0.9027007222175598, -1.0
vb0[589]+040 BLENDWEIGHTS: 1.0, 0.0, 0.0, 0.0
vb0[589]+056 BLENDINDICES: 7, 0, 0, 0
vb0[589]+072 COLOR: 1.0, 0.5019607843137255, 0.5019607843137255, 0.4
vb0[589]+076 TEXCOORD: 0.3428034782409668, 0.5636204481124878
vb0[589]+084 TEXCOORD1: 0.20402604341506958, 0.8881652355194092

vb0[590]+000 POSITION: 0.04992539435625076, 1.3796961307525635, 0.09717877209186554
vb0[590]+012 NORMAL: -0.21055389940738678, -0.6096005439758301, -0.7642344236373901
vb0[590]+024 TANGENT: 0.5520152449607849, -0.8288756608963013, -0.09079855680465698, -1.0
vb0[590]+040 BLENDWEIGHTS: 1.0, 0.0, 0.0, 0.0
vb0[590]+056 BLENDINDICES: 7, 0, 0, 0
vb0[590]+072 COLOR: 1.0, 0.5019607843137255, 0.5019607843137255, 0.4
vb0[590]+076 TEXCOORD: 0.3432595729827881, 0.5610397458076477
vb0[590]+084 TEXCOORD1: 0.20402604341506958, 0.8881652355194092

vb0[591]+000 POSITION: 0.04707293584942818, 1.3876235485076904, 0.09220532327890396
vb0[591]+012 NORMAL: -0.2165469229221344, -0.5508129596710205, -0.8060474395751953
vb0[591]+024 TANGENT: -0.6823130249977112, 0.09789811819791794, -0.7244755029678345, -1.0
vb0[591]+040 BLENDWEIGHTS: 1.0, 0.0, 0.0, 0.0
vb0[591]+056 BLENDINDICES: 7, 0, 0, 0
vb0[591]+072 COLOR: 1.0, 0.5019607843137255, 0.5019607843137255, 0.4
vb0[591]+076 TEXCOORD: 0.34113121032714844, 0.5625038743019104
vb0[591]+084 TEXCOORD1: 0.20402604341506958, 0.8881652355194092

vb0[592]+000 POSITION: 0.05673734471201897, 1.386352300643921, 0.09012607485055923
vb0[592]+012 NORMAL: -0.2246752828359604, -0.5230507850646973, -0.8221551179885864
vb0[592]+024 TANGENT: 0.6198676228523254, -0.7365835309028625, -0.27057111263275146, -1.0
vb0[592]+040 BLENDWEIGHTS: 1.0, 0.0, 0.0, 0.0
vb0[592]+056 BLENDINDICES: 7, 0, 0, 0
vb0[592]+072 COLOR: 1.0, 0.5019607843137255, 0.5019607843137255, 0.4
vb0[592]+076 TEXCOORD: 0.3403167724609375, 0.560004711151123
vb0[592]+084 TEXCOORD1: 0.20402604341506958, 0.8881652355194092

vb0[593]+000 POSITION: 0.053205374628305435, 1.394850254058838, 0.08601295948028564
vb0[593]+012 NORMAL: -0.0981467068195343, -0.5904350280761719, -0.8010954260826111
vb0[593]+024 TANGENT: -0.4787404537200928, -0.6870640516281128, -0.5465807914733887, -1.0
vb0[593]+040 BLENDWEIGHTS: 1.0, 0.0, 0.0, 0.0
vb0[593]+056 BLENDINDICES: 7, 0, 0, 0
vb0[593]+072 COLOR: 1.0, 0.5019607843137255, 0.5019607843137255, 0.4
vb0[593]+076 TEXCOORD: 0.33825016021728516, 0.5616850852966309
vb0[593]+084 TEXCOORD1: 0.20402604341506958, 0.8881652355194092

vb0[594]+000 POSITION: 0.061562079936265945, 1.393815279006958, 0.08498208969831467
vb0[594]+012 NORMAL: -0.1637641191482544, -0.44565096497535706, -0.8801002502441406
vb0[594]+024 TANGENT: 0.6553173065185547, -0.652104914188385, -0.38120636343955994, -1.0
vb0[594]+040 BLENDWEIGHTS: 1.0, 0.0, 0.0, 0.0
vb0[594]+056 BLENDINDICES: 7, 0, 0, 0
vb0[594]+072 COLOR: 1.0, 0.5019607843137255, 0.5019607843137255, 0.4
vb0[594]+076 TEXCOORD: 0.3376607894897461, 0.5595192909240723
vb0[594]+084 TEXCOORD1: 0.20402604341506958, 0.8881652355194092

vb0[595]+000 POSITION: 0.06626906245946884, 1.4016321897506714, 0.08040998876094818
vb0[595]+012 NORMAL: -0.03786555305123329, -0.5921016931533813, -0.8049731254577637
vb0[595]+024 TANGENT: 0.7949120402336121, 0.2649199962615967, -0.5458316206932068, -1.0
vb0[595]+040 BLENDWEIGHTS: 1.0, 0.0, 0.0, 0.0
vb0[595]+056 BLENDINDICES: 7, 0, 0, 0
vb0[595]+072 COLOR: 1.0, 0.5019607843137255, 0.5019607843137255, 0.4
vb0[595]+076 TEXCOORD: 0.335005521774292, 0.5590733885765076
vb0[595]+084 TEXCOORD1: 0.20402604341506958, 0.8881652355194092

vb0[596]+000 POSITION: 0.056341223418712616, 1.401458740234375, 0.07984451204538345
vb0[596]+012 NORMAL: 0.05463971570134163, -0.6950634121894836, -0.7168691158294678
vb0[596]+024 TANGENT: 0.03913009539246559, 0.3184685707092285, -0.9471254944801331, -1.0
vb0[596]+040 BLENDWEIGHTS: 1.0, 0.0, 0.0, 0.0
vb0[596]+056 BLENDINDICES: 7, 0, 0, 0
vb0[596]+072 COLOR: 1.0, 0.5019607843137255, 0.5019607843137255, 0.4
vb0[596]+076 TEXCOORD: 0.33571958541870117, 0.5615971684455872
vb0[596]+084 TEXCOORD1: 0.20402604341506958, 0.8881652355194092

vb0[597]+000 POSITION: 0.047259457409381866, 1.4012056589126587, 0.07936312258243561
vb0[597]+012 NORMAL: 0.026678932830691338, -0.7106484174728394, -0.7030413746833801
vb0[597]+024 TANGENT: -0.03811478614807129, 0.30327677726745605, -0.9521399140357971, -1.0
vb0[597]+040 BLENDWEIGHTS: 1.0, 0.0, 0.0, 0.0
vb0[597]+056 BLENDINDICES: 7, 0, 0, 0
vb0[597]+072 COLOR: 1.0, 0.5019607843137255, 0.5019607843137255, 0.4
vb0[597]+076 TEXCOORD: 0.3363795280456543, 0.5639000535011292
vb0[597]+084 TEXCOORD1: 0.20402604341506958, 0.8881652355194092

vb0[598]+000 POSITION: 0.046781644225120544, 1.3954590559005737, 0.08576363325119019
vb0[598]+012 NORMAL: -0.04432301223278046, -0.7417306900024414, -0.669231653213501
vb0[598]+024 TANGENT: -0.011865854263305664, -0.9984591007232666, 0.05420887470245361, -1.0
vb0[598]+040 BLENDWEIGHTS: 1.0, 0.0, 0.0, 0.0
vb0[598]+056 BLENDINDICES: 7, 0, 0, 0
vb0[598]+072 COLOR: 1.0, 0.5019607843137255, 0.5019607843137255, 0.4
vb0[598]+076 TEXCOORD: 0.33858585357666016, 0.5633611083030701
vb0[598]+084 TEXCOORD1: 0.20402604341506958, 0.8881652355194092

vb0[599]+000 POSITION: 0.06878547370433807, 1.303590178489685, 0.19015926122665405
vb0[599]+012 NORMAL: -0.6196584105491638, -0.28733715415000916, 0.7303839921951294
vb0[599]+024 TANGENT: 0.39278870820999146, 0.010025858879089355, 0.9195741415023804, -1.0
vb0[599]+040 BLENDWEIGHTS: 0.4152162969112396, 0.322980135679245, 0.2618035674095154, 0.0
vb0[599]+056 BLENDINDICES: 3, 2, 7, 0
vb0[599]+072 COLOR: 1.0, 0.2, 0.5019607843137255, 0.5019607843137255
vb0[599]+076 TEXCOORD: 0.8693852424621582, 0.36395692825317383
vb0[599]+084 TEXCOORD1: 0.20402604341506958, 0.8881652355194092

vb0[600]+000 POSITION: 0.060668982565402985, 1.3097615242004395, 0.1858719438314438
vb0[600]+012 NORMAL: -0.6147867441177368, -0.2809339165687561, 0.7369622588157654
vb0[600]+024 TANGENT: -0.6371769905090332, -0.7671600580215454, -0.07396584749221802, -1.0
vb0[600]+040 BLENDWEIGHTS: 0.44842779636383057, 0.3236212432384491, 0.22795094549655914, 0.0
vb0[600]+056 BLENDINDICES: 3, 2, 7, 0
vb0[600]+072 COLOR: 1.0, 0.2, 0.5019607843137255, 0.5019607843137255
vb0[600]+076 TEXCOORD: 0.8741364479064941, 0.3491574823856354
vb0[600]+084 TEXCOORD1: 0.20402604341506958, 0.8881652355194092

vb0[601]+000 POSITION: 0.06904932111501694, 1.3020679950714111, 0.18972863256931305
vb0[601]+012 NORMAL: -0.6196584105491638, -0.28733712434768677, 0.7303839921951294
vb0[601]+024 TANGENT: 0.383760005235672, -0.8810885548591614, 0.2764255702495575, -1.0
vb0[601]+040 BLENDWEIGHTS: 0.4148854613304138, 0.3229738175868988, 0.26214075088500977, 0.0
vb0[601]+056 BLENDINDICES: 3, 2, 7, 0
vb0[601]+072 COLOR: 1.0, 0.2, 0.5019607843137255, 0.5019607843137255
vb0[601]+076 TEXCOORD: 0.8697621822357178, 0.3671296238899231
vb0[601]+084 TEXCOORD1: 0.20402604341506958, 0.8881652355194092

vb0[602]+000 POSITION: 0.06097111478447914, 1.3111228942871094, 0.18664102256298065
vb0[602]+012 NORMAL: -0.6128975749015808, -0.27846595644950867, 0.7394682765007019
vb0[602]+024 TANGENT: -0.40480780601501465, 0.03545546531677246, 0.9137141704559326, -1.0
vb0[602]+040 BLENDWEIGHTS: 0.44863399863243103, 0.3236517906188965, 0.22771421074867249, 0.0
vb0[602]+056 BLENDINDICES: 3, 2, 7, 0
vb0[602]+072 COLOR: 1.0, 0.2, 0.5019607843137255, 0.5019607843137255
vb0[602]+076 TEXCOORD: 0.872124195098877, 0.348236620426178
vb0[602]+084 TEXCOORD1: 0.20402604341506958, 0.8881652355194092

vb0[603]+000 POSITION: 0.054677002131938934, 1.3148696422576904, 0.18285907804965973
vb0[603]+012 NORMAL: -0.620781660079956, -0.24467100203037262, 0.7448263168334961
vb0[603]+024 TANGENT: -0.6643424034118652, -0.7413122653961182, -0.09542179107666016, -1.0
vb0[603]+040 BLENDWEIGHTS: 0.46467268466949463, 0.3260541260242462, 0.20927320420742035, 0.0
vb0[603]+056 BLENDINDICES: 3, 2, 7, 0
vb0[603]+072 COLOR: 1.0, 0.2, 0.5019607843137255, 0.5019607843137255
vb0[603]+076 TEXCOORD: 0.8765008449554443, 0.3374437093734741
vb0[603]+084 TEXCOORD1: 0.20402604341506958, 0.8881652355194092

vb0[604]+000 POSITION: 0.05525016784667969, 1.316162109375, 0.18378564715385437
vb0[604]+012 NORMAL: -0.6211370229721069, -0.2439878284931183, 0.7447541952133179
vb0[604]+024 TANGENT: -0.43129676580429077, 0.07358039170503616, 0.8992047309875488, -1.0
vb0[604]+040 BLENDWEIGHTS: 0.46468010544776917, 0.32606855034828186, 0.20925137400627136, 0.0
vb0[604]+056 BLENDINDICES: 3, 2, 7, 0
vb0[604]+072 COLOR: 1.0, 0.2, 0.5019607843137255, 0.5019607843137255
vb0[604]+076 TEXCOORD: 0.8742043972015381, 0.33696672320365906
vb0[604]+084 TEXCOORD1: 0.20402604341506958, 0.8881652355194092

vb0[605]+000 POSITION: 0.04929448664188385, 1.319876790046692, 0.17962904274463654
vb0[605]+012 NORMAL: -0.6524907350540161, -0.17780154943466187, 0.7366426587104797
vb0[605]+024 TANGENT: -0.6404116153717041, -0.7624859809875488, -0.09213113784790039, -1.0
vb0[605]+040 BLENDWEIGHTS: 0.4460071325302124, 0.3489070534706116, 0.20508581399917603, 0.0
vb0[605]+056 BLENDINDICES: 3, 2, 7, 0
vb0[605]+072 COLOR: 1.0, 0.2, 0.5019607843137255, 0.5019607843137255
vb0[605]+076 TEXCOORD: 0.8781895637512207, 0.32639825344085693
vb0[605]+084 TEXCOORD1: 0.20402604341506958, 0.8881652355194092

vb0[606]+000 POSITION: 0.0500541627407074, 1.3212201595306396, 0.18064673244953156
vb0[606]+012 NORMAL: -0.6510879993438721, -0.18101654946804047, 0.7371006608009338
vb0[606]+024 TANGENT: -0.45304715633392334, 0.13990581035614014, 0.8804399967193604, -1.0
vb0[606]+040 BLENDWEIGHTS: 0.4459649324417114, 0.3489573001861572, 0.20507776737213135, 0.0
vb0[606]+056 BLENDINDICES: 3, 2, 7, 0
vb0[606]+072 COLOR: 1.0, 0.2, 0.5019607843137255, 0.5019607843137255
vb0[606]+076 TEXCOORD: 0.8757872581481934, 0.32595765590667725
vb0[606]+084 TEXCOORD1: 0.20402604341506958, 0.8881652355194092

vb0[607]+000 POSITION: 0.04347359016537666, 1.3276067972183228, 0.17581798136234283
vb0[607]+012 NORMAL: -0.6743434071540833, -0.13147304952144623, 0.7266194820404053
vb0[607]+024 TANGENT: -0.4919382631778717, 0.17422866821289062, 0.8530188798904419, -1.0
vb0[607]+040 BLENDWEIGHTS: 0.4180733263492584, 0.3798947036266327, 0.20203198492527008, 0.0
vb0[607]+056 BLENDINDICES: 2, 3, 7, 0
vb0[607]+072 COLOR: 1.0, 0.2, 0.5019607843137255, 0.5019607843137255
vb0[607]+076 TEXCOORD: 0.8768844604492188, 0.30992984771728516
vb0[607]+084 TEXCOORD1: 0.20402604341506958, 0.8881652355194092

vb0[608]+000 POSITION: 0.042609184980392456, 1.3260051012039185, 0.17473632097244263
vb0[608]+012 NORMAL: -0.6752878427505493, -0.12965771555900574, 0.7260682582855225
vb0[608]+024 TANGENT: -0.626713216304779, -0.7740762233734131, -0.08964765816926956, -1.0
vb0[608]+040 BLENDWEIGHTS: 0.4180733263492584, 0.3798946738243103, 0.20203199982643127, 0.0
vb0[608]+056 BLENDINDICES: 2, 3, 7, 0
vb0[608]+072 COLOR: 1.0, 0.2, 0.5019607843137255, 0.5019607843137255
vb0[608]+076 TEXCOORD: 0.8795106410980225, 0.3101644515991211
vb0[608]+084 TEXCOORD1: 0.20402604341506958, 0.8881652355194092

vb0[609]+000 POSITION: 0.03638037294149399, 1.3337535858154297, 0.17002691328525543
vb0[609]+012 NORMAL: -0.7125025987625122, -0.08807630091905594, 0.6961197257041931
vb0[609]+024 TANGENT: -0.5478471517562866, 0.21060921251773834, 0.8096339702606201, -1.0
vb0[609]+040 BLENDWEIGHTS: 0.4498801827430725, 0.2977010905742645, 0.25241872668266296, 0.0
vb0[609]+056 BLENDINDICES: 2, 3, 7, 0
vb0[609]+072 COLOR: 1.0, 0.2, 0.5019607843137255, 0.5019607843137255
vb0[609]+076 TEXCOORD: 0.876631498336792, 0.2937142550945282
vb0[609]+084 TEXCOORD1: 0.20402604341506958, 0.8881652355194092

vb0[610]+000 POSITION: 0.03549283370375633, 1.3319975137710571, 0.1689198613166809
vb0[610]+012 NORMAL: -0.7148640155792236, -0.08599135279655457, 0.6939560770988464
vb0[610]+024 TANGENT: -0.6220081448554993, -0.7826355695724487, -0.024237334728240967, -1.0
vb0[610]+040 BLENDWEIGHTS: 0.4498801529407501, 0.29770103096961975, 0.25241878628730774, 0.0
vb0[610]+056 BLENDINDICES: 2, 3, 7, 0
vb0[610]+072 COLOR: 1.0, 0.2, 0.5019607843137255, 0.5019607843137255
vb0[610]+076 TEXCOORD: 0.8794405460357666, 0.29370149970054626
vb0[610]+084 TEXCOORD1: 0.20402604341506958, 0.8881652355194092

vb0[611]+000 POSITION: 0.02932184375822544, 1.340124487876892, 0.16292184591293335
vb0[611]+012 NORMAL: -0.781296968460083, -0.03392958268523216, 0.6232365965843201
vb0[611]+024 TANGENT: -0.6280763149261475, 0.24650464951992035, 0.7380756139755249, -1.0
vb0[611]+040 BLENDWEIGHTS: 0.40461355447769165, 0.37270495295524597, 0.22268150746822357, 0.0
vb0[611]+056 BLENDINDICES: 2, 7, 3, 0
vb0[611]+072 COLOR: 1.0, 0.2, 0.5019607843137255, 0.5019607843137255
vb0[611]+076 TEXCOORD: 0.8753652572631836, 0.2769711911678314
vb0[611]+084 TEXCOORD1: 0.20402604341506958, 0.8881652355194092

vb0[612]+000 POSITION: 0.028487389907240868, 1.3382251262664795, 0.16178281605243683
vb0[612]+012 NORMAL: -0.7843526601791382, -0.031620148569345474, 0.619508683681488
vb0[612]+024 TANGENT: -0.6738404035568237, -0.7388182282447815, -0.009311676025390625, -1.0
vb0[612]+040 BLENDWEIGHTS: 0.40461260080337524, 0.37270599603652954, 0.22268138825893402, 0.0
vb0[612]+056 BLENDINDICES: 2, 7, 3, 0
vb0[612]+072 COLOR: 1.0, 0.2, 0.5019607843137255, 0.5019607843137255
vb0[612]+076 TEXCOORD: 0.878333568572998, 0.27667972445487976
vb0[612]+084 TEXCOORD1: 0.20402604341506958, 0.8881652355194092

vb0[613]+000 POSITION: 0.023537127301096916, 1.3465527296066284, 0.15471360087394714
vb0[613]+012 NORMAL: -0.8576894998550415, 0.014249513857066631, 0.5139704346656799
vb0[613]+024 TANGENT: -0.7044882774353027, 0.2950862646102905, 0.6454614400863647, -1.0
vb0[613]+040 BLENDWEIGHTS: 0.5507028698921204, 0.30155518651008606, 0.14774194359779358, 0.0
vb0[613]+056 BLENDINDICES: 7, 2, 3, 0
vb0[613]+072 COLOR: 1.0, 0.2, 0.5019607843137255, 0.5019607843137255
vb0[613]+076 TEXCOORD: 0.8721413612365723, 0.2605881690979004
vb0[613]+084 TEXCOORD1: 0.20402604341506958, 0.8881652355194092

vb0[614]+000 POSITION: 0.022777505218982697, 1.3444678783416748, 0.15354464948177338
vb0[614]+012 NORMAL: -0.8586137294769287, 0.01469777524471283, 0.5124123692512512
vb0[614]+024 TANGENT: -0.7201974391937256, -0.691328227519989, -0.05814516544342041, -1.0
vb0[614]+040 BLENDWEIGHTS: 0.5643495321273804, 0.28790876269340515, 0.14774172008037567, 0.0
vb0[614]+056 BLENDINDICES: 7, 2, 3, 0
vb0[614]+072 COLOR: 1.0, 0.2, 0.5019607843137255, 0.5019607843137255
vb0[614]+076 TEXCOORD: 0.8752148151397705, 0.2599526345729828
vb0[614]+084 TEXCOORD1: 0.20402604341506958, 0.8881652355194092

vb0[615]+000 POSITION: 0.018533434718847275, 1.3537195920944214, 0.14483390748500824
vb0[615]+012 NORMAL: -0.9114134311676025, 0.08620067685842514, 0.40236198902130127
vb0[615]+024 TANGENT: -0.7474664449691772, 0.3868086636066437, 0.5400675535202026, -1.0
vb0[615]+040 BLENDWEIGHTS: 0.7439125180244446, 0.1948687881231308, 0.06121870130300522, 0.0
vb0[615]+056 BLENDINDICES: 7, 2, 3, 0
vb0[615]+072 COLOR: 1.0, 0.2, 0.5019607843137255, 0.5019607843137255
vb0[615]+076 TEXCOORD: 0.8660736083984375, 0.24347782135009766
vb0[615]+084 TEXCOORD1: 0.20402604341506958, 0.8881652355194092

vb0[616]+000 POSITION: 0.01787278987467289, 1.3514509201049805, 0.14355191588401794
vb0[616]+012 NORMAL: -0.9112335443496704, 0.08572980016469955, 0.4028695225715637
vb0[616]+024 TANGENT: -0.7719489336013794, -0.6255474090576172, -0.11307220906019211, -1.0
vb0[616]+040 BLENDWEIGHTS: 0.7647709250450134, 0.17987169325351715, 0.05535736680030823, 0.0
vb0[616]+056 BLENDINDICES: 7, 2, 3, 0
vb0[616]+072 COLOR: 1.0, 0.2, 0.5019607843137255, 0.5019607843137255
vb0[616]+076 TEXCOORD: 0.8690614700317383, 0.2421937882900238
vb0[616]+084 TEXCOORD1: 0.20402604341506958, 0.8881652355194092

vb0[617]+000 POSITION: 0.015774911269545555, 1.3607702255249023, 0.13399367034435272
vb0[617]+012 NORMAL: -0.9252912402153015, 0.20370399951934814, 0.31990769505500793
vb0[617]+024 TANGENT: -0.734637439250946, 0.49869149923324585, 0.4600159227848053, -1.0
vb0[617]+040 BLENDWEIGHTS: 0.913486659526825, 0.07256574183702469, 0.013947607949376106, 0.0
vb0[617]+056 BLENDINDICES: 7, 2, 3, 0
vb0[617]+072 COLOR: 1.0, 0.2, 0.5019607843137255, 0.5019607843137255
vb0[617]+076 TEXCOORD: 0.8568894863128662, 0.2283029854297638
vb0[617]+084 TEXCOORD1: 0.20402604341506958, 0.8881652355194092

vb0[618]+000 POSITION: 0.014847906306385994, 1.3586918115615845, 0.13275107741355896
vb0[618]+012 NORMAL: -0.9250957369804382, 0.20571060478687286, 0.3191881775856018
vb0[618]+024 TANGENT: -0.5299437642097473, 0.181172713637352, 0.8284538984298706, -1.0
vb0[618]+040 BLENDWEIGHTS: 0.9189494252204895, 0.06699557602405548, 0.014055012725293636, 0.0
vb0[618]+056 BLENDINDICES: 7, 2, 3, 0
vb0[618]+072 COLOR: 1.0, 0.2, 0.5019607843137255, 0.5019607843137255
vb0[618]+076 TEXCOORD: 0.859546422958374, 0.22665849328041077
vb0[618]+084 TEXCOORD1: 0.20402604341506958, 0.8881652355194092

vb0[619]+000 POSITION: 0.014389715157449245, 1.3677424192428589, 0.12318836897611618
vb0[619]+012 NORMAL: -0.9162702560424805, 0.2809533476829529, 0.2855064272880554
vb0[619]+024 TANGENT: -0.6892989873886108, 0.5730209350585938, 0.44329890608787537, -1.0
vb0[619]+040 BLENDWEIGHTS: 0.9782755374908447, 0.02172446809709072, 0.0, 0.0
vb0[619]+056 BLENDINDICES: 7, 2, 0, 0
vb0[619]+072 COLOR: 1.0, 0.2, 0.5019607843137255, 0.5019607843137255
vb0[619]+076 TEXCOORD: 0.8465662002563477, 0.2146008312702179
vb0[619]+084 TEXCOORD1: 0.20402604341506958, 0.8881652355194092

vb0[620]+000 POSITION: 0.013207280077040195, 1.3658126592636108, 0.12151208519935608
vb0[620]+012 NORMAL: -0.9160237312316895, 0.28458666801452637, 0.2826853096485138
vb0[620]+024 TANGENT: -0.9282050132751465, 0.36104822158813477, 0.08988655358552933, -1.0
vb0[620]+040 BLENDWEIGHTS: 0.9788507223129272, 0.02114930748939514, 0.0, 0.0
vb0[620]+056 BLENDINDICES: 7, 2, 0, 0
vb0[620]+072 COLOR: 1.0, 0.2, 0.5019607843137255, 0.5019607843137255
vb0[620]+076 TEXCOORD: 0.8476896286010742, 0.21121104061603546
vb0[620]+084 TEXCOORD1: 0.20402604341506958, 0.8881652355194092

vb0[621]+000 POSITION: 0.013933554291725159, 1.372650384902954, 0.11611084640026093
vb0[621]+012 NORMAL: -0.9209355115890503, 0.31453126668930054, 0.2301039844751358
vb0[621]+024 TANGENT: -0.6616417169570923, 0.6110223531723022, 0.4346054494380951, -1.0
vb0[621]+040 BLENDWEIGHTS: 1.0, 0.0, 0.0, 0.0
vb0[621]+056 BLENDINDICES: 7, 0, 0, 0
vb0[621]+072 COLOR: 1.0, 0.2, 0.5019607843137255, 0.5019607843137255
vb0[621]+076 TEXCOORD: 0.8402471542358398, 0.20597568154335022
vb0[621]+084 TEXCOORD1: 0.20402604341506958, 0.8881652355194092

vb0[622]+000 POSITION: 0.012884477153420448, 1.3705387115478516, 0.11477024108171463
vb0[622]+012 NORMAL: -0.9204410314559937, 0.3139265477657318, 0.23289135098457336
vb0[622]+024 TANGENT: -0.9160484075546265, -0.3246929347515106, -0.23543517291545868, -1.0
vb0[622]+040 BLENDWEIGHTS: 1.0, 0.0, 0.0, 0.0
vb0[622]+056 BLENDINDICES: 7, 0, 0, 0
vb0[622]+072 COLOR: 1.0, 0.2, 0.5019607843137255, 0.5019607843137255
vb0[622]+076 TEXCOORD: 0.8419957160949707, 0.2040516585111618
vb0[622]+084 TEXCOORD1: 0.20402604341506958, 0.8881652355194092

vb0[623]+000 POSITION: 0.013421273790299892, 1.376994013786316, 0.10678409039974213
vb0[623]+012 NORMAL: -0.9257282614707947, 0.32081612944602966, 0.20026054978370667
vb0[623]+024 TANGENT: -0.8626925349235535, -0.2619612216949463, -0.4325944483280182, -1.0
vb0[623]+040 BLENDWEIGHTS: 1.0, 0.0, 0.0, 0.0
vb0[623]+056 BLENDINDICES: 7, 0, 0, 0
vb0[623]+072 COLOR: 1.0, 0.2, 0.5019607843137255, 0.5019607843137255
vb0[623]+076 TEXCOORD: 0.8336775302886963, 0.19513805210590363
vb0[623]+084 TEXCOORD1: 0.20402604341506958, 0.8881652355194092

vb0[624]+000 POSITION: 0.014300031587481499, 1.3786394596099854, 0.10833629220724106
vb0[624]+012 NORMAL: -0.9257282614707947, 0.32081612944602966, 0.20026053488254547
vb0[624]+024 TANGENT: -0.5706830024719238, 0.714691162109375, 0.4043976068496704, -1.0
vb0[624]+040 BLENDWEIGHTS: 1.0, 0.0, 0.0, 0.0
vb0[624]+056 BLENDINDICES: 7, 0, 0, 0
vb0[624]+072 COLOR: 1.0, 0.2, 0.5019607843137255, 0.5019607843137255
vb0[624]+076 TEXCOORD: 0.8319501876831055, 0.19713905453681946
vb0[624]+084 TEXCOORD1: 0.20402604341506958, 0.8881652355194092

vb0[625]+000 POSITION: 0.06878547370433807, 1.303590178489685, 0.19015926122665405
vb0[625]+012 NORMAL: 0.9812971353530884, 0.1861414760351181, 0.0490635447204113
vb0[625]+024 TANGENT: 0.39278870820999146, 0.010025858879089355, 0.9195741415023804, -1.0
vb0[625]+040 BLENDWEIGHTS: 0.4152162969112396, 0.322980135679245, 0.2618035674095154, 0.0
vb0[625]+056 BLENDINDICES: 3, 2, 7, 0
vb0[625]+072 COLOR: 1.0, 0.2, 0.5019607843137255, 0.5019607843137255
vb0[625]+076 TEXCOORD: 0.8693852424621582, 0.36395692825317383
vb0[625]+084 TEXCOORD1: 0.20402604341506958, 0.8881652355194092

vb0[626]+000 POSITION: 0.06749730557203293, 1.3121044635772705, 0.18362754583358765
vb0[626]+012 NORMAL: 0.9806699752807617, 0.18776291608810425, 0.05505829676985741
vb0[626]+024 TANGENT: 0.7301080226898193, -0.29112428426742554, -0.6182143092155457, -1.0
vb0[626]+040 BLENDWEIGHTS: 0.4480501711368561, 0.3236093819141388, 0.22834044694900513, 0.0
vb0[626]+056 BLENDINDICES: 3, 2, 7, 0
vb0[626]+072 COLOR: 1.0, 0.2, 0.5019607843137255, 0.5019607843137255
vb0[626]+076 TEXCOORD: 0.8607120513916016, 0.3514840304851532
vb0[626]+084 TEXCOORD1: 0.20402604341506958, 0.8881652355194092

vb0[627]+000 POSITION: 0.06719862669706345, 1.3131959438323975, 0.18453168869018555
vb0[627]+012 NORMAL: 0.9803286790847778, 0.1886034458875656, 0.05817578360438347
vb0[627]+024 TANGENT: 0.7847273349761963, 0.4135212004184723, 0.4617394208908081, -1.0
vb0[627]+040 BLENDWEIGHTS: 0.44869697093963623, 0.3236611485481262, 0.22764185070991516, 0.0
vb0[627]+056 BLENDINDICES: 3, 2, 7, 0
vb0[627]+072 COLOR: 1.0, 0.2, 0.5019607843137255, 0.5019607843137255
vb0[627]+076 TEXCOORD: 0.8621196746826172, 0.3500370681285858
vb0[627]+084 TEXCOORD1: 0.20402604341506958, 0.8881652355194092

vb0[628]+000 POSITION: 0.06904932111501694, 1.3020679950714111, 0.18972863256931305
vb0[628]+012 NORMAL: 0.9812971353530884, 0.1861414909362793, 0.0490635447204113
vb0[628]+024 TANGENT: 0.383760005235672, -0.8810885548591614, 0.2764255702495575, -1.0
vb0[628]+040 BLENDWEIGHTS: 0.4148854613304138, 0.3229738175868988, 0.26214075088500977, 0.0
vb0[628]+056 BLENDINDICES: 3, 2, 7, 0
vb0[628]+072 COLOR: 1.0, 0.2, 0.5019607843137255, 0.5019607843137255
vb0[628]+076 TEXCOORD: 0.8697621822357178, 0.3671296238899231
vb0[628]+084 TEXCOORD1: 0.20402604341506958, 0.8881652355194092

vb0[629]+000 POSITION: 0.06646954268217087, 1.3188717365264893, 0.1789807826280594
vb0[629]+012 NORMAL: 0.9816837906837463, 0.18167835474014282, 0.057357773184776306
vb0[629]+024 TANGENT: 0.7102184891700745, -0.3098966181278229, -0.6321026682853699, -1.0
vb0[629]+040 BLENDWEIGHTS: 0.4646620750427246, 0.32602953910827637, 0.20930838584899902, 0.0
vb0[629]+056 BLENDINDICES: 3, 2, 7, 0
vb0[629]+072 COLOR: 1.0, 0.2, 0.5019607843137255, 0.5019607843137255
vb0[629]+076 TEXCOORD: 0.8549933433532715, 0.3414095640182495
vb0[629]+084 TEXCOORD1: 0.20402604341506958, 0.8881652355194092

vb0[630]+000 POSITION: 0.06622524559497833, 1.319857120513916, 0.18015147745609283
vb0[630]+012 NORMAL: 0.9818764925003052, 0.18086965382099152, 0.05660877004265785
vb0[630]+024 TANGENT: 0.7765149474143982, 0.4349374771118164, 0.45590999722480774, -1.0
vb0[630]+040 BLENDWEIGHTS: 0.46469253301620483, 0.3260881304740906, 0.2092193216085434, 0.0
vb0[630]+056 BLENDINDICES: 3, 2, 7, 0
vb0[630]+072 COLOR: 1.0, 0.2, 0.5019607843137255, 0.5019607843137255
vb0[630]+076 TEXCOORD: 0.8567826747894287, 0.34019601345062256
vb0[630]+084 TEXCOORD1: 0.20402604341506958, 0.8881652355194092

vb0[631]+000 POSITION: 0.06558728218078613, 1.3251571655273438, 0.17418231070041656
vb0[631]+012 NORMAL: 0.9830446243286133, 0.17868851125240326, 0.041154950857162476
vb0[631]+024 TANGENT: 0.6800380349159241, -0.39530718326568604, -0.617479145526886, -1.0
vb0[631]+040 BLENDWEIGHTS: 0.465950071811676, 0.3289751410484314, 0.20507480204105377, 0.0
vb0[631]+056 BLENDINDICES: 3, 2, 7, 0
vb0[631]+072 COLOR: 1.0, 0.2, 0.5019607843137255, 0.5019607843137255
vb0[631]+076 TEXCOORD: 0.8495578765869141, 0.3321080207824707
vb0[631]+084 TEXCOORD1: 0.20402604341506958, 0.8881652355194092

vb0[632]+000 POSITION: 0.06536111980676651, 1.3261293172836304, 0.1755569726228714
vb0[632]+012 NORMAL: 0.9831069707870483, 0.17819298803806305, 0.04180722311139107
vb0[632]+024 TANGENT: 0.7714191675186157, 0.4610776901245117, 0.4385428726673126, -1.0
vb0[632]+040 BLENDWEIGHTS: 0.4658341109752655, 0.329113245010376, 0.20505262911319733, 0.0
vb0[632]+056 BLENDINDICES: 3, 2, 7, 0
vb0[632]+072 COLOR: 1.0, 0.2, 0.5019607843137255, 0.5019607843137255
vb0[632]+076 TEXCOORD: 0.8514251708984375, 0.3307432234287262
vb0[632]+084 TEXCOORD1: 0.20402604341506958, 0.8881652355194092

vb0[633]+000 POSITION: 0.06415659189224243, 1.33387291431427, 0.16879738867282867
vb0[633]+012 NORMAL: 0.980279803276062, 0.19442996382713318, 0.035333674401044846
vb0[633]+024 TANGENT: 0.7664185166358948, 0.5056406259536743, 0.39614415168762207, -1.0
vb0[633]+040 BLENDWEIGHTS: 0.41914838552474976, 0.3783787488937378, 0.20247289538383484, 0.0
vb0[633]+056 BLENDINDICES: 3, 2, 7, 0
vb0[633]+072 COLOR: 1.0, 0.2, 0.5019607843137255, 0.5019607843137255
vb0[633]+076 TEXCOORD: 0.8431005477905273, 0.31720128655433655
vb0[633]+084 TEXCOORD1: 0.20402604341506958, 0.8881652355194092

vb0[634]+000 POSITION: 0.06442709267139435, 1.3327488899230957, 0.16725607216358185
vb0[634]+012 NORMAL: 0.9798102378845215, 0.1968187391757965, 0.03513113781809807
vb0[634]+024 TANGENT: 0.6920364499092102, -0.4631075859069824, -0.5537300109863281, -1.0
vb0[634]+040 BLENDWEIGHTS: 0.419145405292511, 0.378361314535141, 0.2024933099746704, 0.0
vb0[634]+056 BLENDINDICES: 3, 2, 7, 0
vb0[634]+072 COLOR: 1.0, 0.2, 0.5019607843137255, 0.5019607843137255
vb0[634]+076 TEXCOORD: 0.8409504890441895, 0.31843987107276917
vb0[634]+084 TEXCOORD1: 0.20402604341506958, 0.8881652355194092

vb0[635]+000 POSITION: 0.06282006204128265, 1.3413312435150146, 0.16093820333480835
vb0[635]+012 NORMAL: 0.9717938303947449, 0.2344927340745926, 0.025094935670495033
vb0[635]+024 TANGENT: 0.7587372660636902, 0.5521507263183594, 0.34561172127723694, -1.0
vb0[635]+040 BLENDWEIGHTS: 0.40987977385520935, 0.3364230692386627, 0.25369712710380554, 0.0
vb0[635]+056 BLENDINDICES: 2, 3, 7, 0
vb0[635]+072 COLOR: 1.0, 0.2, 0.5019607843137255, 0.5019607843137255
vb0[635]+076 TEXCOORD: 0.8348085880279541, 0.3034331500530243
vb0[635]+084 TEXCOORD1: 0.20402604341506958, 0.8881652355194092

vb0[636]+000 POSITION: 0.06316618621349335, 1.340064525604248, 0.15931889414787292
vb0[636]+012 NORMAL: 0.9701443314552307, 0.24145816266536713, 0.022756971418857574
vb0[636]+024 TANGENT: 0.7373977899551392, -0.4602619409561157, -0.49437177181243896, -1.0
vb0[636]+040 BLENDWEIGHTS: 0.40981894731521606, 0.3372531235218048, 0.2529279589653015, 0.0
vb0[636]+056 BLENDINDICES: 2, 3, 7, 0
vb0[636]+072 COLOR: 1.0, 0.2, 0.5019607843137255, 0.5019607843137255
vb0[636]+076 TEXCOORD: 0.8324184417724609, 0.304523229598999
vb0[636]+084 TEXCOORD1: 0.20402604341506958, 0.8881652355194092

vb0[637]+000 POSITION: 0.060907695442438126, 1.348723292350769, 0.1513526290655136
vb0[637]+012 NORMAL: 0.9559219479560852, 0.29355043172836304, -0.006430352106690407
vb0[637]+024 TANGENT: 0.7553218007087708, 0.5988668203353882, 0.2661716639995575, -1.0
vb0[637]+040 BLENDWEIGHTS: 0.3845701515674591, 0.3728260099887848, 0.2426038235425949, 0.0
vb0[637]+056 BLENDINDICES: 2, 7, 3, 0
vb0[637]+072 COLOR: 1.0, 0.2, 0.5019607843137255, 0.5019607843137255
vb0[637]+076 TEXCOORD: 0.8261876106262207, 0.28827759623527527
vb0[637]+084 TEXCOORD1: 0.20402604341506958, 0.8881652355194092

vb0[638]+000 POSITION: 0.061345357447862625, 1.3473126888275146, 0.14968346059322357
vb0[638]+012 NORMAL: 0.9532303214073181, 0.3019815683364868, -0.012608455494046211
vb0[638]+024 TANGENT: 0.7615908980369568, -0.4361324906349182, -0.47934097051620483, -1.0
vb0[638]+040 BLENDWEIGHTS: 0.3844633996486664, 0.37311843037605286, 0.24241815507411957, 0.0
vb0[638]+056 BLENDINDICES: 2, 7, 3, 0
vb0[638]+072 COLOR: 1.0, 0.2, 0.5019607843137255, 0.5019607843137255
vb0[638]+076 TEXCOORD: 0.8235354423522949, 0.2892267405986786
vb0[638]+084 TEXCOORD1: 0.20402604341506958, 0.8881652355194092

vb0[639]+000 POSITION: 0.05815855786204338, 1.3556535243988037, 0.14127008616924286
vb0[639]+012 NORMAL: 0.9300447106361389, 0.35880622267723083, -0.07921440899372101
vb0[639]+024 TANGENT: 0.7399128675460815, 0.646919310092926, 0.1844571977853775, -1.0
vb0[639]+040 BLENDWEIGHTS: 0.5529125332832336, 0.2987058758735657, 0.14838162064552307, 0.0
vb0[639]+056 BLENDINDICES: 7, 2, 3, 0
vb0[639]+072 COLOR: 1.0, 0.2, 0.5019607843137255, 0.5019607843137255
vb0[639]+076 TEXCOORD: 0.8184564113616943, 0.27262622117996216
vb0[639]+084 TEXCOORD1: 0.20402604341506958, 0.8881652355194092

vb0[640]+000 POSITION: 0.05865423008799553, 1.3540531396865845, 0.13957636058330536
vb0[640]+012 NORMAL: 0.9269442558288574, 0.36463597416877747, -0.08840203285217285
vb0[640]+024 TANGENT: 0.7669844031333923, -0.39945873618125916, -0.5021629333496094, -1.0
vb0[640]+040 BLENDWEIGHTS: 0.5528340339660645, 0.2990090250968933, 0.14815695583820343, 0.0
vb0[640]+056 BLENDINDICES: 7, 2, 3, 0
vb0[640]+072 COLOR: 1.0, 0.2, 0.5019607843137255, 0.5019607843137255
vb0[640]+076 TEXCOORD: 0.815558671951294, 0.27339667081832886
vb0[640]+084 TEXCOORD1: 0.20402604341506958, 0.8881652355194092

vb0[641]+000 POSITION: 0.053100328892469406, 1.363842487335205, 0.1284705102443695
vb0[641]+012 NORMAL: 0.8915864825248718, 0.42245233058929443, -0.1631184071302414
vb0[641]+024 TANGENT: 0.7058609127998352, 0.7021280527114868, 0.09368313103914261, -1.0
vb0[641]+040 BLENDWEIGHTS: 0.7489326000213623, 0.17468926310539246, 0.07637815922498703, 0.0
vb0[641]+056 BLENDINDICES: 7, 2, 3, 0
vb0[641]+072 COLOR: 1.0, 0.2, 0.5019607843137255, 0.5019607843137255
vb0[641]+076 TEXCOORD: 0.8109612464904785, 0.252729207277298
vb0[641]+084 TEXCOORD1: 0.20402604341506958, 0.8881652355194092

vb0[642]+000 POSITION: 0.05352042242884636, 1.3621366024017334, 0.126566082239151
vb0[642]+012 NORMAL: 0.8848963975906372, 0.43202608823776245, -0.17410321533679962
vb0[642]+024 TANGENT: 0.7404349446296692, -0.3263325095176697, -0.5875910520553589, -1.0
vb0[642]+040 BLENDWEIGHTS: 0.756245493888855, 0.16896720230579376, 0.07478729635477066, 0.0
vb0[642]+056 BLENDINDICES: 7, 2, 3, 0
vb0[642]+072 COLOR: 1.0, 0.2, 0.5019607843137255, 0.5019607843137255
vb0[642]+076 TEXCOORD: 0.807776927947998, 0.25301507115364075
vb0[642]+084 TEXCOORD1: 0.20402604341506958, 0.8881652355194092

vb0[643]+000 POSITION: 0.04723452031612396, 1.3697457313537598, 0.11911831796169281
vb0[643]+012 NORMAL: 0.8046626448631287, 0.523049533367157, -0.28095775842666626
vb0[643]+024 TANGENT: 0.6188746690750122, 0.7854870557785034, 0.00206148624420166, -1.0
vb0[643]+040 BLENDWEIGHTS: 0.8718115091323853, 0.10009966045618057, 0.028088800609111786, 0.0
vb0[643]+056 BLENDINDICES: 7, 2, 3, 0
vb0[643]+072 COLOR: 1.0, 0.2, 0.5019607843137255, 0.5019607843137255
vb0[643]+076 TEXCOORD: 0.8081307411193848, 0.23723682761192322
vb0[643]+084 TEXCOORD1: 0.20402604341506958, 0.8881652355194092

vb0[644]+000 POSITION: 0.04788327217102051, 1.3678765296936035, 0.11750493943691254
vb0[644]+012 NORMAL: 0.8092105984687805, 0.5187541842460632, -0.27581194043159485
vb0[644]+024 TANGENT: 0.6894583106040955, -0.2457597553730011, -0.6813586354255676, -1.0
vb0[644]+040 BLENDWEIGHTS: 0.870017945766449, 0.1012103408575058, 0.028771724551916122, 0.0
vb0[644]+056 BLENDINDICES: 7, 2, 3, 0
vb0[644]+072 COLOR: 1.0, 0.2, 0.5019607843137255, 0.5019607843137255
vb0[644]+076 TEXCOORD: 0.8049709796905518, 0.23758725821971893
vb0[644]+084 TEXCOORD1: 0.20402604341506958, 0.8881652355194092

vb0[645]+000 POSITION: 0.0422995463013649, 1.371553659439087, 0.11155527085065842
vb0[645]+012 NORMAL: 0.6559455990791321, 0.6290739178657532, -0.41713470220565796
vb0[645]+024 TANGENT: 0.5293869376182556, -0.12667958438396454, -0.8388692736625671, -1.0
vb0[645]+040 BLENDWEIGHTS: 0.9422600269317627, 0.046328749507665634, 0.011411248706281185, 0.0
vb0[645]+056 BLENDINDICES: 7, 2, 3, 0
vb0[645]+072 COLOR: 1.0, 0.2, 0.5019607843137255, 0.5019607843137255
vb0[645]+076 TEXCOORD: 0.805570125579834, 0.22575673460960388
vb0[645]+084 TEXCOORD1: 0.20402604341506958, 0.8881652355194092

vb0[646]+000 POSITION: 0.04155723378062248, 1.3734261989593506, 0.11318862438201904
vb0[646]+012 NORMAL: 0.6230517625808716, 0.6459290981292725, -0.441114604473114
vb0[646]+024 TANGENT: 0.48188167810440063, 0.8675541281700134, -0.12304479628801346, -1.0
vb0[646]+040 BLENDWEIGHTS: 0.9428511261940002, 0.04615456610918045, 0.010994330048561096, 0.0
vb0[646]+056 BLENDINDICES: 7, 2, 3, 0
vb0[646]+072 COLOR: 1.0, 0.2, 0.5019607843137255, 0.5019607843137255
vb0[646]+076 TEXCOORD: 0.8086254596710205, 0.22593112289905548
vb0[646]+084 TEXCOORD1: 0.20402604341506958, 0.8881652355194092

vb0[647]+000 POSITION: 0.03528818115592003, 1.3744088411331177, 0.10874223709106445
vb0[647]+012 NORMAL: 0.4238324463367462, 0.7273884415626526, -0.5396963357925415
vb0[647]+024 TANGENT: 0.2944652736186981, -0.010947228409349918, -0.9555994868278503, -1.0
vb0[647]+040 BLENDWEIGHTS: 0.971939742565155, 0.028060253709554672, 0.0, 0.0
vb0[647]+056 BLENDINDICES: 7, 2, 0, 0
vb0[647]+072 COLOR: 1.0, 0.2, 0.5019607843137255, 0.5019607843137255
vb0[647]+076 TEXCOORD: 0.809711217880249, 0.21594001352787018
vb0[647]+084 TEXCOORD1: 0.20402604341506958, 0.8881652355194092

vb0[648]+000 POSITION: 0.03509388491511345, 1.3756436109542847, 0.11037813872098923
vb0[648]+012 NORMAL: 0.4187735319137573, 0.7295661568641663, -0.5407050251960754
vb0[648]+024 TANGENT: 0.33936282992362976, 0.9265865683555603, -0.16208046674728394, -1.0
vb0[648]+040 BLENDWEIGHTS: 0.971996545791626, 0.028003444895148277, 0.0, 0.0
vb0[648]+056 BLENDINDICES: 7, 2, 0, 0
vb0[648]+072 COLOR: 1.0, 0.2, 0.5019607843137255, 0.5019607843137255
vb0[648]+076 TEXCOORD: 0.8122990131378174, 0.2172546088695526
vb0[648]+084 TEXCOORD1: 0.20402604341506958, 0.8881652355194092

vb0[649]+000 POSITION: 0.029111923649907112, 1.3760117292404175, 0.10730495303869247
vb0[649]+012 NORMAL: 0.3045695424079895, 0.7657106518745422, -0.5665020942687988
vb0[649]+024 TANGENT: 0.2038748562335968, 0.009983658790588379, -0.9789460301399231, -1.0
vb0[649]+040 BLENDWEIGHTS: 1.0, 0.0, 0.0, 0.0
vb0[649]+056 BLENDINDICES: 7, 0, 0, 0
vb0[649]+072 COLOR: 1.0, 0.2, 0.5019607843137255, 0.5019607843137255
vb0[649]+076 TEXCOORD: 0.8146343231201172, 0.2090650200843811
vb0[649]+084 TEXCOORD1: 0.20402604341506958, 0.8881652355194092

vb0[650]+000 POSITION: 0.02898252196609974, 1.3773034811019897, 0.10893842577934265
vb0[650]+012 NORMAL: 0.29503121972084045, 0.7668648958206177, -0.5699779391288757
vb0[650]+024 TANGENT: 0.22308027744293213, 0.9642119407653809, -0.14328503608703613, -1.0
vb0[650]+040 BLENDWEIGHTS: 1.0, 0.0, 0.0, 0.0
vb0[650]+056 BLENDINDICES: 7, 0, 0, 0
vb0[650]+072 COLOR: 1.0, 0.2, 0.5019607843137255, 0.5019607843137255
vb0[650]+076 TEXCOORD: 0.8173155784606934, 0.21078653633594513
vb0[650]+084 TEXCOORD1: 0.20402604341506958, 0.8881652355194092

vb0[651]+000 POSITION: 0.02199692279100418, 1.378495454788208, 0.10786926746368408
vb0[651]+012 NORMAL: 0.2267358899116516, 0.7727375626564026, -0.5928469896316528
vb0[651]+024 TANGENT: 0.2846430540084839, 0.8811734318733215, 0.3775072395801544, -1.0
vb0[651]+040 BLENDWEIGHTS: 1.0, 0.0, 0.0, 0.0
vb0[651]+056 BLENDINDICES: 7, 0, 0, 0
vb0[651]+072 COLOR: 1.0, 0.2, 0.5019607843137255, 0.5019607843137255
vb0[651]+076 TEXCOORD: 0.8226771354675293, 0.20426899194717407
vb0[651]+084 TEXCOORD1: 0.20402604341506958, 0.8881652355194092

vb0[652]+000 POSITION: 0.024678297340869904, 1.394776701927185, 0.08650312572717667
vb0[652]+012 NORMAL: -0.5718179941177368, 0.8192217350006104, -0.04358683153986931
vb0[652]+024 TANGENT: 0.16108572483062744, -0.11060185730457306, -0.9807235598564148, -1.0
vb0[652]+040 BLENDWEIGHTS: 1.0, 0.0, 0.0, 0.0
vb0[652]+056 BLENDINDICES: 7, 0, 0, 0
vb0[652]+072 COLOR: 1.0, 0.5019607843137255, 0.5019607843137255, 0.4
vb0[652]+076 TEXCOORD: 0.8020167350769043, 0.1770414113998413
vb0[652]+084 TEXCOORD1: 0.20402604341506958, 0.8881652355194092

vb0[653]+000 POSITION: 0.030727576464414597, 1.3988784551620483, 0.08423309028148651
vb0[653]+012 NORMAL: -0.43947792053222656, 0.8949239253997803, -0.0772676020860672
vb0[653]+024 TANGENT: -0.27371326088905334, 0.9126852750778198, 0.30345800518989563, -1.0
vb0[653]+040 BLENDWEIGHTS: 1.0, 0.0, 0.0, 0.0
vb0[653]+056 BLENDINDICES: 7, 0, 0, 0
vb0[653]+072 COLOR: 1.0, 0.5019607843137255, 0.5019607843137255, 0.4
vb0[653]+076 TEXCOORD: 0.7927548885345459, 0.1786627173423767
vb0[653]+084 TEXCOORD1: 0.20402604341506958, 0.8881652355194092

vb0[654]+000 POSITION: 0.030351879075169563, 1.3985669612884521, 0.08256237953901291
vb0[654]+012 NORMAL: -0.4140930771827698, 0.9064214825630188, -0.08322931826114655
vb0[654]+024 TANGENT: -0.48596081137657166, 0.24703621864318848, -0.838340699672699, -1.0
vb0[654]+040 BLENDWEIGHTS: 1.0, 0.0, 0.0, 0.0
vb0[654]+056 BLENDINDICES: 7, 0, 0, 0
vb0[654]+072 COLOR: 1.0, 0.5019607843137255, 0.5019607843137255, 0.4
vb0[654]+076 TEXCOORD: 0.7925047874450684, 0.17622467875480652
vb0[654]+084 TEXCOORD1: 0.20402604341506958, 0.8881652355194092

vb0[655]+000 POSITION: 0.024631328880786896, 1.3948843479156494, 0.08839748054742813
vb0[655]+012 NORMAL: -0.5718180537223816, 0.8192217350006104, -0.04358682408928871
vb0[655]+024 TANGENT: 0.01958918757736683, 0.824431836605072, 0.5656222105026245, -1.0
vb0[655]+040 BLENDWEIGHTS: 1.0, 0.0, 0.0, 0.0
vb0[655]+056 BLENDINDICES: 7, 0, 0, 0
vb0[655]+072 COLOR: 1.0, 0.5019607843137255, 0.5019607843137255, 0.4
vb0[655]+076 TEXCOORD: 0.8025913238525391, 0.17955371737480164
vb0[655]+084 TEXCOORD1: 0.20402604341506958, 0.8881652355194092

vb0[656]+000 POSITION: 0.038721583783626556, 1.4010131359100342, 0.08171126246452332
vb0[656]+012 NORMAL: -0.17322129011154175, 0.9774352312088013, -0.1208920106291771
vb0[656]+024 TANGENT: -0.10041392594575882, 0.9608411192893982, 0.25826624035835266, -1.0
vb0[656]+040 BLENDWEIGHTS: 1.0, 0.0, 0.0, 0.0
vb0[656]+056 BLENDINDICES: 7, 0, 0, 0
vb0[656]+072 COLOR: 1.0, 0.5019607843137255, 0.5019607843137255, 0.4
vb0[656]+076 TEXCOORD: 0.7830104827880859, 0.18145841360092163
vb0[656]+084 TEXCOORD1: 0.20402604341506958, 0.8881652355194092

vb0[657]+000 POSITION: 0.03843718022108078, 1.40072762966156, 0.07997483015060425
vb0[657]+012 NORMAL: -0.17345015704631805, 0.9773968458175659, -0.12087349593639374
vb0[657]+024 TANGENT: -0.22256027162075043, 0.3109852075576782, -0.9239886999130249, -1.0
vb0[657]+040 BLENDWEIGHTS: 1.0, 0.0, 0.0, 0.0
vb0[657]+056 BLENDINDICES: 7, 0, 0, 0
vb0[657]+072 COLOR: 1.0, 0.5019607843137255, 0.5019607843137255, 0.4
vb0[657]+076 TEXCOORD: 0.7820756435394287, 0.17917324602603912
vb0[657]+084 TEXCOORD1: 0.20402604341506958, 0.8881652355194092

vb0[658]+000 POSITION: 0.047259457409381866, 1.4012056589126587, 0.07936312258243561
vb0[658]+012 NORMAL: -0.04156189411878586, 0.9905431866645813, -0.13075464963912964
vb0[658]+024 TANGENT: -0.03811478614807129, 0.30327677726745605, -0.9521399140357971, -1.0
vb0[658]+040 BLENDWEIGHTS: 1.0, 0.0, 0.0, 0.0
vb0[658]+056 BLENDINDICES: 7, 0, 0, 0
vb0[658]+072 COLOR: 1.0, 0.5019607843137255, 0.5019607843137255, 0.4
vb0[658]+076 TEXCOORD: 0.7736990451812744, 0.18515068292617798
vb0[658]+084 TEXCOORD1: 0.20402604341506958, 0.8881652355194092

vb0[659]+000 POSITION: 0.0472845584154129, 1.4014006853103638, 0.08116498589515686
vb0[659]+012 NORMAL: -0.041336193680763245, 0.9905499815940857, -0.1307746171951294
vb0[659]+024 TANGENT: -0.027991648763418198, 0.9601282477378845, 0.27815496921539307, -1.0
vb0[659]+040 BLENDWEIGHTS: 1.0, 0.0, 0.0, 0.0
vb0[659]+056 BLENDINDICES: 7, 0, 0, 0
vb0[659]+072 COLOR: 1.0, 0.5019607843137255, 0.5019607843137255, 0.4
vb0[659]+076 TEXCOORD: 0.7752461433410645, 0.18711219727993011
vb0[659]+084 TEXCOORD1: 0.20402604341506958, 0.8881652355194092

vb0[660]+000 POSITION: 0.056341223418712616, 1.401458740234375, 0.07984451204538345
vb0[660]+012 NORMAL: -0.018285365775227547, 0.9871100187301636, -0.15899518132209778
vb0[660]+024 TANGENT: 0.03913009539246559, 0.3184685707092285, -0.9471254944801331, -1.0
vb0[660]+040 BLENDWEIGHTS: 1.0, 0.0, 0.0, 0.0
vb0[660]+056 BLENDINDICES: 7, 0, 0, 0
vb0[660]+072 COLOR: 1.0, 0.5019607843137255, 0.5019607843137255, 0.4
vb0[660]+076 TEXCOORD: 0.7659270763397217, 0.19212135672569275
vb0[660]+084 TEXCOORD1: 0.20402604341506958, 0.8881652355194092

vb0[661]+000 POSITION: 0.05619209632277489, 1.4017372131347656, 0.08161576837301254
vb0[661]+012 NORMAL: -0.018509037792682648, 0.9872369766235352, -0.1581788957118988
vb0[661]+024 TANGENT: -0.04449141025543213, 0.9505107402801514, 0.3074895143508911, -1.0
vb0[661]+040 BLENDWEIGHTS: 1.0, 0.0, 0.0, 0.0
vb0[661]+056 BLENDINDICES: 7, 0, 0, 0
vb0[661]+072 COLOR: 1.0, 0.5019607843137255, 0.5019607843137255, 0.4
vb0[661]+076 TEXCOORD: 0.7678256034851074, 0.19376710057258606
vb0[661]+084 TEXCOORD1: 0.20402604341506958, 0.8881652355194092

vb0[662]+000 POSITION: 0.06557027250528336, 1.40199613571167, 0.0821431428194046
vb0[662]+012 NORMAL: -0.011658619157969952, 0.9830243587493896, -0.18310415744781494
vb0[662]+024 TANGENT: 0.5811651945114136, 0.6549802422523499, 0.4829576313495636, -1.0
vb0[662]+040 BLENDWEIGHTS: 1.0, 0.0, 0.0, 0.0
vb0[662]+056 BLENDINDICES: 7, 0, 0, 0
vb0[662]+072 COLOR: 1.0, 0.5019607843137255, 0.5019607843137255, 0.4
vb0[662]+076 TEXCOORD: 0.7598733901977539, 0.20083990693092346
vb0[662]+084 TEXCOORD1: 0.20402604341506958, 0.8881652355194092

vb0[663]+000 POSITION: 0.06626906245946884, 1.4016321897506714, 0.08040998876094818
vb0[663]+012 NORMAL: -0.011658619157969952, 0.9830243587493896, -0.18310415744781494
vb0[663]+024 TANGENT: 0.7949120402336121, 0.2649199962615967, -0.5458316206932068, -1.0
vb0[663]+040 BLENDWEIGHTS: 1.0, 0.0, 0.0, 0.0
vb0[663]+056 BLENDINDICES: 7, 0, 0, 0
vb0[663]+072 COLOR: 1.0, 0.5019607843137255, 0.5019607843137255, 0.4
vb0[663]+076 TEXCOORD: 0.756889820098877, 0.20108655095100403
vb0[663]+084 TEXCOORD1: 0.20402604341506958, 0.8881652355194092

vb0[664]+000 POSITION: 0.061562079936265945, 1.393815279006958, 0.08498208969831467
vb0[664]+012 NORMAL: 0.8361067771911621, -0.21271060407161713, 0.5056477189064026
vb0[664]+024 TANGENT: 0.6553173065185547, -0.652104914188385, -0.38120636343955994, -1.0
vb0[664]+040 BLENDWEIGHTS: 1.0, 0.0, 0.0, 0.0
vb0[664]+056 BLENDINDICES: 7, 0, 0, 0
vb0[664]+072 COLOR: 1.0, 0.5019607843137255, 0.5019607843137255, 0.4
vb0[664]+076 TEXCOORD: 0.7680418491363525, 0.20741626620292664
vb0[664]+084 TEXCOORD1: 0.20402604341506958, 0.8881652355194092

vb0[665]+000 POSITION: 0.06557027250528336, 1.40199613571167, 0.0821431428194046
vb0[665]+012 NORMAL: 0.8503977060317993, -0.2574075758457184, 0.4588736593723297
vb0[665]+024 TANGENT: 0.5811651945114136, 0.6549802422523499, 0.4829576313495636, -1.0
vb0[665]+040 BLENDWEIGHTS: 1.0, 0.0, 0.0, 0.0
vb0[665]+056 BLENDINDICES: 7, 0, 0, 0
vb0[665]+072 COLOR: 1.0, 0.5019607843137255, 0.5019607843137255, 0.4
vb0[665]+076 TEXCOORD: 0.7598733901977539, 0.20083990693092346
vb0[665]+084 TEXCOORD1: 0.20402604341506958, 0.8881652355194092

vb0[666]+000 POSITION: 0.06102529913187027, 1.3948649168014526, 0.08633165061473846
vb0[666]+012 NORMAL: 0.8347983956336975, -0.20907656848430634, 0.5093117952346802
vb0[666]+024 TANGENT: 0.5884093642234802, 0.12328196316957474, 0.7991095185279846, -1.0
vb0[666]+040 BLENDWEIGHTS: 1.0, 0.0, 0.0, 0.0
vb0[666]+056 BLENDINDICES: 7, 0, 0, 0
vb0[666]+072 COLOR: 1.0, 0.5019607843137255, 0.5019607843137255, 0.4
vb0[666]+076 TEXCOORD: 0.7694971561431885, 0.20533421635627747
vb0[666]+084 TEXCOORD1: 0.20402604341506958, 0.8881652355194092

vb0[667]+000 POSITION: 0.06626906245946884, 1.4016321897506714, 0.08040998876094818
vb0[667]+012 NORMAL: 0.8503977060317993, -0.2574075758457184, 0.45887359976768494
vb0[667]+024 TANGENT: 0.7949120402336121, 0.2649199962615967, -0.5458316206932068, -1.0
vb0[667]+040 BLENDWEIGHTS: 1.0, 0.0, 0.0, 0.0
vb0[667]+056 BLENDINDICES: 7, 0, 0, 0
vb0[667]+072 COLOR: 1.0, 0.5019607843137255, 0.5019607843137255, 0.4
vb0[667]+076 TEXCOORD: 0.756889820098877, 0.20108655095100403
vb0[667]+084 TEXCOORD1: 0.20402604341506958, 0.8881652355194092

vb0[668]+000 POSITION: 0.05673734471201897, 1.386352300643921, 0.09012607485055923
vb0[668]+012 NORMAL: 0.7938001751899719, -0.14712409675121307, 0.5901150107383728
vb0[668]+024 TANGENT: 0.6198676228523254, -0.7365835309028625, -0.27057111263275146, -1.0
vb0[668]+040 BLENDWEIGHTS: 1.0, 0.0, 0.0, 0.0
vb0[668]+056 BLENDINDICES: 7, 0, 0, 0
vb0[668]+072 COLOR: 1.0, 0.5019607843137255, 0.5019607843137255, 0.4
vb0[668]+076 TEXCOORD: 0.7785258293151855, 0.21181529760360718
vb0[668]+084 TEXCOORD1: 0.20402604341506958, 0.8881652355194092

vb0[669]+000 POSITION: 0.05607357993721962, 1.3876272439956665, 0.09126149863004684
vb0[669]+012 NORMAL: 0.7911741733551025, -0.1450866162776947, 0.5941322445869446
vb0[669]+024 TANGENT: 0.5924879312515259, 0.17519010603427887, 0.7862992286682129, -1.0
vb0[669]+040 BLENDWEIGHTS: 1.0, 0.0, 0.0, 0.0
vb0[669]+056 BLENDINDICES: 7, 0, 0, 0
vb0[669]+072 COLOR: 1.0, 0.5019607843137255, 0.5019607843137255, 0.4
vb0[669]+076 TEXCOORD: 0.7793712615966797, 0.20996472239494324
vb0[669]+084 TEXCOORD1: 0.20402604341506958, 0.8881652355194092

vb0[670]+000 POSITION: 0.04992539435625076, 1.3796961307525635, 0.09717877209186554
vb0[670]+012 NORMAL: 0.7335667610168457, -0.1689475178718567, 0.6582831144332886
vb0[670]+024 TANGENT: 0.5520152449607849, -0.8288756608963013, -0.09079855680465698, -1.0
vb0[670]+040 BLENDWEIGHTS: 1.0, 0.0, 0.0, 0.0
vb0[670]+056 BLENDINDICES: 7, 0, 0, 0
vb0[670]+072 COLOR: 1.0, 0.5019607843137255, 0.5019607843137255, 0.4
vb0[670]+076 TEXCOORD: 0.7909836769104004, 0.21612542867660522
vb0[670]+084 TEXCOORD1: 0.20402604341506958, 0.8881652355194092

vb0[671]+000 POSITION: 0.04941648244857788, 1.3812077045440674, 0.09804972261190414
vb0[671]+012 NORMAL: 0.7289198637008667, -0.1741051822900772, 0.662090003490448
vb0[671]+024 TANGENT: 0.5390834212303162, 0.21459530293941498, 0.8144555687904358, -1.0
vb0[671]+040 BLENDWEIGHTS: 1.0, 0.0, 0.0, 0.0
vb0[671]+056 BLENDINDICES: 7, 0, 0, 0
vb0[671]+072 COLOR: 1.0, 0.5019607843137255, 0.5019607843137255, 0.4
vb0[671]+076 TEXCOORD: 0.7913730144500732, 0.21361634135246277
vb0[671]+084 TEXCOORD1: 0.20402604341506958, 0.8881652355194092

vb0[672]+000 POSITION: 0.04387485235929489, 1.3767352104187012, 0.10180668532848358
vb0[672]+012 NORMAL: 0.4329182207584381, -0.3221956491470337, 0.8418858647346497
vb0[672]+024 TANGENT: 0.2899699807167053, -0.9356041550636292, 0.20140087604522705, -1.0
vb0[672]+040 BLENDWEIGHTS: 1.0, 0.0, 0.0, 0.0
vb0[672]+056 BLENDINDICES: 7, 0, 0, 0
vb0[672]+072 COLOR: 1.0, 0.5019607843137255, 0.5019607843137255, 0.4
vb0[672]+076 TEXCOORD: 0.8010594844818115, 0.2167263627052307
vb0[672]+084 TEXCOORD1: 0.20402604341506958, 0.8881652355194092

vb0[673]+000 POSITION: 0.04380848631262779, 1.378321647644043, 0.10251852869987488
vb0[673]+012 NORMAL: 0.4183308184146881, -0.3263367712497711, 0.8476459980010986
vb0[673]+024 TANGENT: 0.3561376631259918, 0.15107393264770508, 0.9221401810646057, -1.0
vb0[673]+040 BLENDWEIGHTS: 1.0, 0.0, 0.0, 0.0
vb0[673]+056 BLENDINDICES: 7, 0, 0, 0
vb0[673]+072 COLOR: 1.0, 0.5019607843137255, 0.5019607843137255, 0.4
vb0[673]+076 TEXCOORD: 0.8002438545227051, 0.21431151032447815
vb0[673]+084 TEXCOORD1: 0.20402604341506958, 0.8881652355194092

vb0[674]+000 POSITION: 0.03564590960741043, 1.3771255016326904, 0.10335895419120789
vb0[674]+012 NORMAL: -0.04647240415215492, -0.3690086603164673, 0.9282634258270264
vb0[674]+024 TANGENT: -0.1765826940536499, -0.9377583861351013, 0.2990446090698242, -1.0
vb0[674]+040 BLENDWEIGHTS: 1.0, 0.0, 0.0, 0.0
vb0[674]+056 BLENDINDICES: 7, 0, 0, 0
vb0[674]+072 COLOR: 1.0, 0.5019607843137255, 0.5019607843137255, 0.4
vb0[674]+076 TEXCOORD: 0.8102717399597168, 0.21116894483566284
vb0[674]+084 TEXCOORD1: 0.20402604341506958, 0.8881652355194092

vb0[675]+000 POSITION: 0.03583109378814697, 1.3787410259246826, 0.10397650301456451
vb0[675]+012 NORMAL: -0.06736394017934799, -0.36657068133354187, 0.9279482960700989
vb0[675]+024 TANGENT: 0.014999091625213623, 0.19038546085357666, 0.9815948009490967, -1.0
vb0[675]+040 BLENDWEIGHTS: 1.0, 0.0, 0.0, 0.0
vb0[675]+056 BLENDINDICES: 7, 0, 0, 0
vb0[675]+072 COLOR: 1.0, 0.5019607843137255, 0.5019607843137255, 0.4
vb0[675]+076 TEXCOORD: 0.8083109855651855, 0.2093290090560913
vb0[675]+084 TEXCOORD1: 0.20402604341506958, 0.8881652355194092

vb0[676]+000 POSITION: 0.02931036241352558, 1.379408597946167, 0.10193109512329102
vb0[676]+012 NORMAL: -0.3856421113014221, -0.2982407510280609, 0.8731165528297424
vb0[676]+024 TANGENT: -0.534545361995697, -0.8274685144424438, 0.17192135751247406, -1.0
vb0[676]+040 BLENDWEIGHTS: 1.0, 0.0, 0.0, 0.0
vb0[676]+056 BLENDINDICES: 7, 0, 0, 0
vb0[676]+072 COLOR: 1.0, 0.5019607843137255, 0.5019607843137255, 0.4
vb0[676]+076 TEXCOORD: 0.8148849010467529, 0.20359113812446594
vb0[676]+084 TEXCOORD1: 0.20402604341506958, 0.8881652355194092

vb0[677]+000 POSITION: 0.02976342663168907, 1.380853295326233, 0.10265212506055832
vb0[677]+012 NORMAL: -0.39575615525245667, -0.28705501556396484, 0.8723397254943848
vb0[677]+024 TANGENT: -0.20338521897792816, 0.2444443702697754, 0.9480934739112854, -1.0
vb0[677]+040 BLENDWEIGHTS: 1.0, 0.0, 0.0, 0.0
vb0[677]+056 BLENDINDICES: 7, 0, 0, 0
vb0[677]+072 COLOR: 1.0, 0.5019607843137255, 0.5019607843137255, 0.4
vb0[677]+076 TEXCOORD: 0.8123297691345215, 0.20267808437347412
vb0[677]+084 TEXCOORD1: 0.20402604341506958, 0.8881652355194092

vb0[678]+000 POSITION: 0.025601467117667198, 1.3826909065246582, 0.10006462782621384
vb0[678]+012 NORMAL: -0.5594384670257568, -0.11038766801357269, 0.8214883804321289
vb0[678]+024 TANGENT: 0.07377582788467407, -0.9916412830352783, -0.10585212707519531, -1.0
vb0[678]+040 BLENDWEIGHTS: 1.0, 0.0, 0.0, 0.0
vb0[678]+056 BLENDINDICES: 7, 0, 0, 0
vb0[678]+072 COLOR: 1.0, 0.5019607843137255, 0.5019607843137255, 0.4
vb0[678]+076 TEXCOORD: 0.8154420852661133, 0.20029599964618683
vb0[678]+084 TEXCOORD1: 0.20402604341506958, 0.8881652355194092

vb0[679]+000 POSITION: 0.02514434978365898, 1.3849809169769287, 0.10002785176038742
vb0[679]+012 NORMAL: -0.5562147498130798, -0.09777495265007019, 0.8252667784690857
vb0[679]+024 TANGENT: 0.14609916508197784, 0.6609634757041931, 0.7360586524009705, -1.0
vb0[679]+040 BLENDWEIGHTS: 1.0, 0.0, 0.0, 0.0
vb0[679]+056 BLENDINDICES: 7, 0, 0, 0
vb0[679]+072 COLOR: 1.0, 0.5019607843137255, 0.5019607843137255, 0.4
vb0[679]+076 TEXCOORD: 0.8136723041534424, 0.1950431764125824
vb0[679]+084 TEXCOORD1: 0.20402604341506958, 0.8881652355194092

vb0[680]+000 POSITION: 0.013421273790299892, 1.376994013786316, 0.10678409039974213
vb0[680]+012 NORMAL: -0.8963828682899475, 0.43570083379745483, 0.08162428438663483
vb0[680]+024 TANGENT: -0.8626925349235535, -0.2619612216949463, -0.4325944483280182, -1.0
vb0[680]+040 BLENDWEIGHTS: 1.0, 0.0, 0.0, 0.0
vb0[680]+056 BLENDINDICES: 7, 0, 0, 0
vb0[680]+072 COLOR: 1.0, 0.2, 0.5019607843137255, 0.5019607843137255
vb0[680]+076 TEXCOORD: 0.8336775302886963, 0.19513805210590363
vb0[680]+084 TEXCOORD1: 0.20402604341506958, 0.8881652355194092

vb0[681]+000 POSITION: 0.01641971990466118, 1.3843473196029663, 0.10046207904815674
vb0[681]+012 NORMAL: -0.8788269758224487, 0.4761417806148529, 0.030856290832161903
vb0[681]+024 TANGENT: -0.5474699139595032, 0.7522048354148865, 0.3666939437389374, -1.0
vb0[681]+040 BLENDWEIGHTS: 1.0, 0.0, 0.0, 0.0
vb0[681]+056 BLENDINDICES: 7, 0, 0, 0
vb0[681]+072 COLOR: 1.0, 0.5019607843137255, 0.5019607843137255, 0.4
vb0[681]+076 TEXCOORD: 0.8224482536315918, 0.18920069932937622
vb0[681]+084 TEXCOORD1: 0.20402604341506958, 0.8881652355194092

vb0[682]+000 POSITION: 0.015573672018945217, 1.3830206394195557, 0.0989387035369873
vb0[682]+012 NORMAL: -0.8768831491470337, 0.4800080358982086, 0.0258491188287735
vb0[682]+024 TANGENT: -0.8005124926567078, -0.2566080093383789, -0.5416014194488525, -1.0
vb0[682]+040 BLENDWEIGHTS: 1.0, 0.0, 0.0, 0.0
vb0[682]+056 BLENDINDICES: 7, 0, 0, 0
vb0[682]+072 COLOR: 1.0, 0.5019607843137255, 0.5019607843137255, 0.4
vb0[682]+076 TEXCOORD: 0.8237135410308838, 0.18712003529071808
vb0[682]+084 TEXCOORD1: 0.20402604341506958, 0.8881652355194092

vb0[683]+000 POSITION: 0.014300031587481499, 1.3786394596099854, 0.10833629220724106
vb0[683]+012 NORMAL: -0.8963828682899475, 0.4357008934020996, 0.08162429183721542
vb0[683]+024 TANGENT: -0.5706830024719238, 0.714691162109375, 0.4043976068496704, -1.0
vb0[683]+040 BLENDWEIGHTS: 1.0, 0.0, 0.0, 0.0
vb0[683]+056 BLENDINDICES: 7, 0, 0, 0
vb0[683]+072 COLOR: 1.0, 0.2, 0.5019607843137255, 0.5019607843137255
vb0[683]+076 TEXCOORD: 0.8319501876831055, 0.19713905453681946
vb0[683]+084 TEXCOORD1: 0.20402604341506958, 0.8881652355194092

vb0[684]+000 POSITION: 0.020002659410238266, 1.3898890018463135, 0.09310165792703629
vb0[684]+012 NORMAL: -0.8519569039344788, 0.5226686000823975, -0.031415294855833054
vb0[684]+024 TANGENT: -0.4728565216064453, 0.6462955474853516, 0.5989230871200562, -1.0
vb0[684]+040 BLENDWEIGHTS: 1.0, 0.0, 0.0, 0.0
vb0[684]+056 BLENDINDICES: 7, 0, 0, 0
vb0[684]+072 COLOR: 1.0, 0.5019607843137255, 0.5019607843137255, 0.4
vb0[684]+076 TEXCOORD: 0.8124306201934814, 0.1827508807182312
vb0[684]+084 TEXCOORD1: 0.20402604341506958, 0.8881652355194092

vb0[685]+000 POSITION: 0.019295331090688705, 1.388511061668396, 0.09175140410661697
vb0[685]+012 NORMAL: -0.8519569039344788, 0.5226686000823975, -0.031415291130542755
vb0[685]+024 TANGENT: -0.645787239074707, -0.593386709690094, -0.4804695248603821, -1.0
vb0[685]+040 BLENDWEIGHTS: 1.0, 0.0, 0.0, 0.0
vb0[685]+056 BLENDINDICES: 7, 0, 0, 0
vb0[685]+072 COLOR: 1.0, 0.5019607843137255, 0.5019607843137255, 0.4
vb0[685]+076 TEXCOORD: 0.8138201236724854, 0.18072468042373657
vb0[685]+084 TEXCOORD1: 0.20402604341506958, 0.8881652355194092

vb0[686]+000 POSITION: 0.019295331090688705, 1.388511061668396, 0.09175140410661697
vb0[686]+012 NORMAL: -0.8200904130935669, -0.08860733360052109, 0.5653321146965027
vb0[686]+024 TANGENT: -0.645787239074707, -0.593386709690094, -0.4804695248603821, -1.0
vb0[686]+040 BLENDWEIGHTS: 1.0, 0.0, 0.0, 0.0
vb0[686]+056 BLENDINDICES: 7, 0, 0, 0
vb0[686]+072 COLOR: 1.0, 0.5019607843137255, 0.5019607843137255, 0.4
vb0[686]+076 TEXCOORD: 0.38837671279907227, 0.5736558437347412
vb0[686]+084 TEXCOORD1: 0.20402604341506958, 0.8881652355194092

vb0[687]+000 POSITION: 0.01398527156561613, 1.3979954719543457, 0.08553557097911835
vb0[687]+012 NORMAL: -0.8146923780441284, -0.07553359866142273, 0.5749531388282776
vb0[687]+024 TANGENT: -0.49603766202926636, 0.32715946435928345, 0.8043091893196106, -1.0
vb0[687]+040 BLENDWEIGHTS: 1.0, 0.0, 0.0, 0.0
vb0[687]+056 BLENDINDICES: 7, 0, 0, 0
vb0[687]+072 COLOR: 1.0, 0.5019607843137255, 0.5019607843137255, 0.4
vb0[687]+076 TEXCOORD: 0.3760190010070801, 0.5769783854484558
vb0[687]+084 TEXCOORD1: 0.20402604341506958, 0.8881652355194092

vb0[688]+000 POSITION: 0.013382313773036003, 1.3966773748397827, 0.0845627412199974
vb0[688]+012 NORMAL: -0.8149023652076721, -0.07603199779987335, 0.574589729309082
vb0[688]+024 TANGENT: -0.7364903092384338, -0.6487259268760681, -0.19166772067546844, -1.0
vb0[688]+040 BLENDWEIGHTS: 1.0, 0.0, 0.0, 0.0
vb0[688]+056 BLENDINDICES: 7, 0, 0, 0
vb0[688]+072 COLOR: 1.0, 0.5019607843137255, 0.5019607843137255, 0.4
vb0[688]+076 TEXCOORD: 0.3757743835449219, 0.5750284194946289
vb0[688]+084 TEXCOORD1: 0.20402604341506958, 0.8881652355194092

vb0[689]+000 POSITION: 0.020002659410238266, 1.3898890018463135, 0.09310165792703629
vb0[689]+012 NORMAL: -0.8200904726982117, -0.08860733360052109, 0.5653320550918579
vb0[689]+024 TANGENT: -0.4728565216064453, 0.6462955474853516, 0.5989230871200562, -1.0
vb0[689]+040 BLENDWEIGHTS: 1.0, 0.0, 0.0, 0.0
vb0[689]+056 BLENDINDICES: 7, 0, 0, 0
vb0[689]+072 COLOR: 1.0, 0.5019607843137255, 0.5019607843137255, 0.4
vb0[689]+076 TEXCOORD: 0.38932180404663086, 0.575464129447937
vb0[689]+084 TEXCOORD1: 0.20402604341506958, 0.8881652355194092

vb0[690]+000 POSITION: 0.006585960742086172, 1.4071831703186035, 0.07627090066671371
vb0[690]+012 NORMAL: -0.8276075720787048, 0.00885612890124321, 0.5612373948097229
vb0[690]+024 TANGENT: -0.7434791326522827, -0.6635787487030029, -0.08307844400405884, -1.0
vb0[690]+040 BLENDWEIGHTS: 0.9986823797225952, 0.0013176336651667953, 0.0, 0.0
vb0[690]+056 BLENDINDICES: 7, 4, 0, 0
vb0[690]+072 COLOR: 1.0, 0.5019607843137255, 0.5019607843137255, 0.4
vb0[690]+076 TEXCOORD: 0.35938549041748047, 0.5768133401870728
vb0[690]+084 TEXCOORD1: 0.20402604341506958, 0.8881652355194092

vb0[691]+000 POSITION: 0.007220521569252014, 1.4085407257080078, 0.0773124247789383
vb0[691]+012 NORMAL: -0.8260726928710938, 0.0015757919754832983, 0.5635613799095154
vb0[691]+024 TANGENT: -0.5286814570426941, 0.42724499106407166, 0.7334558367729187, -1.0
vb0[691]+040 BLENDWEIGHTS: 1.0, 0.0, 0.0, 0.0
vb0[691]+056 BLENDINDICES: 7, 0, 0, 0
vb0[691]+072 COLOR: 1.0, 0.5019607843137255, 0.5019607843137255, 0.4
vb0[691]+076 TEXCOORD: 0.35981178283691406, 0.578849732875824
vb0[691]+084 TEXCOORD1: 0.20402604341506958, 0.8881652355194092

vb0[692]+000 POSITION: 0.0, 1.4145376682281494, 0.0652538314461708
vb0[692]+012 NORMAL: -0.8390514254570007, 0.07363606989383698, 0.5390458106994629
vb0[692]+024 TANGENT: 0.0, -0.9538572430610657, -0.3002602756023407, -1.0
vb0[692]+040 BLENDWEIGHTS: 0.9479310512542725, 0.05206895247101784, 0.0, 0.0
vb0[692]+056 BLENDINDICES: 7, 4, 0, 0
vb0[692]+072 COLOR: 1.0, 0.5019607843137255, 0.5019607843137255, 0.4
vb0[692]+076 TEXCOORD: 0.3443145751953125, 0.5784547328948975
vb0[692]+084 TEXCOORD1: 0.20402604341506958, 0.8881652355194092

vb0[693]+000 POSITION: 0.0, 1.4167457818984985, 0.06471295654773712
vb0[693]+012 NORMAL: -0.8390514254570007, 0.07363607734441757, 0.5390458703041077
vb0[693]+024 TANGENT: 0.0, 0.6123133301734924, 0.7906151413917542, -1.0
vb0[693]+040 BLENDWEIGHTS: 0.932453453540802, 0.06754652410745621, 0.0, 0.0
vb0[693]+056 BLENDINDICES: 7, 4, 0, 0
vb0[693]+072 COLOR: 1.0, 0.5019607843137255, 0.5019607843137255, 0.4
vb0[693]+076 TEXCOORD: 0.34250426292419434, 0.5808212757110596
vb0[693]+084 TEXCOORD1: 0.20402604341506958, 0.8881652355194092

vb0[694]+000 POSITION: 0.025601467117667198, 1.3826909065246582, 0.10006462782621384
vb0[694]+012 NORMAL: 0.8840623497962952, 0.09135580062866211, 0.45835351943969727
vb0[694]+024 TANGENT: 0.07377582788467407, -0.9916412830352783, -0.10585212707519531, -1.0
vb0[694]+040 BLENDWEIGHTS: 1.0, 0.0, 0.0, 0.0
vb0[694]+056 BLENDINDICES: 7, 0, 0, 0
vb0[694]+072 COLOR: 1.0, 0.5019607843137255, 0.5019607843137255, 0.4
vb0[694]+076 TEXCOORD: 0.8154420852661133, 0.20029599964618683
vb0[694]+084 TEXCOORD1: 0.20402604341506958, 0.8881652355194092

vb0[695]+000 POSITION: 0.02199692279100418, 1.378495454788208, 0.10786926746368408
vb0[695]+012 NORMAL: 0.8840623497962952, 0.09135579317808151, 0.4583534598350525
vb0[695]+024 TANGENT: 0.2846430540084839, 0.8811734318733215, 0.3775072395801544, -1.0
vb0[695]+040 BLENDWEIGHTS: 1.0, 0.0, 0.0, 0.0
vb0[695]+056 BLENDINDICES: 7, 0, 0, 0
vb0[695]+072 COLOR: 1.0, 0.2, 0.5019607843137255, 0.5019607843137255
vb0[695]+076 TEXCOORD: 0.8226771354675293, 0.20426899194717407
vb0[695]+084 TEXCOORD1: 0.20402604341506958, 0.8881652355194092

vb0[696]+000 POSITION: 0.022747483104467392, 1.3768141269683838, 0.10629802197217941
vb0[696]+012 NORMAL: 0.8840623497962952, 0.09135580062866211, 0.45835351943969727
vb0[696]+024 TANGENT: 0.4222382605075836, -0.46072015166282654, -0.7806739211082458, -1.0
vb0[696]+040 BLENDWEIGHTS: 1.0, 0.0, 0.0, 0.0
vb0[696]+056 BLENDINDICES: 7, 0, 0, 0
vb0[696]+072 COLOR: 1.0, 0.2, 0.5019607843137255, 0.5019607843137255
vb0[696]+076 TEXCOORD: 0.8189196586608887, 0.2036927044391632
vb0[696]+084 TEXCOORD1: 0.20402604341506958, 0.8881652355194092

vb0[697]+000 POSITION: 0.02514434978365898, 1.3849809169769287, 0.10002785176038742
vb0[697]+012 NORMAL: 0.8840623497962952, 0.0913558080792427, 0.45835351943969727
vb0[697]+024 TANGENT: 0.14609916508197784, 0.6609634757041931, 0.7360586524009705, -1.0
vb0[697]+040 BLENDWEIGHTS: 1.0, 0.0, 0.0, 0.0
vb0[697]+056 BLENDINDICES: 7, 0, 0, 0
vb0[697]+072 COLOR: 1.0, 0.5019607843137255, 0.5019607843137255, 0.4
vb0[697]+076 TEXCOORD: 0.8136723041534424, 0.1950431764125824
vb0[697]+084 TEXCOORD1: 0.20402604341506958, 0.8881652355194092

vb0[698]+000 POSITION: 0.053205374628305435, 1.394850254058838, 0.08601295948028564
vb0[698]+012 NORMAL: -0.08913920819759369, -0.6270782947540283, 0.7738391160964966
vb0[698]+024 TANGENT: -0.4787404537200928, -0.6870640516281128, -0.5465807914733887, -1.0
vb0[698]+040 BLENDWEIGHTS: 1.0, 0.0, 0.0, 0.0
vb0[698]+056 BLENDINDICES: 7, 0, 0, 0
vb0[698]+072 COLOR: 1.0, 0.5019607843137255, 0.5019607843137255, 0.4
vb0[698]+076 TEXCOORD: 0.7791211605072021, 0.19869521260261536
vb0[698]+084 TEXCOORD1: 0.20402604341506958, 0.8881652355194092

vb0[699]+000 POSITION: 0.047231290489435196, 1.3966904878616333, 0.08681601285934448
vb0[699]+012 NORMAL: -0.025027506053447723, -0.6356648802757263, 0.7715592980384827
vb0[699]+024 TANGENT: -0.005244374740868807, 0.12596537172794342, 0.9920207858085632, -1.0
vb0[699]+040 BLENDWEIGHTS: 1.0, 0.0, 0.0, 0.0
vb0[699]+056 BLENDINDICES: 7, 0, 0, 0
vb0[699]+072 COLOR: 1.0, 0.5019607843137255, 0.5019607843137255, 0.4
vb0[699]+076 TEXCOORD: 0.7807350158691406, 0.19389645755290985
vb0[699]+084 TEXCOORD1: 0.20402604341506958, 0.8881652355194092

vb0[700]+000 POSITION: 0.046781644225120544, 1.3954590559005737, 0.08576363325119019
vb0[700]+012 NORMAL: 0.00020028131257276982, -0.6383111476898193, 0.7697784900665283
vb0[700]+024 TANGENT: -0.011865854263305664, -0.9984591007232666, 0.05420887470245361, -1.0
vb0[700]+040 BLENDWEIGHTS: 1.0, 0.0, 0.0, 0.0
vb0[700]+056 BLENDINDICES: 7, 0, 0, 0
vb0[700]+072 COLOR: 1.0, 0.5019607843137255, 0.5019607843137255, 0.4
vb0[700]+076 TEXCOORD: 0.7831792831420898, 0.19515495002269745
vb0[700]+084 TEXCOORD1: 0.20402604341506958, 0.8881652355194092

vb0[701]+000 POSITION: 0.054254405200481415, 1.396059513092041, 0.08711099624633789
vb0[701]+012 NORMAL: -0.08913921564817429, -0.6270782947540283, 0.7738391160964966
vb0[701]+024 TANGENT: -0.08390963077545166, 0.5384166240692139, 0.8384906649589539, -1.0
vb0[701]+040 BLENDWEIGHTS: 1.0, 0.0, 0.0, 0.0
vb0[701]+056 BLENDINDICES: 7, 0, 0, 0
vb0[701]+072 COLOR: 1.0, 0.5019607843137255, 0.5019607843137255, 0.4
vb0[701]+076 TEXCOORD: 0.7754428386688232, 0.199712872505188
vb0[701]+084 TEXCOORD1: 0.20402604341506958, 0.8881652355194092

vb0[702]+000 POSITION: 0.04020141065120697, 1.39635169506073, 0.087094247341156
vb0[702]+012 NORMAL: 0.2617766261100769, -0.6064943671226501, 0.7507579326629639
vb0[702]+024 TANGENT: 0.16254471242427826, 0.17131195962429047, 0.9717156887054443, -1.0
vb0[702]+040 BLENDWEIGHTS: 1.0, 0.0, 0.0, 0.0
vb0[702]+056 BLENDINDICES: 7, 0, 0, 0
vb0[702]+072 COLOR: 1.0, 0.5019607843137255, 0.5019607843137255, 0.4
vb0[702]+076 TEXCOORD: 0.7870845794677734, 0.18918925523757935
vb0[702]+084 TEXCOORD1: 0.20402604341506958, 0.8881652355194092

vb0[703]+000 POSITION: 0.04029635339975357, 1.3951002359390259, 0.08608336001634598
vb0[703]+012 NORMAL: 0.25700581073760986, -0.6077133417129517, 0.751420259475708
vb0[703]+024 TANGENT: 0.17422831058502197, -0.9846305251121521, -0.012131988070905209, -1.0
vb0[703]+040 BLENDWEIGHTS: 1.0, 0.0, 0.0, 0.0
vb0[703]+056 BLENDINDICES: 7, 0, 0, 0
vb0[703]+072 COLOR: 1.0, 0.5019607843137255, 0.5019607843137255, 0.4
vb0[703]+076 TEXCOORD: 0.7880117893218994, 0.19150575995445251
vb0[703]+084 TEXCOORD1: 0.20402604341506958, 0.8881652355194092

vb0[704]+000 POSITION: 0.03398864343762398, 1.394097924232483, 0.08920373022556305
vb0[704]+012 NORMAL: 0.606157124042511, -0.46171462535858154, 0.6476056575775146
vb0[704]+024 TANGENT: 0.37551161646842957, 0.22592321038246155, 0.8988602757453918, -1.0
vb0[704]+040 BLENDWEIGHTS: 1.0, 0.0, 0.0, 0.0
vb0[704]+056 BLENDINDICES: 7, 0, 0, 0
vb0[704]+072 COLOR: 1.0, 0.5019607843137255, 0.5019607843137255, 0.4
vb0[704]+076 TEXCOORD: 0.7950172424316406, 0.18753856420516968
vb0[704]+084 TEXCOORD1: 0.20402604341506958, 0.8881652355194092

vb0[705]+000 POSITION: 0.03406582027673721, 1.3928730487823486, 0.08819877356290817
vb0[705]+012 NORMAL: 0.6044005751609802, -0.462800532579422, 0.6484717726707458
vb0[705]+024 TANGENT: 0.40741246938705444, -0.9068569540977478, -0.10782230645418167, -1.0
vb0[705]+040 BLENDWEIGHTS: 1.0, 0.0, 0.0, 0.0
vb0[705]+056 BLENDINDICES: 7, 0, 0, 0
vb0[705]+072 COLOR: 1.0, 0.5019607843137255, 0.5019607843137255, 0.4
vb0[705]+076 TEXCOORD: 0.7943406105041504, 0.19018329679965973
vb0[705]+084 TEXCOORD1: 0.20402604341506958, 0.8881652355194092

vb0[706]+000 POSITION: 0.02910400554537773, 1.3893592357635498, 0.09263154864311218
vb0[706]+012 NORMAL: 0.7443444132804871, -0.36079418659210205, 0.5619421601295471
vb0[706]+024 TANGENT: 0.6267514228820801, -0.6161872148513794, -0.4769655168056488, -1.0
vb0[706]+040 BLENDWEIGHTS: 1.0, 0.0, 0.0, 0.0
vb0[706]+056 BLENDINDICES: 7, 0, 0, 0
vb0[706]+072 COLOR: 1.0, 0.5019607843137255, 0.5019607843137255, 0.4
vb0[706]+076 TEXCOORD: 0.8011071681976318, 0.19111135601997375
vb0[706]+084 TEXCOORD1: 0.20402604341506958, 0.8881652355194092

vb0[707]+000 POSITION: 0.028555260971188545, 1.3901773691177368, 0.0937674343585968
vb0[707]+012 NORMAL: 0.7443444132804871, -0.36079421639442444, 0.5619421601295471
vb0[707]+024 TANGENT: 0.35251787304878235, 0.6805934309959412, 0.6422801613807678, -1.0
vb0[707]+040 BLENDWEIGHTS: 1.0, 0.0, 0.0, 0.0
vb0[707]+056 BLENDINDICES: 7, 0, 0, 0
vb0[707]+072 COLOR: 1.0, 0.5019607843137255, 0.5019607843137255, 0.4
vb0[707]+076 TEXCOORD: 0.8042855262756348, 0.18933677673339844
vb0[707]+084 TEXCOORD1: 0.20402604341506958, 0.8881652355194092

vb0[708]+000 POSITION: 0.02910400554537773, 1.3893592357635498, 0.09263154864311218
vb0[708]+012 NORMAL: 0.7522297501564026, 0.6477069854736328, -0.12093839794397354
vb0[708]+024 TANGENT: 0.6267514228820801, -0.6161872148513794, -0.4769655168056488, -1.0
vb0[708]+040 BLENDWEIGHTS: 1.0, 0.0, 0.0, 0.0
vb0[708]+056 BLENDINDICES: 7, 0, 0, 0
vb0[708]+072 COLOR: 1.0, 0.5019607843137255, 0.5019607843137255, 0.4
vb0[708]+076 TEXCOORD: 0.8011071681976318, 0.19111135601997375
vb0[708]+084 TEXCOORD1: 0.20402604341506958, 0.8881652355194092

vb0[709]+000 POSITION: 0.03354141116142273, 1.3849575519561768, 0.09665737301111221
vb0[709]+012 NORMAL: 0.7522297501564026, 0.6477069854736328, -0.12093839794397354
vb0[709]+024 TANGENT: 0.39088788628578186, 0.8693033456802368, 0.30251991748809814, -1.0
vb0[709]+040 BLENDWEIGHTS: 1.0, 0.0, 0.0, 0.0
vb0[709]+056 BLENDINDICES: 7, 0, 0, 0
vb0[709]+072 COLOR: 1.0, 0.5019607843137255, 0.5019607843137255, 0.4
vb0[709]+076 TEXCOORD: 0.8036608695983887, 0.1983804702758789
vb0[709]+084 TEXCOORD1: 0.20402604341506958, 0.8881652355194092

vb0[710]+000 POSITION: 0.0337221622467041, 1.3844658136367798, 0.09531508386135101
vb0[710]+012 NORMAL: 0.7522297501564026, 0.6477070450782776, -0.12093840539455414
vb0[710]+024 TANGENT: 0.28165051341056824, -0.016906917095184326, -0.9593680500984192, -1.0
vb0[710]+040 BLENDWEIGHTS: 1.0, 0.0, 0.0, 0.0
vb0[710]+056 BLENDINDICES: 7, 0, 0, 0
vb0[710]+072 COLOR: 1.0, 0.5019607843137255, 0.5019607843137255, 0.4
vb0[710]+076 TEXCOORD: 0.8005387783050537, 0.1976160705089569
vb0[710]+084 TEXCOORD1: 0.20402604341506958, 0.8881652355194092

vb0[711]+000 POSITION: 0.028555260971188545, 1.3901773691177368, 0.0937674343585968
vb0[711]+012 NORMAL: 0.7522297501564026, 0.6477070450782776, -0.12093840539455414
vb0[711]+024 TANGENT: 0.35251787304878235, 0.6805934309959412, 0.6422801613807678, -1.0
vb0[711]+040 BLENDWEIGHTS: 1.0, 0.0, 0.0, 0.0
vb0[711]+056 BLENDINDICES: 7, 0, 0, 0
vb0[711]+072 COLOR: 1.0, 0.5019607843137255, 0.5019607843137255, 0.4
vb0[711]+076 TEXCOORD: 0.8042855262756348, 0.18933677673339844
vb0[711]+084 TEXCOORD1: 0.20402604341506958, 0.8881652355194092

vb0[712]+000 POSITION: 0.041209906339645386, 1.3841869831085205, 0.09562194347381592
vb0[712]+012 NORMAL: -0.2028031051158905, 0.9283724427223206, -0.311441034078598
vb0[712]+024 TANGENT: -0.3888866901397705, 0.18411540985107422, -0.9027007222175598, -1.0
vb0[712]+040 BLENDWEIGHTS: 1.0, 0.0, 0.0, 0.0
vb0[712]+056 BLENDINDICES: 7, 0, 0, 0
vb0[712]+072 COLOR: 1.0, 0.5019607843137255, 0.5019607843137255, 0.4
vb0[712]+076 TEXCOORD: 0.7953345775604248, 0.20221662521362305
vb0[712]+084 TEXCOORD1: 0.20402604341506958, 0.8881652355194092

vb0[713]+000 POSITION: 0.03775056451559067, 1.3839702606201172, 0.09722840040922165
vb0[713]+012 NORMAL: 0.04536525532603264, 0.9455580711364746, -0.32227614521980286
vb0[713]+024 TANGENT: 0.05389976128935814, 0.9658949971199036, 0.253261923789978, -1.0
vb0[713]+040 BLENDWEIGHTS: 1.0, 0.0, 0.0, 0.0
vb0[713]+056 BLENDINDICES: 7, 0, 0, 0
vb0[713]+072 COLOR: 1.0, 0.5019607843137255, 0.5019607843137255, 0.4
vb0[713]+076 TEXCOORD: 0.8005154132843018, 0.20258617401123047
vb0[713]+084 TEXCOORD1: 0.20402604341506958, 0.8881652355194092

vb0[714]+000 POSITION: 0.04144378751516342, 1.384651780128479, 0.09694018214941025
vb0[714]+012 NORMAL: -0.2028031200170517, 0.9283724427223206, -0.311441034078598
vb0[714]+024 TANGENT: -0.16821837425231934, 0.9035170078277588, 0.394156813621521, -1.0
vb0[714]+040 BLENDWEIGHTS: 1.0, 0.0, 0.0, 0.0
vb0[714]+056 BLENDINDICES: 7, 0, 0, 0
vb0[714]+072 COLOR: 1.0, 0.5019607843137255, 0.5019607843137255, 0.4
vb0[714]+076 TEXCOORD: 0.796536922454834, 0.2045971304178238
vb0[714]+084 TEXCOORD1: 0.20402604341506958, 0.8881652355194092

vb0[715]+000 POSITION: 0.03773307055234909, 1.3834912776947021, 0.0958976075053215
vb0[715]+012 NORMAL: 0.05512615665793419, 0.945033073425293, -0.322294145822525
vb0[715]+024 TANGENT: -0.024004220962524414, 0.11362146586179733, -0.9932340979576111, -1.0
vb0[715]+040 BLENDWEIGHTS: 1.0, 0.0, 0.0, 0.0
vb0[715]+056 BLENDINDICES: 7, 0, 0, 0
vb0[715]+072 COLOR: 1.0, 0.5019607843137255, 0.5019607843137255, 0.4
vb0[715]+076 TEXCOORD: 0.798234224319458, 0.20072099566459656
vb0[715]+084 TEXCOORD1: 0.20402604341506958, 0.8881652355194092

vb0[716]+000 POSITION: 0.0337221622467041, 1.3844658136367798, 0.09531508386135101
vb0[716]+012 NORMAL: 0.26191675662994385, 0.912140429019928, -0.3152766525745392
vb0[716]+024 TANGENT: 0.28165051341056824, -0.016906917095184326, -0.9593680500984192, -1.0
vb0[716]+040 BLENDWEIGHTS: 1.0, 0.0, 0.0, 0.0
vb0[716]+056 BLENDINDICES: 7, 0, 0, 0
vb0[716]+072 COLOR: 1.0, 0.5019607843137255, 0.5019607843137255, 0.4
vb0[716]+076 TEXCOORD: 0.8005387783050537, 0.1976160705089569
vb0[716]+084 TEXCOORD1: 0.20402604341506958, 0.8881652355194092

vb0[717]+000 POSITION: 0.03354141116142273, 1.3849575519561768, 0.09665737301111221
vb0[717]+012 NORMAL: 0.26191675662994385, 0.9121405482292175, -0.3152766823768616
vb0[717]+024 TANGENT: 0.39088788628578186, 0.8693033456802368, 0.30251991748809814, -1.0
vb0[717]+040 BLENDWEIGHTS: 1.0, 0.0, 0.0, 0.0
vb0[717]+056 BLENDINDICES: 7, 0, 0, 0
vb0[717]+072 COLOR: 1.0, 0.5019607843137255, 0.5019607843137255, 0.4
vb0[717]+076 TEXCOORD: 0.8036608695983887, 0.1983804702758789
vb0[717]+084 TEXCOORD1: 0.20402604341506958, 0.8881652355194092

vb0[718]+000 POSITION: 0.053205374628305435, 1.394850254058838, 0.08601295948028564
vb0[718]+012 NORMAL: -0.7650300860404968, 0.6438775658607483, -0.012268238700926304
vb0[718]+024 TANGENT: -0.4787404537200928, -0.6870640516281128, -0.5465807914733887, -1.0
vb0[718]+040 BLENDWEIGHTS: 1.0, 0.0, 0.0, 0.0
vb0[718]+056 BLENDINDICES: 7, 0, 0, 0
vb0[718]+072 COLOR: 1.0, 0.5019607843137255, 0.5019607843137255, 0.4
vb0[718]+076 TEXCOORD: 0.7791211605072021, 0.19869521260261536
vb0[718]+084 TEXCOORD1: 0.20402604341506958, 0.8881652355194092

vb0[719]+000 POSITION: 0.04747438430786133, 1.3881851434707642, 0.09360218793153763
vb0[719]+012 NORMAL: -0.6968191266059875, 0.7133946418762207, -0.0742369219660759
vb0[719]+024 TANGENT: -0.260364294052124, 0.8229312300682068, 0.5049700140953064, -1.0
vb0[719]+040 BLENDWEIGHTS: 1.0, 0.0, 0.0, 0.0
vb0[719]+056 BLENDINDICES: 7, 0, 0, 0
vb0[719]+072 COLOR: 1.0, 0.5019607843137255, 0.5019607843137255, 0.4
vb0[719]+076 TEXCOORD: 0.7876973152160645, 0.20425200462341309
vb0[719]+084 TEXCOORD1: 0.20402604341506958, 0.8881652355194092

vb0[720]+000 POSITION: 0.054254405200481415, 1.396059513092041, 0.08711099624633789
vb0[720]+012 NORMAL: -0.7650302052497864, 0.6438776254653931, -0.012268241494894028
vb0[720]+024 TANGENT: -0.08390963077545166, 0.5384166240692139, 0.8384906649589539, -1.0
vb0[720]+040 BLENDWEIGHTS: 1.0, 0.0, 0.0, 0.0
vb0[720]+056 BLENDINDICES: 7, 0, 0, 0
vb0[720]+072 COLOR: 1.0, 0.5019607843137255, 0.5019607843137255, 0.4
vb0[720]+076 TEXCOORD: 0.7754428386688232, 0.199712872505188
vb0[720]+084 TEXCOORD1: 0.20402604341506958, 0.8881652355194092

vb0[721]+000 POSITION: 0.04707293584942818, 1.3876235485076904, 0.09220532327890396
vb0[721]+012 NORMAL: -0.7047566175460815, 0.7062321305274963, -0.06748636066913605
vb0[721]+024 TANGENT: -0.6823130249977112, 0.09789811819791794, -0.7244755029678345, -1.0
vb0[721]+040 BLENDWEIGHTS: 1.0, 0.0, 0.0, 0.0
vb0[721]+056 BLENDINDICES: 7, 0, 0, 0
vb0[721]+072 COLOR: 1.0, 0.5019607843137255, 0.5019607843137255, 0.4
vb0[721]+076 TEXCOORD: 0.788154125213623, 0.20169183611869812
vb0[721]+084 TEXCOORD1: 0.20402604341506958, 0.8881652355194092

vb0[722]+000 POSITION: 0.041209906339645386, 1.3841869831085205, 0.09562194347381592
vb0[722]+012 NORMAL: -0.5686586499214172, 0.8045859336853027, -0.17108167707920074
vb0[722]+024 TANGENT: -0.3888866901397705, 0.18411540985107422, -0.9027007222175598, -1.0
vb0[722]+040 BLENDWEIGHTS: 1.0, 0.0, 0.0, 0.0
vb0[722]+056 BLENDINDICES: 7, 0, 0, 0
vb0[722]+072 COLOR: 1.0, 0.5019607843137255, 0.5019607843137255, 0.4
vb0[722]+076 TEXCOORD: 0.7953345775604248, 0.20221662521362305
vb0[722]+084 TEXCOORD1: 0.20402604341506958, 0.8881652355194092

vb0[723]+000 POSITION: 0.04144378751516342, 1.384651780128479, 0.09694018214941025
vb0[723]+012 NORMAL: -0.5686586499214172, 0.8045859336853027, -0.17108166217803955
vb0[723]+024 TANGENT: -0.16821837425231934, 0.9035170078277588, 0.394156813621521, -1.0
vb0[723]+040 BLENDWEIGHTS: 1.0, 0.0, 0.0, 0.0
vb0[723]+056 BLENDINDICES: 7, 0, 0, 0
vb0[723]+072 COLOR: 1.0, 0.5019607843137255, 0.5019607843137255, 0.4
vb0[723]+076 TEXCOORD: 0.796536922454834, 0.2045971304178238
vb0[723]+084 TEXCOORD1: 0.20402604341506958, 0.8881652355194092

vb0[724]+000 POSITION: 0.029111923649907112, 1.3760117292404175, 0.10730495303869247
vb0[724]+012 NORMAL: 0.19759514927864075, 0.7149441838264465, -0.6706794500350952
vb0[724]+024 TANGENT: 0.2038748562335968, 0.009983658790588379, -0.9789460301399231, -1.0
vb0[724]+040 BLENDWEIGHTS: 1.0, 0.0, 0.0, 0.0
vb0[724]+056 BLENDINDICES: 7, 0, 0, 0
vb0[724]+072 COLOR: 1.0, 0.2, 0.5019607843137255, 0.5019607843137255
vb0[724]+076 TEXCOORD: 0.8146343231201172, 0.2090650200843811
vb0[724]+084 TEXCOORD1: 0.20402604341506958, 0.8881652355194092

vb0[725]+000 POSITION: 0.022747483104467392, 1.3768141269683838, 0.10629802197217941
vb0[725]+012 NORMAL: 0.19759513437747955, 0.7149443030357361, -0.6706793904304504
vb0[725]+024 TANGENT: 0.4222382605075836, -0.46072015166282654, -0.7806739211082458, -1.0
vb0[725]+040 BLENDWEIGHTS: 1.0, 0.0, 0.0, 0.0
vb0[725]+056 BLENDINDICES: 7, 0, 0, 0
vb0[725]+072 COLOR: 1.0, 0.2, 0.5019607843137255, 0.5019607843137255
vb0[725]+076 TEXCOORD: 0.8189196586608887, 0.2036927044391632
vb0[725]+084 TEXCOORD1: 0.20402604341506958, 0.8881652355194092

vb0[726]+000 POSITION: 0.02199692279100418, 1.378495454788208, 0.10786926746368408
vb0[726]+012 NORMAL: 0.19759513437747955, 0.7149442434310913, -0.6706794500350952
vb0[726]+024 TANGENT: 0.2846430540084839, 0.8811734318733215, 0.3775072395801544, -1.0
vb0[726]+040 BLENDWEIGHTS: 1.0, 0.0, 0.0, 0.0
vb0[726]+056 BLENDINDICES: 7, 0, 0, 0
vb0[726]+072 COLOR: 1.0, 0.2, 0.5019607843137255, 0.5019607843137255
vb0[726]+076 TEXCOORD: 0.8226771354675293, 0.20426899194717407
vb0[726]+084 TEXCOORD1: 0.20402604341506958, 0.8881652355194092

vb0[727]+000 POSITION: -0.03398864343762398, 1.394097924232483, 0.08920373022556305
vb0[727]+012 NORMAL: -0.05803121626377106, 0.7390747666358948, 0.6711191534996033
vb0[727]+024 TANGENT: -0.3755112886428833, 0.22592569887638092, 0.8988597989082336, -1.0
vb0[727]+040 BLENDWEIGHTS: 1.0, 0.0, 0.0, 0.0
vb0[727]+056 BLENDINDICES: 7, 0, 0, 0
vb0[727]+072 COLOR: 1.0, 0.5019607843137255, 0.5019607843137255, 0.4
vb0[727]+076 TEXCOORD: 0.7950172424316406, 0.18753856420516968
vb0[727]+084 TEXCOORD1: 0.20402604341506958, 0.8881652355194092

vb0[728]+000 POSITION: -0.028555260971188545, 1.3901773691177368, 0.0937674343585968
vb0[728]+012 NORMAL: -0.05539422482252121, 0.7575653791427612, 0.6504046320915222
vb0[728]+024 TANGENT: -0.3525172472000122, 0.6805842518806458, 0.6422902345657349, -1.0
vb0[728]+040 BLENDWEIGHTS: 1.0, 0.0, 0.0, 0.0
vb0[728]+056 BLENDINDICES: 7, 0, 0, 0
vb0[728]+072 COLOR: 1.0, 0.5019607843137255, 0.5019607843137255, 0.4
vb0[728]+076 TEXCOORD: 0.8042855262756348, 0.18933677673339844
vb0[728]+084 TEXCOORD1: 0.20402604341506958, 0.8881652355194092

vb0[729]+000 POSITION: -0.024631328880786896, 1.3948843479156494, 0.08839748054742813
vb0[729]+012 NORMAL: -0.05550063028931618, 0.7496755719184875, 0.6594740748405457
vb0[729]+024 TANGENT: -0.01958918757736683, 0.8244331479072571, 0.5656203031539917, -1.0
vb0[729]+040 BLENDWEIGHTS: 1.0, 0.0, 0.0, 0.0
vb0[729]+056 BLENDINDICES: 7, 0, 0, 0
vb0[729]+072 COLOR: 1.0, 0.5019607843137255, 0.5019607843137255, 0.4
vb0[729]+076 TEXCOORD: 0.8025913238525391, 0.17955371737480164
vb0[729]+084 TEXCOORD1: 0.20402604341506958, 0.8881652355194092

vb0[730]+000 POSITION: -0.030727576464414597, 1.3988784551620483, 0.08423309028148651
vb0[730]+012 NORMAL: -0.059692174196243286, 0.7308234572410583, 0.6799514293670654
vb0[730]+024 TANGENT: 0.2737126350402832, 0.9126860499382019, 0.3034559488296509, -1.0
vb0[730]+040 BLENDWEIGHTS: 1.0, 0.0, 0.0, 0.0
vb0[730]+056 BLENDINDICES: 7, 0, 0, 0
vb0[730]+072 COLOR: 1.0, 0.5019607843137255, 0.5019607843137255, 0.4
vb0[730]+076 TEXCOORD: 0.7927548885345459, 0.1786627173423767
vb0[730]+084 TEXCOORD1: 0.20402604341506958, 0.8881652355194092

vb0[731]+000 POSITION: -0.04020141065120697, 1.39635169506073, 0.087094247341156
vb0[731]+012 NORMAL: -0.06367481499910355, 0.7189214825630188, 0.692168653011322
vb0[731]+024 TANGENT: -0.1625422090291977, 0.17131613194942474, 0.9717153906822205, -1.0
vb0[731]+040 BLENDWEIGHTS: 1.0, 0.0, 0.0, 0.0
vb0[731]+056 BLENDINDICES: 7, 0, 0, 0
vb0[731]+072 COLOR: 1.0, 0.5019607843137255, 0.5019607843137255, 0.4
vb0[731]+076 TEXCOORD: 0.7870845794677734, 0.18918925523757935
vb0[731]+084 TEXCOORD1: 0.20402604341506958, 0.8881652355194092

vb0[732]+000 POSITION: -0.038721583783626556, 1.4010131359100342, 0.08171126246452332
vb0[732]+012 NORMAL: -0.06380505859851837, 0.7175239324569702, 0.693605363368988
vb0[732]+024 TANGENT: 0.10041404515504837, 0.9608438611030579, 0.25825610756874084, -1.0
vb0[732]+040 BLENDWEIGHTS: 1.0, 0.0, 0.0, 0.0
vb0[732]+056 BLENDINDICES: 7, 0, 0, 0
vb0[732]+072 COLOR: 1.0, 0.5019607843137255, 0.5019607843137255, 0.4
vb0[732]+076 TEXCOORD: 0.7830104827880859, 0.18145841360092163
vb0[732]+084 TEXCOORD1: 0.20402604341506958, 0.8881652355194092

vb0[733]+000 POSITION: -0.0472845584154129, 1.4014006853103638, 0.08116498589515686
vb0[733]+012 NORMAL: -0.06926750391721725, 0.705905020236969, 0.704911470413208
vb0[733]+024 TANGENT: 0.027991650626063347, 0.9601296782493591, 0.2781500816345215, -1.0
vb0[733]+040 BLENDWEIGHTS: 1.0, 0.0, 0.0, 0.0
vb0[733]+056 BLENDINDICES: 7, 0, 0, 0
vb0[733]+072 COLOR: 1.0, 0.5019607843137255, 0.5019607843137255, 0.4
vb0[733]+076 TEXCOORD: 0.7752461433410645, 0.18711219727993011
vb0[733]+084 TEXCOORD1: 0.20402604341506958, 0.8881652355194092

vb0[734]+000 POSITION: -0.020002659410238266, 1.3898890018463135, 0.09310165792703629
vb0[734]+012 NORMAL: -0.05106724426150322, 0.7704769372940063, 0.6354190707206726
vb0[734]+024 TANGENT: 0.47285473346710205, 0.6462974548339844, 0.5989223718643188, -1.0
vb0[734]+040 BLENDWEIGHTS: 1.0, 0.0, 0.0, 0.0
vb0[734]+056 BLENDINDICES: 7, 0, 0, 0
vb0[734]+072 COLOR: 1.0, 0.5019607843137255, 0.5019607843137255, 0.4
vb0[734]+076 TEXCOORD: 0.8124306201934814, 0.1827508807182312
vb0[734]+084 TEXCOORD1: 0.20402604341506958, 0.8881652355194092

vb0[735]+000 POSITION: -0.02514434978365898, 1.3849809169769287, 0.10002785176038742
vb0[735]+012 NORMAL: -0.051671016961336136, 0.7752615213394165, 0.6295233368873596
vb0[735]+024 TANGENT: -0.14609861373901367, 0.6609638929367065, 0.7360583543777466, -1.0
vb0[735]+040 BLENDWEIGHTS: 1.0, 0.0, 0.0, 0.0
vb0[735]+056 BLENDINDICES: 7, 0, 0, 0
vb0[735]+072 COLOR: 1.0, 0.5019607843137255, 0.5019607843137255, 0.4
vb0[735]+076 TEXCOORD: 0.8136723041534424, 0.1950431764125824
vb0[735]+084 TEXCOORD1: 0.20402604341506958, 0.8881652355194092

vb0[736]+000 POSITION: -0.01641971990466118, 1.3843473196029663, 0.10046207904815674
vb0[736]+012 NORMAL: -0.04350084066390991, 0.7956796884536743, 0.604153573513031
vb0[736]+024 TANGENT: 0.5474706888198853, 0.7522045373916626, 0.3666936159133911, -1.0
vb0[736]+040 BLENDWEIGHTS: 1.0, 0.0, 0.0, 0.0
vb0[736]+056 BLENDINDICES: 7, 0, 0, 0
vb0[736]+072 COLOR: 1.0, 0.5019607843137255, 0.5019607843137255, 0.4
vb0[736]+076 TEXCOORD: 0.8224482536315918, 0.18920069932937622
vb0[736]+084 TEXCOORD1: 0.20402604341506958, 0.8881652355194092

vb0[737]+000 POSITION: -0.02199692279100418, 1.378495454788208, 0.10786926746368408
vb0[737]+012 NORMAL: -0.0375332310795784, 0.8131516575813293, 0.5808405876159668
vb0[737]+024 TANGENT: -0.2846428453922272, 0.8811721205711365, 0.37751054763793945, -1.0
vb0[737]+040 BLENDWEIGHTS: 1.0, 0.0, 0.0, 0.0
vb0[737]+056 BLENDINDICES: 7, 0, 0, 0
vb0[737]+072 COLOR: 1.0, 0.2, 0.5019607843137255, 0.5019607843137255
vb0[737]+076 TEXCOORD: 0.8226771354675293, 0.20426899194717407
vb0[737]+084 TEXCOORD1: 0.20402604341506958, 0.8881652355194092

vb0[738]+000 POSITION: -0.014300031587481499, 1.3786394596099854, 0.10833629220724106
vb0[738]+012 NORMAL: -0.03578367456793785, 0.816087543964386, 0.5768194198608398
vb0[738]+024 TANGENT: 0.5706840753555298, 0.7146892547607422, 0.40439948439598083, -1.0
vb0[738]+040 BLENDWEIGHTS: 1.0, 0.0, 0.0, 0.0
vb0[738]+056 BLENDINDICES: 7, 0, 0, 0
vb0[738]+072 COLOR: 1.0, 0.2, 0.5019607843137255, 0.5019607843137255
vb0[738]+076 TEXCOORD: 0.8319501876831055, 0.19713905453681946
vb0[738]+084 TEXCOORD1: 0.20402604341506958, 0.8881652355194092

vb0[739]+000 POSITION: -0.03354141116142273, 1.3849575519561768, 0.09665737301111221
vb0[739]+012 NORMAL: -0.06228198483586311, 0.7516066431999207, 0.6566646099090576
vb0[739]+024 TANGENT: -0.39088666439056396, 0.8692994117736816, 0.3025329113006592, -1.0
vb0[739]+040 BLENDWEIGHTS: 1.0, 0.0, 0.0, 0.0
vb0[739]+056 BLENDINDICES: 7, 0, 0, 0
vb0[739]+072 COLOR: 1.0, 0.5019607843137255, 0.5019607843137255, 0.4
vb0[739]+076 TEXCOORD: 0.8036608695983887, 0.1983804702758789
vb0[739]+084 TEXCOORD1: 0.20402604341506958, 0.8881652355194092

vb0[740]+000 POSITION: -0.02976342663168907, 1.380853295326233, 0.10265212506055832
vb0[740]+012 NORMAL: -0.061308372765779495, 0.755476713180542, 0.6523007154464722
vb0[740]+024 TANGENT: 0.20337988436222076, 0.24445058405399323, 0.948093056678772, -1.0
vb0[740]+040 BLENDWEIGHTS: 1.0, 0.0, 0.0, 0.0
vb0[740]+056 BLENDINDICES: 7, 0, 0, 0
vb0[740]+072 COLOR: 1.0, 0.5019607843137255, 0.5019607843137255, 0.4
vb0[740]+076 TEXCOORD: 0.8123297691345215, 0.20267808437347412
vb0[740]+084 TEXCOORD1: 0.20402604341506958, 0.8881652355194092

vb0[741]+000 POSITION: -0.03583109378814697, 1.3787410259246826, 0.10397650301456451
vb0[741]+012 NORMAL: -0.06876478344202042, 0.7391158938407898, 0.6700589060783386
vb0[741]+024 TANGENT: -0.015000343322753906, 0.19038665294647217, 0.9815945625305176, -1.0
vb0[741]+040 BLENDWEIGHTS: 1.0, 0.0, 0.0, 0.0
vb0[741]+056 BLENDINDICES: 7, 0, 0, 0
vb0[741]+072 COLOR: 1.0, 0.5019607843137255, 0.5019607843137255, 0.4
vb0[741]+076 TEXCOORD: 0.8083109855651855, 0.2093290090560913
vb0[741]+084 TEXCOORD1: 0.20402604341506958, 0.8881652355194092

vb0[742]+000 POSITION: -0.03775056451559067, 1.3839702606201172, 0.09722840040922165
vb0[742]+012 NORMAL: -0.07222556322813034, 0.7304412722587585, 0.679145872592926
vb0[742]+024 TANGENT: -0.05390059947967529, 0.965896487236023, 0.2532564401626587, -1.0
vb0[742]+040 BLENDWEIGHTS: 1.0, 0.0, 0.0, 0.0
vb0[742]+056 BLENDINDICES: 7, 0, 0, 0
vb0[742]+072 COLOR: 1.0, 0.5019607843137255, 0.5019607843137255, 0.4
vb0[742]+076 TEXCOORD: 0.8005154132843018, 0.20258617401123047
vb0[742]+084 TEXCOORD1: 0.20402604341506958, 0.8881652355194092

vb0[743]+000 POSITION: -0.020878758281469345, 1.3739945888519287, 0.11698663234710693
vb0[743]+012 NORMAL: -0.03297373652458191, 0.8231735825538635, 0.5668314695358276
vb0[743]+024 TANGENT: 0.12106858938932419, 0.8586333990097046, 0.4980873465538025, -1.0
vb0[743]+040 BLENDWEIGHTS: 1.0, 0.0, 0.0, 0.0
vb0[743]+056 BLENDINDICES: 7, 0, 0, 0
vb0[743]+072 COLOR: 1.0, 0.2, 0.5019607843137255, 0.5019607843137255
vb0[743]+076 TEXCOORD: 0.8321683406829834, 0.213049978017807
vb0[743]+084 TEXCOORD1: 0.20402604341506958, 0.8881652355194092

vb0[744]+000 POSITION: -0.013933554291725159, 1.372650384902954, 0.11611084640026093
vb0[744]+012 NORMAL: -0.03182617574930191, 0.8232242465019226, 0.5668235421180725
vb0[744]+024 TANGENT: 0.6616416573524475, 0.6110221147537231, 0.43460580706596375, -1.0
vb0[744]+040 BLENDWEIGHTS: 0.992434024810791, 0.007565958891063929, 0.0, 0.0
vb0[744]+056 BLENDINDICES: 7, 2, 0, 0
vb0[744]+072 COLOR: 1.0, 0.2, 0.5019607843137255, 0.5019607843137255
vb0[744]+076 TEXCOORD: 0.8402471542358398, 0.20597568154335022
vb0[744]+084 TEXCOORD1: 0.20402604341506958, 0.8881652355194092

vb0[745]+000 POSITION: -0.02718980237841606, 1.3739268779754639, 0.1180374026298523
vb0[745]+012 NORMAL: -0.03228915110230446, 0.8262649774551392, 0.5623553991317749
vb0[745]+024 TANGENT: 0.027402343228459358, 0.895361065864563, 0.44449713826179504, -1.0
vb0[745]+040 BLENDWEIGHTS: 0.9919803738594055, 0.008019626140594482, 0.0, 0.0
vb0[745]+056 BLENDINDICES: 7, 0, 0, 0
vb0[745]+072 COLOR: 1.0, 0.2, 0.5019607843137255, 0.5019607843137255
vb0[745]+076 TEXCOORD: 0.8271281719207764, 0.21834306418895721
vb0[745]+084 TEXCOORD1: 0.20402604341506958, 0.8881652355194092

vb0[746]+000 POSITION: -0.021096834912896156, 1.368768572807312, 0.1257448047399521
vb0[746]+012 NORMAL: -0.030791787430644035, 0.8251099586486816, 0.564132571220398
vb0[746]+024 TANGENT: 0.18890750408172607, 0.8381059169769287, 0.5117541551589966, -1.0
vb0[746]+040 BLENDWEIGHTS: 0.955957293510437, 0.0440426766872406, 0.0, 0.0
vb0[746]+056 BLENDINDICES: 7, 0, 0, 0
vb0[746]+072 COLOR: 1.0, 0.2, 0.5019607843137255, 0.5019607843137255
vb0[746]+076 TEXCOORD: 0.8412230014801025, 0.22192512452602386
vb0[746]+084 TEXCOORD1: 0.20402604341506958, 0.8881652355194092

vb0[747]+000 POSITION: -0.03307714685797691, 1.3730204105377197, 0.12022976577281952
vb0[747]+012 NORMAL: -0.03073289804160595, 0.8295823931694031, 0.5575377941131592
vb0[747]+024 TANGENT: -0.05509233474731445, 0.9153478145599365, 0.39887735247612, -1.0
vb0[747]+040 BLENDWEIGHTS: 0.9613075256347656, 0.03869250416755676, 0.0, 0.0
vb0[747]+056 BLENDINDICES: 7, 0, 0, 0
vb0[747]+072 COLOR: 1.0, 0.2, 0.5019607843137255, 0.5019607843137255
vb0[747]+076 TEXCOORD: 0.8233246803283691, 0.22523628175258636
vb0[747]+084 TEXCOORD1: 0.20402604341506958, 0.8881652355194092

vb0[748]+000 POSITION: -0.037993352860212326, 1.3707047700881958, 0.12474903464317322
vb0[748]+012 NORMAL: -0.03051934577524662, 0.822952151298523, 0.5672903656959534
vb0[748]+024 TANGENT: -0.11144852638244629, 0.9059706926345825, 0.4084070920944214, -1.0
vb0[748]+040 BLENDWEIGHTS: 0.8932607769966125, 0.08268002420663834, 0.024059195071458817, 0.0
vb0[748]+056 BLENDINDICES: 7, 0, 1, 0
vb0[748]+072 COLOR: 1.0, 0.2, 0.5019607843137255, 0.5019607843137255
vb0[748]+076 TEXCOORD: 0.8222565650939941, 0.23405736684799194
vb0[748]+084 TEXCOORD1: 0.20402604341506958, 0.8881652355194092

vb0[749]+000 POSITION: -0.022198686376214027, 1.363013744354248, 0.13587643206119537
vb0[749]+012 NORMAL: -0.030707228928804398, 0.8139793872833252, 0.580081582069397
vb0[749]+024 TANGENT: 0.24007393419742584, 0.8182979822158813, 0.5222576260566711, -1.0
vb0[749]+040 BLENDWEIGHTS: 0.8672798275947571, 0.09982398897409439, 0.03289617598056793, 0.0
vb0[749]+056 BLENDINDICES: 7, 0, 1, 0
vb0[749]+072 COLOR: 1.0, 0.2, 0.5019607843137255, 0.5019607843137255
vb0[749]+076 TEXCOORD: 0.850351095199585, 0.2341659665107727
vb0[749]+084 TEXCOORD1: 0.20402604341506958, 0.8881652355194092

vb0[750]+000 POSITION: -0.02898252196609974, 1.3773034811019897, 0.10893842577934265
vb0[750]+012 NORMAL: -0.032319508492946625, 0.8276611566543579, 0.5602967739105225
vb0[750]+024 TANGENT: -0.2230781614780426, 0.964210569858551, -0.1432974487543106, -1.0
vb0[750]+040 BLENDWEIGHTS: 1.0, 0.0, 0.0, 0.0
vb0[750]+056 BLENDINDICES: 7, 0, 0, 0
vb0[750]+072 COLOR: 1.0, 0.2, 0.5019607843137255, 0.5019607843137255
vb0[750]+076 TEXCOORD: 0.8173155784606934, 0.21078653633594513
vb0[750]+084 TEXCOORD1: 0.20402604341506958, 0.8881652355194092

vb0[751]+000 POSITION: -0.03509388491511345, 1.3756436109542847, 0.11037813872098923
vb0[751]+012 NORMAL: -0.030752157792448997, 0.8312276601791382, 0.5550809502601624
vb0[751]+024 TANGENT: -0.33936282992362976, 0.9265849590301514, -0.16208963096141815, -1.0
vb0[751]+040 BLENDWEIGHTS: 0.9819965362548828, 0.018003463745117188, 0.0, 0.0
vb0[751]+056 BLENDINDICES: 7, 0, 0, 0
vb0[751]+072 COLOR: 1.0, 0.2, 0.5019607843137255, 0.5019607843137255
vb0[751]+076 TEXCOORD: 0.8122990131378174, 0.2172546088695526
vb0[751]+084 TEXCOORD1: 0.20402604341506958, 0.8881652355194092

vb0[752]+000 POSITION: -0.04155723378062248, 1.3734261989593506, 0.11318862438201904
vb0[752]+012 NORMAL: -0.030410364270210266, 0.8283538222312927, 0.5593793988227844
vb0[752]+024 TANGENT: -0.481882244348526, 0.8675543069839478, -0.12304120510816574, -1.0
vb0[752]+040 BLENDWEIGHTS: 0.9428502321243286, 0.046155188232660294, 0.010994557291269302, 0.0
vb0[752]+056 BLENDINDICES: 7, 0, 1, 0
vb0[752]+072 COLOR: 1.0, 0.2, 0.5019607843137255, 0.5019607843137255
vb0[752]+076 TEXCOORD: 0.8086254596710205, 0.22593112289905548
vb0[752]+084 TEXCOORD1: 0.20402604341506958, 0.8881652355194092

vb0[753]+000 POSITION: -0.04723452031612396, 1.3697457313537598, 0.11911831796169281
vb0[753]+012 NORMAL: -0.030902652069926262, 0.818856954574585, 0.5731651782989502
vb0[753]+024 TANGENT: -0.6188749074935913, 0.7854868173599243, 0.002058744430541992, -1.0
vb0[753]+040 BLENDWEIGHTS: 0.8618072271347046, 0.11010273545980453, 0.02809014916419983, 0.0
vb0[753]+056 BLENDINDICES: 7, 0, 1, 0
vb0[753]+072 COLOR: 1.0, 0.2, 0.5019607843137255, 0.5019607843137255
vb0[753]+076 TEXCOORD: 0.8081307411193848, 0.23723682761192322
vb0[753]+084 TEXCOORD1: 0.20402604341506958, 0.8881652355194092

vb0[754]+000 POSITION: -0.044527046382427216, 1.365074872970581, 0.1345815658569336
vb0[754]+012 NORMAL: -0.03172621503472328, 0.8061404228210449, 0.590873122215271
vb0[754]+024 TANGENT: -0.17971171438694, 0.8759158849716187, 0.4477445185184479, -1.0
vb0[754]+040 BLENDWEIGHTS: 0.749109148979187, 0.1771310418844223, 0.07375988364219666, 0.0
vb0[754]+056 BLENDINDICES: 7, 0, 1, 0
vb0[754]+072 COLOR: 1.0, 0.2, 0.5019607843137255, 0.5019607843137255
vb0[754]+076 TEXCOORD: 0.8250241279602051, 0.2500475347042084
vb0[754]+084 TEXCOORD1: 0.20402604341506958, 0.8881652355194092

vb0[755]+000 POSITION: -0.053100328892469406, 1.363842487335205, 0.1284705102443695
vb0[755]+012 NORMAL: -0.03183852136135101, 0.8076707124710083, 0.5887736082077026
vb0[755]+024 TANGENT: -0.7058613300323486, 0.7021276950836182, 0.09368264675140381, -1.0
vb0[755]+040 BLENDWEIGHTS: 0.7312409281730652, 0.19396989047527313, 0.07478921115398407, 0.0
vb0[755]+056 BLENDINDICES: 7, 0, 1, 0
vb0[755]+072 COLOR: 1.0, 0.2, 0.5019607843137255, 0.5019607843137255
vb0[755]+076 TEXCOORD: 0.8109612464904785, 0.252729207277298
vb0[755]+084 TEXCOORD1: 0.20402604341506958, 0.8881652355194092

vb0[756]+000 POSITION: -0.05815855786204338, 1.3556535243988037, 0.14127008616924286
vb0[756]+012 NORMAL: -0.03338811546564102, 0.7910091280937195, 0.610892653465271
vb0[756]+024 TANGENT: -0.7399131655693054, 0.6469185948371887, 0.18445812165737152, -1.0
vb0[756]+040 BLENDWEIGHTS: 0.5629048347473145, 0.28871026635169983, 0.14838489890098572, 0.0
vb0[756]+056 BLENDINDICES: 7, 0, 1, 0
vb0[756]+072 COLOR: 1.0, 0.2, 0.5019607843137255, 0.5019607843137255
vb0[756]+076 TEXCOORD: 0.8184564113616943, 0.27262622117996216
vb0[756]+084 TEXCOORD1: 0.20402604341506958, 0.8881652355194092

vb0[757]+000 POSITION: -0.014389715157449245, 1.3677424192428589, 0.12318836897611618
vb0[757]+012 NORMAL: -0.030519532039761543, 0.8188611268997192, 0.5731797218322754
vb0[757]+024 TANGENT: 0.6892992258071899, 0.5730206370353699, 0.44329893589019775, -1.0
vb0[757]+040 BLENDWEIGHTS: 0.9819496273994446, 0.0166950523853302, 0.0013553204480558634, 0.0
vb0[757]+056 BLENDINDICES: 7, 0, 2, 0
vb0[757]+072 COLOR: 1.0, 0.2, 0.5019607843137255, 0.5019607843137255
vb0[757]+076 TEXCOORD: 0.8465662002563477, 0.2146008312702179
vb0[757]+084 TEXCOORD1: 0.20402604341506958, 0.8881652355194092

vb0[758]+000 POSITION: -0.02476421929895878, 1.357926607131958, 0.14503464102745056
vb0[758]+012 NORMAL: -0.03236221894621849, 0.7928560376167297, 0.6085489988327026
vb0[758]+024 TANGENT: 0.2568473815917969, 0.7748348116874695, 0.5776334404945374, -1.0
vb0[758]+040 BLENDWEIGHTS: 0.7561861872673035, 0.1837347000837326, 0.06007909029722214, 0.0
vb0[758]+056 BLENDINDICES: 7, 0, 1, 0
vb0[758]+072 COLOR: 1.0, 0.2, 0.5019607843137255, 0.5019607843137255
vb0[758]+076 TEXCOORD: 0.8570559024810791, 0.2466701865196228
vb0[758]+084 TEXCOORD1: 0.20402604341506958, 0.8881652355194092

vb0[759]+000 POSITION: -0.049393489956855774, 1.3568841218948364, 0.1472521871328354
vb0[759]+012 NORMAL: -0.03427631035447121, 0.7790137529373169, 0.6260693073272705
vb0[759]+024 TANGENT: -0.20576250553131104, 0.8366791009902954, 0.507572591304779, -1.0
vb0[759]+040 BLENDWEIGHTS: 0.5924071669578552, 0.25920504331588745, 0.14838777482509613, 0.0
vb0[759]+056 BLENDINDICES: 7, 0, 1, 0
vb0[759]+072 COLOR: 1.0, 0.2, 0.5019607843137255, 0.5019607843137255
vb0[759]+076 TEXCOORD: 0.8326239585876465, 0.2692188620567322
vb0[759]+084 TEXCOORD1: 0.20402604341506958, 0.8881652355194092

vb0[760]+000 POSITION: -0.060907695442438126, 1.348723292350769, 0.1513526290655136
vb0[760]+012 NORMAL: -0.03648541122674942, 0.7628974914550781, 0.6454891562461853
vb0[760]+024 TANGENT: -0.7553218007087708, 0.598865807056427, 0.26617392897605896, -1.0
vb0[760]+040 BLENDWEIGHTS: 0.44281551241874695, 0.3145751953125, 0.24260929226875305, 0.0
vb0[760]+056 BLENDINDICES: 7, 0, 1, 0
vb0[760]+072 COLOR: 1.0, 0.2, 0.5019607843137255, 0.5019607843137255
vb0[760]+076 TEXCOORD: 0.8261876106262207, 0.28827759623527527
vb0[760]+084 TEXCOORD1: 0.20402604341506958, 0.8881652355194092

vb0[761]+000 POSITION: -0.029803847894072533, 1.3513535261154175, 0.1551443487405777
vb0[761]+012 NORMAL: -0.03543497249484062, 0.7637665867805481, 0.6445192694664001
vb0[761]+024 TANGENT: 0.2458941489458084, 0.7046186327934265, 0.6656190752983093, -1.0
vb0[761]+040 BLENDWEIGHTS: 0.5953603982925415, 0.2568940818309784, 0.1477455347776413, 0.0
vb0[761]+056 BLENDINDICES: 7, 0, 1, 0
vb0[761]+072 COLOR: 1.0, 0.2, 0.5019607843137255, 0.5019607843137255
vb0[761]+076 TEXCOORD: 0.8621981143951416, 0.26311933994293213
vb0[761]+084 TEXCOORD1: 0.20402604341506958, 0.8881652355194092

vb0[762]+000 POSITION: -0.018533434718847275, 1.3537195920944214, 0.14483390748500824
vb0[762]+012 NORMAL: -0.0335230827331543, 0.7785965800285339, 0.6266287565231323
vb0[762]+024 TANGENT: 0.7474684715270996, 0.38680851459503174, 0.5400647521018982, -1.0
vb0[762]+040 BLENDWEIGHTS: 0.7647677063941956, 0.17987404763698578, 0.05535822734236717, 0.0
vb0[762]+056 BLENDINDICES: 7, 0, 1, 0
vb0[762]+072 COLOR: 1.0, 0.2, 0.5019607843137255, 0.5019607843137255
vb0[762]+076 TEXCOORD: 0.8660736083984375, 0.24347782135009766
vb0[762]+084 TEXCOORD1: 0.20402604341506958, 0.8881652355194092

vb0[763]+000 POSITION: -0.023537127301096916, 1.3465527296066284, 0.15471360087394714
vb0[763]+012 NORMAL: -0.0372423492372036, 0.747403085231781, 0.6633261442184448
vb0[763]+024 TANGENT: 0.7044825553894043, 0.29508495330810547, 0.6454682350158691, -1.0
vb0[763]+040 BLENDWEIGHTS: 0.5943413376808167, 0.257913202047348, 0.14774546027183533, 0.0
vb0[763]+056 BLENDINDICES: 7, 0, 1, 0
vb0[763]+072 COLOR: 1.0, 0.2, 0.5019607843137255, 0.5019607843137255
vb0[763]+076 TEXCOORD: 0.8721413612365723, 0.2605881690979004
vb0[763]+084 TEXCOORD1: 0.20402604341506958, 0.8881652355194092

vb0[764]+000 POSITION: -0.03578019142150879, 1.3447579145431519, 0.16331925988197327
vb0[764]+012 NORMAL: -0.03987670689821243, 0.7301605343818665, 0.6821109056472778
vb0[764]+024 TANGENT: 0.20642703771591187, 0.6363110542297363, 0.7433007955551147, -1.0
vb0[764]+040 BLENDWEIGHTS: 0.45615819096565247, 0.3111562430858612, 0.23268555104732513, 0.0
vb0[764]+056 BLENDINDICES: 7, 0, 1, 0
vb0[764]+072 COLOR: 1.0, 0.2, 0.5019607843137255, 0.5019607843137255
vb0[764]+076 TEXCOORD: 0.8647665977478027, 0.27923664450645447
vb0[764]+084 TEXCOORD1: 0.20402604341506958, 0.8881652355194092

vb0[765]+000 POSITION: -0.05196072906255722, 1.349219799041748, 0.15763095021247864
vb0[765]+012 NORMAL: -0.0381011925637722, 0.7469045519828796, 0.663838803768158
vb0[765]+024 TANGENT: -0.20437704026699066, 0.7851601839065552, 0.5845969319343567, -1.0
vb0[765]+040 BLENDWEIGHTS: 0.4534977674484253, 0.3036707043647766, 0.2428315430879593, 0.0
vb0[765]+056 BLENDINDICES: 7, 0, 1, 0
vb0[765]+072 COLOR: 1.0, 0.2, 0.5019607843137255, 0.5019607843137255
vb0[765]+076 TEXCOORD: 0.8407678604125977, 0.28501614928245544
vb0[765]+084 TEXCOORD1: 0.20402604341506958, 0.8881652355194092

vb0[766]+000 POSITION: -0.015774911269545555, 1.3607702255249023, 0.13399367034435272
vb0[766]+012 NORMAL: -0.03122001513838768, 0.8033425211906433, 0.5946983098983765
vb0[766]+024 TANGENT: 0.7346386313438416, 0.49869152903556824, 0.46001383662223816, -1.0
vb0[766]+040 BLENDWEIGHTS: 0.9134851694107056, 0.07256709784269333, 0.013947725296020508, 0.0
vb0[766]+056 BLENDINDICES: 7, 0, 1, 0
vb0[766]+072 COLOR: 1.0, 0.2, 0.5019607843137255, 0.5019607843137255
vb0[766]+076 TEXCOORD: 0.8568894863128662, 0.2283029854297638
vb0[766]+084 TEXCOORD1: 0.20402604341506958, 0.8881652355194092

vb0[767]+000 POSITION: -0.053688500076532364, 1.3413105010986328, 0.16646550595760345
vb0[767]+012 NORMAL: -0.04335922375321388, 0.7117737531661987, 0.7010692358016968
vb0[767]+024 TANGENT: -0.19328096508979797, 0.7276893258094788, 0.6581115126609802, -1.0
vb0[767]+040 BLENDWEIGHTS: 0.3425605595111847, 0.3332432508468628, 0.3241961896419525, 0.0
vb0[767]+056 BLENDINDICES: 7, 1, 0, 0
vb0[767]+072 COLOR: 1.0, 0.2, 0.5019607843137255, 0.5019607843137255
vb0[767]+076 TEXCOORD: 0.8490505218505859, 0.29949694871902466
vb0[767]+084 TEXCOORD1: 0.20402604341506958, 0.8881652355194092

vb0[768]+000 POSITION: -0.06282006204128265, 1.3413312435150146, 0.16093820333480835
vb0[768]+012 NORMAL: -0.04108515754342079, 0.7290716767311096, 0.6832031607627869
vb0[768]+024 TANGENT: -0.7587360143661499, 0.5521489977836609, 0.3456171751022339, -1.0
vb0[768]+040 BLENDWEIGHTS: 0.3364288806915283, 0.3336900770664215, 0.32988104224205017, 0.0
vb0[768]+056 BLENDINDICES: 1, 7, 0, 0
vb0[768]+072 COLOR: 1.0, 0.2, 0.5019607843137255, 0.5019607843137255
vb0[768]+076 TEXCOORD: 0.8348085880279541, 0.3034331500530243
vb0[768]+084 TEXCOORD1: 0.20402604341506958, 0.8881652355194092

vb0[769]+000 POSITION: -0.06415659189224243, 1.33387291431427, 0.16879738867282867
vb0[769]+012 NORMAL: -0.04716668277978897, 0.6933712363243103, 0.7190351486206055
vb0[769]+024 TANGENT: -0.7664173245429993, 0.5056393146514893, 0.3961482346057892, -1.0
vb0[769]+040 BLENDWEIGHTS: 0.41915515065193176, 0.3183753788471222, 0.26246947050094604, 0.0
vb0[769]+056 BLENDINDICES: 1, 0, 7, 0
vb0[769]+072 COLOR: 1.0, 0.2, 0.5019607843137255, 0.5019607843137255
vb0[769]+076 TEXCOORD: 0.8431005477905273, 0.31720128655433655
vb0[769]+084 TEXCOORD1: 0.20402604341506958, 0.8881652355194092

vb0[770]+000 POSITION: -0.02932184375822544, 1.340124487876892, 0.16292184591293335
vb0[770]+012 NORMAL: -0.042209602892398834, 0.7136805057525635, 0.6991983652114868
vb0[770]+024 TANGENT: 0.6280723810195923, 0.24650408327579498, 0.7380791306495667, -1.0
vb0[770]+040 BLENDWEIGHTS: 0.4426952600479126, 0.3346191644668579, 0.2226855605840683, 0.0
vb0[770]+056 BLENDINDICES: 7, 0, 1, 0
vb0[770]+072 COLOR: 1.0, 0.2, 0.5019607843137255, 0.5019607843137255
vb0[770]+076 TEXCOORD: 0.8753652572631836, 0.2769711911678314
vb0[770]+084 TEXCOORD1: 0.20402604341506958, 0.8881652355194092

vb0[771]+000 POSITION: -0.04307738319039345, 1.3381648063659668, 0.17004281282424927
vb0[771]+012 NORMAL: -0.045432813465595245, 0.6963034868240356, 0.7163079977035522
vb0[771]+024 TANGENT: 0.1516502946615219, 0.5967164039611816, 0.7879921793937683, -1.0
vb0[771]+040 BLENDWEIGHTS: 0.3447670340538025, 0.3387695252895355, 0.316463440656662, 0.0
vb0[771]+056 BLENDINDICES: 7, 0, 1, 0
vb0[771]+072 COLOR: 1.0, 0.2, 0.5019607843137255, 0.5019607843137255
vb0[771]+076 TEXCOORD: 0.8655059337615967, 0.2955695390701294
vb0[771]+084 TEXCOORD1: 0.20402604341506958, 0.8881652355194092

vb0[772]+000 POSITION: -0.05536739528179169, 1.333772897720337, 0.17374549806118011
vb0[772]+012 NORMAL: -0.04984110966324806, 0.6773045659065247, 0.7340125441551208
vb0[772]+024 TANGENT: -0.20522847771644592, 0.6699525713920593, 0.7134738564491272, -1.0
vb0[772]+040 BLENDWEIGHTS: 0.40962645411491394, 0.32817593216896057, 0.2621976137161255, 0.0
vb0[772]+056 BLENDINDICES: 1, 0, 7, 0
vb0[772]+072 COLOR: 1.0, 0.2, 0.5019607843137255, 0.5019607843137255
vb0[772]+076 TEXCOORD: 0.8566455841064453, 0.3128255605697632
vb0[772]+084 TEXCOORD1: 0.20402604341506958, 0.8881652355194092

vb0[773]+000 POSITION: -0.06536111980676651, 1.3261293172836304, 0.1755569726228714
vb0[773]+012 NORMAL: -0.05444164574146271, 0.6590842604637146, 0.7500960826873779
vb0[773]+024 TANGENT: -0.7714188694953918, 0.4610784947872162, 0.4385424554347992, -1.0
vb0[773]+040 BLENDWEIGHTS: 0.4658387303352356, 0.2991083860397339, 0.23505286872386932, 0.0
vb0[773]+056 BLENDINDICES: 1, 0, 7, 0
vb0[773]+072 COLOR: 1.0, 0.2, 0.5019607843137255, 0.5019607843137255
vb0[773]+076 TEXCOORD: 0.8514251708984375, 0.3307432234287262
vb0[773]+084 TEXCOORD1: 0.20402604341506958, 0.8881652355194092

vb0[774]+000 POSITION: -0.03638037294149399, 1.3337535858154297, 0.17002691328525543
vb0[774]+012 NORMAL: -0.047940973192453384, 0.682176411151886, 0.7296142578125
vb0[774]+024 TANGENT: 0.5478496551513672, 0.2106090635061264, 0.809632420539856, -1.0
vb0[774]+040 BLENDWEIGHTS: 0.3698835074901581, 0.3324100375175476, 0.2977064549922943, 0.0
vb0[774]+056 BLENDINDICES: 0, 7, 1, 0
vb0[774]+072 COLOR: 1.0, 0.2, 0.5019607843137255, 0.5019607843137255
vb0[774]+076 TEXCOORD: 0.876631498336792, 0.2937142550945282
vb0[774]+084 TEXCOORD1: 0.20402604341506958, 0.8881652355194092

vb0[775]+000 POSITION: -0.050349533557891846, 1.3322118520736694, 0.175524041056633
vb0[775]+012 NORMAL: -0.05093475431203842, 0.6690716743469238, 0.7414504289627075
vb0[775]+024 TANGENT: 0.09454959630966187, 0.5516648888587952, 0.828689455986023, -1.0
vb0[775]+040 BLENDWEIGHTS: 0.3997142016887665, 0.3381423056125641, 0.26214349269866943, 0.0
vb0[775]+056 BLENDINDICES: 1, 0, 7, 0
vb0[775]+072 COLOR: 1.0, 0.2, 0.5019607843137255, 0.5019607843137255
vb0[775]+076 TEXCOORD: 0.8648948669433594, 0.311095654964447
vb0[775]+084 TEXCOORD1: 0.20402604341506958, 0.8881652355194092

vb0[776]+000 POSITION: -0.05750039592385292, 1.3254563808441162, 0.18003158271312714
vb0[776]+012 NORMAL: -0.05753703787922859, 0.6441985368728638, 0.7626911401748657
vb0[776]+024 TANGENT: -0.0936434268951416, 0.540302038192749, 0.8362443447113037, -1.0
vb0[776]+040 BLENDWEIGHTS: 0.4559344947338104, 0.30899447202682495, 0.23507104814052582, 0.0
vb0[776]+056 BLENDINDICES: 1, 0, 7, 0
vb0[776]+072 COLOR: 1.0, 0.2, 0.5019607843137255, 0.5019607843137255
vb0[776]+076 TEXCOORD: 0.8637454509735107, 0.3273288309574127
vb0[776]+084 TEXCOORD1: 0.20402604341506958, 0.8881652355194092

vb0[777]+000 POSITION: -0.04347359016537666, 1.3276067972183228, 0.17581798136234283
vb0[777]+012 NORMAL: -0.053934112191200256, 0.6558566689491272, 0.7529563307762146
vb0[777]+024 TANGENT: 0.4919387102127075, 0.17423033714294434, 0.8530182838439941, -1.0
vb0[777]+040 BLENDWEIGHTS: 0.37990209460258484, 0.3580704629421234, 0.26202744245529175, 0.0
vb0[777]+056 BLENDINDICES: 1, 0, 7, 0
vb0[777]+072 COLOR: 1.0, 0.2, 0.5019607843137255, 0.5019607843137255
vb0[777]+076 TEXCOORD: 0.8768844604492188, 0.30992984771728516
vb0[777]+084 TEXCOORD1: 0.20402604341506958, 0.8881652355194092

vb0[778]+000 POSITION: -0.06622524559497833, 1.319857120513916, 0.18015147745609283
vb0[778]+012 NORMAL: -0.06186262518167496, 0.6303502321243286, 0.7738420367240906
vb0[778]+024 TANGENT: -0.7765149474143982, 0.4349385201931, 0.4559088945388794, -1.0
vb0[778]+040 BLENDWEIGHTS: 0.46469348669052124, 0.3060867190361023, 0.22921977937221527, 0.0
vb0[778]+056 BLENDINDICES: 1, 0, 7, 0
vb0[778]+072 COLOR: 1.0, 0.2, 0.5019607843137255, 0.5019607843137255
vb0[778]+076 TEXCOORD: 0.8567826747894287, 0.34019601345062256
vb0[778]+084 TEXCOORD1: 0.20402604341506958, 0.8881652355194092

vb0[779]+000 POSITION: -0.0500541627407074, 1.3212201595306396, 0.18064673244953156
vb0[779]+012 NORMAL: -0.058670774102211, 0.6382237076759338, 0.7676120400428772
vb0[779]+024 TANGENT: 0.4530532658100128, 0.13990412652492523, 0.8804371356964111, -1.0
vb0[779]+040 BLENDWEIGHTS: 0.44597139954566956, 0.3189505338668823, 0.23507808148860931, 0.0
vb0[779]+056 BLENDINDICES: 1, 0, 7, 0
vb0[779]+072 COLOR: 1.0, 0.2, 0.5019607843137255, 0.5019607843137255
vb0[779]+076 TEXCOORD: 0.8757872581481934, 0.32595765590667725
vb0[779]+084 TEXCOORD1: 0.20402604341506958, 0.8881652355194092

vb0[780]+000 POSITION: -0.05525016784667969, 1.316162109375, 0.18378564715385437
vb0[780]+012 NORMAL: -0.0630580335855484, 0.6243013143539429, 0.7786344289779663
vb0[780]+024 TANGENT: 0.4312998652458191, 0.07357931137084961, 0.8992033004760742, -1.0
vb0[780]+040 BLENDWEIGHTS: 0.46468251943588257, 0.30606555938720703, 0.2292519211769104, 0.0
vb0[780]+056 BLENDINDICES: 1, 0, 7, 0
vb0[780]+072 COLOR: 1.0, 0.2, 0.5019607843137255, 0.5019607843137255
vb0[780]+076 TEXCOORD: 0.8742043972015381, 0.33696672320365906
vb0[780]+084 TEXCOORD1: 0.20402604341506958, 0.8881652355194092

vb0[781]+000 POSITION: -0.060724060982465744, 1.3193038702011108, 0.18343497812747955
vb0[781]+012 NORMAL: -0.06383156776428223, 0.6225096583366394, 0.7800046801567078
vb0[781]+024 TANGENT: -0.11287187784910202, 0.4991970956325531, 0.8591054677963257, -1.0
vb0[781]+040 BLENDWEIGHTS: 0.4646916687488556, 0.30608317255973816, 0.22922515869140625, 0.0
vb0[781]+056 BLENDINDICES: 1, 0, 7, 0
vb0[781]+072 COLOR: 1.0, 0.2, 0.5019607843137255, 0.5019607843137255
vb0[781]+076 TEXCOORD: 0.8655185699462891, 0.3379996120929718
vb0[781]+084 TEXCOORD1: 0.20402604341506958, 0.8881652355194092

vb0[782]+000 POSITION: -0.06719862669706345, 1.3131959438323975, 0.18453168869018555
vb0[782]+012 NORMAL: -0.06838412582874298, 0.6089255809783936, 0.7902741432189941
vb0[782]+024 TANGENT: -0.7847274541854858, 0.4135204553604126, 0.46173977851867676, -1.0
vb0[782]+040 BLENDWEIGHTS: 0.4486953318119049, 0.3136609196662903, 0.237643763422966, 0.0
vb0[782]+056 BLENDINDICES: 1, 0, 7, 0
vb0[782]+072 COLOR: 1.0, 0.2, 0.5019607843137255, 0.5019607843137255
vb0[782]+076 TEXCOORD: 0.8621196746826172, 0.3500370681285858
vb0[782]+084 TEXCOORD1: 0.20402604341506958, 0.8881652355194092

vb0[783]+000 POSITION: -0.06415867060422897, 1.312864065170288, 0.1864808350801468
vb0[783]+012 NORMAL: -0.06915676593780518, 0.605996310710907, 0.7924555540084839
vb0[783]+024 TANGENT: -0.1438983678817749, 0.4547511637210846, 0.8789167404174805, -1.0
vb0[783]+040 BLENDWEIGHTS: 0.4486607015132904, 0.3136557638645172, 0.23768353462219238, 0.0
vb0[783]+056 BLENDINDICES: 1, 0, 7, 0
vb0[783]+072 COLOR: 1.0, 0.2, 0.5019607843137255, 0.5019607843137255
vb0[783]+076 TEXCOORD: 0.8671026229858398, 0.3488737940788269
vb0[783]+084 TEXCOORD1: 0.20402604341506958, 0.8881652355194092

vb0[784]+000 POSITION: -0.06878547370433807, 1.303590178489685, 0.19015926122665405
vb0[784]+012 NORMAL: -0.07021400332450867, 0.602843165397644, 0.7947642803192139
vb0[784]+024 TANGENT: -0.39278364181518555, 0.010020018555223942, 0.9195763468742371, -1.0
vb0[784]+040 BLENDWEIGHTS: 0.41521328687667847, 0.3229800760746002, 0.2618066370487213, 0.0
vb0[784]+056 BLENDINDICES: 1, 0, 7, 0
vb0[784]+072 COLOR: 1.0, 0.2, 0.5019607843137255, 0.5019607843137255
vb0[784]+076 TEXCOORD: 0.8693852424621582, 0.36395692825317383
vb0[784]+084 TEXCOORD1: 0.20402604341506958, 0.8881652355194092

vb0[785]+000 POSITION: -0.06097111478447914, 1.3111228942871094, 0.18664102256298065
vb0[785]+012 NORMAL: -0.06879208236932755, 0.6068016886711121, 0.7918707728385925
vb0[785]+024 TANGENT: 0.4048059582710266, 0.035454511642456055, 0.9137150049209595, -1.0
vb0[785]+040 BLENDWEIGHTS: 0.4486319124698639, 0.31365150213241577, 0.23771660029888153, 0.0
vb0[785]+056 BLENDINDICES: 1, 0, 7, 0
vb0[785]+072 COLOR: 1.0, 0.2, 0.5019607843137255, 0.5019607843137255
vb0[785]+076 TEXCOORD: 0.872124195098877, 0.348236620426178
vb0[785]+084 TEXCOORD1: 0.20402604341506958, 0.8881652355194092

vb0[786]+000 POSITION: -0.05619209632277489, 1.4017372131347656, 0.08161576837301254
vb0[786]+012 NORMAL: -0.07401613146066666, 0.6972485184669495, 0.7129979133605957
vb0[786]+024 TANGENT: 0.04449094086885452, 0.9505109786987305, 0.30748921632766724, -1.0
vb0[786]+040 BLENDWEIGHTS: 1.0, 0.0, 0.0, 0.0
vb0[786]+056 BLENDINDICES: 7, 0, 0, 0
vb0[786]+072 COLOR: 1.0, 0.5019607843137255, 0.5019607843137255, 0.4
vb0[786]+076 TEXCOORD: 0.7678256034851074, 0.19376710057258606
vb0[786]+084 TEXCOORD1: 0.20402604341506958, 0.8881652355194092

vb0[787]+000 POSITION: -0.06557027250528336, 1.40199613571167, 0.0821431428194046
vb0[787]+012 NORMAL: -0.07624562829732895, 0.694231390953064, 0.7157020568847656
vb0[787]+024 TANGENT: -0.5811668038368225, 0.6549823880195618, 0.48295265436172485, -1.0
vb0[787]+040 BLENDWEIGHTS: 1.0, 0.0, 0.0, 0.0
vb0[787]+056 BLENDINDICES: 7, 0, 0, 0
vb0[787]+072 COLOR: 1.0, 0.5019607843137255, 0.5019607843137255, 0.4
vb0[787]+076 TEXCOORD: 0.7598733901977539, 0.20083990693092346
vb0[787]+084 TEXCOORD1: 0.20402604341506958, 0.8881652355194092

vb0[788]+000 POSITION: -0.054254405200481415, 1.396059513092041, 0.08711099624633789
vb0[788]+012 NORMAL: -0.07545080035924911, 0.6976158618927002, 0.712488055229187
vb0[788]+024 TANGENT: 0.08390909433364868, 0.538416862487793, 0.8384906649589539, -1.0
vb0[788]+040 BLENDWEIGHTS: 1.0, 0.0, 0.0, 0.0
vb0[788]+056 BLENDINDICES: 7, 0, 0, 0
vb0[788]+072 COLOR: 1.0, 0.5019607843137255, 0.5019607843137255, 0.4
vb0[788]+076 TEXCOORD: 0.7754428386688232, 0.199712872505188
vb0[788]+084 TEXCOORD1: 0.20402604341506958, 0.8881652355194092

vb0[789]+000 POSITION: -0.06102529913187027, 1.3948649168014526, 0.08633165061473846
vb0[789]+012 NORMAL: -0.07756447046995163, 0.6943883895874023, 0.7154079675674438
vb0[789]+024 TANGENT: -0.5884135365486145, 0.12328517436981201, 0.7991058230400085, -1.0
vb0[789]+040 BLENDWEIGHTS: 1.0, 0.0, 0.0, 0.0
vb0[789]+056 BLENDINDICES: 7, 0, 0, 0
vb0[789]+072 COLOR: 1.0, 0.5019607843137255, 0.5019607843137255, 0.4
vb0[789]+076 TEXCOORD: 0.7694971561431885, 0.20533421635627747
vb0[789]+084 TEXCOORD1: 0.20402604341506958, 0.8881652355194092

vb0[790]+000 POSITION: -0.05607357993721962, 1.3876272439956665, 0.09126149863004684
vb0[790]+012 NORMAL: -0.07875946164131165, 0.6980066299438477, 0.7117469310760498
vb0[790]+024 TANGENT: -0.5924877524375916, 0.17519019544124603, 0.7862992882728577, -1.0
vb0[790]+040 BLENDWEIGHTS: 1.0, 0.0, 0.0, 0.0
vb0[790]+056 BLENDINDICES: 7, 0, 0, 0
vb0[790]+072 COLOR: 1.0, 0.5019607843137255, 0.5019607843137255, 0.4
vb0[790]+076 TEXCOORD: 0.7793712615966797, 0.20996472239494324
vb0[790]+084 TEXCOORD1: 0.20402604341506958, 0.8881652355194092

vb0[791]+000 POSITION: -0.04747438430786133, 1.3881851434707642, 0.09360218793153763
vb0[791]+012 NORMAL: -0.07891196757555008, 0.7019120454788208, 0.707878828048706
vb0[791]+024 TANGENT: 0.26036372780799866, 0.8229291439056396, 0.5049735307693481, -1.0
vb0[791]+040 BLENDWEIGHTS: 1.0, 0.0, 0.0, 0.0
vb0[791]+056 BLENDINDICES: 7, 0, 0, 0
vb0[791]+072 COLOR: 1.0, 0.5019607843137255, 0.5019607843137255, 0.4
vb0[791]+076 TEXCOORD: 0.7876973152160645, 0.20425200462341309
vb0[791]+084 TEXCOORD1: 0.20402604341506958, 0.8881652355194092

vb0[792]+000 POSITION: -0.04941648244857788, 1.3812077045440674, 0.09804972261190414
vb0[792]+012 NORMAL: -0.07909861952066422, 0.7067388296127319, 0.7030388712882996
vb0[792]+024 TANGENT: -0.5390775203704834, 0.2145944982767105, 0.8144596815109253, -1.0
vb0[792]+040 BLENDWEIGHTS: 1.0, 0.0, 0.0, 0.0
vb0[792]+056 BLENDINDICES: 7, 0, 0, 0
vb0[792]+072 COLOR: 1.0, 0.5019607843137255, 0.5019607843137255, 0.4
vb0[792]+076 TEXCOORD: 0.7913730144500732, 0.21361634135246277
vb0[792]+084 TEXCOORD1: 0.20402604341506958, 0.8881652355194092

vb0[793]+000 POSITION: -0.04144378751516342, 1.384651780128479, 0.09694018214941025
vb0[793]+012 NORMAL: -0.077809177339077, 0.7134373784065247, 0.6963855028152466
vb0[793]+024 TANGENT: 0.16821922361850739, 0.903516948223114, 0.39415669441223145, -1.0
vb0[793]+040 BLENDWEIGHTS: 1.0, 0.0, 0.0, 0.0
vb0[793]+056 BLENDINDICES: 7, 0, 0, 0
vb0[793]+072 COLOR: 1.0, 0.5019607843137255, 0.5019607843137255, 0.4
vb0[793]+076 TEXCOORD: 0.796536922454834, 0.2045971304178238
vb0[793]+084 TEXCOORD1: 0.20402604341506958, 0.8881652355194092

vb0[794]+000 POSITION: -0.04380848631262779, 1.378321647644043, 0.10251852869987488
vb0[794]+012 NORMAL: -0.07573910057544708, 0.7211293578147888, 0.688647985458374
vb0[794]+024 TANGENT: -0.3561348021030426, 0.1510712057352066, 0.9221418499946594, -1.0
vb0[794]+040 BLENDWEIGHTS: 1.0, 0.0, 0.0, 0.0
vb0[794]+056 BLENDINDICES: 7, 0, 0, 0
vb0[794]+072 COLOR: 1.0, 0.5019607843137255, 0.5019607843137255, 0.4
vb0[794]+076 TEXCOORD: 0.8002438545227051, 0.21431151032447815
vb0[794]+084 TEXCOORD1: 0.20402604341506958, 0.8881652355194092

vb0[795]+000 POSITION: -0.047231290489435196, 1.3966904878616333, 0.08681601285934448
vb0[795]+012 NORMAL: -0.06947464495897293, 0.7059246301651001, 0.7048714756965637
vb0[795]+024 TANGENT: 0.005245089530944824, 0.12596356868743896, 0.9920210242271423, -1.0
vb0[795]+040 BLENDWEIGHTS: 1.0, 0.0, 0.0, 0.0
vb0[795]+056 BLENDINDICES: 7, 0, 0, 0
vb0[795]+072 COLOR: 1.0, 0.5019607843137255, 0.5019607843137255, 0.4
vb0[795]+076 TEXCOORD: 0.7807350158691406, 0.19389645755290985
vb0[795]+084 TEXCOORD1: 0.20402604341506958, 0.8881652355194092

vb0[796]+000 POSITION: -0.021379848942160606, 1.271437168121338, 0.15450434386730194
vb0[796]+012 NORMAL: -0.7055386900901794, 0.4098162353038788, 0.5781573057174683
vb0[796]+024 TANGENT: -0.6770436763763428, 0.05059695243835449, 0.7342014312744141, -1.0
vb0[796]+040 BLENDWEIGHTS: 0.8692606091499329, 0.11515527963638306, 0.015584101900458336, 0.0
vb0[796]+056 BLENDINDICES: 7, 0, 6, 0
vb0[796]+072 COLOR: 1.0, 0.5019607843137255, 0.5019607843137255, 0.4
vb0[796]+076 TEXCOORD: 0.4181804656982422, 0.5322182774543762
vb0[796]+084 TEXCOORD1: 0.20402604341506958, 0.8881652355194092

vb0[797]+000 POSITION: -0.014875005930662155, 1.2800837755203247, 0.156091570854187
vb0[797]+012 NORMAL: -0.7061063647270203, 0.4059659540653229, 0.5801770091056824
vb0[797]+024 TANGENT: -0.5641692280769348, 0.6909002661705017, -0.4520728290081024, -1.0
vb0[797]+040 BLENDWEIGHTS: 0.8923850655555725, 0.09074880182743073, 0.013431704603135586, 0.0034344266168773174
vb0[797]+056 BLENDINDICES: 7, 0, 2, 6
vb0[797]+072 COLOR: 1.0, 0.5019607843137255, 0.5019607843137255, 0.4
vb0[797]+076 TEXCOORD: 0.4157288074493408, 0.5419203042984009
vb0[797]+084 TEXCOORD1: 0.20402604341506958, 0.8881652355194092

vb0[798]+000 POSITION: -0.022730737924575806, 1.2718639373779297, 0.1525786817073822
vb0[798]+012 NORMAL: -0.7055387496948242, 0.40981626510620117, 0.5781571865081787
vb0[798]+024 TANGENT: -0.8239190578460693, 0.2584938108921051, -0.5043198466300964, -1.0
vb0[798]+040 BLENDWEIGHTS: 0.8778783082962036, 0.10525625944137573, 0.016865435987710953, 0.0
vb0[798]+056 BLENDINDICES: 7, 0, 6, 0
vb0[798]+072 COLOR: 1.0, 0.5019607843137255, 0.5019607843137255, 0.4
vb0[798]+076 TEXCOORD: 0.42118144035339355, 0.5321087837219238
vb0[798]+084 TEXCOORD1: 0.20402604341506958, 0.8881652355194092

vb0[799]+000 POSITION: -0.01343006081879139, 1.279646396636963, 0.15821810066699982
vb0[799]+012 NORMAL: -0.7067002058029175, 0.40182745456695557, 0.5823310613632202
vb0[799]+024 TANGENT: -0.5291324853897095, 0.1543857902288437, 0.8343762755393982, -1.0
vb0[799]+040 BLENDWEIGHTS: 0.8986393809318542, 0.08511669188737869, 0.01624392904341221, 0.0
vb0[799]+056 BLENDINDICES: 7, 0, 2, 0
vb0[799]+072 COLOR: 1.0, 0.5019607843137255, 0.5019607843137255, 0.4
vb0[799]+076 TEXCOORD: 0.41260838508605957, 0.5422502756118774
vb0[799]+084 TEXCOORD1: 0.20402604341506958, 0.8881652355194092

vb0[800]+000 POSITION: -0.007487112656235695, 1.287760615348816, 0.15987958014011383
vb0[800]+012 NORMAL: -0.7072595953941345, 0.39781734347343445, 0.5844016075134277
vb0[800]+024 TANGENT: -0.6969321966171265, 0.3032418489456177, -0.6498691439628601, -1.0
vb0[800]+040 BLENDWEIGHTS: 0.9015234708786011, 0.05944119766354561, 0.02665429189801216, 0.012381041422486305
vb0[800]+056 BLENDINDICES: 7, 0, 2, 1
vb0[800]+072 COLOR: 1.0, 0.5019607843137255, 0.5019607843137255, 0.4
vb0[800]+076 TEXCOORD: 0.4105391502380371, 0.551258385181427
vb0[800]+084 TEXCOORD1: 0.20402604341506958, 0.8881652355194092

vb0[801]+000 POSITION: -0.005863843020051718, 1.2874594926834106, 0.16197165846824646
vb0[801]+012 NORMAL: -0.7072595953941345, 0.39781737327575684, 0.5844016075134277
vb0[801]+024 TANGENT: -0.3398733139038086, -0.2687060832977295, 0.9012675285339355, -1.0
vb0[801]+040 BLENDWEIGHTS: 0.9057965874671936, 0.04773710295557976, 0.034575991332530975, 0.011890319176018238
vb0[801]+056 BLENDINDICES: 7, 0, 2, 1
vb0[801]+072 COLOR: 1.0, 0.5019607843137255, 0.5019607843137255, 0.4
vb0[801]+076 TEXCOORD: 0.4073050022125244, 0.5517981648445129
vb0[801]+084 TEXCOORD1: 0.20402604341506958, 0.8881652355194092

vb0[802]+000 POSITION: -0.006552287843078375, 1.2760493755340576, 0.1593693643808365
vb0[802]+012 NORMAL: 0.7049192786216736, -0.6850261688232422, 0.18392376601696014
vb0[802]+024 TANGENT: 0.3350178599357605, -0.5573241710662842, 0.7597057819366455, -1.0
vb0[802]+040 BLENDWEIGHTS: 0.9129731059074402, 0.05958893522620201, 0.02048388123512268, 0.006954077165573835
vb0[802]+056 BLENDINDICES: 7, 0, 2, 6
vb0[802]+072 COLOR: 1.0, 0.5019607843137255, 0.5019607843137255, 0.4
vb0[802]+076 TEXCOORD: 0.40595197677612305, 0.5405439138412476
vb0[802]+084 TEXCOORD1: 0.20402604341506958, 0.8881652355194092

vb0[803]+000 POSITION: -0.012534916400909424, 1.268578052520752, 0.15507012605667114
vb0[803]+012 NORMAL: 0.7033956050872803, -0.6835120320320129, 0.1950535923242569
vb0[803]+024 TANGENT: 0.7570239901542664, -0.08392214775085449, -0.6479751467704773, -1.0
vb0[803]+040 BLENDWEIGHTS: 0.9151442646980286, 0.05055009201169014, 0.01913273148238659, 0.015172913670539856
vb0[803]+056 BLENDINDICES: 7, 0, 2, 6
vb0[803]+072 COLOR: 1.0, 0.5019607843137255, 0.5019607843137255, 0.4
vb0[803]+076 TEXCOORD: 0.407029390335083, 0.5326645970344543
vb0[803]+084 TEXCOORD1: 0.20402604341506958, 0.8881652355194092

vb0[804]+000 POSITION: -0.006112520582973957, 1.275833249092102, 0.15688200294971466
vb0[804]+012 NORMAL: 0.7046154737472534, -0.6847241520881653, 0.18619848787784576
vb0[804]+024 TANGENT: 0.6783044338226318, -0.37786543369293213, -0.6301752924919128, -1.0
vb0[804]+040 BLENDWEIGHTS: 0.9189695119857788, 0.05361059680581093, 0.01981360837817192, 0.007606282364577055
vb0[804]+056 BLENDINDICES: 7, 0, 2, 6
vb0[804]+072 COLOR: 1.0, 0.5019607843137255, 0.5019607843137255, 0.4
vb0[804]+076 TEXCOORD: 0.4035012722015381, 0.5389862060546875
vb0[804]+084 TEXCOORD1: 0.20402604341506958, 0.8881652355194092

vb0[805]+000 POSITION: -0.01343674398958683, 1.2683327198028564, 0.15735329687595367
vb0[805]+012 NORMAL: 0.7033956050872803, -0.6835120320320129, 0.1950535923242569
vb0[805]+024 TANGENT: 0.21566040813922882, -0.2008747160434723, 0.9555836319923401, -1.0
vb0[805]+040 BLENDWEIGHTS: 0.9091780781745911, 0.05817890167236328, 0.018220696598291397, 0.014422323554754257
vb0[805]+056 BLENDINDICES: 7, 0, 2, 6
vb0[805]+072 COLOR: 1.0, 0.5019607843137255, 0.5019607843137255, 0.4
vb0[805]+076 TEXCOORD: 0.4105865955352783, 0.5326638221740723
vb0[805]+084 TEXCOORD1: 0.20402604341506958, 0.8881652355194092

vb0[806]+000 POSITION: 0.0, 1.2827383279800415, 0.1591474562883377
vb0[806]+012 NORMAL: 0.7060893774032593, -0.6861905455589294, 0.17487230896949768
vb0[806]+024 TANGENT: 0.0, -0.34836098551750183, -0.937360405921936, -1.0
vb0[806]+040 BLENDWEIGHTS: 0.9172549843788147, 0.04228253290057182, 0.04046248272061348, 0.0
vb0[806]+056 BLENDINDICES: 7, 2, 0, 0
vb0[806]+072 COLOR: 1.0, 0.5019607843137255, 0.5019607843137255, 0.4
vb0[806]+076 TEXCOORD: 0.4001436233520508, 0.5450027585029602
vb0[806]+084 TEXCOORD1: 0.20402604341506958, 0.8881652355194092

vb0[807]+000 POSITION: 0.0, 1.2833936214447021, 0.16185365617275238
vb0[807]+012 NORMAL: 0.7060893774032593, -0.6861905455589294, 0.17487230896949768
vb0[807]+024 TANGENT: 0.0, -0.4567287564277649, 0.8896060585975647, -1.0
vb0[807]+040 BLENDWEIGHTS: 0.9172549843788147, 0.04228253290057182, 0.04046248272061348, 0.0
vb0[807]+056 BLENDINDICES: 7, 2, 0, 0
vb0[807]+072 COLOR: 1.0, 0.5019607843137255, 0.5019607843137255, 0.4
vb0[807]+076 TEXCOORD: 0.40154099464416504, 0.5480437278747559
vb0[807]+084 TEXCOORD1: 0.20402604341506958, 0.8881652355194092

vb0[808]+000 POSITION: -0.012884477153420448, 1.3705387115478516, 0.11477024108171463
vb0[808]+012 NORMAL: 0.3496105670928955, -0.7525312304496765, -0.5580942034721375
vb0[808]+024 TANGENT: 0.9160482287406921, -0.32469114661216736, -0.23543883860111237, -1.0
vb0[808]+040 BLENDWEIGHTS: 1.0, 0.0, 0.0, 0.0
vb0[808]+056 BLENDINDICES: 7, 0, 0, 0
vb0[808]+072 COLOR: 1.0, 0.2, 0.5019607843137255, 0.5019607843137255
vb0[808]+076 TEXCOORD: 0.3508622646331787, 0.5692278742790222
vb0[808]+084 TEXCOORD1: 0.20402604341506958, 0.8881652355194092

vb0[809]+000 POSITION: -0.013207280077040195, 1.3658126592636108, 0.12151208519935608
vb0[809]+012 NORMAL: 0.33180445432662964, -0.7798511981964111, -0.5307900309562683
vb0[809]+024 TANGENT: 0.9282056093215942, 0.3610488176345825, 0.08987868577241898, -1.0
vb0[809]+040 BLENDWEIGHTS: 0.9773702025413513, 0.016009317710995674, 0.00662047928199172, 0.0
vb0[809]+056 BLENDINDICES: 7, 0, 2, 0
vb0[809]+072 COLOR: 1.0, 0.2, 0.5019607843137255, 0.5019607843137255
vb0[809]+076 TEXCOORD: 0.3529684543609619, 0.5686627626419067
vb0[809]+084 TEXCOORD1: 0.20402604341506958, 0.8881652355194092

vb0[810]+000 POSITION: -0.017933359369635582, 1.3705941438674927, 0.11153275519609451
vb0[810]+012 NORMAL: -0.14901846647262573, -0.789328396320343, -0.5956124067306519
vb0[810]+024 TANGENT: -0.04851734638214111, -0.7827979326248169, -0.6203817129135132, -1.0
vb0[810]+040 BLENDWEIGHTS: 1.0, 0.0, 0.0, 0.0
vb0[810]+056 BLENDINDICES: 7, 0, 0, 0
vb0[810]+072 COLOR: 1.0, 0.2, 0.5019607843137255, 0.5019607843137255
vb0[810]+076 TEXCOORD: 0.34986019134521484, 0.568002462387085
vb0[810]+084 TEXCOORD1: 0.20402604341506958, 0.8881652355194092

vb0[811]+000 POSITION: -0.013421273790299892, 1.376994013786316, 0.10678409039974213
vb0[811]+012 NORMAL: 0.1045989841222763, -0.7270181179046631, -0.6786041259765625
vb0[811]+024 TANGENT: 0.862691342830658, -0.26195764541625977, -0.4325988292694092, -1.0
vb0[811]+040 BLENDWEIGHTS: 1.0, 0.0, 0.0, 0.0
vb0[811]+056 BLENDINDICES: 7, 0, 0, 0
vb0[811]+072 COLOR: 1.0, 0.2, 0.5019607843137255, 0.5019607843137255
vb0[811]+076 TEXCOORD: 0.34819889068603516, 0.5697594881057739
vb0[811]+084 TEXCOORD1: 0.20402604341506958, 0.8881652355194092

vb0[812]+000 POSITION: -0.022747483104467392, 1.3768141269683838, 0.10629802197217941
vb0[812]+012 NORMAL: -0.004900389816612005, -0.7649767994880676, -0.6440392136573792
vb0[812]+024 TANGENT: -0.42223823070526123, -0.4607166349887848, -0.780676007270813, -1.0
vb0[812]+040 BLENDWEIGHTS: 1.0, 0.0, 0.0, 0.0
vb0[812]+056 BLENDINDICES: 7, 0, 0, 0
vb0[812]+072 COLOR: 1.0, 0.2, 0.5019607843137255, 0.5019607843137255
vb0[812]+076 TEXCOORD: 0.34743642807006836, 0.5674055814743042
vb0[812]+084 TEXCOORD1: 0.20402604341506958, 0.8881652355194092

vb0[813]+000 POSITION: -0.01887974515557289, 1.3633719682693481, 0.12411627173423767
vb0[813]+012 NORMAL: -0.06520295888185501, -0.8445236682891846, -0.53153395652771
vb0[813]+024 TANGENT: -0.1801118701696396, -0.8274041414260864, -0.5319417119026184, -1.0
vb0[813]+040 BLENDWEIGHTS: 0.9790707230567932, 0.020929280668497086, 0.0, 0.0
vb0[813]+056 BLENDINDICES: 7, 0, 0, 0
vb0[813]+072 COLOR: 1.0, 0.2, 0.5019607843137255, 0.5019607843137255
vb0[813]+076 TEXCOORD: 0.35364413261413574, 0.5664212107658386
vb0[813]+084 TEXCOORD1: 0.20402604341506958, 0.8881652355194092

vb0[814]+000 POSITION: -0.029111923649907112, 1.3760117292404175, 0.10730495303869247
vb0[814]+012 NORMAL: 0.06889285892248154, -0.7854148745536804, -0.6151236891746521
vb0[814]+024 TANGENT: -0.20386658608913422, 0.009972809813916683, -0.9789478182792664, -1.0
vb0[814]+040 BLENDWEIGHTS: 1.0, 0.0, 0.0, 0.0
vb0[814]+056 BLENDINDICES: 7, 0, 0, 0
vb0[814]+072 COLOR: 1.0, 0.2, 0.5019607843137255, 0.5019607843137255
vb0[814]+076 TEXCOORD: 0.34722375869750977, 0.5656865835189819
vb0[814]+084 TEXCOORD1: 0.20402604341506958, 0.8881652355194092

vb0[815]+000 POSITION: -0.03528818115592003, 1.3744088411331177, 0.10874223709106445
vb0[815]+012 NORMAL: 0.09383723139762878, -0.7756737470626831, -0.6241192817687988
vb0[815]+024 TANGENT: -0.2944612503051758, -0.010957717895507812, -0.9556006193161011, -1.0
vb0[815]+040 BLENDWEIGHTS: 0.9819396734237671, 0.01806032657623291, 0.0, 0.0
vb0[815]+056 BLENDINDICES: 7, 0, 0, 0
vb0[815]+072 COLOR: 1.0, 0.2, 0.5019607843137255, 0.5019607843137255
vb0[815]+076 TEXCOORD: 0.3472449779510498, 0.5639349818229675
vb0[815]+084 TEXCOORD1: 0.20402604341506958, 0.8881652355194092

vb0[816]+000 POSITION: -0.0422995463013649, 1.371553659439087, 0.11155527085065842
vb0[816]+012 NORMAL: 0.060841213911771774, -0.8097997307777405, -0.5835432410240173
vb0[816]+024 TANGENT: -0.5293920040130615, -0.12668371200561523, -0.8388655185699463, -1.0
vb0[816]+040 BLENDWEIGHTS: 0.9422600269317627, 0.04632880911231041, 0.011411266401410103, 0.0
vb0[816]+056 BLENDINDICES: 7, 0, 1, 0
vb0[816]+072 COLOR: 1.0, 0.2, 0.5019607843137255, 0.5019607843137255
vb0[816]+076 TEXCOORD: 0.3476681709289551, 0.561819314956665
vb0[816]+084 TEXCOORD1: 0.20402604341506958, 0.8881652355194092

vb0[817]+000 POSITION: -0.04788327217102051, 1.3678765296936035, 0.11750493943691254
vb0[817]+012 NORMAL: 0.05454569682478905, -0.8488577008247375, -0.5257996320724487
vb0[817]+024 TANGENT: -0.6894576549530029, -0.24576473236083984, -0.6813572645187378, -1.0
vb0[817]+040 BLENDWEIGHTS: 0.860011637210846, 0.11121504008769989, 0.028773318976163864, 0.0
vb0[817]+056 BLENDINDICES: 7, 0, 1, 0
vb0[817]+072 COLOR: 1.0, 0.2, 0.5019607843137255, 0.5019607843137255
vb0[817]+076 TEXCOORD: 0.34892845153808594, 0.5598334074020386
vb0[817]+084 TEXCOORD1: 0.20402604341506958, 0.8881652355194092

vb0[818]+000 POSITION: -0.03276129439473152, 1.3585749864578247, 0.13271263241767883
vb0[818]+012 NORMAL: 0.027208250015974045, -0.8703188300132751, -0.49173668026924133
vb0[818]+024 TANGENT: -0.006789445877075195, -0.8597575426101685, -0.5106572508811951, -1.0
vb0[818]+040 BLENDWEIGHTS: 0.7691078782081604, 0.1589093804359436, 0.07198275625705719, 0.0
vb0[818]+056 BLENDINDICES: 7, 0, 1, 0
vb0[818]+072 COLOR: 1.0, 0.2, 0.5019607843137255, 0.5019607843137255
vb0[818]+076 TEXCOORD: 0.3547666072845459, 0.5621886849403381
vb0[818]+084 TEXCOORD1: 0.20402604341506958, 0.8881652355194092

vb0[819]+000 POSITION: -0.05352042242884636, 1.3621366024017334, 0.126566082239151
vb0[819]+012 NORMAL: 0.08666497468948364, -0.8541749715805054, -0.5127125978469849
vb0[819]+024 TANGENT: -0.7404339909553528, -0.32633498311042786, -0.587590754032135, -1.0
vb0[819]+040 BLENDWEIGHTS: 0.7312409281730652, 0.19396989047527313, 0.07478921115398407, 0.0
vb0[819]+056 BLENDINDICES: 7, 0, 1, 0
vb0[819]+072 COLOR: 1.0, 0.2, 0.5019607843137255, 0.5019607843137255
vb0[819]+076 TEXCOORD: 0.35109782218933105, 0.5575085282325745
vb0[819]+084 TEXCOORD1: 0.20402604341506958, 0.8881652355194092

vb0[820]+000 POSITION: -0.014847906306385994, 1.3586918115615845, 0.13275107741355896
vb0[820]+012 NORMAL: 0.009336842224001884, -0.8507557511329651, -0.5254783630371094
vb0[820]+024 TANGENT: 0.5299480557441711, 0.18117663264274597, 0.8284503817558289, -1.0
vb0[820]+040 BLENDWEIGHTS: 0.9189468622207642, 0.06699641048908234, 0.014056737534701824, 0.0
vb0[820]+056 BLENDINDICES: 7, 0, 1, 0
vb0[820]+072 COLOR: 1.0, 0.2, 0.5019607843137255, 0.5019607843137255
vb0[820]+076 TEXCOORD: 0.35625791549682617, 0.5666795969009399
vb0[820]+084 TEXCOORD1: 0.20402604341506958, 0.8881652355194092

vb0[821]+000 POSITION: -0.01787278987467289, 1.3514509201049805, 0.14355191588401794
vb0[821]+012 NORMAL: -0.02943567931652069, -0.8350113034248352, -0.549444854259491
vb0[821]+024 TANGENT: 0.7719498872756958, -0.6255449056625366, -0.11307937651872635, -1.0
vb0[821]+040 BLENDWEIGHTS: 0.7647677063941956, 0.17987404763698578, 0.05535822734236717, 0.0
vb0[821]+056 BLENDINDICES: 7, 0, 1, 0
vb0[821]+072 COLOR: 1.0, 0.2, 0.5019607843137255, 0.5019607843137255
vb0[821]+076 TEXCOORD: 0.3592875003814697, 0.5648439526557922
vb0[821]+084 TEXCOORD1: 0.20402604341506958, 0.8881652355194092

vb0[822]+000 POSITION: -0.04095075652003288, 1.3503845930099487, 0.14730753004550934
vb0[822]+012 NORMAL: 0.037869684398174286, -0.8597250580787659, -0.5093512535095215
vb0[822]+024 TANGENT: -0.005564212333410978, -0.8498095870018005, -0.5270605087280273, -1.0
vb0[822]+040 BLENDWEIGHTS: 0.596896767616272, 0.25520893931388855, 0.14789432287216187, 0.0
vb0[822]+056 BLENDINDICES: 7, 0, 1, 0
vb0[822]+072 COLOR: 1.0, 0.2, 0.5019607843137255, 0.5019607843137255
vb0[822]+076 TEXCOORD: 0.35833001136779785, 0.55873042345047
vb0[822]+084 TEXCOORD1: 0.20402604341506958, 0.8881652355194092

vb0[823]+000 POSITION: -0.05865423008799553, 1.3540531396865845, 0.13957636058330536
vb0[823]+012 NORMAL: 0.10724355280399323, -0.8641399145126343, -0.4916920065879822
vb0[823]+024 TANGENT: -0.76698237657547, -0.3994600474834442, -0.5021651387214661, -1.0
vb0[823]+040 BLENDWEIGHTS: 0.5628265142440796, 0.2890137732028961, 0.14815972745418549, 0.0
vb0[823]+056 BLENDINDICES: 7, 0, 1, 0
vb0[823]+072 COLOR: 1.0, 0.2, 0.5019607843137255, 0.5019607843137255
vb0[823]+076 TEXCOORD: 0.35456132888793945, 0.5549069046974182
vb0[823]+084 TEXCOORD1: 0.20402604341506958, 0.8881652355194092

vb0[824]+000 POSITION: -0.022777505218982697, 1.3444678783416748, 0.15354464948177338
vb0[824]+012 NORMAL: -0.06317327171564102, -0.7984910011291504, -0.5986828804016113
vb0[824]+024 TANGENT: 0.7201960682868958, -0.6913301944732666, -0.058140698820352554, -1.0
vb0[824]+040 BLENDWEIGHTS: 0.5943413376808167, 0.257913202047348, 0.14774546027183533, 0.0
vb0[824]+056 BLENDINDICES: 7, 0, 1, 0
vb0[824]+072 COLOR: 1.0, 0.2, 0.5019607843137255, 0.5019607843137255
vb0[824]+076 TEXCOORD: 0.36197900772094727, 0.5625765919685364
vb0[824]+084 TEXCOORD1: 0.20402604341506958, 0.8881652355194092

vb0[825]+000 POSITION: -0.04496993497014046, 1.3442518711090088, 0.1568668931722641
vb0[825]+012 NORMAL: 0.04042679816484451, -0.8207162618637085, -0.5699038505554199
vb0[825]+024 TANGENT: -0.001085519790649414, -0.8211031556129456, -0.5707787871360779, -1.0
vb0[825]+040 BLENDWEIGHTS: 0.45190340280532837, 0.30514150857925415, 0.24295508861541748, 0.0
vb0[825]+056 BLENDINDICES: 7, 0, 1, 0
vb0[825]+072 COLOR: 1.0, 0.2, 0.5019607843137255, 0.5019607843137255
vb0[825]+076 TEXCOORD: 0.3608541488647461, 0.5567638278007507
vb0[825]+084 TEXCOORD1: 0.20402604341506958, 0.8881652355194092

vb0[826]+000 POSITION: -0.061345357447862625, 1.3473126888275146, 0.14968346059322357
vb0[826]+012 NORMAL: 0.15856057405471802, -0.8314208388328552, -0.5325391292572021
vb0[826]+024 TANGENT: -0.7615899443626404, -0.4361342191696167, -0.47934091091156006, -1.0
vb0[826]+040 BLENDWEIGHTS: 0.4431086778640747, 0.31446799635887146, 0.24242332577705383, 0.0
vb0[826]+056 BLENDINDICES: 7, 0, 1, 0
vb0[826]+072 COLOR: 1.0, 0.2, 0.5019607843137255, 0.5019607843137255
vb0[826]+076 TEXCOORD: 0.3574514389038086, 0.5531815886497498
vb0[826]+084 TEXCOORD1: 0.20402604341506958, 0.8881652355194092

vb0[827]+000 POSITION: -0.028487389907240868, 1.3382251262664795, 0.16178281605243683
vb0[827]+012 NORMAL: -0.08561164885759354, -0.7488222122192383, -0.6572184562683105
vb0[827]+024 TANGENT: 0.6738377809524536, -0.7388207316398621, -0.00930333137512207, -1.0
vb0[827]+040 BLENDWEIGHTS: 0.4426952600479126, 0.3346191644668579, 0.2226855605840683, 0.0
vb0[827]+056 BLENDINDICES: 7, 0, 1, 0
vb0[827]+072 COLOR: 1.0, 0.2, 0.5019607843137255, 0.5019607843137255
vb0[827]+076 TEXCOORD: 0.36417484283447266, 0.5602806806564331
vb0[827]+084 TEXCOORD1: 0.20402604341506958, 0.8881652355194092

vb0[828]+000 POSITION: -0.06316618621349335, 1.340064525604248, 0.15931889414787292
vb0[828]+012 NORMAL: 0.206560879945755, -0.7912675738334656, -0.5755243897438049
vb0[828]+024 TANGENT: -0.7373995184898376, -0.4602660834789276, -0.4943654537200928, -1.0
vb0[828]+040 BLENDWEIGHTS: 0.3372589647769928, 0.33292046189308167, 0.32982057332992554, 0.0
vb0[828]+056 BLENDINDICES: 1, 7, 0, 0
vb0[828]+072 COLOR: 1.0, 0.2, 0.5019607843137255, 0.5019607843137255
vb0[828]+076 TEXCOORD: 0.36038804054260254, 0.5516795516014099
vb0[828]+084 TEXCOORD1: 0.20402604341506958, 0.8881652355194092

vb0[829]+000 POSITION: -0.0492878183722496, 1.337912678718567, 0.16583646833896637
vb0[829]+012 NORMAL: 0.051833461970090866, -0.7658746838569641, -0.6408972144126892
vb0[829]+024 TANGENT: 0.01750391535460949, -0.7685326933860779, -0.6395710706710815, -1.0
vb0[829]+040 BLENDWEIGHTS: 0.3444576561450958, 0.33216145634651184, 0.32338088750839233, 0.0
vb0[829]+056 BLENDINDICES: 7, 0, 1, 0
vb0[829]+072 COLOR: 1.0, 0.2, 0.5019607843137255, 0.5019607843137255
vb0[829]+076 TEXCOORD: 0.3632369041442871, 0.5547681450843811
vb0[829]+084 TEXCOORD1: 0.20402604341506958, 0.8881652355194092

vb0[830]+000 POSITION: -0.03549283370375633, 1.3319975137710571, 0.1689198613166809
vb0[830]+012 NORMAL: -0.11192058026790619, -0.6563030481338501, -0.7461501955986023
vb0[830]+024 TANGENT: 0.6220113039016724, -0.7826329469680786, -0.02424323931336403, -1.0
vb0[830]+040 BLENDWEIGHTS: 0.3698835074901581, 0.3324100375175476, 0.2977064549922943, 0.0
vb0[830]+056 BLENDINDICES: 0, 7, 1, 0
vb0[830]+072 COLOR: 1.0, 0.2, 0.5019607843137255, 0.5019607843137255
vb0[830]+076 TEXCOORD: 0.3660149574279785, 0.5577272176742554
vb0[830]+084 TEXCOORD1: 0.20402604341506958, 0.8881652355194092

vb0[831]+000 POSITION: -0.06442709267139435, 1.3327488899230957, 0.16725607216358185
vb0[831]+012 NORMAL: 0.26506876945495605, -0.7294796705245972, -0.630553662776947
vb0[831]+024 TANGENT: -0.6920379400253296, -0.46310949325561523, -0.5537265539169312, -1.0
vb0[831]+040 BLENDWEIGHTS: 0.4191528856754303, 0.3183574378490448, 0.2624896764755249, 0.0
vb0[831]+056 BLENDINDICES: 1, 0, 7, 0
vb0[831]+072 COLOR: 1.0, 0.2, 0.5019607843137255, 0.5019607843137255
vb0[831]+076 TEXCOORD: 0.3630044460296631, 0.5504347085952759
vb0[831]+084 TEXCOORD1: 0.20402604341506958, 0.8881652355194092

vb0[832]+000 POSITION: -0.05335919186472893, 1.3313790559768677, 0.17288032174110413
vb0[832]+012 NORMAL: 0.06926652789115906, -0.6607173085212708, -0.7474320530891418
vb0[832]+024 TANGENT: 0.053242143243551254, -0.6571333408355713, -0.7518916130065918, -1.0
vb0[832]+040 BLENDWEIGHTS: 0.40011075139045715, 0.330645352602005, 0.26924389600753784, 0.0
vb0[832]+056 BLENDINDICES: 1, 0, 7, 0
vb0[832]+072 COLOR: 1.0, 0.2, 0.5019607843137255, 0.5019607843137255
vb0[832]+076 TEXCOORD: 0.36527252197265625, 0.5529559254646301
vb0[832]+084 TEXCOORD1: 0.20402604341506958, 0.8881652355194092

vb0[833]+000 POSITION: -0.042609184980392456, 1.3260051012039185, 0.17473632097244263
vb0[833]+012 NORMAL: -0.1089770719408989, -0.5645140409469604, -0.8181979656219482
vb0[833]+024 TANGENT: 0.6267123222351074, -0.7740770578384399, -0.08964628726243973, -1.0
vb0[833]+040 BLENDWEIGHTS: 0.37990209460258484, 0.3580704629421234, 0.26202744245529175, 0.0
vb0[833]+056 BLENDINDICES: 1, 0, 7, 0
vb0[833]+072 COLOR: 1.0, 0.2, 0.5019607843137255, 0.5019607843137255
vb0[833]+076 TEXCOORD: 0.36755895614624023, 0.5552351474761963
vb0[833]+084 TEXCOORD1: 0.20402604341506958, 0.8881652355194092

vb0[834]+000 POSITION: -0.06558728218078613, 1.3251571655273438, 0.17418231070041656
vb0[834]+012 NORMAL: 0.26400554180145264, -0.6517667174339294, -0.7109861373901367
vb0[834]+024 TANGENT: -0.6800384521484375, -0.39530593156814575, -0.6174795627593994, -1.0
vb0[834]+040 BLENDWEIGHTS: 0.46595558524131775, 0.2989693582057953, 0.23507507145404816, 0.0
vb0[834]+056 BLENDINDICES: 1, 0, 7, 0
vb0[834]+072 COLOR: 1.0, 0.2, 0.5019607843137255, 0.5019607843137255
vb0[834]+076 TEXCOORD: 0.3655059337615967, 0.5492932796478271
vb0[834]+084 TEXCOORD1: 0.20402604341506958, 0.8881652355194092

vb0[835]+000 POSITION: -0.05742470175027847, 1.323303461074829, 0.17800216376781464
vb0[835]+012 NORMAL: 0.09885604679584503, -0.5576165318489075, -0.8241912722587585
vb0[835]+024 TANGENT: 0.08643567562103271, -0.5463021993637085, -0.8331162929534912, -1.0
vb0[835]+040 BLENDWEIGHTS: 0.4558686316013336, 0.3090728521347046, 0.23505853116512299, 0.0
vb0[835]+056 BLENDINDICES: 1, 0, 7, 0
vb0[835]+072 COLOR: 1.0, 0.2, 0.5019607843137255, 0.5019607843137255
vb0[835]+076 TEXCOORD: 0.3672327995300293, 0.5510842800140381
vb0[835]+084 TEXCOORD1: 0.20402604341506958, 0.8881652355194092

vb0[836]+000 POSITION: -0.06646954268217087, 1.3188717365264893, 0.1789807826280594
vb0[836]+012 NORMAL: 0.13506373763084412, -0.5782598853111267, -0.8045951128005981
vb0[836]+024 TANGENT: -0.7102187871932983, -0.30989599227905273, -0.6321026086807251, -1.0
vb0[836]+040 BLENDWEIGHTS: 0.4646630585193634, 0.3060280680656433, 0.2293088734149933, 0.0
vb0[836]+056 BLENDINDICES: 1, 0, 7, 0
vb0[836]+072 COLOR: 1.0, 0.2, 0.5019607843137255, 0.5019607843137255
vb0[836]+076 TEXCOORD: 0.367419958114624, 0.5484018325805664
vb0[836]+084 TEXCOORD1: 0.20402604341506958, 0.8881652355194092

vb0[837]+000 POSITION: -0.04929448664188385, 1.319876790046692, 0.17962904274463654
vb0[837]+012 NORMAL: -0.045429375022649765, -0.5725856423377991, -0.8185852766036987
vb0[837]+024 TANGENT: 0.6404118537902832, -0.762485146522522, -0.0921352356672287, -1.0
vb0[837]+040 BLENDWEIGHTS: 0.4460136592388153, 0.3189002275466919, 0.235086128115654, 0.0
vb0[837]+056 BLENDINDICES: 1, 0, 7, 0
vb0[837]+072 COLOR: 1.0, 0.2, 0.5019607843137255, 0.5019607843137255
vb0[837]+076 TEXCOORD: 0.3688998222351074, 0.5528121590614319
vb0[837]+084 TEXCOORD1: 0.20402604341506958, 0.8881652355194092

vb0[838]+000 POSITION: -0.054677002131938934, 1.3148696422576904, 0.18285907804965973
vb0[838]+012 NORMAL: 0.08319905400276184, -0.5573155879974365, -0.8261217474937439
vb0[838]+024 TANGENT: 0.6643438339233398, -0.7413104176521301, -0.09542619436979294, -1.0
vb0[838]+040 BLENDWEIGHTS: 0.46467506885528564, 0.30605119466781616, 0.2292737364768982, 0.0
vb0[838]+056 BLENDINDICES: 1, 0, 7, 0
vb0[838]+072 COLOR: 1.0, 0.2, 0.5019607843137255, 0.5019607843137255
vb0[838]+076 TEXCOORD: 0.36985349655151367, 0.5508871078491211
vb0[838]+084 TEXCOORD1: 0.20402604341506958, 0.8881652355194092

vb0[839]+000 POSITION: -0.060668982565402985, 1.3097615242004395, 0.1858719438314438
vb0[839]+012 NORMAL: 0.09553249925374985, -0.5864051580429077, -0.8043646812438965
vb0[839]+024 TANGENT: 0.6371785402297974, -0.7671583890914917, -0.07396966218948364, -1.0
vb0[839]+040 BLENDWEIGHTS: 0.4484257996082306, 0.3136209547519684, 0.23795326054096222, 0.0
vb0[839]+056 BLENDINDICES: 1, 0, 7, 0
vb0[839]+072 COLOR: 1.0, 0.2, 0.5019607843137255, 0.5019607843137255
vb0[839]+076 TEXCOORD: 0.37076902389526367, 0.5488569736480713
vb0[839]+084 TEXCOORD1: 0.20402604341506958, 0.8881652355194092

vb0[840]+000 POSITION: -0.06749730557203293, 1.3121044635772705, 0.18362754583358765
vb0[840]+012 NORMAL: 0.09567582607269287, -0.5860674977302551, -0.8045936226844788
vb0[840]+024 TANGENT: -0.7301074862480164, -0.29112187027931213, -0.6182161569595337, -1.0
vb0[840]+040 BLENDWEIGHTS: 0.44804832339286804, 0.31360912322998047, 0.2383425533771515, 0.0
vb0[840]+056 BLENDINDICES: 1, 0, 7, 0
vb0[840]+072 COLOR: 1.0, 0.2, 0.5019607843137255, 0.5019607843137255
vb0[840]+076 TEXCOORD: 0.3693578243255615, 0.5474300384521484
vb0[840]+084 TEXCOORD1: 0.20402604341506958, 0.8881652355194092

vb0[841]+000 POSITION: -0.06904932111501694, 1.3020679950714111, 0.18972863256931305
vb0[841]+012 NORMAL: 0.10532112419605255, -0.5629956722259521, -0.8197214603424072
vb0[841]+024 TANGENT: -0.38374197483062744, -0.8811037540435791, 0.2764023542404175, -1.0
vb0[841]+040 BLENDWEIGHTS: 0.4148825705051422, 0.32297375798225403, 0.26214367151260376, 0.0
vb0[841]+056 BLENDINDICES: 1, 0, 7, 0
vb0[841]+072 COLOR: 1.0, 0.2, 0.5019607843137255, 0.5019607843137255
vb0[841]+076 TEXCOORD: 0.37212181091308594, 0.5460110902786255
vb0[841]+084 TEXCOORD1: 0.20402604341506958, 0.8881652355194092

vb0[842]+000 POSITION: -0.009919571690261364, 1.2554851770401, 0.15645624697208405
vb0[842]+012 NORMAL: 0.9015594124794006, 0.22005343437194824, 0.37251466512680054
vb0[842]+024 TANGENT: 0.45791253447532654, 0.07413697987794876, 0.885900616645813, -1.0
vb0[842]+040 BLENDWEIGHTS: 0.8998448848724365, 0.05552784353494644, 0.030690792948007584, 0.013936609961092472
vb0[842]+056 BLENDINDICES: 7, 6, 0, 2
vb0[842]+072 COLOR: 1.0, 0.5019607843137255, 0.5019607843137255, 0.4
vb0[842]+076 TEXCOORD: 0.40601396560668945, 0.5213244557380676
vb0[842]+084 TEXCOORD1: 0.20402604341506958, 0.8881652355194092

vb0[843]+000 POSITION: -0.012534916400909424, 1.268578052520752, 0.15507012605667114
vb0[843]+012 NORMAL: 0.901813805103302, 0.21048958599567413, 0.37739384174346924
vb0[843]+024 TANGENT: 0.7570239901542664, -0.08392214775085449, -0.6479751467704773, -1.0
vb0[843]+040 BLENDWEIGHTS: 0.9151442646980286, 0.05055009201169014, 0.01913273148238659, 0.015172913670539856
vb0[843]+056 BLENDINDICES: 7, 0, 2, 6
vb0[843]+072 COLOR: 1.0, 0.5019607843137255, 0.5019607843137255, 0.4
vb0[843]+076 TEXCOORD: 0.407029390335083, 0.5326645970344543
vb0[843]+084 TEXCOORD1: 0.20402604341506958, 0.8881652355194092

vb0[844]+000 POSITION: -0.01343674398958683, 1.2683327198028564, 0.15735329687595367
vb0[844]+012 NORMAL: 0.901813805103302, 0.21048958599567413, 0.37739381194114685
vb0[844]+024 TANGENT: 0.21566040813922882, -0.2008747160434723, 0.9555836319923401, -1.0
vb0[844]+040 BLENDWEIGHTS: 0.9091780781745911, 0.05817890167236328, 0.018220696598291397, 0.014422323554754257
vb0[844]+056 BLENDINDICES: 7, 0, 2, 6
vb0[844]+072 COLOR: 1.0, 0.5019607843137255, 0.5019607843137255, 0.4
vb0[844]+076 TEXCOORD: 0.4105865955352783, 0.5326638221740723
vb0[844]+084 TEXCOORD1: 0.20402604341506958, 0.8881652355194092

vb0[845]+000 POSITION: -0.009042667225003242, 1.2556169033050537, 0.15417006611824036
vb0[845]+012 NORMAL: 0.9015164375305176, 0.2213609665632248, 0.37184324860572815
vb0[845]+024 TANGENT: 0.8248888850212097, 0.25413990020751953, -0.5049467086791992, -1.0
vb0[845]+040 BLENDWEIGHTS: 0.9020561575889587, 0.05625496804714203, 0.026333685964345932, 0.015355190262198448
vb0[845]+056 BLENDINDICES: 7, 6, 0, 2
vb0[845]+072 COLOR: 1.0, 0.5019607843137255, 0.5019607843137255, 0.4
vb0[845]+076 TEXCOORD: 0.40259790420532227, 0.522419273853302
vb0[845]+084 TEXCOORD1: 0.20402604341506958, 0.8881652355194092

vb0[846]+000 POSITION: -0.004415537230670452, 1.2363266944885254, 0.15499673783779144
vb0[846]+012 NORMAL: 0.908777117729187, 0.22968034446239471, 0.34838342666625977
vb0[846]+024 TANGENT: 0.5177465677261353, 0.09004282206296921, 0.8507824540138245, -1.0
vb0[846]+040 BLENDWEIGHTS: 0.7738100290298462, 0.18245747685432434, 0.03380752354860306, 0.0099249929189682
vb0[846]+056 BLENDINDICES: 7, 6, 5, 0
vb0[846]+072 COLOR: 1.0, 0.5019607843137255, 0.5019607843137255, 0.4
vb0[846]+076 TEXCOORD: 0.398468017578125, 0.5048890113830566
vb0[846]+084 TEXCOORD1: 0.20402604341506958, 0.8881652355194092

vb0[847]+000 POSITION: -0.003573224414139986, 1.2364944219589233, 0.15272989869117737
vb0[847]+012 NORMAL: 0.9098502397537231, 0.22995959222316742, 0.34538573026657104
vb0[847]+024 TANGENT: 0.7953140735626221, 0.27258574962615967, -0.5414540767669678, -1.0
vb0[847]+040 BLENDWEIGHTS: 0.773716926574707, 0.18251383304595947, 0.034019067883491516, 0.009750178083777428
vb0[847]+056 BLENDINDICES: 7, 6, 5, 0
vb0[847]+072 COLOR: 1.0, 0.5019607843137255, 0.5019607843137255, 0.4
vb0[847]+076 TEXCOORD: 0.39553260803222656, 0.5060853362083435
vb0[847]+084 TEXCOORD1: 0.20402604341506958, 0.8881652355194092

vb0[848]+000 POSITION: 0.0, 1.2235314846038818, 0.15156379342079163
vb0[848]+012 NORMAL: 0.9183785319328308, 0.2321818470954895, 0.3204255700111389
vb0[848]+024 TANGENT: 0.0, 0.2944287061691284, -0.9556734561920166, -1.0
vb0[848]+040 BLENDWEIGHTS: 0.6435655951499939, 0.28866925835609436, 0.06776514649391174, 0.0
vb0[848]+056 BLENDINDICES: 7, 6, 5, 0
vb0[848]+072 COLOR: 1.0, 0.5019607843137255, 0.5019607843137255, 0.4
vb0[848]+076 TEXCOORD: 0.39078545570373535, 0.49511078000068665
vb0[848]+084 TEXCOORD1: 0.20402604341506958, 0.8881652355194092

vb0[849]+000 POSITION: 0.0, 1.2205742597579956, 0.1541391760110855
vb0[849]+012 NORMAL: 0.9183785319328308, 0.2321818470954895, 0.3204255700111389
vb0[849]+024 TANGENT: 0.0, 0.0, 1.0, -1.0
vb0[849]+040 BLENDWEIGHTS: 0.6113055944442749, 0.3123042583465576, 0.07639020681381226, 0.0
vb0[849]+056 BLENDINDICES: 7, 6, 5, 0
vb0[849]+072 COLOR: 1.0, 0.5019607843137255, 0.5019607843137255, 0.4
vb0[849]+076 TEXCOORD: 0.39231228828430176, 0.49122920632362366
vb0[849]+084 TEXCOORD1: 0.20402604341506958, 0.8881652355194092

vb0[850]+000 POSITION: 0.0, 1.3422088623046875, 0.13847312331199646
vb0[850]+012 NORMAL: 0.8800187706947327, 0.4746748208999634, -0.015838438645005226
vb0[850]+024 TANGENT: 0.0, -0.5072107315063477, -0.8618220686912537, -1.0
vb0[850]+040 BLENDWEIGHTS: 0.9083356261253357, 0.04598812758922577, 0.04567624628543854, 0.0
vb0[850]+056 BLENDINDICES: 7, 0, 2, 0
vb0[850]+072 COLOR: 1.0, 0.5019607843137255, 0.5019607843137255, 0.4
vb0[850]+076 TEXCOORD: 0.40286731719970703, 0.6155407428741455
vb0[850]+084 TEXCOORD1: 0.20402604341506958, 0.8881652355194092

vb0[851]+000 POSITION: -0.007529917173087597, 1.3559131622314453, 0.13081705570220947
vb0[851]+012 NORMAL: 0.8838979601860046, 0.4645189344882965, -0.05428187549114227
vb0[851]+024 TANGENT: 0.7023681402206421, 0.6407116651535034, 0.31010890007019043, -1.0
vb0[851]+040 BLENDWEIGHTS: 0.9162574410438538, 0.058743540197610855, 0.024999020621180534, 0.0
vb0[851]+056 BLENDINDICES: 7, 0, 2, 0
vb0[851]+072 COLOR: 1.0, 0.5019607843137255, 0.5019607843137255, 0.4
vb0[851]+076 TEXCOORD: 0.41194725036621094, 0.6285632848739624
vb0[851]+084 TEXCOORD1: 0.20402604341506958, 0.8881652355194092

vb0[852]+000 POSITION: 0.0, 1.3425523042678833, 0.1411910057067871
vb0[852]+012 NORMAL: 0.8800187706947327, 0.47467488050460815, -0.015838438645005226
vb0[852]+024 TANGENT: 0.0, 0.8564962148666382, 0.5161533355712891, -1.0
vb0[852]+040 BLENDWEIGHTS: 0.8959752321243286, 0.052357833832502365, 0.05166693404316902, 0.0
vb0[852]+056 BLENDINDICES: 7, 2, 0, 0
vb0[852]+072 COLOR: 1.0, 0.5019607843137255, 0.5019607843137255, 0.4
vb0[852]+076 TEXCOORD: 0.40439891815185547, 0.6135750412940979
vb0[852]+084 TEXCOORD1: 0.20402604341506958, 0.8881652355194092

vb0[853]+000 POSITION: -0.006423401180654764, 1.354065179824829, 0.12933993339538574
vb0[853]+012 NORMAL: 0.8826335072517395, 0.4683453440666199, -0.04013419896364212
vb0[853]+024 TANGENT: 0.638839840888977, -0.2486007809638977, -0.7280668020248413, -1.0
vb0[853]+040 BLENDWEIGHTS: 0.9162574410438538, 0.058743540197610855, 0.024999020621180534, 0.0
vb0[853]+056 BLENDINDICES: 7, 0, 2, 0
vb0[853]+072 COLOR: 1.0, 0.5019607843137255, 0.5019607843137255, 0.4
vb0[853]+076 TEXCOORD: 0.40912652015686035, 0.629041314125061
vb0[853]+084 TEXCOORD1: 0.20402604341506958, 0.8881652355194092

vb0[854]+000 POSITION: -0.01305835135281086, 1.3645888566970825, 0.11947241425514221
vb0[854]+012 NORMAL: 0.8834401369094849, 0.4528832733631134, -0.1201261579990387
vb0[854]+024 TANGENT: 0.6462266445159912, -0.3290973901748657, -0.6885390281677246, -1.0
vb0[854]+040 BLENDWEIGHTS: 0.9742394089698792, 0.015947235748171806, 0.009813355281949043, 0.0
vb0[854]+056 BLENDINDICES: 7, 0, 2, 0
vb0[854]+072 COLOR: 1.0, 0.5019607843137255, 0.5019607843137255, 0.4
vb0[854]+076 TEXCOORD: 0.4149653911590576, 0.6412341594696045
vb0[854]+084 TEXCOORD1: 0.20402604341506958, 0.8881652355194092

vb0[855]+000 POSITION: -0.013207280077040195, 1.3658126592636108, 0.12151208519935608
vb0[855]+012 NORMAL: 0.8846812844276428, 0.45461538434028625, -0.10326626896858215
vb0[855]+024 TANGENT: 0.9282056093215942, 0.3610488176345825, 0.08987868577241898, -1.0
vb0[855]+040 BLENDWEIGHTS: 0.9773702025413513, 0.016009317710995674, 0.00662047928199172, 0.0
vb0[855]+056 BLENDINDICES: 7, 0, 2, 0
vb0[855]+072 COLOR: 1.0, 0.2, 0.5019607843137255, 0.5019607843137255
vb0[855]+076 TEXCOORD: 0.4170053005218506, 0.6398023962974548
vb0[855]+084 TEXCOORD1: 0.20402604341506958, 0.8881652355194092

vb0[856]+000 POSITION: -0.017933359369635582, 1.3705941438674927, 0.11153275519609451
vb0[856]+012 NORMAL: 0.8737406134605408, 0.44257301092147827, -0.2017585188150406
vb0[856]+024 TANGENT: -0.04851734638214111, -0.7827979326248169, -0.6203817129135132, -1.0
vb0[856]+040 BLENDWEIGHTS: 1.0, 0.0, 0.0, 0.0
vb0[856]+056 BLENDINDICES: 7, 0, 0, 0
vb0[856]+072 COLOR: 1.0, 0.2, 0.5019607843137255, 0.5019607843137255
vb0[856]+076 TEXCOORD: 0.41620969772338867, 0.6436663866043091
vb0[856]+084 TEXCOORD1: 0.20402604341506958, 0.8881652355194092

vb0[857]+000 POSITION: -0.011131329461932182, 1.236180067062378, 0.15422174334526062
vb0[857]+012 NORMAL: -0.8106391429901123, -0.2570980489253998, 0.5260844230651855
vb0[857]+024 TANGENT: -0.5149393677711487, -0.19206394255161285, 0.8354334235191345, -1.0
vb0[857]+040 BLENDWEIGHTS: 0.7708171010017395, 0.18172302842140198, 0.034259650856256485, 0.01320033147931099
vb0[857]+056 BLENDINDICES: 7, 6, 5, 0
vb0[857]+072 COLOR: 1.0, 0.5019607843137255, 0.5019607843137255, 0.4
vb0[857]+076 TEXCOORD: 0.4044337272644043, 0.5036425590515137
vb0[857]+084 TEXCOORD1: 0.20402604341506958, 0.8881652355194092

vb0[858]+000 POSITION: -0.006727962754666805, 1.217361569404602, 0.15180841088294983
vb0[858]+012 NORMAL: -0.8399903178215027, -0.2631576359272003, 0.47451478242874146
vb0[858]+024 TANGENT: -0.8456946015357971, -0.2236689031124115, -0.48453372716903687, -1.0
vb0[858]+040 BLENDWEIGHTS: 0.5803913474082947, 0.333299458026886, 0.08630921691656113, 0.0
vb0[858]+056 BLENDINDICES: 7, 6, 5, 0
vb0[858]+072 COLOR: 1.0, 0.5019607843137255, 0.5019607843137255, 0.4
vb0[858]+076 TEXCOORD: 0.3995223045349121, 0.4857499897480011
vb0[858]+084 TEXCOORD1: 0.20402604341506958, 0.8881652355194092

vb0[859]+000 POSITION: -0.0055114710703492165, 1.2173417806625366, 0.15373438596725464
vb0[859]+012 NORMAL: -0.8452831506729126, -0.26382267475128174, 0.4646437466144562
vb0[859]+024 TANGENT: -0.5028049349784851, -0.18133854866027832, 0.8451647758483887, -1.0
vb0[859]+040 BLENDWEIGHTS: 0.5788434147834778, 0.3345221281051636, 0.08663444966077805, 0.0
vb0[859]+056 BLENDINDICES: 7, 6, 5, 0
vb0[859]+072 COLOR: 1.0, 0.5019607843137255, 0.5019607843137255, 0.4
vb0[859]+076 TEXCOORD: 0.39655613899230957, 0.4868849515914917
vb0[859]+084 TEXCOORD1: 0.20402604341506958, 0.8881652355194092

vb0[860]+000 POSITION: -0.012456226162612438, 1.236290693283081, 0.15227314829826355
vb0[860]+012 NORMAL: -0.8105732798576355, -0.2565695643424988, 0.5264438390731812
vb0[860]+024 TANGENT: -0.8361997008323669, -0.19175364077091217, -0.5138099789619446, -1.0
vb0[860]+040 BLENDWEIGHTS: 0.7697954177856445, 0.18118131160736084, 0.03403366357088089, 0.01498961728066206
vb0[860]+056 BLENDINDICES: 7, 6, 5, 0
vb0[860]+072 COLOR: 1.0, 0.5019607843137255, 0.5019607843137255, 0.4
vb0[860]+076 TEXCOORD: 0.407379150390625, 0.5025665163993835
vb0[860]+084 TEXCOORD1: 0.20402604341506958, 0.8881652355194092

vb0[861]+000 POSITION: 0.0, 1.1966426372528076, 0.15277130901813507
vb0[861]+012 NORMAL: -0.8738224506378174, -0.2670186460018158, 0.406368613243103
vb0[861]+024 TANGENT: 0.0, -0.46510377526283264, 0.8852561712265015, -1.0
vb0[861]+040 BLENDWEIGHTS: 0.473308265209198, 0.35172098875045776, 0.17497076094150543, 0.0
vb0[861]+056 BLENDINDICES: 6, 7, 5, 0
vb0[861]+072 COLOR: 1.0, 0.5019607843137255, 0.5019607843137255, 0.4
vb0[861]+076 TEXCOORD: 0.3900177478790283, 0.4727220833301544
vb0[861]+084 TEXCOORD1: 0.20402604341506958, 0.8881652355194092

vb0[862]+000 POSITION: 0.0, 1.1953999996185303, 0.15124355256557465
vb0[862]+012 NORMAL: -0.8738224506378174, -0.2670186161994934, 0.40636852383613586
vb0[862]+024 TANGENT: 0.0, -0.9654439091682434, 0.26061078906059265, -1.0
vb0[862]+040 BLENDWEIGHTS: 0.48137861490249634, 0.33826175332069397, 0.1803596466779709, 0.0
vb0[862]+056 BLENDINDICES: 6, 7, 5, 0
vb0[862]+072 COLOR: 1.0, 0.5019607843137255, 0.5019607843137255, 0.4
vb0[862]+076 TEXCOORD: 0.3923969268798828, 0.4714030921459198
vb0[862]+084 TEXCOORD1: 0.20402604341506958, 0.8881652355194092

vb0[863]+000 POSITION: -0.01652402989566326, 1.254913568496704, 0.15488478541374207
vb0[863]+012 NORMAL: -0.8129297494888306, -0.25051119923591614, 0.5257275700569153
vb0[863]+024 TANGENT: -0.5669009685516357, -0.1865645796060562, 0.8023820519447327, -1.0
vb0[863]+040 BLENDWEIGHTS: 0.8883479833602905, 0.05821613222360611, 0.05343586951494217, 0.0
vb0[863]+056 BLENDINDICES: 7, 6, 0, 0
vb0[863]+072 COLOR: 1.0, 0.5019607843137255, 0.5019607843137255, 0.4
vb0[863]+076 TEXCOORD: 0.41193079948425293, 0.5197986364364624
vb0[863]+084 TEXCOORD1: 0.20402604341506958, 0.8881652355194092

vb0[864]+000 POSITION: -0.01775520108640194, 1.254873514175415, 0.15293613076210022
vb0[864]+012 NORMAL: -0.8133518099784851, -0.2498691827058792, 0.5253800749778748
vb0[864]+024 TANGENT: -0.811229407787323, -0.19691523909568787, -0.550573468208313, -1.0
vb0[864]+040 BLENDWEIGHTS: 0.8812279105186462, 0.059322576969861984, 0.05503031983971596, 0.004419194534420967
vb0[864]+056 BLENDINDICES: 7, 6, 0, 5
vb0[864]+072 COLOR: 1.0, 0.5019607843137255, 0.5019607843137255, 0.4
vb0[864]+076 TEXCOORD: 0.41483235359191895, 0.5185195207595825
vb0[864]+084 TEXCOORD1: 0.20402604341506958, 0.8881652355194092

vb0[865]+000 POSITION: -0.021379848942160606, 1.271437168121338, 0.15450434386730194
vb0[865]+012 NORMAL: -0.8163245320320129, -0.2453174889087677, 0.5229086875915527
vb0[865]+024 TANGENT: -0.6770436763763428, 0.05059695243835449, 0.7342014312744141, -1.0
vb0[865]+040 BLENDWEIGHTS: 0.8692606091499329, 0.11515527963638306, 0.015584101900458336, 0.0
vb0[865]+056 BLENDINDICES: 7, 0, 6, 0
vb0[865]+072 COLOR: 1.0, 0.5019607843137255, 0.5019607843137255, 0.4
vb0[865]+076 TEXCOORD: 0.4181804656982422, 0.5322182774543762
vb0[865]+084 TEXCOORD1: 0.20402604341506958, 0.8881652355194092

vb0[866]+000 POSITION: -0.022730737924575806, 1.2718639373779297, 0.1525786817073822
vb0[866]+012 NORMAL: -0.8163245320320129, -0.2453174740076065, 0.5229086875915527
vb0[866]+024 TANGENT: -0.8239190578460693, 0.2584938108921051, -0.5043198466300964, -1.0
vb0[866]+040 BLENDWEIGHTS: 0.8778783082962036, 0.10525625944137573, 0.016865435987710953, 0.0
vb0[866]+056 BLENDINDICES: 7, 0, 6, 0
vb0[866]+072 COLOR: 1.0, 0.5019607843137255, 0.5019607843137255, 0.4
vb0[866]+076 TEXCOORD: 0.42118144035339355, 0.5321087837219238
vb0[866]+084 TEXCOORD1: 0.20402604341506958, 0.8881652355194092

vb0[867]+000 POSITION: 0.0, 1.2915529012680054, 0.16147756576538086
vb0[867]+012 NORMAL: 0.7920602560043335, 0.5028494000434875, 0.3460969030857086
vb0[867]+024 TANGENT: 0.0, 0.6811336278915405, -0.7321590781211853, -1.0
vb0[867]+040 BLENDWEIGHTS: 0.9172549843788147, 0.042282551527023315, 0.04046246409416199, 0.0
vb0[867]+056 BLENDINDICES: 7, 2, 0, 0
vb0[867]+072 COLOR: 1.0, 0.5019607843137255, 0.5019607843137255, 0.4
vb0[867]+076 TEXCOORD: 0.40125131607055664, 0.5586427450180054
vb0[867]+084 TEXCOORD1: 0.20402604341506958, 0.8881652355194092

vb0[868]+000 POSITION: -0.0058925561606884, 1.2980073690414429, 0.1655854433774948
vb0[868]+012 NORMAL: 0.7927873134613037, 0.5029457211494446, 0.3442873954772949
vb0[868]+024 TANGENT: 0.5212998986244202, 0.13186846673488617, 0.8431234359741211, -1.0
vb0[868]+040 BLENDWEIGHTS: 0.7749592661857605, 0.16302914917469025, 0.03633726388216019, 0.02567431703209877
vb0[868]+056 BLENDINDICES: 7, 0, 1, 2
vb0[868]+072 COLOR: 1.0, 0.5019607843137255, 0.5019607843137255, 0.4
vb0[868]+076 TEXCOORD: 0.40895938873291016, 0.5628757476806641
vb0[868]+084 TEXCOORD1: 0.20402604341506958, 0.8881652355194092

vb0[869]+000 POSITION: 0.0, 1.2902300357818604, 0.1633949875831604
vb0[869]+012 NORMAL: 0.7920602560043335, 0.5028494000434875, 0.3460969030857086
vb0[869]+024 TANGENT: 0.0, -0.014831542037427425, 0.9998899698257446, -1.0
vb0[869]+040 BLENDWEIGHTS: 0.9172549843788147, 0.042282551527023315, 0.04046246409416199, 0.0
vb0[869]+056 BLENDINDICES: 7, 2, 0, 0
vb0[869]+072 COLOR: 1.0, 0.5019607843137255, 0.5019607843137255, 0.4
vb0[869]+076 TEXCOORD: 0.40250301361083984, 0.555849015712738
vb0[869]+084 TEXCOORD1: 0.20402604341506958, 0.8881652355194092

vb0[870]+000 POSITION: -0.005552916321903467, 1.2988020181655884, 0.16364897787570953
vb0[870]+012 NORMAL: 0.7927758097648621, 0.5029442310333252, 0.3443162739276886
vb0[870]+024 TANGENT: 0.6009825468063354, 0.6360398530960083, -0.48401790857315063, -1.0
vb0[870]+040 BLENDWEIGHTS: 0.7766160368919373, 0.1626000702381134, 0.03532705083489418, 0.02545684576034546
vb0[870]+056 BLENDINDICES: 7, 0, 1, 2
vb0[870]+072 COLOR: 1.0, 0.5019607843137255, 0.5019607843137255, 0.4
vb0[870]+076 TEXCOORD: 0.4068150520324707, 0.5648406744003296
vb0[870]+084 TEXCOORD1: 0.20402604341506958, 0.8881652355194092

vb0[871]+000 POSITION: -0.01079715508967638, 1.3056482076644897, 0.16572721302509308
vb0[871]+012 NORMAL: 0.7942192554473877, 0.49201759696006775, 0.3565591275691986
vb0[871]+024 TANGENT: 0.5787738561630249, 0.6253486275672913, -0.523411750793457, -1.0
vb0[871]+040 BLENDWEIGHTS: 0.6553665399551392, 0.2561390995979309, 0.07475842535495758, 0.013735933229327202
vb0[871]+056 BLENDINDICES: 7, 0, 1, 2
vb0[871]+072 COLOR: 1.0, 0.5019607843137255, 0.5019607843137255, 0.4
vb0[871]+076 TEXCOORD: 0.41206932067871094, 0.570694088935852
vb0[871]+084 TEXCOORD1: 0.20402604341506958, 0.8881652355194092

vb0[872]+000 POSITION: -0.011457554064691067, 1.3053523302078247, 0.16771216690540314
vb0[872]+012 NORMAL: 0.7944056391716003, 0.48736006021499634, 0.3624913692474365
vb0[872]+024 TANGENT: 0.5544803142547607, 0.14966058731079102, 0.8186289072036743, -1.0
vb0[872]+040 BLENDWEIGHTS: 0.6492274403572083, 0.260500967502594, 0.07789511978626251, 0.012376474216580391
vb0[872]+056 BLENDINDICES: 7, 0, 1, 2
vb0[872]+072 COLOR: 1.0, 0.5019607843137255, 0.5019607843137255, 0.4
vb0[872]+076 TEXCOORD: 0.4150569438934326, 0.569511890411377
vb0[872]+084 TEXCOORD1: 0.20402604341506958, 0.8881652355194092

vb0[873]+000 POSITION: -0.016230205073952675, 1.3132129907608032, 0.16781015694141388
vb0[873]+012 NORMAL: 0.7946449518203735, 0.47780081629753113, 0.3744940757751465
vb0[873]+024 TANGENT: 0.8052428960800171, -0.11302243918180466, -0.5820738077163696, -1.0
vb0[873]+040 BLENDWEIGHTS: 0.5374829769134521, 0.3474253714084625, 0.1112513318657875, 0.003840319812297821
vb0[873]+056 BLENDINDICES: 7, 0, 1, 2
vb0[873]+072 COLOR: 1.0, 0.5019607843137255, 0.5019607843137255, 0.4
vb0[873]+076 TEXCOORD: 0.4178755283355713, 0.5771620273590088
vb0[873]+084 TEXCOORD1: 0.20402604341506958, 0.8881652355194092

vb0[874]+000 POSITION: -0.017606792971491814, 1.3134684562683105, 0.17019858956336975
vb0[874]+012 NORMAL: 0.7946449518203735, 0.4778009355068207, 0.37449410557746887
vb0[874]+024 TANGENT: 0.43269333243370056, 0.21499119699001312, 0.8755313754081726, -1.0
vb0[874]+040 BLENDWEIGHTS: 0.5226540565490723, 0.35247349739074707, 0.1220761090517044, 0.0027962527237832546
vb0[874]+056 BLENDINDICES: 7, 0, 1, 2
vb0[874]+072 COLOR: 1.0, 0.5019607843137255, 0.5019607843137255, 0.4
vb0[874]+076 TEXCOORD: 0.4217946529388428, 0.5768447518348694
vb0[874]+084 TEXCOORD1: 0.20402604341506958, 0.8881652355194092

vb0[875]+000 POSITION: -0.00757243437692523, 1.3387222290039062, 0.14629016816616058
vb0[875]+012 NORMAL: -0.7698260545730591, 0.14160999655723572, 0.6223459243774414
vb0[875]+024 TANGENT: -0.8797712922096252, -0.3732215166091919, -0.2944626808166504, -1.0
vb0[875]+040 BLENDWEIGHTS: 0.8897698521614075, 0.06787513196468353, 0.03493105247616768, 0.007423967123031616
vb0[875]+056 BLENDINDICES: 7, 0, 2, 1
vb0[875]+072 COLOR: 1.0, 0.5019607843137255, 0.5019607843137255, 0.4
vb0[875]+076 TEXCOORD: 0.41367292404174805, 0.6075550317764282
vb0[875]+084 TEXCOORD1: 0.20402604341506958, 0.8881652355194092

vb0[876]+000 POSITION: -0.011203759349882603, 1.349902868270874, 0.1392541229724884
vb0[876]+012 NORMAL: -0.7937094569206238, 0.11810532957315445, 0.5967214107513428
vb0[876]+024 TANGENT: -0.2937350869178772, 0.5154344439506531, 0.8050137758255005, -1.0
vb0[876]+040 BLENDWEIGHTS: 0.9074214100837708, 0.05490516871213913, 0.02580176293849945, 0.011871668510138988
vb0[876]+056 BLENDINDICES: 7, 0, 2, 1
vb0[876]+072 COLOR: 1.0, 0.5019607843137255, 0.5019607843137255, 0.4
vb0[876]+076 TEXCOORD: 0.4152703285217285, 0.61920166015625
vb0[876]+084 TEXCOORD1: 0.20402604341506958, 0.8881652355194092

vb0[877]+000 POSITION: -0.012219024822115898, 1.3482009172439575, 0.13825997710227966
vb0[877]+012 NORMAL: -0.7898284792900085, 0.12203586101531982, 0.6010642051696777
vb0[877]+024 TANGENT: -0.8897151350975037, -0.4548673629760742, -0.0387648344039917, -1.0
vb0[877]+040 BLENDWEIGHTS: 0.9062924385070801, 0.05503041297197342, 0.026976414024829865, 0.011700747534632683
vb0[877]+056 BLENDINDICES: 7, 0, 2, 1
vb0[877]+072 COLOR: 1.0, 0.5019607843137255, 0.5019607843137255, 0.4
vb0[877]+076 TEXCOORD: 0.41777896881103516, 0.617866039276123
vb0[877]+084 TEXCOORD1: 0.20402604341506958, 0.8881652355194092

vb0[878]+000 POSITION: -0.006211770232766867, 1.339789867401123, 0.1476048082113266
vb0[878]+012 NORMAL: -0.7698260545730591, 0.14160999655723572, 0.6223459243774414
vb0[878]+024 TANGENT: -0.28703737258911133, 0.7284475564956665, 0.6220722198486328, -1.0
vb0[878]+040 BLENDWEIGHTS: 0.8915322422981262, 0.06348709762096405, 0.0384613536298275, 0.006519310176372528
vb0[878]+056 BLENDINDICES: 7, 0, 2, 1
vb0[878]+072 COLOR: 1.0, 0.5019607843137255, 0.5019607843137255, 0.4
vb0[878]+076 TEXCOORD: 0.4105057716369629, 0.6076551079750061
vb0[878]+084 TEXCOORD1: 0.20402604341506958, 0.8881652355194092

vb0[879]+000 POSITION: -0.0154896704480052, 1.355289101600647, 0.1322527676820755
vb0[879]+012 NORMAL: -0.8313969373703003, 0.09723177552223206, 0.5471062064170837
vb0[879]+024 TANGENT: -0.8832547664642334, -0.46600088477134705, -0.052002549171447754, -1.0
vb0[879]+040 BLENDWEIGHTS: 0.9449609518051147, 0.040584396570920944, 0.014454662799835205, 0.0
vb0[879]+056 BLENDINDICES: 7, 0, 1, 0
vb0[879]+072 COLOR: 1.0, 0.5019607843137255, 0.5019607843137255, 0.4
vb0[879]+076 TEXCOORD: 0.42093896865844727, 0.6258006691932678
vb0[879]+084 TEXCOORD1: 0.20402604341506958, 0.8881652355194092

vb0[880]+000 POSITION: -0.014847906306385994, 1.3586918115615845, 0.13275107741355896
vb0[880]+012 NORMAL: -0.8533909916877747, 0.0976947620511055, 0.5120347738265991
vb0[880]+024 TANGENT: 0.5299480557441711, 0.18117663264274597, 0.8284503817558289, -1.0
vb0[880]+040 BLENDWEIGHTS: 0.9189468622207642, 0.06699641048908234, 0.014056737534701824, 0.0
vb0[880]+056 BLENDINDICES: 7, 0, 1, 0
vb0[880]+072 COLOR: 1.0, 0.2, 0.5019607843137255, 0.5019607843137255
vb0[880]+076 TEXCOORD: 0.41898107528686523, 0.6284558176994324
vb0[880]+084 TEXCOORD1: 0.20402604341506958, 0.8881652355194092

vb0[881]+000 POSITION: -0.01887974515557289, 1.3633719682693481, 0.12411627173423767
vb0[881]+012 NORMAL: -0.8802956938743591, 0.09805034101009369, 0.46418264508247375
vb0[881]+024 TANGENT: -0.1801118701696396, -0.8274041414260864, -0.5319417119026184, -1.0
vb0[881]+040 BLENDWEIGHTS: 0.9790707230567932, 0.020929280668497086, 0.0, 0.0
vb0[881]+056 BLENDINDICES: 7, 0, 0, 0
vb0[881]+072 COLOR: 1.0, 0.2, 0.5019607843137255, 0.5019607843137255
vb0[881]+076 TEXCOORD: 0.42220091819763184, 0.628860354423523
vb0[881]+084 TEXCOORD1: 0.20402604341506958, 0.8881652355194092

vb0[882]+000 POSITION: 0.0, 1.333933711051941, 0.1500009149312973
vb0[882]+012 NORMAL: 0.8324273824691772, -0.2720065116882324, 0.48278048634529114
vb0[882]+024 TANGENT: 0.0, -0.9187501668930054, -0.3948393762111664, -1.0
vb0[882]+040 BLENDWEIGHTS: 0.888981282711029, 0.06378291547298431, 0.04723580554127693, 0.0
vb0[882]+056 BLENDINDICES: 7, 0, 2, 0
vb0[882]+072 COLOR: 1.0, 0.5019607843137255, 0.5019607843137255, 0.4
vb0[882]+076 TEXCOORD: 0.4037740230560303, 0.5999491810798645
vb0[882]+084 TEXCOORD1: 0.20402604341506958, 0.8881652355194092

vb0[883]+000 POSITION: -0.007626149337738752, 1.326776146888733, 0.1591176688671112
vb0[883]+012 NORMAL: 0.8404303789138794, -0.26573890447616577, 0.47229188680648804
vb0[883]+024 TANGENT: 0.553394079208374, 0.2368333339691162, 0.7985392808914185, -1.0
vb0[883]+040 BLENDWEIGHTS: 0.7093240022659302, 0.21284852921962738, 0.05022634565830231, 0.027601126581430435
vb0[883]+056 BLENDINDICES: 7, 0, 1, 2
vb0[883]+072 COLOR: 1.0, 0.5019607843137255, 0.5019607843137255, 0.4
vb0[883]+076 TEXCOORD: 0.41223716735839844, 0.5921331644058228
vb0[883]+084 TEXCOORD1: 0.20402604341506958, 0.8881652355194092

vb0[884]+000 POSITION: -0.007288639899343252, 1.3248980045318604, 0.1574261635541916
vb0[884]+012 NORMAL: 0.8412367105484009, -0.26509639620780945, 0.4712163209915161
vb0[884]+024 TANGENT: 0.6040411591529846, -0.7424730658531189, -0.28959977626800537, -1.0
vb0[884]+040 BLENDWEIGHTS: 0.7103627920150757, 0.21433348953723907, 0.049252960830926895, 0.026050759479403496
vb0[884]+056 BLENDINDICES: 7, 0, 1, 2
vb0[884]+072 COLOR: 1.0, 0.5019607843137255, 0.5019607843137255, 0.4
vb0[884]+076 TEXCOORD: 0.4097166061401367, 0.5903460383415222
vb0[884]+084 TEXCOORD1: 0.20402604341506958, 0.8881652355194092

vb0[885]+000 POSITION: 0.0, 1.3366808891296387, 0.15149733424186707
vb0[885]+012 NORMAL: 0.832427442073822, -0.2720065414905548, 0.48278045654296875
vb0[885]+024 TANGENT: 0.0, 0.5505539178848267, 0.8347996473312378, -1.0
vb0[885]+040 BLENDWEIGHTS: 0.8900213241577148, 0.06146344542503357, 0.04851523041725159, 0.0
vb0[885]+056 BLENDINDICES: 7, 0, 2, 0
vb0[885]+072 COLOR: 1.0, 0.5019607843137255, 0.5019607843137255, 0.4
vb0[885]+076 TEXCOORD: 0.4050002098083496, 0.6027961373329163
vb0[885]+084 TEXCOORD1: 0.20402604341506958, 0.8881652355194092

vb0[886]+000 POSITION: -0.012495812959969044, 1.3180911540985107, 0.16340047121047974
vb0[886]+012 NORMAL: 0.8515084385871887, -0.24661710858345032, 0.4627240002155304
vb0[886]+024 TANGENT: 0.6003491878509521, -0.7385322451591492, -0.30684030055999756, -1.0
vb0[886]+040 BLENDWEIGHTS: 0.6001314520835876, 0.29719609022140503, 0.0920792669057846, 0.010593200102448463
vb0[886]+056 BLENDINDICES: 7, 0, 1, 2
vb0[886]+072 COLOR: 1.0, 0.5019607843137255, 0.5019607843137255, 0.4
vb0[886]+076 TEXCOORD: 0.4146270751953125, 0.5824111104011536
vb0[886]+084 TEXCOORD1: 0.20402604341506958, 0.8881652355194092

vb0[887]+000 POSITION: -0.013068622909486294, 1.3192675113677979, 0.1651352345943451
vb0[887]+012 NORMAL: 0.8505088686943054, -0.24313026666641235, 0.4663929045200348
vb0[887]+024 TANGENT: 0.5936116576194763, 0.20651604235172272, 0.7778022289276123, -1.0
vb0[887]+040 BLENDWEIGHTS: 0.5945687890052795, 0.2990136742591858, 0.09629594534635544, 0.010121596045792103
vb0[887]+056 BLENDINDICES: 7, 0, 1, 2
vb0[887]+072 COLOR: 1.0, 0.5019607843137255, 0.5019607843137255, 0.4
vb0[887]+076 TEXCOORD: 0.41750049591064453, 0.583747148513794
vb0[887]+084 TEXCOORD1: 0.20402604341506958, 0.8881652355194092

vb0[888]+000 POSITION: -0.016230205073952675, 1.3132129907608032, 0.16781015694141388
vb0[888]+012 NORMAL: 0.846542477607727, -0.22994422912597656, 0.4800952076911926
vb0[888]+024 TANGENT: 0.8052428960800171, -0.11302243918180466, -0.5820738077163696, -1.0
vb0[888]+040 BLENDWEIGHTS: 0.5374829769134521, 0.3474253714084625, 0.1112513318657875, 0.003840319812297821
vb0[888]+056 BLENDINDICES: 7, 0, 1, 2
vb0[888]+072 COLOR: 1.0, 0.5019607843137255, 0.5019607843137255, 0.4
vb0[888]+076 TEXCOORD: 0.4178755283355713, 0.5771620273590088
vb0[888]+084 TEXCOORD1: 0.20402604341506958, 0.8881652355194092

vb0[889]+000 POSITION: -0.017606792971491814, 1.3134684562683105, 0.17019858956336975
vb0[889]+012 NORMAL: 0.846542477607727, -0.22994425892829895, 0.4800952672958374
vb0[889]+024 TANGENT: 0.43269333243370056, 0.21499119699001312, 0.8755313754081726, -1.0
vb0[889]+040 BLENDWEIGHTS: 0.5226540565490723, 0.35247349739074707, 0.1220761090517044, 0.0027962527237832546
vb0[889]+056 BLENDINDICES: 7, 0, 1, 2
vb0[889]+072 COLOR: 1.0, 0.5019607843137255, 0.5019607843137255, 0.4
vb0[889]+076 TEXCOORD: 0.4217946529388428, 0.5768447518348694
vb0[889]+084 TEXCOORD1: 0.20402604341506958, 0.8881652355194092

vb0[890]+000 POSITION: -0.00757243437692523, 1.3387222290039062, 0.14629016816616058
vb0[890]+012 NORMAL: -0.7169283628463745, 0.6700042486190796, 0.19263464212417603
vb0[890]+024 TANGENT: -0.8797712922096252, -0.3732215166091919, -0.2944626808166504, -1.0
vb0[890]+040 BLENDWEIGHTS: 0.8897698521614075, 0.06787513196468353, 0.03493105247616768, 0.007423967123031616
vb0[890]+056 BLENDINDICES: 7, 0, 2, 1
vb0[890]+072 COLOR: 1.0, 0.5019607843137255, 0.5019607843137255, 0.4
vb0[890]+076 TEXCOORD: 0.41367292404174805, 0.6075550317764282
vb0[890]+084 TEXCOORD1: 0.20402604341506958, 0.8881652355194092

vb0[891]+000 POSITION: -0.01268100831657648, 1.3304221630096436, 0.15614411234855652
vb0[891]+012 NORMAL: -0.6970406770706177, 0.6845012307167053, 0.21352367103099823
vb0[891]+024 TANGENT: -0.391242653131485, 0.7441177368164062, 0.5414960980415344, -1.0
vb0[891]+040 BLENDWEIGHTS: 0.6805983185768127, 0.2322431206703186, 0.0658775344491005, 0.021281026303768158
vb0[891]+056 BLENDINDICES: 7, 0, 1, 2
vb0[891]+072 COLOR: 1.0, 0.5019607843137255, 0.5019607843137255, 0.4
vb0[891]+076 TEXCOORD: 0.41662025451660156, 0.5965121984481812
vb0[891]+084 TEXCOORD1: 0.20402604341506958, 0.8881652355194092

vb0[892]+000 POSITION: -0.006211770232766867, 1.339789867401123, 0.1476048082113266
vb0[892]+012 NORMAL: -0.7169283628463745, 0.6700042486190796, 0.19263464212417603
vb0[892]+024 TANGENT: -0.28703737258911133, 0.7284475564956665, 0.6220722198486328, -1.0
vb0[892]+040 BLENDWEIGHTS: 0.8915322422981262, 0.06348709762096405, 0.0384613536298275, 0.006519310176372528
vb0[892]+056 BLENDINDICES: 7, 0, 2, 1
vb0[892]+072 COLOR: 1.0, 0.5019607843137255, 0.5019607843137255, 0.4
vb0[892]+076 TEXCOORD: 0.4105057716369629, 0.6076551079750061
vb0[892]+084 TEXCOORD1: 0.20402604341506958, 0.8881652355194092

vb0[893]+000 POSITION: -0.013587047345936298, 1.3298734426498413, 0.15464510023593903
vb0[893]+012 NORMAL: -0.6990367770195007, 0.6831015348434448, 0.2114708423614502
vb0[893]+024 TANGENT: -0.8170533180236816, 0.0643620491027832, -0.5729584693908691, -1.0
vb0[893]+040 BLENDWEIGHTS: 0.6851394772529602, 0.22984635829925537, 0.06279399991035461, 0.022220170125365257
vb0[893]+056 BLENDINDICES: 7, 0, 1, 2
vb0[893]+072 COLOR: 1.0, 0.5019607843137255, 0.5019607843137255, 0.4
vb0[893]+076 TEXCOORD: 0.41906094551086426, 0.5978519916534424
vb0[893]+084 TEXCOORD1: 0.20402604341506958, 0.8881652355194092

vb0[894]+000 POSITION: -0.019858818501234055, 1.3212151527404785, 0.1628914475440979
vb0[894]+012 NORMAL: -0.6521573066711426, 0.7130352258682251, 0.25743260979652405
vb0[894]+024 TANGENT: -0.8374878168106079, 0.1294451802968979, -0.530903160572052, -1.0
vb0[894]+040 BLENDWEIGHTS: 0.5549587607383728, 0.3189672529697418, 0.11742515116930008, 0.008648831397294998
vb0[894]+056 BLENDINDICES: 7, 0, 1, 2
vb0[894]+072 COLOR: 1.0, 0.5019607843137255, 0.5019607843137255, 0.4
vb0[894]+076 TEXCOORD: 0.42484116554260254, 0.5874422788619995
vb0[894]+084 TEXCOORD1: 0.20402604341506958, 0.8881652355194092

vb0[895]+000 POSITION: -0.01885402202606201, 1.3215436935424805, 0.16427597403526306
vb0[895]+012 NORMAL: -0.6490769386291504, 0.7148028612136841, 0.2602999806404114
vb0[895]+024 TANGENT: -0.300068736076355, 0.7459022998809814, 0.5946330428123474, -1.0
vb0[895]+040 BLENDWEIGHTS: 0.5516374707221985, 0.32163792848587036, 0.11906695365905762, 0.007657650392502546
vb0[895]+056 BLENDINDICES: 7, 0, 1, 2
vb0[895]+072 COLOR: 1.0, 0.5019607843137255, 0.5019607843137255, 0.4
vb0[895]+076 TEXCOORD: 0.42267322540283203, 0.5860732197761536
vb0[895]+084 TEXCOORD1: 0.20402604341506958, 0.8881652355194092

vb0[896]+000 POSITION: -0.025749661028385162, 1.3132665157318115, 0.1703888326883316
vb0[896]+012 NORMAL: -0.6232811808586121, 0.7287485003471375, 0.28363037109375
vb0[896]+024 TANGENT: -0.9942398071289062, -0.051200270652770996, -0.09415853023529053, -1.0
vb0[896]+040 BLENDWEIGHTS: 0.4750906825065613, 0.36186131834983826, 0.16304801404476166, 0.0
vb0[896]+056 BLENDINDICES: 7, 0, 1, 0
vb0[896]+072 COLOR: 1.0, 0.5019607843137255, 0.5019607843137255, 0.4
vb0[896]+076 TEXCOORD: 0.43120574951171875, 0.5759807229042053
vb0[896]+084 TEXCOORD1: 0.20402604341506958, 0.8881652355194092

vb0[897]+000 POSITION: -0.02468571439385414, 1.313557505607605, 0.17195817828178406
vb0[897]+012 NORMAL: -0.6232812404632568, 0.7287484407424927, 0.2836304008960724
vb0[897]+024 TANGENT: -0.4371657371520996, 0.14992915093898773, 0.8867961168289185, -1.0
vb0[897]+040 BLENDWEIGHTS: 0.47291991114616394, 0.36320194602012634, 0.16387812793254852, 0.0
vb0[897]+056 BLENDINDICES: 7, 0, 1, 0
vb0[897]+072 COLOR: 1.0, 0.5019607843137255, 0.5019607843137255, 0.4
vb0[897]+076 TEXCOORD: 0.4282402992248535, 0.5762330889701843
vb0[897]+084 TEXCOORD1: 0.20402604341506958, 0.8881652355194092

vb0[898]+000 POSITION: -0.007487112656235695, 1.287760615348816, 0.15987958014011383
vb0[898]+012 NORMAL: -0.6317428350448608, -0.633410632610321, 0.44686901569366455
vb0[898]+024 TANGENT: -0.6969321966171265, 0.3032418489456177, -0.6498691439628601, -1.0
vb0[898]+040 BLENDWEIGHTS: 0.9015234708786011, 0.05944119766354561, 0.02665429189801216, 0.012381041422486305
vb0[898]+056 BLENDINDICES: 7, 0, 2, 1
vb0[898]+072 COLOR: 1.0, 0.5019607843137255, 0.5019607843137255, 0.4
vb0[898]+076 TEXCOORD: 0.4105391502380371, 0.551258385181427
vb0[898]+084 TEXCOORD1: 0.20402604341506958, 0.8881652355194092

vb0[899]+000 POSITION: -0.012163055129349232, 1.2961939573287964, 0.16522233188152313
vb0[899]+012 NORMAL: -0.61489337682724, -0.6309347748756409, 0.4731040298938751
vb0[899]+024 TANGENT: -0.31404295563697815, -0.5134700536727905, 0.7985771894454956, -1.0
vb0[899]+040 BLENDWEIGHTS: 0.7315280437469482, 0.2043674737215042, 0.047222502529621124, 0.01688198372721672
vb0[899]+056 BLENDINDICES: 7, 0, 1, 2
vb0[899]+072 COLOR: 1.0, 0.5019607843137255, 0.5019607843137255, 0.4
vb0[899]+076 TEXCOORD: 0.41431140899658203, 0.5599759221076965
vb0[899]+084 TEXCOORD1: 0.20402604341506958, 0.8881652355194092

vb0[900]+000 POSITION: -0.013559218496084213, 1.2960965633392334, 0.16333499550819397
vb0[900]+012 NORMAL: -0.6135545372962952, -0.6307158470153809, 0.47512978315353394
vb0[900]+024 TANGENT: -0.7710473537445068, -0.36747512221336365, -0.5200461745262146, -1.0
vb0[900]+040 BLENDWEIGHTS: 0.7273930311203003, 0.2069217562675476, 0.049967799335718155, 0.015717407688498497
vb0[900]+056 BLENDINDICES: 7, 0, 1, 2
vb0[900]+072 COLOR: 1.0, 0.5019607843137255, 0.5019607843137255, 0.4
vb0[900]+076 TEXCOORD: 0.41745567321777344, 0.5595322847366333
vb0[900]+084 TEXCOORD1: 0.20402604341506958, 0.8881652355194092

vb0[901]+000 POSITION: -0.005863843020051718, 1.2874594926834106, 0.16197165846824646
vb0[901]+012 NORMAL: -0.6317428946495056, -0.633410632610321, 0.44686898589134216
vb0[901]+024 TANGENT: -0.3398733139038086, -0.2687060832977295, 0.9012675285339355, -1.0
vb0[901]+040 BLENDWEIGHTS: 0.9057965874671936, 0.04773710295557976, 0.034575991332530975, 0.011890319176018238
vb0[901]+056 BLENDINDICES: 7, 0, 2, 1
vb0[901]+072 COLOR: 1.0, 0.5019607843137255, 0.5019607843137255, 0.4
vb0[901]+076 TEXCOORD: 0.4073050022125244, 0.5517981648445129
vb0[901]+084 TEXCOORD1: 0.20402604341506958, 0.8881652355194092

vb0[902]+000 POSITION: -0.018112104386091232, 1.3044427633285522, 0.16834326088428497
vb0[902]+012 NORMAL: -0.5861908793449402, -0.6252583265304565, 0.515201210975647
vb0[902]+024 TANGENT: -0.25010058283805847, -0.4850129783153534, 0.8379809260368347, -1.0
vb0[902]+040 BLENDWEIGHTS: 0.6011828780174255, 0.288309782743454, 0.10624349117279053, 0.004263855051249266
vb0[902]+056 BLENDINDICES: 7, 0, 1, 2
vb0[902]+072 COLOR: 1.0, 0.5019607843137255, 0.5019607843137255, 0.4
vb0[902]+076 TEXCOORD: 0.4209284782409668, 0.567699134349823
vb0[902]+084 TEXCOORD1: 0.20402604341506958, 0.8881652355194092

vb0[903]+000 POSITION: -0.01930122822523117, 1.3041120767593384, 0.16667450964450836
vb0[903]+012 NORMAL: -0.5866063237190247, -0.6253671050071716, 0.5145959258079529
vb0[903]+024 TANGENT: -0.7876356840133667, -0.41720280051231384, -0.4534003436565399, -1.0
vb0[903]+040 BLENDWEIGHTS: 0.6024428009986877, 0.28660422563552856, 0.10665125399827957, 0.004301806911826134
vb0[903]+056 BLENDINDICES: 7, 0, 1, 2
vb0[903]+072 COLOR: 1.0, 0.5019607843137255, 0.5019607843137255, 0.4
vb0[903]+076 TEXCOORD: 0.42398786544799805, 0.5673463344573975
vb0[903]+084 TEXCOORD1: 0.20402604341506958, 0.8881652355194092

vb0[904]+000 POSITION: -0.025749661028385162, 1.3132665157318115, 0.1703888326883316
vb0[904]+012 NORMAL: -0.5803523063659668, -0.6237024068832397, 0.5236283540725708
vb0[904]+024 TANGENT: -0.9942398071289062, -0.051200270652770996, -0.09415853023529053, -1.0
vb0[904]+040 BLENDWEIGHTS: 0.4750906825065613, 0.36186131834983826, 0.16304801404476166, 0.0
vb0[904]+056 BLENDINDICES: 7, 0, 1, 0
vb0[904]+072 COLOR: 1.0, 0.5019607843137255, 0.5019607843137255, 0.4
vb0[904]+076 TEXCOORD: 0.43120574951171875, 0.5759807229042053
vb0[904]+084 TEXCOORD1: 0.20402604341506958, 0.8881652355194092

vb0[905]+000 POSITION: -0.02468571439385414, 1.313557505607605, 0.17195817828178406
vb0[905]+012 NORMAL: -0.5803523063659668, -0.623702347278595, 0.523628294467926
vb0[905]+024 TANGENT: -0.4371657371520996, 0.14992915093898773, 0.8867961168289185, -1.0
vb0[905]+040 BLENDWEIGHTS: 0.47291991114616394, 0.36320194602012634, 0.16387812793254852, 0.0
vb0[905]+056 BLENDINDICES: 7, 0, 1, 0
vb0[905]+072 COLOR: 1.0, 0.5019607843137255, 0.5019607843137255, 0.4
vb0[905]+076 TEXCOORD: 0.4282402992248535, 0.5762330889701843
vb0[905]+084 TEXCOORD1: 0.20402604341506958, 0.8881652355194092

vb0[906]+000 POSITION: -0.011704151518642902, 1.435660481452942, 0.054082464426755905
vb0[906]+012 NORMAL: -0.9062910079956055, -0.1005232036113739, 0.41052594780921936
vb0[906]+024 TANGENT: -0.6730958223342896, -0.2654463052749634, -0.6902754902839661, -1.0
vb0[906]+040 BLENDWEIGHTS: 0.5105203986167908, 0.48947960138320923, 0.0, 0.0
vb0[906]+056 BLENDINDICES: 7, 4, 0, 0
vb0[906]+072 COLOR: 1.0, 0.5019607843137255, 0.5019607843137255, 0.4
vb0[906]+076 TEXCOORD: 0.3284330368041992, 0.6062510013580322
vb0[906]+084 TEXCOORD1: 0.20402604341506958, 0.8881652355194092

vb0[907]+000 POSITION: -0.011623727157711983, 1.44425368309021, 0.05490143224596977
vb0[907]+012 NORMAL: -0.9291122555732727, 0.09876345843076706, 0.3563654124736786
vb0[907]+024 TANGENT: -0.7807351350784302, 0.06990742683410645, 0.6209392547607422, -1.0
vb0[907]+040 BLENDWEIGHTS: 0.6746066808700562, 0.32539328932762146, 0.0, 0.0
vb0[907]+056 BLENDINDICES: 4, 7, 0, 0
vb0[907]+072 COLOR: 1.0, 0.5019607843137255, 0.5019607843137255, 0.4
vb0[907]+076 TEXCOORD: 0.3183715343475342, 0.610785722732544
vb0[907]+084 TEXCOORD1: 0.20402604341506958, 0.8881652355194092

vb0[908]+000 POSITION: -0.012297378852963448, 1.4442930221557617, 0.05311379209160805
vb0[908]+012 NORMAL: -0.9292139410972595, 0.07780209183692932, 0.3612593412399292
vb0[908]+024 TANGENT: -0.679387629032135, 0.08592318743467331, -0.7287314534187317, -1.0
vb0[908]+040 BLENDWEIGHTS: 0.674055814743042, 0.3259442150592804, 0.0, 0.0
vb0[908]+056 BLENDINDICES: 4, 7, 0, 0
vb0[908]+072 COLOR: 1.0, 0.5019607843137255, 0.5019607843137255, 0.4
vb0[908]+076 TEXCOORD: 0.31926798820495605, 0.6123171448707581
vb0[908]+084 TEXCOORD1: 0.20402604341506958, 0.8881652355194092

vb0[909]+000 POSITION: -0.010974101722240448, 1.4359475374221802, 0.05572116747498512
vb0[909]+012 NORMAL: -0.9068414568901062, -0.09845636785030365, 0.40981096029281616
vb0[909]+024 TANGENT: -0.7660342454910278, -0.032755255699157715, 0.6419646143913269, -1.0
vb0[909]+040 BLENDWEIGHTS: 0.5037968754768372, 0.49620309472084045, 0.0, 0.0
vb0[909]+056 BLENDINDICES: 7, 4, 0, 0
vb0[909]+072 COLOR: 1.0, 0.5019607843137255, 0.5019607843137255, 0.4
vb0[909]+076 TEXCOORD: 0.32730960845947266, 0.6049086451530457
vb0[909]+084 TEXCOORD1: 0.20402604341506958, 0.8881652355194092

vb0[910]+000 POSITION: -0.008557447232306004, 1.4280511140823364, 0.05663905665278435
vb0[910]+012 NORMAL: -0.8744403123855591, -0.19289781153202057, 0.44513437151908875
vb0[910]+024 TANGENT: -0.6869656443595886, -0.38607919216156006, -0.6156469583511353, -1.0
vb0[910]+040 BLENDWEIGHTS: 0.7022974491119385, 0.2977025508880615, 0.0, 0.0
vb0[910]+056 BLENDINDICES: 7, 4, 0, 0
vb0[910]+072 COLOR: 1.0, 0.5019607843137255, 0.5019607843137255, 0.4
vb0[910]+076 TEXCOORD: 0.33479833602905273, 0.5983522534370422
vb0[910]+084 TEXCOORD1: 0.20402604341506958, 0.8881652355194092

vb0[911]+000 POSITION: -0.007977256551384926, 1.4286718368530273, 0.058139391243457794
vb0[911]+012 NORMAL: -0.8742454648017883, -0.19320210814476013, 0.44538503885269165
vb0[911]+024 TANGENT: -0.6709033250808716, -0.06698042899370193, 0.7385135889053345, -1.0
vb0[911]+040 BLENDWEIGHTS: 0.6954058408737183, 0.30459415912628174, 0.0, 0.0
vb0[911]+056 BLENDINDICES: 7, 4, 0, 0
vb0[911]+072 COLOR: 1.0, 0.5019607843137255, 0.5019607843137255, 0.4
vb0[911]+076 TEXCOORD: 0.33360934257507324, 0.5970954298973083
vb0[911]+084 TEXCOORD1: 0.20402604341506958, 0.8881652355194092

vb0[912]+000 POSITION: -0.004778476897627115, 1.4202468395233154, 0.060265425592660904
vb0[912]+012 NORMAL: -0.8684698939323425, -0.20208968222141266, 0.4526806175708771
vb0[912]+024 TANGENT: -0.6220753788948059, -0.35384613275527954, -0.6984376311302185, -1.0
vb0[912]+040 BLENDWEIGHTS: 0.8983384370803833, 0.10166159272193909, 0.0, 0.0
vb0[912]+056 BLENDINDICES: 7, 4, 0, 0
vb0[912]+072 COLOR: 1.0, 0.5019607843137255, 0.5019607843137255, 0.4
vb0[912]+076 TEXCOORD: 0.34020400047302246, 0.5902326703071594
vb0[912]+084 TEXCOORD1: 0.20402604341506958, 0.8881652355194092

vb0[913]+000 POSITION: -0.004163111560046673, 1.421074390411377, 0.06174975261092186
vb0[913]+012 NORMAL: -0.8684698939323425, -0.20208969712257385, 0.4526806175708771
vb0[913]+024 TANGENT: -0.49801191687583923, 0.453611820936203, 0.7390672564506531, -1.0
vb0[913]+040 BLENDWEIGHTS: 0.89638751745224, 0.10361246019601822, 0.0, 0.0
vb0[913]+056 BLENDINDICES: 7, 4, 0, 0
vb0[913]+072 COLOR: 1.0, 0.5019607843137255, 0.5019607843137255, 0.4
vb0[913]+076 TEXCOORD: 0.33954620361328125, 0.5885100960731506
vb0[913]+084 TEXCOORD1: 0.20402604341506958, 0.8881652355194092

vb0[914]+000 POSITION: -0.009423761628568172, 1.4531726837158203, 0.05502136051654816
vb0[914]+012 NORMAL: -0.896313488483429, 0.27555814385414124, 0.3474043011665344
vb0[914]+024 TANGENT: -0.6111801862716675, 0.42535969614982605, -0.6674786806106567, -1.0
vb0[914]+040 BLENDWEIGHTS: 0.8263401985168457, 0.17365983128547668, 0.0, 0.0
vb0[914]+056 BLENDINDICES: 4, 7, 0, 0
vb0[914]+072 COLOR: 1.0, 0.5019607843137255, 0.5019607843137255, 0.4
vb0[914]+076 TEXCOORD: 0.30835437774658203, 0.6140897870063782
vb0[914]+084 TEXCOORD1: 0.20402604341506958, 0.8881652355194092

vb0[915]+000 POSITION: -0.00897291675209999, 1.4525268077850342, 0.056673564016819
vb0[915]+012 NORMAL: -0.8925297856330872, 0.28443360328674316, 0.34998297691345215
vb0[915]+024 TANGENT: -0.7355300188064575, 0.1375284194946289, 0.6633864641189575, -1.0
vb0[915]+040 BLENDWEIGHTS: 0.8209911584854126, 0.1790088415145874, 0.0, 0.0
vb0[915]+056 BLENDINDICES: 4, 7, 0, 0
vb0[915]+072 COLOR: 1.0, 0.5019607843137255, 0.5019607843137255, 0.4
vb0[915]+076 TEXCOORD: 0.308164119720459, 0.6124187111854553
vb0[915]+084 TEXCOORD1: 0.20402604341506958, 0.8881652355194092

vb0[916]+000 POSITION: -0.0045704408548772335, 1.4608498811721802, 0.058792293071746826
vb0[916]+012 NORMAL: -0.8683990240097046, 0.3372567892074585, 0.36351197957992554
vb0[916]+024 TANGENT: -0.5483508110046387, 0.6357053518295288, -0.5433139801025391, -1.0
vb0[916]+040 BLENDWEIGHTS: 0.9168677926063538, 0.08313219994306564, 0.0, 0.0
vb0[916]+056 BLENDINDICES: 4, 7, 0, 0
vb0[916]+072 COLOR: 1.0, 0.5019607843137255, 0.5019607843137255, 0.4
vb0[916]+076 TEXCOORD: 0.2978477478027344, 0.6128395795822144
vb0[916]+084 TEXCOORD1: 0.20402604341506958, 0.8881652355194092

vb0[917]+000 POSITION: -0.004287727177143097, 1.459887981414795, 0.060239676386117935
vb0[917]+012 NORMAL: -0.8685486912727356, 0.3369789719581604, 0.363412082195282
vb0[917]+024 TANGENT: -0.6492070555686951, -0.001539289834909141, 0.760610044002533, -1.0
vb0[917]+040 BLENDWEIGHTS: 0.9105573892593384, 0.08944261819124222, 0.0, 0.0
vb0[917]+056 BLENDINDICES: 4, 7, 0, 0
vb0[917]+072 COLOR: 1.0, 0.5019607843137255, 0.5019607843137255, 0.4
vb0[917]+076 TEXCOORD: 0.29793787002563477, 0.6111646294593811
vb0[917]+084 TEXCOORD1: 0.20402604341506958, 0.8881652355194092

vb0[918]+000 POSITION: 0.0, 1.4665849208831787, 0.06453200429677963
vb0[918]+012 NORMAL: -0.876467227935791, 0.32196351885795593, 0.35797324776649475
vb0[918]+024 TANGENT: 0.0, 0.32659149169921875, 0.9451655745506287, -1.0
vb0[918]+040 BLENDWEIGHTS: 0.969246506690979, 0.030753493309020996, 0.0, 0.0
vb0[918]+056 BLENDINDICES: 4, 7, 0, 0
vb0[918]+072 COLOR: 1.0, 0.5019607843137255, 0.5019607843137255, 0.4
vb0[918]+076 TEXCOORD: 0.28830456733703613, 0.609958291053772
vb0[918]+084 TEXCOORD1: 0.20402604341506958, 0.8881652355194092

vb0[919]+000 POSITION: 0.0, 1.4678376913070679, 0.06333016604185104
vb0[919]+012 NORMAL: -0.8764671087265015, 0.3219635784626007, 0.3579731583595276
vb0[919]+024 TANGENT: 0.0, 0.9990636706352234, 0.043265700340270996, -1.0
vb0[919]+040 BLENDWEIGHTS: 0.9722041487693787, 0.027795860543847084, 0.0, 0.0
vb0[919]+056 BLENDINDICES: 4, 7, 0, 0
vb0[919]+072 COLOR: 1.0, 0.5019607843137255, 0.5019607843137255, 0.4
vb0[919]+076 TEXCOORD: 0.28829336166381836, 0.6116477847099304
vb0[919]+084 TEXCOORD1: 0.20402604341506958, 0.8881652355194092

vb0[920]+000 POSITION: -0.008307810872793198, 1.4152213335037231, 0.0657745897769928
vb0[920]+012 NORMAL: -0.7709334492683411, 0.6368650197982788, -0.008029459975659847
vb0[920]+024 TANGENT: -0.7896516919136047, -0.16155922412872314, -0.5919027328491211, -1.0
vb0[920]+040 BLENDWEIGHTS: 0.9580153822898865, 0.041984595358371735, 0.0, 0.0
vb0[920]+056 BLENDINDICES: 7, 4, 0, 0
vb0[920]+072 COLOR: 1.0, 0.5019607843137255, 0.5019607843137255, 0.4
vb0[920]+076 TEXCOORD: 0.34819746017456055, 0.5894139409065247
vb0[920]+084 TEXCOORD1: 0.20402604341506958, 0.8881652355194092

vb0[921]+000 POSITION: -0.004163111560046673, 1.421074390411377, 0.06174975261092186
vb0[921]+012 NORMAL: -0.8084325194358826, 0.5881492495536804, 0.022743016481399536
vb0[921]+024 TANGENT: -0.49801191687583923, 0.453611820936203, 0.7390672564506531, -1.0
vb0[921]+040 BLENDWEIGHTS: 0.89638751745224, 0.10361246019601822, 0.0, 0.0
vb0[921]+056 BLENDINDICES: 7, 4, 0, 0
vb0[921]+072 COLOR: 1.0, 0.5019607843137255, 0.5019607843137255, 0.4
vb0[921]+076 TEXCOORD: 0.33954620361328125, 0.5885100960731506
vb0[921]+084 TEXCOORD1: 0.20402604341506958, 0.8881652355194092

vb0[922]+000 POSITION: -0.004778476897627115, 1.4202468395233154, 0.060265425592660904
vb0[922]+012 NORMAL: -0.8084325194358826, 0.5881491899490356, 0.022743016481399536
vb0[922]+024 TANGENT: -0.6220753788948059, -0.35384613275527954, -0.6984376311302185, -1.0
vb0[922]+040 BLENDWEIGHTS: 0.8983384370803833, 0.10166159272193909, 0.0, 0.0
vb0[922]+056 BLENDINDICES: 7, 4, 0, 0
vb0[922]+072 COLOR: 1.0, 0.5019607843137255, 0.5019607843137255, 0.4
vb0[922]+076 TEXCOORD: 0.34020400047302246, 0.5902326703071594
vb0[922]+084 TEXCOORD1: 0.20402604341506958, 0.8881652355194092

vb0[923]+000 POSITION: -0.007609847001731396, 1.4160897731781006, 0.06711354851722717
vb0[923]+012 NORMAL: -0.7660736441612244, 0.642644464969635, -0.0118086664006114
vb0[923]+024 TANGENT: -0.38853558897972107, 0.8446789383888245, 0.3681814670562744, -1.0
vb0[923]+040 BLENDWEIGHTS: 0.9593342542648315, 0.04066576436161995, 0.0, 0.0
vb0[923]+056 BLENDINDICES: 7, 4, 0, 0
vb0[923]+072 COLOR: 1.0, 0.5019607843137255, 0.5019607843137255, 0.4
vb0[923]+076 TEXCOORD: 0.3482198715209961, 0.587116003036499
vb0[923]+084 TEXCOORD1: 0.20402604341506958, 0.8881652355194092

vb0[924]+000 POSITION: -0.013677646405994892, 1.4098398685455322, 0.0748467817902565
vb0[924]+012 NORMAL: -0.7701383233070374, 0.6377183794975281, 0.01421851385384798
vb0[924]+024 TANGENT: -0.8116088509559631, 0.018213393166661263, -0.5839172601699829, -1.0
vb0[924]+040 BLENDWEIGHTS: 1.0, 0.0, 0.0, 0.0
vb0[924]+056 BLENDINDICES: 7, 0, 0, 0
vb0[924]+072 COLOR: 1.0, 0.5019607843137255, 0.5019607843137255, 0.4
vb0[924]+076 TEXCOORD: 0.3605539798736572, 0.588148295879364
vb0[924]+084 TEXCOORD1: 0.20402604341506958, 0.8881652355194092

vb0[925]+000 POSITION: -0.012948062270879745, 1.4106651544570923, 0.07621093839406967
vb0[925]+012 NORMAL: -0.7708752155303955, 0.6368012428283691, 0.015350074507296085
vb0[925]+024 TANGENT: -0.37421178817749023, 0.8044718503952026, 0.46129223704338074, -1.0
vb0[925]+040 BLENDWEIGHTS: 1.0, 0.0, 0.0, 0.0
vb0[925]+056 BLENDINDICES: 7, 0, 0, 0
vb0[925]+072 COLOR: 1.0, 0.5019607843137255, 0.5019607843137255, 0.4
vb0[925]+076 TEXCOORD: 0.36072659492492676, 0.5860483646392822
vb0[925]+084 TEXCOORD1: 0.20402604341506958, 0.8881652355194092

vb0[926]+000 POSITION: -0.018926776945590973, 1.4020686149597168, 0.0821659043431282
vb0[926]+012 NORMAL: -0.7929128408432007, 0.6081681847572327, 0.03769215568900108
vb0[926]+024 TANGENT: -0.4896441400051117, 0.7263064384460449, 0.48241835832595825, -1.0
vb0[926]+040 BLENDWEIGHTS: 1.0, 0.0, 0.0, 0.0
vb0[926]+056 BLENDINDICES: 7, 0, 0, 0
vb0[926]+072 COLOR: 1.0, 0.5019607843137255, 0.5019607843137255, 0.4
vb0[926]+076 TEXCOORD: 0.3735785484313965, 0.5850000381469727
vb0[926]+084 TEXCOORD1: 0.20402604341506958, 0.8881652355194092

vb0[927]+000 POSITION: -0.019635731354355812, 1.4012523889541626, 0.0807947888970375
vb0[927]+012 NORMAL: -0.7918639183044434, 0.6097544431686401, 0.033925861120224
vb0[927]+024 TANGENT: -0.7032802700996399, -0.02460259012877941, -0.7104867696762085, -1.0
vb0[927]+040 BLENDWEIGHTS: 1.0, 0.0, 0.0, 0.0
vb0[927]+056 BLENDINDICES: 7, 0, 0, 0
vb0[927]+072 COLOR: 1.0, 0.5019607843137255, 0.5019607843137255, 0.4
vb0[927]+076 TEXCOORD: 0.37346887588500977, 0.586825430393219
vb0[927]+084 TEXCOORD1: 0.20402604341506958, 0.8881652355194092

vb0[928]+000 POSITION: -0.024678297340869904, 1.394776701927185, 0.08650312572717667
vb0[928]+012 NORMAL: -0.7835204601287842, 0.6213411092758179, 0.005570996552705765
vb0[928]+024 TANGENT: -0.16108502447605133, -0.11059868335723877, -0.9807239770889282, -1.0
vb0[928]+040 BLENDWEIGHTS: 1.0, 0.0, 0.0, 0.0
vb0[928]+056 BLENDINDICES: 7, 0, 0, 0
vb0[928]+072 COLOR: 1.0, 0.5019607843137255, 0.5019607843137255, 0.4
vb0[928]+076 TEXCOORD: 0.3836812973022461, 0.5857794284820557
vb0[928]+084 TEXCOORD1: 0.20402604341506958, 0.8881652355194092

vb0[929]+000 POSITION: -0.024631328880786896, 1.3948843479156494, 0.08839748054742813
vb0[929]+012 NORMAL: -0.7835204601287842, 0.6213411092758179, 0.005570997484028339
vb0[929]+024 TANGENT: -0.01958918757736683, 0.8244331479072571, 0.5656203031539917, -1.0
vb0[929]+040 BLENDWEIGHTS: 1.0, 0.0, 0.0, 0.0
vb0[929]+056 BLENDINDICES: 7, 0, 0, 0
vb0[929]+072 COLOR: 1.0, 0.5019607843137255, 0.5019607843137255, 0.4
vb0[929]+076 TEXCOORD: 0.3854842185974121, 0.5839642286300659
vb0[929]+084 TEXCOORD1: 0.20402604341506958, 0.8881652355194092

vb0[930]+000 POSITION: 0.0, 1.4573404788970947, 0.05905308574438095
vb0[930]+012 NORMAL: 0.6984261274337769, -0.48890864849090576, 0.5226560235023499
vb0[930]+024 TANGENT: 0.0, -0.40535837411880493, -0.9141578078269958, -1.0
vb0[930]+040 BLENDWEIGHTS: 0.9003572463989258, 0.09964277595281601, 0.0, 0.0
vb0[930]+056 BLENDINDICES: 4, 7, 0, 0
vb0[930]+072 COLOR: 1.0, 0.5019607843137255, 0.5019607843137255, 0.4
vb0[930]+076 TEXCOORD: 0.2993643283843994, 0.6051346659660339
vb0[930]+084 TEXCOORD1: 0.20402604341506958, 0.8881652355194092

vb0[931]+000 POSITION: -0.004638864658772945, 1.450352430343628, 0.05867454409599304
vb0[931]+012 NORMAL: 0.7362669706344604, -0.3991721570491791, 0.5464178323745728
vb0[931]+024 TANGENT: 0.16149312257766724, -0.25469738245010376, 0.9534407258033752, -1.0
vb0[931]+040 BLENDWEIGHTS: 0.8018916249275208, 0.19810836017131805, 0.0, 0.0
vb0[931]+056 BLENDINDICES: 4, 7, 0, 0
vb0[931]+072 COLOR: 1.0, 0.5019607843137255, 0.5019607843137255, 0.4
vb0[931]+076 TEXCOORD: 0.30754709243774414, 0.6067721247673035
vb0[931]+084 TEXCOORD1: 0.20402604341506958, 0.8881652355194092

vb0[932]+000 POSITION: -0.0037346421740949154, 1.4502394199371338, 0.0573953315615654
vb0[932]+012 NORMAL: 0.7367342710494995, -0.3979143798351288, 0.5467053651809692
vb0[932]+024 TANGENT: 0.9030037522315979, -0.2835536599159241, -0.3227715492248535, -1.0
vb0[932]+040 BLENDWEIGHTS: 0.7962903380393982, 0.203709676861763, 0.0, 0.0
vb0[932]+056 BLENDINDICES: 4, 7, 0, 0
vb0[932]+072 COLOR: 1.0, 0.5019607843137255, 0.5019607843137255, 0.4
vb0[932]+076 TEXCOORD: 0.3073873519897461, 0.6053444743156433
vb0[932]+084 TEXCOORD1: 0.20402604341506958, 0.8881652355194092

vb0[933]+000 POSITION: 0.0, 1.4591623544692993, 0.06092926859855652
vb0[933]+012 NORMAL: 0.6984261274337769, -0.48890867829322815, 0.5226560831069946
vb0[933]+024 TANGENT: 0.0, -0.3930681347846985, 0.9195092916488647, -1.0
vb0[933]+040 BLENDWEIGHTS: 0.9171074032783508, 0.08289261162281036, 0.0, 0.0
vb0[933]+056 BLENDINDICES: 4, 7, 0, 0
vb0[933]+072 COLOR: 1.0, 0.5019607843137255, 0.5019607843137255, 0.4
vb0[933]+076 TEXCOORD: 0.2969369888305664, 0.6065645813941956
vb0[933]+084 TEXCOORD1: 0.20402604341506958, 0.8881652355194092

vb0[934]+000 POSITION: -0.00598287396132946, 1.4428735971450806, 0.05643453076481819
vb0[934]+012 NORMAL: 0.8202815651893616, -0.1027870625257492, 0.5626482367515564
vb0[934]+024 TANGENT: 0.9436457753181458, -0.10265558958053589, -0.314633846282959, -1.0
vb0[934]+040 BLENDWEIGHTS: 0.6556246280670166, 0.3443753719329834, 0.0, 0.0
vb0[934]+056 BLENDINDICES: 4, 7, 0, 0
vb0[934]+072 COLOR: 1.0, 0.5019607843137255, 0.5019607843137255, 0.4
vb0[934]+076 TEXCOORD: 0.3160083293914795, 0.6036477088928223
vb0[934]+084 TEXCOORD1: 0.20402604341506958, 0.8881652355194092

vb0[935]+000 POSITION: -0.006860008463263512, 1.4428236484527588, 0.057623326778411865
vb0[935]+012 NORMAL: 0.8242051005363464, -0.08002005517482758, 0.5606091618537903
vb0[935]+024 TANGENT: 0.15853647887706757, -0.022386787459254265, 0.9870992302894592, -1.0
vb0[935]+040 BLENDWEIGHTS: 0.6549090147018433, 0.3450910151004791, 0.0, 0.0
vb0[935]+056 BLENDINDICES: 4, 7, 0, 0
vb0[935]+072 COLOR: 1.0, 0.5019607843137255, 0.5019607843137255, 0.4
vb0[935]+076 TEXCOORD: 0.31667208671569824, 0.6048481464385986
vb0[935]+084 TEXCOORD1: 0.20402604341506958, 0.8881652355194092

vb0[936]+000 POSITION: -0.005536369979381561, 1.4363092184066772, 0.057233281433582306
vb0[936]+012 NORMAL: 0.8388804197311401, 0.2057206630706787, 0.503943145275116
vb0[936]+024 TANGENT: 0.9410190582275391, 0.10518538951873779, -0.32158857583999634, -1.0
vb0[936]+040 BLENDWEIGHTS: 0.5055701732635498, 0.4944298267364502, 0.0, 0.0
vb0[936]+056 BLENDINDICES: 4, 7, 0, 0
vb0[936]+072 COLOR: 1.0, 0.5019607843137255, 0.5019607843137255, 0.4
vb0[936]+076 TEXCOORD: 0.3227112293243408, 0.5991363525390625
vb0[936]+084 TEXCOORD1: 0.20402604341506958, 0.8881652355194092

vb0[937]+000 POSITION: -0.006241807714104652, 1.4360522031784058, 0.05862465873360634
vb0[937]+012 NORMAL: 0.8368226885795593, 0.2375163733959198, 0.49326837062835693
vb0[937]+024 TANGENT: 0.18399815261363983, 0.19940349459648132, 0.9624878168106079, -1.0
vb0[937]+040 BLENDWEIGHTS: 0.5016154646873474, 0.4983845353126526, 0.0, 0.0
vb0[937]+056 BLENDINDICES: 7, 4, 0, 0
vb0[937]+072 COLOR: 1.0, 0.5019607843137255, 0.5019607843137255, 0.4
vb0[937]+076 TEXCOORD: 0.3239908218383789, 0.5998626351356506
vb0[937]+084 TEXCOORD1: 0.20402604341506958, 0.8881652355194092

vb0[938]+000 POSITION: -0.003479273756965995, 1.4314035177230835, 0.05803687497973442
vb0[938]+012 NORMAL: 0.7794545888900757, 0.4059702455997467, 0.47711488604545593
vb0[938]+024 TANGENT: 0.8550996780395508, 0.2958003580570221, -0.4258013963699341, -1.0
vb0[938]+040 BLENDWEIGHTS: 0.6184116005897522, 0.3815883696079254, 0.0, 0.0
vb0[938]+056 BLENDINDICES: 7, 4, 0, 0
vb0[938]+072 COLOR: 1.0, 0.5019607843137255, 0.5019607843137255, 0.4
vb0[938]+076 TEXCOORD: 0.3271360397338867, 0.5941123366355896
vb0[938]+084 TEXCOORD1: 0.20402604341506958, 0.8881652355194092

vb0[939]+000 POSITION: -0.0039039142429828644, 1.43068528175354, 0.05958542227745056
vb0[939]+012 NORMAL: 0.739533007144928, 0.4586385190486908, 0.4926881492137909
vb0[939]+024 TANGENT: 0.23035167157649994, 0.27976763248443604, 0.9320237636566162, -1.0
vb0[939]+040 BLENDWEIGHTS: 0.637407660484314, 0.3625923693180084, 0.0, 0.0
vb0[939]+056 BLENDINDICES: 7, 4, 0, 0
vb0[939]+072 COLOR: 1.0, 0.5019607843137255, 0.5019607843137255, 0.4
vb0[939]+076 TEXCOORD: 0.3289675712585449, 0.5941445827484131
vb0[939]+084 TEXCOORD1: 0.20402604341506958, 0.8881652355194092

vb0[940]+000 POSITION: 0.0, 1.426401972770691, 0.05919509381055832
vb0[940]+012 NORMAL: 0.6926209330558777, 0.513109028339386, 0.5069469213485718
vb0[940]+024 TANGENT: 0.0, 0.46376949548721313, -0.8859559297561646, -1.0
vb0[940]+040 BLENDWEIGHTS: 0.7420985698699951, 0.2579014003276825, 0.0, 0.0
vb0[940]+056 BLENDINDICES: 7, 4, 0, 0
vb0[940]+072 COLOR: 1.0, 0.5019607843137255, 0.5019607843137255, 0.4
vb0[940]+076 TEXCOORD: 0.3305087089538574, 0.5885456800460815
vb0[940]+084 TEXCOORD1: 0.20402604341506958, 0.8881652355194092

vb0[941]+000 POSITION: 0.0, 1.4247796535491943, 0.060847848653793335
vb0[941]+012 NORMAL: 0.6926209926605225, 0.513109028339386, 0.5069469213485718
vb0[941]+024 TANGENT: 0.0, 0.36318469047546387, 0.9317172169685364, -1.0
vb0[941]+040 BLENDWEIGHTS: 0.7931182980537415, 0.20688171684741974, 0.0, 0.0
vb0[941]+056 BLENDINDICES: 7, 4, 0, 0
vb0[941]+072 COLOR: 1.0, 0.5019607843137255, 0.5019607843137255, 0.4
vb0[941]+076 TEXCOORD: 0.33307766914367676, 0.5871687531471252
vb0[941]+084 TEXCOORD1: 0.20402604341506958, 0.8881652355194092

vb0[942]+000 POSITION: -0.060668982565402985, 1.3097615242004395, 0.1858719438314438
vb0[942]+012 NORMAL: 0.6147773265838623, -0.28093013167381287, 0.7369716167449951
vb0[942]+024 TANGENT: 0.6371785402297974, -0.7671583890914917, -0.07396966218948364, -1.0
vb0[942]+040 BLENDWEIGHTS: 0.4484257996082306, 0.3136209547519684, 0.23795326054096222, 0.0
vb0[942]+056 BLENDINDICES: 1, 0, 7, 0
vb0[942]+072 COLOR: 1.0, 0.2, 0.5019607843137255, 0.5019607843137255
vb0[942]+076 TEXCOORD: 0.8741364479064941, 0.3491574823856354
vb0[942]+084 TEXCOORD1: 0.20402604341506958, 0.8881652355194092

vb0[943]+000 POSITION: -0.06878547370433807, 1.303590178489685, 0.19015926122665405
vb0[943]+012 NORMAL: 0.6196469664573669, -0.28733351826667786, 0.7303951382637024
vb0[943]+024 TANGENT: -0.39278364181518555, 0.010020018555223942, 0.9195763468742371, -1.0
vb0[943]+040 BLENDWEIGHTS: 0.41521328687667847, 0.3229800760746002, 0.2618066370487213, 0.0
vb0[943]+056 BLENDINDICES: 1, 0, 7, 0
vb0[943]+072 COLOR: 1.0, 0.2, 0.5019607843137255, 0.5019607843137255
vb0[943]+076 TEXCOORD: 0.8693852424621582, 0.36395692825317383
vb0[943]+084 TEXCOORD1: 0.20402604341506958, 0.8881652355194092

vb0[944]+000 POSITION: -0.06904932111501694, 1.3020679950714111, 0.18972863256931305
vb0[944]+012 NORMAL: 0.6196469664573669, -0.28733354806900024, 0.7303951382637024
vb0[944]+024 TANGENT: -0.38374197483062744, -0.8811037540435791, 0.2764023542404175, -1.0
vb0[944]+040 BLENDWEIGHTS: 0.4148825705051422, 0.32297375798225403, 0.26214367151260376, 0.0
vb0[944]+056 BLENDINDICES: 1, 0, 7, 0
vb0[944]+072 COLOR: 1.0, 0.2, 0.5019607843137255, 0.5019607843137255
vb0[944]+076 TEXCOORD: 0.8697621822357178, 0.3671296238899231
vb0[944]+084 TEXCOORD1: 0.20402604341506958, 0.8881652355194092

vb0[945]+000 POSITION: -0.06097111478447914, 1.3111228942871094, 0.18664102256298065
vb0[945]+012 NORMAL: 0.6128889322280884, -0.27846208214759827, 0.7394767999649048
vb0[945]+024 TANGENT: 0.4048059582710266, 0.035454511642456055, 0.9137150049209595, -1.0
vb0[945]+040 BLENDWEIGHTS: 0.4486319124698639, 0.31365150213241577, 0.23771660029888153, 0.0
vb0[945]+056 BLENDINDICES: 1, 0, 7, 0
vb0[945]+072 COLOR: 1.0, 0.2, 0.5019607843137255, 0.5019607843137255
vb0[945]+076 TEXCOORD: 0.872124195098877, 0.348236620426178
vb0[945]+084 TEXCOORD1: 0.20402604341506958, 0.8881652355194092

vb0[946]+000 POSITION: -0.054677002131938934, 1.3148696422576904, 0.18285907804965973
vb0[946]+012 NORMAL: 0.6207792162895203, -0.24466916918754578, 0.7448288798332214
vb0[946]+024 TANGENT: 0.6643438339233398, -0.7413104176521301, -0.09542619436979294, -1.0
vb0[946]+040 BLENDWEIGHTS: 0.46467506885528564, 0.30605119466781616, 0.2292737364768982, 0.0
vb0[946]+056 BLENDINDICES: 1, 0, 7, 0
vb0[946]+072 COLOR: 1.0, 0.2, 0.5019607843137255, 0.5019607843137255
vb0[946]+076 TEXCOORD: 0.8765008449554443, 0.3374437093734741
vb0[946]+084 TEXCOORD1: 0.20402604341506958, 0.8881652355194092

vb0[947]+000 POSITION: -0.05525016784667969, 1.316162109375, 0.18378564715385437
vb0[947]+012 NORMAL: 0.6211346983909607, -0.24398604035377502, 0.7447566986083984
vb0[947]+024 TANGENT: 0.4312998652458191, 0.07357931137084961, 0.8992033004760742, -1.0
vb0[947]+040 BLENDWEIGHTS: 0.46468251943588257, 0.30606555938720703, 0.2292519211769104, 0.0
vb0[947]+056 BLENDINDICES: 1, 0, 7, 0
vb0[947]+072 COLOR: 1.0, 0.2, 0.5019607843137255, 0.5019607843137255
vb0[947]+076 TEXCOORD: 0.8742043972015381, 0.33696672320365906
vb0[947]+084 TEXCOORD1: 0.20402604341506958, 0.8881652355194092

vb0[948]+000 POSITION: -0.04929448664188385, 1.319876790046692, 0.17962904274463654
vb0[948]+012 NORMAL: 0.6524961590766907, -0.1778034120798111, 0.7366374135017395
vb0[948]+024 TANGENT: 0.6404118537902832, -0.762485146522522, -0.0921352356672287, -1.0
vb0[948]+040 BLENDWEIGHTS: 0.4460136592388153, 0.3189002275466919, 0.235086128115654, 0.0
vb0[948]+056 BLENDINDICES: 1, 0, 7, 0
vb0[948]+072 COLOR: 1.0, 0.2, 0.5019607843137255, 0.5019607843137255
vb0[948]+076 TEXCOORD: 0.8781895637512207, 0.32639825344085693
vb0[948]+084 TEXCOORD1: 0.20402604341506958, 0.8881652355194092

vb0[949]+000 POSITION: -0.0500541627407074, 1.3212201595306396, 0.18064673244953156
vb0[949]+012 NORMAL: 0.6510931849479675, -0.18101833760738373, 0.7370956540107727
vb0[949]+024 TANGENT: 0.4530532658100128, 0.13990412652492523, 0.8804371356964111, -1.0
vb0[949]+040 BLENDWEIGHTS: 0.44597139954566956, 0.3189505338668823, 0.23507808148860931, 0.0
vb0[949]+056 BLENDINDICES: 1, 0, 7, 0
vb0[949]+072 COLOR: 1.0, 0.2, 0.5019607843137255, 0.5019607843137255
vb0[949]+076 TEXCOORD: 0.8757872581481934, 0.32595765590667725
vb0[949]+084 TEXCOORD1: 0.20402604341506958, 0.8881652355194092

vb0[950]+000 POSITION: -0.04347359016537666, 1.3276067972183228, 0.17581798136234283
vb0[950]+012 NORMAL: 0.6743443012237549, -0.13147372007369995, 0.7266184687614441
vb0[950]+024 TANGENT: 0.4919387102127075, 0.17423033714294434, 0.8530182838439941, -1.0
vb0[950]+040 BLENDWEIGHTS: 0.37990209460258484, 0.3580704629421234, 0.26202744245529175, 0.0
vb0[950]+056 BLENDINDICES: 1, 0, 7, 0
vb0[950]+072 COLOR: 1.0, 0.2, 0.5019607843137255, 0.5019607843137255
vb0[950]+076 TEXCOORD: 0.8768844604492188, 0.30992984771728516
vb0[950]+084 TEXCOORD1: 0.20402604341506958, 0.8881652355194092

vb0[951]+000 POSITION: -0.042609184980392456, 1.3260051012039185, 0.17473632097244263
vb0[951]+012 NORMAL: 0.6752881407737732, -0.12965823709964752, 0.7260679006576538
vb0[951]+024 TANGENT: 0.6267123222351074, -0.7740770578384399, -0.08964628726243973, -1.0
vb0[951]+040 BLENDWEIGHTS: 0.37990209460258484, 0.3580704629421234, 0.26202744245529175, 0.0
vb0[951]+056 BLENDINDICES: 1, 0, 7, 0
vb0[951]+072 COLOR: 1.0, 0.2, 0.5019607843137255, 0.5019607843137255
vb0[951]+076 TEXCOORD: 0.8795106410980225, 0.3101644515991211
vb0[951]+084 TEXCOORD1: 0.20402604341506958, 0.8881652355194092

vb0[952]+000 POSITION: -0.03638037294149399, 1.3337535858154297, 0.17002691328525543
vb0[952]+012 NORMAL: 0.7124971747398376, -0.08807516098022461, 0.6961253881454468
vb0[952]+024 TANGENT: 0.5478496551513672, 0.2106090635061264, 0.809632420539856, -1.0
vb0[952]+040 BLENDWEIGHTS: 0.3698835074901581, 0.3324100375175476, 0.2977064549922943, 0.0
vb0[952]+056 BLENDINDICES: 0, 7, 1, 0
vb0[952]+072 COLOR: 1.0, 0.2, 0.5019607843137255, 0.5019607843137255
vb0[952]+076 TEXCOORD: 0.876631498336792, 0.2937142550945282
vb0[952]+084 TEXCOORD1: 0.20402604341506958, 0.8881652355194092

vb0[953]+000 POSITION: -0.03549283370375633, 1.3319975137710571, 0.1689198613166809
vb0[953]+012 NORMAL: 0.7148586511611938, -0.08599024266004562, 0.6939617395401001
vb0[953]+024 TANGENT: 0.6220113039016724, -0.7826329469680786, -0.02424323931336403, -1.0
vb0[953]+040 BLENDWEIGHTS: 0.3698835074901581, 0.3324100375175476, 0.2977064549922943, 0.0
vb0[953]+056 BLENDINDICES: 0, 7, 1, 0
vb0[953]+072 COLOR: 1.0, 0.2, 0.5019607843137255, 0.5019607843137255
vb0[953]+076 TEXCOORD: 0.8794405460357666, 0.29370149970054626
vb0[953]+084 TEXCOORD1: 0.20402604341506958, 0.8881652355194092

vb0[954]+000 POSITION: -0.02932184375822544, 1.340124487876892, 0.16292184591293335
vb0[954]+012 NORMAL: 0.7812920212745667, -0.033929113298654556, 0.6232428550720215
vb0[954]+024 TANGENT: 0.6280723810195923, 0.24650408327579498, 0.7380791306495667, -1.0
vb0[954]+040 BLENDWEIGHTS: 0.4426952600479126, 0.3346191644668579, 0.2226855605840683, 0.0
vb0[954]+056 BLENDINDICES: 7, 0, 1, 0
vb0[954]+072 COLOR: 1.0, 0.2, 0.5019607843137255, 0.5019607843137255
vb0[954]+076 TEXCOORD: 0.8753652572631836, 0.2769711911678314
vb0[954]+084 TEXCOORD1: 0.20402604341506958, 0.8881652355194092

vb0[955]+000 POSITION: -0.028487389907240868, 1.3382251262664795, 0.16178281605243683
vb0[955]+012 NORMAL: 0.7843477725982666, -0.031619712710380554, 0.6195149421691895
vb0[955]+024 TANGENT: 0.6738377809524536, -0.7388207316398621, -0.00930333137512207, -1.0
vb0[955]+040 BLENDWEIGHTS: 0.4426952600479126, 0.3346191644668579, 0.2226855605840683, 0.0
vb0[955]+056 BLENDINDICES: 7, 0, 1, 0
vb0[955]+072 COLOR: 1.0, 0.2, 0.5019607843137255, 0.5019607843137255
vb0[955]+076 TEXCOORD: 0.878333568572998, 0.27667972445487976
vb0[955]+084 TEXCOORD1: 0.20402604341506958, 0.8881652355194092

vb0[956]+000 POSITION: -0.023537127301096916, 1.3465527296066284, 0.15471360087394714
vb0[956]+012 NORMAL: 0.8576903343200684, 0.014249701984226704, 0.5139688849449158
vb0[956]+024 TANGENT: 0.7044825553894043, 0.29508495330810547, 0.6454682350158691, -1.0
vb0[956]+040 BLENDWEIGHTS: 0.5943413376808167, 0.257913202047348, 0.14774546027183533, 0.0
vb0[956]+056 BLENDINDICES: 7, 0, 1, 0
vb0[956]+072 COLOR: 1.0, 0.2, 0.5019607843137255, 0.5019607843137255
vb0[956]+076 TEXCOORD: 0.8721413612365723, 0.2605881690979004
vb0[956]+084 TEXCOORD1: 0.20402604341506958, 0.8881652355194092

vb0[957]+000 POSITION: -0.022777505218982697, 1.3444678783416748, 0.15354464948177338
vb0[957]+012 NORMAL: 0.8586146831512451, 0.01469796895980835, 0.5124107003211975
vb0[957]+024 TANGENT: 0.7201960682868958, -0.6913301944732666, -0.058140698820352554, -1.0
vb0[957]+040 BLENDWEIGHTS: 0.5943413376808167, 0.257913202047348, 0.14774546027183533, 0.0
vb0[957]+056 BLENDINDICES: 7, 0, 1, 0
vb0[957]+072 COLOR: 1.0, 0.2, 0.5019607843137255, 0.5019607843137255
vb0[957]+076 TEXCOORD: 0.8752148151397705, 0.2599526345729828
vb0[957]+084 TEXCOORD1: 0.20402604341506958, 0.8881652355194092

vb0[958]+000 POSITION: -0.018533434718847275, 1.3537195920944214, 0.14483390748500824
vb0[958]+012 NORMAL: 0.9114165902137756, 0.08620069175958633, 0.40235474705696106
vb0[958]+024 TANGENT: 0.7474684715270996, 0.38680851459503174, 0.5400647521018982, -1.0
vb0[958]+040 BLENDWEIGHTS: 0.7647677063941956, 0.17987404763698578, 0.05535822734236717, 0.0
vb0[958]+056 BLENDINDICES: 7, 0, 1, 0
vb0[958]+072 COLOR: 1.0, 0.2, 0.5019607843137255, 0.5019607843137255
vb0[958]+076 TEXCOORD: 0.8660736083984375, 0.24347782135009766
vb0[958]+084 TEXCOORD1: 0.20402604341506958, 0.8881652355194092

vb0[959]+000 POSITION: -0.01787278987467289, 1.3514509201049805, 0.14355191588401794
vb0[959]+012 NORMAL: 0.9112367630004883, 0.08572982251644135, 0.4028622806072235
vb0[959]+024 TANGENT: 0.7719498872756958, -0.6255449056625366, -0.11307937651872635, -1.0
vb0[959]+040 BLENDWEIGHTS: 0.7647677063941956, 0.17987404763698578, 0.05535822734236717, 0.0
vb0[959]+056 BLENDINDICES: 7, 0, 1, 0
vb0[959]+072 COLOR: 1.0, 0.2, 0.5019607843137255, 0.5019607843137255
vb0[959]+076 TEXCOORD: 0.8690614700317383, 0.2421937882900238
vb0[959]+084 TEXCOORD1: 0.20402604341506958, 0.8881652355194092

vb0[960]+000 POSITION: -0.015774911269545555, 1.3607702255249023, 0.13399367034435272
vb0[960]+012 NORMAL: 0.9252925515174866, 0.20370380580425262, 0.31990358233451843
vb0[960]+024 TANGENT: 0.7346386313438416, 0.49869152903556824, 0.46001383662223816, -1.0
vb0[960]+040 BLENDWEIGHTS: 0.9134851694107056, 0.07256709784269333, 0.013947725296020508, 0.0
vb0[960]+056 BLENDINDICES: 7, 0, 1, 0
vb0[960]+072 COLOR: 1.0, 0.2, 0.5019607843137255, 0.5019607843137255
vb0[960]+076 TEXCOORD: 0.8568894863128662, 0.2283029854297638
vb0[960]+084 TEXCOORD1: 0.20402604341506958, 0.8881652355194092

vb0[961]+000 POSITION: -0.014847906306385994, 1.3586918115615845, 0.13275107741355896
vb0[961]+012 NORMAL: 0.9250971674919128, 0.20571036636829376, 0.3191840648651123
vb0[961]+024 TANGENT: 0.5299480557441711, 0.18117663264274597, 0.8284503817558289, -1.0
vb0[961]+040 BLENDWEIGHTS: 0.9189468622207642, 0.06699641048908234, 0.014056737534701824, 0.0
vb0[961]+056 BLENDINDICES: 7, 0, 1, 0
vb0[961]+072 COLOR: 1.0, 0.2, 0.5019607843137255, 0.5019607843137255
vb0[961]+076 TEXCOORD: 0.859546422958374, 0.22665849328041077
vb0[961]+084 TEXCOORD1: 0.20402604341506958, 0.8881652355194092

vb0[962]+000 POSITION: -0.014389715157449245, 1.3677424192428589, 0.12318836897611618
vb0[962]+012 NORMAL: 0.9162707328796387, 0.2809528112411499, 0.28550562262535095
vb0[962]+024 TANGENT: 0.6892992258071899, 0.5730206370353699, 0.44329893589019775, -1.0
vb0[962]+040 BLENDWEIGHTS: 0.9819496273994446, 0.0166950523853302, 0.0013553204480558634, 0.0
vb0[962]+056 BLENDINDICES: 7, 0, 2, 0
vb0[962]+072 COLOR: 1.0, 0.2, 0.5019607843137255, 0.5019607843137255
vb0[962]+076 TEXCOORD: 0.8465662002563477, 0.2146008312702179
vb0[962]+084 TEXCOORD1: 0.20402604341506958, 0.8881652355194092

vb0[963]+000 POSITION: -0.013207280077040195, 1.3658126592636108, 0.12151208519935608
vb0[963]+012 NORMAL: 0.9160240292549133, 0.284586101770401, 0.2826850712299347
vb0[963]+024 TANGENT: 0.9282056093215942, 0.3610488176345825, 0.08987868577241898, -1.0
vb0[963]+040 BLENDWEIGHTS: 0.9773702025413513, 0.016009317710995674, 0.00662047928199172, 0.0
vb0[963]+056 BLENDINDICES: 7, 0, 2, 0
vb0[963]+072 COLOR: 1.0, 0.2, 0.5019607843137255, 0.5019607843137255
vb0[963]+076 TEXCOORD: 0.8476896286010742, 0.21121104061603546
vb0[963]+084 TEXCOORD1: 0.20402604341506958, 0.8881652355194092

vb0[964]+000 POSITION: -0.013933554291725159, 1.372650384902954, 0.11611084640026093
vb0[964]+012 NORMAL: 0.9209355115890503, 0.3145308494567871, 0.23010456562042236
vb0[964]+024 TANGENT: 0.6616416573524475, 0.6110221147537231, 0.43460580706596375, -1.0
vb0[964]+040 BLENDWEIGHTS: 0.992434024810791, 0.007565958891063929, 0.0, 0.0
vb0[964]+056 BLENDINDICES: 7, 2, 0, 0
vb0[964]+072 COLOR: 1.0, 0.2, 0.5019607843137255, 0.5019607843137255
vb0[964]+076 TEXCOORD: 0.8402471542358398, 0.20597568154335022
vb0[964]+084 TEXCOORD1: 0.20402604341506958, 0.8881652355194092

vb0[965]+000 POSITION: -0.012884477153420448, 1.3705387115478516, 0.11477024108171463
vb0[965]+012 NORMAL: 0.9204410314559937, 0.3139260709285736, 0.23289212584495544
vb0[965]+024 TANGENT: 0.9160482287406921, -0.32469114661216736, -0.23543883860111237, -1.0
vb0[965]+040 BLENDWEIGHTS: 1.0, 0.0, 0.0, 0.0
vb0[965]+056 BLENDINDICES: 7, 0, 0, 0
vb0[965]+072 COLOR: 1.0, 0.2, 0.5019607843137255, 0.5019607843137255
vb0[965]+076 TEXCOORD: 0.8419957160949707, 0.2040516585111618
vb0[965]+084 TEXCOORD1: 0.20402604341506958, 0.8881652355194092

vb0[966]+000 POSITION: -0.013421273790299892, 1.376994013786316, 0.10678409039974213
vb0[966]+012 NORMAL: 0.9257286787033081, 0.3208160102367401, 0.20025865733623505
vb0[966]+024 TANGENT: 0.862691342830658, -0.26195764541625977, -0.4325988292694092, -1.0
vb0[966]+040 BLENDWEIGHTS: 1.0, 0.0, 0.0, 0.0
vb0[966]+056 BLENDINDICES: 7, 0, 0, 0
vb0[966]+072 COLOR: 1.0, 0.2, 0.5019607843137255, 0.5019607843137255
vb0[966]+076 TEXCOORD: 0.8336775302886963, 0.19513805210590363
vb0[966]+084 TEXCOORD1: 0.20402604341506958, 0.8881652355194092

vb0[967]+000 POSITION: -0.014300031587481499, 1.3786394596099854, 0.10833629220724106
vb0[967]+012 NORMAL: 0.9257286787033081, 0.3208159804344177, 0.20025865733623505
vb0[967]+024 TANGENT: 0.5706840753555298, 0.7146892547607422, 0.40439948439598083, -1.0
vb0[967]+040 BLENDWEIGHTS: 1.0, 0.0, 0.0, 0.0
vb0[967]+056 BLENDINDICES: 7, 0, 0, 0
vb0[967]+072 COLOR: 1.0, 0.2, 0.5019607843137255, 0.5019607843137255
vb0[967]+076 TEXCOORD: 0.8319501876831055, 0.19713905453681946
vb0[967]+084 TEXCOORD1: 0.20402604341506958, 0.8881652355194092

vb0[968]+000 POSITION: -0.06749730557203293, 1.3121044635772705, 0.18362754583358765
vb0[968]+012 NORMAL: -0.9806700944900513, 0.18776316940784454, 0.05505700781941414
vb0[968]+024 TANGENT: -0.7301074862480164, -0.29112187027931213, -0.6182161569595337, -1.0
vb0[968]+040 BLENDWEIGHTS: 0.44804832339286804, 0.31360912322998047, 0.2383425533771515, 0.0
vb0[968]+056 BLENDINDICES: 1, 0, 7, 0
vb0[968]+072 COLOR: 1.0, 0.2, 0.5019607843137255, 0.5019607843137255
vb0[968]+076 TEXCOORD: 0.8607120513916016, 0.3514840304851532
vb0[968]+084 TEXCOORD1: 0.20402604341506958, 0.8881652355194092

vb0[969]+000 POSITION: -0.06878547370433807, 1.303590178489685, 0.19015926122665405
vb0[969]+012 NORMAL: -0.9812971353530884, 0.1861421763896942, 0.04906051233410835
vb0[969]+024 TANGENT: -0.39278364181518555, 0.010020018555223942, 0.9195763468742371, -1.0
vb0[969]+040 BLENDWEIGHTS: 0.41521328687667847, 0.3229800760746002, 0.2618066370487213, 0.0
vb0[969]+056 BLENDINDICES: 1, 0, 7, 0
vb0[969]+072 COLOR: 1.0, 0.2, 0.5019607843137255, 0.5019607843137255
vb0[969]+076 TEXCOORD: 0.8693852424621582, 0.36395692825317383
vb0[969]+084 TEXCOORD1: 0.20402604341506958, 0.8881652355194092

vb0[970]+000 POSITION: -0.06719862669706345, 1.3131959438323975, 0.18453168869018555
vb0[970]+012 NORMAL: -0.9803286790847778, 0.188603475689888, 0.05817541852593422
vb0[970]+024 TANGENT: -0.7847274541854858, 0.4135204553604126, 0.46173977851867676, -1.0
vb0[970]+040 BLENDWEIGHTS: 0.4486953318119049, 0.3136609196662903, 0.237643763422966, 0.0
vb0[970]+056 BLENDINDICES: 1, 0, 7, 0
vb0[970]+072 COLOR: 1.0, 0.2, 0.5019607843137255, 0.5019607843137255
vb0[970]+076 TEXCOORD: 0.8621196746826172, 0.3500370681285858
vb0[970]+084 TEXCOORD1: 0.20402604341506958, 0.8881652355194092

vb0[971]+000 POSITION: -0.06904932111501694, 1.3020679950714111, 0.18972863256931305
vb0[971]+012 NORMAL: -0.9812971353530884, 0.1861421763896942, 0.049060508608818054
vb0[971]+024 TANGENT: -0.38374197483062744, -0.8811037540435791, 0.2764023542404175, -1.0
vb0[971]+040 BLENDWEIGHTS: 0.4148825705051422, 0.32297375798225403, 0.26214367151260376, 0.0
vb0[971]+056 BLENDINDICES: 1, 0, 7, 0
vb0[971]+072 COLOR: 1.0, 0.2, 0.5019607843137255, 0.5019607843137255
vb0[971]+076 TEXCOORD: 0.8697621822357178, 0.3671296238899231
vb0[971]+084 TEXCOORD1: 0.20402604341506958, 0.8881652355194092

vb0[972]+000 POSITION: -0.06646954268217087, 1.3188717365264893, 0.1789807826280594
vb0[972]+012 NORMAL: -0.9816837906837463, 0.1816774308681488, 0.05735962837934494
vb0[972]+024 TANGENT: -0.7102187871932983, -0.30989599227905273, -0.6321026086807251, -1.0
vb0[972]+040 BLENDWEIGHTS: 0.4646630585193634, 0.3060280680656433, 0.2293088734149933, 0.0
vb0[972]+056 BLENDINDICES: 1, 0, 7, 0
vb0[972]+072 COLOR: 1.0, 0.2, 0.5019607843137255, 0.5019607843137255
vb0[972]+076 TEXCOORD: 0.8549933433532715, 0.3414095640182495
vb0[972]+084 TEXCOORD1: 0.20402604341506958, 0.8881652355194092

vb0[973]+000 POSITION: -0.06622524559497833, 1.319857120513916, 0.18015147745609283
vb0[973]+012 NORMAL: -0.9818766117095947, 0.1808687299489975, 0.05661063641309738
vb0[973]+024 TANGENT: -0.7765149474143982, 0.4349385201931, 0.4559088945388794, -1.0
vb0[973]+040 BLENDWEIGHTS: 0.46469348669052124, 0.3060867190361023, 0.22921977937221527, 0.0
vb0[973]+056 BLENDINDICES: 1, 0, 7, 0
vb0[973]+072 COLOR: 1.0, 0.2, 0.5019607843137255, 0.5019607843137255
vb0[973]+076 TEXCOORD: 0.8567826747894287, 0.34019601345062256
vb0[973]+084 TEXCOORD1: 0.20402604341506958, 0.8881652355194092

vb0[974]+000 POSITION: -0.06558728218078613, 1.3251571655273438, 0.17418231070041656
vb0[974]+012 NORMAL: -0.9830447435379028, 0.1786879599094391, 0.0411541610956192
vb0[974]+024 TANGENT: -0.6800384521484375, -0.39530593156814575, -0.6174795627593994, -1.0
vb0[974]+040 BLENDWEIGHTS: 0.46595558524131775, 0.2989693582057953, 0.23507507145404816, 0.0
vb0[974]+056 BLENDINDICES: 1, 0, 7, 0
vb0[974]+072 COLOR: 1.0, 0.2, 0.5019607843137255, 0.5019607843137255
vb0[974]+076 TEXCOORD: 0.8495578765869141, 0.3321080207824707
vb0[974]+084 TEXCOORD1: 0.20402604341506958, 0.8881652355194092

vb0[975]+000 POSITION: -0.06536111980676651, 1.3261293172836304, 0.1755569726228714
vb0[975]+012 NORMAL: -0.9831070899963379, 0.1781923621892929, 0.0418066531419754
vb0[975]+024 TANGENT: -0.7714188694953918, 0.4610784947872162, 0.4385424554347992, -1.0
vb0[975]+040 BLENDWEIGHTS: 0.4658387303352356, 0.2991083860397339, 0.23505286872386932, 0.0
vb0[975]+056 BLENDINDICES: 1, 0, 7, 0
vb0[975]+072 COLOR: 1.0, 0.2, 0.5019607843137255, 0.5019607843137255
vb0[975]+076 TEXCOORD: 0.8514251708984375, 0.3307432234287262
vb0[975]+084 TEXCOORD1: 0.20402604341506958, 0.8881652355194092

vb0[976]+000 POSITION: -0.06415659189224243, 1.33387291431427, 0.16879738867282867
vb0[976]+012 NORMAL: -0.9802800416946411, 0.19442938268184662, 0.035331252962350845
vb0[976]+024 TANGENT: -0.7664173245429993, 0.5056393146514893, 0.3961482346057892, -1.0
vb0[976]+040 BLENDWEIGHTS: 0.41915515065193176, 0.3183753788471222, 0.26246947050094604, 0.0
vb0[976]+056 BLENDINDICES: 1, 0, 7, 0
vb0[976]+072 COLOR: 1.0, 0.2, 0.5019607843137255, 0.5019607843137255
vb0[976]+076 TEXCOORD: 0.8431005477905273, 0.31720128655433655
vb0[976]+084 TEXCOORD1: 0.20402604341506958, 0.8881652355194092

vb0[977]+000 POSITION: -0.06442709267139435, 1.3327488899230957, 0.16725607216358185
vb0[977]+012 NORMAL: -0.9798104763031006, 0.1968180239200592, 0.035128723829984665
vb0[977]+024 TANGENT: -0.6920379400253296, -0.46310949325561523, -0.5537265539169312, -1.0
vb0[977]+040 BLENDWEIGHTS: 0.4191528856754303, 0.3183574378490448, 0.2624896764755249, 0.0
vb0[977]+056 BLENDINDICES: 1, 0, 7, 0
vb0[977]+072 COLOR: 1.0, 0.2, 0.5019607843137255, 0.5019607843137255
vb0[977]+076 TEXCOORD: 0.8409504890441895, 0.31843987107276917
vb0[977]+084 TEXCOORD1: 0.20402604341506958, 0.8881652355194092

vb0[978]+000 POSITION: -0.06282006204128265, 1.3413312435150146, 0.16093820333480835
vb0[978]+012 NORMAL: -0.971794068813324, 0.234492227435112, 0.025092829018831253
vb0[978]+024 TANGENT: -0.7587360143661499, 0.5521489977836609, 0.3456171751022339, -1.0
vb0[978]+040 BLENDWEIGHTS: 0.3364288806915283, 0.3336900770664215, 0.32988104224205017, 0.0
vb0[978]+056 BLENDINDICES: 1, 7, 0, 0
vb0[978]+072 COLOR: 1.0, 0.2, 0.5019607843137255, 0.5019607843137255
vb0[978]+076 TEXCOORD: 0.8348085880279541, 0.3034331500530243
vb0[978]+084 TEXCOORD1: 0.20402604341506958, 0.8881652355194092

vb0[979]+000 POSITION: -0.06316618621349335, 1.340064525604248, 0.15931889414787292
vb0[979]+012 NORMAL: -0.9701445698738098, 0.24145781993865967, 0.022754935547709465
vb0[979]+024 TANGENT: -0.7373995184898376, -0.4602660834789276, -0.4943654537200928, -1.0
vb0[979]+040 BLENDWEIGHTS: 0.3372589647769928, 0.33292046189308167, 0.32982057332992554, 0.0
vb0[979]+056 BLENDINDICES: 1, 7, 0, 0
vb0[979]+072 COLOR: 1.0, 0.2, 0.5019607843137255, 0.5019607843137255
vb0[979]+076 TEXCOORD: 0.8324184417724609, 0.304523229598999
vb0[979]+084 TEXCOORD1: 0.20402604341506958, 0.8881652355194092

vb0[980]+000 POSITION: -0.060907695442438126, 1.348723292350769, 0.1513526290655136
vb0[980]+012 NORMAL: -0.9559220671653748, 0.2935503125190735, -0.006428179331123829
vb0[980]+024 TANGENT: -0.7553218007087708, 0.598865807056427, 0.26617392897605896, -1.0
vb0[980]+040 BLENDWEIGHTS: 0.44281551241874695, 0.3145751953125, 0.24260929226875305, 0.0
vb0[980]+056 BLENDINDICES: 7, 0, 1, 0
vb0[980]+072 COLOR: 1.0, 0.2, 0.5019607843137255, 0.5019607843137255
vb0[980]+076 TEXCOORD: 0.8261876106262207, 0.28827759623527527
vb0[980]+084 TEXCOORD1: 0.20402604341506958, 0.8881652355194092

vb0[981]+000 POSITION: -0.061345357447862625, 1.3473126888275146, 0.14968346059322357
vb0[981]+012 NORMAL: -0.9532304406166077, 0.30198147892951965, -0.012605157680809498
vb0[981]+024 TANGENT: -0.7615899443626404, -0.4361342191696167, -0.47934091091156006, -1.0
vb0[981]+040 BLENDWEIGHTS: 0.4431086778640747, 0.31446799635887146, 0.24242332577705383, 0.0
vb0[981]+056 BLENDINDICES: 7, 0, 1, 0
vb0[981]+072 COLOR: 1.0, 0.2, 0.5019607843137255, 0.5019607843137255
vb0[981]+076 TEXCOORD: 0.8235354423522949, 0.2892267405986786
vb0[981]+084 TEXCOORD1: 0.20402604341506958, 0.8881652355194092

vb0[982]+000 POSITION: -0.05815855786204338, 1.3556535243988037, 0.14127008616924286
vb0[982]+012 NORMAL: -0.9300455451011658, 0.3588058650493622, -0.07920611649751663
vb0[982]+024 TANGENT: -0.7399131655693054, 0.6469185948371887, 0.18445812165737152, -1.0
vb0[982]+040 BLENDWEIGHTS: 0.5629048347473145, 0.28871026635169983, 0.14838489890098572, 0.0
vb0[982]+056 BLENDINDICES: 7, 0, 1, 0
vb0[982]+072 COLOR: 1.0, 0.2, 0.5019607843137255, 0.5019607843137255
vb0[982]+076 TEXCOORD: 0.8184564113616943, 0.27262622117996216
vb0[982]+084 TEXCOORD1: 0.20402604341506958, 0.8881652355194092

vb0[983]+000 POSITION: -0.05865423008799553, 1.3540531396865845, 0.13957636058330536
vb0[983]+012 NORMAL: -0.926945149898529, 0.3646355867385864, -0.08839345723390579
vb0[983]+024 TANGENT: -0.76698237657547, -0.3994600474834442, -0.5021651387214661, -1.0
vb0[983]+040 BLENDWEIGHTS: 0.5628265142440796, 0.2890137732028961, 0.14815972745418549, 0.0
vb0[983]+056 BLENDINDICES: 7, 0, 1, 0
vb0[983]+072 COLOR: 1.0, 0.2, 0.5019607843137255, 0.5019607843137255
vb0[983]+076 TEXCOORD: 0.815558671951294, 0.27339667081832886
vb0[983]+084 TEXCOORD1: 0.20402604341506958, 0.8881652355194092

vb0[984]+000 POSITION: -0.053100328892469406, 1.363842487335205, 0.1284705102443695
vb0[984]+012 NORMAL: -0.891587495803833, 0.4224518835544586, -0.16311360895633698
vb0[984]+024 TANGENT: -0.7058613300323486, 0.7021276950836182, 0.09368264675140381, -1.0
vb0[984]+040 BLENDWEIGHTS: 0.7312409281730652, 0.19396989047527313, 0.07478921115398407, 0.0
vb0[984]+056 BLENDINDICES: 7, 0, 1, 0
vb0[984]+072 COLOR: 1.0, 0.2, 0.5019607843137255, 0.5019607843137255
vb0[984]+076 TEXCOORD: 0.8109612464904785, 0.252729207277298
vb0[984]+084 TEXCOORD1: 0.20402604341506958, 0.8881652355194092

vb0[985]+000 POSITION: -0.05352042242884636, 1.3621366024017334, 0.126566082239151
vb0[985]+012 NORMAL: -0.8848972320556641, 0.4320257306098938, -0.1740996390581131
vb0[985]+024 TANGENT: -0.7404339909553528, -0.32633498311042786, -0.587590754032135, -1.0
vb0[985]+040 BLENDWEIGHTS: 0.7312409281730652, 0.19396989047527313, 0.07478921115398407, 0.0
vb0[985]+056 BLENDINDICES: 7, 0, 1, 0
vb0[985]+072 COLOR: 1.0, 0.2, 0.5019607843137255, 0.5019607843137255
vb0[985]+076 TEXCOORD: 0.807776927947998, 0.25301507115364075
vb0[985]+084 TEXCOORD1: 0.20402604341506958, 0.8881652355194092

vb0[986]+000 POSITION: -0.04723452031612396, 1.3697457313537598, 0.11911831796169281
vb0[986]+012 NORMAL: -0.8046609163284302, 0.5230478644371033, -0.2809656262397766
vb0[986]+024 TANGENT: -0.6188749074935913, 0.7854868173599243, 0.002058744430541992, -1.0
vb0[986]+040 BLENDWEIGHTS: 0.8618072271347046, 0.11010273545980453, 0.02809014916419983, 0.0
vb0[986]+056 BLENDINDICES: 7, 0, 1, 0
vb0[986]+072 COLOR: 1.0, 0.2, 0.5019607843137255, 0.5019607843137255
vb0[986]+076 TEXCOORD: 0.8081307411193848, 0.23723682761192322
vb0[986]+084 TEXCOORD1: 0.20402604341506958, 0.8881652355194092

vb0[987]+000 POSITION: -0.04788327217102051, 1.3678765296936035, 0.11750493943691254
vb0[987]+012 NORMAL: -0.8092091083526611, 0.5187526345252991, -0.2758193910121918
vb0[987]+024 TANGENT: -0.6894576549530029, -0.24576473236083984, -0.6813572645187378, -1.0
vb0[987]+040 BLENDWEIGHTS: 0.860011637210846, 0.11121504008769989, 0.028773318976163864, 0.0
vb0[987]+056 BLENDINDICES: 7, 0, 1, 0
vb0[987]+072 COLOR: 1.0, 0.2, 0.5019607843137255, 0.5019607843137255
vb0[987]+076 TEXCOORD: 0.8049709796905518, 0.23758725821971893
vb0[987]+084 TEXCOORD1: 0.20402604341506958, 0.8881652355194092

vb0[988]+000 POSITION: -0.0422995463013649, 1.371553659439087, 0.11155527085065842
vb0[988]+012 NORMAL: -0.6559473276138306, 0.629078209400177, -0.41712552309036255
vb0[988]+024 TANGENT: -0.5293920040130615, -0.12668371200561523, -0.8388655185699463, -1.0
vb0[988]+040 BLENDWEIGHTS: 0.9422600269317627, 0.04632880911231041, 0.011411266401410103, 0.0
vb0[988]+056 BLENDINDICES: 7, 0, 1, 0
vb0[988]+072 COLOR: 1.0, 0.2, 0.5019607843137255, 0.5019607843137255
vb0[988]+076 TEXCOORD: 0.805570125579834, 0.22575673460960388
vb0[988]+084 TEXCOORD1: 0.20402604341506958, 0.8881652355194092

vb0[989]+000 POSITION: -0.04155723378062248, 1.3734261989593506, 0.11318862438201904
vb0[989]+012 NORMAL: -0.6230562925338745, 0.6459366083145142, -0.44109734892845154
vb0[989]+024 TANGENT: -0.481882244348526, 0.8675543069839478, -0.12304120510816574, -1.0
vb0[989]+040 BLENDWEIGHTS: 0.9428502321243286, 0.046155188232660294, 0.010994557291269302, 0.0
vb0[989]+056 BLENDINDICES: 7, 0, 1, 0
vb0[989]+072 COLOR: 1.0, 0.2, 0.5019607843137255, 0.5019607843137255
vb0[989]+076 TEXCOORD: 0.8086254596710205, 0.22593112289905548
vb0[989]+084 TEXCOORD1: 0.20402604341506958, 0.8881652355194092

vb0[990]+000 POSITION: -0.03528818115592003, 1.3744088411331177, 0.10874223709106445
vb0[990]+012 NORMAL: -0.42384272813796997, 0.7274065613746643, -0.5396638512611389
vb0[990]+024 TANGENT: -0.2944612503051758, -0.010957717895507812, -0.9556006193161011, -1.0
vb0[990]+040 BLENDWEIGHTS: 0.9819396734237671, 0.01806032657623291, 0.0, 0.0
vb0[990]+056 BLENDINDICES: 7, 0, 0, 0
vb0[990]+072 COLOR: 1.0, 0.2, 0.5019607843137255, 0.5019607843137255
vb0[990]+076 TEXCOORD: 0.809711217880249, 0.21594001352787018
vb0[990]+084 TEXCOORD1: 0.20402604341506958, 0.8881652355194092

vb0[991]+000 POSITION: -0.03509388491511345, 1.3756436109542847, 0.11037813872098923
vb0[991]+012 NORMAL: -0.41878339648246765, 0.7295838594436646, -0.540673553943634
vb0[991]+024 TANGENT: -0.33936282992362976, 0.9265849590301514, -0.16208963096141815, -1.0
vb0[991]+040 BLENDWEIGHTS: 0.9819965362548828, 0.018003463745117188, 0.0, 0.0
vb0[991]+056 BLENDINDICES: 7, 0, 0, 0
vb0[991]+072 COLOR: 1.0, 0.2, 0.5019607843137255, 0.5019607843137255
vb0[991]+076 TEXCOORD: 0.8122990131378174, 0.2172546088695526
vb0[991]+084 TEXCOORD1: 0.20402604341506958, 0.8881652355194092

vb0[992]+000 POSITION: -0.029111923649907112, 1.3760117292404175, 0.10730495303869247
vb0[992]+012 NORMAL: -0.3045728802680969, 0.7657168507575989, -0.5664918422698975
vb0[992]+024 TANGENT: -0.20386658608913422, 0.009972809813916683, -0.9789478182792664, -1.0
vb0[992]+040 BLENDWEIGHTS: 1.0, 0.0, 0.0, 0.0
vb0[992]+056 BLENDINDICES: 7, 0, 0, 0
vb0[992]+072 COLOR: 1.0, 0.2, 0.5019607843137255, 0.5019607843137255
vb0[992]+076 TEXCOORD: 0.8146343231201172, 0.2090650200843811
vb0[992]+084 TEXCOORD1: 0.20402604341506958, 0.8881652355194092

vb0[993]+000 POSITION: -0.02898252196609974, 1.3773034811019897, 0.10893842577934265
vb0[993]+012 NORMAL: -0.2950344681739807, 0.7668703198432922, -0.5699689984321594
vb0[993]+024 TANGENT: -0.2230781614780426, 0.964210569858551, -0.1432974487543106, -1.0
vb0[993]+040 BLENDWEIGHTS: 1.0, 0.0, 0.0, 0.0
vb0[993]+056 BLENDINDICES: 7, 0, 0, 0
vb0[993]+072 COLOR: 1.0, 0.2, 0.5019607843137255, 0.5019607843137255
vb0[993]+076 TEXCOORD: 0.8173155784606934, 0.21078653633594513
vb0[993]+084 TEXCOORD1: 0.20402604341506958, 0.8881652355194092

vb0[994]+000 POSITION: -0.02199692279100418, 1.378495454788208, 0.10786926746368408
vb0[994]+012 NORMAL: -0.22673730552196503, 0.7727373838424683, -0.592846691608429
vb0[994]+024 TANGENT: -0.2846428453922272, 0.8811721205711365, 0.37751054763793945, -1.0
vb0[994]+040 BLENDWEIGHTS: 1.0, 0.0, 0.0, 0.0
vb0[994]+056 BLENDINDICES: 7, 0, 0, 0
vb0[994]+072 COLOR: 1.0, 0.2, 0.5019607843137255, 0.5019607843137255
vb0[994]+076 TEXCOORD: 0.8226771354675293, 0.20426899194717407
vb0[994]+084 TEXCOORD1: 0.20402604341506958, 0.8881652355194092

vb0[995]+000 POSITION: -0.030727576464414597, 1.3988784551620483, 0.08423309028148651
vb0[995]+012 NORMAL: 0.4394778907299042, 0.8949241042137146, -0.07726472616195679
vb0[995]+024 TANGENT: 0.2737126350402832, 0.9126860499382019, 0.3034559488296509, -1.0
vb0[995]+040 BLENDWEIGHTS: 1.0, 0.0, 0.0, 0.0
vb0[995]+056 BLENDINDICES: 7, 0, 0, 0
vb0[995]+072 COLOR: 1.0, 0.5019607843137255, 0.5019607843137255, 0.4
vb0[995]+076 TEXCOORD: 0.7927548885345459, 0.1786627173423767
vb0[995]+084 TEXCOORD1: 0.20402604341506958, 0.8881652355194092

vb0[996]+000 POSITION: -0.024678297340869904, 1.394776701927185, 0.08650312572717667
vb0[996]+012 NORMAL: 0.5718181729316711, 0.8192223906517029, -0.043572425842285156
vb0[996]+024 TANGENT: -0.16108502447605133, -0.11059868335723877, -0.9807239770889282, -1.0
vb0[996]+040 BLENDWEIGHTS: 1.0, 0.0, 0.0, 0.0
vb0[996]+056 BLENDINDICES: 7, 0, 0, 0
vb0[996]+072 COLOR: 1.0, 0.5019607843137255, 0.5019607843137255, 0.4
vb0[996]+076 TEXCOORD: 0.8020167350769043, 0.1770414113998413
vb0[996]+084 TEXCOORD1: 0.20402604341506958, 0.8881652355194092

vb0[997]+000 POSITION: -0.030351879075169563, 1.3985669612884521, 0.08256237953901291
vb0[997]+012 NORMAL: 0.4140929877758026, 0.9064215421676636, -0.08322855085134506
vb0[997]+024 TANGENT: 0.4859633147716522, 0.24703405797481537, -0.8383399248123169, -1.0
vb0[997]+040 BLENDWEIGHTS: 1.0, 0.0, 0.0, 0.0
vb0[997]+056 BLENDINDICES: 7, 0, 0, 0
vb0[997]+072 COLOR: 1.0, 0.5019607843137255, 0.5019607843137255, 0.4
vb0[997]+076 TEXCOORD: 0.7925047874450684, 0.17622467875480652
vb0[997]+084 TEXCOORD1: 0.20402604341506958, 0.8881652355194092

vb0[998]+000 POSITION: -0.024631328880786896, 1.3948843479156494, 0.08839748054742813
vb0[998]+012 NORMAL: 0.5718182325363159, 0.8192223906517029, -0.043572429567575455
vb0[998]+024 TANGENT: -0.01958918757736683, 0.8244331479072571, 0.5656203031539917, -1.0
vb0[998]+040 BLENDWEIGHTS: 1.0, 0.0, 0.0, 0.0
vb0[998]+056 BLENDINDICES: 7, 0, 0, 0
vb0[998]+072 COLOR: 1.0, 0.5019607843137255, 0.5019607843137255, 0.4
vb0[998]+076 TEXCOORD: 0.8025913238525391, 0.17955371737480164
vb0[998]+084 TEXCOORD1: 0.20402604341506958, 0.8881652355194092

vb0[999]+000 POSITION: -0.038721583783626556, 1.4010131359100342, 0.08171126246452332
vb0[999]+012 NORMAL: 0.17322120070457458, 0.9774332642555237, -0.12090730667114258
vb0[999]+024 TANGENT: 0.10041404515504837, 0.9608438611030579, 0.25825610756874084, -1.0
vb0[999]+040 BLENDWEIGHTS: 1.0, 0.0, 0.0, 0.0
vb0[999]+056 BLENDINDICES: 7, 0, 0, 0
vb0[999]+072 COLOR: 1.0, 0.5019607843137255, 0.5019607843137255, 0.4
vb0[999]+076 TEXCOORD: 0.7830104827880859, 0.18145841360092163
vb0[999]+084 TEXCOORD1: 0.20402604341506958, 0.8881652355194092

vb0[1000]+000 POSITION: -0.03843718022108078, 1.40072762966156, 0.07997483015060425
vb0[1000]+012 NORMAL: 0.17345009744167328, 0.9773949980735779, -0.12088880687952042
vb0[1000]+024 TANGENT: 0.2225588709115982, 0.310972660779953, -0.9239931702613831, -1.0
vb0[1000]+040 BLENDWEIGHTS: 1.0, 0.0, 0.0, 0.0
vb0[1000]+056 BLENDINDICES: 7, 0, 0, 0
vb0[1000]+072 COLOR: 1.0, 0.5019607843137255, 0.5019607843137255, 0.4
vb0[1000]+076 TEXCOORD: 0.7820756435394287, 0.17917324602603912
vb0[1000]+084 TEXCOORD1: 0.20402604341506958, 0.8881652355194092

vb0[1001]+000 POSITION: -0.047259457409381866, 1.4012056589126587, 0.07936312258243561
vb0[1001]+012 NORMAL: 0.0415617860853672, 0.9905422329902649, -0.1307622492313385
vb0[1001]+024 TANGENT: 0.03811407461762428, 0.3032737076282501, -0.9521409869194031, -1.0
vb0[1001]+040 BLENDWEIGHTS: 1.0, 0.0, 0.0, 0.0
vb0[1001]+056 BLENDINDICES: 7, 0, 0, 0
vb0[1001]+072 COLOR: 1.0, 0.5019607843137255, 0.5019607843137255, 0.4
vb0[1001]+076 TEXCOORD: 0.7736990451812744, 0.18515068292617798
vb0[1001]+084 TEXCOORD1: 0.20402604341506958, 0.8881652355194092

vb0[1002]+000 POSITION: -0.0472845584154129, 1.4014006853103638, 0.08116498589515686
vb0[1002]+012 NORMAL: 0.04133608564734459, 0.9905490279197693, -0.13078202307224274
vb0[1002]+024 TANGENT: 0.027991650626063347, 0.9601296782493591, 0.2781500816345215, -1.0
vb0[1002]+040 BLENDWEIGHTS: 1.0, 0.0, 0.0, 0.0
vb0[1002]+056 BLENDINDICES: 7, 0, 0, 0
vb0[1002]+072 COLOR: 1.0, 0.5019607843137255, 0.5019607843137255, 0.4
vb0[1002]+076 TEXCOORD: 0.7752461433410645, 0.18711219727993011
vb0[1002]+084 TEXCOORD1: 0.20402604341506958, 0.8881652355194092

vb0[1003]+000 POSITION: -0.056341223418712616, 1.401458740234375, 0.07984451204538345
vb0[1003]+012 NORMAL: 0.01828533038496971, 0.987109899520874, -0.15899598598480225
vb0[1003]+024 TANGENT: -0.039130449295043945, 0.31846657395362854, -0.9471261501312256, -1.0
vb0[1003]+040 BLENDWEIGHTS: 1.0, 0.0, 0.0, 0.0
vb0[1003]+056 BLENDINDICES: 7, 0, 0, 0
vb0[1003]+072 COLOR: 1.0, 0.5019607843137255, 0.5019607843137255, 0.4
vb0[1003]+076 TEXCOORD: 0.7659270763397217, 0.19212135672569275
vb0[1003]+084 TEXCOORD1: 0.20402604341506958, 0.8881652355194092

vb0[1004]+000 POSITION: -0.05619209632277489, 1.4017372131347656, 0.08161576837301254
vb0[1004]+012 NORMAL: 0.018508998677134514, 0.9872368574142456, -0.15817952156066895
vb0[1004]+024 TANGENT: 0.04449094086885452, 0.9505109786987305, 0.30748921632766724, -1.0
vb0[1004]+040 BLENDWEIGHTS: 1.0, 0.0, 0.0, 0.0
vb0[1004]+056 BLENDINDICES: 7, 0, 0, 0
vb0[1004]+072 COLOR: 1.0, 0.5019607843137255, 0.5019607843137255, 0.4
vb0[1004]+076 TEXCOORD: 0.7678256034851074, 0.19376710057258606
vb0[1004]+084 TEXCOORD1: 0.20402604341506958, 0.8881652355194092

vb0[1005]+000 POSITION: -0.06557027250528336, 1.40199613571167, 0.0821431428194046
vb0[1005]+012 NORMAL: 0.011658602394163609, 0.9830231070518494, -0.18311069905757904
vb0[1005]+024 TANGENT: -0.5811668038368225, 0.6549823880195618, 0.48295265436172485, -1.0
vb0[1005]+040 BLENDWEIGHTS: 1.0, 0.0, 0.0, 0.0
vb0[1005]+056 BLENDINDICES: 7, 0, 0, 0
vb0[1005]+072 COLOR: 1.0, 0.5019607843137255, 0.5019607843137255, 0.4
vb0[1005]+076 TEXCOORD: 0.7598733901977539, 0.20083990693092346
vb0[1005]+084 TEXCOORD1: 0.20402604341506958, 0.8881652355194092

vb0[1006]+000 POSITION: -0.06626906245946884, 1.4016321897506714, 0.08040998876094818
vb0[1006]+012 NORMAL: 0.011658601462841034, 0.9830231070518494, -0.18311068415641785
vb0[1006]+024 TANGENT: -0.7949117422103882, 0.264913409948349, -0.5458352565765381, -1.0
vb0[1006]+040 BLENDWEIGHTS: 1.0, 0.0, 0.0, 0.0
vb0[1006]+056 BLENDINDICES: 7, 0, 0, 0
vb0[1006]+072 COLOR: 1.0, 0.5019607843137255, 0.5019607843137255, 0.4
vb0[1006]+076 TEXCOORD: 0.756889820098877, 0.20108655095100403
vb0[1006]+084 TEXCOORD1: 0.20402604341506958, 0.8881652355194092

vb0[1007]+000 POSITION: -0.061562079936265945, 1.393815279006958, 0.08498208969831467
vb0[1007]+012 NORMAL: -0.8361097574234009, -0.21271097660064697, 0.5056427717208862
vb0[1007]+024 TANGENT: -0.6553139090538025, -0.6521094441413879, -0.3812045156955719, -1.0
vb0[1007]+040 BLENDWEIGHTS: 1.0, 0.0, 0.0, 0.0
vb0[1007]+056 BLENDINDICES: 7, 0, 0, 0
vb0[1007]+072 COLOR: 1.0, 0.5019607843137255, 0.5019607843137255, 0.4
vb0[1007]+076 TEXCOORD: 0.7680418491363525, 0.20741626620292664
vb0[1007]+084 TEXCOORD1: 0.20402604341506958, 0.8881652355194092

vb0[1008]+000 POSITION: -0.06557027250528336, 1.40199613571167, 0.0821431428194046
vb0[1008]+012 NORMAL: -0.8503980040550232, -0.25740742683410645, 0.4588734209537506
vb0[1008]+024 TANGENT: -0.5811668038368225, 0.6549823880195618, 0.48295265436172485, -1.0
vb0[1008]+040 BLENDWEIGHTS: 1.0, 0.0, 0.0, 0.0
vb0[1008]+056 BLENDINDICES: 7, 0, 0, 0
vb0[1008]+072 COLOR: 1.0, 0.5019607843137255, 0.5019607843137255, 0.4
vb0[1008]+076 TEXCOORD: 0.7598733901977539, 0.20083990693092346
vb0[1008]+084 TEXCOORD1: 0.20402604341506958, 0.8881652355194092

vb0[1009]+000 POSITION: -0.06626906245946884, 1.4016321897506714, 0.08040998876094818
vb0[1009]+012 NORMAL: -0.8503978848457336, -0.25740742683410645, 0.4588733911514282
vb0[1009]+024 TANGENT: -0.7949117422103882, 0.264913409948349, -0.5458352565765381, -1.0
vb0[1009]+040 BLENDWEIGHTS: 1.0, 0.0, 0.0, 0.0
vb0[1009]+056 BLENDINDICES: 7, 0, 0, 0
vb0[1009]+072 COLOR: 1.0, 0.5019607843137255, 0.5019607843137255, 0.4
vb0[1009]+076 TEXCOORD: 0.756889820098877, 0.20108655095100403
vb0[1009]+084 TEXCOORD1: 0.20402604341506958, 0.8881652355194092

vb0[1010]+000 POSITION: -0.06102529913187027, 1.3948649168014526, 0.08633165061473846
vb0[1010]+012 NORMAL: -0.8348015546798706, -0.20907695591449738, 0.5093064308166504
vb0[1010]+024 TANGENT: -0.5884135365486145, 0.12328517436981201, 0.7991058230400085, -1.0
vb0[1010]+040 BLENDWEIGHTS: 1.0, 0.0, 0.0, 0.0
vb0[1010]+056 BLENDINDICES: 7, 0, 0, 0
vb0[1010]+072 COLOR: 1.0, 0.5019607843137255, 0.5019607843137255, 0.4
vb0[1010]+076 TEXCOORD: 0.7694971561431885, 0.20533421635627747
vb0[1010]+084 TEXCOORD1: 0.20402604341506958, 0.8881652355194092

vb0[1011]+000 POSITION: -0.05673734471201897, 1.386352300643921, 0.09012607485055923
vb0[1011]+012 NORMAL: -0.7938003540039062, -0.14712406694889069, 0.5901148915290833
vb0[1011]+024 TANGENT: -0.6198664903640747, -0.7365849018096924, -0.2705700993537903, -1.0
vb0[1011]+040 BLENDWEIGHTS: 1.0, 0.0, 0.0, 0.0
vb0[1011]+056 BLENDINDICES: 7, 0, 0, 0
vb0[1011]+072 COLOR: 1.0, 0.5019607843137255, 0.5019607843137255, 0.4
vb0[1011]+076 TEXCOORD: 0.7785258293151855, 0.21181529760360718
vb0[1011]+084 TEXCOORD1: 0.20402604341506958, 0.8881652355194092

vb0[1012]+000 POSITION: -0.05607357993721962, 1.3876272439956665, 0.09126149863004684
vb0[1012]+012 NORMAL: -0.7911735773086548, -0.14508645236492157, 0.594133198261261
vb0[1012]+024 TANGENT: -0.5924877524375916, 0.17519019544124603, 0.7862992882728577, -1.0
vb0[1012]+040 BLENDWEIGHTS: 1.0, 0.0, 0.0, 0.0
vb0[1012]+056 BLENDINDICES: 7, 0, 0, 0
vb0[1012]+072 COLOR: 1.0, 0.5019607843137255, 0.5019607843137255, 0.4
vb0[1012]+076 TEXCOORD: 0.7793712615966797, 0.20996472239494324
vb0[1012]+084 TEXCOORD1: 0.20402604341506958, 0.8881652355194092

vb0[1013]+000 POSITION: -0.04992539435625076, 1.3796961307525635, 0.09717877209186554
vb0[1013]+012 NORMAL: -0.7335602641105652, -0.16894564032554626, 0.658290684223175
vb0[1013]+024 TANGENT: -0.552009642124176, -0.8288804292678833, -0.09078836441040039, -1.0
vb0[1013]+040 BLENDWEIGHTS: 1.0, 0.0, 0.0, 0.0
vb0[1013]+056 BLENDINDICES: 7, 0, 0, 0
vb0[1013]+072 COLOR: 1.0, 0.5019607843137255, 0.5019607843137255, 0.4
vb0[1013]+076 TEXCOORD: 0.7909836769104004, 0.21612542867660522
vb0[1013]+084 TEXCOORD1: 0.20402604341506958, 0.8881652355194092

vb0[1014]+000 POSITION: -0.04941648244857788, 1.3812077045440674, 0.09804972261190414
vb0[1014]+012 NORMAL: -0.728913426399231, -0.1741032600402832, 0.6620976328849792
vb0[1014]+024 TANGENT: -0.5390775203704834, 0.2145944982767105, 0.8144596815109253, -1.0
vb0[1014]+040 BLENDWEIGHTS: 1.0, 0.0, 0.0, 0.0
vb0[1014]+056 BLENDINDICES: 7, 0, 0, 0
vb0[1014]+072 COLOR: 1.0, 0.5019607843137255, 0.5019607843137255, 0.4
vb0[1014]+076 TEXCOORD: 0.7913730144500732, 0.21361634135246277
vb0[1014]+084 TEXCOORD1: 0.20402604341506958, 0.8881652355194092

vb0[1015]+000 POSITION: -0.04387485235929489, 1.3767352104187012, 0.10180668532848358
vb0[1015]+012 NORMAL: -0.4329124391078949, -0.32219722867012024, 0.8418881297111511
vb0[1015]+024 TANGENT: -0.2899678945541382, -0.9356045722961426, 0.2014017105102539, -1.0
vb0[1015]+040 BLENDWEIGHTS: 1.0, 0.0, 0.0, 0.0
vb0[1015]+056 BLENDINDICES: 7, 0, 0, 0
vb0[1015]+072 COLOR: 1.0, 0.5019607843137255, 0.5019607843137255, 0.4
vb0[1015]+076 TEXCOORD: 0.8010594844818115, 0.2167263627052307
vb0[1015]+084 TEXCOORD1: 0.20402604341506958, 0.8881652355194092

vb0[1016]+000 POSITION: -0.04380848631262779, 1.378321647644043, 0.10251852869987488
vb0[1016]+012 NORMAL: -0.41832539439201355, -0.32633858919143677, 0.8476479649543762
vb0[1016]+024 TANGENT: -0.3561348021030426, 0.1510712057352066, 0.9221418499946594, -1.0
vb0[1016]+040 BLENDWEIGHTS: 1.0, 0.0, 0.0, 0.0
vb0[1016]+056 BLENDINDICES: 7, 0, 0, 0
vb0[1016]+072 COLOR: 1.0, 0.5019607843137255, 0.5019607843137255, 0.4
vb0[1016]+076 TEXCOORD: 0.8002438545227051, 0.21431151032447815
vb0[1016]+084 TEXCOORD1: 0.20402604341506958, 0.8881652355194092

vb0[1017]+000 POSITION: -0.03564590960741043, 1.3771255016326904, 0.10335895419120789
vb0[1017]+012 NORMAL: 0.04647150635719299, -0.369010329246521, 0.9282627105712891
vb0[1017]+024 TANGENT: 0.1765814572572708, -0.9377589225769043, 0.29904401302337646, -1.0
vb0[1017]+040 BLENDWEIGHTS: 1.0, 0.0, 0.0, 0.0
vb0[1017]+056 BLENDINDICES: 7, 0, 0, 0
vb0[1017]+072 COLOR: 1.0, 0.5019607843137255, 0.5019607843137255, 0.4
vb0[1017]+076 TEXCOORD: 0.8102717399597168, 0.21116894483566284
vb0[1017]+084 TEXCOORD1: 0.20402604341506958, 0.8881652355194092

vb0[1018]+000 POSITION: -0.03583109378814697, 1.3787410259246826, 0.10397650301456451
vb0[1018]+012 NORMAL: 0.06736305356025696, -0.3665720820426941, 0.9279477596282959
vb0[1018]+024 TANGENT: -0.015000343322753906, 0.19038665294647217, 0.9815945625305176, -1.0
vb0[1018]+040 BLENDWEIGHTS: 1.0, 0.0, 0.0, 0.0
vb0[1018]+056 BLENDINDICES: 7, 0, 0, 0
vb0[1018]+072 COLOR: 1.0, 0.5019607843137255, 0.5019607843137255, 0.4
vb0[1018]+076 TEXCOORD: 0.8083109855651855, 0.2093290090560913
vb0[1018]+084 TEXCOORD1: 0.20402604341506958, 0.8881652355194092

vb0[1019]+000 POSITION: -0.02931036241352558, 1.379408597946167, 0.10193109512329102
vb0[1019]+012 NORMAL: 0.38563621044158936, -0.2982376515865326, 0.8731203079223633
vb0[1019]+024 TANGENT: 0.5345413088798523, -0.8274699449539185, 0.17192769050598145, -1.0
vb0[1019]+040 BLENDWEIGHTS: 1.0, 0.0, 0.0, 0.0
vb0[1019]+056 BLENDINDICES: 7, 0, 0, 0
vb0[1019]+072 COLOR: 1.0, 0.5019607843137255, 0.5019607843137255, 0.4
vb0[1019]+076 TEXCOORD: 0.8148849010467529, 0.20359113812446594
vb0[1019]+084 TEXCOORD1: 0.20402604341506958, 0.8881652355194092

vb0[1020]+000 POSITION: -0.02976342663168907, 1.380853295326233, 0.10265212506055832
vb0[1020]+012 NORMAL: 0.3957507014274597, -0.287052184343338, 0.8723430633544922
vb0[1020]+024 TANGENT: 0.20337988436222076, 0.24445058405399323, 0.948093056678772, -1.0
vb0[1020]+040 BLENDWEIGHTS: 1.0, 0.0, 0.0, 0.0
vb0[1020]+056 BLENDINDICES: 7, 0, 0, 0
vb0[1020]+072 COLOR: 1.0, 0.5019607843137255, 0.5019607843137255, 0.4
vb0[1020]+076 TEXCOORD: 0.8123297691345215, 0.20267808437347412
vb0[1020]+084 TEXCOORD1: 0.20402604341506958, 0.8881652355194092

vb0[1021]+000 POSITION: -0.025601467117667198, 1.3826909065246582, 0.10006462782621384
vb0[1021]+012 NORMAL: 0.559439480304718, -0.11038690060377121, 0.8214877843856812
vb0[1021]+024 TANGENT: -0.07377565652132034, -0.9916410446166992, -0.1058543398976326, -1.0
vb0[1021]+040 BLENDWEIGHTS: 1.0, 0.0, 0.0, 0.0
vb0[1021]+056 BLENDINDICES: 7, 0, 0, 0
vb0[1021]+072 COLOR: 1.0, 0.5019607843137255, 0.5019607843137255, 0.4
vb0[1021]+076 TEXCOORD: 0.8154420852661133, 0.20029599964618683
vb0[1021]+084 TEXCOORD1: 0.20402604341506958, 0.8881652355194092

vb0[1022]+000 POSITION: -0.02514434978365898, 1.3849809169769287, 0.10002785176038742
vb0[1022]+012 NORMAL: 0.5562177896499634, -0.0977746918797493, 0.8252646327018738
vb0[1022]+024 TANGENT: -0.14609861373901367, 0.6609638929367065, 0.7360583543777466, -1.0
vb0[1022]+040 BLENDWEIGHTS: 1.0, 0.0, 0.0, 0.0
vb0[1022]+056 BLENDINDICES: 7, 0, 0, 0
vb0[1022]+072 COLOR: 1.0, 0.5019607843137255, 0.5019607843137255, 0.4
vb0[1022]+076 TEXCOORD: 0.8136723041534424, 0.1950431764125824
vb0[1022]+084 TEXCOORD1: 0.20402604341506958, 0.8881652355194092

vb0[1023]+000 POSITION: -0.01641971990466118, 1.3843473196029663, 0.10046207904815674
vb0[1023]+012 NORMAL: 0.8788269758224487, 0.4761420786380768, 0.030851932242512703
vb0[1023]+024 TANGENT: 0.5474706888198853, 0.7522045373916626, 0.3666936159133911, -1.0
vb0[1023]+040 BLENDWEIGHTS: 1.0, 0.0, 0.0, 0.0
vb0[1023]+056 BLENDINDICES: 7, 0, 0, 0
vb0[1023]+072 COLOR: 1.0, 0.5019607843137255, 0.5019607843137255, 0.4
vb0[1023]+076 TEXCOORD: 0.8224482536315918, 0.18920069932937622
vb0[1023]+084 TEXCOORD1: 0.20402604341506958, 0.8881652355194092

vb0[1024]+000 POSITION: -0.013421273790299892, 1.376994013786316, 0.10678409039974213
vb0[1024]+012 NORMAL: 0.8963832259178162, 0.43570083379745483, 0.08162015676498413
vb0[1024]+024 TANGENT: 0.862691342830658, -0.26195764541625977, -0.4325988292694092, -1.0
vb0[1024]+040 BLENDWEIGHTS: 1.0, 0.0, 0.0, 0.0
vb0[1024]+056 BLENDINDICES: 7, 0, 0, 0
vb0[1024]+072 COLOR: 1.0, 0.2, 0.5019607843137255, 0.5019607843137255
vb0[1024]+076 TEXCOORD: 0.8336775302886963, 0.19513805210590363
vb0[1024]+084 TEXCOORD1: 0.20402604341506958, 0.8881652355194092

vb0[1025]+000 POSITION: -0.015573672018945217, 1.3830206394195557, 0.0989387035369873
vb0[1025]+012 NORMAL: 0.8768831491470337, 0.4800083041191101, 0.02584473229944706
vb0[1025]+024 TANGENT: 0.800510823726654, -0.2566071152687073, -0.5416042804718018, -1.0
vb0[1025]+040 BLENDWEIGHTS: 1.0, 0.0, 0.0, 0.0
vb0[1025]+056 BLENDINDICES: 7, 0, 0, 0
vb0[1025]+072 COLOR: 1.0, 0.5019607843137255, 0.5019607843137255, 0.4
vb0[1025]+076 TEXCOORD: 0.8237135410308838, 0.18712003529071808
vb0[1025]+084 TEXCOORD1: 0.20402604341506958, 0.8881652355194092

vb0[1026]+000 POSITION: -0.014300031587481499, 1.3786394596099854, 0.10833629220724106
vb0[1026]+012 NORMAL: 0.8963832259178162, 0.43570083379745483, 0.08162015676498413
vb0[1026]+024 TANGENT: 0.5706840753555298, 0.7146892547607422, 0.40439948439598083, -1.0
vb0[1026]+040 BLENDWEIGHTS: 1.0, 0.0, 0.0, 0.0
vb0[1026]+056 BLENDINDICES: 7, 0, 0, 0
vb0[1026]+072 COLOR: 1.0, 0.2, 0.5019607843137255, 0.5019607843137255
vb0[1026]+076 TEXCOORD: 0.8319501876831055, 0.19713905453681946
vb0[1026]+084 TEXCOORD1: 0.20402604341506958, 0.8881652355194092

vb0[1027]+000 POSITION: -0.020002659410238266, 1.3898890018463135, 0.09310165792703629
vb0[1027]+012 NORMAL: 0.8519564867019653, 0.5226691365242004, -0.03141987323760986
vb0[1027]+024 TANGENT: 0.47285473346710205, 0.6462974548339844, 0.5989223718643188, -1.0
vb0[1027]+040 BLENDWEIGHTS: 1.0, 0.0, 0.0, 0.0
vb0[1027]+056 BLENDINDICES: 7, 0, 0, 0
vb0[1027]+072 COLOR: 1.0, 0.5019607843137255, 0.5019607843137255, 0.4
vb0[1027]+076 TEXCOORD: 0.8124306201934814, 0.1827508807182312
vb0[1027]+084 TEXCOORD1: 0.20402604341506958, 0.8881652355194092

vb0[1028]+000 POSITION: -0.019295331090688705, 1.388511061668396, 0.09175140410661697
vb0[1028]+012 NORMAL: 0.8519564867019653, 0.5226691365242004, -0.031419869512319565
vb0[1028]+024 TANGENT: 0.6457868218421936, -0.5933876037597656, -0.48046913743019104, -1.0
vb0[1028]+040 BLENDWEIGHTS: 1.0, 0.0, 0.0, 0.0
vb0[1028]+056 BLENDINDICES: 7, 0, 0, 0
vb0[1028]+072 COLOR: 1.0, 0.5019607843137255, 0.5019607843137255, 0.4
vb0[1028]+076 TEXCOORD: 0.8138201236724854, 0.18072468042373657
vb0[1028]+084 TEXCOORD1: 0.20402604341506958, 0.8881652355194092

vb0[1029]+000 POSITION: -0.01398527156561613, 1.3979954719543457, 0.08553557097911835
vb0[1029]+012 NORMAL: 0.8146886825561523, -0.0755331739783287, 0.574958324432373
vb0[1029]+024 TANGENT: 0.4960348904132843, 0.32716071605682373, 0.8043104410171509, -1.0
vb0[1029]+040 BLENDWEIGHTS: 1.0, 0.0, 0.0, 0.0
vb0[1029]+056 BLENDINDICES: 7, 0, 0, 0
vb0[1029]+072 COLOR: 1.0, 0.5019607843137255, 0.5019607843137255, 0.4
vb0[1029]+076 TEXCOORD: 0.3760190010070801, 0.5769783854484558
vb0[1029]+084 TEXCOORD1: 0.20402604341506958, 0.8881652355194092

vb0[1030]+000 POSITION: -0.019295331090688705, 1.388511061668396, 0.09175140410661697
vb0[1030]+012 NORMAL: 0.8200846910476685, -0.08860652893781662, 0.5653405785560608
vb0[1030]+024 TANGENT: 0.6457868218421936, -0.5933876037597656, -0.48046913743019104, -1.0
vb0[1030]+040 BLENDWEIGHTS: 1.0, 0.0, 0.0, 0.0
vb0[1030]+056 BLENDINDICES: 7, 0, 0, 0
vb0[1030]+072 COLOR: 1.0, 0.5019607843137255, 0.5019607843137255, 0.4
vb0[1030]+076 TEXCOORD: 0.38837671279907227, 0.5736558437347412
vb0[1030]+084 TEXCOORD1: 0.20402604341506958, 0.8881652355194092

vb0[1031]+000 POSITION: -0.013382313773036003, 1.3966773748397827, 0.0845627412199974
vb0[1031]+012 NORMAL: 0.8148985505104065, -0.07603155821561813, 0.5745950937271118
vb0[1031]+024 TANGENT: 0.7364898920059204, -0.6487276554107666, -0.1916639655828476, -1.0
vb0[1031]+040 BLENDWEIGHTS: 1.0, 0.0, 0.0, 0.0
vb0[1031]+056 BLENDINDICES: 7, 0, 0, 0
vb0[1031]+072 COLOR: 1.0, 0.5019607843137255, 0.5019607843137255, 0.4
vb0[1031]+076 TEXCOORD: 0.3757743835449219, 0.5750284194946289
vb0[1031]+084 TEXCOORD1: 0.20402604341506958, 0.8881652355194092

vb0[1032]+000 POSITION: -0.020002659410238266, 1.3898890018463135, 0.09310165792703629
vb0[1032]+012 NORMAL: 0.8200846314430237, -0.08860652893781662, 0.5653405785560608
vb0[1032]+024 TANGENT: 0.47285473346710205, 0.6462974548339844, 0.5989223718643188, -1.0
vb0[1032]+040 BLENDWEIGHTS: 1.0, 0.0, 0.0, 0.0
vb0[1032]+056 BLENDINDICES: 7, 0, 0, 0
vb0[1032]+072 COLOR: 1.0, 0.5019607843137255, 0.5019607843137255, 0.4
vb0[1032]+076 TEXCOORD: 0.38932180404663086, 0.575464129447937
vb0[1032]+084 TEXCOORD1: 0.20402604341506958, 0.8881652355194092

vb0[1033]+000 POSITION: -0.006585960742086172, 1.4071831703186035, 0.07627090066671371
vb0[1033]+012 NORMAL: 0.8276084065437317, 0.008856183849275112, 0.5612360835075378
vb0[1033]+024 TANGENT: 0.743480384349823, -0.6635769605636597, -0.0830816701054573, -1.0
vb0[1033]+040 BLENDWEIGHTS: 0.9986823797225952, 0.0013176336651667953, 0.0, 0.0
vb0[1033]+056 BLENDINDICES: 7, 4, 0, 0
vb0[1033]+072 COLOR: 1.0, 0.5019607843137255, 0.5019607843137255, 0.4
vb0[1033]+076 TEXCOORD: 0.35938549041748047, 0.5768133401870728
vb0[1033]+084 TEXCOORD1: 0.20402604341506958, 0.8881652355194092

vb0[1034]+000 POSITION: -0.007220521569252014, 1.4085407257080078, 0.0773124247789383
vb0[1034]+012 NORMAL: 0.8260732889175415, 0.0015758357476443052, 0.5635605454444885
vb0[1034]+024 TANGENT: 0.5286821722984314, 0.4272457957267761, 0.7334548830986023, -1.0
vb0[1034]+040 BLENDWEIGHTS: 1.0, 0.0, 0.0, 0.0
vb0[1034]+056 BLENDINDICES: 7, 0, 0, 0
vb0[1034]+072 COLOR: 1.0, 0.5019607843137255, 0.5019607843137255, 0.4
vb0[1034]+076 TEXCOORD: 0.35981178283691406, 0.578849732875824
vb0[1034]+084 TEXCOORD1: 0.20402604341506958, 0.8881652355194092

vb0[1035]+000 POSITION: 0.0, 1.4145376682281494, 0.0652538314461708
vb0[1035]+012 NORMAL: 0.8390544652938843, 0.07363636046648026, 0.5390410423278809
vb0[1035]+024 TANGENT: 0.0, -0.9538572430610657, -0.3002602756023407, -1.0
vb0[1035]+040 BLENDWEIGHTS: 0.9479310512542725, 0.05206895247101784, 0.0, 0.0
vb0[1035]+056 BLENDINDICES: 7, 4, 0, 0
vb0[1035]+072 COLOR: 1.0, 0.5019607843137255, 0.5019607843137255, 0.4
vb0[1035]+076 TEXCOORD: 0.3443145751953125, 0.5784547328948975
vb0[1035]+084 TEXCOORD1: 0.20402604341506958, 0.8881652355194092

vb0[1036]+000 POSITION: 0.0, 1.4167457818984985, 0.06471295654773712
vb0[1036]+012 NORMAL: 0.8390544652938843, 0.07363636791706085, 0.5390411019325256
vb0[1036]+024 TANGENT: 0.0, 0.6123133301734924, 0.7906151413917542, -1.0
vb0[1036]+040 BLENDWEIGHTS: 0.932453453540802, 0.06754652410745621, 0.0, 0.0
vb0[1036]+056 BLENDINDICES: 7, 4, 0, 0
vb0[1036]+072 COLOR: 1.0, 0.5019607843137255, 0.5019607843137255, 0.4
vb0[1036]+076 TEXCOORD: 0.34250426292419434, 0.5808212757110596
vb0[1036]+084 TEXCOORD1: 0.20402604341506958, 0.8881652355194092

vb0[1037]+000 POSITION: -0.02199692279100418, 1.378495454788208, 0.10786926746368408
vb0[1037]+012 NORMAL: -0.8840599656105042, 0.09135597199201584, 0.45835793018341064
vb0[1037]+024 TANGENT: -0.2846428453922272, 0.8811721205711365, 0.37751054763793945, -1.0
vb0[1037]+040 BLENDWEIGHTS: 1.0, 0.0, 0.0, 0.0
vb0[1037]+056 BLENDINDICES: 7, 0, 0, 0
vb0[1037]+072 COLOR: 1.0, 0.2, 0.5019607843137255, 0.5019607843137255
vb0[1037]+076 TEXCOORD: 0.8226771354675293, 0.20426899194717407
vb0[1037]+084 TEXCOORD1: 0.20402604341506958, 0.8881652355194092

vb0[1038]+000 POSITION: -0.025601467117667198, 1.3826909065246582, 0.10006462782621384
vb0[1038]+012 NORMAL: -0.8840599656105042, 0.09135598689317703, 0.45835793018341064
vb0[1038]+024 TANGENT: -0.07377565652132034, -0.9916410446166992, -0.1058543398976326, -1.0
vb0[1038]+040 BLENDWEIGHTS: 1.0, 0.0, 0.0, 0.0
vb0[1038]+056 BLENDINDICES: 7, 0, 0, 0
vb0[1038]+072 COLOR: 1.0, 0.5019607843137255, 0.5019607843137255, 0.4
vb0[1038]+076 TEXCOORD: 0.8154420852661133, 0.20029599964618683
vb0[1038]+084 TEXCOORD1: 0.20402604341506958, 0.8881652355194092

vb0[1039]+000 POSITION: -0.022747483104467392, 1.3768141269683838, 0.10629802197217941
vb0[1039]+012 NORMAL: -0.8840600252151489, 0.09135597944259644, 0.45835790038108826
vb0[1039]+024 TANGENT: -0.42223823070526123, -0.4607166349887848, -0.780676007270813, -1.0
vb0[1039]+040 BLENDWEIGHTS: 1.0, 0.0, 0.0, 0.0
vb0[1039]+056 BLENDINDICES: 7, 0, 0, 0
vb0[1039]+072 COLOR: 1.0, 0.2, 0.5019607843137255, 0.5019607843137255
vb0[1039]+076 TEXCOORD: 0.8189196586608887, 0.2036927044391632
vb0[1039]+084 TEXCOORD1: 0.20402604341506958, 0.8881652355194092

vb0[1040]+000 POSITION: -0.02514434978365898, 1.3849809169769287, 0.10002785176038742
vb0[1040]+012 NORMAL: -0.8840599656105042, 0.09135598689317703, 0.45835793018341064
vb0[1040]+024 TANGENT: -0.14609861373901367, 0.6609638929367065, 0.7360583543777466, -1.0
vb0[1040]+040 BLENDWEIGHTS: 1.0, 0.0, 0.0, 0.0
vb0[1040]+056 BLENDINDICES: 7, 0, 0, 0
vb0[1040]+072 COLOR: 1.0, 0.5019607843137255, 0.5019607843137255, 0.4
vb0[1040]+076 TEXCOORD: 0.8136723041534424, 0.1950431764125824
vb0[1040]+084 TEXCOORD1: 0.20402604341506958, 0.8881652355194092

vb0[1041]+000 POSITION: -0.047231290489435196, 1.3966904878616333, 0.08681601285934448
vb0[1041]+012 NORMAL: 0.025026679039001465, -0.6356720328330994, 0.7715533971786499
vb0[1041]+024 TANGENT: 0.005245089530944824, 0.12596356868743896, 0.9920210242271423, -1.0
vb0[1041]+040 BLENDWEIGHTS: 1.0, 0.0, 0.0, 0.0
vb0[1041]+056 BLENDINDICES: 7, 0, 0, 0
vb0[1041]+072 COLOR: 1.0, 0.5019607843137255, 0.5019607843137255, 0.4
vb0[1041]+076 TEXCOORD: 0.7807350158691406, 0.19389645755290985
vb0[1041]+084 TEXCOORD1: 0.20402604341506958, 0.8881652355194092

vb0[1042]+000 POSITION: -0.053205374628305435, 1.394850254058838, 0.08601295948028564
vb0[1042]+012 NORMAL: 0.08913981914520264, -0.6270869970321655, 0.7738319635391235
vb0[1042]+024 TANGENT: 0.47873857617378235, -0.6870662569999695, -0.5465795397758484, -1.0
vb0[1042]+040 BLENDWEIGHTS: 1.0, 0.0, 0.0, 0.0
vb0[1042]+056 BLENDINDICES: 7, 0, 0, 0
vb0[1042]+072 COLOR: 1.0, 0.5019607843137255, 0.5019607843137255, 0.4
vb0[1042]+076 TEXCOORD: 0.7791211605072021, 0.19869521260261536
vb0[1042]+084 TEXCOORD1: 0.20402604341506958, 0.8881652355194092

vb0[1043]+000 POSITION: -0.046781644225120544, 1.3954590559005737, 0.08576363325119019
vb0[1043]+012 NORMAL: -0.00020129549375269562, -0.638317346572876, 0.7697731852531433
vb0[1043]+024 TANGENT: 0.011865795589983463, -0.9984595775604248, 0.05420040711760521, -1.0
vb0[1043]+040 BLENDWEIGHTS: 1.0, 0.0, 0.0, 0.0
vb0[1043]+056 BLENDINDICES: 7, 0, 0, 0
vb0[1043]+072 COLOR: 1.0, 0.5019607843137255, 0.5019607843137255, 0.4
vb0[1043]+076 TEXCOORD: 0.7831792831420898, 0.19515495002269745
vb0[1043]+084 TEXCOORD1: 0.20402604341506958, 0.8881652355194092

vb0[1044]+000 POSITION: -0.054254405200481415, 1.396059513092041, 0.08711099624633789
vb0[1044]+012 NORMAL: 0.08913982659578323, -0.6270869374275208, 0.7738319635391235
vb0[1044]+024 TANGENT: 0.08390909433364868, 0.538416862487793, 0.8384906649589539, -1.0
vb0[1044]+040 BLENDWEIGHTS: 1.0, 0.0, 0.0, 0.0
vb0[1044]+056 BLENDINDICES: 7, 0, 0, 0
vb0[1044]+072 COLOR: 1.0, 0.5019607843137255, 0.5019607843137255, 0.4
vb0[1044]+076 TEXCOORD: 0.7754428386688232, 0.199712872505188
vb0[1044]+084 TEXCOORD1: 0.20402604341506958, 0.8881652355194092

vb0[1045]+000 POSITION: -0.04020141065120697, 1.39635169506073, 0.087094247341156
vb0[1045]+012 NORMAL: -0.26176998019218445, -0.6064915060997009, 0.7507625818252563
vb0[1045]+024 TANGENT: -0.1625422090291977, 0.17131613194942474, 0.9717153906822205, -1.0
vb0[1045]+040 BLENDWEIGHTS: 1.0, 0.0, 0.0, 0.0
vb0[1045]+056 BLENDINDICES: 7, 0, 0, 0
vb0[1045]+072 COLOR: 1.0, 0.5019607843137255, 0.5019607843137255, 0.4
vb0[1045]+076 TEXCOORD: 0.7870845794677734, 0.18918925523757935
vb0[1045]+084 TEXCOORD1: 0.20402604341506958, 0.8881652355194092

vb0[1046]+000 POSITION: -0.04029635339975357, 1.3951002359390259, 0.08608336001634598
vb0[1046]+012 NORMAL: -0.25699928402900696, -0.6077107191085815, 0.7514246702194214
vb0[1046]+024 TANGENT: -0.17422614991664886, -0.9846310019493103, -0.0121268630027771, -1.0
vb0[1046]+040 BLENDWEIGHTS: 1.0, 0.0, 0.0, 0.0
vb0[1046]+056 BLENDINDICES: 7, 0, 0, 0
vb0[1046]+072 COLOR: 1.0, 0.5019607843137255, 0.5019607843137255, 0.4
vb0[1046]+076 TEXCOORD: 0.7880117893218994, 0.19150575995445251
vb0[1046]+084 TEXCOORD1: 0.20402604341506958, 0.8881652355194092

vb0[1047]+000 POSITION: -0.03398864343762398, 1.394097924232483, 0.08920373022556305
vb0[1047]+012 NORMAL: -0.6061590313911438, -0.46171119809150696, 0.6476064324378967
vb0[1047]+024 TANGENT: -0.3755112886428833, 0.22592569887638092, 0.8988597989082336, -1.0
vb0[1047]+040 BLENDWEIGHTS: 1.0, 0.0, 0.0, 0.0
vb0[1047]+056 BLENDINDICES: 7, 0, 0, 0
vb0[1047]+072 COLOR: 1.0, 0.5019607843137255, 0.5019607843137255, 0.4
vb0[1047]+076 TEXCOORD: 0.7950172424316406, 0.18753856420516968
vb0[1047]+084 TEXCOORD1: 0.20402604341506958, 0.8881652355194092

vb0[1048]+000 POSITION: -0.03406582027673721, 1.3928730487823486, 0.08819877356290817
vb0[1048]+012 NORMAL: -0.6044023036956787, -0.46279704570770264, 0.6484726667404175
vb0[1048]+024 TANGENT: -0.40741437673568726, -0.9068558812141418, -0.10782415419816971, -1.0
vb0[1048]+040 BLENDWEIGHTS: 1.0, 0.0, 0.0, 0.0
vb0[1048]+056 BLENDINDICES: 7, 0, 0, 0
vb0[1048]+072 COLOR: 1.0, 0.5019607843137255, 0.5019607843137255, 0.4
vb0[1048]+076 TEXCOORD: 0.7943406105041504, 0.19018329679965973
vb0[1048]+084 TEXCOORD1: 0.20402604341506958, 0.8881652355194092

vb0[1049]+000 POSITION: -0.02910400554537773, 1.3893592357635498, 0.09263154864311218
vb0[1049]+012 NORMAL: -0.7443521618843079, -0.360796719789505, 0.5619301795959473
vb0[1049]+024 TANGENT: -0.626761257648468, -0.6161878705024719, -0.4769517183303833, -1.0
vb0[1049]+040 BLENDWEIGHTS: 1.0, 0.0, 0.0, 0.0
vb0[1049]+056 BLENDINDICES: 7, 0, 0, 0
vb0[1049]+072 COLOR: 1.0, 0.5019607843137255, 0.5019607843137255, 0.4
vb0[1049]+076 TEXCOORD: 0.8011071681976318, 0.19111135601997375
vb0[1049]+084 TEXCOORD1: 0.20402604341506958, 0.8881652355194092

vb0[1050]+000 POSITION: -0.028555260971188545, 1.3901773691177368, 0.0937674343585968
vb0[1050]+012 NORMAL: -0.7443521618843079, -0.360796719789505, 0.5619301795959473
vb0[1050]+024 TANGENT: -0.3525172472000122, 0.6805842518806458, 0.6422902345657349, -1.0
vb0[1050]+040 BLENDWEIGHTS: 1.0, 0.0, 0.0, 0.0
vb0[1050]+056 BLENDINDICES: 7, 0, 0, 0
vb0[1050]+072 COLOR: 1.0, 0.5019607843137255, 0.5019607843137255, 0.4
vb0[1050]+076 TEXCOORD: 0.8042855262756348, 0.18933677673339844
vb0[1050]+084 TEXCOORD1: 0.20402604341506958, 0.8881652355194092

vb0[1051]+000 POSITION: -0.03354141116142273, 1.3849575519561768, 0.09665737301111221
vb0[1051]+012 NORMAL: -0.7522349953651428, 0.647712230682373, -0.12087726593017578
vb0[1051]+024 TANGENT: -0.39088666439056396, 0.8692994117736816, 0.3025329113006592, -1.0
vb0[1051]+040 BLENDWEIGHTS: 1.0, 0.0, 0.0, 0.0
vb0[1051]+056 BLENDINDICES: 7, 0, 0, 0
vb0[1051]+072 COLOR: 1.0, 0.5019607843137255, 0.5019607843137255, 0.4
vb0[1051]+076 TEXCOORD: 0.8036608695983887, 0.1983804702758789
vb0[1051]+084 TEXCOORD1: 0.20402604341506958, 0.8881652355194092

vb0[1052]+000 POSITION: -0.02910400554537773, 1.3893592357635498, 0.09263154864311218
vb0[1052]+012 NORMAL: -0.7522349953651428, 0.6477122902870178, -0.12087726593017578
vb0[1052]+024 TANGENT: -0.626761257648468, -0.6161878705024719, -0.4769517183303833, -1.0
vb0[1052]+040 BLENDWEIGHTS: 1.0, 0.0, 0.0, 0.0
vb0[1052]+056 BLENDINDICES: 7, 0, 0, 0
vb0[1052]+072 COLOR: 1.0, 0.5019607843137255, 0.5019607843137255, 0.4
vb0[1052]+076 TEXCOORD: 0.8011071681976318, 0.19111135601997375
vb0[1052]+084 TEXCOORD1: 0.20402604341506958, 0.8881652355194092

vb0[1053]+000 POSITION: -0.0337221622467041, 1.3844658136367798, 0.09531508386135101
vb0[1053]+012 NORMAL: -0.7522349953651428, 0.6477122902870178, -0.12087726593017578
vb0[1053]+024 TANGENT: -0.2816610038280487, -0.016904709860682487, -0.9593650102615356, -1.0
vb0[1053]+040 BLENDWEIGHTS: 1.0, 0.0, 0.0, 0.0
vb0[1053]+056 BLENDINDICES: 7, 0, 0, 0
vb0[1053]+072 COLOR: 1.0, 0.5019607843137255, 0.5019607843137255, 0.4
vb0[1053]+076 TEXCOORD: 0.8005387783050537, 0.1976160705089569
vb0[1053]+084 TEXCOORD1: 0.20402604341506958, 0.8881652355194092

vb0[1054]+000 POSITION: -0.028555260971188545, 1.3901773691177368, 0.0937674343585968
vb0[1054]+012 NORMAL: -0.7522349953651428, 0.647712230682373, -0.12087725102901459
vb0[1054]+024 TANGENT: -0.3525172472000122, 0.6805842518806458, 0.6422902345657349, -1.0
vb0[1054]+040 BLENDWEIGHTS: 1.0, 0.0, 0.0, 0.0
vb0[1054]+056 BLENDINDICES: 7, 0, 0, 0
vb0[1054]+072 COLOR: 1.0, 0.5019607843137255, 0.5019607843137255, 0.4
vb0[1054]+076 TEXCOORD: 0.8042855262756348, 0.18933677673339844
vb0[1054]+084 TEXCOORD1: 0.20402604341506958, 0.8881652355194092

vb0[1055]+000 POSITION: -0.041209906339645386, 1.3841869831085205, 0.09562194347381592
vb0[1055]+012 NORMAL: 0.2028019279241562, 0.9283648133277893, -0.3114643096923828
vb0[1055]+024 TANGENT: 0.38888615369796753, 0.1841113567352295, -0.9027018547058105, -1.0
vb0[1055]+040 BLENDWEIGHTS: 1.0, 0.0, 0.0, 0.0
vb0[1055]+056 BLENDINDICES: 7, 0, 0, 0
vb0[1055]+072 COLOR: 1.0, 0.5019607843137255, 0.5019607843137255, 0.4
vb0[1055]+076 TEXCOORD: 0.7953345775604248, 0.20221662521362305
vb0[1055]+084 TEXCOORD1: 0.20402604341506958, 0.8881652355194092

vb0[1056]+000 POSITION: -0.03775056451559067, 1.3839702606201172, 0.09722840040922165
vb0[1056]+012 NORMAL: -0.0453682467341423, 0.9455540776252747, -0.3222871720790863
vb0[1056]+024 TANGENT: -0.05390059947967529, 0.965896487236023, 0.2532564401626587, -1.0
vb0[1056]+040 BLENDWEIGHTS: 1.0, 0.0, 0.0, 0.0
vb0[1056]+056 BLENDINDICES: 7, 0, 0, 0
vb0[1056]+072 COLOR: 1.0, 0.5019607843137255, 0.5019607843137255, 0.4
vb0[1056]+076 TEXCOORD: 0.8005154132843018, 0.20258617401123047
vb0[1056]+084 TEXCOORD1: 0.20402604341506958, 0.8881652355194092

vb0[1057]+000 POSITION: -0.03773307055234909, 1.3834912776947021, 0.0958976075053215
vb0[1057]+012 NORMAL: -0.05512913689017296, 0.9450293779373169, -0.3223048150539398
vb0[1057]+024 TANGENT: 0.024003028869628906, 0.11361803114414215, -0.9932345747947693, -1.0
vb0[1057]+040 BLENDWEIGHTS: 1.0, 0.0, 0.0, 0.0
vb0[1057]+056 BLENDINDICES: 7, 0, 0, 0
vb0[1057]+072 COLOR: 1.0, 0.5019607843137255, 0.5019607843137255, 0.4
vb0[1057]+076 TEXCOORD: 0.798234224319458, 0.20072099566459656
vb0[1057]+084 TEXCOORD1: 0.20402604341506958, 0.8881652355194092

vb0[1058]+000 POSITION: -0.04144378751516342, 1.384651780128479, 0.09694018214941025
vb0[1058]+012 NORMAL: 0.20280194282531738, 0.9283649325370789, -0.3114643394947052
vb0[1058]+024 TANGENT: 0.16821922361850739, 0.903516948223114, 0.39415669441223145, -1.0
vb0[1058]+040 BLENDWEIGHTS: 1.0, 0.0, 0.0, 0.0
vb0[1058]+056 BLENDINDICES: 7, 0, 0, 0
vb0[1058]+072 COLOR: 1.0, 0.5019607843137255, 0.5019607843137255, 0.4
vb0[1058]+076 TEXCOORD: 0.796536922454834, 0.2045971304178238
vb0[1058]+084 TEXCOORD1: 0.20402604341506958, 0.8881652355194092

vb0[1059]+000 POSITION: -0.0337221622467041, 1.3844658136367798, 0.09531508386135101
vb0[1059]+012 NORMAL: -0.26191750168800354, 0.9121403098106384, -0.31527647376060486
vb0[1059]+024 TANGENT: -0.2816610038280487, -0.016904709860682487, -0.9593650102615356, -1.0
vb0[1059]+040 BLENDWEIGHTS: 1.0, 0.0, 0.0, 0.0
vb0[1059]+056 BLENDINDICES: 7, 0, 0, 0
vb0[1059]+072 COLOR: 1.0, 0.5019607843137255, 0.5019607843137255, 0.4
vb0[1059]+076 TEXCOORD: 0.8005387783050537, 0.1976160705089569
vb0[1059]+084 TEXCOORD1: 0.20402604341506958, 0.8881652355194092

vb0[1060]+000 POSITION: -0.03354141116142273, 1.3849575519561768, 0.09665737301111221
vb0[1060]+012 NORMAL: -0.26191750168800354, 0.9121403098106384, -0.31527644395828247
vb0[1060]+024 TANGENT: -0.39088666439056396, 0.8692994117736816, 0.3025329113006592, -1.0
vb0[1060]+040 BLENDWEIGHTS: 1.0, 0.0, 0.0, 0.0
vb0[1060]+056 BLENDINDICES: 7, 0, 0, 0
vb0[1060]+072 COLOR: 1.0, 0.5019607843137255, 0.5019607843137255, 0.4
vb0[1060]+076 TEXCOORD: 0.8036608695983887, 0.1983804702758789
vb0[1060]+084 TEXCOORD1: 0.20402604341506958, 0.8881652355194092

vb0[1061]+000 POSITION: -0.053205374628305435, 1.394850254058838, 0.08601295948028564
vb0[1061]+012 NORMAL: 0.765029788017273, 0.6438780426979065, -0.012265822850167751
vb0[1061]+024 TANGENT: 0.47873857617378235, -0.6870662569999695, -0.5465795397758484, -1.0
vb0[1061]+040 BLENDWEIGHTS: 1.0, 0.0, 0.0, 0.0
vb0[1061]+056 BLENDINDICES: 7, 0, 0, 0
vb0[1061]+072 COLOR: 1.0, 0.5019607843137255, 0.5019607843137255, 0.4
vb0[1061]+076 TEXCOORD: 0.7791211605072021, 0.19869521260261536
vb0[1061]+084 TEXCOORD1: 0.20402604341506958, 0.8881652355194092

vb0[1062]+000 POSITION: -0.04747438430786133, 1.3881851434707642, 0.09360218793153763
vb0[1062]+012 NORMAL: 0.6968191266059875, 0.7133954167366028, -0.07422984391450882
vb0[1062]+024 TANGENT: 0.26036372780799866, 0.8229291439056396, 0.5049735307693481, -1.0
vb0[1062]+040 BLENDWEIGHTS: 1.0, 0.0, 0.0, 0.0
vb0[1062]+056 BLENDINDICES: 7, 0, 0, 0
vb0[1062]+072 COLOR: 1.0, 0.5019607843137255, 0.5019607843137255, 0.4
vb0[1062]+076 TEXCOORD: 0.7876973152160645, 0.20425200462341309
vb0[1062]+084 TEXCOORD1: 0.20402604341506958, 0.8881652355194092

vb0[1063]+000 POSITION: -0.04707293584942818, 1.3876235485076904, 0.09220532327890396
vb0[1063]+012 NORMAL: 0.7047565579414368, 0.7062328457832336, -0.06747978180646896
vb0[1063]+024 TANGENT: 0.6823171377182007, 0.09789776057004929, -0.7244717478752136, -1.0
vb0[1063]+040 BLENDWEIGHTS: 1.0, 0.0, 0.0, 0.0
vb0[1063]+056 BLENDINDICES: 7, 0, 0, 0
vb0[1063]+072 COLOR: 1.0, 0.5019607843137255, 0.5019607843137255, 0.4
vb0[1063]+076 TEXCOORD: 0.788154125213623, 0.20169183611869812
vb0[1063]+084 TEXCOORD1: 0.20402604341506958, 0.8881652355194092

vb0[1064]+000 POSITION: -0.054254405200481415, 1.396059513092041, 0.08711099624633789
vb0[1064]+012 NORMAL: 0.765029788017273, 0.6438780426979065, -0.012265822850167751
vb0[1064]+024 TANGENT: 0.08390909433364868, 0.538416862487793, 0.8384906649589539, -1.0
vb0[1064]+040 BLENDWEIGHTS: 1.0, 0.0, 0.0, 0.0
vb0[1064]+056 BLENDINDICES: 7, 0, 0, 0
vb0[1064]+072 COLOR: 1.0, 0.5019607843137255, 0.5019607843137255, 0.4
vb0[1064]+076 TEXCOORD: 0.7754428386688232, 0.199712872505188
vb0[1064]+084 TEXCOORD1: 0.20402604341506958, 0.8881652355194092

vb0[1065]+000 POSITION: -0.041209906339645386, 1.3841869831085205, 0.09562194347381592
vb0[1065]+012 NORMAL: 0.5686596632003784, 0.8045881390571594, -0.17106744647026062
vb0[1065]+024 TANGENT: 0.38888615369796753, 0.1841113567352295, -0.9027018547058105, -1.0
vb0[1065]+040 BLENDWEIGHTS: 1.0, 0.0, 0.0, 0.0
vb0[1065]+056 BLENDINDICES: 7, 0, 0, 0
vb0[1065]+072 COLOR: 1.0, 0.5019607843137255, 0.5019607843137255, 0.4
vb0[1065]+076 TEXCOORD: 0.7953345775604248, 0.20221662521362305
vb0[1065]+084 TEXCOORD1: 0.20402604341506958, 0.8881652355194092

vb0[1066]+000 POSITION: -0.04144378751516342, 1.384651780128479, 0.09694018214941025
vb0[1066]+012 NORMAL: 0.5686596632003784, 0.8045881390571594, -0.17106746137142181
vb0[1066]+024 TANGENT: 0.16821922361850739, 0.903516948223114, 0.39415669441223145, -1.0
vb0[1066]+040 BLENDWEIGHTS: 1.0, 0.0, 0.0, 0.0
vb0[1066]+056 BLENDINDICES: 7, 0, 0, 0
vb0[1066]+072 COLOR: 1.0, 0.5019607843137255, 0.5019607843137255, 0.4
vb0[1066]+076 TEXCOORD: 0.796536922454834, 0.2045971304178238
vb0[1066]+084 TEXCOORD1: 0.20402604341506958, 0.8881652355194092

vb0[1067]+000 POSITION: -0.025601467117667198, 1.3826909065246582, 0.10006462782621384
vb0[1067]+012 NORMAL: 0.020562194287776947, -0.7468900680541992, -0.6646295189857483
vb0[1067]+024 TANGENT: -0.07377565652132034, -0.9916410446166992, -0.1058543398976326, -1.0
vb0[1067]+040 BLENDWEIGHTS: 1.0, 0.0, 0.0, 0.0
vb0[1067]+056 BLENDINDICES: 7, 0, 0, 0
vb0[1067]+072 COLOR: 1.0, 0.5019607843137255, 0.5019607843137255, 0.4
vb0[1067]+076 TEXCOORD: 0.34505462646484375, 0.56732177734375
vb0[1067]+084 TEXCOORD1: 0.20402604341506958, 0.8881652355194092

vb0[1068]+000 POSITION: -0.02931036241352558, 1.379408597946167, 0.10193109512329102
vb0[1068]+012 NORMAL: 0.17586649954319, -0.7220048904418945, -0.6691635847091675
vb0[1068]+024 TANGENT: 0.5345413088798523, -0.8274699449539185, 0.17192769050598145, -1.0
vb0[1068]+040 BLENDWEIGHTS: 1.0, 0.0, 0.0, 0.0
vb0[1068]+056 BLENDINDICES: 7, 0, 0, 0
vb0[1068]+072 COLOR: 1.0, 0.5019607843137255, 0.5019607843137255, 0.4
vb0[1068]+076 TEXCOORD: 0.34569358825683594, 0.5660791993141174
vb0[1068]+084 TEXCOORD1: 0.20402604341506958, 0.8881652355194092

vb0[1069]+000 POSITION: -0.0337221622467041, 1.3844658136367798, 0.09531508386135101
vb0[1069]+012 NORMAL: 0.19797705113887787, -0.6984926462173462, -0.6876868009567261
vb0[1069]+024 TANGENT: -0.2816610038280487, -0.016904709860682487, -0.9593650102615356, -1.0
vb0[1069]+040 BLENDWEIGHTS: 1.0, 0.0, 0.0, 0.0
vb0[1069]+056 BLENDINDICES: 7, 0, 0, 0
vb0[1069]+072 COLOR: 1.0, 0.5019607843137255, 0.5019607843137255, 0.4
vb0[1069]+076 TEXCOORD: 0.34326672554016113, 0.5655416250228882
vb0[1069]+084 TEXCOORD1: 0.20402604341506958, 0.8881652355194092

vb0[1070]+000 POSITION: -0.03564590960741043, 1.3771255016326904, 0.10335895419120789
vb0[1070]+012 NORMAL: 0.13995866477489471, -0.7370805144309998, -0.6611534357070923
vb0[1070]+024 TANGENT: 0.1765814572572708, -0.9377589225769043, 0.29904401302337646, -1.0
vb0[1070]+040 BLENDWEIGHTS: 1.0, 0.0, 0.0, 0.0
vb0[1070]+056 BLENDINDICES: 7, 0, 0, 0
vb0[1070]+072 COLOR: 1.0, 0.5019607843137255, 0.5019607843137255, 0.4
vb0[1070]+076 TEXCOORD: 0.34589290618896484, 0.5642723441123962
vb0[1070]+084 TEXCOORD1: 0.20402604341506958, 0.8881652355194092

vb0[1071]+000 POSITION: -0.02910400554537773, 1.3893592357635498, 0.09263154864311218
vb0[1071]+012 NORMAL: -0.00815637968480587, -0.7357017993927002, -0.6772564053535461
vb0[1071]+024 TANGENT: -0.626761257648468, -0.6161878705024719, -0.4769517183303833, -1.0
vb0[1071]+040 BLENDWEIGHTS: 1.0, 0.0, 0.0, 0.0
vb0[1071]+056 BLENDINDICES: 7, 0, 0, 0
vb0[1071]+072 COLOR: 1.0, 0.5019607843137255, 0.5019607843137255, 0.4
vb0[1071]+076 TEXCOORD: 0.34226155281066895, 0.5671635866165161
vb0[1071]+084 TEXCOORD1: 0.20402604341506958, 0.8881652355194092

vb0[1072]+000 POSITION: -0.019295331090688705, 1.388511061668396, 0.09175140410661697
vb0[1072]+012 NORMAL: -0.07315969467163086, -0.730401873588562, -0.6790881752967834
vb0[1072]+024 TANGENT: 0.6457868218421936, -0.5933876037597656, -0.48046913743019104, -1.0
vb0[1072]+040 BLENDWEIGHTS: 1.0, 0.0, 0.0, 0.0
vb0[1072]+056 BLENDINDICES: 7, 0, 0, 0
vb0[1072]+072 COLOR: 1.0, 0.5019607843137255, 0.5019607843137255, 0.4
vb0[1072]+076 TEXCOORD: 0.34296464920043945, 0.5696789622306824
vb0[1072]+084 TEXCOORD1: 0.20402604341506958, 0.8881652355194092

vb0[1073]+000 POSITION: -0.024678297340869904, 1.394776701927185, 0.08650312572717667
vb0[1073]+012 NORMAL: -0.02898970991373062, -0.6877483129501343, -0.7253701686859131
vb0[1073]+024 TANGENT: -0.16108502447605133, -0.11059868335723877, -0.9807239770889282, -1.0
vb0[1073]+040 BLENDWEIGHTS: 1.0, 0.0, 0.0, 0.0
vb0[1073]+056 BLENDINDICES: 7, 0, 0, 0
vb0[1073]+072 COLOR: 1.0, 0.5019607843137255, 0.5019607843137255, 0.4
vb0[1073]+076 TEXCOORD: 0.34050989151000977, 0.568881630897522
vb0[1073]+084 TEXCOORD1: 0.20402604341506958, 0.8881652355194092

vb0[1074]+000 POSITION: -0.015573672018945217, 1.3830206394195557, 0.0989387035369873
vb0[1074]+012 NORMAL: -0.015728633850812912, -0.7806777358055115, -0.6247357726097107
vb0[1074]+024 TANGENT: 0.800510823726654, -0.2566071152687073, -0.5416042804718018, -1.0
vb0[1074]+040 BLENDWEIGHTS: 1.0, 0.0, 0.0, 0.0
vb0[1074]+056 BLENDINDICES: 7, 0, 0, 0
vb0[1074]+072 COLOR: 1.0, 0.5019607843137255, 0.5019607843137255, 0.4
vb0[1074]+076 TEXCOORD: 0.3455319404602051, 0.5699436068534851
vb0[1074]+084 TEXCOORD1: 0.20402604341506958, 0.8881652355194092

vb0[1075]+000 POSITION: -0.013382313773036003, 1.3966773748397827, 0.0845627412199974
vb0[1075]+012 NORMAL: -0.009373807348310947, -0.626933217048645, -0.7790166735649109
vb0[1075]+024 TANGENT: 0.7364898920059204, -0.6487276554107666, -0.1916639655828476, -1.0
vb0[1075]+040 BLENDWEIGHTS: 1.0, 0.0, 0.0, 0.0
vb0[1075]+056 BLENDINDICES: 7, 0, 0, 0
vb0[1075]+072 COLOR: 1.0, 0.5019607843137255, 0.5019607843137255, 0.4
vb0[1075]+076 TEXCOORD: 0.34061455726623535, 0.5719476938247681
vb0[1075]+084 TEXCOORD1: 0.20402604341506958, 0.8881652355194092

vb0[1076]+000 POSITION: -0.019635731354355812, 1.4012523889541626, 0.0807947888970375
vb0[1076]+012 NORMAL: 0.023805413395166397, -0.6159657835960388, -0.7874131202697754
vb0[1076]+024 TANGENT: -0.7032802700996399, -0.02460259012877941, -0.7104867696762085, -1.0
vb0[1076]+040 BLENDWEIGHTS: 1.0, 0.0, 0.0, 0.0
vb0[1076]+056 BLENDINDICES: 7, 0, 0, 0
vb0[1076]+072 COLOR: 1.0, 0.5019607843137255, 0.5019607843137255, 0.4
vb0[1076]+076 TEXCOORD: 0.3386669158935547, 0.5707722902297974
vb0[1076]+084 TEXCOORD1: 0.20402604341506958, 0.8881652355194092

vb0[1077]+000 POSITION: -0.03406582027673721, 1.3928730487823486, 0.08819877356290817
vb0[1077]+012 NORMAL: 0.012936980463564396, -0.72341388463974, -0.6902934312820435
vb0[1077]+024 TANGENT: -0.40741437673568726, -0.9068558812141418, -0.10782415419816971, -1.0
vb0[1077]+040 BLENDWEIGHTS: 1.0, 0.0, 0.0, 0.0
vb0[1077]+056 BLENDINDICES: 7, 0, 0, 0
vb0[1077]+072 COLOR: 1.0, 0.5019607843137255, 0.5019607843137255, 0.4
vb0[1077]+076 TEXCOORD: 0.34046125411987305, 0.5663080215454102
vb0[1077]+084 TEXCOORD1: 0.20402604341506958, 0.8881652355194092

vb0[1078]+000 POSITION: -0.030351879075169563, 1.3985669612884521, 0.08256237953901291
vb0[1078]+012 NORMAL: 0.011602111160755157, -0.7171496748924255, -0.6968225240707397
vb0[1078]+024 TANGENT: 0.4859633147716522, 0.24703405797481537, -0.8383399248123169, -1.0
vb0[1078]+040 BLENDWEIGHTS: 1.0, 0.0, 0.0, 0.0
vb0[1078]+056 BLENDINDICES: 7, 0, 0, 0
vb0[1078]+072 COLOR: 1.0, 0.5019607843137255, 0.5019607843137255, 0.4
vb0[1078]+076 TEXCOORD: 0.3387110233306885, 0.5678532123565674
vb0[1078]+084 TEXCOORD1: 0.20402604341506958, 0.8881652355194092

vb0[1079]+000 POSITION: -0.04029635339975357, 1.3951002359390259, 0.08608336001634598
vb0[1079]+012 NORMAL: 0.0034841937012970448, -0.7301843762397766, -0.6832412481307983
vb0[1079]+024 TANGENT: -0.17422614991664886, -0.9846310019493103, -0.0121268630027771, -1.0
vb0[1079]+040 BLENDWEIGHTS: 1.0, 0.0, 0.0, 0.0
vb0[1079]+056 BLENDINDICES: 7, 0, 0, 0
vb0[1079]+072 COLOR: 1.0, 0.5019607843137255, 0.5019607843137255, 0.4
vb0[1079]+076 TEXCOORD: 0.33920812606811523, 0.5649642944335938
vb0[1079]+084 TEXCOORD1: 0.20402604341506958, 0.8881652355194092

vb0[1080]+000 POSITION: -0.03843718022108078, 1.40072762966156, 0.07997483015060425
vb0[1080]+012 NORMAL: 0.012639343738555908, -0.7373342514038086, -0.6754098534584045
vb0[1080]+024 TANGENT: 0.2225588709115982, 0.310972660779953, -0.9239931702613831, -1.0
vb0[1080]+040 BLENDWEIGHTS: 1.0, 0.0, 0.0, 0.0
vb0[1080]+056 BLENDINDICES: 7, 0, 0, 0
vb0[1080]+072 COLOR: 1.0, 0.5019607843137255, 0.5019607843137255, 0.4
vb0[1080]+076 TEXCOORD: 0.3372488021850586, 0.566067636013031
vb0[1080]+084 TEXCOORD1: 0.20402604341506958, 0.8881652355194092

vb0[1081]+000 POSITION: -0.047259457409381866, 1.4012056589126587, 0.07936312258243561
vb0[1081]+012 NORMAL: 0.0016550084110349417, -0.7392899990081787, -0.6733852624893188
vb0[1081]+024 TANGENT: 0.03811407461762428, 0.3032737076282501, -0.9521409869194031, -1.0
vb0[1081]+040 BLENDWEIGHTS: 1.0, 0.0, 0.0, 0.0
vb0[1081]+056 BLENDINDICES: 7, 0, 0, 0
vb0[1081]+072 COLOR: 1.0, 0.5019607843137255, 0.5019607843137255, 0.4
vb0[1081]+076 TEXCOORD: 0.3363795280456543, 0.5639000535011292
vb0[1081]+084 TEXCOORD1: 0.20402604341506958, 0.8881652355194092

vb0[1082]+000 POSITION: -0.046781644225120544, 1.3954590559005737, 0.08576363325119019
vb0[1082]+012 NORMAL: -0.008273616433143616, -0.7443739771842957, -0.6677116751670837
vb0[1082]+024 TANGENT: 0.011865795589983463, -0.9984595775604248, 0.05420040711760521, -1.0
vb0[1082]+040 BLENDWEIGHTS: 1.0, 0.0, 0.0, 0.0
vb0[1082]+056 BLENDINDICES: 7, 0, 0, 0
vb0[1082]+072 COLOR: 1.0, 0.5019607843137255, 0.5019607843137255, 0.4
vb0[1082]+076 TEXCOORD: 0.33858585357666016, 0.5633611083030701
vb0[1082]+084 TEXCOORD1: 0.20402604341506958, 0.8881652355194092

vb0[1083]+000 POSITION: -0.03773307055234909, 1.3834912776947021, 0.0958976075053215
vb0[1083]+012 NORMAL: 0.07846996933221817, -0.7146404385566711, -0.6950767040252686
vb0[1083]+024 TANGENT: 0.024003028869628906, 0.11361803114414215, -0.9932345747947693, -1.0
vb0[1083]+040 BLENDWEIGHTS: 1.0, 0.0, 0.0, 0.0
vb0[1083]+056 BLENDINDICES: 7, 0, 0, 0
vb0[1083]+072 COLOR: 1.0, 0.5019607843137255, 0.5019607843137255, 0.4
vb0[1083]+076 TEXCOORD: 0.34325170516967773, 0.5644442439079285
vb0[1083]+084 TEXCOORD1: 0.20402604341506958, 0.8881652355194092

vb0[1084]+000 POSITION: -0.04387485235929489, 1.3767352104187012, 0.10180668532848358
vb0[1084]+012 NORMAL: 0.172790989279747, -0.6959086060523987, -0.697032630443573
vb0[1084]+024 TANGENT: -0.2899678945541382, -0.9356045722961426, 0.2014017105102539, -1.0
vb0[1084]+040 BLENDWEIGHTS: 1.0, 0.0, 0.0, 0.0
vb0[1084]+056 BLENDINDICES: 7, 0, 0, 0
vb0[1084]+072 COLOR: 1.0, 0.5019607843137255, 0.5019607843137255, 0.4
vb0[1084]+076 TEXCOORD: 0.3450610637664795, 0.5622205138206482
vb0[1084]+084 TEXCOORD1: 0.20402604341506958, 0.8881652355194092

vb0[1085]+000 POSITION: -0.041209906339645386, 1.3841869831085205, 0.09562194347381592
vb0[1085]+012 NORMAL: 0.10787823051214218, -0.6185275912284851, -0.7783225774765015
vb0[1085]+024 TANGENT: 0.38888615369796753, 0.1841113567352295, -0.9027018547058105, -1.0
vb0[1085]+040 BLENDWEIGHTS: 1.0, 0.0, 0.0, 0.0
vb0[1085]+056 BLENDINDICES: 7, 0, 0, 0
vb0[1085]+072 COLOR: 1.0, 0.5019607843137255, 0.5019607843137255, 0.4
vb0[1085]+076 TEXCOORD: 0.3428034782409668, 0.5636204481124878
vb0[1085]+084 TEXCOORD1: 0.20402604341506958, 0.8881652355194092

vb0[1086]+000 POSITION: -0.04992539435625076, 1.3796961307525635, 0.09717877209186554
vb0[1086]+012 NORMAL: 0.21055449545383453, -0.609603226184845, -0.7642321586608887
vb0[1086]+024 TANGENT: -0.552009642124176, -0.8288804292678833, -0.09078836441040039, -1.0
vb0[1086]+040 BLENDWEIGHTS: 1.0, 0.0, 0.0, 0.0
vb0[1086]+056 BLENDINDICES: 7, 0, 0, 0
vb0[1086]+072 COLOR: 1.0, 0.5019607843137255, 0.5019607843137255, 0.4
vb0[1086]+076 TEXCOORD: 0.3432595729827881, 0.5610397458076477
vb0[1086]+084 TEXCOORD1: 0.20402604341506958, 0.8881652355194092

vb0[1087]+000 POSITION: -0.04707293584942818, 1.3876235485076904, 0.09220532327890396
vb0[1087]+012 NORMAL: 0.21654722094535828, -0.5508151054382324, -0.8060458898544312
vb0[1087]+024 TANGENT: 0.6823171377182007, 0.09789776057004929, -0.7244717478752136, -1.0
vb0[1087]+040 BLENDWEIGHTS: 1.0, 0.0, 0.0, 0.0
vb0[1087]+056 BLENDINDICES: 7, 0, 0, 0
vb0[1087]+072 COLOR: 1.0, 0.5019607843137255, 0.5019607843137255, 0.4
vb0[1087]+076 TEXCOORD: 0.34113121032714844, 0.5625038743019104
vb0[1087]+084 TEXCOORD1: 0.20402604341506958, 0.8881652355194092

vb0[1088]+000 POSITION: -0.05673734471201897, 1.386352300643921, 0.09012607485055923
vb0[1088]+012 NORMAL: 0.22467541694641113, -0.5230527520179749, -0.822153627872467
vb0[1088]+024 TANGENT: -0.6198664903640747, -0.7365849018096924, -0.2705700993537903, -1.0
vb0[1088]+040 BLENDWEIGHTS: 1.0, 0.0, 0.0, 0.0
vb0[1088]+056 BLENDINDICES: 7, 0, 0, 0
vb0[1088]+072 COLOR: 1.0, 0.5019607843137255, 0.5019607843137255, 0.4
vb0[1088]+076 TEXCOORD: 0.3403167724609375, 0.560004711151123
vb0[1088]+084 TEXCOORD1: 0.20402604341506958, 0.8881652355194092

vb0[1089]+000 POSITION: -0.053205374628305435, 1.394850254058838, 0.08601295948028564
vb0[1089]+012 NORMAL: 0.0981469601392746, -0.5904366970062256, -0.801094114780426
vb0[1089]+024 TANGENT: 0.47873857617378235, -0.6870662569999695, -0.5465795397758484, -1.0
vb0[1089]+040 BLENDWEIGHTS: 1.0, 0.0, 0.0, 0.0
vb0[1089]+056 BLENDINDICES: 7, 0, 0, 0
vb0[1089]+072 COLOR: 1.0, 0.5019607843137255, 0.5019607843137255, 0.4
vb0[1089]+076 TEXCOORD: 0.33825016021728516, 0.5616850852966309
vb0[1089]+084 TEXCOORD1: 0.20402604341506958, 0.8881652355194092

vb0[1090]+000 POSITION: -0.061562079936265945, 1.393815279006958, 0.08498208969831467
vb0[1090]+012 NORMAL: 0.1637667864561081, -0.4456586539745331, -0.8800959587097168
vb0[1090]+024 TANGENT: -0.6553139090538025, -0.6521094441413879, -0.3812045156955719, -1.0
vb0[1090]+040 BLENDWEIGHTS: 1.0, 0.0, 0.0, 0.0
vb0[1090]+056 BLENDINDICES: 7, 0, 0, 0
vb0[1090]+072 COLOR: 1.0, 0.5019607843137255, 0.5019607843137255, 0.4
vb0[1090]+076 TEXCOORD: 0.3376607894897461, 0.5595192909240723
vb0[1090]+084 TEXCOORD1: 0.20402604341506958, 0.8881652355194092

vb0[1091]+000 POSITION: -0.06626906245946884, 1.4016321897506714, 0.08040998876094818
vb0[1091]+012 NORMAL: 0.03786653280258179, -0.5921072363853455, -0.8049690127372742
vb0[1091]+024 TANGENT: -0.7949117422103882, 0.264913409948349, -0.5458352565765381, -1.0
vb0[1091]+040 BLENDWEIGHTS: 1.0, 0.0, 0.0, 0.0
vb0[1091]+056 BLENDINDICES: 7, 0, 0, 0
vb0[1091]+072 COLOR: 1.0, 0.5019607843137255, 0.5019607843137255, 0.4
vb0[1091]+076 TEXCOORD: 0.335005521774292, 0.5590733885765076
vb0[1091]+084 TEXCOORD1: 0.20402604341506958, 0.8881652355194092

vb0[1092]+000 POSITION: -0.056341223418712616, 1.401458740234375, 0.07984451204538345
vb0[1092]+012 NORMAL: -0.05463993921875954, -0.6950660347938538, -0.7168666124343872
vb0[1092]+024 TANGENT: -0.039130449295043945, 0.31846657395362854, -0.9471261501312256, -1.0
vb0[1092]+040 BLENDWEIGHTS: 1.0, 0.0, 0.0, 0.0
vb0[1092]+056 BLENDINDICES: 7, 0, 0, 0
vb0[1092]+072 COLOR: 1.0, 0.5019607843137255, 0.5019607843137255, 0.4
vb0[1092]+076 TEXCOORD: 0.33571958541870117, 0.5615971684455872
vb0[1092]+084 TEXCOORD1: 0.20402604341506958, 0.8881652355194092

vb0[1093]+000 POSITION: -0.047259457409381866, 1.4012056589126587, 0.07936312258243561
vb0[1093]+012 NORMAL: -0.026679031550884247, -0.7106465101242065, -0.7030432224273682
vb0[1093]+024 TANGENT: 0.03811407461762428, 0.3032737076282501, -0.9521409869194031, -1.0
vb0[1093]+040 BLENDWEIGHTS: 1.0, 0.0, 0.0, 0.0
vb0[1093]+056 BLENDINDICES: 7, 0, 0, 0
vb0[1093]+072 COLOR: 1.0, 0.5019607843137255, 0.5019607843137255, 0.4
vb0[1093]+076 TEXCOORD: 0.3363795280456543, 0.5639000535011292
vb0[1093]+084 TEXCOORD1: 0.20402604341506958, 0.8881652355194092

vb0[1094]+000 POSITION: -0.046781644225120544, 1.3954590559005737, 0.08576363325119019
vb0[1094]+012 NORMAL: 0.044322650879621506, -0.7417247295379639, -0.6692383289337158
vb0[1094]+024 TANGENT: 0.011865795589983463, -0.9984595775604248, 0.05420040711760521, -1.0
vb0[1094]+040 BLENDWEIGHTS: 1.0, 0.0, 0.0, 0.0
vb0[1094]+056 BLENDINDICES: 7, 0, 0, 0
vb0[1094]+072 COLOR: 1.0, 0.5019607843137255, 0.5019607843137255, 0.4
vb0[1094]+076 TEXCOORD: 0.33858585357666016, 0.5633611083030701
vb0[1094]+084 TEXCOORD1: 0.20402604341506958, 0.8881652355194092

vb0[1095]+000 POSITION: -0.029111923649907112, 1.3760117292404175, 0.10730495303869247
vb0[1095]+012 NORMAL: -0.19759514927864075, 0.7149441838264465, -0.6706794500350952
vb0[1095]+024 TANGENT: -0.20386658608913422, 0.009972809813916683, -0.9789478182792664, -1.0
vb0[1095]+040 BLENDWEIGHTS: 1.0, 0.0, 0.0, 0.0
vb0[1095]+056 BLENDINDICES: 7, 0, 0, 0
vb0[1095]+072 COLOR: 1.0, 0.2, 0.5019607843137255, 0.5019607843137255
vb0[1095]+076 TEXCOORD: 0.8146343231201172, 0.2090650200843811
vb0[1095]+084 TEXCOORD1: 0.20402604341506958, 0.8881652355194092

vb0[1096]+000 POSITION: -0.02199692279100418, 1.378495454788208, 0.10786926746368408
vb0[1096]+012 NORMAL: -0.19759513437747955, 0.7149442434310913, -0.6706794500350952
vb0[1096]+024 TANGENT: -0.2846428453922272, 0.8811721205711365, 0.37751054763793945, -1.0
vb0[1096]+040 BLENDWEIGHTS: 1.0, 0.0, 0.0, 0.0
vb0[1096]+056 BLENDINDICES: 7, 0, 0, 0
vb0[1096]+072 COLOR: 1.0, 0.2, 0.5019607843137255, 0.5019607843137255
vb0[1096]+076 TEXCOORD: 0.8226771354675293, 0.20426899194717407
vb0[1096]+084 TEXCOORD1: 0.20402604341506958, 0.8881652355194092

vb0[1097]+000 POSITION: -0.022747483104467392, 1.3768141269683838, 0.10629802197217941
vb0[1097]+012 NORMAL: -0.19759513437747955, 0.7149443030357361, -0.6706793904304504
vb0[1097]+024 TANGENT: -0.42223823070526123, -0.4607166349887848, -0.780676007270813, -1.0
vb0[1097]+040 BLENDWEIGHTS: 1.0, 0.0, 0.0, 0.0
vb0[1097]+056 BLENDINDICES: 7, 0, 0, 0
vb0[1097]+072 COLOR: 1.0, 0.2, 0.5019607843137255, 0.5019607843137255
vb0[1097]+076 TEXCOORD: 0.8189196586608887, 0.2036927044391632
vb0[1097]+084 TEXCOORD1: 0.20402604341506958, 0.8881652355194092

vb0[1098]+000 POSITION: -0.006585960742086172, 1.4071831703186035, 0.07627090066671371
vb0[1098]+012 NORMAL: -0.10567419975996017, -0.700750470161438, -0.7055364847183228
vb0[1098]+024 TANGENT: 0.743480384349823, -0.6635769605636597, -0.0830816701054573, -1.0
vb0[1098]+040 BLENDWEIGHTS: 0.9986823797225952, 0.0013176336651667953, 0.0, 0.0
vb0[1098]+056 BLENDINDICES: 7, 4, 0, 0
vb0[1098]+072 COLOR: 1.0, 0.5019607843137255, 0.5019607843137255, 0.4
vb0[1098]+076 TEXCOORD: 0.33768606185913086, 0.5746179223060608
vb0[1098]+084 TEXCOORD1: 0.20402604341506958, 0.8881652355194092

vb0[1099]+000 POSITION: -0.008307810872793198, 1.4152213335037231, 0.0657745897769928
vb0[1099]+012 NORMAL: -0.11818760633468628, -0.7752224802970886, -0.6205334663391113
vb0[1099]+024 TANGENT: -0.7896516919136047, -0.16155922412872314, -0.5919027328491211, -1.0
vb0[1099]+040 BLENDWEIGHTS: 0.9580153822898865, 0.041984595358371735, 0.0, 0.0
vb0[1099]+056 BLENDINDICES: 7, 4, 0, 0
vb0[1099]+072 COLOR: 1.0, 0.5019607843137255, 0.5019607843137255, 0.4
vb0[1099]+076 TEXCOORD: 0.33422040939331055, 0.5752360820770264
vb0[1099]+084 TEXCOORD1: 0.20402604341506958, 0.8881652355194092

vb0[1100]+000 POSITION: -0.013677646405994892, 1.4098398685455322, 0.0748467817902565
vb0[1100]+012 NORMAL: -0.09315215796232224, -0.6864919662475586, -0.7211459279060364
vb0[1100]+024 TANGENT: -0.8116088509559631, 0.018213393166661263, -0.5839172601699829, -1.0
vb0[1100]+040 BLENDWEIGHTS: 1.0, 0.0, 0.0, 0.0
vb0[1100]+056 BLENDINDICES: 7, 0, 0, 0
vb0[1100]+072 COLOR: 1.0, 0.5019607843137255, 0.5019607843137255, 0.4
vb0[1100]+076 TEXCOORD: 0.3364253044128418, 0.5730210542678833
vb0[1100]+084 TEXCOORD1: 0.20402604341506958, 0.8881652355194092
